10642 openat(AT_FDCWD, "/opt/hostedtoolcache/Python/3.12.14/x64/lib/glibc-hwcaps/x86-64-v3/libdl.so.2", O_RDONLY|O_CLOEXEC) = -1 ENOENT (No such file or directory)
10642 openat(AT_FDCWD, "/opt/hostedtoolcache/Python/3.12.14/x64/lib/glibc-hwcaps/x86-64-v2/libdl.so.2", O_RDONLY|O_CLOEXEC) = -1 ENOENT (No such file or directory)
10642 openat(AT_FDCWD, "/opt/hostedtoolcache/Python/3.12.14/x64/lib/libdl.so.2", O_RDONLY|O_CLOEXEC) = -1 ENOENT (No such file or directory)
10642 openat(AT_FDCWD, "/etc/ld.so.cache", O_RDONLY|O_CLOEXEC) = 3
10642 openat(AT_FDCWD, "/lib/x86_64-linux-gnu/libdl.so.2", O_RDONLY|O_CLOEXEC) = 3
10642 openat(AT_FDCWD, "/opt/hostedtoolcache/Python/3.12.14/x64/lib/libstdc++.so.6", O_RDONLY|O_CLOEXEC) = -1 ENOENT (No such file or directory)
10642 openat(AT_FDCWD, "/lib/x86_64-linux-gnu/libstdc++.so.6", O_RDONLY|O_CLOEXEC) = 3
10642 openat(AT_FDCWD, "/opt/hostedtoolcache/Python/3.12.14/x64/lib/libm.so.6", O_RDONLY|O_CLOEXEC) = -1 ENOENT (No such file or directory)
10642 openat(AT_FDCWD, "/lib/x86_64-linux-gnu/libm.so.6", O_RDONLY|O_CLOEXEC) = 3
10642 openat(AT_FDCWD, "/opt/hostedtoolcache/Python/3.12.14/x64/lib/libgcc_s.so.1", O_RDONLY|O_CLOEXEC) = -1 ENOENT (No such file or directory)
10642 openat(AT_FDCWD, "/lib/x86_64-linux-gnu/libgcc_s.so.1", O_RDONLY|O_CLOEXEC) = 3
10642 openat(AT_FDCWD, "/opt/hostedtoolcache/Python/3.12.14/x64/lib/libpthread.so.0", O_RDONLY|O_CLOEXEC) = -1 ENOENT (No such file or directory)
10642 openat(AT_FDCWD, "/lib/x86_64-linux-gnu/libpthread.so.0", O_RDONLY|O_CLOEXEC) = 3
10642 openat(AT_FDCWD, "/opt/hostedtoolcache/Python/3.12.14/x64/lib/libc.so.6", O_RDONLY|O_CLOEXEC) = -1 ENOENT (No such file or directory)
10642 openat(AT_FDCWD, "/lib/x86_64-linux-gnu/libc.so.6", O_RDONLY|O_CLOEXEC) = 3
10642 openat(AT_FDCWD, "/etc/ssl/openssl.cnf", O_RDONLY) = 3
10642 openat(AT_FDCWD, "/proc/version_signature", O_RDONLY|O_CLOEXEC) = 4
10642 openat(AT_FDCWD, "/proc/self/cgroup", O_RDONLY|O_CLOEXEC) = 20
10642 openat(AT_FDCWD, "/sys/fs/cgroup/system.slice/hosted-compute-agent.service/memory.max", O_RDONLY|O_CLOEXEC) = 20
10642 openat(AT_FDCWD, "/sys/fs/cgroup/system.slice/hosted-compute-agent.service/memory.high", O_RDONLY|O_CLOEXEC) = 20
10642 openat(AT_FDCWD, "/proc/meminfo", O_RDONLY|O_CLOEXEC) = 20
10642 openat(AT_FDCWD, "/proc/self/maps", O_RDONLY|O_CLOEXEC) = 20
10642 openat(AT_FDCWD, "/proc/self/maps", O_RDONLY) = 20
10642 openat(AT_FDCWD, "/proc/self/maps", O_RDONLY) = 20
10642 openat(AT_FDCWD, "/opt/hostedtoolcache/node/22.23.2/x64/bin/node", O_RDONLY) = 20
10642 openat(AT_FDCWD, "/home/runner/work/deckrender-acceptance/deckrender-acceptance/benchmark/adapters/credential-probe.cjs", O_RDONLY|O_CLOEXEC) = 20
10642 openat(AT_FDCWD, "/home/runner/work/deckrender-acceptance/deckrender-acceptance/benchmark/artifacts/acceptance/runs/34586780041-local/evidence/REN-R07-render-ebb334505cb3/credentials.jsonl", O_WRONLY|O_CREAT|O_APPEND|O_CLOEXEC, 0666) = 20
10642 openat(AT_FDCWD, "/home/runner/work/deckrender-acceptance/deckrender-acceptance/benchmark/artifacts/acceptance/runtimes/v0.3.1/node_modules/@deckflow/deckrender/dist/package.json", O_RDONLY|O_CLOEXEC) = -1 ENOENT (No such file or directory)
10642 openat(AT_FDCWD, "/home/runner/work/deckrender-acceptance/deckrender-acceptance/benchmark/artifacts/acceptance/runtimes/v0.3.1/node_modules/@deckflow/deckrender/package.json", O_RDONLY|O_CLOEXEC) = 20
10642 openat(AT_FDCWD, "/home/runner/work/deckrender-acceptance/deckrender-acceptance/benchmark/artifacts/acceptance/runtimes/v0.3.1/node_modules/@deckflow/deckrender/dist/package.json", O_RDONLY|O_CLOEXEC) = -1 ENOENT (No such file or directory)
10642 openat(AT_FDCWD, "/home/runner/work/deckrender-acceptance/deckrender-acceptance/benchmark/artifacts/acceptance/runtimes/v0.3.1/node_modules/@deckflow/deckrender/dist/cli.js", O_RDONLY|O_CLOEXEC) = 20
10642 openat(AT_FDCWD, "/home/runner/work/deckrender-acceptance/deckrender-acceptance/benchmark/artifacts/acceptance/runtimes/v0.3.1/node_modules/@deckflow/deckrender/dist/package.json", O_RDONLY|O_CLOEXEC) = -1 ENOENT (No such file or directory)
10642 openat(AT_FDCWD, "/home/runner/work/deckrender-acceptance/deckrender-acceptance/benchmark/artifacts/acceptance/runtimes/v0.3.1/node_modules/commander/package.json", O_RDONLY|O_CLOEXEC) = 20
10642 openat(AT_FDCWD, "/home/runner/work/deckrender-acceptance/deckrender-acceptance/benchmark/artifacts/acceptance/runtimes/v0.3.1/node_modules/@deckflow/deckrender/dist/package.json", O_RDONLY|O_CLOEXEC) = -1 ENOENT (No such file or directory)
10642 openat(AT_FDCWD, "/home/runner/work/deckrender-acceptance/deckrender-acceptance/benchmark/artifacts/acceptance/runtimes/v0.3.1/node_modules/chalk/package.json", O_RDONLY|O_CLOEXEC) = 20
10642 openat(AT_FDCWD, "/home/runner/work/deckrender-acceptance/deckrender-acceptance/benchmark/artifacts/acceptance/runtimes/v0.3.1/node_modules/chalk/source/package.json", O_RDONLY|O_CLOEXEC) = -1 ENOENT (No such file or directory)
10642 openat(AT_FDCWD, "/home/runner/work/deckrender-acceptance/deckrender-acceptance/benchmark/artifacts/acceptance/runtimes/v0.3.1/node_modules/@deckflow/deckrender/dist/package.json", O_RDONLY|O_CLOEXEC) = -1 ENOENT (No such file or directory)
10642 openat(AT_FDCWD, "/home/runner/work/deckrender-acceptance/deckrender-acceptance/benchmark/artifacts/acceptance/runtimes/v0.3.1/node_modules/@deckops/sdk/package.json", O_RDONLY|O_CLOEXEC) = 20
10642 openat(AT_FDCWD, "/home/runner/work/deckrender-acceptance/deckrender-acceptance/benchmark/artifacts/acceptance/runtimes/v0.3.1/node_modules/@deckops/sdk/dist/package.json", O_RDONLY|O_CLOEXEC) = -1 ENOENT (No such file or directory)
10642 openat(AT_FDCWD, "/home/runner/work/deckrender-acceptance/deckrender-acceptance/benchmark/artifacts/acceptance/runtimes/v0.3.1/node_modules/@deckflow/deckrender/dist/package.json", O_RDONLY|O_CLOEXEC) = -1 ENOENT (No such file or directory)
10642 openat(AT_FDCWD, "/home/runner/work/deckrender-acceptance/deckrender-acceptance/benchmark/artifacts/acceptance/runtimes/v0.3.1/node_modules/zod/package.json", O_RDONLY|O_CLOEXEC) = 20
10642 openat(AT_FDCWD, "/home/runner/work/deckrender-acceptance/deckrender-acceptance/benchmark/artifacts/acceptance/runtimes/v0.3.1/node_modules/@deckflow/deckrender/dist/package.json", O_RDONLY|O_CLOEXEC) = -1 ENOENT (No such file or directory)
10642 openat(AT_FDCWD, "/home/runner/work/deckrender-acceptance/deckrender-acceptance/benchmark/artifacts/acceptance/runtimes/v0.3.1/node_modules/ora/package.json", O_RDONLY|O_CLOEXEC) = 20
10642 openat(AT_FDCWD, "/home/runner/work/deckrender-acceptance/deckrender-acceptance/benchmark/artifacts/acceptance/runtimes/v0.3.1/node_modules/@deckflow/deckrender/dist/package.json", O_RDONLY|O_CLOEXEC) = -1 ENOENT (No such file or directory)
10642 openat(AT_FDCWD, "/home/runner/work/deckrender-acceptance/deckrender-acceptance/benchmark/artifacts/acceptance/runtimes/v0.3.1/node_modules/p-limit/package.json", O_RDONLY|O_CLOEXEC) = 20
10642 openat(AT_FDCWD, "/home/runner/work/deckrender-acceptance/deckrender-acceptance/benchmark/artifacts/acceptance/runtimes/v0.3.1/node_modules/commander/esm.mjs", O_RDONLY|O_CLOEXEC) = 20
10642 openat(AT_FDCWD, "/home/runner/work/deckrender-acceptance/deckrender-acceptance/benchmark/artifacts/acceptance/runtimes/v0.3.1/node_modules/chalk/source/index.js", O_RDONLY|O_CLOEXEC) = 20
10642 openat(AT_FDCWD, "/home/runner/work/deckrender-acceptance/deckrender-acceptance/benchmark/artifacts/acceptance/runtimes/v0.3.1/node_modules/@deckops/sdk/dist/index.js", O_RDONLY|O_CLOEXEC) = 20
10642 openat(AT_FDCWD, "/dev/null", O_RDONLY|O_CLOEXEC) = 20
10642 openat(AT_FDCWD, "/home/runner/work/deckrender-acceptance/deckrender-acceptance/benchmark/artifacts/acceptance/runtimes/v0.3.1/node_modules/zod/index.js", O_RDONLY|O_CLOEXEC) = 21
10642 openat(AT_FDCWD, "/home/runner/work/deckrender-acceptance/deckrender-acceptance/benchmark/artifacts/acceptance/runtimes/v0.3.1/node_modules/ora/index.js", O_RDONLY|O_CLOEXEC) = 21
10642 openat(AT_FDCWD, "/home/runner/work/deckrender-acceptance/deckrender-acceptance/benchmark/artifacts/acceptance/runtimes/v0.3.1/node_modules/p-limit/index.js", O_RDONLY|O_CLOEXEC) = 21
10642 openat(AT_FDCWD, "/home/runner/work/deckrender-acceptance/deckrender-acceptance/benchmark/artifacts/acceptance/runtimes/v0.3.1/node_modules/chalk/source/package.json", O_RDONLY|O_CLOEXEC) = -1 ENOENT (No such file or directory)
10642 openat(AT_FDCWD, "/home/runner/work/deckrender-acceptance/deckrender-acceptance/benchmark/artifacts/acceptance/runtimes/v0.3.1/node_modules/chalk/source/vendor/ansi-styles/package.json", O_RDONLY|O_CLOEXEC) = -1 ENOENT (No such file or directory)
10642 openat(AT_FDCWD, "/home/runner/work/deckrender-acceptance/deckrender-acceptance/benchmark/artifacts/acceptance/runtimes/v0.3.1/node_modules/chalk/source/vendor/package.json", O_RDONLY|O_CLOEXEC) = -1 ENOENT (No such file or directory)
10642 openat(AT_FDCWD, "/home/runner/work/deckrender-acceptance/deckrender-acceptance/benchmark/artifacts/acceptance/runtimes/v0.3.1/node_modules/chalk/source/package.json", O_RDONLY|O_CLOEXEC) = -1 ENOENT (No such file or directory)
10642 openat(AT_FDCWD, "/home/runner/work/deckrender-acceptance/deckrender-acceptance/benchmark/artifacts/acceptance/runtimes/v0.3.1/node_modules/chalk/source/package.json", O_RDONLY|O_CLOEXEC) = -1 ENOENT (No such file or directory)
10642 openat(AT_FDCWD, "/home/runner/work/deckrender-acceptance/deckrender-acceptance/benchmark/artifacts/acceptance/runtimes/v0.3.1/node_modules/chalk/source/vendor/supports-color/package.json", O_RDONLY|O_CLOEXEC) = -1 ENOENT (No such file or directory)
10642 openat(AT_FDCWD, "/home/runner/work/deckrender-acceptance/deckrender-acceptance/benchmark/artifacts/acceptance/runtimes/v0.3.1/node_modules/chalk/source/vendor/package.json", O_RDONLY|O_CLOEXEC) = -1 ENOENT (No such file or directory)
10642 openat(AT_FDCWD, "/home/runner/work/deckrender-acceptance/deckrender-acceptance/benchmark/artifacts/acceptance/runtimes/v0.3.1/node_modules/chalk/source/package.json", O_RDONLY|O_CLOEXEC) = -1 ENOENT (No such file or directory)
10642 openat(AT_FDCWD, "/home/runner/work/deckrender-acceptance/deckrender-acceptance/benchmark/artifacts/acceptance/runtimes/v0.3.1/node_modules/chalk/source/package.json", O_RDONLY|O_CLOEXEC) = -1 ENOENT (No such file or directory)
10642 openat(AT_FDCWD, "/home/runner/work/deckrender-acceptance/deckrender-acceptance/benchmark/artifacts/acceptance/runtimes/v0.3.1/node_modules/chalk/source/vendor/ansi-styles/package.json", O_RDONLY|O_CLOEXEC) = -1 ENOENT (No such file or directory)
10642 openat(AT_FDCWD, "/home/runner/work/deckrender-acceptance/deckrender-acceptance/benchmark/artifacts/acceptance/runtimes/v0.3.1/node_modules/chalk/source/vendor/package.json", O_RDONLY|O_CLOEXEC) = -1 ENOENT (No such file or directory)
10642 openat(AT_FDCWD, "/home/runner/work/deckrender-acceptance/deckrender-acceptance/benchmark/artifacts/acceptance/runtimes/v0.3.1/node_modules/chalk/source/package.json", O_RDONLY|O_CLOEXEC) = -1 ENOENT (No such file or directory)
10642 openat(AT_FDCWD, "/home/runner/work/deckrender-acceptance/deckrender-acceptance/benchmark/artifacts/acceptance/runtimes/v0.3.1/node_modules/@deckops/sdk/dist/package.json", O_RDONLY|O_CLOEXEC) = -1 ENOENT (No such file or directory)
10642 openat(AT_FDCWD, "/home/runner/work/deckrender-acceptance/deckrender-acceptance/benchmark/artifacts/acceptance/runtimes/v0.3.1/node_modules/axios/package.json", O_RDONLY|O_CLOEXEC) = 21
10642 openat(AT_FDCWD, "/home/runner/work/deckrender-acceptance/deckrender-acceptance/benchmark/artifacts/acceptance/runtimes/v0.3.1/node_modules/@deckops/sdk/dist/package.json", O_RDONLY|O_CLOEXEC) = -1 ENOENT (No such file or directory)
10642 openat(AT_FDCWD, "/home/runner/work/deckrender-acceptance/deckrender-acceptance/benchmark/artifacts/acceptance/runtimes/v0.3.1/node_modules/@deckops/sdk/dist/package.json", O_RDONLY|O_CLOEXEC) = -1 ENOENT (No such file or directory)
10642 openat(AT_FDCWD, "/home/runner/work/deckrender-acceptance/deckrender-acceptance/benchmark/artifacts/acceptance/runtimes/v0.3.1/node_modules/eventsource-parser/package.json", O_RDONLY|O_CLOEXEC) = 21
10642 openat(AT_FDCWD, "/home/runner/work/deckrender-acceptance/deckrender-acceptance/benchmark/artifacts/acceptance/runtimes/v0.3.1/node_modules/eventsource-parser/dist/package.json", O_RDONLY|O_CLOEXEC) = -1 ENOENT (No such file or directory)
10642 openat(AT_FDCWD, "/home/runner/work/deckrender-acceptance/deckrender-acceptance/benchmark/artifacts/acceptance/runtimes/v0.3.1/node_modules/zod/v3/package.json", O_RDONLY|O_CLOEXEC) = -1 ENOENT (No such file or directory)
10642 openat(AT_FDCWD, "/home/runner/work/deckrender-acceptance/deckrender-acceptance/benchmark/artifacts/acceptance/runtimes/v0.3.1/node_modules/chalk/source/package.json", O_RDONLY|O_CLOEXEC) = -1 ENOENT (No such file or directory)
10642 openat(AT_FDCWD, "/home/runner/work/deckrender-acceptance/deckrender-acceptance/benchmark/artifacts/acceptance/runtimes/v0.3.1/node_modules/cli-cursor/package.json", O_RDONLY|O_CLOEXEC) = 21
10642 openat(AT_FDCWD, "/home/runner/work/deckrender-acceptance/deckrender-acceptance/benchmark/artifacts/acceptance/runtimes/v0.3.1/node_modules/cli-spinners/package.json", O_RDONLY|O_CLOEXEC) = 21
10642 openat(AT_FDCWD, "/home/runner/work/deckrender-acceptance/deckrender-acceptance/benchmark/artifacts/acceptance/runtimes/v0.3.1/node_modules/log-symbols/package.json", O_RDONLY|O_CLOEXEC) = 21
10642 openat(AT_FDCWD, "/home/runner/work/deckrender-acceptance/deckrender-acceptance/benchmark/artifacts/acceptance/runtimes/v0.3.1/node_modules/strip-ansi/package.json", O_RDONLY|O_CLOEXEC) = 21
10642 openat(AT_FDCWD, "/home/runner/work/deckrender-acceptance/deckrender-acceptance/benchmark/artifacts/acceptance/runtimes/v0.3.1/node_modules/string-width/package.json", O_RDONLY|O_CLOEXEC) = 21
10642 openat(AT_FDCWD, "/home/runner/work/deckrender-acceptance/deckrender-acceptance/benchmark/artifacts/acceptance/runtimes/v0.3.1/node_modules/is-interactive/package.json", O_RDONLY|O_CLOEXEC) = 21
10642 openat(AT_FDCWD, "/home/runner/work/deckrender-acceptance/deckrender-acceptance/benchmark/artifacts/acceptance/runtimes/v0.3.1/node_modules/is-unicode-supported/package.json", O_RDONLY|O_CLOEXEC) = 21
10642 openat(AT_FDCWD, "/home/runner/work/deckrender-acceptance/deckrender-acceptance/benchmark/artifacts/acceptance/runtimes/v0.3.1/node_modules/stdin-discarder/package.json", O_RDONLY|O_CLOEXEC) = 21
10642 openat(AT_FDCWD, "/home/runner/work/deckrender-acceptance/deckrender-acceptance/benchmark/artifacts/acceptance/runtimes/v0.3.1/node_modules/yocto-queue/package.json", O_RDONLY|O_CLOEXEC) = 21
10642 openat(AT_FDCWD, "/home/runner/work/deckrender-acceptance/deckrender-acceptance/benchmark/artifacts/acceptance/runtimes/v0.3.1/node_modules/commander/index.js", O_RDONLY|O_CLOEXEC) = 21
10642 openat(AT_FDCWD, "/home/runner/work/deckrender-acceptance/deckrender-acceptance/benchmark/artifacts/acceptance/runtimes/v0.3.1/node_modules/chalk/source/vendor/ansi-styles/index.js", O_RDONLY|O_CLOEXEC) = 21
10642 openat(AT_FDCWD, "/home/runner/work/deckrender-acceptance/deckrender-acceptance/benchmark/artifacts/acceptance/runtimes/v0.3.1/node_modules/chalk/source/vendor/supports-color/index.js", O_RDONLY|O_CLOEXEC) = 21
10642 openat(AT_FDCWD, "/home/runner/work/deckrender-acceptance/deckrender-acceptance/benchmark/artifacts/acceptance/runtimes/v0.3.1/node_modules/chalk/source/utilities.js", O_RDONLY|O_CLOEXEC) = 21
10642 openat(AT_FDCWD, "/home/runner/work/deckrender-acceptance/deckrender-acceptance/benchmark/artifacts/acceptance/runtimes/v0.3.1/node_modules/axios/index.js", O_RDONLY|O_CLOEXEC) = 21
10642 openat(AT_FDCWD, "/home/runner/work/deckrender-acceptance/deckrender-acceptance/benchmark/artifacts/acceptance/runtimes/v0.3.1/node_modules/eventsource-parser/dist/index.js", O_RDONLY|O_CLOEXEC) = 21
10642 openat(AT_FDCWD, "/home/runner/work/deckrender-acceptance/deckrender-acceptance/benchmark/artifacts/acceptance/runtimes/v0.3.1/node_modules/zod/v3/external.js", O_RDONLY|O_CLOEXEC) = 21
10642 openat(AT_FDCWD, "/home/runner/work/deckrender-acceptance/deckrender-acceptance/benchmark/artifacts/acceptance/runtimes/v0.3.1/node_modules/cli-cursor/index.js", O_RDONLY|O_CLOEXEC) = 21
10642 openat(AT_FDCWD, "/home/runner/work/deckrender-acceptance/deckrender-acceptance/benchmark/artifacts/acceptance/runtimes/v0.3.1/node_modules/cli-spinners/index.js", O_RDONLY|O_CLOEXEC) = 21
10642 openat(AT_FDCWD, "/home/runner/work/deckrender-acceptance/deckrender-acceptance/benchmark/artifacts/acceptance/runtimes/v0.3.1/node_modules/log-symbols/index.js", O_RDONLY|O_CLOEXEC) = 21
10642 openat(AT_FDCWD, "/home/runner/work/deckrender-acceptance/deckrender-acceptance/benchmark/artifacts/acceptance/runtimes/v0.3.1/node_modules/strip-ansi/index.js", O_RDONLY|O_CLOEXEC) = 21
10642 openat(AT_FDCWD, "/home/runner/work/deckrender-acceptance/deckrender-acceptance/benchmark/artifacts/acceptance/runtimes/v0.3.1/node_modules/string-width/index.js", O_RDONLY|O_CLOEXEC) = 21
10642 openat(AT_FDCWD, "/home/runner/work/deckrender-acceptance/deckrender-acceptance/benchmark/artifacts/acceptance/runtimes/v0.3.1/node_modules/is-interactive/index.js", O_RDONLY|O_CLOEXEC) = 21
10642 openat(AT_FDCWD, "/home/runner/work/deckrender-acceptance/deckrender-acceptance/benchmark/artifacts/acceptance/runtimes/v0.3.1/node_modules/is-unicode-supported/index.js", O_RDONLY|O_CLOEXEC) = 21
10642 openat(AT_FDCWD, "/home/runner/work/deckrender-acceptance/deckrender-acceptance/benchmark/artifacts/acceptance/runtimes/v0.3.1/node_modules/stdin-discarder/index.js", O_RDONLY|O_CLOEXEC) = 21
10642 openat(AT_FDCWD, "/home/runner/work/deckrender-acceptance/deckrender-acceptance/benchmark/artifacts/acceptance/runtimes/v0.3.1/node_modules/yocto-queue/index.js", O_RDONLY|O_CLOEXEC) = 21
10642 openat(AT_FDCWD, "/home/runner/work/deckrender-acceptance/deckrender-acceptance/benchmark/artifacts/acceptance/runtimes/v0.3.1/node_modules/axios/lib/package.json", O_RDONLY|O_CLOEXEC) = -1 ENOENT (No such file or directory)
10642 openat(AT_FDCWD, "/home/runner/work/deckrender-acceptance/deckrender-acceptance/benchmark/artifacts/acceptance/runtimes/v0.3.1/node_modules/zod/v3/package.json", O_RDONLY|O_CLOEXEC) = -1 ENOENT (No such file or directory)
10642 openat(AT_FDCWD, "/home/runner/work/deckrender-acceptance/deckrender-acceptance/benchmark/artifacts/acceptance/runtimes/v0.3.1/node_modules/zod/v3/helpers/package.json", O_RDONLY|O_CLOEXEC) = -1 ENOENT (No such file or directory)
10642 openat(AT_FDCWD, "/home/runner/work/deckrender-acceptance/deckrender-acceptance/benchmark/artifacts/acceptance/runtimes/v0.3.1/node_modules/zod/v3/package.json", O_RDONLY|O_CLOEXEC) = -1 ENOENT (No such file or directory)
10642 openat(AT_FDCWD, "/home/runner/work/deckrender-acceptance/deckrender-acceptance/benchmark/artifacts/acceptance/runtimes/v0.3.1/node_modules/zod/v3/helpers/package.json", O_RDONLY|O_CLOEXEC) = -1 ENOENT (No such file or directory)
10642 openat(AT_FDCWD, "/home/runner/work/deckrender-acceptance/deckrender-acceptance/benchmark/artifacts/acceptance/runtimes/v0.3.1/node_modules/zod/v3/package.json", O_RDONLY|O_CLOEXEC) = -1 ENOENT (No such file or directory)
10642 openat(AT_FDCWD, "/home/runner/work/deckrender-acceptance/deckrender-acceptance/benchmark/artifacts/acceptance/runtimes/v0.3.1/node_modules/zod/v3/helpers/package.json", O_RDONLY|O_CLOEXEC) = -1 ENOENT (No such file or directory)
10642 openat(AT_FDCWD, "/home/runner/work/deckrender-acceptance/deckrender-acceptance/benchmark/artifacts/acceptance/runtimes/v0.3.1/node_modules/zod/v3/package.json", O_RDONLY|O_CLOEXEC) = -1 ENOENT (No such file or directory)
10642 openat(AT_FDCWD, "/home/runner/work/deckrender-acceptance/deckrender-acceptance/benchmark/artifacts/acceptance/runtimes/v0.3.1/node_modules/zod/v3/package.json", O_RDONLY|O_CLOEXEC) = -1 ENOENT (No such file or directory)
10642 openat(AT_FDCWD, "/home/runner/work/deckrender-acceptance/deckrender-acceptance/benchmark/artifacts/acceptance/runtimes/v0.3.1/node_modules/zod/v3/package.json", O_RDONLY|O_CLOEXEC) = -1 ENOENT (No such file or directory)
10642 openat(AT_FDCWD, "/home/runner/work/deckrender-acceptance/deckrender-acceptance/benchmark/artifacts/acceptance/runtimes/v0.3.1/node_modules/restore-cursor/package.json", O_RDONLY|O_CLOEXEC) = 21
10642 openat(AT_FDCWD, "/home/runner/work/deckrender-acceptance/deckrender-acceptance/benchmark/artifacts/acceptance/runtimes/v0.3.1/node_modules/chalk/source/package.json", O_RDONLY|O_CLOEXEC) = -1 ENOENT (No such file or directory)
10642 openat(AT_FDCWD, "/home/runner/work/deckrender-acceptance/deckrender-acceptance/benchmark/artifacts/acceptance/runtimes/v0.3.1/node_modules/ansi-regex/package.json", O_RDONLY|O_CLOEXEC) = 21
10642 openat(AT_FDCWD, "/home/runner/work/deckrender-acceptance/deckrender-acceptance/benchmark/artifacts/acceptance/runtimes/v0.3.1/node_modules/eastasianwidth/package.json", O_RDONLY|O_CLOEXEC) = 21
10642 openat(AT_FDCWD, "/home/runner/work/deckrender-acceptance/deckrender-acceptance/benchmark/artifacts/acceptance/runtimes/v0.3.1/node_modules/emoji-regex/package.json", O_RDONLY|O_CLOEXEC) = 21
10642 openat(AT_FDCWD, "/home/runner/work/deckrender-acceptance/deckrender-acceptance/benchmark/artifacts/acceptance/runtimes/v0.3.1/node_modules/bl/package.json", O_RDONLY|O_CLOEXEC) = 21
10642 openat(AT_FDCWD, "/home/runner/work/deckrender-acceptance/deckrender-acceptance/benchmark/artifacts/acceptance/runtimes/v0.3.1/node_modules/axios/lib/axios.js", O_RDONLY|O_CLOEXEC) = 21
10642 openat(AT_FDCWD, "/home/runner/work/deckrender-acceptance/deckrender-acceptance/benchmark/artifacts/acceptance/runtimes/v0.3.1/node_modules/zod/v3/errors.js", O_RDONLY|O_CLOEXEC) = 21
10642 openat(AT_FDCWD, "/home/runner/work/deckrender-acceptance/deckrender-acceptance/benchmark/artifacts/acceptance/runtimes/v0.3.1/node_modules/zod/v3/helpers/parseUtil.js", O_RDONLY|O_CLOEXEC) = 21
10642 openat(AT_FDCWD, "/home/runner/work/deckrender-acceptance/deckrender-acceptance/benchmark/artifacts/acceptance/runtimes/v0.3.1/node_modules/zod/v3/helpers/typeAliases.js", O_RDONLY|O_CLOEXEC) = 21
10642 openat(AT_FDCWD, "/home/runner/work/deckrender-acceptance/deckrender-acceptance/benchmark/artifacts/acceptance/runtimes/v0.3.1/node_modules/zod/v3/helpers/util.js", O_RDONLY|O_CLOEXEC) = 21
10642 openat(AT_FDCWD, "/home/runner/work/deckrender-acceptance/deckrender-acceptance/benchmark/artifacts/acceptance/runtimes/v0.3.1/node_modules/zod/v3/types.js", O_RDONLY|O_CLOEXEC) = 21
10642 openat(AT_FDCWD, "/home/runner/work/deckrender-acceptance/deckrender-acceptance/benchmark/artifacts/acceptance/runtimes/v0.3.1/node_modules/zod/v3/ZodError.js", O_RDONLY|O_CLOEXEC) = 21
10642 openat(AT_FDCWD, "/home/runner/work/deckrender-acceptance/deckrender-acceptance/benchmark/artifacts/acceptance/runtimes/v0.3.1/node_modules/restore-cursor/index.js", O_RDONLY|O_CLOEXEC) = 21
10642 openat(AT_FDCWD, "/home/runner/work/deckrender-acceptance/deckrender-acceptance/benchmark/artifacts/acceptance/runtimes/v0.3.1/node_modules/ansi-regex/index.js", O_RDONLY|O_CLOEXEC) = 21
10642 openat(AT_FDCWD, "/home/runner/work/deckrender-acceptance/deckrender-acceptance/benchmark/artifacts/acceptance/runtimes/v0.3.1/node_modules/eastasianwidth/eastasianwidth.js", O_RDONLY|O_CLOEXEC) = 21
10642 openat(AT_FDCWD, "/home/runner/work/deckrender-acceptance/deckrender-acceptance/benchmark/artifacts/acceptance/runtimes/v0.3.1/node_modules/emoji-regex/index.js", O_RDONLY|O_CLOEXEC) = 21
10642 openat(AT_FDCWD, "/home/runner/work/deckrender-acceptance/deckrender-acceptance/benchmark/artifacts/acceptance/runtimes/v0.3.1/node_modules/bl/bl.js", O_RDONLY|O_CLOEXEC) = 21
10642 openat(AT_FDCWD, "/home/runner/work/deckrender-acceptance/deckrender-acceptance/benchmark/artifacts/acceptance/runtimes/v0.3.1/node_modules/axios/lib/package.json", O_RDONLY|O_CLOEXEC) = -1 ENOENT (No such file or directory)
10642 openat(AT_FDCWD, "/home/runner/work/deckrender-acceptance/deckrender-acceptance/benchmark/artifacts/acceptance/runtimes/v0.3.1/node_modules/axios/lib/helpers/package.json", O_RDONLY|O_CLOEXEC) = -1 ENOENT (No such file or directory)
10642 openat(AT_FDCWD, "/home/runner/work/deckrender-acceptance/deckrender-acceptance/benchmark/artifacts/acceptance/runtimes/v0.3.1/node_modules/axios/lib/package.json", O_RDONLY|O_CLOEXEC) = -1 ENOENT (No such file or directory)
10642 openat(AT_FDCWD, "/home/runner/work/deckrender-acceptance/deckrender-acceptance/benchmark/artifacts/acceptance/runtimes/v0.3.1/node_modules/axios/lib/core/package.json", O_RDONLY|O_CLOEXEC) = -1 ENOENT (No such file or directory)
10642 openat(AT_FDCWD, "/home/runner/work/deckrender-acceptance/deckrender-acceptance/benchmark/artifacts/acceptance/runtimes/v0.3.1/node_modules/axios/lib/package.json", O_RDONLY|O_CLOEXEC) = -1 ENOENT (No such file or directory)
10642 openat(AT_FDCWD, "/home/runner/work/deckrender-acceptance/deckrender-acceptance/benchmark/artifacts/acceptance/runtimes/v0.3.1/node_modules/axios/lib/core/package.json", O_RDONLY|O_CLOEXEC) = -1 ENOENT (No such file or directory)
10642 openat(AT_FDCWD, "/home/runner/work/deckrender-acceptance/deckrender-acceptance/benchmark/artifacts/acceptance/runtimes/v0.3.1/node_modules/axios/lib/package.json", O_RDONLY|O_CLOEXEC) = -1 ENOENT (No such file or directory)
10642 openat(AT_FDCWD, "/home/runner/work/deckrender-acceptance/deckrender-acceptance/benchmark/artifacts/acceptance/runtimes/v0.3.1/node_modules/axios/lib/defaults/package.json", O_RDONLY|O_CLOEXEC) = -1 ENOENT (No such file or directory)
10642 openat(AT_FDCWD, "/home/runner/work/deckrender-acceptance/deckrender-acceptance/benchmark/artifacts/acceptance/runtimes/v0.3.1/node_modules/axios/lib/package.json", O_RDONLY|O_CLOEXEC) = -1 ENOENT (No such file or directory)
10642 openat(AT_FDCWD, "/proc/sys/vm/overcommit_memory", O_RDONLY|O_CLOEXEC) = 21
10642 openat(AT_FDCWD, "/home/runner/work/deckrender-acceptance/deckrender-acceptance/benchmark/artifacts/acceptance/runtimes/v0.3.1/node_modules/axios/lib/helpers/package.json", O_RDONLY|O_CLOEXEC) = -1 ENOENT (No such file or directory)
10642 openat(AT_FDCWD, "/home/runner/work/deckrender-acceptance/deckrender-acceptance/benchmark/artifacts/acceptance/runtimes/v0.3.1/node_modules/axios/lib/package.json", O_RDONLY|O_CLOEXEC) = -1 ENOENT (No such file or directory)
10642 openat(AT_FDCWD, "/home/runner/work/deckrender-acceptance/deckrender-acceptance/benchmark/artifacts/acceptance/runtimes/v0.3.1/node_modules/axios/lib/cancel/package.json", O_RDONLY|O_CLOEXEC) = -1 ENOENT (No such file or directory)
10642 openat(AT_FDCWD, "/home/runner/work/deckrender-acceptance/deckrender-acceptance/benchmark/artifacts/acceptance/runtimes/v0.3.1/node_modules/axios/lib/package.json", O_RDONLY|O_CLOEXEC) = -1 ENOENT (No such file or directory)
10642 openat(AT_FDCWD, "/home/runner/work/deckrender-acceptance/deckrender-acceptance/benchmark/artifacts/acceptance/runtimes/v0.3.1/node_modules/axios/lib/cancel/package.json", O_RDONLY|O_CLOEXEC) = -1 ENOENT (No such file or directory)
10642 openat(AT_FDCWD, "/home/runner/work/deckrender-acceptance/deckrender-acceptance/benchmark/artifacts/acceptance/runtimes/v0.3.1/node_modules/axios/lib/package.json", O_RDONLY|O_CLOEXEC) = -1 ENOENT (No such file or directory)
10642 openat(AT_FDCWD, "/home/runner/work/deckrender-acceptance/deckrender-acceptance/benchmark/artifacts/acceptance/runtimes/v0.3.1/node_modules/axios/lib/cancel/package.json", O_RDONLY|O_CLOEXEC) = -1 ENOENT (No such file or directory)
10642 openat(AT_FDCWD, "/home/runner/work/deckrender-acceptance/deckrender-acceptance/benchmark/artifacts/acceptance/runtimes/v0.3.1/node_modules/axios/lib/package.json", O_RDONLY|O_CLOEXEC) = -1 ENOENT (No such file or directory)
10642 openat(AT_FDCWD, "/home/runner/work/deckrender-acceptance/deckrender-acceptance/benchmark/artifacts/acceptance/runtimes/v0.3.1/node_modules/axios/lib/env/package.json", O_RDONLY|O_CLOEXEC) = -1 ENOENT (No such file or directory)
10642 openat(AT_FDCWD, "/home/runner/work/deckrender-acceptance/deckrender-acceptance/benchmark/artifacts/acceptance/runtimes/v0.3.1/node_modules/axios/lib/package.json", O_RDONLY|O_CLOEXEC) = -1 ENOENT (No such file or directory)
10642 openat(AT_FDCWD, "/home/runner/work/deckrender-acceptance/deckrender-acceptance/benchmark/artifacts/acceptance/runtimes/v0.3.1/node_modules/axios/lib/helpers/package.json", O_RDONLY|O_CLOEXEC) = -1 ENOENT (No such file or directory)
10642 openat(AT_FDCWD, "/home/runner/work/deckrender-acceptance/deckrender-acceptance/benchmark/artifacts/acceptance/runtimes/v0.3.1/node_modules/axios/lib/package.json", O_RDONLY|O_CLOEXEC) = -1 ENOENT (No such file or directory)
10642 openat(AT_FDCWD, "/home/runner/work/deckrender-acceptance/deckrender-acceptance/benchmark/artifacts/acceptance/runtimes/v0.3.1/node_modules/axios/lib/core/package.json", O_RDONLY|O_CLOEXEC) = -1 ENOENT (No such file or directory)
10642 openat(AT_FDCWD, "/home/runner/work/deckrender-acceptance/deckrender-acceptance/benchmark/artifacts/acceptance/runtimes/v0.3.1/node_modules/axios/lib/package.json", O_RDONLY|O_CLOEXEC) = -1 ENOENT (No such file or directory)
10642 openat(AT_FDCWD, "/home/runner/work/deckrender-acceptance/deckrender-acceptance/benchmark/artifacts/acceptance/runtimes/v0.3.1/node_modules/axios/lib/helpers/package.json", O_RDONLY|O_CLOEXEC) = -1 ENOENT (No such file or directory)
10642 openat(AT_FDCWD, "/home/runner/work/deckrender-acceptance/deckrender-acceptance/benchmark/artifacts/acceptance/runtimes/v0.3.1/node_modules/axios/lib/package.json", O_RDONLY|O_CLOEXEC) = -1 ENOENT (No such file or directory)
10642 openat(AT_FDCWD, "/home/runner/work/deckrender-acceptance/deckrender-acceptance/benchmark/artifacts/acceptance/runtimes/v0.3.1/node_modules/axios/lib/helpers/package.json", O_RDONLY|O_CLOEXEC) = -1 ENOENT (No such file or directory)
10642 openat(AT_FDCWD, "/home/runner/work/deckrender-acceptance/deckrender-acceptance/benchmark/artifacts/acceptance/runtimes/v0.3.1/node_modules/axios/lib/package.json", O_RDONLY|O_CLOEXEC) = -1 ENOENT (No such file or directory)
10642 openat(AT_FDCWD, "/home/runner/work/deckrender-acceptance/deckrender-acceptance/benchmark/artifacts/acceptance/runtimes/v0.3.1/node_modules/axios/lib/core/package.json", O_RDONLY|O_CLOEXEC) = -1 ENOENT (No such file or directory)
10642 openat(AT_FDCWD, "/home/runner/work/deckrender-acceptance/deckrender-acceptance/benchmark/artifacts/acceptance/runtimes/v0.3.1/node_modules/axios/lib/package.json", O_RDONLY|O_CLOEXEC) = -1 ENOENT (No such file or directory)
10642 openat(AT_FDCWD, "/home/runner/work/deckrender-acceptance/deckrender-acceptance/benchmark/artifacts/acceptance/runtimes/v0.3.1/node_modules/axios/lib/adapters/package.json", O_RDONLY|O_CLOEXEC) = -1 ENOENT (No such file or directory)
10642 openat(AT_FDCWD, "/home/runner/work/deckrender-acceptance/deckrender-acceptance/benchmark/artifacts/acceptance/runtimes/v0.3.1/node_modules/axios/lib/package.json", O_RDONLY|O_CLOEXEC) = -1 ENOENT (No such file or directory)
10642 openat(AT_FDCWD, "/home/runner/work/deckrender-acceptance/deckrender-acceptance/benchmark/artifacts/acceptance/runtimes/v0.3.1/node_modules/axios/lib/helpers/package.json", O_RDONLY|O_CLOEXEC) = -1 ENOENT (No such file or directory)
10642 openat(AT_FDCWD, "/home/runner/work/deckrender-acceptance/deckrender-acceptance/benchmark/artifacts/acceptance/runtimes/v0.3.1/node_modules/axios/lib/package.json", O_RDONLY|O_CLOEXEC) = -1 ENOENT (No such file or directory)
10642 openat(AT_FDCWD, "/home/runner/work/deckrender-acceptance/deckrender-acceptance/benchmark/artifacts/acceptance/runtimes/v0.3.1/node_modules/zod/v3/locales/package.json", O_RDONLY|O_CLOEXEC) = -1 ENOENT (No such file or directory)
10642 openat(AT_FDCWD, "/home/runner/work/deckrender-acceptance/deckrender-acceptance/benchmark/artifacts/acceptance/runtimes/v0.3.1/node_modules/zod/v3/package.json", O_RDONLY|O_CLOEXEC) = -1 ENOENT (No such file or directory)
10642 openat(AT_FDCWD, "/home/runner/work/deckrender-acceptance/deckrender-acceptance/benchmark/artifacts/acceptance/runtimes/v0.3.1/node_modules/zod/v3/package.json", O_RDONLY|O_CLOEXEC) = -1 ENOENT (No such file or directory)
10642 openat(AT_FDCWD, "/home/runner/work/deckrender-acceptance/deckrender-acceptance/benchmark/artifacts/acceptance/runtimes/v0.3.1/node_modules/zod/v3/locales/package.json", O_RDONLY|O_CLOEXEC) = -1 ENOENT (No such file or directory)
10642 openat(AT_FDCWD, "/home/runner/work/deckrender-acceptance/deckrender-acceptance/benchmark/artifacts/acceptance/runtimes/v0.3.1/node_modules/zod/v3/package.json", O_RDONLY|O_CLOEXEC) = -1 ENOENT (No such file or directory)
10642 openat(AT_FDCWD, "/home/runner/work/deckrender-acceptance/deckrender-acceptance/benchmark/artifacts/acceptance/runtimes/v0.3.1/node_modules/zod/v3/package.json", O_RDONLY|O_CLOEXEC) = -1 ENOENT (No such file or directory)
10642 openat(AT_FDCWD, "/home/runner/work/deckrender-acceptance/deckrender-acceptance/benchmark/artifacts/acceptance/runtimes/v0.3.1/node_modules/zod/v3/package.json", O_RDONLY|O_CLOEXEC) = -1 ENOENT (No such file or directory)
10642 openat(AT_FDCWD, "/home/runner/work/deckrender-acceptance/deckrender-acceptance/benchmark/artifacts/acceptance/runtimes/v0.3.1/node_modules/zod/v3/helpers/package.json", O_RDONLY|O_CLOEXEC) = -1 ENOENT (No such file or directory)
10642 openat(AT_FDCWD, "/home/runner/work/deckrender-acceptance/deckrender-acceptance/benchmark/artifacts/acceptance/runtimes/v0.3.1/node_modules/zod/v3/package.json", O_RDONLY|O_CLOEXEC) = -1 ENOENT (No such file or directory)
10642 openat(AT_FDCWD, "/home/runner/work/deckrender-acceptance/deckrender-acceptance/benchmark/artifacts/acceptance/runtimes/v0.3.1/node_modules/zod/v3/helpers/package.json", O_RDONLY|O_CLOEXEC) = -1 ENOENT (No such file or directory)
10642 openat(AT_FDCWD, "/home/runner/work/deckrender-acceptance/deckrender-acceptance/benchmark/artifacts/acceptance/runtimes/v0.3.1/node_modules/zod/v3/package.json", O_RDONLY|O_CLOEXEC) = -1 ENOENT (No such file or directory)
10642 openat(AT_FDCWD, "/home/runner/work/deckrender-acceptance/deckrender-acceptance/benchmark/artifacts/acceptance/runtimes/v0.3.1/node_modules/zod/v3/helpers/package.json", O_RDONLY|O_CLOEXEC) = -1 ENOENT (No such file or directory)
10642 openat(AT_FDCWD, "/home/runner/work/deckrender-acceptance/deckrender-acceptance/benchmark/artifacts/acceptance/runtimes/v0.3.1/node_modules/zod/v3/package.json", O_RDONLY|O_CLOEXEC) = -1 ENOENT (No such file or directory)
10642 openat(AT_FDCWD, "/home/runner/work/deckrender-acceptance/deckrender-acceptance/benchmark/artifacts/acceptance/runtimes/v0.3.1/node_modules/zod/v3/helpers/package.json", O_RDONLY|O_CLOEXEC) = -1 ENOENT (No such file or directory)
10642 openat(AT_FDCWD, "/home/runner/work/deckrender-acceptance/deckrender-acceptance/benchmark/artifacts/acceptance/runtimes/v0.3.1/node_modules/zod/v3/package.json", O_RDONLY|O_CLOEXEC) = -1 ENOENT (No such file or directory)
10642 openat(AT_FDCWD, "/home/runner/work/deckrender-acceptance/deckrender-acceptance/benchmark/artifacts/acceptance/runtimes/v0.3.1/node_modules/onetime/package.json", O_RDONLY|O_CLOEXEC) = 21
10642 openat(AT_FDCWD, "/home/runner/work/deckrender-acceptance/deckrender-acceptance/benchmark/artifacts/acceptance/runtimes/v0.3.1/node_modules/signal-exit/package.json", O_RDONLY|O_CLOEXEC) = 21
10642 openat(AT_FDCWD, "/home/runner/work/deckrender-acceptance/deckrender-acceptance/benchmark/artifacts/acceptance/runtimes/v0.3.1/node_modules/axios/lib/utils.js", O_RDONLY|O_CLOEXEC) = 21
10642 openat(AT_FDCWD, "/home/runner/work/deckrender-acceptance/deckrender-acceptance/benchmark/artifacts/acceptance/runtimes/v0.3.1/node_modules/axios/lib/helpers/bind.js", O_RDONLY|O_CLOEXEC) = 21
10642 openat(AT_FDCWD, "/home/runner/work/deckrender-acceptance/deckrender-acceptance/benchmark/artifacts/acceptance/runtimes/v0.3.1/node_modules/axios/lib/core/Axios.js", O_RDONLY|O_CLOEXEC) = 21
10642 openat(AT_FDCWD, "/home/runner/work/deckrender-acceptance/deckrender-acceptance/benchmark/artifacts/acceptance/runtimes/v0.3.1/node_modules/axios/lib/core/mergeConfig.js", O_RDONLY|O_CLOEXEC) = 21
10642 openat(AT_FDCWD, "/home/runner/work/deckrender-acceptance/deckrender-acceptance/benchmark/artifacts/acceptance/runtimes/v0.3.1/node_modules/axios/lib/defaults/index.js", O_RDONLY|O_CLOEXEC) = 21
10642 openat(AT_FDCWD, "/home/runner/work/deckrender-acceptance/deckrender-acceptance/benchmark/artifacts/acceptance/runtimes/v0.3.1/node_modules/axios/lib/helpers/formDataToJSON.js", O_RDONLY|O_CLOEXEC) = 21
10642 openat(AT_FDCWD, "/home/runner/work/deckrender-acceptance/deckrender-acceptance/benchmark/artifacts/acceptance/runtimes/v0.3.1/node_modules/axios/lib/cancel/CanceledError.js", O_RDONLY|O_CLOEXEC) = 21
10642 openat(AT_FDCWD, "/home/runner/work/deckrender-acceptance/deckrender-acceptance/benchmark/artifacts/acceptance/runtimes/v0.3.1/node_modules/axios/lib/cancel/CancelToken.js", O_RDONLY|O_CLOEXEC) = 21
10642 openat(AT_FDCWD, "/home/runner/work/deckrender-acceptance/deckrender-acceptance/benchmark/artifacts/acceptance/runtimes/v0.3.1/node_modules/axios/lib/cancel/isCancel.js", O_RDONLY|O_CLOEXEC) = 21
10642 openat(AT_FDCWD, "/home/runner/work/deckrender-acceptance/deckrender-acceptance/benchmark/artifacts/acceptance/runtimes/v0.3.1/node_modules/axios/lib/env/data.js", O_RDONLY|O_CLOEXEC) = 21
10642 openat(AT_FDCWD, "/home/runner/work/deckrender-acceptance/deckrender-acceptance/benchmark/artifacts/acceptance/runtimes/v0.3.1/node_modules/axios/lib/helpers/toFormData.js", O_RDONLY|O_CLOEXEC) = 21
10642 openat(AT_FDCWD, "/home/runner/work/deckrender-acceptance/deckrender-acceptance/benchmark/artifacts/acceptance/runtimes/v0.3.1/node_modules/axios/lib/core/AxiosError.js", O_RDONLY|O_CLOEXEC) = 21
10642 openat(AT_FDCWD, "/home/runner/work/deckrender-acceptance/deckrender-acceptance/benchmark/artifacts/acceptance/runtimes/v0.3.1/node_modules/axios/lib/helpers/spread.js", O_RDONLY|O_CLOEXEC) = 21
10642 openat(AT_FDCWD, "/home/runner/work/deckrender-acceptance/deckrender-acceptance/benchmark/artifacts/acceptance/runtimes/v0.3.1/node_modules/axios/lib/helpers/isAxiosError.js", O_RDONLY|O_CLOEXEC) = 21
10642 openat(AT_FDCWD, "/home/runner/work/deckrender-acceptance/deckrender-acceptance/benchmark/artifacts/acceptance/runtimes/v0.3.1/node_modules/axios/lib/core/AxiosHeaders.js", O_RDONLY|O_CLOEXEC) = 21
10642 openat(AT_FDCWD, "/home/runner/work/deckrender-acceptance/deckrender-acceptance/benchmark/artifacts/acceptance/runtimes/v0.3.1/node_modules/axios/lib/adapters/adapters.js", O_RDONLY|O_CLOEXEC) = 21
10642 openat(AT_FDCWD, "/home/runner/work/deckrender-acceptance/deckrender-acceptance/benchmark/artifacts/acceptance/runtimes/v0.3.1/node_modules/axios/lib/helpers/HttpStatusCode.js", O_RDONLY|O_CLOEXEC) = 21
10642 openat(AT_FDCWD, "/home/runner/work/deckrender-acceptance/deckrender-acceptance/benchmark/artifacts/acceptance/runtimes/v0.3.1/node_modules/zod/v3/locales/en.js", O_RDONLY|O_CLOEXEC) = 21
10642 openat(AT_FDCWD, "/home/runner/work/deckrender-acceptance/deckrender-acceptance/benchmark/artifacts/acceptance/runtimes/v0.3.1/node_modules/zod/v3/helpers/errorUtil.js", O_RDONLY|O_CLOEXEC) = 21
10642 openat(AT_FDCWD, "/home/runner/work/deckrender-acceptance/deckrender-acceptance/benchmark/artifacts/acceptance/runtimes/v0.3.1/node_modules/onetime/index.js", O_RDONLY|O_CLOEXEC) = 21
10642 openat(AT_FDCWD, "/home/runner/work/deckrender-acceptance/deckrender-acceptance/benchmark/artifacts/acceptance/runtimes/v0.3.1/node_modules/signal-exit/index.js", O_RDONLY|O_CLOEXEC) = 21
10642 openat(AT_FDCWD, "/home/runner/work/deckrender-acceptance/deckrender-acceptance/benchmark/artifacts/acceptance/runtimes/v0.3.1/node_modules/axios/lib/helpers/package.json", O_RDONLY|O_CLOEXEC) = -1 ENOENT (No such file or directory)
10642 openat(AT_FDCWD, "/home/runner/work/deckrender-acceptance/deckrender-acceptance/benchmark/artifacts/acceptance/runtimes/v0.3.1/node_modules/axios/lib/package.json", O_RDONLY|O_CLOEXEC) = -1 ENOENT (No such file or directory)
10642 openat(AT_FDCWD, "/home/runner/work/deckrender-acceptance/deckrender-acceptance/benchmark/artifacts/acceptance/runtimes/v0.3.1/node_modules/axios/lib/package.json", O_RDONLY|O_CLOEXEC) = -1 ENOENT (No such file or directory)
10642 openat(AT_FDCWD, "/home/runner/work/deckrender-acceptance/deckrender-acceptance/benchmark/artifacts/acceptance/runtimes/v0.3.1/node_modules/axios/lib/helpers/package.json", O_RDONLY|O_CLOEXEC) = -1 ENOENT (No such file or directory)
10642 openat(AT_FDCWD, "/home/runner/work/deckrender-acceptance/deckrender-acceptance/benchmark/artifacts/acceptance/runtimes/v0.3.1/node_modules/axios/lib/package.json", O_RDONLY|O_CLOEXEC) = -1 ENOENT (No such file or directory)
10642 openat(AT_FDCWD, "/home/runner/work/deckrender-acceptance/deckrender-acceptance/benchmark/artifacts/acceptance/runtimes/v0.3.1/node_modules/axios/lib/core/package.json", O_RDONLY|O_CLOEXEC) = -1 ENOENT (No such file or directory)
10642 openat(AT_FDCWD, "/home/runner/work/deckrender-acceptance/deckrender-acceptance/benchmark/artifacts/acceptance/runtimes/v0.3.1/node_modules/axios/lib/package.json", O_RDONLY|O_CLOEXEC) = -1 ENOENT (No such file or directory)
10642 openat(AT_FDCWD, "/home/runner/work/deckrender-acceptance/deckrender-acceptance/benchmark/artifacts/acceptance/runtimes/v0.3.1/node_modules/axios/lib/core/package.json", O_RDONLY|O_CLOEXEC) = -1 ENOENT (No such file or directory)
10642 openat(AT_FDCWD, "/home/runner/work/deckrender-acceptance/deckrender-acceptance/benchmark/artifacts/acceptance/runtimes/v0.3.1/node_modules/axios/lib/package.json", O_RDONLY|O_CLOEXEC) = -1 ENOENT (No such file or directory)
10642 openat(AT_FDCWD, "/home/runner/work/deckrender-acceptance/deckrender-acceptance/benchmark/artifacts/acceptance/runtimes/v0.3.1/node_modules/axios/lib/core/package.json", O_RDONLY|O_CLOEXEC) = -1 ENOENT (No such file or directory)
10642 openat(AT_FDCWD, "/home/runner/work/deckrender-acceptance/deckrender-acceptance/benchmark/artifacts/acceptance/runtimes/v0.3.1/node_modules/axios/lib/package.json", O_RDONLY|O_CLOEXEC) = -1 ENOENT (No such file or directory)
10642 openat(AT_FDCWD, "/home/runner/work/deckrender-acceptance/deckrender-acceptance/benchmark/artifacts/acceptance/runtimes/v0.3.1/node_modules/axios/lib/core/package.json", O_RDONLY|O_CLOEXEC) = -1 ENOENT (No such file or directory)
10642 openat(AT_FDCWD, "/home/runner/work/deckrender-acceptance/deckrender-acceptance/benchmark/artifacts/acceptance/runtimes/v0.3.1/node_modules/axios/lib/package.json", O_RDONLY|O_CLOEXEC) = -1 ENOENT (No such file or directory)
10642 openat(AT_FDCWD, "/home/runner/work/deckrender-acceptance/deckrender-acceptance/benchmark/artifacts/acceptance/runtimes/v0.3.1/node_modules/axios/lib/core/package.json", O_RDONLY|O_CLOEXEC) = -1 ENOENT (No such file or directory)
10642 openat(AT_FDCWD, "/home/runner/work/deckrender-acceptance/deckrender-acceptance/benchmark/artifacts/acceptance/runtimes/v0.3.1/node_modules/axios/lib/package.json", O_RDONLY|O_CLOEXEC) = -1 ENOENT (No such file or directory)
10642 openat(AT_FDCWD, "/home/runner/work/deckrender-acceptance/deckrender-acceptance/benchmark/artifacts/acceptance/runtimes/v0.3.1/node_modules/axios/lib/helpers/package.json", O_RDONLY|O_CLOEXEC) = -1 ENOENT (No such file or directory)
10642 openat(AT_FDCWD, "/home/runner/work/deckrender-acceptance/deckrender-acceptance/benchmark/artifacts/acceptance/runtimes/v0.3.1/node_modules/axios/lib/package.json", O_RDONLY|O_CLOEXEC) = -1 ENOENT (No such file or directory)
10642 openat(AT_FDCWD, "/home/runner/work/deckrender-acceptance/deckrender-acceptance/benchmark/artifacts/acceptance/runtimes/v0.3.1/node_modules/axios/lib/core/package.json", O_RDONLY|O_CLOEXEC) = -1 ENOENT (No such file or directory)
10642 openat(AT_FDCWD, "/home/runner/work/deckrender-acceptance/deckrender-acceptance/benchmark/artifacts/acceptance/runtimes/v0.3.1/node_modules/axios/lib/package.json", O_RDONLY|O_CLOEXEC) = -1 ENOENT (No such file or directory)
10642 openat(AT_FDCWD, "/home/runner/work/deckrender-acceptance/deckrender-acceptance/benchmark/artifacts/acceptance/runtimes/v0.3.1/node_modules/axios/lib/defaults/package.json", O_RDONLY|O_CLOEXEC) = -1 ENOENT (No such file or directory)
10642 openat(AT_FDCWD, "/home/runner/work/deckrender-acceptance/deckrender-acceptance/benchmark/artifacts/acceptance/runtimes/v0.3.1/node_modules/axios/lib/package.json", O_RDONLY|O_CLOEXEC) = -1 ENOENT (No such file or directory)
10642 openat(AT_FDCWD, "/home/runner/work/deckrender-acceptance/deckrender-acceptance/benchmark/artifacts/acceptance/runtimes/v0.3.1/node_modules/axios/lib/package.json", O_RDONLY|O_CLOEXEC) = -1 ENOENT (No such file or directory)
10642 openat(AT_FDCWD, "/home/runner/work/deckrender-acceptance/deckrender-acceptance/benchmark/artifacts/acceptance/runtimes/v0.3.1/node_modules/axios/lib/core/package.json", O_RDONLY|O_CLOEXEC) = -1 ENOENT (No such file or directory)
10642 openat(AT_FDCWD, "/home/runner/work/deckrender-acceptance/deckrender-acceptance/benchmark/artifacts/acceptance/runtimes/v0.3.1/node_modules/axios/lib/package.json", O_RDONLY|O_CLOEXEC) = -1 ENOENT (No such file or directory)
10642 openat(AT_FDCWD, "/home/runner/work/deckrender-acceptance/deckrender-acceptance/benchmark/artifacts/acceptance/runtimes/v0.3.1/node_modules/axios/lib/package.json", O_RDONLY|O_CLOEXEC) = -1 ENOENT (No such file or directory)
10642 openat(AT_FDCWD, "/home/runner/work/deckrender-acceptance/deckrender-acceptance/benchmark/artifacts/acceptance/runtimes/v0.3.1/node_modules/axios/lib/core/package.json", O_RDONLY|O_CLOEXEC) = -1 ENOENT (No such file or directory)
10642 openat(AT_FDCWD, "/home/runner/work/deckrender-acceptance/deckrender-acceptance/benchmark/artifacts/acceptance/runtimes/v0.3.1/node_modules/axios/lib/package.json", O_RDONLY|O_CLOEXEC) = -1 ENOENT (No such file or directory)
10642 openat(AT_FDCWD, "/home/runner/work/deckrender-acceptance/deckrender-acceptance/benchmark/artifacts/acceptance/runtimes/v0.3.1/node_modules/axios/lib/defaults/package.json", O_RDONLY|O_CLOEXEC) = -1 ENOENT (No such file or directory)
10642 openat(AT_FDCWD, "/home/runner/work/deckrender-acceptance/deckrender-acceptance/benchmark/artifacts/acceptance/runtimes/v0.3.1/node_modules/axios/lib/package.json", O_RDONLY|O_CLOEXEC) = -1 ENOENT (No such file or directory)
10642 openat(AT_FDCWD, "/home/runner/work/deckrender-acceptance/deckrender-acceptance/benchmark/artifacts/acceptance/runtimes/v0.3.1/node_modules/axios/lib/helpers/package.json", O_RDONLY|O_CLOEXEC) = -1 ENOENT (No such file or directory)
10642 openat(AT_FDCWD, "/home/runner/work/deckrender-acceptance/deckrender-acceptance/benchmark/artifacts/acceptance/runtimes/v0.3.1/node_modules/axios/lib/package.json", O_RDONLY|O_CLOEXEC) = -1 ENOENT (No such file or directory)
10642 openat(AT_FDCWD, "/home/runner/work/deckrender-acceptance/deckrender-acceptance/benchmark/artifacts/acceptance/runtimes/v0.3.1/node_modules/axios/lib/helpers/package.json", O_RDONLY|O_CLOEXEC) = -1 ENOENT (No such file or directory)
10642 openat(AT_FDCWD, "/home/runner/work/deckrender-acceptance/deckrender-acceptance/benchmark/artifacts/acceptance/runtimes/v0.3.1/node_modules/axios/lib/package.json", O_RDONLY|O_CLOEXEC) = -1 ENOENT (No such file or directory)
10642 openat(AT_FDCWD, "/home/runner/work/deckrender-acceptance/deckrender-acceptance/benchmark/artifacts/acceptance/runtimes/v0.3.1/node_modules/axios/lib/platform/package.json", O_RDONLY|O_CLOEXEC) = -1 ENOENT (No such file or directory)
10642 openat(AT_FDCWD, "/home/runner/work/deckrender-acceptance/deckrender-acceptance/benchmark/artifacts/acceptance/runtimes/v0.3.1/node_modules/axios/lib/package.json", O_RDONLY|O_CLOEXEC) = -1 ENOENT (No such file or directory)
10642 openat(AT_FDCWD, "/home/runner/work/deckrender-acceptance/deckrender-acceptance/benchmark/artifacts/acceptance/runtimes/v0.3.1/node_modules/axios/lib/helpers/package.json", O_RDONLY|O_CLOEXEC) = -1 ENOENT (No such file or directory)
10642 openat(AT_FDCWD, "/home/runner/work/deckrender-acceptance/deckrender-acceptance/benchmark/artifacts/acceptance/runtimes/v0.3.1/node_modules/axios/lib/package.json", O_RDONLY|O_CLOEXEC) = -1 ENOENT (No such file or directory)
10642 openat(AT_FDCWD, "/home/runner/work/deckrender-acceptance/deckrender-acceptance/benchmark/artifacts/acceptance/runtimes/v0.3.1/node_modules/axios/lib/core/package.json", O_RDONLY|O_CLOEXEC) = -1 ENOENT (No such file or directory)
10642 openat(AT_FDCWD, "/home/runner/work/deckrender-acceptance/deckrender-acceptance/benchmark/artifacts/acceptance/runtimes/v0.3.1/node_modules/axios/lib/package.json", O_RDONLY|O_CLOEXEC) = -1 ENOENT (No such file or directory)
10642 openat(AT_FDCWD, "/home/runner/work/deckrender-acceptance/deckrender-acceptance/benchmark/artifacts/acceptance/runtimes/v0.3.1/node_modules/axios/lib/package.json", O_RDONLY|O_CLOEXEC) = -1 ENOENT (No such file or directory)
10642 openat(AT_FDCWD, "/home/runner/work/deckrender-acceptance/deckrender-acceptance/benchmark/artifacts/acceptance/runtimes/v0.3.1/node_modules/axios/lib/core/package.json", O_RDONLY|O_CLOEXEC) = -1 ENOENT (No such file or directory)
10642 openat(AT_FDCWD, "/home/runner/work/deckrender-acceptance/deckrender-acceptance/benchmark/artifacts/acceptance/runtimes/v0.3.1/node_modules/axios/lib/package.json", O_RDONLY|O_CLOEXEC) = -1 ENOENT (No such file or directory)
10642 openat(AT_FDCWD, "/home/runner/work/deckrender-acceptance/deckrender-acceptance/benchmark/artifacts/acceptance/runtimes/v0.3.1/node_modules/axios/lib/helpers/package.json", O_RDONLY|O_CLOEXEC) = -1 ENOENT (No such file or directory)
10642 openat(AT_FDCWD, "/home/runner/work/deckrender-acceptance/deckrender-acceptance/benchmark/artifacts/acceptance/runtimes/v0.3.1/node_modules/axios/lib/package.json", O_RDONLY|O_CLOEXEC) = -1 ENOENT (No such file or directory)
10642 openat(AT_FDCWD, "/home/runner/work/deckrender-acceptance/deckrender-acceptance/benchmark/artifacts/acceptance/runtimes/v0.3.1/node_modules/axios/lib/core/package.json", O_RDONLY|O_CLOEXEC) = -1 ENOENT (No such file or directory)
10642 openat(AT_FDCWD, "/home/runner/work/deckrender-acceptance/deckrender-acceptance/benchmark/artifacts/acceptance/runtimes/v0.3.1/node_modules/axios/lib/package.json", O_RDONLY|O_CLOEXEC) = -1 ENOENT (No such file or directory)
10642 openat(AT_FDCWD, "/home/runner/work/deckrender-acceptance/deckrender-acceptance/benchmark/artifacts/acceptance/runtimes/v0.3.1/node_modules/axios/lib/cancel/package.json", O_RDONLY|O_CLOEXEC) = -1 ENOENT (No such file or directory)
10642 openat(AT_FDCWD, "/home/runner/work/deckrender-acceptance/deckrender-acceptance/benchmark/artifacts/acceptance/runtimes/v0.3.1/node_modules/axios/lib/package.json", O_RDONLY|O_CLOEXEC) = -1 ENOENT (No such file or directory)
10642 openat(AT_FDCWD, "/home/runner/work/deckrender-acceptance/deckrender-acceptance/benchmark/artifacts/acceptance/runtimes/v0.3.1/node_modules/axios/lib/package.json", O_RDONLY|O_CLOEXEC) = -1 ENOENT (No such file or directory)
10642 openat(AT_FDCWD, "/home/runner/work/deckrender-acceptance/deckrender-acceptance/benchmark/artifacts/acceptance/runtimes/v0.3.1/node_modules/axios/lib/core/package.json", O_RDONLY|O_CLOEXEC) = -1 ENOENT (No such file or directory)
10642 openat(AT_FDCWD, "/home/runner/work/deckrender-acceptance/deckrender-acceptance/benchmark/artifacts/acceptance/runtimes/v0.3.1/node_modules/axios/lib/package.json", O_RDONLY|O_CLOEXEC) = -1 ENOENT (No such file or directory)
10642 openat(AT_FDCWD, "/home/runner/work/deckrender-acceptance/deckrender-acceptance/benchmark/artifacts/acceptance/runtimes/v0.3.1/node_modules/axios/lib/platform/node/classes/package.json", O_RDONLY|O_CLOEXEC) = -1 ENOENT (No such file or directory)
10642 openat(AT_FDCWD, "/home/runner/work/deckrender-acceptance/deckrender-acceptance/benchmark/artifacts/acceptance/runtimes/v0.3.1/node_modules/axios/lib/platform/node/package.json", O_RDONLY|O_CLOEXEC) = -1 ENOENT (No such file or directory)
10642 openat(AT_FDCWD, "/home/runner/work/deckrender-acceptance/deckrender-acceptance/benchmark/artifacts/acceptance/runtimes/v0.3.1/node_modules/axios/lib/platform/package.json", O_RDONLY|O_CLOEXEC) = -1 ENOENT (No such file or directory)
10642 openat(AT_FDCWD, "/home/runner/work/deckrender-acceptance/deckrender-acceptance/benchmark/artifacts/acceptance/runtimes/v0.3.1/node_modules/axios/lib/package.json", O_RDONLY|O_CLOEXEC) = -1 ENOENT (No such file or directory)
10642 openat(AT_FDCWD, "/home/runner/work/deckrender-acceptance/deckrender-acceptance/benchmark/artifacts/acceptance/runtimes/v0.3.1/node_modules/axios/lib/platform/node/classes/package.json", O_RDONLY|O_CLOEXEC) = -1 ENOENT (No such file or directory)
10642 openat(AT_FDCWD, "/home/runner/work/deckrender-acceptance/deckrender-acceptance/benchmark/artifacts/acceptance/runtimes/v0.3.1/node_modules/axios/lib/platform/node/package.json", O_RDONLY|O_CLOEXEC) = -1 ENOENT (No such file or directory)
10642 openat(AT_FDCWD, "/home/runner/work/deckrender-acceptance/deckrender-acceptance/benchmark/artifacts/acceptance/runtimes/v0.3.1/node_modules/axios/lib/platform/package.json", O_RDONLY|O_CLOEXEC) = -1 ENOENT (No such file or directory)
10642 openat(AT_FDCWD, "/home/runner/work/deckrender-acceptance/deckrender-acceptance/benchmark/artifacts/acceptance/runtimes/v0.3.1/node_modules/axios/lib/package.json", O_RDONLY|O_CLOEXEC) = -1 ENOENT (No such file or directory)
10642 openat(AT_FDCWD, "/home/runner/work/deckrender-acceptance/deckrender-acceptance/benchmark/artifacts/acceptance/runtimes/v0.3.1/node_modules/axios/lib/package.json", O_RDONLY|O_CLOEXEC) = -1 ENOENT (No such file or directory)
10642 openat(AT_FDCWD, "/home/runner/work/deckrender-acceptance/deckrender-acceptance/benchmark/artifacts/acceptance/runtimes/v0.3.1/node_modules/axios/lib/core/package.json", O_RDONLY|O_CLOEXEC) = -1 ENOENT (No such file or directory)
10642 openat(AT_FDCWD, "/home/runner/work/deckrender-acceptance/deckrender-acceptance/benchmark/artifacts/acceptance/runtimes/v0.3.1/node_modules/axios/lib/package.json", O_RDONLY|O_CLOEXEC) = -1 ENOENT (No such file or directory)
10642 openat(AT_FDCWD, "/home/runner/work/deckrender-acceptance/deckrender-acceptance/benchmark/artifacts/acceptance/runtimes/v0.3.1/node_modules/axios/lib/package.json", O_RDONLY|O_CLOEXEC) = -1 ENOENT (No such file or directory)
10642 openat(AT_FDCWD, "/home/runner/work/deckrender-acceptance/deckrender-acceptance/benchmark/artifacts/acceptance/runtimes/v0.3.1/node_modules/axios/lib/package.json", O_RDONLY|O_CLOEXEC) = -1 ENOENT (No such file or directory)
10642 openat(AT_FDCWD, "/home/runner/work/deckrender-acceptance/deckrender-acceptance/benchmark/artifacts/acceptance/runtimes/v0.3.1/node_modules/axios/lib/helpers/package.json", O_RDONLY|O_CLOEXEC) = -1 ENOENT (No such file or directory)
10642 openat(AT_FDCWD, "/home/runner/work/deckrender-acceptance/deckrender-acceptance/benchmark/artifacts/acceptance/runtimes/v0.3.1/node_modules/axios/lib/package.json", O_RDONLY|O_CLOEXEC) = -1 ENOENT (No such file or directory)
10642 openat(AT_FDCWD, "/home/runner/work/deckrender-acceptance/deckrender-acceptance/benchmark/artifacts/acceptance/runtimes/v0.3.1/node_modules/axios/lib/helpers/package.json", O_RDONLY|O_CLOEXEC) = -1 ENOENT (No such file or directory)
10642 openat(AT_FDCWD, "/home/runner/work/deckrender-acceptance/deckrender-acceptance/benchmark/artifacts/acceptance/runtimes/v0.3.1/node_modules/axios/lib/package.json", O_RDONLY|O_CLOEXEC) = -1 ENOENT (No such file or directory)
10642 openat(AT_FDCWD, "/home/runner/work/deckrender-acceptance/deckrender-acceptance/benchmark/artifacts/acceptance/runtimes/v0.3.1/node_modules/axios/lib/package.json", O_RDONLY|O_CLOEXEC) = -1 ENOENT (No such file or directory)
10642 openat(AT_FDCWD, "/home/runner/work/deckrender-acceptance/deckrender-acceptance/benchmark/artifacts/acceptance/runtimes/v0.3.1/node_modules/axios/lib/adapters/package.json", O_RDONLY|O_CLOEXEC) = -1 ENOENT (No such file or directory)
10642 openat(AT_FDCWD, "/home/runner/work/deckrender-acceptance/deckrender-acceptance/benchmark/artifacts/acceptance/runtimes/v0.3.1/node_modules/axios/lib/package.json", O_RDONLY|O_CLOEXEC) = -1 ENOENT (No such file or directory)
10642 openat(AT_FDCWD, "/home/runner/work/deckrender-acceptance/deckrender-acceptance/benchmark/artifacts/acceptance/runtimes/v0.3.1/node_modules/axios/lib/adapters/package.json", O_RDONLY|O_CLOEXEC) = -1 ENOENT (No such file or directory)
10642 openat(AT_FDCWD, "/home/runner/work/deckrender-acceptance/deckrender-acceptance/benchmark/artifacts/acceptance/runtimes/v0.3.1/node_modules/axios/lib/package.json", O_RDONLY|O_CLOEXEC) = -1 ENOENT (No such file or directory)
10642 openat(AT_FDCWD, "/home/runner/work/deckrender-acceptance/deckrender-acceptance/benchmark/artifacts/acceptance/runtimes/v0.3.1/node_modules/axios/lib/adapters/package.json", O_RDONLY|O_CLOEXEC) = -1 ENOENT (No such file or directory)
10642 openat(AT_FDCWD, "/home/runner/work/deckrender-acceptance/deckrender-acceptance/benchmark/artifacts/acceptance/runtimes/v0.3.1/node_modules/axios/lib/package.json", O_RDONLY|O_CLOEXEC) = -1 ENOENT (No such file or directory)
10642 openat(AT_FDCWD, "/home/runner/work/deckrender-acceptance/deckrender-acceptance/benchmark/artifacts/acceptance/runtimes/v0.3.1/node_modules/axios/lib/core/package.json", O_RDONLY|O_CLOEXEC) = -1 ENOENT (No such file or directory)
10642 openat(AT_FDCWD, "/home/runner/work/deckrender-acceptance/deckrender-acceptance/benchmark/artifacts/acceptance/runtimes/v0.3.1/node_modules/axios/lib/package.json", O_RDONLY|O_CLOEXEC) = -1 ENOENT (No such file or directory)
10642 openat(AT_FDCWD, "/home/runner/work/deckrender-acceptance/deckrender-acceptance/benchmark/artifacts/acceptance/runtimes/v0.3.1/node_modules/zod/v3/package.json", O_RDONLY|O_CLOEXEC) = -1 ENOENT (No such file or directory)
10642 openat(AT_FDCWD, "/home/runner/work/deckrender-acceptance/deckrender-acceptance/benchmark/artifacts/acceptance/runtimes/v0.3.1/node_modules/zod/v3/helpers/package.json", O_RDONLY|O_CLOEXEC) = -1 ENOENT (No such file or directory)
10642 openat(AT_FDCWD, "/home/runner/work/deckrender-acceptance/deckrender-acceptance/benchmark/artifacts/acceptance/runtimes/v0.3.1/node_modules/zod/v3/package.json", O_RDONLY|O_CLOEXEC) = -1 ENOENT (No such file or directory)
10642 openat(AT_FDCWD, "/home/runner/work/deckrender-acceptance/deckrender-acceptance/benchmark/artifacts/acceptance/runtimes/v0.3.1/node_modules/axios/lib/helpers/buildURL.js", O_RDONLY|O_CLOEXEC) = 21
10642 openat(AT_FDCWD, "/home/runner/work/deckrender-acceptance/deckrender-acceptance/benchmark/artifacts/acceptance/runtimes/v0.3.1/node_modules/axios/lib/core/InterceptorManager.js", O_RDONLY|O_CLOEXEC) = 21
10642 openat(AT_FDCWD, "/home/runner/work/deckrender-acceptance/deckrender-acceptance/benchmark/artifacts/acceptance/runtimes/v0.3.1/node_modules/axios/lib/core/dispatchRequest.js", O_RDONLY|O_CLOEXEC) = 21
10642 openat(AT_FDCWD, "/home/runner/work/deckrender-acceptance/deckrender-acceptance/benchmark/artifacts/acceptance/runtimes/v0.3.1/node_modules/axios/lib/core/buildFullPath.js", O_RDONLY|O_CLOEXEC) = 21
10642 openat(AT_FDCWD, "/home/runner/work/deckrender-acceptance/deckrender-acceptance/benchmark/artifacts/acceptance/runtimes/v0.3.1/node_modules/axios/lib/core/methodList.js", O_RDONLY|O_CLOEXEC) = 21
10642 openat(AT_FDCWD, "/home/runner/work/deckrender-acceptance/deckrender-acceptance/benchmark/artifacts/acceptance/runtimes/v0.3.1/node_modules/axios/lib/helpers/validator.js", O_RDONLY|O_CLOEXEC) = 21
10642 openat(AT_FDCWD, "/home/runner/work/deckrender-acceptance/deckrender-acceptance/benchmark/artifacts/acceptance/runtimes/v0.3.1/node_modules/axios/lib/defaults/transitional.js", O_RDONLY|O_CLOEXEC) = 21
10642 openat(AT_FDCWD, "/home/runner/work/deckrender-acceptance/deckrender-acceptance/benchmark/artifacts/acceptance/runtimes/v0.3.1/node_modules/axios/lib/helpers/toURLEncodedForm.js", O_RDONLY|O_CLOEXEC) = 21
10642 openat(AT_FDCWD, "/home/runner/work/deckrender-acceptance/deckrender-acceptance/benchmark/artifacts/acceptance/runtimes/v0.3.1/node_modules/axios/lib/platform/index.js", O_RDONLY|O_CLOEXEC) = 21
10642 openat(AT_FDCWD, "/home/runner/work/deckrender-acceptance/deckrender-acceptance/benchmark/artifacts/acceptance/runtimes/v0.3.1/node_modules/axios/lib/platform/node/classes/FormData.js", O_RDONLY|O_CLOEXEC) = 21
10642 openat(AT_FDCWD, "/home/runner/work/deckrender-acceptance/deckrender-acceptance/benchmark/artifacts/acceptance/runtimes/v0.3.1/node_modules/axios/lib/platform/node/classes/Buffer.js", O_RDONLY|O_CLOEXEC) = 21
10642 openat(AT_FDCWD, "/home/runner/work/deckrender-acceptance/deckrender-acceptance/benchmark/artifacts/acceptance/runtimes/v0.3.1/node_modules/axios/lib/helpers/parseHeaders.js", O_RDONLY|O_CLOEXEC) = 21
10642 openat(AT_FDCWD, "/home/runner/work/deckrender-acceptance/deckrender-acceptance/benchmark/artifacts/acceptance/runtimes/v0.3.1/node_modules/axios/lib/helpers/sanitizeHeaderValue.js", O_RDONLY|O_CLOEXEC) = 21
10642 openat(AT_FDCWD, "/home/runner/work/deckrender-acceptance/deckrender-acceptance/benchmark/artifacts/acceptance/runtimes/v0.3.1/node_modules/axios/lib/adapters/http.js", O_RDONLY|O_CLOEXEC) = 21
10642 openat(AT_FDCWD, "/home/runner/work/deckrender-acceptance/deckrender-acceptance/benchmark/artifacts/acceptance/runtimes/v0.3.1/node_modules/axios/lib/adapters/xhr.js", O_RDONLY|O_CLOEXEC) = 21
10642 openat(AT_FDCWD, "/home/runner/work/deckrender-acceptance/deckrender-acceptance/benchmark/artifacts/acceptance/runtimes/v0.3.1/node_modules/axios/lib/adapters/fetch.js", O_RDONLY|O_CLOEXEC) = 21
10642 openat(AT_FDCWD, "/home/runner/work/deckrender-acceptance/deckrender-acceptance/benchmark/artifacts/acceptance/runtimes/v0.3.1/node_modules/axios/lib/package.json", O_RDONLY|O_CLOEXEC) = -1 ENOENT (No such file or directory)
10642 openat(AT_FDCWD, "/home/runner/work/deckrender-acceptance/deckrender-acceptance/benchmark/artifacts/acceptance/runtimes/v0.3.1/node_modules/axios/lib/helpers/package.json", O_RDONLY|O_CLOEXEC) = -1 ENOENT (No such file or directory)
10642 openat(AT_FDCWD, "/home/runner/work/deckrender-acceptance/deckrender-acceptance/benchmark/artifacts/acceptance/runtimes/v0.3.1/node_modules/axios/lib/package.json", O_RDONLY|O_CLOEXEC) = -1 ENOENT (No such file or directory)
10642 openat(AT_FDCWD, "/home/runner/work/deckrender-acceptance/deckrender-acceptance/benchmark/artifacts/acceptance/runtimes/v0.3.1/node_modules/axios/lib/package.json", O_RDONLY|O_CLOEXEC) = -1 ENOENT (No such file or directory)
10642 openat(AT_FDCWD, "/home/runner/work/deckrender-acceptance/deckrender-acceptance/benchmark/artifacts/acceptance/runtimes/v0.3.1/node_modules/axios/lib/core/package.json", O_RDONLY|O_CLOEXEC) = -1 ENOENT (No such file or directory)
10642 openat(AT_FDCWD, "/home/runner/work/deckrender-acceptance/deckrender-acceptance/benchmark/artifacts/acceptance/runtimes/v0.3.1/node_modules/axios/lib/package.json", O_RDONLY|O_CLOEXEC) = -1 ENOENT (No such file or directory)
10642 openat(AT_FDCWD, "/home/runner/work/deckrender-acceptance/deckrender-acceptance/benchmark/artifacts/acceptance/runtimes/v0.3.1/node_modules/axios/lib/cancel/package.json", O_RDONLY|O_CLOEXEC) = -1 ENOENT (No such file or directory)
10642 openat(AT_FDCWD, "/home/runner/work/deckrender-acceptance/deckrender-acceptance/benchmark/artifacts/acceptance/runtimes/v0.3.1/node_modules/axios/lib/package.json", O_RDONLY|O_CLOEXEC) = -1 ENOENT (No such file or directory)
10642 openat(AT_FDCWD, "/home/runner/work/deckrender-acceptance/deckrender-acceptance/benchmark/artifacts/acceptance/runtimes/v0.3.1/node_modules/axios/lib/defaults/package.json", O_RDONLY|O_CLOEXEC) = -1 ENOENT (No such file or directory)
10642 openat(AT_FDCWD, "/home/runner/work/deckrender-acceptance/deckrender-acceptance/benchmark/artifacts/acceptance/runtimes/v0.3.1/node_modules/axios/lib/package.json", O_RDONLY|O_CLOEXEC) = -1 ENOENT (No such file or directory)
10642 openat(AT_FDCWD, "/home/runner/work/deckrender-acceptance/deckrender-acceptance/benchmark/artifacts/acceptance/runtimes/v0.3.1/node_modules/axios/lib/cancel/package.json", O_RDONLY|O_CLOEXEC) = -1 ENOENT (No such file or directory)
10642 openat(AT_FDCWD, "/home/runner/work/deckrender-acceptance/deckrender-acceptance/benchmark/artifacts/acceptance/runtimes/v0.3.1/node_modules/axios/lib/package.json", O_RDONLY|O_CLOEXEC) = -1 ENOENT (No such file or directory)
10642 openat(AT_FDCWD, "/home/runner/work/deckrender-acceptance/deckrender-acceptance/benchmark/artifacts/acceptance/runtimes/v0.3.1/node_modules/axios/lib/core/package.json", O_RDONLY|O_CLOEXEC) = -1 ENOENT (No such file or directory)
10642 openat(AT_FDCWD, "/home/runner/work/deckrender-acceptance/deckrender-acceptance/benchmark/artifacts/acceptance/runtimes/v0.3.1/node_modules/axios/lib/package.json", O_RDONLY|O_CLOEXEC) = -1 ENOENT (No such file or directory)
10642 openat(AT_FDCWD, "/home/runner/work/deckrender-acceptance/deckrender-acceptance/benchmark/artifacts/acceptance/runtimes/v0.3.1/node_modules/axios/lib/adapters/package.json", O_RDONLY|O_CLOEXEC) = -1 ENOENT (No such file or directory)
10642 openat(AT_FDCWD, "/home/runner/work/deckrender-acceptance/deckrender-acceptance/benchmark/artifacts/acceptance/runtimes/v0.3.1/node_modules/axios/lib/package.json", O_RDONLY|O_CLOEXEC) = -1 ENOENT (No such file or directory)
10642 openat(AT_FDCWD, "/home/runner/work/deckrender-acceptance/deckrender-acceptance/benchmark/artifacts/acceptance/runtimes/v0.3.1/node_modules/axios/lib/package.json", O_RDONLY|O_CLOEXEC) = -1 ENOENT (No such file or directory)
10642 openat(AT_FDCWD, "/home/runner/work/deckrender-acceptance/deckrender-acceptance/benchmark/artifacts/acceptance/runtimes/v0.3.1/node_modules/axios/lib/core/package.json", O_RDONLY|O_CLOEXEC) = -1 ENOENT (No such file or directory)
10642 openat(AT_FDCWD, "/home/runner/work/deckrender-acceptance/deckrender-acceptance/benchmark/artifacts/acceptance/runtimes/v0.3.1/node_modules/axios/lib/package.json", O_RDONLY|O_CLOEXEC) = -1 ENOENT (No such file or directory)
10642 openat(AT_FDCWD, "/home/runner/work/deckrender-acceptance/deckrender-acceptance/benchmark/artifacts/acceptance/runtimes/v0.3.1/node_modules/axios/lib/helpers/package.json", O_RDONLY|O_CLOEXEC) = -1 ENOENT (No such file or directory)
10642 openat(AT_FDCWD, "/home/runner/work/deckrender-acceptance/deckrender-acceptance/benchmark/artifacts/acceptance/runtimes/v0.3.1/node_modules/axios/lib/package.json", O_RDONLY|O_CLOEXEC) = -1 ENOENT (No such file or directory)
10642 openat(AT_FDCWD, "/home/runner/work/deckrender-acceptance/deckrender-acceptance/benchmark/artifacts/acceptance/runtimes/v0.3.1/node_modules/axios/lib/helpers/package.json", O_RDONLY|O_CLOEXEC) = -1 ENOENT (No such file or directory)
10642 openat(AT_FDCWD, "/home/runner/work/deckrender-acceptance/deckrender-acceptance/benchmark/artifacts/acceptance/runtimes/v0.3.1/node_modules/axios/lib/package.json", O_RDONLY|O_CLOEXEC) = -1 ENOENT (No such file or directory)
10642 openat(AT_FDCWD, "/home/runner/work/deckrender-acceptance/deckrender-acceptance/benchmark/artifacts/acceptance/runtimes/v0.3.1/node_modules/axios/lib/helpers/package.json", O_RDONLY|O_CLOEXEC) = -1 ENOENT (No such file or directory)
10642 openat(AT_FDCWD, "/home/runner/work/deckrender-acceptance/deckrender-acceptance/benchmark/artifacts/acceptance/runtimes/v0.3.1/node_modules/axios/lib/package.json", O_RDONLY|O_CLOEXEC) = -1 ENOENT (No such file or directory)
10642 openat(AT_FDCWD, "/home/runner/work/deckrender-acceptance/deckrender-acceptance/benchmark/artifacts/acceptance/runtimes/v0.3.1/node_modules/axios/lib/env/package.json", O_RDONLY|O_CLOEXEC) = -1 ENOENT (No such file or directory)
10642 openat(AT_FDCWD, "/home/runner/work/deckrender-acceptance/deckrender-acceptance/benchmark/artifacts/acceptance/runtimes/v0.3.1/node_modules/axios/lib/package.json", O_RDONLY|O_CLOEXEC) = -1 ENOENT (No such file or directory)
10642 openat(AT_FDCWD, "/home/runner/work/deckrender-acceptance/deckrender-acceptance/benchmark/artifacts/acceptance/runtimes/v0.3.1/node_modules/axios/lib/core/package.json", O_RDONLY|O_CLOEXEC) = -1 ENOENT (No such file or directory)
10642 openat(AT_FDCWD, "/home/runner/work/deckrender-acceptance/deckrender-acceptance/benchmark/artifacts/acceptance/runtimes/v0.3.1/node_modules/axios/lib/package.json", O_RDONLY|O_CLOEXEC) = -1 ENOENT (No such file or directory)
10642 openat(AT_FDCWD, "/home/runner/work/deckrender-acceptance/deckrender-acceptance/benchmark/artifacts/acceptance/runtimes/v0.3.1/node_modules/axios/lib/package.json", O_RDONLY|O_CLOEXEC) = -1 ENOENT (No such file or directory)
10642 openat(AT_FDCWD, "/home/runner/work/deckrender-acceptance/deckrender-acceptance/benchmark/artifacts/acceptance/runtimes/v0.3.1/node_modules/axios/lib/helpers/package.json", O_RDONLY|O_CLOEXEC) = -1 ENOENT (No such file or directory)
10642 openat(AT_FDCWD, "/home/runner/work/deckrender-acceptance/deckrender-acceptance/benchmark/artifacts/acceptance/runtimes/v0.3.1/node_modules/axios/lib/package.json", O_RDONLY|O_CLOEXEC) = -1 ENOENT (No such file or directory)
10642 openat(AT_FDCWD, "/home/runner/work/deckrender-acceptance/deckrender-acceptance/benchmark/artifacts/acceptance/runtimes/v0.3.1/node_modules/axios/lib/platform/package.json", O_RDONLY|O_CLOEXEC) = -1 ENOENT (No such file or directory)
10642 openat(AT_FDCWD, "/home/runner/work/deckrender-acceptance/deckrender-acceptance/benchmark/artifacts/acceptance/runtimes/v0.3.1/node_modules/axios/lib/package.json", O_RDONLY|O_CLOEXEC) = -1 ENOENT (No such file or directory)
10642 openat(AT_FDCWD, "/home/runner/work/deckrender-acceptance/deckrender-acceptance/benchmark/artifacts/acceptance/runtimes/v0.3.1/node_modules/axios/lib/platform/node/package.json", O_RDONLY|O_CLOEXEC) = -1 ENOENT (No such file or directory)
10642 openat(AT_FDCWD, "/home/runner/work/deckrender-acceptance/deckrender-acceptance/benchmark/artifacts/acceptance/runtimes/v0.3.1/node_modules/axios/lib/platform/package.json", O_RDONLY|O_CLOEXEC) = -1 ENOENT (No such file or directory)
10642 openat(AT_FDCWD, "/home/runner/work/deckrender-acceptance/deckrender-acceptance/benchmark/artifacts/acceptance/runtimes/v0.3.1/node_modules/axios/lib/package.json", O_RDONLY|O_CLOEXEC) = -1 ENOENT (No such file or directory)
10642 openat(AT_FDCWD, "/home/runner/work/deckrender-acceptance/deckrender-acceptance/benchmark/artifacts/acceptance/runtimes/v0.3.1/node_modules/axios/lib/platform/common/package.json", O_RDONLY|O_CLOEXEC) = -1 ENOENT (No such file or directory)
10642 openat(AT_FDCWD, "/home/runner/work/deckrender-acceptance/deckrender-acceptance/benchmark/artifacts/acceptance/runtimes/v0.3.1/node_modules/axios/lib/platform/package.json", O_RDONLY|O_CLOEXEC) = -1 ENOENT (No such file or directory)
10642 openat(AT_FDCWD, "/home/runner/work/deckrender-acceptance/deckrender-acceptance/benchmark/artifacts/acceptance/runtimes/v0.3.1/node_modules/axios/lib/package.json", O_RDONLY|O_CLOEXEC) = -1 ENOENT (No such file or directory)
10642 openat(AT_FDCWD, "/home/runner/work/deckrender-acceptance/deckrender-acceptance/benchmark/artifacts/acceptance/runtimes/v0.3.1/node_modules/axios/lib/platform/node/classes/package.json", O_RDONLY|O_CLOEXEC) = -1 ENOENT (No such file or directory)
10642 openat(AT_FDCWD, "/home/runner/work/deckrender-acceptance/deckrender-acceptance/benchmark/artifacts/acceptance/runtimes/v0.3.1/node_modules/axios/lib/platform/node/package.json", O_RDONLY|O_CLOEXEC) = -1 ENOENT (No such file or directory)
10642 openat(AT_FDCWD, "/home/runner/work/deckrender-acceptance/deckrender-acceptance/benchmark/artifacts/acceptance/runtimes/v0.3.1/node_modules/axios/lib/platform/package.json", O_RDONLY|O_CLOEXEC) = -1 ENOENT (No such file or directory)
10642 openat(AT_FDCWD, "/home/runner/work/deckrender-acceptance/deckrender-acceptance/benchmark/artifacts/acceptance/runtimes/v0.3.1/node_modules/axios/lib/package.json", O_RDONLY|O_CLOEXEC) = -1 ENOENT (No such file or directory)
10642 openat(AT_FDCWD, "/home/runner/work/deckrender-acceptance/deckrender-acceptance/benchmark/artifacts/acceptance/runtimes/v0.3.1/node_modules/form-data/package.json", O_RDONLY|O_CLOEXEC) = 21
10642 openat(AT_FDCWD, "/home/runner/work/deckrender-acceptance/deckrender-acceptance/benchmark/artifacts/acceptance/runtimes/v0.3.1/node_modules/form-data/lib/package.json", O_RDONLY|O_CLOEXEC) = -1 ENOENT (No such file or directory)
10642 openat(AT_FDCWD, "/home/runner/work/deckrender-acceptance/deckrender-acceptance/benchmark/artifacts/acceptance/runtimes/v0.3.1/node_modules/form-data/lib/package.json", O_RDONLY|O_CLOEXEC) = -1 ENOENT (No such file or directory)
10642 openat(AT_FDCWD, "/home/runner/work/deckrender-acceptance/deckrender-acceptance/benchmark/artifacts/acceptance/runtimes/v0.3.1/node_modules/axios/lib/package.json", O_RDONLY|O_CLOEXEC) = -1 ENOENT (No such file or directory)
10642 openat(AT_FDCWD, "/home/runner/work/deckrender-acceptance/deckrender-acceptance/benchmark/artifacts/acceptance/runtimes/v0.3.1/node_modules/axios/lib/package.json", O_RDONLY|O_CLOEXEC) = -1 ENOENT (No such file or directory)
10642 openat(AT_FDCWD, "/home/runner/work/deckrender-acceptance/deckrender-acceptance/benchmark/artifacts/acceptance/runtimes/v0.3.1/node_modules/axios/lib/package.json", O_RDONLY|O_CLOEXEC) = -1 ENOENT (No such file or directory)
10642 openat(AT_FDCWD, "/home/runner/work/deckrender-acceptance/deckrender-acceptance/benchmark/artifacts/acceptance/runtimes/v0.3.1/node_modules/axios/lib/core/package.json", O_RDONLY|O_CLOEXEC) = -1 ENOENT (No such file or directory)
10642 openat(AT_FDCWD, "/home/runner/work/deckrender-acceptance/deckrender-acceptance/benchmark/artifacts/acceptance/runtimes/v0.3.1/node_modules/axios/lib/package.json", O_RDONLY|O_CLOEXEC) = -1 ENOENT (No such file or directory)
10642 openat(AT_FDCWD, "/home/runner/work/deckrender-acceptance/deckrender-acceptance/benchmark/artifacts/acceptance/runtimes/v0.3.1/node_modules/axios/lib/core/package.json", O_RDONLY|O_CLOEXEC) = -1 ENOENT (No such file or directory)
10642 openat(AT_FDCWD, "/home/runner/work/deckrender-acceptance/deckrender-acceptance/benchmark/artifacts/acceptance/runtimes/v0.3.1/node_modules/axios/lib/package.json", O_RDONLY|O_CLOEXEC) = -1 ENOENT (No such file or directory)
10642 openat(AT_FDCWD, "/home/runner/work/deckrender-acceptance/deckrender-acceptance/benchmark/artifacts/acceptance/runtimes/v0.3.1/node_modules/axios/lib/helpers/package.json", O_RDONLY|O_CLOEXEC) = -1 ENOENT (No such file or directory)
10642 openat(AT_FDCWD, "/home/runner/work/deckrender-acceptance/deckrender-acceptance/benchmark/artifacts/acceptance/runtimes/v0.3.1/node_modules/axios/lib/package.json", O_RDONLY|O_CLOEXEC) = -1 ENOENT (No such file or directory)
10642 openat(AT_FDCWD, "/home/runner/work/deckrender-acceptance/deckrender-acceptance/benchmark/artifacts/acceptance/runtimes/v0.3.1/node_modules/axios/lib/adapters/package.json", O_RDONLY|O_CLOEXEC) = -1 ENOENT (No such file or directory)
10642 openat(AT_FDCWD, "/home/runner/work/deckrender-acceptance/deckrender-acceptance/benchmark/artifacts/acceptance/runtimes/v0.3.1/node_modules/axios/lib/package.json", O_RDONLY|O_CLOEXEC) = -1 ENOENT (No such file or directory)
10642 openat(AT_FDCWD, "/home/runner/work/deckrender-acceptance/deckrender-acceptance/benchmark/artifacts/acceptance/runtimes/v0.3.1/node_modules/proxy-from-env/package.json", O_RDONLY|O_CLOEXEC) = 21
10642 openat(AT_FDCWD, "/home/runner/work/deckrender-acceptance/deckrender-acceptance/benchmark/artifacts/acceptance/runtimes/v0.3.1/node_modules/axios/lib/adapters/package.json", O_RDONLY|O_CLOEXEC) = -1 ENOENT (No such file or directory)
10642 openat(AT_FDCWD, "/home/runner/work/deckrender-acceptance/deckrender-acceptance/benchmark/artifacts/acceptance/runtimes/v0.3.1/node_modules/axios/lib/package.json", O_RDONLY|O_CLOEXEC) = -1 ENOENT (No such file or directory)
10642 openat(AT_FDCWD, "/home/runner/work/deckrender-acceptance/deckrender-acceptance/benchmark/artifacts/acceptance/runtimes/v0.3.1/node_modules/https-proxy-agent/package.json", O_RDONLY|O_CLOEXEC) = 21
10642 openat(AT_FDCWD, "/home/runner/work/deckrender-acceptance/deckrender-acceptance/benchmark/artifacts/acceptance/runtimes/v0.3.1/node_modules/https-proxy-agent/dist/package.json", O_RDONLY|O_CLOEXEC) = -1 ENOENT (No such file or directory)
10642 openat(AT_FDCWD, "/home/runner/work/deckrender-acceptance/deckrender-acceptance/benchmark/artifacts/acceptance/runtimes/v0.3.1/node_modules/https-proxy-agent/dist/package.json", O_RDONLY|O_CLOEXEC) = -1 ENOENT (No such file or directory)
10642 openat(AT_FDCWD, "/home/runner/work/deckrender-acceptance/deckrender-acceptance/benchmark/artifacts/acceptance/runtimes/v0.3.1/node_modules/axios/lib/adapters/package.json", O_RDONLY|O_CLOEXEC) = -1 ENOENT (No such file or directory)
10642 openat(AT_FDCWD, "/home/runner/work/deckrender-acceptance/deckrender-acceptance/benchmark/artifacts/acceptance/runtimes/v0.3.1/node_modules/axios/lib/package.json", O_RDONLY|O_CLOEXEC) = -1 ENOENT (No such file or directory)
10642 openat(AT_FDCWD, "/home/runner/work/deckrender-acceptance/deckrender-acceptance/benchmark/artifacts/acceptance/runtimes/v0.3.1/node_modules/follow-redirects/package.json", O_RDONLY|O_CLOEXEC) = 21
10642 openat(AT_FDCWD, "/home/runner/work/deckrender-acceptance/deckrender-acceptance/benchmark/artifacts/acceptance/runtimes/v0.3.1/node_modules/axios/lib/env/package.json", O_RDONLY|O_CLOEXEC) = -1 ENOENT (No such file or directory)
10642 openat(AT_FDCWD, "/home/runner/work/deckrender-acceptance/deckrender-acceptance/benchmark/artifacts/acceptance/runtimes/v0.3.1/node_modules/axios/lib/package.json", O_RDONLY|O_CLOEXEC) = -1 ENOENT (No such file or directory)
10642 openat(AT_FDCWD, "/home/runner/work/deckrender-acceptance/deckrender-acceptance/benchmark/artifacts/acceptance/runtimes/v0.3.1/node_modules/axios/lib/defaults/package.json", O_RDONLY|O_CLOEXEC) = -1 ENOENT (No such file or directory)
10642 openat(AT_FDCWD, "/home/runner/work/deckrender-acceptance/deckrender-acceptance/benchmark/artifacts/acceptance/runtimes/v0.3.1/node_modules/axios/lib/package.json", O_RDONLY|O_CLOEXEC) = -1 ENOENT (No such file or directory)
10642 openat(AT_FDCWD, "/home/runner/work/deckrender-acceptance/deckrender-acceptance/benchmark/artifacts/acceptance/runtimes/v0.3.1/node_modules/axios/lib/core/package.json", O_RDONLY|O_CLOEXEC) = -1 ENOENT (No such file or directory)
10642 openat(AT_FDCWD, "/home/runner/work/deckrender-acceptance/deckrender-acceptance/benchmark/artifacts/acceptance/runtimes/v0.3.1/node_modules/axios/lib/package.json", O_RDONLY|O_CLOEXEC) = -1 ENOENT (No such file or directory)
10642 openat(AT_FDCWD, "/home/runner/work/deckrender-acceptance/deckrender-acceptance/benchmark/artifacts/acceptance/runtimes/v0.3.1/node_modules/axios/lib/cancel/package.json", O_RDONLY|O_CLOEXEC) = -1 ENOENT (No such file or directory)
10642 openat(AT_FDCWD, "/home/runner/work/deckrender-acceptance/deckrender-acceptance/benchmark/artifacts/acceptance/runtimes/v0.3.1/node_modules/axios/lib/package.json", O_RDONLY|O_CLOEXEC) = -1 ENOENT (No such file or directory)
10642 openat(AT_FDCWD, "/home/runner/work/deckrender-acceptance/deckrender-acceptance/benchmark/artifacts/acceptance/runtimes/v0.3.1/node_modules/axios/lib/platform/package.json", O_RDONLY|O_CLOEXEC) = -1 ENOENT (No such file or directory)
10642 openat(AT_FDCWD, "/home/runner/work/deckrender-acceptance/deckrender-acceptance/benchmark/artifacts/acceptance/runtimes/v0.3.1/node_modules/axios/lib/package.json", O_RDONLY|O_CLOEXEC) = -1 ENOENT (No such file or directory)
10642 openat(AT_FDCWD, "/home/runner/work/deckrender-acceptance/deckrender-acceptance/benchmark/artifacts/acceptance/runtimes/v0.3.1/node_modules/axios/lib/helpers/package.json", O_RDONLY|O_CLOEXEC) = -1 ENOENT (No such file or directory)
10642 openat(AT_FDCWD, "/home/runner/work/deckrender-acceptance/deckrender-acceptance/benchmark/artifacts/acceptance/runtimes/v0.3.1/node_modules/axios/lib/package.json", O_RDONLY|O_CLOEXEC) = -1 ENOENT (No such file or directory)
10642 openat(AT_FDCWD, "/home/runner/work/deckrender-acceptance/deckrender-acceptance/benchmark/artifacts/acceptance/runtimes/v0.3.1/node_modules/axios/lib/core/package.json", O_RDONLY|O_CLOEXEC) = -1 ENOENT (No such file or directory)
10642 openat(AT_FDCWD, "/home/runner/work/deckrender-acceptance/deckrender-acceptance/benchmark/artifacts/acceptance/runtimes/v0.3.1/node_modules/axios/lib/package.json", O_RDONLY|O_CLOEXEC) = -1 ENOENT (No such file or directory)
10642 openat(AT_FDCWD, "/home/runner/work/deckrender-acceptance/deckrender-acceptance/benchmark/artifacts/acceptance/runtimes/v0.3.1/node_modules/axios/lib/core/package.json", O_RDONLY|O_CLOEXEC) = -1 ENOENT (No such file or directory)
10642 openat(AT_FDCWD, "/home/runner/work/deckrender-acceptance/deckrender-acceptance/benchmark/artifacts/acceptance/runtimes/v0.3.1/node_modules/axios/lib/package.json", O_RDONLY|O_CLOEXEC) = -1 ENOENT (No such file or directory)
10642 openat(AT_FDCWD, "/home/runner/work/deckrender-acceptance/deckrender-acceptance/benchmark/artifacts/acceptance/runtimes/v0.3.1/node_modules/axios/lib/helpers/package.json", O_RDONLY|O_CLOEXEC) = -1 ENOENT (No such file or directory)
10642 openat(AT_FDCWD, "/home/runner/work/deckrender-acceptance/deckrender-acceptance/benchmark/artifacts/acceptance/runtimes/v0.3.1/node_modules/axios/lib/package.json", O_RDONLY|O_CLOEXEC) = -1 ENOENT (No such file or directory)
10642 openat(AT_FDCWD, "/home/runner/work/deckrender-acceptance/deckrender-acceptance/benchmark/artifacts/acceptance/runtimes/v0.3.1/node_modules/axios/lib/helpers/package.json", O_RDONLY|O_CLOEXEC) = -1 ENOENT (No such file or directory)
10642 openat(AT_FDCWD, "/home/runner/work/deckrender-acceptance/deckrender-acceptance/benchmark/artifacts/acceptance/runtimes/v0.3.1/node_modules/axios/lib/package.json", O_RDONLY|O_CLOEXEC) = -1 ENOENT (No such file or directory)
10642 openat(AT_FDCWD, "/home/runner/work/deckrender-acceptance/deckrender-acceptance/benchmark/artifacts/acceptance/runtimes/v0.3.1/node_modules/axios/lib/helpers/package.json", O_RDONLY|O_CLOEXEC) = -1 ENOENT (No such file or directory)
10642 openat(AT_FDCWD, "/home/runner/work/deckrender-acceptance/deckrender-acceptance/benchmark/artifacts/acceptance/runtimes/v0.3.1/node_modules/axios/lib/package.json", O_RDONLY|O_CLOEXEC) = -1 ENOENT (No such file or directory)
10642 openat(AT_FDCWD, "/home/runner/work/deckrender-acceptance/deckrender-acceptance/benchmark/artifacts/acceptance/runtimes/v0.3.1/node_modules/axios/lib/helpers/package.json", O_RDONLY|O_CLOEXEC) = -1 ENOENT (No such file or directory)
10642 openat(AT_FDCWD, "/home/runner/work/deckrender-acceptance/deckrender-acceptance/benchmark/artifacts/acceptance/runtimes/v0.3.1/node_modules/axios/lib/package.json", O_RDONLY|O_CLOEXEC) = -1 ENOENT (No such file or directory)
10642 openat(AT_FDCWD, "/home/runner/work/deckrender-acceptance/deckrender-acceptance/benchmark/artifacts/acceptance/runtimes/v0.3.1/node_modules/axios/lib/helpers/package.json", O_RDONLY|O_CLOEXEC) = -1 ENOENT (No such file or directory)
10642 openat(AT_FDCWD, "/home/runner/work/deckrender-acceptance/deckrender-acceptance/benchmark/artifacts/acceptance/runtimes/v0.3.1/node_modules/axios/lib/package.json", O_RDONLY|O_CLOEXEC) = -1 ENOENT (No such file or directory)
10642 openat(AT_FDCWD, "/home/runner/work/deckrender-acceptance/deckrender-acceptance/benchmark/artifacts/acceptance/runtimes/v0.3.1/node_modules/axios/lib/helpers/package.json", O_RDONLY|O_CLOEXEC) = -1 ENOENT (No such file or directory)
10642 openat(AT_FDCWD, "/home/runner/work/deckrender-acceptance/deckrender-acceptance/benchmark/artifacts/acceptance/runtimes/v0.3.1/node_modules/axios/lib/package.json", O_RDONLY|O_CLOEXEC) = -1 ENOENT (No such file or directory)
10642 openat(AT_FDCWD, "/home/runner/work/deckrender-acceptance/deckrender-acceptance/benchmark/artifacts/acceptance/runtimes/v0.3.1/node_modules/axios/lib/helpers/package.json", O_RDONLY|O_CLOEXEC) = -1 ENOENT (No such file or directory)
10642 openat(AT_FDCWD, "/home/runner/work/deckrender-acceptance/deckrender-acceptance/benchmark/artifacts/acceptance/runtimes/v0.3.1/node_modules/axios/lib/package.json", O_RDONLY|O_CLOEXEC) = -1 ENOENT (No such file or directory)
10642 openat(AT_FDCWD, "/home/runner/work/deckrender-acceptance/deckrender-acceptance/benchmark/artifacts/acceptance/runtimes/v0.3.1/node_modules/axios/lib/helpers/package.json", O_RDONLY|O_CLOEXEC) = -1 ENOENT (No such file or directory)
10642 openat(AT_FDCWD, "/home/runner/work/deckrender-acceptance/deckrender-acceptance/benchmark/artifacts/acceptance/runtimes/v0.3.1/node_modules/axios/lib/package.json", O_RDONLY|O_CLOEXEC) = -1 ENOENT (No such file or directory)
10642 openat(AT_FDCWD, "/home/runner/work/deckrender-acceptance/deckrender-acceptance/benchmark/artifacts/acceptance/runtimes/v0.3.1/node_modules/axios/lib/helpers/package.json", O_RDONLY|O_CLOEXEC) = -1 ENOENT (No such file or directory)
10642 openat(AT_FDCWD, "/home/runner/work/deckrender-acceptance/deckrender-acceptance/benchmark/artifacts/acceptance/runtimes/v0.3.1/node_modules/axios/lib/package.json", O_RDONLY|O_CLOEXEC) = -1 ENOENT (No such file or directory)
10642 openat(AT_FDCWD, "/home/runner/work/deckrender-acceptance/deckrender-acceptance/benchmark/artifacts/acceptance/runtimes/v0.3.1/node_modules/axios/lib/helpers/package.json", O_RDONLY|O_CLOEXEC) = -1 ENOENT (No such file or directory)
10642 openat(AT_FDCWD, "/home/runner/work/deckrender-acceptance/deckrender-acceptance/benchmark/artifacts/acceptance/runtimes/v0.3.1/node_modules/axios/lib/package.json", O_RDONLY|O_CLOEXEC) = -1 ENOENT (No such file or directory)
10642 openat(AT_FDCWD, "/home/runner/work/deckrender-acceptance/deckrender-acceptance/benchmark/artifacts/acceptance/runtimes/v0.3.1/node_modules/axios/lib/package.json", O_RDONLY|O_CLOEXEC) = -1 ENOENT (No such file or directory)
10642 openat(AT_FDCWD, "/home/runner/work/deckrender-acceptance/deckrender-acceptance/benchmark/artifacts/acceptance/runtimes/v0.3.1/node_modules/axios/lib/core/package.json", O_RDONLY|O_CLOEXEC) = -1 ENOENT (No such file or directory)
10642 openat(AT_FDCWD, "/home/runner/work/deckrender-acceptance/deckrender-acceptance/benchmark/artifacts/acceptance/runtimes/v0.3.1/node_modules/axios/lib/package.json", O_RDONLY|O_CLOEXEC) = -1 ENOENT (No such file or directory)
10642 openat(AT_FDCWD, "/home/runner/work/deckrender-acceptance/deckrender-acceptance/benchmark/artifacts/acceptance/runtimes/v0.3.1/node_modules/axios/lib/defaults/package.json", O_RDONLY|O_CLOEXEC) = -1 ENOENT (No such file or directory)
10642 openat(AT_FDCWD, "/home/runner/work/deckrender-acceptance/deckrender-acceptance/benchmark/artifacts/acceptance/runtimes/v0.3.1/node_modules/axios/lib/package.json", O_RDONLY|O_CLOEXEC) = -1 ENOENT (No such file or directory)
10642 openat(AT_FDCWD, "/home/runner/work/deckrender-acceptance/deckrender-acceptance/benchmark/artifacts/acceptance/runtimes/v0.3.1/node_modules/axios/lib/core/package.json", O_RDONLY|O_CLOEXEC) = -1 ENOENT (No such file or directory)
10642 openat(AT_FDCWD, "/home/runner/work/deckrender-acceptance/deckrender-acceptance/benchmark/artifacts/acceptance/runtimes/v0.3.1/node_modules/axios/lib/package.json", O_RDONLY|O_CLOEXEC) = -1 ENOENT (No such file or directory)
10642 openat(AT_FDCWD, "/home/runner/work/deckrender-acceptance/deckrender-acceptance/benchmark/artifacts/acceptance/runtimes/v0.3.1/node_modules/axios/lib/cancel/package.json", O_RDONLY|O_CLOEXEC) = -1 ENOENT (No such file or directory)
10642 openat(AT_FDCWD, "/home/runner/work/deckrender-acceptance/deckrender-acceptance/benchmark/artifacts/acceptance/runtimes/v0.3.1/node_modules/axios/lib/package.json", O_RDONLY|O_CLOEXEC) = -1 ENOENT (No such file or directory)
10642 openat(AT_FDCWD, "/home/runner/work/deckrender-acceptance/deckrender-acceptance/benchmark/artifacts/acceptance/runtimes/v0.3.1/node_modules/axios/lib/helpers/package.json", O_RDONLY|O_CLOEXEC) = -1 ENOENT (No such file or directory)
10642 openat(AT_FDCWD, "/home/runner/work/deckrender-acceptance/deckrender-acceptance/benchmark/artifacts/acceptance/runtimes/v0.3.1/node_modules/axios/lib/package.json", O_RDONLY|O_CLOEXEC) = -1 ENOENT (No such file or directory)
10642 openat(AT_FDCWD, "/home/runner/work/deckrender-acceptance/deckrender-acceptance/benchmark/artifacts/acceptance/runtimes/v0.3.1/node_modules/axios/lib/helpers/package.json", O_RDONLY|O_CLOEXEC) = -1 ENOENT (No such file or directory)
10642 openat(AT_FDCWD, "/home/runner/work/deckrender-acceptance/deckrender-acceptance/benchmark/artifacts/acceptance/runtimes/v0.3.1/node_modules/axios/lib/package.json", O_RDONLY|O_CLOEXEC) = -1 ENOENT (No such file or directory)
10642 openat(AT_FDCWD, "/home/runner/work/deckrender-acceptance/deckrender-acceptance/benchmark/artifacts/acceptance/runtimes/v0.3.1/node_modules/axios/lib/platform/package.json", O_RDONLY|O_CLOEXEC) = -1 ENOENT (No such file or directory)
10642 openat(AT_FDCWD, "/home/runner/work/deckrender-acceptance/deckrender-acceptance/benchmark/artifacts/acceptance/runtimes/v0.3.1/node_modules/axios/lib/package.json", O_RDONLY|O_CLOEXEC) = -1 ENOENT (No such file or directory)
10642 openat(AT_FDCWD, "/home/runner/work/deckrender-acceptance/deckrender-acceptance/benchmark/artifacts/acceptance/runtimes/v0.3.1/node_modules/axios/lib/core/package.json", O_RDONLY|O_CLOEXEC) = -1 ENOENT (No such file or directory)
10642 openat(AT_FDCWD, "/home/runner/work/deckrender-acceptance/deckrender-acceptance/benchmark/artifacts/acceptance/runtimes/v0.3.1/node_modules/axios/lib/package.json", O_RDONLY|O_CLOEXEC) = -1 ENOENT (No such file or directory)
10642 openat(AT_FDCWD, "/home/runner/work/deckrender-acceptance/deckrender-acceptance/benchmark/artifacts/acceptance/runtimes/v0.3.1/node_modules/axios/lib/helpers/package.json", O_RDONLY|O_CLOEXEC) = -1 ENOENT (No such file or directory)
10642 openat(AT_FDCWD, "/home/runner/work/deckrender-acceptance/deckrender-acceptance/benchmark/artifacts/acceptance/runtimes/v0.3.1/node_modules/axios/lib/package.json", O_RDONLY|O_CLOEXEC) = -1 ENOENT (No such file or directory)
10642 openat(AT_FDCWD, "/home/runner/work/deckrender-acceptance/deckrender-acceptance/benchmark/artifacts/acceptance/runtimes/v0.3.1/node_modules/axios/lib/helpers/package.json", O_RDONLY|O_CLOEXEC) = -1 ENOENT (No such file or directory)
10642 openat(AT_FDCWD, "/home/runner/work/deckrender-acceptance/deckrender-acceptance/benchmark/artifacts/acceptance/runtimes/v0.3.1/node_modules/axios/lib/package.json", O_RDONLY|O_CLOEXEC) = -1 ENOENT (No such file or directory)
10642 openat(AT_FDCWD, "/home/runner/work/deckrender-acceptance/deckrender-acceptance/benchmark/artifacts/acceptance/runtimes/v0.3.1/node_modules/axios/lib/helpers/package.json", O_RDONLY|O_CLOEXEC) = -1 ENOENT (No such file or directory)
10642 openat(AT_FDCWD, "/home/runner/work/deckrender-acceptance/deckrender-acceptance/benchmark/artifacts/acceptance/runtimes/v0.3.1/node_modules/axios/lib/package.json", O_RDONLY|O_CLOEXEC) = -1 ENOENT (No such file or directory)
10642 openat(AT_FDCWD, "/home/runner/work/deckrender-acceptance/deckrender-acceptance/benchmark/artifacts/acceptance/runtimes/v0.3.1/node_modules/axios/lib/platform/package.json", O_RDONLY|O_CLOEXEC) = -1 ENOENT (No such file or directory)
10642 openat(AT_FDCWD, "/home/runner/work/deckrender-acceptance/deckrender-acceptance/benchmark/artifacts/acceptance/runtimes/v0.3.1/node_modules/axios/lib/package.json", O_RDONLY|O_CLOEXEC) = -1 ENOENT (No such file or directory)
10642 openat(AT_FDCWD, "/home/runner/work/deckrender-acceptance/deckrender-acceptance/benchmark/artifacts/acceptance/runtimes/v0.3.1/node_modules/axios/lib/package.json", O_RDONLY|O_CLOEXEC) = -1 ENOENT (No such file or directory)
10642 openat(AT_FDCWD, "/home/runner/work/deckrender-acceptance/deckrender-acceptance/benchmark/artifacts/acceptance/runtimes/v0.3.1/node_modules/axios/lib/core/package.json", O_RDONLY|O_CLOEXEC) = -1 ENOENT (No such file or directory)
10642 openat(AT_FDCWD, "/home/runner/work/deckrender-acceptance/deckrender-acceptance/benchmark/artifacts/acceptance/runtimes/v0.3.1/node_modules/axios/lib/package.json", O_RDONLY|O_CLOEXEC) = -1 ENOENT (No such file or directory)
10642 openat(AT_FDCWD, "/home/runner/work/deckrender-acceptance/deckrender-acceptance/benchmark/artifacts/acceptance/runtimes/v0.3.1/node_modules/axios/lib/helpers/package.json", O_RDONLY|O_CLOEXEC) = -1 ENOENT (No such file or directory)
10642 openat(AT_FDCWD, "/home/runner/work/deckrender-acceptance/deckrender-acceptance/benchmark/artifacts/acceptance/runtimes/v0.3.1/node_modules/axios/lib/package.json", O_RDONLY|O_CLOEXEC) = -1 ENOENT (No such file or directory)
10642 openat(AT_FDCWD, "/home/runner/work/deckrender-acceptance/deckrender-acceptance/benchmark/artifacts/acceptance/runtimes/v0.3.1/node_modules/axios/lib/helpers/package.json", O_RDONLY|O_CLOEXEC) = -1 ENOENT (No such file or directory)
10642 openat(AT_FDCWD, "/home/runner/work/deckrender-acceptance/deckrender-acceptance/benchmark/artifacts/acceptance/runtimes/v0.3.1/node_modules/axios/lib/package.json", O_RDONLY|O_CLOEXEC) = -1 ENOENT (No such file or directory)
10642 openat(AT_FDCWD, "/home/runner/work/deckrender-acceptance/deckrender-acceptance/benchmark/artifacts/acceptance/runtimes/v0.3.1/node_modules/axios/lib/core/package.json", O_RDONLY|O_CLOEXEC) = -1 ENOENT (No such file or directory)
10642 openat(AT_FDCWD, "/home/runner/work/deckrender-acceptance/deckrender-acceptance/benchmark/artifacts/acceptance/runtimes/v0.3.1/node_modules/axios/lib/package.json", O_RDONLY|O_CLOEXEC) = -1 ENOENT (No such file or directory)
10642 openat(AT_FDCWD, "/home/runner/work/deckrender-acceptance/deckrender-acceptance/benchmark/artifacts/acceptance/runtimes/v0.3.1/node_modules/axios/lib/helpers/package.json", O_RDONLY|O_CLOEXEC) = -1 ENOENT (No such file or directory)
10642 openat(AT_FDCWD, "/home/runner/work/deckrender-acceptance/deckrender-acceptance/benchmark/artifacts/acceptance/runtimes/v0.3.1/node_modules/axios/lib/package.json", O_RDONLY|O_CLOEXEC) = -1 ENOENT (No such file or directory)
10642 openat(AT_FDCWD, "/home/runner/work/deckrender-acceptance/deckrender-acceptance/benchmark/artifacts/acceptance/runtimes/v0.3.1/node_modules/axios/lib/helpers/package.json", O_RDONLY|O_CLOEXEC) = -1 ENOENT (No such file or directory)
10642 openat(AT_FDCWD, "/home/runner/work/deckrender-acceptance/deckrender-acceptance/benchmark/artifacts/acceptance/runtimes/v0.3.1/node_modules/axios/lib/package.json", O_RDONLY|O_CLOEXEC) = -1 ENOENT (No such file or directory)
10642 openat(AT_FDCWD, "/home/runner/work/deckrender-acceptance/deckrender-acceptance/benchmark/artifacts/acceptance/runtimes/v0.3.1/node_modules/axios/lib/core/package.json", O_RDONLY|O_CLOEXEC) = -1 ENOENT (No such file or directory)
10642 openat(AT_FDCWD, "/home/runner/work/deckrender-acceptance/deckrender-acceptance/benchmark/artifacts/acceptance/runtimes/v0.3.1/node_modules/axios/lib/package.json", O_RDONLY|O_CLOEXEC) = -1 ENOENT (No such file or directory)
10642 openat(AT_FDCWD, "/home/runner/work/deckrender-acceptance/deckrender-acceptance/benchmark/artifacts/acceptance/runtimes/v0.3.1/node_modules/axios/lib/helpers/package.json", O_RDONLY|O_CLOEXEC) = -1 ENOENT (No such file or directory)
10642 openat(AT_FDCWD, "/home/runner/work/deckrender-acceptance/deckrender-acceptance/benchmark/artifacts/acceptance/runtimes/v0.3.1/node_modules/axios/lib/package.json", O_RDONLY|O_CLOEXEC) = -1 ENOENT (No such file or directory)
10642 openat(AT_FDCWD, "/home/runner/work/deckrender-acceptance/deckrender-acceptance/benchmark/artifacts/acceptance/runtimes/v0.3.1/node_modules/axios/lib/env/package.json", O_RDONLY|O_CLOEXEC) = -1 ENOENT (No such file or directory)
10642 openat(AT_FDCWD, "/home/runner/work/deckrender-acceptance/deckrender-acceptance/benchmark/artifacts/acceptance/runtimes/v0.3.1/node_modules/axios/lib/package.json", O_RDONLY|O_CLOEXEC) = -1 ENOENT (No such file or directory)
10642 openat(AT_FDCWD, "/home/runner/work/deckrender-acceptance/deckrender-acceptance/benchmark/artifacts/acceptance/runtimes/v0.3.1/node_modules/axios/lib/helpers/package.json", O_RDONLY|O_CLOEXEC) = -1 ENOENT (No such file or directory)
10642 openat(AT_FDCWD, "/home/runner/work/deckrender-acceptance/deckrender-acceptance/benchmark/artifacts/acceptance/runtimes/v0.3.1/node_modules/axios/lib/package.json", O_RDONLY|O_CLOEXEC) = -1 ENOENT (No such file or directory)
10642 openat(AT_FDCWD, "/home/runner/work/deckrender-acceptance/deckrender-acceptance/benchmark/artifacts/acceptance/runtimes/v0.3.1/node_modules/axios/lib/helpers/AxiosURLSearchParams.js", O_RDONLY|O_CLOEXEC) = 21
10642 openat(AT_FDCWD, "/home/runner/work/deckrender-acceptance/deckrender-acceptance/benchmark/artifacts/acceptance/runtimes/v0.3.1/node_modules/axios/lib/core/transformData.js", O_RDONLY|O_CLOEXEC) = 21
10642 openat(AT_FDCWD, "/home/runner/work/deckrender-acceptance/deckrender-acceptance/benchmark/artifacts/acceptance/runtimes/v0.3.1/node_modules/axios/lib/helpers/isAbsoluteURL.js", O_RDONLY|O_CLOEXEC) = 21
10642 openat(AT_FDCWD, "/home/runner/work/deckrender-acceptance/deckrender-acceptance/benchmark/artifacts/acceptance/runtimes/v0.3.1/node_modules/axios/lib/helpers/combineURLs.js", O_RDONLY|O_CLOEXEC) = 21
10642 openat(AT_FDCWD, "/home/runner/work/deckrender-acceptance/deckrender-acceptance/benchmark/artifacts/acceptance/runtimes/v0.3.1/node_modules/axios/lib/helpers/normalizeURLForProtocolCheck.js", O_RDONLY|O_CLOEXEC) = 21
10642 openat(AT_FDCWD, "/home/runner/work/deckrender-acceptance/deckrender-acceptance/benchmark/artifacts/acceptance/runtimes/v0.3.1/node_modules/axios/lib/platform/node/index.js", O_RDONLY|O_CLOEXEC) = 21
10642 openat(AT_FDCWD, "/home/runner/work/deckrender-acceptance/deckrender-acceptance/benchmark/artifacts/acceptance/runtimes/v0.3.1/node_modules/axios/lib/platform/common/utils.js", O_RDONLY|O_CLOEXEC) = 21
10642 openat(AT_FDCWD, "/home/runner/work/deckrender-acceptance/deckrender-acceptance/benchmark/artifacts/acceptance/runtimes/v0.3.1/node_modules/form-data/lib/form_data.js", O_RDONLY|O_CLOEXEC) = 21
10642 openat(AT_FDCWD, "/home/runner/work/deckrender-acceptance/deckrender-acceptance/benchmark/artifacts/acceptance/runtimes/v0.3.1/node_modules/form-data/lib/package.json", O_RDONLY|O_CLOEXEC) = -1 ENOENT (No such file or directory)
10642 openat(AT_FDCWD, "/home/runner/work/deckrender-acceptance/deckrender-acceptance/benchmark/artifacts/acceptance/runtimes/v0.3.1/node_modules/axios/lib/core/settle.js", O_RDONLY|O_CLOEXEC) = 21
10642 openat(AT_FDCWD, "/home/runner/work/deckrender-acceptance/deckrender-acceptance/benchmark/artifacts/acceptance/runtimes/v0.3.1/node_modules/proxy-from-env/index.js", O_RDONLY|O_CLOEXEC) = 21
10642 openat(AT_FDCWD, "/home/runner/work/deckrender-acceptance/deckrender-acceptance/benchmark/artifacts/acceptance/runtimes/v0.3.1/node_modules/https-proxy-agent/dist/index.js", O_RDONLY|O_CLOEXEC) = 21
10642 openat(AT_FDCWD, "/home/runner/work/deckrender-acceptance/deckrender-acceptance/benchmark/artifacts/acceptance/runtimes/v0.3.1/node_modules/https-proxy-agent/dist/package.json", O_RDONLY|O_CLOEXEC) = -1 ENOENT (No such file or directory)
10642 openat(AT_FDCWD, "/home/runner/work/deckrender-acceptance/deckrender-acceptance/benchmark/artifacts/acceptance/runtimes/v0.3.1/node_modules/follow-redirects/index.js", O_RDONLY|O_CLOEXEC) = 21
10642 openat(AT_FDCWD, "/home/runner/work/deckrender-acceptance/deckrender-acceptance/benchmark/artifacts/acceptance/runtimes/v0.3.1/node_modules/axios/lib/helpers/fromDataURI.js", O_RDONLY|O_CLOEXEC) = 21
10642 openat(AT_FDCWD, "/home/runner/work/deckrender-acceptance/deckrender-acceptance/benchmark/artifacts/acceptance/runtimes/v0.3.1/node_modules/axios/lib/core/setFormDataHeaders.js", O_RDONLY|O_CLOEXEC) = 21
10642 openat(AT_FDCWD, "/home/runner/work/deckrender-acceptance/deckrender-acceptance/benchmark/artifacts/acceptance/runtimes/v0.3.1/node_modules/axios/lib/helpers/AxiosTransformStream.js", O_RDONLY|O_CLOEXEC) = 21
10642 openat(AT_FDCWD, "/home/runner/work/deckrender-acceptance/deckrender-acceptance/benchmark/artifacts/acceptance/runtimes/v0.3.1/node_modules/axios/lib/helpers/formDataToStream.js", O_RDONLY|O_CLOEXEC) = 21
10642 openat(AT_FDCWD, "/home/runner/work/deckrender-acceptance/deckrender-acceptance/benchmark/artifacts/acceptance/runtimes/v0.3.1/node_modules/axios/lib/helpers/readBlob.js", O_RDONLY|O_CLOEXEC) = 21
10642 openat(AT_FDCWD, "/home/runner/work/deckrender-acceptance/deckrender-acceptance/benchmark/artifacts/acceptance/runtimes/v0.3.1/node_modules/axios/lib/helpers/ZlibHeaderTransformStream.js", O_RDONLY|O_CLOEXEC) = 21
10642 openat(AT_FDCWD, "/home/runner/work/deckrender-acceptance/deckrender-acceptance/benchmark/artifacts/acceptance/runtimes/v0.3.1/node_modules/axios/lib/helpers/Http2Sessions.js", O_RDONLY|O_CLOEXEC) = 21
10642 openat(AT_FDCWD, "/home/runner/work/deckrender-acceptance/deckrender-acceptance/benchmark/artifacts/acceptance/runtimes/v0.3.1/node_modules/axios/lib/helpers/callbackify.js", O_RDONLY|O_CLOEXEC) = 21
10642 openat(AT_FDCWD, "/home/runner/work/deckrender-acceptance/deckrender-acceptance/benchmark/artifacts/acceptance/runtimes/v0.3.1/node_modules/axios/lib/helpers/shouldBypassProxy.js", O_RDONLY|O_CLOEXEC) = 21
10642 openat(AT_FDCWD, "/home/runner/work/deckrender-acceptance/deckrender-acceptance/benchmark/artifacts/acceptance/runtimes/v0.3.1/node_modules/axios/lib/helpers/progressEventReducer.js", O_RDONLY|O_CLOEXEC) = 21
10642 openat(AT_FDCWD, "/home/runner/work/deckrender-acceptance/deckrender-acceptance/benchmark/artifacts/acceptance/runtimes/v0.3.1/node_modules/axios/lib/helpers/estimateDataURLDecodedBytes.js", O_RDONLY|O_CLOEXEC) = 21
10642 openat(AT_FDCWD, "/home/runner/work/deckrender-acceptance/deckrender-acceptance/benchmark/artifacts/acceptance/runtimes/v0.3.1/node_modules/axios/lib/helpers/parseProtocol.js", O_RDONLY|O_CLOEXEC) = 21
10642 openat(AT_FDCWD, "/home/runner/work/deckrender-acceptance/deckrender-acceptance/benchmark/artifacts/acceptance/runtimes/v0.3.1/node_modules/axios/lib/helpers/resolveConfig.js", O_RDONLY|O_CLOEXEC) = 21
10642 openat(AT_FDCWD, "/home/runner/work/deckrender-acceptance/deckrender-acceptance/benchmark/artifacts/acceptance/runtimes/v0.3.1/node_modules/axios/lib/helpers/composeSignals.js", O_RDONLY|O_CLOEXEC) = 21
10642 openat(AT_FDCWD, "/home/runner/work/deckrender-acceptance/deckrender-acceptance/benchmark/artifacts/acceptance/runtimes/v0.3.1/node_modules/axios/lib/helpers/trackStream.js", O_RDONLY|O_CLOEXEC) = 21
10642 openat(AT_FDCWD, "/home/runner/work/deckrender-acceptance/deckrender-acceptance/benchmark/artifacts/acceptance/runtimes/v0.3.1/node_modules/axios/lib/helpers/package.json", O_RDONLY|O_CLOEXEC) = -1 ENOENT (No such file or directory)
10642 openat(AT_FDCWD, "/home/runner/work/deckrender-acceptance/deckrender-acceptance/benchmark/artifacts/acceptance/runtimes/v0.3.1/node_modules/axios/lib/package.json", O_RDONLY|O_CLOEXEC) = -1 ENOENT (No such file or directory)
10642 openat(AT_FDCWD, "/home/runner/work/deckrender-acceptance/deckrender-acceptance/benchmark/artifacts/acceptance/runtimes/v0.3.1/node_modules/axios/lib/package.json", O_RDONLY|O_CLOEXEC) = -1 ENOENT (No such file or directory)
10642 openat(AT_FDCWD, "/home/runner/work/deckrender-acceptance/deckrender-acceptance/benchmark/artifacts/acceptance/runtimes/v0.3.1/node_modules/axios/lib/defaults/package.json", O_RDONLY|O_CLOEXEC) = -1 ENOENT (No such file or directory)
10642 openat(AT_FDCWD, "/home/runner/work/deckrender-acceptance/deckrender-acceptance/benchmark/artifacts/acceptance/runtimes/v0.3.1/node_modules/axios/lib/package.json", O_RDONLY|O_CLOEXEC) = -1 ENOENT (No such file or directory)
10642 openat(AT_FDCWD, "/home/runner/work/deckrender-acceptance/deckrender-acceptance/benchmark/artifacts/acceptance/runtimes/v0.3.1/node_modules/axios/lib/core/package.json", O_RDONLY|O_CLOEXEC) = -1 ENOENT (No such file or directory)
10642 openat(AT_FDCWD, "/home/runner/work/deckrender-acceptance/deckrender-acceptance/benchmark/artifacts/acceptance/runtimes/v0.3.1/node_modules/axios/lib/package.json", O_RDONLY|O_CLOEXEC) = -1 ENOENT (No such file or directory)
10642 openat(AT_FDCWD, "/home/runner/work/deckrender-acceptance/deckrender-acceptance/benchmark/artifacts/acceptance/runtimes/v0.3.1/node_modules/axios/lib/platform/node/classes/package.json", O_RDONLY|O_CLOEXEC) = -1 ENOENT (No such file or directory)
10642 openat(AT_FDCWD, "/home/runner/work/deckrender-acceptance/deckrender-acceptance/benchmark/artifacts/acceptance/runtimes/v0.3.1/node_modules/axios/lib/platform/node/package.json", O_RDONLY|O_CLOEXEC) = -1 ENOENT (No such file or directory)
10642 openat(AT_FDCWD, "/home/runner/work/deckrender-acceptance/deckrender-acceptance/benchmark/artifacts/acceptance/runtimes/v0.3.1/node_modules/axios/lib/platform/package.json", O_RDONLY|O_CLOEXEC) = -1 ENOENT (No such file or directory)
10642 openat(AT_FDCWD, "/home/runner/work/deckrender-acceptance/deckrender-acceptance/benchmark/artifacts/acceptance/runtimes/v0.3.1/node_modules/axios/lib/package.json", O_RDONLY|O_CLOEXEC) = -1 ENOENT (No such file or directory)
10642 openat(AT_FDCWD, "/home/runner/work/deckrender-acceptance/deckrender-acceptance/benchmark/artifacts/acceptance/runtimes/v0.3.1/node_modules/axios/lib/platform/node/classes/package.json", O_RDONLY|O_CLOEXEC) = -1 ENOENT (No such file or directory)
10642 openat(AT_FDCWD, "/home/runner/work/deckrender-acceptance/deckrender-acceptance/benchmark/artifacts/acceptance/runtimes/v0.3.1/node_modules/axios/lib/platform/node/package.json", O_RDONLY|O_CLOEXEC) = -1 ENOENT (No such file or directory)
10642 openat(AT_FDCWD, "/home/runner/work/deckrender-acceptance/deckrender-acceptance/benchmark/artifacts/acceptance/runtimes/v0.3.1/node_modules/axios/lib/platform/package.json", O_RDONLY|O_CLOEXEC) = -1 ENOENT (No such file or directory)
10642 openat(AT_FDCWD, "/home/runner/work/deckrender-acceptance/deckrender-acceptance/benchmark/artifacts/acceptance/runtimes/v0.3.1/node_modules/axios/lib/package.json", O_RDONLY|O_CLOEXEC) = -1 ENOENT (No such file or directory)
10642 openat(AT_FDCWD, "/home/runner/work/deckrender-acceptance/deckrender-acceptance/benchmark/artifacts/acceptance/runtimes/v0.3.1/node_modules/axios/lib/core/package.json", O_RDONLY|O_CLOEXEC) = -1 ENOENT (No such file or directory)
10642 openat(AT_FDCWD, "/home/runner/work/deckrender-acceptance/deckrender-acceptance/benchmark/artifacts/acceptance/runtimes/v0.3.1/node_modules/axios/lib/package.json", O_RDONLY|O_CLOEXEC) = -1 ENOENT (No such file or directory)
10642 openat(AT_FDCWD, "/home/runner/work/deckrender-acceptance/deckrender-acceptance/benchmark/artifacts/acceptance/runtimes/v0.3.1/node_modules/axios/lib/core/package.json", O_RDONLY|O_CLOEXEC) = -1 ENOENT (No such file or directory)
10642 openat(AT_FDCWD, "/home/runner/work/deckrender-acceptance/deckrender-acceptance/benchmark/artifacts/acceptance/runtimes/v0.3.1/node_modules/axios/lib/package.json", O_RDONLY|O_CLOEXEC) = -1 ENOENT (No such file or directory)
10642 openat(AT_FDCWD, "/home/runner/work/deckrender-acceptance/deckrender-acceptance/benchmark/artifacts/acceptance/runtimes/v0.3.1/node_modules/axios/lib/helpers/package.json", O_RDONLY|O_CLOEXEC) = -1 ENOENT (No such file or directory)
10642 openat(AT_FDCWD, "/home/runner/work/deckrender-acceptance/deckrender-acceptance/benchmark/artifacts/acceptance/runtimes/v0.3.1/node_modules/axios/lib/package.json", O_RDONLY|O_CLOEXEC) = -1 ENOENT (No such file or directory)
10642 openat(AT_FDCWD, "/home/runner/work/deckrender-acceptance/deckrender-acceptance/benchmark/artifacts/acceptance/runtimes/v0.3.1/node_modules/axios/lib/platform/package.json", O_RDONLY|O_CLOEXEC) = -1 ENOENT (No such file or directory)
10642 openat(AT_FDCWD, "/home/runner/work/deckrender-acceptance/deckrender-acceptance/benchmark/artifacts/acceptance/runtimes/v0.3.1/node_modules/axios/lib/package.json", O_RDONLY|O_CLOEXEC) = -1 ENOENT (No such file or directory)
10642 openat(AT_FDCWD, "/home/runner/work/deckrender-acceptance/deckrender-acceptance/benchmark/artifacts/acceptance/runtimes/v0.3.1/node_modules/axios/lib/package.json", O_RDONLY|O_CLOEXEC) = -1 ENOENT (No such file or directory)
10642 openat(AT_FDCWD, "/home/runner/work/deckrender-acceptance/deckrender-acceptance/benchmark/artifacts/acceptance/runtimes/v0.3.1/node_modules/axios/lib/package.json", O_RDONLY|O_CLOEXEC) = -1 ENOENT (No such file or directory)
10642 openat(AT_FDCWD, "/home/runner/work/deckrender-acceptance/deckrender-acceptance/benchmark/artifacts/acceptance/runtimes/v0.3.1/node_modules/axios/lib/helpers/package.json", O_RDONLY|O_CLOEXEC) = -1 ENOENT (No such file or directory)
10642 openat(AT_FDCWD, "/home/runner/work/deckrender-acceptance/deckrender-acceptance/benchmark/artifacts/acceptance/runtimes/v0.3.1/node_modules/axios/lib/package.json", O_RDONLY|O_CLOEXEC) = -1 ENOENT (No such file or directory)
10642 openat(AT_FDCWD, "/home/runner/work/deckrender-acceptance/deckrender-acceptance/benchmark/artifacts/acceptance/runtimes/v0.3.1/node_modules/axios/lib/platform/package.json", O_RDONLY|O_CLOEXEC) = -1 ENOENT (No such file or directory)
10642 openat(AT_FDCWD, "/home/runner/work/deckrender-acceptance/deckrender-acceptance/benchmark/artifacts/acceptance/runtimes/v0.3.1/node_modules/axios/lib/package.json", O_RDONLY|O_CLOEXEC) = -1 ENOENT (No such file or directory)
10642 openat(AT_FDCWD, "/home/runner/work/deckrender-acceptance/deckrender-acceptance/benchmark/artifacts/acceptance/runtimes/v0.3.1/node_modules/axios/lib/package.json", O_RDONLY|O_CLOEXEC) = -1 ENOENT (No such file or directory)
10642 openat(AT_FDCWD, "/home/runner/work/deckrender-acceptance/deckrender-acceptance/benchmark/artifacts/acceptance/runtimes/v0.3.1/node_modules/axios/lib/helpers/package.json", O_RDONLY|O_CLOEXEC) = -1 ENOENT (No such file or directory)
10642 openat(AT_FDCWD, "/home/runner/work/deckrender-acceptance/deckrender-acceptance/benchmark/artifacts/acceptance/runtimes/v0.3.1/node_modules/axios/lib/package.json", O_RDONLY|O_CLOEXEC) = -1 ENOENT (No such file or directory)
10642 openat(AT_FDCWD, "/home/runner/work/deckrender-acceptance/deckrender-acceptance/benchmark/artifacts/acceptance/runtimes/v0.3.1/node_modules/axios/lib/helpers/package.json", O_RDONLY|O_CLOEXEC) = -1 ENOENT (No such file or directory)
10642 openat(AT_FDCWD, "/home/runner/work/deckrender-acceptance/deckrender-acceptance/benchmark/artifacts/acceptance/runtimes/v0.3.1/node_modules/axios/lib/package.json", O_RDONLY|O_CLOEXEC) = -1 ENOENT (No such file or directory)
10642 openat(AT_FDCWD, "/home/runner/work/deckrender-acceptance/deckrender-acceptance/benchmark/artifacts/acceptance/runtimes/v0.3.1/node_modules/axios/lib/package.json", O_RDONLY|O_CLOEXEC) = -1 ENOENT (No such file or directory)
10642 openat(AT_FDCWD, "/home/runner/work/deckrender-acceptance/deckrender-acceptance/benchmark/artifacts/acceptance/runtimes/v0.3.1/node_modules/axios/lib/platform/package.json", O_RDONLY|O_CLOEXEC) = -1 ENOENT (No such file or directory)
10642 openat(AT_FDCWD, "/home/runner/work/deckrender-acceptance/deckrender-acceptance/benchmark/artifacts/acceptance/runtimes/v0.3.1/node_modules/axios/lib/package.json", O_RDONLY|O_CLOEXEC) = -1 ENOENT (No such file or directory)
10642 openat(AT_FDCWD, "/home/runner/work/deckrender-acceptance/deckrender-acceptance/benchmark/artifacts/acceptance/runtimes/v0.3.1/node_modules/axios/lib/package.json", O_RDONLY|O_CLOEXEC) = -1 ENOENT (No such file or directory)
10642 openat(AT_FDCWD, "/home/runner/work/deckrender-acceptance/deckrender-acceptance/benchmark/artifacts/acceptance/runtimes/v0.3.1/node_modules/axios/lib/core/package.json", O_RDONLY|O_CLOEXEC) = -1 ENOENT (No such file or directory)
10642 openat(AT_FDCWD, "/home/runner/work/deckrender-acceptance/deckrender-acceptance/benchmark/artifacts/acceptance/runtimes/v0.3.1/node_modules/axios/lib/package.json", O_RDONLY|O_CLOEXEC) = -1 ENOENT (No such file or directory)
10642 openat(AT_FDCWD, "/home/runner/work/deckrender-acceptance/deckrender-acceptance/benchmark/artifacts/acceptance/runtimes/v0.3.1/node_modules/axios/lib/helpers/package.json", O_RDONLY|O_CLOEXEC) = -1 ENOENT (No such file or directory)
10642 openat(AT_FDCWD, "/home/runner/work/deckrender-acceptance/deckrender-acceptance/benchmark/artifacts/acceptance/runtimes/v0.3.1/node_modules/axios/lib/package.json", O_RDONLY|O_CLOEXEC) = -1 ENOENT (No such file or directory)
10642 openat(AT_FDCWD, "/home/runner/work/deckrender-acceptance/deckrender-acceptance/benchmark/artifacts/acceptance/runtimes/v0.3.1/node_modules/axios/lib/helpers/package.json", O_RDONLY|O_CLOEXEC) = -1 ENOENT (No such file or directory)
10642 openat(AT_FDCWD, "/home/runner/work/deckrender-acceptance/deckrender-acceptance/benchmark/artifacts/acceptance/runtimes/v0.3.1/node_modules/axios/lib/package.json", O_RDONLY|O_CLOEXEC) = -1 ENOENT (No such file or directory)
10642 openat(AT_FDCWD, "/home/runner/work/deckrender-acceptance/deckrender-acceptance/benchmark/artifacts/acceptance/runtimes/v0.3.1/node_modules/axios/lib/core/package.json", O_RDONLY|O_CLOEXEC) = -1 ENOENT (No such file or directory)
10642 openat(AT_FDCWD, "/home/runner/work/deckrender-acceptance/deckrender-acceptance/benchmark/artifacts/acceptance/runtimes/v0.3.1/node_modules/axios/lib/package.json", O_RDONLY|O_CLOEXEC) = -1 ENOENT (No such file or directory)
10642 openat(AT_FDCWD, "/home/runner/work/deckrender-acceptance/deckrender-acceptance/benchmark/artifacts/acceptance/runtimes/v0.3.1/node_modules/axios/lib/core/package.json", O_RDONLY|O_CLOEXEC) = -1 ENOENT (No such file or directory)
10642 openat(AT_FDCWD, "/home/runner/work/deckrender-acceptance/deckrender-acceptance/benchmark/artifacts/acceptance/runtimes/v0.3.1/node_modules/axios/lib/package.json", O_RDONLY|O_CLOEXEC) = -1 ENOENT (No such file or directory)
10642 openat(AT_FDCWD, "/home/runner/work/deckrender-acceptance/deckrender-acceptance/benchmark/artifacts/acceptance/runtimes/v0.3.1/node_modules/axios/lib/core/package.json", O_RDONLY|O_CLOEXEC) = -1 ENOENT (No such file or directory)
10642 openat(AT_FDCWD, "/home/runner/work/deckrender-acceptance/deckrender-acceptance/benchmark/artifacts/acceptance/runtimes/v0.3.1/node_modules/axios/lib/package.json", O_RDONLY|O_CLOEXEC) = -1 ENOENT (No such file or directory)
10642 openat(AT_FDCWD, "/home/runner/work/deckrender-acceptance/deckrender-acceptance/benchmark/artifacts/acceptance/runtimes/v0.3.1/node_modules/axios/lib/core/package.json", O_RDONLY|O_CLOEXEC) = -1 ENOENT (No such file or directory)
10642 openat(AT_FDCWD, "/home/runner/work/deckrender-acceptance/deckrender-acceptance/benchmark/artifacts/acceptance/runtimes/v0.3.1/node_modules/axios/lib/package.json", O_RDONLY|O_CLOEXEC) = -1 ENOENT (No such file or directory)
10642 openat(AT_FDCWD, "/home/runner/work/deckrender-acceptance/deckrender-acceptance/benchmark/artifacts/acceptance/runtimes/v0.3.1/node_modules/axios/lib/helpers/package.json", O_RDONLY|O_CLOEXEC) = -1 ENOENT (No such file or directory)
10642 openat(AT_FDCWD, "/home/runner/work/deckrender-acceptance/deckrender-acceptance/benchmark/artifacts/acceptance/runtimes/v0.3.1/node_modules/axios/lib/package.json", O_RDONLY|O_CLOEXEC) = -1 ENOENT (No such file or directory)
10642 openat(AT_FDCWD, "/home/runner/work/deckrender-acceptance/deckrender-acceptance/benchmark/artifacts/acceptance/runtimes/v0.3.1/node_modules/axios/lib/cancel/package.json", O_RDONLY|O_CLOEXEC) = -1 ENOENT (No such file or directory)
10642 openat(AT_FDCWD, "/home/runner/work/deckrender-acceptance/deckrender-acceptance/benchmark/artifacts/acceptance/runtimes/v0.3.1/node_modules/axios/lib/package.json", O_RDONLY|O_CLOEXEC) = -1 ENOENT (No such file or directory)
10642 openat(AT_FDCWD, "/home/runner/work/deckrender-acceptance/deckrender-acceptance/benchmark/artifacts/acceptance/runtimes/v0.3.1/node_modules/axios/lib/core/package.json", O_RDONLY|O_CLOEXEC) = -1 ENOENT (No such file or directory)
10642 openat(AT_FDCWD, "/home/runner/work/deckrender-acceptance/deckrender-acceptance/benchmark/artifacts/acceptance/runtimes/v0.3.1/node_modules/axios/lib/package.json", O_RDONLY|O_CLOEXEC) = -1 ENOENT (No such file or directory)
10642 openat(AT_FDCWD, "/home/runner/work/deckrender-acceptance/deckrender-acceptance/benchmark/artifacts/acceptance/runtimes/v0.3.1/node_modules/axios/lib/package.json", O_RDONLY|O_CLOEXEC) = -1 ENOENT (No such file or directory)
10642 openat(AT_FDCWD, "/home/runner/work/deckrender-acceptance/deckrender-acceptance/benchmark/artifacts/acceptance/runtimes/v0.3.1/node_modules/axios/lib/platform/node/classes/URLSearchParams.js", O_RDONLY|O_CLOEXEC) = 21
10642 openat(AT_FDCWD, "/home/runner/work/deckrender-acceptance/deckrender-acceptance/benchmark/artifacts/acceptance/runtimes/v0.3.1/node_modules/axios/lib/helpers/speedometer.js", O_RDONLY|O_CLOEXEC) = 21
10642 openat(AT_FDCWD, "/home/runner/work/deckrender-acceptance/deckrender-acceptance/benchmark/artifacts/acceptance/runtimes/v0.3.1/node_modules/axios/lib/helpers/throttle.js", O_RDONLY|O_CLOEXEC) = 21
10642 openat(AT_FDCWD, "/home/runner/work/deckrender-acceptance/deckrender-acceptance/benchmark/artifacts/acceptance/runtimes/v0.3.1/node_modules/axios/lib/helpers/isURLSameOrigin.js", O_RDONLY|O_CLOEXEC) = 21
10642 openat(AT_FDCWD, "/home/runner/work/deckrender-acceptance/deckrender-acceptance/benchmark/artifacts/acceptance/runtimes/v0.3.1/node_modules/axios/lib/helpers/cookies.js", O_RDONLY|O_CLOEXEC) = 21
10642 openat(AT_FDCWD, "/home/runner/work/deckrender-acceptance/deckrender-acceptance/benchmark/artifacts/acceptance/runtimes/v0.3.1/node_modules/axios/lib/platform/package.json", O_RDONLY|O_CLOEXEC) = -1 ENOENT (No such file or directory)
10642 openat(AT_FDCWD, "/home/runner/work/deckrender-acceptance/deckrender-acceptance/benchmark/artifacts/acceptance/runtimes/v0.3.1/node_modules/axios/lib/package.json", O_RDONLY|O_CLOEXEC) = -1 ENOENT (No such file or directory)
10642 openat(AT_FDCWD, "/home/runner/work/deckrender-acceptance/deckrender-acceptance/benchmark/artifacts/acceptance/runtimes/v0.3.1/node_modules/axios/lib/package.json", O_RDONLY|O_CLOEXEC) = -1 ENOENT (No such file or directory)
10642 openat(AT_FDCWD, "/home/runner/work/deckrender-acceptance/deckrender-acceptance/benchmark/artifacts/acceptance/runtimes/v0.3.1/node_modules/axios/lib/platform/package.json", O_RDONLY|O_CLOEXEC) = -1 ENOENT (No such file or directory)
10642 openat(AT_FDCWD, "/home/runner/work/deckrender-acceptance/deckrender-acceptance/benchmark/artifacts/acceptance/runtimes/v0.3.1/node_modules/axios/lib/package.json", O_RDONLY|O_CLOEXEC) = -1 ENOENT (No such file or directory)
10642 openat(AT_FDCWD, "/home/runner/work/deckrender-acceptance/deckrender-acceptance/benchmark/artifacts/acceptance/runtimes/v0.3.1/node_modules/commander/lib/argument.js", O_RDONLY|O_CLOEXEC) = 21
10642 openat(AT_FDCWD, "/home/runner/work/deckrender-acceptance/deckrender-acceptance/benchmark/artifacts/acceptance/runtimes/v0.3.1/node_modules/commander/lib/error.js", O_RDONLY|O_CLOEXEC) = 21
10642 openat(AT_FDCWD, "/home/runner/work/deckrender-acceptance/deckrender-acceptance/benchmark/artifacts/acceptance/runtimes/v0.3.1/node_modules/commander/lib/command.js", O_RDONLY|O_CLOEXEC) = 21
10642 openat(AT_FDCWD, "/home/runner/work/deckrender-acceptance/deckrender-acceptance/benchmark/artifacts/acceptance/runtimes/v0.3.1/node_modules/commander/lib/help.js", O_RDONLY|O_CLOEXEC) = 21
10642 openat(AT_FDCWD, "/home/runner/work/deckrender-acceptance/deckrender-acceptance/benchmark/artifacts/acceptance/runtimes/v0.3.1/node_modules/commander/lib/option.js", O_RDONLY|O_CLOEXEC) = 21
10642 openat(AT_FDCWD, "/home/runner/work/deckrender-acceptance/deckrender-acceptance/benchmark/artifacts/acceptance/runtimes/v0.3.1/node_modules/commander/lib/suggestSimilar.js", O_RDONLY|O_CLOEXEC) = 21
10642 openat(AT_FDCWD, "/home/runner/work/deckrender-acceptance/deckrender-acceptance/benchmark/artifacts/acceptance/runtimes/v0.3.1/node_modules/combined-stream/package.json", O_RDONLY|O_CLOEXEC) = 21
10642 openat(AT_FDCWD, "/home/runner/work/deckrender-acceptance/deckrender-acceptance/benchmark/artifacts/acceptance/runtimes/v0.3.1/node_modules/combined-stream/lib/combined_stream.js", O_RDONLY|O_CLOEXEC) = 21
10642 openat(AT_FDCWD, "/home/runner/work/deckrender-acceptance/deckrender-acceptance/benchmark/artifacts/acceptance/runtimes/v0.3.1/node_modules/delayed-stream/package.json", O_RDONLY|O_CLOEXEC) = 21
10642 openat(AT_FDCWD, "/home/runner/work/deckrender-acceptance/deckrender-acceptance/benchmark/artifacts/acceptance/runtimes/v0.3.1/node_modules/delayed-stream/lib/delayed_stream.js", O_RDONLY|O_CLOEXEC) = 21
10642 openat(AT_FDCWD, "/home/runner/work/deckrender-acceptance/deckrender-acceptance/benchmark/artifacts/acceptance/runtimes/v0.3.1/node_modules/mime-types/package.json", O_RDONLY|O_CLOEXEC) = 21
10642 openat(AT_FDCWD, "/home/runner/work/deckrender-acceptance/deckrender-acceptance/benchmark/artifacts/acceptance/runtimes/v0.3.1/node_modules/mime-types/index.js", O_RDONLY|O_CLOEXEC) = 21
10642 openat(AT_FDCWD, "/home/runner/work/deckrender-acceptance/deckrender-acceptance/benchmark/artifacts/acceptance/runtimes/v0.3.1/node_modules/mime-db/package.json", O_RDONLY|O_CLOEXEC) = 21
10642 openat(AT_FDCWD, "/home/runner/work/deckrender-acceptance/deckrender-acceptance/benchmark/artifacts/acceptance/runtimes/v0.3.1/node_modules/mime-db/index.js", O_RDONLY|O_CLOEXEC) = 21
10642 openat(AT_FDCWD, "/home/runner/work/deckrender-acceptance/deckrender-acceptance/benchmark/artifacts/acceptance/runtimes/v0.3.1/node_modules/mime-db/db.json", O_RDONLY|O_CLOEXEC) = 21
10642 openat(AT_FDCWD, "/home/runner/work/deckrender-acceptance/deckrender-acceptance/benchmark/artifacts/acceptance/runtimes/v0.3.1/node_modules/asynckit/package.json", O_RDONLY|O_CLOEXEC) = 21
10642 openat(AT_FDCWD, "/home/runner/work/deckrender-acceptance/deckrender-acceptance/benchmark/artifacts/acceptance/runtimes/v0.3.1/node_modules/asynckit/index.js", O_RDONLY|O_CLOEXEC) = 21
10642 openat(AT_FDCWD, "/home/runner/work/deckrender-acceptance/deckrender-acceptance/benchmark/artifacts/acceptance/runtimes/v0.3.1/node_modules/asynckit/parallel.js", O_RDONLY|O_CLOEXEC) = 21
10642 openat(AT_FDCWD, "/home/runner/work/deckrender-acceptance/deckrender-acceptance/benchmark/artifacts/acceptance/runtimes/v0.3.1/node_modules/asynckit/lib/iterate.js", O_RDONLY|O_CLOEXEC) = 21
10642 openat(AT_FDCWD, "/home/runner/work/deckrender-acceptance/deckrender-acceptance/benchmark/artifacts/acceptance/runtimes/v0.3.1/node_modules/asynckit/lib/async.js", O_RDONLY|O_CLOEXEC) = 21
10642 openat(AT_FDCWD, "/home/runner/work/deckrender-acceptance/deckrender-acceptance/benchmark/artifacts/acceptance/runtimes/v0.3.1/node_modules/asynckit/lib/defer.js", O_RDONLY|O_CLOEXEC) = 21
10642 openat(AT_FDCWD, "/home/runner/work/deckrender-acceptance/deckrender-acceptance/benchmark/artifacts/acceptance/runtimes/v0.3.1/node_modules/asynckit/lib/abort.js", O_RDONLY|O_CLOEXEC) = 21
10642 openat(AT_FDCWD, "/home/runner/work/deckrender-acceptance/deckrender-acceptance/benchmark/artifacts/acceptance/runtimes/v0.3.1/node_modules/asynckit/lib/state.js", O_RDONLY|O_CLOEXEC) = 21
10642 openat(AT_FDCWD, "/home/runner/work/deckrender-acceptance/deckrender-acceptance/benchmark/artifacts/acceptance/runtimes/v0.3.1/node_modules/asynckit/lib/terminator.js", O_RDONLY|O_CLOEXEC) = 21
10642 openat(AT_FDCWD, "/home/runner/work/deckrender-acceptance/deckrender-acceptance/benchmark/artifacts/acceptance/runtimes/v0.3.1/node_modules/asynckit/serial.js", O_RDONLY|O_CLOEXEC) = 21
10642 openat(AT_FDCWD, "/home/runner/work/deckrender-acceptance/deckrender-acceptance/benchmark/artifacts/acceptance/runtimes/v0.3.1/node_modules/asynckit/serialOrdered.js", O_RDONLY|O_CLOEXEC) = 21
10642 openat(AT_FDCWD, "/home/runner/work/deckrender-acceptance/deckrender-acceptance/benchmark/artifacts/acceptance/runtimes/v0.3.1/node_modules/es-set-tostringtag/package.json", O_RDONLY|O_CLOEXEC) = 21
10642 openat(AT_FDCWD, "/home/runner/work/deckrender-acceptance/deckrender-acceptance/benchmark/artifacts/acceptance/runtimes/v0.3.1/node_modules/es-set-tostringtag/index.js", O_RDONLY|O_CLOEXEC) = 21
10642 openat(AT_FDCWD, "/home/runner/work/deckrender-acceptance/deckrender-acceptance/benchmark/artifacts/acceptance/runtimes/v0.3.1/node_modules/get-intrinsic/package.json", O_RDONLY|O_CLOEXEC) = 21
10642 openat(AT_FDCWD, "/home/runner/work/deckrender-acceptance/deckrender-acceptance/benchmark/artifacts/acceptance/runtimes/v0.3.1/node_modules/get-intrinsic/index.js", O_RDONLY|O_CLOEXEC) = 21
10642 openat(AT_FDCWD, "/home/runner/work/deckrender-acceptance/deckrender-acceptance/benchmark/artifacts/acceptance/runtimes/v0.3.1/node_modules/es-object-atoms/package.json", O_RDONLY|O_CLOEXEC) = 21
10642 openat(AT_FDCWD, "/home/runner/work/deckrender-acceptance/deckrender-acceptance/benchmark/artifacts/acceptance/runtimes/v0.3.1/node_modules/es-object-atoms/index.js", O_RDONLY|O_CLOEXEC) = 21
10642 openat(AT_FDCWD, "/home/runner/work/deckrender-acceptance/deckrender-acceptance/benchmark/artifacts/acceptance/runtimes/v0.3.1/node_modules/es-errors/package.json", O_RDONLY|O_CLOEXEC) = 21
10642 openat(AT_FDCWD, "/home/runner/work/deckrender-acceptance/deckrender-acceptance/benchmark/artifacts/acceptance/runtimes/v0.3.1/node_modules/es-errors/index.js", O_RDONLY|O_CLOEXEC) = 21
10642 openat(AT_FDCWD, "/home/runner/work/deckrender-acceptance/deckrender-acceptance/benchmark/artifacts/acceptance/runtimes/v0.3.1/node_modules/es-errors/eval.js", O_RDONLY|O_CLOEXEC) = 21
10642 openat(AT_FDCWD, "/home/runner/work/deckrender-acceptance/deckrender-acceptance/benchmark/artifacts/acceptance/runtimes/v0.3.1/node_modules/es-errors/range.js", O_RDONLY|O_CLOEXEC) = 21
10642 openat(AT_FDCWD, "/home/runner/work/deckrender-acceptance/deckrender-acceptance/benchmark/artifacts/acceptance/runtimes/v0.3.1/node_modules/es-errors/ref.js", O_RDONLY|O_CLOEXEC) = 21
10642 openat(AT_FDCWD, "/home/runner/work/deckrender-acceptance/deckrender-acceptance/benchmark/artifacts/acceptance/runtimes/v0.3.1/node_modules/es-errors/syntax.js", O_RDONLY|O_CLOEXEC) = 21
10642 openat(AT_FDCWD, "/home/runner/work/deckrender-acceptance/deckrender-acceptance/benchmark/artifacts/acceptance/runtimes/v0.3.1/node_modules/es-errors/type.js", O_RDONLY|O_CLOEXEC) = 21
10642 openat(AT_FDCWD, "/home/runner/work/deckrender-acceptance/deckrender-acceptance/benchmark/artifacts/acceptance/runtimes/v0.3.1/node_modules/es-errors/uri.js", O_RDONLY|O_CLOEXEC) = 21
10642 openat(AT_FDCWD, "/home/runner/work/deckrender-acceptance/deckrender-acceptance/benchmark/artifacts/acceptance/runtimes/v0.3.1/node_modules/math-intrinsics/package.json", O_RDONLY|O_CLOEXEC) = 21
10642 openat(AT_FDCWD, "/home/runner/work/deckrender-acceptance/deckrender-acceptance/benchmark/artifacts/acceptance/runtimes/v0.3.1/node_modules/math-intrinsics/abs.js", O_RDONLY|O_CLOEXEC) = 21
10642 openat(AT_FDCWD, "/home/runner/work/deckrender-acceptance/deckrender-acceptance/benchmark/artifacts/acceptance/runtimes/v0.3.1/node_modules/math-intrinsics/floor.js", O_RDONLY|O_CLOEXEC) = 21
10642 openat(AT_FDCWD, "/home/runner/work/deckrender-acceptance/deckrender-acceptance/benchmark/artifacts/acceptance/runtimes/v0.3.1/node_modules/math-intrinsics/max.js", O_RDONLY|O_CLOEXEC) = 21
10642 openat(AT_FDCWD, "/home/runner/work/deckrender-acceptance/deckrender-acceptance/benchmark/artifacts/acceptance/runtimes/v0.3.1/node_modules/math-intrinsics/min.js", O_RDONLY|O_CLOEXEC) = 21
10642 openat(AT_FDCWD, "/home/runner/work/deckrender-acceptance/deckrender-acceptance/benchmark/artifacts/acceptance/runtimes/v0.3.1/node_modules/math-intrinsics/pow.js", O_RDONLY|O_CLOEXEC) = 21
10642 openat(AT_FDCWD, "/home/runner/work/deckrender-acceptance/deckrender-acceptance/benchmark/artifacts/acceptance/runtimes/v0.3.1/node_modules/math-intrinsics/round.js", O_RDONLY|O_CLOEXEC) = 21
10642 openat(AT_FDCWD, "/home/runner/work/deckrender-acceptance/deckrender-acceptance/benchmark/artifacts/acceptance/runtimes/v0.3.1/node_modules/math-intrinsics/sign.js", O_RDONLY|O_CLOEXEC) = 21
10642 openat(AT_FDCWD, "/home/runner/work/deckrender-acceptance/deckrender-acceptance/benchmark/artifacts/acceptance/runtimes/v0.3.1/node_modules/math-intrinsics/isNaN.js", O_RDONLY|O_CLOEXEC) = 21
10642 openat(AT_FDCWD, "/home/runner/work/deckrender-acceptance/deckrender-acceptance/benchmark/artifacts/acceptance/runtimes/v0.3.1/node_modules/gopd/package.json", O_RDONLY|O_CLOEXEC) = 21
10642 openat(AT_FDCWD, "/home/runner/work/deckrender-acceptance/deckrender-acceptance/benchmark/artifacts/acceptance/runtimes/v0.3.1/node_modules/gopd/index.js", O_RDONLY|O_CLOEXEC) = 21
10642 openat(AT_FDCWD, "/home/runner/work/deckrender-acceptance/deckrender-acceptance/benchmark/artifacts/acceptance/runtimes/v0.3.1/node_modules/gopd/gOPD.js", O_RDONLY|O_CLOEXEC) = 21
10642 openat(AT_FDCWD, "/home/runner/work/deckrender-acceptance/deckrender-acceptance/benchmark/artifacts/acceptance/runtimes/v0.3.1/node_modules/es-define-property/package.json", O_RDONLY|O_CLOEXEC) = 21
10642 openat(AT_FDCWD, "/home/runner/work/deckrender-acceptance/deckrender-acceptance/benchmark/artifacts/acceptance/runtimes/v0.3.1/node_modules/es-define-property/index.js", O_RDONLY|O_CLOEXEC) = 21
10642 openat(AT_FDCWD, "/home/runner/work/deckrender-acceptance/deckrender-acceptance/benchmark/artifacts/acceptance/runtimes/v0.3.1/node_modules/has-symbols/package.json", O_RDONLY|O_CLOEXEC) = 21
10642 openat(AT_FDCWD, "/home/runner/work/deckrender-acceptance/deckrender-acceptance/benchmark/artifacts/acceptance/runtimes/v0.3.1/node_modules/has-symbols/index.js", O_RDONLY|O_CLOEXEC) = 21
10642 openat(AT_FDCWD, "/home/runner/work/deckrender-acceptance/deckrender-acceptance/benchmark/artifacts/acceptance/runtimes/v0.3.1/node_modules/has-symbols/shams.js", O_RDONLY|O_CLOEXEC) = 21
10642 openat(AT_FDCWD, "/home/runner/work/deckrender-acceptance/deckrender-acceptance/benchmark/artifacts/acceptance/runtimes/v0.3.1/node_modules/get-proto/package.json", O_RDONLY|O_CLOEXEC) = 21
10642 openat(AT_FDCWD, "/home/runner/work/deckrender-acceptance/deckrender-acceptance/benchmark/artifacts/acceptance/runtimes/v0.3.1/node_modules/get-proto/index.js", O_RDONLY|O_CLOEXEC) = 21
10642 openat(AT_FDCWD, "/home/runner/work/deckrender-acceptance/deckrender-acceptance/benchmark/artifacts/acceptance/runtimes/v0.3.1/node_modules/get-proto/Reflect.getPrototypeOf.js", O_RDONLY|O_CLOEXEC) = 21
10642 openat(AT_FDCWD, "/home/runner/work/deckrender-acceptance/deckrender-acceptance/benchmark/artifacts/acceptance/runtimes/v0.3.1/node_modules/get-proto/Object.getPrototypeOf.js", O_RDONLY|O_CLOEXEC) = 21
10642 openat(AT_FDCWD, "/home/runner/work/deckrender-acceptance/deckrender-acceptance/benchmark/artifacts/acceptance/runtimes/v0.3.1/node_modules/dunder-proto/package.json", O_RDONLY|O_CLOEXEC) = 21
10642 openat(AT_FDCWD, "/home/runner/work/deckrender-acceptance/deckrender-acceptance/benchmark/artifacts/acceptance/runtimes/v0.3.1/node_modules/dunder-proto/get.js", O_RDONLY|O_CLOEXEC) = 21
10642 openat(AT_FDCWD, "/home/runner/work/deckrender-acceptance/deckrender-acceptance/benchmark/artifacts/acceptance/runtimes/v0.3.1/node_modules/call-bind-apply-helpers/package.json", O_RDONLY|O_CLOEXEC) = 21
10642 openat(AT_FDCWD, "/home/runner/work/deckrender-acceptance/deckrender-acceptance/benchmark/artifacts/acceptance/runtimes/v0.3.1/node_modules/call-bind-apply-helpers/index.js", O_RDONLY|O_CLOEXEC) = 21
10642 openat(AT_FDCWD, "/home/runner/work/deckrender-acceptance/deckrender-acceptance/benchmark/artifacts/acceptance/runtimes/v0.3.1/node_modules/function-bind/package.json", O_RDONLY|O_CLOEXEC) = 21
10642 openat(AT_FDCWD, "/home/runner/work/deckrender-acceptance/deckrender-acceptance/benchmark/artifacts/acceptance/runtimes/v0.3.1/node_modules/function-bind/index.js", O_RDONLY|O_CLOEXEC) = 21
10642 openat(AT_FDCWD, "/home/runner/work/deckrender-acceptance/deckrender-acceptance/benchmark/artifacts/acceptance/runtimes/v0.3.1/node_modules/function-bind/implementation.js", O_RDONLY|O_CLOEXEC) = 21
10642 openat(AT_FDCWD, "/home/runner/work/deckrender-acceptance/deckrender-acceptance/benchmark/artifacts/acceptance/runtimes/v0.3.1/node_modules/call-bind-apply-helpers/functionCall.js", O_RDONLY|O_CLOEXEC) = 21
10642 openat(AT_FDCWD, "/home/runner/work/deckrender-acceptance/deckrender-acceptance/benchmark/artifacts/acceptance/runtimes/v0.3.1/node_modules/call-bind-apply-helpers/actualApply.js", O_RDONLY|O_CLOEXEC) = 21
10642 openat(AT_FDCWD, "/home/runner/work/deckrender-acceptance/deckrender-acceptance/benchmark/artifacts/acceptance/runtimes/v0.3.1/node_modules/call-bind-apply-helpers/functionApply.js", O_RDONLY|O_CLOEXEC) = 21
10642 openat(AT_FDCWD, "/home/runner/work/deckrender-acceptance/deckrender-acceptance/benchmark/artifacts/acceptance/runtimes/v0.3.1/node_modules/call-bind-apply-helpers/reflectApply.js", O_RDONLY|O_CLOEXEC) = 21
10642 openat(AT_FDCWD, "/home/runner/work/deckrender-acceptance/deckrender-acceptance/benchmark/artifacts/acceptance/runtimes/v0.3.1/node_modules/hasown/package.json", O_RDONLY|O_CLOEXEC) = 21
10642 openat(AT_FDCWD, "/home/runner/work/deckrender-acceptance/deckrender-acceptance/benchmark/artifacts/acceptance/runtimes/v0.3.1/node_modules/hasown/index.js", O_RDONLY|O_CLOEXEC) = 21
10642 openat(AT_FDCWD, "/home/runner/work/deckrender-acceptance/deckrender-acceptance/benchmark/artifacts/acceptance/runtimes/v0.3.1/node_modules/has-tostringtag/package.json", O_RDONLY|O_CLOEXEC) = 21
10642 openat(AT_FDCWD, "/home/runner/work/deckrender-acceptance/deckrender-acceptance/benchmark/artifacts/acceptance/runtimes/v0.3.1/node_modules/has-tostringtag/shams.js", O_RDONLY|O_CLOEXEC) = 21
10642 openat(AT_FDCWD, "/home/runner/work/deckrender-acceptance/deckrender-acceptance/benchmark/artifacts/acceptance/runtimes/v0.3.1/node_modules/form-data/lib/populate.js", O_RDONLY|O_CLOEXEC) = 21
10642 openat(AT_FDCWD, "/home/runner/work/deckrender-acceptance/deckrender-acceptance/benchmark/artifacts/acceptance/runtimes/v0.3.1/node_modules/https-proxy-agent/dist/agent.js", O_RDONLY|O_CLOEXEC) = 21
10642 openat(AT_FDCWD, "/home/runner/work/deckrender-acceptance/deckrender-acceptance/benchmark/artifacts/acceptance/runtimes/v0.3.1/node_modules/debug/package.json", O_RDONLY|O_CLOEXEC) = 21
10642 openat(AT_FDCWD, "/home/runner/work/deckrender-acceptance/deckrender-acceptance/benchmark/artifacts/acceptance/runtimes/v0.3.1/node_modules/debug/src/index.js", O_RDONLY|O_CLOEXEC) = 21
10642 openat(AT_FDCWD, "/home/runner/work/deckrender-acceptance/deckrender-acceptance/benchmark/artifacts/acceptance/runtimes/v0.3.1/node_modules/debug/src/node.js", O_RDONLY|O_CLOEXEC) = 21
10642 openat(AT_FDCWD, "/home/runner/work/deckrender-acceptance/deckrender-acceptance/benchmark/artifacts/acceptance/runtimes/v0.3.1/node_modules/supports-color/package.json", O_RDONLY|O_CLOEXEC) = -1 ENOENT (No such file or directory)
10642 openat(AT_FDCWD, "/home/runner/work/deckrender-acceptance/deckrender-acceptance/benchmark/artifacts/acceptance/runtimes/v0.3.1/node_modules/debug/src/common.js", O_RDONLY|O_CLOEXEC) = 21
10642 openat(AT_FDCWD, "/home/runner/work/deckrender-acceptance/deckrender-acceptance/benchmark/artifacts/acceptance/runtimes/v0.3.1/node_modules/ms/package.json", O_RDONLY|O_CLOEXEC) = 21
10642 openat(AT_FDCWD, "/home/runner/work/deckrender-acceptance/deckrender-acceptance/benchmark/artifacts/acceptance/runtimes/v0.3.1/node_modules/ms/index.js", O_RDONLY|O_CLOEXEC) = 21
10642 openat(AT_FDCWD, "/home/runner/work/deckrender-acceptance/deckrender-acceptance/benchmark/artifacts/acceptance/runtimes/v0.3.1/node_modules/agent-base/package.json", O_RDONLY|O_CLOEXEC) = 21
10642 openat(AT_FDCWD, "/home/runner/work/deckrender-acceptance/deckrender-acceptance/benchmark/artifacts/acceptance/runtimes/v0.3.1/node_modules/agent-base/dist/src/index.js", O_RDONLY|O_CLOEXEC) = 21
10642 openat(AT_FDCWD, "/home/runner/work/deckrender-acceptance/deckrender-acceptance/benchmark/artifacts/acceptance/runtimes/v0.3.1/node_modules/agent-base/dist/src/promisify.js", O_RDONLY|O_CLOEXEC) = 21
10642 openat(AT_FDCWD, "/home/runner/work/deckrender-acceptance/deckrender-acceptance/benchmark/artifacts/acceptance/runtimes/v0.3.1/node_modules/https-proxy-agent/dist/parse-proxy-response.js", O_RDONLY|O_CLOEXEC) = 21
10642 openat(AT_FDCWD, "/home/runner/work/deckrender-acceptance/deckrender-acceptance/benchmark/artifacts/acceptance/runtimes/v0.3.1/node_modules/follow-redirects/debug.js", O_RDONLY|O_CLOEXEC) = 21
10642 openat(AT_FDCWD, "/home/runner/work/deckrender-acceptance/deckrender-acceptance/benchmark/artifacts/acceptance/runtimes/v0.3.1/node_modules/mimic-fn/package.json", O_RDONLY|O_CLOEXEC) = 21
10642 openat(AT_FDCWD, "/home/runner/work/deckrender-acceptance/deckrender-acceptance/benchmark/artifacts/acceptance/runtimes/v0.3.1/node_modules/mimic-fn/index.js", O_RDONLY|O_CLOEXEC) = 21
10642 openat(AT_FDCWD, "/home/runner/work/deckrender-acceptance/deckrender-acceptance/benchmark/artifacts/acceptance/runtimes/v0.3.1/node_modules/signal-exit/signals.js", O_RDONLY|O_CLOEXEC) = 21
10642 openat(AT_FDCWD, "/home/runner/work/deckrender-acceptance/deckrender-acceptance/benchmark/artifacts/acceptance/runtimes/v0.3.1/node_modules/cli-spinners/spinners.json", O_RDONLY|O_CLOEXEC) = 21
10642 openat(AT_FDCWD, "/home/runner/work/deckrender-acceptance/deckrender-acceptance/benchmark/artifacts/acceptance/runtimes/v0.3.1/node_modules/readable-stream/package.json", O_RDONLY|O_CLOEXEC) = 21
10642 openat(AT_FDCWD, "/home/runner/work/deckrender-acceptance/deckrender-acceptance/benchmark/artifacts/acceptance/runtimes/v0.3.1/node_modules/readable-stream/readable.js", O_RDONLY|O_CLOEXEC) = 21
10642 openat(AT_FDCWD, "/home/runner/work/deckrender-acceptance/deckrender-acceptance/benchmark/artifacts/acceptance/runtimes/v0.3.1/node_modules/readable-stream/lib/_stream_readable.js", O_RDONLY|O_CLOEXEC) = 21
10642 openat(AT_FDCWD, "/home/runner/work/deckrender-acceptance/deckrender-acceptance/benchmark/artifacts/acceptance/runtimes/v0.3.1/node_modules/readable-stream/lib/internal/streams/stream.js", O_RDONLY|O_CLOEXEC) = 21
10642 openat(AT_FDCWD, "/home/runner/work/deckrender-acceptance/deckrender-acceptance/benchmark/artifacts/acceptance/runtimes/v0.3.1/node_modules/readable-stream/lib/internal/streams/buffer_list.js", O_RDONLY|O_CLOEXEC) = 21
10642 openat(AT_FDCWD, "/home/runner/work/deckrender-acceptance/deckrender-acceptance/benchmark/artifacts/acceptance/runtimes/v0.3.1/node_modules/readable-stream/lib/internal/streams/destroy.js", O_RDONLY|O_CLOEXEC) = 21
10642 openat(AT_FDCWD, "/home/runner/work/deckrender-acceptance/deckrender-acceptance/benchmark/artifacts/acceptance/runtimes/v0.3.1/node_modules/readable-stream/lib/internal/streams/state.js", O_RDONLY|O_CLOEXEC) = 21
10642 openat(AT_FDCWD, "/home/runner/work/deckrender-acceptance/deckrender-acceptance/benchmark/artifacts/acceptance/runtimes/v0.3.1/node_modules/readable-stream/errors.js", O_RDONLY|O_CLOEXEC) = 21
10642 openat(AT_FDCWD, "/home/runner/work/deckrender-acceptance/deckrender-acceptance/benchmark/artifacts/acceptance/runtimes/v0.3.1/node_modules/inherits/package.json", O_RDONLY|O_CLOEXEC) = 21
10642 openat(AT_FDCWD, "/home/runner/work/deckrender-acceptance/deckrender-acceptance/benchmark/artifacts/acceptance/runtimes/v0.3.1/node_modules/inherits/inherits.js", O_RDONLY|O_CLOEXEC) = 21
10642 openat(AT_FDCWD, "/home/runner/work/deckrender-acceptance/deckrender-acceptance/benchmark/artifacts/acceptance/runtimes/v0.3.1/node_modules/readable-stream/lib/_stream_writable.js", O_RDONLY|O_CLOEXEC) = 21
10642 openat(AT_FDCWD, "/home/runner/work/deckrender-acceptance/deckrender-acceptance/benchmark/artifacts/acceptance/runtimes/v0.3.1/node_modules/util-deprecate/package.json", O_RDONLY|O_CLOEXEC) = 21
10642 openat(AT_FDCWD, "/home/runner/work/deckrender-acceptance/deckrender-acceptance/benchmark/artifacts/acceptance/runtimes/v0.3.1/node_modules/util-deprecate/node.js", O_RDONLY|O_CLOEXEC) = 21
10642 openat(AT_FDCWD, "/home/runner/work/deckrender-acceptance/deckrender-acceptance/benchmark/artifacts/acceptance/runtimes/v0.3.1/node_modules/readable-stream/lib/_stream_duplex.js", O_RDONLY|O_CLOEXEC) = 21
10642 openat(AT_FDCWD, "/home/runner/work/deckrender-acceptance/deckrender-acceptance/benchmark/artifacts/acceptance/runtimes/v0.3.1/node_modules/readable-stream/lib/_stream_transform.js", O_RDONLY|O_CLOEXEC) = 21
10642 openat(AT_FDCWD, "/home/runner/work/deckrender-acceptance/deckrender-acceptance/benchmark/artifacts/acceptance/runtimes/v0.3.1/node_modules/readable-stream/lib/_stream_passthrough.js", O_RDONLY|O_CLOEXEC) = 21
10642 openat(AT_FDCWD, "/home/runner/work/deckrender-acceptance/deckrender-acceptance/benchmark/artifacts/acceptance/runtimes/v0.3.1/node_modules/readable-stream/lib/internal/streams/end-of-stream.js", O_RDONLY|O_CLOEXEC) = 21
10642 openat(AT_FDCWD, "/home/runner/work/deckrender-acceptance/deckrender-acceptance/benchmark/artifacts/acceptance/runtimes/v0.3.1/node_modules/readable-stream/lib/internal/streams/pipeline.js", O_RDONLY|O_CLOEXEC) = 21
10642 openat(AT_FDCWD, "/home/runner/work/deckrender-acceptance/deckrender-acceptance/benchmark/artifacts/acceptance/runtimes/v0.3.1/node_modules/bl/BufferList.js", O_RDONLY|O_CLOEXEC) = 21
10650 openat(AT_FDCWD, "/home/runner/work/deckrender-acceptance/deckrender-acceptance/benchmark/artifacts/acceptance/private/sandboxes/2365ad2a878ed3613b69a6ae2c0c55b8ecf5dc09a1a04ade3b6e00d41146f0b5/.deckrender/config.json", O_RDONLY|O_CLOEXEC) = -1 ENOENT (No such file or directory)
10642 openat(AT_FDCWD, "/home/runner/work/deckrender-acceptance/deckrender-acceptance/benchmark/artifacts/acceptance/runtimes/v0.3.1/node_modules/@deckflow/office2html/package.json", O_RDONLY|O_CLOEXEC) = 21
10642 openat(AT_FDCWD, "/home/runner/work/deckrender-acceptance/deckrender-acceptance/benchmark/artifacts/acceptance/runtimes/v0.3.1/node_modules/@deckflow/office2html/index.js", O_RDONLY|O_CLOEXEC) = 21
10642 openat(AT_FDCWD, "/home/runner/work/deckrender-acceptance/deckrender-acceptance/benchmark/artifacts/acceptance/runtimes/v0.3.1/node_modules/@deckflow/office2html-linux-x64/package.json", O_RDONLY|O_CLOEXEC) = 21
10642 openat(AT_FDCWD, "/home/runner/work/deckrender-acceptance/deckrender-acceptance/benchmark/artifacts/acceptance/runtimes/v0.3.1/node_modules/@deckflow/office2html-linux-x64/index.js", O_RDONLY|O_CLOEXEC) = 21
10642 openat(AT_FDCWD, "/etc/localtime", O_RDONLY|O_CLOEXEC) = 21
10642 openat(AT_FDCWD, "/home/runner/work/deckrender-acceptance/deckrender-acceptance/benchmark/artifacts/acceptance/runs/34586780041-local/evidence/REN-R07-render-ebb334505cb3/credentials.jsonl", O_WRONLY|O_CREAT|O_APPEND|O_CLOEXEC, 0666) = 21
10642 openat(AT_FDCWD, "/home/runner/work/deckrender-acceptance/deckrender-acceptance/benchmark/artifacts/acceptance/runs/34586780041-local/evidence/REN-R07-render-ebb334505cb3/credentials.jsonl", O_WRONLY|O_CREAT|O_APPEND|O_CLOEXEC, 0666) = 21
10642 openat(AT_FDCWD, "/home/runner/work/deckrender-acceptance/deckrender-acceptance/benchmark/artifacts/acceptance/runs/34586780041-local/evidence/REN-R07-render-ebb334505cb3/credentials.jsonl", O_WRONLY|O_CREAT|O_APPEND|O_CLOEXEC, 0666) = 21
10642 openat(AT_FDCWD, "/home/runner/work/deckrender-acceptance/deckrender-acceptance/benchmark/artifacts/acceptance/runs/34586780041-local/evidence/REN-R07-render-ebb334505cb3/credentials.jsonl", O_WRONLY|O_CREAT|O_APPEND|O_CLOEXEC, 0666) = 21
10642 openat(AT_FDCWD, "/home/runner/work/deckrender-acceptance/deckrender-acceptance/benchmark/artifacts/acceptance/runs/34586780041-local/evidence/REN-R07-render-ebb334505cb3/credentials.jsonl", O_WRONLY|O_CREAT|O_APPEND|O_CLOEXEC, 0666) = 21
10642 socketpair(AF_UNIX, SOCK_STREAM|SOCK_CLOEXEC, 0, [21, 22]) = 0
10642 setsockopt(21, SOL_SOCKET, SO_RCVBUF, [65536], 4) = 0
10642 setsockopt(21, SOL_SOCKET, SO_SNDBUF, [65536], 4) = 0
10642 setsockopt(22, SOL_SOCKET, SO_RCVBUF, [65536], 4) = 0
10642 setsockopt(22, SOL_SOCKET, SO_SNDBUF, [65536], 4) = 0
10642 socketpair(AF_UNIX, SOCK_STREAM|SOCK_CLOEXEC, 0, [23, 24]) = 0
10642 setsockopt(23, SOL_SOCKET, SO_RCVBUF, [65536], 4) = 0
10642 setsockopt(23, SOL_SOCKET, SO_SNDBUF, [65536], 4) = 0
10642 setsockopt(24, SOL_SOCKET, SO_RCVBUF, [65536], 4) = 0
10642 setsockopt(24, SOL_SOCKET, SO_SNDBUF, [65536], 4) = 0
10642 socketpair(AF_UNIX, SOCK_STREAM|SOCK_CLOEXEC, 0, [25, 26]) = 0
10642 setsockopt(25, SOL_SOCKET, SO_RCVBUF, [65536], 4) = 0
10642 setsockopt(25, SOL_SOCKET, SO_SNDBUF, [65536], 4) = 0
10642 setsockopt(26, SOL_SOCKET, SO_RCVBUF, [65536], 4) = 0
10642 setsockopt(26, SOL_SOCKET, SO_SNDBUF, [65536], 4) = 0
10654 openat(AT_FDCWD, "/home/runner/work/deckrender-acceptance/deckrender-acceptance/benchmark/artifacts/acceptance/runtimes/v0.3.1/node_modules/@deckflow/office2html-linux-x64/netcoredeps/glibc-hwcaps/x86-64-v3/libpthread.so.0", O_RDONLY|O_CLOEXEC) = -1 ENOENT (No such file or directory)
10654 openat(AT_FDCWD, "/home/runner/work/deckrender-acceptance/deckrender-acceptance/benchmark/artifacts/acceptance/runtimes/v0.3.1/node_modules/@deckflow/office2html-linux-x64/netcoredeps/glibc-hwcaps/x86-64-v2/libpthread.so.0", O_RDONLY|O_CLOEXEC) = -1 ENOENT (No such file or directory)
10654 openat(AT_FDCWD, "/home/runner/work/deckrender-acceptance/deckrender-acceptance/benchmark/artifacts/acceptance/runtimes/v0.3.1/node_modules/@deckflow/office2html-linux-x64/netcoredeps/libpthread.so.0", O_RDONLY|O_CLOEXEC) = -1 ENOENT (No such file or directory)
10654 openat(AT_FDCWD, "/opt/hostedtoolcache/Python/3.12.14/x64/lib/glibc-hwcaps/x86-64-v3/libpthread.so.0", O_RDONLY|O_CLOEXEC) = -1 ENOENT (No such file or directory)
10654 openat(AT_FDCWD, "/opt/hostedtoolcache/Python/3.12.14/x64/lib/glibc-hwcaps/x86-64-v2/libpthread.so.0", O_RDONLY|O_CLOEXEC) = -1 ENOENT (No such file or directory)
10654 openat(AT_FDCWD, "/opt/hostedtoolcache/Python/3.12.14/x64/lib/libpthread.so.0", O_RDONLY|O_CLOEXEC) = -1 ENOENT (No such file or directory)
10654 openat(AT_FDCWD, "/etc/ld.so.cache", O_RDONLY|O_CLOEXEC) = 3
10654 openat(AT_FDCWD, "/lib/x86_64-linux-gnu/libpthread.so.0", O_RDONLY|O_CLOEXEC) = 3
10654 openat(AT_FDCWD, "/opt/hostedtoolcache/Python/3.12.14/x64/lib/libdl.so.2", O_RDONLY|O_CLOEXEC) = -1 ENOENT (No such file or directory)
10654 openat(AT_FDCWD, "/lib/x86_64-linux-gnu/libdl.so.2", O_RDONLY|O_CLOEXEC) = 3
10654 openat(AT_FDCWD, "/opt/hostedtoolcache/Python/3.12.14/x64/lib/libz.so.1", O_RDONLY|O_CLOEXEC) = -1 ENOENT (No such file or directory)
10654 openat(AT_FDCWD, "/lib/x86_64-linux-gnu/libz.so.1", O_RDONLY|O_CLOEXEC) = 3
10654 openat(AT_FDCWD, "/opt/hostedtoolcache/Python/3.12.14/x64/lib/librt.so.1", O_RDONLY|O_CLOEXEC) = -1 ENOENT (No such file or directory)
10654 openat(AT_FDCWD, "/lib/x86_64-linux-gnu/librt.so.1", O_RDONLY|O_CLOEXEC) = 3
10654 openat(AT_FDCWD, "/opt/hostedtoolcache/Python/3.12.14/x64/lib/libgcc_s.so.1", O_RDONLY|O_CLOEXEC) = -1 ENOENT (No such file or directory)
10654 openat(AT_FDCWD, "/lib/x86_64-linux-gnu/libgcc_s.so.1", O_RDONLY|O_CLOEXEC) = 3
10654 openat(AT_FDCWD, "/opt/hostedtoolcache/Python/3.12.14/x64/lib/libstdc++.so.6", O_RDONLY|O_CLOEXEC) = -1 ENOENT (No such file or directory)
10654 openat(AT_FDCWD, "/lib/x86_64-linux-gnu/libstdc++.so.6", O_RDONLY|O_CLOEXEC) = 3
10654 openat(AT_FDCWD, "/opt/hostedtoolcache/Python/3.12.14/x64/lib/libm.so.6", O_RDONLY|O_CLOEXEC) = -1 ENOENT (No such file or directory)
10654 openat(AT_FDCWD, "/lib/x86_64-linux-gnu/libm.so.6", O_RDONLY|O_CLOEXEC) = 3
10654 openat(AT_FDCWD, "/opt/hostedtoolcache/Python/3.12.14/x64/lib/libc.so.6", O_RDONLY|O_CLOEXEC) = -1 ENOENT (No such file or directory)
10654 openat(AT_FDCWD, "/lib/x86_64-linux-gnu/libc.so.6", O_RDONLY|O_CLOEXEC) = 3
10654 openat(AT_FDCWD, "/opt/hostedtoolcache/Python/3.12.14/x64/lib/liblttng-ust-tracepoint.so.0", O_RDONLY|O_CLOEXEC) = -1 ENOENT (No such file or directory)
10654 openat(AT_FDCWD, "/etc/ld.so.cache", O_RDONLY|O_CLOEXEC) = 3
10654 openat(AT_FDCWD, "/lib/x86_64-linux-gnu/glibc-hwcaps/x86-64-v3/liblttng-ust-tracepoint.so.0", O_RDONLY|O_CLOEXEC) = -1 ENOENT (No such file or directory)
10654 openat(AT_FDCWD, "/lib/x86_64-linux-gnu/glibc-hwcaps/x86-64-v2/liblttng-ust-tracepoint.so.0", O_RDONLY|O_CLOEXEC) = -1 ENOENT (No such file or directory)
10654 openat(AT_FDCWD, "/lib/x86_64-linux-gnu/liblttng-ust-tracepoint.so.0", O_RDONLY|O_CLOEXEC) = -1 ENOENT (No such file or directory)
10654 openat(AT_FDCWD, "/usr/lib/x86_64-linux-gnu/glibc-hwcaps/x86-64-v3/liblttng-ust-tracepoint.so.0", O_RDONLY|O_CLOEXEC) = -1 ENOENT (No such file or directory)
10654 openat(AT_FDCWD, "/usr/lib/x86_64-linux-gnu/glibc-hwcaps/x86-64-v2/liblttng-ust-tracepoint.so.0", O_RDONLY|O_CLOEXEC) = -1 ENOENT (No such file or directory)
10654 openat(AT_FDCWD, "/usr/lib/x86_64-linux-gnu/liblttng-ust-tracepoint.so.0", O_RDONLY|O_CLOEXEC) = -1 ENOENT (No such file or directory)
10654 openat(AT_FDCWD, "/lib/glibc-hwcaps/x86-64-v3/liblttng-ust-tracepoint.so.0", O_RDONLY|O_CLOEXEC) = -1 ENOENT (No such file or directory)
10654 openat(AT_FDCWD, "/lib/glibc-hwcaps/x86-64-v2/liblttng-ust-tracepoint.so.0", O_RDONLY|O_CLOEXEC) = -1 ENOENT (No such file or directory)
10654 openat(AT_FDCWD, "/lib/liblttng-ust-tracepoint.so.0", O_RDONLY|O_CLOEXEC) = -1 ENOENT (No such file or directory)
10654 openat(AT_FDCWD, "/usr/lib/glibc-hwcaps/x86-64-v3/liblttng-ust-tracepoint.so.0", O_RDONLY|O_CLOEXEC) = -1 ENOENT (No such file or directory)
10654 openat(AT_FDCWD, "/usr/lib/glibc-hwcaps/x86-64-v2/liblttng-ust-tracepoint.so.0", O_RDONLY|O_CLOEXEC) = -1 ENOENT (No such file or directory)
10654 openat(AT_FDCWD, "/usr/lib/liblttng-ust-tracepoint.so.0", O_RDONLY|O_CLOEXEC) = -1 ENOENT (No such file or directory)
10654 openat(AT_FDCWD, "/opt/hostedtoolcache/Python/3.12.14/x64/lib/liblttng-ust-tracepoint.so.0", O_RDONLY|O_CLOEXEC) = -1 ENOENT (No such file or directory)
10654 openat(AT_FDCWD, "/etc/ld.so.cache", O_RDONLY|O_CLOEXEC) = 3
10654 openat(AT_FDCWD, "/lib/x86_64-linux-gnu/liblttng-ust-tracepoint.so.0", O_RDONLY|O_CLOEXEC) = -1 ENOENT (No such file or directory)
10654 openat(AT_FDCWD, "/usr/lib/x86_64-linux-gnu/liblttng-ust-tracepoint.so.0", O_RDONLY|O_CLOEXEC) = -1 ENOENT (No such file or directory)
10654 openat(AT_FDCWD, "/lib/liblttng-ust-tracepoint.so.0", O_RDONLY|O_CLOEXEC) = -1 ENOENT (No such file or directory)
10654 openat(AT_FDCWD, "/usr/lib/liblttng-ust-tracepoint.so.0", O_RDONLY|O_CLOEXEC) = -1 ENOENT (No such file or directory)
10654 openat(AT_FDCWD, "/home/runner/work/deckrender-acceptance/deckrender-acceptance/benchmark/artifacts/acceptance/runtimes/v0.3.1/node_modules/@deckflow/office2html-linux-x64/office2html", O_RDONLY) = 3
10654 openat(AT_FDCWD, "/home/runner/work/deckrender-acceptance/deckrender-acceptance/benchmark/artifacts/acceptance/runtimes/v0.3.1/node_modules/@deckflow/office2html-linux-x64/office2html", O_RDONLY) = 3
10654 openat(AT_FDCWD, "/home/runner/work/deckrender-acceptance/deckrender-acceptance/benchmark/artifacts/acceptance/runtimes/v0.3.1/node_modules/@deckflow/office2html-linux-x64/office2html", O_RDONLY) = 3
10654 openat(AT_FDCWD, "/home/runner/work/deckrender-acceptance/deckrender-acceptance/benchmark/artifacts/acceptance/private/sandboxes/2365ad2a878ed3613b69a6ae2c0c55b8ecf5dc09a1a04ade3b6e00d41146f0b5/.net/office2html/299e/Office2Html.Cli.runtimeconfig.json", O_WRONLY|O_CREAT|O_TRUNC, 0666) = 3
10654 openat(AT_FDCWD, "/home/runner/work/deckrender-acceptance/deckrender-acceptance/benchmark/artifacts/acceptance/private/sandboxes/2365ad2a878ed3613b69a6ae2c0c55b8ecf5dc09a1a04ade3b6e00d41146f0b5/.net/office2html/299e/DocumentFormat.OpenXml.dll", O_WRONLY|O_CREAT|O_TRUNC, 0666) = 3
10654 openat(AT_FDCWD, "/home/runner/work/deckrender-acceptance/deckrender-acceptance/benchmark/artifacts/acceptance/private/sandboxes/2365ad2a878ed3613b69a6ae2c0c55b8ecf5dc09a1a04ade3b6e00d41146f0b5/.net/office2html/299e/DocumentFormat.OpenXml.Framework.dll", O_WRONLY|O_CREAT|O_TRUNC, 0666) = 3
10654 openat(AT_FDCWD, "/home/runner/work/deckrender-acceptance/deckrender-acceptance/benchmark/artifacts/acceptance/private/sandboxes/2365ad2a878ed3613b69a6ae2c0c55b8ecf5dc09a1a04ade3b6e00d41146f0b5/.net/office2html/299e/SixLabors.ImageSharp.dll", O_WRONLY|O_CREAT|O_TRUNC, 0666) = 3
10654 openat(AT_FDCWD, "/home/runner/work/deckrender-acceptance/deckrender-acceptance/benchmark/artifacts/acceptance/private/sandboxes/2365ad2a878ed3613b69a6ae2c0c55b8ecf5dc09a1a04ade3b6e00d41146f0b5/.net/office2html/299e/System.IO.Packaging.dll", O_WRONLY|O_CREAT|O_TRUNC, 0666) = 3
10654 openat(AT_FDCWD, "/home/runner/work/deckrender-acceptance/deckrender-acceptance/benchmark/artifacts/acceptance/private/sandboxes/2365ad2a878ed3613b69a6ae2c0c55b8ecf5dc09a1a04ade3b6e00d41146f0b5/.net/office2html/299e/Office2Html.dll", O_WRONLY|O_CREAT|O_TRUNC, 0666) = 3
10654 openat(AT_FDCWD, "/home/runner/work/deckrender-acceptance/deckrender-acceptance/benchmark/artifacts/acceptance/private/sandboxes/2365ad2a878ed3613b69a6ae2c0c55b8ecf5dc09a1a04ade3b6e00d41146f0b5/.net/office2html/299e/Office2Html.Cli.dll", O_WRONLY|O_CREAT|O_TRUNC, 0666) = 3
10654 openat(AT_FDCWD, "/home/runner/work/deckrender-acceptance/deckrender-acceptance/benchmark/artifacts/acceptance/private/sandboxes/2365ad2a878ed3613b69a6ae2c0c55b8ecf5dc09a1a04ade3b6e00d41146f0b5/.net/office2html/299e/Microsoft.Win32.Primitives.dll", O_WRONLY|O_CREAT|O_TRUNC, 0666) = 3
10654 openat(AT_FDCWD, "/home/runner/work/deckrender-acceptance/deckrender-acceptance/benchmark/artifacts/acceptance/private/sandboxes/2365ad2a878ed3613b69a6ae2c0c55b8ecf5dc09a1a04ade3b6e00d41146f0b5/.net/office2html/299e/System.Collections.Concurrent.dll", O_WRONLY|O_CREAT|O_TRUNC, 0666) = 3
10654 openat(AT_FDCWD, "/home/runner/work/deckrender-acceptance/deckrender-acceptance/benchmark/artifacts/acceptance/private/sandboxes/2365ad2a878ed3613b69a6ae2c0c55b8ecf5dc09a1a04ade3b6e00d41146f0b5/.net/office2html/299e/System.Collections.Immutable.dll", O_WRONLY|O_CREAT|O_TRUNC, 0666) = 3
10654 openat(AT_FDCWD, "/home/runner/work/deckrender-acceptance/deckrender-acceptance/benchmark/artifacts/acceptance/private/sandboxes/2365ad2a878ed3613b69a6ae2c0c55b8ecf5dc09a1a04ade3b6e00d41146f0b5/.net/office2html/299e/System.Collections.NonGeneric.dll", O_WRONLY|O_CREAT|O_TRUNC, 0666) = 3
10654 openat(AT_FDCWD, "/home/runner/work/deckrender-acceptance/deckrender-acceptance/benchmark/artifacts/acceptance/private/sandboxes/2365ad2a878ed3613b69a6ae2c0c55b8ecf5dc09a1a04ade3b6e00d41146f0b5/.net/office2html/299e/System.Collections.dll", O_WRONLY|O_CREAT|O_TRUNC, 0666) = 3
10654 openat(AT_FDCWD, "/home/runner/work/deckrender-acceptance/deckrender-acceptance/benchmark/artifacts/acceptance/private/sandboxes/2365ad2a878ed3613b69a6ae2c0c55b8ecf5dc09a1a04ade3b6e00d41146f0b5/.net/office2html/299e/System.ComponentModel.TypeConverter.dll", O_WRONLY|O_CREAT|O_TRUNC, 0666) = 3
10654 openat(AT_FDCWD, "/home/runner/work/deckrender-acceptance/deckrender-acceptance/benchmark/artifacts/acceptance/private/sandboxes/2365ad2a878ed3613b69a6ae2c0c55b8ecf5dc09a1a04ade3b6e00d41146f0b5/.net/office2html/299e/System.Console.dll", O_WRONLY|O_CREAT|O_TRUNC, 0666) = 3
10654 openat(AT_FDCWD, "/home/runner/work/deckrender-acceptance/deckrender-acceptance/benchmark/artifacts/acceptance/private/sandboxes/2365ad2a878ed3613b69a6ae2c0c55b8ecf5dc09a1a04ade3b6e00d41146f0b5/.net/office2html/299e/System.Diagnostics.DiagnosticSource.dll", O_WRONLY|O_CREAT|O_TRUNC, 0666) = 3
10654 openat(AT_FDCWD, "/home/runner/work/deckrender-acceptance/deckrender-acceptance/benchmark/artifacts/acceptance/private/sandboxes/2365ad2a878ed3613b69a6ae2c0c55b8ecf5dc09a1a04ade3b6e00d41146f0b5/.net/office2html/299e/System.Diagnostics.StackTrace.dll", O_WRONLY|O_CREAT|O_TRUNC, 0666) = 3
10654 openat(AT_FDCWD, "/home/runner/work/deckrender-acceptance/deckrender-acceptance/benchmark/artifacts/acceptance/private/sandboxes/2365ad2a878ed3613b69a6ae2c0c55b8ecf5dc09a1a04ade3b6e00d41146f0b5/.net/office2html/299e/System.Formats.Asn1.dll", O_WRONLY|O_CREAT|O_TRUNC, 0666) = 3
10654 openat(AT_FDCWD, "/home/runner/work/deckrender-acceptance/deckrender-acceptance/benchmark/artifacts/acceptance/private/sandboxes/2365ad2a878ed3613b69a6ae2c0c55b8ecf5dc09a1a04ade3b6e00d41146f0b5/.net/office2html/299e/System.IO.Compression.Brotli.dll", O_WRONLY|O_CREAT|O_TRUNC, 0666) = 3
10654 openat(AT_FDCWD, "/home/runner/work/deckrender-acceptance/deckrender-acceptance/benchmark/artifacts/acceptance/private/sandboxes/2365ad2a878ed3613b69a6ae2c0c55b8ecf5dc09a1a04ade3b6e00d41146f0b5/.net/office2html/299e/System.IO.Compression.dll", O_WRONLY|O_CREAT|O_TRUNC, 0666) = 3
10654 openat(AT_FDCWD, "/home/runner/work/deckrender-acceptance/deckrender-acceptance/benchmark/artifacts/acceptance/private/sandboxes/2365ad2a878ed3613b69a6ae2c0c55b8ecf5dc09a1a04ade3b6e00d41146f0b5/.net/office2html/299e/System.IO.MemoryMappedFiles.dll", O_WRONLY|O_CREAT|O_TRUNC, 0666) = 3
10654 openat(AT_FDCWD, "/home/runner/work/deckrender-acceptance/deckrender-acceptance/benchmark/artifacts/acceptance/private/sandboxes/2365ad2a878ed3613b69a6ae2c0c55b8ecf5dc09a1a04ade3b6e00d41146f0b5/.net/office2html/299e/System.Linq.Expressions.dll", O_WRONLY|O_CREAT|O_TRUNC, 0666) = 3
10654 openat(AT_FDCWD, "/home/runner/work/deckrender-acceptance/deckrender-acceptance/benchmark/artifacts/acceptance/private/sandboxes/2365ad2a878ed3613b69a6ae2c0c55b8ecf5dc09a1a04ade3b6e00d41146f0b5/.net/office2html/299e/System.Linq.dll", O_WRONLY|O_CREAT|O_TRUNC, 0666) = 3
10654 openat(AT_FDCWD, "/home/runner/work/deckrender-acceptance/deckrender-acceptance/benchmark/artifacts/acceptance/private/sandboxes/2365ad2a878ed3613b69a6ae2c0c55b8ecf5dc09a1a04ade3b6e00d41146f0b5/.net/office2html/299e/System.Memory.dll", O_WRONLY|O_CREAT|O_TRUNC, 0666) = 3
10654 openat(AT_FDCWD, "/home/runner/work/deckrender-acceptance/deckrender-acceptance/benchmark/artifacts/acceptance/private/sandboxes/2365ad2a878ed3613b69a6ae2c0c55b8ecf5dc09a1a04ade3b6e00d41146f0b5/.net/office2html/299e/System.Net.Http.dll", O_WRONLY|O_CREAT|O_TRUNC, 0666) = 3
10654 openat(AT_FDCWD, "/home/runner/work/deckrender-acceptance/deckrender-acceptance/benchmark/artifacts/acceptance/private/sandboxes/2365ad2a878ed3613b69a6ae2c0c55b8ecf5dc09a1a04ade3b6e00d41146f0b5/.net/office2html/299e/System.Net.NameResolution.dll", O_WRONLY|O_CREAT|O_TRUNC, 0666) = 3
10654 openat(AT_FDCWD, "/home/runner/work/deckrender-acceptance/deckrender-acceptance/benchmark/artifacts/acceptance/private/sandboxes/2365ad2a878ed3613b69a6ae2c0c55b8ecf5dc09a1a04ade3b6e00d41146f0b5/.net/office2html/299e/System.Net.NetworkInformation.dll", O_WRONLY|O_CREAT|O_TRUNC, 0666) = 3
10654 openat(AT_FDCWD, "/home/runner/work/deckrender-acceptance/deckrender-acceptance/benchmark/artifacts/acceptance/private/sandboxes/2365ad2a878ed3613b69a6ae2c0c55b8ecf5dc09a1a04ade3b6e00d41146f0b5/.net/office2html/299e/System.Net.Primitives.dll", O_WRONLY|O_CREAT|O_TRUNC, 0666) = 3
10654 openat(AT_FDCWD, "/home/runner/work/deckrender-acceptance/deckrender-acceptance/benchmark/artifacts/acceptance/private/sandboxes/2365ad2a878ed3613b69a6ae2c0c55b8ecf5dc09a1a04ade3b6e00d41146f0b5/.net/office2html/299e/System.Net.Quic.dll", O_WRONLY|O_CREAT|O_TRUNC, 0666) = 3
10654 openat(AT_FDCWD, "/home/runner/work/deckrender-acceptance/deckrender-acceptance/benchmark/artifacts/acceptance/private/sandboxes/2365ad2a878ed3613b69a6ae2c0c55b8ecf5dc09a1a04ade3b6e00d41146f0b5/.net/office2html/299e/System.Net.Security.dll", O_WRONLY|O_CREAT|O_TRUNC, 0666) = 3
10654 openat(AT_FDCWD, "/home/runner/work/deckrender-acceptance/deckrender-acceptance/benchmark/artifacts/acceptance/private/sandboxes/2365ad2a878ed3613b69a6ae2c0c55b8ecf5dc09a1a04ade3b6e00d41146f0b5/.net/office2html/299e/System.Net.Sockets.dll", O_WRONLY|O_CREAT|O_TRUNC, 0666) = 3
10654 openat(AT_FDCWD, "/home/runner/work/deckrender-acceptance/deckrender-acceptance/benchmark/artifacts/acceptance/private/sandboxes/2365ad2a878ed3613b69a6ae2c0c55b8ecf5dc09a1a04ade3b6e00d41146f0b5/.net/office2html/299e/System.ObjectModel.dll", O_WRONLY|O_CREAT|O_TRUNC, 0666) = 3
10654 openat(AT_FDCWD, "/home/runner/work/deckrender-acceptance/deckrender-acceptance/benchmark/artifacts/acceptance/private/sandboxes/2365ad2a878ed3613b69a6ae2c0c55b8ecf5dc09a1a04ade3b6e00d41146f0b5/.net/office2html/299e/System.Private.CoreLib.dll", O_WRONLY|O_CREAT|O_TRUNC, 0666) = 3
10654 openat(AT_FDCWD, "/home/runner/work/deckrender-acceptance/deckrender-acceptance/benchmark/artifacts/acceptance/private/sandboxes/2365ad2a878ed3613b69a6ae2c0c55b8ecf5dc09a1a04ade3b6e00d41146f0b5/.net/office2html/299e/System.Private.Uri.dll", O_WRONLY|O_CREAT|O_TRUNC, 0666) = 3
10654 openat(AT_FDCWD, "/home/runner/work/deckrender-acceptance/deckrender-acceptance/benchmark/artifacts/acceptance/private/sandboxes/2365ad2a878ed3613b69a6ae2c0c55b8ecf5dc09a1a04ade3b6e00d41146f0b5/.net/office2html/299e/System.Private.Xml.Linq.dll", O_WRONLY|O_CREAT|O_TRUNC, 0666) = 3
10654 openat(AT_FDCWD, "/home/runner/work/deckrender-acceptance/deckrender-acceptance/benchmark/artifacts/acceptance/private/sandboxes/2365ad2a878ed3613b69a6ae2c0c55b8ecf5dc09a1a04ade3b6e00d41146f0b5/.net/office2html/299e/System.Private.Xml.dll", O_WRONLY|O_CREAT|O_TRUNC, 0666) = 3
10654 openat(AT_FDCWD, "/home/runner/work/deckrender-acceptance/deckrender-acceptance/benchmark/artifacts/acceptance/private/sandboxes/2365ad2a878ed3613b69a6ae2c0c55b8ecf5dc09a1a04ade3b6e00d41146f0b5/.net/office2html/299e/System.Reflection.Metadata.dll", O_WRONLY|O_CREAT|O_TRUNC, 0666) = 3
10654 openat(AT_FDCWD, "/home/runner/work/deckrender-acceptance/deckrender-acceptance/benchmark/artifacts/acceptance/private/sandboxes/2365ad2a878ed3613b69a6ae2c0c55b8ecf5dc09a1a04ade3b6e00d41146f0b5/.net/office2html/299e/System.Runtime.CompilerServices.Unsafe.dll", O_WRONLY|O_CREAT|O_TRUNC, 0666) = 3
10654 openat(AT_FDCWD, "/home/runner/work/deckrender-acceptance/deckrender-acceptance/benchmark/artifacts/acceptance/private/sandboxes/2365ad2a878ed3613b69a6ae2c0c55b8ecf5dc09a1a04ade3b6e00d41146f0b5/.net/office2html/299e/System.Runtime.InteropServices.RuntimeInformation.dll", O_WRONLY|O_CREAT|O_TRUNC, 0666) = 3
10654 openat(AT_FDCWD, "/home/runner/work/deckrender-acceptance/deckrender-acceptance/benchmark/artifacts/acceptance/private/sandboxes/2365ad2a878ed3613b69a6ae2c0c55b8ecf5dc09a1a04ade3b6e00d41146f0b5/.net/office2html/299e/System.Runtime.Numerics.dll", O_WRONLY|O_CREAT|O_TRUNC, 0666) = 3
10654 openat(AT_FDCWD, "/home/runner/work/deckrender-acceptance/deckrender-acceptance/benchmark/artifacts/acceptance/private/sandboxes/2365ad2a878ed3613b69a6ae2c0c55b8ecf5dc09a1a04ade3b6e00d41146f0b5/.net/office2html/299e/System.Runtime.dll", O_WRONLY|O_CREAT|O_TRUNC, 0666) = 3
10654 openat(AT_FDCWD, "/home/runner/work/deckrender-acceptance/deckrender-acceptance/benchmark/artifacts/acceptance/private/sandboxes/2365ad2a878ed3613b69a6ae2c0c55b8ecf5dc09a1a04ade3b6e00d41146f0b5/.net/office2html/299e/System.Security.Cryptography.Algorithms.dll", O_WRONLY|O_CREAT|O_TRUNC, 0666) = 3
10654 openat(AT_FDCWD, "/home/runner/work/deckrender-acceptance/deckrender-acceptance/benchmark/artifacts/acceptance/private/sandboxes/2365ad2a878ed3613b69a6ae2c0c55b8ecf5dc09a1a04ade3b6e00d41146f0b5/.net/office2html/299e/System.Security.Cryptography.Encoding.dll", O_WRONLY|O_CREAT|O_TRUNC, 0666) = 3
10654 openat(AT_FDCWD, "/home/runner/work/deckrender-acceptance/deckrender-acceptance/benchmark/artifacts/acceptance/private/sandboxes/2365ad2a878ed3613b69a6ae2c0c55b8ecf5dc09a1a04ade3b6e00d41146f0b5/.net/office2html/299e/System.Security.Cryptography.OpenSsl.dll", O_WRONLY|O_CREAT|O_TRUNC, 0666) = 3
10654 openat(AT_FDCWD, "/home/runner/work/deckrender-acceptance/deckrender-acceptance/benchmark/artifacts/acceptance/private/sandboxes/2365ad2a878ed3613b69a6ae2c0c55b8ecf5dc09a1a04ade3b6e00d41146f0b5/.net/office2html/299e/System.Security.Cryptography.Primitives.dll", O_WRONLY|O_CREAT|O_TRUNC, 0666) = 3
10654 openat(AT_FDCWD, "/home/runner/work/deckrender-acceptance/deckrender-acceptance/benchmark/artifacts/acceptance/private/sandboxes/2365ad2a878ed3613b69a6ae2c0c55b8ecf5dc09a1a04ade3b6e00d41146f0b5/.net/office2html/299e/System.Security.Cryptography.X509Certificates.dll", O_WRONLY|O_CREAT|O_TRUNC, 0666) = 3
10654 openat(AT_FDCWD, "/home/runner/work/deckrender-acceptance/deckrender-acceptance/benchmark/artifacts/acceptance/private/sandboxes/2365ad2a878ed3613b69a6ae2c0c55b8ecf5dc09a1a04ade3b6e00d41146f0b5/.net/office2html/299e/System.Text.Encoding.CodePages.dll", O_WRONLY|O_CREAT|O_TRUNC, 0666) = 3
10654 openat(AT_FDCWD, "/home/runner/work/deckrender-acceptance/deckrender-acceptance/benchmark/artifacts/acceptance/private/sandboxes/2365ad2a878ed3613b69a6ae2c0c55b8ecf5dc09a1a04ade3b6e00d41146f0b5/.net/office2html/299e/System.Text.Encoding.Extensions.dll", O_WRONLY|O_CREAT|O_TRUNC, 0666) = 3
10654 openat(AT_FDCWD, "/home/runner/work/deckrender-acceptance/deckrender-acceptance/benchmark/artifacts/acceptance/private/sandboxes/2365ad2a878ed3613b69a6ae2c0c55b8ecf5dc09a1a04ade3b6e00d41146f0b5/.net/office2html/299e/System.Text.Encodings.Web.dll", O_WRONLY|O_CREAT|O_TRUNC, 0666) = 3
10654 openat(AT_FDCWD, "/home/runner/work/deckrender-acceptance/deckrender-acceptance/benchmark/artifacts/acceptance/private/sandboxes/2365ad2a878ed3613b69a6ae2c0c55b8ecf5dc09a1a04ade3b6e00d41146f0b5/.net/office2html/299e/System.Text.Json.dll", O_WRONLY|O_CREAT|O_TRUNC, 0666) = 3
10654 openat(AT_FDCWD, "/home/runner/work/deckrender-acceptance/deckrender-acceptance/benchmark/artifacts/acceptance/private/sandboxes/2365ad2a878ed3613b69a6ae2c0c55b8ecf5dc09a1a04ade3b6e00d41146f0b5/.net/office2html/299e/System.Text.RegularExpressions.dll", O_WRONLY|O_CREAT|O_TRUNC, 0666) = 3
10654 openat(AT_FDCWD, "/home/runner/work/deckrender-acceptance/deckrender-acceptance/benchmark/artifacts/acceptance/private/sandboxes/2365ad2a878ed3613b69a6ae2c0c55b8ecf5dc09a1a04ade3b6e00d41146f0b5/.net/office2html/299e/System.Threading.Channels.dll", O_WRONLY|O_CREAT|O_TRUNC, 0666) = 3
10654 openat(AT_FDCWD, "/home/runner/work/deckrender-acceptance/deckrender-acceptance/benchmark/artifacts/acceptance/private/sandboxes/2365ad2a878ed3613b69a6ae2c0c55b8ecf5dc09a1a04ade3b6e00d41146f0b5/.net/office2html/299e/System.Threading.Tasks.Parallel.dll", O_WRONLY|O_CREAT|O_TRUNC, 0666) = 3
10654 openat(AT_FDCWD, "/home/runner/work/deckrender-acceptance/deckrender-acceptance/benchmark/artifacts/acceptance/private/sandboxes/2365ad2a878ed3613b69a6ae2c0c55b8ecf5dc09a1a04ade3b6e00d41146f0b5/.net/office2html/299e/System.Threading.dll", O_WRONLY|O_CREAT|O_TRUNC, 0666) = 3
10654 openat(AT_FDCWD, "/home/runner/work/deckrender-acceptance/deckrender-acceptance/benchmark/artifacts/acceptance/private/sandboxes/2365ad2a878ed3613b69a6ae2c0c55b8ecf5dc09a1a04ade3b6e00d41146f0b5/.net/office2html/299e/System.Xml.XDocument.dll", O_WRONLY|O_CREAT|O_TRUNC, 0666) = 3
10654 openat(AT_FDCWD, "/home/runner/work/deckrender-acceptance/deckrender-acceptance/benchmark/artifacts/acceptance/private/sandboxes/2365ad2a878ed3613b69a6ae2c0c55b8ecf5dc09a1a04ade3b6e00d41146f0b5/.net/office2html/299e/netstandard.dll", O_WRONLY|O_CREAT|O_TRUNC, 0666) = 3
10654 openat(AT_FDCWD, "/home/runner/work/deckrender-acceptance/deckrender-acceptance/benchmark/artifacts/acceptance/private/sandboxes/2365ad2a878ed3613b69a6ae2c0c55b8ecf5dc09a1a04ade3b6e00d41146f0b5/.net/office2html/299e/Office2Html.Cli.deps.json", O_WRONLY|O_CREAT|O_TRUNC, 0666) = 3
10654 openat(AT_FDCWD, "/home/runner/work/deckrender-acceptance/deckrender-acceptance/benchmark/artifacts/acceptance/runtimes/v0.3.1/node_modules/@deckflow/office2html-linux-x64/office2html", O_RDONLY) = 3
10654 openat(AT_FDCWD, "/etc/os-release", O_RDONLY) = 3
10654 openat(AT_FDCWD, "/proc/self/mountinfo", O_RDONLY) = 3
10654 openat(AT_FDCWD, "/proc/self/cgroup", O_RDONLY) = 3
10654 openat(AT_FDCWD, "/proc/self/mountinfo", O_RDONLY) = 3
10654 openat(AT_FDCWD, "/proc/self/cgroup", O_RDONLY) = 3
10654 openat(AT_FDCWD, "/sys/devices/system/node/possible", O_RDONLY|O_CLOEXEC) = 8
10654 openat(AT_FDCWD, "/sys/fs/cgroup/system.slice/hosted-compute-agent.service/cpu.max", O_RDONLY) = 8
10654 openat(AT_FDCWD, "/dev/urandom", O_RDONLY|O_CLOEXEC) = 8
10654 openat(AT_FDCWD, "/proc/10654/stat", O_RDONLY) = 8
10654 socket(AF_UNIX, SOCK_STREAM|SOCK_CLOEXEC, 0) = 8
10654 bind(8, {sa_family=AF_UNIX, sun_path="/tmp/dotnet-diagnostic-10654-204201-socket"}, 110) = 0
10654 listen(8, 255)                    = 0
10654 openat(AT_FDCWD, "/sys/devices/system/cpu/online", O_RDONLY|O_CLOEXEC) = 9
10654 openat(AT_FDCWD, "/sys/devices/system/cpu/online", O_RDONLY|O_CLOEXEC) = 9
10654 openat(AT_FDCWD, "/sys/devices/system/cpu/online", O_RDONLY|O_CLOEXEC) = 9
10654 openat(AT_FDCWD, "/sys/devices/system/cpu/online", O_RDONLY|O_CLOEXEC) = 9
10654 openat(AT_FDCWD, "/proc/10654/stat", O_RDONLY) = 9
10654 openat(AT_FDCWD, "/proc/10654/stat", O_RDONLY) = 9
10657 openat(AT_FDCWD, "/tmp/clr-debug-pipe-10654-204201-in", O_RDONLY <unfinished ...>
10654 openat(AT_FDCWD, "/proc/10654/stat", O_RDONLY) = 10
10654 openat(AT_FDCWD, "/dev/shm/sem.clrst0000299e0000000000031da9", O_RDWR|O_NOFOLLOW|O_CLOEXEC) = -1 ENOENT (No such file or directory)
10654 openat(AT_FDCWD, "/proc/self/maps", O_RDONLY|O_CLOEXEC) = 10
10654 openat(AT_FDCWD, "/proc/self/maps", O_RDONLY|O_CLOEXEC) = 10
10654 openat(AT_FDCWD, "/sys/devices/system/cpu/online", O_RDONLY|O_CLOEXEC) = 10
10654 openat(AT_FDCWD, "/sys/fs/cgroup/system.slice/hosted-compute-agent.service/memory.max", O_RDONLY) = 10
10654 openat(AT_FDCWD, "/proc/meminfo", O_RDONLY) = 10
10654 openat(AT_FDCWD, "/proc/meminfo", O_RDONLY) = 10
10654 openat(AT_FDCWD, "/proc/self/task/10659/comm", O_RDWR) = 12
10654 openat(AT_FDCWD, "/home/runner/work/deckrender-acceptance/deckrender-acceptance/benchmark/artifacts/acceptance/runtimes/v0.3.1/node_modules/@deckflow/office2html-linux-x64/System.Private.CoreLib.dll", O_RDONLY) = -1 ENOENT (No such file or directory)
10654 openat(AT_FDCWD, "/home/runner/work/deckrender-acceptance/deckrender-acceptance/benchmark/artifacts/acceptance/private/sandboxes/2365ad2a878ed3613b69a6ae2c0c55b8ecf5dc09a1a04ade3b6e00d41146f0b5/.net/office2html/ggtZ8fZDRy7noAk68w+eSJMdDmVPrSw=/System.Private.CoreLib.dll", O_RDONLY) = 10
10654 openat(AT_FDCWD, "/proc/self/task/10660/comm", O_RDWR) = 14
10654 openat(AT_FDCWD, "/home/runner/work/deckrender-acceptance/deckrender-acceptance/benchmark/artifacts/acceptance/private/sandboxes/2365ad2a878ed3613b69a6ae2c0c55b8ecf5dc09a1a04ade3b6e00d41146f0b5/.net/office2html/ggtZ8fZDRy7noAk68w+eSJMdDmVPrSw=/Office2Html.Cli.dll", O_RDONLY) = 12
10654 openat(AT_FDCWD, "/home/runner/work/deckrender-acceptance/deckrender-acceptance/benchmark/artifacts/acceptance/private/sandboxes/2365ad2a878ed3613b69a6ae2c0c55b8ecf5dc09a1a04ade3b6e00d41146f0b5/.net/office2html/ggtZ8fZDRy7noAk68w+eSJMdDmVPrSw=/System.Runtime.dll", O_RDONLY) = 14
10654 openat(AT_FDCWD, "/home/runner/work/deckrender-acceptance/deckrender-acceptance/benchmark/artifacts/acceptance/private/sandboxes/2365ad2a878ed3613b69a6ae2c0c55b8ecf5dc09a1a04ade3b6e00d41146f0b5/.net/office2html/ggtZ8fZDRy7noAk68w+eSJMdDmVPrSw=/System.Collections.dll", O_RDONLY) = 16
10654 openat(AT_FDCWD, "/home/runner/work/deckrender-acceptance/deckrender-acceptance/benchmark/artifacts/acceptance/private/sandboxes/2365ad2a878ed3613b69a6ae2c0c55b8ecf5dc09a1a04ade3b6e00d41146f0b5/.net/office2html/ggtZ8fZDRy7noAk68w+eSJMdDmVPrSw=/Office2Html.dll", O_RDONLY) = 18
10654 openat(AT_FDCWD, "/home/runner/work/deckrender-acceptance/deckrender-acceptance/benchmark/artifacts/acceptance/private/sandboxes/2365ad2a878ed3613b69a6ae2c0c55b8ecf5dc09a1a04ade3b6e00d41146f0b5/.net/office2html/ggtZ8fZDRy7noAk68w+eSJMdDmVPrSw=/System.Linq.dll", O_RDONLY) = 20
10654 openat(AT_FDCWD, "/home/runner/work/deckrender-acceptance/deckrender-acceptance/benchmark/artifacts/acceptance/private/sandboxes/2365ad2a878ed3613b69a6ae2c0c55b8ecf5dc09a1a04ade3b6e00d41146f0b5/.net/office2html/ggtZ8fZDRy7noAk68w+eSJMdDmVPrSw=/System.Console.dll", O_RDONLY) = 22
10654 openat(AT_FDCWD, "/home/runner/work/deckrender-acceptance/deckrender-acceptance/ci-input/current/objects/a22ec2124a347e489d31d2a80148ba5ab14b3f895b1476cb3c1c9713394e06b4.pptx", O_RDONLY|O_CLOEXEC) = 24
10654 openat(AT_FDCWD, "/home/runner/work/deckrender-acceptance/deckrender-acceptance/benchmark/artifacts/acceptance/private/sandboxes/2365ad2a878ed3613b69a6ae2c0c55b8ecf5dc09a1a04ade3b6e00d41146f0b5/.net/office2html/ggtZ8fZDRy7noAk68w+eSJMdDmVPrSw=/DocumentFormat.OpenXml.dll", O_RDONLY) = 24
10654 openat(AT_FDCWD, "/home/runner/work/deckrender-acceptance/deckrender-acceptance/benchmark/artifacts/acceptance/private/sandboxes/2365ad2a878ed3613b69a6ae2c0c55b8ecf5dc09a1a04ade3b6e00d41146f0b5/.net/office2html/ggtZ8fZDRy7noAk68w+eSJMdDmVPrSw=/DocumentFormat.OpenXml.Framework.dll", O_RDONLY) = 26
10654 openat(AT_FDCWD, "/home/runner/work/deckrender-acceptance/deckrender-acceptance/benchmark/artifacts/acceptance/private/sandboxes/2365ad2a878ed3613b69a6ae2c0c55b8ecf5dc09a1a04ade3b6e00d41146f0b5/.net/office2html/ggtZ8fZDRy7noAk68w+eSJMdDmVPrSw=/System.IO.Packaging.dll", O_RDONLY) = 28
10654 openat(AT_FDCWD, "/home/runner/work/deckrender-acceptance/deckrender-acceptance/benchmark/artifacts/acceptance/private/sandboxes/2365ad2a878ed3613b69a6ae2c0c55b8ecf5dc09a1a04ade3b6e00d41146f0b5/.net/office2html/ggtZ8fZDRy7noAk68w+eSJMdDmVPrSw=/netstandard.dll", O_RDONLY) = 30
10654 openat(AT_FDCWD, "/home/runner/work/deckrender-acceptance/deckrender-acceptance/benchmark/artifacts/acceptance/private/sandboxes/2365ad2a878ed3613b69a6ae2c0c55b8ecf5dc09a1a04ade3b6e00d41146f0b5/.net/office2html/ggtZ8fZDRy7noAk68w+eSJMdDmVPrSw=/System.IO.Compression.dll", O_RDONLY) = 32
10654 openat(AT_FDCWD, "/home/runner/work/deckrender-acceptance/deckrender-acceptance/benchmark/artifacts/acceptance/private/sandboxes/2365ad2a878ed3613b69a6ae2c0c55b8ecf5dc09a1a04ade3b6e00d41146f0b5/.net/office2html/ggtZ8fZDRy7noAk68w+eSJMdDmVPrSw=/System.Private.Uri.dll", O_RDONLY) = 34
10654 openat(AT_FDCWD, "/etc/localtime", O_RDONLY|O_CLOEXEC) = 36
10654 openat(AT_FDCWD, "/home/runner/work/deckrender-acceptance/deckrender-acceptance/benchmark/artifacts/acceptance/private/sandboxes/2365ad2a878ed3613b69a6ae2c0c55b8ecf5dc09a1a04ade3b6e00d41146f0b5/.net/office2html/ggtZ8fZDRy7noAk68w+eSJMdDmVPrSw=/System.Private.Xml.dll", O_RDONLY) = 36
10654 openat(AT_FDCWD, "/dev/urandom", O_RDONLY|O_CLOEXEC) = 38
10654 openat(AT_FDCWD, "/home/runner/work/deckrender-acceptance/deckrender-acceptance/benchmark/artifacts/acceptance/private/sandboxes/2365ad2a878ed3613b69a6ae2c0c55b8ecf5dc09a1a04ade3b6e00d41146f0b5/.net/office2html/ggtZ8fZDRy7noAk68w+eSJMdDmVPrSw=/System.Runtime.CompilerServices.Unsafe.dll", O_RDONLY) = 39
10654 openat(AT_FDCWD, "/tmp/tmp8dw06R.tmp", O_RDWR|O_CREAT|O_EXCL, 0600) = 41
10654 openat(AT_FDCWD, "/tmp/tmp8dw06R.tmp", O_RDWR|O_CREAT|O_CLOEXEC, 0666) = 41
10654 openat(AT_FDCWD, "/home/runner/work/deckrender-acceptance/deckrender-acceptance/benchmark/artifacts/acceptance/private/sandboxes/2365ad2a878ed3613b69a6ae2c0c55b8ecf5dc09a1a04ade3b6e00d41146f0b5/.net/office2html/ggtZ8fZDRy7noAk68w+eSJMdDmVPrSw=/System.Private.Xml.Linq.dll", O_RDONLY) = 42
10654 openat(AT_FDCWD, "/home/runner/work/deckrender-acceptance/deckrender-acceptance/benchmark/artifacts/acceptance/private/sandboxes/2365ad2a878ed3613b69a6ae2c0c55b8ecf5dc09a1a04ade3b6e00d41146f0b5/.net/office2html/ggtZ8fZDRy7noAk68w+eSJMdDmVPrSw=/System.Collections.Concurrent.dll", O_RDONLY) = 44
10654 openat(AT_FDCWD, "/home/runner/work/deckrender-acceptance/deckrender-acceptance/benchmark/artifacts/acceptance/private/sandboxes/2365ad2a878ed3613b69a6ae2c0c55b8ecf5dc09a1a04ade3b6e00d41146f0b5/.net/office2html/ggtZ8fZDRy7noAk68w+eSJMdDmVPrSw=/System.Linq.Expressions.dll", O_RDONLY) = 46
10654 openat(AT_FDCWD, "/tmp/tmpwwfP63.tmp", O_RDWR|O_CREAT|O_EXCL, 0600) = 41
10654 openat(AT_FDCWD, "/tmp/tmpwwfP63.tmp", O_RDWR|O_CREAT|O_CLOEXEC, 0666) = 41
10654 openat(AT_FDCWD, "/home/runner/work/deckrender-acceptance/deckrender-acceptance/benchmark/artifacts/acceptance/private/sandboxes/2365ad2a878ed3613b69a6ae2c0c55b8ecf5dc09a1a04ade3b6e00d41146f0b5/.net/office2html/ggtZ8fZDRy7noAk68w+eSJMdDmVPrSw=/System.Xml.XDocument.dll", O_RDONLY) = 48
10654 openat(AT_FDCWD, "/home/runner/work/deckrender-acceptance/deckrender-acceptance/benchmark/artifacts/acceptance/private/sandboxes/2365ad2a878ed3613b69a6ae2c0c55b8ecf5dc09a1a04ade3b6e00d41146f0b5/.net/office2html/ggtZ8fZDRy7noAk68w+eSJMdDmVPrSw=/System.Memory.dll", O_RDONLY) = 50
10654 openat(AT_FDCWD, "/home/runner/work/deckrender-acceptance/deckrender-acceptance/benchmark/artifacts/acceptance/private/sandboxes/2365ad2a878ed3613b69a6ae2c0c55b8ecf5dc09a1a04ade3b6e00d41146f0b5/.net/office2html/ggtZ8fZDRy7noAk68w+eSJMdDmVPrSw=/System.Text.RegularExpressions.dll", O_RDONLY) = 52
10654 openat(AT_FDCWD, "/home/runner/work/deckrender-acceptance/deckrender-acceptance/benchmark/artifacts/acceptance/private/sandboxes/2365ad2a878ed3613b69a6ae2c0c55b8ecf5dc09a1a04ade3b6e00d41146f0b5/.net/office2html/ggtZ8fZDRy7noAk68w+eSJMdDmVPrSw=/System.Text.Encoding.Extensions.dll", O_RDONLY) = 41
10654 openat(AT_FDCWD, "/tmp/deckrender-local-AKMEYe/office2html/player.css", O_WRONLY|O_CREAT|O_CLOEXEC, 0666) = 55
10654 openat(AT_FDCWD, "/tmp/deckrender-local-AKMEYe/office2html/player.js", O_WRONLY|O_CREAT|O_CLOEXEC, 0666) = 55
10654 openat(AT_FDCWD, "/tmp/deckrender-local-AKMEYe/office2html/slide.js", O_WRONLY|O_CREAT|O_CLOEXEC, 0666) = 55
10654 openat(AT_FDCWD, "/tmp/deckrender-local-AKMEYe/office2html/charts.js", O_WRONLY|O_CREAT|O_CLOEXEC, 0666) = 55
10654 openat(AT_FDCWD, "/home/runner/work/deckrender-acceptance/deckrender-acceptance/benchmark/artifacts/acceptance/private/sandboxes/2365ad2a878ed3613b69a6ae2c0c55b8ecf5dc09a1a04ade3b6e00d41146f0b5/.net/office2html/ggtZ8fZDRy7noAk68w+eSJMdDmVPrSw=/System.Text.Json.dll", O_RDONLY) = 55
10654 openat(AT_FDCWD, "/home/runner/work/deckrender-acceptance/deckrender-acceptance/benchmark/artifacts/acceptance/private/sandboxes/2365ad2a878ed3613b69a6ae2c0c55b8ecf5dc09a1a04ade3b6e00d41146f0b5/.net/office2html/ggtZ8fZDRy7noAk68w+eSJMdDmVPrSw=/System.Text.Encodings.Web.dll", O_RDONLY) = 57
10654 openat(AT_FDCWD, "/tmp/deckrender-local-AKMEYe/office2html/slides/0000.html", O_WRONLY|O_CREAT|O_CLOEXEC, 0666) = 59
10654 openat(AT_FDCWD, "/tmp/deckrender-local-AKMEYe/office2html/slides/0001.html", O_WRONLY|O_CREAT|O_CLOEXEC, 0666) = 59
10654 openat(AT_FDCWD, "/tmp/deckrender-local-AKMEYe/office2html/slides/0002.html", O_WRONLY|O_CREAT|O_CLOEXEC, 0666) = 59
10654 openat(AT_FDCWD, "/tmp/deckrender-local-AKMEYe/office2html/index.html", O_WRONLY|O_CREAT|O_CLOEXEC, 0666) = 59
10654 openat(AT_FDCWD, "/home/runner/work/deckrender-acceptance/deckrender-acceptance/benchmark/artifacts/acceptance/private/sandboxes/2365ad2a878ed3613b69a6ae2c0c55b8ecf5dc09a1a04ade3b6e00d41146f0b5/.net/office2html/ggtZ8fZDRy7noAk68w+eSJMdDmVPrSw=/Microsoft.Win32.Primitives.dll", O_RDONLY) = 60
10657 <... openat resumed>)             = ?
10642 --- SIGCHLD {si_signo=SIGCHLD, si_code=CLD_EXITED, si_pid=10654, si_uid=1001, si_status=0, si_utime=140 /* 1.40 s */, si_stime=18 /* 0.18 s */} ---
10642 shutdown(23, SHUT_WR)             = 0
10642 shutdown(25, SHUT_WR)             = 0
10651 openat(AT_FDCWD, "/tmp/deckrender-local-AKMEYe/office2html/index.html", O_RDONLY|O_CLOEXEC) = 21
10642 openat(AT_FDCWD, "/home/runner/work/deckrender-acceptance/deckrender-acceptance/benchmark/artifacts/acceptance/runtimes/v0.3.1/node_modules/@deckflow/deckrender/dist/package.json", O_RDONLY|O_CLOEXEC) = -1 ENOENT (No such file or directory)
10642 openat(AT_FDCWD, "/home/runner/work/deckrender-acceptance/deckrender-acceptance/benchmark/artifacts/acceptance/runtimes/v0.3.1/node_modules/playwright-core/package.json", O_RDONLY|O_CLOEXEC) = 21
10642 openat(AT_FDCWD, "/home/runner/work/deckrender-acceptance/deckrender-acceptance/benchmark/artifacts/acceptance/runtimes/v0.3.1/node_modules/playwright-core/index.mjs", O_RDONLY|O_CLOEXEC) = 21
10642 openat(AT_FDCWD, "/home/runner/work/deckrender-acceptance/deckrender-acceptance/benchmark/artifacts/acceptance/runtimes/v0.3.1/node_modules/playwright-core/index.js", O_RDONLY|O_CLOEXEC) = 21
10642 openat(AT_FDCWD, "/home/runner/work/deckrender-acceptance/deckrender-acceptance/benchmark/artifacts/acceptance/runtimes/v0.3.1/node_modules/playwright-core/lib/inprocess.js", O_RDONLY|O_CLOEXEC) = 21
10642 openat(AT_FDCWD, "/home/runner/work/deckrender-acceptance/deckrender-acceptance/benchmark/artifacts/acceptance/runtimes/v0.3.1/node_modules/playwright-core/lib/inProcessFactory.js", O_RDONLY|O_CLOEXEC) = 21
10642 openat(AT_FDCWD, "/home/runner/work/deckrender-acceptance/deckrender-acceptance/benchmark/artifacts/acceptance/runtimes/v0.3.1/node_modules/playwright-core/lib/androidServerImpl.js", O_RDONLY|O_CLOEXEC) = 21
10642 openat(AT_FDCWD, "/home/runner/work/deckrender-acceptance/deckrender-acceptance/benchmark/artifacts/acceptance/runtimes/v0.3.1/node_modules/playwright-core/lib/remote/playwrightServer.js", O_RDONLY|O_CLOEXEC) = 21
10642 openat(AT_FDCWD, "/home/runner/work/deckrender-acceptance/deckrender-acceptance/benchmark/artifacts/acceptance/runtimes/v0.3.1/node_modules/playwright-core/lib/remote/playwrightConnection.js", O_RDONLY|O_CLOEXEC) = 21
10642 openat(AT_FDCWD, "/home/runner/work/deckrender-acceptance/deckrender-acceptance/benchmark/artifacts/acceptance/runtimes/v0.3.1/node_modules/playwright-core/lib/server/package.json", O_RDONLY|O_CLOEXEC) = -1 ENOENT (No such file or directory)
10642 openat(AT_FDCWD, "/home/runner/work/deckrender-acceptance/deckrender-acceptance/benchmark/artifacts/acceptance/runtimes/v0.3.1/node_modules/playwright-core/lib/server/index.js", O_RDONLY|O_CLOEXEC) = 21
10642 openat(AT_FDCWD, "/home/runner/work/deckrender-acceptance/deckrender-acceptance/benchmark/artifacts/acceptance/runtimes/v0.3.1/node_modules/playwright-core/lib/server/registry/package.json", O_RDONLY|O_CLOEXEC) = -1 ENOENT (No such file or directory)
10642 openat(AT_FDCWD, "/home/runner/work/deckrender-acceptance/deckrender-acceptance/benchmark/artifacts/acceptance/runtimes/v0.3.1/node_modules/playwright-core/lib/server/registry/index.js", O_RDONLY|O_CLOEXEC) = 21
10642 openat(AT_FDCWD, "/home/runner/work/deckrender-acceptance/deckrender-acceptance/benchmark/artifacts/acceptance/runtimes/v0.3.1/node_modules/playwright-core/lib/server/registry/browserFetcher.js", O_RDONLY|O_CLOEXEC) = 21
10642 openat(AT_FDCWD, "/home/runner/work/deckrender-acceptance/deckrender-acceptance/benchmark/artifacts/acceptance/runtimes/v0.3.1/node_modules/playwright-core/lib/server/utils/debugLogger.js", O_RDONLY|O_CLOEXEC) = 21
10642 openat(AT_FDCWD, "/home/runner/work/deckrender-acceptance/deckrender-acceptance/benchmark/artifacts/acceptance/runtimes/v0.3.1/node_modules/playwright-core/lib/utilsBundle.js", O_RDONLY|O_CLOEXEC) = 21
10642 openat(AT_FDCWD, "/home/runner/work/deckrender-acceptance/deckrender-acceptance/benchmark/artifacts/acceptance/runtimes/v0.3.1/node_modules/playwright-core/lib/utilsBundleImpl/package.json", O_RDONLY|O_CLOEXEC) = -1 ENOENT (No such file or directory)
10642 openat(AT_FDCWD, "/home/runner/work/deckrender-acceptance/deckrender-acceptance/benchmark/artifacts/acceptance/runtimes/v0.3.1/node_modules/playwright-core/lib/utilsBundleImpl/index.js", O_RDONLY|O_CLOEXEC) = 21
10642 openat(AT_FDCWD, "/proc/version", O_RDONLY|O_CLOEXEC) = 21
10642 openat(AT_FDCWD, "/etc/resolv.conf", O_RDONLY) = 21
10642 openat(AT_FDCWD, "/etc/nsswitch.conf", O_RDONLY) = 21
10642 openat(AT_FDCWD, "/etc/netsvc.conf", O_RDONLY) = -1 ENOENT (No such file or directory)
10642 openat(AT_FDCWD, "/etc/svc.conf", O_RDONLY) = -1 ENOENT (No such file or directory)
10642 openat(AT_FDCWD, "/home/runner/work/deckrender-acceptance/deckrender-acceptance/benchmark/artifacts/acceptance/runtimes/v0.3.1/node_modules/bufferutil/package.json", O_RDONLY|O_CLOEXEC) = -1 ENOENT (No such file or directory)
10642 openat(AT_FDCWD, "/home/runner/work/deckrender-acceptance/deckrender-acceptance/benchmark/artifacts/acceptance/runtimes/v0.3.1/node_modules/playwright-core/lib/utils/isomorphic/manualPromise.js", O_RDONLY|O_CLOEXEC) = 21
10642 openat(AT_FDCWD, "/home/runner/work/deckrender-acceptance/deckrender-acceptance/benchmark/artifacts/acceptance/runtimes/v0.3.1/node_modules/playwright-core/lib/utils/isomorphic/stackTrace.js", O_RDONLY|O_CLOEXEC) = 21
10642 openat(AT_FDCWD, "/home/runner/work/deckrender-acceptance/deckrender-acceptance/benchmark/artifacts/acceptance/runtimes/v0.3.1/node_modules/playwright-core/lib/server/utils/userAgent.js", O_RDONLY|O_CLOEXEC) = 21
10642 openat(AT_FDCWD, "/home/runner/work/deckrender-acceptance/deckrender-acceptance/benchmark/artifacts/acceptance/runtimes/v0.3.1/node_modules/playwright-core/lib/server/utils/linuxUtils.js", O_RDONLY|O_CLOEXEC) = 21
10642 openat(AT_FDCWD, "/home/runner/work/deckrender-acceptance/deckrender-acceptance/benchmark/artifacts/acceptance/runtimes/v0.3.1/node_modules/playwright-core/lib/server/utils/fileUtils.js", O_RDONLY|O_CLOEXEC) = 21
10642 openat(AT_FDCWD, "/home/runner/work/deckrender-acceptance/deckrender-acceptance/benchmark/artifacts/acceptance/runtimes/v0.3.1/node_modules/playwright-core/lib/zipBundle.js", O_RDONLY|O_CLOEXEC) = 21
10642 openat(AT_FDCWD, "/home/runner/work/deckrender-acceptance/deckrender-acceptance/benchmark/artifacts/acceptance/runtimes/v0.3.1/node_modules/playwright-core/lib/zipBundleImpl.js", O_RDONLY|O_CLOEXEC) = 21
10642 openat(AT_FDCWD, "/home/runner/work/deckrender-acceptance/deckrender-acceptance/benchmark/artifacts/acceptance/runtimes/v0.3.1/node_modules/playwright-core/lib/server/registry/package.json", O_RDONLY|O_CLOEXEC) = -1 ENOENT (No such file or directory)
10642 openat(AT_FDCWD, "/home/runner/work/deckrender-acceptance/deckrender-acceptance/benchmark/artifacts/acceptance/runtimes/v0.3.1/node_modules/playwright-core/lib/server/registry/dependencies.js", O_RDONLY|O_CLOEXEC) = 21
10642 openat(AT_FDCWD, "/home/runner/work/deckrender-acceptance/deckrender-acceptance/benchmark/artifacts/acceptance/runtimes/v0.3.1/node_modules/playwright-core/lib/server/registry/nativeDeps.js", O_RDONLY|O_CLOEXEC) = 21
10642 openat(AT_FDCWD, "/home/runner/work/deckrender-acceptance/deckrender-acceptance/benchmark/artifacts/acceptance/runtimes/v0.3.1/node_modules/playwright-core/lib/server/utils/ascii.js", O_RDONLY|O_CLOEXEC) = 21
10642 openat(AT_FDCWD, "/home/runner/work/deckrender-acceptance/deckrender-acceptance/benchmark/artifacts/acceptance/runtimes/v0.3.1/node_modules/playwright-core/lib/server/utils/hostPlatform.js", O_RDONLY|O_CLOEXEC) = 21
10642 openat(AT_FDCWD, "/etc/os-release", O_RDONLY|O_CLOEXEC) = 21
10642 openat(AT_FDCWD, "/home/runner/work/deckrender-acceptance/deckrender-acceptance/benchmark/artifacts/acceptance/runtimes/v0.3.1/node_modules/playwright-core/lib/server/utils/spawnAsync.js", O_RDONLY|O_CLOEXEC) = 21
10642 openat(AT_FDCWD, "/home/runner/work/deckrender-acceptance/deckrender-acceptance/benchmark/artifacts/acceptance/runtimes/v0.3.1/node_modules/playwright-core/package.json", O_RDONLY|O_CLOEXEC) = 21
10642 openat(AT_FDCWD, "/home/runner/work/deckrender-acceptance/deckrender-acceptance/benchmark/artifacts/acceptance/runtimes/v0.3.1/node_modules/playwright-core/lib/utils.js", O_RDONLY|O_CLOEXEC) = 21
10642 openat(AT_FDCWD, "/home/runner/work/deckrender-acceptance/deckrender-acceptance/benchmark/artifacts/acceptance/runtimes/v0.3.1/node_modules/playwright-core/lib/utils/isomorphic/ariaSnapshot.js", O_RDONLY|O_CLOEXEC) = 21
10642 openat(AT_FDCWD, "/home/runner/work/deckrender-acceptance/deckrender-acceptance/benchmark/artifacts/acceptance/runtimes/v0.3.1/node_modules/playwright-core/lib/utils/isomorphic/assert.js", O_RDONLY|O_CLOEXEC) = 21
10642 openat(AT_FDCWD, "/home/runner/work/deckrender-acceptance/deckrender-acceptance/benchmark/artifacts/acceptance/runtimes/v0.3.1/node_modules/playwright-core/lib/utils/isomorphic/colors.js", O_RDONLY|O_CLOEXEC) = 21
10642 openat(AT_FDCWD, "/home/runner/work/deckrender-acceptance/deckrender-acceptance/benchmark/artifacts/acceptance/runtimes/v0.3.1/node_modules/playwright-core/lib/utils/isomorphic/headers.js", O_RDONLY|O_CLOEXEC) = 21
10642 openat(AT_FDCWD, "/home/runner/work/deckrender-acceptance/deckrender-acceptance/benchmark/artifacts/acceptance/runtimes/v0.3.1/node_modules/playwright-core/lib/utils/isomorphic/locatorGenerators.js", O_RDONLY|O_CLOEXEC) = 21
10642 openat(AT_FDCWD, "/home/runner/work/deckrender-acceptance/deckrender-acceptance/benchmark/artifacts/acceptance/runtimes/v0.3.1/node_modules/playwright-core/lib/utils/isomorphic/selectorParser.js", O_RDONLY|O_CLOEXEC) = 21
10642 openat(AT_FDCWD, "/home/runner/work/deckrender-acceptance/deckrender-acceptance/benchmark/artifacts/acceptance/runtimes/v0.3.1/node_modules/playwright-core/lib/utils/isomorphic/cssParser.js", O_RDONLY|O_CLOEXEC) = 21
10642 openat(AT_FDCWD, "/home/runner/work/deckrender-acceptance/deckrender-acceptance/benchmark/artifacts/acceptance/runtimes/v0.3.1/node_modules/playwright-core/lib/utils/isomorphic/cssTokenizer.js", O_RDONLY|O_CLOEXEC) = 21
10642 openat(AT_FDCWD, "/home/runner/work/deckrender-acceptance/deckrender-acceptance/benchmark/artifacts/acceptance/runtimes/v0.3.1/node_modules/playwright-core/lib/utils/isomorphic/stringUtils.js", O_RDONLY|O_CLOEXEC) = 21
10642 openat(AT_FDCWD, "/home/runner/work/deckrender-acceptance/deckrender-acceptance/benchmark/artifacts/acceptance/runtimes/v0.3.1/node_modules/playwright-core/lib/utils/isomorphic/mimeType.js", O_RDONLY|O_CLOEXEC) = 21
10642 openat(AT_FDCWD, "/home/runner/work/deckrender-acceptance/deckrender-acceptance/benchmark/artifacts/acceptance/runtimes/v0.3.1/node_modules/playwright-core/lib/utils/isomorphic/multimap.js", O_RDONLY|O_CLOEXEC) = 21
10642 openat(AT_FDCWD, "/home/runner/work/deckrender-acceptance/deckrender-acceptance/benchmark/artifacts/acceptance/runtimes/v0.3.1/node_modules/playwright-core/lib/utils/isomorphic/protocolFormatter.js", O_RDONLY|O_CLOEXEC) = 21
10642 openat(AT_FDCWD, "/home/runner/work/deckrender-acceptance/deckrender-acceptance/benchmark/artifacts/acceptance/runtimes/v0.3.1/node_modules/playwright-core/lib/utils/isomorphic/protocolMetainfo.js", O_RDONLY|O_CLOEXEC) = 21
10642 openat(AT_FDCWD, "/home/runner/work/deckrender-acceptance/deckrender-acceptance/benchmark/artifacts/acceptance/runtimes/v0.3.1/node_modules/playwright-core/lib/utils/isomorphic/rtti.js", O_RDONLY|O_CLOEXEC) = 21
10642 openat(AT_FDCWD, "/home/runner/work/deckrender-acceptance/deckrender-acceptance/benchmark/artifacts/acceptance/runtimes/v0.3.1/node_modules/playwright-core/lib/utils/isomorphic/semaphore.js", O_RDONLY|O_CLOEXEC) = 21
10642 openat(AT_FDCWD, "/home/runner/work/deckrender-acceptance/deckrender-acceptance/benchmark/artifacts/acceptance/runtimes/v0.3.1/node_modules/playwright-core/lib/utils/isomorphic/time.js", O_RDONLY|O_CLOEXEC) = 21
10642 openat(AT_FDCWD, "/home/runner/work/deckrender-acceptance/deckrender-acceptance/benchmark/artifacts/acceptance/runtimes/v0.3.1/node_modules/playwright-core/lib/utils/isomorphic/timeoutRunner.js", O_RDONLY|O_CLOEXEC) = 21
10642 openat(AT_FDCWD, "/home/runner/work/deckrender-acceptance/deckrender-acceptance/benchmark/artifacts/acceptance/runtimes/v0.3.1/node_modules/playwright-core/lib/utils/isomorphic/urlMatch.js", O_RDONLY|O_CLOEXEC) = 21
10642 openat(AT_FDCWD, "/home/runner/work/deckrender-acceptance/deckrender-acceptance/benchmark/artifacts/acceptance/runtimes/v0.3.1/node_modules/playwright-core/lib/server/utils/comparators.js", O_RDONLY|O_CLOEXEC) = 21
10642 openat(AT_FDCWD, "/home/runner/work/deckrender-acceptance/deckrender-acceptance/benchmark/artifacts/acceptance/runtimes/v0.3.1/node_modules/playwright-core/lib/server/utils/image_tools/compare.js", O_RDONLY|O_CLOEXEC) = 21
10642 openat(AT_FDCWD, "/home/runner/work/deckrender-acceptance/deckrender-acceptance/benchmark/artifacts/acceptance/runtimes/v0.3.1/node_modules/playwright-core/lib/server/utils/image_tools/colorUtils.js", O_RDONLY|O_CLOEXEC) = 21
10642 openat(AT_FDCWD, "/home/runner/work/deckrender-acceptance/deckrender-acceptance/benchmark/artifacts/acceptance/runtimes/v0.3.1/node_modules/playwright-core/lib/server/utils/image_tools/imageChannel.js", O_RDONLY|O_CLOEXEC) = 21
10642 openat(AT_FDCWD, "/home/runner/work/deckrender-acceptance/deckrender-acceptance/benchmark/artifacts/acceptance/runtimes/v0.3.1/node_modules/playwright-core/lib/server/utils/image_tools/stats.js", O_RDONLY|O_CLOEXEC) = 21
10642 openat(AT_FDCWD, "/home/runner/work/deckrender-acceptance/deckrender-acceptance/benchmark/artifacts/acceptance/runtimes/v0.3.1/node_modules/playwright-core/lib/third_party/pixelmatch.js", O_RDONLY|O_CLOEXEC) = 21
10642 openat(AT_FDCWD, "/home/runner/work/deckrender-acceptance/deckrender-acceptance/benchmark/artifacts/acceptance/runtimes/v0.3.1/node_modules/playwright-core/lib/server/utils/crypto.js", O_RDONLY|O_CLOEXEC) = 21
10642 openat(AT_FDCWD, "/home/runner/work/deckrender-acceptance/deckrender-acceptance/benchmark/artifacts/acceptance/runtimes/v0.3.1/node_modules/playwright-core/lib/server/utils/debug.js", O_RDONLY|O_CLOEXEC) = 21
10642 openat(AT_FDCWD, "/home/runner/work/deckrender-acceptance/deckrender-acceptance/benchmark/artifacts/acceptance/runtimes/v0.3.1/node_modules/playwright-core/lib/server/utils/env.js", O_RDONLY|O_CLOEXEC) = 21
10642 openat(AT_FDCWD, "/home/runner/work/deckrender-acceptance/deckrender-acceptance/benchmark/artifacts/acceptance/runtimes/v0.3.1/node_modules/playwright-core/lib/server/utils/eventsHelper.js", O_RDONLY|O_CLOEXEC) = 21
10642 openat(AT_FDCWD, "/home/runner/work/deckrender-acceptance/deckrender-acceptance/benchmark/artifacts/acceptance/runtimes/v0.3.1/node_modules/playwright-core/lib/server/utils/expectUtils.js", O_RDONLY|O_CLOEXEC) = 21
10642 openat(AT_FDCWD, "/home/runner/work/deckrender-acceptance/deckrender-acceptance/benchmark/artifacts/acceptance/runtimes/v0.3.1/node_modules/playwright-core/lib/server/utils/httpServer.js", O_RDONLY|O_CLOEXEC) = 21
10642 openat(AT_FDCWD, "/home/runner/work/deckrender-acceptance/deckrender-acceptance/benchmark/artifacts/acceptance/runtimes/v0.3.1/node_modules/playwright-core/lib/server/utils/network.js", O_RDONLY|O_CLOEXEC) = 21
10642 openat(AT_FDCWD, "/home/runner/work/deckrender-acceptance/deckrender-acceptance/benchmark/artifacts/acceptance/runtimes/v0.3.1/node_modules/playwright-core/lib/server/utils/happyEyeballs.js", O_RDONLY|O_CLOEXEC) = 21
10642 openat(AT_FDCWD, "/home/runner/work/deckrender-acceptance/deckrender-acceptance/benchmark/artifacts/acceptance/runtimes/v0.3.1/node_modules/playwright-core/lib/server/utils/nodePlatform.js", O_RDONLY|O_CLOEXEC) = 21
10642 openat(AT_FDCWD, "/home/runner/work/deckrender-acceptance/deckrender-acceptance/benchmark/artifacts/acceptance/runtimes/v0.3.1/node_modules/playwright-core/lib/server/utils/zones.js", O_RDONLY|O_CLOEXEC) = 21
10642 openat(AT_FDCWD, "/home/runner/work/deckrender-acceptance/deckrender-acceptance/benchmark/artifacts/acceptance/runtimes/v0.3.1/node_modules/playwright-core/lib/server/utils/processLauncher.js", O_RDONLY|O_CLOEXEC) = 21
10642 openat(AT_FDCWD, "/home/runner/work/deckrender-acceptance/deckrender-acceptance/benchmark/artifacts/acceptance/runtimes/v0.3.1/node_modules/playwright-core/lib/server/utils/profiler.js", O_RDONLY|O_CLOEXEC) = 21
10642 openat(AT_FDCWD, "/home/runner/work/deckrender-acceptance/deckrender-acceptance/benchmark/artifacts/acceptance/runtimes/v0.3.1/node_modules/playwright-core/lib/server/utils/socksProxy.js", O_RDONLY|O_CLOEXEC) = 21
10642 openat(AT_FDCWD, "/home/runner/work/deckrender-acceptance/deckrender-acceptance/benchmark/artifacts/acceptance/runtimes/v0.3.1/node_modules/playwright-core/lib/server/utils/task.js", O_RDONLY|O_CLOEXEC) = 21
10642 openat(AT_FDCWD, "/home/runner/work/deckrender-acceptance/deckrender-acceptance/benchmark/artifacts/acceptance/runtimes/v0.3.1/node_modules/playwright-core/lib/server/utils/wsServer.js", O_RDONLY|O_CLOEXEC) = 21
10642 openat(AT_FDCWD, "/home/runner/work/deckrender-acceptance/deckrender-acceptance/benchmark/artifacts/acceptance/runtimes/v0.3.1/node_modules/playwright-core/lib/server/utils/zipFile.js", O_RDONLY|O_CLOEXEC) = 21
10642 openat(AT_FDCWD, "/home/runner/work/deckrender-acceptance/deckrender-acceptance/benchmark/artifacts/acceptance/runtimes/v0.3.1/node_modules/playwright-core/browsers.json", O_RDONLY|O_CLOEXEC) = 21
10642 openat(AT_FDCWD, "/home/runner/work/deckrender-acceptance/deckrender-acceptance/benchmark/artifacts/acceptance/runtimes/v0.3.1/node_modules/playwright-core/lib/server/dispatchers/dispatcher.js", O_RDONLY|O_CLOEXEC) = 21
10642 openat(AT_FDCWD, "/home/runner/work/deckrender-acceptance/deckrender-acceptance/benchmark/artifacts/acceptance/runtimes/v0.3.1/node_modules/playwright-core/lib/protocol/validator.js", O_RDONLY|O_CLOEXEC) = 21
10642 openat(AT_FDCWD, "/home/runner/work/deckrender-acceptance/deckrender-acceptance/benchmark/artifacts/acceptance/runtimes/v0.3.1/node_modules/playwright-core/lib/protocol/validatorPrimitives.js", O_RDONLY|O_CLOEXEC) = 21
10642 openat(AT_FDCWD, "/home/runner/work/deckrender-acceptance/deckrender-acceptance/benchmark/artifacts/acceptance/runtimes/v0.3.1/node_modules/playwright-core/lib/server/errors.js", O_RDONLY|O_CLOEXEC) = 21
10642 openat(AT_FDCWD, "/home/runner/work/deckrender-acceptance/deckrender-acceptance/benchmark/artifacts/acceptance/runtimes/v0.3.1/node_modules/playwright-core/lib/protocol/serializers.js", O_RDONLY|O_CLOEXEC) = 21
10642 openat(AT_FDCWD, "/home/runner/work/deckrender-acceptance/deckrender-acceptance/benchmark/artifacts/acceptance/runtimes/v0.3.1/node_modules/playwright-core/lib/server/instrumentation.js", O_RDONLY|O_CLOEXEC) = 21
10642 openat(AT_FDCWD, "/home/runner/work/deckrender-acceptance/deckrender-acceptance/benchmark/artifacts/acceptance/runtimes/v0.3.1/node_modules/playwright-core/lib/server/protocolError.js", O_RDONLY|O_CLOEXEC) = 21
10642 openat(AT_FDCWD, "/home/runner/work/deckrender-acceptance/deckrender-acceptance/benchmark/artifacts/acceptance/runtimes/v0.3.1/node_modules/playwright-core/lib/server/callLog.js", O_RDONLY|O_CLOEXEC) = 21
10642 openat(AT_FDCWD, "/home/runner/work/deckrender-acceptance/deckrender-acceptance/benchmark/artifacts/acceptance/runtimes/v0.3.1/node_modules/playwright-core/lib/server/progress.js", O_RDONLY|O_CLOEXEC) = 21
10642 openat(AT_FDCWD, "/home/runner/work/deckrender-acceptance/deckrender-acceptance/benchmark/artifacts/acceptance/runtimes/v0.3.1/node_modules/playwright-core/lib/server/dispatchers/playwrightDispatcher.js", O_RDONLY|O_CLOEXEC) = 21
10642 openat(AT_FDCWD, "/home/runner/work/deckrender-acceptance/deckrender-acceptance/benchmark/artifacts/acceptance/runtimes/v0.3.1/node_modules/playwright-core/lib/server/fetch.js", O_RDONLY|O_CLOEXEC) = 21
10642 openat(AT_FDCWD, "/home/runner/work/deckrender-acceptance/deckrender-acceptance/benchmark/artifacts/acceptance/runtimes/v0.3.1/node_modules/playwright-core/lib/server/browserContext.js", O_RDONLY|O_CLOEXEC) = 21
10642 openat(AT_FDCWD, "/home/runner/work/deckrender-acceptance/deckrender-acceptance/benchmark/artifacts/acceptance/runtimes/v0.3.1/node_modules/playwright-core/lib/server/clock.js", O_RDONLY|O_CLOEXEC) = 21
10642 openat(AT_FDCWD, "/home/runner/work/deckrender-acceptance/deckrender-acceptance/benchmark/artifacts/acceptance/runtimes/v0.3.1/node_modules/playwright-core/lib/generated/clockSource.js", O_RDONLY|O_CLOEXEC) = 21
10642 openat(AT_FDCWD, "/home/runner/work/deckrender-acceptance/deckrender-acceptance/benchmark/artifacts/acceptance/runtimes/v0.3.1/node_modules/playwright-core/lib/server/debugger.js", O_RDONLY|O_CLOEXEC) = 21
10642 openat(AT_FDCWD, "/home/runner/work/deckrender-acceptance/deckrender-acceptance/benchmark/artifacts/acceptance/runtimes/v0.3.1/node_modules/playwright-core/lib/server/dialog.js", O_RDONLY|O_CLOEXEC) = 21
10642 openat(AT_FDCWD, "/home/runner/work/deckrender-acceptance/deckrender-acceptance/benchmark/artifacts/acceptance/runtimes/v0.3.1/node_modules/playwright-core/lib/server/har/harRecorder.js", O_RDONLY|O_CLOEXEC) = 21
10642 openat(AT_FDCWD, "/home/runner/work/deckrender-acceptance/deckrender-acceptance/benchmark/artifacts/acceptance/runtimes/v0.3.1/node_modules/playwright-core/lib/server/artifact.js", O_RDONLY|O_CLOEXEC) = 21
10642 openat(AT_FDCWD, "/home/runner/work/deckrender-acceptance/deckrender-acceptance/benchmark/artifacts/acceptance/runtimes/v0.3.1/node_modules/playwright-core/lib/server/har/harTracer.js", O_RDONLY|O_CLOEXEC) = 21
10642 openat(AT_FDCWD, "/home/runner/work/deckrender-acceptance/deckrender-acceptance/benchmark/artifacts/acceptance/runtimes/v0.3.1/node_modules/playwright-core/lib/server/frames.js", O_RDONLY|O_CLOEXEC) = 21
10642 openat(AT_FDCWD, "/home/runner/work/deckrender-acceptance/deckrender-acceptance/benchmark/artifacts/acceptance/runtimes/v0.3.1/node_modules/playwright-core/lib/server/dom.js", O_RDONLY|O_CLOEXEC) = 21
10642 openat(AT_FDCWD, "/home/runner/work/deckrender-acceptance/deckrender-acceptance/benchmark/artifacts/acceptance/runtimes/v0.3.1/node_modules/playwright-core/lib/server/javascript.js", O_RDONLY|O_CLOEXEC) = 21
10642 openat(AT_FDCWD, "/home/runner/work/deckrender-acceptance/deckrender-acceptance/benchmark/artifacts/acceptance/runtimes/v0.3.1/node_modules/playwright-core/lib/generated/utilityScriptSource.js", O_RDONLY|O_CLOEXEC) = 21
10642 openat(AT_FDCWD, "/home/runner/work/deckrender-acceptance/deckrender-acceptance/benchmark/artifacts/acceptance/runtimes/v0.3.1/node_modules/playwright-core/lib/utils/isomorphic/utilityScriptSerializers.js", O_RDONLY|O_CLOEXEC) = 21
10642 openat(AT_FDCWD, "/home/runner/work/deckrender-acceptance/deckrender-acceptance/benchmark/artifacts/acceptance/runtimes/v0.3.1/node_modules/playwright-core/lib/server/fileUploadUtils.js", O_RDONLY|O_CLOEXEC) = 21
10642 openat(AT_FDCWD, "/home/runner/work/deckrender-acceptance/deckrender-acceptance/benchmark/artifacts/acceptance/runtimes/v0.3.1/node_modules/playwright-core/lib/generated/injectedScriptSource.js", O_RDONLY|O_CLOEXEC) = 21
10642 openat(AT_FDCWD, "/home/runner/work/deckrender-acceptance/deckrender-acceptance/benchmark/artifacts/acceptance/runtimes/v0.3.1/node_modules/playwright-core/lib/server/frameSelectors.js", O_RDONLY|O_CLOEXEC) = 21
10642 openat(AT_FDCWD, "/home/runner/work/deckrender-acceptance/deckrender-acceptance/benchmark/artifacts/acceptance/runtimes/v0.3.1/node_modules/playwright-core/lib/server/helper.js", O_RDONLY|O_CLOEXEC) = 21
10642 openat(AT_FDCWD, "/home/runner/work/deckrender-acceptance/deckrender-acceptance/benchmark/artifacts/acceptance/runtimes/v0.3.1/node_modules/playwright-core/lib/server/network.js", O_RDONLY|O_CLOEXEC) = 21
10642 openat(AT_FDCWD, "/home/runner/work/deckrender-acceptance/deckrender-acceptance/benchmark/artifacts/acceptance/runtimes/v0.3.1/node_modules/playwright-core/lib/server/page.js", O_RDONLY|O_CLOEXEC) = 21
10642 openat(AT_FDCWD, "/home/runner/work/deckrender-acceptance/deckrender-acceptance/benchmark/artifacts/acceptance/runtimes/v0.3.1/node_modules/playwright-core/lib/server/accessibility.js", O_RDONLY|O_CLOEXEC) = 21
10642 openat(AT_FDCWD, "/home/runner/work/deckrender-acceptance/deckrender-acceptance/benchmark/artifacts/acceptance/runtimes/v0.3.1/node_modules/playwright-core/lib/server/console.js", O_RDONLY|O_CLOEXEC) = 21
10642 openat(AT_FDCWD, "/home/runner/work/deckrender-acceptance/deckrender-acceptance/benchmark/artifacts/acceptance/runtimes/v0.3.1/node_modules/playwright-core/lib/server/fileChooser.js", O_RDONLY|O_CLOEXEC) = 21
10642 openat(AT_FDCWD, "/home/runner/work/deckrender-acceptance/deckrender-acceptance/benchmark/artifacts/acceptance/runtimes/v0.3.1/node_modules/playwright-core/lib/server/input.js", O_RDONLY|O_CLOEXEC) = 21
10642 openat(AT_FDCWD, "/home/runner/work/deckrender-acceptance/deckrender-acceptance/benchmark/artifacts/acceptance/runtimes/v0.3.1/node_modules/playwright-core/lib/server/usKeyboardLayout.js", O_RDONLY|O_CLOEXEC) = 21
10642 openat(AT_FDCWD, "/home/runner/work/deckrender-acceptance/deckrender-acceptance/benchmark/artifacts/acceptance/runtimes/v0.3.1/node_modules/playwright-core/lib/server/screenshotter.js", O_RDONLY|O_CLOEXEC) = 21
10642 openat(AT_FDCWD, "/home/runner/work/deckrender-acceptance/deckrender-acceptance/benchmark/artifacts/acceptance/runtimes/v0.3.1/node_modules/playwright-core/lib/generated/bindingsControllerSource.js", O_RDONLY|O_CLOEXEC) = 21
10642 openat(AT_FDCWD, "/home/runner/work/deckrender-acceptance/deckrender-acceptance/benchmark/artifacts/acceptance/runtimes/v0.3.1/node_modules/playwright-core/lib/server/types.js", O_RDONLY|O_CLOEXEC) = 21
10642 openat(AT_FDCWD, "/home/runner/work/deckrender-acceptance/deckrender-acceptance/benchmark/artifacts/acceptance/runtimes/v0.3.1/node_modules/playwright-core/lib/server/recorder/recorderApp.js", O_RDONLY|O_CLOEXEC) = 21
10642 openat(AT_FDCWD, "/home/runner/work/deckrender-acceptance/deckrender-acceptance/benchmark/artifacts/acceptance/runtimes/v0.3.1/node_modules/playwright-core/lib/server/launchApp.js", O_RDONLY|O_CLOEXEC) = 21
10642 openat(AT_FDCWD, "/home/runner/work/deckrender-acceptance/deckrender-acceptance/benchmark/artifacts/acceptance/runtimes/v0.3.1/node_modules/playwright-core/lib/server/recorder/throttledFile.js", O_RDONLY|O_CLOEXEC) = 21
10642 openat(AT_FDCWD, "/home/runner/work/deckrender-acceptance/deckrender-acceptance/benchmark/artifacts/acceptance/runtimes/v0.3.1/node_modules/playwright-core/lib/server/codegen/languages.js", O_RDONLY|O_CLOEXEC) = 21
10642 openat(AT_FDCWD, "/home/runner/work/deckrender-acceptance/deckrender-acceptance/benchmark/artifacts/acceptance/runtimes/v0.3.1/node_modules/playwright-core/lib/server/codegen/csharp.js", O_RDONLY|O_CLOEXEC) = 21
10642 openat(AT_FDCWD, "/home/runner/work/deckrender-acceptance/deckrender-acceptance/benchmark/artifacts/acceptance/runtimes/v0.3.1/node_modules/playwright-core/lib/server/codegen/language.js", O_RDONLY|O_CLOEXEC) = 21
10642 openat(AT_FDCWD, "/home/runner/work/deckrender-acceptance/deckrender-acceptance/benchmark/artifacts/acceptance/runtimes/v0.3.1/node_modules/playwright-core/lib/server/deviceDescriptors.js", O_RDONLY|O_CLOEXEC) = 21
10642 openat(AT_FDCWD, "/home/runner/work/deckrender-acceptance/deckrender-acceptance/benchmark/artifacts/acceptance/runtimes/v0.3.1/node_modules/playwright-core/lib/server/deviceDescriptorsSource.json", O_RDONLY|O_CLOEXEC) = 21
10642 openat(AT_FDCWD, "/home/runner/work/deckrender-acceptance/deckrender-acceptance/benchmark/artifacts/acceptance/runtimes/v0.3.1/node_modules/playwright-core/lib/server/codegen/java.js", O_RDONLY|O_CLOEXEC) = 21
10642 openat(AT_FDCWD, "/home/runner/work/deckrender-acceptance/deckrender-acceptance/benchmark/artifacts/acceptance/runtimes/v0.3.1/node_modules/playwright-core/lib/server/codegen/javascript.js", O_RDONLY|O_CLOEXEC) = 21
10642 openat(AT_FDCWD, "/home/runner/work/deckrender-acceptance/deckrender-acceptance/benchmark/artifacts/acceptance/runtimes/v0.3.1/node_modules/playwright-core/lib/server/codegen/jsonl.js", O_RDONLY|O_CLOEXEC) = 21
10642 openat(AT_FDCWD, "/home/runner/work/deckrender-acceptance/deckrender-acceptance/benchmark/artifacts/acceptance/runtimes/v0.3.1/node_modules/playwright-core/lib/server/codegen/python.js", O_RDONLY|O_CLOEXEC) = 21
10642 openat(AT_FDCWD, "/home/runner/work/deckrender-acceptance/deckrender-acceptance/benchmark/artifacts/acceptance/runtimes/v0.3.1/node_modules/playwright-core/lib/server/recorder/recorderUtils.js", O_RDONLY|O_CLOEXEC) = 21
10642 openat(AT_FDCWD, "/home/runner/work/deckrender-acceptance/deckrender-acceptance/benchmark/artifacts/acceptance/runtimes/v0.3.1/node_modules/playwright-core/lib/server/recorder.js", O_RDONLY|O_CLOEXEC) = 21
10642 openat(AT_FDCWD, "/home/runner/work/deckrender-acceptance/deckrender-acceptance/benchmark/artifacts/acceptance/runtimes/v0.3.1/node_modules/playwright-core/lib/utils/isomorphic/locatorParser.js", O_RDONLY|O_CLOEXEC) = 21
10642 openat(AT_FDCWD, "/home/runner/work/deckrender-acceptance/deckrender-acceptance/benchmark/artifacts/acceptance/runtimes/v0.3.1/node_modules/playwright-core/lib/server/recorder/recorderSignalProcessor.js", O_RDONLY|O_CLOEXEC) = 21
10642 openat(AT_FDCWD, "/home/runner/work/deckrender-acceptance/deckrender-acceptance/benchmark/artifacts/acceptance/runtimes/v0.3.1/node_modules/playwright-core/lib/generated/pollingRecorderSource.js", O_RDONLY|O_CLOEXEC) = 21
10642 openat(AT_FDCWD, "/home/runner/work/deckrender-acceptance/deckrender-acceptance/benchmark/artifacts/acceptance/runtimes/v0.3.1/node_modules/playwright-core/lib/server/recorder/recorderRunner.js", O_RDONLY|O_CLOEXEC) = 21
10642 openat(AT_FDCWD, "/home/runner/work/deckrender-acceptance/deckrender-acceptance/benchmark/artifacts/acceptance/runtimes/v0.3.1/node_modules/playwright-core/lib/server/selectors.js", O_RDONLY|O_CLOEXEC) = 21
10642 openat(AT_FDCWD, "/home/runner/work/deckrender-acceptance/deckrender-acceptance/benchmark/artifacts/acceptance/runtimes/v0.3.1/node_modules/playwright-core/lib/server/trace/recorder/tracing.js", O_RDONLY|O_CLOEXEC) = 21
10642 openat(AT_FDCWD, "/home/runner/work/deckrender-acceptance/deckrender-acceptance/benchmark/artifacts/acceptance/runtimes/v0.3.1/node_modules/playwright-core/lib/server/trace/recorder/snapshotter.js", O_RDONLY|O_CLOEXEC) = 21
10642 openat(AT_FDCWD, "/home/runner/work/deckrender-acceptance/deckrender-acceptance/benchmark/artifacts/acceptance/runtimes/v0.3.1/node_modules/playwright-core/lib/server/trace/recorder/snapshotterInjected.js", O_RDONLY|O_CLOEXEC) = 21
10642 openat(AT_FDCWD, "/home/runner/work/deckrender-acceptance/deckrender-acceptance/benchmark/artifacts/acceptance/runtimes/v0.3.1/node_modules/playwright-core/lib/generated/storageScriptSource.js", O_RDONLY|O_CLOEXEC) = 21
10642 openat(AT_FDCWD, "/home/runner/work/deckrender-acceptance/deckrender-acceptance/benchmark/artifacts/acceptance/runtimes/v0.3.1/node_modules/playwright-core/lib/server/cookieStore.js", O_RDONLY|O_CLOEXEC) = 21
10642 openat(AT_FDCWD, "/home/runner/work/deckrender-acceptance/deckrender-acceptance/benchmark/artifacts/acceptance/runtimes/v0.3.1/node_modules/playwright-core/lib/server/formData.js", O_RDONLY|O_CLOEXEC) = 21
10642 openat(AT_FDCWD, "/home/runner/work/deckrender-acceptance/deckrender-acceptance/benchmark/artifacts/acceptance/runtimes/v0.3.1/node_modules/playwright-core/lib/server/socksClientCertificatesInterceptor.js", O_RDONLY|O_CLOEXEC) = 21
10642 openat(AT_FDCWD, "/home/runner/work/deckrender-acceptance/deckrender-acceptance/benchmark/artifacts/acceptance/runtimes/v0.3.1/node_modules/playwright-core/lib/server/dispatchers/androidDispatcher.js", O_RDONLY|O_CLOEXEC) = 21
10642 openat(AT_FDCWD, "/home/runner/work/deckrender-acceptance/deckrender-acceptance/benchmark/artifacts/acceptance/runtimes/v0.3.1/node_modules/playwright-core/lib/server/dispatchers/browserContextDispatcher.js", O_RDONLY|O_CLOEXEC) = 21
10642 openat(AT_FDCWD, "/home/runner/work/deckrender-acceptance/deckrender-acceptance/benchmark/artifacts/acceptance/runtimes/v0.3.1/node_modules/playwright-core/lib/server/dispatchers/artifactDispatcher.js", O_RDONLY|O_CLOEXEC) = 21
10642 openat(AT_FDCWD, "/home/runner/work/deckrender-acceptance/deckrender-acceptance/benchmark/artifacts/acceptance/runtimes/v0.3.1/node_modules/playwright-core/lib/server/dispatchers/streamDispatcher.js", O_RDONLY|O_CLOEXEC) = 21
10642 openat(AT_FDCWD, "/home/runner/work/deckrender-acceptance/deckrender-acceptance/benchmark/artifacts/acceptance/runtimes/v0.3.1/node_modules/playwright-core/lib/server/dispatchers/cdpSessionDispatcher.js", O_RDONLY|O_CLOEXEC) = 21
10642 openat(AT_FDCWD, "/home/runner/work/deckrender-acceptance/deckrender-acceptance/benchmark/artifacts/acceptance/runtimes/v0.3.1/node_modules/playwright-core/lib/server/chromium/crConnection.js", O_RDONLY|O_CLOEXEC) = 21
10642 openat(AT_FDCWD, "/home/runner/work/deckrender-acceptance/deckrender-acceptance/benchmark/artifacts/acceptance/runtimes/v0.3.1/node_modules/playwright-core/lib/server/dispatchers/dialogDispatcher.js", O_RDONLY|O_CLOEXEC) = 21
10642 openat(AT_FDCWD, "/home/runner/work/deckrender-acceptance/deckrender-acceptance/benchmark/artifacts/acceptance/runtimes/v0.3.1/node_modules/playwright-core/lib/server/dispatchers/pageDispatcher.js", O_RDONLY|O_CLOEXEC) = 21
10642 openat(AT_FDCWD, "/home/runner/work/deckrender-acceptance/deckrender-acceptance/benchmark/artifacts/acceptance/runtimes/v0.3.1/node_modules/playwright-core/lib/server/dispatchers/elementHandlerDispatcher.js", O_RDONLY|O_CLOEXEC) = 21
10642 openat(AT_FDCWD, "/home/runner/work/deckrender-acceptance/deckrender-acceptance/benchmark/artifacts/acceptance/runtimes/v0.3.1/node_modules/playwright-core/lib/server/dispatchers/frameDispatcher.js", O_RDONLY|O_CLOEXEC) = 21
10642 openat(AT_FDCWD, "/home/runner/work/deckrender-acceptance/deckrender-acceptance/benchmark/artifacts/acceptance/runtimes/v0.3.1/node_modules/playwright-core/lib/server/dispatchers/jsHandleDispatcher.js", O_RDONLY|O_CLOEXEC) = 21
10642 openat(AT_FDCWD, "/home/runner/work/deckrender-acceptance/deckrender-acceptance/benchmark/artifacts/acceptance/runtimes/v0.3.1/node_modules/playwright-core/lib/server/dispatchers/networkDispatchers.js", O_RDONLY|O_CLOEXEC) = 21
10642 openat(AT_FDCWD, "/home/runner/work/deckrender-acceptance/deckrender-acceptance/benchmark/artifacts/acceptance/runtimes/v0.3.1/node_modules/playwright-core/lib/server/dispatchers/tracingDispatcher.js", O_RDONLY|O_CLOEXEC) = 21
10642 openat(AT_FDCWD, "/home/runner/work/deckrender-acceptance/deckrender-acceptance/benchmark/artifacts/acceptance/runtimes/v0.3.1/node_modules/playwright-core/lib/server/dispatchers/webSocketRouteDispatcher.js", O_RDONLY|O_CLOEXEC) = 21
10642 openat(AT_FDCWD, "/home/runner/work/deckrender-acceptance/deckrender-acceptance/benchmark/artifacts/acceptance/runtimes/v0.3.1/node_modules/playwright-core/lib/generated/webSocketMockSource.js", O_RDONLY|O_CLOEXEC) = 21
10642 openat(AT_FDCWD, "/home/runner/work/deckrender-acceptance/deckrender-acceptance/benchmark/artifacts/acceptance/runtimes/v0.3.1/node_modules/playwright-core/lib/server/chromium/crBrowser.js", O_RDONLY|O_CLOEXEC) = 21
10642 openat(AT_FDCWD, "/home/runner/work/deckrender-acceptance/deckrender-acceptance/benchmark/artifacts/acceptance/runtimes/v0.3.1/node_modules/playwright-core/lib/server/browser.js", O_RDONLY|O_CLOEXEC) = 21
10642 openat(AT_FDCWD, "/home/runner/work/deckrender-acceptance/deckrender-acceptance/benchmark/artifacts/acceptance/runtimes/v0.3.1/node_modules/playwright-core/lib/server/download.js", O_RDONLY|O_CLOEXEC) = 21
10642 openat(AT_FDCWD, "/home/runner/work/deckrender-acceptance/deckrender-acceptance/benchmark/artifacts/acceptance/runtimes/v0.3.1/node_modules/playwright-core/lib/server/chromium/crPage.js", O_RDONLY|O_CLOEXEC) = 21
10642 openat(AT_FDCWD, "/home/runner/work/deckrender-acceptance/deckrender-acceptance/benchmark/artifacts/acceptance/runtimes/v0.3.1/node_modules/playwright-core/lib/server/registry/package.json", O_RDONLY|O_CLOEXEC) = -1 ENOENT (No such file or directory)
10642 openat(AT_FDCWD, "/home/runner/work/deckrender-acceptance/deckrender-acceptance/benchmark/artifacts/acceptance/runtimes/v0.3.1/node_modules/playwright-core/lib/server/chromium/crAccessibility.js", O_RDONLY|O_CLOEXEC) = 21
10642 openat(AT_FDCWD, "/home/runner/work/deckrender-acceptance/deckrender-acceptance/benchmark/artifacts/acceptance/runtimes/v0.3.1/node_modules/playwright-core/lib/server/chromium/crCoverage.js", O_RDONLY|O_CLOEXEC) = 21
10642 openat(AT_FDCWD, "/home/runner/work/deckrender-acceptance/deckrender-acceptance/benchmark/artifacts/acceptance/runtimes/v0.3.1/node_modules/playwright-core/lib/server/chromium/crDragDrop.js", O_RDONLY|O_CLOEXEC) = 21
10642 openat(AT_FDCWD, "/home/runner/work/deckrender-acceptance/deckrender-acceptance/benchmark/artifacts/acceptance/runtimes/v0.3.1/node_modules/playwright-core/lib/server/chromium/crProtocolHelper.js", O_RDONLY|O_CLOEXEC) = 21
10642 openat(AT_FDCWD, "/home/runner/work/deckrender-acceptance/deckrender-acceptance/benchmark/artifacts/acceptance/runtimes/v0.3.1/node_modules/playwright-core/lib/server/chromium/crExecutionContext.js", O_RDONLY|O_CLOEXEC) = 21
10642 openat(AT_FDCWD, "/home/runner/work/deckrender-acceptance/deckrender-acceptance/benchmark/artifacts/acceptance/runtimes/v0.3.1/node_modules/playwright-core/lib/server/chromium/crInput.js", O_RDONLY|O_CLOEXEC) = 21
10642 openat(AT_FDCWD, "/home/runner/work/deckrender-acceptance/deckrender-acceptance/benchmark/artifacts/acceptance/runtimes/v0.3.1/node_modules/playwright-core/lib/server/macEditingCommands.js", O_RDONLY|O_CLOEXEC) = 21
10642 openat(AT_FDCWD, "/home/runner/work/deckrender-acceptance/deckrender-acceptance/benchmark/artifacts/acceptance/runtimes/v0.3.1/node_modules/playwright-core/lib/server/chromium/crNetworkManager.js", O_RDONLY|O_CLOEXEC) = 21
10642 openat(AT_FDCWD, "/home/runner/work/deckrender-acceptance/deckrender-acceptance/benchmark/artifacts/acceptance/runtimes/v0.3.1/node_modules/playwright-core/lib/server/chromium/crPdf.js", O_RDONLY|O_CLOEXEC) = 21
10642 openat(AT_FDCWD, "/home/runner/work/deckrender-acceptance/deckrender-acceptance/benchmark/artifacts/acceptance/runtimes/v0.3.1/node_modules/playwright-core/lib/server/chromium/defaultFontFamilies.js", O_RDONLY|O_CLOEXEC) = 21
10642 openat(AT_FDCWD, "/home/runner/work/deckrender-acceptance/deckrender-acceptance/benchmark/artifacts/acceptance/runtimes/v0.3.1/node_modules/playwright-core/lib/server/chromium/videoRecorder.js", O_RDONLY|O_CLOEXEC) = 21
10642 openat(AT_FDCWD, "/home/runner/work/deckrender-acceptance/deckrender-acceptance/benchmark/artifacts/acceptance/runtimes/v0.3.1/node_modules/playwright-core/lib/server/chromium/crServiceWorker.js", O_RDONLY|O_CLOEXEC) = 21
10642 openat(AT_FDCWD, "/home/runner/work/deckrender-acceptance/deckrender-acceptance/benchmark/artifacts/acceptance/runtimes/v0.3.1/node_modules/playwright-core/lib/server/dispatchers/writableStreamDispatcher.js", O_RDONLY|O_CLOEXEC) = 21
10642 openat(AT_FDCWD, "/home/runner/work/deckrender-acceptance/deckrender-acceptance/benchmark/artifacts/acceptance/runtimes/v0.3.1/node_modules/playwright-core/lib/server/android/android.js", O_RDONLY|O_CLOEXEC) = 21
10642 openat(AT_FDCWD, "/home/runner/work/deckrender-acceptance/deckrender-acceptance/benchmark/artifacts/acceptance/runtimes/v0.3.1/node_modules/playwright-core/lib/server/utils/pipeTransport.js", O_RDONLY|O_CLOEXEC) = 21
10642 openat(AT_FDCWD, "/home/runner/work/deckrender-acceptance/deckrender-acceptance/benchmark/artifacts/acceptance/runtimes/v0.3.1/node_modules/playwright-core/lib/server/chromium/chromiumSwitches.js", O_RDONLY|O_CLOEXEC) = 21
10642 openat(AT_FDCWD, "/home/runner/work/deckrender-acceptance/deckrender-acceptance/benchmark/artifacts/acceptance/runtimes/v0.3.1/node_modules/playwright-core/lib/server/registry/package.json", O_RDONLY|O_CLOEXEC) = -1 ENOENT (No such file or directory)
10642 openat(AT_FDCWD, "/home/runner/work/deckrender-acceptance/deckrender-acceptance/benchmark/artifacts/acceptance/runtimes/v0.3.1/node_modules/playwright-core/lib/server/dispatchers/browserDispatcher.js", O_RDONLY|O_CLOEXEC) = 21
10642 openat(AT_FDCWD, "/home/runner/work/deckrender-acceptance/deckrender-acceptance/benchmark/artifacts/acceptance/runtimes/v0.3.1/node_modules/playwright-core/lib/server/dispatchers/browserTypeDispatcher.js", O_RDONLY|O_CLOEXEC) = 21
10642 openat(AT_FDCWD, "/home/runner/work/deckrender-acceptance/deckrender-acceptance/benchmark/artifacts/acceptance/runtimes/v0.3.1/node_modules/playwright-core/lib/server/dispatchers/electronDispatcher.js", O_RDONLY|O_CLOEXEC) = 21
10642 openat(AT_FDCWD, "/home/runner/work/deckrender-acceptance/deckrender-acceptance/benchmark/artifacts/acceptance/runtimes/v0.3.1/node_modules/playwright-core/lib/server/electron/electron.js", O_RDONLY|O_CLOEXEC) = 21
10642 openat(AT_FDCWD, "/home/runner/work/deckrender-acceptance/deckrender-acceptance/benchmark/artifacts/acceptance/runtimes/v0.3.1/node_modules/playwright-core/lib/server/transport.js", O_RDONLY|O_CLOEXEC) = 21
10642 openat(AT_FDCWD, "/home/runner/work/deckrender-acceptance/deckrender-acceptance/benchmark/artifacts/acceptance/runtimes/v0.3.1/node_modules/playwright-core/lib/server/dispatchers/localUtilsDispatcher.js", O_RDONLY|O_CLOEXEC) = 21
10642 openat(AT_FDCWD, "/home/runner/work/deckrender-acceptance/deckrender-acceptance/benchmark/artifacts/acceptance/runtimes/v0.3.1/node_modules/playwright-core/lib/server/localUtils.js", O_RDONLY|O_CLOEXEC) = 21
10642 openat(AT_FDCWD, "/home/runner/work/deckrender-acceptance/deckrender-acceptance/benchmark/artifacts/acceptance/runtimes/v0.3.1/node_modules/playwright-core/lib/server/harBackend.js", O_RDONLY|O_CLOEXEC) = 21
10642 openat(AT_FDCWD, "/home/runner/work/deckrender-acceptance/deckrender-acceptance/benchmark/artifacts/acceptance/runtimes/v0.3.1/node_modules/playwright-core/lib/utils/isomorphic/traceUtils.js", O_RDONLY|O_CLOEXEC) = 21
10642 openat(AT_FDCWD, "/home/runner/work/deckrender-acceptance/deckrender-acceptance/benchmark/artifacts/acceptance/runtimes/v0.3.1/node_modules/playwright-core/lib/server/dispatchers/jsonPipeDispatcher.js", O_RDONLY|O_CLOEXEC) = 21
10642 openat(AT_FDCWD, "/home/runner/work/deckrender-acceptance/deckrender-acceptance/benchmark/artifacts/acceptance/runtimes/v0.3.1/node_modules/playwright-core/lib/server/socksInterceptor.js", O_RDONLY|O_CLOEXEC) = 21
10642 openat(AT_FDCWD, "/home/runner/work/deckrender-acceptance/deckrender-acceptance/benchmark/artifacts/acceptance/runtimes/v0.3.1/node_modules/playwright-core/lib/server/playwright.js", O_RDONLY|O_CLOEXEC) = 21
10642 openat(AT_FDCWD, "/home/runner/work/deckrender-acceptance/deckrender-acceptance/benchmark/artifacts/acceptance/runtimes/v0.3.1/node_modules/playwright-core/lib/server/android/backendAdb.js", O_RDONLY|O_CLOEXEC) = 21
10642 openat(AT_FDCWD, "/home/runner/work/deckrender-acceptance/deckrender-acceptance/benchmark/artifacts/acceptance/runtimes/v0.3.1/node_modules/playwright-core/lib/server/bidi/bidiChromium.js", O_RDONLY|O_CLOEXEC) = 21
10642 openat(AT_FDCWD, "/home/runner/work/deckrender-acceptance/deckrender-acceptance/benchmark/artifacts/acceptance/runtimes/v0.3.1/node_modules/playwright-core/lib/server/browserType.js", O_RDONLY|O_CLOEXEC) = 21
10642 openat(AT_FDCWD, "/home/runner/work/deckrender-acceptance/deckrender-acceptance/benchmark/artifacts/acceptance/runtimes/v0.3.1/node_modules/playwright-core/lib/server/pipeTransport.js", O_RDONLY|O_CLOEXEC) = 21
10642 openat(AT_FDCWD, "/home/runner/work/deckrender-acceptance/deckrender-acceptance/benchmark/artifacts/acceptance/runtimes/v0.3.1/node_modules/playwright-core/lib/server/bidi/bidiBrowser.js", O_RDONLY|O_CLOEXEC) = 21
10642 openat(AT_FDCWD, "/home/runner/work/deckrender-acceptance/deckrender-acceptance/benchmark/artifacts/acceptance/runtimes/v0.3.1/node_modules/playwright-core/lib/server/bidi/bidiConnection.js", O_RDONLY|O_CLOEXEC) = 21
10642 openat(AT_FDCWD, "/home/runner/work/deckrender-acceptance/deckrender-acceptance/benchmark/artifacts/acceptance/runtimes/v0.3.1/node_modules/playwright-core/lib/server/bidi/bidiNetworkManager.js", O_RDONLY|O_CLOEXEC) = 21
10642 openat(AT_FDCWD, "/home/runner/work/deckrender-acceptance/deckrender-acceptance/benchmark/artifacts/acceptance/runtimes/v0.3.1/node_modules/playwright-core/lib/server/bidi/third_party/bidiProtocol.js", O_RDONLY|O_CLOEXEC) = 21
10642 openat(AT_FDCWD, "/home/runner/work/deckrender-acceptance/deckrender-acceptance/benchmark/artifacts/acceptance/runtimes/v0.3.1/node_modules/playwright-core/lib/server/bidi/third_party/bidiProtocolCore.js", O_RDONLY|O_CLOEXEC) = 21
10642 openat(AT_FDCWD, "/home/runner/work/deckrender-acceptance/deckrender-acceptance/benchmark/artifacts/acceptance/runtimes/v0.3.1/node_modules/playwright-core/lib/server/bidi/third_party/bidiProtocolPermissions.js", O_RDONLY|O_CLOEXEC) = 21
10642 openat(AT_FDCWD, "/home/runner/work/deckrender-acceptance/deckrender-acceptance/benchmark/artifacts/acceptance/runtimes/v0.3.1/node_modules/playwright-core/lib/server/bidi/bidiPage.js", O_RDONLY|O_CLOEXEC) = 21
10642 openat(AT_FDCWD, "/home/runner/work/deckrender-acceptance/deckrender-acceptance/benchmark/artifacts/acceptance/runtimes/v0.3.1/node_modules/playwright-core/lib/server/bidi/bidiExecutionContext.js", O_RDONLY|O_CLOEXEC) = 21
10642 openat(AT_FDCWD, "/home/runner/work/deckrender-acceptance/deckrender-acceptance/benchmark/artifacts/acceptance/runtimes/v0.3.1/node_modules/playwright-core/lib/server/bidi/third_party/bidiDeserializer.js", O_RDONLY|O_CLOEXEC) = 21
10642 openat(AT_FDCWD, "/home/runner/work/deckrender-acceptance/deckrender-acceptance/benchmark/artifacts/acceptance/runtimes/v0.3.1/node_modules/playwright-core/lib/server/bidi/third_party/bidiSerializer.js", O_RDONLY|O_CLOEXEC) = 21
10642 openat(AT_FDCWD, "/home/runner/work/deckrender-acceptance/deckrender-acceptance/benchmark/artifacts/acceptance/runtimes/v0.3.1/node_modules/playwright-core/lib/server/bidi/bidiInput.js", O_RDONLY|O_CLOEXEC) = 21
10642 openat(AT_FDCWD, "/home/runner/work/deckrender-acceptance/deckrender-acceptance/benchmark/artifacts/acceptance/runtimes/v0.3.1/node_modules/playwright-core/lib/server/bidi/third_party/bidiKeyboard.js", O_RDONLY|O_CLOEXEC) = 21
10642 openat(AT_FDCWD, "/home/runner/work/deckrender-acceptance/deckrender-acceptance/benchmark/artifacts/acceptance/runtimes/v0.3.1/node_modules/playwright-core/lib/server/bidi/bidiPdf.js", O_RDONLY|O_CLOEXEC) = 21
10642 openat(AT_FDCWD, "/home/runner/work/deckrender-acceptance/deckrender-acceptance/benchmark/artifacts/acceptance/runtimes/v0.3.1/node_modules/playwright-core/lib/server/chromium/chromium.js", O_RDONLY|O_CLOEXEC) = 21
10642 openat(AT_FDCWD, "/home/runner/work/deckrender-acceptance/deckrender-acceptance/benchmark/artifacts/acceptance/runtimes/v0.3.1/node_modules/playwright-core/lib/server/chromium/crDevTools.js", O_RDONLY|O_CLOEXEC) = 21
10642 openat(AT_FDCWD, "/home/runner/work/deckrender-acceptance/deckrender-acceptance/benchmark/artifacts/acceptance/runtimes/v0.3.1/node_modules/playwright-core/lib/server/bidi/bidiFirefox.js", O_RDONLY|O_CLOEXEC) = 21
10642 openat(AT_FDCWD, "/home/runner/work/deckrender-acceptance/deckrender-acceptance/benchmark/artifacts/acceptance/runtimes/v0.3.1/node_modules/playwright-core/lib/server/bidi/third_party/firefoxPrefs.js", O_RDONLY|O_CLOEXEC) = 21
10642 openat(AT_FDCWD, "/home/runner/work/deckrender-acceptance/deckrender-acceptance/benchmark/artifacts/acceptance/runtimes/v0.3.1/node_modules/playwright-core/lib/server/debugController.js", O_RDONLY|O_CLOEXEC) = 21
10642 openat(AT_FDCWD, "/home/runner/work/deckrender-acceptance/deckrender-acceptance/benchmark/artifacts/acceptance/runtimes/v0.3.1/node_modules/playwright-core/lib/server/firefox/firefox.js", O_RDONLY|O_CLOEXEC) = 21
10642 openat(AT_FDCWD, "/home/runner/work/deckrender-acceptance/deckrender-acceptance/benchmark/artifacts/acceptance/runtimes/v0.3.1/node_modules/playwright-core/lib/server/firefox/ffBrowser.js", O_RDONLY|O_CLOEXEC) = 21
10642 openat(AT_FDCWD, "/home/runner/work/deckrender-acceptance/deckrender-acceptance/benchmark/artifacts/acceptance/runtimes/v0.3.1/node_modules/playwright-core/lib/server/firefox/ffConnection.js", O_RDONLY|O_CLOEXEC) = 21
10642 openat(AT_FDCWD, "/home/runner/work/deckrender-acceptance/deckrender-acceptance/benchmark/artifacts/acceptance/runtimes/v0.3.1/node_modules/playwright-core/lib/server/firefox/ffPage.js", O_RDONLY|O_CLOEXEC) = 21
10642 openat(AT_FDCWD, "/home/runner/work/deckrender-acceptance/deckrender-acceptance/benchmark/artifacts/acceptance/runtimes/v0.3.1/node_modules/playwright-core/lib/server/firefox/ffAccessibility.js", O_RDONLY|O_CLOEXEC) = 21
10642 openat(AT_FDCWD, "/home/runner/work/deckrender-acceptance/deckrender-acceptance/benchmark/artifacts/acceptance/runtimes/v0.3.1/node_modules/playwright-core/lib/server/firefox/ffExecutionContext.js", O_RDONLY|O_CLOEXEC) = 21
10642 openat(AT_FDCWD, "/home/runner/work/deckrender-acceptance/deckrender-acceptance/benchmark/artifacts/acceptance/runtimes/v0.3.1/node_modules/playwright-core/lib/server/firefox/ffInput.js", O_RDONLY|O_CLOEXEC) = 21
10642 openat(AT_FDCWD, "/home/runner/work/deckrender-acceptance/deckrender-acceptance/benchmark/artifacts/acceptance/runtimes/v0.3.1/node_modules/playwright-core/lib/server/firefox/ffNetworkManager.js", O_RDONLY|O_CLOEXEC) = 21
10642 openat(AT_FDCWD, "/home/runner/work/deckrender-acceptance/deckrender-acceptance/benchmark/artifacts/acceptance/runtimes/v0.3.1/node_modules/playwright-core/lib/server/webkit/webkit.js", O_RDONLY|O_CLOEXEC) = 21
10642 openat(AT_FDCWD, "/home/runner/work/deckrender-acceptance/deckrender-acceptance/benchmark/artifacts/acceptance/runtimes/v0.3.1/node_modules/playwright-core/lib/server/webkit/wkConnection.js", O_RDONLY|O_CLOEXEC) = 21
10642 openat(AT_FDCWD, "/home/runner/work/deckrender-acceptance/deckrender-acceptance/benchmark/artifacts/acceptance/runtimes/v0.3.1/node_modules/playwright-core/lib/server/webkit/wkBrowser.js", O_RDONLY|O_CLOEXEC) = 21
10642 openat(AT_FDCWD, "/home/runner/work/deckrender-acceptance/deckrender-acceptance/benchmark/artifacts/acceptance/runtimes/v0.3.1/node_modules/playwright-core/lib/server/webkit/wkPage.js", O_RDONLY|O_CLOEXEC) = 21
10642 openat(AT_FDCWD, "/home/runner/work/deckrender-acceptance/deckrender-acceptance/benchmark/artifacts/acceptance/runtimes/v0.3.1/node_modules/playwright-core/lib/server/webkit/wkAccessibility.js", O_RDONLY|O_CLOEXEC) = 21
10642 openat(AT_FDCWD, "/home/runner/work/deckrender-acceptance/deckrender-acceptance/benchmark/artifacts/acceptance/runtimes/v0.3.1/node_modules/playwright-core/lib/server/webkit/wkExecutionContext.js", O_RDONLY|O_CLOEXEC) = 21
10642 openat(AT_FDCWD, "/home/runner/work/deckrender-acceptance/deckrender-acceptance/benchmark/artifacts/acceptance/runtimes/v0.3.1/node_modules/playwright-core/lib/server/webkit/wkInput.js", O_RDONLY|O_CLOEXEC) = 21
10642 openat(AT_FDCWD, "/home/runner/work/deckrender-acceptance/deckrender-acceptance/benchmark/artifacts/acceptance/runtimes/v0.3.1/node_modules/playwright-core/lib/server/webkit/wkInterceptableRequest.js", O_RDONLY|O_CLOEXEC) = 21
10642 openat(AT_FDCWD, "/home/runner/work/deckrender-acceptance/deckrender-acceptance/benchmark/artifacts/acceptance/runtimes/v0.3.1/node_modules/playwright-core/lib/server/webkit/wkProvisionalPage.js", O_RDONLY|O_CLOEXEC) = 21
10642 openat(AT_FDCWD, "/home/runner/work/deckrender-acceptance/deckrender-acceptance/benchmark/artifacts/acceptance/runtimes/v0.3.1/node_modules/playwright-core/lib/server/webkit/wkWorkers.js", O_RDONLY|O_CLOEXEC) = 21
10642 openat(AT_FDCWD, "/home/runner/work/deckrender-acceptance/deckrender-acceptance/benchmark/artifacts/acceptance/runtimes/v0.3.1/node_modules/playwright-core/lib/server/trace/viewer/traceViewer.js", O_RDONLY|O_CLOEXEC) = 21
10642 openat(AT_FDCWD, "/home/runner/work/deckrender-acceptance/deckrender-acceptance/benchmark/artifacts/acceptance/runtimes/v0.3.1/node_modules/playwright-core/lib/server/dispatchers/debugControllerDispatcher.js", O_RDONLY|O_CLOEXEC) = 21
10642 openat(AT_FDCWD, "/home/runner/work/deckrender-acceptance/deckrender-acceptance/benchmark/artifacts/acceptance/runtimes/v0.3.1/node_modules/playwright-core/lib/browserServerImpl.js", O_RDONLY|O_CLOEXEC) = 21
10642 openat(AT_FDCWD, "/home/runner/work/deckrender-acceptance/deckrender-acceptance/benchmark/artifacts/acceptance/runtimes/v0.3.1/node_modules/playwright-core/lib/server/package.json", O_RDONLY|O_CLOEXEC) = -1 ENOENT (No such file or directory)
10642 openat(AT_FDCWD, "/home/runner/work/deckrender-acceptance/deckrender-acceptance/benchmark/artifacts/acceptance/runtimes/v0.3.1/node_modules/playwright-core/lib/client/connection.js", O_RDONLY|O_CLOEXEC) = 21
10642 openat(AT_FDCWD, "/home/runner/work/deckrender-acceptance/deckrender-acceptance/benchmark/artifacts/acceptance/runtimes/v0.3.1/node_modules/playwright-core/lib/client/eventEmitter.js", O_RDONLY|O_CLOEXEC) = 21
10642 openat(AT_FDCWD, "/home/runner/work/deckrender-acceptance/deckrender-acceptance/benchmark/artifacts/acceptance/runtimes/v0.3.1/node_modules/playwright-core/lib/client/android.js", O_RDONLY|O_CLOEXEC) = 21
10642 openat(AT_FDCWD, "/home/runner/work/deckrender-acceptance/deckrender-acceptance/benchmark/artifacts/acceptance/runtimes/v0.3.1/node_modules/playwright-core/lib/client/browserContext.js", O_RDONLY|O_CLOEXEC) = 21
10642 openat(AT_FDCWD, "/home/runner/work/deckrender-acceptance/deckrender-acceptance/benchmark/artifacts/acceptance/runtimes/v0.3.1/node_modules/playwright-core/lib/client/artifact.js", O_RDONLY|O_CLOEXEC) = 21
10642 openat(AT_FDCWD, "/home/runner/work/deckrender-acceptance/deckrender-acceptance/benchmark/artifacts/acceptance/runtimes/v0.3.1/node_modules/playwright-core/lib/client/channelOwner.js", O_RDONLY|O_CLOEXEC) = 21
10642 openat(AT_FDCWD, "/home/runner/work/deckrender-acceptance/deckrender-acceptance/benchmark/artifacts/acceptance/runtimes/v0.3.1/node_modules/playwright-core/lib/client/clientStackTrace.js", O_RDONLY|O_CLOEXEC) = 21
10642 openat(AT_FDCWD, "/home/runner/work/deckrender-acceptance/deckrender-acceptance/benchmark/artifacts/acceptance/runtimes/v0.3.1/node_modules/playwright-core/lib/client/stream.js", O_RDONLY|O_CLOEXEC) = 21
10642 openat(AT_FDCWD, "/home/runner/work/deckrender-acceptance/deckrender-acceptance/benchmark/artifacts/acceptance/runtimes/v0.3.1/node_modules/playwright-core/lib/client/fileUtils.js", O_RDONLY|O_CLOEXEC) = 21
10642 openat(AT_FDCWD, "/home/runner/work/deckrender-acceptance/deckrender-acceptance/benchmark/artifacts/acceptance/runtimes/v0.3.1/node_modules/playwright-core/lib/client/cdpSession.js", O_RDONLY|O_CLOEXEC) = 21
10642 openat(AT_FDCWD, "/home/runner/work/deckrender-acceptance/deckrender-acceptance/benchmark/artifacts/acceptance/runtimes/v0.3.1/node_modules/playwright-core/lib/client/clientHelper.js", O_RDONLY|O_CLOEXEC) = 21
10642 openat(AT_FDCWD, "/home/runner/work/deckrender-acceptance/deckrender-acceptance/benchmark/artifacts/acceptance/runtimes/v0.3.1/node_modules/playwright-core/lib/client/clock.js", O_RDONLY|O_CLOEXEC) = 21
10642 openat(AT_FDCWD, "/home/runner/work/deckrender-acceptance/deckrender-acceptance/benchmark/artifacts/acceptance/runtimes/v0.3.1/node_modules/playwright-core/lib/client/consoleMessage.js", O_RDONLY|O_CLOEXEC) = 21
10642 openat(AT_FDCWD, "/home/runner/work/deckrender-acceptance/deckrender-acceptance/benchmark/artifacts/acceptance/runtimes/v0.3.1/node_modules/playwright-core/lib/client/jsHandle.js", O_RDONLY|O_CLOEXEC) = 21
10642 openat(AT_FDCWD, "/home/runner/work/deckrender-acceptance/deckrender-acceptance/benchmark/artifacts/acceptance/runtimes/v0.3.1/node_modules/playwright-core/lib/client/errors.js", O_RDONLY|O_CLOEXEC) = 21
10642 openat(AT_FDCWD, "/home/runner/work/deckrender-acceptance/deckrender-acceptance/benchmark/artifacts/acceptance/runtimes/v0.3.1/node_modules/playwright-core/lib/client/page.js", O_RDONLY|O_CLOEXEC) = 21
10642 openat(AT_FDCWD, "/home/runner/work/deckrender-acceptance/deckrender-acceptance/benchmark/artifacts/acceptance/runtimes/v0.3.1/node_modules/playwright-core/lib/client/accessibility.js", O_RDONLY|O_CLOEXEC) = 21
10642 openat(AT_FDCWD, "/home/runner/work/deckrender-acceptance/deckrender-acceptance/benchmark/artifacts/acceptance/runtimes/v0.3.1/node_modules/playwright-core/lib/client/coverage.js", O_RDONLY|O_CLOEXEC) = 21
10642 openat(AT_FDCWD, "/home/runner/work/deckrender-acceptance/deckrender-acceptance/benchmark/artifacts/acceptance/runtimes/v0.3.1/node_modules/playwright-core/lib/client/download.js", O_RDONLY|O_CLOEXEC) = 21
10642 openat(AT_FDCWD, "/home/runner/work/deckrender-acceptance/deckrender-acceptance/benchmark/artifacts/acceptance/runtimes/v0.3.1/node_modules/playwright-core/lib/client/elementHandle.js", O_RDONLY|O_CLOEXEC) = 21
10642 openat(AT_FDCWD, "/home/runner/work/deckrender-acceptance/deckrender-acceptance/benchmark/artifacts/acceptance/runtimes/v0.3.1/node_modules/playwright-core/lib/client/frame.js", O_RDONLY|O_CLOEXEC) = 21
10642 openat(AT_FDCWD, "/home/runner/work/deckrender-acceptance/deckrender-acceptance/benchmark/artifacts/acceptance/runtimes/v0.3.1/node_modules/playwright-core/lib/client/events.js", O_RDONLY|O_CLOEXEC) = 21
10642 openat(AT_FDCWD, "/home/runner/work/deckrender-acceptance/deckrender-acceptance/benchmark/artifacts/acceptance/runtimes/v0.3.1/node_modules/playwright-core/lib/client/locator.js", O_RDONLY|O_CLOEXEC) = 21
10642 openat(AT_FDCWD, "/home/runner/work/deckrender-acceptance/deckrender-acceptance/benchmark/artifacts/acceptance/runtimes/v0.3.1/node_modules/playwright-core/lib/utils/isomorphic/locatorUtils.js", O_RDONLY|O_CLOEXEC) = 21
10642 openat(AT_FDCWD, "/home/runner/work/deckrender-acceptance/deckrender-acceptance/benchmark/artifacts/acceptance/runtimes/v0.3.1/node_modules/playwright-core/lib/client/network.js", O_RDONLY|O_CLOEXEC) = 21
10642 openat(AT_FDCWD, "/home/runner/work/deckrender-acceptance/deckrender-acceptance/benchmark/artifacts/acceptance/runtimes/v0.3.1/node_modules/playwright-core/lib/client/fetch.js", O_RDONLY|O_CLOEXEC) = 21
10642 openat(AT_FDCWD, "/home/runner/work/deckrender-acceptance/deckrender-acceptance/benchmark/artifacts/acceptance/runtimes/v0.3.1/node_modules/playwright-core/lib/client/tracing.js", O_RDONLY|O_CLOEXEC) = 21
10642 openat(AT_FDCWD, "/home/runner/work/deckrender-acceptance/deckrender-acceptance/benchmark/artifacts/acceptance/runtimes/v0.3.1/node_modules/playwright-core/lib/client/timeoutSettings.js", O_RDONLY|O_CLOEXEC) = 21
10642 openat(AT_FDCWD, "/home/runner/work/deckrender-acceptance/deckrender-acceptance/benchmark/artifacts/acceptance/runtimes/v0.3.1/node_modules/playwright-core/lib/client/waiter.js", O_RDONLY|O_CLOEXEC) = 21
10642 openat(AT_FDCWD, "/home/runner/work/deckrender-acceptance/deckrender-acceptance/benchmark/artifacts/acceptance/runtimes/v0.3.1/node_modules/playwright-core/lib/client/worker.js", O_RDONLY|O_CLOEXEC) = 21
10642 openat(AT_FDCWD, "/home/runner/work/deckrender-acceptance/deckrender-acceptance/benchmark/artifacts/acceptance/runtimes/v0.3.1/node_modules/playwright-core/lib/client/types.js", O_RDONLY|O_CLOEXEC) = 21
10642 openat(AT_FDCWD, "/home/runner/work/deckrender-acceptance/deckrender-acceptance/benchmark/artifacts/acceptance/runtimes/v0.3.1/node_modules/playwright-core/lib/client/writableStream.js", O_RDONLY|O_CLOEXEC) = 21
10642 openat(AT_FDCWD, "/home/runner/work/deckrender-acceptance/deckrender-acceptance/benchmark/artifacts/acceptance/runtimes/v0.3.1/node_modules/playwright-core/lib/client/fileChooser.js", O_RDONLY|O_CLOEXEC) = 21
10642 openat(AT_FDCWD, "/home/runner/work/deckrender-acceptance/deckrender-acceptance/benchmark/artifacts/acceptance/runtimes/v0.3.1/node_modules/playwright-core/lib/client/harRouter.js", O_RDONLY|O_CLOEXEC) = 21
10642 openat(AT_FDCWD, "/home/runner/work/deckrender-acceptance/deckrender-acceptance/benchmark/artifacts/acceptance/runtimes/v0.3.1/node_modules/playwright-core/lib/client/input.js", O_RDONLY|O_CLOEXEC) = 21
10642 openat(AT_FDCWD, "/home/runner/work/deckrender-acceptance/deckrender-acceptance/benchmark/artifacts/acceptance/runtimes/v0.3.1/node_modules/playwright-core/lib/client/video.js", O_RDONLY|O_CLOEXEC) = 21
10642 openat(AT_FDCWD, "/home/runner/work/deckrender-acceptance/deckrender-acceptance/benchmark/artifacts/acceptance/runtimes/v0.3.1/node_modules/playwright-core/lib/client/dialog.js", O_RDONLY|O_CLOEXEC) = 21
10642 openat(AT_FDCWD, "/home/runner/work/deckrender-acceptance/deckrender-acceptance/benchmark/artifacts/acceptance/runtimes/v0.3.1/node_modules/playwright-core/lib/client/webError.js", O_RDONLY|O_CLOEXEC) = 21
10642 openat(AT_FDCWD, "/home/runner/work/deckrender-acceptance/deckrender-acceptance/benchmark/artifacts/acceptance/runtimes/v0.3.1/node_modules/playwright-core/lib/client/webSocket.js", O_RDONLY|O_CLOEXEC) = 21
10642 openat(AT_FDCWD, "/home/runner/work/deckrender-acceptance/deckrender-acceptance/benchmark/artifacts/acceptance/runtimes/v0.3.1/node_modules/playwright-core/lib/client/browser.js", O_RDONLY|O_CLOEXEC) = 21
10642 openat(AT_FDCWD, "/home/runner/work/deckrender-acceptance/deckrender-acceptance/benchmark/artifacts/acceptance/runtimes/v0.3.1/node_modules/playwright-core/lib/client/browserType.js", O_RDONLY|O_CLOEXEC) = 21
10642 openat(AT_FDCWD, "/home/runner/work/deckrender-acceptance/deckrender-acceptance/benchmark/artifacts/acceptance/runtimes/v0.3.1/node_modules/playwright-core/lib/client/clientInstrumentation.js", O_RDONLY|O_CLOEXEC) = 21
10642 openat(AT_FDCWD, "/home/runner/work/deckrender-acceptance/deckrender-acceptance/benchmark/artifacts/acceptance/runtimes/v0.3.1/node_modules/playwright-core/lib/client/electron.js", O_RDONLY|O_CLOEXEC) = 21
10642 openat(AT_FDCWD, "/home/runner/work/deckrender-acceptance/deckrender-acceptance/benchmark/artifacts/acceptance/runtimes/v0.3.1/node_modules/playwright-core/lib/client/jsonPipe.js", O_RDONLY|O_CLOEXEC) = 21
10642 openat(AT_FDCWD, "/home/runner/work/deckrender-acceptance/deckrender-acceptance/benchmark/artifacts/acceptance/runtimes/v0.3.1/node_modules/playwright-core/lib/client/localUtils.js", O_RDONLY|O_CLOEXEC) = 21
10642 openat(AT_FDCWD, "/home/runner/work/deckrender-acceptance/deckrender-acceptance/benchmark/artifacts/acceptance/runtimes/v0.3.1/node_modules/playwright-core/lib/client/playwright.js", O_RDONLY|O_CLOEXEC) = 21
10642 openat(AT_FDCWD, "/home/runner/work/deckrender-acceptance/deckrender-acceptance/benchmark/artifacts/acceptance/runtimes/v0.3.1/node_modules/playwright-core/lib/client/selectors.js", O_RDONLY|O_CLOEXEC) = 21
10642 openat(AT_FDCWD, "/home/runner/work/deckrender-acceptance/deckrender-acceptance/benchmark/artifacts/acceptance/runs/34586780041-local/evidence/REN-R07-render-ebb334505cb3/credentials.jsonl", O_WRONLY|O_CREAT|O_APPEND|O_CLOEXEC, 0666) = 21
10642 openat(AT_FDCWD, "/home/runner/work/deckrender-acceptance/deckrender-acceptance/benchmark/artifacts/acceptance/runs/34586780041-local/evidence/REN-R07-render-ebb334505cb3/credentials.jsonl", O_WRONLY|O_CREAT|O_APPEND|O_CLOEXEC, 0666) = 21
10642 openat(AT_FDCWD, "/home/runner/work/deckrender-acceptance/deckrender-acceptance/benchmark/artifacts/acceptance/runs/34586780041-local/evidence/REN-R07-render-ebb334505cb3/credentials.jsonl", O_WRONLY|O_CREAT|O_APPEND|O_CLOEXEC, 0666) = 21
10642 openat(AT_FDCWD, "/home/runner/work/deckrender-acceptance/deckrender-acceptance/benchmark/artifacts/acceptance/runs/34586780041-local/evidence/REN-R07-render-ebb334505cb3/credentials.jsonl", O_WRONLY|O_CREAT|O_APPEND|O_CLOEXEC, 0666) = 21
10642 openat(AT_FDCWD, "/home/runner/work/deckrender-acceptance/deckrender-acceptance/benchmark/artifacts/acceptance/runs/34586780041-local/evidence/REN-R07-render-ebb334505cb3/credentials.jsonl", O_WRONLY|O_CREAT|O_APPEND|O_CLOEXEC, 0666) = 21
10642 socketpair(AF_UNIX, SOCK_STREAM|SOCK_CLOEXEC, 0, [21, 22]) = 0
10642 setsockopt(21, SOL_SOCKET, SO_RCVBUF, [65536], 4) = 0
10642 setsockopt(21, SOL_SOCKET, SO_SNDBUF, [65536], 4) = 0
10642 setsockopt(22, SOL_SOCKET, SO_RCVBUF, [65536], 4) = 0
10642 setsockopt(22, SOL_SOCKET, SO_SNDBUF, [65536], 4) = 0
10642 socketpair(AF_UNIX, SOCK_STREAM|SOCK_CLOEXEC, 0, [23, 24]) = 0
10642 setsockopt(23, SOL_SOCKET, SO_RCVBUF, [65536], 4) = 0
10642 setsockopt(23, SOL_SOCKET, SO_SNDBUF, [65536], 4) = 0
10642 setsockopt(24, SOL_SOCKET, SO_RCVBUF, [65536], 4) = 0
10642 setsockopt(24, SOL_SOCKET, SO_SNDBUF, [65536], 4) = 0
10642 socketpair(AF_UNIX, SOCK_STREAM|SOCK_CLOEXEC, 0, [25, 26]) = 0
10642 setsockopt(25, SOL_SOCKET, SO_RCVBUF, [65536], 4) = 0
10642 setsockopt(25, SOL_SOCKET, SO_SNDBUF, [65536], 4) = 0
10642 setsockopt(26, SOL_SOCKET, SO_RCVBUF, [65536], 4) = 0
10642 setsockopt(26, SOL_SOCKET, SO_SNDBUF, [65536], 4) = 0
10642 socketpair(AF_UNIX, SOCK_STREAM|SOCK_CLOEXEC, 0, [27, 28]) = 0
10642 setsockopt(27, SOL_SOCKET, SO_RCVBUF, [65536], 4) = 0
10642 setsockopt(27, SOL_SOCKET, SO_SNDBUF, [65536], 4) = 0
10642 setsockopt(28, SOL_SOCKET, SO_RCVBUF, [65536], 4) = 0
10642 setsockopt(28, SOL_SOCKET, SO_SNDBUF, [65536], 4) = 0
10662 openat(AT_FDCWD, "/dev/null", O_RDONLY) = 0
10662 openat(AT_FDCWD, "/opt/hostedtoolcache/Python/3.12.14/x64/lib/glibc-hwcaps/x86-64-v3/libtinfo.so.6", O_RDONLY|O_CLOEXEC) = -1 ENOENT (No such file or directory)
10662 openat(AT_FDCWD, "/opt/hostedtoolcache/Python/3.12.14/x64/lib/glibc-hwcaps/x86-64-v2/libtinfo.so.6", O_RDONLY|O_CLOEXEC) = -1 ENOENT (No such file or directory)
10662 openat(AT_FDCWD, "/opt/hostedtoolcache/Python/3.12.14/x64/lib/libtinfo.so.6", O_RDONLY|O_CLOEXEC) = -1 ENOENT (No such file or directory)
10662 openat(AT_FDCWD, "/etc/ld.so.cache", O_RDONLY|O_CLOEXEC) = 5
10662 openat(AT_FDCWD, "/lib/x86_64-linux-gnu/libtinfo.so.6", O_RDONLY|O_CLOEXEC) = 5
10662 openat(AT_FDCWD, "/opt/hostedtoolcache/Python/3.12.14/x64/lib/libc.so.6", O_RDONLY|O_CLOEXEC) = -1 ENOENT (No such file or directory)
10662 openat(AT_FDCWD, "/lib/x86_64-linux-gnu/libc.so.6", O_RDONLY|O_CLOEXEC) = 5
10662 openat(AT_FDCWD, "/dev/tty", O_RDWR|O_NONBLOCK) = -1 ENXIO (No such device or address)
10662 openat(AT_FDCWD, "/usr/lib/locale/locale-archive", O_RDONLY|O_CLOEXEC) = 5
10662 openat(AT_FDCWD, "/usr/share/locale/locale.alias", O_RDONLY|O_CLOEXEC) = 5
10662 openat(AT_FDCWD, "/usr/lib/locale/C.UTF-8/LC_IDENTIFICATION", O_RDONLY|O_CLOEXEC) = -1 ENOENT (No such file or directory)
10662 openat(AT_FDCWD, "/usr/lib/locale/C.utf8/LC_IDENTIFICATION", O_RDONLY|O_CLOEXEC) = 5
10662 openat(AT_FDCWD, "/usr/lib/x86_64-linux-gnu/gconv/gconv-modules.cache", O_RDONLY|O_CLOEXEC) = 5
10662 openat(AT_FDCWD, "/usr/lib/locale/C.UTF-8/LC_MEASUREMENT", O_RDONLY|O_CLOEXEC) = -1 ENOENT (No such file or directory)
10662 openat(AT_FDCWD, "/usr/lib/locale/C.utf8/LC_MEASUREMENT", O_RDONLY|O_CLOEXEC) = 5
10662 openat(AT_FDCWD, "/usr/lib/locale/C.UTF-8/LC_TELEPHONE", O_RDONLY|O_CLOEXEC) = -1 ENOENT (No such file or directory)
10662 openat(AT_FDCWD, "/usr/lib/locale/C.utf8/LC_TELEPHONE", O_RDONLY|O_CLOEXEC) = 5
10662 openat(AT_FDCWD, "/usr/lib/locale/C.UTF-8/LC_ADDRESS", O_RDONLY|O_CLOEXEC) = -1 ENOENT (No such file or directory)
10662 openat(AT_FDCWD, "/usr/lib/locale/C.utf8/LC_ADDRESS", O_RDONLY|O_CLOEXEC) = 5
10662 openat(AT_FDCWD, "/usr/lib/locale/C.UTF-8/LC_NAME", O_RDONLY|O_CLOEXEC) = -1 ENOENT (No such file or directory)
10662 openat(AT_FDCWD, "/usr/lib/locale/C.utf8/LC_NAME", O_RDONLY|O_CLOEXEC) = 5
10662 openat(AT_FDCWD, "/usr/lib/locale/C.UTF-8/LC_PAPER", O_RDONLY|O_CLOEXEC) = -1 ENOENT (No such file or directory)
10662 openat(AT_FDCWD, "/usr/lib/locale/C.utf8/LC_PAPER", O_RDONLY|O_CLOEXEC) = 5
10662 openat(AT_FDCWD, "/usr/lib/locale/C.UTF-8/LC_MESSAGES", O_RDONLY|O_CLOEXEC) = -1 ENOENT (No such file or directory)
10662 openat(AT_FDCWD, "/usr/lib/locale/C.utf8/LC_MESSAGES", O_RDONLY|O_CLOEXEC) = 5
10662 openat(AT_FDCWD, "/usr/lib/locale/C.utf8/LC_MESSAGES/SYS_LC_MESSAGES", O_RDONLY|O_CLOEXEC) = 5
10662 openat(AT_FDCWD, "/usr/lib/locale/C.UTF-8/LC_MONETARY", O_RDONLY|O_CLOEXEC) = -1 ENOENT (No such file or directory)
10662 openat(AT_FDCWD, "/usr/lib/locale/C.utf8/LC_MONETARY", O_RDONLY|O_CLOEXEC) = 5
10662 openat(AT_FDCWD, "/usr/lib/locale/C.UTF-8/LC_COLLATE", O_RDONLY|O_CLOEXEC) = -1 ENOENT (No such file or directory)
10662 openat(AT_FDCWD, "/usr/lib/locale/C.utf8/LC_COLLATE", O_RDONLY|O_CLOEXEC) = 5
10662 openat(AT_FDCWD, "/usr/lib/locale/C.UTF-8/LC_TIME", O_RDONLY|O_CLOEXEC) = -1 ENOENT (No such file or directory)
10662 openat(AT_FDCWD, "/usr/lib/locale/C.utf8/LC_TIME", O_RDONLY|O_CLOEXEC) = 5
10662 openat(AT_FDCWD, "/usr/lib/locale/C.UTF-8/LC_NUMERIC", O_RDONLY|O_CLOEXEC) = -1 ENOENT (No such file or directory)
10662 openat(AT_FDCWD, "/usr/lib/locale/C.utf8/LC_NUMERIC", O_RDONLY|O_CLOEXEC) = 5
10662 openat(AT_FDCWD, "/usr/lib/locale/C.UTF-8/LC_CTYPE", O_RDONLY|O_CLOEXEC) = -1 ENOENT (No such file or directory)
10662 openat(AT_FDCWD, "/usr/lib/locale/C.utf8/LC_CTYPE", O_RDONLY|O_CLOEXEC) = 5
10662 openat(AT_FDCWD, "/usr/bin/google-chrome", O_RDONLY) = 5
10663 openat(AT_FDCWD, "/opt/hostedtoolcache/Python/3.12.14/x64/lib/glibc-hwcaps/x86-64-v3/libc.so.6", O_RDONLY|O_CLOEXEC) = -1 ENOENT (No such file or directory)
10663 openat(AT_FDCWD, "/opt/hostedtoolcache/Python/3.12.14/x64/lib/glibc-hwcaps/x86-64-v2/libc.so.6", O_RDONLY|O_CLOEXEC) = -1 ENOENT (No such file or directory)
10663 openat(AT_FDCWD, "/opt/hostedtoolcache/Python/3.12.14/x64/lib/libc.so.6", O_RDONLY|O_CLOEXEC) = -1 ENOENT (No such file or directory)
10663 openat(AT_FDCWD, "/etc/ld.so.cache", O_RDONLY|O_CLOEXEC) = 5
10663 openat(AT_FDCWD, "/lib/x86_64-linux-gnu/libc.so.6", O_RDONLY|O_CLOEXEC) = 5
10663 openat(AT_FDCWD, "/usr/lib/locale/locale-archive", O_RDONLY|O_CLOEXEC) = 5
10663 openat(AT_FDCWD, "/usr/share/locale/locale.alias", O_RDONLY|O_CLOEXEC) = 5
10663 openat(AT_FDCWD, "/usr/lib/locale/C.UTF-8/LC_IDENTIFICATION", O_RDONLY|O_CLOEXEC) = -1 ENOENT (No such file or directory)
10663 openat(AT_FDCWD, "/usr/lib/locale/C.utf8/LC_IDENTIFICATION", O_RDONLY|O_CLOEXEC) = 5
10663 openat(AT_FDCWD, "/usr/lib/x86_64-linux-gnu/gconv/gconv-modules.cache", O_RDONLY|O_CLOEXEC) = 5
10663 openat(AT_FDCWD, "/usr/lib/locale/C.UTF-8/LC_MEASUREMENT", O_RDONLY|O_CLOEXEC) = -1 ENOENT (No such file or directory)
10663 openat(AT_FDCWD, "/usr/lib/locale/C.utf8/LC_MEASUREMENT", O_RDONLY|O_CLOEXEC) = 5
10663 openat(AT_FDCWD, "/usr/lib/locale/C.UTF-8/LC_TELEPHONE", O_RDONLY|O_CLOEXEC) = -1 ENOENT (No such file or directory)
10663 openat(AT_FDCWD, "/usr/lib/locale/C.utf8/LC_TELEPHONE", O_RDONLY|O_CLOEXEC) = 5
10663 openat(AT_FDCWD, "/usr/lib/locale/C.UTF-8/LC_ADDRESS", O_RDONLY|O_CLOEXEC) = -1 ENOENT (No such file or directory)
10663 openat(AT_FDCWD, "/usr/lib/locale/C.utf8/LC_ADDRESS", O_RDONLY|O_CLOEXEC) = 5
10663 openat(AT_FDCWD, "/usr/lib/locale/C.UTF-8/LC_NAME", O_RDONLY|O_CLOEXEC) = -1 ENOENT (No such file or directory)
10663 openat(AT_FDCWD, "/usr/lib/locale/C.utf8/LC_NAME", O_RDONLY|O_CLOEXEC) = 5
10663 openat(AT_FDCWD, "/usr/lib/locale/C.UTF-8/LC_PAPER", O_RDONLY|O_CLOEXEC) = -1 ENOENT (No such file or directory)
10663 openat(AT_FDCWD, "/usr/lib/locale/C.utf8/LC_PAPER", O_RDONLY|O_CLOEXEC) = 5
10663 openat(AT_FDCWD, "/usr/lib/locale/C.UTF-8/LC_MESSAGES", O_RDONLY|O_CLOEXEC) = -1 ENOENT (No such file or directory)
10663 openat(AT_FDCWD, "/usr/lib/locale/C.utf8/LC_MESSAGES", O_RDONLY|O_CLOEXEC) = 5
10663 openat(AT_FDCWD, "/usr/lib/locale/C.utf8/LC_MESSAGES/SYS_LC_MESSAGES", O_RDONLY|O_CLOEXEC) = 5
10663 openat(AT_FDCWD, "/usr/lib/locale/C.UTF-8/LC_MONETARY", O_RDONLY|O_CLOEXEC) = -1 ENOENT (No such file or directory)
10663 openat(AT_FDCWD, "/usr/lib/locale/C.utf8/LC_MONETARY", O_RDONLY|O_CLOEXEC) = 5
10663 openat(AT_FDCWD, "/usr/lib/locale/C.UTF-8/LC_COLLATE", O_RDONLY|O_CLOEXEC) = -1 ENOENT (No such file or directory)
10663 openat(AT_FDCWD, "/usr/lib/locale/C.utf8/LC_COLLATE", O_RDONLY|O_CLOEXEC) = 5
10663 openat(AT_FDCWD, "/usr/lib/locale/C.UTF-8/LC_TIME", O_RDONLY|O_CLOEXEC) = -1 ENOENT (No such file or directory)
10663 openat(AT_FDCWD, "/usr/lib/locale/C.utf8/LC_TIME", O_RDONLY|O_CLOEXEC) = 5
10663 openat(AT_FDCWD, "/usr/lib/locale/C.UTF-8/LC_NUMERIC", O_RDONLY|O_CLOEXEC) = -1 ENOENT (No such file or directory)
10663 openat(AT_FDCWD, "/usr/lib/locale/C.utf8/LC_NUMERIC", O_RDONLY|O_CLOEXEC) = 5
10663 openat(AT_FDCWD, "/usr/lib/locale/C.UTF-8/LC_CTYPE", O_RDONLY|O_CLOEXEC) = -1 ENOENT (No such file or directory)
10663 openat(AT_FDCWD, "/usr/lib/locale/C.utf8/LC_CTYPE", O_RDONLY|O_CLOEXEC) = 5
10662 --- SIGCHLD {si_signo=SIGCHLD, si_code=CLD_EXITED, si_pid=10663, si_uid=1001, si_status=0, si_utime=0, si_stime=0} ---
10664 openat(AT_FDCWD, "/opt/hostedtoolcache/Python/3.12.14/x64/lib/glibc-hwcaps/x86-64-v3/libc.so.6", O_RDONLY|O_CLOEXEC) = -1 ENOENT (No such file or directory)
10664 openat(AT_FDCWD, "/opt/hostedtoolcache/Python/3.12.14/x64/lib/glibc-hwcaps/x86-64-v2/libc.so.6", O_RDONLY|O_CLOEXEC) = -1 ENOENT (No such file or directory)
10664 openat(AT_FDCWD, "/opt/hostedtoolcache/Python/3.12.14/x64/lib/libc.so.6", O_RDONLY|O_CLOEXEC) = -1 ENOENT (No such file or directory)
10664 openat(AT_FDCWD, "/etc/ld.so.cache", O_RDONLY|O_CLOEXEC) = 5
10664 openat(AT_FDCWD, "/lib/x86_64-linux-gnu/libc.so.6", O_RDONLY|O_CLOEXEC) = 5
10664 openat(AT_FDCWD, "/usr/lib/locale/locale-archive", O_RDONLY|O_CLOEXEC) = 5
10664 openat(AT_FDCWD, "/usr/share/locale/locale.alias", O_RDONLY|O_CLOEXEC) = 5
10664 openat(AT_FDCWD, "/usr/lib/locale/C.UTF-8/LC_IDENTIFICATION", O_RDONLY|O_CLOEXEC) = -1 ENOENT (No such file or directory)
10664 openat(AT_FDCWD, "/usr/lib/locale/C.utf8/LC_IDENTIFICATION", O_RDONLY|O_CLOEXEC) = 5
10664 openat(AT_FDCWD, "/usr/lib/x86_64-linux-gnu/gconv/gconv-modules.cache", O_RDONLY|O_CLOEXEC) = 5
10664 openat(AT_FDCWD, "/usr/lib/locale/C.UTF-8/LC_MEASUREMENT", O_RDONLY|O_CLOEXEC) = -1 ENOENT (No such file or directory)
10664 openat(AT_FDCWD, "/usr/lib/locale/C.utf8/LC_MEASUREMENT", O_RDONLY|O_CLOEXEC) = 5
10664 openat(AT_FDCWD, "/usr/lib/locale/C.UTF-8/LC_TELEPHONE", O_RDONLY|O_CLOEXEC) = -1 ENOENT (No such file or directory)
10664 openat(AT_FDCWD, "/usr/lib/locale/C.utf8/LC_TELEPHONE", O_RDONLY|O_CLOEXEC) = 5
10664 openat(AT_FDCWD, "/usr/lib/locale/C.UTF-8/LC_ADDRESS", O_RDONLY|O_CLOEXEC) = -1 ENOENT (No such file or directory)
10664 openat(AT_FDCWD, "/usr/lib/locale/C.utf8/LC_ADDRESS", O_RDONLY|O_CLOEXEC) = 5
10664 openat(AT_FDCWD, "/usr/lib/locale/C.UTF-8/LC_NAME", O_RDONLY|O_CLOEXEC) = -1 ENOENT (No such file or directory)
10664 openat(AT_FDCWD, "/usr/lib/locale/C.utf8/LC_NAME", O_RDONLY|O_CLOEXEC) = 5
10664 openat(AT_FDCWD, "/usr/lib/locale/C.UTF-8/LC_PAPER", O_RDONLY|O_CLOEXEC) = -1 ENOENT (No such file or directory)
10664 openat(AT_FDCWD, "/usr/lib/locale/C.utf8/LC_PAPER", O_RDONLY|O_CLOEXEC) = 5
10664 openat(AT_FDCWD, "/usr/lib/locale/C.UTF-8/LC_MESSAGES", O_RDONLY|O_CLOEXEC) = -1 ENOENT (No such file or directory)
10664 openat(AT_FDCWD, "/usr/lib/locale/C.utf8/LC_MESSAGES", O_RDONLY|O_CLOEXEC) = 5
10664 openat(AT_FDCWD, "/usr/lib/locale/C.utf8/LC_MESSAGES/SYS_LC_MESSAGES", O_RDONLY|O_CLOEXEC) = 5
10664 openat(AT_FDCWD, "/usr/lib/locale/C.UTF-8/LC_MONETARY", O_RDONLY|O_CLOEXEC) = -1 ENOENT (No such file or directory)
10664 openat(AT_FDCWD, "/usr/lib/locale/C.utf8/LC_MONETARY", O_RDONLY|O_CLOEXEC) = 5
10664 openat(AT_FDCWD, "/usr/lib/locale/C.UTF-8/LC_COLLATE", O_RDONLY|O_CLOEXEC) = -1 ENOENT (No such file or directory)
10664 openat(AT_FDCWD, "/usr/lib/locale/C.utf8/LC_COLLATE", O_RDONLY|O_CLOEXEC) = 5
10664 openat(AT_FDCWD, "/usr/lib/locale/C.UTF-8/LC_TIME", O_RDONLY|O_CLOEXEC) = -1 ENOENT (No such file or directory)
10664 openat(AT_FDCWD, "/usr/lib/locale/C.utf8/LC_TIME", O_RDONLY|O_CLOEXEC) = 5
10664 openat(AT_FDCWD, "/usr/lib/locale/C.UTF-8/LC_NUMERIC", O_RDONLY|O_CLOEXEC) = -1 ENOENT (No such file or directory)
10664 openat(AT_FDCWD, "/usr/lib/locale/C.utf8/LC_NUMERIC", O_RDONLY|O_CLOEXEC) = 5
10664 openat(AT_FDCWD, "/usr/lib/locale/C.UTF-8/LC_CTYPE", O_RDONLY|O_CLOEXEC) = -1 ENOENT (No such file or directory)
10664 openat(AT_FDCWD, "/usr/lib/locale/C.utf8/LC_CTYPE", O_RDONLY|O_CLOEXEC) = 5
10662 --- SIGCHLD {si_signo=SIGCHLD, si_code=CLD_EXITED, si_pid=10664, si_uid=1001, si_status=0, si_utime=0, si_stime=0} ---
10665 openat(AT_FDCWD, "/opt/hostedtoolcache/Python/3.12.14/x64/lib/glibc-hwcaps/x86-64-v3/libselinux.so.1", O_RDONLY|O_CLOEXEC) = -1 ENOENT (No such file or directory)
10665 openat(AT_FDCWD, "/opt/hostedtoolcache/Python/3.12.14/x64/lib/glibc-hwcaps/x86-64-v2/libselinux.so.1", O_RDONLY|O_CLOEXEC) = -1 ENOENT (No such file or directory)
10665 openat(AT_FDCWD, "/opt/hostedtoolcache/Python/3.12.14/x64/lib/libselinux.so.1", O_RDONLY|O_CLOEXEC) = -1 ENOENT (No such file or directory)
10665 openat(AT_FDCWD, "/etc/ld.so.cache", O_RDONLY|O_CLOEXEC) = 5
10665 openat(AT_FDCWD, "/lib/x86_64-linux-gnu/libselinux.so.1", O_RDONLY|O_CLOEXEC) = 5
10665 openat(AT_FDCWD, "/opt/hostedtoolcache/Python/3.12.14/x64/lib/libc.so.6", O_RDONLY|O_CLOEXEC) = -1 ENOENT (No such file or directory)
10665 openat(AT_FDCWD, "/lib/x86_64-linux-gnu/libc.so.6", O_RDONLY|O_CLOEXEC) = 5
10665 openat(AT_FDCWD, "/opt/hostedtoolcache/Python/3.12.14/x64/lib/libpcre2-8.so.0", O_RDONLY|O_CLOEXEC) = -1 ENOENT (No such file or directory)
10665 openat(AT_FDCWD, "/lib/x86_64-linux-gnu/libpcre2-8.so.0", O_RDONLY|O_CLOEXEC) = 5
10665 openat(AT_FDCWD, "/proc/filesystems", O_RDONLY|O_CLOEXEC) = 5
10665 openat(AT_FDCWD, "/usr/lib/locale/locale-archive", O_RDONLY|O_CLOEXEC) = 5
10665 openat(AT_FDCWD, "/usr/share/locale/locale.alias", O_RDONLY|O_CLOEXEC) = 5
10665 openat(AT_FDCWD, "/usr/lib/locale/C.UTF-8/LC_IDENTIFICATION", O_RDONLY|O_CLOEXEC) = -1 ENOENT (No such file or directory)
10665 openat(AT_FDCWD, "/usr/lib/locale/C.utf8/LC_IDENTIFICATION", O_RDONLY|O_CLOEXEC) = 5
10665 openat(AT_FDCWD, "/usr/lib/x86_64-linux-gnu/gconv/gconv-modules.cache", O_RDONLY|O_CLOEXEC) = 5
10665 openat(AT_FDCWD, "/usr/lib/locale/C.UTF-8/LC_MEASUREMENT", O_RDONLY|O_CLOEXEC) = -1 ENOENT (No such file or directory)
10665 openat(AT_FDCWD, "/usr/lib/locale/C.utf8/LC_MEASUREMENT", O_RDONLY|O_CLOEXEC) = 5
10665 openat(AT_FDCWD, "/usr/lib/locale/C.UTF-8/LC_TELEPHONE", O_RDONLY|O_CLOEXEC) = -1 ENOENT (No such file or directory)
10665 openat(AT_FDCWD, "/usr/lib/locale/C.utf8/LC_TELEPHONE", O_RDONLY|O_CLOEXEC) = 5
10665 openat(AT_FDCWD, "/usr/lib/locale/C.UTF-8/LC_ADDRESS", O_RDONLY|O_CLOEXEC) = -1 ENOENT (No such file or directory)
10665 openat(AT_FDCWD, "/usr/lib/locale/C.utf8/LC_ADDRESS", O_RDONLY|O_CLOEXEC) = 5
10665 openat(AT_FDCWD, "/usr/lib/locale/C.UTF-8/LC_NAME", O_RDONLY|O_CLOEXEC) = -1 ENOENT (No such file or directory)
10665 openat(AT_FDCWD, "/usr/lib/locale/C.utf8/LC_NAME", O_RDONLY|O_CLOEXEC) = 5
10665 openat(AT_FDCWD, "/usr/lib/locale/C.UTF-8/LC_PAPER", O_RDONLY|O_CLOEXEC) = -1 ENOENT (No such file or directory)
10665 openat(AT_FDCWD, "/usr/lib/locale/C.utf8/LC_PAPER", O_RDONLY|O_CLOEXEC) = 5
10665 openat(AT_FDCWD, "/usr/lib/locale/C.UTF-8/LC_MESSAGES", O_RDONLY|O_CLOEXEC) = -1 ENOENT (No such file or directory)
10665 openat(AT_FDCWD, "/usr/lib/locale/C.utf8/LC_MESSAGES", O_RDONLY|O_CLOEXEC) = 5
10665 openat(AT_FDCWD, "/usr/lib/locale/C.utf8/LC_MESSAGES/SYS_LC_MESSAGES", O_RDONLY|O_CLOEXEC) = 5
10665 openat(AT_FDCWD, "/usr/lib/locale/C.UTF-8/LC_MONETARY", O_RDONLY|O_CLOEXEC) = -1 ENOENT (No such file or directory)
10665 openat(AT_FDCWD, "/usr/lib/locale/C.utf8/LC_MONETARY", O_RDONLY|O_CLOEXEC) = 5
10665 openat(AT_FDCWD, "/usr/lib/locale/C.UTF-8/LC_COLLATE", O_RDONLY|O_CLOEXEC) = -1 ENOENT (No such file or directory)
10665 openat(AT_FDCWD, "/usr/lib/locale/C.utf8/LC_COLLATE", O_RDONLY|O_CLOEXEC) = 5
10665 openat(AT_FDCWD, "/usr/lib/locale/C.UTF-8/LC_TIME", O_RDONLY|O_CLOEXEC) = -1 ENOENT (No such file or directory)
10665 openat(AT_FDCWD, "/usr/lib/locale/C.utf8/LC_TIME", O_RDONLY|O_CLOEXEC) = 5
10665 openat(AT_FDCWD, "/usr/lib/locale/C.UTF-8/LC_NUMERIC", O_RDONLY|O_CLOEXEC) = -1 ENOENT (No such file or directory)
10665 openat(AT_FDCWD, "/usr/lib/locale/C.utf8/LC_NUMERIC", O_RDONLY|O_CLOEXEC) = 5
10665 openat(AT_FDCWD, "/usr/lib/locale/C.UTF-8/LC_CTYPE", O_RDONLY|O_CLOEXEC) = -1 ENOENT (No such file or directory)
10665 openat(AT_FDCWD, "/usr/lib/locale/C.utf8/LC_CTYPE", O_RDONLY|O_CLOEXEC) = 5
10665 openat(AT_FDCWD, ".local", O_RDONLY|O_NOCTTY|O_NONBLOCK|O_NOFOLLOW|O_DIRECTORY) = 5
10665 openat(AT_FDCWD, "share", O_RDONLY|O_NOCTTY|O_NONBLOCK|O_NOFOLLOW|O_DIRECTORY) = 5
10662 --- SIGCHLD {si_signo=SIGCHLD, si_code=CLD_EXITED, si_pid=10665, si_uid=1001, si_status=0, si_utime=0, si_stime=0} ---
10666 openat(AT_FDCWD, "/opt/hostedtoolcache/Python/3.12.14/x64/lib/glibc-hwcaps/x86-64-v3/libc.so.6", O_RDONLY|O_CLOEXEC) = -1 ENOENT (No such file or directory)
10666 openat(AT_FDCWD, "/opt/hostedtoolcache/Python/3.12.14/x64/lib/glibc-hwcaps/x86-64-v2/libc.so.6", O_RDONLY|O_CLOEXEC) = -1 ENOENT (No such file or directory)
10666 openat(AT_FDCWD, "/opt/hostedtoolcache/Python/3.12.14/x64/lib/libc.so.6", O_RDONLY|O_CLOEXEC) = -1 ENOENT (No such file or directory)
10666 openat(AT_FDCWD, "/etc/ld.so.cache", O_RDONLY|O_CLOEXEC) = 5
10666 openat(AT_FDCWD, "/lib/x86_64-linux-gnu/libc.so.6", O_RDONLY|O_CLOEXEC) = 5
10666 openat(AT_FDCWD, "/usr/lib/locale/locale-archive", O_RDONLY|O_CLOEXEC) = 5
10666 openat(AT_FDCWD, "/usr/share/locale/locale.alias", O_RDONLY|O_CLOEXEC) = 5
10666 openat(AT_FDCWD, "/usr/lib/locale/C.UTF-8/LC_IDENTIFICATION", O_RDONLY|O_CLOEXEC) = -1 ENOENT (No such file or directory)
10666 openat(AT_FDCWD, "/usr/lib/locale/C.utf8/LC_IDENTIFICATION", O_RDONLY|O_CLOEXEC) = 5
10666 openat(AT_FDCWD, "/usr/lib/x86_64-linux-gnu/gconv/gconv-modules.cache", O_RDONLY|O_CLOEXEC) = 5
10666 openat(AT_FDCWD, "/usr/lib/locale/C.UTF-8/LC_MEASUREMENT", O_RDONLY|O_CLOEXEC) = -1 ENOENT (No such file or directory)
10666 openat(AT_FDCWD, "/usr/lib/locale/C.utf8/LC_MEASUREMENT", O_RDONLY|O_CLOEXEC) = 5
10666 openat(AT_FDCWD, "/usr/lib/locale/C.UTF-8/LC_TELEPHONE", O_RDONLY|O_CLOEXEC) = -1 ENOENT (No such file or directory)
10666 openat(AT_FDCWD, "/usr/lib/locale/C.utf8/LC_TELEPHONE", O_RDONLY|O_CLOEXEC) = 5
10666 openat(AT_FDCWD, "/usr/lib/locale/C.UTF-8/LC_ADDRESS", O_RDONLY|O_CLOEXEC) = -1 ENOENT (No such file or directory)
10666 openat(AT_FDCWD, "/usr/lib/locale/C.utf8/LC_ADDRESS", O_RDONLY|O_CLOEXEC) = 5
10666 openat(AT_FDCWD, "/usr/lib/locale/C.UTF-8/LC_NAME", O_RDONLY|O_CLOEXEC) = -1 ENOENT (No such file or directory)
10666 openat(AT_FDCWD, "/usr/lib/locale/C.utf8/LC_NAME", O_RDONLY|O_CLOEXEC) = 5
10666 openat(AT_FDCWD, "/usr/lib/locale/C.UTF-8/LC_PAPER", O_RDONLY|O_CLOEXEC) = -1 ENOENT (No such file or directory)
10666 openat(AT_FDCWD, "/usr/lib/locale/C.utf8/LC_PAPER", O_RDONLY|O_CLOEXEC) = 5
10666 openat(AT_FDCWD, "/usr/lib/locale/C.UTF-8/LC_MESSAGES", O_RDONLY|O_CLOEXEC) = -1 ENOENT (No such file or directory)
10666 openat(AT_FDCWD, "/usr/lib/locale/C.utf8/LC_MESSAGES", O_RDONLY|O_CLOEXEC) = 5
10666 openat(AT_FDCWD, "/usr/lib/locale/C.utf8/LC_MESSAGES/SYS_LC_MESSAGES", O_RDONLY|O_CLOEXEC) = 5
10666 openat(AT_FDCWD, "/usr/lib/locale/C.UTF-8/LC_MONETARY", O_RDONLY|O_CLOEXEC) = -1 ENOENT (No such file or directory)
10666 openat(AT_FDCWD, "/usr/lib/locale/C.utf8/LC_MONETARY", O_RDONLY|O_CLOEXEC) = 5
10666 openat(AT_FDCWD, "/usr/lib/locale/C.UTF-8/LC_COLLATE", O_RDONLY|O_CLOEXEC) = -1 ENOENT (No such file or directory)
10666 openat(AT_FDCWD, "/usr/lib/locale/C.utf8/LC_COLLATE", O_RDONLY|O_CLOEXEC) = 5
10666 openat(AT_FDCWD, "/usr/lib/locale/C.UTF-8/LC_TIME", O_RDONLY|O_CLOEXEC) = -1 ENOENT (No such file or directory)
10666 openat(AT_FDCWD, "/usr/lib/locale/C.utf8/LC_TIME", O_RDONLY|O_CLOEXEC) = 5
10666 openat(AT_FDCWD, "/usr/lib/locale/C.UTF-8/LC_NUMERIC", O_RDONLY|O_CLOEXEC) = -1 ENOENT (No such file or directory)
10666 openat(AT_FDCWD, "/usr/lib/locale/C.utf8/LC_NUMERIC", O_RDONLY|O_CLOEXEC) = 5
10666 openat(AT_FDCWD, "/usr/lib/locale/C.UTF-8/LC_CTYPE", O_RDONLY|O_CLOEXEC) = -1 ENOENT (No such file or directory)
10666 openat(AT_FDCWD, "/usr/lib/locale/C.utf8/LC_CTYPE", O_RDONLY|O_CLOEXEC) = 5
10666 openat(AT_FDCWD, "/home/runner/work/deckrender-acceptance/deckrender-acceptance/benchmark/artifacts/acceptance/private/sandboxes/2365ad2a878ed3613b69a6ae2c0c55b8ecf5dc09a1a04ade3b6e00d41146f0b5/.local/share/applications/mimeapps.list", O_WRONLY|O_CREAT|O_NOCTTY|O_NONBLOCK, 0666) = 5
10662 --- SIGCHLD {si_signo=SIGCHLD, si_code=CLD_EXITED, si_pid=10666, si_uid=1001, si_status=0, si_utime=0, si_stime=0} ---
10662 openat(AT_FDCWD, "/dev/null", O_RDONLY) = 5
10662 openat(AT_FDCWD, "/dev/fd/63", O_WRONLY|O_CREAT|O_TRUNC, 0666) = 5
10662 openat(AT_FDCWD, "/dev/fd/63", O_WRONLY|O_CREAT|O_TRUNC, 0666) = 5
10667 openat(AT_FDCWD, "/opt/hostedtoolcache/Python/3.12.14/x64/lib/glibc-hwcaps/x86-64-v3/libc.so.6", O_RDONLY|O_CLOEXEC) = -1 ENOENT (No such file or directory)
10667 openat(AT_FDCWD, "/opt/hostedtoolcache/Python/3.12.14/x64/lib/glibc-hwcaps/x86-64-v2/libc.so.6", O_RDONLY|O_CLOEXEC) = -1 ENOENT (No such file or directory)
10667 openat(AT_FDCWD, "/opt/hostedtoolcache/Python/3.12.14/x64/lib/libc.so.6", O_RDONLY|O_CLOEXEC) = -1 ENOENT (No such file or directory)
10667 openat(AT_FDCWD, "/etc/ld.so.cache", O_RDONLY|O_CLOEXEC) = 5
10667 openat(AT_FDCWD, "/lib/x86_64-linux-gnu/libc.so.6", O_RDONLY|O_CLOEXEC) = 5
10662 openat(AT_FDCWD, "/opt/hostedtoolcache/Python/3.12.14/x64/lib/glibc-hwcaps/x86-64-v3/libdl.so.2", O_RDONLY|O_CLOEXEC) = -1 ENOENT (No such file or directory)
10662 openat(AT_FDCWD, "/opt/hostedtoolcache/Python/3.12.14/x64/lib/glibc-hwcaps/x86-64-v2/libdl.so.2", O_RDONLY|O_CLOEXEC) = -1 ENOENT (No such file or directory)
10662 openat(AT_FDCWD, "/opt/hostedtoolcache/Python/3.12.14/x64/lib/libdl.so.2", O_RDONLY|O_CLOEXEC) = -1 ENOENT (No such file or directory)
10662 openat(AT_FDCWD, "/etc/ld.so.cache", O_RDONLY|O_CLOEXEC) = 5
10662 openat(AT_FDCWD, "/lib/x86_64-linux-gnu/libdl.so.2", O_RDONLY|O_CLOEXEC) = 5
10667 openat(AT_FDCWD, "/usr/lib/locale/locale-archive", O_RDONLY|O_CLOEXEC) = 5
10667 openat(AT_FDCWD, "/usr/share/locale/locale.alias", O_RDONLY|O_CLOEXEC) = 5
10662 openat(AT_FDCWD, "/opt/hostedtoolcache/Python/3.12.14/x64/lib/libpthread.so.0", O_RDONLY|O_CLOEXEC) = -1 ENOENT (No such file or directory)
10662 openat(AT_FDCWD, "/lib/x86_64-linux-gnu/libpthread.so.0", O_RDONLY|O_CLOEXEC <unfinished ...>
10668 openat(AT_FDCWD, "/opt/hostedtoolcache/Python/3.12.14/x64/lib/glibc-hwcaps/x86-64-v3/libc.so.6", O_RDONLY|O_CLOEXEC <unfinished ...>
10662 <... openat resumed>)             = 5
10668 <... openat resumed>)             = -1 ENOENT (No such file or directory)
10667 openat(AT_FDCWD, "/usr/lib/locale/C.UTF-8/LC_IDENTIFICATION", O_RDONLY|O_CLOEXEC) = -1 ENOENT (No such file or directory)
10668 openat(AT_FDCWD, "/opt/hostedtoolcache/Python/3.12.14/x64/lib/glibc-hwcaps/x86-64-v2/libc.so.6", O_RDONLY|O_CLOEXEC <unfinished ...>
10667 openat(AT_FDCWD, "/usr/lib/locale/C.utf8/LC_IDENTIFICATION", O_RDONLY|O_CLOEXEC <unfinished ...>
10668 <... openat resumed>)             = -1 ENOENT (No such file or directory)
10667 <... openat resumed>)             = 5
10668 openat(AT_FDCWD, "/opt/hostedtoolcache/Python/3.12.14/x64/lib/libc.so.6", O_RDONLY|O_CLOEXEC) = -1 ENOENT (No such file or directory)
10668 openat(AT_FDCWD, "/etc/ld.so.cache", O_RDONLY|O_CLOEXEC <unfinished ...>
10667 openat(AT_FDCWD, "/usr/lib/x86_64-linux-gnu/gconv/gconv-modules.cache", O_RDONLY|O_CLOEXEC <unfinished ...>
10668 <... openat resumed>)             = 5
10667 <... openat resumed>)             = 5
10662 openat(AT_FDCWD, "/opt/hostedtoolcache/Python/3.12.14/x64/lib/libglib-2.0.so.0", O_RDONLY|O_CLOEXEC) = -1 ENOENT (No such file or directory)
10668 openat(AT_FDCWD, "/lib/x86_64-linux-gnu/libc.so.6", O_RDONLY|O_CLOEXEC <unfinished ...>
10662 openat(AT_FDCWD, "/lib/x86_64-linux-gnu/libglib-2.0.so.0", O_RDONLY|O_CLOEXEC <unfinished ...>
10668 <... openat resumed>)             = 5
10662 <... openat resumed>)             = 5
10667 openat(AT_FDCWD, "/usr/lib/locale/C.UTF-8/LC_MEASUREMENT", O_RDONLY|O_CLOEXEC) = -1 ENOENT (No such file or directory)
10667 openat(AT_FDCWD, "/usr/lib/locale/C.utf8/LC_MEASUREMENT", O_RDONLY|O_CLOEXEC) = 5
10667 openat(AT_FDCWD, "/usr/lib/locale/C.UTF-8/LC_TELEPHONE", O_RDONLY|O_CLOEXEC) = -1 ENOENT (No such file or directory)
10667 openat(AT_FDCWD, "/usr/lib/locale/C.utf8/LC_TELEPHONE", O_RDONLY|O_CLOEXEC) = 5
10662 openat(AT_FDCWD, "/opt/hostedtoolcache/Python/3.12.14/x64/lib/libgobject-2.0.so.0", O_RDONLY|O_CLOEXEC) = -1 ENOENT (No such file or directory)
10667 openat(AT_FDCWD, "/usr/lib/locale/C.UTF-8/LC_ADDRESS", O_RDONLY|O_CLOEXEC <unfinished ...>
10662 openat(AT_FDCWD, "/lib/x86_64-linux-gnu/libgobject-2.0.so.0", O_RDONLY|O_CLOEXEC <unfinished ...>
10667 <... openat resumed>)             = -1 ENOENT (No such file or directory)
10662 <... openat resumed>)             = 5
10667 openat(AT_FDCWD, "/usr/lib/locale/C.utf8/LC_ADDRESS", O_RDONLY|O_CLOEXEC) = 5
10667 openat(AT_FDCWD, "/usr/lib/locale/C.UTF-8/LC_NAME", O_RDONLY|O_CLOEXEC) = -1 ENOENT (No such file or directory)
10667 openat(AT_FDCWD, "/usr/lib/locale/C.utf8/LC_NAME", O_RDONLY|O_CLOEXEC) = 5
10662 openat(AT_FDCWD, "/opt/hostedtoolcache/Python/3.12.14/x64/lib/libnspr4.so", O_RDONLY|O_CLOEXEC) = -1 ENOENT (No such file or directory)
10662 openat(AT_FDCWD, "/lib/x86_64-linux-gnu/libnspr4.so", O_RDONLY|O_CLOEXEC <unfinished ...>
10667 openat(AT_FDCWD, "/usr/lib/locale/C.UTF-8/LC_PAPER", O_RDONLY|O_CLOEXEC <unfinished ...>
10662 <... openat resumed>)             = 5
10667 <... openat resumed>)             = -1 ENOENT (No such file or directory)
10667 openat(AT_FDCWD, "/usr/lib/locale/C.utf8/LC_PAPER", O_RDONLY|O_CLOEXEC) = 5
10668 openat(AT_FDCWD, "/usr/lib/locale/locale-archive", O_RDONLY|O_CLOEXEC) = 5
10667 openat(AT_FDCWD, "/usr/lib/locale/C.UTF-8/LC_MESSAGES", O_RDONLY|O_CLOEXEC) = -1 ENOENT (No such file or directory)
10667 openat(AT_FDCWD, "/usr/lib/locale/C.utf8/LC_MESSAGES", O_RDONLY|O_CLOEXEC <unfinished ...>
10668 openat(AT_FDCWD, "/usr/share/locale/locale.alias", O_RDONLY|O_CLOEXEC <unfinished ...>
10667 <... openat resumed>)             = 5
10668 <... openat resumed>)             = 5
10667 openat(AT_FDCWD, "/usr/lib/locale/C.utf8/LC_MESSAGES/SYS_LC_MESSAGES", O_RDONLY|O_CLOEXEC) = 5
10662 openat(AT_FDCWD, "/opt/hostedtoolcache/Python/3.12.14/x64/lib/libnss3.so", O_RDONLY|O_CLOEXEC) = -1 ENOENT (No such file or directory)
10662 openat(AT_FDCWD, "/lib/x86_64-linux-gnu/libnss3.so", O_RDONLY|O_CLOEXEC <unfinished ...>
10668 openat(AT_FDCWD, "/usr/lib/locale/C.UTF-8/LC_IDENTIFICATION", O_RDONLY|O_CLOEXEC <unfinished ...>
10662 <... openat resumed>)             = 5
10668 <... openat resumed>)             = -1 ENOENT (No such file or directory)
10668 openat(AT_FDCWD, "/usr/lib/locale/C.utf8/LC_IDENTIFICATION", O_RDONLY|O_CLOEXEC) = 5
10667 openat(AT_FDCWD, "/usr/lib/locale/C.UTF-8/LC_MONETARY", O_RDONLY|O_CLOEXEC) = -1 ENOENT (No such file or directory)
10667 openat(AT_FDCWD, "/usr/lib/locale/C.utf8/LC_MONETARY", O_RDONLY|O_CLOEXEC) = 5
10668 openat(AT_FDCWD, "/usr/lib/x86_64-linux-gnu/gconv/gconv-modules.cache", O_RDONLY|O_CLOEXEC) = 5
10667 openat(AT_FDCWD, "/usr/lib/locale/C.UTF-8/LC_COLLATE", O_RDONLY|O_CLOEXEC) = -1 ENOENT (No such file or directory)
10667 openat(AT_FDCWD, "/usr/lib/locale/C.utf8/LC_COLLATE", O_RDONLY|O_CLOEXEC) = 5
10668 openat(AT_FDCWD, "/usr/lib/locale/C.UTF-8/LC_MEASUREMENT", O_RDONLY|O_CLOEXEC) = -1 ENOENT (No such file or directory)
10668 openat(AT_FDCWD, "/usr/lib/locale/C.utf8/LC_MEASUREMENT", O_RDONLY|O_CLOEXEC) = 5
10667 openat(AT_FDCWD, "/usr/lib/locale/C.UTF-8/LC_TIME", O_RDONLY|O_CLOEXEC) = -1 ENOENT (No such file or directory)
10662 openat(AT_FDCWD, "/opt/hostedtoolcache/Python/3.12.14/x64/lib/libnssutil3.so", O_RDONLY|O_CLOEXEC <unfinished ...>
10667 openat(AT_FDCWD, "/usr/lib/locale/C.utf8/LC_TIME", O_RDONLY|O_CLOEXEC <unfinished ...>
10662 <... openat resumed>)             = -1 ENOENT (No such file or directory)
10667 <... openat resumed>)             = 5
10662 openat(AT_FDCWD, "/lib/x86_64-linux-gnu/libnssutil3.so", O_RDONLY|O_CLOEXEC) = 5
10668 openat(AT_FDCWD, "/usr/lib/locale/C.UTF-8/LC_TELEPHONE", O_RDONLY|O_CLOEXEC) = -1 ENOENT (No such file or directory)
10668 openat(AT_FDCWD, "/usr/lib/locale/C.utf8/LC_TELEPHONE", O_RDONLY|O_CLOEXEC) = 5
10667 openat(AT_FDCWD, "/usr/lib/locale/C.UTF-8/LC_NUMERIC", O_RDONLY|O_CLOEXEC) = -1 ENOENT (No such file or directory)
10667 openat(AT_FDCWD, "/usr/lib/locale/C.utf8/LC_NUMERIC", O_RDONLY|O_CLOEXEC) = 5
10668 openat(AT_FDCWD, "/usr/lib/locale/C.UTF-8/LC_ADDRESS", O_RDONLY|O_CLOEXEC) = -1 ENOENT (No such file or directory)
10668 openat(AT_FDCWD, "/usr/lib/locale/C.utf8/LC_ADDRESS", O_RDONLY|O_CLOEXEC) = 5
10667 openat(AT_FDCWD, "/usr/lib/locale/C.UTF-8/LC_CTYPE", O_RDONLY|O_CLOEXEC <unfinished ...>
10662 openat(AT_FDCWD, "/opt/hostedtoolcache/Python/3.12.14/x64/lib/libsmime3.so", O_RDONLY|O_CLOEXEC <unfinished ...>
10667 <... openat resumed>)             = -1 ENOENT (No such file or directory)
10662 <... openat resumed>)             = -1 ENOENT (No such file or directory)
10667 openat(AT_FDCWD, "/usr/lib/locale/C.utf8/LC_CTYPE", O_RDONLY|O_CLOEXEC <unfinished ...>
10668 openat(AT_FDCWD, "/usr/lib/locale/C.UTF-8/LC_NAME", O_RDONLY|O_CLOEXEC <unfinished ...>
10662 openat(AT_FDCWD, "/lib/x86_64-linux-gnu/libsmime3.so", O_RDONLY|O_CLOEXEC <unfinished ...>
10668 <... openat resumed>)             = -1 ENOENT (No such file or directory)
10667 <... openat resumed>)             = 5
10668 openat(AT_FDCWD, "/usr/lib/locale/C.utf8/LC_NAME", O_RDONLY|O_CLOEXEC <unfinished ...>
10662 <... openat resumed>)             = 5
10668 <... openat resumed>)             = 5
10668 openat(AT_FDCWD, "/usr/lib/locale/C.UTF-8/LC_PAPER", O_RDONLY|O_CLOEXEC) = -1 ENOENT (No such file or directory)
10668 openat(AT_FDCWD, "/usr/lib/locale/C.utf8/LC_PAPER", O_RDONLY|O_CLOEXEC) = 5
10662 openat(AT_FDCWD, "/opt/hostedtoolcache/Python/3.12.14/x64/lib/libgio-2.0.so.0", O_RDONLY|O_CLOEXEC) = -1 ENOENT (No such file or directory)
10668 openat(AT_FDCWD, "/usr/lib/locale/C.UTF-8/LC_MESSAGES", O_RDONLY|O_CLOEXEC <unfinished ...>
10662 openat(AT_FDCWD, "/lib/x86_64-linux-gnu/libgio-2.0.so.0", O_RDONLY|O_CLOEXEC <unfinished ...>
10668 <... openat resumed>)             = -1 ENOENT (No such file or directory)
10662 <... openat resumed>)             = 5
10668 openat(AT_FDCWD, "/usr/lib/locale/C.utf8/LC_MESSAGES", O_RDONLY|O_CLOEXEC) = 5
10668 openat(AT_FDCWD, "/usr/lib/locale/C.utf8/LC_MESSAGES/SYS_LC_MESSAGES", O_RDONLY|O_CLOEXEC) = 5
10668 openat(AT_FDCWD, "/usr/lib/locale/C.UTF-8/LC_MONETARY", O_RDONLY|O_CLOEXEC) = -1 ENOENT (No such file or directory)
10668 openat(AT_FDCWD, "/usr/lib/locale/C.utf8/LC_MONETARY", O_RDONLY|O_CLOEXEC) = 5
10662 openat(AT_FDCWD, "/opt/hostedtoolcache/Python/3.12.14/x64/lib/libatk-1.0.so.0", O_RDONLY|O_CLOEXEC) = -1 ENOENT (No such file or directory)
10668 openat(AT_FDCWD, "/usr/lib/locale/C.UTF-8/LC_COLLATE", O_RDONLY|O_CLOEXEC <unfinished ...>
10662 openat(AT_FDCWD, "/lib/x86_64-linux-gnu/libatk-1.0.so.0", O_RDONLY|O_CLOEXEC <unfinished ...>
10668 <... openat resumed>)             = -1 ENOENT (No such file or directory)
10662 <... openat resumed>)             = 5
10668 openat(AT_FDCWD, "/usr/lib/locale/C.utf8/LC_COLLATE", O_RDONLY|O_CLOEXEC) = 5
10668 openat(AT_FDCWD, "/usr/lib/locale/C.UTF-8/LC_TIME", O_RDONLY|O_CLOEXEC) = -1 ENOENT (No such file or directory)
10668 openat(AT_FDCWD, "/usr/lib/locale/C.utf8/LC_TIME", O_RDONLY|O_CLOEXEC) = 5
10662 openat(AT_FDCWD, "/opt/hostedtoolcache/Python/3.12.14/x64/lib/libatk-bridge-2.0.so.0", O_RDONLY|O_CLOEXEC <unfinished ...>
10668 openat(AT_FDCWD, "/usr/lib/locale/C.UTF-8/LC_NUMERIC", O_RDONLY|O_CLOEXEC <unfinished ...>
10662 <... openat resumed>)             = -1 ENOENT (No such file or directory)
10668 <... openat resumed>)             = -1 ENOENT (No such file or directory)
10662 openat(AT_FDCWD, "/lib/x86_64-linux-gnu/libatk-bridge-2.0.so.0", O_RDONLY|O_CLOEXEC <unfinished ...>
10668 openat(AT_FDCWD, "/usr/lib/locale/C.utf8/LC_NUMERIC", O_RDONLY|O_CLOEXEC <unfinished ...>
10662 <... openat resumed>)             = 5
10668 <... openat resumed>)             = 5
10668 openat(AT_FDCWD, "/usr/lib/locale/C.UTF-8/LC_CTYPE", O_RDONLY|O_CLOEXEC) = -1 ENOENT (No such file or directory)
10668 openat(AT_FDCWD, "/usr/lib/locale/C.utf8/LC_CTYPE", O_RDONLY|O_CLOEXEC) = 5
10662 openat(AT_FDCWD, "/opt/hostedtoolcache/Python/3.12.14/x64/lib/libdbus-1.so.3", O_RDONLY|O_CLOEXEC) = -1 ENOENT (No such file or directory)
10662 openat(AT_FDCWD, "/lib/x86_64-linux-gnu/libdbus-1.so.3", O_RDONLY|O_CLOEXEC) = 5
10662 openat(AT_FDCWD, "/opt/hostedtoolcache/Python/3.12.14/x64/lib/libcups.so.2", O_RDONLY|O_CLOEXEC) = -1 ENOENT (No such file or directory)
10662 openat(AT_FDCWD, "/lib/x86_64-linux-gnu/libcups.so.2", O_RDONLY|O_CLOEXEC) = 5
10662 openat(AT_FDCWD, "/opt/hostedtoolcache/Python/3.12.14/x64/lib/libexpat.so.1", O_RDONLY|O_CLOEXEC) = -1 ENOENT (No such file or directory)
10662 openat(AT_FDCWD, "/lib/x86_64-linux-gnu/libexpat.so.1", O_RDONLY|O_CLOEXEC) = 5
10662 openat(AT_FDCWD, "/opt/hostedtoolcache/Python/3.12.14/x64/lib/libxcb.so.1", O_RDONLY|O_CLOEXEC) = -1 ENOENT (No such file or directory)
10662 openat(AT_FDCWD, "/lib/x86_64-linux-gnu/libxcb.so.1", O_RDONLY|O_CLOEXEC) = 5
10662 openat(AT_FDCWD, "/opt/hostedtoolcache/Python/3.12.14/x64/lib/libxkbcommon.so.0", O_RDONLY|O_CLOEXEC) = -1 ENOENT (No such file or directory)
10662 openat(AT_FDCWD, "/lib/x86_64-linux-gnu/libxkbcommon.so.0", O_RDONLY|O_CLOEXEC) = 5
10662 openat(AT_FDCWD, "/opt/hostedtoolcache/Python/3.12.14/x64/lib/libasound.so.2", O_RDONLY|O_CLOEXEC) = -1 ENOENT (No such file or directory)
10662 openat(AT_FDCWD, "/lib/x86_64-linux-gnu/libasound.so.2", O_RDONLY|O_CLOEXEC) = 5
10662 openat(AT_FDCWD, "/opt/hostedtoolcache/Python/3.12.14/x64/lib/libgbm.so.1", O_RDONLY|O_CLOEXEC) = -1 ENOENT (No such file or directory)
10662 openat(AT_FDCWD, "/lib/x86_64-linux-gnu/libgbm.so.1", O_RDONLY|O_CLOEXEC) = 5
10662 openat(AT_FDCWD, "/opt/hostedtoolcache/Python/3.12.14/x64/lib/libX11.so.6", O_RDONLY|O_CLOEXEC) = -1 ENOENT (No such file or directory)
10662 openat(AT_FDCWD, "/lib/x86_64-linux-gnu/libX11.so.6", O_RDONLY|O_CLOEXEC) = 5
10662 openat(AT_FDCWD, "/opt/hostedtoolcache/Python/3.12.14/x64/lib/libXext.so.6", O_RDONLY|O_CLOEXEC) = -1 ENOENT (No such file or directory)
10662 openat(AT_FDCWD, "/lib/x86_64-linux-gnu/libXext.so.6", O_RDONLY|O_CLOEXEC) = 5
10662 openat(AT_FDCWD, "/opt/hostedtoolcache/Python/3.12.14/x64/lib/libcairo.so.2", O_RDONLY|O_CLOEXEC) = -1 ENOENT (No such file or directory)
10662 openat(AT_FDCWD, "/lib/x86_64-linux-gnu/libcairo.so.2", O_RDONLY|O_CLOEXEC) = 5
10662 openat(AT_FDCWD, "/opt/hostedtoolcache/Python/3.12.14/x64/lib/libpango-1.0.so.0", O_RDONLY|O_CLOEXEC) = -1 ENOENT (No such file or directory)
10662 openat(AT_FDCWD, "/lib/x86_64-linux-gnu/libpango-1.0.so.0", O_RDONLY|O_CLOEXEC) = 5
10662 openat(AT_FDCWD, "/opt/hostedtoolcache/Python/3.12.14/x64/lib/libudev.so.1", O_RDONLY|O_CLOEXEC) = -1 ENOENT (No such file or directory)
10662 openat(AT_FDCWD, "/lib/x86_64-linux-gnu/libudev.so.1", O_RDONLY|O_CLOEXEC) = 5
10662 openat(AT_FDCWD, "/opt/hostedtoolcache/Python/3.12.14/x64/lib/libm.so.6", O_RDONLY|O_CLOEXEC) = -1 ENOENT (No such file or directory)
10662 openat(AT_FDCWD, "/lib/x86_64-linux-gnu/libm.so.6", O_RDONLY|O_CLOEXEC) = 5
10662 openat(AT_FDCWD, "/opt/hostedtoolcache/Python/3.12.14/x64/lib/libXcomposite.so.1", O_RDONLY|O_CLOEXEC) = -1 ENOENT (No such file or directory)
10662 openat(AT_FDCWD, "/lib/x86_64-linux-gnu/libXcomposite.so.1", O_RDONLY|O_CLOEXEC) = 5
10662 openat(AT_FDCWD, "/opt/hostedtoolcache/Python/3.12.14/x64/lib/libXdamage.so.1", O_RDONLY|O_CLOEXEC) = -1 ENOENT (No such file or directory)
10662 openat(AT_FDCWD, "/lib/x86_64-linux-gnu/libXdamage.so.1", O_RDONLY|O_CLOEXEC) = 5
10662 openat(AT_FDCWD, "/opt/hostedtoolcache/Python/3.12.14/x64/lib/libXfixes.so.3", O_RDONLY|O_CLOEXEC) = -1 ENOENT (No such file or directory)
10662 openat(AT_FDCWD, "/lib/x86_64-linux-gnu/libXfixes.so.3", O_RDONLY|O_CLOEXEC) = 5
10662 openat(AT_FDCWD, "/opt/hostedtoolcache/Python/3.12.14/x64/lib/libXrandr.so.2", O_RDONLY|O_CLOEXEC) = -1 ENOENT (No such file or directory)
10662 openat(AT_FDCWD, "/lib/x86_64-linux-gnu/libXrandr.so.2", O_RDONLY|O_CLOEXEC) = 5
10662 openat(AT_FDCWD, "/opt/hostedtoolcache/Python/3.12.14/x64/lib/libatspi.so.0", O_RDONLY|O_CLOEXEC) = -1 ENOENT (No such file or directory)
10662 openat(AT_FDCWD, "/lib/x86_64-linux-gnu/libatspi.so.0", O_RDONLY|O_CLOEXEC) = 5
10662 openat(AT_FDCWD, "/opt/hostedtoolcache/Python/3.12.14/x64/lib/libgcc_s.so.1", O_RDONLY|O_CLOEXEC) = -1 ENOENT (No such file or directory)
10662 openat(AT_FDCWD, "/lib/x86_64-linux-gnu/libgcc_s.so.1", O_RDONLY|O_CLOEXEC) = 5
10662 openat(AT_FDCWD, "/opt/hostedtoolcache/Python/3.12.14/x64/lib/libc.so.6", O_RDONLY|O_CLOEXEC) = -1 ENOENT (No such file or directory)
10662 openat(AT_FDCWD, "/lib/x86_64-linux-gnu/libc.so.6", O_RDONLY|O_CLOEXEC) = 5
10662 openat(AT_FDCWD, "/opt/hostedtoolcache/Python/3.12.14/x64/lib/libpcre2-8.so.0", O_RDONLY|O_CLOEXEC) = -1 ENOENT (No such file or directory)
10662 openat(AT_FDCWD, "/lib/x86_64-linux-gnu/libpcre2-8.so.0", O_RDONLY|O_CLOEXEC) = 5
10662 openat(AT_FDCWD, "/opt/hostedtoolcache/Python/3.12.14/x64/lib/libffi.so.8", O_RDONLY|O_CLOEXEC) = -1 ENOENT (No such file or directory)
10662 openat(AT_FDCWD, "/lib/x86_64-linux-gnu/libffi.so.8", O_RDONLY|O_CLOEXEC) = 5
10662 openat(AT_FDCWD, "/opt/hostedtoolcache/Python/3.12.14/x64/lib/libplc4.so", O_RDONLY|O_CLOEXEC) = -1 ENOENT (No such file or directory)
10662 openat(AT_FDCWD, "/lib/x86_64-linux-gnu/libplc4.so", O_RDONLY|O_CLOEXEC) = 5
10662 openat(AT_FDCWD, "/opt/hostedtoolcache/Python/3.12.14/x64/lib/libplds4.so", O_RDONLY|O_CLOEXEC) = -1 ENOENT (No such file or directory)
10662 openat(AT_FDCWD, "/lib/x86_64-linux-gnu/libplds4.so", O_RDONLY|O_CLOEXEC) = 5
10662 openat(AT_FDCWD, "/opt/hostedtoolcache/Python/3.12.14/x64/lib/libgmodule-2.0.so.0", O_RDONLY|O_CLOEXEC) = -1 ENOENT (No such file or directory)
10662 openat(AT_FDCWD, "/lib/x86_64-linux-gnu/libgmodule-2.0.so.0", O_RDONLY|O_CLOEXEC) = 5
10662 openat(AT_FDCWD, "/opt/hostedtoolcache/Python/3.12.14/x64/lib/libz.so.1", O_RDONLY|O_CLOEXEC) = -1 ENOENT (No such file or directory)
10662 openat(AT_FDCWD, "/lib/x86_64-linux-gnu/libz.so.1", O_RDONLY|O_CLOEXEC) = 5
10662 openat(AT_FDCWD, "/opt/hostedtoolcache/Python/3.12.14/x64/lib/libmount.so.1", O_RDONLY|O_CLOEXEC) = -1 ENOENT (No such file or directory)
10662 openat(AT_FDCWD, "/lib/x86_64-linux-gnu/libmount.so.1", O_RDONLY|O_CLOEXEC) = 5
10662 openat(AT_FDCWD, "/opt/hostedtoolcache/Python/3.12.14/x64/lib/libselinux.so.1", O_RDONLY|O_CLOEXEC) = -1 ENOENT (No such file or directory)
10662 openat(AT_FDCWD, "/lib/x86_64-linux-gnu/libselinux.so.1", O_RDONLY|O_CLOEXEC) = 5
10662 openat(AT_FDCWD, "/opt/hostedtoolcache/Python/3.12.14/x64/lib/libsystemd.so.0", O_RDONLY|O_CLOEXEC) = -1 ENOENT (No such file or directory)
10662 openat(AT_FDCWD, "/lib/x86_64-linux-gnu/libsystemd.so.0", O_RDONLY|O_CLOEXEC) = 5
10662 openat(AT_FDCWD, "/opt/hostedtoolcache/Python/3.12.14/x64/lib/libgssapi_krb5.so.2", O_RDONLY|O_CLOEXEC) = -1 ENOENT (No such file or directory)
10662 openat(AT_FDCWD, "/lib/x86_64-linux-gnu/libgssapi_krb5.so.2", O_RDONLY|O_CLOEXEC) = 5
10662 openat(AT_FDCWD, "/opt/hostedtoolcache/Python/3.12.14/x64/lib/libavahi-common.so.3", O_RDONLY|O_CLOEXEC) = -1 ENOENT (No such file or directory)
10662 openat(AT_FDCWD, "/lib/x86_64-linux-gnu/libavahi-common.so.3", O_RDONLY|O_CLOEXEC) = 5
10662 openat(AT_FDCWD, "/opt/hostedtoolcache/Python/3.12.14/x64/lib/libavahi-client.so.3", O_RDONLY|O_CLOEXEC) = -1 ENOENT (No such file or directory)
10662 openat(AT_FDCWD, "/lib/x86_64-linux-gnu/libavahi-client.so.3", O_RDONLY|O_CLOEXEC) = 5
10662 openat(AT_FDCWD, "/opt/hostedtoolcache/Python/3.12.14/x64/lib/libgnutls.so.30", O_RDONLY|O_CLOEXEC) = -1 ENOENT (No such file or directory)
10662 openat(AT_FDCWD, "/lib/x86_64-linux-gnu/libgnutls.so.30", O_RDONLY|O_CLOEXEC) = 5
10662 openat(AT_FDCWD, "/opt/hostedtoolcache/Python/3.12.14/x64/lib/libXau.so.6", O_RDONLY|O_CLOEXEC) = -1 ENOENT (No such file or directory)
10662 openat(AT_FDCWD, "/lib/x86_64-linux-gnu/libXau.so.6", O_RDONLY|O_CLOEXEC) = 5
10662 openat(AT_FDCWD, "/opt/hostedtoolcache/Python/3.12.14/x64/lib/libXdmcp.so.6", O_RDONLY|O_CLOEXEC) = -1 ENOENT (No such file or directory)
10662 openat(AT_FDCWD, "/lib/x86_64-linux-gnu/libXdmcp.so.6", O_RDONLY|O_CLOEXEC) = 5
10662 openat(AT_FDCWD, "/opt/hostedtoolcache/Python/3.12.14/x64/lib/libdrm.so.2", O_RDONLY|O_CLOEXEC) = -1 ENOENT (No such file or directory)
10662 openat(AT_FDCWD, "/lib/x86_64-linux-gnu/libdrm.so.2", O_RDONLY|O_CLOEXEC) = 5
10662 openat(AT_FDCWD, "/opt/hostedtoolcache/Python/3.12.14/x64/lib/libpng16.so.16", O_RDONLY|O_CLOEXEC) = -1 ENOENT (No such file or directory)
10662 openat(AT_FDCWD, "/lib/x86_64-linux-gnu/libpng16.so.16", O_RDONLY|O_CLOEXEC) = 5
10662 openat(AT_FDCWD, "/opt/hostedtoolcache/Python/3.12.14/x64/lib/libfontconfig.so.1", O_RDONLY|O_CLOEXEC) = -1 ENOENT (No such file or directory)
10662 openat(AT_FDCWD, "/lib/x86_64-linux-gnu/libfontconfig.so.1", O_RDONLY|O_CLOEXEC) = 5
10662 openat(AT_FDCWD, "/opt/hostedtoolcache/Python/3.12.14/x64/lib/libfreetype.so.6", O_RDONLY|O_CLOEXEC) = -1 ENOENT (No such file or directory)
10662 openat(AT_FDCWD, "/lib/x86_64-linux-gnu/libfreetype.so.6", O_RDONLY|O_CLOEXEC) = 5
10662 openat(AT_FDCWD, "/opt/hostedtoolcache/Python/3.12.14/x64/lib/libXrender.so.1", O_RDONLY|O_CLOEXEC) = -1 ENOENT (No such file or directory)
10662 openat(AT_FDCWD, "/lib/x86_64-linux-gnu/libXrender.so.1", O_RDONLY|O_CLOEXEC) = 5
10662 openat(AT_FDCWD, "/opt/hostedtoolcache/Python/3.12.14/x64/lib/libxcb-render.so.0", O_RDONLY|O_CLOEXEC) = -1 ENOENT (No such file or directory)
10662 openat(AT_FDCWD, "/lib/x86_64-linux-gnu/libxcb-render.so.0", O_RDONLY|O_CLOEXEC) = 5
10662 openat(AT_FDCWD, "/opt/hostedtoolcache/Python/3.12.14/x64/lib/libxcb-shm.so.0", O_RDONLY|O_CLOEXEC) = -1 ENOENT (No such file or directory)
10662 openat(AT_FDCWD, "/lib/x86_64-linux-gnu/libxcb-shm.so.0", O_RDONLY|O_CLOEXEC) = 5
10662 openat(AT_FDCWD, "/opt/hostedtoolcache/Python/3.12.14/x64/lib/libpixman-1.so.0", O_RDONLY|O_CLOEXEC) = -1 ENOENT (No such file or directory)
10662 openat(AT_FDCWD, "/lib/x86_64-linux-gnu/libpixman-1.so.0", O_RDONLY|O_CLOEXEC) = 5
10662 openat(AT_FDCWD, "/opt/hostedtoolcache/Python/3.12.14/x64/lib/libfribidi.so.0", O_RDONLY|O_CLOEXEC) = -1 ENOENT (No such file or directory)
10662 openat(AT_FDCWD, "/lib/x86_64-linux-gnu/libfribidi.so.0", O_RDONLY|O_CLOEXEC) = 5
10662 openat(AT_FDCWD, "/opt/hostedtoolcache/Python/3.12.14/x64/lib/libthai.so.0", O_RDONLY|O_CLOEXEC) = -1 ENOENT (No such file or directory)
10662 openat(AT_FDCWD, "/lib/x86_64-linux-gnu/libthai.so.0", O_RDONLY|O_CLOEXEC) = 5
10662 openat(AT_FDCWD, "/opt/hostedtoolcache/Python/3.12.14/x64/lib/libharfbuzz.so.0", O_RDONLY|O_CLOEXEC) = -1 ENOENT (No such file or directory)
10662 openat(AT_FDCWD, "/lib/x86_64-linux-gnu/libharfbuzz.so.0", O_RDONLY|O_CLOEXEC) = 5
10662 openat(AT_FDCWD, "/opt/hostedtoolcache/Python/3.12.14/x64/lib/libcap.so.2", O_RDONLY|O_CLOEXEC) = -1 ENOENT (No such file or directory)
10662 openat(AT_FDCWD, "/lib/x86_64-linux-gnu/libcap.so.2", O_RDONLY|O_CLOEXEC) = 5
10662 openat(AT_FDCWD, "/opt/hostedtoolcache/Python/3.12.14/x64/lib/libXi.so.6", O_RDONLY|O_CLOEXEC) = -1 ENOENT (No such file or directory)
10662 openat(AT_FDCWD, "/lib/x86_64-linux-gnu/libXi.so.6", O_RDONLY|O_CLOEXEC) = 5
10662 openat(AT_FDCWD, "/opt/hostedtoolcache/Python/3.12.14/x64/lib/libblkid.so.1", O_RDONLY|O_CLOEXEC) = -1 ENOENT (No such file or directory)
10662 openat(AT_FDCWD, "/lib/x86_64-linux-gnu/libblkid.so.1", O_RDONLY|O_CLOEXEC) = 5
10662 openat(AT_FDCWD, "/opt/hostedtoolcache/Python/3.12.14/x64/lib/libgcrypt.so.20", O_RDONLY|O_CLOEXEC) = -1 ENOENT (No such file or directory)
10662 openat(AT_FDCWD, "/lib/x86_64-linux-gnu/libgcrypt.so.20", O_RDONLY|O_CLOEXEC) = 5
10662 openat(AT_FDCWD, "/opt/hostedtoolcache/Python/3.12.14/x64/lib/liblz4.so.1", O_RDONLY|O_CLOEXEC) = -1 ENOENT (No such file or directory)
10662 openat(AT_FDCWD, "/lib/x86_64-linux-gnu/liblz4.so.1", O_RDONLY|O_CLOEXEC) = 5
10662 openat(AT_FDCWD, "/opt/hostedtoolcache/Python/3.12.14/x64/lib/liblzma.so.5", O_RDONLY|O_CLOEXEC) = -1 ENOENT (No such file or directory)
10662 openat(AT_FDCWD, "/lib/x86_64-linux-gnu/liblzma.so.5", O_RDONLY|O_CLOEXEC) = 5
10662 openat(AT_FDCWD, "/opt/hostedtoolcache/Python/3.12.14/x64/lib/libzstd.so.1", O_RDONLY|O_CLOEXEC) = -1 ENOENT (No such file or directory)
10662 openat(AT_FDCWD, "/lib/x86_64-linux-gnu/libzstd.so.1", O_RDONLY|O_CLOEXEC) = 5
10662 openat(AT_FDCWD, "/opt/hostedtoolcache/Python/3.12.14/x64/lib/libkrb5.so.3", O_RDONLY|O_CLOEXEC) = -1 ENOENT (No such file or directory)
10662 openat(AT_FDCWD, "/lib/x86_64-linux-gnu/libkrb5.so.3", O_RDONLY|O_CLOEXEC) = 5
10662 openat(AT_FDCWD, "/opt/hostedtoolcache/Python/3.12.14/x64/lib/libk5crypto.so.3", O_RDONLY|O_CLOEXEC) = -1 ENOENT (No such file or directory)
10662 openat(AT_FDCWD, "/lib/x86_64-linux-gnu/libk5crypto.so.3", O_RDONLY|O_CLOEXEC) = 5
10662 openat(AT_FDCWD, "/opt/hostedtoolcache/Python/3.12.14/x64/lib/libcom_err.so.2", O_RDONLY|O_CLOEXEC) = -1 ENOENT (No such file or directory)
10662 openat(AT_FDCWD, "/lib/x86_64-linux-gnu/libcom_err.so.2", O_RDONLY|O_CLOEXEC) = 5
10662 openat(AT_FDCWD, "/opt/hostedtoolcache/Python/3.12.14/x64/lib/libkrb5support.so.0", O_RDONLY|O_CLOEXEC) = -1 ENOENT (No such file or directory)
10662 openat(AT_FDCWD, "/lib/x86_64-linux-gnu/libkrb5support.so.0", O_RDONLY|O_CLOEXEC) = 5
10662 openat(AT_FDCWD, "/opt/hostedtoolcache/Python/3.12.14/x64/lib/libp11-kit.so.0", O_RDONLY|O_CLOEXEC) = -1 ENOENT (No such file or directory)
10662 openat(AT_FDCWD, "/lib/x86_64-linux-gnu/libp11-kit.so.0", O_RDONLY|O_CLOEXEC) = 5
10662 openat(AT_FDCWD, "/opt/hostedtoolcache/Python/3.12.14/x64/lib/libidn2.so.0", O_RDONLY|O_CLOEXEC) = -1 ENOENT (No such file or directory)
10662 openat(AT_FDCWD, "/lib/x86_64-linux-gnu/libidn2.so.0", O_RDONLY|O_CLOEXEC) = 5
10662 openat(AT_FDCWD, "/opt/hostedtoolcache/Python/3.12.14/x64/lib/libunistring.so.5", O_RDONLY|O_CLOEXEC) = -1 ENOENT (No such file or directory)
10662 openat(AT_FDCWD, "/lib/x86_64-linux-gnu/libunistring.so.5", O_RDONLY|O_CLOEXEC) = 5
10662 openat(AT_FDCWD, "/opt/hostedtoolcache/Python/3.12.14/x64/lib/libtasn1.so.6", O_RDONLY|O_CLOEXEC) = -1 ENOENT (No such file or directory)
10662 openat(AT_FDCWD, "/lib/x86_64-linux-gnu/libtasn1.so.6", O_RDONLY|O_CLOEXEC) = 5
10662 openat(AT_FDCWD, "/opt/hostedtoolcache/Python/3.12.14/x64/lib/libnettle.so.8", O_RDONLY|O_CLOEXEC) = -1 ENOENT (No such file or directory)
10662 openat(AT_FDCWD, "/lib/x86_64-linux-gnu/libnettle.so.8", O_RDONLY|O_CLOEXEC) = 5
10662 openat(AT_FDCWD, "/opt/hostedtoolcache/Python/3.12.14/x64/lib/libhogweed.so.6", O_RDONLY|O_CLOEXEC) = -1 ENOENT (No such file or directory)
10662 openat(AT_FDCWD, "/lib/x86_64-linux-gnu/libhogweed.so.6", O_RDONLY|O_CLOEXEC) = 5
10662 openat(AT_FDCWD, "/opt/hostedtoolcache/Python/3.12.14/x64/lib/libgmp.so.10", O_RDONLY|O_CLOEXEC) = -1 ENOENT (No such file or directory)
10662 openat(AT_FDCWD, "/lib/x86_64-linux-gnu/libgmp.so.10", O_RDONLY|O_CLOEXEC) = 5
10662 openat(AT_FDCWD, "/opt/hostedtoolcache/Python/3.12.14/x64/lib/libbsd.so.0", O_RDONLY|O_CLOEXEC) = -1 ENOENT (No such file or directory)
10662 openat(AT_FDCWD, "/lib/x86_64-linux-gnu/libbsd.so.0", O_RDONLY|O_CLOEXEC) = 5
10662 openat(AT_FDCWD, "/opt/hostedtoolcache/Python/3.12.14/x64/lib/libbz2.so.1.0", O_RDONLY|O_CLOEXEC) = -1 ENOENT (No such file or directory)
10662 openat(AT_FDCWD, "/lib/x86_64-linux-gnu/libbz2.so.1.0", O_RDONLY|O_CLOEXEC) = 5
10662 openat(AT_FDCWD, "/opt/hostedtoolcache/Python/3.12.14/x64/lib/libbrotlidec.so.1", O_RDONLY|O_CLOEXEC) = -1 ENOENT (No such file or directory)
10662 openat(AT_FDCWD, "/lib/x86_64-linux-gnu/libbrotlidec.so.1", O_RDONLY|O_CLOEXEC) = 5
10662 openat(AT_FDCWD, "/opt/hostedtoolcache/Python/3.12.14/x64/lib/libdatrie.so.1", O_RDONLY|O_CLOEXEC) = -1 ENOENT (No such file or directory)
10662 openat(AT_FDCWD, "/lib/x86_64-linux-gnu/libdatrie.so.1", O_RDONLY|O_CLOEXEC) = 5
10662 openat(AT_FDCWD, "/opt/hostedtoolcache/Python/3.12.14/x64/lib/libgraphite2.so.3", O_RDONLY|O_CLOEXEC) = -1 ENOENT (No such file or directory)
10662 openat(AT_FDCWD, "/lib/x86_64-linux-gnu/libgraphite2.so.3", O_RDONLY|O_CLOEXEC) = 5
10662 openat(AT_FDCWD, "/opt/hostedtoolcache/Python/3.12.14/x64/lib/libgpg-error.so.0", O_RDONLY|O_CLOEXEC) = -1 ENOENT (No such file or directory)
10662 openat(AT_FDCWD, "/lib/x86_64-linux-gnu/libgpg-error.so.0", O_RDONLY|O_CLOEXEC) = 5
10662 openat(AT_FDCWD, "/opt/hostedtoolcache/Python/3.12.14/x64/lib/libkeyutils.so.1", O_RDONLY|O_CLOEXEC) = -1 ENOENT (No such file or directory)
10662 openat(AT_FDCWD, "/lib/x86_64-linux-gnu/libkeyutils.so.1", O_RDONLY|O_CLOEXEC) = 5
10662 openat(AT_FDCWD, "/opt/hostedtoolcache/Python/3.12.14/x64/lib/libresolv.so.2", O_RDONLY|O_CLOEXEC) = -1 ENOENT (No such file or directory)
10662 openat(AT_FDCWD, "/lib/x86_64-linux-gnu/libresolv.so.2", O_RDONLY|O_CLOEXEC) = 5
10662 openat(AT_FDCWD, "/opt/hostedtoolcache/Python/3.12.14/x64/lib/libmd.so.0", O_RDONLY|O_CLOEXEC) = -1 ENOENT (No such file or directory)
10662 openat(AT_FDCWD, "/lib/x86_64-linux-gnu/libmd.so.0", O_RDONLY|O_CLOEXEC) = 5
10662 openat(AT_FDCWD, "/opt/hostedtoolcache/Python/3.12.14/x64/lib/libbrotlicommon.so.1", O_RDONLY|O_CLOEXEC) = -1 ENOENT (No such file or directory)
10662 openat(AT_FDCWD, "/lib/x86_64-linux-gnu/libbrotlicommon.so.1", O_RDONLY|O_CLOEXEC) = 5
10662 openat(AT_FDCWD, "/etc/gnutls/config", O_RDONLY|O_CLOEXEC) = 5
10662 openat(AT_FDCWD, "/proc/filesystems", O_RDONLY|O_CLOEXEC) = 5
10662 openat(AT_FDCWD, "/proc/self/stat", O_RDONLY|O_CLOEXEC) = 5
10662 openat(AT_FDCWD, "/proc/stat", O_RDONLY|O_CLOEXEC) = 5
10662 openat(AT_FDCWD, "/usr/lib/locale/locale-archive", O_RDONLY|O_CLOEXEC) = 5
10662 openat(AT_FDCWD, "/usr/share/locale/locale.alias", O_RDONLY|O_CLOEXEC) = 5
10662 openat(AT_FDCWD, "/usr/lib/locale/C.UTF-8/LC_IDENTIFICATION", O_RDONLY|O_CLOEXEC) = -1 ENOENT (No such file or directory)
10662 openat(AT_FDCWD, "/usr/lib/locale/C.utf8/LC_IDENTIFICATION", O_RDONLY|O_CLOEXEC) = 5
10662 openat(AT_FDCWD, "/usr/lib/x86_64-linux-gnu/gconv/gconv-modules.cache", O_RDONLY|O_CLOEXEC) = 5
10662 openat(AT_FDCWD, "/usr/lib/locale/C.UTF-8/LC_MEASUREMENT", O_RDONLY|O_CLOEXEC) = -1 ENOENT (No such file or directory)
10662 openat(AT_FDCWD, "/usr/lib/locale/C.utf8/LC_MEASUREMENT", O_RDONLY|O_CLOEXEC) = 5
10662 openat(AT_FDCWD, "/usr/lib/locale/C.UTF-8/LC_TELEPHONE", O_RDONLY|O_CLOEXEC) = -1 ENOENT (No such file or directory)
10662 openat(AT_FDCWD, "/usr/lib/locale/C.utf8/LC_TELEPHONE", O_RDONLY|O_CLOEXEC) = 5
10662 openat(AT_FDCWD, "/usr/lib/locale/C.UTF-8/LC_ADDRESS", O_RDONLY|O_CLOEXEC) = -1 ENOENT (No such file or directory)
10662 openat(AT_FDCWD, "/usr/lib/locale/C.utf8/LC_ADDRESS", O_RDONLY|O_CLOEXEC) = 5
10662 openat(AT_FDCWD, "/usr/lib/locale/C.UTF-8/LC_NAME", O_RDONLY|O_CLOEXEC) = -1 ENOENT (No such file or directory)
10662 openat(AT_FDCWD, "/usr/lib/locale/C.utf8/LC_NAME", O_RDONLY|O_CLOEXEC) = 5
10662 openat(AT_FDCWD, "/usr/lib/locale/C.UTF-8/LC_PAPER", O_RDONLY|O_CLOEXEC) = -1 ENOENT (No such file or directory)
10662 openat(AT_FDCWD, "/usr/lib/locale/C.utf8/LC_PAPER", O_RDONLY|O_CLOEXEC) = 5
10662 openat(AT_FDCWD, "/usr/lib/locale/C.UTF-8/LC_MESSAGES", O_RDONLY|O_CLOEXEC) = -1 ENOENT (No such file or directory)
10662 openat(AT_FDCWD, "/usr/lib/locale/C.utf8/LC_MESSAGES", O_RDONLY|O_CLOEXEC) = 5
10662 openat(AT_FDCWD, "/usr/lib/locale/C.utf8/LC_MESSAGES/SYS_LC_MESSAGES", O_RDONLY|O_CLOEXEC) = 5
10662 openat(AT_FDCWD, "/usr/lib/locale/C.UTF-8/LC_MONETARY", O_RDONLY|O_CLOEXEC) = -1 ENOENT (No such file or directory)
10662 openat(AT_FDCWD, "/usr/lib/locale/C.utf8/LC_MONETARY", O_RDONLY|O_CLOEXEC) = 5
10662 openat(AT_FDCWD, "/usr/lib/locale/C.UTF-8/LC_COLLATE", O_RDONLY|O_CLOEXEC) = -1 ENOENT (No such file or directory)
10662 openat(AT_FDCWD, "/usr/lib/locale/C.utf8/LC_COLLATE", O_RDONLY|O_CLOEXEC) = 5
10662 openat(AT_FDCWD, "/usr/lib/locale/C.UTF-8/LC_TIME", O_RDONLY|O_CLOEXEC) = -1 ENOENT (No such file or directory)
10662 openat(AT_FDCWD, "/usr/lib/locale/C.utf8/LC_TIME", O_RDONLY|O_CLOEXEC) = 5
10662 openat(AT_FDCWD, "/usr/lib/locale/C.UTF-8/LC_NUMERIC", O_RDONLY|O_CLOEXEC) = -1 ENOENT (No such file or directory)
10662 openat(AT_FDCWD, "/usr/lib/locale/C.utf8/LC_NUMERIC", O_RDONLY|O_CLOEXEC) = 5
10662 openat(AT_FDCWD, "/usr/lib/locale/C.UTF-8/LC_CTYPE", O_RDONLY|O_CLOEXEC) = -1 ENOENT (No such file or directory)
10662 openat(AT_FDCWD, "/usr/lib/locale/C.utf8/LC_CTYPE", O_RDONLY|O_CLOEXEC) = 5
10662 openat(AT_FDCWD, "/opt/google/chrome/icudtl.dat", O_RDONLY) = 5
10662 openat(AT_FDCWD, "/etc/localtime", O_RDONLY|O_CLOEXEC) = 6
10662 openat(AT_FDCWD, "/tmp/playwright_chromiumdev_profile-92XQZ9/Consent To Send Stats", O_RDONLY|O_CLOEXEC) = -1 ENOENT (No such file or directory)
10662 openat(AT_FDCWD, "/etc/os-release", O_RDONLY|O_CLOEXEC) = 6
10662 socketpair(AF_UNIX, SOCK_SEQPACKET, 0, [6, 7]) = 0
10662 setsockopt(6, SOL_SOCKET, SO_PASSCRED, [1], 4) = 0
10662 setsockopt(7, SOL_SOCKET, SO_PASSCRED, [1], 4) = 0
10669 openat(AT_FDCWD, "/proc/self/fd", O_RDONLY|O_NONBLOCK|O_CLOEXEC|O_DIRECTORY) = 8
10670 openat(AT_FDCWD, "/opt/hostedtoolcache/Python/3.12.14/x64/lib/glibc-hwcaps/x86-64-v3/libdl.so.2", O_RDONLY|O_CLOEXEC) = -1 ENOENT (No such file or directory)
10670 openat(AT_FDCWD, "/opt/hostedtoolcache/Python/3.12.14/x64/lib/glibc-hwcaps/x86-64-v2/libdl.so.2", O_RDONLY|O_CLOEXEC) = -1 ENOENT (No such file or directory)
10670 openat(AT_FDCWD, "/opt/hostedtoolcache/Python/3.12.14/x64/lib/libdl.so.2", O_RDONLY|O_CLOEXEC) = -1 ENOENT (No such file or directory)
10670 openat(AT_FDCWD, "/etc/ld.so.cache", O_RDONLY|O_CLOEXEC) = 3
10670 openat(AT_FDCWD, "/lib/x86_64-linux-gnu/libdl.so.2", O_RDONLY|O_CLOEXEC) = 3
10662 --- SIGCHLD {si_signo=SIGCHLD, si_code=CLD_EXITED, si_pid=10669, si_uid=1001, si_status=0, si_utime=0, si_stime=0} ---
10670 openat(AT_FDCWD, "/opt/hostedtoolcache/Python/3.12.14/x64/lib/libpthread.so.0", O_RDONLY|O_CLOEXEC) = -1 ENOENT (No such file or directory)
10670 openat(AT_FDCWD, "/lib/x86_64-linux-gnu/libpthread.so.0", O_RDONLY|O_CLOEXEC) = 3
10662 sendmsg(6, {msg_name=NULL, msg_namelen=0, msg_iov=[{iov_base="\1\0\0\0\0\0\0\0\0\0\0\0\0\0\0\0\0\0\0\0\0\0\0\0\0\0\0\0\0\0\0\0\0\0\0\0\0\0\0\0", iov_len=40}], msg_iovlen=1, msg_controllen=0, msg_flags=0}, MSG_NOSIGNAL) = 40
10662 recvmsg(6,  <unfinished ...>
10670 openat(AT_FDCWD, "/opt/hostedtoolcache/Python/3.12.14/x64/lib/libm.so.6", O_RDONLY|O_CLOEXEC) = -1 ENOENT (No such file or directory)
10670 openat(AT_FDCWD, "/lib/x86_64-linux-gnu/libm.so.6", O_RDONLY|O_CLOEXEC) = 3
10670 openat(AT_FDCWD, "/opt/hostedtoolcache/Python/3.12.14/x64/lib/libgcc_s.so.1", O_RDONLY|O_CLOEXEC) = -1 ENOENT (No such file or directory)
10670 openat(AT_FDCWD, "/lib/x86_64-linux-gnu/libgcc_s.so.1", O_RDONLY|O_CLOEXEC) = 3
10670 openat(AT_FDCWD, "/opt/hostedtoolcache/Python/3.12.14/x64/lib/libc.so.6", O_RDONLY|O_CLOEXEC) = -1 ENOENT (No such file or directory)
10670 openat(AT_FDCWD, "/lib/x86_64-linux-gnu/libc.so.6", O_RDONLY|O_CLOEXEC) = 3
10670 socketpair(AF_UNIX, SOCK_SEQPACKET, 0, [3, 4]) = 0
10670 setsockopt(3, SOL_SOCKET, SO_PASSCRED, [1], 4) = 0
10670 setsockopt(4, SOL_SOCKET, SO_PASSCRED, [1], 4) = 0
10671 openat(AT_FDCWD, "/proc/self/fd", O_RDONLY|O_NONBLOCK|O_CLOEXEC|O_DIRECTORY) = 5
10672 openat(AT_FDCWD, "/opt/hostedtoolcache/Python/3.12.14/x64/lib/glibc-hwcaps/x86-64-v3/libdl.so.2", O_RDONLY|O_CLOEXEC) = -1 ENOENT (No such file or directory)
10670 --- SIGCHLD {si_signo=SIGCHLD, si_code=CLD_EXITED, si_pid=10671, si_uid=1001, si_status=0, si_utime=0, si_stime=0} ---
10672 openat(AT_FDCWD, "/opt/hostedtoolcache/Python/3.12.14/x64/lib/glibc-hwcaps/x86-64-v2/libdl.so.2", O_RDONLY|O_CLOEXEC) = -1 ENOENT (No such file or directory)
10672 openat(AT_FDCWD, "/opt/hostedtoolcache/Python/3.12.14/x64/lib/libdl.so.2", O_RDONLY|O_CLOEXEC) = -1 ENOENT (No such file or directory)
10672 openat(AT_FDCWD, "/etc/ld.so.cache", O_RDONLY|O_CLOEXEC) = 3
10670 sendmsg(3, {msg_name=NULL, msg_namelen=0, msg_iov=[{iov_base="\1\0\0\0\0\0\0\0\0\0\0\0\0\0\0\0\0\0\0\0\0\0\0\0\0\0\0\0\0\0\0\0\0\0\0\0\0\0\0\0", iov_len=40}], msg_iovlen=1, msg_controllen=0, msg_flags=0}, MSG_NOSIGNAL) = 40
10670 recvmsg(3,  <unfinished ...>
10672 openat(AT_FDCWD, "/lib/x86_64-linux-gnu/libdl.so.2", O_RDONLY|O_CLOEXEC) = 3
10672 openat(AT_FDCWD, "/opt/hostedtoolcache/Python/3.12.14/x64/lib/libpthread.so.0", O_RDONLY|O_CLOEXEC) = -1 ENOENT (No such file or directory)
10672 openat(AT_FDCWD, "/lib/x86_64-linux-gnu/libpthread.so.0", O_RDONLY|O_CLOEXEC) = 3
10672 openat(AT_FDCWD, "/opt/hostedtoolcache/Python/3.12.14/x64/lib/libm.so.6", O_RDONLY|O_CLOEXEC) = -1 ENOENT (No such file or directory)
10672 openat(AT_FDCWD, "/lib/x86_64-linux-gnu/libm.so.6", O_RDONLY|O_CLOEXEC) = 3
10672 openat(AT_FDCWD, "/opt/hostedtoolcache/Python/3.12.14/x64/lib/libgcc_s.so.1", O_RDONLY|O_CLOEXEC) = -1 ENOENT (No such file or directory)
10672 openat(AT_FDCWD, "/lib/x86_64-linux-gnu/libgcc_s.so.1", O_RDONLY|O_CLOEXEC) = 3
10672 openat(AT_FDCWD, "/opt/hostedtoolcache/Python/3.12.14/x64/lib/libc.so.6", O_RDONLY|O_CLOEXEC) = -1 ENOENT (No such file or directory)
10672 openat(AT_FDCWD, "/lib/x86_64-linux-gnu/libc.so.6", O_RDONLY|O_CLOEXEC) = 3
10672 getsockopt(4, SOL_SOCKET, SO_PASSCRED, [1], [4]) = 0
10672 recvmsg(4, {msg_name=NULL, msg_namelen=0, msg_iov=[{iov_base="\1\0\0\0\0\0\0\0\0\0\0\0\0\0\0\0\0\0\0\0\0\0\0\0\0\0\0\0\0\0\0\0\0\0\0\0\0\0\0\0", iov_len=40}], msg_iovlen=1, msg_control=[{cmsg_len=28, cmsg_level=SOL_SOCKET, cmsg_type=SCM_CREDENTIALS, cmsg_data={pid=10670, uid=1001, gid=1001}}], msg_controllen=32, msg_flags=0}, 0) = 40
10672 sendmsg(4, {msg_name=NULL, msg_namelen=0, msg_iov=[{iov_base="\0\0\0\0\0\0\0\0", iov_len=8}], msg_iovlen=1, msg_controllen=0, msg_flags=0}, MSG_NOSIGNAL) = 8
10670 <... recvmsg resumed>{msg_name=NULL, msg_namelen=0, msg_iov=[{iov_base="\0\0\0\0\0\0\0\0", iov_len=8}], msg_iovlen=1, msg_control=[{cmsg_len=28, cmsg_level=SOL_SOCKET, cmsg_type=SCM_CREDENTIALS, cmsg_data={pid=10672, uid=1001, gid=1001}}], msg_controllen=32, msg_flags=0}, 0) = 8
10674 openat(AT_FDCWD, "/home/runner/work/deckrender-acceptance/deckrender-acceptance/benchmark/artifacts/acceptance/private/sandboxes/2365ad2a878ed3613b69a6ae2c0c55b8ecf5dc09a1a04ade3b6e00d41146f0b5/config/google-chrome/Crash Reports/pending", O_RDONLY|O_NONBLOCK|O_CLOEXEC|O_DIRECTORY) = 4
10670 getsockopt(7, SOL_SOCKET, SO_PASSCRED, [1], [4]) = 0
10670 recvmsg(7, {msg_name=NULL, msg_namelen=0, msg_iov=[{iov_base="\1\0\0\0\0\0\0\0\0\0\0\0\0\0\0\0\0\0\0\0\0\0\0\0\0\0\0\0\0\0\0\0\0\0\0\0\0\0\0\0", iov_len=40}], msg_iovlen=1, msg_control=[{cmsg_len=28, cmsg_level=SOL_SOCKET, cmsg_type=SCM_CREDENTIALS, cmsg_data={pid=10662, uid=1001, gid=1001}}], msg_controllen=32, msg_flags=0}, 0) = 40
10670 sendmsg(7, {msg_name=NULL, msg_namelen=0, msg_iov=[{iov_base="\0\0\0\0\0\0\0\0", iov_len=8}], msg_iovlen=1, msg_controllen=0, msg_flags=0}, MSG_NOSIGNAL) = 8
10662 <... recvmsg resumed>{msg_name=NULL, msg_namelen=0, msg_iov=[{iov_base="\0\0\0\0\0\0\0\0", iov_len=8}], msg_iovlen=1, msg_control=[{cmsg_len=28, cmsg_level=SOL_SOCKET, cmsg_type=SCM_CREDENTIALS, cmsg_data={pid=10670, uid=1001, gid=1001}}], msg_controllen=32, msg_flags=0}, 0) = 8
10662 openat(AT_FDCWD, "/tmp/playwright_chromiumdev_profile-92XQZ9/Consent To Send Stats", O_RDONLY|O_CLOEXEC) = -1 ENOENT (No such file or directory)
10662 openat(AT_FDCWD, "/home/runner/work/deckrender-acceptance/deckrender-acceptance/benchmark/artifacts/acceptance/private/sandboxes/2365ad2a878ed3613b69a6ae2c0c55b8ecf5dc09a1a04ade3b6e00d41146f0b5/config/google-chrome/Crash Reports/settings.dat", O_RDWR|O_NOCTTY|O_CLOEXEC) = -1 ENOENT (No such file or directory)
10662 openat(AT_FDCWD, "/home/runner/work/deckrender-acceptance/deckrender-acceptance/benchmark/artifacts/acceptance/private/sandboxes/2365ad2a878ed3613b69a6ae2c0c55b8ecf5dc09a1a04ade3b6e00d41146f0b5/config/google-chrome/Crash Reports/settings.dat", O_RDWR|O_CREAT|O_EXCL|O_NOCTTY|O_CLOEXEC, 0600) = 7
10662 openat(AT_FDCWD, "/home/runner/work/deckrender-acceptance/deckrender-acceptance/benchmark/artifacts/acceptance/private/sandboxes/2365ad2a878ed3613b69a6ae2c0c55b8ecf5dc09a1a04ade3b6e00d41146f0b5/config/google-chrome/Crash Reports/settings.dat", O_RDWR|O_CREAT|O_NOCTTY|O_CLOEXEC, 0600) = 7
10662 socketpair(AF_UNIX, SOCK_SEQPACKET, 0, [7, 8]) = 0
10662 shutdown(7, SHUT_RD)              = 0
10662 shutdown(8, SHUT_WR)              = 0
10662 socketpair(AF_UNIX, SOCK_SEQPACKET|SOCK_CLOEXEC, 0, [11, 12]) = 0
10662 setsockopt(11, SOL_SOCKET, SO_PASSCRED, [1], 4) = 0
10662 sendmsg(11, {msg_name=NULL, msg_namelen=0, msg_iov=[{iov_base="\4\0\0\0\3\0\0\0", iov_len=8}], msg_iovlen=1, msg_controllen=0, msg_flags=0}, MSG_NOSIGNAL) = 8
10677 openat(AT_FDCWD, "/dev/null", O_RDONLY) = 13
10662 socketpair(AF_UNIX, SOCK_SEQPACKET|SOCK_CLOEXEC, 0, [12, 13]) = 0
10662 setsockopt(12, SOL_SOCKET, SO_PASSCRED, [1], 4) = 0
10662 sendmsg(12, {msg_name=NULL, msg_namelen=0, msg_iov=[{iov_base="\4\0\0\0\3\0\0\0", iov_len=8}], msg_iovlen=1, msg_controllen=0, msg_flags=0}, MSG_NOSIGNAL) = 8
10678 openat(AT_FDCWD, "/dev/null", O_RDONLY) = 14
10677 openat(AT_FDCWD, "/proc/self/fd", O_RDONLY|O_DIRECTORY) = 13
10678 openat(AT_FDCWD, "/proc/self/fd", O_RDONLY|O_DIRECTORY) = 14
10677 openat(AT_FDCWD, "/opt/hostedtoolcache/Python/3.12.14/x64/lib/glibc-hwcaps/x86-64-v3/libdl.so.2", O_RDONLY|O_CLOEXEC) = -1 ENOENT (No such file or directory)
10677 openat(AT_FDCWD, "/opt/hostedtoolcache/Python/3.12.14/x64/lib/glibc-hwcaps/x86-64-v2/libdl.so.2", O_RDONLY|O_CLOEXEC) = -1 ENOENT (No such file or directory)
10677 openat(AT_FDCWD, "/opt/hostedtoolcache/Python/3.12.14/x64/lib/libdl.so.2", O_RDONLY|O_CLOEXEC) = -1 ENOENT (No such file or directory)
10677 openat(AT_FDCWD, "/etc/ld.so.cache", O_RDONLY|O_CLOEXEC) = 5
10677 openat(AT_FDCWD, "/lib/x86_64-linux-gnu/libdl.so.2", O_RDONLY|O_CLOEXEC) = 5
10677 openat(AT_FDCWD, "/opt/hostedtoolcache/Python/3.12.14/x64/lib/libpthread.so.0", O_RDONLY|O_CLOEXEC) = -1 ENOENT (No such file or directory)
10677 openat(AT_FDCWD, "/lib/x86_64-linux-gnu/libpthread.so.0", O_RDONLY|O_CLOEXEC) = 5
10678 openat(AT_FDCWD, "/opt/hostedtoolcache/Python/3.12.14/x64/lib/glibc-hwcaps/x86-64-v3/libdl.so.2", O_RDONLY|O_CLOEXEC) = -1 ENOENT (No such file or directory)
10678 openat(AT_FDCWD, "/opt/hostedtoolcache/Python/3.12.14/x64/lib/glibc-hwcaps/x86-64-v2/libdl.so.2", O_RDONLY|O_CLOEXEC) = -1 ENOENT (No such file or directory)
10677 openat(AT_FDCWD, "/opt/hostedtoolcache/Python/3.12.14/x64/lib/libglib-2.0.so.0", O_RDONLY|O_CLOEXEC) = -1 ENOENT (No such file or directory)
10678 openat(AT_FDCWD, "/opt/hostedtoolcache/Python/3.12.14/x64/lib/libdl.so.2", O_RDONLY|O_CLOEXEC <unfinished ...>
10677 openat(AT_FDCWD, "/lib/x86_64-linux-gnu/libglib-2.0.so.0", O_RDONLY|O_CLOEXEC <unfinished ...>
10678 <... openat resumed>)             = -1 ENOENT (No such file or directory)
10677 <... openat resumed>)             = 5
10678 openat(AT_FDCWD, "/etc/ld.so.cache", O_RDONLY|O_CLOEXEC) = 5
10678 openat(AT_FDCWD, "/lib/x86_64-linux-gnu/libdl.so.2", O_RDONLY|O_CLOEXEC) = 5
10677 openat(AT_FDCWD, "/opt/hostedtoolcache/Python/3.12.14/x64/lib/libgobject-2.0.so.0", O_RDONLY|O_CLOEXEC) = -1 ENOENT (No such file or directory)
10677 openat(AT_FDCWD, "/lib/x86_64-linux-gnu/libgobject-2.0.so.0", O_RDONLY|O_CLOEXEC) = 5
10678 openat(AT_FDCWD, "/opt/hostedtoolcache/Python/3.12.14/x64/lib/libpthread.so.0", O_RDONLY|O_CLOEXEC) = -1 ENOENT (No such file or directory)
10678 openat(AT_FDCWD, "/lib/x86_64-linux-gnu/libpthread.so.0", O_RDONLY|O_CLOEXEC) = 5
10677 openat(AT_FDCWD, "/opt/hostedtoolcache/Python/3.12.14/x64/lib/libnspr4.so", O_RDONLY|O_CLOEXEC) = -1 ENOENT (No such file or directory)
10677 openat(AT_FDCWD, "/lib/x86_64-linux-gnu/libnspr4.so", O_RDONLY|O_CLOEXEC <unfinished ...>
10678 openat(AT_FDCWD, "/opt/hostedtoolcache/Python/3.12.14/x64/lib/libglib-2.0.so.0", O_RDONLY|O_CLOEXEC <unfinished ...>
10677 <... openat resumed>)             = 5
10678 <... openat resumed>)             = -1 ENOENT (No such file or directory)
10678 openat(AT_FDCWD, "/lib/x86_64-linux-gnu/libglib-2.0.so.0", O_RDONLY|O_CLOEXEC) = 5
10677 openat(AT_FDCWD, "/opt/hostedtoolcache/Python/3.12.14/x64/lib/libnss3.so", O_RDONLY|O_CLOEXEC) = -1 ENOENT (No such file or directory)
10678 openat(AT_FDCWD, "/opt/hostedtoolcache/Python/3.12.14/x64/lib/libgobject-2.0.so.0", O_RDONLY|O_CLOEXEC <unfinished ...>
10677 openat(AT_FDCWD, "/lib/x86_64-linux-gnu/libnss3.so", O_RDONLY|O_CLOEXEC <unfinished ...>
10678 <... openat resumed>)             = -1 ENOENT (No such file or directory)
10677 <... openat resumed>)             = 5
10678 openat(AT_FDCWD, "/lib/x86_64-linux-gnu/libgobject-2.0.so.0", O_RDONLY|O_CLOEXEC) = 5
10678 openat(AT_FDCWD, "/opt/hostedtoolcache/Python/3.12.14/x64/lib/libnspr4.so", O_RDONLY|O_CLOEXEC) = -1 ENOENT (No such file or directory)
10678 openat(AT_FDCWD, "/lib/x86_64-linux-gnu/libnspr4.so", O_RDONLY|O_CLOEXEC <unfinished ...>
10677 openat(AT_FDCWD, "/opt/hostedtoolcache/Python/3.12.14/x64/lib/libnssutil3.so", O_RDONLY|O_CLOEXEC <unfinished ...>
10678 <... openat resumed>)             = 5
10677 <... openat resumed>)             = -1 ENOENT (No such file or directory)
10677 openat(AT_FDCWD, "/lib/x86_64-linux-gnu/libnssutil3.so", O_RDONLY|O_CLOEXEC) = 5
10678 openat(AT_FDCWD, "/opt/hostedtoolcache/Python/3.12.14/x64/lib/libnss3.so", O_RDONLY|O_CLOEXEC) = -1 ENOENT (No such file or directory)
10678 openat(AT_FDCWD, "/lib/x86_64-linux-gnu/libnss3.so", O_RDONLY|O_CLOEXEC <unfinished ...>
10677 openat(AT_FDCWD, "/opt/hostedtoolcache/Python/3.12.14/x64/lib/libsmime3.so", O_RDONLY|O_CLOEXEC <unfinished ...>
10678 <... openat resumed>)             = 5
10677 <... openat resumed>)             = -1 ENOENT (No such file or directory)
10677 openat(AT_FDCWD, "/lib/x86_64-linux-gnu/libsmime3.so", O_RDONLY|O_CLOEXEC) = 5
10678 openat(AT_FDCWD, "/opt/hostedtoolcache/Python/3.12.14/x64/lib/libnssutil3.so", O_RDONLY|O_CLOEXEC <unfinished ...>
10677 openat(AT_FDCWD, "/opt/hostedtoolcache/Python/3.12.14/x64/lib/libgio-2.0.so.0", O_RDONLY|O_CLOEXEC <unfinished ...>
10678 <... openat resumed>)             = -1 ENOENT (No such file or directory)
10677 <... openat resumed>)             = -1 ENOENT (No such file or directory)
10678 openat(AT_FDCWD, "/lib/x86_64-linux-gnu/libnssutil3.so", O_RDONLY|O_CLOEXEC <unfinished ...>
10677 openat(AT_FDCWD, "/lib/x86_64-linux-gnu/libgio-2.0.so.0", O_RDONLY|O_CLOEXEC <unfinished ...>
10678 <... openat resumed>)             = 5
10677 <... openat resumed>)             = 5
10678 openat(AT_FDCWD, "/opt/hostedtoolcache/Python/3.12.14/x64/lib/libsmime3.so", O_RDONLY|O_CLOEXEC) = -1 ENOENT (No such file or directory)
10678 openat(AT_FDCWD, "/lib/x86_64-linux-gnu/libsmime3.so", O_RDONLY|O_CLOEXEC) = 5
10677 openat(AT_FDCWD, "/opt/hostedtoolcache/Python/3.12.14/x64/lib/libatk-1.0.so.0", O_RDONLY|O_CLOEXEC) = -1 ENOENT (No such file or directory)
10677 openat(AT_FDCWD, "/lib/x86_64-linux-gnu/libatk-1.0.so.0", O_RDONLY|O_CLOEXEC) = 5
10678 openat(AT_FDCWD, "/opt/hostedtoolcache/Python/3.12.14/x64/lib/libgio-2.0.so.0", O_RDONLY|O_CLOEXEC) = -1 ENOENT (No such file or directory)
10678 openat(AT_FDCWD, "/lib/x86_64-linux-gnu/libgio-2.0.so.0", O_RDONLY|O_CLOEXEC) = 5
10677 openat(AT_FDCWD, "/opt/hostedtoolcache/Python/3.12.14/x64/lib/libatk-bridge-2.0.so.0", O_RDONLY|O_CLOEXEC) = -1 ENOENT (No such file or directory)
10677 openat(AT_FDCWD, "/lib/x86_64-linux-gnu/libatk-bridge-2.0.so.0", O_RDONLY|O_CLOEXEC) = 5
10678 openat(AT_FDCWD, "/opt/hostedtoolcache/Python/3.12.14/x64/lib/libatk-1.0.so.0", O_RDONLY|O_CLOEXEC) = -1 ENOENT (No such file or directory)
10678 openat(AT_FDCWD, "/lib/x86_64-linux-gnu/libatk-1.0.so.0", O_RDONLY|O_CLOEXEC) = 5
10677 openat(AT_FDCWD, "/opt/hostedtoolcache/Python/3.12.14/x64/lib/libdbus-1.so.3", O_RDONLY|O_CLOEXEC) = -1 ENOENT (No such file or directory)
10677 openat(AT_FDCWD, "/lib/x86_64-linux-gnu/libdbus-1.so.3", O_RDONLY|O_CLOEXEC) = 5
10678 openat(AT_FDCWD, "/opt/hostedtoolcache/Python/3.12.14/x64/lib/libatk-bridge-2.0.so.0", O_RDONLY|O_CLOEXEC) = -1 ENOENT (No such file or directory)
10678 openat(AT_FDCWD, "/lib/x86_64-linux-gnu/libatk-bridge-2.0.so.0", O_RDONLY|O_CLOEXEC) = 5
10677 openat(AT_FDCWD, "/opt/hostedtoolcache/Python/3.12.14/x64/lib/libcups.so.2", O_RDONLY|O_CLOEXEC) = -1 ENOENT (No such file or directory)
10677 openat(AT_FDCWD, "/lib/x86_64-linux-gnu/libcups.so.2", O_RDONLY|O_CLOEXEC) = 5
10678 openat(AT_FDCWD, "/opt/hostedtoolcache/Python/3.12.14/x64/lib/libdbus-1.so.3", O_RDONLY|O_CLOEXEC) = -1 ENOENT (No such file or directory)
10678 openat(AT_FDCWD, "/lib/x86_64-linux-gnu/libdbus-1.so.3", O_RDONLY|O_CLOEXEC) = 5
10677 openat(AT_FDCWD, "/opt/hostedtoolcache/Python/3.12.14/x64/lib/libexpat.so.1", O_RDONLY|O_CLOEXEC) = -1 ENOENT (No such file or directory)
10677 openat(AT_FDCWD, "/lib/x86_64-linux-gnu/libexpat.so.1", O_RDONLY|O_CLOEXEC) = 5
10678 openat(AT_FDCWD, "/opt/hostedtoolcache/Python/3.12.14/x64/lib/libcups.so.2", O_RDONLY|O_CLOEXEC) = -1 ENOENT (No such file or directory)
10678 openat(AT_FDCWD, "/lib/x86_64-linux-gnu/libcups.so.2", O_RDONLY|O_CLOEXEC) = 5
10677 openat(AT_FDCWD, "/opt/hostedtoolcache/Python/3.12.14/x64/lib/libxcb.so.1", O_RDONLY|O_CLOEXEC) = -1 ENOENT (No such file or directory)
10677 openat(AT_FDCWD, "/lib/x86_64-linux-gnu/libxcb.so.1", O_RDONLY|O_CLOEXEC) = 5
10678 openat(AT_FDCWD, "/opt/hostedtoolcache/Python/3.12.14/x64/lib/libexpat.so.1", O_RDONLY|O_CLOEXEC) = -1 ENOENT (No such file or directory)
10678 openat(AT_FDCWD, "/lib/x86_64-linux-gnu/libexpat.so.1", O_RDONLY|O_CLOEXEC) = 5
10677 openat(AT_FDCWD, "/opt/hostedtoolcache/Python/3.12.14/x64/lib/libxkbcommon.so.0", O_RDONLY|O_CLOEXEC) = -1 ENOENT (No such file or directory)
10678 openat(AT_FDCWD, "/opt/hostedtoolcache/Python/3.12.14/x64/lib/libxcb.so.1", O_RDONLY|O_CLOEXEC <unfinished ...>
10677 openat(AT_FDCWD, "/lib/x86_64-linux-gnu/libxkbcommon.so.0", O_RDONLY|O_CLOEXEC <unfinished ...>
10678 <... openat resumed>)             = -1 ENOENT (No such file or directory)
10678 openat(AT_FDCWD, "/lib/x86_64-linux-gnu/libxcb.so.1", O_RDONLY|O_CLOEXEC <unfinished ...>
10677 <... openat resumed>)             = 5
10678 <... openat resumed>)             = 5
10677 openat(AT_FDCWD, "/opt/hostedtoolcache/Python/3.12.14/x64/lib/libasound.so.2", O_RDONLY|O_CLOEXEC <unfinished ...>
10678 openat(AT_FDCWD, "/opt/hostedtoolcache/Python/3.12.14/x64/lib/libxkbcommon.so.0", O_RDONLY|O_CLOEXEC <unfinished ...>
10677 <... openat resumed>)             = -1 ENOENT (No such file or directory)
10678 <... openat resumed>)             = -1 ENOENT (No such file or directory)
10677 openat(AT_FDCWD, "/lib/x86_64-linux-gnu/libasound.so.2", O_RDONLY|O_CLOEXEC <unfinished ...>
10678 openat(AT_FDCWD, "/lib/x86_64-linux-gnu/libxkbcommon.so.0", O_RDONLY|O_CLOEXEC <unfinished ...>
10677 <... openat resumed>)             = 5
10678 <... openat resumed>)             = 5
10677 openat(AT_FDCWD, "/opt/hostedtoolcache/Python/3.12.14/x64/lib/libgbm.so.1", O_RDONLY|O_CLOEXEC <unfinished ...>
10678 openat(AT_FDCWD, "/opt/hostedtoolcache/Python/3.12.14/x64/lib/libasound.so.2", O_RDONLY|O_CLOEXEC <unfinished ...>
10677 <... openat resumed>)             = -1 ENOENT (No such file or directory)
10678 <... openat resumed>)             = -1 ENOENT (No such file or directory)
10677 openat(AT_FDCWD, "/lib/x86_64-linux-gnu/libgbm.so.1", O_RDONLY|O_CLOEXEC <unfinished ...>
10678 openat(AT_FDCWD, "/lib/x86_64-linux-gnu/libasound.so.2", O_RDONLY|O_CLOEXEC <unfinished ...>
10677 <... openat resumed>)             = 5
10678 <... openat resumed>)             = 5
10678 openat(AT_FDCWD, "/opt/hostedtoolcache/Python/3.12.14/x64/lib/libgbm.so.1", O_RDONLY|O_CLOEXEC) = -1 ENOENT (No such file or directory)
10677 openat(AT_FDCWD, "/opt/hostedtoolcache/Python/3.12.14/x64/lib/libX11.so.6", O_RDONLY|O_CLOEXEC <unfinished ...>
10678 openat(AT_FDCWD, "/lib/x86_64-linux-gnu/libgbm.so.1", O_RDONLY|O_CLOEXEC <unfinished ...>
10677 <... openat resumed>)             = -1 ENOENT (No such file or directory)
10678 <... openat resumed>)             = 5
10677 openat(AT_FDCWD, "/lib/x86_64-linux-gnu/libX11.so.6", O_RDONLY|O_CLOEXEC) = 5
10678 openat(AT_FDCWD, "/opt/hostedtoolcache/Python/3.12.14/x64/lib/libX11.so.6", O_RDONLY|O_CLOEXEC) = -1 ENOENT (No such file or directory)
10678 openat(AT_FDCWD, "/lib/x86_64-linux-gnu/libX11.so.6", O_RDONLY|O_CLOEXEC <unfinished ...>
10677 openat(AT_FDCWD, "/opt/hostedtoolcache/Python/3.12.14/x64/lib/libXext.so.6", O_RDONLY|O_CLOEXEC <unfinished ...>
10678 <... openat resumed>)             = 5
10677 <... openat resumed>)             = -1 ENOENT (No such file or directory)
10677 openat(AT_FDCWD, "/lib/x86_64-linux-gnu/libXext.so.6", O_RDONLY|O_CLOEXEC) = 5
10678 openat(AT_FDCWD, "/opt/hostedtoolcache/Python/3.12.14/x64/lib/libXext.so.6", O_RDONLY|O_CLOEXEC) = -1 ENOENT (No such file or directory)
10678 openat(AT_FDCWD, "/lib/x86_64-linux-gnu/libXext.so.6", O_RDONLY|O_CLOEXEC) = 5
10677 openat(AT_FDCWD, "/opt/hostedtoolcache/Python/3.12.14/x64/lib/libcairo.so.2", O_RDONLY|O_CLOEXEC) = -1 ENOENT (No such file or directory)
10677 openat(AT_FDCWD, "/lib/x86_64-linux-gnu/libcairo.so.2", O_RDONLY|O_CLOEXEC) = 5
10678 openat(AT_FDCWD, "/opt/hostedtoolcache/Python/3.12.14/x64/lib/libcairo.so.2", O_RDONLY|O_CLOEXEC) = -1 ENOENT (No such file or directory)
10678 openat(AT_FDCWD, "/lib/x86_64-linux-gnu/libcairo.so.2", O_RDONLY|O_CLOEXEC) = 5
10677 openat(AT_FDCWD, "/opt/hostedtoolcache/Python/3.12.14/x64/lib/libpango-1.0.so.0", O_RDONLY|O_CLOEXEC) = -1 ENOENT (No such file or directory)
10677 openat(AT_FDCWD, "/lib/x86_64-linux-gnu/libpango-1.0.so.0", O_RDONLY|O_CLOEXEC) = 5
10678 openat(AT_FDCWD, "/opt/hostedtoolcache/Python/3.12.14/x64/lib/libpango-1.0.so.0", O_RDONLY|O_CLOEXEC) = -1 ENOENT (No such file or directory)
10678 openat(AT_FDCWD, "/lib/x86_64-linux-gnu/libpango-1.0.so.0", O_RDONLY|O_CLOEXEC) = 5
10677 openat(AT_FDCWD, "/opt/hostedtoolcache/Python/3.12.14/x64/lib/libudev.so.1", O_RDONLY|O_CLOEXEC) = -1 ENOENT (No such file or directory)
10677 openat(AT_FDCWD, "/lib/x86_64-linux-gnu/libudev.so.1", O_RDONLY|O_CLOEXEC) = 5
10678 openat(AT_FDCWD, "/opt/hostedtoolcache/Python/3.12.14/x64/lib/libudev.so.1", O_RDONLY|O_CLOEXEC) = -1 ENOENT (No such file or directory)
10678 openat(AT_FDCWD, "/lib/x86_64-linux-gnu/libudev.so.1", O_RDONLY|O_CLOEXEC) = 5
10677 openat(AT_FDCWD, "/opt/hostedtoolcache/Python/3.12.14/x64/lib/libm.so.6", O_RDONLY|O_CLOEXEC) = -1 ENOENT (No such file or directory)
10677 openat(AT_FDCWD, "/lib/x86_64-linux-gnu/libm.so.6", O_RDONLY|O_CLOEXEC) = 5
10678 openat(AT_FDCWD, "/opt/hostedtoolcache/Python/3.12.14/x64/lib/libm.so.6", O_RDONLY|O_CLOEXEC) = -1 ENOENT (No such file or directory)
10678 openat(AT_FDCWD, "/lib/x86_64-linux-gnu/libm.so.6", O_RDONLY|O_CLOEXEC) = 5
10677 openat(AT_FDCWD, "/opt/hostedtoolcache/Python/3.12.14/x64/lib/libXcomposite.so.1", O_RDONLY|O_CLOEXEC) = -1 ENOENT (No such file or directory)
10677 openat(AT_FDCWD, "/lib/x86_64-linux-gnu/libXcomposite.so.1", O_RDONLY|O_CLOEXEC) = 5
10678 openat(AT_FDCWD, "/opt/hostedtoolcache/Python/3.12.14/x64/lib/libXcomposite.so.1", O_RDONLY|O_CLOEXEC) = -1 ENOENT (No such file or directory)
10678 openat(AT_FDCWD, "/lib/x86_64-linux-gnu/libXcomposite.so.1", O_RDONLY|O_CLOEXEC) = 5
10677 openat(AT_FDCWD, "/opt/hostedtoolcache/Python/3.12.14/x64/lib/libXdamage.so.1", O_RDONLY|O_CLOEXEC) = -1 ENOENT (No such file or directory)
10677 openat(AT_FDCWD, "/lib/x86_64-linux-gnu/libXdamage.so.1", O_RDONLY|O_CLOEXEC <unfinished ...>
10678 openat(AT_FDCWD, "/opt/hostedtoolcache/Python/3.12.14/x64/lib/libXdamage.so.1", O_RDONLY|O_CLOEXEC <unfinished ...>
10677 <... openat resumed>)             = 5
10678 <... openat resumed>)             = -1 ENOENT (No such file or directory)
10678 openat(AT_FDCWD, "/lib/x86_64-linux-gnu/libXdamage.so.1", O_RDONLY|O_CLOEXEC) = 5
10677 openat(AT_FDCWD, "/opt/hostedtoolcache/Python/3.12.14/x64/lib/libXfixes.so.3", O_RDONLY|O_CLOEXEC) = -1 ENOENT (No such file or directory)
10678 openat(AT_FDCWD, "/opt/hostedtoolcache/Python/3.12.14/x64/lib/libXfixes.so.3", O_RDONLY|O_CLOEXEC <unfinished ...>
10677 openat(AT_FDCWD, "/lib/x86_64-linux-gnu/libXfixes.so.3", O_RDONLY|O_CLOEXEC <unfinished ...>
10678 <... openat resumed>)             = -1 ENOENT (No such file or directory)
10678 openat(AT_FDCWD, "/lib/x86_64-linux-gnu/libXfixes.so.3", O_RDONLY|O_CLOEXEC <unfinished ...>
10677 <... openat resumed>)             = 5
10678 <... openat resumed>)             = 5
10677 openat(AT_FDCWD, "/opt/hostedtoolcache/Python/3.12.14/x64/lib/libXrandr.so.2", O_RDONLY|O_CLOEXEC <unfinished ...>
10678 openat(AT_FDCWD, "/opt/hostedtoolcache/Python/3.12.14/x64/lib/libXrandr.so.2", O_RDONLY|O_CLOEXEC <unfinished ...>
10677 <... openat resumed>)             = -1 ENOENT (No such file or directory)
10678 <... openat resumed>)             = -1 ENOENT (No such file or directory)
10677 openat(AT_FDCWD, "/lib/x86_64-linux-gnu/libXrandr.so.2", O_RDONLY|O_CLOEXEC <unfinished ...>
10678 openat(AT_FDCWD, "/lib/x86_64-linux-gnu/libXrandr.so.2", O_RDONLY|O_CLOEXEC <unfinished ...>
10677 <... openat resumed>)             = 5
10678 <... openat resumed>)             = 5
10677 openat(AT_FDCWD, "/opt/hostedtoolcache/Python/3.12.14/x64/lib/libatspi.so.0", O_RDONLY|O_CLOEXEC <unfinished ...>
10678 openat(AT_FDCWD, "/opt/hostedtoolcache/Python/3.12.14/x64/lib/libatspi.so.0", O_RDONLY|O_CLOEXEC <unfinished ...>
10677 <... openat resumed>)             = -1 ENOENT (No such file or directory)
10678 <... openat resumed>)             = -1 ENOENT (No such file or directory)
10677 openat(AT_FDCWD, "/lib/x86_64-linux-gnu/libatspi.so.0", O_RDONLY|O_CLOEXEC <unfinished ...>
10678 openat(AT_FDCWD, "/lib/x86_64-linux-gnu/libatspi.so.0", O_RDONLY|O_CLOEXEC) = 5
10677 <... openat resumed>)             = 5
10678 openat(AT_FDCWD, "/opt/hostedtoolcache/Python/3.12.14/x64/lib/libgcc_s.so.1", O_RDONLY|O_CLOEXEC) = -1 ENOENT (No such file or directory)
10678 openat(AT_FDCWD, "/lib/x86_64-linux-gnu/libgcc_s.so.1", O_RDONLY|O_CLOEXEC) = 5
10677 openat(AT_FDCWD, "/opt/hostedtoolcache/Python/3.12.14/x64/lib/libgcc_s.so.1", O_RDONLY|O_CLOEXEC) = -1 ENOENT (No such file or directory)
10677 openat(AT_FDCWD, "/lib/x86_64-linux-gnu/libgcc_s.so.1", O_RDONLY|O_CLOEXEC) = 5
10678 openat(AT_FDCWD, "/opt/hostedtoolcache/Python/3.12.14/x64/lib/libc.so.6", O_RDONLY|O_CLOEXEC) = -1 ENOENT (No such file or directory)
10678 openat(AT_FDCWD, "/lib/x86_64-linux-gnu/libc.so.6", O_RDONLY|O_CLOEXEC) = 5
10677 openat(AT_FDCWD, "/opt/hostedtoolcache/Python/3.12.14/x64/lib/libc.so.6", O_RDONLY|O_CLOEXEC) = -1 ENOENT (No such file or directory)
10677 openat(AT_FDCWD, "/lib/x86_64-linux-gnu/libc.so.6", O_RDONLY|O_CLOEXEC) = 5
10678 openat(AT_FDCWD, "/opt/hostedtoolcache/Python/3.12.14/x64/lib/libpcre2-8.so.0", O_RDONLY|O_CLOEXEC) = -1 ENOENT (No such file or directory)
10678 openat(AT_FDCWD, "/lib/x86_64-linux-gnu/libpcre2-8.so.0", O_RDONLY|O_CLOEXEC) = 5
10677 openat(AT_FDCWD, "/opt/hostedtoolcache/Python/3.12.14/x64/lib/libpcre2-8.so.0", O_RDONLY|O_CLOEXEC) = -1 ENOENT (No such file or directory)
10677 openat(AT_FDCWD, "/lib/x86_64-linux-gnu/libpcre2-8.so.0", O_RDONLY|O_CLOEXEC) = 5
10678 openat(AT_FDCWD, "/opt/hostedtoolcache/Python/3.12.14/x64/lib/libffi.so.8", O_RDONLY|O_CLOEXEC) = -1 ENOENT (No such file or directory)
10678 openat(AT_FDCWD, "/lib/x86_64-linux-gnu/libffi.so.8", O_RDONLY|O_CLOEXEC) = 5
10677 openat(AT_FDCWD, "/opt/hostedtoolcache/Python/3.12.14/x64/lib/libffi.so.8", O_RDONLY|O_CLOEXEC) = -1 ENOENT (No such file or directory)
10677 openat(AT_FDCWD, "/lib/x86_64-linux-gnu/libffi.so.8", O_RDONLY|O_CLOEXEC) = 5
10678 openat(AT_FDCWD, "/opt/hostedtoolcache/Python/3.12.14/x64/lib/libplc4.so", O_RDONLY|O_CLOEXEC) = -1 ENOENT (No such file or directory)
10678 openat(AT_FDCWD, "/lib/x86_64-linux-gnu/libplc4.so", O_RDONLY|O_CLOEXEC) = 5
10677 openat(AT_FDCWD, "/opt/hostedtoolcache/Python/3.12.14/x64/lib/libplc4.so", O_RDONLY|O_CLOEXEC) = -1 ENOENT (No such file or directory)
10677 openat(AT_FDCWD, "/lib/x86_64-linux-gnu/libplc4.so", O_RDONLY|O_CLOEXEC) = 5
10678 openat(AT_FDCWD, "/opt/hostedtoolcache/Python/3.12.14/x64/lib/libplds4.so", O_RDONLY|O_CLOEXEC) = -1 ENOENT (No such file or directory)
10678 openat(AT_FDCWD, "/lib/x86_64-linux-gnu/libplds4.so", O_RDONLY|O_CLOEXEC) = 5
10677 openat(AT_FDCWD, "/opt/hostedtoolcache/Python/3.12.14/x64/lib/libplds4.so", O_RDONLY|O_CLOEXEC) = -1 ENOENT (No such file or directory)
10677 openat(AT_FDCWD, "/lib/x86_64-linux-gnu/libplds4.so", O_RDONLY|O_CLOEXEC) = 5
10678 openat(AT_FDCWD, "/opt/hostedtoolcache/Python/3.12.14/x64/lib/libgmodule-2.0.so.0", O_RDONLY|O_CLOEXEC) = -1 ENOENT (No such file or directory)
10678 openat(AT_FDCWD, "/lib/x86_64-linux-gnu/libgmodule-2.0.so.0", O_RDONLY|O_CLOEXEC) = 5
10677 openat(AT_FDCWD, "/opt/hostedtoolcache/Python/3.12.14/x64/lib/libgmodule-2.0.so.0", O_RDONLY|O_CLOEXEC <unfinished ...>
10678 openat(AT_FDCWD, "/opt/hostedtoolcache/Python/3.12.14/x64/lib/libz.so.1", O_RDONLY|O_CLOEXEC <unfinished ...>
10677 <... openat resumed>)             = -1 ENOENT (No such file or directory)
10678 <... openat resumed>)             = -1 ENOENT (No such file or directory)
10677 openat(AT_FDCWD, "/lib/x86_64-linux-gnu/libgmodule-2.0.so.0", O_RDONLY|O_CLOEXEC <unfinished ...>
10678 openat(AT_FDCWD, "/lib/x86_64-linux-gnu/libz.so.1", O_RDONLY|O_CLOEXEC <unfinished ...>
10677 <... openat resumed>)             = 5
10678 <... openat resumed>)             = 5
10678 openat(AT_FDCWD, "/opt/hostedtoolcache/Python/3.12.14/x64/lib/libmount.so.1", O_RDONLY|O_CLOEXEC <unfinished ...>
10677 openat(AT_FDCWD, "/opt/hostedtoolcache/Python/3.12.14/x64/lib/libz.so.1", O_RDONLY|O_CLOEXEC <unfinished ...>
10678 <... openat resumed>)             = -1 ENOENT (No such file or directory)
10677 <... openat resumed>)             = -1 ENOENT (No such file or directory)
10678 openat(AT_FDCWD, "/lib/x86_64-linux-gnu/libmount.so.1", O_RDONLY|O_CLOEXEC <unfinished ...>
10677 openat(AT_FDCWD, "/lib/x86_64-linux-gnu/libz.so.1", O_RDONLY|O_CLOEXEC <unfinished ...>
10678 <... openat resumed>)             = 5
10677 <... openat resumed>)             = 5
10678 openat(AT_FDCWD, "/opt/hostedtoolcache/Python/3.12.14/x64/lib/libselinux.so.1", O_RDONLY|O_CLOEXEC) = -1 ENOENT (No such file or directory)
10677 openat(AT_FDCWD, "/opt/hostedtoolcache/Python/3.12.14/x64/lib/libmount.so.1", O_RDONLY|O_CLOEXEC <unfinished ...>
10678 openat(AT_FDCWD, "/lib/x86_64-linux-gnu/libselinux.so.1", O_RDONLY|O_CLOEXEC <unfinished ...>
10677 <... openat resumed>)             = -1 ENOENT (No such file or directory)
10678 <... openat resumed>)             = 5
10677 openat(AT_FDCWD, "/lib/x86_64-linux-gnu/libmount.so.1", O_RDONLY|O_CLOEXEC) = 5
10678 openat(AT_FDCWD, "/opt/hostedtoolcache/Python/3.12.14/x64/lib/libsystemd.so.0", O_RDONLY|O_CLOEXEC <unfinished ...>
10677 openat(AT_FDCWD, "/opt/hostedtoolcache/Python/3.12.14/x64/lib/libselinux.so.1", O_RDONLY|O_CLOEXEC <unfinished ...>
10678 <... openat resumed>)             = -1 ENOENT (No such file or directory)
10677 <... openat resumed>)             = -1 ENOENT (No such file or directory)
10678 openat(AT_FDCWD, "/lib/x86_64-linux-gnu/libsystemd.so.0", O_RDONLY|O_CLOEXEC) = 5
10677 openat(AT_FDCWD, "/lib/x86_64-linux-gnu/libselinux.so.1", O_RDONLY|O_CLOEXEC) = 5
10678 openat(AT_FDCWD, "/opt/hostedtoolcache/Python/3.12.14/x64/lib/libgssapi_krb5.so.2", O_RDONLY|O_CLOEXEC <unfinished ...>
10677 openat(AT_FDCWD, "/opt/hostedtoolcache/Python/3.12.14/x64/lib/libsystemd.so.0", O_RDONLY|O_CLOEXEC <unfinished ...>
10678 <... openat resumed>)             = -1 ENOENT (No such file or directory)
10677 <... openat resumed>)             = -1 ENOENT (No such file or directory)
10678 openat(AT_FDCWD, "/lib/x86_64-linux-gnu/libgssapi_krb5.so.2", O_RDONLY|O_CLOEXEC <unfinished ...>
10677 openat(AT_FDCWD, "/lib/x86_64-linux-gnu/libsystemd.so.0", O_RDONLY|O_CLOEXEC <unfinished ...>
10678 <... openat resumed>)             = 5
10677 <... openat resumed>)             = 5
10678 openat(AT_FDCWD, "/opt/hostedtoolcache/Python/3.12.14/x64/lib/libavahi-common.so.3", O_RDONLY|O_CLOEXEC) = -1 ENOENT (No such file or directory)
10678 openat(AT_FDCWD, "/lib/x86_64-linux-gnu/libavahi-common.so.3", O_RDONLY|O_CLOEXEC) = 5
10677 openat(AT_FDCWD, "/opt/hostedtoolcache/Python/3.12.14/x64/lib/libgssapi_krb5.so.2", O_RDONLY|O_CLOEXEC) = -1 ENOENT (No such file or directory)
10677 openat(AT_FDCWD, "/lib/x86_64-linux-gnu/libgssapi_krb5.so.2", O_RDONLY|O_CLOEXEC) = 5
10678 openat(AT_FDCWD, "/opt/hostedtoolcache/Python/3.12.14/x64/lib/libavahi-client.so.3", O_RDONLY|O_CLOEXEC) = -1 ENOENT (No such file or directory)
10678 openat(AT_FDCWD, "/lib/x86_64-linux-gnu/libavahi-client.so.3", O_RDONLY|O_CLOEXEC) = 5
10677 openat(AT_FDCWD, "/opt/hostedtoolcache/Python/3.12.14/x64/lib/libavahi-common.so.3", O_RDONLY|O_CLOEXEC) = -1 ENOENT (No such file or directory)
10677 openat(AT_FDCWD, "/lib/x86_64-linux-gnu/libavahi-common.so.3", O_RDONLY|O_CLOEXEC) = 5
10678 openat(AT_FDCWD, "/opt/hostedtoolcache/Python/3.12.14/x64/lib/libgnutls.so.30", O_RDONLY|O_CLOEXEC) = -1 ENOENT (No such file or directory)
10678 openat(AT_FDCWD, "/lib/x86_64-linux-gnu/libgnutls.so.30", O_RDONLY|O_CLOEXEC) = 5
10677 openat(AT_FDCWD, "/opt/hostedtoolcache/Python/3.12.14/x64/lib/libavahi-client.so.3", O_RDONLY|O_CLOEXEC) = -1 ENOENT (No such file or directory)
10677 openat(AT_FDCWD, "/lib/x86_64-linux-gnu/libavahi-client.so.3", O_RDONLY|O_CLOEXEC) = 5
10678 openat(AT_FDCWD, "/opt/hostedtoolcache/Python/3.12.14/x64/lib/libXau.so.6", O_RDONLY|O_CLOEXEC) = -1 ENOENT (No such file or directory)
10678 openat(AT_FDCWD, "/lib/x86_64-linux-gnu/libXau.so.6", O_RDONLY|O_CLOEXEC) = 5
10677 openat(AT_FDCWD, "/opt/hostedtoolcache/Python/3.12.14/x64/lib/libgnutls.so.30", O_RDONLY|O_CLOEXEC) = -1 ENOENT (No such file or directory)
10677 openat(AT_FDCWD, "/lib/x86_64-linux-gnu/libgnutls.so.30", O_RDONLY|O_CLOEXEC) = 5
10678 openat(AT_FDCWD, "/opt/hostedtoolcache/Python/3.12.14/x64/lib/libXdmcp.so.6", O_RDONLY|O_CLOEXEC) = -1 ENOENT (No such file or directory)
10678 openat(AT_FDCWD, "/lib/x86_64-linux-gnu/libXdmcp.so.6", O_RDONLY|O_CLOEXEC) = 5
10677 openat(AT_FDCWD, "/opt/hostedtoolcache/Python/3.12.14/x64/lib/libXau.so.6", O_RDONLY|O_CLOEXEC) = -1 ENOENT (No such file or directory)
10677 openat(AT_FDCWD, "/lib/x86_64-linux-gnu/libXau.so.6", O_RDONLY|O_CLOEXEC) = 5
10678 openat(AT_FDCWD, "/opt/hostedtoolcache/Python/3.12.14/x64/lib/libdrm.so.2", O_RDONLY|O_CLOEXEC) = -1 ENOENT (No such file or directory)
10678 openat(AT_FDCWD, "/lib/x86_64-linux-gnu/libdrm.so.2", O_RDONLY|O_CLOEXEC) = 5
10677 openat(AT_FDCWD, "/opt/hostedtoolcache/Python/3.12.14/x64/lib/libXdmcp.so.6", O_RDONLY|O_CLOEXEC) = -1 ENOENT (No such file or directory)
10677 openat(AT_FDCWD, "/lib/x86_64-linux-gnu/libXdmcp.so.6", O_RDONLY|O_CLOEXEC) = 5
10678 openat(AT_FDCWD, "/opt/hostedtoolcache/Python/3.12.14/x64/lib/libpng16.so.16", O_RDONLY|O_CLOEXEC) = -1 ENOENT (No such file or directory)
10678 openat(AT_FDCWD, "/lib/x86_64-linux-gnu/libpng16.so.16", O_RDONLY|O_CLOEXEC) = 5
10677 openat(AT_FDCWD, "/opt/hostedtoolcache/Python/3.12.14/x64/lib/libdrm.so.2", O_RDONLY|O_CLOEXEC) = -1 ENOENT (No such file or directory)
10677 openat(AT_FDCWD, "/lib/x86_64-linux-gnu/libdrm.so.2", O_RDONLY|O_CLOEXEC <unfinished ...>
10678 openat(AT_FDCWD, "/opt/hostedtoolcache/Python/3.12.14/x64/lib/libfontconfig.so.1", O_RDONLY|O_CLOEXEC <unfinished ...>
10677 <... openat resumed>)             = 5
10678 <... openat resumed>)             = -1 ENOENT (No such file or directory)
10678 openat(AT_FDCWD, "/lib/x86_64-linux-gnu/libfontconfig.so.1", O_RDONLY|O_CLOEXEC) = 5
10677 openat(AT_FDCWD, "/opt/hostedtoolcache/Python/3.12.14/x64/lib/libpng16.so.16", O_RDONLY|O_CLOEXEC <unfinished ...>
10678 openat(AT_FDCWD, "/opt/hostedtoolcache/Python/3.12.14/x64/lib/libfreetype.so.6", O_RDONLY|O_CLOEXEC <unfinished ...>
10677 <... openat resumed>)             = -1 ENOENT (No such file or directory)
10678 <... openat resumed>)             = -1 ENOENT (No such file or directory)
10677 openat(AT_FDCWD, "/lib/x86_64-linux-gnu/libpng16.so.16", O_RDONLY|O_CLOEXEC <unfinished ...>
10678 openat(AT_FDCWD, "/lib/x86_64-linux-gnu/libfreetype.so.6", O_RDONLY|O_CLOEXEC <unfinished ...>
10677 <... openat resumed>)             = 5
10678 <... openat resumed>)             = 5
10677 openat(AT_FDCWD, "/opt/hostedtoolcache/Python/3.12.14/x64/lib/libfontconfig.so.1", O_RDONLY|O_CLOEXEC) = -1 ENOENT (No such file or directory)
10678 openat(AT_FDCWD, "/opt/hostedtoolcache/Python/3.12.14/x64/lib/libXrender.so.1", O_RDONLY|O_CLOEXEC <unfinished ...>
10677 openat(AT_FDCWD, "/lib/x86_64-linux-gnu/libfontconfig.so.1", O_RDONLY|O_CLOEXEC <unfinished ...>
10678 <... openat resumed>)             = -1 ENOENT (No such file or directory)
10677 <... openat resumed>)             = 5
10678 openat(AT_FDCWD, "/lib/x86_64-linux-gnu/libXrender.so.1", O_RDONLY|O_CLOEXEC) = 5
10677 openat(AT_FDCWD, "/opt/hostedtoolcache/Python/3.12.14/x64/lib/libfreetype.so.6", O_RDONLY|O_CLOEXEC) = -1 ENOENT (No such file or directory)
10678 openat(AT_FDCWD, "/opt/hostedtoolcache/Python/3.12.14/x64/lib/libxcb-render.so.0", O_RDONLY|O_CLOEXEC <unfinished ...>
10677 openat(AT_FDCWD, "/lib/x86_64-linux-gnu/libfreetype.so.6", O_RDONLY|O_CLOEXEC <unfinished ...>
10678 <... openat resumed>)             = -1 ENOENT (No such file or directory)
10677 <... openat resumed>)             = 5
10678 openat(AT_FDCWD, "/lib/x86_64-linux-gnu/libxcb-render.so.0", O_RDONLY|O_CLOEXEC) = 5
10678 openat(AT_FDCWD, "/opt/hostedtoolcache/Python/3.12.14/x64/lib/libxcb-shm.so.0", O_RDONLY|O_CLOEXEC <unfinished ...>
10677 openat(AT_FDCWD, "/opt/hostedtoolcache/Python/3.12.14/x64/lib/libXrender.so.1", O_RDONLY|O_CLOEXEC <unfinished ...>
10678 <... openat resumed>)             = -1 ENOENT (No such file or directory)
10677 <... openat resumed>)             = -1 ENOENT (No such file or directory)
10678 openat(AT_FDCWD, "/lib/x86_64-linux-gnu/libxcb-shm.so.0", O_RDONLY|O_CLOEXEC <unfinished ...>
10677 openat(AT_FDCWD, "/lib/x86_64-linux-gnu/libXrender.so.1", O_RDONLY|O_CLOEXEC <unfinished ...>
10678 <... openat resumed>)             = 5
10677 <... openat resumed>)             = 5
10678 openat(AT_FDCWD, "/opt/hostedtoolcache/Python/3.12.14/x64/lib/libpixman-1.so.0", O_RDONLY|O_CLOEXEC) = -1 ENOENT (No such file or directory)
10678 openat(AT_FDCWD, "/lib/x86_64-linux-gnu/libpixman-1.so.0", O_RDONLY|O_CLOEXEC <unfinished ...>
10677 openat(AT_FDCWD, "/opt/hostedtoolcache/Python/3.12.14/x64/lib/libxcb-render.so.0", O_RDONLY|O_CLOEXEC <unfinished ...>
10678 <... openat resumed>)             = 5
10677 <... openat resumed>)             = -1 ENOENT (No such file or directory)
10677 openat(AT_FDCWD, "/lib/x86_64-linux-gnu/libxcb-render.so.0", O_RDONLY|O_CLOEXEC) = 5
10678 openat(AT_FDCWD, "/opt/hostedtoolcache/Python/3.12.14/x64/lib/libfribidi.so.0", O_RDONLY|O_CLOEXEC) = -1 ENOENT (No such file or directory)
10678 openat(AT_FDCWD, "/lib/x86_64-linux-gnu/libfribidi.so.0", O_RDONLY|O_CLOEXEC) = 5
10677 openat(AT_FDCWD, "/opt/hostedtoolcache/Python/3.12.14/x64/lib/libxcb-shm.so.0", O_RDONLY|O_CLOEXEC) = -1 ENOENT (No such file or directory)
10677 openat(AT_FDCWD, "/lib/x86_64-linux-gnu/libxcb-shm.so.0", O_RDONLY|O_CLOEXEC) = 5
10678 openat(AT_FDCWD, "/opt/hostedtoolcache/Python/3.12.14/x64/lib/libthai.so.0", O_RDONLY|O_CLOEXEC <unfinished ...>
10677 openat(AT_FDCWD, "/opt/hostedtoolcache/Python/3.12.14/x64/lib/libpixman-1.so.0", O_RDONLY|O_CLOEXEC <unfinished ...>
10678 <... openat resumed>)             = -1 ENOENT (No such file or directory)
10677 <... openat resumed>)             = -1 ENOENT (No such file or directory)
10678 openat(AT_FDCWD, "/lib/x86_64-linux-gnu/libthai.so.0", O_RDONLY|O_CLOEXEC <unfinished ...>
10677 openat(AT_FDCWD, "/lib/x86_64-linux-gnu/libpixman-1.so.0", O_RDONLY|O_CLOEXEC <unfinished ...>
10678 <... openat resumed>)             = 5
10677 <... openat resumed>)             = 5
10678 openat(AT_FDCWD, "/opt/hostedtoolcache/Python/3.12.14/x64/lib/libharfbuzz.so.0", O_RDONLY|O_CLOEXEC) = -1 ENOENT (No such file or directory)
10677 openat(AT_FDCWD, "/opt/hostedtoolcache/Python/3.12.14/x64/lib/libfribidi.so.0", O_RDONLY|O_CLOEXEC <unfinished ...>
10678 openat(AT_FDCWD, "/lib/x86_64-linux-gnu/libharfbuzz.so.0", O_RDONLY|O_CLOEXEC <unfinished ...>
10677 <... openat resumed>)             = -1 ENOENT (No such file or directory)
10678 <... openat resumed>)             = 5
10677 openat(AT_FDCWD, "/lib/x86_64-linux-gnu/libfribidi.so.0", O_RDONLY|O_CLOEXEC) = 5
10678 openat(AT_FDCWD, "/opt/hostedtoolcache/Python/3.12.14/x64/lib/libcap.so.2", O_RDONLY|O_CLOEXEC) = -1 ENOENT (No such file or directory)
10678 openat(AT_FDCWD, "/lib/x86_64-linux-gnu/libcap.so.2", O_RDONLY|O_CLOEXEC) = 5
10677 openat(AT_FDCWD, "/opt/hostedtoolcache/Python/3.12.14/x64/lib/libthai.so.0", O_RDONLY|O_CLOEXEC) = -1 ENOENT (No such file or directory)
10677 openat(AT_FDCWD, "/lib/x86_64-linux-gnu/libthai.so.0", O_RDONLY|O_CLOEXEC) = 5
10678 openat(AT_FDCWD, "/opt/hostedtoolcache/Python/3.12.14/x64/lib/libXi.so.6", O_RDONLY|O_CLOEXEC) = -1 ENOENT (No such file or directory)
10678 openat(AT_FDCWD, "/lib/x86_64-linux-gnu/libXi.so.6", O_RDONLY|O_CLOEXEC) = 5
10677 openat(AT_FDCWD, "/opt/hostedtoolcache/Python/3.12.14/x64/lib/libharfbuzz.so.0", O_RDONLY|O_CLOEXEC) = -1 ENOENT (No such file or directory)
10677 openat(AT_FDCWD, "/lib/x86_64-linux-gnu/libharfbuzz.so.0", O_RDONLY|O_CLOEXEC) = 5
10678 openat(AT_FDCWD, "/opt/hostedtoolcache/Python/3.12.14/x64/lib/libblkid.so.1", O_RDONLY|O_CLOEXEC) = -1 ENOENT (No such file or directory)
10678 openat(AT_FDCWD, "/lib/x86_64-linux-gnu/libblkid.so.1", O_RDONLY|O_CLOEXEC) = 5
10677 openat(AT_FDCWD, "/opt/hostedtoolcache/Python/3.12.14/x64/lib/libcap.so.2", O_RDONLY|O_CLOEXEC) = -1 ENOENT (No such file or directory)
10677 openat(AT_FDCWD, "/lib/x86_64-linux-gnu/libcap.so.2", O_RDONLY|O_CLOEXEC) = 5
10678 openat(AT_FDCWD, "/opt/hostedtoolcache/Python/3.12.14/x64/lib/libgcrypt.so.20", O_RDONLY|O_CLOEXEC) = -1 ENOENT (No such file or directory)
10678 openat(AT_FDCWD, "/lib/x86_64-linux-gnu/libgcrypt.so.20", O_RDONLY|O_CLOEXEC) = 5
10677 openat(AT_FDCWD, "/opt/hostedtoolcache/Python/3.12.14/x64/lib/libXi.so.6", O_RDONLY|O_CLOEXEC) = -1 ENOENT (No such file or directory)
10677 openat(AT_FDCWD, "/lib/x86_64-linux-gnu/libXi.so.6", O_RDONLY|O_CLOEXEC) = 5
10678 openat(AT_FDCWD, "/opt/hostedtoolcache/Python/3.12.14/x64/lib/liblz4.so.1", O_RDONLY|O_CLOEXEC) = -1 ENOENT (No such file or directory)
10678 openat(AT_FDCWD, "/lib/x86_64-linux-gnu/liblz4.so.1", O_RDONLY|O_CLOEXEC) = 5
10677 openat(AT_FDCWD, "/opt/hostedtoolcache/Python/3.12.14/x64/lib/libblkid.so.1", O_RDONLY|O_CLOEXEC) = -1 ENOENT (No such file or directory)
10677 openat(AT_FDCWD, "/lib/x86_64-linux-gnu/libblkid.so.1", O_RDONLY|O_CLOEXEC) = 5
10678 openat(AT_FDCWD, "/opt/hostedtoolcache/Python/3.12.14/x64/lib/liblzma.so.5", O_RDONLY|O_CLOEXEC) = -1 ENOENT (No such file or directory)
10678 openat(AT_FDCWD, "/lib/x86_64-linux-gnu/liblzma.so.5", O_RDONLY|O_CLOEXEC) = 5
10677 openat(AT_FDCWD, "/opt/hostedtoolcache/Python/3.12.14/x64/lib/libgcrypt.so.20", O_RDONLY|O_CLOEXEC) = -1 ENOENT (No such file or directory)
10677 openat(AT_FDCWD, "/lib/x86_64-linux-gnu/libgcrypt.so.20", O_RDONLY|O_CLOEXEC) = 5
10678 openat(AT_FDCWD, "/opt/hostedtoolcache/Python/3.12.14/x64/lib/libzstd.so.1", O_RDONLY|O_CLOEXEC) = -1 ENOENT (No such file or directory)
10678 openat(AT_FDCWD, "/lib/x86_64-linux-gnu/libzstd.so.1", O_RDONLY|O_CLOEXEC) = 5
10677 openat(AT_FDCWD, "/opt/hostedtoolcache/Python/3.12.14/x64/lib/liblz4.so.1", O_RDONLY|O_CLOEXEC <unfinished ...>
10678 openat(AT_FDCWD, "/opt/hostedtoolcache/Python/3.12.14/x64/lib/libkrb5.so.3", O_RDONLY|O_CLOEXEC <unfinished ...>
10677 <... openat resumed>)             = -1 ENOENT (No such file or directory)
10678 <... openat resumed>)             = -1 ENOENT (No such file or directory)
10677 openat(AT_FDCWD, "/lib/x86_64-linux-gnu/liblz4.so.1", O_RDONLY|O_CLOEXEC <unfinished ...>
10678 openat(AT_FDCWD, "/lib/x86_64-linux-gnu/libkrb5.so.3", O_RDONLY|O_CLOEXEC <unfinished ...>
10677 <... openat resumed>)             = 5
10678 <... openat resumed>)             = 5
10677 openat(AT_FDCWD, "/opt/hostedtoolcache/Python/3.12.14/x64/lib/liblzma.so.5", O_RDONLY|O_CLOEXEC) = -1 ENOENT (No such file or directory)
10678 openat(AT_FDCWD, "/opt/hostedtoolcache/Python/3.12.14/x64/lib/libk5crypto.so.3", O_RDONLY|O_CLOEXEC <unfinished ...>
10677 openat(AT_FDCWD, "/lib/x86_64-linux-gnu/liblzma.so.5", O_RDONLY|O_CLOEXEC <unfinished ...>
10678 <... openat resumed>)             = -1 ENOENT (No such file or directory)
10678 openat(AT_FDCWD, "/lib/x86_64-linux-gnu/libk5crypto.so.3", O_RDONLY|O_CLOEXEC <unfinished ...>
10677 <... openat resumed>)             = 5
10678 <... openat resumed>)             = 5
10677 openat(AT_FDCWD, "/opt/hostedtoolcache/Python/3.12.14/x64/lib/libzstd.so.1", O_RDONLY|O_CLOEXEC <unfinished ...>
10678 openat(AT_FDCWD, "/opt/hostedtoolcache/Python/3.12.14/x64/lib/libcom_err.so.2", O_RDONLY|O_CLOEXEC <unfinished ...>
10677 <... openat resumed>)             = -1 ENOENT (No such file or directory)
10678 <... openat resumed>)             = -1 ENOENT (No such file or directory)
10677 openat(AT_FDCWD, "/lib/x86_64-linux-gnu/libzstd.so.1", O_RDONLY|O_CLOEXEC <unfinished ...>
10678 openat(AT_FDCWD, "/lib/x86_64-linux-gnu/libcom_err.so.2", O_RDONLY|O_CLOEXEC <unfinished ...>
10677 <... openat resumed>)             = 5
10678 <... openat resumed>)             = 5
10678 openat(AT_FDCWD, "/opt/hostedtoolcache/Python/3.12.14/x64/lib/libkrb5support.so.0", O_RDONLY|O_CLOEXEC <unfinished ...>
10677 openat(AT_FDCWD, "/opt/hostedtoolcache/Python/3.12.14/x64/lib/libkrb5.so.3", O_RDONLY|O_CLOEXEC <unfinished ...>
10678 <... openat resumed>)             = -1 ENOENT (No such file or directory)
10677 <... openat resumed>)             = -1 ENOENT (No such file or directory)
10678 openat(AT_FDCWD, "/lib/x86_64-linux-gnu/libkrb5support.so.0", O_RDONLY|O_CLOEXEC <unfinished ...>
10677 openat(AT_FDCWD, "/lib/x86_64-linux-gnu/libkrb5.so.3", O_RDONLY|O_CLOEXEC <unfinished ...>
10678 <... openat resumed>)             = 5
10677 <... openat resumed>)             = 5
10678 openat(AT_FDCWD, "/opt/hostedtoolcache/Python/3.12.14/x64/lib/libp11-kit.so.0", O_RDONLY|O_CLOEXEC) = -1 ENOENT (No such file or directory)
10678 openat(AT_FDCWD, "/lib/x86_64-linux-gnu/libp11-kit.so.0", O_RDONLY|O_CLOEXEC) = 5
10677 openat(AT_FDCWD, "/opt/hostedtoolcache/Python/3.12.14/x64/lib/libk5crypto.so.3", O_RDONLY|O_CLOEXEC) = -1 ENOENT (No such file or directory)
10677 openat(AT_FDCWD, "/lib/x86_64-linux-gnu/libk5crypto.so.3", O_RDONLY|O_CLOEXEC) = 5
10678 openat(AT_FDCWD, "/opt/hostedtoolcache/Python/3.12.14/x64/lib/libidn2.so.0", O_RDONLY|O_CLOEXEC) = -1 ENOENT (No such file or directory)
10678 openat(AT_FDCWD, "/lib/x86_64-linux-gnu/libidn2.so.0", O_RDONLY|O_CLOEXEC) = 5
10677 openat(AT_FDCWD, "/opt/hostedtoolcache/Python/3.12.14/x64/lib/libcom_err.so.2", O_RDONLY|O_CLOEXEC) = -1 ENOENT (No such file or directory)
10677 openat(AT_FDCWD, "/lib/x86_64-linux-gnu/libcom_err.so.2", O_RDONLY|O_CLOEXEC) = 5
10678 openat(AT_FDCWD, "/opt/hostedtoolcache/Python/3.12.14/x64/lib/libunistring.so.5", O_RDONLY|O_CLOEXEC) = -1 ENOENT (No such file or directory)
10678 openat(AT_FDCWD, "/lib/x86_64-linux-gnu/libunistring.so.5", O_RDONLY|O_CLOEXEC) = 5
10677 openat(AT_FDCWD, "/opt/hostedtoolcache/Python/3.12.14/x64/lib/libkrb5support.so.0", O_RDONLY|O_CLOEXEC) = -1 ENOENT (No such file or directory)
10677 openat(AT_FDCWD, "/lib/x86_64-linux-gnu/libkrb5support.so.0", O_RDONLY|O_CLOEXEC) = 5
10678 openat(AT_FDCWD, "/opt/hostedtoolcache/Python/3.12.14/x64/lib/libtasn1.so.6", O_RDONLY|O_CLOEXEC) = -1 ENOENT (No such file or directory)
10678 openat(AT_FDCWD, "/lib/x86_64-linux-gnu/libtasn1.so.6", O_RDONLY|O_CLOEXEC) = 5
10677 openat(AT_FDCWD, "/opt/hostedtoolcache/Python/3.12.14/x64/lib/libp11-kit.so.0", O_RDONLY|O_CLOEXEC) = -1 ENOENT (No such file or directory)
10677 openat(AT_FDCWD, "/lib/x86_64-linux-gnu/libp11-kit.so.0", O_RDONLY|O_CLOEXEC) = 5
10678 openat(AT_FDCWD, "/opt/hostedtoolcache/Python/3.12.14/x64/lib/libnettle.so.8", O_RDONLY|O_CLOEXEC) = -1 ENOENT (No such file or directory)
10678 openat(AT_FDCWD, "/lib/x86_64-linux-gnu/libnettle.so.8", O_RDONLY|O_CLOEXEC) = 5
10677 openat(AT_FDCWD, "/opt/hostedtoolcache/Python/3.12.14/x64/lib/libidn2.so.0", O_RDONLY|O_CLOEXEC) = -1 ENOENT (No such file or directory)
10677 openat(AT_FDCWD, "/lib/x86_64-linux-gnu/libidn2.so.0", O_RDONLY|O_CLOEXEC) = 5
10678 openat(AT_FDCWD, "/opt/hostedtoolcache/Python/3.12.14/x64/lib/libhogweed.so.6", O_RDONLY|O_CLOEXEC) = -1 ENOENT (No such file or directory)
10678 openat(AT_FDCWD, "/lib/x86_64-linux-gnu/libhogweed.so.6", O_RDONLY|O_CLOEXEC) = 5
10677 openat(AT_FDCWD, "/opt/hostedtoolcache/Python/3.12.14/x64/lib/libunistring.so.5", O_RDONLY|O_CLOEXEC) = -1 ENOENT (No such file or directory)
10677 openat(AT_FDCWD, "/lib/x86_64-linux-gnu/libunistring.so.5", O_RDONLY|O_CLOEXEC) = 5
10678 openat(AT_FDCWD, "/opt/hostedtoolcache/Python/3.12.14/x64/lib/libgmp.so.10", O_RDONLY|O_CLOEXEC) = -1 ENOENT (No such file or directory)
10678 openat(AT_FDCWD, "/lib/x86_64-linux-gnu/libgmp.so.10", O_RDONLY|O_CLOEXEC) = 5
10677 openat(AT_FDCWD, "/opt/hostedtoolcache/Python/3.12.14/x64/lib/libtasn1.so.6", O_RDONLY|O_CLOEXEC) = -1 ENOENT (No such file or directory)
10677 openat(AT_FDCWD, "/lib/x86_64-linux-gnu/libtasn1.so.6", O_RDONLY|O_CLOEXEC) = 5
10678 openat(AT_FDCWD, "/opt/hostedtoolcache/Python/3.12.14/x64/lib/libbsd.so.0", O_RDONLY|O_CLOEXEC) = -1 ENOENT (No such file or directory)
10678 openat(AT_FDCWD, "/lib/x86_64-linux-gnu/libbsd.so.0", O_RDONLY|O_CLOEXEC) = 5
10677 openat(AT_FDCWD, "/opt/hostedtoolcache/Python/3.12.14/x64/lib/libnettle.so.8", O_RDONLY|O_CLOEXEC) = -1 ENOENT (No such file or directory)
10677 openat(AT_FDCWD, "/lib/x86_64-linux-gnu/libnettle.so.8", O_RDONLY|O_CLOEXEC) = 5
10678 openat(AT_FDCWD, "/opt/hostedtoolcache/Python/3.12.14/x64/lib/libbz2.so.1.0", O_RDONLY|O_CLOEXEC) = -1 ENOENT (No such file or directory)
10678 openat(AT_FDCWD, "/lib/x86_64-linux-gnu/libbz2.so.1.0", O_RDONLY|O_CLOEXEC) = 5
10677 openat(AT_FDCWD, "/opt/hostedtoolcache/Python/3.12.14/x64/lib/libhogweed.so.6", O_RDONLY|O_CLOEXEC) = -1 ENOENT (No such file or directory)
10677 openat(AT_FDCWD, "/lib/x86_64-linux-gnu/libhogweed.so.6", O_RDONLY|O_CLOEXEC) = 5
10678 openat(AT_FDCWD, "/opt/hostedtoolcache/Python/3.12.14/x64/lib/libbrotlidec.so.1", O_RDONLY|O_CLOEXEC) = -1 ENOENT (No such file or directory)
10678 openat(AT_FDCWD, "/lib/x86_64-linux-gnu/libbrotlidec.so.1", O_RDONLY|O_CLOEXEC) = 5
10677 openat(AT_FDCWD, "/opt/hostedtoolcache/Python/3.12.14/x64/lib/libgmp.so.10", O_RDONLY|O_CLOEXEC) = -1 ENOENT (No such file or directory)
10677 openat(AT_FDCWD, "/lib/x86_64-linux-gnu/libgmp.so.10", O_RDONLY|O_CLOEXEC) = 5
10678 openat(AT_FDCWD, "/opt/hostedtoolcache/Python/3.12.14/x64/lib/libdatrie.so.1", O_RDONLY|O_CLOEXEC) = -1 ENOENT (No such file or directory)
10678 openat(AT_FDCWD, "/lib/x86_64-linux-gnu/libdatrie.so.1", O_RDONLY|O_CLOEXEC) = 5
10677 openat(AT_FDCWD, "/opt/hostedtoolcache/Python/3.12.14/x64/lib/libbsd.so.0", O_RDONLY|O_CLOEXEC) = -1 ENOENT (No such file or directory)
10677 openat(AT_FDCWD, "/lib/x86_64-linux-gnu/libbsd.so.0", O_RDONLY|O_CLOEXEC <unfinished ...>
10678 openat(AT_FDCWD, "/opt/hostedtoolcache/Python/3.12.14/x64/lib/libgraphite2.so.3", O_RDONLY|O_CLOEXEC <unfinished ...>
10677 <... openat resumed>)             = 5
10678 <... openat resumed>)             = -1 ENOENT (No such file or directory)
10678 openat(AT_FDCWD, "/lib/x86_64-linux-gnu/libgraphite2.so.3", O_RDONLY|O_CLOEXEC) = 5
10677 openat(AT_FDCWD, "/opt/hostedtoolcache/Python/3.12.14/x64/lib/libbz2.so.1.0", O_RDONLY|O_CLOEXEC <unfinished ...>
10678 openat(AT_FDCWD, "/opt/hostedtoolcache/Python/3.12.14/x64/lib/libgpg-error.so.0", O_RDONLY|O_CLOEXEC <unfinished ...>
10677 <... openat resumed>)             = -1 ENOENT (No such file or directory)
10678 <... openat resumed>)             = -1 ENOENT (No such file or directory)
10677 openat(AT_FDCWD, "/lib/x86_64-linux-gnu/libbz2.so.1.0", O_RDONLY|O_CLOEXEC <unfinished ...>
10678 openat(AT_FDCWD, "/lib/x86_64-linux-gnu/libgpg-error.so.0", O_RDONLY|O_CLOEXEC <unfinished ...>
10677 <... openat resumed>)             = 5
10678 <... openat resumed>)             = 5
10677 openat(AT_FDCWD, "/opt/hostedtoolcache/Python/3.12.14/x64/lib/libbrotlidec.so.1", O_RDONLY|O_CLOEXEC) = -1 ENOENT (No such file or directory)
10677 openat(AT_FDCWD, "/lib/x86_64-linux-gnu/libbrotlidec.so.1", O_RDONLY|O_CLOEXEC <unfinished ...>
10678 openat(AT_FDCWD, "/opt/hostedtoolcache/Python/3.12.14/x64/lib/libkeyutils.so.1", O_RDONLY|O_CLOEXEC <unfinished ...>
10677 <... openat resumed>)             = 5
10678 <... openat resumed>)             = -1 ENOENT (No such file or directory)
10678 openat(AT_FDCWD, "/lib/x86_64-linux-gnu/libkeyutils.so.1", O_RDONLY|O_CLOEXEC) = 5
10677 openat(AT_FDCWD, "/opt/hostedtoolcache/Python/3.12.14/x64/lib/libdatrie.so.1", O_RDONLY|O_CLOEXEC) = -1 ENOENT (No such file or directory)
10677 openat(AT_FDCWD, "/lib/x86_64-linux-gnu/libdatrie.so.1", O_RDONLY|O_CLOEXEC <unfinished ...>
10678 openat(AT_FDCWD, "/opt/hostedtoolcache/Python/3.12.14/x64/lib/libresolv.so.2", O_RDONLY|O_CLOEXEC <unfinished ...>
10677 <... openat resumed>)             = 5
10678 <... openat resumed>)             = -1 ENOENT (No such file or directory)
10678 openat(AT_FDCWD, "/lib/x86_64-linux-gnu/libresolv.so.2", O_RDONLY|O_CLOEXEC) = 5
10677 openat(AT_FDCWD, "/opt/hostedtoolcache/Python/3.12.14/x64/lib/libgraphite2.so.3", O_RDONLY|O_CLOEXEC) = -1 ENOENT (No such file or directory)
10677 openat(AT_FDCWD, "/lib/x86_64-linux-gnu/libgraphite2.so.3", O_RDONLY|O_CLOEXEC) = 5
10678 openat(AT_FDCWD, "/opt/hostedtoolcache/Python/3.12.14/x64/lib/libmd.so.0", O_RDONLY|O_CLOEXEC) = -1 ENOENT (No such file or directory)
10678 openat(AT_FDCWD, "/lib/x86_64-linux-gnu/libmd.so.0", O_RDONLY|O_CLOEXEC) = 5
10677 openat(AT_FDCWD, "/opt/hostedtoolcache/Python/3.12.14/x64/lib/libgpg-error.so.0", O_RDONLY|O_CLOEXEC) = -1 ENOENT (No such file or directory)
10677 openat(AT_FDCWD, "/lib/x86_64-linux-gnu/libgpg-error.so.0", O_RDONLY|O_CLOEXEC <unfinished ...>
10678 openat(AT_FDCWD, "/opt/hostedtoolcache/Python/3.12.14/x64/lib/libbrotlicommon.so.1", O_RDONLY|O_CLOEXEC <unfinished ...>
10677 <... openat resumed>)             = 5
10678 <... openat resumed>)             = -1 ENOENT (No such file or directory)
10678 openat(AT_FDCWD, "/lib/x86_64-linux-gnu/libbrotlicommon.so.1", O_RDONLY|O_CLOEXEC) = 5
10677 openat(AT_FDCWD, "/opt/hostedtoolcache/Python/3.12.14/x64/lib/libkeyutils.so.1", O_RDONLY|O_CLOEXEC) = -1 ENOENT (No such file or directory)
10677 openat(AT_FDCWD, "/lib/x86_64-linux-gnu/libkeyutils.so.1", O_RDONLY|O_CLOEXEC) = 5
10677 openat(AT_FDCWD, "/opt/hostedtoolcache/Python/3.12.14/x64/lib/libresolv.so.2", O_RDONLY|O_CLOEXEC) = -1 ENOENT (No such file or directory)
10677 openat(AT_FDCWD, "/lib/x86_64-linux-gnu/libresolv.so.2", O_RDONLY|O_CLOEXEC) = 5
10677 openat(AT_FDCWD, "/opt/hostedtoolcache/Python/3.12.14/x64/lib/libmd.so.0", O_RDONLY|O_CLOEXEC) = -1 ENOENT (No such file or directory)
10677 openat(AT_FDCWD, "/lib/x86_64-linux-gnu/libmd.so.0", O_RDONLY|O_CLOEXEC) = 5
10677 openat(AT_FDCWD, "/opt/hostedtoolcache/Python/3.12.14/x64/lib/libbrotlicommon.so.1", O_RDONLY|O_CLOEXEC) = -1 ENOENT (No such file or directory)
10677 openat(AT_FDCWD, "/lib/x86_64-linux-gnu/libbrotlicommon.so.1", O_RDONLY|O_CLOEXEC) = 5
10677 openat(AT_FDCWD, "/etc/gnutls/config", O_RDONLY|O_CLOEXEC <unfinished ...>
10678 openat(AT_FDCWD, "/etc/gnutls/config", O_RDONLY|O_CLOEXEC <unfinished ...>
10677 <... openat resumed>)             = 5
10678 <... openat resumed>)             = 5
10678 openat(AT_FDCWD, "/proc/filesystems", O_RDONLY|O_CLOEXEC <unfinished ...>
10677 openat(AT_FDCWD, "/proc/filesystems", O_RDONLY|O_CLOEXEC <unfinished ...>
10678 <... openat resumed>)             = 5
10677 <... openat resumed>)             = 5
10678 openat(AT_FDCWD, "/proc/self/stat", O_RDONLY|O_CLOEXEC <unfinished ...>
10677 openat(AT_FDCWD, "/proc/self/stat", O_RDONLY|O_CLOEXEC <unfinished ...>
10678 <... openat resumed>)             = 5
10677 <... openat resumed>)             = 5
10678 openat(AT_FDCWD, "/proc/stat", O_RDONLY|O_CLOEXEC <unfinished ...>
10677 openat(AT_FDCWD, "/proc/stat", O_RDONLY|O_CLOEXEC <unfinished ...>
10678 <... openat resumed>)             = 5
10677 <... openat resumed>)             = 5
10678 openat(AT_FDCWD, "/proc/self/cmdline", O_RDONLY|O_CLOEXEC <unfinished ...>
10677 openat(AT_FDCWD, "/proc/self/cmdline", O_RDONLY|O_CLOEXEC <unfinished ...>
10678 <... openat resumed>)             = 5
10677 <... openat resumed>)             = 5
10678 openat(AT_FDCWD, "/usr/lib/locale/locale-archive", O_RDONLY|O_CLOEXEC) = 5
10677 openat(AT_FDCWD, "/usr/lib/locale/locale-archive", O_RDONLY|O_CLOEXEC) = 5
10678 openat(AT_FDCWD, "/usr/share/locale/locale.alias", O_RDONLY|O_CLOEXEC) = 5
10677 openat(AT_FDCWD, "/usr/share/locale/locale.alias", O_RDONLY|O_CLOEXEC) = 5
10678 openat(AT_FDCWD, "/usr/lib/locale/C.UTF-8/LC_IDENTIFICATION", O_RDONLY|O_CLOEXEC) = -1 ENOENT (No such file or directory)
10678 openat(AT_FDCWD, "/usr/lib/locale/C.utf8/LC_IDENTIFICATION", O_RDONLY|O_CLOEXEC) = 5
10677 openat(AT_FDCWD, "/usr/lib/locale/C.UTF-8/LC_IDENTIFICATION", O_RDONLY|O_CLOEXEC) = -1 ENOENT (No such file or directory)
10677 openat(AT_FDCWD, "/usr/lib/locale/C.utf8/LC_IDENTIFICATION", O_RDONLY|O_CLOEXEC) = 5
10678 openat(AT_FDCWD, "/usr/lib/x86_64-linux-gnu/gconv/gconv-modules.cache", O_RDONLY|O_CLOEXEC) = 5
10677 openat(AT_FDCWD, "/usr/lib/x86_64-linux-gnu/gconv/gconv-modules.cache", O_RDONLY|O_CLOEXEC) = 5
10678 openat(AT_FDCWD, "/usr/lib/locale/C.UTF-8/LC_MEASUREMENT", O_RDONLY|O_CLOEXEC) = -1 ENOENT (No such file or directory)
10678 openat(AT_FDCWD, "/usr/lib/locale/C.utf8/LC_MEASUREMENT", O_RDONLY|O_CLOEXEC) = 5
10677 openat(AT_FDCWD, "/usr/lib/locale/C.UTF-8/LC_MEASUREMENT", O_RDONLY|O_CLOEXEC) = -1 ENOENT (No such file or directory)
10678 openat(AT_FDCWD, "/usr/lib/locale/C.UTF-8/LC_TELEPHONE", O_RDONLY|O_CLOEXEC <unfinished ...>
10677 openat(AT_FDCWD, "/usr/lib/locale/C.utf8/LC_MEASUREMENT", O_RDONLY|O_CLOEXEC <unfinished ...>
10678 <... openat resumed>)             = -1 ENOENT (No such file or directory)
10677 <... openat resumed>)             = 5
10678 openat(AT_FDCWD, "/usr/lib/locale/C.utf8/LC_TELEPHONE", O_RDONLY|O_CLOEXEC) = 5
10677 openat(AT_FDCWD, "/usr/lib/locale/C.UTF-8/LC_TELEPHONE", O_RDONLY|O_CLOEXEC <unfinished ...>
10678 openat(AT_FDCWD, "/usr/lib/locale/C.UTF-8/LC_ADDRESS", O_RDONLY|O_CLOEXEC <unfinished ...>
10677 <... openat resumed>)             = -1 ENOENT (No such file or directory)
10678 <... openat resumed>)             = -1 ENOENT (No such file or directory)
10677 openat(AT_FDCWD, "/usr/lib/locale/C.utf8/LC_TELEPHONE", O_RDONLY|O_CLOEXEC <unfinished ...>
10678 openat(AT_FDCWD, "/usr/lib/locale/C.utf8/LC_ADDRESS", O_RDONLY|O_CLOEXEC <unfinished ...>
10677 <... openat resumed>)             = 5
10678 <... openat resumed>)             = 5
10677 openat(AT_FDCWD, "/usr/lib/locale/C.UTF-8/LC_ADDRESS", O_RDONLY|O_CLOEXEC <unfinished ...>
10678 openat(AT_FDCWD, "/usr/lib/locale/C.UTF-8/LC_NAME", O_RDONLY|O_CLOEXEC <unfinished ...>
10677 <... openat resumed>)             = -1 ENOENT (No such file or directory)
10678 <... openat resumed>)             = -1 ENOENT (No such file or directory)
10677 openat(AT_FDCWD, "/usr/lib/locale/C.utf8/LC_ADDRESS", O_RDONLY|O_CLOEXEC <unfinished ...>
10678 openat(AT_FDCWD, "/usr/lib/locale/C.utf8/LC_NAME", O_RDONLY|O_CLOEXEC <unfinished ...>
10677 <... openat resumed>)             = 5
10678 <... openat resumed>)             = 5
10677 openat(AT_FDCWD, "/usr/lib/locale/C.UTF-8/LC_NAME", O_RDONLY|O_CLOEXEC <unfinished ...>
10678 openat(AT_FDCWD, "/usr/lib/locale/C.UTF-8/LC_PAPER", O_RDONLY|O_CLOEXEC <unfinished ...>
10677 <... openat resumed>)             = -1 ENOENT (No such file or directory)
10678 <... openat resumed>)             = -1 ENOENT (No such file or directory)
10677 openat(AT_FDCWD, "/usr/lib/locale/C.utf8/LC_NAME", O_RDONLY|O_CLOEXEC <unfinished ...>
10678 openat(AT_FDCWD, "/usr/lib/locale/C.utf8/LC_PAPER", O_RDONLY|O_CLOEXEC <unfinished ...>
10677 <... openat resumed>)             = 5
10678 <... openat resumed>)             = 5
10677 openat(AT_FDCWD, "/usr/lib/locale/C.UTF-8/LC_PAPER", O_RDONLY|O_CLOEXEC <unfinished ...>
10678 openat(AT_FDCWD, "/usr/lib/locale/C.UTF-8/LC_MESSAGES", O_RDONLY|O_CLOEXEC <unfinished ...>
10677 <... openat resumed>)             = -1 ENOENT (No such file or directory)
10678 <... openat resumed>)             = -1 ENOENT (No such file or directory)
10677 openat(AT_FDCWD, "/usr/lib/locale/C.utf8/LC_PAPER", O_RDONLY|O_CLOEXEC <unfinished ...>
10678 openat(AT_FDCWD, "/usr/lib/locale/C.utf8/LC_MESSAGES", O_RDONLY|O_CLOEXEC <unfinished ...>
10677 <... openat resumed>)             = 5
10678 <... openat resumed>)             = 5
10678 openat(AT_FDCWD, "/usr/lib/locale/C.utf8/LC_MESSAGES/SYS_LC_MESSAGES", O_RDONLY|O_CLOEXEC) = 5
10677 openat(AT_FDCWD, "/usr/lib/locale/C.UTF-8/LC_MESSAGES", O_RDONLY|O_CLOEXEC) = -1 ENOENT (No such file or directory)
10677 openat(AT_FDCWD, "/usr/lib/locale/C.utf8/LC_MESSAGES", O_RDONLY|O_CLOEXEC) = 5
10678 openat(AT_FDCWD, "/usr/lib/locale/C.UTF-8/LC_MONETARY", O_RDONLY|O_CLOEXEC) = -1 ENOENT (No such file or directory)
10678 openat(AT_FDCWD, "/usr/lib/locale/C.utf8/LC_MONETARY", O_RDONLY|O_CLOEXEC) = 5
10677 openat(AT_FDCWD, "/usr/lib/locale/C.utf8/LC_MESSAGES/SYS_LC_MESSAGES", O_RDONLY|O_CLOEXEC) = 5
10678 openat(AT_FDCWD, "/usr/lib/locale/C.UTF-8/LC_COLLATE", O_RDONLY|O_CLOEXEC) = -1 ENOENT (No such file or directory)
10678 openat(AT_FDCWD, "/usr/lib/locale/C.utf8/LC_COLLATE", O_RDONLY|O_CLOEXEC <unfinished ...>
10677 openat(AT_FDCWD, "/usr/lib/locale/C.UTF-8/LC_MONETARY", O_RDONLY|O_CLOEXEC <unfinished ...>
10678 <... openat resumed>)             = 5
10677 <... openat resumed>)             = -1 ENOENT (No such file or directory)
10677 openat(AT_FDCWD, "/usr/lib/locale/C.utf8/LC_MONETARY", O_RDONLY|O_CLOEXEC) = 5
10678 openat(AT_FDCWD, "/usr/lib/locale/C.UTF-8/LC_TIME", O_RDONLY|O_CLOEXEC) = -1 ENOENT (No such file or directory)
10678 openat(AT_FDCWD, "/usr/lib/locale/C.utf8/LC_TIME", O_RDONLY|O_CLOEXEC) = 5
10677 openat(AT_FDCWD, "/usr/lib/locale/C.UTF-8/LC_COLLATE", O_RDONLY|O_CLOEXEC) = -1 ENOENT (No such file or directory)
10677 openat(AT_FDCWD, "/usr/lib/locale/C.utf8/LC_COLLATE", O_RDONLY|O_CLOEXEC) = 5
10678 openat(AT_FDCWD, "/usr/lib/locale/C.UTF-8/LC_NUMERIC", O_RDONLY|O_CLOEXEC) = -1 ENOENT (No such file or directory)
10678 openat(AT_FDCWD, "/usr/lib/locale/C.utf8/LC_NUMERIC", O_RDONLY|O_CLOEXEC) = 5
10677 openat(AT_FDCWD, "/usr/lib/locale/C.UTF-8/LC_TIME", O_RDONLY|O_CLOEXEC) = -1 ENOENT (No such file or directory)
10677 openat(AT_FDCWD, "/usr/lib/locale/C.utf8/LC_TIME", O_RDONLY|O_CLOEXEC) = 5
10678 openat(AT_FDCWD, "/usr/lib/locale/C.UTF-8/LC_CTYPE", O_RDONLY|O_CLOEXEC) = -1 ENOENT (No such file or directory)
10678 openat(AT_FDCWD, "/usr/lib/locale/C.utf8/LC_CTYPE", O_RDONLY|O_CLOEXEC) = 5
10677 openat(AT_FDCWD, "/usr/lib/locale/C.UTF-8/LC_NUMERIC", O_RDONLY|O_CLOEXEC) = -1 ENOENT (No such file or directory)
10677 openat(AT_FDCWD, "/usr/lib/locale/C.utf8/LC_NUMERIC", O_RDONLY|O_CLOEXEC) = 5
10677 openat(AT_FDCWD, "/usr/lib/locale/C.UTF-8/LC_CTYPE", O_RDONLY|O_CLOEXEC) = -1 ENOENT (No such file or directory)
10677 openat(AT_FDCWD, "/usr/lib/locale/C.utf8/LC_CTYPE", O_RDONLY|O_CLOEXEC) = 5
10678 openat(AT_FDCWD, "/proc/self/status", O_RDONLY) = 5
10678 openat(AT_FDCWD, "/opt/google/chrome/icudtl.dat", O_RDONLY) = 5
10678 openat(AT_FDCWD, "/etc/localtime", O_RDONLY|O_CLOEXEC) = 6
10677 openat(AT_FDCWD, "/proc/self/status", O_RDONLY) = 5
10677 openat(AT_FDCWD, "/opt/google/chrome/icudtl.dat", O_RDONLY) = 5
10677 openat(AT_FDCWD, "/etc/localtime", O_RDONLY|O_CLOEXEC) = 6
10678 openat(AT_FDCWD, "/opt/google/chrome/v8_context_snapshot.bin", O_RDONLY) = 6
10678 openat(AT_FDCWD, "/opt/google/chrome/chrome_100_percent.pak", O_RDONLY <unfinished ...>
10677 openat(AT_FDCWD, "/opt/google/chrome/v8_context_snapshot.bin", O_RDONLY <unfinished ...>
10678 <... openat resumed>)             = 7
10677 <... openat resumed>)             = 6
10678 openat(AT_FDCWD, "/opt/google/chrome/chrome_200_percent.pak", O_RDONLY) = 8
10678 openat(AT_FDCWD, "/usr/share/locale/locale.alias", O_RDONLY|O_CLOEXEC) = 9
10677 openat(AT_FDCWD, "/opt/google/chrome/chrome_100_percent.pak", O_RDONLY) = 7
10677 openat(AT_FDCWD, "/opt/google/chrome/chrome_200_percent.pak", O_RDONLY) = 8
10678 openat(AT_FDCWD, "/opt/google/chrome/locales/en-US.pak", O_RDONLY <unfinished ...>
10677 openat(AT_FDCWD, "/usr/share/locale/locale.alias", O_RDONLY|O_CLOEXEC <unfinished ...>
10678 <... openat resumed>)             = 9
10677 <... openat resumed>)             = 9
10678 openat(AT_FDCWD, "/opt/google/chrome/resources.pak", O_RDONLY) = 10
10677 openat(AT_FDCWD, "/opt/google/chrome/locales/en-US.pak", O_RDONLY) = 9
10677 openat(AT_FDCWD, "/opt/google/chrome/resources.pak", O_RDONLY) = 10
10678 openat(AT_FDCWD, "/dev/urandom", O_RDONLY|O_CLOEXEC) = 11
10678 openat(AT_FDCWD, "/sys/devices/system/cpu/possible", O_RDONLY|O_CLOEXEC) = 12
10678 openat(AT_FDCWD, "/sys/devices/system/cpu/cpu0/cpufreq/cpuinfo_max_freq", O_RDONLY|O_NOCTTY|O_NONBLOCK|O_CLOEXEC) = -1 ENOENT (No such file or directory)
10677 openat(AT_FDCWD, "/dev/urandom", O_RDONLY|O_CLOEXEC) = 11
10677 openat(AT_FDCWD, "/sys/devices/system/cpu/possible", O_RDONLY|O_CLOEXEC <unfinished ...>
10678 openat(AT_FDCWD, "/proc/sys/fs/inotify/max_user_watches", O_RDONLY <unfinished ...>
10677 <... openat resumed>)             = 12
10678 <... openat resumed>)             = 12
10677 openat(AT_FDCWD, "/sys/devices/system/cpu/cpu0/cpufreq/cpuinfo_max_freq", O_RDONLY|O_NOCTTY|O_NONBLOCK|O_CLOEXEC) = -1 ENOENT (No such file or directory)
10678 openat(AT_FDCWD, "/opt/google/chrome/WidevineCdm/manifest.json", O_RDONLY|O_CLOEXEC) = 12
10677 openat(AT_FDCWD, "/proc/sys/fs/inotify/max_user_watches", O_RDONLY) = 12
10678 openat(AT_FDCWD, "/opt/google/chrome/WidevineCdm/_platform_specific/linux_x64/libwidevinecdm.so", O_RDONLY|O_CLOEXEC) = 12
10677 openat(AT_FDCWD, "/opt/google/chrome/WidevineCdm/manifest.json", O_RDONLY|O_CLOEXEC) = 12
10677 openat(AT_FDCWD, "/opt/google/chrome/WidevineCdm/_platform_specific/linux_x64/libwidevinecdm.so", O_RDONLY|O_CLOEXEC) = 12
10678 openat(0, "/proc/self/maps", O_RDONLY) = 12
10677 openat(0, "/proc/self/maps", O_RDONLY) = 12
10678 openat(0, "/proc/self/maps", O_RDONLY) = 12
10677 openat(0, "/proc/self/maps", O_RDONLY) = 12
10678 openat(AT_FDCWD, "/dev/urandom", O_RDONLY|O_CLOEXEC) = 12
10678 openat(AT_FDCWD, "/sys/devices/system/cpu/online", O_RDONLY|O_CLOEXEC) = 13
10678 openat(AT_FDCWD, "/sys/devices/system/cpu/kernel_max", O_RDONLY) = 13
10678 openat(AT_FDCWD, "/sys/devices/system/cpu/possible", O_RDONLY) = 13
10677 openat(AT_FDCWD, "/dev/urandom", O_RDONLY|O_CLOEXEC) = 12
10678 openat(AT_FDCWD, "/sys/devices/system/cpu/present", O_RDONLY) = 13
10677 openat(AT_FDCWD, "/sys/devices/system/cpu/online", O_RDONLY|O_CLOEXEC) = 13
10678 openat(AT_FDCWD, "/sys/devices/system/cpu/possible", O_RDONLY) = 13
10677 openat(AT_FDCWD, "/sys/devices/system/cpu/kernel_max", O_RDONLY) = 13
10678 openat(AT_FDCWD, "/sys/devices/system/cpu/present", O_RDONLY) = 13
10677 openat(AT_FDCWD, "/sys/devices/system/cpu/possible", O_RDONLY) = 13
10678 openat(AT_FDCWD, "/proc/cpuinfo", O_RDONLY) = 13
10677 openat(AT_FDCWD, "/sys/devices/system/cpu/present", O_RDONLY) = 13
10677 openat(AT_FDCWD, "/sys/devices/system/cpu/possible", O_RDONLY) = 13
10677 openat(AT_FDCWD, "/sys/devices/system/cpu/present", O_RDONLY) = 13
10677 openat(AT_FDCWD, "/proc/cpuinfo", O_RDONLY) = 13
10678 openat(AT_FDCWD, "/proc/", O_RDONLY|O_CLOEXEC|O_DIRECTORY) = 13
10678 recvmsg(3, {msg_name=NULL, msg_namelen=0, msg_iov=[{iov_base="\4\0\0\0\3\0\0\0", iov_len=65536}], msg_iovlen=1, msg_controllen=0, msg_flags=0}, 0) = 8
10677 openat(AT_FDCWD, "/proc/", O_RDONLY|O_CLOEXEC|O_DIRECTORY) = 13
10677 recvmsg(3, {msg_name=NULL, msg_namelen=0, msg_iov=[{iov_base="\4\0\0\0\3\0\0\0", iov_len=65536}], msg_iovlen=1, msg_controllen=0, msg_flags=0}, 0) = 8
10662 socket(AF_UNIX, SOCK_STREAM, 0)   = 16
10662 socket(AF_UNIX, SOCK_STREAM, 0)   = 16
10662 bind(16, {sa_family=AF_UNIX, sun_path="/tmp/com.google.Chrome.0FcP42/SingletonSocket"}, 110) = 0
10662 listen(16, 5)                     = 0
10662 openat(AT_FDCWD, "/tmp/playwright_chromiumdev_profile-92XQZ9/Consent To Send Stats", O_RDONLY|O_CLOEXEC) = -1 ENOENT (No such file or directory)
10662 openat(AT_FDCWD, "/proc/self/stat", O_RDONLY|O_CLOEXEC) = 17
10662 openat(AT_FDCWD, "/proc/stat", O_RDONLY|O_CLOEXEC) = 17
10662 openat(AT_FDCWD, "/tmp/playwright_chromiumdev_profile-92XQZ9/Local State", O_RDONLY|O_CLOEXEC) = -1 ENOENT (No such file or directory)
10662 openat(AT_FDCWD, "/etc/opt/chrome/policies/managed", O_RDONLY|O_NONBLOCK|O_CLOEXEC|O_DIRECTORY) = -1 ENOENT (No such file or directory)
10662 openat(AT_FDCWD, "/etc/opt/chrome/policies/recommended", O_RDONLY|O_NONBLOCK|O_CLOEXEC|O_DIRECTORY) = -1 ENOENT (No such file or directory)
10662 openat(AT_FDCWD, "/etc/machine-id", O_RDONLY|O_CLOEXEC) = 17
10662 openat(AT_FDCWD, "/etc/opt/chrome/policies/enrollment/CloudManagementEnrollmentToken", O_RDONLY|O_CLOEXEC) = -1 ENOENT (No such file or directory)
10662 openat(AT_FDCWD, "/tmp/playwright_chromiumdev_profile-92XQZ9/Policy/Enrollment/shKwHX9rpLIWVpMXpso8B6nFo40", O_RDONLY|O_CLOEXEC) = -1 ENOENT (No such file or directory)
10662 openat(AT_FDCWD, "/etc/opt/chrome/policies/enrollment/CloudManagementEnrollmentOptions", O_RDONLY|O_CLOEXEC) = -1 ENOENT (No such file or directory)
10662 openat(AT_FDCWD, "/tmp/playwright_chromiumdev_profile-92XQZ9/Variations", O_RDONLY|O_CLOEXEC) = -1 ENOENT (No such file or directory)
10662 openat(AT_FDCWD, "/tmp/playwright_chromiumdev_profile-92XQZ9/VariationsSafeSeedV2", O_RDONLY|O_CLOEXEC) = -1 ENOENT (No such file or directory)
10662 openat(AT_FDCWD, "/tmp/playwright_chromiumdev_profile-92XQZ9/VariationsSafeSeedV1", O_RDONLY|O_CLOEXEC) = -1 ENOENT (No such file or directory)
10662 openat(AT_FDCWD, "/tmp/playwright_chromiumdev_profile-92XQZ9/VariationsSeedV2", O_RDONLY|O_CLOEXEC) = -1 ENOENT (No such file or directory)
10662 openat(AT_FDCWD, "/tmp/playwright_chromiumdev_profile-92XQZ9/VariationsSeedV1", O_RDONLY|O_CLOEXEC) = -1 ENOENT (No such file or directory)
10662 openat(AT_FDCWD, "/usr/share/locale/locale.alias", O_RDONLY|O_CLOEXEC) = 17
10662 openat(AT_FDCWD, "/opt/google/chrome/chrome_100_percent.pak", O_RDONLY) = 17
10662 openat(AT_FDCWD, "/opt/google/chrome/chrome_200_percent.pak", O_RDONLY) = 18
10662 openat(AT_FDCWD, "/opt/google/chrome/locales/en-US.pak", O_RDONLY) = 19
10662 openat(AT_FDCWD, "/opt/google/chrome/resources.pak", O_RDONLY) = 20
10662 openat(AT_FDCWD, "/sys/devices/system/cpu/possible", O_RDONLY|O_CLOEXEC) = 21
10662 openat(AT_FDCWD, "/sys/devices/system/cpu/cpu0/cpufreq/cpuinfo_max_freq", O_RDONLY|O_NOCTTY|O_NONBLOCK|O_CLOEXEC) = -1 ENOENT (No such file or directory)
10662 openat(AT_FDCWD, "/proc/self/stat", O_RDONLY|O_CLOEXEC) = 21
10684 socket(AF_UNIX, SOCK_STREAM|SOCK_CLOEXEC, 0) = 25
10684 connect(25, {sa_family=AF_UNIX, sun_path="/run/dbus/system_bus_socket"}, 29) = 0
10684 getsockname(25,  <unfinished ...>
10683 openat(AT_FDCWD, "/tmp/playwright_chromiumdev_profile-92XQZ9/.com.google.Chrome.VariationsSafeSeedV2.52PYN5", O_RDWR|O_CREAT|O_EXCL, 0600 <unfinished ...>
10684 <... getsockname resumed>{sa_family=AF_UNIX}, [128 => 2]) = 0
10682 openat(AT_FDCWD, "/tmp/playwright_chromiumdev_profile-92XQZ9/.com.google.Chrome.VariationsSeedV2.JZm26T", O_RDWR|O_CREAT|O_EXCL, 0600 <unfinished ...>
10683 <... openat resumed>)             = 26
10682 <... openat resumed>)             = 27
10684 sendto(25, "\0", 1, MSG_NOSIGNAL, NULL, 0) = 1
10684 sendto(25, "AUTH EXTERNAL 31303031\r\n", 24, MSG_NOSIGNAL, NULL, 0) = 24
10684 sendto(25, "NEGOTIATE_UNIX_FD\r\n", 19, MSG_NOSIGNAL, NULL, 0) = 19
10684 sendto(25, "BEGIN\r\n", 7, MSG_NOSIGNAL, NULL, 0) = 7
10684 sendmsg(25, {msg_name=NULL, msg_namelen=0, msg_iov=[{iov_base="l\1\0\1\0\0\0\0\1\0\0\0n\0\0\0\1\1o\0\25\0\0\0/org/freedesktop/DBus\0\0\0\6\1s\0\24\0\0\0org.freedesktop.DBus\0\0\0\0\2\1s\0\24\0\0\0org.freedesktop.DBus\0\0\0\0\3\1s\0\5\0\0\0Hello\0\0\0", iov_len=128}, {iov_base="", iov_len=0}], msg_iovlen=2, msg_controllen=0, msg_flags=0}, MSG_NOSIGNAL) = 128
10684 recvmsg(25, {msg_name=NULL, msg_namelen=0, msg_iov=[{iov_base="l\2\1\1\n\0\0\0\1\0\0\0=\0\0\0\6\1s\0\5\0\0\0:1.55\0\0\0\5\1u\0\1\0\0\0\10\1g\0\1s\0\0\7\1s\0\24\0\0\0org.freedesktop.DBus\0\0\0\0\5\0\0\0:1.55\0l\4\1\1\n\0\0\0\2\0\0\0\215\0\0\0\1\1o\0\25\0\0\0/org/freedesktop/DBus\0\0\0\2\1s\0\24\0\0\0org.freedesktop.DBus\0\0\0\0\3\1s\0\f\0\0\0NameAcquired\0\0\0\0\6\1s\0\5\0\0\0:1.55\0\0\0\10\1g\0\1s\0\0\7\1s\0\24\0\0\0org.freedesktop.DBus\0\0\0\0\5\0\0\0:1"..., iov_len=2048}], msg_iovlen=1, msg_controllen=0, msg_flags=MSG_CMSG_CLOEXEC}, MSG_CMSG_CLOEXEC) = 260
10684 recvmsg(25, {msg_namelen=0}, MSG_CMSG_CLOEXEC) = -1 EAGAIN (Resource temporarily unavailable)
10684 sendmsg(25, {msg_name=NULL, msg_namelen=0, msg_iov=[{iov_base="l\1\0\1t\0\0\0\2\0\0\0\177\0\0\0\1\1o\0\25\0\0\0/org/freedesktop/DBus\0\0\0\6\1s\0\24\0\0\0org.freedesktop.DBus\0\0\0\0\2\1s\0\24\0\0\0org.freedesktop.DBus\0\0\0\0\3\1s\0\10\0\0\0AddMatch\0\0\0\0\0\0\0\0\10\1g\0\1s\0\0", iov_len=144}, {iov_base="o\0\0\0type='signal', path='/org/freedesktop/DBus/Local',interface='org.freedesktop.DBus.Local', member='Disconnected'\0", iov_len=116}], msg_iovlen=2, msg_controllen=0, msg_flags=0}, MSG_NOSIGNAL) = 260
10685 openat(AT_FDCWD, "/proc/sys/fs/inotify/max_user_watches", O_RDONLY) = 27
10684 recvmsg(25, {msg_name=NULL, msg_namelen=0, msg_iov=[{iov_base="l\2\1\1\0\0\0\0\3\0\0\0005\0\0\0\6\1s\0\5\0\0\0:1.55\0\0\0\5\1u\0\2\0\0\0\7\1s\0\24\0\0\0org.freedesktop.DBus\0\0\0\0", iov_len=2048}], msg_iovlen=1, msg_controllen=0, msg_flags=MSG_CMSG_CLOEXEC}, MSG_CMSG_CLOEXEC) = 72
10684 recvmsg(25, {msg_namelen=0}, MSG_CMSG_CLOEXEC) = -1 EAGAIN (Resource temporarily unavailable)
10684 sendmsg(25, {msg_name=NULL, msg_namelen=0, msg_iov=[{iov_base="l\1\0\1\246\0\0\0\3\0\0\0\177\0\0\0\1\1o\0\25\0\0\0/org/freedesktop/DBus\0\0\0\6\1s\0\24\0\0\0org.freedesktop.DBus\0\0\0\0\2\1s\0\24\0\0\0org.freedesktop.DBus\0\0\0\0\3\1s\0\10\0\0\0AddMatch\0\0\0\0\0\0\0\0\10\1g\0\1s\0\0", iov_len=144}, {iov_base="\241\0\0\0type='signal',interface='org.freedesktop.DBus',member='NameOwnerChanged',path='/org/freedesktop/DBus',sender='org.freedesktop.DBus',arg0='org.freedesktop.login1'\0", iov_len=166}], msg_iovlen=2, msg_controllen=0, msg_flags=0}, MSG_NOSIGNAL) = 310
10684 recvmsg(25, {msg_name=NULL, msg_namelen=0, msg_iov=[{iov_base="l\2\1\1\0\0\0\0\4\0\0\0005\0\0\0\6\1s\0\5\0\0\0:1.55\0\0\0\5\1u\0\3\0\0\0\7\1s\0\24\0\0\0org.freedesktop.DBus\0\0\0\0", iov_len=2048}], msg_iovlen=1, msg_controllen=0, msg_flags=MSG_CMSG_CLOEXEC}, MSG_CMSG_CLOEXEC) = 72
10684 recvmsg(25, {msg_namelen=0}, MSG_CMSG_CLOEXEC) = -1 EAGAIN (Resource temporarily unavailable)
10684 sendmsg(25, {msg_name=NULL, msg_namelen=0, msg_iov=[{iov_base="l\1\0\1\33\0\0\0\4\0\0\0~\0\0\0\2\1s\0\24\0\0\0org.freedesktop.DBus\0\0\0\0\3\1s\0\f\0\0\0GetNameOwner\0\0\0\0\10\1g\0\1s\0\0\6\1s\0\24\0\0\0org.freedesktop.DBus\0\0\0\0\1\1o\0\25\0\0\0/org/freedesktop/DBus\0\0\0", iov_len=144}, {iov_base="\26\0\0\0org.freedesktop.login1\0", iov_len=27}], msg_iovlen=2, msg_controllen=0, msg_flags=0}, MSG_NOSIGNAL) = 171
10684 recvmsg(25, {msg_name=NULL, msg_namelen=0, msg_iov=[{iov_base="l\2\1\1\t\0\0\0\5\0\0\0=\0\0\0\6\1s\0\5\0\0\0:1.55\0\0\0\5\1u\0\4\0\0\0\10\1g\0\1s\0\0\7\1s\0\24\0\0\0org.freedesktop.DBus\0\0\0\0\4\0\0\0:1.3\0", iov_len=2048}], msg_iovlen=1, msg_controllen=0, msg_flags=MSG_CMSG_CLOEXEC}, MSG_CMSG_CLOEXEC) = 89
10684 recvmsg(25, {msg_namelen=0}, MSG_CMSG_CLOEXEC) = -1 EAGAIN (Resource temporarily unavailable)
10684 sendmsg(25, {msg_name=NULL, msg_namelen=0, msg_iov=[{iov_base="l\1\0\1\177\0\0\0\5\0\0\0\177\0\0\0\1\1o\0\25\0\0\0/org/freedesktop/DBus\0\0\0\6\1s\0\24\0\0\0org.freedesktop.DBus\0\0\0\0\2\1s\0\24\0\0\0org.freedesktop.DBus\0\0\0\0\3\1s\0\10\0\0\0AddMatch\0\0\0\0\0\0\0\0\10\1g\0\1s\0\0", iov_len=144}, {iov_base="z\0\0\0type='signal', sender='org.freedesktop.login1', interface='org.freedesktop.login1.Manager', path='/org/freedesktop/login1'\0", iov_len=127}], msg_iovlen=2, msg_controllen=0, msg_flags=0}, MSG_NOSIGNAL) = 271
10684 recvmsg(25, {msg_name=NULL, msg_namelen=0, msg_iov=[{iov_base="l\2\1\1\0\0\0\0\6\0\0\0005\0\0\0\6\1s\0\5\0\0\0:1.55\0\0\0\5\1u\0\5\0\0\0\7\1s\0\24\0\0\0org.freedesktop.DBus\0\0\0\0", iov_len=2048}], msg_iovlen=1, msg_controllen=0, msg_flags=MSG_CMSG_CLOEXEC}, MSG_CMSG_CLOEXEC) = 72
10684 recvmsg(25, {msg_namelen=0}, MSG_CMSG_CLOEXEC) = -1 EAGAIN (Resource temporarily unavailable)
10684 recvmsg(25,  <unfinished ...>
10662 openat(AT_FDCWD, "/proc/self/cmdline", O_RDONLY|O_CLOEXEC <unfinished ...>
10684 <... recvmsg resumed>{msg_namelen=0}, MSG_CMSG_CLOEXEC) = -1 EAGAIN (Resource temporarily unavailable)
10662 <... openat resumed>)             = 29
10662 openat(AT_FDCWD, "/tmp/.com.google.Chrome.ntM1VD", O_RDWR|O_CREAT|O_EXCL, 0600) = 29
10662 openat(AT_FDCWD, "/tmp/.com.google.Chrome.ntM1VD", O_RDONLY) = 30
10662 openat(AT_FDCWD, "/proc/10662/stat", O_RDONLY|O_CLOEXEC) = 29
10662 openat(AT_FDCWD, "/proc/10662/status", O_RDONLY|O_CLOEXEC) = 29
10662 openat(AT_FDCWD, "/opt/google/chrome/WidevineCdm/manifest.json", O_RDONLY|O_CLOEXEC) = 32
10684 sendmsg(25, {msg_name=NULL, msg_namelen=0, msg_iov=[{iov_base="l\1\0\1\256\0\0\0\6\0\0\0\177\0\0\0\1\1o\0\25\0\0\0/org/freedesktop/DBus\0\0\0\6\1s\0\24\0\0\0org.freedesktop.DBus\0\0\0\0\2\1s\0\24\0\0\0org.freedesktop.DBus\0\0\0\0\3\1s\0\10\0\0\0AddMatch\0\0\0\0\0\0\0\0\10\1g\0\1s\0\0", iov_len=144}, {iov_base="\251\0\0\0type='signal',interface='org.freedesktop.DBus',member='NameOwnerChanged',path='/org/freedesktop/DBus',sender='org.freedesktop.DBus',arg0='org.chromium.bluetooth.Manager'\0", iov_len=174}], msg_iovlen=2, msg_controllen=0, msg_flags=0}, MSG_NOSIGNAL) = 318
10682 openat(AT_FDCWD, "/etc/fonts/fonts.conf", O_RDONLY|O_CLOEXEC <unfinished ...>
10684 recvmsg(25, {msg_name=NULL, msg_namelen=0, msg_iov=[{iov_base="l\2\1\1\0\0\0\0\7\0\0\0005\0\0\0\6\1s\0\5\0\0\0:1.55\0\0\0\5\1u\0\6\0\0\0\7\1s\0\24\0\0\0org.freedesktop.DBus\0\0\0\0", iov_len=2048}], msg_iovlen=1, msg_controllen=0, msg_flags=MSG_CMSG_CLOEXEC}, MSG_CMSG_CLOEXEC) = 72
10682 <... openat resumed>)             = 32
10684 recvmsg(25, {msg_namelen=0}, MSG_CMSG_CLOEXEC) = -1 EAGAIN (Resource temporarily unavailable)
10684 sendmsg(25, {msg_name=NULL, msg_namelen=0, msg_iov=[{iov_base="l\1\0\1#\0\0\0\7\0\0\0~\0\0\0\2\1s\0\24\0\0\0org.freedesktop.DBus\0\0\0\0\3\1s\0\f\0\0\0GetNameOwner\0\0\0\0\10\1g\0\1s\0\0\6\1s\0\24\0\0\0org.freedesktop.DBus\0\0\0\0\1\1o\0\25\0\0\0/org/freedesktop/DBus\0\0\0", iov_len=144}, {iov_base="\36\0\0\0org.chromium.bluetooth.Manager\0", iov_len=35}], msg_iovlen=2, msg_controllen=0, msg_flags=0}, MSG_NOSIGNAL) = 179
10684 recvmsg(25, {msg_name=NULL, msg_namelen=0, msg_iov=[{iov_base="l\3\1\1O\0\0\0\10\0\0\0u\0\0\0\6\1s\0\5\0\0\0:1.55\0\0\0\4\1s\0)\0\0\0org.freedesktop.DBus.Error.NameHasNoOwner\0\0\0\0\0\0\0\5\1u\0\7\0\0\0\10\1g\0\1s\0\0\7\1s\0\24\0\0\0org.freedesktop.DBus\0\0\0\0J\0\0\0Could not get owner of name 'org.chromium.bluetooth.Manager': no such name\0", iov_len=2048}], msg_iovlen=1, msg_controllen=0, msg_flags=MSG_CMSG_CLOEXEC}, MSG_CMSG_CLOEXEC) = 215
10684 recvmsg(25, {msg_namelen=0}, MSG_CMSG_CLOEXEC) = -1 EAGAIN (Resource temporarily unavailable)
10685 socket(AF_NETLINK, SOCK_RAW, NETLINK_ROUTE) = 32
10685 bind(32, {sa_family=AF_NETLINK, nl_pid=0, nl_groups=0x000113}, 12) = 0
10685 sendto(32, [{nlmsg_len=17, nlmsg_type=RTM_GETADDR, nlmsg_flags=NLM_F_REQUEST|NLM_F_DUMP, nlmsg_seq=0, nlmsg_pid=0}, {ifa_family=AF_UNSPEC, ...}], 17, 0, {sa_family=AF_NETLINK, nl_pid=0, nl_groups=00000000}, 12 <unfinished ...>
10684 sendmsg(25, {msg_name=NULL, msg_namelen=0, msg_iov=[{iov_base="l\1\0\1\0\0\0\0\10\0\0\0r\0\0\0\2\1s\0\"\0\0\0org.freedesktop.DBus.ObjectManager\0\0\0\0\0\0\3\1s\0\21\0\0\0GetManagedObjects\0\0\0\0\0\0\0\6\1s\0\t\0\0\0org.bluez\0\0\0\0\0\0\0\1\1o\0\1\0\0\0/\0\0\0\0\0\0\0", iov_len=136}, {iov_base="", iov_len=0}], msg_iovlen=2, msg_controllen=0, msg_flags=0}, MSG_NOSIGNAL <unfinished ...>
10685 <... sendto resumed>)             = 17
10684 <... sendmsg resumed>)            = 136
10685 recvfrom(32, [[{nlmsg_len=76, nlmsg_type=RTM_NEWADDR, nlmsg_flags=NLM_F_MULTI, nlmsg_seq=0, nlmsg_pid=10662}, {ifa_family=AF_INET, ifa_prefixlen=8, ifa_flags=IFA_F_PERMANENT, ifa_scope=RT_SCOPE_HOST, ifa_index=if_nametoindex("lo")}, [[{nla_len=8, nla_type=IFA_ADDRESS}, inet_addr("127.0.0.1")], [{nla_len=8, nla_type=IFA_LOCAL}, inet_addr("127.0.0.1")], [{nla_len=7, nla_type=IFA_LABEL}, "lo"], [{nla_len=8, nla_type=IFA_FLAGS}, IFA_F_PERMANENT], [{nla_len=20, nla_type=IFA_CACHEINFO}, {ifa_prefered=4294967295, ifa_valid=4294967295, cstamp=204121, tstamp=204121}]]], [{nlmsg_len=80, nlmsg_type=RTM_NEWADDR, nlmsg_flags=NLM_F_MULTI, nlmsg_seq=0, nlmsg_pid=10662}, {ifa_family=AF_INET6, ifa_prefixlen=128, ifa_flags=IFA_F_PERMANENT, ifa_scope=RT_SCOPE_HOST, ifa_index=if_nametoindex("lo")}, [[{nla_len=20, nla_type=IFA_ADDRESS}, inet_pton(AF_INET6, "::1")], [{nla_len=20, nla_type=IFA_CACHEINFO}, {ifa_prefered=4294967295, ifa_valid=4294967295, cstamp=204121, tstamp=204121}], [{nla_len=8, nla_type=IFA_FLAGS}, IFA_F_PERMANENT], [{nla_len=5, nla_type=IFA_PROTO}, "\x01"]]]], 8192, 0, NULL, NULL) = 156
10685 recvfrom(32, [{nlmsg_len=20, nlmsg_type=NLMSG_DONE, nlmsg_flags=NLM_F_MULTI, nlmsg_seq=0, nlmsg_pid=10662}, 0], 8192, MSG_DONTWAIT, NULL, NULL) = 20
10684 recvmsg(25,  <unfinished ...>
10685 recvfrom(32,  <unfinished ...>
10684 <... recvmsg resumed>{msg_name=NULL, msg_namelen=0, msg_iov=[{iov_base="l\3\1\1>\0\0\0\t\0\0\0u\0\0\0\6\1s\0\5\0\0\0:1.55\0\0\0\4\1s\0)\0\0\0org.freedesktop.DBus.Error.ServiceUnknown\0\0\0\0\0\0\0\5\1u\0\10\0\0\0\10\1g\0\1s\0\0\7\1s\0\24\0\0\0org.freedesktop.DBus\0\0\0\09\0\0\0The name org.bluez was not provided by any .service files\0", iov_len=2048}], msg_iovlen=1, msg_controllen=0, msg_flags=MSG_CMSG_CLOEXEC}, MSG_CMSG_CLOEXEC) = 198
10685 <... recvfrom resumed>0x27c001bc000, 8192, MSG_DONTWAIT, NULL, NULL) = -1 EAGAIN (Resource temporarily unavailable)
10684 recvmsg(25,  <unfinished ...>
10685 sendto(32, [{nlmsg_len=17, nlmsg_type=RTM_GETLINK, nlmsg_flags=NLM_F_REQUEST|NLM_F_DUMP, nlmsg_seq=0, nlmsg_pid=0}, {ifi_family=AF_UNSPEC, ...}], 17, 0, {sa_family=AF_NETLINK, nl_pid=0, nl_groups=00000000}, 12 <unfinished ...>
10684 <... recvmsg resumed>{msg_namelen=0}, MSG_CMSG_CLOEXEC) = -1 EAGAIN (Resource temporarily unavailable)
10685 <... sendto resumed>)             = 17
10685 recvfrom(32, [{nlmsg_len=1472, nlmsg_type=RTM_NEWLINK, nlmsg_flags=NLM_F_MULTI, nlmsg_seq=0, nlmsg_pid=10662}, {ifi_family=AF_UNSPEC, ifi_type=ARPHRD_LOOPBACK, ifi_index=if_nametoindex("lo"), ifi_flags=IFF_UP|IFF_LOOPBACK|IFF_RUNNING|IFF_LOWER_UP, ifi_change=0}, [[{nla_len=7, nla_type=IFLA_IFNAME}, "lo"], [{nla_len=8, nla_type=IFLA_TXQLEN}, 1000], [{nla_len=5, nla_type=IFLA_OPERSTATE}, 0], [{nla_len=5, nla_type=IFLA_LINKMODE}, 0], [{nla_len=5, nla_type=0x43 /* IFLA_??? */}, "\x01"], [{nla_len=8, nla_type=IFLA_MTU}, 65536], [{nla_len=8, nla_type=IFLA_MIN_MTU}, 0], [{nla_len=8, nla_type=IFLA_MAX_MTU}, 0], [{nla_len=8, nla_type=IFLA_GROUP}, 0], [{nla_len=8, nla_type=IFLA_PROMISCUITY}, 0], [{nla_len=8, nla_type=IFLA_ALLMULTI}, 0], [{nla_len=8, nla_type=IFLA_NUM_TX_QUEUES}, 1], [{nla_len=8, nla_type=IFLA_GSO_MAX_SEGS}, 65535], [{nla_len=8, nla_type=IFLA_GSO_MAX_SIZE}, 65536], [{nla_len=8, nla_type=IFLA_GRO_MAX_SIZE}, 65536], [{nla_len=8, nla_type=IFLA_GSO_IPV4_MAX_SIZE}, 65536], [{nla_len=8, nla_type=IFLA_GRO_IPV4_MAX_SIZE}, 65536], [{nla_len=8, nla_type=IFLA_TSO_MAX_SIZE}, 524280], [{nla_len=8, nla_type=IFLA_TSO_MAX_SEGS}, 65535], [{nla_len=8, nla_type=0x42 /* IFLA_??? */}, "\x00\x00\x00\x00"], [{nla_len=8, nla_type=IFLA_NUM_RX_QUEUES}, 1], [{nla_len=5, nla_type=IFLA_CARRIER}, 1], [{nla_len=8, nla_type=IFLA_CARRIER_CHANGES}, 0], [{nla_len=8, nla_type=IFLA_CARRIER_UP_COUNT}, 0], [{nla_len=8, nla_type=IFLA_CARRIER_DOWN_COUNT}, 0], [{nla_len=5, nla_type=IFLA_PROTO_DOWN}, 0], [{nla_len=10, nla_type=IFLA_ADDRESS}, 00:00:00:00:00:00], [{nla_len=10, nla_type=IFLA_BROADCAST}, 00:00:00:00:00:00], [{nla_len=204, nla_type=IFLA_STATS64}, {rx_packets=0, tx_packets=0, rx_bytes=0, tx_bytes=0, rx_errors=0, tx_errors=0, rx_dropped=0, tx_dropped=0, multicast=0, collisions=0, rx_length_errors=0, rx_over_errors=0, rx_crc_errors=0, rx_frame_errors=0, rx_fifo_errors=0, rx_missed_errors=0, tx_aborted_errors=0, tx_carrier_errors=0, tx_fifo_errors=0, tx_heartbeat_errors=0, tx_window_errors=0, rx_compressed=0, tx_compressed=0, rx_nohandler=0, rx_otherhost_dropped=0}], [{nla_len=100, nla_type=IFLA_STATS}, {rx_packets=0, tx_packets=0, rx_bytes=0, tx_bytes=0, rx_errors=0, tx_errors=0, rx_dropped=0, tx_dropped=0, multicast=0, collisions=0, rx_length_errors=0, rx_over_errors=0, rx_crc_errors=0, rx_frame_errors=0, rx_fifo_errors=0, rx_missed_errors=0, tx_aborted_errors=0, tx_carrier_errors=0, tx_fifo_errors=0, tx_heartbeat_errors=0, tx_window_errors=0, rx_compressed=0, tx_compressed=0, rx_nohandler=0}], [{nla_len=12, nla_type=IFLA_XDP}, [{nla_len=5, nla_type=IFLA_XDP_ATTACHED}, XDP_ATTACHED_NONE]], [{nla_len=12, nla_type=IFLA_QDISC}, "noqueue"], [{nla_len=836, nla_type=IFLA_AF_SPEC}, [[{nla_len=20, nla_type=AF_MCTP}, [[{nla_len=8, nla_type=IFLA_MCTP_NET}, 1], [{nla_len=5, nla_type=0x2 /* IFLA_MCTP_??? */}, "\x00"]]], [{nla_len=140, nla_type=AF_INET}, [{nla_len=136, nla_type=IFLA_INET_CONF}, [[IPV4_DEVCONF_FORWARDING-1]=1, [IPV4_DEVCONF_MC_FORWARDING-1]=0, [IPV4_DEVCONF_PROXY_ARP-1]=0, [IPV4_DEVCONF_ACCEPT_REDIRECTS-1]=1, [IPV4_DEVCONF_SECURE_REDIRECTS-1]=1, [IPV4_DEVCONF_SEND_REDIRECTS-1]=1, [IPV4_DEVCONF_SHARED_MEDIA-1]=1, [IPV4_DEVCONF_RP_FILTER-1]=2, [IPV4_DEVCONF_ACCEPT_SOURCE_ROUTE-1]=1, [IPV4_DEVCONF_BOOTP_RELAY-1]=0, [IPV4_DEVCONF_LOG_MARTIANS-1]=0, [IPV4_DEVCONF_TAG-1]=0, [IPV4_DEVCONF_ARPFILTER-1]=0, [IPV4_DEVCONF_MEDIUM_ID-1]=0, [IPV4_DEVCONF_NOXFRM-1]=1, [IPV4_DEVCONF_NOPOLICY-1]=1, [IPV4_DEVCONF_FORCE_IGMP_VERSION-1]=0, [IPV4_DEVCONF_ARP_ANNOUNCE-1]=0, [IPV4_DEVCONF_ARP_IGNORE-1]=0, [IPV4_DEVCONF_PROMOTE_SECONDARIES-1]=0, [IPV4_DEVCONF_ARP_ACCEPT-1]=0, [IPV4_DEVCONF_ARP_NOTIFY-1]=0, [IPV4_DEVCONF_ACCEPT_LOCAL-1]=0, [IPV4_DEVCONF_SRC_VMARK-1]=0, [IPV4_DEVCONF_PROXY_ARP_PVLAN-1]=0, [IPV4_DEVCONF_ROUTE_LOCALNET-1]=0, [IPV4_DEVCONF_IGMPV2_UNSOLICITED_REPORT_INTERVAL-1]=10000, [IPV4_DEVCONF_IGMPV3_UNSOLICITED_REPORT_INTERVAL-1]=1000, [IPV4_DEVCONF_IGNORE_ROUTES_WITH_LINKDOWN-1]=0, [IPV4_DEVCONF_DROP_UNICAST_IN_L2_MULTICAST-1]=0, [IPV4_DEVCONF_DROP_GRATUITOUS_ARP-1]=0, [IPV4_DEVCONF_BC_FORWARDING-1]=0, [IPV4_DEVCONF_ARP_EVICT_NOCARRIER-1]=1]]], [{nla_len=672, nla_type=AF_INET6}, [[{nla_len=8, nla_type=IFLA_INET6_FLAGS}, IF_READY], [{nla_len=20, nla_type=IFLA_INET6_CACHEINFO}, {max_reasm_len=65535, tstamp=204121, reachable_time=16321, retrans_time=1000}], [{nla_len=244, nla_type=IFLA_INET6_CONF}, [[DEVCONF_FORWARDING]=0, [DEVCONF_HOPLIMIT]=64, [DEVCONF_MTU6]=65536, [DEVCONF_ACCEPT_RA]=1, [DEVCONF_ACCEPT_REDIRECTS]=1, [DEVCONF_AUTOCONF]=1, [DEVCONF_DAD_TRANSMITS]=1, [DEVCONF_RTR_SOLICITS]=-1, [DEVCONF_RTR_SOLICIT_INTERVAL]=4000, [DEVCONF_RTR_SOLICIT_DELAY]=1000, [DEVCONF_USE_TEMPADDR]=-1, [DEVCONF_TEMP_VALID_LFT]=604800, [DEVCONF_TEMP_PREFERED_LFT]=86400, [DEVCONF_REGEN_MAX_RETRY]=3, [DEVCONF_MAX_DESYNC_FACTOR]=600, [DEVCONF_MAX_ADDRESSES]=16, [DEVCONF_FORCE_MLD_VERSION]=0, [DEVCONF_ACCEPT_RA_DEFRTR]=1, [DEVCONF_ACCEPT_RA_PINFO]=1, [DEVCONF_ACCEPT_RA_RTR_PREF]=1, [DEVCONF_RTR_PROBE_INTERVAL]=60000, [DEVCONF_ACCEPT_RA_RT_INFO_MAX_PLEN]=0, [DEVCONF_PROXY_NDP]=0, [DEVCONF_OPTIMISTIC_DAD]=0, [DEVCONF_ACCEPT_SOURCE_ROUTE]=0, [DEVCONF_MC_FORWARDING]=0, [DEVCONF_DISABLE_IPV6]=0, [DEVCONF_ACCEPT_DAD]=-1, [DEVCONF_FORCE_TLLAO]=0, [DEVCONF_NDISC_NOTIFY]=0, [DEVCONF_MLDV1_UNSOLICITED_REPORT_INTERVAL]=10000, [DEVCONF_MLDV2_UNSOLICITED_REPORT_INTERVAL]=1000, [DEVCONF_SUPPRESS_FRAG_NDISC]=1, [DEVCONF_ACCEPT_RA_FROM_LOCAL]=0, [DEVCONF_USE_OPTIMISTIC]=0, [DEVCONF_ACCEPT_RA_MTU]=1, [DEVCONF_STABLE_SECRET]=0, [DEVCONF_USE_OIF_ADDRS_ONLY]=0, [DEVCONF_ACCEPT_RA_MIN_HOP_LIMIT]=1, [DEVCONF_IGNORE_ROUTES_WITH_LINKDOWN]=0, [DEVCONF_DROP_UNICAST_IN_L2_MULTICAST]=0, [DEVCONF_DROP_UNSOLICITED_NA]=0, [DEVCONF_KEEP_ADDR_ON_DOWN]=0, [DEVCONF_RTR_SOLICIT_MAX_INTERVAL]=3600000, [DEVCONF_SEG6_ENABLED]=0, [DEVCONF_SEG6_REQUIRE_HMAC]=0, [DEVCONF_ENHANCED_DAD]=1, [DEVCONF_ADDR_GEN_MODE]=0, [DEVCONF_DISABLE_POLICY]=0, [DEVCONF_ACCEPT_RA_RT_INFO_MIN_PLEN]=0, [DEVCONF_NDISC_TCLASS]=0, [DEVCONF_RPL_SEG_ENABLED]=0, [DEVCONF_RA_DEFRTR_METRIC]=1024, [DEVCONF_IOAM6_ENABLED]=0, [DEVCONF_IOAM6_ID]=65535, [DEVCONF_IOAM6_ID_WIDE]=-1, [DEVCONF_NDISC_EVICT_NOCARRIER]=1, [DEVCONF_ACCEPT_UNTRACKED_NA]=0, [DEVCONF_ACCEPT_RA_MIN_LFT]=0, [59 /* DEVCONF_??? */]=0]], [{nla_len=308, nla_type=IFLA_INET6_STATS}, [[IPSTATS_MIB_NUM]=38, [IPSTATS_MIB_INPKTS]=0, [IPSTATS_MIB_INOCTETS]=0, [IPSTATS_MIB_INDELIVERS]=0, [IPSTATS_MIB_OUTFORWDATAGRAMS]=0, [IPSTATS_MIB_OUTPKTS]=0, [IPSTATS_MIB_OUTOCTETS]=0, [IPSTATS_MIB_INHDRERRORS]=0, [IPSTATS_MIB_INTOOBIGERRORS]=0, [IPSTATS_MIB_INNOROUTES]=0, [IPSTATS_MIB_INADDRERRORS]=0, [IPSTATS_MIB_INUNKNOWNPROTOS]=0, [IPSTATS_MIB_INTRUNCATEDPKTS]=0, [IPSTATS_MIB_INDISCARDS]=0, [IPSTATS_MIB_OUTDISCARDS]=0, [IPSTATS_MIB_OUTNOROUTES]=0, [IPSTATS_MIB_REASMTIMEOUT]=0, [IPSTATS_MIB_REASMREQDS]=0, [IPSTATS_MIB_REASMOKS]=0, [IPSTATS_MIB_REASMFAILS]=0, [IPSTATS_MIB_FRAGOKS]=0, [IPSTATS_MIB_FRAGFAILS]=0, [IPSTATS_MIB_FRAGCREATES]=0, [IPSTATS_MIB_INMCASTPKTS]=0, [IPSTATS_MIB_OUTMCASTPKTS]=0, [IPSTATS_MIB_INBCASTPKTS]=0, [IPSTATS_MIB_OUTBCASTPKTS]=0, [IPSTATS_MIB_INMCASTOCTETS]=0, [IPSTATS_MIB_OUTMCASTOCTETS]=0, [IPSTATS_MIB_INBCASTOCTETS]=0, [IPSTATS_MIB_OUTBCASTOCTETS]=0, [IPSTATS_MIB_CSUMERRORS]=0, [IPSTATS_MIB_NOECTPKTS]=0, [IPSTATS_MIB_ECT1PKTS]=0, [IPSTATS_MIB_ECT0PKTS]=0, [IPSTATS_MIB_CEPKTS]=0, [IPSTATS_MIB_REASM_OVERLAPS]=0, [37 /* IPSTATS_MIB_??? */]=0]], [{nla_len=60, nla_type=IFLA_INET6_ICMP6STATS}, [[ICMP6_MIB_NUM]=7, [ICMP6_MIB_INMSGS]=0, [ICMP6_MIB_INERRORS]=0, [ICMP6_MIB_OUTMSGS]=0, [ICMP6_MIB_OUTERRORS]=0, [ICMP6_MIB_CSUMERRORS]=0, [6 /* ICMP6_MIB_??? */]=0]], [{nla_len=20, nla_type=IFLA_INET6_TOKEN}, inet_pton(AF_INET6, "::")], [{nla_len=5, nla_type=IFLA_INET6_ADDR_GEN_MODE}, IN6_ADDR_GEN_MODE_EUI64]]]]], [{nla_len=36, nla_type=IFLA_MAP}, {mem_start=0, mem_end=0, base_addr=0, irq=0, dma=0, port=0}], {nla_len=4, nla_type=NLA_F_NESTED|IFLA_DEVLINK_PORT}, {nla_len=4, nla_type=NLA_F_NESTED|0x41 /* IFLA_??? */}]], 8192, 0, NULL, NULL) = 1472
10685 recvfrom(32, [{nlmsg_len=20, nlmsg_type=NLMSG_DONE, nlmsg_flags=NLM_F_MULTI, nlmsg_seq=0, nlmsg_pid=10662}, 0], 8192, MSG_DONTWAIT, NULL, NULL) = 20
10685 recvfrom(32,  <unfinished ...>
10692 openat(AT_FDCWD, "/tmp", O_RDONLY|O_NONBLOCK|O_CLOEXEC|O_DIRECTORY <unfinished ...>
10685 <... recvfrom resumed>0x27c001bc000, 8192, MSG_DONTWAIT, NULL, NULL) = -1 EAGAIN (Resource temporarily unavailable)
10692 <... openat resumed>)             = 33
10682 openat(AT_FDCWD, "/etc/fonts/conf.d", O_RDONLY|O_NONBLOCK|O_CLOEXEC|O_DIRECTORY) = 34
10685 openat(AT_FDCWD, "/tmp/playwright_chromiumdev_profile-92XQZ9/.com.google.Chrome.Local State.Rc3Fus", O_RDWR|O_CREAT|O_EXCL, 0600) = 35
10686 openat(AT_FDCWD, "/tmp/playwright_chromiumdev_profile-92XQZ9/component_crx_cache/metadata.json", O_RDONLY|O_CLOEXEC) = -1 ENOENT (No such file or directory)
10692 openat(AT_FDCWD, "/etc/hosts", O_RDONLY|O_CLOEXEC) = 33
10682 openat(AT_FDCWD, "/usr/share/fontconfig/conf.avail/10-hinting-slight.conf", O_RDONLY|O_CLOEXEC) = 35
10683 openat(AT_FDCWD, "/etc/host.conf", O_RDONLY|O_CLOEXEC) = 35
10686 openat(AT_FDCWD, "/tmp/playwright_chromiumdev_profile-92XQZ9/component_crx_cache", O_RDONLY|O_NONBLOCK|O_CLOEXEC|O_DIRECTORY) = 33
10683 openat(AT_FDCWD, "/etc/resolv.conf", O_RDONLY|O_CLOEXEC) = 35
10682 openat(AT_FDCWD, "/usr/share/fontconfig/conf.avail/10-scale-bitmap-fonts.conf", O_RDONLY|O_CLOEXEC) = 36
10683 openat(AT_FDCWD, "/etc/nsswitch.conf", O_RDONLY|O_CLOEXEC) = 33
10662 openat(AT_FDCWD, "/proc/10662/stat", O_RDONLY|O_CLOEXEC) = 35
10682 openat(AT_FDCWD, "/usr/share/fontconfig/conf.avail/10-sub-pixel-rgb.conf", O_RDONLY|O_CLOEXEC) = 36
10682 openat(AT_FDCWD, "/usr/share/fontconfig/conf.avail/10-yes-antialias.conf", O_RDONLY|O_CLOEXEC) = 33
10688 openat(AT_FDCWD, "/proc/10662/status", O_RDONLY|O_CLOEXEC) = 33
10682 openat(AT_FDCWD, "/usr/share/fontconfig/conf.avail/11-lcdfilter-default.conf", O_RDONLY|O_CLOEXEC) = 35
10688 openat(AT_FDCWD, "/proc/10662/status", O_RDONLY|O_CLOEXEC) = 33
10682 openat(AT_FDCWD, "/etc/fonts/conf.avail/20-unhint-small-dejavu-lgc-sans-mono.conf", O_RDONLY|O_CLOEXEC) = 35
10688 openat(AT_FDCWD, "/proc/10662/clear_refs", O_WRONLY) = 33
10682 openat(AT_FDCWD, "/etc/fonts/conf.avail/20-unhint-small-dejavu-lgc-sans.conf", O_RDONLY|O_CLOEXEC) = 33
10662 openat(AT_FDCWD, "/tmp/.com.google.Chrome.pVNNYM", O_RDWR|O_CREAT|O_EXCL, 0600 <unfinished ...>
10682 openat(AT_FDCWD, "/etc/fonts/conf.avail/20-unhint-small-dejavu-lgc-serif.conf", O_RDONLY|O_CLOEXEC) = 33
10662 <... openat resumed>)             = 35
10682 openat(AT_FDCWD, "/etc/fonts/conf.avail/20-unhint-small-dejavu-sans-mono.conf", O_RDONLY|O_CLOEXEC) = 33
10695 socketpair(AF_UNIX, SOCK_STREAM, 0, [36, 37]) = 0
10682 openat(AT_FDCWD, "/etc/fonts/conf.avail/20-unhint-small-dejavu-sans.conf", O_RDONLY|O_CLOEXEC) = 38
10695 openat(AT_FDCWD, "/tmp/.com.google.Chrome.UOQHwQ", O_RDWR|O_CREAT|O_EXCL, 0600) = 39
10695 openat(AT_FDCWD, "/tmp/.com.google.Chrome.UOQHwQ", O_RDONLY) = 38
10683 openat(AT_FDCWD, "/tmp/playwright_chromiumdev_profile-92XQZ9/GPUPersistentCache/GPUCache/UFESZEW7QIH6WTE655CKMG6KM4OROEZG/cache.db", O_RDWR <unfinished ...>
10682 openat(AT_FDCWD, "/etc/fonts/conf.avail/20-unhint-small-dejavu-serif.conf", O_RDONLY|O_CLOEXEC <unfinished ...>
10683 <... openat resumed>)             = -1 ENOENT (No such file or directory)
10682 <... openat resumed>)             = 40
10683 openat(AT_FDCWD, "/tmp/playwright_chromiumdev_profile-92XQZ9/GPUPersistentCache/GPUCache/UFESZEW7QIH6WTE655CKMG6KM4OROEZG/cache.db", O_RDWR|O_CREAT, 0600) = 41
10683 openat(AT_FDCWD, "/tmp/playwright_chromiumdev_profile-92XQZ9/GPUPersistentCache/GPUCache/UFESZEW7QIH6WTE655CKMG6KM4OROEZG/cache.journal", O_RDWR) = -1 ENOENT (No such file or directory)
10683 openat(AT_FDCWD, "/tmp/playwright_chromiumdev_profile-92XQZ9/GPUPersistentCache/GPUCache/UFESZEW7QIH6WTE655CKMG6KM4OROEZG/cache.journal", O_RDWR|O_CREAT, 0600) = 39
10683 openat(AT_FDCWD, "/tmp/playwright_chromiumdev_profile-92XQZ9/GPUPersistentCache/GPUCache/UFESZEW7QIH6WTE655CKMG6KM4OROEZG/cache.db-wal", O_RDWR) = -1 ENOENT (No such file or directory)
10683 openat(AT_FDCWD, "/tmp/playwright_chromiumdev_profile-92XQZ9/GPUPersistentCache/GPUCache/UFESZEW7QIH6WTE655CKMG6KM4OROEZG/cache.db-wal", O_RDWR|O_CREAT, 0600) = 42
10695 openat(AT_FDCWD, "/tmp/.com.google.Chrome.svJzaH", O_RDWR|O_CREAT|O_EXCL, 0600) = 43
10695 openat(AT_FDCWD, "/tmp/.com.google.Chrome.svJzaH", O_RDONLY <unfinished ...>
10662 openat(AT_FDCWD, "/home/runner/work/deckrender-acceptance/deckrender-acceptance/benchmark/artifacts/acceptance/private/sandboxes/2365ad2a878ed3613b69a6ae2c0c55b8ecf5dc09a1a04ade3b6e00d41146f0b5/config/user-dirs.dirs", O_RDONLY <unfinished ...>
10683 openat(AT_FDCWD, "/tmp/playwright_chromiumdev_profile-92XQZ9/GPUPersistentCache/GPUCache", O_RDONLY|O_NONBLOCK|O_CLOEXEC|O_DIRECTORY <unfinished ...>
10695 <... openat resumed>)             = 44
10682 openat(AT_FDCWD, "/usr/share/fontconfig/conf.avail/20-unhint-small-vera.conf", O_RDONLY|O_CLOEXEC <unfinished ...>
10662 <... openat resumed>)             = -1 ENOENT (No such file or directory)
10683 <... openat resumed>)             = 45
10682 <... openat resumed>)             = 46
10685 socket(AF_NETLINK, SOCK_RAW|SOCK_CLOEXEC|SOCK_NONBLOCK, NETLINK_KOBJECT_UEVENT) = 47
10685 getsockopt(47, SOL_SOCKET, SO_RCVBUF, [1048576], [4]) = 0
10695 socketpair(AF_UNIX, SOCK_SEQPACKET, 0,  <unfinished ...>
10685 setsockopt(47, SOL_SOCKET, SO_RCVBUF, [134217728], 4 <unfinished ...>
10695 <... socketpair resumed>[46, 48]) = 0
10685 <... setsockopt resumed>)         = 0
10695 setsockopt(46, SOL_SOCKET, SO_PASSCRED, [1], 4 <unfinished ...>
10685 getsockopt(47, SOL_SOCKET, SO_RCVBUF,  <unfinished ...>
10695 <... setsockopt resumed>)         = 0
10685 <... getsockopt resumed>[2097152], [4]) = 0
10682 openat(AT_FDCWD, "/usr/share/fontconfig/conf.avail/30-metric-aliases.conf", O_RDONLY|O_CLOEXEC <unfinished ...>
10695 sendmsg(11, {msg_name=NULL, msg_namelen=0, msg_iov=[{iov_base="\220\4\0\0\0\0\0\0\v\0\0\0gpu-process\0\24\0\0\0\16\0\0\0/proc/self/exe\0\0\22\0\0\0--type=gpu-process\0\0\f\0\0\0--no-sandbox\27\0\0\0--disable-dev-shm-usage\0\22\0\0\0--disable-breakpad\0\0\n\0\0\0--headless\0\0\31\0\0\0--ozone-platform=headless\0\0\0\35\0\0\0--use-angle=swiftshader-webgl\0\0\0\34\0\0\0--crashpad-handler-pid=10670"..., iov_len=1172}], msg_iovlen=1, msg_control=[{cmsg_len=36, cmsg_level=SOL_SOCKET, cmsg_type=SCM_RIGHTS, cmsg_data=[48, 37, 6, 40, 43]}], msg_controllen=36, msg_flags=0}, MSG_NOSIGNAL <unfinished ...>
10685 setsockopt(47, SOL_SOCKET, SO_RCVBUFFORCE, [134217728], 4 <unfinished ...>
10682 <... openat resumed>)             = 45
10695 <... sendmsg resumed>)            = 1172
10685 <... setsockopt resumed>)         = -1 EPERM (Operation not permitted)
10677 recvmsg(3,  <unfinished ...>
10695 recvmsg(46,  <unfinished ...>
10677 <... recvmsg resumed>{msg_name=NULL, msg_namelen=0, msg_iov=[{iov_base="\220\4\0\0\0\0\0\0\v\0\0\0gpu-process\0\24\0\0\0\16\0\0\0/proc/self/exe\0\0\22\0\0\0--type=gpu-process\0\0\f\0\0\0--no-sandbox\27\0\0\0--disable-dev-shm-usage\0\22\0\0\0--disable-breakpad\0\0\n\0\0\0--headless\0\0\31\0\0\0--ozone-platform=headless\0\0\0\35\0\0\0--use-angle=swiftshader-webgl\0\0\0\34\0\0\0--crashpad-handler-pid=10670"..., iov_len=65536}], msg_iovlen=1, msg_control=[{cmsg_len=36, cmsg_level=SOL_SOCKET, cmsg_type=SCM_RIGHTS, cmsg_data=[13, 14, 15, 16, 17]}], msg_controllen=40, msg_flags=0}, 0) = 1172
10685 setsockopt(47, SOL_SOCKET, SO_ATTACH_FILTER, {len=11, filter=0x7fcf917f69f0}, 16) = 0
10685 setsockopt(47, SOL_SOCKET, SO_PASSCRED, [1], 4) = 0
10685 bind(47, {sa_family=AF_NETLINK, nl_pid=0, nl_groups=0x000002}, 12) = 0
10685 getsockname(47, {sa_family=AF_NETLINK, nl_pid=10662, nl_groups=0x000002}, [12]) = 0
10683 openat(AT_FDCWD, "/proc/cpuinfo", O_RDONLY|O_CLOEXEC) = 45
10682 openat(AT_FDCWD, "/usr/share/fontconfig/conf.avail/40-nonlatin.conf", O_RDONLY|O_CLOEXEC) = 48
10677 recvmsg(3,  <unfinished ...>
10698 sendmsg(13, {msg_name=NULL, msg_namelen=0, msg_iov=[{iov_base="CHILD_PING\0", iov_len=11}], msg_iovlen=1, msg_controllen=0, msg_flags=0}, MSG_NOSIGNAL) = 11
10695 <... recvmsg resumed>{msg_name=NULL, msg_namelen=0, msg_iov=[{iov_base="CHILD_PING\0", iov_len=12}], msg_iovlen=1, msg_control=[{cmsg_len=28, cmsg_level=SOL_SOCKET, cmsg_type=SCM_CREDENTIALS, cmsg_data={pid=10698, uid=1001, gid=1001}}], msg_controllen=32, msg_flags=0}, 0) = 11
10695 sendmsg(11, {msg_name=NULL, msg_namelen=0, msg_iov=[{iov_base="\10\0\0\0\4\0\0\0\312)\0\0", iov_len=12}], msg_iovlen=1, msg_controllen=0, msg_flags=0}, MSG_NOSIGNAL) = 12
10677 <... recvmsg resumed>{msg_name=NULL, msg_namelen=0, msg_iov=[{iov_base="\10\0\0\0\4\0\0\0\312)\0\0", iov_len=65536}], msg_iovlen=1, msg_controllen=0, msg_flags=0}, 0) = 12
10695 openat(AT_FDCWD, "/selinux", O_RDONLY|O_NONBLOCK|O_CLOEXEC|O_DIRECTORY) = -1 ENOENT (No such file or directory)
10695 openat(AT_FDCWD, "/tmp/.com.google.Chrome.06LZxr", O_RDWR|O_CREAT|O_EXCL, 0600) = 37
10682 openat(AT_FDCWD, "/usr/share/fontconfig/conf.avail/45-generic.conf", O_RDONLY|O_CLOEXEC) = 40
10682 openat(AT_FDCWD, "/usr/share/fontconfig/conf.avail/45-latin.conf", O_RDONLY|O_CLOEXEC) = 40
10695 sendmsg(36, {msg_name=NULL, msg_namelen=0, msg_iov=[{iov_base="\20\0\1\0\270\0\0\08\331\344y\0\0\0\0\30\0\0\0\0\0\0\0\0\0\0\0\0\0\0\0h\0\0\0\0\0\0\0@\0\0\0\0\0\0\0L\351U\252\330\21\363QW<U\221\270)H5\21\3349\3267'\30\306N\303\233\336_&A1\0\0\0\0\4\0\0\0\0\0\0\0\0\0\0\0X\0\0\0\0\0\0\0\20\0\0\0\1\0\0\0\0\0\0\0\0\0\0\0\20\0\0\0\1\0\0\0x\0\0\0\0\0\1\0000\0\0\0(\0\0\0\10\0\0\0\1\0\0\0 \0\0\0\0\0\2\0\2\0\0\0\0\0\0\0.?aNZ\225Y\33\325\215[\235\272\254\215\236", iov_len=184}], msg_iovlen=1, msg_control=[{cmsg_len=20, cmsg_level=SOL_SOCKET, cmsg_type=SCM_RIGHTS, cmsg_data=[37]}], msg_controllen=20, msg_flags=0}, MSG_NOSIGNAL) = 184
10682 openat(AT_FDCWD, "/usr/share/fontconfig/conf.avail/48-spacing.conf", O_RDONLY|O_CLOEXEC) = 37
10682 openat(AT_FDCWD, "/usr/share/fontconfig/conf.avail/49-sansserif.conf", O_RDONLY|O_CLOEXEC) = 37
10682 openat(AT_FDCWD, "/usr/share/fontconfig/conf.avail/50-user.conf", O_RDONLY|O_CLOEXEC) = 37
10682 openat(AT_FDCWD, "/usr/share/fontconfig/conf.avail/51-local.conf", O_RDONLY|O_CLOEXEC) = 37
10682 openat(AT_FDCWD, "/etc/fonts/conf.avail/57-dejavu-sans-mono.conf", O_RDONLY|O_CLOEXEC) = 37
10682 openat(AT_FDCWD, "/etc/fonts/conf.avail/57-dejavu-sans.conf", O_RDONLY|O_CLOEXEC) = 37
10682 openat(AT_FDCWD, "/etc/fonts/conf.avail/57-dejavu-serif.conf", O_RDONLY|O_CLOEXEC) = 37
10682 openat(AT_FDCWD, "/etc/fonts/conf.avail/58-dejavu-lgc-sans-mono.conf", O_RDONLY|O_CLOEXEC) = 37
10682 openat(AT_FDCWD, "/etc/fonts/conf.avail/58-dejavu-lgc-sans.conf", O_RDONLY|O_CLOEXEC) = 37
10682 openat(AT_FDCWD, "/etc/fonts/conf.avail/58-dejavu-lgc-serif.conf", O_RDONLY|O_CLOEXEC) = 37
10682 openat(AT_FDCWD, "/usr/share/fontconfig/conf.avail/60-generic.conf", O_RDONLY|O_CLOEXEC) = 37
10682 openat(AT_FDCWD, "/usr/share/fontconfig/conf.avail/60-latin.conf", O_RDONLY|O_CLOEXEC) = 37
10682 openat(AT_FDCWD, "/usr/share/fontconfig/conf.avail/65-fonts-persian.conf", O_RDONLY|O_CLOEXEC) = 37
10682 openat(AT_FDCWD, "/usr/share/fontconfig/conf.avail/65-nonlatin.conf", O_RDONLY|O_CLOEXEC) = 37
10698 openat(AT_FDCWD, "/proc/self/cmdline", O_RDONLY|O_CLOEXEC) = 16
10682 openat(AT_FDCWD, "/usr/share/fontconfig/conf.avail/69-unifont.conf", O_RDONLY|O_CLOEXEC) = 37
10682 openat(AT_FDCWD, "/usr/share/fontconfig/conf.avail/70-fonts-noto-cjk.conf", O_RDONLY|O_CLOEXEC) = 37
10682 openat(AT_FDCWD, "/usr/share/fontconfig/conf.avail/70-no-bitmaps-except-emoji.conf", O_RDONLY|O_CLOEXEC) = 37
10682 openat(AT_FDCWD, "/usr/share/fontconfig/conf.avail/80-delicious.conf", O_RDONLY|O_CLOEXEC) = 37
10698 openat(AT_FDCWD, "/opt/hostedtoolcache/Python/3.12.14/x64/lib/libpci.so.3", O_RDONLY|O_CLOEXEC) = -1 ENOENT (No such file or directory)
10698 openat(AT_FDCWD, "/etc/ld.so.cache", O_RDONLY|O_CLOEXEC) = 16
10682 openat(AT_FDCWD, "/usr/share/fontconfig/conf.avail/90-synthetic.conf", O_RDONLY|O_CLOEXEC) = 37
10698 openat(AT_FDCWD, "/lib/x86_64-linux-gnu/libpci.so.3", O_RDONLY|O_CLOEXEC) = 16
10682 openat(AT_FDCWD, "/usr/share/fontconfig/conf.avail", O_RDONLY|O_NONBLOCK|O_CLOEXEC|O_DIRECTORY) = 34
10698 openat(AT_FDCWD, "/sys/bus/pci/devices", O_RDONLY|O_NONBLOCK|O_CLOEXEC|O_DIRECTORY) = 16
10682 openat(AT_FDCWD, "/usr/share/fontconfig/conf.avail/05-reset-dirs-sample.conf", O_RDONLY|O_CLOEXEC) = 37
10698 openat(AT_FDCWD, "/sys/bus/pci/devices/b8c5:00:02.0/vendor", O_RDONLY) = 16
10698 openat(AT_FDCWD, "/sys/bus/pci/devices/b8c5:00:02.0/device", O_RDONLY <unfinished ...>
10682 openat(AT_FDCWD, "/usr/share/fontconfig/conf.avail/09-autohint-if-no-hinting.conf", O_RDONLY|O_CLOEXEC <unfinished ...>
10698 <... openat resumed>)             = 16
10682 <... openat resumed>)             = 37
10698 openat(AT_FDCWD, "/sys/bus/pci/devices/b8c5:00:02.0/class", O_RDONLY) = 16
10682 openat(AT_FDCWD, "/usr/share/fontconfig/conf.avail/10-autohint.conf", O_RDONLY|O_CLOEXEC) = 37
10682 openat(AT_FDCWD, "/usr/share/fontconfig/conf.avail/10-hinting-full.conf", O_RDONLY|O_CLOEXEC) = 37
10698 openat(AT_FDCWD, "/opt/google/chrome/libvulkan.so", O_RDONLY|O_CLOEXEC) = -1 ENOENT (No such file or directory)
10698 openat(AT_FDCWD, "/opt/google/chrome/libvulkan.so.1", O_RDONLY|O_CLOEXEC) = 16
10682 openat(AT_FDCWD, "/usr/share/fontconfig/conf.avail/10-hinting-medium.conf", O_RDONLY|O_CLOEXEC) = 37
10682 openat(AT_FDCWD, "/usr/share/fontconfig/conf.avail/10-hinting-none.conf", O_RDONLY|O_CLOEXEC) = 37
10682 openat(AT_FDCWD, "/usr/share/fontconfig/conf.avail/10-no-antialias.conf", O_RDONLY|O_CLOEXEC) = 37
10698 openat(AT_FDCWD, "/home/runner/work/deckrender-acceptance/deckrender-acceptance/benchmark/artifacts/acceptance/private/sandboxes/2365ad2a878ed3613b69a6ae2c0c55b8ecf5dc09a1a04ade3b6e00d41146f0b5/config/vulkan/implicit_layer.d", O_RDONLY|O_NONBLOCK|O_CLOEXEC|O_DIRECTORY) = -1 ENOENT (No such file or directory)
10698 openat(AT_FDCWD, "/etc/xdg/vulkan/implicit_layer.d", O_RDONLY|O_NONBLOCK|O_CLOEXEC|O_DIRECTORY) = -1 ENOENT (No such file or directory)
10682 openat(AT_FDCWD, "/usr/share/fontconfig/conf.avail/10-sub-pixel-bgr.conf", O_RDONLY|O_CLOEXEC <unfinished ...>
10698 openat(AT_FDCWD, "/etc/vulkan/implicit_layer.d", O_RDONLY|O_NONBLOCK|O_CLOEXEC|O_DIRECTORY <unfinished ...>
10682 <... openat resumed>)             = 37
10698 <... openat resumed>)             = 16
10698 openat(AT_FDCWD, "/home/runner/work/deckrender-acceptance/deckrender-acceptance/benchmark/artifacts/acceptance/private/sandboxes/2365ad2a878ed3613b69a6ae2c0c55b8ecf5dc09a1a04ade3b6e00d41146f0b5/.local/share/vulkan/implicit_layer.d", O_RDONLY|O_NONBLOCK|O_CLOEXEC|O_DIRECTORY) = -1 ENOENT (No such file or directory)
10698 openat(AT_FDCWD, "/usr/local/share/vulkan/implicit_layer.d", O_RDONLY|O_NONBLOCK|O_CLOEXEC|O_DIRECTORY) = -1 ENOENT (No such file or directory)
10682 openat(AT_FDCWD, "/usr/share/fontconfig/conf.avail/10-sub-pixel-none.conf", O_RDONLY|O_CLOEXEC <unfinished ...>
10698 openat(AT_FDCWD, "/usr/share/vulkan/implicit_layer.d", O_RDONLY|O_NONBLOCK|O_CLOEXEC|O_DIRECTORY <unfinished ...>
10682 <... openat resumed>)             = 37
10698 <... openat resumed>)             = -1 ENOENT (No such file or directory)
10698 openat(AT_FDCWD, "/home/runner/work/deckrender-acceptance/deckrender-acceptance/benchmark/artifacts/acceptance/private/sandboxes/2365ad2a878ed3613b69a6ae2c0c55b8ecf5dc09a1a04ade3b6e00d41146f0b5/config/vulkan/implicit_layer.d", O_RDONLY|O_NONBLOCK|O_CLOEXEC|O_DIRECTORY) = -1 ENOENT (No such file or directory)
10698 openat(AT_FDCWD, "/etc/xdg/vulkan/implicit_layer.d", O_RDONLY|O_NONBLOCK|O_CLOEXEC|O_DIRECTORY) = -1 ENOENT (No such file or directory)
10698 openat(AT_FDCWD, "/etc/vulkan/implicit_layer.d", O_RDONLY|O_NONBLOCK|O_CLOEXEC|O_DIRECTORY) = 16
10682 openat(AT_FDCWD, "/usr/share/fontconfig/conf.avail/10-sub-pixel-vbgr.conf", O_RDONLY|O_CLOEXEC) = 37
10698 openat(AT_FDCWD, "/home/runner/work/deckrender-acceptance/deckrender-acceptance/benchmark/artifacts/acceptance/private/sandboxes/2365ad2a878ed3613b69a6ae2c0c55b8ecf5dc09a1a04ade3b6e00d41146f0b5/.local/share/vulkan/implicit_layer.d", O_RDONLY|O_NONBLOCK|O_CLOEXEC|O_DIRECTORY) = -1 ENOENT (No such file or directory)
10698 openat(AT_FDCWD, "/usr/local/share/vulkan/implicit_layer.d", O_RDONLY|O_NONBLOCK|O_CLOEXEC|O_DIRECTORY) = -1 ENOENT (No such file or directory)
10698 openat(AT_FDCWD, "/usr/share/vulkan/implicit_layer.d", O_RDONLY|O_NONBLOCK|O_CLOEXEC|O_DIRECTORY) = -1 ENOENT (No such file or directory)
10682 openat(AT_FDCWD, "/usr/share/fontconfig/conf.avail/10-sub-pixel-vrgb.conf", O_RDONLY|O_CLOEXEC) = 37
10698 openat(AT_FDCWD, "/home/runner/work/deckrender-acceptance/deckrender-acceptance/benchmark/artifacts/acceptance/private/sandboxes/2365ad2a878ed3613b69a6ae2c0c55b8ecf5dc09a1a04ade3b6e00d41146f0b5/config/vulkan/icd.d", O_RDONLY|O_NONBLOCK|O_CLOEXEC|O_DIRECTORY) = -1 ENOENT (No such file or directory)
10698 openat(AT_FDCWD, "/etc/xdg/vulkan/icd.d", O_RDONLY|O_NONBLOCK|O_CLOEXEC|O_DIRECTORY) = -1 ENOENT (No such file or directory)
10698 openat(AT_FDCWD, "/etc/vulkan/icd.d", O_RDONLY|O_NONBLOCK|O_CLOEXEC|O_DIRECTORY) = 16
10682 openat(AT_FDCWD, "/usr/share/fontconfig/conf.avail/10-unhinted.conf", O_RDONLY|O_CLOEXEC) = 37
10698 openat(AT_FDCWD, "/home/runner/work/deckrender-acceptance/deckrender-acceptance/benchmark/artifacts/acceptance/private/sandboxes/2365ad2a878ed3613b69a6ae2c0c55b8ecf5dc09a1a04ade3b6e00d41146f0b5/.local/share/vulkan/icd.d", O_RDONLY|O_NONBLOCK|O_CLOEXEC|O_DIRECTORY) = -1 ENOENT (No such file or directory)
10698 openat(AT_FDCWD, "/usr/local/share/vulkan/icd.d", O_RDONLY|O_NONBLOCK|O_CLOEXEC|O_DIRECTORY) = -1 ENOENT (No such file or directory)
10698 openat(AT_FDCWD, "/usr/share/vulkan/icd.d", O_RDONLY|O_NONBLOCK|O_CLOEXEC|O_DIRECTORY) = -1 ENOENT (No such file or directory)
10698 openat(AT_FDCWD, "/home/runner/work/deckrender-acceptance/deckrender-acceptance/benchmark/artifacts/acceptance/private/sandboxes/2365ad2a878ed3613b69a6ae2c0c55b8ecf5dc09a1a04ade3b6e00d41146f0b5/config/vulkan/icd.d", O_RDONLY|O_NONBLOCK|O_CLOEXEC|O_DIRECTORY) = -1 ENOENT (No such file or directory)
10698 openat(AT_FDCWD, "/etc/xdg/vulkan/icd.d", O_RDONLY|O_NONBLOCK|O_CLOEXEC|O_DIRECTORY) = -1 ENOENT (No such file or directory)
10698 openat(AT_FDCWD, "/etc/vulkan/icd.d", O_RDONLY|O_NONBLOCK|O_CLOEXEC|O_DIRECTORY) = 16
10698 openat(AT_FDCWD, "/home/runner/work/deckrender-acceptance/deckrender-acceptance/benchmark/artifacts/acceptance/private/sandboxes/2365ad2a878ed3613b69a6ae2c0c55b8ecf5dc09a1a04ade3b6e00d41146f0b5/.local/share/vulkan/icd.d", O_RDONLY|O_NONBLOCK|O_CLOEXEC|O_DIRECTORY) = -1 ENOENT (No such file or directory)
10698 openat(AT_FDCWD, "/usr/local/share/vulkan/icd.d", O_RDONLY|O_NONBLOCK|O_CLOEXEC|O_DIRECTORY <unfinished ...>
10682 openat(AT_FDCWD, "/usr/share/fontconfig/conf.avail/11-lcdfilter-legacy.conf", O_RDONLY|O_CLOEXEC <unfinished ...>
10698 <... openat resumed>)             = -1 ENOENT (No such file or directory)
10698 openat(AT_FDCWD, "/usr/share/vulkan/icd.d", O_RDONLY|O_NONBLOCK|O_CLOEXEC|O_DIRECTORY <unfinished ...>
10682 <... openat resumed>)             = 37
10698 <... openat resumed>)             = -1 ENOENT (No such file or directory)
10698 openat(AT_FDCWD, "/home/runner/work/deckrender-acceptance/deckrender-acceptance/benchmark/artifacts/acceptance/private/sandboxes/2365ad2a878ed3613b69a6ae2c0c55b8ecf5dc09a1a04ade3b6e00d41146f0b5/config/vulkan/implicit_layer.d", O_RDONLY|O_NONBLOCK|O_CLOEXEC|O_DIRECTORY) = -1 ENOENT (No such file or directory)
10698 openat(AT_FDCWD, "/etc/xdg/vulkan/implicit_layer.d", O_RDONLY|O_NONBLOCK|O_CLOEXEC|O_DIRECTORY) = -1 ENOENT (No such file or directory)
10698 openat(AT_FDCWD, "/etc/vulkan/implicit_layer.d", O_RDONLY|O_NONBLOCK|O_CLOEXEC|O_DIRECTORY) = 16
10682 openat(AT_FDCWD, "/usr/share/fontconfig/conf.avail/11-lcdfilter-light.conf", O_RDONLY|O_CLOEXEC) = 37
10698 openat(AT_FDCWD, "/home/runner/work/deckrender-acceptance/deckrender-acceptance/benchmark/artifacts/acceptance/private/sandboxes/2365ad2a878ed3613b69a6ae2c0c55b8ecf5dc09a1a04ade3b6e00d41146f0b5/.local/share/vulkan/implicit_layer.d", O_RDONLY|O_NONBLOCK|O_CLOEXEC|O_DIRECTORY) = -1 ENOENT (No such file or directory)
10698 openat(AT_FDCWD, "/usr/local/share/vulkan/implicit_layer.d", O_RDONLY|O_NONBLOCK|O_CLOEXEC|O_DIRECTORY) = -1 ENOENT (No such file or directory)
10698 openat(AT_FDCWD, "/usr/share/vulkan/implicit_layer.d", O_RDONLY|O_NONBLOCK|O_CLOEXEC|O_DIRECTORY) = -1 ENOENT (No such file or directory)
10682 openat(AT_FDCWD, "/usr/share/fontconfig/conf.avail/11-lcdfilter-none.conf", O_RDONLY|O_CLOEXEC) = 37
10698 openat(AT_FDCWD, "/home/runner/work/deckrender-acceptance/deckrender-acceptance/benchmark/artifacts/acceptance/private/sandboxes/2365ad2a878ed3613b69a6ae2c0c55b8ecf5dc09a1a04ade3b6e00d41146f0b5/config/vulkan/implicit_layer.d", O_RDONLY|O_NONBLOCK|O_CLOEXEC|O_DIRECTORY) = -1 ENOENT (No such file or directory)
10698 openat(AT_FDCWD, "/etc/xdg/vulkan/implicit_layer.d", O_RDONLY|O_NONBLOCK|O_CLOEXEC|O_DIRECTORY) = -1 ENOENT (No such file or directory)
10698 openat(AT_FDCWD, "/etc/vulkan/implicit_layer.d", O_RDONLY|O_NONBLOCK|O_CLOEXEC|O_DIRECTORY) = 16
10698 openat(AT_FDCWD, "/home/runner/work/deckrender-acceptance/deckrender-acceptance/benchmark/artifacts/acceptance/private/sandboxes/2365ad2a878ed3613b69a6ae2c0c55b8ecf5dc09a1a04ade3b6e00d41146f0b5/.local/share/vulkan/implicit_layer.d", O_RDONLY|O_NONBLOCK|O_CLOEXEC|O_DIRECTORY <unfinished ...>
10682 openat(AT_FDCWD, "/usr/share/fontconfig/conf.avail/25-unhint-nonlatin.conf", O_RDONLY|O_CLOEXEC <unfinished ...>
10698 <... openat resumed>)             = -1 ENOENT (No such file or directory)
10698 openat(AT_FDCWD, "/usr/local/share/vulkan/implicit_layer.d", O_RDONLY|O_NONBLOCK|O_CLOEXEC|O_DIRECTORY <unfinished ...>
10682 <... openat resumed>)             = 37
10698 <... openat resumed>)             = -1 ENOENT (No such file or directory)
10698 openat(AT_FDCWD, "/usr/share/vulkan/implicit_layer.d", O_RDONLY|O_NONBLOCK|O_CLOEXEC|O_DIRECTORY) = -1 ENOENT (No such file or directory)
10698 openat(AT_FDCWD, "/home/runner/work/deckrender-acceptance/deckrender-acceptance/benchmark/artifacts/acceptance/private/sandboxes/2365ad2a878ed3613b69a6ae2c0c55b8ecf5dc09a1a04ade3b6e00d41146f0b5/config/vulkan/icd.d", O_RDONLY|O_NONBLOCK|O_CLOEXEC|O_DIRECTORY) = -1 ENOENT (No such file or directory)
10698 openat(AT_FDCWD, "/etc/xdg/vulkan/icd.d", O_RDONLY|O_NONBLOCK|O_CLOEXEC|O_DIRECTORY) = -1 ENOENT (No such file or directory)
10698 openat(AT_FDCWD, "/etc/vulkan/icd.d", O_RDONLY|O_NONBLOCK|O_CLOEXEC|O_DIRECTORY) = 16
10682 openat(AT_FDCWD, "/usr/share/fontconfig/conf.avail/35-lang-normalize.conf", O_RDONLY|O_CLOEXEC <unfinished ...>
10698 openat(AT_FDCWD, "/home/runner/work/deckrender-acceptance/deckrender-acceptance/benchmark/artifacts/acceptance/private/sandboxes/2365ad2a878ed3613b69a6ae2c0c55b8ecf5dc09a1a04ade3b6e00d41146f0b5/.local/share/vulkan/icd.d", O_RDONLY|O_NONBLOCK|O_CLOEXEC|O_DIRECTORY <unfinished ...>
10682 <... openat resumed>)             = 37
10698 <... openat resumed>)             = -1 ENOENT (No such file or directory)
10698 openat(AT_FDCWD, "/usr/local/share/vulkan/icd.d", O_RDONLY|O_NONBLOCK|O_CLOEXEC|O_DIRECTORY) = -1 ENOENT (No such file or directory)
10698 openat(AT_FDCWD, "/usr/share/vulkan/icd.d", O_RDONLY|O_NONBLOCK|O_CLOEXEC|O_DIRECTORY) = -1 ENOENT (No such file or directory)
10698 openat(AT_FDCWD, "/home/runner/work/deckrender-acceptance/deckrender-acceptance/benchmark/artifacts/acceptance/private/sandboxes/2365ad2a878ed3613b69a6ae2c0c55b8ecf5dc09a1a04ade3b6e00d41146f0b5/config/vulkan/implicit_layer.d", O_RDONLY|O_NONBLOCK|O_CLOEXEC|O_DIRECTORY) = -1 ENOENT (No such file or directory)
10698 openat(AT_FDCWD, "/etc/xdg/vulkan/implicit_layer.d", O_RDONLY|O_NONBLOCK|O_CLOEXEC|O_DIRECTORY) = -1 ENOENT (No such file or directory)
10698 openat(AT_FDCWD, "/etc/vulkan/implicit_layer.d", O_RDONLY|O_NONBLOCK|O_CLOEXEC|O_DIRECTORY) = 16
10698 openat(AT_FDCWD, "/home/runner/work/deckrender-acceptance/deckrender-acceptance/benchmark/artifacts/acceptance/private/sandboxes/2365ad2a878ed3613b69a6ae2c0c55b8ecf5dc09a1a04ade3b6e00d41146f0b5/.local/share/vulkan/implicit_layer.d", O_RDONLY|O_NONBLOCK|O_CLOEXEC|O_DIRECTORY) = -1 ENOENT (No such file or directory)
10698 openat(AT_FDCWD, "/usr/local/share/vulkan/implicit_layer.d", O_RDONLY|O_NONBLOCK|O_CLOEXEC|O_DIRECTORY) = -1 ENOENT (No such file or directory)
10698 openat(AT_FDCWD, "/usr/share/vulkan/implicit_layer.d", O_RDONLY|O_NONBLOCK|O_CLOEXEC|O_DIRECTORY) = -1 ENOENT (No such file or directory)
10698 openat(AT_FDCWD, "/home/runner/work/deckrender-acceptance/deckrender-acceptance/benchmark/artifacts/acceptance/private/sandboxes/2365ad2a878ed3613b69a6ae2c0c55b8ecf5dc09a1a04ade3b6e00d41146f0b5/config/vulkan/implicit_layer.d", O_RDONLY|O_NONBLOCK|O_CLOEXEC|O_DIRECTORY) = -1 ENOENT (No such file or directory)
10698 openat(AT_FDCWD, "/etc/xdg/vulkan/implicit_layer.d", O_RDONLY|O_NONBLOCK|O_CLOEXEC|O_DIRECTORY) = -1 ENOENT (No such file or directory)
10698 openat(AT_FDCWD, "/etc/vulkan/implicit_layer.d", O_RDONLY|O_NONBLOCK|O_CLOEXEC|O_DIRECTORY) = 16
10698 openat(AT_FDCWD, "/home/runner/work/deckrender-acceptance/deckrender-acceptance/benchmark/artifacts/acceptance/private/sandboxes/2365ad2a878ed3613b69a6ae2c0c55b8ecf5dc09a1a04ade3b6e00d41146f0b5/.local/share/vulkan/implicit_layer.d", O_RDONLY|O_NONBLOCK|O_CLOEXEC|O_DIRECTORY) = -1 ENOENT (No such file or directory)
10698 openat(AT_FDCWD, "/usr/local/share/vulkan/implicit_layer.d", O_RDONLY|O_NONBLOCK|O_CLOEXEC|O_DIRECTORY) = -1 ENOENT (No such file or directory)
10698 openat(AT_FDCWD, "/usr/share/vulkan/implicit_layer.d", O_RDONLY|O_NONBLOCK|O_CLOEXEC|O_DIRECTORY) = -1 ENOENT (No such file or directory)
10698 openat(AT_FDCWD, "/home/runner/work/deckrender-acceptance/deckrender-acceptance/benchmark/artifacts/acceptance/private/sandboxes/2365ad2a878ed3613b69a6ae2c0c55b8ecf5dc09a1a04ade3b6e00d41146f0b5/config/vulkan/explicit_layer.d", O_RDONLY|O_NONBLOCK|O_CLOEXEC|O_DIRECTORY) = -1 ENOENT (No such file or directory)
10698 openat(AT_FDCWD, "/etc/xdg/vulkan/explicit_layer.d", O_RDONLY|O_NONBLOCK|O_CLOEXEC|O_DIRECTORY) = -1 ENOENT (No such file or directory)
10698 openat(AT_FDCWD, "/etc/vulkan/explicit_layer.d", O_RDONLY|O_NONBLOCK|O_CLOEXEC|O_DIRECTORY) = 16
10698 openat(AT_FDCWD, "/home/runner/work/deckrender-acceptance/deckrender-acceptance/benchmark/artifacts/acceptance/private/sandboxes/2365ad2a878ed3613b69a6ae2c0c55b8ecf5dc09a1a04ade3b6e00d41146f0b5/.local/share/vulkan/explicit_layer.d", O_RDONLY|O_NONBLOCK|O_CLOEXEC|O_DIRECTORY) = -1 ENOENT (No such file or directory)
10698 openat(AT_FDCWD, "/usr/local/share/vulkan/explicit_layer.d", O_RDONLY|O_NONBLOCK|O_CLOEXEC|O_DIRECTORY) = -1 ENOENT (No such file or directory)
10698 openat(AT_FDCWD, "/usr/share/vulkan/explicit_layer.d", O_RDONLY|O_NONBLOCK|O_CLOEXEC|O_DIRECTORY) = -1 ENOENT (No such file or directory)
10698 openat(AT_FDCWD, "/home/runner/work/deckrender-acceptance/deckrender-acceptance/benchmark/artifacts/acceptance/private/sandboxes/2365ad2a878ed3613b69a6ae2c0c55b8ecf5dc09a1a04ade3b6e00d41146f0b5/config/vulkan/icd.d", O_RDONLY|O_NONBLOCK|O_CLOEXEC|O_DIRECTORY) = -1 ENOENT (No such file or directory)
10698 openat(AT_FDCWD, "/etc/xdg/vulkan/icd.d", O_RDONLY|O_NONBLOCK|O_CLOEXEC|O_DIRECTORY) = -1 ENOENT (No such file or directory)
10698 openat(AT_FDCWD, "/etc/vulkan/icd.d", O_RDONLY|O_NONBLOCK|O_CLOEXEC|O_DIRECTORY) = 16
10698 openat(AT_FDCWD, "/home/runner/work/deckrender-acceptance/deckrender-acceptance/benchmark/artifacts/acceptance/private/sandboxes/2365ad2a878ed3613b69a6ae2c0c55b8ecf5dc09a1a04ade3b6e00d41146f0b5/.local/share/vulkan/icd.d", O_RDONLY|O_NONBLOCK|O_CLOEXEC|O_DIRECTORY) = -1 ENOENT (No such file or directory)
10698 openat(AT_FDCWD, "/usr/local/share/vulkan/icd.d", O_RDONLY|O_NONBLOCK|O_CLOEXEC|O_DIRECTORY) = -1 ENOENT (No such file or directory)
10698 openat(AT_FDCWD, "/usr/share/vulkan/icd.d", O_RDONLY|O_NONBLOCK|O_CLOEXEC|O_DIRECTORY) = -1 ENOENT (No such file or directory)
10682 openat(AT_FDCWD, "/usr/share/fontconfig/conf.avail/53-monospace-lcd-filter.conf", O_RDONLY|O_CLOEXEC) = 37
10682 openat(AT_FDCWD, "/usr/share/fontconfig/conf.avail/65-khmer.conf", O_RDONLY|O_CLOEXEC) = 37
10698 openat(AT_FDCWD, "/opt/google/chrome/libvulkan.so", O_RDONLY|O_CLOEXEC) = -1 ENOENT (No such file or directory)
10698 openat(AT_FDCWD, "/opt/google/chrome/libvulkan.so.1", O_RDONLY|O_CLOEXEC) = 16
10682 openat(AT_FDCWD, "/usr/share/fontconfig/conf.avail/70-force-bitmaps.conf", O_RDONLY|O_CLOEXEC) = 37
10682 openat(AT_FDCWD, "/usr/share/fontconfig/conf.avail/70-no-bitmaps-and-emoji.conf", O_RDONLY|O_CLOEXEC) = 37
10698 openat(AT_FDCWD, "/home/runner/work/deckrender-acceptance/deckrender-acceptance/benchmark/artifacts/acceptance/private/sandboxes/2365ad2a878ed3613b69a6ae2c0c55b8ecf5dc09a1a04ade3b6e00d41146f0b5/config/vulkan/implicit_layer.d", O_RDONLY|O_NONBLOCK|O_CLOEXEC|O_DIRECTORY) = -1 ENOENT (No such file or directory)
10698 openat(AT_FDCWD, "/etc/xdg/vulkan/implicit_layer.d", O_RDONLY|O_NONBLOCK|O_CLOEXEC|O_DIRECTORY) = -1 ENOENT (No such file or directory)
10698 openat(AT_FDCWD, "/etc/vulkan/implicit_layer.d", O_RDONLY|O_NONBLOCK|O_CLOEXEC|O_DIRECTORY) = 16
10682 openat(AT_FDCWD, "/usr/share/fontconfig/conf.avail/70-no-bitmaps.conf", O_RDONLY|O_CLOEXEC) = 37
10698 openat(AT_FDCWD, "/home/runner/work/deckrender-acceptance/deckrender-acceptance/benchmark/artifacts/acceptance/private/sandboxes/2365ad2a878ed3613b69a6ae2c0c55b8ecf5dc09a1a04ade3b6e00d41146f0b5/.local/share/vulkan/implicit_layer.d", O_RDONLY|O_NONBLOCK|O_CLOEXEC|O_DIRECTORY) = -1 ENOENT (No such file or directory)
10698 openat(AT_FDCWD, "/usr/local/share/vulkan/implicit_layer.d", O_RDONLY|O_NONBLOCK|O_CLOEXEC|O_DIRECTORY) = -1 ENOENT (No such file or directory)
10698 openat(AT_FDCWD, "/usr/share/vulkan/implicit_layer.d", O_RDONLY|O_NONBLOCK|O_CLOEXEC|O_DIRECTORY) = -1 ENOENT (No such file or directory)
10682 openat(AT_FDCWD, "/usr/share/fontconfig/conf.avail/70-yes-bitmaps.conf", O_RDONLY|O_CLOEXEC) = 37
10698 openat(AT_FDCWD, "/home/runner/work/deckrender-acceptance/deckrender-acceptance/benchmark/artifacts/acceptance/private/sandboxes/2365ad2a878ed3613b69a6ae2c0c55b8ecf5dc09a1a04ade3b6e00d41146f0b5/config/vulkan/implicit_layer.d", O_RDONLY|O_NONBLOCK|O_CLOEXEC|O_DIRECTORY) = -1 ENOENT (No such file or directory)
10698 openat(AT_FDCWD, "/etc/xdg/vulkan/implicit_layer.d", O_RDONLY|O_NONBLOCK|O_CLOEXEC|O_DIRECTORY) = -1 ENOENT (No such file or directory)
10698 openat(AT_FDCWD, "/etc/vulkan/implicit_layer.d", O_RDONLY|O_NONBLOCK|O_CLOEXEC|O_DIRECTORY) = 16
10682 openat(AT_FDCWD, "/usr/local/share/fonts", O_RDONLY|O_CLOEXEC) = 34
10698 openat(AT_FDCWD, "/home/runner/work/deckrender-acceptance/deckrender-acceptance/benchmark/artifacts/acceptance/private/sandboxes/2365ad2a878ed3613b69a6ae2c0c55b8ecf5dc09a1a04ade3b6e00d41146f0b5/.local/share/vulkan/implicit_layer.d", O_RDONLY|O_NONBLOCK|O_CLOEXEC|O_DIRECTORY) = -1 ENOENT (No such file or directory)
10698 openat(AT_FDCWD, "/usr/local/share/vulkan/implicit_layer.d", O_RDONLY|O_NONBLOCK|O_CLOEXEC|O_DIRECTORY <unfinished ...>
10682 openat(AT_FDCWD, "/var/cache/fontconfig/4c599c202bc5c08e2d34565a40eac3b2-le64.cache-11", O_RDONLY|O_CLOEXEC <unfinished ...>
10698 <... openat resumed>)             = -1 ENOENT (No such file or directory)
10682 <... openat resumed>)             = -1 ENOENT (No such file or directory)
10698 openat(AT_FDCWD, "/usr/share/vulkan/implicit_layer.d", O_RDONLY|O_NONBLOCK|O_CLOEXEC|O_DIRECTORY <unfinished ...>
10682 openat(AT_FDCWD, "/usr/local/share/fonts/.uuid", O_RDONLY|O_CLOEXEC <unfinished ...>
10698 <... openat resumed>)             = -1 ENOENT (No such file or directory)
10682 <... openat resumed>)             = -1 ENOENT (No such file or directory)
10682 openat(AT_FDCWD, "/home/runner/work/deckrender-acceptance/deckrender-acceptance/benchmark/artifacts/acceptance/private/sandboxes/2365ad2a878ed3613b69a6ae2c0c55b8ecf5dc09a1a04ade3b6e00d41146f0b5/.cache/fontconfig/4c599c202bc5c08e2d34565a40eac3b2-le64.cache-11", O_RDONLY|O_CLOEXEC <unfinished ...>
10698 openat(AT_FDCWD, "/home/runner/work/deckrender-acceptance/deckrender-acceptance/benchmark/artifacts/acceptance/private/sandboxes/2365ad2a878ed3613b69a6ae2c0c55b8ecf5dc09a1a04ade3b6e00d41146f0b5/config/vulkan/implicit_layer.d", O_RDONLY|O_NONBLOCK|O_CLOEXEC|O_DIRECTORY <unfinished ...>
10682 <... openat resumed>)             = -1 ENOENT (No such file or directory)
10698 <... openat resumed>)             = -1 ENOENT (No such file or directory)
10682 openat(AT_FDCWD, "/usr/local/share/fonts/.uuid", O_RDONLY|O_CLOEXEC <unfinished ...>
10698 openat(AT_FDCWD, "/etc/xdg/vulkan/implicit_layer.d", O_RDONLY|O_NONBLOCK|O_CLOEXEC|O_DIRECTORY <unfinished ...>
10682 <... openat resumed>)             = -1 ENOENT (No such file or directory)
10698 <... openat resumed>)             = -1 ENOENT (No such file or directory)
10682 openat(AT_FDCWD, "/home/runner/work/deckrender-acceptance/deckrender-acceptance/benchmark/artifacts/acceptance/private/sandboxes/2365ad2a878ed3613b69a6ae2c0c55b8ecf5dc09a1a04ade3b6e00d41146f0b5/.fontconfig/4c599c202bc5c08e2d34565a40eac3b2-le64.cache-11", O_RDONLY|O_CLOEXEC <unfinished ...>
10698 openat(AT_FDCWD, "/etc/vulkan/implicit_layer.d", O_RDONLY|O_NONBLOCK|O_CLOEXEC|O_DIRECTORY) = 16
10682 <... openat resumed>)             = -1 ENOENT (No such file or directory)
10682 openat(AT_FDCWD, "/usr/local/share/fonts/.uuid", O_RDONLY|O_CLOEXEC) = -1 ENOENT (No such file or directory)
10682 openat(AT_FDCWD, "/usr/local/share/fonts", O_RDONLY|O_CLOEXEC <unfinished ...>
10698 openat(AT_FDCWD, "/home/runner/work/deckrender-acceptance/deckrender-acceptance/benchmark/artifacts/acceptance/private/sandboxes/2365ad2a878ed3613b69a6ae2c0c55b8ecf5dc09a1a04ade3b6e00d41146f0b5/.local/share/vulkan/implicit_layer.d", O_RDONLY|O_NONBLOCK|O_CLOEXEC|O_DIRECTORY <unfinished ...>
10682 <... openat resumed>)             = 34
10698 <... openat resumed>)             = -1 ENOENT (No such file or directory)
10698 openat(AT_FDCWD, "/usr/local/share/vulkan/implicit_layer.d", O_RDONLY|O_NONBLOCK|O_CLOEXEC|O_DIRECTORY) = -1 ENOENT (No such file or directory)
10698 openat(AT_FDCWD, "/usr/share/vulkan/implicit_layer.d", O_RDONLY|O_NONBLOCK|O_CLOEXEC|O_DIRECTORY) = -1 ENOENT (No such file or directory)
10682 openat(AT_FDCWD, "/var/cache/fontconfig/4c599c202bc5c08e2d34565a40eac3b2-le64.cache-11", O_RDWR|O_CLOEXEC) = -1 ENOENT (No such file or directory)
10698 openat(AT_FDCWD, "/home/runner/work/deckrender-acceptance/deckrender-acceptance/benchmark/artifacts/acceptance/private/sandboxes/2365ad2a878ed3613b69a6ae2c0c55b8ecf5dc09a1a04ade3b6e00d41146f0b5/config/vulkan/explicit_layer.d", O_RDONLY|O_NONBLOCK|O_CLOEXEC|O_DIRECTORY <unfinished ...>
10682 openat(AT_FDCWD, "/home/runner/work/deckrender-acceptance/deckrender-acceptance/benchmark/artifacts/acceptance/private/sandboxes/2365ad2a878ed3613b69a6ae2c0c55b8ecf5dc09a1a04ade3b6e00d41146f0b5/.cache/fontconfig/4c599c202bc5c08e2d34565a40eac3b2-le64.cache-11", O_RDWR|O_CLOEXEC <unfinished ...>
10698 <... openat resumed>)             = -1 ENOENT (No such file or directory)
10682 <... openat resumed>)             = -1 ENOENT (No such file or directory)
10698 openat(AT_FDCWD, "/etc/xdg/vulkan/explicit_layer.d", O_RDONLY|O_NONBLOCK|O_CLOEXEC|O_DIRECTORY <unfinished ...>
10682 openat(AT_FDCWD, "/home/runner/work/deckrender-acceptance/deckrender-acceptance/benchmark/artifacts/acceptance/private/sandboxes/2365ad2a878ed3613b69a6ae2c0c55b8ecf5dc09a1a04ade3b6e00d41146f0b5/.fontconfig/4c599c202bc5c08e2d34565a40eac3b2-le64.cache-11", O_RDWR|O_CLOEXEC <unfinished ...>
10698 <... openat resumed>)             = -1 ENOENT (No such file or directory)
10682 <... openat resumed>)             = -1 ENOENT (No such file or directory)
10698 openat(AT_FDCWD, "/etc/vulkan/explicit_layer.d", O_RDONLY|O_NONBLOCK|O_CLOEXEC|O_DIRECTORY) = 16
10682 openat(AT_FDCWD, "/usr/local/share/fonts", O_RDONLY|O_NONBLOCK|O_CLOEXEC|O_DIRECTORY) = 34
10698 openat(AT_FDCWD, "/home/runner/work/deckrender-acceptance/deckrender-acceptance/benchmark/artifacts/acceptance/private/sandboxes/2365ad2a878ed3613b69a6ae2c0c55b8ecf5dc09a1a04ade3b6e00d41146f0b5/.local/share/vulkan/explicit_layer.d", O_RDONLY|O_NONBLOCK|O_CLOEXEC|O_DIRECTORY) = -1 ENOENT (No such file or directory)
10698 openat(AT_FDCWD, "/usr/local/share/vulkan/explicit_layer.d", O_RDONLY|O_NONBLOCK|O_CLOEXEC|O_DIRECTORY) = -1 ENOENT (No such file or directory)
10698 openat(AT_FDCWD, "/usr/share/vulkan/explicit_layer.d", O_RDONLY|O_NONBLOCK|O_CLOEXEC|O_DIRECTORY) = -1 ENOENT (No such file or directory)
10698 openat(AT_FDCWD, "/home/runner/work/deckrender-acceptance/deckrender-acceptance/benchmark/artifacts/acceptance/private/sandboxes/2365ad2a878ed3613b69a6ae2c0c55b8ecf5dc09a1a04ade3b6e00d41146f0b5/config/vulkan/implicit_layer.d", O_RDONLY|O_NONBLOCK|O_CLOEXEC|O_DIRECTORY) = -1 ENOENT (No such file or directory)
10698 openat(AT_FDCWD, "/etc/xdg/vulkan/implicit_layer.d", O_RDONLY|O_NONBLOCK|O_CLOEXEC|O_DIRECTORY) = -1 ENOENT (No such file or directory)
10698 openat(AT_FDCWD, "/etc/vulkan/implicit_layer.d", O_RDONLY|O_NONBLOCK|O_CLOEXEC|O_DIRECTORY) = 16
10682 openat(AT_FDCWD, "/home/runner/work/deckrender-acceptance/deckrender-acceptance/benchmark/artifacts/acceptance/private/sandboxes/2365ad2a878ed3613b69a6ae2c0c55b8ecf5dc09a1a04ade3b6e00d41146f0b5/.cache/fontconfig/CACHEDIR.TAG.TMP-T2JmO2", O_RDWR|O_CREAT|O_EXCL, 0600) = 34
10698 openat(AT_FDCWD, "/home/runner/work/deckrender-acceptance/deckrender-acceptance/benchmark/artifacts/acceptance/private/sandboxes/2365ad2a878ed3613b69a6ae2c0c55b8ecf5dc09a1a04ade3b6e00d41146f0b5/.local/share/vulkan/implicit_layer.d", O_RDONLY|O_NONBLOCK|O_CLOEXEC|O_DIRECTORY) = -1 ENOENT (No such file or directory)
10698 openat(AT_FDCWD, "/usr/local/share/vulkan/implicit_layer.d", O_RDONLY|O_NONBLOCK|O_CLOEXEC|O_DIRECTORY) = -1 ENOENT (No such file or directory)
10698 openat(AT_FDCWD, "/usr/share/vulkan/implicit_layer.d", O_RDONLY|O_NONBLOCK|O_CLOEXEC|O_DIRECTORY) = -1 ENOENT (No such file or directory)
10682 openat(AT_FDCWD, "/home/runner/work/deckrender-acceptance/deckrender-acceptance/benchmark/artifacts/acceptance/private/sandboxes/2365ad2a878ed3613b69a6ae2c0c55b8ecf5dc09a1a04ade3b6e00d41146f0b5/.cache/fontconfig/CACHEDIR.TAG.NEW", O_RDWR|O_CREAT|O_CLOEXEC, 0644 <unfinished ...>
10698 openat(AT_FDCWD, "/home/runner/work/deckrender-acceptance/deckrender-acceptance/benchmark/artifacts/acceptance/private/sandboxes/2365ad2a878ed3613b69a6ae2c0c55b8ecf5dc09a1a04ade3b6e00d41146f0b5/config/vulkan/implicit_layer.d", O_RDONLY|O_NONBLOCK|O_CLOEXEC|O_DIRECTORY) = -1 ENOENT (No such file or directory)
10682 <... openat resumed>)             = 34
10698 openat(AT_FDCWD, "/etc/xdg/vulkan/implicit_layer.d", O_RDONLY|O_NONBLOCK|O_CLOEXEC|O_DIRECTORY) = -1 ENOENT (No such file or directory)
10698 openat(AT_FDCWD, "/etc/vulkan/implicit_layer.d", O_RDONLY|O_NONBLOCK|O_CLOEXEC|O_DIRECTORY) = 16
10698 openat(AT_FDCWD, "/home/runner/work/deckrender-acceptance/deckrender-acceptance/benchmark/artifacts/acceptance/private/sandboxes/2365ad2a878ed3613b69a6ae2c0c55b8ecf5dc09a1a04ade3b6e00d41146f0b5/.local/share/vulkan/implicit_layer.d", O_RDONLY|O_NONBLOCK|O_CLOEXEC|O_DIRECTORY <unfinished ...>
10682 openat(AT_FDCWD, "/home/runner/work/deckrender-acceptance/deckrender-acceptance/benchmark/artifacts/acceptance/private/sandboxes/2365ad2a878ed3613b69a6ae2c0c55b8ecf5dc09a1a04ade3b6e00d41146f0b5/.cache/fontconfig/4c599c202bc5c08e2d34565a40eac3b2-le64.cache-11.TMP-Xmezqu", O_RDWR|O_CREAT|O_EXCL, 0600 <unfinished ...>
10698 <... openat resumed>)             = -1 ENOENT (No such file or directory)
10698 openat(AT_FDCWD, "/usr/local/share/vulkan/implicit_layer.d", O_RDONLY|O_NONBLOCK|O_CLOEXEC|O_DIRECTORY <unfinished ...>
10682 <... openat resumed>)             = 34
10698 <... openat resumed>)             = -1 ENOENT (No such file or directory)
10698 openat(AT_FDCWD, "/usr/share/vulkan/implicit_layer.d", O_RDONLY|O_NONBLOCK|O_CLOEXEC|O_DIRECTORY) = -1 ENOENT (No such file or directory)
10698 openat(AT_FDCWD, "/opt/google/chrome/./vk_swiftshader_icd.json", O_RDONLY) = 16
10698 openat(AT_FDCWD, "/opt/google/chrome/././libvk_swiftshader.so", O_RDONLY|O_CLOEXEC) = 16
10682 openat(AT_FDCWD, "/home/runner/work/deckrender-acceptance/deckrender-acceptance/benchmark/artifacts/acceptance/private/sandboxes/2365ad2a878ed3613b69a6ae2c0c55b8ecf5dc09a1a04ade3b6e00d41146f0b5/.cache/fontconfig/4c599c202bc5c08e2d34565a40eac3b2-le64.cache-11.NEW", O_RDWR|O_CREAT|O_CLOEXEC, 0666) = 34
10682 openat(AT_FDCWD, "/usr/share/fonts", O_RDONLY|O_CLOEXEC) = 34
10682 openat(AT_FDCWD, "/var/cache/fontconfig/3830d5c3ddfd5cd38a049b759396e72e-le64.cache-11", O_RDONLY|O_CLOEXEC) = -1 ENOENT (No such file or directory)
10682 openat(AT_FDCWD, "/usr/share/fonts/.uuid", O_RDONLY|O_CLOEXEC) = -1 ENOENT (No such file or directory)
10682 openat(AT_FDCWD, "/home/runner/work/deckrender-acceptance/deckrender-acceptance/benchmark/artifacts/acceptance/private/sandboxes/2365ad2a878ed3613b69a6ae2c0c55b8ecf5dc09a1a04ade3b6e00d41146f0b5/.cache/fontconfig/3830d5c3ddfd5cd38a049b759396e72e-le64.cache-11", O_RDONLY|O_CLOEXEC) = -1 ENOENT (No such file or directory)
10682 openat(AT_FDCWD, "/usr/share/fonts/.uuid", O_RDONLY|O_CLOEXEC) = -1 ENOENT (No such file or directory)
10682 openat(AT_FDCWD, "/home/runner/work/deckrender-acceptance/deckrender-acceptance/benchmark/artifacts/acceptance/private/sandboxes/2365ad2a878ed3613b69a6ae2c0c55b8ecf5dc09a1a04ade3b6e00d41146f0b5/.fontconfig/3830d5c3ddfd5cd38a049b759396e72e-le64.cache-11", O_RDONLY|O_CLOEXEC) = -1 ENOENT (No such file or directory)
10682 openat(AT_FDCWD, "/usr/share/fonts/.uuid", O_RDONLY|O_CLOEXEC) = -1 ENOENT (No such file or directory)
10682 openat(AT_FDCWD, "/usr/share/fonts", O_RDONLY|O_CLOEXEC) = 34
10682 openat(AT_FDCWD, "/var/cache/fontconfig/3830d5c3ddfd5cd38a049b759396e72e-le64.cache-11", O_RDWR|O_CLOEXEC) = -1 ENOENT (No such file or directory)
10682 openat(AT_FDCWD, "/home/runner/work/deckrender-acceptance/deckrender-acceptance/benchmark/artifacts/acceptance/private/sandboxes/2365ad2a878ed3613b69a6ae2c0c55b8ecf5dc09a1a04ade3b6e00d41146f0b5/.cache/fontconfig/3830d5c3ddfd5cd38a049b759396e72e-le64.cache-11", O_RDWR|O_CLOEXEC) = -1 ENOENT (No such file or directory)
10682 openat(AT_FDCWD, "/home/runner/work/deckrender-acceptance/deckrender-acceptance/benchmark/artifacts/acceptance/private/sandboxes/2365ad2a878ed3613b69a6ae2c0c55b8ecf5dc09a1a04ade3b6e00d41146f0b5/.fontconfig/3830d5c3ddfd5cd38a049b759396e72e-le64.cache-11", O_RDWR|O_CLOEXEC) = -1 ENOENT (No such file or directory)
10682 openat(AT_FDCWD, "/usr/share/fonts", O_RDONLY|O_NONBLOCK|O_CLOEXEC|O_DIRECTORY) = 34
10698 openat(AT_FDCWD, "/opt/google/chrome/./vk_swiftshader_icd.json", O_RDONLY) = 16
10698 openat(AT_FDCWD, "/opt/hostedtoolcache/Python/3.12.14/x64/lib/libwayland-client.so.0", O_RDONLY|O_CLOEXEC) = -1 ENOENT (No such file or directory)
10698 openat(AT_FDCWD, "/etc/ld.so.cache", O_RDONLY|O_CLOEXEC) = 16
10682 openat(AT_FDCWD, "/home/runner/work/deckrender-acceptance/deckrender-acceptance/benchmark/artifacts/acceptance/private/sandboxes/2365ad2a878ed3613b69a6ae2c0c55b8ecf5dc09a1a04ade3b6e00d41146f0b5/.cache/fontconfig/3830d5c3ddfd5cd38a049b759396e72e-le64.cache-11.TMP-afqUqD", O_RDWR|O_CREAT|O_EXCL, 0600) = 34
10698 openat(AT_FDCWD, "/lib/x86_64-linux-gnu/libwayland-client.so.0", O_RDONLY|O_CLOEXEC) = 16
10682 openat(AT_FDCWD, "/home/runner/work/deckrender-acceptance/deckrender-acceptance/benchmark/artifacts/acceptance/private/sandboxes/2365ad2a878ed3613b69a6ae2c0c55b8ecf5dc09a1a04ade3b6e00d41146f0b5/.cache/fontconfig/3830d5c3ddfd5cd38a049b759396e72e-le64.cache-11.NEW", O_RDWR|O_CREAT|O_CLOEXEC, 0666) = 34
10698 openat(AT_FDCWD, "/home/runner/work/deckrender-acceptance/deckrender-acceptance/benchmark/artifacts/acceptance/private/sandboxes/2365ad2a878ed3613b69a6ae2c0c55b8ecf5dc09a1a04ade3b6e00d41146f0b5/config/vulkan/implicit_layer.d", O_RDONLY|O_NONBLOCK|O_CLOEXEC|O_DIRECTORY) = -1 ENOENT (No such file or directory)
10698 openat(AT_FDCWD, "/etc/xdg/vulkan/implicit_layer.d", O_RDONLY|O_NONBLOCK|O_CLOEXEC|O_DIRECTORY) = -1 ENOENT (No such file or directory)
10698 openat(AT_FDCWD, "/etc/vulkan/implicit_layer.d", O_RDONLY|O_NONBLOCK|O_CLOEXEC|O_DIRECTORY) = 16
10682 openat(AT_FDCWD, "/usr/share/fonts/opentype", O_RDONLY|O_CLOEXEC <unfinished ...>
10698 openat(AT_FDCWD, "/home/runner/work/deckrender-acceptance/deckrender-acceptance/benchmark/artifacts/acceptance/private/sandboxes/2365ad2a878ed3613b69a6ae2c0c55b8ecf5dc09a1a04ade3b6e00d41146f0b5/.local/share/vulkan/implicit_layer.d", O_RDONLY|O_NONBLOCK|O_CLOEXEC|O_DIRECTORY <unfinished ...>
10682 <... openat resumed>)             = 34
10698 <... openat resumed>)             = -1 ENOENT (No such file or directory)
10698 openat(AT_FDCWD, "/usr/local/share/vulkan/implicit_layer.d", O_RDONLY|O_NONBLOCK|O_CLOEXEC|O_DIRECTORY) = -1 ENOENT (No such file or directory)
10698 openat(AT_FDCWD, "/usr/share/vulkan/implicit_layer.d", O_RDONLY|O_NONBLOCK|O_CLOEXEC|O_DIRECTORY) = -1 ENOENT (No such file or directory)
10682 openat(AT_FDCWD, "/var/cache/fontconfig/573ec803664ed168555e0e8b6d0f0c7f-le64.cache-11", O_RDONLY|O_CLOEXEC) = -1 ENOENT (No such file or directory)
10682 openat(AT_FDCWD, "/usr/share/fonts/opentype/.uuid", O_RDONLY|O_CLOEXEC) = -1 ENOENT (No such file or directory)
10682 openat(AT_FDCWD, "/home/runner/work/deckrender-acceptance/deckrender-acceptance/benchmark/artifacts/acceptance/private/sandboxes/2365ad2a878ed3613b69a6ae2c0c55b8ecf5dc09a1a04ade3b6e00d41146f0b5/.cache/fontconfig/573ec803664ed168555e0e8b6d0f0c7f-le64.cache-11", O_RDONLY|O_CLOEXEC) = -1 ENOENT (No such file or directory)
10682 openat(AT_FDCWD, "/usr/share/fonts/opentype/.uuid", O_RDONLY|O_CLOEXEC) = -1 ENOENT (No such file or directory)
10682 openat(AT_FDCWD, "/home/runner/work/deckrender-acceptance/deckrender-acceptance/benchmark/artifacts/acceptance/private/sandboxes/2365ad2a878ed3613b69a6ae2c0c55b8ecf5dc09a1a04ade3b6e00d41146f0b5/.fontconfig/573ec803664ed168555e0e8b6d0f0c7f-le64.cache-11", O_RDONLY|O_CLOEXEC) = -1 ENOENT (No such file or directory)
10682 openat(AT_FDCWD, "/usr/share/fonts/opentype/.uuid", O_RDONLY|O_CLOEXEC <unfinished ...>
10698 openat(AT_FDCWD, "/home/runner/work/deckrender-acceptance/deckrender-acceptance/benchmark/artifacts/acceptance/private/sandboxes/2365ad2a878ed3613b69a6ae2c0c55b8ecf5dc09a1a04ade3b6e00d41146f0b5/config/vulkan/implicit_layer.d", O_RDONLY|O_NONBLOCK|O_CLOEXEC|O_DIRECTORY <unfinished ...>
10682 <... openat resumed>)             = -1 ENOENT (No such file or directory)
10698 <... openat resumed>)             = -1 ENOENT (No such file or directory)
10698 openat(AT_FDCWD, "/etc/xdg/vulkan/implicit_layer.d", O_RDONLY|O_NONBLOCK|O_CLOEXEC|O_DIRECTORY) = -1 ENOENT (No such file or directory)
10698 openat(AT_FDCWD, "/etc/vulkan/implicit_layer.d", O_RDONLY|O_NONBLOCK|O_CLOEXEC|O_DIRECTORY) = 16
10682 openat(AT_FDCWD, "/usr/share/fonts/opentype", O_RDONLY|O_CLOEXEC) = 34
10682 openat(AT_FDCWD, "/var/cache/fontconfig/573ec803664ed168555e0e8b6d0f0c7f-le64.cache-11", O_RDWR|O_CLOEXEC) = -1 ENOENT (No such file or directory)
10682 openat(AT_FDCWD, "/home/runner/work/deckrender-acceptance/deckrender-acceptance/benchmark/artifacts/acceptance/private/sandboxes/2365ad2a878ed3613b69a6ae2c0c55b8ecf5dc09a1a04ade3b6e00d41146f0b5/.cache/fontconfig/573ec803664ed168555e0e8b6d0f0c7f-le64.cache-11", O_RDWR|O_CLOEXEC <unfinished ...>
10698 openat(AT_FDCWD, "/home/runner/work/deckrender-acceptance/deckrender-acceptance/benchmark/artifacts/acceptance/private/sandboxes/2365ad2a878ed3613b69a6ae2c0c55b8ecf5dc09a1a04ade3b6e00d41146f0b5/.local/share/vulkan/implicit_layer.d", O_RDONLY|O_NONBLOCK|O_CLOEXEC|O_DIRECTORY <unfinished ...>
10682 <... openat resumed>)             = -1 ENOENT (No such file or directory)
10698 <... openat resumed>)             = -1 ENOENT (No such file or directory)
10682 openat(AT_FDCWD, "/home/runner/work/deckrender-acceptance/deckrender-acceptance/benchmark/artifacts/acceptance/private/sandboxes/2365ad2a878ed3613b69a6ae2c0c55b8ecf5dc09a1a04ade3b6e00d41146f0b5/.fontconfig/573ec803664ed168555e0e8b6d0f0c7f-le64.cache-11", O_RDWR|O_CLOEXEC <unfinished ...>
10698 openat(AT_FDCWD, "/usr/local/share/vulkan/implicit_layer.d", O_RDONLY|O_NONBLOCK|O_CLOEXEC|O_DIRECTORY <unfinished ...>
10682 <... openat resumed>)             = -1 ENOENT (No such file or directory)
10698 <... openat resumed>)             = -1 ENOENT (No such file or directory)
10682 openat(AT_FDCWD, "/usr/share/fonts/opentype", O_RDONLY|O_NONBLOCK|O_CLOEXEC|O_DIRECTORY <unfinished ...>
10698 openat(AT_FDCWD, "/usr/share/vulkan/implicit_layer.d", O_RDONLY|O_NONBLOCK|O_CLOEXEC|O_DIRECTORY <unfinished ...>
10682 <... openat resumed>)             = 34
10698 <... openat resumed>)             = -1 ENOENT (No such file or directory)
10698 openat(AT_FDCWD, "/opt/google/chrome/./vk_swiftshader_icd.json", O_RDONLY) = 16
10698 openat(AT_FDCWD, "/home/runner/work/deckrender-acceptance/deckrender-acceptance/benchmark/artifacts/acceptance/private/sandboxes/2365ad2a878ed3613b69a6ae2c0c55b8ecf5dc09a1a04ade3b6e00d41146f0b5/config/vulkan/implicit_layer.d", O_RDONLY|O_NONBLOCK|O_CLOEXEC|O_DIRECTORY) = -1 ENOENT (No such file or directory)
10698 openat(AT_FDCWD, "/etc/xdg/vulkan/implicit_layer.d", O_RDONLY|O_NONBLOCK|O_CLOEXEC|O_DIRECTORY) = -1 ENOENT (No such file or directory)
10682 openat(AT_FDCWD, "/home/runner/work/deckrender-acceptance/deckrender-acceptance/benchmark/artifacts/acceptance/private/sandboxes/2365ad2a878ed3613b69a6ae2c0c55b8ecf5dc09a1a04ade3b6e00d41146f0b5/.cache/fontconfig/573ec803664ed168555e0e8b6d0f0c7f-le64.cache-11.TMP-nlSpkv", O_RDWR|O_CREAT|O_EXCL, 0600 <unfinished ...>
10698 openat(AT_FDCWD, "/etc/vulkan/implicit_layer.d", O_RDONLY|O_NONBLOCK|O_CLOEXEC|O_DIRECTORY) = 16
10682 <... openat resumed>)             = 34
10698 openat(AT_FDCWD, "/home/runner/work/deckrender-acceptance/deckrender-acceptance/benchmark/artifacts/acceptance/private/sandboxes/2365ad2a878ed3613b69a6ae2c0c55b8ecf5dc09a1a04ade3b6e00d41146f0b5/.local/share/vulkan/implicit_layer.d", O_RDONLY|O_NONBLOCK|O_CLOEXEC|O_DIRECTORY) = -1 ENOENT (No such file or directory)
10698 openat(AT_FDCWD, "/usr/local/share/vulkan/implicit_layer.d", O_RDONLY|O_NONBLOCK|O_CLOEXEC|O_DIRECTORY) = -1 ENOENT (No such file or directory)
10698 openat(AT_FDCWD, "/usr/share/vulkan/implicit_layer.d", O_RDONLY|O_NONBLOCK|O_CLOEXEC|O_DIRECTORY) = -1 ENOENT (No such file or directory)
10682 openat(AT_FDCWD, "/home/runner/work/deckrender-acceptance/deckrender-acceptance/benchmark/artifacts/acceptance/private/sandboxes/2365ad2a878ed3613b69a6ae2c0c55b8ecf5dc09a1a04ade3b6e00d41146f0b5/.cache/fontconfig/573ec803664ed168555e0e8b6d0f0c7f-le64.cache-11.NEW", O_RDWR|O_CREAT|O_CLOEXEC, 0666) = 34
10698 openat(AT_FDCWD, "/home/runner/work/deckrender-acceptance/deckrender-acceptance/benchmark/artifacts/acceptance/private/sandboxes/2365ad2a878ed3613b69a6ae2c0c55b8ecf5dc09a1a04ade3b6e00d41146f0b5/config/vulkan/implicit_layer.d", O_RDONLY|O_NONBLOCK|O_CLOEXEC|O_DIRECTORY) = -1 ENOENT (No such file or directory)
10698 openat(AT_FDCWD, "/etc/xdg/vulkan/implicit_layer.d", O_RDONLY|O_NONBLOCK|O_CLOEXEC|O_DIRECTORY) = -1 ENOENT (No such file or directory)
10682 openat(AT_FDCWD, "/usr/share/fonts/truetype", O_RDONLY|O_CLOEXEC <unfinished ...>
10698 openat(AT_FDCWD, "/etc/vulkan/implicit_layer.d", O_RDONLY|O_NONBLOCK|O_CLOEXEC|O_DIRECTORY <unfinished ...>
10682 <... openat resumed>)             = 34
10698 <... openat resumed>)             = 16
10682 openat(AT_FDCWD, "/var/cache/fontconfig/7ef2298fde41cc6eeb7af42e48b7d293-le64.cache-11", O_RDONLY|O_CLOEXEC) = -1 ENOENT (No such file or directory)
10682 openat(AT_FDCWD, "/usr/share/fonts/truetype/.uuid", O_RDONLY|O_CLOEXEC) = -1 ENOENT (No such file or directory)
10682 openat(AT_FDCWD, "/home/runner/work/deckrender-acceptance/deckrender-acceptance/benchmark/artifacts/acceptance/private/sandboxes/2365ad2a878ed3613b69a6ae2c0c55b8ecf5dc09a1a04ade3b6e00d41146f0b5/.cache/fontconfig/7ef2298fde41cc6eeb7af42e48b7d293-le64.cache-11", O_RDONLY|O_CLOEXEC <unfinished ...>
10698 openat(AT_FDCWD, "/home/runner/work/deckrender-acceptance/deckrender-acceptance/benchmark/artifacts/acceptance/private/sandboxes/2365ad2a878ed3613b69a6ae2c0c55b8ecf5dc09a1a04ade3b6e00d41146f0b5/.local/share/vulkan/implicit_layer.d", O_RDONLY|O_NONBLOCK|O_CLOEXEC|O_DIRECTORY <unfinished ...>
10682 <... openat resumed>)             = -1 ENOENT (No such file or directory)
10698 <... openat resumed>)             = -1 ENOENT (No such file or directory)
10682 openat(AT_FDCWD, "/usr/share/fonts/truetype/.uuid", O_RDONLY|O_CLOEXEC <unfinished ...>
10698 openat(AT_FDCWD, "/usr/local/share/vulkan/implicit_layer.d", O_RDONLY|O_NONBLOCK|O_CLOEXEC|O_DIRECTORY <unfinished ...>
10682 <... openat resumed>)             = -1 ENOENT (No such file or directory)
10698 <... openat resumed>)             = -1 ENOENT (No such file or directory)
10682 openat(AT_FDCWD, "/home/runner/work/deckrender-acceptance/deckrender-acceptance/benchmark/artifacts/acceptance/private/sandboxes/2365ad2a878ed3613b69a6ae2c0c55b8ecf5dc09a1a04ade3b6e00d41146f0b5/.fontconfig/7ef2298fde41cc6eeb7af42e48b7d293-le64.cache-11", O_RDONLY|O_CLOEXEC <unfinished ...>
10698 openat(AT_FDCWD, "/usr/share/vulkan/implicit_layer.d", O_RDONLY|O_NONBLOCK|O_CLOEXEC|O_DIRECTORY <unfinished ...>
10682 <... openat resumed>)             = -1 ENOENT (No such file or directory)
10698 <... openat resumed>)             = -1 ENOENT (No such file or directory)
10682 openat(AT_FDCWD, "/usr/share/fonts/truetype/.uuid", O_RDONLY|O_CLOEXEC) = -1 ENOENT (No such file or directory)
10698 openat(AT_FDCWD, "/home/runner/work/deckrender-acceptance/deckrender-acceptance/benchmark/artifacts/acceptance/private/sandboxes/2365ad2a878ed3613b69a6ae2c0c55b8ecf5dc09a1a04ade3b6e00d41146f0b5/config/vulkan/explicit_layer.d", O_RDONLY|O_NONBLOCK|O_CLOEXEC|O_DIRECTORY) = -1 ENOENT (No such file or directory)
10698 openat(AT_FDCWD, "/etc/xdg/vulkan/explicit_layer.d", O_RDONLY|O_NONBLOCK|O_CLOEXEC|O_DIRECTORY) = -1 ENOENT (No such file or directory)
10698 openat(AT_FDCWD, "/etc/vulkan/explicit_layer.d", O_RDONLY|O_NONBLOCK|O_CLOEXEC|O_DIRECTORY) = 16
10682 openat(AT_FDCWD, "/usr/share/fonts/truetype", O_RDONLY|O_CLOEXEC) = 34
10682 openat(AT_FDCWD, "/var/cache/fontconfig/7ef2298fde41cc6eeb7af42e48b7d293-le64.cache-11", O_RDWR|O_CLOEXEC) = -1 ENOENT (No such file or directory)
10682 openat(AT_FDCWD, "/home/runner/work/deckrender-acceptance/deckrender-acceptance/benchmark/artifacts/acceptance/private/sandboxes/2365ad2a878ed3613b69a6ae2c0c55b8ecf5dc09a1a04ade3b6e00d41146f0b5/.cache/fontconfig/7ef2298fde41cc6eeb7af42e48b7d293-le64.cache-11", O_RDWR|O_CLOEXEC <unfinished ...>
10698 openat(AT_FDCWD, "/home/runner/work/deckrender-acceptance/deckrender-acceptance/benchmark/artifacts/acceptance/private/sandboxes/2365ad2a878ed3613b69a6ae2c0c55b8ecf5dc09a1a04ade3b6e00d41146f0b5/.local/share/vulkan/explicit_layer.d", O_RDONLY|O_NONBLOCK|O_CLOEXEC|O_DIRECTORY <unfinished ...>
10682 <... openat resumed>)             = -1 ENOENT (No such file or directory)
10698 <... openat resumed>)             = -1 ENOENT (No such file or directory)
10682 openat(AT_FDCWD, "/home/runner/work/deckrender-acceptance/deckrender-acceptance/benchmark/artifacts/acceptance/private/sandboxes/2365ad2a878ed3613b69a6ae2c0c55b8ecf5dc09a1a04ade3b6e00d41146f0b5/.fontconfig/7ef2298fde41cc6eeb7af42e48b7d293-le64.cache-11", O_RDWR|O_CLOEXEC <unfinished ...>
10698 openat(AT_FDCWD, "/usr/local/share/vulkan/explicit_layer.d", O_RDONLY|O_NONBLOCK|O_CLOEXEC|O_DIRECTORY <unfinished ...>
10682 <... openat resumed>)             = -1 ENOENT (No such file or directory)
10698 <... openat resumed>)             = -1 ENOENT (No such file or directory)
10682 openat(AT_FDCWD, "/usr/share/fonts/truetype", O_RDONLY|O_NONBLOCK|O_CLOEXEC|O_DIRECTORY <unfinished ...>
10698 openat(AT_FDCWD, "/usr/share/vulkan/explicit_layer.d", O_RDONLY|O_NONBLOCK|O_CLOEXEC|O_DIRECTORY <unfinished ...>
10682 <... openat resumed>)             = 34
10698 <... openat resumed>)             = -1 ENOENT (No such file or directory)
10698 openat(AT_FDCWD, "/opt/google/chrome/./vk_swiftshader_icd.json", O_RDONLY) = 16
10682 openat(AT_FDCWD, "/home/runner/work/deckrender-acceptance/deckrender-acceptance/benchmark/artifacts/acceptance/private/sandboxes/2365ad2a878ed3613b69a6ae2c0c55b8ecf5dc09a1a04ade3b6e00d41146f0b5/.cache/fontconfig/7ef2298fde41cc6eeb7af42e48b7d293-le64.cache-11.TMP-ANIzNk", O_RDWR|O_CREAT|O_EXCL, 0600) = 34
10682 openat(AT_FDCWD, "/home/runner/work/deckrender-acceptance/deckrender-acceptance/benchmark/artifacts/acceptance/private/sandboxes/2365ad2a878ed3613b69a6ae2c0c55b8ecf5dc09a1a04ade3b6e00d41146f0b5/.cache/fontconfig/7ef2298fde41cc6eeb7af42e48b7d293-le64.cache-11.NEW", O_RDWR|O_CREAT|O_CLOEXEC, 0666) = 34
10682 openat(AT_FDCWD, "/usr/share/fonts/opentype/noto", O_RDONLY|O_CLOEXEC) = 34
10682 openat(AT_FDCWD, "/var/cache/fontconfig/9b89f8e3dae116d678bbf48e5f21f69b-le64.cache-11", O_RDONLY|O_CLOEXEC) = -1 ENOENT (No such file or directory)
10682 openat(AT_FDCWD, "/usr/share/fonts/opentype/noto/.uuid", O_RDONLY|O_CLOEXEC) = -1 ENOENT (No such file or directory)
10682 openat(AT_FDCWD, "/home/runner/work/deckrender-acceptance/deckrender-acceptance/benchmark/artifacts/acceptance/private/sandboxes/2365ad2a878ed3613b69a6ae2c0c55b8ecf5dc09a1a04ade3b6e00d41146f0b5/.cache/fontconfig/9b89f8e3dae116d678bbf48e5f21f69b-le64.cache-11", O_RDONLY|O_CLOEXEC) = -1 ENOENT (No such file or directory)
10682 openat(AT_FDCWD, "/usr/share/fonts/opentype/noto/.uuid", O_RDONLY|O_CLOEXEC) = -1 ENOENT (No such file or directory)
10682 openat(AT_FDCWD, "/home/runner/work/deckrender-acceptance/deckrender-acceptance/benchmark/artifacts/acceptance/private/sandboxes/2365ad2a878ed3613b69a6ae2c0c55b8ecf5dc09a1a04ade3b6e00d41146f0b5/.fontconfig/9b89f8e3dae116d678bbf48e5f21f69b-le64.cache-11", O_RDONLY|O_CLOEXEC) = -1 ENOENT (No such file or directory)
10682 openat(AT_FDCWD, "/usr/share/fonts/opentype/noto/.uuid", O_RDONLY|O_CLOEXEC) = -1 ENOENT (No such file or directory)
10682 openat(AT_FDCWD, "/usr/share/fonts/opentype/noto", O_RDONLY|O_CLOEXEC) = 34
10682 openat(AT_FDCWD, "/var/cache/fontconfig/9b89f8e3dae116d678bbf48e5f21f69b-le64.cache-11", O_RDWR|O_CLOEXEC) = -1 ENOENT (No such file or directory)
10682 openat(AT_FDCWD, "/home/runner/work/deckrender-acceptance/deckrender-acceptance/benchmark/artifacts/acceptance/private/sandboxes/2365ad2a878ed3613b69a6ae2c0c55b8ecf5dc09a1a04ade3b6e00d41146f0b5/.cache/fontconfig/9b89f8e3dae116d678bbf48e5f21f69b-le64.cache-11", O_RDWR|O_CLOEXEC) = -1 ENOENT (No such file or directory)
10682 openat(AT_FDCWD, "/home/runner/work/deckrender-acceptance/deckrender-acceptance/benchmark/artifacts/acceptance/private/sandboxes/2365ad2a878ed3613b69a6ae2c0c55b8ecf5dc09a1a04ade3b6e00d41146f0b5/.fontconfig/9b89f8e3dae116d678bbf48e5f21f69b-le64.cache-11", O_RDWR|O_CLOEXEC) = -1 ENOENT (No such file or directory)
10682 openat(AT_FDCWD, "/usr/share/fonts/opentype/noto", O_RDONLY|O_NONBLOCK|O_CLOEXEC|O_DIRECTORY) = 34
10682 openat(AT_FDCWD, "/usr/share/fonts/opentype/noto/NotoSansCJK-Bold.ttc", O_RDONLY|O_CLOEXEC <unfinished ...>
10698 openat(AT_FDCWD, "SwiftShader.ini", O_RDONLY <unfinished ...>
10682 <... openat resumed>)             = 37
10698 <... openat resumed>)             = -1 ENOENT (No such file or directory)
10698 openat(AT_FDCWD, "/sys/devices/system/cpu/online", O_RDONLY|O_CLOEXEC) = 16
10698 openat(AT_FDCWD, "/dev/dri", O_RDONLY|O_NONBLOCK|O_CLOEXEC|O_DIRECTORY) = 16
10698 socketpair(AF_UNIX, SOCK_SEQPACKET, 0, [16, 17]) = 0
10698 sendmsg(4, {msg_name=NULL, msg_namelen=0, msg_iov=[{iov_base="\20\0\0\0 \0\0\0\10\0\0\0\374\327\243j\0\0\0\0", iov_len=20}], msg_iovlen=1, msg_control=[{cmsg_len=20, cmsg_level=SOL_SOCKET, cmsg_type=SCM_RIGHTS, cmsg_data=[17]}], msg_controllen=20, msg_flags=0}, MSG_NOSIGNAL) = 20
10676 recvmsg(8,  <unfinished ...>
10698 recvmsg(16,  <unfinished ...>
10676 <... recvmsg resumed>{msg_name=NULL, msg_namelen=0, msg_iov=[{iov_base="\20\0\0\0 \0\0\0\10\0\0\0\374\327\243j\0\0\0\0", iov_len=192}], msg_iovlen=1, msg_control=[{cmsg_len=20, cmsg_level=SOL_SOCKET, cmsg_type=SCM_RIGHTS, cmsg_data=[37]}], msg_controllen=24, msg_flags=0}, 0) = 20
10676 sendmsg(37, {msg_name=NULL, msg_namelen=0, msg_iov=[{iov_base="0\0\0\0\20\0\0\0\35\0\0\0\n\0\0\0\v\0\0\0\10\0\0\0~\0\0\0\5\0\0\0\375\0\0\0\0\0\0\0\0\0\0\0\3\0\0\0UTC\0", iov_len=52}], msg_iovlen=1, msg_controllen=0, msg_flags=0}, MSG_DONTWAIT) = 52
10698 <... recvmsg resumed>{msg_name=NULL, msg_namelen=0, msg_iov=[{iov_base="0\0\0\0\20\0\0\0\35\0\0\0\n\0\0\0\v\0\0\0\10\0\0\0~\0\0\0\5\0\0\0\375\0\0\0\0\0\0\0\0\0\0\0\3\0\0\0UTC\0", iov_len=512}], msg_iovlen=1, msg_controllen=0, msg_flags=0}, 0) = 52
10698 openat(AT_FDCWD, "/opt/hostedtoolcache/Python/3.12.14/x64/lib/libva.so.2", O_RDONLY|O_CLOEXEC) = -1 ENOENT (No such file or directory)
10698 openat(AT_FDCWD, "/etc/ld.so.cache", O_RDONLY|O_CLOEXEC) = 16
10698 openat(AT_FDCWD, "/lib/x86_64-linux-gnu/libva.so.2", O_RDONLY|O_CLOEXEC) = 16
10698 openat(AT_FDCWD, "/opt/hostedtoolcache/Python/3.12.14/x64/lib/libva-drm.so.2", O_RDONLY|O_CLOEXEC) = -1 ENOENT (No such file or directory)
10698 openat(AT_FDCWD, "/etc/ld.so.cache", O_RDONLY|O_CLOEXEC) = 16
10698 openat(AT_FDCWD, "/lib/x86_64-linux-gnu/libva-drm.so.2", O_RDONLY|O_CLOEXEC) = 16
10698 openat(AT_FDCWD, "/opt/google/chrome/libLiteRtWebGpuAccelerator.so", O_RDONLY|O_CLOEXEC) = 16
10698 openat(AT_FDCWD, "/proc/", O_RDONLY|O_CLOEXEC|O_DIRECTORY) = 16
10698 openat(AT_FDCWD, "/proc/", O_RDONLY|O_CLOEXEC|O_DIRECTORY) = 3
10698 socketpair(AF_UNIX, SOCK_SEQPACKET, 0, [3, 13]) = 0
10698 sendmsg(4, {msg_name=NULL, msg_namelen=0, msg_iov=[{iov_base="\20\0\0\0 \0\0\0\10\0\0\0\374\327\243j\0\0\0\0", iov_len=20}], msg_iovlen=1, msg_control=[{cmsg_len=20, cmsg_level=SOL_SOCKET, cmsg_type=SCM_RIGHTS, cmsg_data=[13]}], msg_controllen=20, msg_flags=0}, MSG_NOSIGNAL) = 20
10676 recvmsg(8,  <unfinished ...>
10698 recvmsg(3,  <unfinished ...>
10676 <... recvmsg resumed>{msg_name=NULL, msg_namelen=0, msg_iov=[{iov_base="\20\0\0\0 \0\0\0\10\0\0\0\374\327\243j\0\0\0\0", iov_len=192}], msg_iovlen=1, msg_control=[{cmsg_len=20, cmsg_level=SOL_SOCKET, cmsg_type=SCM_RIGHTS, cmsg_data=[37]}], msg_controllen=24, msg_flags=0}, 0) = 20
10676 sendmsg(37, {msg_name=NULL, msg_namelen=0, msg_iov=[{iov_base="0\0\0\0\20\0\0\0\35\0\0\0\n\0\0\0\v\0\0\0\10\0\0\0~\0\0\0\5\0\0\0\375\0\0\0\0\0\0\0\0\0\0\0\3\0\0\0UTC\0", iov_len=52}], msg_iovlen=1, msg_controllen=0, msg_flags=0}, MSG_DONTWAIT) = 52
10698 <... recvmsg resumed>{msg_name=NULL, msg_namelen=0, msg_iov=[{iov_base="0\0\0\0\20\0\0\0\35\0\0\0\n\0\0\0\v\0\0\0\10\0\0\0~\0\0\0\5\0\0\0\375\0\0\0\0\0\0\0\0\0\0\0\3\0\0\0UTC\0", iov_len=512}], msg_iovlen=1, msg_controllen=0, msg_flags=0}, 0) = 52
10682 openat(AT_FDCWD, "/usr/share/fonts/opentype/noto/NotoSansCJK-Regular.ttc", O_RDONLY|O_CLOEXEC) = 37
10698 sendto(14, "\20\0\0\0P\0\0\0]\330\345y\0\0\0\0\30\0\1\0\0\0\0\0\0\0\0\0\0\0\0\0\0\0\0\0\0\0\0\0\30\0\0\0\0\0\0\0\0\0\0\0\10\0\0\0000\0\0\0\0\0\0\0\20\0\0\0\1\0\0\0\0\0\0\0\0\0\0\0", 80, MSG_NOSIGNAL, NULL, 0) = 80
10698 socketpair(AF_UNIX, SOCK_STREAM, 0,  <unfinished ...>
10687 recvmsg(36,  <unfinished ...>
10698 <... socketpair resumed>[18, 19]) = 0
10687 <... recvmsg resumed>{msg_name=NULL, msg_namelen=0, msg_iov=[{iov_base="\20\0\0\0P\0\0\0]\330\345y\0\0\0\0\30\0\1\0\0\0\0\0\0\0\0\0\0\0\0\0\0\0\0\0\0\0\0\0\30\0\0\0\0\0\0\0\0\0\0\0\10\0\0\0000\0\0\0\0\0\0\0\20\0\0\0\1\0\0\0\0\0\0\0\0\0\0\0", iov_len=4096}], msg_iovlen=1, msg_controllen=0, msg_flags=0}, MSG_DONTWAIT) = 80
10687 sendto(36, "\20\0\0\0\210\1\0\0\252\331\345y\0\0\0\0\30\0\24\0\0\0\0\0\0\0\0\0\0\0\0\0\0\0\0\0\0\0\0\0H\0\0\0\0\0\0\0\1\0\0\0\0\0\0\0\0\0\0\0\0\0\0\0\0\0\0\0\1\0\0\0\377\377\377\377\377\377\377\377\0\0\0\0\0\0\0\0`\0\0\0\0\1\0\0\20\1\0\0\0\0\0\0\0\0\0\0\0\0\0\0\240\0\0\0\230\0\0\08\0\0\0\3\0\0\0\0\0\0\0\331\0\254A\0\0\0\0\304\306\277h\0\0\0\0\0\0\0\0\30\0\0\0\0\0\0\0\0\0\0\0\0\0\0\0\0\0\0\0\0\0\0\0\20\0\0\0\0\0\0\0\10\0\0\0\0\0\0\0\30\0\0\0\0\0\0\0\20\0\0\0\0\0\0\0\0\0\0\0\0\0\0\0002\0\0\0*\0\0\0metrics.mojom.ChildHistogramFetc"..., 392, MSG_NOSIGNAL, NULL, 0) = 392
10687 sendto(36, "\20\0\0\0@\1\0\0\25\332\345y\0\0\0\0\30\0\24\0\0\0\0\0\1\0\0\0\0\0\0\0\0\0\0\0\0\0\0\0H\0\0\0\0\0\0\0\f\0\0\0\0\0\0\0\0\0\0\0\0\0\0\0\0\0\0\0\1\0\0\0\377\377\377\377\377\377\377\377\0\0\0\0\0\0\0\0`\0\0\0\270\0\0\0\310\0\0\0\0\0\0\0\0\0\0\0\0\0\0\0X\0\0\0P\0\0\08\0\0\0\3\0\0\0\0\0\0\0004\304\225/\0\0\0\0\307\306\277h\0\0\0\0\0\0\0\0\30\0\0\0\0\0\0\0\0\0\0\0\0\0\0\0\0\0\0\0\0\0\0\0\30\0\0\0\0\0\0\0\0\0\0\0\0\0\0\0\0\0\0\0\0\0\0\0\20\0\0\0\1\0\0\0\0\0\0\0\0\0\0\0h\0\0\0\1\0\0\0\0\0\0\0\0\0\0\0\r\0\0\0\0\0\0\0\0\0\0\0\0\0\0\0@\4\0\0@\0\0\0"..., 320, MSG_NOSIGNAL, NULL, 0) = 320
10687 sendto(36, "\20\0\0\0\300\0\0\0w\332\345y\0\0\0\0\30\0\24\0\0\0\0\0\2\0\0\0\0\0\0\0\0\0\0\0\0\0\0\0H\0\0\0\0\0\0\0\16\0\0\0\0\0\0\0\0\0\0\0\0\0\0\0\0\0\0\0\1\0\0\0\377\377\377\377\377\377\377\377\0\0\0\0\0\0\0\0`\0\0\0\0\0\0\0\0\0\0\0\0\0\0\0\0\0\0\0\0\0\0\0P\0\0\0H\0\0\08\0\0\0\3\0\0\0\0\0\0\0\23\375\362[\1\0\0\0\306\306\277h\1\0\0\0\0\0\0\0\30\0\0\0\0\0\0\0\0\0\0\0\0\0\0\0\0\0\0\0\0\0\0\0\20\0\0\0\0\0\0\0\1\0\0\0\0\0\0\0", 192, MSG_NOSIGNAL, NULL, 0) = 192
10687 sendto(36, "\20\0\0\0p\1\0\0\327\332\345y\0\0\0\0\30\0\24\0\0\0\0\0\3\0\0\0\0\0\0\0\0\0\0\0\0\0\0\0H\0\0\0\0\0\0\0\1\0\0\0\0\0\0\0\1\0\0\0\0\0\0\0\0\0\0\0\1\0\0\0\377\377\377\377\377\377\377\377\0\0\0\0\0\0\0\0`\0\0\0\350\0\0\0\370\0\0\0\0\0\0\0\0\0\0\0\0\0\0\0\210\0\0\0\200\0\0\08\0\0\0\3\0\0\0\0\0\0\0\210e\226L\0\0\0\0\301\306\277h\0\0\0\0\0\0\0\0\30\0\0\0\0\0\0\0\0\0\0\0\0\0\0\0\0\0\0\0\0\0\0\0\20\0\0\0\0\0\0\0\10\0\0\0\0\0\0\0\30\0\0\0\0\0\0\0\20\0\0\0\0\0\0\0\0\0\0\0\0\0\0\0\31\0\0\0\21\0\0\0viz.mojom.VizMain\0\0\0\0\0\0\0\20\0\0\0\1\0\0\0"..., 368, MSG_NOSIGNAL, NULL, 0) = 368
10687 sendmsg(36, {msg_name=NULL, msg_namelen=0, msg_iov=[{iov_base="\20\0\1\0\360\2\0\0003\333\345y\0\0\0\0\30\0\24\0\0\0\0\0\4\0\0\0\0\0\0\0\240\2\0\0\0\0\0\0H\0\0\0\0\0\0\0\20\0\0\0\0\0\0\0\0\0\0\0\0\0\0\0\0\0\0\0\1\0\0\0\377\377\377\377\377\377\377\377\0\0\0\0\0\0\0\0`\0\0\0\370\0\0\0\30\1\0\0\0\0\0\0\0\0\0\0\1\0\0\0\230\0\0\0\220\0\0\08\0\0\0\3\0\0\0\0\0\0\0\237\305~\24\0\0\0\0\300\306\277h\0\0\0\0\0\0\0\0\30\0\0\0\0\0\0\0\0\0\0\0\0\0\0\0\0\0\0\0\0\0\0\08\0\0\0\0\0\0\0\0\0\0\0\1\0\0\0\0\0\0\0\2\0\0\0\0\0\0\0\3\0\0\0\0\0\0\0\0\0\0\0\20\0\0\0\0\0\0\0\30\0\0\0\0\0\0\0\20\0\0\0\0\0\0\0\4\0\0\0\0\0\0\0\20\0\0\0\0\0\0\0"..., iov_len=752}], msg_iovlen=1, msg_control=[{cmsg_len=20, cmsg_level=SOL_SOCKET, cmsg_type=SCM_RIGHTS, cmsg_data=[33]}], msg_controllen=20, msg_flags=0}, MSG_NOSIGNAL) = 752
10687 sendto(36, "\20\0\0\0H\1\0\0\347\333\345y\0\0\0\0\30\0\24\0\0\0\0\0\5\0\0\0\0\0\0\0\0\0\0\0\0\0\0\0H\0\0\0\0\0\0\0\22\0\0\0\0\0\0\0\0\0\0\0\0\0\0\0\0\0\0\0\1\0\0\0\377\377\377\377\377\377\377\377\0\0\0\0\0\0\0\0`\0\0\0\300\0\0\0\320\0\0\0\0\0\0\0\0\0\0\0\0\0\0\0`\0\0\0X\0\0\08\0\0\0\3\0\0\0\0\0\0\0'\227\221c\1\0\0\0\303\306\277h\1\0\0\0\0\0\0\0\30\0\0\0\0\0\0\0\0\0\0\0\0\0\0\0\0\0\0\0\0\0\0\0 \0\0\0\0\0\0\0\1\0\0\0\1\0\0\0\377\377\377\377\377\377\377\377\0\0\0\0\0\0\0\0\20\0\0\0\1\0\0\0\0\0\0\0\0\0\0\0h\0\0\0\1\0\0\0\0\0\0\0\0\0\0\0\31\0\0\0\0\0\0\0\0\0\0\0\0\0\0\0"..., 328, MSG_NOSIGNAL, NULL, 0) = 328
10687 sendto(36, "\20\0\0\0\330\0\0\0?\334\345y\0\0\0\0\30\0\24\0\0\0\0\0\6\0\0\0\0\0\0\0\0\0\0\0\0\0\0\0H\0\0\0\0\0\0\0\22\0\0\0\0\0\0\0\1\0\0\0\0\0\0\0\0\0\0\0\1\0\0\0\377\377\377\377\377\377\377\377\0\0\0\0\0\0\0\0`\0\0\0\0\0\0\0\0\0\0\0\0\0\0\0\0\0\0\0\0\0\0\0h\0\0\0`\0\0\08\0\0\0\3\0\0\0\0\0\0\0\305Q\234s\0\0\0\0\302\306\277h\0\0\0\0\0\0\0\0\30\0\0\0\0\0\0\0\0\0\0\0\0\0\0\0\0\0\0\0\0\0\0\0\30\0\0\0\0\0\0\0\1\0\0\0\0\0\0\0\10\0\0\0\0\0\0\0\20\0\0\0\0\0\0\0\246)\0\0\0\0\0\0", 216, MSG_NOSIGNAL, NULL, 0) = 216
10687 sendto(36, "\20\0\0\0\320\1\0\0\250\334\345y\0\0\0\0\30\0\24\0\0\0\0\0\7\0\0\0\0\0\0\0\0\0\0\0\0\0\0\0H\0\0\0\0\0\0\0\20\0\0\0\0\0\0\0\1\0\0\0\0\0\0\0\0\0\0\0\1\0\0\0\377\377\377\377\377\377\377\377\0\0\0\0\0\0\0\0`\0\0\0\350\0\0\0\370\0\0\0\0\0\0\0\0\0\0\0\0\0\0\0\210\0\0\0\200\0\0\08\0\0\0\3\0\0\0\0\0\0\0\36\357\222p\0\0\0\0\335\306\277h\0\0\0\0\0\0\0\0\30\0\0\0\0\0\0\0\0\0\0\0\0\0\0\0\0\0\0\0\0\0\0\0\20\0\0\0\0\0\0\0\10\0\0\0\0\0\0\0(\0\0\0\0\0\0\0\1\0\0\0\1\0\0\0\4\0\0\0\0\0\0\0\1\0\0\0\0\0\0\0\10\0\0\0\0\0\0\0\20\0\0\0\0\0\0\0\0\0\0\0\0\0\0\0\20\0\0\0\2\0\0\0"..., 464, MSG_NOSIGNAL, NULL, 0) = 464
10687 sendto(36, "\20\0\0\0\300\0\0\0\f\335\345y\0\0\0\0\30\0\24\0\0\0\0\0\10\0\0\0\0\0\0\0\0\0\0\0\0\0\0\0H\0\0\0\0\0\0\0\3\0\0\0\0\0\0\0\0\0\0\0\0\0\0\0\0\0\0\0\1\0\0\0\377\377\377\377\377\377\377\377\0\0\0\0\0\0\0\0`\0\0\0\0\0\0\0\0\0\0\0\0\0\0\0\0\0\0\0\0\0\0\0P\0\0\0H\0\0\08\0\0\0\3\0\0\0\1\0\0\200p\266W*\0\0\0\0\310\306\277h\0\0\0\0\0\0\0\0\30\0\0\0\0\0\0\0\0\0\0\0\0\0\0\0\0\0\0\0\0\0\0\0\20\0\0\0\0\0\0\0\246)\0\0\0\0\0\0", 192, MSG_NOSIGNAL, NULL, 0) = 192
10710 recvmsg(14, {msg_name=NULL, msg_namelen=0, msg_iov=[{iov_base="\20\0\1\0\270\0\0\08\331\344y\0\0\0\0\30\0\0\0\0\0\0\0\0\0\0\0\0\0\0\0h\0\0\0\0\0\0\0@\0\0\0\0\0\0\0L\351U\252\330\21\363QW<U\221\270)H5\21\3349\3267'\30\306N\303\233\336_&A1\0\0\0\0\4\0\0\0\0\0\0\0\0\0\0\0X\0\0\0\0\0\0\0\20\0\0\0\1\0\0\0\0\0\0\0\0\0\0\0\20\0\0\0\1\0\0\0x\0\0\0\0\0\1\0000\0\0\0(\0\0\0\10\0\0\0\1\0\0\0 \0\0\0\0\0\2\0\2\0\0\0\0\0\0\0.?aNZ\225Y\33\325\215[\235\272\254\215\236", iov_len=4096}], msg_iovlen=1, msg_control=[{cmsg_len=20, cmsg_level=SOL_SOCKET, cmsg_type=SCM_RIGHTS, cmsg_data=[22]}], msg_controllen=24, msg_flags=0}, MSG_DONTWAIT) = 184
10710 sendmsg(14, {msg_name=NULL, msg_namelen=0, msg_iov=[{iov_base="\20\0\1\0\250\0\0\0y\337\345y\0\0\0\0\30\0\24\0\0\0\0\0\0\0\0\0\0\0\0\0p\0\0\0\0\0\0\0H\0\0\0\0\0\0\0\0\0\0\0\0\0\0\0\0\0\0\0\0\0\0\0\0\0\0\0\1\0\0\0\377\377\377\377\377\377\377\377\0\0\0\0\0\0\0\0\0\0\0\0`\0\0\0\0\0\0\0\0\0\0\0\0\0\0\0\1\0\0\0\20\0\0\0\1\0\0\0\1\0\0\0\0\0\0\0\20\0\0\0\1\0\0\0\200\0\0\0\0\0\1\0\30\0\0\0\20\0\0\0\10\0\0\0\0\0\0\0\1\0\0\0\0\0\0\0", iov_len=168}], msg_iovlen=1, msg_control=[{cmsg_len=20, cmsg_level=SOL_SOCKET, cmsg_type=SCM_RIGHTS, cmsg_data=[19]}], msg_controllen=20, msg_flags=0}, MSG_NOSIGNAL) = 168
10687 recvmsg(36, {msg_name=NULL, msg_namelen=0, msg_iov=[{iov_base="\20\0\1\0\250\0\0\0y\337\345y\0\0\0\0\30\0\24\0\0\0\0\0\0\0\0\0\0\0\0\0p\0\0\0\0\0\0\0H\0\0\0\0\0\0\0\0\0\0\0\0\0\0\0\0\0\0\0\0\0\0\0\0\0\0\0\1\0\0\0\377\377\377\377\377\377\377\377\0\0\0\0\0\0\0\0\0\0\0\0`\0\0\0\0\0\0\0\0\0\0\0\0\0\0\0\1\0\0\0\20\0\0\0\1\0\0\0\1\0\0\0\0\0\0\0\20\0\0\0\1\0\0\0\200\0\0\0\0\0\1\0\30\0\0\0\20\0\0\0\10\0\0\0\0\0\0\0\1\0\0\0\0\0\0\0", iov_len=4096}], msg_iovlen=1, msg_control=[{cmsg_len=20, cmsg_level=SOL_SOCKET, cmsg_type=SCM_RIGHTS, cmsg_data=[33]}], msg_controllen=24, msg_flags=0}, MSG_DONTWAIT) = 168
10710 sendto(14, "\20\0\0\0@\0\0\0U\340\345y\0\0\0\0\30\0\26\0\0\0\0\0\1\0\0\0\0\0\0\0\0\0\0\0\0\0\0\0\30\0\0\0\0\0\0\0\0\0\0\0\0\0\0\0\1\0\0\0\0\0\0\0", 64, MSG_NOSIGNAL, NULL, 0) = 64
10710 sendto(14, "\20\0\0\0X\0\0\0\271\340\345y\0\0\0\0\30\0\"\0\0\0\0\0\2\0\0\0\0\0\0\0\0\0\0\0\0\0\0\0000\0\0\0\0\0\0\0\1\0\0\0\0\0\0\0\37\0\0\0\0\0\0\0\0\0\0\0\0\0\0\0\200\6\0\0@\0\0\0\0\0\0\0\0\0\0\0", 88, MSG_NOSIGNAL, NULL, 0) = 88
10710 sendto(14, "\20\0\0\0X\0\0\0<\341\345y\0\0\0\0\30\0\"\0\0\0\0\0\3\0\0\0\0\0\0\0\0\0\0\0\0\0\0\0000\0\0\0\0\0\0\0\2\0\0\0\0\0\0\0 \0\0\0\0\0\0\0\0\0\0\0\0\0\0\0\300\6\0\0@\0\0\0\0\0\0\0\0\0\0\0", 88, MSG_NOSIGNAL, NULL, 0) = 88
10687 recvmsg(36,  <unfinished ...>
10710 sendto(14, "\20\0\0\0X\0\0\0\223\341\345y\0\0\0\0\30\0\"\0\0\0\0\0\4\0\0\0\0\0\0\0\0\0\0\0\0\0\0\0000\0\0\0\0\0\0\0\3\0\0\0\0\0\0\0!\0\0\0\0\0\0\0\0\0\0\0\0\0\0\0\0\7\0\0@\0\0\0\0\0\0\0\0\0\0\0", 88, MSG_NOSIGNAL, NULL, 0 <unfinished ...>
10687 <... recvmsg resumed>{msg_name=NULL, msg_namelen=0, msg_iov=[{iov_base="\20\0\0\0@\0\0\0U\340\345y\0\0\0\0\30\0\26\0\0\0\0\0\1\0\0\0\0\0\0\0\0\0\0\0\0\0\0\0\30\0\0\0\0\0\0\0\0\0\0\0\0\0\0\0\1\0\0\0\0\0\0\0\20\0\0\0X\0\0\0\271\340\345y\0\0\0\0\30\0\"\0\0\0\0\0\2\0\0\0\0\0\0\0\0\0\0\0\0\0\0\0000\0\0\0\0\0\0\0\1\0\0\0\0\0\0\0\37\0\0\0\0\0\0\0\0\0\0\0\0\0\0\0\200\6\0\0@\0\0\0\0\0\0\0\0\0\0\0\20\0\0\0X\0\0\0<\341\345y\0\0\0\0\30\0\"\0\0\0\0\0\3\0\0\0\0\0\0\0\0\0\0\0\0\0\0\0000\0\0\0\0\0\0\0\2\0\0\0\0\0\0\0 \0\0\0\0\0\0\0\0\0\0\0\0\0\0\0\300\6\0\0@\0\0\0\0\0\0\0\0\0\0\0", iov_len=4096}], msg_iovlen=1, msg_controllen=0, msg_flags=0}, MSG_DONTWAIT) = 240
10710 <... sendto resumed>)             = 88
10687 sendto(36, "\20\0\0\0@\0\0\0\342\341\345y\0\0\0\0\30\0#\0\0\0\0\0\t\0\0\0\0\0\0\0\0\0\0\0\0\0\0\0\30\0\0\0\0\0\0\0\1\0\0\0\0\0\0\0\2\0\0\0\0\0\0\0", 64, MSG_NOSIGNAL, NULL, 0) = 64
10710 recvmsg(14,  <unfinished ...>
10687 sendto(36, "\20\0\0\0@\0\0\0G\342\345y\0\0\0\0\30\0#\0\0\0\0\0\n\0\0\0\0\0\0\0\0\0\0\0\0\0\0\0\30\0\0\0\0\0\0\0\2\0\0\0\0\0\0\0\0\0\0\0\0\0\0\0", 64, MSG_NOSIGNAL, NULL, 0 <unfinished ...>
10710 <... recvmsg resumed>{msg_name=NULL, msg_namelen=0, msg_iov=[{iov_base="\20\0\0\0\210\1\0\0\252\331\345y\0\0\0\0\30\0\24\0\0\0\0\0\0\0\0\0\0\0\0\0\0\0\0\0\0\0\0\0H\0\0\0\0\0\0\0\1\0\0\0\0\0\0\0\0\0\0\0\0\0\0\0\0\0\0\0\1\0\0\0\377\377\377\377\377\377\377\377\0\0\0\0\0\0\0\0`\0\0\0\0\1\0\0\20\1\0\0\0\0\0\0\0\0\0\0\0\0\0\0\240\0\0\0\230\0\0\08\0\0\0\3\0\0\0\0\0\0\0\331\0\254A\0\0\0\0\304\306\277h\0\0\0\0\0\0\0\0\30\0\0\0\0\0\0\0\0\0\0\0\0\0\0\0\0\0\0\0\0\0\0\0\20\0\0\0\0\0\0\0\10\0\0\0\0\0\0\0\30\0\0\0\0\0\0\0\20\0\0\0\0\0\0\0\0\0\0\0\0\0\0\0002\0\0\0*\0\0\0metrics.mojom.ChildHistogramFetc"..., iov_len=4096}], msg_iovlen=1, msg_control=[{cmsg_len=20, cmsg_level=SOL_SOCKET, cmsg_type=SCM_RIGHTS, cmsg_data=[19]}], msg_controllen=24, msg_flags=0}, MSG_DONTWAIT) = 2024
10687 <... sendto resumed>)             = 64
10687 recvmsg(36, {msg_name=NULL, msg_namelen=0, msg_iov=[{iov_base="\20\0\0\0X\0\0\0\223\341\345y\0\0\0\0\30\0\"\0\0\0\0\0\4\0\0\0\0\0\0\0\0\0\0\0\0\0\0\0000\0\0\0\0\0\0\0\3\0\0\0\0\0\0\0!\0\0\0\0\0\0\0\0\0\0\0\0\0\0\0\0\7\0\0@\0\0\0\0\0\0\0\0\0\0\0", iov_len=4096}], msg_iovlen=1, msg_controllen=0, msg_flags=0}, MSG_DONTWAIT) = 88
10710 recvmsg(14,  <unfinished ...>
10687 sendto(36, "\20\0\0\0@\0\0\0X\343\345y\0\0\0\0\30\0#\0\0\0\0\0\v\0\0\0\0\0\0\0\0\0\0\0\0\0\0\0\30\0\0\0\0\0\0\0\3\0\0\0\0\0\0\0\1\0\0\0\0\0\0\0", 64, MSG_NOSIGNAL, NULL, 0 <unfinished ...>
10710 <... recvmsg resumed>{msg_name=NULL, msg_namelen=0, msg_iov=[{iov_base="\20\0\0\0H\1\0\0\347\333\345y\0\0\0\0\30\0\24\0\0\0\0\0\5\0\0\0\0\0\0\0\0\0\0\0\0\0\0\0H\0\0\0\0\0\0\0\22\0\0\0\0\0\0\0\0\0\0\0\0\0\0\0\0\0\0\0\1\0\0\0\377\377\377\377\377\377\377\377\0\0\0\0\0\0\0\0`\0\0\0\300\0\0\0\320\0\0\0\0\0\0\0\0\0\0\0\0\0\0\0`\0\0\0X\0\0\08\0\0\0\3\0\0\0\0\0\0\0'\227\221c\1\0\0\0\303\306\277h\1\0\0\0\0\0\0\0\30\0\0\0\0\0\0\0\0\0\0\0\0\0\0\0\0\0\0\0\0\0\0\0 \0\0\0\0\0\0\0\1\0\0\0\1\0\0\0\377\377\377\377\377\377\377\377\0\0\0\0\0\0\0\0\20\0\0\0\1\0\0\0\0\0\0\0\0\0\0\0h\0\0\0\1\0\0\0\0\0\0\0\0\0\0\0\31\0\0\0\0\0\0\0\0\0\0\0\0\0\0\0"..., iov_len=4096}], msg_iovlen=1, msg_controllen=0, msg_flags=0}, MSG_DONTWAIT) = 1328
10687 <... sendto resumed>)             = 64
10710 sendto(14, "\20\0\0\08\0\0\0\255\343\345y\0\0\0\0\30\0$\0\0\0\0\0\5\0\0\0\0\0\0\0\0\0\0\0\0\0\0\0\20\0\0\0\0\0\0\0\37\0\0\0\0\0\0\0", 56, MSG_NOSIGNAL, NULL, 0) = 56
10710 sendto(14, "\20\0\0\08\0\0\0\352\343\345y\0\0\0\0\30\0$\0\0\0\0\0\6\0\0\0\0\0\0\0\0\0\0\0\0\0\0\0\20\0\0\0\0\0\0\0 \0\0\0\0\0\0\0", 56, MSG_NOSIGNAL, NULL, 0 <unfinished ...>
10687 recvmsg(36,  <unfinished ...>
10710 <... sendto resumed>)             = 56
10687 <... recvmsg resumed>{msg_name=NULL, msg_namelen=0, msg_iov=[{iov_base="\20\0\0\08\0\0\0\255\343\345y\0\0\0\0\30\0$\0\0\0\0\0\5\0\0\0\0\0\0\0\0\0\0\0\0\0\0\0\20\0\0\0\0\0\0\0\37\0\0\0\0\0\0\0\20\0\0\08\0\0\0\352\343\345y\0\0\0\0\30\0$\0\0\0\0\0\6\0\0\0\0\0\0\0\0\0\0\0\0\0\0\0\20\0\0\0\0\0\0\0 \0\0\0\0\0\0\0", iov_len=4096}], msg_iovlen=1, msg_controllen=0, msg_flags=0}, MSG_DONTWAIT) = 112
10687 sendto(36, "\20\0\0\0X\0\0\0Q\344\345y\0\0\0\0\30\0\"\0\0\0\0\0\f\0\0\0\0\0\0\0\0\0\0\0\0\0\0\0000\0\0\0\0\0\0\0\37\0\0\0\0\0\0\0\"\0\0\0\0\0\0\0\0\0\0\0\0\0\0\0@\7\0\0@\0\0\0\2\0\0\0\0\0\0\0", 88, MSG_NOSIGNAL, NULL, 0) = 88
10710 recvmsg(14,  <unfinished ...>
10687 sendto(36, "\20\0\0\0X\0\0\0\213\344\345y\0\0\0\0\30\0\"\0\0\0\0\0\r\0\0\0\0\0\0\0\0\0\0\0\0\0\0\0000\0\0\0\0\0\0\0 \0\0\0\0\0\0\0#\0\0\0\0\0\0\0\0\0\0\0\0\0\0\0\200\7\0\0@\0\0\0\0\0\0\0\0\0\0\0", 88, MSG_NOSIGNAL, NULL, 0 <unfinished ...>
10710 <... recvmsg resumed>{msg_name=NULL, msg_namelen=0, msg_iov=[{iov_base="\20\0\0\0@\0\0\0X\343\345y\0\0\0\0\30\0#\0\0\0\0\0\v\0\0\0\0\0\0\0\0\0\0\0\0\0\0\0\30\0\0\0\0\0\0\0\3\0\0\0\0\0\0\0\1\0\0\0\0\0\0\0\20\0\0\0X\0\0\0Q\344\345y\0\0\0\0\30\0\"\0\0\0\0\0\f\0\0\0\0\0\0\0\0\0\0\0\0\0\0\0000\0\0\0\0\0\0\0\37\0\0\0\0\0\0\0\"\0\0\0\0\0\0\0\0\0\0\0\0\0\0\0@\7\0\0@\0\0\0\2\0\0\0\0\0\0\0", iov_len=4096}], msg_iovlen=1, msg_controllen=0, msg_flags=0}, MSG_DONTWAIT) = 152
10687 <... sendto resumed>)             = 88
10710 sendto(14, "\20\0\0\08\0\0\0\305\344\345y\0\0\0\0\30\0$\0\0\0\0\0\7\0\0\0\0\0\0\0\0\0\0\0\0\0\0\0\20\0\0\0\0\0\0\0!\0\0\0\0\0\0\0", 56, MSG_NOSIGNAL, NULL, 0) = 56
10710 sendto(14, "\20\0\0\0@\0\0\0\375\344\345y\0\0\0\0\30\0#\0\0\0\0\0\10\0\0\0\0\0\0\0\0\0\0\0\0\0\0\0\30\0\0\0\0\0\0\0\37\0\0\0\0\0\0\0\0\0\0\0\0\0\0\0", 64, MSG_NOSIGNAL, NULL, 0 <unfinished ...>
10687 recvmsg(36,  <unfinished ...>
10710 <... sendto resumed>)             = 64
10687 <... recvmsg resumed>{msg_name=NULL, msg_namelen=0, msg_iov=[{iov_base="\20\0\0\08\0\0\0\305\344\345y\0\0\0\0\30\0$\0\0\0\0\0\7\0\0\0\0\0\0\0\0\0\0\0\0\0\0\0\20\0\0\0\0\0\0\0!\0\0\0\0\0\0\0\20\0\0\0@\0\0\0\375\344\345y\0\0\0\0\30\0#\0\0\0\0\0\10\0\0\0\0\0\0\0\0\0\0\0\0\0\0\0\30\0\0\0\0\0\0\0\37\0\0\0\0\0\0\0\0\0\0\0\0\0\0\0", iov_len=4096}], msg_iovlen=1, msg_controllen=0, msg_flags=0}, MSG_DONTWAIT) = 120
10687 sendto(36, "\20\0\0\0X\0\0\0U\345\345y\0\0\0\0\30\0\"\0\0\0\0\0\16\0\0\0\0\0\0\0\0\0\0\0\0\0\0\0000\0\0\0\0\0\0\0!\0\0\0\0\0\0\0$\0\0\0\0\0\0\0\0\0\0\0\0\0\0\0\300\7\0\0@\0\0\0\1\0\0\0\0\0\0\0", 88, MSG_NOSIGNAL, NULL, 0) = 88
10710 recvmsg(14, {msg_name=NULL, msg_namelen=0, msg_iov=[{iov_base="\20\0\0\0X\0\0\0\213\344\345y\0\0\0\0\30\0\"\0\0\0\0\0\r\0\0\0\0\0\0\0\0\0\0\0\0\0\0\0000\0\0\0\0\0\0\0 \0\0\0\0\0\0\0#\0\0\0\0\0\0\0\0\0\0\0\0\0\0\0\200\7\0\0@\0\0\0\0\0\0\0\0\0\0\0\20\0\0\0X\0\0\0U\345\345y\0\0\0\0\30\0\"\0\0\0\0\0\16\0\0\0\0\0\0\0\0\0\0\0\0\0\0\0000\0\0\0\0\0\0\0!\0\0\0\0\0\0\0$\0\0\0\0\0\0\0\0\0\0\0\0\0\0\0\300\7\0\0@\0\0\0\1\0\0\0\0\0\0\0", iov_len=4096}], msg_iovlen=1, msg_controllen=0, msg_flags=0}, MSG_DONTWAIT) = 176
10710 sendto(14, "\20\0\0\0@\0\0\0\270\345\345y\0\0\0\0\30\0#\0\0\0\0\0\t\0\0\0\0\0\0\0\0\0\0\0\0\0\0\0\30\0\0\0\0\0\0\0 \0\0\0\0\0\0\0\0\0\0\0\0\0\0\0", 64, MSG_NOSIGNAL, NULL, 0) = 64
10710 sendto(14, "\20\0\0\0@\0\0\0\350\345\345y\0\0\0\0\30\0#\0\0\0\0\0\n\0\0\0\0\0\0\0\0\0\0\0\0\0\0\0\30\0\0\0\0\0\0\0!\0\0\0\0\0\0\0\0\0\0\0\0\0\0\0", 64, MSG_NOSIGNAL, NULL, 0 <unfinished ...>
10687 recvmsg(36,  <unfinished ...>
10710 <... sendto resumed>)             = 64
10687 <... recvmsg resumed>{msg_name=NULL, msg_namelen=0, msg_iov=[{iov_base="\20\0\0\0@\0\0\0\270\345\345y\0\0\0\0\30\0#\0\0\0\0\0\t\0\0\0\0\0\0\0\0\0\0\0\0\0\0\0\30\0\0\0\0\0\0\0 \0\0\0\0\0\0\0\0\0\0\0\0\0\0\0\20\0\0\0@\0\0\0\350\345\345y\0\0\0\0\30\0#\0\0\0\0\0\n\0\0\0\0\0\0\0\0\0\0\0\0\0\0\0\30\0\0\0\0\0\0\0!\0\0\0\0\0\0\0\0\0\0\0\0\0\0\0", iov_len=4096}], msg_iovlen=1, msg_controllen=0, msg_flags=0}, MSG_DONTWAIT) = 128
10710 sendto(14, "\20\0\0\0p\0\0\0~\346\345y\0\0\0\0\30\0\24\0\0\0\0\0\v\0\0\0\0\0\0\0\0\0\0\0\0\0\0\0H\0\0\0\0\0\0\0$\0\0\0\0\0\0\0\0\0\0\0\0\0\0\0\0\0\0\0\1\0\0\0\0\0\0\0\0\0\0\0\0x\1\0\0\1\0\0\0\0\0\0\0\0\0\0\0\0\0\0\0\0\0\0\0\0\0\0\0\0\0\0", 112, MSG_NOSIGNAL, NULL, 0) = 112
10687 recvmsg(36, {msg_name=NULL, msg_namelen=0, msg_iov=[{iov_base="\20\0\0\0p\0\0\0~\346\345y\0\0\0\0\30\0\24\0\0\0\0\0\v\0\0\0\0\0\0\0\0\0\0\0\0\0\0\0H\0\0\0\0\0\0\0$\0\0\0\0\0\0\0\0\0\0\0\0\0\0\0\0\0\0\0\1\0\0\0\0\0\0\0\0\0\0\0\0x\1\0\0\1\0\0\0\0\0\0\0\0\0\0\0\0\0\0\0\0\0\0\0\0\0\0\0\0\0\0", iov_len=4096}], msg_iovlen=1, msg_controllen=0, msg_flags=0}, MSG_DONTWAIT) = 112
10710 sendto(14, "\20\0\0\0\350\0\0\0?\347\345y\0\0\0\0\30\0\24\0\0\0\0\0\f\0\0\0\0\0\0\0\0\0\0\0\0\0\0\0H\0\0\0\0\0\0\0#\0\0\0\0\0\0\0\0\0\0\0\0\0\0\0\0\0\0\0\1\0\0\0\0\0\0\0\0\0\0\0\0y\1\0\0\1\0\0\0\0\0\0`\0\0\0p\0\0\0\0\0\0\0\0\0\0\0\0\0\0\0\20\0\0\0\1\0\0\0\0\0\0\0\0\0\0\0h\0\0\0\1\0\0\0\1\0\0\0\0\0\0\0%\0\0\0\0\0\0\0\377\377\377\377\377\377\377\377\0\0\0\0\0\0\0\0\0\0\0\0\0\0\0\0\0\0\0\0\0\0\0\0\0\0\0\0\0\0\0\0\0\0\0\0\0\0\0\0\1\0\0\0\0\0\0\0\0\0\0\0\0\0\0\0\0\0\0\0\0\0\0\0\0\0\0\0\0\0\0\0", 232, MSG_NOSIGNAL, NULL, 0) = 232
10687 recvmsg(36, {msg_name=NULL, msg_namelen=0, msg_iov=[{iov_base="\20\0\0\0\350\0\0\0?\347\345y\0\0\0\0\30\0\24\0\0\0\0\0\f\0\0\0\0\0\0\0\0\0\0\0\0\0\0\0H\0\0\0\0\0\0\0#\0\0\0\0\0\0\0\0\0\0\0\0\0\0\0\0\0\0\0\1\0\0\0\0\0\0\0\0\0\0\0\0y\1\0\0\1\0\0\0\0\0\0`\0\0\0p\0\0\0\0\0\0\0\0\0\0\0\0\0\0\0\20\0\0\0\1\0\0\0\0\0\0\0\0\0\0\0h\0\0\0\1\0\0\0\1\0\0\0\0\0\0\0%\0\0\0\0\0\0\0\377\377\377\377\377\377\377\377\0\0\0\0\0\0\0\0\0\0\0\0\0\0\0\0\0\0\0\0\0\0\0\0\0\0\0\0\0\0\0\0\0\0\0\0\0\0\0\0\1\0\0\0\0\0\0\0\0\0\0\0\0\0\0\0\0\0\0\0\0\0\0\0\0\0\0\0\0\0\0\0", iov_len=4096}], msg_iovlen=1, msg_controllen=0, msg_flags=0}, MSG_DONTWAIT) = 232
10710 sendto(14, "\20\0\0\0@\1\0\0\245\347\345y\0\0\0\0\30\0\24\0\0\0\0\0\r\0\0\0\0\0\0\0\0\0\0\0\0\0\0\0H\0\0\0\0\0\0\0%\0\0\0\0\0\0\0\0\0\0\0\0\0\0\0\0\0\0\0\1\0\0\0\377\377\377\377\377\377\377\377\0\0\0\0\0\0\0\0`\0\0\0\270\0\0\0\310\0\0\0\0\0\0\0\0\0\0\0\0\0\0\0X\0\0\0P\0\0\08\0\0\0\3\0\0\0\0\0\0\0006\221\314\r\0\0\0\0\2146\343\370\0\0\0\0\0\0\0\0\30\0\0\0\0\0\0\0\0\0\0\0\0\0\0\0\0\0\0\0\0\0\0\0\30\0\0\0\0\0\0\0\0\0\0\0\377\377\377\377\0\0\0\0\0\0\0\0\20\0\0\0\1\0\0\0\0\0\0\0\0\0\0\0h\0\0\0\1\0\0\0\0\0\0\0\0\0\0\0&\0\0\0\0\0\0\0\0\0\0\0\0\0\0\0\0\7\0\0@\0\0\0"..., 320, MSG_NOSIGNAL, NULL, 0) = 320
10687 recvmsg(36, {msg_name=NULL, msg_namelen=0, msg_iov=[{iov_base="\20\0\0\0@\1\0\0\245\347\345y\0\0\0\0\30\0\24\0\0\0\0\0\r\0\0\0\0\0\0\0\0\0\0\0\0\0\0\0H\0\0\0\0\0\0\0%\0\0\0\0\0\0\0\0\0\0\0\0\0\0\0\0\0\0\0\1\0\0\0\377\377\377\377\377\377\377\377\0\0\0\0\0\0\0\0`\0\0\0\270\0\0\0\310\0\0\0\0\0\0\0\0\0\0\0\0\0\0\0X\0\0\0P\0\0\08\0\0\0\3\0\0\0\0\0\0\0006\221\314\r\0\0\0\0\2146\343\370\0\0\0\0\0\0\0\0\30\0\0\0\0\0\0\0\0\0\0\0\0\0\0\0\0\0\0\0\0\0\0\0\30\0\0\0\0\0\0\0\0\0\0\0\377\377\377\377\0\0\0\0\0\0\0\0\20\0\0\0\1\0\0\0\0\0\0\0\0\0\0\0h\0\0\0\1\0\0\0\0\0\0\0\0\0\0\0&\0\0\0\0\0\0\0\0\0\0\0\0\0\0\0\0\7\0\0@\0\0\0"..., iov_len=4096}], msg_iovlen=1, msg_controllen=0, msg_flags=0}, MSG_DONTWAIT) = 320
10710 sendto(14, "\20\0\0\0\330\2\0\0&\350\345y\0\0\0\0\30\0\24\0\0\0\0\0\16\0\0\0\0\0\0\0\0\0\0\0\0\0\0\0H\0\0\0\0\0\0\0#\0\0\0\0\0\0\0\1\0\0\0\0\0\0\0\0\0\0\0\1\0\0\0\0\0\0\0\0\0\0\0\0\224\1\0\0\4\0\0\0\0\0\0`\0\0\0\200\0\0\0\0\0\0\0\0\0\0\0\0\0\0\0 \0\0\0\6\0\0\0\0\0\0\0\0\0\0\0\0\0\0\0\0\0\0\0\0\0\0\0\0\0\0\0H\2\0\0\6\0\0\0\1\0\0\0\0\0\0\0(\0\0\0\0\0\0\0\377\377\377\377\377\377\377\377\0\0\0\0\0\0\0\0\0\0\0\0\0\0\0\0\0\0\0\0\0\0\0\0\0\0\0\0\0\0\0\0\0\0\0\0\0\0\0\0\1\0\0\0\0\0\0\0\0\0\0\0\0\0\0\0\0\0\0\0\0\0\0\0\0\0\0\0\0\0\0\0\1\0\0\0\0\0\0\0"..., 728, MSG_NOSIGNAL, NULL, 0) = 728
10710 sendto(14, "\20\0\0\0\240\1\0\0f\350\345y\0\0\0\0\30\0\24\0\0\0\0\0\17\0\0\0\0\0\0\0\0\0\0\0\0\0\0\0H\0\0\0\0\0\0\0(\0\0\0\0\0\0\0\0\0\0\0\0\0\0\0\0\0\0\0\1\0\0\0\377\377\377\377\377\377\377\377\0\0\0\0\0\0\0\0`\0\0\0\270\0\0\0\310\0\0\0\0\0\0\0\0\0\0\0\0\0\0\0X\0\0\0P\0\0\08\0\0\0\3\0\0\0\0\0\0\0\0061\33\22\0\0\0\0\2106\343\370\0\0\0\0\0\0\0\0\30\0\0\0\0\0\0\0\0\0\0\0\0\0\0\0\0\0\0\0\0\0\0\0\30\0\0\0\0\0\0\0\0\0\0\0\1\0\0\0\0\0\0\0\0\0\0\0\20\0\0\0\2\0\0\0\0\0\0\0\0\0\0\0\310\0\0\0\2\0\0\0\0\0\0\0\0\0\0\0002\0\0\0\0\0\0\0\377\377\377\377\377\377\377\377\0\0\0\0\0\0\0\0"..., 416, MSG_NOSIGNAL, NULL, 0 <unfinished ...>
10687 recvmsg(36,  <unfinished ...>
10710 <... sendto resumed>)             = 416
10687 <... recvmsg resumed>{msg_name=NULL, msg_namelen=0, msg_iov=[{iov_base="\20\0\0\0\330\2\0\0&\350\345y\0\0\0\0\30\0\24\0\0\0\0\0\16\0\0\0\0\0\0\0\0\0\0\0\0\0\0\0H\0\0\0\0\0\0\0#\0\0\0\0\0\0\0\1\0\0\0\0\0\0\0\0\0\0\0\1\0\0\0\0\0\0\0\0\0\0\0\0\224\1\0\0\4\0\0\0\0\0\0`\0\0\0\200\0\0\0\0\0\0\0\0\0\0\0\0\0\0\0 \0\0\0\6\0\0\0\0\0\0\0\0\0\0\0\0\0\0\0\0\0\0\0\0\0\0\0\0\0\0\0H\2\0\0\6\0\0\0\1\0\0\0\0\0\0\0(\0\0\0\0\0\0\0\377\377\377\377\377\377\377\377\0\0\0\0\0\0\0\0\0\0\0\0\0\0\0\0\0\0\0\0\0\0\0\0\0\0\0\0\0\0\0\0\0\0\0\0\0\0\0\0\1\0\0\0\0\0\0\0\0\0\0\0\0\0\0\0\0\0\0\0\0\0\0\0\0\0\0\0\0\0\0\0\1\0\0\0\0\0\0\0"..., iov_len=4096}], msg_iovlen=1, msg_controllen=0, msg_flags=0}, MSG_DONTWAIT) = 1144
10710 sendto(14, "\20\0\0\08\1\0\0\244\350\345y\0\0\0\0\30\0\24\0\0\0\0\0\20\0\0\0\0\0\0\0\0\0\0\0\0\0\0\0H\0\0\0\0\0\0\0)\0\0\0\0\0\0\0\0\0\0\0\0\0\0\0\0\0\0\0\1\0\0\0\377\377\377\377\377\377\377\377\0\0\0\0\0\0\0\0`\0\0\0\260\0\0\0\300\0\0\0\0\0\0\0\0\0\0\0\0\0\0\0P\0\0\0H\0\0\08\0\0\0\3\0\0\0\0\0\0\0\357Q\235I\0\0\0\0\2176\343\370\0\0\0\0\0\0\0\0\30\0\0\0\0\0\0\0\0\0\0\0\0\0\0\0\0\0\0\0\0\0\0\0\20\0\0\0\0\0\0\0\0\0\0\0\0\0\0\0\20\0\0\0\1\0\0\0\0\0\0\0\0\0\0\0h\0\0\0\1\0\0\0\0\0\0\0\0\0\0\0005\0\0\0\0\0\0\0\0\0\0\0\0\0\0\0\300\10\0\0@\0\0\0006\0\0\0\0\0\0\0"..., 312, MSG_NOSIGNAL, NULL, 0) = 312
10710 sendto(14, "\20\0\0\0\270\0\0\0\350\350\345y\0\0\0\0\30\0\24\0\0\0\0\0\21\0\0\0\0\0\0\0\0\0\0\0\0\0\0\0H\0\0\0\0\0\0\0+\0\0\0\0\0\0\0\0\0\0\0\0\0\0\0\0\0\0\0\1\0\0\0\377\377\377\377\377\377\377\377\0\0\0\0\0\0\0\0`\0\0\0\0\0\0\0\0\0\0\0\0\0\0\0\0\0\0\0\0\0\0\0H\0\0\0@\0\0\08\0\0\0\3\0\0\0\0\0\0\0005\1lu\1\0\0\0\2116\343\370\1\0\0\0\0\0\0\0\30\0\0\0\0\0\0\0\0\0\0\0\0\0\0\0\0\0\0\0\0\0\0\0\10\0\0\0\0\0\0\0", 184, MSG_NOSIGNAL, NULL, 0 <unfinished ...>
10687 recvmsg(36,  <unfinished ...>
10710 <... sendto resumed>)             = 184
10687 <... recvmsg resumed>{msg_name=NULL, msg_namelen=0, msg_iov=[{iov_base="\20\0\0\08\1\0\0\244\350\345y\0\0\0\0\30\0\24\0\0\0\0\0\20\0\0\0\0\0\0\0\0\0\0\0\0\0\0\0H\0\0\0\0\0\0\0)\0\0\0\0\0\0\0\0\0\0\0\0\0\0\0\0\0\0\0\1\0\0\0\377\377\377\377\377\377\377\377\0\0\0\0\0\0\0\0`\0\0\0\260\0\0\0\300\0\0\0\0\0\0\0\0\0\0\0\0\0\0\0P\0\0\0H\0\0\08\0\0\0\3\0\0\0\0\0\0\0\357Q\235I\0\0\0\0\2176\343\370\0\0\0\0\0\0\0\0\30\0\0\0\0\0\0\0\0\0\0\0\0\0\0\0\0\0\0\0\0\0\0\0\20\0\0\0\0\0\0\0\0\0\0\0\0\0\0\0\20\0\0\0\1\0\0\0\0\0\0\0\0\0\0\0h\0\0\0\1\0\0\0\0\0\0\0\0\0\0\0005\0\0\0\0\0\0\0\0\0\0\0\0\0\0\0\300\10\0\0@\0\0\0006\0\0\0\0\0\0\0"..., iov_len=4096}], msg_iovlen=1, msg_controllen=0, msg_flags=0}, MSG_DONTWAIT) = 496
10710 sendto(14, "\20\0\0\08\1\0\0#\351\345y\0\0\0\0\30\0\24\0\0\0\0\0\22\0\0\0\0\0\0\0\0\0\0\0\0\0\0\0H\0\0\0\0\0\0\0-\0\0\0\0\0\0\0\0\0\0\0\0\0\0\0\0\0\0\0\1\0\0\0\377\377\377\377\377\377\377\377\0\0\0\0\0\0\0\0`\0\0\0\260\0\0\0\300\0\0\0\0\0\0\0\0\0\0\0\0\0\0\0P\0\0\0H\0\0\08\0\0\0\3\0\0\0\0\0\0\0\7B\332\35\0\0\0\0\2126\343\370\0\0\0\0\0\0\0\0\30\0\0\0\0\0\0\0\0\0\0\0\0\0\0\0\0\0\0\0\0\0\0\0\20\0\0\0\0\0\0\0\0\0\0\0\0\0\0\0\20\0\0\0\1\0\0\0\0\0\0\0\0\0\0\0h\0\0\0\1\0\0\0\0\0\0\0\0\0\0\0007\0\0\0\0\0\0\0\0\0\0\0\0\0\0\0\0\t\0\0@\0\0\08\0\0\0\0\0\0\0"..., 312, MSG_NOSIGNAL, NULL, 0) = 312
10710 sendto(14, "\20\0\0\0X\1\0\0q\351\345y\0\0\0\0\30\0\24\0\0\0\0\0\23\0\0\0\0\0\0\0\0\0\0\0\0\0\0\0H\0\0\0\0\0\0\0001\0\0\0\0\0\0\0\0\0\0\0\0\0\0\0\0\0\0\0\1\0\0\0\377\377\377\377\377\377\377\377\0\0\0\0\0\0\0\0`\0\0\0\0\0\0\0\0\0\0\0\0\0\0\0\0\0\0\0\0\0\0\0\350\0\0\0\340\0\0\08\0\0\0\3\0\0\0\0\0\0\0\310\24\252/\0\0\0\0\2166\343\370\0\0\0\0\0\0\0\0\30\0\0\0\0\0\0\0\0\0\0\0\0\0\0\0\0\0\0\0\0\0\0\0\20\0\0\0\0\0\0\0\10\0\0\0\0\0\0\08\0\0\0\6\0\0\0000\0\0\0\0\0\0\08\0\0\0\0\0\0\0@\0\0\0\0\0\0\0H\0\0\0\0\0\0\0P\0\0\0\0\0\0\0X\0\0\0\0\0\0\0\20\0\0\0\0\0\0\0"..., 344, MSG_NOSIGNAL, NULL, 0 <unfinished ...>
10687 recvmsg(36,  <unfinished ...>
10710 <... sendto resumed>)             = 344
10687 <... recvmsg resumed>{msg_name=NULL, msg_namelen=0, msg_iov=[{iov_base="\20\0\0\08\1\0\0#\351\345y\0\0\0\0\30\0\24\0\0\0\0\0\22\0\0\0\0\0\0\0\0\0\0\0\0\0\0\0H\0\0\0\0\0\0\0-\0\0\0\0\0\0\0\0\0\0\0\0\0\0\0\0\0\0\0\1\0\0\0\377\377\377\377\377\377\377\377\0\0\0\0\0\0\0\0`\0\0\0\260\0\0\0\300\0\0\0\0\0\0\0\0\0\0\0\0\0\0\0P\0\0\0H\0\0\08\0\0\0\3\0\0\0\0\0\0\0\7B\332\35\0\0\0\0\2126\343\370\0\0\0\0\0\0\0\0\30\0\0\0\0\0\0\0\0\0\0\0\0\0\0\0\0\0\0\0\0\0\0\0\20\0\0\0\0\0\0\0\0\0\0\0\0\0\0\0\20\0\0\0\1\0\0\0\0\0\0\0\0\0\0\0h\0\0\0\1\0\0\0\0\0\0\0\0\0\0\0007\0\0\0\0\0\0\0\0\0\0\0\0\0\0\0\0\t\0\0@\0\0\08\0\0\0\0\0\0\0"..., iov_len=4096}], msg_iovlen=1, msg_controllen=0, msg_flags=0}, MSG_DONTWAIT) = 656
10710 sendto(14, "\20\0\0\0p\0\0\0_\356\345y\0\0\0\0\30\0\24\0\0\0\0\0\24\0\0\0\0\0\0\0\0\0\0\0\0\0\0\0H\0\0\0\0\0\0\0\25\0\0\0\0\0\0\0\0\0\0\0\0\0\0\0\0\0\0\0\1\0\0\0\0\0\0\0\0\0\0\0\0z\1\0\0\1\0\0\0\0\0\0\0\0\0\0\0\0\0\0\0\0\0\0\0\0\0\0\0\0\0\0", 112, MSG_NOSIGNAL, NULL, 0) = 112
10710 sendto(14, "\20\0\0\0p\0\0\0\343\356\345y\0\0\0\0\30\0\24\0\0\0\0\0\25\0\0\0\0\0\0\0\0\0\0\0\0\0\0\0H\0\0\0\0\0\0\0\25\0\0\0\0\0\0\0\1\0\0\0\0\0\0\0\0\0\0\0\1\0\0\0\0\0\0\0\0\0\0\0\0\202\1\0\0\2\0\0\0\0\0\0\0\0\0\0\0\0\0\0\0\0\0\0\0\0\0\0\0\0\0\0", 112, MSG_NOSIGNAL, NULL, 0 <unfinished ...>
10687 recvmsg(36,  <unfinished ...>
10710 <... sendto resumed>)             = 112
10687 <... recvmsg resumed>{msg_name=NULL, msg_namelen=0, msg_iov=[{iov_base="\20\0\0\0p\0\0\0_\356\345y\0\0\0\0\30\0\24\0\0\0\0\0\24\0\0\0\0\0\0\0\0\0\0\0\0\0\0\0H\0\0\0\0\0\0\0\25\0\0\0\0\0\0\0\0\0\0\0\0\0\0\0\0\0\0\0\1\0\0\0\0\0\0\0\0\0\0\0\0z\1\0\0\1\0\0\0\0\0\0\0\0\0\0\0\0\0\0\0\0\0\0\0\0\0\0\0\0\0\0\20\0\0\0p\0\0\0\343\356\345y\0\0\0\0\30\0\24\0\0\0\0\0\25\0\0\0\0\0\0\0\0\0\0\0\0\0\0\0H\0\0\0\0\0\0\0\25\0\0\0\0\0\0\0\1\0\0\0\0\0\0\0\0\0\0\0\1\0\0\0\0\0\0\0\0\0\0\0\0\202\1\0\0\2\0\0\0\0\0\0\0\0\0\0\0\0\0\0\0\0\0\0\0\0\0\0\0\0\0\0", iov_len=4096}], msg_iovlen=1, msg_controllen=0, msg_flags=0}, MSG_DONTWAIT) = 224
10698 sendto(14, "\20\0\0\0P\264\0\0\340\357\345y\0\0\0\0\30\0\24\0\0\0\0\0\26\0\0\0\0\0\0\0\0\0\0\0\0\0\0\0H\0\0\0\0\0\0\0\23\0\0\0\0\0\0\0\0\0\0\0\0\0\0\0\0\0\0\0\1\0\0\0\377\377\377\377\377\377\377\377\0\0\0\0\0\0\0\0`\0\0\0\0\0\0\0\0\0\0\0\0\0\0\0\0\0\0\0\0\0\0\0\340\263\0\0\330\263\0\08\0\0\0\3\0\0\0\0\0\0\0003qc_\0\0\0\0\2016\343\370\0\0\0\0\0\0\0\0\30\0\0\0\0\0\0\0\0\0\0\0\0\0\0\0\0\0\0\0\0\0\0\0000\0\0\0\0\0\0\0(\0\0\0\0\0\0\0\360\30\0\0\0\0\0\0\0\0\0\0\0\0\0\0\0\0\0\0\0\0\0\0x\31\0\0\0\0\0\0\310\0\0\0\0\0\0\0\300\0\0\0\0\0\0\0\220\0\0\0\1\0\0\0\300\0\0\0\0\0\0\0"..., 46160, MSG_NOSIGNAL, NULL, 0) = 46160
10687 recvmsg(36, {msg_name=NULL, msg_namelen=0, msg_iov=[{iov_base="\20\0\0\0P\264\0\0\340\357\345y\0\0\0\0\30\0\24\0\0\0\0\0\26\0\0\0\0\0\0\0\0\0\0\0\0\0\0\0H\0\0\0\0\0\0\0\23\0\0\0\0\0\0\0\0\0\0\0\0\0\0\0\0\0\0\0\1\0\0\0\377\377\377\377\377\377\377\377\0\0\0\0\0\0\0\0`\0\0\0\0\0\0\0\0\0\0\0\0\0\0\0\0\0\0\0\0\0\0\0\340\263\0\0\330\263\0\08\0\0\0\3\0\0\0\0\0\0\0003qc_\0\0\0\0\2016\343\370\0\0\0\0\0\0\0\0\30\0\0\0\0\0\0\0\0\0\0\0\0\0\0\0\0\0\0\0\0\0\0\0000\0\0\0\0\0\0\0(\0\0\0\0\0\0\0\360\30\0\0\0\0\0\0\0\0\0\0\0\0\0\0\0\0\0\0\0\0\0\0x\31\0\0\0\0\0\0\310\0\0\0\0\0\0\0\300\0\0\0\0\0\0\0\220\0\0\0\1\0\0\0\300\0\0\0\0\0\0\0"..., iov_len=4096}], msg_iovlen=1, msg_controllen=0, msg_flags=0}, MSG_DONTWAIT) = 4096
10687 recvmsg(36, {msg_name=NULL, msg_namelen=0, msg_iov=[{iov_base="tc_ldr GL_NV_fence GL_NV_framebuffer_blit GL_NV_pack_subimage GL_NV_pixel_buffer_object GL_NV_polygon_mode GL_NV_read_depth GL_NV_read_depth_stencil GL_NV_read_stencil GL_NV_shader_noperspective_interpolation GL_OES_EGL_image GL_OES_EGL_image_external GL_O"..., iov_len=42064}], msg_iovlen=1, msg_controllen=0, msg_flags=0}, MSG_DONTWAIT) = 42064
10698 openat(AT_FDCWD, "/tmp/.com.google.Chrome.uGE0kj", O_RDWR|O_CREAT|O_EXCL, 0600) = 22
10698 openat(AT_FDCWD, "/tmp/.com.google.Chrome.uGE0kj", O_RDONLY) = 23
10710 sendto(14, "\20\0\0\0p\0\0\0A\365\345y\0\0\0\0\30\0\24\0\0\0\0\0\27\0\0\0\0\0\0\0\0\0\0\0\0\0\0\0H\0\0\0\0\0\0\0\r\0\0\0\0\0\0\0\0\0\0\0\0\0\0\0\0\0\0\0\1\0\0\0\0\0\0\0\0\0\0\0\0{\1\0\0\1\0\0\0\0\0\0\0\0\0\0\0\0\0\0\0\0\0\0\0\0\0\0\0\0\0\0", 112, MSG_NOSIGNAL, NULL, 0) = 112
10687 recvmsg(36, {msg_name=NULL, msg_namelen=0, msg_iov=[{iov_base="\20\0\0\0p\0\0\0A\365\345y\0\0\0\0\30\0\24\0\0\0\0\0\27\0\0\0\0\0\0\0\0\0\0\0\0\0\0\0H\0\0\0\0\0\0\0\r\0\0\0\0\0\0\0\0\0\0\0\0\0\0\0\0\0\0\0\1\0\0\0\0\0\0\0\0\0\0\0\0{\1\0\0\1\0\0\0\0\0\0\0\0\0\0\0\0\0\0\0\0\0\0\0\0\0\0\0\0\0\0", iov_len=4096}], msg_iovlen=1, msg_controllen=0, msg_flags=0}, MSG_DONTWAIT) = 112
10698 sendto(14, "\20\0\0\0p\0\0\0\215\374\345y\0\0\0\0\30\0\24\0\0\0\0\0\30\0\0\0\0\0\0\0\0\0\0\0\0\0\0\0H\0\0\0\0\0\0\0,\0\0\0\0\0\0\0\1\0\0\0\0\0\0\0\0\0\0\0\1\0\0\0\0\0\0\0\0\0\0\0\0\204\1\0\0\2\0\0\0\0\0\0\0\0\0\0\0\0\0\0\0\0\0\0\0\0\0\0\0\0\0\0", 112, MSG_NOSIGNAL, NULL, 0) = 112
10687 recvmsg(36,  <unfinished ...>
10710 sendto(14, "\20\0\0\0p\0\0\0\371\374\345y\0\0\0\0\30\0\24\0\0\0\0\0\31\0\0\0\0\0\0\0\0\0\0\0\0\0\0\0H\0\0\0\0\0\0\0\31\0\0\0\0\0\0\0\0\0\0\0\0\0\0\0\0\0\0\0\1\0\0\0\0\0\0\0\0\0\0\0\0|\1\0\0\1\0\0\0\0\0\0\0\0\0\0\0\0\0\0\0\0\0\0\0\0\0\0\0\0\0\0", 112, MSG_NOSIGNAL, NULL, 0 <unfinished ...>
10687 <... recvmsg resumed>{msg_name=NULL, msg_namelen=0, msg_iov=[{iov_base="\20\0\0\0p\0\0\0\215\374\345y\0\0\0\0\30\0\24\0\0\0\0\0\30\0\0\0\0\0\0\0\0\0\0\0\0\0\0\0H\0\0\0\0\0\0\0,\0\0\0\0\0\0\0\1\0\0\0\0\0\0\0\0\0\0\0\1\0\0\0\0\0\0\0\0\0\0\0\0\204\1\0\0\2\0\0\0\0\0\0\0\0\0\0\0\0\0\0\0\0\0\0\0\0\0\0\0\0\0\0", iov_len=4096}], msg_iovlen=1, msg_controllen=0, msg_flags=0}, MSG_DONTWAIT) = 112
10710 <... sendto resumed>)             = 112
10687 recvmsg(36,  <unfinished ...>
10710 sendto(14, "\20\0\0\0X\32\0\0\206\375\345y\0\0\0\0\30\0\24\0\0\0\0\0\32\0\0\0\0\0\0\0\0\0\0\0\0\0\0\0H\0\0\0\0\0\0\0\21\0\0\0\0\0\0\0\0\0\0\0\0\0\0\0\0\0\0\0\1\0\0\0\377\377\377\377\377\377\377\377\0\0\0\0\0\0\0\0`\0\0\0\0\0\0\0\0\0\0\0\0\0\0\0\0\0\0\0\0\0\0\0\350\31\0\0\340\31\0\08\0\0\0\3\0\0\0\0\0\0\0'\227\221c\2\0\0\0\303\306\277h\1\0\0\0\0\0\0\0\30\0\0\0\0\0\0\0\0\0\0\0\0\0\0\0\0\0\0\0\0\0\0\0(\0\0\0\0\0\0\0\1\0\0\0\0\0\0\0\30\0\0\0\0\0\0\0\340\30\0\0\0\0\0\0x\31\0\0\0\0\0\0\310\0\0\0\0\0\0\0\300\0\0\0\0\0\0\0\220\0\0\0\1\0\0\0\300\0\0\0\0\0\0\0\240\1\0\0\0\0\0\0"..., 6744, MSG_NOSIGNAL, NULL, 0 <unfinished ...>
10687 <... recvmsg resumed>{msg_name=NULL, msg_namelen=0, msg_iov=[{iov_base="\20\0\0\0p\0\0\0\371\374\345y\0\0\0\0\30\0\24\0\0\0\0\0\31\0\0\0\0\0\0\0\0\0\0\0\0\0\0\0H\0\0\0\0\0\0\0\31\0\0\0\0\0\0\0\0\0\0\0\0\0\0\0\0\0\0\0\1\0\0\0\0\0\0\0\0\0\0\0\0|\1\0\0\1\0\0\0\0\0\0\0\0\0\0\0\0\0\0\0\0\0\0\0\0\0\0\0\0\0\0", iov_len=4096}], msg_iovlen=1, msg_controllen=0, msg_flags=0}, MSG_DONTWAIT) = 112
10710 <... sendto resumed>)             = 6744
10687 recvmsg(36, {msg_name=NULL, msg_namelen=0, msg_iov=[{iov_base="\20\0\0\0X\32\0\0\206\375\345y\0\0\0\0\30\0\24\0\0\0\0\0\32\0\0\0\0\0\0\0\0\0\0\0\0\0\0\0H\0\0\0\0\0\0\0\21\0\0\0\0\0\0\0\0\0\0\0\0\0\0\0\0\0\0\0\1\0\0\0\377\377\377\377\377\377\377\377\0\0\0\0\0\0\0\0`\0\0\0\0\0\0\0\0\0\0\0\0\0\0\0\0\0\0\0\0\0\0\0\350\31\0\0\340\31\0\08\0\0\0\3\0\0\0\0\0\0\0'\227\221c\2\0\0\0\303\306\277h\1\0\0\0\0\0\0\0\30\0\0\0\0\0\0\0\0\0\0\0\0\0\0\0\0\0\0\0\0\0\0\0(\0\0\0\0\0\0\0\1\0\0\0\0\0\0\0\30\0\0\0\0\0\0\0\340\30\0\0\0\0\0\0x\31\0\0\0\0\0\0\310\0\0\0\0\0\0\0\300\0\0\0\0\0\0\0\220\0\0\0\1\0\0\0\300\0\0\0\0\0\0\0\240\1\0\0\0\0\0\0"..., iov_len=4096}], msg_iovlen=1, msg_controllen=0, msg_flags=0}, MSG_DONTWAIT) = 4096
10687 recvmsg(36, {msg_name=NULL, msg_namelen=0, msg_iov=[{iov_base="L_NV_fence GL_NV_framebuffer_blit GL_NV_pack_subimage GL_NV_pixel_buffer_object GL_NV_polygon_mode GL_NV_read_depth GL_NV_read_depth_stencil GL_NV_read_stencil GL_NV_shader_noperspective_interpolation GL_OES_EGL_image GL_OES_EGL_image_external GL_OES_EGL_i"..., iov_len=2648}], msg_iovlen=1, msg_controllen=0, msg_flags=0}, MSG_DONTWAIT) = 2648
10682 openat(AT_FDCWD, "/usr/share/fonts/opentype/noto/NotoSerifCJK-Bold.ttc", O_RDONLY|O_CLOEXEC) = 37
10682 openat(AT_FDCWD, "/usr/share/fonts/opentype/noto/NotoSerifCJK-Regular.ttc", O_RDONLY|O_CLOEXEC) = 37
10682 openat(AT_FDCWD, "/home/runner/work/deckrender-acceptance/deckrender-acceptance/benchmark/artifacts/acceptance/private/sandboxes/2365ad2a878ed3613b69a6ae2c0c55b8ecf5dc09a1a04ade3b6e00d41146f0b5/.cache/fontconfig/9b89f8e3dae116d678bbf48e5f21f69b-le64.cache-11.TMP-KtdsoM", O_RDWR|O_CREAT|O_EXCL, 0600) = 34
10682 openat(AT_FDCWD, "/home/runner/work/deckrender-acceptance/deckrender-acceptance/benchmark/artifacts/acceptance/private/sandboxes/2365ad2a878ed3613b69a6ae2c0c55b8ecf5dc09a1a04ade3b6e00d41146f0b5/.cache/fontconfig/9b89f8e3dae116d678bbf48e5f21f69b-le64.cache-11.NEW", O_RDWR|O_CREAT|O_CLOEXEC, 0666) = 34
10682 openat(AT_FDCWD, "/usr/share/fonts/truetype/dejavu", O_RDONLY|O_CLOEXEC) = 34
10682 openat(AT_FDCWD, "/var/cache/fontconfig/d589a48862398ed80a3d6066f4f56f4c-le64.cache-11", O_RDONLY|O_CLOEXEC) = -1 ENOENT (No such file or directory)
10682 openat(AT_FDCWD, "/usr/share/fonts/truetype/dejavu/.uuid", O_RDONLY|O_CLOEXEC) = -1 ENOENT (No such file or directory)
10682 openat(AT_FDCWD, "/home/runner/work/deckrender-acceptance/deckrender-acceptance/benchmark/artifacts/acceptance/private/sandboxes/2365ad2a878ed3613b69a6ae2c0c55b8ecf5dc09a1a04ade3b6e00d41146f0b5/.cache/fontconfig/d589a48862398ed80a3d6066f4f56f4c-le64.cache-11", O_RDONLY|O_CLOEXEC) = -1 ENOENT (No such file or directory)
10682 openat(AT_FDCWD, "/usr/share/fonts/truetype/dejavu/.uuid", O_RDONLY|O_CLOEXEC) = -1 ENOENT (No such file or directory)
10682 openat(AT_FDCWD, "/home/runner/work/deckrender-acceptance/deckrender-acceptance/benchmark/artifacts/acceptance/private/sandboxes/2365ad2a878ed3613b69a6ae2c0c55b8ecf5dc09a1a04ade3b6e00d41146f0b5/.fontconfig/d589a48862398ed80a3d6066f4f56f4c-le64.cache-11", O_RDONLY|O_CLOEXEC) = -1 ENOENT (No such file or directory)
10682 openat(AT_FDCWD, "/usr/share/fonts/truetype/dejavu/.uuid", O_RDONLY|O_CLOEXEC) = -1 ENOENT (No such file or directory)
10682 openat(AT_FDCWD, "/usr/share/fonts/truetype/dejavu", O_RDONLY|O_CLOEXEC) = 34
10682 openat(AT_FDCWD, "/var/cache/fontconfig/d589a48862398ed80a3d6066f4f56f4c-le64.cache-11", O_RDWR|O_CLOEXEC) = -1 ENOENT (No such file or directory)
10682 openat(AT_FDCWD, "/home/runner/work/deckrender-acceptance/deckrender-acceptance/benchmark/artifacts/acceptance/private/sandboxes/2365ad2a878ed3613b69a6ae2c0c55b8ecf5dc09a1a04ade3b6e00d41146f0b5/.cache/fontconfig/d589a48862398ed80a3d6066f4f56f4c-le64.cache-11", O_RDWR|O_CLOEXEC) = -1 ENOENT (No such file or directory)
10682 openat(AT_FDCWD, "/home/runner/work/deckrender-acceptance/deckrender-acceptance/benchmark/artifacts/acceptance/private/sandboxes/2365ad2a878ed3613b69a6ae2c0c55b8ecf5dc09a1a04ade3b6e00d41146f0b5/.fontconfig/d589a48862398ed80a3d6066f4f56f4c-le64.cache-11", O_RDWR|O_CLOEXEC) = -1 ENOENT (No such file or directory)
10682 openat(AT_FDCWD, "/usr/share/fonts/truetype/dejavu", O_RDONLY|O_NONBLOCK|O_CLOEXEC|O_DIRECTORY) = 34
10682 openat(AT_FDCWD, "/usr/share/fonts/truetype/dejavu/DejaVuMathTeXGyre.ttf", O_RDONLY|O_CLOEXEC) = 37
10682 openat(AT_FDCWD, "/usr/share/fonts/truetype/dejavu/DejaVuSans-Bold.ttf", O_RDONLY|O_CLOEXEC) = 37
10682 openat(AT_FDCWD, "/usr/share/fonts/truetype/dejavu/DejaVuSans-BoldOblique.ttf", O_RDONLY|O_CLOEXEC) = 37
10682 openat(AT_FDCWD, "/usr/share/fonts/truetype/dejavu/DejaVuSans-ExtraLight.ttf", O_RDONLY|O_CLOEXEC) = 37
10682 openat(AT_FDCWD, "/usr/share/fonts/truetype/dejavu/DejaVuSans-Oblique.ttf", O_RDONLY|O_CLOEXEC) = 37
10682 openat(AT_FDCWD, "/usr/share/fonts/truetype/dejavu/DejaVuSans.ttf", O_RDONLY|O_CLOEXEC) = 37
10682 openat(AT_FDCWD, "/usr/share/fonts/truetype/dejavu/DejaVuSansCondensed-Bold.ttf", O_RDONLY|O_CLOEXEC) = 37
10682 openat(AT_FDCWD, "/usr/share/fonts/truetype/dejavu/DejaVuSansCondensed-BoldOblique.ttf", O_RDONLY|O_CLOEXEC) = 37
10682 openat(AT_FDCWD, "/usr/share/fonts/truetype/dejavu/DejaVuSansCondensed-Oblique.ttf", O_RDONLY|O_CLOEXEC) = 37
10682 openat(AT_FDCWD, "/usr/share/fonts/truetype/dejavu/DejaVuSansCondensed.ttf", O_RDONLY|O_CLOEXEC) = 37
10682 openat(AT_FDCWD, "/usr/share/fonts/truetype/dejavu/DejaVuSansMono-Bold.ttf", O_RDONLY|O_CLOEXEC) = 37
10682 openat(AT_FDCWD, "/usr/share/fonts/truetype/dejavu/DejaVuSansMono-BoldOblique.ttf", O_RDONLY|O_CLOEXEC) = 37
10682 openat(AT_FDCWD, "/usr/share/fonts/truetype/dejavu/DejaVuSansMono-Oblique.ttf", O_RDONLY|O_CLOEXEC) = 37
10682 openat(AT_FDCWD, "/usr/share/fonts/truetype/dejavu/DejaVuSansMono.ttf", O_RDONLY|O_CLOEXEC) = 37
10682 openat(AT_FDCWD, "/usr/share/fonts/truetype/dejavu/DejaVuSerif-Bold.ttf", O_RDONLY|O_CLOEXEC) = 37
10682 openat(AT_FDCWD, "/usr/share/fonts/truetype/dejavu/DejaVuSerif-BoldItalic.ttf", O_RDONLY|O_CLOEXEC) = 37
10682 openat(AT_FDCWD, "/usr/share/fonts/truetype/dejavu/DejaVuSerif-Italic.ttf", O_RDONLY|O_CLOEXEC) = 37
10682 openat(AT_FDCWD, "/usr/share/fonts/truetype/dejavu/DejaVuSerif.ttf", O_RDONLY|O_CLOEXEC) = 37
10682 openat(AT_FDCWD, "/usr/share/fonts/truetype/dejavu/DejaVuSerifCondensed-Bold.ttf", O_RDONLY|O_CLOEXEC) = 37
10682 openat(AT_FDCWD, "/usr/share/fonts/truetype/dejavu/DejaVuSerifCondensed-BoldItalic.ttf", O_RDONLY|O_CLOEXEC) = 37
10682 openat(AT_FDCWD, "/usr/share/fonts/truetype/dejavu/DejaVuSerifCondensed-Italic.ttf", O_RDONLY|O_CLOEXEC) = 37
10682 openat(AT_FDCWD, "/usr/share/fonts/truetype/dejavu/DejaVuSerifCondensed.ttf", O_RDONLY|O_CLOEXEC) = 37
10682 openat(AT_FDCWD, "/home/runner/work/deckrender-acceptance/deckrender-acceptance/benchmark/artifacts/acceptance/private/sandboxes/2365ad2a878ed3613b69a6ae2c0c55b8ecf5dc09a1a04ade3b6e00d41146f0b5/.cache/fontconfig/d589a48862398ed80a3d6066f4f56f4c-le64.cache-11.TMP-mYJesU", O_RDWR|O_CREAT|O_EXCL, 0600) = 34
10682 openat(AT_FDCWD, "/home/runner/work/deckrender-acceptance/deckrender-acceptance/benchmark/artifacts/acceptance/private/sandboxes/2365ad2a878ed3613b69a6ae2c0c55b8ecf5dc09a1a04ade3b6e00d41146f0b5/.cache/fontconfig/d589a48862398ed80a3d6066f4f56f4c-le64.cache-11.NEW", O_RDWR|O_CREAT|O_CLOEXEC, 0666) = 34
10682 openat(AT_FDCWD, "/usr/share/fonts/truetype/lato", O_RDONLY|O_CLOEXEC) = 34
10682 openat(AT_FDCWD, "/var/cache/fontconfig/bf3b770c553c462765856025a94f1ce6-le64.cache-11", O_RDONLY|O_CLOEXEC) = -1 ENOENT (No such file or directory)
10682 openat(AT_FDCWD, "/usr/share/fonts/truetype/lato/.uuid", O_RDONLY|O_CLOEXEC) = -1 ENOENT (No such file or directory)
10682 openat(AT_FDCWD, "/home/runner/work/deckrender-acceptance/deckrender-acceptance/benchmark/artifacts/acceptance/private/sandboxes/2365ad2a878ed3613b69a6ae2c0c55b8ecf5dc09a1a04ade3b6e00d41146f0b5/.cache/fontconfig/bf3b770c553c462765856025a94f1ce6-le64.cache-11", O_RDONLY|O_CLOEXEC) = -1 ENOENT (No such file or directory)
10682 openat(AT_FDCWD, "/usr/share/fonts/truetype/lato/.uuid", O_RDONLY|O_CLOEXEC) = -1 ENOENT (No such file or directory)
10682 openat(AT_FDCWD, "/home/runner/work/deckrender-acceptance/deckrender-acceptance/benchmark/artifacts/acceptance/private/sandboxes/2365ad2a878ed3613b69a6ae2c0c55b8ecf5dc09a1a04ade3b6e00d41146f0b5/.fontconfig/bf3b770c553c462765856025a94f1ce6-le64.cache-11", O_RDONLY|O_CLOEXEC) = -1 ENOENT (No such file or directory)
10682 openat(AT_FDCWD, "/usr/share/fonts/truetype/lato/.uuid", O_RDONLY|O_CLOEXEC) = -1 ENOENT (No such file or directory)
10682 openat(AT_FDCWD, "/usr/share/fonts/truetype/lato", O_RDONLY|O_CLOEXEC) = 34
10682 openat(AT_FDCWD, "/var/cache/fontconfig/bf3b770c553c462765856025a94f1ce6-le64.cache-11", O_RDWR|O_CLOEXEC) = -1 ENOENT (No such file or directory)
10682 openat(AT_FDCWD, "/home/runner/work/deckrender-acceptance/deckrender-acceptance/benchmark/artifacts/acceptance/private/sandboxes/2365ad2a878ed3613b69a6ae2c0c55b8ecf5dc09a1a04ade3b6e00d41146f0b5/.cache/fontconfig/bf3b770c553c462765856025a94f1ce6-le64.cache-11", O_RDWR|O_CLOEXEC) = -1 ENOENT (No such file or directory)
10682 openat(AT_FDCWD, "/home/runner/work/deckrender-acceptance/deckrender-acceptance/benchmark/artifacts/acceptance/private/sandboxes/2365ad2a878ed3613b69a6ae2c0c55b8ecf5dc09a1a04ade3b6e00d41146f0b5/.fontconfig/bf3b770c553c462765856025a94f1ce6-le64.cache-11", O_RDWR|O_CLOEXEC) = -1 ENOENT (No such file or directory)
10682 openat(AT_FDCWD, "/usr/share/fonts/truetype/lato", O_RDONLY|O_NONBLOCK|O_CLOEXEC|O_DIRECTORY) = 34
10682 openat(AT_FDCWD, "/usr/share/fonts/truetype/lato/Lato-Black.ttf", O_RDONLY|O_CLOEXEC) = 37
10682 openat(AT_FDCWD, "/usr/share/fonts/truetype/lato/Lato-BlackItalic.ttf", O_RDONLY|O_CLOEXEC) = 37
10682 openat(AT_FDCWD, "/usr/share/fonts/truetype/lato/Lato-Bold.ttf", O_RDONLY|O_CLOEXEC) = 37
10682 openat(AT_FDCWD, "/usr/share/fonts/truetype/lato/Lato-BoldItalic.ttf", O_RDONLY|O_CLOEXEC) = 37
10682 openat(AT_FDCWD, "/usr/share/fonts/truetype/lato/Lato-Hairline.ttf", O_RDONLY|O_CLOEXEC) = 37
10682 openat(AT_FDCWD, "/usr/share/fonts/truetype/lato/Lato-HairlineItalic.ttf", O_RDONLY|O_CLOEXEC) = 37
10682 openat(AT_FDCWD, "/usr/share/fonts/truetype/lato/Lato-Heavy.ttf", O_RDONLY|O_CLOEXEC) = 37
10682 openat(AT_FDCWD, "/usr/share/fonts/truetype/lato/Lato-HeavyItalic.ttf", O_RDONLY|O_CLOEXEC) = 37
10682 openat(AT_FDCWD, "/usr/share/fonts/truetype/lato/Lato-Italic.ttf", O_RDONLY|O_CLOEXEC) = 37
10682 openat(AT_FDCWD, "/usr/share/fonts/truetype/lato/Lato-Light.ttf", O_RDONLY|O_CLOEXEC) = 37
10682 openat(AT_FDCWD, "/usr/share/fonts/truetype/lato/Lato-LightItalic.ttf", O_RDONLY|O_CLOEXEC) = 37
10682 openat(AT_FDCWD, "/usr/share/fonts/truetype/lato/Lato-Medium.ttf", O_RDONLY|O_CLOEXEC) = 37
10682 openat(AT_FDCWD, "/usr/share/fonts/truetype/lato/Lato-MediumItalic.ttf", O_RDONLY|O_CLOEXEC) = 37
10682 openat(AT_FDCWD, "/usr/share/fonts/truetype/lato/Lato-Regular.ttf", O_RDONLY|O_CLOEXEC) = 37
10682 openat(AT_FDCWD, "/usr/share/fonts/truetype/lato/Lato-Semibold.ttf", O_RDONLY|O_CLOEXEC) = 37
10682 openat(AT_FDCWD, "/usr/share/fonts/truetype/lato/Lato-SemiboldItalic.ttf", O_RDONLY|O_CLOEXEC) = 37
10682 openat(AT_FDCWD, "/usr/share/fonts/truetype/lato/Lato-Thin.ttf", O_RDONLY|O_CLOEXEC) = 37
10682 openat(AT_FDCWD, "/usr/share/fonts/truetype/lato/Lato-ThinItalic.ttf", O_RDONLY|O_CLOEXEC) = 37
10682 openat(AT_FDCWD, "/home/runner/work/deckrender-acceptance/deckrender-acceptance/benchmark/artifacts/acceptance/private/sandboxes/2365ad2a878ed3613b69a6ae2c0c55b8ecf5dc09a1a04ade3b6e00d41146f0b5/.cache/fontconfig/bf3b770c553c462765856025a94f1ce6-le64.cache-11.TMP-uRme8W", O_RDWR|O_CREAT|O_EXCL, 0600) = 34
10682 openat(AT_FDCWD, "/home/runner/work/deckrender-acceptance/deckrender-acceptance/benchmark/artifacts/acceptance/private/sandboxes/2365ad2a878ed3613b69a6ae2c0c55b8ecf5dc09a1a04ade3b6e00d41146f0b5/.cache/fontconfig/bf3b770c553c462765856025a94f1ce6-le64.cache-11.NEW", O_RDWR|O_CREAT|O_CLOEXEC, 0666) = 34
10682 openat(AT_FDCWD, "/usr/share/fonts/truetype/liberation", O_RDONLY|O_CLOEXEC) = 34
10682 openat(AT_FDCWD, "/var/cache/fontconfig/3047814df9a2f067bd2d96a2b9c36e5a-le64.cache-11", O_RDONLY|O_CLOEXEC) = -1 ENOENT (No such file or directory)
10682 openat(AT_FDCWD, "/usr/share/fonts/truetype/liberation/.uuid", O_RDONLY|O_CLOEXEC) = -1 ENOENT (No such file or directory)
10682 openat(AT_FDCWD, "/home/runner/work/deckrender-acceptance/deckrender-acceptance/benchmark/artifacts/acceptance/private/sandboxes/2365ad2a878ed3613b69a6ae2c0c55b8ecf5dc09a1a04ade3b6e00d41146f0b5/.cache/fontconfig/3047814df9a2f067bd2d96a2b9c36e5a-le64.cache-11", O_RDONLY|O_CLOEXEC) = -1 ENOENT (No such file or directory)
10682 openat(AT_FDCWD, "/usr/share/fonts/truetype/liberation/.uuid", O_RDONLY|O_CLOEXEC) = -1 ENOENT (No such file or directory)
10682 openat(AT_FDCWD, "/home/runner/work/deckrender-acceptance/deckrender-acceptance/benchmark/artifacts/acceptance/private/sandboxes/2365ad2a878ed3613b69a6ae2c0c55b8ecf5dc09a1a04ade3b6e00d41146f0b5/.fontconfig/3047814df9a2f067bd2d96a2b9c36e5a-le64.cache-11", O_RDONLY|O_CLOEXEC) = -1 ENOENT (No such file or directory)
10682 openat(AT_FDCWD, "/usr/share/fonts/truetype/liberation/.uuid", O_RDONLY|O_CLOEXEC) = -1 ENOENT (No such file or directory)
10682 openat(AT_FDCWD, "/usr/share/fonts/truetype/liberation", O_RDONLY|O_CLOEXEC) = 34
10682 openat(AT_FDCWD, "/var/cache/fontconfig/3047814df9a2f067bd2d96a2b9c36e5a-le64.cache-11", O_RDWR|O_CLOEXEC) = -1 ENOENT (No such file or directory)
10682 openat(AT_FDCWD, "/home/runner/work/deckrender-acceptance/deckrender-acceptance/benchmark/artifacts/acceptance/private/sandboxes/2365ad2a878ed3613b69a6ae2c0c55b8ecf5dc09a1a04ade3b6e00d41146f0b5/.cache/fontconfig/3047814df9a2f067bd2d96a2b9c36e5a-le64.cache-11", O_RDWR|O_CLOEXEC) = -1 ENOENT (No such file or directory)
10682 openat(AT_FDCWD, "/home/runner/work/deckrender-acceptance/deckrender-acceptance/benchmark/artifacts/acceptance/private/sandboxes/2365ad2a878ed3613b69a6ae2c0c55b8ecf5dc09a1a04ade3b6e00d41146f0b5/.fontconfig/3047814df9a2f067bd2d96a2b9c36e5a-le64.cache-11", O_RDWR|O_CLOEXEC) = -1 ENOENT (No such file or directory)
10682 openat(AT_FDCWD, "/usr/share/fonts/truetype/liberation", O_RDONLY|O_NONBLOCK|O_CLOEXEC|O_DIRECTORY) = 34
10682 openat(AT_FDCWD, "/usr/share/fonts/truetype/liberation/LiberationMono-Bold.ttf", O_RDONLY|O_CLOEXEC) = 37
10682 openat(AT_FDCWD, "/usr/share/fonts/truetype/liberation/LiberationMono-BoldItalic.ttf", O_RDONLY|O_CLOEXEC) = 37
10682 openat(AT_FDCWD, "/usr/share/fonts/truetype/liberation/LiberationMono-Italic.ttf", O_RDONLY|O_CLOEXEC) = 37
10682 openat(AT_FDCWD, "/usr/share/fonts/truetype/liberation/LiberationMono-Regular.ttf", O_RDONLY|O_CLOEXEC) = 37
10682 openat(AT_FDCWD, "/usr/share/fonts/truetype/liberation/LiberationSans-Bold.ttf", O_RDONLY|O_CLOEXEC) = 37
10682 openat(AT_FDCWD, "/usr/share/fonts/truetype/liberation/LiberationSans-BoldItalic.ttf", O_RDONLY|O_CLOEXEC) = 37
10682 openat(AT_FDCWD, "/usr/share/fonts/truetype/liberation/LiberationSans-Italic.ttf", O_RDONLY|O_CLOEXEC) = 37
10682 openat(AT_FDCWD, "/usr/share/fonts/truetype/liberation/LiberationSans-Regular.ttf", O_RDONLY|O_CLOEXEC) = 37
10682 openat(AT_FDCWD, "/usr/share/fonts/truetype/liberation/LiberationSerif-Bold.ttf", O_RDONLY|O_CLOEXEC) = 37
10682 openat(AT_FDCWD, "/usr/share/fonts/truetype/liberation/LiberationSerif-BoldItalic.ttf", O_RDONLY|O_CLOEXEC) = 37
10682 openat(AT_FDCWD, "/usr/share/fonts/truetype/liberation/LiberationSerif-Italic.ttf", O_RDONLY|O_CLOEXEC) = 37
10682 openat(AT_FDCWD, "/usr/share/fonts/truetype/liberation/LiberationSerif-Regular.ttf", O_RDONLY|O_CLOEXEC) = 37
10682 openat(AT_FDCWD, "/home/runner/work/deckrender-acceptance/deckrender-acceptance/benchmark/artifacts/acceptance/private/sandboxes/2365ad2a878ed3613b69a6ae2c0c55b8ecf5dc09a1a04ade3b6e00d41146f0b5/.cache/fontconfig/3047814df9a2f067bd2d96a2b9c36e5a-le64.cache-11.TMP-YZrgXV", O_RDWR|O_CREAT|O_EXCL, 0600) = 34
10682 openat(AT_FDCWD, "/home/runner/work/deckrender-acceptance/deckrender-acceptance/benchmark/artifacts/acceptance/private/sandboxes/2365ad2a878ed3613b69a6ae2c0c55b8ecf5dc09a1a04ade3b6e00d41146f0b5/.cache/fontconfig/3047814df9a2f067bd2d96a2b9c36e5a-le64.cache-11.NEW", O_RDWR|O_CREAT|O_CLOEXEC, 0666) = 34
10682 openat(AT_FDCWD, "/usr/share/fonts/truetype/noto", O_RDONLY|O_CLOEXEC) = 34
10682 openat(AT_FDCWD, "/var/cache/fontconfig/0bd3dc0958fa2205aaaa8ebb13e2872b-le64.cache-11", O_RDONLY|O_CLOEXEC) = -1 ENOENT (No such file or directory)
10682 openat(AT_FDCWD, "/usr/share/fonts/truetype/noto/.uuid", O_RDONLY|O_CLOEXEC) = -1 ENOENT (No such file or directory)
10682 openat(AT_FDCWD, "/home/runner/work/deckrender-acceptance/deckrender-acceptance/benchmark/artifacts/acceptance/private/sandboxes/2365ad2a878ed3613b69a6ae2c0c55b8ecf5dc09a1a04ade3b6e00d41146f0b5/.cache/fontconfig/0bd3dc0958fa2205aaaa8ebb13e2872b-le64.cache-11", O_RDONLY|O_CLOEXEC) = -1 ENOENT (No such file or directory)
10682 openat(AT_FDCWD, "/usr/share/fonts/truetype/noto/.uuid", O_RDONLY|O_CLOEXEC) = -1 ENOENT (No such file or directory)
10682 openat(AT_FDCWD, "/home/runner/work/deckrender-acceptance/deckrender-acceptance/benchmark/artifacts/acceptance/private/sandboxes/2365ad2a878ed3613b69a6ae2c0c55b8ecf5dc09a1a04ade3b6e00d41146f0b5/.fontconfig/0bd3dc0958fa2205aaaa8ebb13e2872b-le64.cache-11", O_RDONLY|O_CLOEXEC) = -1 ENOENT (No such file or directory)
10682 openat(AT_FDCWD, "/usr/share/fonts/truetype/noto/.uuid", O_RDONLY|O_CLOEXEC) = -1 ENOENT (No such file or directory)
10682 openat(AT_FDCWD, "/usr/share/fonts/truetype/noto", O_RDONLY|O_CLOEXEC) = 34
10682 openat(AT_FDCWD, "/var/cache/fontconfig/0bd3dc0958fa2205aaaa8ebb13e2872b-le64.cache-11", O_RDWR|O_CLOEXEC) = -1 ENOENT (No such file or directory)
10682 openat(AT_FDCWD, "/home/runner/work/deckrender-acceptance/deckrender-acceptance/benchmark/artifacts/acceptance/private/sandboxes/2365ad2a878ed3613b69a6ae2c0c55b8ecf5dc09a1a04ade3b6e00d41146f0b5/.cache/fontconfig/0bd3dc0958fa2205aaaa8ebb13e2872b-le64.cache-11", O_RDWR|O_CLOEXEC) = -1 ENOENT (No such file or directory)
10682 openat(AT_FDCWD, "/home/runner/work/deckrender-acceptance/deckrender-acceptance/benchmark/artifacts/acceptance/private/sandboxes/2365ad2a878ed3613b69a6ae2c0c55b8ecf5dc09a1a04ade3b6e00d41146f0b5/.fontconfig/0bd3dc0958fa2205aaaa8ebb13e2872b-le64.cache-11", O_RDWR|O_CLOEXEC) = -1 ENOENT (No such file or directory)
10682 openat(AT_FDCWD, "/usr/share/fonts/truetype/noto", O_RDONLY|O_NONBLOCK|O_CLOEXEC|O_DIRECTORY) = 34
10682 openat(AT_FDCWD, "/usr/share/fonts/truetype/noto/NotoColorEmoji.ttf", O_RDONLY|O_CLOEXEC) = 37
10682 openat(AT_FDCWD, "/home/runner/work/deckrender-acceptance/deckrender-acceptance/benchmark/artifacts/acceptance/private/sandboxes/2365ad2a878ed3613b69a6ae2c0c55b8ecf5dc09a1a04ade3b6e00d41146f0b5/.cache/fontconfig/0bd3dc0958fa2205aaaa8ebb13e2872b-le64.cache-11.TMP-Hb4MYh", O_RDWR|O_CREAT|O_EXCL, 0600) = 34
10682 openat(AT_FDCWD, "/home/runner/work/deckrender-acceptance/deckrender-acceptance/benchmark/artifacts/acceptance/private/sandboxes/2365ad2a878ed3613b69a6ae2c0c55b8ecf5dc09a1a04ade3b6e00d41146f0b5/.cache/fontconfig/0bd3dc0958fa2205aaaa8ebb13e2872b-le64.cache-11.NEW", O_RDWR|O_CREAT|O_CLOEXEC, 0666) = 34
10662 sendto(36, "\20\0\0\0p\0\0\0\353Q\347y\0\0\0\0\30\0\24\0\0\0\0\0\17\0\0\0\0\0\0\0\0\0\0\0\0\0\0\0H\0\0\0\0\0\0\0\17\0\0\0\0\0\0\0\2\0\0\0\0\0\0\0\0\0\0\0\1\0\0\0\0\0\0\0\0\0\0\0\0}\1\0\0\1\0\0\0\0\0\0\0\0\0\0\0\0\0\0\0\0\0\0\0\0\0\0\0\0\0\0", 112, MSG_NOSIGNAL, NULL, 0) = 112
10710 recvmsg(14, {msg_name=NULL, msg_namelen=0, msg_iov=[{iov_base="\20\0\0\0p\0\0\0\353Q\347y\0\0\0\0\30\0\24\0\0\0\0\0\17\0\0\0\0\0\0\0\0\0\0\0\0\0\0\0H\0\0\0\0\0\0\0\17\0\0\0\0\0\0\0\2\0\0\0\0\0\0\0\0\0\0\0\1\0\0\0\0\0\0\0\0\0\0\0\0}\1\0\0\1\0\0\0\0\0\0\0\0\0\0\0\0\0\0\0\0\0\0\0\0\0\0\0\0\0\0", iov_len=4096}], msg_iovlen=1, msg_controllen=0, msg_flags=0}, MSG_DONTWAIT) = 112
10682 openat(AT_FDCWD, "/tmp/playwright_chromiumdev_profile-92XQZ9/Consent To Send Stats", O_RDONLY|O_CLOEXEC) = -1 ENOENT (No such file or directory)
10682 openat(AT_FDCWD, "/home/runner/work/deckrender-acceptance/deckrender-acceptance/benchmark/artifacts/acceptance/private/sandboxes/2365ad2a878ed3613b69a6ae2c0c55b8ecf5dc09a1a04ade3b6e00d41146f0b5/config/google-chrome/Crash Reports/settings.dat", O_RDWR|O_CREAT|O_NOCTTY|O_CLOEXEC, 0600) = 34
10695 socketpair(AF_UNIX, SOCK_STREAM, 0, [37, 40]) = 0
10695 openat(AT_FDCWD, "/opt/google/chrome/v8_context_snapshot.bin", O_RDONLY) = 34
10682 openat(AT_FDCWD, "/tmp/playwright_chromiumdev_profile-92XQZ9/Consent To Send Stats", O_RDONLY|O_CLOEXEC) = -1 ENOENT (No such file or directory)
10712 openat(AT_FDCWD, "/dev/null", O_RDONLY) = 46
10695 openat(AT_FDCWD, "/tmp/.com.google.Chrome.NFJoVr", O_RDWR|O_CREAT|O_EXCL, 0600) = 40
10695 sendmsg(37, {msg_name=NULL, msg_namelen=0, msg_iov=[{iov_base="\20\0\1\0\270\0\0\0=e\347y\0\0\0\0\30\0\0\0\0\0\0\0\0\0\0\0\0\0\0\0h\0\0\0\0\0\0\0@\0\0\0\0\0\0\0L\351U\252\330\21\363QW<U\221\270)H5\237\333\357\0\237\362\317X\256\344\216\324v\\\260\335\0\0\0\0\3\0\0\0\0\0\0\0\0\0\0\0X\0\0\0\0\0\0\0\20\0\0\0\1\0\0\0\0\0\0\0\0\0\0\0\20\0\0\0\1\0\0\0x\0\0\0\0\0\1\0000\0\0\0(\0\0\0\10\0\0\0\1\0\0\0 \0\0\0\0\0\2\0\2\0\0\0\0\0\0\0\332kl\335]\227\327X\257\301\353\252\225hA\336", iov_len=184}], msg_iovlen=1, msg_control=[{cmsg_len=20, cmsg_level=SOL_SOCKET, cmsg_type=SCM_RIGHTS, cmsg_data=[40]}], msg_controllen=20, msg_flags=0}, MSG_NOSIGNAL) = 184
10662 openat(AT_FDCWD, "/tmp/playwright_chromiumdev_profile-92XQZ9/Last Version", O_RDONLY|O_CLOEXEC) = -1 ENOENT (No such file or directory)
10712 openat(AT_FDCWD, "/proc/self/fd", O_RDONLY|O_DIRECTORY) = 46
10712 openat(AT_FDCWD, "/opt/hostedtoolcache/Python/3.12.14/x64/lib/glibc-hwcaps/x86-64-v3/libdl.so.2", O_RDONLY|O_CLOEXEC) = -1 ENOENT (No such file or directory)
10712 openat(AT_FDCWD, "/opt/hostedtoolcache/Python/3.12.14/x64/lib/glibc-hwcaps/x86-64-v2/libdl.so.2", O_RDONLY|O_CLOEXEC) = -1 ENOENT (No such file or directory)
10712 openat(AT_FDCWD, "/opt/hostedtoolcache/Python/3.12.14/x64/lib/libdl.so.2", O_RDONLY|O_CLOEXEC) = -1 ENOENT (No such file or directory)
10712 openat(AT_FDCWD, "/etc/ld.so.cache", O_RDONLY|O_CLOEXEC) = 4
10712 openat(AT_FDCWD, "/lib/x86_64-linux-gnu/libdl.so.2", O_RDONLY|O_CLOEXEC) = 4
10712 openat(AT_FDCWD, "/opt/hostedtoolcache/Python/3.12.14/x64/lib/libpthread.so.0", O_RDONLY|O_CLOEXEC) = -1 ENOENT (No such file or directory)
10712 openat(AT_FDCWD, "/lib/x86_64-linux-gnu/libpthread.so.0", O_RDONLY|O_CLOEXEC) = 4
10712 openat(AT_FDCWD, "/opt/hostedtoolcache/Python/3.12.14/x64/lib/libglib-2.0.so.0", O_RDONLY|O_CLOEXEC) = -1 ENOENT (No such file or directory)
10712 openat(AT_FDCWD, "/lib/x86_64-linux-gnu/libglib-2.0.so.0", O_RDONLY|O_CLOEXEC) = 4
10712 openat(AT_FDCWD, "/opt/hostedtoolcache/Python/3.12.14/x64/lib/libgobject-2.0.so.0", O_RDONLY|O_CLOEXEC) = -1 ENOENT (No such file or directory)
10712 openat(AT_FDCWD, "/lib/x86_64-linux-gnu/libgobject-2.0.so.0", O_RDONLY|O_CLOEXEC) = 4
10712 openat(AT_FDCWD, "/opt/hostedtoolcache/Python/3.12.14/x64/lib/libnspr4.so", O_RDONLY|O_CLOEXEC) = -1 ENOENT (No such file or directory)
10712 openat(AT_FDCWD, "/lib/x86_64-linux-gnu/libnspr4.so", O_RDONLY|O_CLOEXEC) = 4
10712 openat(AT_FDCWD, "/opt/hostedtoolcache/Python/3.12.14/x64/lib/libnss3.so", O_RDONLY|O_CLOEXEC) = -1 ENOENT (No such file or directory)
10712 openat(AT_FDCWD, "/lib/x86_64-linux-gnu/libnss3.so", O_RDONLY|O_CLOEXEC) = 4
10712 openat(AT_FDCWD, "/opt/hostedtoolcache/Python/3.12.14/x64/lib/libnssutil3.so", O_RDONLY|O_CLOEXEC) = -1 ENOENT (No such file or directory)
10712 openat(AT_FDCWD, "/lib/x86_64-linux-gnu/libnssutil3.so", O_RDONLY|O_CLOEXEC) = 4
10712 openat(AT_FDCWD, "/opt/hostedtoolcache/Python/3.12.14/x64/lib/libsmime3.so", O_RDONLY|O_CLOEXEC) = -1 ENOENT (No such file or directory)
10712 openat(AT_FDCWD, "/lib/x86_64-linux-gnu/libsmime3.so", O_RDONLY|O_CLOEXEC) = 4
10712 openat(AT_FDCWD, "/opt/hostedtoolcache/Python/3.12.14/x64/lib/libgio-2.0.so.0", O_RDONLY|O_CLOEXEC) = -1 ENOENT (No such file or directory)
10712 openat(AT_FDCWD, "/lib/x86_64-linux-gnu/libgio-2.0.so.0", O_RDONLY|O_CLOEXEC) = 4
10712 openat(AT_FDCWD, "/opt/hostedtoolcache/Python/3.12.14/x64/lib/libatk-1.0.so.0", O_RDONLY|O_CLOEXEC) = -1 ENOENT (No such file or directory)
10712 openat(AT_FDCWD, "/lib/x86_64-linux-gnu/libatk-1.0.so.0", O_RDONLY|O_CLOEXEC) = 4
10712 openat(AT_FDCWD, "/opt/hostedtoolcache/Python/3.12.14/x64/lib/libatk-bridge-2.0.so.0", O_RDONLY|O_CLOEXEC) = -1 ENOENT (No such file or directory)
10712 openat(AT_FDCWD, "/lib/x86_64-linux-gnu/libatk-bridge-2.0.so.0", O_RDONLY|O_CLOEXEC) = 4
10712 openat(AT_FDCWD, "/opt/hostedtoolcache/Python/3.12.14/x64/lib/libdbus-1.so.3", O_RDONLY|O_CLOEXEC) = -1 ENOENT (No such file or directory)
10712 openat(AT_FDCWD, "/lib/x86_64-linux-gnu/libdbus-1.so.3", O_RDONLY|O_CLOEXEC) = 4
10712 openat(AT_FDCWD, "/opt/hostedtoolcache/Python/3.12.14/x64/lib/libcups.so.2", O_RDONLY|O_CLOEXEC) = -1 ENOENT (No such file or directory)
10712 openat(AT_FDCWD, "/lib/x86_64-linux-gnu/libcups.so.2", O_RDONLY|O_CLOEXEC) = 4
10712 openat(AT_FDCWD, "/opt/hostedtoolcache/Python/3.12.14/x64/lib/libexpat.so.1", O_RDONLY|O_CLOEXEC) = -1 ENOENT (No such file or directory)
10712 openat(AT_FDCWD, "/lib/x86_64-linux-gnu/libexpat.so.1", O_RDONLY|O_CLOEXEC) = 4
10712 openat(AT_FDCWD, "/opt/hostedtoolcache/Python/3.12.14/x64/lib/libxcb.so.1", O_RDONLY|O_CLOEXEC) = -1 ENOENT (No such file or directory)
10712 openat(AT_FDCWD, "/lib/x86_64-linux-gnu/libxcb.so.1", O_RDONLY|O_CLOEXEC) = 4
10712 openat(AT_FDCWD, "/opt/hostedtoolcache/Python/3.12.14/x64/lib/libxkbcommon.so.0", O_RDONLY|O_CLOEXEC) = -1 ENOENT (No such file or directory)
10712 openat(AT_FDCWD, "/lib/x86_64-linux-gnu/libxkbcommon.so.0", O_RDONLY|O_CLOEXEC) = 4
10712 openat(AT_FDCWD, "/opt/hostedtoolcache/Python/3.12.14/x64/lib/libasound.so.2", O_RDONLY|O_CLOEXEC) = -1 ENOENT (No such file or directory)
10712 openat(AT_FDCWD, "/lib/x86_64-linux-gnu/libasound.so.2", O_RDONLY|O_CLOEXEC) = 4
10712 openat(AT_FDCWD, "/opt/hostedtoolcache/Python/3.12.14/x64/lib/libgbm.so.1", O_RDONLY|O_CLOEXEC) = -1 ENOENT (No such file or directory)
10712 openat(AT_FDCWD, "/lib/x86_64-linux-gnu/libgbm.so.1", O_RDONLY|O_CLOEXEC) = 4
10712 openat(AT_FDCWD, "/opt/hostedtoolcache/Python/3.12.14/x64/lib/libX11.so.6", O_RDONLY|O_CLOEXEC) = -1 ENOENT (No such file or directory)
10712 openat(AT_FDCWD, "/lib/x86_64-linux-gnu/libX11.so.6", O_RDONLY|O_CLOEXEC) = 4
10712 openat(AT_FDCWD, "/opt/hostedtoolcache/Python/3.12.14/x64/lib/libXext.so.6", O_RDONLY|O_CLOEXEC) = -1 ENOENT (No such file or directory)
10712 openat(AT_FDCWD, "/lib/x86_64-linux-gnu/libXext.so.6", O_RDONLY|O_CLOEXEC) = 4
10712 openat(AT_FDCWD, "/opt/hostedtoolcache/Python/3.12.14/x64/lib/libcairo.so.2", O_RDONLY|O_CLOEXEC) = -1 ENOENT (No such file or directory)
10712 openat(AT_FDCWD, "/lib/x86_64-linux-gnu/libcairo.so.2", O_RDONLY|O_CLOEXEC) = 4
10712 openat(AT_FDCWD, "/opt/hostedtoolcache/Python/3.12.14/x64/lib/libpango-1.0.so.0", O_RDONLY|O_CLOEXEC) = -1 ENOENT (No such file or directory)
10712 openat(AT_FDCWD, "/lib/x86_64-linux-gnu/libpango-1.0.so.0", O_RDONLY|O_CLOEXEC) = 4
10712 openat(AT_FDCWD, "/opt/hostedtoolcache/Python/3.12.14/x64/lib/libudev.so.1", O_RDONLY|O_CLOEXEC) = -1 ENOENT (No such file or directory)
10712 openat(AT_FDCWD, "/lib/x86_64-linux-gnu/libudev.so.1", O_RDONLY|O_CLOEXEC) = 4
10712 openat(AT_FDCWD, "/opt/hostedtoolcache/Python/3.12.14/x64/lib/libm.so.6", O_RDONLY|O_CLOEXEC) = -1 ENOENT (No such file or directory)
10712 openat(AT_FDCWD, "/lib/x86_64-linux-gnu/libm.so.6", O_RDONLY|O_CLOEXEC) = 4
10712 openat(AT_FDCWD, "/opt/hostedtoolcache/Python/3.12.14/x64/lib/libXcomposite.so.1", O_RDONLY|O_CLOEXEC) = -1 ENOENT (No such file or directory)
10712 openat(AT_FDCWD, "/lib/x86_64-linux-gnu/libXcomposite.so.1", O_RDONLY|O_CLOEXEC) = 4
10712 openat(AT_FDCWD, "/opt/hostedtoolcache/Python/3.12.14/x64/lib/libXdamage.so.1", O_RDONLY|O_CLOEXEC) = -1 ENOENT (No such file or directory)
10712 openat(AT_FDCWD, "/lib/x86_64-linux-gnu/libXdamage.so.1", O_RDONLY|O_CLOEXEC) = 4
10712 openat(AT_FDCWD, "/opt/hostedtoolcache/Python/3.12.14/x64/lib/libXfixes.so.3", O_RDONLY|O_CLOEXEC) = -1 ENOENT (No such file or directory)
10712 openat(AT_FDCWD, "/lib/x86_64-linux-gnu/libXfixes.so.3", O_RDONLY|O_CLOEXEC) = 4
10712 openat(AT_FDCWD, "/opt/hostedtoolcache/Python/3.12.14/x64/lib/libXrandr.so.2", O_RDONLY|O_CLOEXEC) = -1 ENOENT (No such file or directory)
10712 openat(AT_FDCWD, "/lib/x86_64-linux-gnu/libXrandr.so.2", O_RDONLY|O_CLOEXEC) = 4
10712 openat(AT_FDCWD, "/opt/hostedtoolcache/Python/3.12.14/x64/lib/libatspi.so.0", O_RDONLY|O_CLOEXEC) = -1 ENOENT (No such file or directory)
10712 openat(AT_FDCWD, "/lib/x86_64-linux-gnu/libatspi.so.0", O_RDONLY|O_CLOEXEC) = 4
10712 openat(AT_FDCWD, "/opt/hostedtoolcache/Python/3.12.14/x64/lib/libgcc_s.so.1", O_RDONLY|O_CLOEXEC) = -1 ENOENT (No such file or directory)
10712 openat(AT_FDCWD, "/lib/x86_64-linux-gnu/libgcc_s.so.1", O_RDONLY|O_CLOEXEC) = 4
10712 openat(AT_FDCWD, "/opt/hostedtoolcache/Python/3.12.14/x64/lib/libc.so.6", O_RDONLY|O_CLOEXEC) = -1 ENOENT (No such file or directory)
10712 openat(AT_FDCWD, "/lib/x86_64-linux-gnu/libc.so.6", O_RDONLY|O_CLOEXEC) = 4
10712 openat(AT_FDCWD, "/opt/hostedtoolcache/Python/3.12.14/x64/lib/libpcre2-8.so.0", O_RDONLY|O_CLOEXEC) = -1 ENOENT (No such file or directory)
10712 openat(AT_FDCWD, "/lib/x86_64-linux-gnu/libpcre2-8.so.0", O_RDONLY|O_CLOEXEC) = 4
10712 openat(AT_FDCWD, "/opt/hostedtoolcache/Python/3.12.14/x64/lib/libffi.so.8", O_RDONLY|O_CLOEXEC) = -1 ENOENT (No such file or directory)
10712 openat(AT_FDCWD, "/lib/x86_64-linux-gnu/libffi.so.8", O_RDONLY|O_CLOEXEC) = 4
10712 openat(AT_FDCWD, "/opt/hostedtoolcache/Python/3.12.14/x64/lib/libplc4.so", O_RDONLY|O_CLOEXEC) = -1 ENOENT (No such file or directory)
10712 openat(AT_FDCWD, "/lib/x86_64-linux-gnu/libplc4.so", O_RDONLY|O_CLOEXEC) = 4
10712 openat(AT_FDCWD, "/opt/hostedtoolcache/Python/3.12.14/x64/lib/libplds4.so", O_RDONLY|O_CLOEXEC) = -1 ENOENT (No such file or directory)
10712 openat(AT_FDCWD, "/lib/x86_64-linux-gnu/libplds4.so", O_RDONLY|O_CLOEXEC) = 4
10712 openat(AT_FDCWD, "/opt/hostedtoolcache/Python/3.12.14/x64/lib/libgmodule-2.0.so.0", O_RDONLY|O_CLOEXEC) = -1 ENOENT (No such file or directory)
10712 openat(AT_FDCWD, "/lib/x86_64-linux-gnu/libgmodule-2.0.so.0", O_RDONLY|O_CLOEXEC) = 4
10712 openat(AT_FDCWD, "/opt/hostedtoolcache/Python/3.12.14/x64/lib/libz.so.1", O_RDONLY|O_CLOEXEC) = -1 ENOENT (No such file or directory)
10712 openat(AT_FDCWD, "/lib/x86_64-linux-gnu/libz.so.1", O_RDONLY|O_CLOEXEC) = 4
10712 openat(AT_FDCWD, "/opt/hostedtoolcache/Python/3.12.14/x64/lib/libmount.so.1", O_RDONLY|O_CLOEXEC) = -1 ENOENT (No such file or directory)
10712 openat(AT_FDCWD, "/lib/x86_64-linux-gnu/libmount.so.1", O_RDONLY|O_CLOEXEC) = 4
10712 openat(AT_FDCWD, "/opt/hostedtoolcache/Python/3.12.14/x64/lib/libselinux.so.1", O_RDONLY|O_CLOEXEC) = -1 ENOENT (No such file or directory)
10712 openat(AT_FDCWD, "/lib/x86_64-linux-gnu/libselinux.so.1", O_RDONLY|O_CLOEXEC) = 4
10682 openat(AT_FDCWD, "/tmp/playwright_chromiumdev_profile-92XQZ9/segmentation_platform/ukm_db", O_RDWR|O_CREAT|O_NOFOLLOW|O_CLOEXEC, 0600 <unfinished ...>
10712 openat(AT_FDCWD, "/opt/hostedtoolcache/Python/3.12.14/x64/lib/libsystemd.so.0", O_RDONLY|O_CLOEXEC <unfinished ...>
10682 <... openat resumed>)             = 40
10712 <... openat resumed>)             = -1 ENOENT (No such file or directory)
10712 openat(AT_FDCWD, "/lib/x86_64-linux-gnu/libsystemd.so.0", O_RDONLY|O_CLOEXEC) = 4
10712 openat(AT_FDCWD, "/opt/hostedtoolcache/Python/3.12.14/x64/lib/libgssapi_krb5.so.2", O_RDONLY|O_CLOEXEC) = -1 ENOENT (No such file or directory)
10712 openat(AT_FDCWD, "/lib/x86_64-linux-gnu/libgssapi_krb5.so.2", O_RDONLY|O_CLOEXEC) = 4
10712 openat(AT_FDCWD, "/opt/hostedtoolcache/Python/3.12.14/x64/lib/libavahi-common.so.3", O_RDONLY|O_CLOEXEC <unfinished ...>
10682 openat(AT_FDCWD, "/tmp/playwright_chromiumdev_profile-92XQZ9/segmentation_platform/ukm_db-journal", O_RDWR|O_CREAT|O_NOFOLLOW|O_CLOEXEC, 0600 <unfinished ...>
10712 <... openat resumed>)             = -1 ENOENT (No such file or directory)
10712 openat(AT_FDCWD, "/lib/x86_64-linux-gnu/libavahi-common.so.3", O_RDONLY|O_CLOEXEC <unfinished ...>
10682 <... openat resumed>)             = 43
10712 <... openat resumed>)             = 4
10682 openat(AT_FDCWD, "/dev/urandom", O_RDONLY|O_CLOEXEC) = 45
10712 openat(AT_FDCWD, "/opt/hostedtoolcache/Python/3.12.14/x64/lib/libavahi-client.so.3", O_RDONLY|O_CLOEXEC) = -1 ENOENT (No such file or directory)
10712 openat(AT_FDCWD, "/lib/x86_64-linux-gnu/libavahi-client.so.3", O_RDONLY|O_CLOEXEC) = 4
10712 openat(AT_FDCWD, "/opt/hostedtoolcache/Python/3.12.14/x64/lib/libgnutls.so.30", O_RDONLY|O_CLOEXEC) = -1 ENOENT (No such file or directory)
10712 openat(AT_FDCWD, "/lib/x86_64-linux-gnu/libgnutls.so.30", O_RDONLY|O_CLOEXEC) = 4
10682 openat(AT_FDCWD, "/tmp/playwright_chromiumdev_profile-92XQZ9/segmentation_platform", O_RDONLY|O_CLOEXEC) = 45
10712 openat(AT_FDCWD, "/opt/hostedtoolcache/Python/3.12.14/x64/lib/libXau.so.6", O_RDONLY|O_CLOEXEC) = -1 ENOENT (No such file or directory)
10712 openat(AT_FDCWD, "/lib/x86_64-linux-gnu/libXau.so.6", O_RDONLY|O_CLOEXEC) = 4
10712 openat(AT_FDCWD, "/opt/hostedtoolcache/Python/3.12.14/x64/lib/libXdmcp.so.6", O_RDONLY|O_CLOEXEC) = -1 ENOENT (No such file or directory)
10682 openat(AT_FDCWD, "/tmp/playwright_chromiumdev_profile-92XQZ9/segmentation_platform/ukm_db-wal", O_RDWR|O_CREAT|O_NOFOLLOW|O_CLOEXEC, 0600 <unfinished ...>
10712 openat(AT_FDCWD, "/lib/x86_64-linux-gnu/libXdmcp.so.6", O_RDONLY|O_CLOEXEC) = 4
10682 <... openat resumed>)             = 43
10712 openat(AT_FDCWD, "/opt/hostedtoolcache/Python/3.12.14/x64/lib/libdrm.so.2", O_RDONLY|O_CLOEXEC) = -1 ENOENT (No such file or directory)
10712 openat(AT_FDCWD, "/lib/x86_64-linux-gnu/libdrm.so.2", O_RDONLY|O_CLOEXEC) = 4
10682 openat(AT_FDCWD, "/tmp/playwright_chromiumdev_profile-92XQZ9/segmentation_platform", O_RDONLY|O_CLOEXEC) = 45
10712 openat(AT_FDCWD, "/opt/hostedtoolcache/Python/3.12.14/x64/lib/libpng16.so.16", O_RDONLY|O_CLOEXEC) = -1 ENOENT (No such file or directory)
10712 openat(AT_FDCWD, "/lib/x86_64-linux-gnu/libpng16.so.16", O_RDONLY|O_CLOEXEC) = 4
10712 openat(AT_FDCWD, "/opt/hostedtoolcache/Python/3.12.14/x64/lib/libfontconfig.so.1", O_RDONLY|O_CLOEXEC) = -1 ENOENT (No such file or directory)
10712 openat(AT_FDCWD, "/lib/x86_64-linux-gnu/libfontconfig.so.1", O_RDONLY|O_CLOEXEC) = 4
10712 openat(AT_FDCWD, "/opt/hostedtoolcache/Python/3.12.14/x64/lib/libfreetype.so.6", O_RDONLY|O_CLOEXEC) = -1 ENOENT (No such file or directory)
10712 openat(AT_FDCWD, "/lib/x86_64-linux-gnu/libfreetype.so.6", O_RDONLY|O_CLOEXEC) = 4
10712 openat(AT_FDCWD, "/opt/hostedtoolcache/Python/3.12.14/x64/lib/libXrender.so.1", O_RDONLY|O_CLOEXEC) = -1 ENOENT (No such file or directory)
10712 openat(AT_FDCWD, "/lib/x86_64-linux-gnu/libXrender.so.1", O_RDONLY|O_CLOEXEC) = 4
10712 openat(AT_FDCWD, "/opt/hostedtoolcache/Python/3.12.14/x64/lib/libxcb-render.so.0", O_RDONLY|O_CLOEXEC) = -1 ENOENT (No such file or directory)
10712 openat(AT_FDCWD, "/lib/x86_64-linux-gnu/libxcb-render.so.0", O_RDONLY|O_CLOEXEC) = 4
10712 openat(AT_FDCWD, "/opt/hostedtoolcache/Python/3.12.14/x64/lib/libxcb-shm.so.0", O_RDONLY|O_CLOEXEC) = -1 ENOENT (No such file or directory)
10712 openat(AT_FDCWD, "/lib/x86_64-linux-gnu/libxcb-shm.so.0", O_RDONLY|O_CLOEXEC) = 4
10712 openat(AT_FDCWD, "/opt/hostedtoolcache/Python/3.12.14/x64/lib/libpixman-1.so.0", O_RDONLY|O_CLOEXEC) = -1 ENOENT (No such file or directory)
10712 openat(AT_FDCWD, "/lib/x86_64-linux-gnu/libpixman-1.so.0", O_RDONLY|O_CLOEXEC) = 4
10712 openat(AT_FDCWD, "/opt/hostedtoolcache/Python/3.12.14/x64/lib/libfribidi.so.0", O_RDONLY|O_CLOEXEC) = -1 ENOENT (No such file or directory)
10712 openat(AT_FDCWD, "/lib/x86_64-linux-gnu/libfribidi.so.0", O_RDONLY|O_CLOEXEC) = 4
10712 openat(AT_FDCWD, "/opt/hostedtoolcache/Python/3.12.14/x64/lib/libthai.so.0", O_RDONLY|O_CLOEXEC) = -1 ENOENT (No such file or directory)
10712 openat(AT_FDCWD, "/lib/x86_64-linux-gnu/libthai.so.0", O_RDONLY|O_CLOEXEC) = 4
10712 openat(AT_FDCWD, "/opt/hostedtoolcache/Python/3.12.14/x64/lib/libharfbuzz.so.0", O_RDONLY|O_CLOEXEC) = -1 ENOENT (No such file or directory)
10712 openat(AT_FDCWD, "/lib/x86_64-linux-gnu/libharfbuzz.so.0", O_RDONLY|O_CLOEXEC) = 4
10712 openat(AT_FDCWD, "/opt/hostedtoolcache/Python/3.12.14/x64/lib/libcap.so.2", O_RDONLY|O_CLOEXEC) = -1 ENOENT (No such file or directory)
10712 openat(AT_FDCWD, "/lib/x86_64-linux-gnu/libcap.so.2", O_RDONLY|O_CLOEXEC) = 4
10712 openat(AT_FDCWD, "/opt/hostedtoolcache/Python/3.12.14/x64/lib/libXi.so.6", O_RDONLY|O_CLOEXEC) = -1 ENOENT (No such file or directory)
10712 openat(AT_FDCWD, "/lib/x86_64-linux-gnu/libXi.so.6", O_RDONLY|O_CLOEXEC) = 4
10712 openat(AT_FDCWD, "/opt/hostedtoolcache/Python/3.12.14/x64/lib/libblkid.so.1", O_RDONLY|O_CLOEXEC) = -1 ENOENT (No such file or directory)
10712 openat(AT_FDCWD, "/lib/x86_64-linux-gnu/libblkid.so.1", O_RDONLY|O_CLOEXEC) = 4
10712 openat(AT_FDCWD, "/opt/hostedtoolcache/Python/3.12.14/x64/lib/libgcrypt.so.20", O_RDONLY|O_CLOEXEC) = -1 ENOENT (No such file or directory)
10712 openat(AT_FDCWD, "/lib/x86_64-linux-gnu/libgcrypt.so.20", O_RDONLY|O_CLOEXEC) = 4
10712 openat(AT_FDCWD, "/opt/hostedtoolcache/Python/3.12.14/x64/lib/liblz4.so.1", O_RDONLY|O_CLOEXEC) = -1 ENOENT (No such file or directory)
10712 openat(AT_FDCWD, "/lib/x86_64-linux-gnu/liblz4.so.1", O_RDONLY|O_CLOEXEC) = 4
10712 openat(AT_FDCWD, "/opt/hostedtoolcache/Python/3.12.14/x64/lib/liblzma.so.5", O_RDONLY|O_CLOEXEC) = -1 ENOENT (No such file or directory)
10712 openat(AT_FDCWD, "/lib/x86_64-linux-gnu/liblzma.so.5", O_RDONLY|O_CLOEXEC) = 4
10712 openat(AT_FDCWD, "/opt/hostedtoolcache/Python/3.12.14/x64/lib/libzstd.so.1", O_RDONLY|O_CLOEXEC) = -1 ENOENT (No such file or directory)
10712 openat(AT_FDCWD, "/lib/x86_64-linux-gnu/libzstd.so.1", O_RDONLY|O_CLOEXEC) = 4
10712 openat(AT_FDCWD, "/opt/hostedtoolcache/Python/3.12.14/x64/lib/libkrb5.so.3", O_RDONLY|O_CLOEXEC) = -1 ENOENT (No such file or directory)
10712 openat(AT_FDCWD, "/lib/x86_64-linux-gnu/libkrb5.so.3", O_RDONLY|O_CLOEXEC) = 4
10712 openat(AT_FDCWD, "/opt/hostedtoolcache/Python/3.12.14/x64/lib/libk5crypto.so.3", O_RDONLY|O_CLOEXEC) = -1 ENOENT (No such file or directory)
10712 openat(AT_FDCWD, "/lib/x86_64-linux-gnu/libk5crypto.so.3", O_RDONLY|O_CLOEXEC) = 4
10712 openat(AT_FDCWD, "/opt/hostedtoolcache/Python/3.12.14/x64/lib/libcom_err.so.2", O_RDONLY|O_CLOEXEC) = -1 ENOENT (No such file or directory)
10712 openat(AT_FDCWD, "/lib/x86_64-linux-gnu/libcom_err.so.2", O_RDONLY|O_CLOEXEC) = 4
10712 openat(AT_FDCWD, "/opt/hostedtoolcache/Python/3.12.14/x64/lib/libkrb5support.so.0", O_RDONLY|O_CLOEXEC) = -1 ENOENT (No such file or directory)
10712 openat(AT_FDCWD, "/lib/x86_64-linux-gnu/libkrb5support.so.0", O_RDONLY|O_CLOEXEC) = 4
10712 openat(AT_FDCWD, "/opt/hostedtoolcache/Python/3.12.14/x64/lib/libp11-kit.so.0", O_RDONLY|O_CLOEXEC) = -1 ENOENT (No such file or directory)
10712 openat(AT_FDCWD, "/lib/x86_64-linux-gnu/libp11-kit.so.0", O_RDONLY|O_CLOEXEC) = 4
10712 openat(AT_FDCWD, "/opt/hostedtoolcache/Python/3.12.14/x64/lib/libidn2.so.0", O_RDONLY|O_CLOEXEC) = -1 ENOENT (No such file or directory)
10712 openat(AT_FDCWD, "/lib/x86_64-linux-gnu/libidn2.so.0", O_RDONLY|O_CLOEXEC) = 4
10712 openat(AT_FDCWD, "/opt/hostedtoolcache/Python/3.12.14/x64/lib/libunistring.so.5", O_RDONLY|O_CLOEXEC) = -1 ENOENT (No such file or directory)
10712 openat(AT_FDCWD, "/lib/x86_64-linux-gnu/libunistring.so.5", O_RDONLY|O_CLOEXEC) = 4
10712 openat(AT_FDCWD, "/opt/hostedtoolcache/Python/3.12.14/x64/lib/libtasn1.so.6", O_RDONLY|O_CLOEXEC) = -1 ENOENT (No such file or directory)
10712 openat(AT_FDCWD, "/lib/x86_64-linux-gnu/libtasn1.so.6", O_RDONLY|O_CLOEXEC) = 4
10712 openat(AT_FDCWD, "/opt/hostedtoolcache/Python/3.12.14/x64/lib/libnettle.so.8", O_RDONLY|O_CLOEXEC) = -1 ENOENT (No such file or directory)
10712 openat(AT_FDCWD, "/lib/x86_64-linux-gnu/libnettle.so.8", O_RDONLY|O_CLOEXEC) = 4
10712 openat(AT_FDCWD, "/opt/hostedtoolcache/Python/3.12.14/x64/lib/libhogweed.so.6", O_RDONLY|O_CLOEXEC) = -1 ENOENT (No such file or directory)
10712 openat(AT_FDCWD, "/lib/x86_64-linux-gnu/libhogweed.so.6", O_RDONLY|O_CLOEXEC) = 4
10712 openat(AT_FDCWD, "/opt/hostedtoolcache/Python/3.12.14/x64/lib/libgmp.so.10", O_RDONLY|O_CLOEXEC) = -1 ENOENT (No such file or directory)
10712 openat(AT_FDCWD, "/lib/x86_64-linux-gnu/libgmp.so.10", O_RDONLY|O_CLOEXEC) = 4
10712 openat(AT_FDCWD, "/opt/hostedtoolcache/Python/3.12.14/x64/lib/libbsd.so.0", O_RDONLY|O_CLOEXEC) = -1 ENOENT (No such file or directory)
10712 openat(AT_FDCWD, "/lib/x86_64-linux-gnu/libbsd.so.0", O_RDONLY|O_CLOEXEC) = 4
10712 openat(AT_FDCWD, "/opt/hostedtoolcache/Python/3.12.14/x64/lib/libbz2.so.1.0", O_RDONLY|O_CLOEXEC) = -1 ENOENT (No such file or directory)
10712 openat(AT_FDCWD, "/lib/x86_64-linux-gnu/libbz2.so.1.0", O_RDONLY|O_CLOEXEC) = 4
10662 openat(AT_FDCWD, "/usr/share/fonts/opentype/noto/NotoSansCJK-Regular.ttc", O_RDONLY) = 45
10712 openat(AT_FDCWD, "/opt/hostedtoolcache/Python/3.12.14/x64/lib/libbrotlidec.so.1", O_RDONLY|O_CLOEXEC) = -1 ENOENT (No such file or directory)
10712 openat(AT_FDCWD, "/lib/x86_64-linux-gnu/libbrotlidec.so.1", O_RDONLY|O_CLOEXEC) = 4
10712 openat(AT_FDCWD, "/opt/hostedtoolcache/Python/3.12.14/x64/lib/libdatrie.so.1", O_RDONLY|O_CLOEXEC) = -1 ENOENT (No such file or directory)
10712 openat(AT_FDCWD, "/lib/x86_64-linux-gnu/libdatrie.so.1", O_RDONLY|O_CLOEXEC) = 4
10662 openat(AT_FDCWD, "/usr/share/fonts/opentype/noto/NotoSerifCJK-Regular.ttc", O_RDONLY) = 45
10712 openat(AT_FDCWD, "/opt/hostedtoolcache/Python/3.12.14/x64/lib/libgraphite2.so.3", O_RDONLY|O_CLOEXEC) = -1 ENOENT (No such file or directory)
10712 openat(AT_FDCWD, "/lib/x86_64-linux-gnu/libgraphite2.so.3", O_RDONLY|O_CLOEXEC) = 4
10712 openat(AT_FDCWD, "/opt/hostedtoolcache/Python/3.12.14/x64/lib/libgpg-error.so.0", O_RDONLY|O_CLOEXEC) = -1 ENOENT (No such file or directory)
10712 openat(AT_FDCWD, "/lib/x86_64-linux-gnu/libgpg-error.so.0", O_RDONLY|O_CLOEXEC) = 4
10712 openat(AT_FDCWD, "/opt/hostedtoolcache/Python/3.12.14/x64/lib/libkeyutils.so.1", O_RDONLY|O_CLOEXEC) = -1 ENOENT (No such file or directory)
10712 openat(AT_FDCWD, "/lib/x86_64-linux-gnu/libkeyutils.so.1", O_RDONLY|O_CLOEXEC) = 4
10662 openat(AT_FDCWD, "/usr/share/fonts/opentype/noto/NotoSansCJK-Regular.ttc", O_RDONLY) = 45
10712 openat(AT_FDCWD, "/opt/hostedtoolcache/Python/3.12.14/x64/lib/libresolv.so.2", O_RDONLY|O_CLOEXEC) = -1 ENOENT (No such file or directory)
10712 openat(AT_FDCWD, "/lib/x86_64-linux-gnu/libresolv.so.2", O_RDONLY|O_CLOEXEC) = 4
10712 openat(AT_FDCWD, "/opt/hostedtoolcache/Python/3.12.14/x64/lib/libmd.so.0", O_RDONLY|O_CLOEXEC) = -1 ENOENT (No such file or directory)
10712 openat(AT_FDCWD, "/lib/x86_64-linux-gnu/libmd.so.0", O_RDONLY|O_CLOEXEC) = 4
10662 openat(AT_FDCWD, "/usr/share/fonts/opentype/noto/NotoSerifCJK-Regular.ttc", O_RDONLY) = 45
10712 openat(AT_FDCWD, "/opt/hostedtoolcache/Python/3.12.14/x64/lib/libbrotlicommon.so.1", O_RDONLY|O_CLOEXEC) = -1 ENOENT (No such file or directory)
10712 openat(AT_FDCWD, "/lib/x86_64-linux-gnu/libbrotlicommon.so.1", O_RDONLY|O_CLOEXEC) = 4
10662 openat(AT_FDCWD, "/usr/share/fonts/opentype/noto/NotoSansCJK-Regular.ttc", O_RDONLY) = 45
10662 openat(AT_FDCWD, "/usr/share/fonts/opentype/noto/NotoSerifCJK-Regular.ttc", O_RDONLY) = 45
10662 openat(AT_FDCWD, "/usr/share/fonts/opentype/noto/NotoSansCJK-Regular.ttc", O_RDONLY) = 45
10662 openat(AT_FDCWD, "/usr/share/fonts/opentype/noto/NotoSerifCJK-Regular.ttc", O_RDONLY) = 45
10662 openat(AT_FDCWD, "/tmp/playwright_chromiumdev_profile-92XQZ9/Default/Managed Mode Settings", O_RDONLY|O_CLOEXEC) = -1 ENOENT (No such file or directory)
10662 openat(AT_FDCWD, "/tmp/playwright_chromiumdev_profile-92XQZ9/Default/Preferences", O_RDONLY|O_CLOEXEC) = -1 ENOENT (No such file or directory)
10662 openat(AT_FDCWD, "/tmp/playwright_chromiumdev_profile-92XQZ9/Default/Secure Preferences", O_RDONLY|O_CLOEXEC) = -1 ENOENT (No such file or directory)
10695 socketpair(AF_UNIX, SOCK_STREAM, 0, [45, 46]) = 0
10695 socketpair(AF_UNIX, SOCK_SEQPACKET, 0, [50, 51]) = 0
10695 setsockopt(50, SOL_SOCKET, SO_PASSCRED, [1], 4) = 0
10695 sendmsg(12, {msg_name=NULL, msg_namelen=0, msg_iov=[{iov_base="\10\4\0\0\0\0\0\0\7\0\0\0utility\0\24\0\0\0\16\0\0\0/proc/self/exe\0\0\16\0\0\0--type=utility\0\0/\0\0\0--utility-sub-type=storage.mojom.StorageService\0\f\0\0\0--lang=en-US\36\0\0\0--service-sandbox-type=utility\0\0\f\0\0\0--no-sandbox\27\0\0\0--disable-dev-shm-usage\0\35\0\0\0--use-angle=swiftshader-webgl\0\0\0\f\0\0\0--mu"..., iov_len=1036}], msg_iovlen=1, msg_control=[{cmsg_len=40, cmsg_level=SOL_SOCKET, cmsg_type=SCM_RIGHTS, cmsg_data=[51, 46, 6, 34, 48, 49]}], msg_controllen=40, msg_flags=0}, MSG_NOSIGNAL) = 1036
10695 recvmsg(50,  <unfinished ...>
10678 recvmsg(3, {msg_name=NULL, msg_namelen=0, msg_iov=[{iov_base="\10\4\0\0\0\0\0\0\7\0\0\0utility\0\24\0\0\0\16\0\0\0/proc/self/exe\0\0\16\0\0\0--type=utility\0\0/\0\0\0--utility-sub-type=storage.mojom.StorageService\0\f\0\0\0--lang=en-US\36\0\0\0--service-sandbox-type=utility\0\0\f\0\0\0--no-sandbox\27\0\0\0--disable-dev-shm-usage\0\35\0\0\0--use-angle=swiftshader-webgl\0\0\0\f\0\0\0--mu"..., iov_len=65536}], msg_iovlen=1, msg_control=[{cmsg_len=40, cmsg_level=SOL_SOCKET, cmsg_type=SCM_RIGHTS, cmsg_data=[13, 14, 15, 16, 17, 18]}], msg_controllen=40, msg_flags=0}, 0) = 1036
10682 openat(AT_FDCWD, "/tmp/playwright_chromiumdev_profile-92XQZ9/Default/Sync Data/LevelDB/LOG", O_WRONLY|O_CREAT|O_TRUNC, 0600) = 51
10682 openat(AT_FDCWD, "/tmp/playwright_chromiumdev_profile-92XQZ9/Default/Sync Data/LevelDB/LOCK", O_RDWR) = -1 ENOENT (No such file or directory)
10682 openat(AT_FDCWD, "/tmp/playwright_chromiumdev_profile-92XQZ9/Default/Sync Data/LevelDB/LOCK", O_RDWR|O_CREAT, 0600) = 52
10678 recvmsg(3,  <unfinished ...>
10713 sendmsg(13, {msg_name=NULL, msg_namelen=0, msg_iov=[{iov_base="CHILD_PING\0", iov_len=11}], msg_iovlen=1, msg_controllen=0, msg_flags=0}, MSG_NOSIGNAL) = 11
10695 <... recvmsg resumed>{msg_name=NULL, msg_namelen=0, msg_iov=[{iov_base="CHILD_PING\0", iov_len=12}], msg_iovlen=1, msg_control=[{cmsg_len=28, cmsg_level=SOL_SOCKET, cmsg_type=SCM_CREDENTIALS, cmsg_data={pid=10713, uid=1001, gid=1001}}], msg_controllen=32, msg_flags=0}, 0) = 11
10682 openat(AT_FDCWD, "/tmp/playwright_chromiumdev_profile-92XQZ9/Default/Sync Data/LevelDB/MANIFEST-000001", O_WRONLY|O_CREAT|O_TRUNC, 0600) = 50
10695 sendmsg(12, {msg_name=NULL, msg_namelen=0, msg_iov=[{iov_base="\10\0\0\0\4\0\0\0\331)\0\0", iov_len=12}], msg_iovlen=1, msg_controllen=0, msg_flags=0}, MSG_NOSIGNAL) = 12
10678 <... recvmsg resumed>{msg_name=NULL, msg_namelen=0, msg_iov=[{iov_base="\10\0\0\0\4\0\0\0\331)\0\0", iov_len=65536}], msg_iovlen=1, msg_controllen=0, msg_flags=0}, 0) = 12
10682 openat(AT_FDCWD, "/tmp/playwright_chromiumdev_profile-92XQZ9/Default/Sync Data/LevelDB", O_RDONLY) = 53
10662 openat(AT_FDCWD, "/tmp/.com.google.Chrome.yc4yFE", O_RDWR|O_CREAT|O_EXCL, 0600) = 54
10662 openat(AT_FDCWD, "/tmp/.com.google.Chrome.yc4yFE", O_RDONLY) = 55
10683 openat(AT_FDCWD, "/tmp/playwright_chromiumdev_profile-92XQZ9/Default/History", O_RDWR|O_CREAT|O_NOFOLLOW|O_CLOEXEC, 0600) = 53
10695 openat(AT_FDCWD, "/tmp/.com.google.Chrome.QYBZUu", O_RDWR|O_CREAT|O_EXCL, 0600) = 46
10682 openat(AT_FDCWD, "/tmp/playwright_chromiumdev_profile-92XQZ9/Default/Sync Data/LevelDB/000001.dbtmp", O_WRONLY|O_CREAT|O_TRUNC, 0600) = 49
10695 sendmsg(45, {msg_name=NULL, msg_namelen=0, msg_iov=[{iov_base="\20\0\1\0\270\0\0\0\202x\350y\0\0\0\0\30\0\0\0\0\0\0\0\0\0\0\0\0\0\0\0h\0\0\0\0\0\0\0@\0\0\0\0\0\0\0L\351U\252\330\21\363QW<U\221\270)H5W\314O\274\251\350\208\264\201\"6^\331\364\312\0\0\0\0\3\0\0\0\0\0\0\0\0\0\0\0X\0\0\0\0\0\0\0\20\0\0\0\1\0\0\0\0\0\0\0\0\0\0\0\20\0\0\0\1\0\0\0x\0\0\0\0\0\1\0000\0\0\0(\0\0\0\10\0\0\0\1\0\0\0 \0\0\0\0\0\2\0\2\0\0\0\0\0\0\0\306t+\235&\16\261CwA\215!\36\223\337\262", iov_len=184}], msg_iovlen=1, msg_control=[{cmsg_len=20, cmsg_level=SOL_SOCKET, cmsg_type=SCM_RIGHTS, cmsg_data=[46]}], msg_controllen=20, msg_flags=0}, MSG_NOSIGNAL) = 184
10682 openat(AT_FDCWD, "/tmp/playwright_chromiumdev_profile-92XQZ9/Default/Sync Data/LevelDB/CURRENT", O_RDONLY) = 46
10682 openat(AT_FDCWD, "/tmp/playwright_chromiumdev_profile-92XQZ9/Default/Sync Data/LevelDB/MANIFEST-000001", O_RDONLY) = 46
10685 openat(AT_FDCWD, "/tmp/playwright_chromiumdev_profile-92XQZ9/Default/ServerCertificate", O_RDWR|O_CREAT|O_NOFOLLOW|O_CLOEXEC, 0600) = 49
10682 openat(AT_FDCWD, "/tmp/playwright_chromiumdev_profile-92XQZ9/Default/Sync Data/LevelDB/MANIFEST-000001", O_WRONLY|O_APPEND) = 46
10682 openat(AT_FDCWD, "/tmp/playwright_chromiumdev_profile-92XQZ9/Default/Sync Data/LevelDB", O_RDONLY|O_NONBLOCK|O_CLOEXEC|O_DIRECTORY <unfinished ...>
10686 openat(AT_FDCWD, "/tmp/playwright_chromiumdev_profile-92XQZ9/Default/Web Data", O_RDWR|O_CREAT|O_NOFOLLOW|O_CLOEXEC, 0600 <unfinished ...>
10682 <... openat resumed>)             = 50
10686 <... openat resumed>)             = 54
10683 openat(AT_FDCWD, "/tmp/playwright_chromiumdev_profile-92XQZ9/Default/History-journal", O_RDWR|O_CREAT|O_NOFOLLOW|O_CLOEXEC, 0600 <unfinished ...>
10682 openat(AT_FDCWD, "/tmp/playwright_chromiumdev_profile-92XQZ9/Default/Sync Data/LevelDB", O_RDONLY|O_NONBLOCK|O_CLOEXEC|O_DIRECTORY <unfinished ...>
10683 <... openat resumed>)             = 50
10682 <... openat resumed>)             = 56
10682 openat(AT_FDCWD, "/tmp/playwright_chromiumdev_profile-92XQZ9/Default/Sync Data/LevelDB/000003.log", O_WRONLY|O_CREAT|O_TRUNC, 0600) = 56
10682 openat(AT_FDCWD, "/tmp/playwright_chromiumdev_profile-92XQZ9/Default/Sync Data/LevelDB", O_RDONLY|O_NONBLOCK|O_CLOEXEC|O_DIRECTORY) = 57
10682 openat(AT_FDCWD, "/tmp/playwright_chromiumdev_profile-92XQZ9/Default/Sync Data/LevelDB", O_RDONLY|O_NONBLOCK|O_CLOEXEC|O_DIRECTORY) = 57
10686 openat(AT_FDCWD, "/tmp/playwright_chromiumdev_profile-92XQZ9/Default/Web Data-journal", O_RDWR|O_CREAT|O_NOFOLLOW|O_CLOEXEC, 0600) = 57
10692 openat(AT_FDCWD, "/tmp/playwright_chromiumdev_profile-92XQZ9/Default/Code Cache/js/index", O_RDONLY) = -1 ENOENT (No such file or directory)
10692 openat(AT_FDCWD, "/tmp/playwright_chromiumdev_profile-92XQZ9/Default/Code Cache/js/index", O_WRONLY|O_CREAT|O_EXCL, 0600 <unfinished ...>
10712 openat(AT_FDCWD, "/etc/gnutls/config", O_RDONLY|O_CLOEXEC <unfinished ...>
10692 <... openat resumed>)             = 58
10712 <... openat resumed>)             = 4
10686 openat(AT_FDCWD, "/tmp/playwright_chromiumdev_profile-92XQZ9/Default", O_RDONLY|O_CLOEXEC) = 59
10682 openat(AT_FDCWD, "/tmp/playwright_chromiumdev_profile-92XQZ9/Default/Code Cache/wasm/index", O_RDONLY) = -1 ENOENT (No such file or directory)
10682 openat(AT_FDCWD, "/tmp/playwright_chromiumdev_profile-92XQZ9/Default/Code Cache/wasm/index", O_WRONLY|O_CREAT|O_EXCL, 0600) = 58
10694 openat(AT_FDCWD, "/tmp/playwright_chromiumdev_profile-92XQZ9/Default/Code Cache/js/index-dir/the-real-index", O_RDONLY) = -1 ENOENT (No such file or directory)
10691 openat(AT_FDCWD, "/tmp/playwright_chromiumdev_profile-92XQZ9/Default/Affiliation Database", O_RDWR|O_CREAT|O_NOFOLLOW|O_CLOEXEC, 0600 <unfinished ...>
10685 openat(AT_FDCWD, "/tmp/playwright_chromiumdev_profile-92XQZ9/Default/ServerCertificate-journal", O_RDWR|O_CREAT|O_NOFOLLOW|O_CLOEXEC, 0600 <unfinished ...>
10691 <... openat resumed>)             = 58
10694 openat(AT_FDCWD, "/tmp/playwright_chromiumdev_profile-92XQZ9/Default/Code Cache/js", O_RDONLY|O_NONBLOCK|O_CLOEXEC|O_DIRECTORY <unfinished ...>
10685 <... openat resumed>)             = 59
10712 openat(AT_FDCWD, "/proc/filesystems", O_RDONLY|O_CLOEXEC) = 4
10694 <... openat resumed>)             = 60
10692 openat(AT_FDCWD, "/tmp/playwright_chromiumdev_profile-92XQZ9/Default/Code Cache/wasm/index-dir/the-real-index", O_RDONLY) = -1 ENOENT (No such file or directory)
10692 openat(AT_FDCWD, "/tmp/playwright_chromiumdev_profile-92XQZ9/Default/Code Cache/wasm", O_RDONLY|O_NONBLOCK|O_CLOEXEC|O_DIRECTORY) = 60
10682 openat(AT_FDCWD, "/tmp/playwright_chromiumdev_profile-92XQZ9/Default/Code Cache/js/index-dir/temp-index", O_WRONLY|O_CREAT|O_TRUNC, 0600) = 60
10712 openat(AT_FDCWD, "/proc/self/stat", O_RDONLY|O_CLOEXEC) = 4
10693 openat(AT_FDCWD, "/tmp/playwright_chromiumdev_profile-92XQZ9/Default/Code Cache/wasm/index-dir/temp-index", O_WRONLY|O_CREAT|O_TRUNC, 0600) = 60
10712 openat(AT_FDCWD, "/proc/stat", O_RDONLY|O_CLOEXEC) = 4
10685 openat(AT_FDCWD, "/tmp/playwright_chromiumdev_profile-92XQZ9/Default", O_RDONLY|O_CLOEXEC) = 60
10693 openat(AT_FDCWD, "/tmp/playwright_chromiumdev_profile-92XQZ9/Default/Custom Dictionary.txt", O_RDONLY|O_CLOEXEC) = -1 ENOENT (No such file or directory)
10694 openat(AT_FDCWD, "/tmp/playwright_chromiumdev_profile-92XQZ9/Default/Login Data For Account", O_RDWR|O_CREAT|O_NOFOLLOW|O_CLOEXEC, 0600) = 60
10692 openat(AT_FDCWD, "/tmp/playwright_chromiumdev_profile-92XQZ9/Default/Login Data", O_RDWR|O_CREAT|O_NOFOLLOW|O_CLOEXEC, 0600) = 61
10691 openat(AT_FDCWD, "/tmp/playwright_chromiumdev_profile-92XQZ9/Default/Affiliation Database-journal", O_RDWR|O_CREAT|O_NOFOLLOW|O_CLOEXEC, 0600) = 62
10713 sendto(14, "\20\0\0\0P\0\0\0\312\311\350y\0\0\0\0\30\0\1\0\0\0\0\0\0\0\0\0\0\0\0\0\0\0\0\0\0\0\0\0\30\0\0\0\0\0\0\0\0\0\0\0\10\0\0\0000\0\0\0\0\0\0\0\20\0\0\0\1\0\0\0\0\0\0\0\0\0\0\0", 80, MSG_NOSIGNAL, NULL, 0) = 80
10693 openat(AT_FDCWD, "/tmp/playwright_chromiumdev_profile-92XQZ9/Dictionaries/en-US-10-1.bdic", O_RDONLY <unfinished ...>
10713 socketpair(AF_UNIX, SOCK_STREAM, 0,  <unfinished ...>
10693 <... openat resumed>)             = -1 ENOENT (No such file or directory)
10687 recvmsg(45,  <unfinished ...>
10713 <... socketpair resumed>[19, 20]) = 0
10687 <... recvmsg resumed>{msg_name=NULL, msg_namelen=0, msg_iov=[{iov_base="\20\0\0\0P\0\0\0\312\311\350y\0\0\0\0\30\0\1\0\0\0\0\0\0\0\0\0\0\0\0\0\0\0\0\0\0\0\0\0\30\0\0\0\0\0\0\0\0\0\0\0\10\0\0\0000\0\0\0\0\0\0\0\20\0\0\0\1\0\0\0\0\0\0\0\0\0\0\0", iov_len=4096}], msg_iovlen=1, msg_controllen=0, msg_flags=0}, MSG_DONTWAIT) = 80
10687 sendto(45, "\20\0\0\0\210\1\0\0z\313\350y\0\0\0\0\30\0\24\0\0\0\0\0\0\0\0\0\0\0\0\0\0\0\0\0\0\0\0\0H\0\0\0\0\0\0\0\1\0\0\0\0\0\0\0\0\0\0\0\0\0\0\0\0\0\0\0\1\0\0\0\377\377\377\377\377\377\377\377\0\0\0\0\0\0\0\0`\0\0\0\0\1\0\0\20\1\0\0\0\0\0\0\0\0\0\0\0\0\0\0\240\0\0\0\230\0\0\08\0\0\0\3\0\0\0\0\0\0\0\331\0\254A\0\0\0\0\204\306\277h\0\0\0\0\0\0\0\0\30\0\0\0\0\0\0\0\0\0\0\0\0\0\0\0\0\0\0\0\0\0\0\0\20\0\0\0\0\0\0\0\10\0\0\0\0\0\0\0\30\0\0\0\0\0\0\0\20\0\0\0\0\0\0\0\0\0\0\0\0\0\0\0002\0\0\0*\0\0\0metrics.mojom.ChildHistogramFetc"..., 392, MSG_NOSIGNAL, NULL, 0) = 392
10687 sendto(45, "\20\0\0\0@\1\0\0\307\315\350y\0\0\0\0\30\0\24\0\0\0\0\0\1\0\0\0\0\0\0\0\0\0\0\0\0\0\0\0H\0\0\0\0\0\0\0\f\0\0\0\0\0\0\0\0\0\0\0\0\0\0\0\0\0\0\0\1\0\0\0\377\377\377\377\377\377\377\377\0\0\0\0\0\0\0\0`\0\0\0\270\0\0\0\310\0\0\0\0\0\0\0\0\0\0\0\0\0\0\0X\0\0\0P\0\0\08\0\0\0\3\0\0\0\0\0\0\0004\304\225/\0\0\0\0\207\306\277h\0\0\0\0\0\0\0\0\30\0\0\0\0\0\0\0\0\0\0\0\0\0\0\0\0\0\0\0\0\0\0\0\30\0\0\0\0\0\0\0\0\0\0\0\0\0\0\0\0\0\0\0\0\0\0\0\20\0\0\0\1\0\0\0\0\0\0\0\0\0\0\0h\0\0\0\1\0\0\0\0\0\0\0\0\0\0\0\r\0\0\0\0\0\0\0\0\0\0\0\0\0\0\0@\4\0\0@\0\0\0"..., 320, MSG_NOSIGNAL, NULL, 0) = 320
10687 sendto(45, "\20\0\0\0\300\0\0\0f\316\350y\0\0\0\0\30\0\24\0\0\0\0\0\2\0\0\0\0\0\0\0\0\0\0\0\0\0\0\0H\0\0\0\0\0\0\0\16\0\0\0\0\0\0\0\0\0\0\0\0\0\0\0\0\0\0\0\1\0\0\0\377\377\377\377\377\377\377\377\0\0\0\0\0\0\0\0`\0\0\0\0\0\0\0\0\0\0\0\0\0\0\0\0\0\0\0\0\0\0\0P\0\0\0H\0\0\08\0\0\0\3\0\0\0\0\0\0\0\23\375\362[\1\0\0\0\206\306\277h\1\0\0\0\0\0\0\0\30\0\0\0\0\0\0\0\0\0\0\0\0\0\0\0\0\0\0\0\0\0\0\0\20\0\0\0\0\0\0\0\1\0\0\0\0\0\0\0", 192, MSG_NOSIGNAL, NULL, 0) = 192
10687 sendto(45, "\20\0\0\0x\1\0\0\330\316\350y\0\0\0\0\30\0\24\0\0\0\0\0\3\0\0\0\0\0\0\0\0\0\0\0\0\0\0\0H\0\0\0\0\0\0\0\1\0\0\0\0\0\0\0\1\0\0\0\0\0\0\0\0\0\0\0\1\0\0\0\377\377\377\377\377\377\377\377\0\0\0\0\0\0\0\0`\0\0\0\360\0\0\0\0\1\0\0\0\0\0\0\0\0\0\0\0\0\0\0\220\0\0\0\210\0\0\08\0\0\0\3\0\0\0\0\0\0\0\210e\226L\0\0\0\0\201\306\277h\0\0\0\0\0\0\0\0\30\0\0\0\0\0\0\0\0\0\0\0\0\0\0\0\0\0\0\0\0\0\0\0\20\0\0\0\0\0\0\0\10\0\0\0\0\0\0\0\30\0\0\0\0\0\0\0\20\0\0\0\0\0\0\0\0\0\0\0\0\0\0\0$\0\0\0\34\0\0\0storage.mojom.StorageService\0\0\0\0"..., 376, MSG_NOSIGNAL, NULL, 0) = 376
10687 sendto(45, "\20\0\0\0\210\1\0\09\317\350y\0\0\0\0\30\0\24\0\0\0\0\0\4\0\0\0\0\0\0\0\0\0\0\0\0\0\0\0H\0\0\0\0\0\0\0\20\0\0\0\0\0\0\0\0\0\0\0\0\0\0\0\0\0\0\0\1\0\0\0\377\377\377\377\377\377\377\377\0\0\0\0\0\0\0\0`\0\0\0\0\1\0\0\20\1\0\0\0\0\0\0\0\0\0\0\0\0\0\0\240\0\0\0\230\0\0\08\0\0\0\3\0\0\0\0\0\0\0.\211\305\1\0\0\0\0\200\306\277h\0\0\0\0\0\0\0\0\30\0\0\0\0\0\0\0\0\0\0\0\0\0\0\0\0\0\0\0\0\0\0\0\30\0\0\0\0\0\0\0\20\0\0\0\0\0\0\0\0\0\0\0\0\0\0\0\20\0\0\0\0\0\0\0\10\0\0\0\0\0\0\0002\0\0\0*\0\0\0/tmp/playwright_chromiumdev_prof"..., 392, MSG_NOSIGNAL, NULL, 0) = 392
10687 sendto(45, "\20\0\0\0\220\1\0\0\241\317\350y\0\0\0\0\30\0\24\0\0\0\0\0\5\0\0\0\0\0\0\0\0\0\0\0\0\0\0\0H\0\0\0\0\0\0\0\20\0\0\0\0\0\0\0\1\0\0\0\0\0\0\0\0\0\0\0\1\0\0\0\377\377\377\377\377\377\377\377\0\0\0\0\0\0\0\0`\0\0\0\10\1\0\0\30\1\0\0\0\0\0\0\0\0\0\0\0\0\0\0\250\0\0\0\240\0\0\08\0\0\0\3\0\0\0\0\0\0\0\363k\257\24\0\0\0\0\203\306\277h\0\0\0\0\0\0\0\0\30\0\0\0\0\0\0\0\0\0\0\0\0\0\0\0\0\0\0\0\0\0\0\0\30\0\0\0\0\0\0\0\20\0\0\0\0\0\0\0\1\0\0\0\0\0\0\0\20\0\0\0\0\0\0\0\10\0\0\0\0\0\0\0:\0\0\0002\0\0\0/tmp/playwright_chromiumdev_prof"..., 400, MSG_NOSIGNAL, NULL, 0) = 400
10687 sendto(45, "\20\0\0\0\220\1\0\0A\320\350y\0\0\0\0\30\0\24\0\0\0\0\0\6\0\0\0\0\0\0\0\0\0\0\0\0\0\0\0H\0\0\0\0\0\0\0\20\0\0\0\0\0\0\0\2\0\0\0\0\0\0\0\0\0\0\0\1\0\0\0\377\377\377\377\377\377\377\377\0\0\0\0\0\0\0\0`\0\0\0\10\1\0\0\30\1\0\0\0\0\0\0\0\0\0\0\0\0\0\0\250\0\0\0\240\0\0\08\0\0\0\3\0\0\0\0\0\0\0\215\245\32T\0\0\0\0\202\306\277h\0\0\0\0\0\0\0\0\30\0\0\0\0\0\0\0\0\0\0\0\0\0\0\0\0\0\0\0\0\0\0\0\30\0\0\0\0\0\0\0\20\0\0\0\0\0\0\0\0\0\0\0\0\0\0\0\20\0\0\0\0\0\0\0\10\0\0\0\0\0\0\0:\0\0\0002\0\0\0/tmp/playwright_chromiumdev_prof"..., 400, MSG_NOSIGNAL, NULL, 0) = 400
10687 sendto(45, "\20\0\0\0\270\0\0\0\243\320\350y\0\0\0\0\30\0\24\0\0\0\0\0\7\0\0\0\0\0\0\0\0\0\0\0\0\0\0\0H\0\0\0\0\0\0\0\26\0\0\0\0\0\0\0\0\0\0\0\0\0\0\0\0\0\0\0\1\0\0\0\377\377\377\377\377\377\377\377\0\0\0\0\0\0\0\0`\0\0\0\0\0\0\0\0\0\0\0\0\0\0\0\0\0\0\0\0\0\0\0H\0\0\0@\0\0\08\0\0\0\3\0\0\0\0\0\0\0<u h\1\0\0\0\235\306\277h\1\0\0\0\0\0\0\0\30\0\0\0\0\0\0\0\0\0\0\0\0\0\0\0\0\0\0\0\0\0\0\0\10\0\0\0\0\0\0\0", 184, MSG_NOSIGNAL, NULL, 0) = 184
10712 openat(AT_FDCWD, "/proc/self/cmdline", O_RDONLY|O_CLOEXEC) = 4
10721 recvmsg(14,  <unfinished ...>
10712 openat(AT_FDCWD, "/usr/lib/locale/locale-archive", O_RDONLY|O_CLOEXEC <unfinished ...>
10721 <... recvmsg resumed>{msg_name=NULL, msg_namelen=0, msg_iov=[{iov_base="\20\0\1\0\270\0\0\0\202x\350y\0\0\0\0\30\0\0\0\0\0\0\0\0\0\0\0\0\0\0\0h\0\0\0\0\0\0\0@\0\0\0\0\0\0\0L\351U\252\330\21\363QW<U\221\270)H5W\314O\274\251\350\208\264\201\"6^\331\364\312\0\0\0\0\3\0\0\0\0\0\0\0\0\0\0\0X\0\0\0\0\0\0\0\20\0\0\0\1\0\0\0\0\0\0\0\0\0\0\0\20\0\0\0\1\0\0\0x\0\0\0\0\0\1\0000\0\0\0(\0\0\0\10\0\0\0\1\0\0\0 \0\0\0\0\0\2\0\2\0\0\0\0\0\0\0\306t+\235&\16\261CwA\215!\36\223\337\262", iov_len=4096}], msg_iovlen=1, msg_control=[{cmsg_len=20, cmsg_level=SOL_SOCKET, cmsg_type=SCM_RIGHTS, cmsg_data=[23]}], msg_controllen=24, msg_flags=0}, MSG_DONTWAIT) = 184
10712 <... openat resumed>)             = 4
10693 openat(AT_FDCWD, "/tmp/playwright_chromiumdev_profile-92XQZ9/Default/ClientCertificates/LOG", O_WRONLY|O_CREAT|O_TRUNC, 0600) = 63
10721 sendmsg(14, {msg_name=NULL, msg_namelen=0, msg_iov=[{iov_base="\20\0\1\0\250\0\0\0#\327\350y\0\0\0\0\30\0\24\0\0\0\0\0\0\0\0\0\0\0\0\0p\0\0\0\0\0\0\0H\0\0\0\0\0\0\0\0\0\0\0\0\0\0\0\0\0\0\0\0\0\0\0\0\0\0\0\1\0\0\0\377\377\377\377\377\377\377\377\0\0\0\0\0\0\0\0\0\0\0\0`\0\0\0\0\0\0\0\0\0\0\0\0\0\0\0\1\0\0\0\20\0\0\0\1\0\0\0\1\0\0\0\0\0\0\0\20\0\0\0\1\0\0\0\200\0\0\0\0\0\1\0\30\0\0\0\20\0\0\0\10\0\0\0\0\0\0\0\1\0\0\0\0\0\0\0", iov_len=168}], msg_iovlen=1, msg_control=[{cmsg_len=20, cmsg_level=SOL_SOCKET, cmsg_type=SCM_RIGHTS, cmsg_data=[20]}], msg_controllen=20, msg_flags=0}, MSG_NOSIGNAL <unfinished ...>
10712 openat(AT_FDCWD, "/usr/share/locale/locale.alias", O_RDONLY|O_CLOEXEC <unfinished ...>
10721 <... sendmsg resumed>)            = 168
10712 <... openat resumed>)             = 4
10687 recvmsg(45, {msg_name=NULL, msg_namelen=0, msg_iov=[{iov_base="\20\0\1\0\250\0\0\0#\327\350y\0\0\0\0\30\0\24\0\0\0\0\0\0\0\0\0\0\0\0\0p\0\0\0\0\0\0\0H\0\0\0\0\0\0\0\0\0\0\0\0\0\0\0\0\0\0\0\0\0\0\0\0\0\0\0\1\0\0\0\377\377\377\377\377\377\377\377\0\0\0\0\0\0\0\0\0\0\0\0`\0\0\0\0\0\0\0\0\0\0\0\0\0\0\0\1\0\0\0\20\0\0\0\1\0\0\0\1\0\0\0\0\0\0\0\20\0\0\0\1\0\0\0\200\0\0\0\0\0\1\0\30\0\0\0\20\0\0\0\10\0\0\0\0\0\0\0\1\0\0\0\0\0\0\0", iov_len=4096}], msg_iovlen=1, msg_control=[{cmsg_len=20, cmsg_level=SOL_SOCKET, cmsg_type=SCM_RIGHTS, cmsg_data=[64]}], msg_controllen=24, msg_flags=0}, MSG_DONTWAIT) = 168
10721 sendto(14, "\20\0\0\0@\0\0\0\276\327\350y\0\0\0\0\30\0\26\0\0\0\0\0\1\0\0\0\0\0\0\0\0\0\0\0\0\0\0\0\30\0\0\0\0\0\0\0\0\0\0\0\0\0\0\0\1\0\0\0\0\0\0\0", 64, MSG_NOSIGNAL, NULL, 0) = 64
10693 openat(AT_FDCWD, "/tmp/playwright_chromiumdev_profile-92XQZ9/Default/ClientCertificates/LOCK", O_RDWR <unfinished ...>
10721 sendto(14, "\20\0\0\0X\0\0\0?\330\350y\0\0\0\0\30\0\"\0\0\0\0\0\2\0\0\0\0\0\0\0\0\0\0\0\0\0\0\0000\0\0\0\0\0\0\0\1\0\0\0\0\0\0\0\27\0\0\0\0\0\0\0\0\0\0\0\0\0\0\0\200\5\0\0@\0\0\0\0\0\0\0\0\0\0\0", 88, MSG_NOSIGNAL, NULL, 0 <unfinished ...>
10693 <... openat resumed>)             = -1 ENOENT (No such file or directory)
10721 <... sendto resumed>)             = 88
10693 openat(AT_FDCWD, "/tmp/playwright_chromiumdev_profile-92XQZ9/Default/ClientCertificates/LOCK", O_RDWR|O_CREAT, 0600 <unfinished ...>
10687 recvmsg(45,  <unfinished ...>
10721 sendto(14, "\20\0\0\0X\0\0\0\272\330\350y\0\0\0\0\30\0\"\0\0\0\0\0\3\0\0\0\0\0\0\0\0\0\0\0\0\0\0\0000\0\0\0\0\0\0\0\2\0\0\0\0\0\0\0\30\0\0\0\0\0\0\0\0\0\0\0\0\0\0\0\300\5\0\0@\0\0\0\0\0\0\0\0\0\0\0", 88, MSG_NOSIGNAL, NULL, 0 <unfinished ...>
10693 <... openat resumed>)             = 65
10687 <... recvmsg resumed>{msg_name=NULL, msg_namelen=0, msg_iov=[{iov_base="\20\0\0\0@\0\0\0\276\327\350y\0\0\0\0\30\0\26\0\0\0\0\0\1\0\0\0\0\0\0\0\0\0\0\0\0\0\0\0\30\0\0\0\0\0\0\0\0\0\0\0\0\0\0\0\1\0\0\0\0\0\0\0\20\0\0\0X\0\0\0?\330\350y\0\0\0\0\30\0\"\0\0\0\0\0\2\0\0\0\0\0\0\0\0\0\0\0\0\0\0\0000\0\0\0\0\0\0\0\1\0\0\0\0\0\0\0\27\0\0\0\0\0\0\0\0\0\0\0\0\0\0\0\200\5\0\0@\0\0\0\0\0\0\0\0\0\0\0", iov_len=4096}], msg_iovlen=1, msg_controllen=0, msg_flags=0}, MSG_DONTWAIT) = 152
10721 <... sendto resumed>)             = 88
10687 sendto(45, "\20\0\0\0@\0\0\0!\331\350y\0\0\0\0\30\0#\0\0\0\0\0\10\0\0\0\0\0\0\0\0\0\0\0\0\0\0\0\30\0\0\0\0\0\0\0\1\0\0\0\0\0\0\0\2\0\0\0\0\0\0\0", 64, MSG_NOSIGNAL, NULL, 0) = 64
10721 recvmsg(14,  <unfinished ...>
10712 openat(AT_FDCWD, "/usr/lib/locale/C.UTF-8/LC_IDENTIFICATION", O_RDONLY|O_CLOEXEC <unfinished ...>
10721 <... recvmsg resumed>{msg_name=NULL, msg_namelen=0, msg_iov=[{iov_base="\20\0\0\0\210\1\0\0z\313\350y\0\0\0\0\30\0\24\0\0\0\0\0\0\0\0\0\0\0\0\0\0\0\0\0\0\0\0\0H\0\0\0\0\0\0\0\1\0\0\0\0\0\0\0\0\0\0\0\0\0\0\0\0\0\0\0\1\0\0\0\377\377\377\377\377\377\377\377\0\0\0\0\0\0\0\0`\0\0\0\0\1\0\0\20\1\0\0\0\0\0\0\0\0\0\0\0\0\0\0\240\0\0\0\230\0\0\08\0\0\0\3\0\0\0\0\0\0\0\331\0\254A\0\0\0\0\204\306\277h\0\0\0\0\0\0\0\0\30\0\0\0\0\0\0\0\0\0\0\0\0\0\0\0\0\0\0\0\0\0\0\0\20\0\0\0\0\0\0\0\10\0\0\0\0\0\0\0\30\0\0\0\0\0\0\0\20\0\0\0\0\0\0\0\0\0\0\0\0\0\0\0002\0\0\0*\0\0\0metrics.mojom.ChildHistogramFetc"..., iov_len=4096}], msg_iovlen=1, msg_controllen=0, msg_flags=0}, MSG_DONTWAIT) = 2720
10712 <... openat resumed>)             = -1 ENOENT (No such file or directory)
10687 recvmsg(45,  <unfinished ...>
10721 sendto(14, "\20\0\0\08\0\0\0\367\331\350y\0\0\0\0\30\0$\0\0\0\0\0\4\0\0\0\0\0\0\0\0\0\0\0\0\0\0\0\20\0\0\0\0\0\0\0\27\0\0\0\0\0\0\0", 56, MSG_NOSIGNAL, NULL, 0 <unfinished ...>
10712 openat(AT_FDCWD, "/usr/lib/locale/C.utf8/LC_IDENTIFICATION", O_RDONLY|O_CLOEXEC <unfinished ...>
10687 <... recvmsg resumed>{msg_name=NULL, msg_namelen=0, msg_iov=[{iov_base="\20\0\0\0X\0\0\0\272\330\350y\0\0\0\0\30\0\"\0\0\0\0\0\3\0\0\0\0\0\0\0\0\0\0\0\0\0\0\0000\0\0\0\0\0\0\0\2\0\0\0\0\0\0\0\30\0\0\0\0\0\0\0\0\0\0\0\0\0\0\0\300\5\0\0@\0\0\0\0\0\0\0\0\0\0\0", iov_len=4096}], msg_iovlen=1, msg_controllen=0, msg_flags=0}, MSG_DONTWAIT) = 88
10721 <... sendto resumed>)             = 56
10712 <... openat resumed>)             = 4
10687 sendto(45, "\20\0\0\0@\0\0\0Y\332\350y\0\0\0\0\30\0#\0\0\0\0\0\t\0\0\0\0\0\0\0\0\0\0\0\0\0\0\0\30\0\0\0\0\0\0\0\2\0\0\0\0\0\0\0\0\0\0\0\0\0\0\0", 64, MSG_NOSIGNAL, NULL, 0) = 64
10721 recvmsg(14, {msg_name=NULL, msg_namelen=0, msg_iov=[{iov_base="\20\0\0\0@\0\0\0Y\332\350y\0\0\0\0\30\0#\0\0\0\0\0\t\0\0\0\0\0\0\0\0\0\0\0\0\0\0\0\30\0\0\0\0\0\0\0\2\0\0\0\0\0\0\0\0\0\0\0\0\0\0\0", iov_len=4096}], msg_iovlen=1, msg_controllen=0, msg_flags=0}, MSG_DONTWAIT) = 64
10687 recvmsg(45,  <unfinished ...>
10721 sendto(14, "\20\0\0\08\0\0\0J\333\350y\0\0\0\0\30\0$\0\0\0\0\0\5\0\0\0\0\0\0\0\0\0\0\0\0\0\0\0\20\0\0\0\0\0\0\0\30\0\0\0\0\0\0\0", 56, MSG_NOSIGNAL, NULL, 0 <unfinished ...>
10687 <... recvmsg resumed>{msg_name=NULL, msg_namelen=0, msg_iov=[{iov_base="\20\0\0\08\0\0\0\367\331\350y\0\0\0\0\30\0$\0\0\0\0\0\4\0\0\0\0\0\0\0\0\0\0\0\0\0\0\0\20\0\0\0\0\0\0\0\27\0\0\0\0\0\0\0", iov_len=4096}], msg_iovlen=1, msg_controllen=0, msg_flags=0}, MSG_DONTWAIT) = 56
10721 <... sendto resumed>)             = 56
10687 sendto(45, "\20\0\0\0X\0\0\0\257\333\350y\0\0\0\0\30\0\"\0\0\0\0\0\n\0\0\0\0\0\0\0\0\0\0\0\0\0\0\0000\0\0\0\0\0\0\0\27\0\0\0\0\0\0\0\31\0\0\0\0\0\0\0\0\0\0\0\0\0\0\0\0\6\0\0@\0\0\0\2\0\0\0\0\0\0\0", 88, MSG_NOSIGNAL, NULL, 0 <unfinished ...>
10712 openat(AT_FDCWD, "/usr/lib/x86_64-linux-gnu/gconv/gconv-modules.cache", O_RDONLY|O_CLOEXEC <unfinished ...>
10687 <... sendto resumed>)             = 88
10721 recvmsg(14,  <unfinished ...>
10712 <... openat resumed>)             = 4
10721 <... recvmsg resumed>{msg_name=NULL, msg_namelen=0, msg_iov=[{iov_base="\20\0\0\0X\0\0\0\257\333\350y\0\0\0\0\30\0\"\0\0\0\0\0\n\0\0\0\0\0\0\0\0\0\0\0\0\0\0\0000\0\0\0\0\0\0\0\27\0\0\0\0\0\0\0\31\0\0\0\0\0\0\0\0\0\0\0\0\0\0\0\0\6\0\0@\0\0\0\2\0\0\0\0\0\0\0", iov_len=4096}], msg_iovlen=1, msg_controllen=0, msg_flags=0}, MSG_DONTWAIT) = 88
10721 sendto(14, "\20\0\0\0@\0\0\0\326\334\350y\0\0\0\0\30\0#\0\0\0\0\0\6\0\0\0\0\0\0\0\0\0\0\0\0\0\0\0\30\0\0\0\0\0\0\0\27\0\0\0\0\0\0\0\0\0\0\0\0\0\0\0", 64, MSG_NOSIGNAL, NULL, 0) = 64
10687 recvmsg(45,  <unfinished ...>
10682 openat(AT_FDCWD, "/tmp/playwright_chromiumdev_profile-92XQZ9/Default/Site Characteristics Database/LOG", O_WRONLY|O_CREAT|O_TRUNC, 0600 <unfinished ...>
10687 <... recvmsg resumed>{msg_name=NULL, msg_namelen=0, msg_iov=[{iov_base="\20\0\0\08\0\0\0J\333\350y\0\0\0\0\30\0$\0\0\0\0\0\5\0\0\0\0\0\0\0\0\0\0\0\0\0\0\0\20\0\0\0\0\0\0\0\30\0\0\0\0\0\0\0\20\0\0\0@\0\0\0\326\334\350y\0\0\0\0\30\0#\0\0\0\0\0\6\0\0\0\0\0\0\0\0\0\0\0\0\0\0\0\30\0\0\0\0\0\0\0\27\0\0\0\0\0\0\0\0\0\0\0\0\0\0\0", iov_len=4096}], msg_iovlen=1, msg_controllen=0, msg_flags=0}, MSG_DONTWAIT) = 120
10687 sendto(45, "\20\0\0\0X\0\0\0\272\335\350y\0\0\0\0\30\0\"\0\0\0\0\0\v\0\0\0\0\0\0\0\0\0\0\0\0\0\0\0000\0\0\0\0\0\0\0\30\0\0\0\0\0\0\0\32\0\0\0\0\0\0\0\0\0\0\0\0\0\0\0@\6\0\0@\0\0\0\0\0\0\0\0\0\0\0", 88, MSG_NOSIGNAL, NULL, 0 <unfinished ...>
10682 <... openat resumed>)             = 63
10687 <... sendto resumed>)             = 88
10721 recvmsg(14, {msg_name=NULL, msg_namelen=0, msg_iov=[{iov_base="\20\0\0\0X\0\0\0\272\335\350y\0\0\0\0\30\0\"\0\0\0\0\0\v\0\0\0\0\0\0\0\0\0\0\0\0\0\0\0000\0\0\0\0\0\0\0\30\0\0\0\0\0\0\0\32\0\0\0\0\0\0\0\0\0\0\0\0\0\0\0@\6\0\0@\0\0\0\0\0\0\0\0\0\0\0", iov_len=4096}], msg_iovlen=1, msg_controllen=0, msg_flags=0}, MSG_DONTWAIT) = 88
10712 openat(AT_FDCWD, "/usr/lib/locale/C.UTF-8/LC_MEASUREMENT", O_RDONLY|O_CLOEXEC <unfinished ...>
10691 openat(AT_FDCWD, "/tmp/playwright_chromiumdev_profile-92XQZ9/Default", O_RDONLY|O_CLOEXEC <unfinished ...>
10721 sendto(14, "\20\0\0\0@\0\0\0\317\336\350y\0\0\0\0\30\0#\0\0\0\0\0\7\0\0\0\0\0\0\0\0\0\0\0\0\0\0\0\30\0\0\0\0\0\0\0\30\0\0\0\0\0\0\0\0\0\0\0\0\0\0\0", 64, MSG_NOSIGNAL, NULL, 0 <unfinished ...>
10712 <... openat resumed>)             = -1 ENOENT (No such file or directory)
10691 <... openat resumed>)             = 65
10682 openat(AT_FDCWD, "/tmp/playwright_chromiumdev_profile-92XQZ9/Default/Site Characteristics Database/LOCK", O_RDWR <unfinished ...>
10721 <... sendto resumed>)             = 64
10712 openat(AT_FDCWD, "/usr/lib/locale/C.utf8/LC_MEASUREMENT", O_RDONLY|O_CLOEXEC) = 4
10682 <... openat resumed>)             = -1 ENOENT (No such file or directory)
10721 sendto(14, "\20\0\0\0p\0\0\0f\337\350y\0\0\0\0\30\0\24\0\0\0\0\0\10\0\0\0\0\0\0\0\0\0\0\0\0\0\0\0H\0\0\0\0\0\0\0\32\0\0\0\0\0\0\0\0\0\0\0\0\0\0\0\0\0\0\0\1\0\0\0\0\0\0\0\0\0\0\0\0x\1\0\0\1\0\0\0\0\0\0\0\0\0\0\0\0\0\0\0\0\0\0\0\0\0\0\0\0\0\0", 112, MSG_NOSIGNAL, NULL, 0 <unfinished ...>
10687 recvmsg(45,  <unfinished ...>
10721 <... sendto resumed>)             = 112
10687 <... recvmsg resumed>{msg_name=NULL, msg_namelen=0, msg_iov=[{iov_base="\20\0\0\0@\0\0\0\317\336\350y\0\0\0\0\30\0#\0\0\0\0\0\7\0\0\0\0\0\0\0\0\0\0\0\0\0\0\0\30\0\0\0\0\0\0\0\30\0\0\0\0\0\0\0\0\0\0\0\0\0\0\0\20\0\0\0p\0\0\0f\337\350y\0\0\0\0\30\0\24\0\0\0\0\0\10\0\0\0\0\0\0\0\0\0\0\0\0\0\0\0H\0\0\0\0\0\0\0\32\0\0\0\0\0\0\0\0\0\0\0\0\0\0\0\0\0\0\0\1\0\0\0\0\0\0\0\0\0\0\0\0x\1\0\0\1\0\0\0\0\0\0\0\0\0\0\0\0\0\0\0\0\0\0\0\0\0\0\0\0\0\0", iov_len=4096}], msg_iovlen=1, msg_controllen=0, msg_flags=0}, MSG_DONTWAIT) = 176
10682 openat(AT_FDCWD, "/tmp/playwright_chromiumdev_profile-92XQZ9/Default/Site Characteristics Database/LOCK", O_RDWR|O_CREAT, 0600) = 66
10712 openat(AT_FDCWD, "/usr/lib/locale/C.UTF-8/LC_TELEPHONE", O_RDONLY|O_CLOEXEC) = -1 ENOENT (No such file or directory)
10712 openat(AT_FDCWD, "/usr/lib/locale/C.utf8/LC_TELEPHONE", O_RDONLY|O_CLOEXEC) = 4
10721 sendto(14, "\20\0\0\0\330\2\0\09\341\350y\0\0\0\0\30\0\24\0\0\0\0\0\t\0\0\0\0\0\0\0\0\0\0\0\0\0\0\0H\0\0\0\0\0\0\0\32\0\0\0\0\0\0\0\1\0\0\0\0\0\0\0\0\0\0\0\1\0\0\0\0\0\0\0\0\0\0\0\0\224\1\0\0\4\0\0\0\0\0\0`\0\0\0\200\0\0\0\0\0\0\0\0\0\0\0\0\0\0\0 \0\0\0\6\0\0\0\0\0\0\0\0\0\0\0\0\0\0\0\0\0\0\0\0\0\0\0\0\0\0\0H\2\0\0\6\0\0\0\1\0\0\0\0\0\0\0\33\0\0\0\0\0\0\0\377\377\377\377\377\377\377\377\0\0\0\0\0\0\0\0\0\0\0\0\0\0\0\0\0\0\0\0\0\0\0\0\0\0\0\0\0\0\0\0\0\0\0\0\0\0\0\0\1\0\0\0\0\0\0\0\0\0\0\0\0\0\0\0\0\0\0\0\0\0\0\0\0\0\0\0\0\0\0\0\1\0\0\0\0\0\0\0"..., 728, MSG_NOSIGNAL, NULL, 0) = 728
10687 recvmsg(45,  <unfinished ...>
10721 sendto(14, "\20\0\0\0\240\1\0\0\234\341\350y\0\0\0\0\30\0\24\0\0\0\0\0\n\0\0\0\0\0\0\0\0\0\0\0\0\0\0\0H\0\0\0\0\0\0\0\33\0\0\0\0\0\0\0\0\0\0\0\0\0\0\0\0\0\0\0\1\0\0\0\377\377\377\377\377\377\377\377\0\0\0\0\0\0\0\0`\0\0\0\270\0\0\0\310\0\0\0\0\0\0\0\0\0\0\0\0\0\0\0X\0\0\0P\0\0\08\0\0\0\3\0\0\0\0\0\0\0\0061\33\22\0\0\0\0{\5\224r\0\0\0\0\0\0\0\0\30\0\0\0\0\0\0\0\0\0\0\0\0\0\0\0\0\0\0\0\0\0\0\0\30\0\0\0\0\0\0\0\0\0\0\0\1\0\0\0\0\0\0\0\0\0\0\0\20\0\0\0\2\0\0\0\0\0\0\0\0\0\0\0\310\0\0\0\2\0\0\0\0\0\0\0\0\0\0\0%\0\0\0\0\0\0\0\377\377\377\377\377\377\377\377\0\0\0\0\0\0\0\0"..., 416, MSG_NOSIGNAL, NULL, 0 <unfinished ...>
10712 openat(AT_FDCWD, "/usr/lib/locale/C.UTF-8/LC_ADDRESS", O_RDONLY|O_CLOEXEC <unfinished ...>
10687 <... recvmsg resumed>{msg_name=NULL, msg_namelen=0, msg_iov=[{iov_base="\20\0\0\0\330\2\0\09\341\350y\0\0\0\0\30\0\24\0\0\0\0\0\t\0\0\0\0\0\0\0\0\0\0\0\0\0\0\0H\0\0\0\0\0\0\0\32\0\0\0\0\0\0\0\1\0\0\0\0\0\0\0\0\0\0\0\1\0\0\0\0\0\0\0\0\0\0\0\0\224\1\0\0\4\0\0\0\0\0\0`\0\0\0\200\0\0\0\0\0\0\0\0\0\0\0\0\0\0\0 \0\0\0\6\0\0\0\0\0\0\0\0\0\0\0\0\0\0\0\0\0\0\0\0\0\0\0\0\0\0\0H\2\0\0\6\0\0\0\1\0\0\0\0\0\0\0\33\0\0\0\0\0\0\0\377\377\377\377\377\377\377\377\0\0\0\0\0\0\0\0\0\0\0\0\0\0\0\0\0\0\0\0\0\0\0\0\0\0\0\0\0\0\0\0\0\0\0\0\0\0\0\0\1\0\0\0\0\0\0\0\0\0\0\0\0\0\0\0\0\0\0\0\0\0\0\0\0\0\0\0\0\0\0\0\1\0\0\0\0\0\0\0"..., iov_len=4096}], msg_iovlen=1, msg_controllen=0, msg_flags=0}, MSG_DONTWAIT) = 728
10721 <... sendto resumed>)             = 416
10712 <... openat resumed>)             = -1 ENOENT (No such file or directory)
10712 openat(AT_FDCWD, "/usr/lib/locale/C.utf8/LC_ADDRESS", O_RDONLY|O_CLOEXEC <unfinished ...>
10721 sendto(14, "\20\0\0\08\1\0\0\34\342\350y\0\0\0\0\30\0\24\0\0\0\0\0\v\0\0\0\0\0\0\0\0\0\0\0\0\0\0\0H\0\0\0\0\0\0\0\34\0\0\0\0\0\0\0\0\0\0\0\0\0\0\0\0\0\0\0\1\0\0\0\377\377\377\377\377\377\377\377\0\0\0\0\0\0\0\0`\0\0\0\260\0\0\0\300\0\0\0\0\0\0\0\0\0\0\0\0\0\0\0P\0\0\0H\0\0\08\0\0\0\3\0\0\0\0\0\0\0\357Q\235I\0\0\0\0}\5\224r\0\0\0\0\0\0\0\0\30\0\0\0\0\0\0\0\0\0\0\0\0\0\0\0\0\0\0\0\0\0\0\0\20\0\0\0\0\0\0\0\0\0\0\0\0\0\0\0\20\0\0\0\1\0\0\0\0\0\0\0\0\0\0\0h\0\0\0\1\0\0\0\0\0\0\0\0\0\0\0(\0\0\0\0\0\0\0\0\0\0\0\0\0\0\0@\7\0\0@\0\0\0)\0\0\0\0\0\0\0"..., 312, MSG_NOSIGNAL, NULL, 0 <unfinished ...>
10712 <... openat resumed>)             = 4
10721 <... sendto resumed>)             = 312
10687 recvmsg(45,  <unfinished ...>
10721 sendto(14, "\20\0\0\0\270\0\0\0\206\342\350y\0\0\0\0\30\0\24\0\0\0\0\0\f\0\0\0\0\0\0\0\0\0\0\0\0\0\0\0H\0\0\0\0\0\0\0\36\0\0\0\0\0\0\0\0\0\0\0\0\0\0\0\0\0\0\0\1\0\0\0\377\377\377\377\377\377\377\377\0\0\0\0\0\0\0\0`\0\0\0\0\0\0\0\0\0\0\0\0\0\0\0\0\0\0\0\0\0\0\0H\0\0\0@\0\0\08\0\0\0\3\0\0\0\0\0\0\0005\1lu\1\0\0\0z\5\224r\1\0\0\0\0\0\0\0\30\0\0\0\0\0\0\0\0\0\0\0\0\0\0\0\0\0\0\0\0\0\0\0\10\0\0\0\0\0\0\0", 184, MSG_NOSIGNAL, NULL, 0 <unfinished ...>
10687 <... recvmsg resumed>{msg_name=NULL, msg_namelen=0, msg_iov=[{iov_base="\20\0\0\0\240\1\0\0\234\341\350y\0\0\0\0\30\0\24\0\0\0\0\0\n\0\0\0\0\0\0\0\0\0\0\0\0\0\0\0H\0\0\0\0\0\0\0\33\0\0\0\0\0\0\0\0\0\0\0\0\0\0\0\0\0\0\0\1\0\0\0\377\377\377\377\377\377\377\377\0\0\0\0\0\0\0\0`\0\0\0\270\0\0\0\310\0\0\0\0\0\0\0\0\0\0\0\0\0\0\0X\0\0\0P\0\0\08\0\0\0\3\0\0\0\0\0\0\0\0061\33\22\0\0\0\0{\5\224r\0\0\0\0\0\0\0\0\30\0\0\0\0\0\0\0\0\0\0\0\0\0\0\0\0\0\0\0\0\0\0\0\30\0\0\0\0\0\0\0\0\0\0\0\1\0\0\0\0\0\0\0\0\0\0\0\20\0\0\0\2\0\0\0\0\0\0\0\0\0\0\0\310\0\0\0\2\0\0\0\0\0\0\0\0\0\0\0%\0\0\0\0\0\0\0\377\377\377\377\377\377\377\377\0\0\0\0\0\0\0\0"..., iov_len=4096}], msg_iovlen=1, msg_controllen=0, msg_flags=0}, MSG_DONTWAIT) = 728
10721 <... sendto resumed>)             = 184
10721 sendto(14, "\20\0\0\08\1\0\0\23\343\350y\0\0\0\0\30\0\24\0\0\0\0\0\r\0\0\0\0\0\0\0\0\0\0\0\0\0\0\0H\0\0\0\0\0\0\0 \0\0\0\0\0\0\0\0\0\0\0\0\0\0\0\0\0\0\0\1\0\0\0\377\377\377\377\377\377\377\377\0\0\0\0\0\0\0\0`\0\0\0\260\0\0\0\300\0\0\0\0\0\0\0\0\0\0\0\0\0\0\0P\0\0\0H\0\0\08\0\0\0\3\0\0\0\0\0\0\0\7B\332\35\0\0\0\0y\5\224r\0\0\0\0\0\0\0\0\30\0\0\0\0\0\0\0\0\0\0\0\0\0\0\0\0\0\0\0\0\0\0\0\20\0\0\0\0\0\0\0\0\0\0\0\0\0\0\0\20\0\0\0\1\0\0\0\0\0\0\0\0\0\0\0h\0\0\0\1\0\0\0\0\0\0\0\0\0\0\0*\0\0\0\0\0\0\0\0\0\0\0\0\0\0\0\200\7\0\0@\0\0\0+\0\0\0\0\0\0\0"..., 312, MSG_NOSIGNAL, NULL, 0) = 312
10721 sendto(14, "\20\0\0\0(\1\0\0y\343\350y\0\0\0\0\30\0\24\0\0\0\0\0\16\0\0\0\0\0\0\0\0\0\0\0\0\0\0\0H\0\0\0\0\0\0\0$\0\0\0\0\0\0\0\0\0\0\0\0\0\0\0\0\0\0\0\1\0\0\0\377\377\377\377\377\377\377\377\0\0\0\0\0\0\0\0`\0\0\0\0\0\0\0\0\0\0\0\0\0\0\0\0\0\0\0\0\0\0\0\270\0\0\0\260\0\0\08\0\0\0\3\0\0\0\0\0\0\0\310\24\252/\0\0\0\0~\5\224r\0\0\0\0\0\0\0\0\30\0\0\0\0\0\0\0\0\0\0\0\0\0\0\0\0\0\0\0\0\0\0\0\20\0\0\0\0\0\0\0\10\0\0\0\0\0\0\0(\0\0\0\4\0\0\0 \0\0\0\0\0\0\0(\0\0\0\0\0\0\0000\0\0\0\0\0\0\08\0\0\0\0\0\0\0\20\0\0\0\0\0\0\0\335)\0\0\2\0\0\0\20\0\0\0\0\0\0\0"..., 296, MSG_NOSIGNAL, NULL, 0) = 296
10712 openat(AT_FDCWD, "/usr/lib/locale/C.UTF-8/LC_NAME", O_RDONLY|O_CLOEXEC) = -1 ENOENT (No such file or directory)
10712 openat(AT_FDCWD, "/usr/lib/locale/C.utf8/LC_NAME", O_RDONLY|O_CLOEXEC) = 4
10687 recvmsg(45, {msg_name=NULL, msg_namelen=0, msg_iov=[{iov_base="\20\0\0\0\270\0\0\0\206\342\350y\0\0\0\0\30\0\24\0\0\0\0\0\f\0\0\0\0\0\0\0\0\0\0\0\0\0\0\0H\0\0\0\0\0\0\0\36\0\0\0\0\0\0\0\0\0\0\0\0\0\0\0\0\0\0\0\1\0\0\0\377\377\377\377\377\377\377\377\0\0\0\0\0\0\0\0`\0\0\0\0\0\0\0\0\0\0\0\0\0\0\0\0\0\0\0\0\0\0\0H\0\0\0@\0\0\08\0\0\0\3\0\0\0\0\0\0\0005\1lu\1\0\0\0z\5\224r\1\0\0\0\0\0\0\0\30\0\0\0\0\0\0\0\0\0\0\0\0\0\0\0\0\0\0\0\0\0\0\0\10\0\0\0\0\0\0\0\20\0\0\08\1\0\0\23\343\350y\0\0\0\0\30\0\24\0\0\0\0\0\r\0\0\0\0\0\0\0\0\0\0\0\0\0\0\0H\0\0\0\0\0\0\0 \0\0\0\0\0\0\0\0\0\0\0\0\0\0\0\0\0\0\0\1\0\0\0"..., iov_len=4096}], msg_iovlen=1, msg_controllen=0, msg_flags=0}, MSG_DONTWAIT) = 792
10712 openat(AT_FDCWD, "/usr/lib/locale/C.UTF-8/LC_PAPER", O_RDONLY|O_CLOEXEC) = -1 ENOENT (No such file or directory)
10712 openat(AT_FDCWD, "/usr/lib/locale/C.utf8/LC_PAPER", O_RDONLY|O_CLOEXEC) = 4
10682 openat(AT_FDCWD, "/tmp/playwright_chromiumdev_profile-92XQZ9/Default/Site Characteristics Database/MANIFEST-000001", O_WRONLY|O_CREAT|O_TRUNC, 0600 <unfinished ...>
10712 openat(AT_FDCWD, "/usr/lib/locale/C.UTF-8/LC_MESSAGES", O_RDONLY|O_CLOEXEC <unfinished ...>
10721 openat(AT_FDCWD, "/proc/self/cmdline", O_RDONLY|O_CLOEXEC <unfinished ...>
10712 <... openat resumed>)             = -1 ENOENT (No such file or directory)
10682 <... openat resumed>)             = 65
10721 <... openat resumed>)             = 20
10712 openat(AT_FDCWD, "/usr/lib/locale/C.utf8/LC_MESSAGES", O_RDONLY|O_CLOEXEC) = 4
10712 openat(AT_FDCWD, "/usr/lib/locale/C.utf8/LC_MESSAGES/SYS_LC_MESSAGES", O_RDONLY|O_CLOEXEC <unfinished ...>
10682 openat(AT_FDCWD, "/tmp/playwright_chromiumdev_profile-92XQZ9/Default/Site Characteristics Database", O_RDONLY <unfinished ...>
10712 <... openat resumed>)             = 4
10682 <... openat resumed>)             = 67
10712 openat(AT_FDCWD, "/usr/lib/locale/C.UTF-8/LC_MONETARY", O_RDONLY|O_CLOEXEC) = -1 ENOENT (No such file or directory)
10712 openat(AT_FDCWD, "/usr/lib/locale/C.utf8/LC_MONETARY", O_RDONLY|O_CLOEXEC) = 4
10721 sendto(14, "\20\0\0\0p\0\0\0\310\352\350y\0\0\0\0\30\0\24\0\0\0\0\0\17\0\0\0\0\0\0\0\0\0\0\0\0\0\0\0H\0\0\0\0\0\0\0\r\0\0\0\0\0\0\0\0\0\0\0\0\0\0\0\0\0\0\0\1\0\0\0\0\0\0\0\0\0\0\0\0y\1\0\0\1\0\0\0\0\0\0\0\0\0\0\0\0\0\0\0\0\0\0\0\0\0\0\0\0\0\0", 112, MSG_NOSIGNAL, NULL, 0) = 112
10687 recvmsg(45,  <unfinished ...>
10712 openat(AT_FDCWD, "/usr/lib/locale/C.UTF-8/LC_COLLATE", O_RDONLY|O_CLOEXEC) = -1 ENOENT (No such file or directory)
10687 <... recvmsg resumed>{msg_name=NULL, msg_namelen=0, msg_iov=[{iov_base="\20\0\0\0p\0\0\0\310\352\350y\0\0\0\0\30\0\24\0\0\0\0\0\17\0\0\0\0\0\0\0\0\0\0\0\0\0\0\0H\0\0\0\0\0\0\0\r\0\0\0\0\0\0\0\0\0\0\0\0\0\0\0\0\0\0\0\1\0\0\0\0\0\0\0\0\0\0\0\0y\1\0\0\1\0\0\0\0\0\0\0\0\0\0\0\0\0\0\0\0\0\0\0\0\0\0\0\0\0\0", iov_len=4096}], msg_iovlen=1, msg_controllen=0, msg_flags=0}, MSG_DONTWAIT) = 112
10712 openat(AT_FDCWD, "/usr/lib/locale/C.utf8/LC_COLLATE", O_RDONLY|O_CLOEXEC) = 4
10682 openat(AT_FDCWD, "/tmp/playwright_chromiumdev_profile-92XQZ9/Default/Site Characteristics Database/000001.dbtmp", O_WRONLY|O_CREAT|O_TRUNC, 0600) = 65
10712 openat(AT_FDCWD, "/usr/lib/locale/C.UTF-8/LC_TIME", O_RDONLY|O_CLOEXEC) = -1 ENOENT (No such file or directory)
10713 sendto(14, "\20\0\0\0\350\0\0\0\321\355\350y\0\0\0\0\30\0\24\0\0\0\0\0\20\0\0\0\0\0\0\0\0\0\0\0\0\0\0\0H\0\0\0\0\0\0\0\21\0\0\0\0\0\0\0\0\0\0\0\0\0\0\0\0\0\0\0\1\0\0\0\0\0\0\0\0\0\0\0\0z\1\0\0\1\0\0\0\0\0\0`\0\0\0p\0\0\0\0\0\0\0\0\0\0\0\0\0\0\0\20\0\0\0\1\0\0\0\0\0\0\0\0\0\0\0h\0\0\0\1\0\0\0\0\0\0\0\0\0\0\0,\0\0\0\0\0\0\0\0\0\0\0\0\0\0\0\300\7\0\0@\0\0\0-\0\0\0\0\0\0\0\0\0\0\0\0\0\0\0\0\0\0\0\0\0\0\0\0\0\0\0\0\0\0\0\2\0\0\0\0\0\0\0\0\0\0\0\0\0\0\0\0\0\0\0\0\0\0\0\0\0\0\0\0\0\0\0", 232, MSG_NOSIGNAL, NULL, 0 <unfinished ...>
10712 openat(AT_FDCWD, "/usr/lib/locale/C.utf8/LC_TIME", O_RDONLY|O_CLOEXEC <unfinished ...>
10713 <... sendto resumed>)             = 232
10712 <... openat resumed>)             = 4
10687 recvmsg(45, {msg_name=NULL, msg_namelen=0, msg_iov=[{iov_base="\20\0\0\0\350\0\0\0\321\355\350y\0\0\0\0\30\0\24\0\0\0\0\0\20\0\0\0\0\0\0\0\0\0\0\0\0\0\0\0H\0\0\0\0\0\0\0\21\0\0\0\0\0\0\0\0\0\0\0\0\0\0\0\0\0\0\0\1\0\0\0\0\0\0\0\0\0\0\0\0z\1\0\0\1\0\0\0\0\0\0`\0\0\0p\0\0\0\0\0\0\0\0\0\0\0\0\0\0\0\20\0\0\0\1\0\0\0\0\0\0\0\0\0\0\0h\0\0\0\1\0\0\0\0\0\0\0\0\0\0\0,\0\0\0\0\0\0\0\0\0\0\0\0\0\0\0\300\7\0\0@\0\0\0-\0\0\0\0\0\0\0\0\0\0\0\0\0\0\0\0\0\0\0\0\0\0\0\0\0\0\0\0\0\0\0\2\0\0\0\0\0\0\0\0\0\0\0\0\0\0\0\0\0\0\0\0\0\0\0\0\0\0\0\0\0\0\0", iov_len=4096}], msg_iovlen=1, msg_controllen=0, msg_flags=0}, MSG_DONTWAIT) = 232
10712 openat(AT_FDCWD, "/usr/lib/locale/C.UTF-8/LC_NUMERIC", O_RDONLY|O_CLOEXEC) = -1 ENOENT (No such file or directory)
10712 openat(AT_FDCWD, "/usr/lib/locale/C.utf8/LC_NUMERIC", O_RDONLY|O_CLOEXEC) = 4
10682 openat(AT_FDCWD, "/tmp/playwright_chromiumdev_profile-92XQZ9/Default/Site Characteristics Database/CURRENT", O_RDONLY) = 65
10712 openat(AT_FDCWD, "/usr/lib/locale/C.UTF-8/LC_CTYPE", O_RDONLY|O_CLOEXEC) = -1 ENOENT (No such file or directory)
10712 openat(AT_FDCWD, "/usr/lib/locale/C.utf8/LC_CTYPE", O_RDONLY|O_CLOEXEC) = 4
10682 openat(AT_FDCWD, "/tmp/playwright_chromiumdev_profile-92XQZ9/Default/Site Characteristics Database/MANIFEST-000001", O_RDONLY) = 65
10682 openat(AT_FDCWD, "/tmp/playwright_chromiumdev_profile-92XQZ9/Default/Site Characteristics Database/MANIFEST-000001", O_WRONLY|O_APPEND) = 65
10713 sendto(14, "\20\0\0\0p\0\0\0000\364\350y\0\0\0\0\30\0\24\0\0\0\0\0\21\0\0\0\0\0\0\0\0\0\0\0\0\0\0\0H\0\0\0\0\0\0\0#\0\0\0\0\0\0\0\1\0\0\0\0\0\0\0\0\0\0\0\1\0\0\0\0\0\0\0\0\0\0\0\0z\1\0\0\1\0\0\0\0\0\0\0\0\0\0\0\0\0\0\0\0\0\0\0\0\0\0\0\0\0\0", 112, MSG_NOSIGNAL, NULL, 0) = 112
10687 recvmsg(45,  <unfinished ...>
10713 sendto(14, "\20\0\0\0\350\0\0\0=\365\350y\0\0\0\0\30\0\24\0\0\0\0\0\22\0\0\0\0\0\0\0\0\0\0\0\0\0\0\0H\0\0\0\0\0\0\0\21\0\0\0\0\0\0\0\1\0\0\0\0\0\0\0\0\0\0\0\1\0\0\0\0\0\0\0\0\0\0\0\0{\1\0\0\1\0\0\0\0\0\0`\0\0\0p\0\0\0\0\0\0\0\0\0\0\0\0\0\0\0\20\0\0\0\1\0\0\0\0\0\0\0\0\0\0\0h\0\0\0\1\0\0\0\0\0\0\0\0\0\0\0.\0\0\0\0\0\0\0\0\0\0\0\0\0\0\0\0\10\0\0@\0\0\0/\0\0\0\0\0\0\0\0\0\0\0\0\0\0\0\0\0\0\0\0\0\0\0\0\0\0\0\0\0\0\0\2\0\0\0\0\0\0\0\0\0\0\0\0\0\0\0\0\0\0\0\0\0\0\0\0\0\0\0\0\0\0\0", 232, MSG_NOSIGNAL, NULL, 0 <unfinished ...>
10687 <... recvmsg resumed>{msg_name=NULL, msg_namelen=0, msg_iov=[{iov_base="\20\0\0\0p\0\0\0000\364\350y\0\0\0\0\30\0\24\0\0\0\0\0\21\0\0\0\0\0\0\0\0\0\0\0\0\0\0\0H\0\0\0\0\0\0\0#\0\0\0\0\0\0\0\1\0\0\0\0\0\0\0\0\0\0\0\1\0\0\0\0\0\0\0\0\0\0\0\0z\1\0\0\1\0\0\0\0\0\0\0\0\0\0\0\0\0\0\0\0\0\0\0\0\0\0\0\0\0\0", iov_len=4096}], msg_iovlen=1, msg_controllen=0, msg_flags=0}, MSG_DONTWAIT) = 112
10713 <... sendto resumed>)             = 232
10687 recvmsg(45,  <unfinished ...>
10682 openat(AT_FDCWD, "/tmp/playwright_chromiumdev_profile-92XQZ9/Default/Site Characteristics Database", O_RDONLY|O_NONBLOCK|O_CLOEXEC|O_DIRECTORY <unfinished ...>
10687 <... recvmsg resumed>{msg_name=NULL, msg_namelen=0, msg_iov=[{iov_base="\20\0\0\0\350\0\0\0=\365\350y\0\0\0\0\30\0\24\0\0\0\0\0\22\0\0\0\0\0\0\0\0\0\0\0\0\0\0\0H\0\0\0\0\0\0\0\21\0\0\0\0\0\0\0\1\0\0\0\0\0\0\0\0\0\0\0\1\0\0\0\0\0\0\0\0\0\0\0\0{\1\0\0\1\0\0\0\0\0\0`\0\0\0p\0\0\0\0\0\0\0\0\0\0\0\0\0\0\0\20\0\0\0\1\0\0\0\0\0\0\0\0\0\0\0h\0\0\0\1\0\0\0\0\0\0\0\0\0\0\0.\0\0\0\0\0\0\0\0\0\0\0\0\0\0\0\0\10\0\0@\0\0\0/\0\0\0\0\0\0\0\0\0\0\0\0\0\0\0\0\0\0\0\0\0\0\0\0\0\0\0\0\0\0\0\2\0\0\0\0\0\0\0\0\0\0\0\0\0\0\0\0\0\0\0\0\0\0\0\0\0\0\0\0\0\0\0", iov_len=4096}], msg_iovlen=1, msg_controllen=0, msg_flags=0}, MSG_DONTWAIT) = 232
10682 <... openat resumed>)             = 67
10721 sendto(14, "\20\0\0\0p\0\0\0n\370\350y\0\0\0\0\30\0\24\0\0\0\0\0\23\0\0\0\0\0\0\0\0\0\0\0\0\0\0\0H\0\0\0\0\0\0\0.\0\0\0\0\0\0\0\0\0\0\0\0\0\0\0\0\0\0\0\1\0\0\0\0\0\0\0\0\0\0\0\0|\1\0\0\1\0\0\0\0\0\0\0\0\0\0\0\0\0\0\0\0\0\0\0\0\0\0\0\0\0\0", 112, MSG_NOSIGNAL, NULL, 0 <unfinished ...>
10693 openat(AT_FDCWD, "/tmp/playwright_chromiumdev_profile-92XQZ9/Default/commerce_subscription_db/LOG", O_WRONLY|O_CREAT|O_TRUNC, 0600 <unfinished ...>
10721 <... sendto resumed>)             = 112
10693 <... openat resumed>)             = 68
10685 openat(AT_FDCWD, "/tmp/playwright_chromiumdev_profile-92XQZ9/Default/discounts_db/LOG", O_WRONLY|O_CREAT|O_TRUNC, 0600 <unfinished ...>
10693 openat(AT_FDCWD, "/tmp/playwright_chromiumdev_profile-92XQZ9/Default/commerce_subscription_db/LOCK", O_RDWR) = -1 ENOENT (No such file or directory)
10693 openat(AT_FDCWD, "/tmp/playwright_chromiumdev_profile-92XQZ9/Default/commerce_subscription_db/LOCK", O_RDWR|O_CREAT, 0600 <unfinished ...>
10687 recvmsg(45, {msg_name=NULL, msg_namelen=0, msg_iov=[{iov_base="\20\0\0\0p\0\0\0n\370\350y\0\0\0\0\30\0\24\0\0\0\0\0\23\0\0\0\0\0\0\0\0\0\0\0\0\0\0\0H\0\0\0\0\0\0\0.\0\0\0\0\0\0\0\0\0\0\0\0\0\0\0\0\0\0\0\1\0\0\0\0\0\0\0\0\0\0\0\0|\1\0\0\1\0\0\0\0\0\0\0\0\0\0\0\0\0\0\0\0\0\0\0\0\0\0\0\0\0\0", iov_len=4096}], msg_iovlen=1, msg_controllen=0, msg_flags=0}, MSG_DONTWAIT) = 112
10685 <... openat resumed>)             = 69
10693 <... openat resumed>)             = 70
10719 openat(AT_FDCWD, "/tmp/playwright_chromiumdev_profile-92XQZ9/Default/discount_infos_db/LOG", O_WRONLY|O_CREAT|O_TRUNC, 0600 <unfinished ...>
10682 openat(AT_FDCWD, "/tmp/playwright_chromiumdev_profile-92XQZ9/Default/Site Characteristics Database", O_RDONLY|O_NONBLOCK|O_CLOEXEC|O_DIRECTORY) = 67
10716 openat(AT_FDCWD, "/tmp/playwright_chromiumdev_profile-92XQZ9/Default/parcel_tracking_db/LOG", O_WRONLY|O_CREAT|O_TRUNC, 0600 <unfinished ...>
10719 <... openat resumed>)             = 68
10716 <... openat resumed>)             = 70
10685 openat(AT_FDCWD, "/tmp/playwright_chromiumdev_profile-92XQZ9/Default/discounts_db/LOCK", O_RDWR) = -1 ENOENT (No such file or directory)
10685 openat(AT_FDCWD, "/tmp/playwright_chromiumdev_profile-92XQZ9/Default/discounts_db/LOCK", O_RDWR|O_CREAT, 0600 <unfinished ...>
10719 openat(AT_FDCWD, "/tmp/playwright_chromiumdev_profile-92XQZ9/Default/discount_infos_db/LOCK", O_RDWR <unfinished ...>
10716 openat(AT_FDCWD, "/tmp/playwright_chromiumdev_profile-92XQZ9/Default/parcel_tracking_db/LOCK", O_RDWR <unfinished ...>
10719 <... openat resumed>)             = -1 ENOENT (No such file or directory)
10685 <... openat resumed>)             = 71
10716 <... openat resumed>)             = -1 ENOENT (No such file or directory)
10719 openat(AT_FDCWD, "/tmp/playwright_chromiumdev_profile-92XQZ9/Default/discount_infos_db/LOCK", O_RDWR|O_CREAT, 0600 <unfinished ...>
10716 openat(AT_FDCWD, "/tmp/playwright_chromiumdev_profile-92XQZ9/Default/parcel_tracking_db/LOCK", O_RDWR|O_CREAT, 0600) = 73
10719 <... openat resumed>)             = 72
10712 openat(AT_FDCWD, "/proc/self/status", O_RDONLY) = 4
10719 sendto(45, "\20\0\0\0p\0\0\0)\7\351y\0\0\0\0\30\0\24\0\0\0\0\0\f\0\0\0\0\0\0\0\0\0\0\0\0\0\0\0H\0\0\0\0\0\0\0.\0\0\0\0\0\0\0\0\0\0\0\0\0\0\0\0\0\0\0\1\0\0\0\0\0\0\0\0\0\0\0\0{\1\0\0\1\0\0\0\0\0\0\0\0\0\0\0\0\0\0\0\0\0\0\0\0\0\0\0\0\0\0", 112, MSG_NOSIGNAL, NULL, 0 <unfinished ...>
10682 openat(AT_FDCWD, "/tmp/playwright_chromiumdev_profile-92XQZ9/Default/Site Characteristics Database/000003.log", O_WRONLY|O_CREAT|O_TRUNC, 0600 <unfinished ...>
10719 <... sendto resumed>)             = 112
10682 <... openat resumed>)             = 67
10721 recvmsg(14, {msg_name=NULL, msg_namelen=0, msg_iov=[{iov_base="\20\0\0\0p\0\0\0)\7\351y\0\0\0\0\30\0\24\0\0\0\0\0\f\0\0\0\0\0\0\0\0\0\0\0\0\0\0\0H\0\0\0\0\0\0\0.\0\0\0\0\0\0\0\0\0\0\0\0\0\0\0\0\0\0\0\1\0\0\0\0\0\0\0\0\0\0\0\0{\1\0\0\1\0\0\0\0\0\0\0\0\0\0\0\0\0\0\0\0\0\0\0\0\0\0\0\0\0\0", iov_len=4096}], msg_iovlen=1, msg_controllen=0, msg_flags=0}, MSG_DONTWAIT) = 112
10682 openat(AT_FDCWD, "/tmp/playwright_chromiumdev_profile-92XQZ9/Default/Site Characteristics Database", O_RDONLY|O_NONBLOCK|O_CLOEXEC|O_DIRECTORY) = 68
10712 openat(AT_FDCWD, "/opt/google/chrome/icudtl.dat", O_RDONLY) = 4
10716 openat(AT_FDCWD, "/tmp/playwright_chromiumdev_profile-92XQZ9/Default/Segmentation Platform/SegmentInfoDB/LOG", O_WRONLY|O_CREAT|O_TRUNC, 0600) = 69
10712 openat(AT_FDCWD, "/etc/localtime", O_RDONLY|O_CLOEXEC <unfinished ...>
10721 sendto(14, "\20\0\0\0p\0\0\0\312\v\351y\0\0\0\0\30\0\24\0\0\0\0\0\24\0\0\0\0\0\0\0\0\0\0\0\0\0\0\0H\0\0\0\0\0\0\0.\0\0\0\0\0\0\0\1\0\0\0\0\0\0\0\0\0\0\0\1\0\0\0\0\0\0\0\0\0\0\0\0{\1\0\0\1\0\0\0\0\0\0\0\0\0\0\0\0\0\0\0\0\0\0\0\0\0\0\0\0\0\0", 112, MSG_NOSIGNAL, NULL, 0 <unfinished ...>
10712 <... openat resumed>)             = 7
10721 <... sendto resumed>)             = 112
10687 recvmsg(45, {msg_name=NULL, msg_namelen=0, msg_iov=[{iov_base="\20\0\0\0p\0\0\0\312\v\351y\0\0\0\0\30\0\24\0\0\0\0\0\24\0\0\0\0\0\0\0\0\0\0\0\0\0\0\0H\0\0\0\0\0\0\0.\0\0\0\0\0\0\0\1\0\0\0\0\0\0\0\0\0\0\0\1\0\0\0\0\0\0\0\0\0\0\0\0{\1\0\0\1\0\0\0\0\0\0\0\0\0\0\0\0\0\0\0\0\0\0\0\0\0\0\0\0\0\0", iov_len=4096}], msg_iovlen=1, msg_controllen=0, msg_flags=0}, MSG_DONTWAIT) = 112
10716 openat(AT_FDCWD, "/tmp/playwright_chromiumdev_profile-92XQZ9/Default/Segmentation Platform/SegmentInfoDB/LOCK", O_RDWR) = -1 ENOENT (No such file or directory)
10716 openat(AT_FDCWD, "/tmp/playwright_chromiumdev_profile-92XQZ9/Default/Segmentation Platform/SegmentInfoDB/LOCK", O_RDWR|O_CREAT, 0600) = 70
10693 openat(AT_FDCWD, "/tmp/playwright_chromiumdev_profile-92XQZ9/Default/chrome_cart_db/LOG", O_WRONLY|O_CREAT|O_TRUNC, 0600) = 71
10682 openat(AT_FDCWD, "/tmp/playwright_chromiumdev_profile-92XQZ9/Default/Site Characteristics Database", O_RDONLY|O_NONBLOCK|O_CLOEXEC|O_DIRECTORY) = 68
10723 sendto(45, "\20\0\0\0p\0\0\0000\22\351y\0\0\0\0\30\0\24\0\0\0\0\0\r\0\0\0\0\0\0\0\0\0\0\0\0\0\0\0H\0\0\0\0\0\0\0.\0\0\0\0\0\0\0\1\0\0\0\0\0\0\0\0\0\0\0\1\0\0\0\0\0\0\0\0\0\0\0\0|\1\0\0\1\0\0\0\0\0\0\0\0\0\0\0\0\0\0\0\0\0\0\0\0\0\0\0\0\0\0", 112, MSG_NOSIGNAL, NULL, 0) = 112
10721 recvmsg(14,  <unfinished ...>
10693 openat(AT_FDCWD, "/tmp/playwright_chromiumdev_profile-92XQZ9/Default/chrome_cart_db/LOCK", O_RDWR <unfinished ...>
10721 <... recvmsg resumed>{msg_name=NULL, msg_namelen=0, msg_iov=[{iov_base="\20\0\0\0p\0\0\0000\22\351y\0\0\0\0\30\0\24\0\0\0\0\0\r\0\0\0\0\0\0\0\0\0\0\0\0\0\0\0H\0\0\0\0\0\0\0.\0\0\0\0\0\0\0\1\0\0\0\0\0\0\0\0\0\0\0\1\0\0\0\0\0\0\0\0\0\0\0\0|\1\0\0\1\0\0\0\0\0\0\0\0\0\0\0\0\0\0\0\0\0\0\0\0\0\0\0\0\0\0", iov_len=4096}], msg_iovlen=1, msg_controllen=0, msg_flags=0}, MSG_DONTWAIT) = 112
10693 <... openat resumed>)             = -1 ENOENT (No such file or directory)
10693 openat(AT_FDCWD, "/tmp/playwright_chromiumdev_profile-92XQZ9/Default/chrome_cart_db/LOCK", O_RDWR|O_CREAT, 0600) = 69
10721 sendto(14, "\20\0\0\0p\0\0\0F\26\351y\0\0\0\0\30\0\24\0\0\0\0\0\25\0\0\0\0\0\0\0\0\0\0\0\0\0\0\0H\0\0\0\0\0\0\0.\0\0\0\0\0\0\0\2\0\0\0\0\0\0\0\0\0\0\0\1\0\0\0\0\0\0\0\0\0\0\0\0|\1\0\0\1\0\0\0\0\0\0\0\0\0\0\0\0\0\0\0\0\0\0\0\0\0\0\0\0\0\0", 112, MSG_NOSIGNAL, NULL, 0) = 112
10694 openat(AT_FDCWD, "/tmp/playwright_chromiumdev_profile-92XQZ9/Default/Login Data For Account-journal", O_RDWR|O_CREAT|O_NOFOLLOW|O_CLOEXEC, 0600) = 69
10687 recvmsg(45, {msg_name=NULL, msg_namelen=0, msg_iov=[{iov_base="\20\0\0\0p\0\0\0F\26\351y\0\0\0\0\30\0\24\0\0\0\0\0\25\0\0\0\0\0\0\0\0\0\0\0\0\0\0\0H\0\0\0\0\0\0\0.\0\0\0\0\0\0\0\2\0\0\0\0\0\0\0\0\0\0\0\1\0\0\0\0\0\0\0\0\0\0\0\0|\1\0\0\1\0\0\0\0\0\0\0\0\0\0\0\0\0\0\0\0\0\0\0\0\0\0\0\0\0\0", iov_len=4096}], msg_iovlen=1, msg_controllen=0, msg_flags=0}, MSG_DONTWAIT) = 112
10712 openat(AT_FDCWD, "/opt/google/chrome/chrome_100_percent.pak", O_RDONLY) = 7
10716 openat(AT_FDCWD, "/tmp/playwright_chromiumdev_profile-92XQZ9/Default/Segmentation Platform/SignalDB/LOG", O_WRONLY|O_CREAT|O_TRUNC, 0600 <unfinished ...>
10685 sendto(45, "\20\0\0\0p\0\0\0\216\31\351y\0\0\0\0\30\0\24\0\0\0\0\0\16\0\0\0\0\0\0\0\0\0\0\0\0\0\0\0H\0\0\0\0\0\0\0.\0\0\0\0\0\0\0\2\0\0\0\0\0\0\0\0\0\0\0\1\0\0\0\0\0\0\0\0\0\0\0\0{\1\0\0\1\0\0\0\0\0\0\0\0\0\0\0\0\0\0\0\0\0\0\0\0\0\0\0\0\0\0", 112, MSG_NOSIGNAL, NULL, 0 <unfinished ...>
10716 <... openat resumed>)             = 70
10685 <... sendto resumed>)             = 112
10721 recvmsg(14, {msg_name=NULL, msg_namelen=0, msg_iov=[{iov_base="\20\0\0\0p\0\0\0\216\31\351y\0\0\0\0\30\0\24\0\0\0\0\0\16\0\0\0\0\0\0\0\0\0\0\0\0\0\0\0H\0\0\0\0\0\0\0.\0\0\0\0\0\0\0\2\0\0\0\0\0\0\0\0\0\0\0\1\0\0\0\0\0\0\0\0\0\0\0\0{\1\0\0\1\0\0\0\0\0\0\0\0\0\0\0\0\0\0\0\0\0\0\0\0\0\0\0\0\0\0", iov_len=4096}], msg_iovlen=1, msg_controllen=0, msg_flags=0}, MSG_DONTWAIT) = 112
10712 openat(AT_FDCWD, "/opt/google/chrome/chrome_200_percent.pak", O_RDONLY <unfinished ...>
10716 openat(AT_FDCWD, "/tmp/playwright_chromiumdev_profile-92XQZ9/Default/Segmentation Platform/SignalDB/LOCK", O_RDWR <unfinished ...>
10712 <... openat resumed>)             = 8
10716 <... openat resumed>)             = -1 ENOENT (No such file or directory)
10716 openat(AT_FDCWD, "/tmp/playwright_chromiumdev_profile-92XQZ9/Default/Segmentation Platform/SignalDB/LOCK", O_RDWR|O_CREAT, 0600) = 71
10721 sendto(14, "\20\0\0\0p\0\0\0\346\33\351y\0\0\0\0\30\0\24\0\0\0\0\0\26\0\0\0\0\0\0\0\0\0\0\0\0\0\0\0H\0\0\0\0\0\0\0.\0\0\0\0\0\0\0\3\0\0\0\0\0\0\0\0\0\0\0\1\0\0\0\0\0\0\0\0\0\0\0\0{\1\0\0\1\0\0\0\0\0\0\0\0\0\0\0\0\0\0\0\0\0\0\0\0\0\0\0\0\0\0", 112, MSG_NOSIGNAL, NULL, 0 <unfinished ...>
10712 openat(AT_FDCWD, "/usr/share/locale/locale.alias", O_RDONLY|O_CLOEXEC <unfinished ...>
10721 <... sendto resumed>)             = 112
10712 <... openat resumed>)             = 9
10687 recvmsg(45, {msg_name=NULL, msg_namelen=0, msg_iov=[{iov_base="\20\0\0\0p\0\0\0\346\33\351y\0\0\0\0\30\0\24\0\0\0\0\0\26\0\0\0\0\0\0\0\0\0\0\0\0\0\0\0H\0\0\0\0\0\0\0.\0\0\0\0\0\0\0\3\0\0\0\0\0\0\0\0\0\0\0\1\0\0\0\0\0\0\0\0\0\0\0\0{\1\0\0\1\0\0\0\0\0\0\0\0\0\0\0\0\0\0\0\0\0\0\0\0\0\0\0\0\0\0", iov_len=4096}], msg_iovlen=1, msg_controllen=0, msg_flags=0}, MSG_DONTWAIT) = 112
10685 openat(AT_FDCWD, "/tmp/playwright_chromiumdev_profile-92XQZ9/Default/Local Storage/leveldb/LOG", O_WRONLY|O_CREAT|O_TRUNC, 0600) = 68
10685 sendmsg(45, {msg_name=NULL, msg_namelen=0, msg_iov=[{iov_base="\20\0\1\0\250\0\0\0\331\36\351y\0\0\0\0\30\0\24\0\0\0\0\0\17\0\0\0\0\0\0\0p\0\0\0\0\0\0\0H\0\0\0\0\0\0\0.\0\0\0\0\0\0\0\3\0\0\0\0\0\0\0\0\0\0\0\1\0\0\0\0\0\0\0\0\0\0\0\0|\1\0\0\1\0\0\0\0\0\0`\0\0\0\0\0\0\0\0\0\0\0\0\0\0\0\1\0\0\0\20\0\0\0\1\0\0\0\1\0\0\0\0\0\0\0\20\0\0\0\1\0\0\0\200\0\0\0\0\0\1\0\30\0\0\0\20\0\0\0\10\0\0\0\4\0\0\0\10\0\0\0\0\0\0\0", iov_len=168}], msg_iovlen=1, msg_control=[{cmsg_len=20, cmsg_level=SOL_SOCKET, cmsg_type=SCM_RIGHTS, cmsg_data=[68]}], msg_controllen=20, msg_flags=0}, MSG_NOSIGNAL) = 168
10721 recvmsg(14, {msg_name=NULL, msg_namelen=0, msg_iov=[{iov_base="\20\0\1\0\250\0\0\0\331\36\351y\0\0\0\0\30\0\24\0\0\0\0\0\17\0\0\0\0\0\0\0p\0\0\0\0\0\0\0H\0\0\0\0\0\0\0.\0\0\0\0\0\0\0\3\0\0\0\0\0\0\0\0\0\0\0\1\0\0\0\0\0\0\0\0\0\0\0\0|\1\0\0\1\0\0\0\0\0\0`\0\0\0\0\0\0\0\0\0\0\0\0\0\0\0\1\0\0\0\20\0\0\0\1\0\0\0\1\0\0\0\0\0\0\0\20\0\0\0\1\0\0\0\200\0\0\0\0\0\1\0\30\0\0\0\20\0\0\0\10\0\0\0\4\0\0\0\10\0\0\0\0\0\0\0", iov_len=4096}], msg_iovlen=1, msg_control=[{cmsg_len=20, cmsg_level=SOL_SOCKET, cmsg_type=SCM_RIGHTS, cmsg_data=[20]}], msg_controllen=24, msg_flags=0}, MSG_DONTWAIT) = 168
10712 openat(AT_FDCWD, "/opt/google/chrome/locales/en-US.pak", O_RDONLY) = 9
10721 sendto(14, "\20\0\0\0p\0\0\0b!\351y\0\0\0\0\30\0\24\0\0\0\0\0\27\0\0\0\0\0\0\0\0\0\0\0\0\0\0\0H\0\0\0\0\0\0\0.\0\0\0\0\0\0\0\4\0\0\0\0\0\0\0\0\0\0\0\1\0\0\0\0\0\0\0\0\0\0\0\0|\1\0\0\1\0\0\0\0\0\0\0\0\0\0\0\0\0\0\0\0\0\0\0\0\0\0\0\0\0\0", 112, MSG_NOSIGNAL, NULL, 0) = 112
10687 recvmsg(45, {msg_name=NULL, msg_namelen=0, msg_iov=[{iov_base="\20\0\0\0p\0\0\0b!\351y\0\0\0\0\30\0\24\0\0\0\0\0\27\0\0\0\0\0\0\0\0\0\0\0\0\0\0\0H\0\0\0\0\0\0\0.\0\0\0\0\0\0\0\4\0\0\0\0\0\0\0\0\0\0\0\1\0\0\0\0\0\0\0\0\0\0\0\0|\1\0\0\1\0\0\0\0\0\0\0\0\0\0\0\0\0\0\0\0\0\0\0\0\0\0\0\0\0\0", iov_len=4096}], msg_iovlen=1, msg_controllen=0, msg_flags=0}, MSG_DONTWAIT) = 112
10716 openat(AT_FDCWD, "/tmp/playwright_chromiumdev_profile-92XQZ9/Default/Segmentation Platform/SignalStorageConfigDB/LOG", O_WRONLY|O_CREAT|O_TRUNC, 0600) = 68
10712 openat(AT_FDCWD, "/opt/google/chrome/resources.pak", O_RDONLY) = 11
10716 openat(AT_FDCWD, "/tmp/playwright_chromiumdev_profile-92XQZ9/Default/Segmentation Platform/SignalStorageConfigDB/LOCK", O_RDWR <unfinished ...>
10682 sendto(45, "\20\0\0\0p\0\0\0\261&\351y\0\0\0\0\30\0\24\0\0\0\0\0\20\0\0\0\0\0\0\0\0\0\0\0\0\0\0\0H\0\0\0\0\0\0\0.\0\0\0\0\0\0\0\4\0\0\0\0\0\0\0\0\0\0\0\1\0\0\0\0\0\0\0\0\0\0\0\0{\1\0\0\1\0\0\0\0\0\0\0\0\0\0\0\0\0\0\0\0\0\0\0\0\0\0\0\0\0\0", 112, MSG_NOSIGNAL, NULL, 0 <unfinished ...>
10716 <... openat resumed>)             = -1 ENOENT (No such file or directory)
10682 <... sendto resumed>)             = 112
10721 recvmsg(14,  <unfinished ...>
10716 openat(AT_FDCWD, "/tmp/playwright_chromiumdev_profile-92XQZ9/Default/Segmentation Platform/SignalStorageConfigDB/LOCK", O_RDWR|O_CREAT, 0600 <unfinished ...>
10721 <... recvmsg resumed>{msg_name=NULL, msg_namelen=0, msg_iov=[{iov_base="\20\0\0\0p\0\0\0\261&\351y\0\0\0\0\30\0\24\0\0\0\0\0\20\0\0\0\0\0\0\0\0\0\0\0\0\0\0\0H\0\0\0\0\0\0\0.\0\0\0\0\0\0\0\4\0\0\0\0\0\0\0\0\0\0\0\1\0\0\0\0\0\0\0\0\0\0\0\0{\1\0\0\1\0\0\0\0\0\0\0\0\0\0\0\0\0\0\0\0\0\0\0\0\0\0\0\0\0\0", iov_len=4096}], msg_iovlen=1, msg_controllen=0, msg_flags=0}, MSG_DONTWAIT) = 112
10716 <... openat resumed>)             = 70
10682 openat(AT_FDCWD, "/tmp/playwright_chromiumdev_profile-92XQZ9/Default/LOG", O_WRONLY|O_CREAT|O_TRUNC, 0600) = 71
10721 sendto(14, "\20\0\0\0p\0\0\0\223*\351y\0\0\0\0\30\0\24\0\0\0\0\0\30\0\0\0\0\0\0\0\0\0\0\0\0\0\0\0H\0\0\0\0\0\0\0.\0\0\0\0\0\0\0\5\0\0\0\0\0\0\0\0\0\0\0\1\0\0\0\0\0\0\0\0\0\0\0\0{\1\0\0\1\0\0\0\0\0\0\0\0\0\0\0\0\0\0\0\0\0\0\0\0\0\0\0\0\0\0", 112, MSG_NOSIGNAL, NULL, 0) = 112
10687 recvmsg(45,  <unfinished ...>
10682 openat(AT_FDCWD, "/tmp/playwright_chromiumdev_profile-92XQZ9/Default/LOCK", O_RDWR <unfinished ...>
10687 <... recvmsg resumed>{msg_name=NULL, msg_namelen=0, msg_iov=[{iov_base="\20\0\0\0p\0\0\0\223*\351y\0\0\0\0\30\0\24\0\0\0\0\0\30\0\0\0\0\0\0\0\0\0\0\0\0\0\0\0H\0\0\0\0\0\0\0.\0\0\0\0\0\0\0\5\0\0\0\0\0\0\0\0\0\0\0\1\0\0\0\0\0\0\0\0\0\0\0\0{\1\0\0\1\0\0\0\0\0\0\0\0\0\0\0\0\0\0\0\0\0\0\0\0\0\0\0\0\0\0", iov_len=4096}], msg_iovlen=1, msg_controllen=0, msg_flags=0}, MSG_DONTWAIT) = 112
10682 <... openat resumed>)             = -1 ENOENT (No such file or directory)
10682 openat(AT_FDCWD, "/tmp/playwright_chromiumdev_profile-92XQZ9/Default/LOCK", O_RDWR|O_CREAT, 0600) = 70
10685 openat(AT_FDCWD, "/tmp/playwright_chromiumdev_profile-92XQZ9/Default/Local Storage/leveldb/LOCK", O_RDWR) = -1 ENOENT (No such file or directory)
10685 openat(AT_FDCWD, "/tmp/playwright_chromiumdev_profile-92XQZ9/Default/Local Storage/leveldb/LOCK", O_RDWR|O_CREAT, 0600) = 68
10692 openat(AT_FDCWD, "/tmp/playwright_chromiumdev_profile-92XQZ9/Default/Login Data-journal", O_RDWR|O_CREAT|O_NOFOLLOW|O_CLOEXEC, 0600 <unfinished ...>
10685 sendto(45, "\20\0\0\0\350\0\0\0c2\351y\0\0\0\0\30\0\24\0\0\0\0\0\21\0\0\0\0\0\0\0\0\0\0\0\0\0\0\0H\0\0\0\0\0\0\0.\0\0\0\0\0\0\0\5\0\0\0\0\0\0\0\0\0\0\0\1\0\0\0\0\0\0\0\0\0\0\0\0|\1\0\0\1\0\0\0\0\0\0`\0\0\0p\0\0\0\0\0\0\0\0\0\0\0\0\0\0\0\20\0\0\0\1\0\0\0\0\0\0\0\0\0\0\0h\0\0\0\1\0\0\0\0\0\0\0\0\0\0\0000\0\0\0\0\0\0\0\0\0\0\0\0\0\0\0@\10\0\0@\0\0\0001\0\0\0\0\0\0\0\0\0\0\0\0\0\0\0\0\0\0\0\0\0\0\0\0\0\0\0\0\0\0\0\2\0\0\0\0\0\0\0\0\0\0\0\0\0\0\0\0\0\0\0\0\0\0\0\0\0\0\0\0\0\0\0", 232, MSG_NOSIGNAL, NULL, 0 <unfinished ...>
10692 <... openat resumed>)             = 70
10685 <... sendto resumed>)             = 232
10721 recvmsg(14, {msg_name=NULL, msg_namelen=0, msg_iov=[{iov_base="\20\0\0\0\350\0\0\0c2\351y\0\0\0\0\30\0\24\0\0\0\0\0\21\0\0\0\0\0\0\0\0\0\0\0\0\0\0\0H\0\0\0\0\0\0\0.\0\0\0\0\0\0\0\5\0\0\0\0\0\0\0\0\0\0\0\1\0\0\0\0\0\0\0\0\0\0\0\0|\1\0\0\1\0\0\0\0\0\0`\0\0\0p\0\0\0\0\0\0\0\0\0\0\0\0\0\0\0\20\0\0\0\1\0\0\0\0\0\0\0\0\0\0\0h\0\0\0\1\0\0\0\0\0\0\0\0\0\0\0000\0\0\0\0\0\0\0\0\0\0\0\0\0\0\0@\10\0\0@\0\0\0001\0\0\0\0\0\0\0\0\0\0\0\0\0\0\0\0\0\0\0\0\0\0\0\0\0\0\0\0\0\0\0\2\0\0\0\0\0\0\0\0\0\0\0\0\0\0\0\0\0\0\0\0\0\0\0\0\0\0\0\0\0\0\0", iov_len=4096}], msg_iovlen=1, msg_controllen=0, msg_flags=0}, MSG_DONTWAIT) = 232
10721 sendto(14, "\20\0\0\0p\0\0\0h6\351y\0\0\0\0\30\0\24\0\0\0\0\0\31\0\0\0\0\0\0\0\0\0\0\0\0\0\0\0H\0\0\0\0\0\0\0.\0\0\0\0\0\0\0\6\0\0\0\0\0\0\0\0\0\0\0\1\0\0\0\0\0\0\0\0\0\0\0\0|\1\0\0\1\0\0\0\0\0\0\0\0\0\0\0\0\0\0\0\0\0\0\0\0\0\0\0\0\0\0", 112, MSG_NOSIGNAL, NULL, 0) = 112
10687 recvmsg(45, {msg_name=NULL, msg_namelen=0, msg_iov=[{iov_base="\20\0\0\0p\0\0\0h6\351y\0\0\0\0\30\0\24\0\0\0\0\0\31\0\0\0\0\0\0\0\0\0\0\0\0\0\0\0H\0\0\0\0\0\0\0.\0\0\0\0\0\0\0\6\0\0\0\0\0\0\0\0\0\0\0\1\0\0\0\0\0\0\0\0\0\0\0\0|\1\0\0\1\0\0\0\0\0\0\0\0\0\0\0\0\0\0\0\0\0\0\0\0\0\0\0\0\0\0", iov_len=4096}], msg_iovlen=1, msg_controllen=0, msg_flags=0}, MSG_DONTWAIT) = 112
10685 sendto(45, "\20\0\0\0p\0\0\0Q>\351y\0\0\0\0\30\0\24\0\0\0\0\0\22\0\0\0\0\0\0\0\0\0\0\0\0\0\0\0H\0\0\0\0\0\0\0.\0\0\0\0\0\0\0\6\0\0\0\0\0\0\0\0\0\0\0\1\0\0\0\0\0\0\0\0\0\0\0\0{\1\0\0\1\0\0\0\0\0\0\0\0\0\0\0\0\0\0\0\0\0\0\0\0\0\0\0\0\0\0", 112, MSG_NOSIGNAL, NULL, 0 <unfinished ...>
10682 openat(AT_FDCWD, "/tmp/playwright_chromiumdev_profile-92XQZ9/Default/PersistentOriginTrials/LOG", O_WRONLY|O_CREAT|O_TRUNC, 0600 <unfinished ...>
10685 <... sendto resumed>)             = 112
10721 recvmsg(14, {msg_name=NULL, msg_namelen=0, msg_iov=[{iov_base="\20\0\0\0p\0\0\0Q>\351y\0\0\0\0\30\0\24\0\0\0\0\0\22\0\0\0\0\0\0\0\0\0\0\0\0\0\0\0H\0\0\0\0\0\0\0.\0\0\0\0\0\0\0\6\0\0\0\0\0\0\0\0\0\0\0\1\0\0\0\0\0\0\0\0\0\0\0\0{\1\0\0\1\0\0\0\0\0\0\0\0\0\0\0\0\0\0\0\0\0\0\0\0\0\0\0\0\0\0", iov_len=4096}], msg_iovlen=1, msg_controllen=0, msg_flags=0}, MSG_DONTWAIT) = 112
10682 <... openat resumed>)             = 71
10682 openat(AT_FDCWD, "/tmp/playwright_chromiumdev_profile-92XQZ9/Default/PersistentOriginTrials/LOCK", O_RDWR) = -1 ENOENT (No such file or directory)
10682 openat(AT_FDCWD, "/tmp/playwright_chromiumdev_profile-92XQZ9/Default/PersistentOriginTrials/LOCK", O_RDWR|O_CREAT, 0600) = 72
10685 openat(AT_FDCWD, "/tmp/playwright_chromiumdev_profile-92XQZ9/Default/Extension Rules/LOG", O_WRONLY|O_CREAT|O_TRUNC, 0600) = 71
10685 openat(AT_FDCWD, "/tmp/playwright_chromiumdev_profile-92XQZ9/Default/Extension Rules/LOCK", O_RDWR) = -1 ENOENT (No such file or directory)
10685 openat(AT_FDCWD, "/tmp/playwright_chromiumdev_profile-92XQZ9/Default/Extension Rules/LOCK", O_RDWR|O_CREAT, 0600) = 72
10685 openat(AT_FDCWD, "/tmp/playwright_chromiumdev_profile-92XQZ9/Default/Extension Rules/MANIFEST-000001", O_WRONLY|O_CREAT|O_TRUNC, 0600) = 73
10685 openat(AT_FDCWD, "/tmp/playwright_chromiumdev_profile-92XQZ9/Default/Extension Rules", O_RDONLY) = 74
10685 openat(AT_FDCWD, "/tmp/playwright_chromiumdev_profile-92XQZ9/Default/Extension Rules/000001.dbtmp", O_WRONLY|O_CREAT|O_TRUNC, 0600) = 73
10685 openat(AT_FDCWD, "/tmp/playwright_chromiumdev_profile-92XQZ9/Default/Extension Rules/CURRENT", O_RDONLY) = 73
10685 openat(AT_FDCWD, "/tmp/playwright_chromiumdev_profile-92XQZ9/Default/Extension Rules/MANIFEST-000001", O_RDONLY) = 73
10685 openat(AT_FDCWD, "/tmp/playwright_chromiumdev_profile-92XQZ9/Default/Extension Rules/MANIFEST-000001", O_WRONLY|O_APPEND) = 73
10693 openat(AT_FDCWD, "/tmp/playwright_chromiumdev_profile-92XQZ9/Default/BookmarkMergedSurfaceOrdering", O_RDONLY|O_CLOEXEC) = -1 ENOENT (No such file or directory)
10685 openat(AT_FDCWD, "/tmp/playwright_chromiumdev_profile-92XQZ9/Default/Extension Rules", O_RDONLY|O_NONBLOCK|O_CLOEXEC|O_DIRECTORY) = 76
10712 openat(AT_FDCWD, "/sys/devices/system/cpu/possible", O_RDONLY|O_CLOEXEC) = 12
10712 openat(AT_FDCWD, "/sys/devices/system/cpu/cpu0/cpufreq/cpuinfo_max_freq", O_RDONLY|O_NOCTTY|O_NONBLOCK|O_CLOEXEC) = -1 ENOENT (No such file or directory)
10685 openat(AT_FDCWD, "/tmp/playwright_chromiumdev_profile-92XQZ9/Default/Extension Rules", O_RDONLY|O_NONBLOCK|O_CLOEXEC|O_DIRECTORY) = 76
10685 openat(AT_FDCWD, "/tmp/playwright_chromiumdev_profile-92XQZ9/Default/Extension Rules/000003.log", O_WRONLY|O_CREAT|O_TRUNC, 0600) = 76
10712 sendto(5, "\20\0\0\0P\0\0\0\353}\351y\0\0\0\0\30\0\1\0\0\0\0\0\0\0\0\0\0\0\0\0\0\0\0\0\0\0\0\0\30\0\0\0\0\0\0\0\0\0\0\0\10\0\0\0000\0\0\0\0\0\0\0\20\0\0\0\1\0\0\0\0\0\0\0\0\0\0\0", 80, MSG_NOSIGNAL, NULL, 0) = 80
10712 socketpair(AF_UNIX, SOCK_STREAM, 0, [14, 15]) = 0
10687 recvmsg(37,  <unfinished ...>
10685 openat(AT_FDCWD, "/tmp/playwright_chromiumdev_profile-92XQZ9/Default/Extension Rules", O_RDONLY|O_NONBLOCK|O_CLOEXEC|O_DIRECTORY <unfinished ...>
10687 <... recvmsg resumed>{msg_name=NULL, msg_namelen=0, msg_iov=[{iov_base="\20\0\0\0P\0\0\0\353}\351y\0\0\0\0\30\0\1\0\0\0\0\0\0\0\0\0\0\0\0\0\0\0\0\0\0\0\0\0\30\0\0\0\0\0\0\0\0\0\0\0\10\0\0\0000\0\0\0\0\0\0\0\20\0\0\0\1\0\0\0\0\0\0\0\0\0\0\0", iov_len=4096}], msg_iovlen=1, msg_controllen=0, msg_flags=0}, MSG_DONTWAIT) = 80
10685 <... openat resumed>)             = 79
10687 sendto(37, "\20\0\0\0\210\1\0\0\16\200\351y\0\0\0\0\30\0\24\0\0\0\0\0\0\0\0\0\0\0\0\0\0\0\0\0\0\0\0\0H\0\0\0\0\0\0\0\1\0\0\0\0\0\0\0\0\0\0\0\0\0\0\0\0\0\0\0\1\0\0\0\377\377\377\377\377\377\377\377\0\0\0\0\0\0\0\0`\0\0\0\0\1\0\0\20\1\0\0\0\0\0\0\0\0\0\0\0\0\0\0\240\0\0\0\230\0\0\08\0\0\0\3\0\0\0\0\0\0\0\331\0\254A\0\0\0\0\331\306\277h\0\0\0\0\0\0\0\0\30\0\0\0\0\0\0\0\0\0\0\0\0\0\0\0\0\0\0\0\0\0\0\0\20\0\0\0\0\0\0\0\10\0\0\0\0\0\0\0\30\0\0\0\0\0\0\0\20\0\0\0\0\0\0\0\0\0\0\0\0\0\0\0002\0\0\0*\0\0\0metrics.mojom.ChildHistogramFetc"..., 392, MSG_NOSIGNAL, NULL, 0) = 392
10687 sendto(37, "\20\0\0\0@\1\0\0\247\200\351y\0\0\0\0\30\0\24\0\0\0\0\0\1\0\0\0\0\0\0\0\0\0\0\0\0\0\0\0H\0\0\0\0\0\0\0\f\0\0\0\0\0\0\0\0\0\0\0\0\0\0\0\0\0\0\0\1\0\0\0\377\377\377\377\377\377\377\377\0\0\0\0\0\0\0\0`\0\0\0\270\0\0\0\310\0\0\0\0\0\0\0\0\0\0\0\0\0\0\0X\0\0\0P\0\0\08\0\0\0\3\0\0\0\0\0\0\0004\304\225/\0\0\0\0\330\306\277h\0\0\0\0\0\0\0\0\30\0\0\0\0\0\0\0\0\0\0\0\0\0\0\0\0\0\0\0\0\0\0\0\30\0\0\0\0\0\0\0\0\0\0\0\0\0\0\0\0\0\0\0\0\0\0\0\20\0\0\0\1\0\0\0\0\0\0\0\0\0\0\0h\0\0\0\1\0\0\0\0\0\0\0\0\0\0\0\r\0\0\0\0\0\0\0\0\0\0\0\0\0\0\0@\4\0\0@\0\0\0"..., 320, MSG_NOSIGNAL, NULL, 0) = 320
10687 sendto(37, "\20\0\0\0\300\0\0\0t\201\351y\0\0\0\0\30\0\24\0\0\0\0\0\2\0\0\0\0\0\0\0\0\0\0\0\0\0\0\0H\0\0\0\0\0\0\0\16\0\0\0\0\0\0\0\0\0\0\0\0\0\0\0\0\0\0\0\1\0\0\0\377\377\377\377\377\377\377\377\0\0\0\0\0\0\0\0`\0\0\0\0\0\0\0\0\0\0\0\0\0\0\0\0\0\0\0\0\0\0\0P\0\0\0H\0\0\08\0\0\0\3\0\0\0\0\0\0\0\23\375\362[\1\0\0\0\333\306\277h\1\0\0\0\0\0\0\0\30\0\0\0\0\0\0\0\0\0\0\0\0\0\0\0\0\0\0\0\0\0\0\0\20\0\0\0\0\0\0\0\1\0\0\0\0\0\0\0", 192, MSG_NOSIGNAL, NULL, 0) = 192
10687 sendto(37, "\20\0\0\0x\1\0\0S\202\351y\0\0\0\0\30\0\24\0\0\0\0\0\3\0\0\0\0\0\0\0\0\0\0\0\0\0\0\0H\0\0\0\0\0\0\0\1\0\0\0\0\0\0\0\1\0\0\0\0\0\0\0\0\0\0\0\1\0\0\0\377\377\377\377\377\377\377\377\0\0\0\0\0\0\0\0`\0\0\0\360\0\0\0\0\1\0\0\0\0\0\0\0\0\0\0\0\0\0\0\220\0\0\0\210\0\0\08\0\0\0\3\0\0\0\0\0\0\0\210e\226L\0\0\0\0\332\306\277h\0\0\0\0\0\0\0\0\30\0\0\0\0\0\0\0\0\0\0\0\0\0\0\0\0\0\0\0\0\0\0\0\20\0\0\0\0\0\0\0\10\0\0\0\0\0\0\0\30\0\0\0\0\0\0\0\20\0\0\0\0\0\0\0\0\0\0\0\0\0\0\0$\0\0\0\34\0\0\0network.mojom.NetworkService\0\0\0\0"..., 376, MSG_NOSIGNAL, NULL, 0) = 376
10687 sendto(37, "\20\0\0\0\310\2\0\0P\203\351y\0\0\0\0\30\0\24\0\0\0\0\0\4\0\0\0\0\0\0\0\0\0\0\0\0\0\0\0H\0\0\0\0\0\0\0\20\0\0\0\0\0\0\0\0\0\0\0\0\0\0\0\0\0\0\0\1\0\0\0\377\377\377\377\377\377\377\377\0\0\0\0\0\0\0\0`\0\0\0\340\1\0\0\360\1\0\0\0\0\0\0\0\0\0\0\0\0\0\0\200\1\0\0x\1\0\08\0\0\0\3\0\0\0\0\0\0\0 \23\3463\0\0\0\0\325\306\277h\0\0\0\0\0\0\0\0\30\0\0\0\0\0\0\0\0\0\0\0\0\0\0\0\0\0\0\0\0\0\0\0\20\0\0\0\0\0\0\0\10\0\0\0\0\0\0\08\0\0\0\0\0\0\0\6\0\0\0\0\0\0\0(\0\0\0\0\0\0\0\20\1\0\0\0\0\0\0\0\0\0\0\0\0\0\0\1\0\0\0\1\0\0\0\0\0\0\0\0\0\0\0\30\0\0\0\0\0\0\0"..., 712, MSG_NOSIGNAL, NULL, 0) = 712
10687 sendto(37, "\20\0\0\08\1\0\0\204\205\351y\0\0\0\0\30\0\24\0\0\0\0\0\5\0\0\0\0\0\0\0\0\0\0\0\0\0\0\0H\0\0\0\0\0\0\0\20\0\0\0\0\0\0\0\1\0\0\0\0\0\0\0\0\0\0\0\1\0\0\0\377\377\377\377\377\377\377\377\0\0\0\0\0\0\0\0`\0\0\0\260\0\0\0\300\0\0\0\0\0\0\0\0\0\0\0\0\0\0\0P\0\0\0H\0\0\08\0\0\0\3\0\0\0\0\0\0\0L\322?6\0\0\0\0\324\306\277h\0\0\0\0\0\0\0\0\30\0\0\0\0\0\0\0\0\0\0\0\0\0\0\0\0\0\0\0\0\0\0\0\20\0\0\0\0\0\0\0\0\0\0\0\0\0\0\0\20\0\0\0\1\0\0\0\0\0\0\0\0\0\0\0h\0\0\0\1\0\0\0\0\0\0\0\0\0\0\0\25\0\0\0\0\0\0\0\0\0\0\0\0\0\0\0@\5\0\0@\0\0\0\26\0\0\0\0\0\0\0"..., 312, MSG_NOSIGNAL, NULL, 0) = 312
10687 sendto(37, "\20\0\0\0\320\0\0\0\360\205\351y\0\0\0\0\30\0\24\0\0\0\0\0\6\0\0\0\0\0\0\0\0\0\0\0\0\0\0\0H\0\0\0\0\0\0\0\26\0\0\0\0\0\0\0\0\0\0\0\0\0\0\0\0\0\0\0\1\0\0\0\377\377\377\377\377\377\377\377\0\0\0\0\0\0\0\0`\0\0\0\0\0\0\0\0\0\0\0\0\0\0\0\0\0\0\0\0\0\0\0`\0\0\0X\0\0\08\0\0\0\3\0\0\0\0\0\0\0\372r\335\25\0\0\0\0\327\306\277h\0\0\0\0\0\0\0\0\30\0\0\0\0\0\0\0 \0\0\0\0\0\0\0\0\0\0\0\0\0\0\0\20\0\0\0\0\0\0\0\0\0\0\0\0\0\0\0\f\0\0\0\1\0\0\0\1\0\0\200\0\0\0\0", 208, MSG_NOSIGNAL, NULL, 0) = 208
10687 sendto(37, "\20\0\0\0\320\0\0\0\233\206\351y\0\0\0\0\30\0\24\0\0\0\0\0\7\0\0\0\0\0\0\0\0\0\0\0\0\0\0\0H\0\0\0\0\0\0\0\20\0\0\0\0\0\0\0\2\0\0\0\0\0\0\0\0\0\0\0\1\0\0\0\377\377\377\377\377\377\377\377\0\0\0\0\0\0\0\0`\0\0\0\0\0\0\0\0\0\0\0\0\0\0\0\0\0\0\0\0\0\0\0`\0\0\0X\0\0\08\0\0\0\3\0\0\0\0\0\0\0\377\377\377\377\1\0\0\0\321\306\277h\1\0\0\0\0\0\0\0\30\0\0\0\0\0\0\0\0\0\0\0\0\0\0\0\0\0\0\0\0\0\0\0\30\0\0\0\0\0\0\0\20\0\0\0\0\0\0\0\10\0\0\0\0\0\0\0\10\0\0\0\0\0\0\0", 208, MSG_NOSIGNAL, NULL, 0 <unfinished ...>
10685 openat(AT_FDCWD, "/tmp/playwright_chromiumdev_profile-92XQZ9/Default/Extension Rules", O_RDONLY|O_NONBLOCK|O_CLOEXEC|O_DIRECTORY <unfinished ...>
10687 <... sendto resumed>)             = 208
10685 <... openat resumed>)             = 79
10687 sendto(37, "\20\0\0\0\240\1\0\0\357\207\351y\0\0\0\0\30\0\24\0\0\0\0\0\10\0\0\0\0\0\0\0\0\0\0\0\0\0\0\0H\0\0\0\0\0\0\0\20\0\0\0\0\0\0\0\3\0\0\0\0\0\0\0\0\0\0\0\1\0\0\0\377\377\377\377\377\377\377\377\0\0\0\0\0\0\0\0`\0\0\0\270\0\0\0\310\0\0\0\0\0\0\0\0\0\0\0\0\0\0\0X\0\0\0P\0\0\08\0\0\0\3\0\0\0\0\0\0\0\341\23 \10\0\0\0\0\320\306\277h\0\0\0\0\0\0\0\0\30\0\0\0\0\0\0\0\0\0\0\0\0\0\0\0\0\0\0\0\0\0\0\0\30\0\0\0\0\0\0\0\0\0\0\0\0\0\0\0\1\0\0\0\0\0\0\0\20\0\0\0\2\0\0\0\0\0\0\0\0\0\0\0\310\0\0\0\2\0\0\0\0\0\0\0\0\0\0\0\27\0\0\0\0\0\0\0\0\0\0\0\0\0\0\0\200\5\0\0@\0\0\0"..., 416, MSG_NOSIGNAL, NULL, 0) = 416
10733 recvmsg(5, {msg_name=NULL, msg_namelen=0, msg_iov=[{iov_base="\20\0\1\0\270\0\0\0=e\347y\0\0\0\0\30\0\0\0\0\0\0\0\0\0\0\0\0\0\0\0h\0\0\0\0\0\0\0@\0\0\0\0\0\0\0L\351U\252\330\21\363QW<U\221\270)H5\237\333\357\0\237\362\317X\256\344\216\324v\\\260\335\0\0\0\0\3\0\0\0\0\0\0\0\0\0\0\0X\0\0\0\0\0\0\0\20\0\0\0\1\0\0\0\0\0\0\0\0\0\0\0\20\0\0\0\1\0\0\0x\0\0\0\0\0\1\0000\0\0\0(\0\0\0\10\0\0\0\1\0\0\0 \0\0\0\0\0\2\0\2\0\0\0\0\0\0\0\332kl\335]\227\327X\257\301\353\252\225hA\336", iov_len=4096}], msg_iovlen=1, msg_control=[{cmsg_len=20, cmsg_level=SOL_SOCKET, cmsg_type=SCM_RIGHTS, cmsg_data=[18]}], msg_controllen=24, msg_flags=0}, MSG_DONTWAIT) = 184
10687 sendto(37, "\20\0\0\0\330\0\0\0D\211\351y\0\0\0\0\30\0\24\0\0\0\0\0\t\0\0\0\0\0\0\0\0\0\0\0\0\0\0\0H\0\0\0\0\0\0\0\20\0\0\0\0\0\0\0\4\0\0\0\0\0\0\0\0\0\0\0\1\0\0\0\377\377\377\377\377\377\377\377\0\0\0\0\0\0\0\0`\0\0\0\0\0\0\0\0\0\0\0\0\0\0\0\0\0\0\0\0\0\0\0h\0\0\0`\0\0\08\0\0\0\3\0\0\0\0\0\0\0\216zT@\0\0\0\0\323\306\277h\0\0\0\0\0\0\0\0\30\0\0\0\0\0\0\0\0\0\0\0\0\0\0\0\0\0\0\0\0\0\0\0\20\0\0\0\0\0\0\0\10\0\0\0\0\0\0\0\20\0\0\0\0\0\0\0\10\0\0\0\0\0\0\0\10\0\0\0\0\0\0\0", 216, MSG_NOSIGNAL, NULL, 0) = 216
10687 sendto(37, "\20\0\0\0\210\1\0\0\314\211\351y\0\0\0\0\30\0\24\0\0\0\0\0\n\0\0\0\0\0\0\0\0\0\0\0\0\0\0\0H\0\0\0\0\0\0\0\20\0\0\0\0\0\0\0\5\0\0\0\0\0\0\0\0\0\0\0\1\0\0\0\377\377\377\377\377\377\377\377\0\0\0\0\0\0\0\0`\0\0\0\0\0\0\0\0\0\0\0\0\0\0\0\0\0\0\0\0\0\0\0\30\1\0\0\20\1\0\08\0\0\0\3\0\0\0\0\0\0\0\16\301\360 \0\0\0\0\322\306\277h\0\0\0\0\0\0\0\0\30\0\0\0\0\0\0\0\0\0\0\0\0\0\0\0\0\0\0\0\0\0\0\0\20\0\0\0\0\0\0\0\10\0\0\0\0\0\0\08\0\0\0\0\0\0\0000\0\0\0\0\0\0\0\230\0\0\0\0\0\0\0\230\0\0\0\0\0\0\0\230\0\0\0\0\0\0\0(\0\0\0\0\0\0\0\220\0\0\0\0\0\0\0(\0\0\0\4\0\0\0"..., 392, MSG_NOSIGNAL, NULL, 0) = 392
10733 sendmsg(5, {msg_name=NULL, msg_namelen=0, msg_iov=[{iov_base="\20\0\1\0\250\0\0\0\262\212\351y\0\0\0\0\30\0\24\0\0\0\0\0\0\0\0\0\0\0\0\0p\0\0\0\0\0\0\0H\0\0\0\0\0\0\0\0\0\0\0\0\0\0\0\0\0\0\0\0\0\0\0\0\0\0\0\1\0\0\0\377\377\377\377\377\377\377\377\0\0\0\0\0\0\0\0\0\0\0\0`\0\0\0\0\0\0\0\0\0\0\0\0\0\0\0\1\0\0\0\20\0\0\0\1\0\0\0\1\0\0\0\0\0\0\0\20\0\0\0\1\0\0\0\200\0\0\0\0\0\1\0\30\0\0\0\20\0\0\0\10\0\0\0\0\0\0\0\1\0\0\0\0\0\0\0", iov_len=168}], msg_iovlen=1, msg_control=[{cmsg_len=20, cmsg_level=SOL_SOCKET, cmsg_type=SCM_RIGHTS, cmsg_data=[15]}], msg_controllen=20, msg_flags=0}, MSG_NOSIGNAL) = 168
10687 sendto(37, "\20\0\0\08\1\0\0\334\212\351y\0\0\0\0\30\0\24\0\0\0\0\0\v\0\0\0\0\0\0\0\0\0\0\0\0\0\0\0H\0\0\0\0\0\0\0\20\0\0\0\0\0\0\0\6\0\0\0\0\0\0\0\0\0\0\0\1\0\0\0\377\377\377\377\377\377\377\377\0\0\0\0\0\0\0\0`\0\0\0\260\0\0\0\300\0\0\0\0\0\0\0\0\0\0\0\0\0\0\0P\0\0\0H\0\0\08\0\0\0\3\0\0\0\0\0\0\0\250B9J\0\0\0\0\355\306\277h\0\0\0\0\0\0\0\0\30\0\0\0\0\0\0\0\0\0\0\0\0\0\0\0\0\0\0\0\0\0\0\0\20\0\0\0\0\0\0\0\0\0\0\0\0\0\0\0\20\0\0\0\1\0\0\0\0\0\0\0\0\0\0\0h\0\0\0\1\0\0\0\0\0\0\0\0\0\0\0\33\0\0\0\0\0\0\0\0\0\0\0\0\0\0\0\0\6\0\0@\0\0\0\34\0\0\0\0\0\0\0"..., 312, MSG_NOSIGNAL, NULL, 0) = 312
10733 sendto(5, "\20\0\0\0@\0\0\0F\213\351y\0\0\0\0\30\0\26\0\0\0\0\0\1\0\0\0\0\0\0\0\0\0\0\0\0\0\0\0\30\0\0\0\0\0\0\0\0\0\0\0\0\0\0\0\1\0\0\0\0\0\0\0", 64, MSG_NOSIGNAL, NULL, 0) = 64
10733 sendto(5, "\20\0\0\0X\0\0\0\261\213\351y\0\0\0\0\30\0\"\0\0\0\0\0\2\0\0\0\0\0\0\0\0\0\0\0\0\0\0\0000\0\0\0\0\0\0\0\1\0\0\0\0\0\0\0\35\0\0\0\0\0\0\0\0\0\0\0\0\0\0\0@\6\0\0@\0\0\0\0\0\0\0\0\0\0\0", 88, MSG_NOSIGNAL, NULL, 0) = 88
10694 openat(AT_FDCWD, "/tmp/playwright_chromiumdev_profile-92XQZ9/Default", O_RDONLY|O_CLOEXEC) = 80
10733 recvmsg(5, {msg_name=NULL, msg_namelen=0, msg_iov=[{iov_base="\20\0\0\0\210\1\0\0\16\200\351y\0\0\0\0\30\0\24\0\0\0\0\0\0\0\0\0\0\0\0\0\0\0\0\0\0\0\0\0H\0\0\0\0\0\0\0\1\0\0\0\0\0\0\0\0\0\0\0\0\0\0\0\0\0\0\0\1\0\0\0\377\377\377\377\377\377\377\377\0\0\0\0\0\0\0\0`\0\0\0\0\1\0\0\20\1\0\0\0\0\0\0\0\0\0\0\0\0\0\0\240\0\0\0\230\0\0\08\0\0\0\3\0\0\0\0\0\0\0\331\0\254A\0\0\0\0\331\306\277h\0\0\0\0\0\0\0\0\30\0\0\0\0\0\0\0\0\0\0\0\0\0\0\0\0\0\0\0\0\0\0\0\20\0\0\0\0\0\0\0\10\0\0\0\0\0\0\0\30\0\0\0\0\0\0\0\20\0\0\0\0\0\0\0\0\0\0\0\0\0\0\0002\0\0\0*\0\0\0metrics.mojom.ChildHistogramFetc"..., iov_len=4096}], msg_iovlen=1, msg_controllen=0, msg_flags=0}, MSG_DONTWAIT) = 4056
10687 sendto(37, "\20\0\0\0\0@\0\0\277\215\351y\0\0\0\0\30\0\24\0\0\0\0\0\f\0\0\0\0\0\0\0\0\0\0\0\0\0\0\0H\0\0\0\0\0\0\0\20\0\0\0\0\0\0\0\7\0\0\0\0\0\0\0\0\0\0\0\1\0\0\0\377\377\377\377\377\377\377\377\0\0\0\0\0\0\0\0`\0\0\0\0\0\0\0\0\0\0\0\0\0\0\0\0\0\0\0\0\0\0\0\220?\0\0\210?\0\08\0\0\0\3\0\0\0\0\0\0\0v-9=\1\0\0\0\357\306\277h\2\0\0\0\0\0\0\0\30\0\0\0\0\0\0\0\0\0\0\0\0\0\0\0\0\0\0\0\0\0\0\0\20\0\0\0\0\0\0\0\10\0\0\0\0\0\0\0\210\1\0\0000\0\0\0\200\1\0\0\0\0\0\0\270\2\0\0\0\0\0\0\360\3\0\0\0\0\0\0(\5\0\0\0\0\0\0`\6\0\0\0\0\0\0\240\7\0\0\0\0\0\0\340\10\0\0\0\0\0\0"..., 16384, MSG_NOSIGNAL, NULL, 0 <unfinished ...>
10733 sendto(5, "\20\0\0\0\270\0\0\0\367\215\351y\0\0\0\0\30\0\24\0\0\0\0\0\3\0\0\0\0\0\0\0\0\0\0\0\0\0\0\0H\0\0\0\0\0\0\0\2\0\0\0\0\0\0\0\0\0\0\0\0\0\0\0\0\0\0\0\1\0\0\0\377\377\377\377\377\377\377\377\0\0\0\0\0\0\0\0`\0\0\0\0\0\0\0\0\0\0\0\0\0\0\0\0\0\0\0\0\0\0\0H\0\0\0@\0\0\08\0\0\0\3\0\0\0\0\0\0\0\f\205\24\\\1\0\0\0J\2\331y\1\0\0\0\0\0\0\0\30\0\0\0\0\0\0\0\0\0\0\0\0\0\0\0\0\0\0\0\0\0\0\0\10\0\0\0\0\0\0\0", 184, MSG_NOSIGNAL, NULL, 0 <unfinished ...>
10687 <... sendto resumed>)             = 16384
10733 <... sendto resumed>)             = 184
10733 recvmsg(5, {msg_name=NULL, msg_namelen=0, msg_iov=[{iov_base="\20\0\0\0\0@\0\0\277\215\351y\0\0\0\0\30\0\24\0\0\0\0\0\f\0\0\0\0\0\0\0\0\0\0\0\0\0\0\0H\0\0\0\0\0\0\0\20\0\0\0\0\0\0\0\7\0\0\0\0\0\0\0\0\0\0\0\1\0\0\0\377\377\377\377\377\377\377\377\0\0\0\0\0\0\0\0`\0\0\0\0\0\0\0\0\0\0\0\0\0\0\0\0\0\0\0\0\0\0\0\220?\0\0\210?\0\08\0\0\0\3\0\0\0\0\0\0\0v-9=\1\0\0\0\357\306\277h\2\0\0\0\0\0\0\0\30\0\0\0\0\0\0\0\0\0\0\0\0\0\0\0\0\0\0\0\0\0\0\0\20\0\0\0\0\0\0\0\10\0\0\0\0\0\0\0\210\1\0\0000\0\0\0\200\1\0\0\0\0\0\0\270\2\0\0\0\0\0\0\360\3\0\0\0\0\0\0(\5\0\0\0\0\0\0`\6\0\0\0\0\0\0\240\7\0\0\0\0\0\0\340\10\0\0\0\0\0\0"..., iov_len=4096}], msg_iovlen=1, msg_controllen=0, msg_flags=0}, MSG_DONTWAIT) = 4096
10733 recvmsg(5, {msg_name=NULL, msg_namelen=0, msg_iov=[{iov_base="re 'Nimbus2026'\0\20\0\0\0\0\0\0\0\0\0\0\0\0\0\0\0\22\0\0\0\n\0\0\0Cloudflare\0\0\0\0\0\0\10\0\0\0\0\0\0\0H\0\0\0\0\0\0\0@\0\0\0\0\0\0\0p\0\0\0\0\0\0\0\340\0\0\0\0\0\0\0\0\0\0\0\0\0\0\0\360\0\0\0\0\0\0\0\370\0\0\0\0\0\0\0\10\1\0\0\0\0\0\0\1\0\0\0\0\0\0\0\20\0\0\0\0\0\0\0\10\0\0\0\0\0\0\0(\0\0\0 \0\0\0Lc\334\230\345\234\35\253\210\366\36\212=\336\256\217\253D\2437{_\233\224\303\373\241\234\374\301\276&\20\0\0\0\0\0\0\0\10\0\0\0\0\0\0\0c\0\0\0[\0\0\0000Y0\23\6\7*\206H\316=\2\1\6\10*\206H\316=\3\1\7\3B\0\4b7\177\214M\4\240\10M\5\267\3346"..., iov_len=12288}], msg_iovlen=1, msg_controllen=0, msg_flags=0}, MSG_DONTWAIT) = 12288
10733 sendto(5, "\20\0\0\0 \5\0\0\205\220\351y\0\0\0\0\30\0\24\0\0\0\0\0\4\0\0\0\0\0\0\0\0\0\0\0\0\0\0\0H\0\0\0\0\0\0\0\2\0\0\0\0\0\0\0\1\0\0\0\0\0\0\0\0\0\0\0\1\0\0\0\377\377\377\377\377\377\377\377\0\0\0\0\0\0\0\0`\0\0\0\250\2\0\0\310\2\0\0\0\0\0\0\0\0\0\0\0\0\0\0H\2\0\0@\2\0\08\0\0\0\3\0\0\0\0\0\0\0C\33\32\4\0\0\0\0M\2\331y\0\0\0\0\0\0\0\0\30\0\0\0\0\0\0\0\0\0\0\0\0\0\0\0\0\0\0\0\0\0\0\0\20\0\0\0\0\0\0\0\10\0\0\0\0\0\0\08\0\0\0\6\0\0\0000\0\0\0\0\0\0\0\200\0\0\0\0\0\0\0\270\0\0\0\0\0\0\0\10\1\0\0\0\0\0\0P\1\0\0\0\0\0\0\210\1\0\0\0\0\0\0\30\0\0\0\0\0\0\0"..., 1312, MSG_NOSIGNAL, NULL, 0) = 1312
10733 sendto(5, "\20\0\0\0\240\1\0\0\353\220\351y\0\0\0\0\30\0\24\0\0\0\0\0\5\0\0\0\0\0\0\0\0\0\0\0\0\0\0\0H\0\0\0\0\0\0\0\36\0\0\0\0\0\0\0\0\0\0\0\0\0\0\0\0\0\0\0\1\0\0\0\377\377\377\377\377\377\377\377\0\0\0\0\0\0\0\0`\0\0\0\270\0\0\0\310\0\0\0\0\0\0\0\0\0\0\0\0\0\0\0X\0\0\0P\0\0\08\0\0\0\3\0\0\0\0\0\0\0\0061\33\22\0\0\0\0I\2\331y\0\0\0\0\0\0\0\0\30\0\0\0\0\0\0\0\0\0\0\0\0\0\0\0\0\0\0\0\0\0\0\0\30\0\0\0\0\0\0\0\0\0\0\0\1\0\0\0\0\0\0\0\0\0\0\0\20\0\0\0\2\0\0\0\0\0\0\0\0\0\0\0\310\0\0\0\2\0\0\0\0\0\0\0\0\0\0\0(\0\0\0\0\0\0\0\377\377\377\377\377\377\377\377\0\0\0\0\0\0\0\0"..., 416, MSG_NOSIGNAL, NULL, 0) = 416
10687 sendto(37, "\20\0\0\0\310\0\0\0)\221\351y\0\0\0\0\30\0\24\0\0\0\0\0\r\0\0\0\0\0\0\0\0\0\0\0\0\0\0\0H\0\0\0\0\0\0\0\20\0\0\0\0\0\0\0\10\0\0\0\0\0\0\0\0\0\0\0\1\0\0\0\377\377\377\377\377\377\377\377\0\0\0\0\0\0\0\0`\0\0\0\0\0\0\0\0\0\0\0\0\0\0\0\0\0\0\0\0\0\0\0X\0\0\0P\0\0\08\0\0\0\3\0\0\0\0\0\0\0\316:\371A\0\0\0\0\356\306\277h\0\0\0\0\0\0\0\0\30\0\0\0\0\0\0\0\0\0\0\0\0\0\0\0\0\0\0\0\0\0\0\0\30\0\0\0\0\0\0\0\4\0\0\0\0\0\0\0\0\0\0\0\0\0\0\0", 200, MSG_NOSIGNAL, NULL, 0 <unfinished ...>
10733 sendto(5, "\20\0\0\08\1\0\0c\221\351y\0\0\0\0\30\0\24\0\0\0\0\0\6\0\0\0\0\0\0\0\0\0\0\0\0\0\0\0H\0\0\0\0\0\0\0\37\0\0\0\0\0\0\0\0\0\0\0\0\0\0\0\0\0\0\0\1\0\0\0\377\377\377\377\377\377\377\377\0\0\0\0\0\0\0\0`\0\0\0\260\0\0\0\300\0\0\0\0\0\0\0\0\0\0\0\0\0\0\0P\0\0\0H\0\0\08\0\0\0\3\0\0\0\0\0\0\0\357Q\235I\0\0\0\0O\2\331y\0\0\0\0\0\0\0\0\30\0\0\0\0\0\0\0\0\0\0\0\0\0\0\0\0\0\0\0\0\0\0\0\20\0\0\0\0\0\0\0\0\0\0\0\0\0\0\0\20\0\0\0\1\0\0\0\0\0\0\0\0\0\0\0h\0\0\0\1\0\0\0\0\0\0\0\0\0\0\0+\0\0\0\0\0\0\0\0\0\0\0\0\0\0\0\300\7\0\0@\0\0\0,\0\0\0\0\0\0\0"..., 312, MSG_NOSIGNAL, NULL, 0 <unfinished ...>
10687 <... sendto resumed>)             = 200
10733 <... sendto resumed>)             = 312
10733 sendto(5, "\20\0\0\0\270\0\0\0\357\221\351y\0\0\0\0\30\0\24\0\0\0\0\0\7\0\0\0\0\0\0\0\0\0\0\0\0\0\0\0H\0\0\0\0\0\0\0!\0\0\0\0\0\0\0\0\0\0\0\0\0\0\0\0\0\0\0\1\0\0\0\377\377\377\377\377\377\377\377\0\0\0\0\0\0\0\0`\0\0\0\0\0\0\0\0\0\0\0\0\0\0\0\0\0\0\0\0\0\0\0H\0\0\0@\0\0\08\0\0\0\3\0\0\0\0\0\0\0005\1lu\1\0\0\0H\2\331y\1\0\0\0\0\0\0\0\30\0\0\0\0\0\0\0\0\0\0\0\0\0\0\0\0\0\0\0\0\0\0\0\10\0\0\0\0\0\0\0", 184, MSG_NOSIGNAL, NULL, 0) = 184
10687 sendto(37, "\20\0\0\0\360\0\0\0\20\222\351y\0\0\0\0\30\0\24\0\0\0\0\0\16\0\0\0\0\0\0\0\0\0\0\0\0\0\0\0H\0\0\0\0\0\0\0\20\0\0\0\0\0\0\0\t\0\0\0\0\0\0\0\0\0\0\0\1\0\0\0\377\377\377\377\377\377\377\377\0\0\0\0\0\0\0\0`\0\0\0\0\0\0\0\0\0\0\0\0\0\0\0\0\0\0\0\0\0\0\0\200\0\0\0x\0\0\08\0\0\0\3\0\0\0\0\0\0\0\333\326|r\0\0\0\0\353\306\277h\0\0\0\0\0\0\0\0\30\0\0\0\0\0\0\0\0\0\0\0\0\0\0\0\0\0\0\0\0\0\0\0 \0\0\0\0\0\0\0\5\0\0\0\1\0\0\0\20\0\0\0\0\0\0\0 \0\0\0\0\0\0\0\20\0\0\0\0\0\0\0\10\0\0\0\0\0\0\0\10\0\0\0\0\0\0\0\10\0\0\0\0\0\0\0", 240, MSG_NOSIGNAL, NULL, 0 <unfinished ...>
10733 sendto(5, "\20\0\0\08\1\0\0B\222\351y\0\0\0\0\30\0\24\0\0\0\0\0\10\0\0\0\0\0\0\0\0\0\0\0\0\0\0\0H\0\0\0\0\0\0\0#\0\0\0\0\0\0\0\0\0\0\0\0\0\0\0\0\0\0\0\1\0\0\0\377\377\377\377\377\377\377\377\0\0\0\0\0\0\0\0`\0\0\0\260\0\0\0\300\0\0\0\0\0\0\0\0\0\0\0\0\0\0\0P\0\0\0H\0\0\08\0\0\0\3\0\0\0\0\0\0\0\7B\332\35\0\0\0\0K\2\331y\0\0\0\0\0\0\0\0\30\0\0\0\0\0\0\0\0\0\0\0\0\0\0\0\0\0\0\0\0\0\0\0\20\0\0\0\0\0\0\0\0\0\0\0\0\0\0\0\20\0\0\0\1\0\0\0\0\0\0\0\0\0\0\0h\0\0\0\1\0\0\0\0\0\0\0\0\0\0\0-\0\0\0\0\0\0\0\0\0\0\0\0\0\0\0\0\10\0\0@\0\0\0.\0\0\0\0\0\0\0"..., 312, MSG_NOSIGNAL, NULL, 0) = 312
10733 sendto(5, "\20\0\0\0(\1\0\0\250\222\351y\0\0\0\0\30\0\24\0\0\0\0\0\t\0\0\0\0\0\0\0\0\0\0\0\0\0\0\0H\0\0\0\0\0\0\0'\0\0\0\0\0\0\0\0\0\0\0\0\0\0\0\0\0\0\0\1\0\0\0\377\377\377\377\377\377\377\377\0\0\0\0\0\0\0\0`\0\0\0\0\0\0\0\0\0\0\0\0\0\0\0\0\0\0\0\0\0\0\0\270\0\0\0\260\0\0\08\0\0\0\3\0\0\0\0\0\0\0\310\24\252/\0\0\0\0L\2\331y\0\0\0\0\0\0\0\0\30\0\0\0\0\0\0\0\0\0\0\0\0\0\0\0\0\0\0\0\0\0\0\0\20\0\0\0\0\0\0\0\10\0\0\0\0\0\0\0(\0\0\0\4\0\0\0 \0\0\0\0\0\0\0(\0\0\0\0\0\0\0000\0\0\0\0\0\0\08\0\0\0\0\0\0\0\20\0\0\0\0\0\0\0\352)\0\0\2\0\0\0\20\0\0\0\0\0\0\0"..., 296, MSG_NOSIGNAL, NULL, 0) = 296
10687 <... sendto resumed>)             = 240
10687 sendto(37, "\20\0\0\08\2\0\0p\223\351y\0\0\0\0\30\0\24\0\0\0\0\0\17\0\0\0\0\0\0\0\0\0\0\0\0\0\0\0H\0\0\0\0\0\0\0\20\0\0\0\0\0\0\0\n\0\0\0\0\0\0\0\0\0\0\0\1\0\0\0\377\377\377\377\377\377\377\377\0\0\0\0\0\0\0\0`\0\0\0\0\0\0\0\0\0\0\0\0\0\0\0\0\0\0\0\0\0\0\0\310\1\0\0\300\1\0\08\0\0\0\3\0\0\0\0\0\0\0\200\214\222U\0\0\0\0\352\306\277h\0\0\0\0\0\0\0\0\30\0\0\0\0\0\0\0\0\0\0\0\0\0\0\0\0\0\0\0\0\0\0\0\20\0\0\0\0\0\0\0\10\0\0\0\0\0\0\0@\0\0\0\0\0\0\0-C\34\353\3426\32?0\0\0\0\0\0\0\08\0\0\0\0\0\0\0@\0\0\0\0\0\0\0\240\0\0\0\0\0\0\0(\1\0\0\0\0\0\0000\1\0\0\0\0\0\0"..., 568, MSG_NOSIGNAL, NULL, 0 <unfinished ...>
10733 recvmsg(5, {msg_name=NULL, msg_namelen=0, msg_iov=[{iov_base="\20\0\0\0\310\0\0\0)\221\351y\0\0\0\0\30\0\24\0\0\0\0\0\r\0\0\0\0\0\0\0\0\0\0\0\0\0\0\0H\0\0\0\0\0\0\0\20\0\0\0\0\0\0\0\10\0\0\0\0\0\0\0\0\0\0\0\1\0\0\0\377\377\377\377\377\377\377\377\0\0\0\0\0\0\0\0`\0\0\0\0\0\0\0\0\0\0\0\0\0\0\0\0\0\0\0\0\0\0\0X\0\0\0P\0\0\08\0\0\0\3\0\0\0\0\0\0\0\316:\371A\0\0\0\0\356\306\277h\0\0\0\0\0\0\0\0\30\0\0\0\0\0\0\0\0\0\0\0\0\0\0\0\0\0\0\0\0\0\0\0\30\0\0\0\0\0\0\0\4\0\0\0\0\0\0\0\0\0\0\0\0\0\0\0\20\0\0\0\360\0\0\0\20\222\351y\0\0\0\0\30\0\24\0\0\0\0\0\16\0\0\0\0\0\0\0\0\0\0\0\0\0\0\0H\0\0\0\0\0\0\0\20\0\0\0\0\0\0\0"..., iov_len=4096}], msg_iovlen=1, msg_controllen=0, msg_flags=0}, MSG_DONTWAIT) = 440
10687 <... sendto resumed>)             = 568
10687 sendto(37, "\20\0\0\0\310\0\0\0\312\224\351y\0\0\0\0\30\0\24\0\0\0\0\0\20\0\0\0\0\0\0\0\0\0\0\0\0\0\0\0H\0\0\0\0\0\0\0\20\0\0\0\0\0\0\0\v\0\0\0\0\0\0\0\0\0\0\0\1\0\0\0\377\377\377\377\377\377\377\377\0\0\0\0\0\0\0\0`\0\0\0\0\0\0\0\0\0\0\0\0\0\0\0\0\0\0\0\0\0\0\0X\0\0\0P\0\0\08\0\0\0\3\0\0\0\0\0\0\0$cj\177\0\0\0\0\345\306\277h\0\0\0\0\0\0\0\0\30\0\0\0\0\0\0\0\0\0\0\0\0\0\0\0\0\0\0\0\0\0\0\0\20\0\0\0\0\0\0\0\10\0\0\0\0\0\0\0\10\0\0\0\0\0\0\0", 200, MSG_NOSIGNAL, NULL, 0 <unfinished ...>
10733 recvmsg(5, {msg_name=NULL, msg_namelen=0, msg_iov=[{iov_base="\20\0\0\08\2\0\0p\223\351y\0\0\0\0\30\0\24\0\0\0\0\0\17\0\0\0\0\0\0\0\0\0\0\0\0\0\0\0H\0\0\0\0\0\0\0\20\0\0\0\0\0\0\0\n\0\0\0\0\0\0\0\0\0\0\0\1\0\0\0\377\377\377\377\377\377\377\377\0\0\0\0\0\0\0\0`\0\0\0\0\0\0\0\0\0\0\0\0\0\0\0\0\0\0\0\0\0\0\0\310\1\0\0\300\1\0\08\0\0\0\3\0\0\0\0\0\0\0\200\214\222U\0\0\0\0\352\306\277h\0\0\0\0\0\0\0\0\30\0\0\0\0\0\0\0\0\0\0\0\0\0\0\0\0\0\0\0\0\0\0\0\20\0\0\0\0\0\0\0\10\0\0\0\0\0\0\0@\0\0\0\0\0\0\0-C\34\353\3426\32?0\0\0\0\0\0\0\08\0\0\0\0\0\0\0@\0\0\0\0\0\0\0\240\0\0\0\0\0\0\0(\1\0\0\0\0\0\0000\1\0\0\0\0\0\0"..., iov_len=4096}], msg_iovlen=1, msg_controllen=0, msg_flags=0}, MSG_DONTWAIT) = 568
10687 <... sendto resumed>)             = 200
10687 sendto(37, "\20\0\0\0\300\0\0\0\247\225\351y\0\0\0\0\30\0\24\0\0\0\0\0\21\0\0\0\0\0\0\0\0\0\0\0\0\0\0\0H\0\0\0\0\0\0\0\20\0\0\0\0\0\0\0\f\0\0\0\0\0\0\0\0\0\0\0\1\0\0\0\377\377\377\377\377\377\377\377\0\0\0\0\0\0\0\0`\0\0\0\0\0\0\0\0\0\0\0\0\0\0\0\0\0\0\0\0\0\0\0P\0\0\0H\0\0\08\0\0\0\3\0\0\0\0\0\0\0\223Qd)\0\0\0\0\344\306\277h\0\0\0\0\0\0\0\0\30\0\0\0\0\0\0\0\0\0\0\0\0\0\0\0\0\0\0\0\0\0\0\0\20\0\0\0\0\0\0\0\0\0\0\0\0\0\0\0", 192, MSG_NOSIGNAL, NULL, 0 <unfinished ...>
10733 recvmsg(5, {msg_name=NULL, msg_namelen=0, msg_iov=[{iov_base="\20\0\0\0\310\0\0\0\312\224\351y\0\0\0\0\30\0\24\0\0\0\0\0\20\0\0\0\0\0\0\0\0\0\0\0\0\0\0\0H\0\0\0\0\0\0\0\20\0\0\0\0\0\0\0\v\0\0\0\0\0\0\0\0\0\0\0\1\0\0\0\377\377\377\377\377\377\377\377\0\0\0\0\0\0\0\0`\0\0\0\0\0\0\0\0\0\0\0\0\0\0\0\0\0\0\0\0\0\0\0X\0\0\0P\0\0\08\0\0\0\3\0\0\0\0\0\0\0$cj\177\0\0\0\0\345\306\277h\0\0\0\0\0\0\0\0\30\0\0\0\0\0\0\0\0\0\0\0\0\0\0\0\0\0\0\0\0\0\0\0\20\0\0\0\0\0\0\0\10\0\0\0\0\0\0\0\10\0\0\0\0\0\0\0", iov_len=4096}], msg_iovlen=1, msg_controllen=0, msg_flags=0}, MSG_DONTWAIT) = 200
10687 <... sendto resumed>)             = 192
10687 sendto(37, "\20\0\0\0\300\0\0\0\254\226\351y\0\0\0\0\30\0\24\0\0\0\0\0\22\0\0\0\0\0\0\0\0\0\0\0\0\0\0\0H\0\0\0\0\0\0\0\20\0\0\0\0\0\0\0\r\0\0\0\0\0\0\0\0\0\0\0\1\0\0\0\377\377\377\377\377\377\377\377\0\0\0\0\0\0\0\0`\0\0\0\0\0\0\0\0\0\0\0\0\0\0\0\0\0\0\0\0\0\0\0P\0\0\0H\0\0\08\0\0\0\3\0\0\0\0\0\0\0005\310=\35\0\0\0\0\347\306\277h\0\0\0\0\0\0\0\0\30\0\0\0\0\0\0\0\0\0\0\0\0\0\0\0\0\0\0\0\0\0\0\0\20\0\0\0\0\0\0\0\0\0\0\0\0\0\0\0", 192, MSG_NOSIGNAL, NULL, 0) = 192
10687 sendto(37, "\20\0\0\08\1\0\0L\227\351y\0\0\0\0\30\0\24\0\0\0\0\0\23\0\0\0\0\0\0\0\0\0\0\0\0\0\0\0H\0\0\0\0\0\0\0\20\0\0\0\0\0\0\0\16\0\0\0\0\0\0\0\0\0\0\0\1\0\0\0\377\377\377\377\377\377\377\377\0\0\0\0\0\0\0\0`\0\0\0\260\0\0\0\300\0\0\0\0\0\0\0\0\0\0\0\0\0\0\0P\0\0\0H\0\0\08\0\0\0\3\0\0\0\0\0\0\0a=;9\0\0\0\0\346\306\277h\0\0\0\0\0\0\0\0\30\0\0\0\0\0\0\0\0\0\0\0\0\0\0\0\0\0\0\0\0\0\0\0\20\0\0\0\0\0\0\0\0\0\0\0\0\0\0\0\20\0\0\0\1\0\0\0\0\0\0\0\0\0\0\0h\0\0\0\1\0\0\0\1\0\0\0\0\0\0\0/\0\0\0\0\0\0\0\377\377\377\377\377\377\377\377\0\0\0\0\0\0\0\0\0\0\0\0\0\0\0\0"..., 312, MSG_NOSIGNAL, NULL, 0 <unfinished ...>
10733 openat(AT_FDCWD, "/proc/self/cmdline", O_RDONLY|O_CLOEXEC) = 15
10687 <... sendto resumed>)             = 312
10683 openat(AT_FDCWD, "/tmp/playwright_chromiumdev_profile-92XQZ9/Default", O_RDONLY|O_CLOEXEC <unfinished ...>
10687 sendto(37, "\20\0\0\08\1\0\0\340\230\351y\0\0\0\0\30\0\24\0\0\0\0\0\24\0\0\0\0\0\0\0\0\0\0\0\0\0\0\0H\0\0\0\0\0\0\0/\0\0\0\0\0\0\0\0\0\0\0\0\0\0\0\0\0\0\0\1\0\0\0\377\377\377\377\377\377\377\377\0\0\0\0\0\0\0\0`\0\0\0\260\0\0\0\300\0\0\0\0\0\0\0\0\0\0\0\0\0\0\0P\0\0\0H\0\0\08\0\0\0\3\0\0\0\0\0\0\0\322R\244&\0\0\0\0\341\306\277h\0\0\0\0\0\0\0\0\30\0\0\0\0\0\0\0\0\0\0\0\0\0\0\0\0\0\0\0\0\0\0\0\20\0\0\0\0\0\0\0\0\0\0\0\0\0\0\0\20\0\0\0\1\0\0\0\0\0\0\0\0\0\0\0h\0\0\0\1\0\0\0\0\0\0\0\0\0\0\0000\0\0\0\0\0\0\0\0\0\0\0\0\0\0\0@\10\0\0@\0\0\0001\0\0\0\0\0\0\0"..., 312, MSG_NOSIGNAL, NULL, 0) = 312
10683 <... openat resumed>)             = 79
10687 sendto(37, "\20\0\0\08\1\0\0\213\231\351y\0\0\0\0\30\0\24\0\0\0\0\0\25\0\0\0\0\0\0\0\0\0\0\0\0\0\0\0H\0\0\0\0\0\0\0\20\0\0\0\0\0\0\0\17\0\0\0\0\0\0\0\0\0\0\0\1\0\0\0\377\377\377\377\377\377\377\377\0\0\0\0\0\0\0\0`\0\0\0\260\0\0\0\300\0\0\0\0\0\0\0\0\0\0\0\0\0\0\0P\0\0\0H\0\0\08\0\0\0\3\0\0\0\0\0\0\0L\322?6\0\0\0\0\212\306\277h\0\0\0\0\0\0\0\0\30\0\0\0\0\0\0\0\0\0\0\0\0\0\0\0\0\0\0\0\0\0\0\0\20\0\0\0\0\0\0\0\0\0\0\0\0\0\0\0\20\0\0\0\1\0\0\0\0\0\0\0\0\0\0\0h\0\0\0\1\0\0\0\1\0\0\0\0\0\0\0002\0\0\0\0\0\0\0\377\377\377\377\377\377\377\377\0\0\0\0\0\0\0\0\0\0\0\0\0\0\0\0"..., 312, MSG_NOSIGNAL, NULL, 0) = 312
10687 sendto(37, "\20\0\0\08\1\0\0!\232\351y\0\0\0\0\30\0\24\0\0\0\0\0\26\0\0\0\0\0\0\0\0\0\0\0\0\0\0\0H\0\0\0\0\0\0\0002\0\0\0\0\0\0\0\0\0\0\0\0\0\0\0\0\0\0\0\1\0\0\0\377\377\377\377\377\377\377\377\0\0\0\0\0\0\0\0`\0\0\0\260\0\0\0\300\0\0\0\0\0\0\0\0\0\0\0\0\0\0\0P\0\0\0H\0\0\08\0\0\0\3\0\0\0\0\0\0\0\237\n\301~\0\0\0\0\205\306\277h\0\0\0\0\0\0\0\0\30\0\0\0\0\0\0\0\0\0\0\0\0\0\0\0\0\0\0\0\0\0\0\0\20\0\0\0\0\0\0\0\0\0\0\0\0\0\0\0\20\0\0\0\1\0\0\0\0\0\0\0\0\0\0\0h\0\0\0\1\0\0\0\0\0\0\0\0\0\0\0003\0\0\0\0\0\0\0\0\0\0\0\0\0\0\0\200\10\0\0@\0\0\0004\0\0\0\0\0\0\0"..., 312, MSG_NOSIGNAL, NULL, 0) = 312
10687 sendto(37, "\20\0\0\08\1\0\0K\233\351y\0\0\0\0\30\0\24\0\0\0\0\0\27\0\0\0\0\0\0\0\0\0\0\0\0\0\0\0H\0\0\0\0\0\0\0\20\0\0\0\0\0\0\0\20\0\0\0\0\0\0\0\0\0\0\0\1\0\0\0\377\377\377\377\377\377\377\377\0\0\0\0\0\0\0\0`\0\0\0\260\0\0\0\300\0\0\0\0\0\0\0\0\0\0\0\0\0\0\0P\0\0\0H\0\0\08\0\0\0\3\0\0\0\0\0\0\0\f\34\236\10\0\0\0\0\275\306\277h\0\0\0\0\0\0\0\0\30\0\0\0\0\0\0\0\0\0\0\0\0\0\0\0\0\0\0\0\0\0\0\0\20\0\0\0\0\0\0\0\0\0\0\0\0\0\0\0\20\0\0\0\1\0\0\0\0\0\0\0\0\0\0\0h\0\0\0\1\0\0\0\1\0\0\0\0\0\0\0005\0\0\0\0\0\0\0\377\377\377\377\377\377\377\377\0\0\0\0\0\0\0\0\0\0\0\0\0\0\0\0"..., 312, MSG_NOSIGNAL, NULL, 0) = 312
10687 sendto(37, "\20\0\0\08\1\0\0n\234\351y\0\0\0\0\30\0\24\0\0\0\0\0\30\0\0\0\0\0\0\0\0\0\0\0\0\0\0\0H\0\0\0\0\0\0\0005\0\0\0\0\0\0\0\0\0\0\0\0\0\0\0\0\0\0\0\1\0\0\0\377\377\377\377\377\377\377\377\0\0\0\0\0\0\0\0`\0\0\0\260\0\0\0\300\0\0\0\0\0\0\0\0\0\0\0\0\0\0\0P\0\0\0H\0\0\08\0\0\0\3\0\0\0\0\0\0\08D?\4\0\0\0\0\274\306\277h\0\0\0\0\0\0\0\0\30\0\0\0\0\0\0\0\0\0\0\0\0\0\0\0\0\0\0\0\0\0\0\0\20\0\0\0\0\0\0\0\0\0\0\0\0\0\0\0\20\0\0\0\1\0\0\0\0\0\0\0\0\0\0\0h\0\0\0\1\0\0\0\0\0\0\0\0\0\0\0006\0\0\0\0\0\0\0\0\0\0\0\0\0\0\0\300\10\0\0@\0\0\0007\0\0\0\0\0\0\0"..., 312, MSG_NOSIGNAL, NULL, 0) = 312
10733 recvmsg(5,  <unfinished ...>
10687 sendto(37, "\20\0\0\0\310\1\0\0:\235\351y\0\0\0\0\30\0\24\0\0\0\0\0\31\0\0\0\0\0\0\0\0\0\0\0\0\0\0\0H\0\0\0\0\0\0\0\20\0\0\0\0\0\0\0\21\0\0\0\0\0\0\0\0\0\0\0\1\0\0\0\377\377\377\377\377\377\377\377\0\0\0\0\0\0\0\0`\0\0\0\0\0\0\0\0\0\0\0\0\0\0\0\0\0\0\0\0\0\0\0X\1\0\0P\1\0\08\0\0\0\3\0\0\0\0\0\0\0\225xIr\0\0\0\0\276\306\277h\0\0\0\0\0\0\0\0\30\0\0\0\0\0\0\0\0\0\0\0\0\0\0\0\0\0\0\0\0\0\0\0\20\0\0\0\0\0\0\0\10\0\0\0\0\0\0\0 \0\0\0\0\0\0\0\30\0\0\0\0\0\0\0(\0\0\0\0\0\0\0\210\0\0\0\0\0\0\0\20\0\0\0\0\0\0\0\10\0\0\0\0\0\0\0\10\0\0\0\0\0\0\0\30\0\0\0\0\0\0\0"..., 456, MSG_NOSIGNAL, NULL, 0 <unfinished ...>
10733 <... recvmsg resumed>{msg_name=NULL, msg_namelen=0, msg_iov=[{iov_base="\20\0\0\0\300\0\0\0\247\225\351y\0\0\0\0\30\0\24\0\0\0\0\0\21\0\0\0\0\0\0\0\0\0\0\0\0\0\0\0H\0\0\0\0\0\0\0\20\0\0\0\0\0\0\0\f\0\0\0\0\0\0\0\0\0\0\0\1\0\0\0\377\377\377\377\377\377\377\377\0\0\0\0\0\0\0\0`\0\0\0\0\0\0\0\0\0\0\0\0\0\0\0\0\0\0\0\0\0\0\0P\0\0\0H\0\0\08\0\0\0\3\0\0\0\0\0\0\0\223Qd)\0\0\0\0\344\306\277h\0\0\0\0\0\0\0\0\30\0\0\0\0\0\0\0\0\0\0\0\0\0\0\0\0\0\0\0\0\0\0\0\20\0\0\0\0\0\0\0\0\0\0\0\0\0\0\0\20\0\0\0\300\0\0\0\254\226\351y\0\0\0\0\30\0\24\0\0\0\0\0\22\0\0\0\0\0\0\0\0\0\0\0\0\0\0\0H\0\0\0\0\0\0\0\20\0\0\0\0\0\0\0\r\0\0\0\0\0\0\0"..., iov_len=4096}], msg_iovlen=1, msg_controllen=0, msg_flags=0}, MSG_DONTWAIT) = 2256
10687 <... sendto resumed>)             = 456
10687 sendto(37, "\20\0\0\0X\0\0\0'\236\351y\0\0\0\0\30\0\"\0\0\0\0\0\32\0\0\0\0\0\0\0\0\0\0\0\0\0\0\0000\0\0\0\0\0\0\0\2\0\0\0\0\0\0\08\0\0\0\0\0\0\0\0\0\0\0\0\0\0\0\0\t\0\0@\0\0\0\0\0\0\0\0\0\0\0", 88, MSG_NOSIGNAL, NULL, 0 <unfinished ...>
10685 openat(AT_FDCWD, "/tmp/playwright_chromiumdev_profile-92XQZ9/Default/Extension Scripts/LOG", O_WRONLY|O_CREAT|O_TRUNC, 0600 <unfinished ...>
10687 <... sendto resumed>)             = 88
10733 recvmsg(5,  <unfinished ...>
10685 <... openat resumed>)             = 79
10733 <... recvmsg resumed>{msg_name=NULL, msg_namelen=0, msg_iov=[{iov_base="\20\0\0\0\310\1\0\0:\235\351y\0\0\0\0\30\0\24\0\0\0\0\0\31\0\0\0\0\0\0\0\0\0\0\0\0\0\0\0H\0\0\0\0\0\0\0\20\0\0\0\0\0\0\0\21\0\0\0\0\0\0\0\0\0\0\0\1\0\0\0\377\377\377\377\377\377\377\377\0\0\0\0\0\0\0\0`\0\0\0\0\0\0\0\0\0\0\0\0\0\0\0\0\0\0\0\0\0\0\0X\1\0\0P\1\0\08\0\0\0\3\0\0\0\0\0\0\0\225xIr\0\0\0\0\276\306\277h\0\0\0\0\0\0\0\0\30\0\0\0\0\0\0\0\0\0\0\0\0\0\0\0\0\0\0\0\0\0\0\0\20\0\0\0\0\0\0\0\10\0\0\0\0\0\0\0 \0\0\0\0\0\0\0\30\0\0\0\0\0\0\0(\0\0\0\0\0\0\0\210\0\0\0\0\0\0\0\20\0\0\0\0\0\0\0\10\0\0\0\0\0\0\0\10\0\0\0\0\0\0\0\30\0\0\0\0\0\0\0"..., iov_len=4096}], msg_iovlen=1, msg_controllen=0, msg_flags=0}, MSG_DONTWAIT) = 544
10733 sendto(5, "\20\0\0\0@\0\0\0g\237\351y\0\0\0\0\30\0#\0\0\0\0\0\n\0\0\0\0\0\0\0\0\0\0\0\0\0\0\0\30\0\0\0\0\0\0\0\2\0\0\0\0\0\0\0\2\0\0\0\0\0\0\0", 64, MSG_NOSIGNAL, NULL, 0) = 64
10685 openat(AT_FDCWD, "/tmp/playwright_chromiumdev_profile-92XQZ9/Default/Extension Scripts/LOCK", O_RDWR) = -1 ENOENT (No such file or directory)
10687 recvmsg(37, {msg_name=NULL, msg_namelen=0, msg_iov=[{iov_base="\20\0\1\0\250\0\0\0\262\212\351y\0\0\0\0\30\0\24\0\0\0\0\0\0\0\0\0\0\0\0\0p\0\0\0\0\0\0\0H\0\0\0\0\0\0\0\0\0\0\0\0\0\0\0\0\0\0\0\0\0\0\0\0\0\0\0\1\0\0\0\377\377\377\377\377\377\377\377\0\0\0\0\0\0\0\0\0\0\0\0`\0\0\0\0\0\0\0\0\0\0\0\0\0\0\0\1\0\0\0\20\0\0\0\1\0\0\0\1\0\0\0\0\0\0\0\20\0\0\0\1\0\0\0\200\0\0\0\0\0\1\0\30\0\0\0\20\0\0\0\10\0\0\0\0\0\0\0\1\0\0\0\0\0\0\0", iov_len=4096}], msg_iovlen=1, msg_control=[{cmsg_len=20, cmsg_level=SOL_SOCKET, cmsg_type=SCM_RIGHTS, cmsg_data=[80]}], msg_controllen=24, msg_flags=0}, MSG_DONTWAIT) = 168
10685 openat(AT_FDCWD, "/tmp/playwright_chromiumdev_profile-92XQZ9/Default/Extension Scripts/LOCK", O_RDWR|O_CREAT, 0600) = 81
10687 recvmsg(37, {msg_name=NULL, msg_namelen=0, msg_iov=[{iov_base="\20\0\0\0@\0\0\0F\213\351y\0\0\0\0\30\0\26\0\0\0\0\0\1\0\0\0\0\0\0\0\0\0\0\0\0\0\0\0\30\0\0\0\0\0\0\0\0\0\0\0\0\0\0\0\1\0\0\0\0\0\0\0\20\0\0\0X\0\0\0\261\213\351y\0\0\0\0\30\0\"\0\0\0\0\0\2\0\0\0\0\0\0\0\0\0\0\0\0\0\0\0000\0\0\0\0\0\0\0\1\0\0\0\0\0\0\0\35\0\0\0\0\0\0\0\0\0\0\0\0\0\0\0@\6\0\0@\0\0\0\0\0\0\0\0\0\0\0\20\0\0\0\270\0\0\0\367\215\351y\0\0\0\0\30\0\24\0\0\0\0\0\3\0\0\0\0\0\0\0\0\0\0\0\0\0\0\0H\0\0\0\0\0\0\0\2\0\0\0\0\0\0\0\0\0\0\0\0\0\0\0\0\0\0\0\1\0\0\0\377\377\377\377\377\377\377\377\0\0\0\0\0\0\0\0`\0\0\0\0\0\0\0\0\0\0\0\0\0\0\0"..., iov_len=4096}], msg_iovlen=1, msg_controllen=0, msg_flags=0}, MSG_DONTWAIT) = 3232
10687 sendto(37, "\20\0\0\0@\0\0\0003\243\351y\0\0\0\0\30\0#\0\0\0\0\0\33\0\0\0\0\0\0\0\0\0\0\0\0\0\0\0\30\0\0\0\0\0\0\0\1\0\0\0\0\0\0\0\2\0\0\0\0\0\0\0", 64, MSG_NOSIGNAL, NULL, 0) = 64
10687 sendto(37, "\20\0\0\08\0\0\0 \244\351y\0\0\0\0\30\0$\0\0\0\0\0\34\0\0\0\0\0\0\0\0\0\0\0\0\0\0\0\20\0\0\0\0\0\0\08\0\0\0\0\0\0\0", 56, MSG_NOSIGNAL, NULL, 0) = 56
10692 openat(AT_FDCWD, "/tmp/playwright_chromiumdev_profile-92XQZ9/Default", O_RDONLY|O_CLOEXEC <unfinished ...>
10685 openat(AT_FDCWD, "/tmp/playwright_chromiumdev_profile-92XQZ9/Default/Extension Scripts/MANIFEST-000001", O_WRONLY|O_CREAT|O_TRUNC, 0600 <unfinished ...>
10692 <... openat resumed>)             = 82
10685 <... openat resumed>)             = 83
10685 openat(AT_FDCWD, "/tmp/playwright_chromiumdev_profile-92XQZ9/Default/Extension Scripts", O_RDONLY) = 82
10662 sendto(36, "\20\0\0\0\350\0\0\0-\251\351y\0\0\0\0\30\0\24\0\0\0\0\0\20\0\0\0\0\0\0\0\0\0\0\0\0\0\0\0H\0\0\0\0\0\0\0\"\0\0\0\0\0\0\0\2\0\0\0\0\0\0\0\0\0\0\0\1\0\0\0\0\0\0\0\0\0\0\0\0}\1\0\0\1\0\0\0\0\0\0`\0\0\0p\0\0\0\0\0\0\0\0\0\0\0\0\0\0\0\20\0\0\0\1\0\0\0\0\0\0\0\0\0\0\0h\0\0\0\1\0\0\0\0\0\0\0\0\0\0\09\0\0\0\0\0\0\0\0\0\0\0\0\0\0\0@\t\0\0@\0\0\0:\0\0\0\0\0\0\0\0\0\0\0\0\0\0\0\0\0\0\0\0\0\0\0\0\0\0\0\0\0\0\0\2\0\0\0\0\0\0\0\0\0\0\0\0\0\0\0\0\0\0\0\0\0\0\0\0\0\0\0\0\0\0\0", 232, MSG_NOSIGNAL, NULL, 0) = 232
10733 recvmsg(5,  <unfinished ...>
10662 sendto(36, "\20\0\0\0\350\0\0\0\300\251\351y\0\0\0\0\30\0\24\0\0\0\0\0\21\0\0\0\0\0\0\0\0\0\0\0\0\0\0\0H\0\0\0\0\0\0\0\"\0\0\0\0\0\0\0\3\0\0\0\0\0\0\0\0\0\0\0\1\0\0\0\0\0\0\0\0\0\0\0\0~\1\0\0\1\0\0\0\0\0\0`\0\0\0p\0\0\0\0\0\0\0\0\0\0\0\0\0\0\0\20\0\0\0\1\0\0\0\0\0\0\0\0\0\0\0h\0\0\0\1\0\0\0\0\0\0\0\0\0\0\0;\0\0\0\0\0\0\0\0\0\0\0\0\0\0\0\200\t\0\0@\0\0\0<\0\0\0\0\0\0\0\0\0\0\0\0\0\0\0\0\0\0\0\0\0\0\0\0\0\0\0\0\0\0\0\2\0\0\0\0\0\0\0\0\0\0\0\0\0\0\0\0\0\0\0\0\0\0\0\0\0\0\0\0\0\0\0", 232, MSG_NOSIGNAL, NULL, 0 <unfinished ...>
10733 <... recvmsg resumed>{msg_name=NULL, msg_namelen=0, msg_iov=[{iov_base="\20\0\0\0@\0\0\0003\243\351y\0\0\0\0\30\0#\0\0\0\0\0\33\0\0\0\0\0\0\0\0\0\0\0\0\0\0\0\30\0\0\0\0\0\0\0\1\0\0\0\0\0\0\0\2\0\0\0\0\0\0\0\20\0\0\08\0\0\0 \244\351y\0\0\0\0\30\0$\0\0\0\0\0\34\0\0\0\0\0\0\0\0\0\0\0\0\0\0\0\20\0\0\0\0\0\0\08\0\0\0\0\0\0\0", iov_len=4096}], msg_iovlen=1, msg_controllen=0, msg_flags=0}, MSG_DONTWAIT) = 120
10710 recvmsg(14,  <unfinished ...>
10733 sendto(5, "\20\0\0\08\0\0\0'\252\351y\0\0\0\0\30\0$\0\0\0\0\0\v\0\0\0\0\0\0\0\0\0\0\0\0\0\0\0\20\0\0\0\0\0\0\0\35\0\0\0\0\0\0\0", 56, MSG_NOSIGNAL, NULL, 0 <unfinished ...>
10662 <... sendto resumed>)             = 232
10733 <... sendto resumed>)             = 56
10710 <... recvmsg resumed>{msg_name=NULL, msg_namelen=0, msg_iov=[{iov_base="\20\0\0\0\350\0\0\0-\251\351y\0\0\0\0\30\0\24\0\0\0\0\0\20\0\0\0\0\0\0\0\0\0\0\0\0\0\0\0H\0\0\0\0\0\0\0\"\0\0\0\0\0\0\0\2\0\0\0\0\0\0\0\0\0\0\0\1\0\0\0\0\0\0\0\0\0\0\0\0}\1\0\0\1\0\0\0\0\0\0`\0\0\0p\0\0\0\0\0\0\0\0\0\0\0\0\0\0\0\20\0\0\0\1\0\0\0\0\0\0\0\0\0\0\0h\0\0\0\1\0\0\0\0\0\0\0\0\0\0\09\0\0\0\0\0\0\0\0\0\0\0\0\0\0\0@\t\0\0@\0\0\0:\0\0\0\0\0\0\0\0\0\0\0\0\0\0\0\0\0\0\0\0\0\0\0\0\0\0\0\0\0\0\0\2\0\0\0\0\0\0\0\0\0\0\0\0\0\0\0\0\0\0\0\0\0\0\0\0\0\0\0\0\0\0\0\20\0\0\0\350\0\0\0\300\251\351y\0\0\0\0\30\0\24\0\0\0\0\0"..., iov_len=4096}], msg_iovlen=1, msg_controllen=0, msg_flags=0}, MSG_DONTWAIT) = 464
10733 sendto(5, "\20\0\0\0X\0\0\0\227\252\351y\0\0\0\0\30\0\"\0\0\0\0\0\f\0\0\0\0\0\0\0\0\0\0\0\0\0\0\0000\0\0\0\0\0\0\08\0\0\0\0\0\0\09\0\0\0\0\0\0\0\0\0\0\0\0\0\0\0@\t\0\0@\0\0\0\2\0\0\0\0\0\0\0", 88, MSG_NOSIGNAL, NULL, 0 <unfinished ...>
10687 recvmsg(37,  <unfinished ...>
10733 <... sendto resumed>)             = 88
10687 <... recvmsg resumed>{msg_name=NULL, msg_namelen=0, msg_iov=[{iov_base="\20\0\0\08\0\0\0'\252\351y\0\0\0\0\30\0$\0\0\0\0\0\v\0\0\0\0\0\0\0\0\0\0\0\0\0\0\0\20\0\0\0\0\0\0\0\35\0\0\0\0\0\0\0\20\0\0\0X\0\0\0\227\252\351y\0\0\0\0\30\0\"\0\0\0\0\0\f\0\0\0\0\0\0\0\0\0\0\0\0\0\0\0000\0\0\0\0\0\0\08\0\0\0\0\0\0\09\0\0\0\0\0\0\0\0\0\0\0\0\0\0\0@\t\0\0@\0\0\0\2\0\0\0\0\0\0\0", iov_len=4096}], msg_iovlen=1, msg_controllen=0, msg_flags=0}, MSG_DONTWAIT) = 144
10687 sendto(37, "\20\0\0\0X\0\0\0001\253\351y\0\0\0\0\30\0\"\0\0\0\0\0\35\0\0\0\0\0\0\0\0\0\0\0\0\0\0\0000\0\0\0\0\0\0\0\35\0\0\0\0\0\0\0:\0\0\0\0\0\0\0\0\0\0\0\0\0\0\0\200\t\0\0@\0\0\0\2\0\0\0\0\0\0\0", 88, MSG_NOSIGNAL, NULL, 0) = 88
10662 openat(AT_FDCWD, "/proc/10698/stat", O_RDONLY|O_CLOEXEC <unfinished ...>
10687 sendto(37, "\20\0\0\0@\0\0\0\332\253\351y\0\0\0\0\30\0#\0\0\0\0\0\36\0\0\0\0\0\0\0\0\0\0\0\0\0\0\0\30\0\0\0\0\0\0\08\0\0\0\0\0\0\0\0\0\0\0\0\0\0\0", 64, MSG_NOSIGNAL, NULL, 0) = 64
10662 <... openat resumed>)             = 82
10685 openat(AT_FDCWD, "/tmp/playwright_chromiumdev_profile-92XQZ9/Default/Extension Scripts/000001.dbtmp", O_WRONLY|O_CREAT|O_TRUNC, 0600 <unfinished ...>
10732 openat(AT_FDCWD, "/proc/sys/fs/inotify/max_user_watches", O_RDONLY) = 18
10685 <... openat resumed>)             = 83
10712 sendto(5, "\20\0\0\0p\0\0\0\350\255\351y\0\0\0\0\30\0\24\0\0\0\0\0\r\0\0\0\0\0\0\0\0\0\0\0\0\0\0\0H\0\0\0\0\0\0\0&\0\0\0\0\0\0\0\1\0\0\0\0\0\0\0\0\0\0\0\1\0\0\0\0\0\0\0\0\0\0\0\0x\1\0\0\1\0\0\0\0\0\0\0\0\0\0\0\0\0\0\0\0\0\0\0\0\0\0\0\0\0\0", 112, MSG_NOSIGNAL, NULL, 0) = 112
10687 recvmsg(37, {msg_name=NULL, msg_namelen=0, msg_iov=[{iov_base="\20\0\0\0p\0\0\0\350\255\351y\0\0\0\0\30\0\24\0\0\0\0\0\r\0\0\0\0\0\0\0\0\0\0\0\0\0\0\0H\0\0\0\0\0\0\0&\0\0\0\0\0\0\0\1\0\0\0\0\0\0\0\0\0\0\0\1\0\0\0\0\0\0\0\0\0\0\0\0x\1\0\0\1\0\0\0\0\0\0\0\0\0\0\0\0\0\0\0\0\0\0\0\0\0\0\0\0\0\0", iov_len=4096}], msg_iovlen=1, msg_controllen=0, msg_flags=0}, MSG_DONTWAIT) = 112
10733 sendto(5, "\20\0\0\0p\0\0\0\35\256\351y\0\0\0\0\30\0\24\0\0\0\0\0\16\0\0\0\0\0\0\0\0\0\0\0\0\0\0\0H\0\0\0\0\0\0\0\r\0\0\0\0\0\0\0\0\0\0\0\0\0\0\0\0\0\0\0\1\0\0\0\0\0\0\0\0\0\0\0\0y\1\0\0\1\0\0\0\0\0\0\0\0\0\0\0\0\0\0\0\0\0\0\0\0\0\0\0\0\0\0", 112, MSG_NOSIGNAL, NULL, 0) = 112
10687 recvmsg(37, {msg_name=NULL, msg_namelen=0, msg_iov=[{iov_base="\20\0\0\0p\0\0\0\35\256\351y\0\0\0\0\30\0\24\0\0\0\0\0\16\0\0\0\0\0\0\0\0\0\0\0\0\0\0\0H\0\0\0\0\0\0\0\r\0\0\0\0\0\0\0\0\0\0\0\0\0\0\0\0\0\0\0\1\0\0\0\0\0\0\0\0\0\0\0\0y\1\0\0\1\0\0\0\0\0\0\0\0\0\0\0\0\0\0\0\0\0\0\0\0\0\0\0\0\0\0", iov_len=4096}], msg_iovlen=1, msg_controllen=0, msg_flags=0}, MSG_DONTWAIT) = 112
10733 recvmsg(5, {msg_name=NULL, msg_namelen=0, msg_iov=[{iov_base="\20\0\0\0X\0\0\0001\253\351y\0\0\0\0\30\0\"\0\0\0\0\0\35\0\0\0\0\0\0\0\0\0\0\0\0\0\0\0000\0\0\0\0\0\0\0\35\0\0\0\0\0\0\0:\0\0\0\0\0\0\0\0\0\0\0\0\0\0\0\200\t\0\0@\0\0\0\2\0\0\0\0\0\0\0\20\0\0\0@\0\0\0\332\253\351y\0\0\0\0\30\0#\0\0\0\0\0\36\0\0\0\0\0\0\0\0\0\0\0\0\0\0\0\30\0\0\0\0\0\0\08\0\0\0\0\0\0\0\0\0\0\0\0\0\0\0", iov_len=4096}], msg_iovlen=1, msg_controllen=0, msg_flags=0}, MSG_DONTWAIT) = 152
10712 sendto(5, "\20\0\0\0p\0\0\0007\261\351y\0\0\0\0\30\0\24\0\0\0\0\0\17\0\0\0\0\0\0\0\0\0\0\0\0\0\0\0H\0\0\0\0\0\0\0&\0\0\0\0\0\0\0\2\0\0\0\0\0\0\0\0\0\0\0\1\0\0\0\0\0\0\0\0\0\0\0\0z\1\0\0\1\0\0\0\0\0\0\0\0\0\0\0\0\0\0\0\0\0\0\0\0\0\0\0\0\0\0", 112, MSG_NOSIGNAL, NULL, 0) = 112
10733 sendto(5, "\20\0\0\0@\0\0\0\224\261\351y\0\0\0\0\30\0#\0\0\0\0\0\20\0\0\0\0\0\0\0\0\0\0\0\0\0\0\0\30\0\0\0\0\0\0\0\35\0\0\0\0\0\0\0\0\0\0\0\0\0\0\0", 64, MSG_NOSIGNAL, NULL, 0) = 64
10687 recvmsg(37, {msg_name=NULL, msg_namelen=0, msg_iov=[{iov_base="\20\0\0\0p\0\0\0007\261\351y\0\0\0\0\30\0\24\0\0\0\0\0\17\0\0\0\0\0\0\0\0\0\0\0\0\0\0\0H\0\0\0\0\0\0\0&\0\0\0\0\0\0\0\2\0\0\0\0\0\0\0\0\0\0\0\1\0\0\0\0\0\0\0\0\0\0\0\0z\1\0\0\1\0\0\0\0\0\0\0\0\0\0\0\0\0\0\0\0\0\0\0\0\0\0\0\0\0\0\20\0\0\0@\0\0\0\224\261\351y\0\0\0\0\30\0#\0\0\0\0\0\20\0\0\0\0\0\0\0\0\0\0\0\0\0\0\0\30\0\0\0\0\0\0\0\35\0\0\0\0\0\0\0\0\0\0\0\0\0\0\0", iov_len=4096}], msg_iovlen=1, msg_controllen=0, msg_flags=0}, MSG_DONTWAIT) = 176
10662 openat(AT_FDCWD, "/proc/10698/status", O_RDONLY|O_CLOEXEC) = 82
10685 openat(AT_FDCWD, "/tmp/playwright_chromiumdev_profile-92XQZ9/Default/Extension Scripts/CURRENT", O_RDONLY) = 83
10733 sendto(5, "\20\0\0\0p\0\0\0\264\265\351y\0\0\0\0\30\0\24\0\0\0\0\0\21\0\0\0\0\0\0\0\0\0\0\0\0\0\0\0H\0\0\0\0\0\0\0\17\0\0\0\0\0\0\0\0\0\0\0\0\0\0\0\0\0\0\0\1\0\0\0\0\0\0\0\0\0\0\0\0{\1\0\0\1\0\0\0\0\0\0\0\0\0\0\0\0\0\0\0\0\0\0\0\0\0\0\0\0\0\0", 112, MSG_NOSIGNAL, NULL, 0 <unfinished ...>
10721 sendto(14, "\20\0\0\0p\0\0\0\327\265\351y\0\0\0\0\30\0\24\0\0\0\0\0\32\0\0\0\0\0\0\0\0\0\0\0\0\0\0\0H\0\0\0\0\0\0\0.\0\0\0\0\0\0\0\7\0\0\0\0\0\0\0\0\0\0\0\1\0\0\0\0\0\0\0\0\0\0\0\0{\1\0\0\1\0\0\0\0\0\0\0\0\0\0\0\0\0\0\0\0\0\0\0\0\0\0\0\0\0\0", 112, MSG_NOSIGNAL, NULL, 0 <unfinished ...>
10733 <... sendto resumed>)             = 112
10721 <... sendto resumed>)             = 112
10685 openat(AT_FDCWD, "/tmp/playwright_chromiumdev_profile-92XQZ9/Default/Extension Scripts/MANIFEST-000001", O_RDONLY <unfinished ...>
10687 recvmsg(37,  <unfinished ...>
10685 <... openat resumed>)             = 83
10733 sendto(5, "\20\0\0\0p\0\0\0\220\266\351y\0\0\0\0\30\0\24\0\0\0\0\0\22\0\0\0\0\0\0\0\0\0\0\0\0\0\0\0H\0\0\0\0\0\0\0\27\0\0\0\0\0\0\0\0\0\0\0\0\0\0\0\0\0\0\0\1\0\0\0\0\0\0\0\0\0\0\0\0|\1\0\0\1\0\0\0\0\0\0\0\0\0\0\0\0\0\0\0\0\0\0\0\0\0\0\0\0\0\0", 112, MSG_NOSIGNAL, NULL, 0 <unfinished ...>
10687 <... recvmsg resumed>{msg_name=NULL, msg_namelen=0, msg_iov=[{iov_base="\20\0\0\0p\0\0\0\264\265\351y\0\0\0\0\30\0\24\0\0\0\0\0\21\0\0\0\0\0\0\0\0\0\0\0\0\0\0\0H\0\0\0\0\0\0\0\17\0\0\0\0\0\0\0\0\0\0\0\0\0\0\0\0\0\0\0\1\0\0\0\0\0\0\0\0\0\0\0\0{\1\0\0\1\0\0\0\0\0\0\0\0\0\0\0\0\0\0\0\0\0\0\0\0\0\0\0\0\0\0", iov_len=4096}], msg_iovlen=1, msg_controllen=0, msg_flags=0}, MSG_DONTWAIT) = 112
10733 <... sendto resumed>)             = 112
10687 recvmsg(37, {msg_name=NULL, msg_namelen=0, msg_iov=[{iov_base="\20\0\0\0p\0\0\0\220\266\351y\0\0\0\0\30\0\24\0\0\0\0\0\22\0\0\0\0\0\0\0\0\0\0\0\0\0\0\0H\0\0\0\0\0\0\0\27\0\0\0\0\0\0\0\0\0\0\0\0\0\0\0\0\0\0\0\1\0\0\0\0\0\0\0\0\0\0\0\0|\1\0\0\1\0\0\0\0\0\0\0\0\0\0\0\0\0\0\0\0\0\0\0\0\0\0\0\0\0\0", iov_len=4096}], msg_iovlen=1, msg_controllen=0, msg_flags=0}, MSG_DONTWAIT) = 112
10687 recvmsg(45, {msg_name=NULL, msg_namelen=0, msg_iov=[{iov_base="\20\0\0\0p\0\0\0\327\265\351y\0\0\0\0\30\0\24\0\0\0\0\0\32\0\0\0\0\0\0\0\0\0\0\0\0\0\0\0H\0\0\0\0\0\0\0.\0\0\0\0\0\0\0\7\0\0\0\0\0\0\0\0\0\0\0\1\0\0\0\0\0\0\0\0\0\0\0\0{\1\0\0\1\0\0\0\0\0\0\0\0\0\0\0\0\0\0\0\0\0\0\0\0\0\0\0\0\0\0", iov_len=4096}], msg_iovlen=1, msg_controllen=0, msg_flags=0}, MSG_DONTWAIT) = 112
10685 openat(AT_FDCWD, "/tmp/playwright_chromiumdev_profile-92XQZ9/Default/Extension Scripts/MANIFEST-000001", O_WRONLY|O_APPEND) = 82
10662 sendto(36, "\20\0\0\0\350\0\0\0\246\270\351y\0\0\0\0\30\0\24\0\0\0\0\0\22\0\0\0\0\0\0\0\0\0\0\0\0\0\0\0H\0\0\0\0\0\0\0\"\0\0\0\0\0\0\0\4\0\0\0\0\0\0\0\0\0\0\0\1\0\0\0\0\0\0\0\0\0\0\0\0~\1\0\0\1\0\0\0\0\0\0`\0\0\0p\0\0\0\0\0\0\0\0\0\0\0\0\0\0\0\20\0\0\0\1\0\0\0\0\0\0\0\0\0\0\0h\0\0\0\1\0\0\0\0\0\0\0\0\0\0\0=\0\0\0\0\0\0\0\0\0\0\0\0\0\0\0\300\t\0\0@\0\0\0>\0\0\0\0\0\0\0\0\0\0\0\0\0\0\0\0\0\0\0\0\0\0\0\0\0\0\0\0\0\0\0\2\0\0\0\0\0\0\0\0\0\0\0\0\0\0\0\0\0\0\0\0\0\0\0\0\0\0\0\0\0\0\0", 232, MSG_NOSIGNAL, NULL, 0 <unfinished ...>
10685 openat(AT_FDCWD, "/tmp/playwright_chromiumdev_profile-92XQZ9/Default/Extension Scripts", O_RDONLY|O_NONBLOCK|O_CLOEXEC|O_DIRECTORY <unfinished ...>
10662 <... sendto resumed>)             = 232
10710 recvmsg(14,  <unfinished ...>
10685 <... openat resumed>)             = 83
10710 <... recvmsg resumed>{msg_name=NULL, msg_namelen=0, msg_iov=[{iov_base="\20\0\0\0\350\0\0\0\246\270\351y\0\0\0\0\30\0\24\0\0\0\0\0\22\0\0\0\0\0\0\0\0\0\0\0\0\0\0\0H\0\0\0\0\0\0\0\"\0\0\0\0\0\0\0\4\0\0\0\0\0\0\0\0\0\0\0\1\0\0\0\0\0\0\0\0\0\0\0\0~\1\0\0\1\0\0\0\0\0\0`\0\0\0p\0\0\0\0\0\0\0\0\0\0\0\0\0\0\0\20\0\0\0\1\0\0\0\0\0\0\0\0\0\0\0h\0\0\0\1\0\0\0\0\0\0\0\0\0\0\0=\0\0\0\0\0\0\0\0\0\0\0\0\0\0\0\300\t\0\0@\0\0\0>\0\0\0\0\0\0\0\0\0\0\0\0\0\0\0\0\0\0\0\0\0\0\0\0\0\0\0\0\0\0\0\2\0\0\0\0\0\0\0\0\0\0\0\0\0\0\0\0\0\0\0\0\0\0\0\0\0\0\0\0\0\0\0", iov_len=4096}], msg_iovlen=1, msg_controllen=0, msg_flags=0}, MSG_DONTWAIT) = 232
10682 openat(AT_FDCWD, "/tmp/playwright_chromiumdev_profile-92XQZ9/Default/Local Storage/leveldb/MANIFEST-000001", O_WRONLY|O_CREAT|O_TRUNC, 0600 <unfinished ...>
10662 sendto(36, "\20\0\0\0p\0\0\0\321\271\351y\0\0\0\0\30\0\24\0\0\0\0\0\23\0\0\0\0\0\0\0\0\0\0\0\0\0\0\0H\0\0\0\0\0\0\0=\0\0\0\0\0\0\0\0\0\0\0\0\0\0\0\0\0\0\0\1\0\0\0\0\0\0\0\0\0\0\0\0\250\1\0\0\10\0\0\0\0\0\0\0\0\0\0\0\0\0\0\0\0\0\0\0\0\0\0\0\0\0\0", 112, MSG_NOSIGNAL, NULL, 0 <unfinished ...>
10682 <... openat resumed>)             = 84
10662 <... sendto resumed>)             = 112
10682 sendmsg(45, {msg_name=NULL, msg_namelen=0, msg_iov=[{iov_base="\20\0\1\0\250\0\0\0\353\272\351y\0\0\0\0\30\0\24\0\0\0\0\0\23\0\0\0\0\0\0\0p\0\0\0\0\0\0\0H\0\0\0\0\0\0\0.\0\0\0\0\0\0\0\7\0\0\0\0\0\0\0\0\0\0\0\1\0\0\0\0\0\0\0\0\0\0\0\0|\1\0\0\1\0\0\0\0\0\0`\0\0\0\0\0\0\0\0\0\0\0\0\0\0\0\1\0\0\0\20\0\0\0\1\0\0\0\1\0\0\0\0\0\0\0\20\0\0\0\1\0\0\0\200\0\0\0\0\0\1\0\30\0\0\0\20\0\0\0\10\0\0\0\4\0\0\0\10\0\0\0\0\0\0\0", iov_len=168}], msg_iovlen=1, msg_control=[{cmsg_len=20, cmsg_level=SOL_SOCKET, cmsg_type=SCM_RIGHTS, cmsg_data=[84]}], msg_controllen=20, msg_flags=0}, MSG_NOSIGNAL <unfinished ...>
10733 sendto(5, "\20\0\0\0p\0\0\0\10\273\351y\0\0\0\0\30\0\24\0\0\0\0\0\23\0\0\0\0\0\0\0\0\0\0\0\0\0\0\0H\0\0\0\0\0\0\0\17\0\0\0\0\0\0\0\1\0\0\0\0\0\0\0\0\0\0\0\1\0\0\0\0\0\0\0\0\0\0\0\0}\1\0\0\1\0\0\0\0\0\0\0\0\0\0\0\0\0\0\0\0\0\0\0\0\0\0\0\0\0\0", 112, MSG_NOSIGNAL, NULL, 0) = 112
10682 <... sendmsg resumed>)            = 168
10721 recvmsg(14,  <unfinished ...>
10710 recvmsg(14,  <unfinished ...>
10687 recvmsg(37,  <unfinished ...>
10662 openat(AT_FDCWD, "/proc/10698/stat", O_RDONLY|O_CLOEXEC <unfinished ...>
10721 <... recvmsg resumed>{msg_name=NULL, msg_namelen=0, msg_iov=[{iov_base="\20\0\1\0\250\0\0\0\353\272\351y\0\0\0\0\30\0\24\0\0\0\0\0\23\0\0\0\0\0\0\0p\0\0\0\0\0\0\0H\0\0\0\0\0\0\0.\0\0\0\0\0\0\0\7\0\0\0\0\0\0\0\0\0\0\0\1\0\0\0\0\0\0\0\0\0\0\0\0|\1\0\0\1\0\0\0\0\0\0`\0\0\0\0\0\0\0\0\0\0\0\0\0\0\0\1\0\0\0\20\0\0\0\1\0\0\0\1\0\0\0\0\0\0\0\20\0\0\0\1\0\0\0\200\0\0\0\0\0\1\0\30\0\0\0\20\0\0\0\10\0\0\0\4\0\0\0\10\0\0\0\0\0\0\0", iov_len=4096}], msg_iovlen=1, msg_control=[{cmsg_len=20, cmsg_level=SOL_SOCKET, cmsg_type=SCM_RIGHTS, cmsg_data=[23]}], msg_controllen=24, msg_flags=0}, MSG_DONTWAIT) = 168
10687 <... recvmsg resumed>{msg_name=NULL, msg_namelen=0, msg_iov=[{iov_base="\20\0\0\0p\0\0\0\10\273\351y\0\0\0\0\30\0\24\0\0\0\0\0\23\0\0\0\0\0\0\0\0\0\0\0\0\0\0\0H\0\0\0\0\0\0\0\17\0\0\0\0\0\0\0\1\0\0\0\0\0\0\0\0\0\0\0\1\0\0\0\0\0\0\0\0\0\0\0\0}\1\0\0\1\0\0\0\0\0\0\0\0\0\0\0\0\0\0\0\0\0\0\0\0\0\0\0\0\0\0", iov_len=4096}], msg_iovlen=1, msg_controllen=0, msg_flags=0}, MSG_DONTWAIT) = 112
10662 <... openat resumed>)             = 84
10710 <... recvmsg resumed>{msg_name=NULL, msg_namelen=0, msg_iov=[{iov_base="\20\0\0\0p\0\0\0\321\271\351y\0\0\0\0\30\0\24\0\0\0\0\0\23\0\0\0\0\0\0\0\0\0\0\0\0\0\0\0H\0\0\0\0\0\0\0=\0\0\0\0\0\0\0\0\0\0\0\0\0\0\0\0\0\0\0\1\0\0\0\0\0\0\0\0\0\0\0\0\250\1\0\0\10\0\0\0\0\0\0\0\0\0\0\0\0\0\0\0\0\0\0\0\0\0\0\0\0\0\0", iov_len=4096}], msg_iovlen=1, msg_controllen=0, msg_flags=0}, MSG_DONTWAIT) = 112
10732 openat(AT_FDCWD, "/etc/hosts", O_RDONLY|O_CLOEXEC) = 18
10734 openat(AT_FDCWD, "/etc/host.conf", O_RDONLY|O_CLOEXEC <unfinished ...>
10685 openat(AT_FDCWD, "/tmp/playwright_chromiumdev_profile-92XQZ9/Default/Extension Scripts", O_RDONLY|O_NONBLOCK|O_CLOEXEC|O_DIRECTORY <unfinished ...>
10734 <... openat resumed>)             = 19
10685 <... openat resumed>)             = 83
10734 openat(AT_FDCWD, "/etc/resolv.conf", O_RDONLY|O_CLOEXEC) = 18
10712 sendto(5, "\20\0\0\0p\0\0\0N\303\351y\0\0\0\0\30\0\24\0\0\0\0\0\24\0\0\0\0\0\0\0\0\0\0\0\0\0\0\0H\0\0\0\0\0\0\0&\0\0\0\0\0\0\0\3\0\0\0\0\0\0\0\0\0\0\0\1\0\0\0\0\0\0\0\0\0\0\0\0~\1\0\0\1\0\0\0\0\0\0\0\0\0\0\0\0\0\0\0\0\0\0\0\0\0\0\0\0\0\0", 112, MSG_NOSIGNAL, NULL, 0 <unfinished ...>
10685 openat(AT_FDCWD, "/tmp/playwright_chromiumdev_profile-92XQZ9/Default/Extension Scripts/000003.log", O_WRONLY|O_CREAT|O_TRUNC, 0600 <unfinished ...>
10712 <... sendto resumed>)             = 112
10685 <... openat resumed>)             = 83
10687 recvmsg(37,  <unfinished ...>
10685 openat(AT_FDCWD, "/tmp/playwright_chromiumdev_profile-92XQZ9/Default/Extension Scripts", O_RDONLY|O_NONBLOCK|O_CLOEXEC|O_DIRECTORY <unfinished ...>
10733 sendto(5, "\20\0\0\0p\0\0\0m\304\351y\0\0\0\0\30\0\24\0\0\0\0\0\25\0\0\0\0\0\0\0\0\0\0\0\0\0\0\0H\0\0\0\0\0\0\0000\0\0\0\0\0\0\0\0\0\0\0\0\0\0\0\0\0\0\0\1\0\0\0\0\0\0\0\0\0\0\0\0\177\1\0\0\1\0\0\0\0\0\0\0\0\0\0\0\0\0\0\0\0\0\0\0\0\0\0\0\0\0\0", 112, MSG_NOSIGNAL, NULL, 0 <unfinished ...>
10685 <... openat resumed>)             = 85
10733 <... sendto resumed>)             = 112
10733 sendto(5, "\20\0\0\0\300\0\0\0\35\305\351y\0\0\0\0\30\0\24\0\0\0\0\0\26\0\0\0\0\0\0\0\0\0\0\0\0\0\0\0H\0\0\0\0\0\0\0003\0\0\0\0\0\0\0\0\0\0\0\0\0\0\0\0\0\0\0\1\0\0\0\377\377\377\377\377\377\377\377\0\0\0\0\0\0\0\0`\0\0\0\0\0\0\0\0\0\0\0\0\0\0\0\0\0\0\0\0\0\0\0P\0\0\0H\0\0\08\0\0\0\3\0\0\0\0\0\0\0\204\t\354$\0\0\0\0F\2\331y\0\0\0\0\0\0\0\0\30\0\0\0\0\0\0\0\0\0\0\0\0\0\0\0\0\0\0\0\0\0\0\0\20\0\0\0\0\0\0\0\6\0\0\0\0\0\0\0", 192, MSG_NOSIGNAL, NULL, 0 <unfinished ...>
10721 sendto(14, "\20\0\0\0p\0\0\0\36\305\351y\0\0\0\0\30\0\24\0\0\0\0\0\33\0\0\0\0\0\0\0\0\0\0\0\0\0\0\0H\0\0\0\0\0\0\0.\0\0\0\0\0\0\0\10\0\0\0\0\0\0\0\0\0\0\0\1\0\0\0\0\0\0\0\0\0\0\0\0|\1\0\0\1\0\0\0\0\0\0\0\0\0\0\0\0\0\0\0\0\0\0\0\0\0\0\0\0\0\0", 112, MSG_NOSIGNAL, NULL, 0 <unfinished ...>
10733 <... sendto resumed>)             = 192
10721 <... sendto resumed>)             = 112
10734 openat(AT_FDCWD, "/etc/nsswitch.conf", O_RDONLY|O_CLOEXEC <unfinished ...>
10687 <... recvmsg resumed>{msg_name=NULL, msg_namelen=0, msg_iov=[{iov_base="\20\0\0\0p\0\0\0N\303\351y\0\0\0\0\30\0\24\0\0\0\0\0\24\0\0\0\0\0\0\0\0\0\0\0\0\0\0\0H\0\0\0\0\0\0\0&\0\0\0\0\0\0\0\3\0\0\0\0\0\0\0\0\0\0\0\1\0\0\0\0\0\0\0\0\0\0\0\0~\1\0\0\1\0\0\0\0\0\0\0\0\0\0\0\0\0\0\0\0\0\0\0\0\0\0\0\0\0\0\20\0\0\0p\0\0\0m\304\351y\0\0\0\0\30\0\24\0\0\0\0\0\25\0\0\0\0\0\0\0\0\0\0\0\0\0\0\0H\0\0\0\0\0\0\0000\0\0\0\0\0\0\0\0\0\0\0\0\0\0\0\0\0\0\0\1\0\0\0\0\0\0\0\0\0\0\0\0\177\1\0\0\1\0\0\0\0\0\0\0\0\0\0\0\0\0\0\0\0\0\0\0\0\0\0\0\0\0\0\20\0\0\0\300\0\0\0\35\305\351y\0\0\0\0\30\0\24\0\0\0\0\0\26\0\0\0\0\0\0\0"..., iov_len=4096}], msg_iovlen=1, msg_controllen=0, msg_flags=0}, MSG_DONTWAIT) = 416
10734 <... openat resumed>)             = 18
10687 recvmsg(45, {msg_name=NULL, msg_namelen=0, msg_iov=[{iov_base="\20\0\0\0p\0\0\0\36\305\351y\0\0\0\0\30\0\24\0\0\0\0\0\33\0\0\0\0\0\0\0\0\0\0\0\0\0\0\0H\0\0\0\0\0\0\0.\0\0\0\0\0\0\0\10\0\0\0\0\0\0\0\0\0\0\0\1\0\0\0\0\0\0\0\0\0\0\0\0|\1\0\0\1\0\0\0\0\0\0\0\0\0\0\0\0\0\0\0\0\0\0\0\0\0\0\0\0\0\0", iov_len=4096}], msg_iovlen=1, msg_controllen=0, msg_flags=0}, MSG_DONTWAIT) = 112
10685 openat(AT_FDCWD, "/tmp/playwright_chromiumdev_profile-92XQZ9/Default/Extension Scripts", O_RDONLY|O_NONBLOCK|O_CLOEXEC|O_DIRECTORY) = 84
10682 openat(AT_FDCWD, "/tmp/playwright_chromiumdev_profile-92XQZ9/Default/Local Storage/leveldb", O_RDONLY) = 85
10682 sendmsg(45, {msg_name=NULL, msg_namelen=0, msg_iov=[{iov_base="\20\0\1\0\250\0\0\0\274\311\351y\0\0\0\0\30\0\24\0\0\0\0\0\24\0\0\0\0\0\0\0p\0\0\0\0\0\0\0H\0\0\0\0\0\0\0.\0\0\0\0\0\0\0\10\0\0\0\0\0\0\0\0\0\0\0\1\0\0\0\0\0\0\0\0\0\0\0\0{\1\0\0\1\0\0\0\0\0\0`\0\0\0\0\0\0\0\0\0\0\0\0\0\0\0\1\0\0\0\20\0\0\0\1\0\0\0\1\0\0\0\0\0\0\0\20\0\0\0\1\0\0\0\200\0\0\0\0\0\1\0\30\0\0\0\20\0\0\0\10\0\0\0\4\0\0\0\10\0\0\0\0\0\0\0", iov_len=168}], msg_iovlen=1, msg_control=[{cmsg_len=20, cmsg_level=SOL_SOCKET, cmsg_type=SCM_RIGHTS, cmsg_data=[85]}], msg_controllen=20, msg_flags=0}, MSG_NOSIGNAL) = 168
10721 recvmsg(14, {msg_name=NULL, msg_namelen=0, msg_iov=[{iov_base="\20\0\1\0\250\0\0\0\274\311\351y\0\0\0\0\30\0\24\0\0\0\0\0\24\0\0\0\0\0\0\0p\0\0\0\0\0\0\0H\0\0\0\0\0\0\0.\0\0\0\0\0\0\0\10\0\0\0\0\0\0\0\0\0\0\0\1\0\0\0\0\0\0\0\0\0\0\0\0{\1\0\0\1\0\0\0\0\0\0`\0\0\0\0\0\0\0\0\0\0\0\0\0\0\0\1\0\0\0\20\0\0\0\1\0\0\0\1\0\0\0\0\0\0\0\20\0\0\0\1\0\0\0\200\0\0\0\0\0\1\0\30\0\0\0\20\0\0\0\10\0\0\0\4\0\0\0\10\0\0\0\0\0\0\0", iov_len=4096}], msg_iovlen=1, msg_control=[{cmsg_len=20, cmsg_level=SOL_SOCKET, cmsg_type=SCM_RIGHTS, cmsg_data=[24]}], msg_controllen=24, msg_flags=0}, MSG_DONTWAIT) = 168
10662 sendmsg(36, {msg_name=NULL, msg_namelen=0, msg_iov=[{iov_base="\20\0\3\0\360\0\0\0H\314\351y\0\0\0\0\30\0\24\0\0\0\0\0\24\0\0\0\0\0\0\0x\0\0\0\0\0\0\0H\0\0\0\0\0\0\0\21\0\0\0\0\0\0\0\2\0\0\0\0\0\0\0\0\0\0\0\1\0\0\0\0\0\0\0\0\0\0\0\0z\1\0\0\1\0\0\0\0\0\0`\0\0\0\0\0\0\0\0\0\0\0\0\0\0\0\3\0\0\0\30\0\0\0\3\0\0\0\1\0\0\0\1\0\0\0\1\0\0\0\0\0\0\0 \0\0\0\3\0\0\0\230\0\0\0\0\0\1\0\260\0\0\0\1\0\1\0\310\0\0\0\2\0\1\0\30\0\0\0\20\0\0\0\10\0\0\0\4\0\0\0\10\0\0\0\0\0\0\0\30\0\0\0\20\0\0\0\10\0\0\0\4\0\0\0\10\0\0\0\0\0\0\0\30\0\0\0\20\0\0\0\10\0\0\0\4\0\0\0\10\0\0\0\0\0\0\0", iov_len=240}], msg_iovlen=1, msg_control=[{cmsg_len=28, cmsg_level=SOL_SOCKET, cmsg_type=SCM_RIGHTS, cmsg_data=[41, 39, 42]}], msg_controllen=28, msg_flags=0}, MSG_NOSIGNAL <unfinished ...>
10733 sendto(5, "\20\0\0\0\270\0\0\0\f\315\351y\0\0\0\0\30\0\24\0\0\0\0\0\27\0\0\0\0\0\0\0\0\0\0\0\0\0\0\0H\0\0\0\0\0\0\0006\0\0\0\0\0\0\0\0\0\0\0\0\0\0\0\0\0\0\0\1\0\0\0\377\377\377\377\377\377\377\377\0\0\0\0\0\0\0\0`\0\0\0\0\0\0\0\0\0\0\0\0\0\0\0\0\0\0\0\0\0\0\0H\0\0\0@\0\0\08\0\0\0\3\0\0\0\0\0\0\0\252\367\23\r\0\0\0\0Y\2\331y\0\0\0\0\0\0\0\0\30\0\0\0\0\0\0\0\0\0\0\0\0\0\0\0\0\0\0\0\0\0\0\0\10\0\0\0\0\0\0\0", 184, MSG_NOSIGNAL, NULL, 0) = 184
10685 openat(AT_FDCWD, "/opt/google/chrome/resources/pdf/_metadata/computed_hashes.json", O_RDONLY|O_CLOEXEC) = -1 ENOENT (No such file or directory)
10662 <... sendmsg resumed>)            = 240
10710 recvmsg(14,  <unfinished ...>
10687 recvmsg(37,  <unfinished ...>
10710 <... recvmsg resumed>{msg_name=NULL, msg_namelen=0, msg_iov=[{iov_base="\20\0\3\0\360\0\0\0H\314\351y\0\0\0\0\30\0\24\0\0\0\0\0\24\0\0\0\0\0\0\0x\0\0\0\0\0\0\0H\0\0\0\0\0\0\0\21\0\0\0\0\0\0\0\2\0\0\0\0\0\0\0\0\0\0\0\1\0\0\0\0\0\0\0\0\0\0\0\0z\1\0\0\1\0\0\0\0\0\0`\0\0\0\0\0\0\0\0\0\0\0\0\0\0\0\3\0\0\0\30\0\0\0\3\0\0\0\1\0\0\0\1\0\0\0\1\0\0\0\0\0\0\0 \0\0\0\3\0\0\0\230\0\0\0\0\0\1\0\260\0\0\0\1\0\1\0\310\0\0\0\2\0\1\0\30\0\0\0\20\0\0\0\10\0\0\0\4\0\0\0\10\0\0\0\0\0\0\0\30\0\0\0\20\0\0\0\10\0\0\0\4\0\0\0\10\0\0\0\0\0\0\0\30\0\0\0\20\0\0\0\10\0\0\0\4\0\0\0\10\0\0\0\0\0\0\0", iov_len=4096}], msg_iovlen=1, msg_control=[{cmsg_len=28, cmsg_level=SOL_SOCKET, cmsg_type=SCM_RIGHTS, cmsg_data=[22, 24, 25]}], msg_controllen=32, msg_flags=0}, MSG_DONTWAIT) = 240
10687 <... recvmsg resumed>{msg_name=NULL, msg_namelen=0, msg_iov=[{iov_base="\20\0\0\0\270\0\0\0\f\315\351y\0\0\0\0\30\0\24\0\0\0\0\0\27\0\0\0\0\0\0\0\0\0\0\0\0\0\0\0H\0\0\0\0\0\0\0006\0\0\0\0\0\0\0\0\0\0\0\0\0\0\0\0\0\0\0\1\0\0\0\377\377\377\377\377\377\377\377\0\0\0\0\0\0\0\0`\0\0\0\0\0\0\0\0\0\0\0\0\0\0\0\0\0\0\0\0\0\0\0H\0\0\0@\0\0\08\0\0\0\3\0\0\0\0\0\0\0\252\367\23\r\0\0\0\0Y\2\331y\0\0\0\0\0\0\0\0\30\0\0\0\0\0\0\0\0\0\0\0\0\0\0\0\0\0\0\0\0\0\0\0\10\0\0\0\0\0\0\0", iov_len=4096}], msg_iovlen=1, msg_controllen=0, msg_flags=0}, MSG_DONTWAIT) = 184
10683 openat(AT_FDCWD, "/tmp/playwright_chromiumdev_profile-92XQZ9/Default/History", O_RDWR|O_CREAT|O_NOFOLLOW|O_CLOEXEC, 0600) = 39
10721 sendto(14, "\20\0\0\0p\0\0\0\377\322\351y\0\0\0\0\30\0\24\0\0\0\0\0\34\0\0\0\0\0\0\0\0\0\0\0\0\0\0\0H\0\0\0\0\0\0\0.\0\0\0\0\0\0\0\t\0\0\0\0\0\0\0\0\0\0\0\1\0\0\0\0\0\0\0\0\0\0\0\0{\1\0\0\1\0\0\0\0\0\0\0\0\0\0\0\0\0\0\0\0\0\0\0\0\0\0\0\0\0\0", 112, MSG_NOSIGNAL, NULL, 0) = 112
10687 sendto(36, "\20\0\0\0p\0\0\0\336\323\351y\0\0\0\0\30\0\24\0\0\0\0\0\25\0\0\0\0\0\0\0\0\0\0\0\0\0\0\0H\0\0\0\0\0\0\0\31\0\0\0\0\0\0\0\0\0\0\0\0\0\0\0\0\0\0\0\1\0\0\0\0\0\0\0\0\0\0\0\0{\1\0\0\1\0\0\0\0\0\0\0\0\0\0\0\0\0\0\0\0\0\0\0\0\0\0\0\0\0\0", 112, MSG_NOSIGNAL, NULL, 0) = 112
10687 recvmsg(45, {msg_name=NULL, msg_namelen=0, msg_iov=[{iov_base="\20\0\0\0p\0\0\0\377\322\351y\0\0\0\0\30\0\24\0\0\0\0\0\34\0\0\0\0\0\0\0\0\0\0\0\0\0\0\0H\0\0\0\0\0\0\0.\0\0\0\0\0\0\0\t\0\0\0\0\0\0\0\0\0\0\0\1\0\0\0\0\0\0\0\0\0\0\0\0{\1\0\0\1\0\0\0\0\0\0\0\0\0\0\0\0\0\0\0\0\0\0\0\0\0\0\0\0\0\0", iov_len=4096}], msg_iovlen=1, msg_controllen=0, msg_flags=0}, MSG_DONTWAIT) = 112
10710 openat(AT_FDCWD, "/dev/urandom", O_RDONLY|O_CLOEXEC) = 26
10687 sendto(36, "\20\0\0\0p\0\0\0=\326\351y\0\0\0\0\30\0\24\0\0\0\0\0\26\0\0\0\0\0\0\0\0\0\0\0\0\0\0\0H\0\0\0\0\0\0\0\31\0\0\0\0\0\0\0\1\0\0\0\0\0\0\0\0\0\0\0\1\0\0\0\0\0\0\0\0\0\0\0\0y\1\0\0\1\0\0\0\0\0\0\0\0\0\0\0\0\0\0\0\0\0\0\0\0\0\0\0\0\0\0", 112, MSG_NOSIGNAL, NULL, 0) = 112
10682 openat(AT_FDCWD, "/tmp/playwright_chromiumdev_profile-92XQZ9/Default/Local Storage/leveldb/000001.dbtmp", O_WRONLY|O_CREAT|O_TRUNC, 0600) = 41
10682 sendmsg(45, {msg_name=NULL, msg_namelen=0, msg_iov=[{iov_base="\20\0\1\0\250\0\0\0c\327\351y\0\0\0\0\30\0\24\0\0\0\0\0\25\0\0\0\0\0\0\0p\0\0\0\0\0\0\0H\0\0\0\0\0\0\0.\0\0\0\0\0\0\0\t\0\0\0\0\0\0\0\0\0\0\0\1\0\0\0\0\0\0\0\0\0\0\0\0|\1\0\0\1\0\0\0\0\0\0`\0\0\0\0\0\0\0\0\0\0\0\0\0\0\0\1\0\0\0\20\0\0\0\1\0\0\0\1\0\0\0\0\0\0\0\20\0\0\0\1\0\0\0\200\0\0\0\0\0\1\0\30\0\0\0\20\0\0\0\10\0\0\0\4\0\0\0\10\0\0\0\0\0\0\0", iov_len=168}], msg_iovlen=1, msg_control=[{cmsg_len=20, cmsg_level=SOL_SOCKET, cmsg_type=SCM_RIGHTS, cmsg_data=[41]}], msg_controllen=20, msg_flags=0}, MSG_NOSIGNAL) = 168
10721 recvmsg(14,  <unfinished ...>
10662 openat(AT_FDCWD, "/proc/10712/stat", O_RDONLY|O_CLOEXEC <unfinished ...>
10721 <... recvmsg resumed>{msg_name=NULL, msg_namelen=0, msg_iov=[{iov_base="\20\0\1\0\250\0\0\0c\327\351y\0\0\0\0\30\0\24\0\0\0\0\0\25\0\0\0\0\0\0\0p\0\0\0\0\0\0\0H\0\0\0\0\0\0\0.\0\0\0\0\0\0\0\t\0\0\0\0\0\0\0\0\0\0\0\1\0\0\0\0\0\0\0\0\0\0\0\0|\1\0\0\1\0\0\0\0\0\0`\0\0\0\0\0\0\0\0\0\0\0\0\0\0\0\1\0\0\0\20\0\0\0\1\0\0\0\1\0\0\0\0\0\0\0\20\0\0\0\1\0\0\0\200\0\0\0\0\0\1\0\30\0\0\0\20\0\0\0\10\0\0\0\4\0\0\0\10\0\0\0\0\0\0\0", iov_len=4096}], msg_iovlen=1, msg_control=[{cmsg_len=20, cmsg_level=SOL_SOCKET, cmsg_type=SCM_RIGHTS, cmsg_data=[23]}], msg_controllen=24, msg_flags=0}, MSG_DONTWAIT) = 168
10662 <... openat resumed>)             = 41
10662 openat(AT_FDCWD, "/proc/10712/status", O_RDONLY|O_CLOEXEC) = 41
10721 sendto(14, "\20\0\0\0p\0\0\0I\335\351y\0\0\0\0\30\0\24\0\0\0\0\0\35\0\0\0\0\0\0\0\0\0\0\0\0\0\0\0H\0\0\0\0\0\0\0.\0\0\0\0\0\0\0\n\0\0\0\0\0\0\0\0\0\0\0\1\0\0\0\0\0\0\0\0\0\0\0\0|\1\0\0\1\0\0\0\0\0\0\0\0\0\0\0\0\0\0\0\0\0\0\0\0\0\0\0\0\0\0", 112, MSG_NOSIGNAL, NULL, 0) = 112
10687 recvmsg(45, {msg_name=NULL, msg_namelen=0, msg_iov=[{iov_base="\20\0\0\0p\0\0\0I\335\351y\0\0\0\0\30\0\24\0\0\0\0\0\35\0\0\0\0\0\0\0\0\0\0\0\0\0\0\0H\0\0\0\0\0\0\0.\0\0\0\0\0\0\0\n\0\0\0\0\0\0\0\0\0\0\0\1\0\0\0\0\0\0\0\0\0\0\0\0|\1\0\0\1\0\0\0\0\0\0\0\0\0\0\0\0\0\0\0\0\0\0\0\0\0\0\0\0\0\0", iov_len=4096}], msg_iovlen=1, msg_controllen=0, msg_flags=0}, MSG_DONTWAIT) = 112
10662 sendto(37, "\20\0\0\0\210\1\0\0\22\337\351y\0\0\0\0\30\0\24\0\0\0\0\0\37\0\0\0\0\0\0\0\0\0\0\0\0\0\0\0H\0\0\0\0\0\0\0:\0\0\0\0\0\0\0\2\0\0\0\0\0\0\0\0\0\0\0\1\0\0\0\377\377\377\377\377\377\377\377\0\0\0\0\0\0\0\0`\0\0\0\0\1\0\0\20\1\0\0\0\0\0\0\0\0\0\0\0\0\0\0\240\0\0\0\230\0\0\08\0\0\0\3\0\0\0\0\0\0\0\331\0\254A\0\0\0\0O\306\277h\0\0\0\0\0\0\0\0\30\0\0\0\0\0\0\0\0\0\0\0\0\0\0\0\0\0\0\0\0\0\0\0\20\0\0\0\0\0\0\0\10\0\0\0\0\0\0\0\30\0\0\0\0\0\0\0\20\0\0\0\0\0\0\0\0\0\0\0\0\0\0\0001\0\0\0)\0\0\0content.mojom.SyntheticTrialConf"..., 392, MSG_NOSIGNAL, NULL, 0) = 392
10733 recvmsg(5, {msg_name=NULL, msg_namelen=0, msg_iov=[{iov_base="\20\0\0\0\210\1\0\0\22\337\351y\0\0\0\0\30\0\24\0\0\0\0\0\37\0\0\0\0\0\0\0\0\0\0\0\0\0\0\0H\0\0\0\0\0\0\0:\0\0\0\0\0\0\0\2\0\0\0\0\0\0\0\0\0\0\0\1\0\0\0\377\377\377\377\377\377\377\377\0\0\0\0\0\0\0\0`\0\0\0\0\1\0\0\20\1\0\0\0\0\0\0\0\0\0\0\0\0\0\0\240\0\0\0\230\0\0\08\0\0\0\3\0\0\0\0\0\0\0\331\0\254A\0\0\0\0O\306\277h\0\0\0\0\0\0\0\0\30\0\0\0\0\0\0\0\0\0\0\0\0\0\0\0\0\0\0\0\0\0\0\0\20\0\0\0\0\0\0\0\10\0\0\0\0\0\0\0\30\0\0\0\0\0\0\0\20\0\0\0\0\0\0\0\0\0\0\0\0\0\0\0001\0\0\0)\0\0\0content.mojom.SyntheticTrialConf"..., iov_len=4096}], msg_iovlen=1, msg_controllen=0, msg_flags=0}, MSG_DONTWAIT) = 392
10682 sendto(45, "\20\0\0\0p\0\0\0*\340\351y\0\0\0\0\30\0\24\0\0\0\0\0\26\0\0\0\0\0\0\0\0\0\0\0\0\0\0\0H\0\0\0\0\0\0\0.\0\0\0\0\0\0\0\n\0\0\0\0\0\0\0\0\0\0\0\1\0\0\0\0\0\0\0\0\0\0\0\0{\1\0\0\1\0\0\0\0\0\0\0\0\0\0\0\0\0\0\0\0\0\0\0\0\0\0\0\0\0\0", 112, MSG_NOSIGNAL, NULL, 0 <unfinished ...>
10662 sendto(37, "\20\0\0\0p\0\0\0\32\340\351y\0\0\0\0\30\0\24\0\0\0\0\0 \0\0\0\0\0\0\0\0\0\0\0\0\0\0\0H\0\0\0\0\0\0\0;\0\0\0\0\0\0\0\0\0\0\0\0\0\0\0\0\0\0\0\1\0\0\0\0\0\0\0\0\0\0\0\0\250\1\0\0\10\0\0\0\0\0\0\0\0\0\0\0\0\0\0\0\0\0\0\0\0\0\0\0\0\0\0", 112, MSG_NOSIGNAL, NULL, 0 <unfinished ...>
10682 <... sendto resumed>)             = 112
10662 <... sendto resumed>)             = 112
10721 recvmsg(14, {msg_name=NULL, msg_namelen=0, msg_iov=[{iov_base="\20\0\0\0p\0\0\0*\340\351y\0\0\0\0\30\0\24\0\0\0\0\0\26\0\0\0\0\0\0\0\0\0\0\0\0\0\0\0H\0\0\0\0\0\0\0.\0\0\0\0\0\0\0\n\0\0\0\0\0\0\0\0\0\0\0\1\0\0\0\0\0\0\0\0\0\0\0\0{\1\0\0\1\0\0\0\0\0\0\0\0\0\0\0\0\0\0\0\0\0\0\0\0\0\0\0\0\0\0", iov_len=4096}], msg_iovlen=1, msg_controllen=0, msg_flags=0}, MSG_DONTWAIT) = 112
10733 recvmsg(5, {msg_name=NULL, msg_namelen=0, msg_iov=[{iov_base="\20\0\0\0p\0\0\0\32\340\351y\0\0\0\0\30\0\24\0\0\0\0\0 \0\0\0\0\0\0\0\0\0\0\0\0\0\0\0H\0\0\0\0\0\0\0;\0\0\0\0\0\0\0\0\0\0\0\0\0\0\0\0\0\0\0\1\0\0\0\0\0\0\0\0\0\0\0\0\250\1\0\0\10\0\0\0\0\0\0\0\0\0\0\0\0\0\0\0\0\0\0\0\0\0\0\0\0\0\0", iov_len=4096}], msg_iovlen=1, msg_controllen=0, msg_flags=0}, MSG_DONTWAIT) = 112
10662 openat(AT_FDCWD, "/proc/10712/stat", O_RDONLY|O_CLOEXEC) = 39
10721 sendto(14, "\20\0\0\0p\0\0\0\272\342\351y\0\0\0\0\30\0\24\0\0\0\0\0\36\0\0\0\0\0\0\0\0\0\0\0\0\0\0\0H\0\0\0\0\0\0\0.\0\0\0\0\0\0\0\v\0\0\0\0\0\0\0\0\0\0\0\1\0\0\0\0\0\0\0\0\0\0\0\0{\1\0\0\1\0\0\0\0\0\0\0\0\0\0\0\0\0\0\0\0\0\0\0\0\0\0\0\0\0\0", 112, MSG_NOSIGNAL, NULL, 0) = 112
10687 recvmsg(45, {msg_name=NULL, msg_namelen=0, msg_iov=[{iov_base="\20\0\0\0p\0\0\0\272\342\351y\0\0\0\0\30\0\24\0\0\0\0\0\36\0\0\0\0\0\0\0\0\0\0\0\0\0\0\0H\0\0\0\0\0\0\0.\0\0\0\0\0\0\0\v\0\0\0\0\0\0\0\0\0\0\0\1\0\0\0\0\0\0\0\0\0\0\0\0{\1\0\0\1\0\0\0\0\0\0\0\0\0\0\0\0\0\0\0\0\0\0\0\0\0\0\0\0\0\0", iov_len=4096}], msg_iovlen=1, msg_controllen=0, msg_flags=0}, MSG_DONTWAIT) = 112
10683 openat(AT_FDCWD, "/tmp/playwright_chromiumdev_profile-92XQZ9/Default/Favicons", O_RDWR|O_CREAT|O_NOFOLLOW|O_CLOEXEC, 0600) = 41
10662 sendto(37, "\20\0\0\08\1\0\0\265\344\351y\0\0\0\0\30\0\24\0\0\0\0\0!\0\0\0\0\0\0\0\0\0\0\0\0\0\0\0H\0\0\0\0\0\0\0:\0\0\0\0\0\0\0\3\0\0\0\0\0\0\0\0\0\0\0\1\0\0\0\377\377\377\377\377\377\377\377\0\0\0\0\0\0\0\0`\0\0\0\260\0\0\0\300\0\0\0\0\0\0\0\0\0\0\0\0\0\0\0P\0\0\0H\0\0\08\0\0\0\3\0\0\0\0\0\0\0\265\307\331/\0\0\0\0H\306\277h\0\0\0\0\0\0\0\0\30\0\0\0\0\0\0\0\0\0\0\0\0\0\0\0\0\0\0\0\0\0\0\0\20\0\0\0\0\0\0\0\0\0\0\0\0\0\0\0\20\0\0\0\1\0\0\0\0\0\0\0\0\0\0\0h\0\0\0\1\0\0\0\0\0\0\0\0\0\0\0=\0\0\0\0\0\0\0\0\0\0\0\0\0\0\0\0\t\0\0@\0\0\0>\0\0\0\0\0\0\0"..., 312, MSG_NOSIGNAL, NULL, 0 <unfinished ...>
10682 sendto(45, "\20\0\0\0p\0\0\0\321\344\351y\0\0\0\0\30\0\24\0\0\0\0\0\27\0\0\0\0\0\0\0\0\0\0\0\0\0\0\0H\0\0\0\0\0\0\0.\0\0\0\0\0\0\0\v\0\0\0\0\0\0\0\0\0\0\0\1\0\0\0\0\0\0\0\0\0\0\0\0|\1\0\0\1\0\0\0\0\0\0\0\0\0\0\0\0\0\0\0\0\0\0\0\0\0\0\0\0\0\0", 112, MSG_NOSIGNAL, NULL, 0) = 112
10662 <... sendto resumed>)             = 312
10733 recvmsg(5, {msg_name=NULL, msg_namelen=0, msg_iov=[{iov_base="\20\0\0\08\1\0\0\265\344\351y\0\0\0\0\30\0\24\0\0\0\0\0!\0\0\0\0\0\0\0\0\0\0\0\0\0\0\0H\0\0\0\0\0\0\0:\0\0\0\0\0\0\0\3\0\0\0\0\0\0\0\0\0\0\0\1\0\0\0\377\377\377\377\377\377\377\377\0\0\0\0\0\0\0\0`\0\0\0\260\0\0\0\300\0\0\0\0\0\0\0\0\0\0\0\0\0\0\0P\0\0\0H\0\0\08\0\0\0\3\0\0\0\0\0\0\0\265\307\331/\0\0\0\0H\306\277h\0\0\0\0\0\0\0\0\30\0\0\0\0\0\0\0\0\0\0\0\0\0\0\0\0\0\0\0\0\0\0\0\20\0\0\0\0\0\0\0\0\0\0\0\0\0\0\0\20\0\0\0\1\0\0\0\0\0\0\0\0\0\0\0h\0\0\0\1\0\0\0\0\0\0\0\0\0\0\0=\0\0\0\0\0\0\0\0\0\0\0\0\0\0\0\0\t\0\0@\0\0\0>\0\0\0\0\0\0\0"..., iov_len=4096}], msg_iovlen=1, msg_controllen=0, msg_flags=0}, MSG_DONTWAIT) = 312
10721 recvmsg(14,  <unfinished ...>
10662 sendto(37, "\20\0\0\08\1\0\0{\345\351y\0\0\0\0\30\0\24\0\0\0\0\0\"\0\0\0\0\0\0\0\0\0\0\0\0\0\0\0H\0\0\0\0\0\0\0:\0\0\0\0\0\0\0\4\0\0\0\0\0\0\0\0\0\0\0\1\0\0\0\377\377\377\377\377\377\377\377\0\0\0\0\0\0\0\0`\0\0\0\260\0\0\0\300\0\0\0\0\0\0\0\0\0\0\0\0\0\0\0P\0\0\0H\0\0\08\0\0\0\3\0\0\0\0\0\0\0B\22\272M\0\0\0\0J\306\277h\0\0\0\0\0\0\0\0\30\0\0\0\0\0\0\0\0\0\0\0\0\0\0\0\0\0\0\0\0\0\0\0\20\0\0\0\0\0\0\0\0\0\0\0\0\0\0\0\20\0\0\0\1\0\0\0\0\0\0\0\0\0\0\0h\0\0\0\1\0\0\0\0\0\0\0\0\0\0\0?\0\0\0\0\0\0\0\0\0\0\0\0\0\0\0\300\t\0\0@\0\0\0@\0\0\0\0\0\0\0"..., 312, MSG_NOSIGNAL, NULL, 0 <unfinished ...>
10721 <... recvmsg resumed>{msg_name=NULL, msg_namelen=0, msg_iov=[{iov_base="\20\0\0\0p\0\0\0\321\344\351y\0\0\0\0\30\0\24\0\0\0\0\0\27\0\0\0\0\0\0\0\0\0\0\0\0\0\0\0H\0\0\0\0\0\0\0.\0\0\0\0\0\0\0\v\0\0\0\0\0\0\0\0\0\0\0\1\0\0\0\0\0\0\0\0\0\0\0\0|\1\0\0\1\0\0\0\0\0\0\0\0\0\0\0\0\0\0\0\0\0\0\0\0\0\0\0\0\0\0", iov_len=4096}], msg_iovlen=1, msg_controllen=0, msg_flags=0}, MSG_DONTWAIT) = 112
10662 <... sendto resumed>)             = 312
10733 recvmsg(5,  <unfinished ...>
10686 openat(AT_FDCWD, "/tmp/playwright_chromiumdev_profile-92XQZ9/Default/Account Web Data", O_RDWR|O_CREAT|O_NOFOLLOW|O_CLOEXEC, 0600 <unfinished ...>
10733 <... recvmsg resumed>{msg_name=NULL, msg_namelen=0, msg_iov=[{iov_base="\20\0\0\08\1\0\0{\345\351y\0\0\0\0\30\0\24\0\0\0\0\0\"\0\0\0\0\0\0\0\0\0\0\0\0\0\0\0H\0\0\0\0\0\0\0:\0\0\0\0\0\0\0\4\0\0\0\0\0\0\0\0\0\0\0\1\0\0\0\377\377\377\377\377\377\377\377\0\0\0\0\0\0\0\0`\0\0\0\260\0\0\0\300\0\0\0\0\0\0\0\0\0\0\0\0\0\0\0P\0\0\0H\0\0\08\0\0\0\3\0\0\0\0\0\0\0B\22\272M\0\0\0\0J\306\277h\0\0\0\0\0\0\0\0\30\0\0\0\0\0\0\0\0\0\0\0\0\0\0\0\0\0\0\0\0\0\0\0\20\0\0\0\0\0\0\0\0\0\0\0\0\0\0\0\20\0\0\0\1\0\0\0\0\0\0\0\0\0\0\0h\0\0\0\1\0\0\0\0\0\0\0\0\0\0\0?\0\0\0\0\0\0\0\0\0\0\0\0\0\0\0\300\t\0\0@\0\0\0@\0\0\0\0\0\0\0"..., iov_len=4096}], msg_iovlen=1, msg_controllen=0, msg_flags=0}, MSG_DONTWAIT) = 312
10662 sendto(37, "\20\0\0\0@\3\0\0\277\346\351y\0\0\0\0\30\0\24\0\0\0\0\0#\0\0\0\0\0\0\0\0\0\0\0\0\0\0\0H\0\0\0\0\0\0\0\17\0\0\0\0\0\0\0\22\0\0\0\0\0\0\0\0\0\0\0\1\0\0\0\0\0\0\0\0\0\0\0\0\320\1\0\0\20\0\0\0\0\0\0`\0\0\0\210\0\0\0\0\0\0\0\0\0\0\0\0\0\0\0(\0\0\0\7\0\0\0\0\0\0\0\0\0\0\0\0\0\0\0\0\0\0\0\0\0\0\0\0\0\0\0\0\0\0\0\0\0\0\0\250\2\0\0\7\0\0\0\0\0\0\0\0\0\0\0A\0\0\0\0\0\0\0\0\0\0\0\0\0\0\0\0\n\0\0@\0\0\0B\0\0\0\0\0\0\0\0\0\0\0\0\0\0\0\0\0\0\0\0\0\0\0\2\0\0\0\0\0\0\0\2\0\0\0\0\0\0\0\0\0\0\0\0\0\0\0\0\0\0\0\0\0\0\0\0\0\0\0\0\0\0\0"..., 832, MSG_NOSIGNAL, NULL, 0 <unfinished ...>
10686 <... openat resumed>)             = 39
10662 <... sendto resumed>)             = 832
10662 sendto(37, "\20\0\0\08\1\0\0Y\347\351y\0\0\0\0\30\0\24\0\0\0\0\0$\0\0\0\0\0\0\0\0\0\0\0\0\0\0\0H\0\0\0\0\0\0\0B\0\0\0\0\0\0\0\0\0\0\0\0\0\0\0\0\0\0\0\1\0\0\0\377\377\377\377\377\377\377\377\0\0\0\0\0\0\0\0`\0\0\0\260\0\0\0\300\0\0\0\0\0\0\0\0\0\0\0\0\0\0\0P\0\0\0H\0\0\08\0\0\0\3\0\0\0\0\0\0\0\336\10\367d\0\0\0\0\350\306\277h\0\0\0\0\0\0\0\0\30\0\0\0\0\0\0\0\0\0\0\0\0\0\0\0\0\0\0\0\0\0\0\0\20\0\0\0\0\0\0\0\0\0\0\0\0\0\0\0\20\0\0\0\1\0\0\0\0\0\0\0\0\0\0\0h\0\0\0\1\0\0\0\0\0\0\0\0\0\0\0O\0\0\0\0\0\0\0\0\0\0\0\0\0\0\0\300\v\0\0@\0\0\0P\0\0\0\0\0\0\0"..., 312, MSG_NOSIGNAL, NULL, 0) = 312
10662 sendto(37, "\20\0\0\0\330\2\0\0\331\347\351y\0\0\0\0\30\0\24\0\0\0\0\0%\0\0\0\0\0\0\0\0\0\0\0\0\0\0\0H\0\0\0\0\0\0\0B\0\0\0\0\0\0\0\1\0\0\0\0\0\0\0\0\0\0\0\1\0\0\0\377\377\377\377\377\377\377\377\0\0\0\0\0\0\0\0`\0\0\0P\2\0\0`\2\0\0\0\0\0\0\0\0\0\0\0\0\0\0\360\1\0\0\350\1\0\08\0\0\0\3\0\0\0\0\0\0\0\253\27\217e\0\0\0\0\260\306\277h\0\0\0\0\0\0\0\0\30\0\0\0\0\0\0\0\0\0\0\0\0\0\0\0\0\0\0\0\0\0\0\0\30\0\0\0\0\0\0\0\0\0\0\0\0\0\0\0\10\0\0\0\0\0\0\0\270\0\0\0\0\0\0\0\20\0\0\0\0\0\0\0\250\0\0\0\0\0\0\0\0\0\0\0\0\0\0\0\"\0\0\0\377\377\377\377\0\0\0\0\1\0\0\0\220\0\0\0\0\0\0\0"..., 728, MSG_NOSIGNAL, NULL, 0) = 728
10733 recvmsg(5,  <unfinished ...>
10710 recvmsg(14,  <unfinished ...>
10662 sendto(37, "\20\0\0\0\240\4\0\0L\350\351y\0\0\0\0\30\0\24\0\0\0\0\0&\0\0\0\0\0\0\0\0\0\0\0\0\0\0\0H\0\0\0\0\0\0\0R\0\0\0\0\0\0\0\0\0\0\0\0\0\0\0\0\0\0\0\1\0\0\0\377\377\377\377\377\377\377\377\0\0\0\0\0\0\0\0`\0\0\0\270\3\0\0\310\3\0\0\0\0\0\0\0\0\0\0\0\0\0\0X\3\0\0P\3\0\08\0\0\0\3\0\0\0\0\0\0\0I\0E&\0\0\0\0\263\306\277h\0\0\0\0\0\0\0\0\30\0\0\0\0\0\0\0\0\0\0\0\0\0\0\0\0\0\0\0\0\0\0\0000\0\0\0\0\0\0\0\0\0\0\0\0\0\0\0\0\0\0\0\0\0\0\0\30\0\0\0\0\0\0\0\1\0\0\0\0\0\0\0\340\2\0\0\0\0\0\0 \1\0\0\0\0\0\0\30\1\0\0\0\0\0\0 \1\0\0\0\0\0\0\340\1\0\0\0\0\0\0"..., 1184, MSG_NOSIGNAL, NULL, 0 <unfinished ...>
10733 <... recvmsg resumed>{msg_name=NULL, msg_namelen=0, msg_iov=[{iov_base="\20\0\0\0@\3\0\0\277\346\351y\0\0\0\0\30\0\24\0\0\0\0\0#\0\0\0\0\0\0\0\0\0\0\0\0\0\0\0H\0\0\0\0\0\0\0\17\0\0\0\0\0\0\0\22\0\0\0\0\0\0\0\0\0\0\0\1\0\0\0\0\0\0\0\0\0\0\0\0\320\1\0\0\20\0\0\0\0\0\0`\0\0\0\210\0\0\0\0\0\0\0\0\0\0\0\0\0\0\0(\0\0\0\7\0\0\0\0\0\0\0\0\0\0\0\0\0\0\0\0\0\0\0\0\0\0\0\0\0\0\0\0\0\0\0\0\0\0\0\250\2\0\0\7\0\0\0\0\0\0\0\0\0\0\0A\0\0\0\0\0\0\0\0\0\0\0\0\0\0\0\0\n\0\0@\0\0\0B\0\0\0\0\0\0\0\0\0\0\0\0\0\0\0\0\0\0\0\0\0\0\0\2\0\0\0\0\0\0\0\2\0\0\0\0\0\0\0\0\0\0\0\0\0\0\0\0\0\0\0\0\0\0\0\0\0\0\0\0\0\0\0"..., iov_len=4096}], msg_iovlen=1, msg_controllen=0, msg_flags=0}, MSG_DONTWAIT) = 1872
10710 <... recvmsg resumed>{msg_name=NULL, msg_namelen=0, msg_iov=[{iov_base="\20\0\0\0p\0\0\0\336\323\351y\0\0\0\0\30\0\24\0\0\0\0\0\25\0\0\0\0\0\0\0\0\0\0\0\0\0\0\0H\0\0\0\0\0\0\0\31\0\0\0\0\0\0\0\0\0\0\0\0\0\0\0\0\0\0\0\1\0\0\0\0\0\0\0\0\0\0\0\0{\1\0\0\1\0\0\0\0\0\0\0\0\0\0\0\0\0\0\0\0\0\0\0\0\0\0\0\0\0\0\20\0\0\0p\0\0\0=\326\351y\0\0\0\0\30\0\24\0\0\0\0\0\26\0\0\0\0\0\0\0\0\0\0\0\0\0\0\0H\0\0\0\0\0\0\0\31\0\0\0\0\0\0\0\1\0\0\0\0\0\0\0\0\0\0\0\1\0\0\0\0\0\0\0\0\0\0\0\0y\1\0\0\1\0\0\0\0\0\0\0\0\0\0\0\0\0\0\0\0\0\0\0\0\0\0\0\0\0\0", iov_len=4096}], msg_iovlen=1, msg_controllen=0, msg_flags=0}, MSG_DONTWAIT) = 224
10662 <... sendto resumed>)             = 1184
10721 sendto(14, "\20\0\0\0p\0\0\0\0\351\351y\0\0\0\0\30\0\24\0\0\0\0\0\37\0\0\0\0\0\0\0\0\0\0\0\0\0\0\0H\0\0\0\0\0\0\0.\0\0\0\0\0\0\0\f\0\0\0\0\0\0\0\0\0\0\0\1\0\0\0\0\0\0\0\0\0\0\0\0|\1\0\0\1\0\0\0\0\0\0\0\0\0\0\0\0\0\0\0\0\0\0\0\0\0\0\0\0\0\0", 112, MSG_NOSIGNAL, NULL, 0) = 112
10687 recvmsg(45, {msg_name=NULL, msg_namelen=0, msg_iov=[{iov_base="\20\0\0\0p\0\0\0\0\351\351y\0\0\0\0\30\0\24\0\0\0\0\0\37\0\0\0\0\0\0\0\0\0\0\0\0\0\0\0H\0\0\0\0\0\0\0.\0\0\0\0\0\0\0\f\0\0\0\0\0\0\0\0\0\0\0\1\0\0\0\0\0\0\0\0\0\0\0\0|\1\0\0\1\0\0\0\0\0\0\0\0\0\0\0\0\0\0\0\0\0\0\0\0\0\0\0\0\0\0", iov_len=4096}], msg_iovlen=1, msg_controllen=0, msg_flags=0}, MSG_DONTWAIT) = 112
10733 sendto(5, "\20\0\0\0\240\1\0\0\23\352\351y\0\0\0\0\30\0\24\0\0\0\0\0\30\0\0\0\0\0\0\0\0\0\0\0\0\0\0\0H\0\0\0\0\0\0\0K\0\0\0\0\0\0\0\0\0\0\0\0\0\0\0\0\0\0\0\1\0\0\0\377\377\377\377\377\377\377\377\0\0\0\0\0\0\0\0`\0\0\0\270\0\0\0\310\0\0\0\0\0\0\0\0\0\0\0\0\0\0\0X\0\0\0P\0\0\08\0\0\0\3\0\0\0\0\0\0\0t\2120%\0\0\0\0X\2\331y\0\0\0\0\0\0\0\0\30\0\0\0\0\0\0\0\0\0\0\0\0\0\0\0\0\0\0\0\0\0\0\0\30\0\0\0\0\0\0\0\0\0\0\0\0\0\0\0\1\0\0\0\0\0\0\0\20\0\0\0\2\0\0\0\0\0\0\0\0\0\0\0\310\0\0\0\2\0\0\0\0\0\0\0\0\0\0\0W\0\0\0\0\0\0\0\0\0\0\0\0\0\0\0\300\f\0\0@\0\0\0"..., 416, MSG_NOSIGNAL, NULL, 0) = 416
10687 recvmsg(37,  <unfinished ...>
10682 openat(AT_FDCWD, "/tmp/playwright_chromiumdev_profile-92XQZ9/Default/Local Storage/leveldb/CURRENT", O_RDONLY <unfinished ...>
10687 <... recvmsg resumed>{msg_name=NULL, msg_namelen=0, msg_iov=[{iov_base="\20\0\0\0\240\1\0\0\23\352\351y\0\0\0\0\30\0\24\0\0\0\0\0\30\0\0\0\0\0\0\0\0\0\0\0\0\0\0\0H\0\0\0\0\0\0\0K\0\0\0\0\0\0\0\0\0\0\0\0\0\0\0\0\0\0\0\1\0\0\0\377\377\377\377\377\377\377\377\0\0\0\0\0\0\0\0`\0\0\0\270\0\0\0\310\0\0\0\0\0\0\0\0\0\0\0\0\0\0\0X\0\0\0P\0\0\08\0\0\0\3\0\0\0\0\0\0\0t\2120%\0\0\0\0X\2\331y\0\0\0\0\0\0\0\0\30\0\0\0\0\0\0\0\0\0\0\0\0\0\0\0\0\0\0\0\0\0\0\0\30\0\0\0\0\0\0\0\0\0\0\0\0\0\0\0\1\0\0\0\0\0\0\0\20\0\0\0\2\0\0\0\0\0\0\0\0\0\0\0\310\0\0\0\2\0\0\0\0\0\0\0\0\0\0\0W\0\0\0\0\0\0\0\0\0\0\0\0\0\0\0\300\f\0\0@\0\0\0"..., iov_len=4096}], msg_iovlen=1, msg_controllen=0, msg_flags=0}, MSG_DONTWAIT) = 416
10682 <... openat resumed>)             = 42
10682 sendmsg(45, {msg_name=NULL, msg_namelen=0, msg_iov=[{iov_base="\20\0\1\0\250\0\0\0u\353\351y\0\0\0\0\30\0\24\0\0\0\0\0\30\0\0\0\0\0\0\0p\0\0\0\0\0\0\0H\0\0\0\0\0\0\0.\0\0\0\0\0\0\0\f\0\0\0\0\0\0\0\0\0\0\0\1\0\0\0\0\0\0\0\0\0\0\0\0{\1\0\0\1\0\0\0\0\0\0`\0\0\0\0\0\0\0\0\0\0\0\0\0\0\0\1\0\0\0\20\0\0\0\1\0\0\0\1\0\0\0\0\0\0\0\20\0\0\0\1\0\0\0\200\0\0\0\0\0\1\0\30\0\0\0\20\0\0\0\10\0\0\0\4\0\0\0\10\0\0\0\0\0\0\0", iov_len=168}], msg_iovlen=1, msg_control=[{cmsg_len=20, cmsg_level=SOL_SOCKET, cmsg_type=SCM_RIGHTS, cmsg_data=[42]}], msg_controllen=20, msg_flags=0}, MSG_NOSIGNAL) = 168
10721 recvmsg(14, {msg_name=NULL, msg_namelen=0, msg_iov=[{iov_base="\20\0\1\0\250\0\0\0u\353\351y\0\0\0\0\30\0\24\0\0\0\0\0\30\0\0\0\0\0\0\0p\0\0\0\0\0\0\0H\0\0\0\0\0\0\0.\0\0\0\0\0\0\0\f\0\0\0\0\0\0\0\0\0\0\0\1\0\0\0\0\0\0\0\0\0\0\0\0{\1\0\0\1\0\0\0\0\0\0`\0\0\0\0\0\0\0\0\0\0\0\0\0\0\0\1\0\0\0\20\0\0\0\1\0\0\0\1\0\0\0\0\0\0\0\20\0\0\0\1\0\0\0\200\0\0\0\0\0\1\0\30\0\0\0\20\0\0\0\10\0\0\0\4\0\0\0\10\0\0\0\0\0\0\0", iov_len=4096}], msg_iovlen=1, msg_control=[{cmsg_len=20, cmsg_level=SOL_SOCKET, cmsg_type=SCM_RIGHTS, cmsg_data=[23]}], msg_controllen=24, msg_flags=0}, MSG_DONTWAIT) = 168
10733 sendto(5, "\20\0\0\0\320\0\0\0\247\355\351y\0\0\0\0\30\0\24\0\0\0\0\0\31\0\0\0\0\0\0\0\0\0\0\0\0\0\0\0H\0\0\0\0\0\0\0K\0\0\0\0\0\0\0\1\0\0\0\0\0\0\0\0\0\0\0\1\0\0\0\377\377\377\377\377\377\377\377\0\0\0\0\0\0\0\0`\0\0\0\0\0\0\0\0\0\0\0\0\0\0\0\0\0\0\0\0\0\0\0`\0\0\0X\0\0\08\0\0\0\3\0\0\0\0\0\0\0\254\206\266d\0\0\0\0[\2\331y\0\0\0\0\0\0\0\0\30\0\0\0\0\0\0\0\0\0\0\0\0\0\0\0\0\0\0\0\0\0\0\0\20\0\0\0\0\0\0\0\10\0\0\0\0\0\0\0\20\0\0\0\0\0\0\0\0\0\0\0\0\0\0\0", 208, MSG_NOSIGNAL, NULL, 0) = 208
10687 recvmsg(37, {msg_name=NULL, msg_namelen=0, msg_iov=[{iov_base="\20\0\0\0\320\0\0\0\247\355\351y\0\0\0\0\30\0\24\0\0\0\0\0\31\0\0\0\0\0\0\0\0\0\0\0\0\0\0\0H\0\0\0\0\0\0\0K\0\0\0\0\0\0\0\1\0\0\0\0\0\0\0\0\0\0\0\1\0\0\0\377\377\377\377\377\377\377\377\0\0\0\0\0\0\0\0`\0\0\0\0\0\0\0\0\0\0\0\0\0\0\0\0\0\0\0\0\0\0\0`\0\0\0X\0\0\08\0\0\0\3\0\0\0\0\0\0\0\254\206\266d\0\0\0\0[\2\331y\0\0\0\0\0\0\0\0\30\0\0\0\0\0\0\0\0\0\0\0\0\0\0\0\0\0\0\0\0\0\0\0\20\0\0\0\0\0\0\0\10\0\0\0\0\0\0\0\20\0\0\0\0\0\0\0\0\0\0\0\0\0\0\0", iov_len=4096}], msg_iovlen=1, msg_controllen=0, msg_flags=0}, MSG_DONTWAIT) = 208
10712 sendto(5, "\20\0\0\0(\1\0\0\375\355\351y\0\0\0\0\30\0\24\0\0\0\0\0\32\0\0\0\0\0\0\0\0\0\0\0\0\0\0\0H\0\0\0\0\0\0\0\"\0\0\0\0\0\0\0\1\0\0\0\0\0\0\0\0\0\0\0\1\0\0\0\377\377\377\377\377\377\377\377\0\0\0\0\0\0\0\0`\0\0\0\0\0\0\0\0\0\0\0\0\0\0\0\0\0\0\0\0\0\0\0\270\0\0\0\260\0\0\08\0\0\0\3\0\0\0\0\0\0\0\207(5\1\0\0\0\0Z\2\331y\0\0\0\0\0\0\0\0\30\0\0\0\0\0\0\0\0\0\0\0\0\0\0\0\0\0\0\0\0\0\0\0\20\0\0\0\0\0\0\0\10\0\0\0\0\0\0\0\20\0\0\0\1\0\0\0\10\0\0\0\0\0\0\0 \0\0\0\0\0\0\0\370v\6\316\0\0\0\0\20\0\0\0\0\0\0\0(\0\0\0\0\0\0\0\35\0\0\0\25\0\0\0SSLClien"..., 296, MSG_NOSIGNAL, NULL, 0 <unfinished ...>
10733 recvmsg(5, {msg_name=NULL, msg_namelen=0, msg_iov=[{iov_base="\20\0\0\0\240\4\0\0L\350\351y\0\0\0\0\30\0\24\0\0\0\0\0&\0\0\0\0\0\0\0\0\0\0\0\0\0\0\0H\0\0\0\0\0\0\0R\0\0\0\0\0\0\0\0\0\0\0\0\0\0\0\0\0\0\0\1\0\0\0\377\377\377\377\377\377\377\377\0\0\0\0\0\0\0\0`\0\0\0\270\3\0\0\310\3\0\0\0\0\0\0\0\0\0\0\0\0\0\0X\3\0\0P\3\0\08\0\0\0\3\0\0\0\0\0\0\0I\0E&\0\0\0\0\263\306\277h\0\0\0\0\0\0\0\0\30\0\0\0\0\0\0\0\0\0\0\0\0\0\0\0\0\0\0\0\0\0\0\0000\0\0\0\0\0\0\0\0\0\0\0\0\0\0\0\0\0\0\0\0\0\0\0\30\0\0\0\0\0\0\0\1\0\0\0\0\0\0\0\340\2\0\0\0\0\0\0 \1\0\0\0\0\0\0\30\1\0\0\0\0\0\0 \1\0\0\0\0\0\0\340\1\0\0\0\0\0\0"..., iov_len=4096}], msg_iovlen=1, msg_controllen=0, msg_flags=0}, MSG_DONTWAIT) = 1184
10683 openat(AT_FDCWD, "/tmp/playwright_chromiumdev_profile-92XQZ9/Default/Favicons-journal", O_RDWR|O_CREAT|O_NOFOLLOW|O_CLOEXEC, 0600 <unfinished ...>
10686 openat(AT_FDCWD, "/tmp/playwright_chromiumdev_profile-92XQZ9/Default/Account Web Data-journal", O_RDWR|O_CREAT|O_NOFOLLOW|O_CLOEXEC, 0600 <unfinished ...>
10683 <... openat resumed>)             = 42
10686 <... openat resumed>)             = 50
10712 <... sendto resumed>)             = 296
10687 recvmsg(37, {msg_name=NULL, msg_namelen=0, msg_iov=[{iov_base="\20\0\0\0(\1\0\0\375\355\351y\0\0\0\0\30\0\24\0\0\0\0\0\32\0\0\0\0\0\0\0\0\0\0\0\0\0\0\0H\0\0\0\0\0\0\0\"\0\0\0\0\0\0\0\1\0\0\0\0\0\0\0\0\0\0\0\1\0\0\0\377\377\377\377\377\377\377\377\0\0\0\0\0\0\0\0`\0\0\0\0\0\0\0\0\0\0\0\0\0\0\0\0\0\0\0\0\0\0\0\270\0\0\0\260\0\0\08\0\0\0\3\0\0\0\0\0\0\0\207(5\1\0\0\0\0Z\2\331y\0\0\0\0\0\0\0\0\30\0\0\0\0\0\0\0\0\0\0\0\0\0\0\0\0\0\0\0\0\0\0\0\20\0\0\0\0\0\0\0\10\0\0\0\0\0\0\0\20\0\0\0\1\0\0\0\10\0\0\0\0\0\0\0 \0\0\0\0\0\0\0\370v\6\316\0\0\0\0\20\0\0\0\0\0\0\0(\0\0\0\0\0\0\0\35\0\0\0\25\0\0\0SSLClien"..., iov_len=4096}], msg_iovlen=1, msg_controllen=0, msg_flags=0}, MSG_DONTWAIT) = 296
10721 sendto(14, "\20\0\0\0p\0\0\0\354\361\351y\0\0\0\0\30\0\24\0\0\0\0\0 \0\0\0\0\0\0\0\0\0\0\0\0\0\0\0H\0\0\0\0\0\0\0.\0\0\0\0\0\0\0\r\0\0\0\0\0\0\0\0\0\0\0\1\0\0\0\0\0\0\0\0\0\0\0\0{\1\0\0\1\0\0\0\0\0\0\0\0\0\0\0\0\0\0\0\0\0\0\0\0\0\0\0\0\0\0", 112, MSG_NOSIGNAL, NULL, 0) = 112
10687 recvmsg(45, {msg_name=NULL, msg_namelen=0, msg_iov=[{iov_base="\20\0\0\0p\0\0\0\354\361\351y\0\0\0\0\30\0\24\0\0\0\0\0 \0\0\0\0\0\0\0\0\0\0\0\0\0\0\0H\0\0\0\0\0\0\0.\0\0\0\0\0\0\0\r\0\0\0\0\0\0\0\0\0\0\0\1\0\0\0\0\0\0\0\0\0\0\0\0{\1\0\0\1\0\0\0\0\0\0\0\0\0\0\0\0\0\0\0\0\0\0\0\0\0\0\0\0\0\0", iov_len=4096}], msg_iovlen=1, msg_controllen=0, msg_flags=0}, MSG_DONTWAIT) = 112
10686 openat(AT_FDCWD, "/tmp/playwright_chromiumdev_profile-92XQZ9/Default", O_RDONLY|O_CLOEXEC) = 84
10682 openat(AT_FDCWD, "/tmp/playwright_chromiumdev_profile-92XQZ9/Default/Local Storage/leveldb/MANIFEST-000001", O_RDONLY) = 85
10682 sendmsg(45, {msg_name=NULL, msg_namelen=0, msg_iov=[{iov_base="\20\0\1\0\250\0\0\0\323\363\351y\0\0\0\0\30\0\24\0\0\0\0\0\31\0\0\0\0\0\0\0p\0\0\0\0\0\0\0H\0\0\0\0\0\0\0.\0\0\0\0\0\0\0\r\0\0\0\0\0\0\0\0\0\0\0\1\0\0\0\0\0\0\0\0\0\0\0\0|\1\0\0\1\0\0\0\0\0\0`\0\0\0\0\0\0\0\0\0\0\0\0\0\0\0\1\0\0\0\20\0\0\0\1\0\0\0\1\0\0\0\0\0\0\0\20\0\0\0\1\0\0\0\200\0\0\0\0\0\1\0\30\0\0\0\20\0\0\0\10\0\0\0\4\0\0\0\10\0\0\0\0\0\0\0", iov_len=168}], msg_iovlen=1, msg_control=[{cmsg_len=20, cmsg_level=SOL_SOCKET, cmsg_type=SCM_RIGHTS, cmsg_data=[85]}], msg_controllen=20, msg_flags=0}, MSG_NOSIGNAL) = 168
10721 recvmsg(14, {msg_name=NULL, msg_namelen=0, msg_iov=[{iov_base="\20\0\1\0\250\0\0\0\323\363\351y\0\0\0\0\30\0\24\0\0\0\0\0\31\0\0\0\0\0\0\0p\0\0\0\0\0\0\0H\0\0\0\0\0\0\0.\0\0\0\0\0\0\0\r\0\0\0\0\0\0\0\0\0\0\0\1\0\0\0\0\0\0\0\0\0\0\0\0|\1\0\0\1\0\0\0\0\0\0`\0\0\0\0\0\0\0\0\0\0\0\0\0\0\0\1\0\0\0\20\0\0\0\1\0\0\0\1\0\0\0\0\0\0\0\20\0\0\0\1\0\0\0\200\0\0\0\0\0\1\0\30\0\0\0\20\0\0\0\10\0\0\0\4\0\0\0\10\0\0\0\0\0\0\0", iov_len=4096}], msg_iovlen=1, msg_control=[{cmsg_len=20, cmsg_level=SOL_SOCKET, cmsg_type=SCM_RIGHTS, cmsg_data=[23]}], msg_controllen=24, msg_flags=0}, MSG_DONTWAIT) = 168
10733 socket(AF_INET6, SOCK_DGRAM, IPPROTO_IP <unfinished ...>
10662 openat(AT_FDCWD, "/proc/10713/stat", O_RDONLY|O_CLOEXEC <unfinished ...>
10733 <... socket resumed>)             = 18
10662 <... openat resumed>)             = 84
10721 sendto(14, "\20\0\0\0p\0\0\0\333\366\351y\0\0\0\0\30\0\24\0\0\0\0\0!\0\0\0\0\0\0\0\0\0\0\0\0\0\0\0H\0\0\0\0\0\0\0.\0\0\0\0\0\0\0\16\0\0\0\0\0\0\0\0\0\0\0\1\0\0\0\0\0\0\0\0\0\0\0\0|\1\0\0\1\0\0\0\0\0\0\0\0\0\0\0\0\0\0\0\0\0\0\0\0\0\0\0\0\0\0", 112, MSG_NOSIGNAL, NULL, 0) = 112
10733 connect(18, {sa_family=AF_INET6, sin6_port=htons(443), sin6_flowinfo=htonl(0), inet_pton(AF_INET6, "2001:4860:4860::8888", &sin6_addr), sin6_scope_id=0}, 28 <unfinished ...>
10687 recvmsg(45,  <unfinished ...>
10733 <... connect resumed>)            = -1 ENETUNREACH (Network is unreachable)
10687 <... recvmsg resumed>{msg_name=NULL, msg_namelen=0, msg_iov=[{iov_base="\20\0\0\0p\0\0\0\333\366\351y\0\0\0\0\30\0\24\0\0\0\0\0!\0\0\0\0\0\0\0\0\0\0\0\0\0\0\0H\0\0\0\0\0\0\0.\0\0\0\0\0\0\0\16\0\0\0\0\0\0\0\0\0\0\0\1\0\0\0\0\0\0\0\0\0\0\0\0|\1\0\0\1\0\0\0\0\0\0\0\0\0\0\0\0\0\0\0\0\0\0\0\0\0\0\0\0\0\0", iov_len=4096}], msg_iovlen=1, msg_controllen=0, msg_flags=0}, MSG_DONTWAIT) = 112
10733 socket(AF_INET, SOCK_DGRAM, IPPROTO_IP <unfinished ...>
10662 openat(AT_FDCWD, "/proc/10713/status", O_RDONLY|O_CLOEXEC <unfinished ...>
10733 <... socket resumed>)             = 18
10662 <... openat resumed>)             = 84
10682 sendto(45, "\20\0\0\0p\0\0\0Z\371\351y\0\0\0\0\30\0\24\0\0\0\0\0\32\0\0\0\0\0\0\0\0\0\0\0\0\0\0\0H\0\0\0\0\0\0\0.\0\0\0\0\0\0\0\16\0\0\0\0\0\0\0\0\0\0\0\1\0\0\0\0\0\0\0\0\0\0\0\0{\1\0\0\1\0\0\0\0\0\0\0\0\0\0\0\0\0\0\0\0\0\0\0\0\0\0\0\0\0\0", 112, MSG_NOSIGNAL, NULL, 0 <unfinished ...>
10683 openat(AT_FDCWD, "/tmp/playwright_chromiumdev_profile-92XQZ9/Default", O_RDONLY|O_CLOEXEC <unfinished ...>
10682 <... sendto resumed>)             = 112
10733 bind(18, {sa_family=AF_INET, sin_port=htons(36592), sin_addr=inet_addr("0.0.0.0")}, 16 <unfinished ...>
10683 <... openat resumed>)             = 85
10733 <... bind resumed>)               = 0
10721 recvmsg(14, {msg_name=NULL, msg_namelen=0, msg_iov=[{iov_base="\20\0\0\0p\0\0\0Z\371\351y\0\0\0\0\30\0\24\0\0\0\0\0\32\0\0\0\0\0\0\0\0\0\0\0\0\0\0\0H\0\0\0\0\0\0\0.\0\0\0\0\0\0\0\16\0\0\0\0\0\0\0\0\0\0\0\1\0\0\0\0\0\0\0\0\0\0\0\0{\1\0\0\1\0\0\0\0\0\0\0\0\0\0\0\0\0\0\0\0\0\0\0\0\0\0\0\0\0\0", iov_len=4096}], msg_iovlen=1, msg_controllen=0, msg_flags=0}, MSG_DONTWAIT) = 112
10733 connect(18, {sa_family=AF_INET, sin_port=htons(53), sin_addr=inet_addr("127.0.0.53")}, 16) = 0
10733 getsockname(18, {sa_family=AF_INET, sin_port=htons(36592), sin_addr=inet_addr("127.0.0.1")}, [128 => 16]) = 0
10733 sendto(18, "\200\237\1\0\0\1\0\0\0\0\0\0\10clients2\6google\3com\0\0A\0\1", 37, 0, NULL, 0) = 37
10662 sendto(45, "\20\0\0\0\350\0\0\0s\373\351y\0\0\0\0\30\0\24\0\0\0\0\0\33\0\0\0\0\0\0\0\0\0\0\0\0\0\0\0H\0\0\0\0\0\0\0\31\0\0\0\0\0\0\0\2\0\0\0\0\0\0\0\0\0\0\0\1\0\0\0\0\0\0\0\0\0\0\0\0{\1\0\0\1\0\0\0\0\0\0`\0\0\0p\0\0\0\0\0\0\0\0\0\0\0\0\0\0\0\20\0\0\0\1\0\0\0\0\0\0\0\0\0\0\0h\0\0\0\1\0\0\0\0\0\0\0\0\0\0\0002\0\0\0\0\0\0\0\0\0\0\0\0\0\0\0\200\10\0\0@\0\0\0003\0\0\0\0\0\0\0\0\0\0\0\0\0\0\0\0\0\0\0\0\0\0\0\0\0\0\0\0\0\0\0\2\0\0\0\0\0\0\0\0\0\0\0\0\0\0\0\0\0\0\0\0\0\0\0\0\0\0\0\0\0\0\0", 232, MSG_NOSIGNAL, NULL, 0 <unfinished ...>
10721 sendto(14, "\20\0\0\0p\0\0\0z\373\351y\0\0\0\0\30\0\24\0\0\0\0\0\"\0\0\0\0\0\0\0\0\0\0\0\0\0\0\0H\0\0\0\0\0\0\0.\0\0\0\0\0\0\0\17\0\0\0\0\0\0\0\0\0\0\0\1\0\0\0\0\0\0\0\0\0\0\0\0|\1\0\0\1\0\0\0\0\0\0\0\0\0\0\0\0\0\0\0\0\0\0\0\0\0\0\0\0\0\0", 112, MSG_NOSIGNAL, NULL, 0 <unfinished ...>
10662 <... sendto resumed>)             = 232
10721 <... sendto resumed>)             = 112
10662 sendto(45, "\20\0\0\0p\0\0\0\327\373\351y\0\0\0\0\30\0\24\0\0\0\0\0\34\0\0\0\0\0\0\0\0\0\0\0\0\0\0\0H\0\0\0\0\0\0\0002\0\0\0\0\0\0\0\0\0\0\0\0\0\0\0\0\0\0\0\1\0\0\0\0\0\0\0\0\0\0\0\0\250\1\0\0\10\0\0\0\0\0\0\0\0\0\0\0\0\0\0\0\0\0\0\0\0\0\0\0\0\0\0", 112, MSG_NOSIGNAL, NULL, 0 <unfinished ...>
10687 recvmsg(45,  <unfinished ...>
10662 <... sendto resumed>)             = 112
10687 <... recvmsg resumed>{msg_name=NULL, msg_namelen=0, msg_iov=[{iov_base="\20\0\0\0p\0\0\0z\373\351y\0\0\0\0\30\0\24\0\0\0\0\0\"\0\0\0\0\0\0\0\0\0\0\0\0\0\0\0H\0\0\0\0\0\0\0.\0\0\0\0\0\0\0\17\0\0\0\0\0\0\0\0\0\0\0\1\0\0\0\0\0\0\0\0\0\0\0\0|\1\0\0\1\0\0\0\0\0\0\0\0\0\0\0\0\0\0\0\0\0\0\0\0\0\0\0\0\0\0", iov_len=4096}], msg_iovlen=1, msg_controllen=0, msg_flags=0}, MSG_DONTWAIT) = 112
10721 recvmsg(14,  <unfinished ...>
10733 recvmsg(18,  <unfinished ...>
10721 <... recvmsg resumed>{msg_name=NULL, msg_namelen=0, msg_iov=[{iov_base="\20\0\0\0\350\0\0\0s\373\351y\0\0\0\0\30\0\24\0\0\0\0\0\33\0\0\0\0\0\0\0\0\0\0\0\0\0\0\0H\0\0\0\0\0\0\0\31\0\0\0\0\0\0\0\2\0\0\0\0\0\0\0\0\0\0\0\1\0\0\0\0\0\0\0\0\0\0\0\0{\1\0\0\1\0\0\0\0\0\0`\0\0\0p\0\0\0\0\0\0\0\0\0\0\0\0\0\0\0\20\0\0\0\1\0\0\0\0\0\0\0\0\0\0\0h\0\0\0\1\0\0\0\0\0\0\0\0\0\0\0002\0\0\0\0\0\0\0\0\0\0\0\0\0\0\0\200\10\0\0@\0\0\0003\0\0\0\0\0\0\0\0\0\0\0\0\0\0\0\0\0\0\0\0\0\0\0\0\0\0\0\0\0\0\0\2\0\0\0\0\0\0\0\0\0\0\0\0\0\0\0\0\0\0\0\0\0\0\0\0\0\0\0\0\0\0\0\20\0\0\0p\0\0\0\327\373\351y\0\0\0\0\30\0\24\0\0\0\0\0"..., iov_len=4096}], msg_iovlen=1, msg_controllen=0, msg_flags=0}, MSG_DONTWAIT) = 344
10733 <... recvmsg resumed>{msg_namelen=128}, 0) = -1 ECONNREFUSED (Connection refused)
10662 openat(AT_FDCWD, "/proc/10713/stat", O_RDONLY|O_CLOEXEC <unfinished ...>
10733 socket(AF_INET, SOCK_DGRAM, IPPROTO_IP <unfinished ...>
10662 <... openat resumed>)             = 84
10733 <... socket resumed>)             = 19
10682 openat(AT_FDCWD, "/tmp/playwright_chromiumdev_profile-92XQZ9/Default/Local Storage/leveldb/MANIFEST-000001", O_WRONLY|O_APPEND) = 85
10682 sendmsg(45, {msg_name=NULL, msg_namelen=0, msg_iov=[{iov_base="\20\0\1\0\250\0\0\0\314\375\351y\0\0\0\0\30\0\24\0\0\0\0\0\35\0\0\0\0\0\0\0p\0\0\0\0\0\0\0H\0\0\0\0\0\0\0.\0\0\0\0\0\0\0\17\0\0\0\0\0\0\0\0\0\0\0\1\0\0\0\0\0\0\0\0\0\0\0\0{\1\0\0\1\0\0\0\0\0\0`\0\0\0\0\0\0\0\0\0\0\0\0\0\0\0\1\0\0\0\20\0\0\0\1\0\0\0\1\0\0\0\0\0\0\0\20\0\0\0\1\0\0\0\200\0\0\0\0\0\1\0\30\0\0\0\20\0\0\0\10\0\0\0\4\0\0\0\10\0\0\0\0\0\0\0", iov_len=168}], msg_iovlen=1, msg_control=[{cmsg_len=20, cmsg_level=SOL_SOCKET, cmsg_type=SCM_RIGHTS, cmsg_data=[85]}], msg_controllen=20, msg_flags=0}, MSG_NOSIGNAL <unfinished ...>
10733 bind(19, {sa_family=AF_INET, sin_port=htons(11765), sin_addr=inet_addr("0.0.0.0")}, 16) = 0
10682 <... sendmsg resumed>)            = 168
10733 connect(19, {sa_family=AF_INET, sin_port=htons(53), sin_addr=inet_addr("127.0.0.53")}, 16 <unfinished ...>
10721 recvmsg(14,  <unfinished ...>
10733 <... connect resumed>)            = 0
10721 <... recvmsg resumed>{msg_name=NULL, msg_namelen=0, msg_iov=[{iov_base="\20\0\1\0\250\0\0\0\314\375\351y\0\0\0\0\30\0\24\0\0\0\0\0\35\0\0\0\0\0\0\0p\0\0\0\0\0\0\0H\0\0\0\0\0\0\0.\0\0\0\0\0\0\0\17\0\0\0\0\0\0\0\0\0\0\0\1\0\0\0\0\0\0\0\0\0\0\0\0{\1\0\0\1\0\0\0\0\0\0`\0\0\0\0\0\0\0\0\0\0\0\0\0\0\0\1\0\0\0\20\0\0\0\1\0\0\0\1\0\0\0\0\0\0\0\20\0\0\0\1\0\0\0\200\0\0\0\0\0\1\0\30\0\0\0\20\0\0\0\10\0\0\0\4\0\0\0\10\0\0\0\0\0\0\0", iov_len=4096}], msg_iovlen=1, msg_control=[{cmsg_len=20, cmsg_level=SOL_SOCKET, cmsg_type=SCM_RIGHTS, cmsg_data=[23]}], msg_controllen=24, msg_flags=0}, MSG_DONTWAIT) = 168
10733 getsockname(19, {sa_family=AF_INET, sin_port=htons(11765), sin_addr=inet_addr("127.0.0.1")}, [128 => 16]) = 0
10733 sendto(19, "\374\\\1\0\0\1\0\0\0\0\0\0\10clients2\6google\3com\0\0A\0\1", 37, 0, NULL, 0 <unfinished ...>
10721 sendto(14, "\20\0\0\0p\0\0\0\344\0\352y\0\0\0\0\30\0\24\0\0\0\0\0#\0\0\0\0\0\0\0\0\0\0\0\0\0\0\0H\0\0\0\0\0\0\0.\0\0\0\0\0\0\0\20\0\0\0\0\0\0\0\0\0\0\0\1\0\0\0\0\0\0\0\0\0\0\0\0{\1\0\0\1\0\0\0\0\0\0\0\0\0\0\0\0\0\0\0\0\0\0\0\0\0\0\0\0\0\0", 112, MSG_NOSIGNAL, NULL, 0 <unfinished ...>
10662 sendto(45, "\20\0\0\0\350\0\0\0\375\0\352y\0\0\0\0\30\0\24\0\0\0\0\0\36\0\0\0\0\0\0\0\0\0\0\0\0\0\0\0H\0\0\0\0\0\0\0\31\0\0\0\0\0\0\0\3\0\0\0\0\0\0\0\0\0\0\0\1\0\0\0\0\0\0\0\0\0\0\0\0|\1\0\0\1\0\0\0\0\0\0`\0\0\0p\0\0\0\0\0\0\0\0\0\0\0\0\0\0\0\20\0\0\0\1\0\0\0\0\0\0\0\0\0\0\0h\0\0\0\1\0\0\0\0\0\0\0\0\0\0\0004\0\0\0\0\0\0\0\0\0\0\0\0\0\0\0\300\10\0\0@\0\0\0005\0\0\0\0\0\0\0\0\0\0\0\0\0\0\0\0\0\0\0\0\0\0\0\0\0\0\0\0\0\0\0\2\0\0\0\0\0\0\0\0\0\0\0\0\0\0\0\0\0\0\0\0\0\0\0\0\0\0\0\0\0\0\0", 232, MSG_NOSIGNAL, NULL, 0 <unfinished ...>
10721 <... sendto resumed>)             = 112
10662 <... sendto resumed>)             = 232
10687 recvmsg(45,  <unfinished ...>
10662 sendto(45, "\20\0\0\0\350\0\0\0`\1\352y\0\0\0\0\30\0\24\0\0\0\0\0\37\0\0\0\0\0\0\0\0\0\0\0\0\0\0\0H\0\0\0\0\0\0\0\31\0\0\0\0\0\0\0\4\0\0\0\0\0\0\0\0\0\0\0\1\0\0\0\0\0\0\0\0\0\0\0\0}\1\0\0\1\0\0\0\0\0\0`\0\0\0p\0\0\0\0\0\0\0\0\0\0\0\0\0\0\0\20\0\0\0\1\0\0\0\0\0\0\0\0\0\0\0h\0\0\0\1\0\0\0\0\0\0\0\0\0\0\0006\0\0\0\0\0\0\0\0\0\0\0\0\0\0\0\0\t\0\0@\0\0\0007\0\0\0\0\0\0\0\0\0\0\0\0\0\0\0\0\0\0\0\0\0\0\0\0\0\0\0\0\0\0\0\2\0\0\0\0\0\0\0\0\0\0\0\0\0\0\0\0\0\0\0\0\0\0\0\0\0\0\0\0\0\0\0", 232, MSG_NOSIGNAL, NULL, 0 <unfinished ...>
10687 <... recvmsg resumed>{msg_name=NULL, msg_namelen=0, msg_iov=[{iov_base="\20\0\0\0p\0\0\0\344\0\352y\0\0\0\0\30\0\24\0\0\0\0\0#\0\0\0\0\0\0\0\0\0\0\0\0\0\0\0H\0\0\0\0\0\0\0.\0\0\0\0\0\0\0\20\0\0\0\0\0\0\0\0\0\0\0\1\0\0\0\0\0\0\0\0\0\0\0\0{\1\0\0\1\0\0\0\0\0\0\0\0\0\0\0\0\0\0\0\0\0\0\0\0\0\0\0\0\0\0", iov_len=4096}], msg_iovlen=1, msg_controllen=0, msg_flags=0}, MSG_DONTWAIT) = 112
10721 recvmsg(14,  <unfinished ...>
10662 <... sendto resumed>)             = 232
10721 <... recvmsg resumed>{msg_name=NULL, msg_namelen=0, msg_iov=[{iov_base="\20\0\0\0\350\0\0\0\375\0\352y\0\0\0\0\30\0\24\0\0\0\0\0\36\0\0\0\0\0\0\0\0\0\0\0\0\0\0\0H\0\0\0\0\0\0\0\31\0\0\0\0\0\0\0\3\0\0\0\0\0\0\0\0\0\0\0\1\0\0\0\0\0\0\0\0\0\0\0\0|\1\0\0\1\0\0\0\0\0\0`\0\0\0p\0\0\0\0\0\0\0\0\0\0\0\0\0\0\0\20\0\0\0\1\0\0\0\0\0\0\0\0\0\0\0h\0\0\0\1\0\0\0\0\0\0\0\0\0\0\0004\0\0\0\0\0\0\0\0\0\0\0\0\0\0\0\300\10\0\0@\0\0\0005\0\0\0\0\0\0\0\0\0\0\0\0\0\0\0\0\0\0\0\0\0\0\0\0\0\0\0\0\0\0\0\2\0\0\0\0\0\0\0\0\0\0\0\0\0\0\0\0\0\0\0\0\0\0\0\0\0\0\0\0\0\0\0\20\0\0\0\350\0\0\0`\1\352y\0\0\0\0\30\0\24\0\0\0\0\0"..., iov_len=4096}], msg_iovlen=1, msg_controllen=0, msg_flags=0}, MSG_DONTWAIT) = 464
10733 <... sendto resumed>)             = 37
10733 recvmsg(19, {msg_namelen=128}, 0) = -1 ECONNREFUSED (Connection refused)
10733 socket(AF_INET, SOCK_DGRAM, IPPROTO_IP <unfinished ...>
10662 sendto(37, "\20\0\0\0\300\33\0\0\375\2\352y\0\0\0\0\30\0\24\0\0\0\0\0'\0\0\0\0\0\0\0\0\0\0\0\0\0\0\0H\0\0\0\0\0\0\0\17\0\0\0\0\0\0\0\23\0\0\0\0\0\0\0\0\0\0\0\1\0\0\0\377\377\377\377\377\377\377\377\0\0\0\0\0\0\0\0`\0\0\0\270\27\0\0\350\27\0\0\0\0\0\0\0\0\0\0\0\0\0\0X\27\0\0P\27\0\08\0\0\0\3\0\0\0\0\0\0\09\354\23\35\0\0\0\0j\306\277h\0\0\0\0\0\0\0\0\30\0\0\0\0\0\0\0\0\0\0\0\0\0\0\0\0\0\0\0\0\0\0\0\30\0\0\0\0\0\0\0\0\0\0\0\0\0\0\0\10\0\0\0\0\0\0\0\30\1\0\0\0\0\0\0\20\1\0\0\0\0\0\0\200\1\0\0\0\0\0\0\337\7\r\0\1\0\0\0\0\0\0\0\0\0\0\0\377\377\377\377\0\0\0\0\377\377\377\377\0\0\0\0"..., 7104, MSG_NOSIGNAL, NULL, 0 <unfinished ...>
10733 <... socket resumed>)             = 20
10682 openat(AT_FDCWD, "/tmp/playwright_chromiumdev_profile-92XQZ9/Default/Local Storage/leveldb", O_RDONLY|O_NONBLOCK|O_CLOEXEC|O_DIRECTORY <unfinished ...>
10662 <... sendto resumed>)             = 7104
10682 <... openat resumed>)             = 84
10662 sendto(37, "\20\0\0\0\310\0\0\0\221\3\352y\0\0\0\0\30\0\24\0\0\0\0\0(\0\0\0\0\0\0\0\0\0\0\0\0\0\0\0H\0\0\0\0\0\0\0\\\0\0\0\0\0\0\0\0\0\0\0\0\0\0\0\0\0\0\0\1\0\0\0\377\377\377\377\377\377\377\377\0\0\0\0\0\0\0\0`\0\0\0\0\0\0\0\0\0\0\0\0\0\0\0\0\0\0\0\0\0\0\0X\0\0\0P\0\0\08\0\0\0\3\0\0\0\0\0\0\0\23j\247\21\1\0\0\0\236\306\277h\1\0\0\0\0\0\0\0\30\0\0\0\0\0\0\0\0\0\0\0\0\0\0\0\0\0\0\0\0\0\0\0\20\0\0\0\0\0\0\0\10\0\0\0\0\0\0\0\10\0\0\0\0\0\0\0", 200, MSG_NOSIGNAL, NULL, 0) = 200
10662 sendto(37, "\20\0\0\08\1\0\0\366\3\352y\0\0\0\0\30\0\24\0\0\0\0\0)\0\0\0\0\0\0\0\0\0\0\0\0\0\0\0H\0\0\0\0\0\0\0\\\0\0\0\0\0\0\0\1\0\0\0\0\0\0\0\0\0\0\0\1\0\0\0\377\377\377\377\377\377\377\377\0\0\0\0\0\0\0\0`\0\0\0\260\0\0\0\300\0\0\0\0\0\0\0\0\0\0\0\0\0\0\0P\0\0\0H\0\0\08\0\0\0\3\0\0\0\0\0\0\0\336\10\367d\0\0\0\0\231\306\277h\0\0\0\0\0\0\0\0\30\0\0\0\0\0\0\0\0\0\0\0\0\0\0\0\0\0\0\0\0\0\0\0\20\0\0\0\0\0\0\0\0\0\0\0\0\0\0\0\20\0\0\0\1\0\0\0\0\0\0\0\0\0\0\0h\0\0\0\1\0\0\0\0\0\0\0\0\0\0\0o\0\0\0\0\0\0\0\0\0\0\0\0\0\0\0\300\17\0\0@\0\0\0p\0\0\0\0\0\0\0"..., 312, MSG_NOSIGNAL, NULL, 0 <unfinished ...>
10733 bind(20, {sa_family=AF_INET, sin_port=htons(24107), sin_addr=inet_addr("0.0.0.0")}, 16 <unfinished ...>
10662 <... sendto resumed>)             = 312
10733 <... bind resumed>)               = 0
10733 connect(20, {sa_family=AF_INET, sin_port=htons(53), sin_addr=inet_addr("127.0.0.53")}, 16 <unfinished ...>
10662 sendto(37, "\20\0\0\0P\3\0\0\200\4\352y\0\0\0\0\30\0\24\0\0\0\0\0*\0\0\0\0\0\0\0\0\0\0\0\0\0\0\0H\0\0\0\0\0\0\0\\\0\0\0\0\0\0\0\2\0\0\0\0\0\0\0\0\0\0\0\1\0\0\0\377\377\377\377\377\377\377\377\0\0\0\0\0\0\0\0`\0\0\0h\2\0\0x\2\0\0\0\0\0\0\0\0\0\0\0\0\0\0\10\2\0\0\0\2\0\08\0\0\0\3\0\0\0\0\0\0\0\253\27\217e\0\0\0\0\230\306\277h\0\0\0\0\0\0\0\0\30\0\0\0\0\0\0\0\0\0\0\0\0\0\0\0\0\0\0\0\0\0\0\0\30\0\0\0\0\0\0\0\0\0\0\0\0\0\0\0\10\0\0\0\0\0\0\0\270\0\0\0\0\0\0\0\20\0\0\0\0\0\0\0\250\0\0\0\0\0\0\0\0\0\0\0\0\0\0\0\242\0\0\0\377\377\377\377\0\0\0\0\1\0\0\0\220\0\0\0\0\0\0\0"..., 848, MSG_NOSIGNAL, NULL, 0 <unfinished ...>
10733 <... connect resumed>)            = 0
10662 <... sendto resumed>)             = 848
10733 getsockname(20, {sa_family=AF_INET, sin_port=htons(24107), sin_addr=inet_addr("127.0.0.1")}, [128 => 16]) = 0
10733 sendto(20, "\211\314\1\0\0\1\0\0\0\0\0\0\10clients2\6google\3com\0\0\1\0\1", 37, 0, NULL, 0) = 37
10662 sendto(37, "\20\0\0\08\1\0\0\326\5\352y\0\0\0\0\30\0\24\0\0\0\0\0+\0\0\0\0\0\0\0\0\0\0\0\0\0\0\0H\0\0\0\0\0\0\0\\\0\0\0\0\0\0\0\3\0\0\0\0\0\0\0\0\0\0\0\1\0\0\0\377\377\377\377\377\377\377\377\0\0\0\0\0\0\0\0`\0\0\0\260\0\0\0\300\0\0\0\0\0\0\0\0\0\0\0\0\0\0\0P\0\0\0H\0\0\08\0\0\0\3\0\0\0\0\0\0\0\347\346\362\"\0\0\0\0\227\306\277h\0\0\0\0\0\0\0\0\30\0\0\0\0\0\0\0\0\0\0\0\0\0\0\0\0\0\0\0\0\0\0\0\20\0\0\0\0\0\0\0\0\0\0\0\0\0\0\0\20\0\0\0\1\0\0\0\0\0\0\0\0\0\0\0h\0\0\0\1\0\0\0\0\0\0\0\0\0\0\0u\0\0\0\0\0\0\0\0\0\0\0\0\0\0\0\200\20\0\0@\0\0\0v\0\0\0\0\0\0\0"..., 312, MSG_NOSIGNAL, NULL, 0) = 312
10733 recvmsg(20,  <unfinished ...>
10662 sendto(37, "\20\0\0\08\1\0\0\35\6\352y\0\0\0\0\30\0\24\0\0\0\0\0,\0\0\0\0\0\0\0\0\0\0\0\0\0\0\0H\0\0\0\0\0\0\0v\0\0\0\0\0\0\0\0\0\0\0\0\0\0\0\0\0\0\0\1\0\0\0\377\377\377\377\377\377\377\377\0\0\0\0\0\0\0\0`\0\0\0\260\0\0\0\300\0\0\0\0\0\0\0\0\0\0\0\0\0\0\0P\0\0\0H\0\0\08\0\0\0\3\0\0\0\0\0\0\0e\254/z\0\0\0\0\226\306\277h\0\0\0\0\0\0\0\0\30\0\0\0\0\0\0\0\0\0\0\0\0\0\0\0\0\0\0\0\0\0\0\0\20\0\0\0\0\0\0\0\0\0\0\0\0\0\0\0\20\0\0\0\1\0\0\0\0\0\0\0\0\0\0\0h\0\0\0\1\0\0\0\0\0\0\0\0\0\0\0w\0\0\0\0\0\0\0\0\0\0\0\0\0\0\0\300\20\0\0@\0\0\0x\0\0\0\0\0\0\0"..., 312, MSG_NOSIGNAL, NULL, 0 <unfinished ...>
10733 <... recvmsg resumed>{msg_namelen=128}, 0) = -1 ECONNREFUSED (Connection refused)
10662 <... sendto resumed>)             = 312
10662 sendto(37, "\20\0\0\0\300\2\0\0|\6\352y\0\0\0\0\30\0\24\0\0\0\0\0-\0\0\0\0\0\0\0\0\0\0\0\0\0\0\0H\0\0\0\0\0\0\0\\\0\0\0\0\0\0\0\4\0\0\0\0\0\0\0\0\0\0\0\1\0\0\0\377\377\377\377\377\377\377\377\0\0\0\0\0\0\0\0`\0\0\0\0\0\0\0\0\0\0\0\0\0\0\0\0\0\0\0\0\0\0\0P\2\0\0H\2\0\08\0\0\0\3\0\0\0\0\0\0\0\tU/\36\1\0\0\0\252\306\277h\2\0\0\0\0\0\0\0\30\0\0\0\0\0\0\0\0\0\0\0\0\0\0\0\0\0\0\0\0\0\0\0 \0\0\0\0\0\0\0\30\0\0\0\0\0\0\0x\0\0\0\0\0\0\0(\1\0\0\0\0\0\0(\0\0\0\0\0\0\0 \0\0\0\0\0\0\0000\0\0\0\0\0\0\0\0\0\0\0\0\0\0\0\0\0\0\0\0\0\0\0\30\0\0\0\20\0\0\0"..., 704, MSG_NOSIGNAL, NULL, 0 <unfinished ...>
10682 sendto(45, "\20\0\0\0p\0\0\0\252\6\352y\0\0\0\0\30\0\24\0\0\0\0\0 \0\0\0\0\0\0\0\0\0\0\0\0\0\0\0H\0\0\0\0\0\0\0.\0\0\0\0\0\0\0\20\0\0\0\0\0\0\0\0\0\0\0\1\0\0\0\0\0\0\0\0\0\0\0\0\202\1\0\0\2\0\0\0\0\0\0\0\0\0\0\0\0\0\0\0\0\0\0\0\0\0\0\0\0\0\0", 112, MSG_NOSIGNAL, NULL, 0 <unfinished ...>
10733 socket(AF_INET, SOCK_DGRAM, IPPROTO_IP <unfinished ...>
10662 <... sendto resumed>)             = 704
10682 <... sendto resumed>)             = 112
10733 <... socket resumed>)             = 21
10662 sendto(37, "\20\0\0\0\300\2\0\0\344\6\352y\0\0\0\0\30\0\24\0\0\0\0\0.\0\0\0\0\0\0\0\0\0\0\0\0\0\0\0H\0\0\0\0\0\0\0\\\0\0\0\0\0\0\0\5\0\0\0\0\0\0\0\0\0\0\0\1\0\0\0\377\377\377\377\377\377\377\377\0\0\0\0\0\0\0\0`\0\0\0\0\0\0\0\0\0\0\0\0\0\0\0\0\0\0\0\0\0\0\0P\2\0\0H\2\0\08\0\0\0\3\0\0\0\0\0\0\0\tU/\36\1\0\0\0\245\306\277h\3\0\0\0\0\0\0\0\30\0\0\0\0\0\0\0\0\0\0\0\0\0\0\0\0\0\0\0\0\0\0\0 \0\0\0\0\0\0\0\30\0\0\0\0\0\0\0x\0\0\0\0\0\0\0(\1\0\0\0\0\0\0(\0\0\0\0\0\0\0 \0\0\0\0\0\0\0000\0\0\0\0\0\0\0\0\0\0\0\0\0\0\0\0\0\0\0\0\0\0\0\30\0\0\0\20\0\0\0"..., 704, MSG_NOSIGNAL, NULL, 0 <unfinished ...>
10721 recvmsg(14,  <unfinished ...>
10662 <... sendto resumed>)             = 704
10721 <... recvmsg resumed>{msg_name=NULL, msg_namelen=0, msg_iov=[{iov_base="\20\0\0\0p\0\0\0\252\6\352y\0\0\0\0\30\0\24\0\0\0\0\0 \0\0\0\0\0\0\0\0\0\0\0\0\0\0\0H\0\0\0\0\0\0\0.\0\0\0\0\0\0\0\20\0\0\0\0\0\0\0\0\0\0\0\1\0\0\0\0\0\0\0\0\0\0\0\0\202\1\0\0\2\0\0\0\0\0\0\0\0\0\0\0\0\0\0\0\0\0\0\0\0\0\0\0\0\0\0", iov_len=4096}], msg_iovlen=1, msg_controllen=0, msg_flags=0}, MSG_DONTWAIT) = 112
10662 sendto(37, "\20\0\0\0\300\2\0\0\177\7\352y\0\0\0\0\30\0\24\0\0\0\0\0/\0\0\0\0\0\0\0\0\0\0\0\0\0\0\0H\0\0\0\0\0\0\0\\\0\0\0\0\0\0\0\6\0\0\0\0\0\0\0\0\0\0\0\1\0\0\0\377\377\377\377\377\377\377\377\0\0\0\0\0\0\0\0`\0\0\0\0\0\0\0\0\0\0\0\0\0\0\0\0\0\0\0\0\0\0\0P\2\0\0H\2\0\08\0\0\0\3\0\0\0\0\0\0\0\tU/\36\1\0\0\0\244\306\277h\4\0\0\0\0\0\0\0\30\0\0\0\0\0\0\0\0\0\0\0\0\0\0\0\0\0\0\0\0\0\0\0 \0\0\0\0\0\0\0\30\0\0\0\0\0\0\0x\0\0\0\0\0\0\0(\1\0\0\0\0\0\0(\0\0\0\0\0\0\0 \0\0\0\0\0\0\0000\0\0\0\0\0\0\0\0\0\0\0\0\0\0\0\0\0\0\0\0\0\0\0\30\0\0\0\20\0\0\0"..., 704, MSG_NOSIGNAL, NULL, 0) = 704
10733 bind(21, {sa_family=AF_INET, sin_port=htons(20934), sin_addr=inet_addr("0.0.0.0")}, 16 <unfinished ...>
10662 sendto(37, "\20\0\0\0\300\2\0\0\307\7\352y\0\0\0\0\30\0\24\0\0\0\0\0000\0\0\0\0\0\0\0\0\0\0\0\0\0\0\0H\0\0\0\0\0\0\0\\\0\0\0\0\0\0\0\7\0\0\0\0\0\0\0\0\0\0\0\1\0\0\0\377\377\377\377\377\377\377\377\0\0\0\0\0\0\0\0`\0\0\0\0\0\0\0\0\0\0\0\0\0\0\0\0\0\0\0\0\0\0\0P\2\0\0H\2\0\08\0\0\0\3\0\0\0\0\0\0\0\tU/\36\1\0\0\0\247\306\277h\5\0\0\0\0\0\0\0\30\0\0\0\0\0\0\0\0\0\0\0\0\0\0\0\0\0\0\0\0\0\0\0 \0\0\0\0\0\0\0\30\0\0\0\0\0\0\0x\0\0\0\0\0\0\0(\1\0\0\0\0\0\0(\0\0\0\0\0\0\0 \0\0\0\0\0\0\0000\0\0\0\0\0\0\0\0\0\0\0\0\0\0\0\0\0\0\0\0\0\0\0\30\0\0\0\20\0\0\0"..., 704, MSG_NOSIGNAL, NULL, 0 <unfinished ...>
10733 <... bind resumed>)               = 0
10733 connect(21, {sa_family=AF_INET, sin_port=htons(53), sin_addr=inet_addr("127.0.0.53")}, 16 <unfinished ...>
10662 <... sendto resumed>)             = 704
10733 <... connect resumed>)            = 0
10733 getsockname(21,  <unfinished ...>
10662 sendto(37, "\20\0\0\0\300\2\0\0O\10\352y\0\0\0\0\30\0\24\0\0\0\0\0001\0\0\0\0\0\0\0\0\0\0\0\0\0\0\0H\0\0\0\0\0\0\0\\\0\0\0\0\0\0\0\10\0\0\0\0\0\0\0\0\0\0\0\1\0\0\0\377\377\377\377\377\377\377\377\0\0\0\0\0\0\0\0`\0\0\0\0\0\0\0\0\0\0\0\0\0\0\0\0\0\0\0\0\0\0\0P\2\0\0H\2\0\08\0\0\0\3\0\0\0\0\0\0\0\tU/\36\1\0\0\0\246\306\277h\6\0\0\0\0\0\0\0\30\0\0\0\0\0\0\0\0\0\0\0\0\0\0\0\0\0\0\0\0\0\0\0 \0\0\0\0\0\0\0\30\0\0\0\0\0\0\0x\0\0\0\0\0\0\0(\1\0\0\0\0\0\0(\0\0\0\0\0\0\0 \0\0\0\0\0\0\0000\0\0\0\0\0\0\0\0\0\0\0\0\0\0\0\0\0\0\0\0\0\0\0\30\0\0\0\20\0\0\0"..., 704, MSG_NOSIGNAL, NULL, 0 <unfinished ...>
10733 <... getsockname resumed>{sa_family=AF_INET, sin_port=htons(20934), sin_addr=inet_addr("127.0.0.1")}, [128 => 16]) = 0
10733 sendto(21, "\244\4\1\0\0\1\0\0\0\0\0\0\10clients2\6google\3com\0\0\1\0\1", 37, 0, NULL, 0 <unfinished ...>
10662 <... sendto resumed>)             = 704
10733 <... sendto resumed>)             = 37
10662 sendto(37, "\20\0\0\0\300\2\0\0\366\10\352y\0\0\0\0\30\0\24\0\0\0\0\0002\0\0\0\0\0\0\0\0\0\0\0\0\0\0\0H\0\0\0\0\0\0\0\\\0\0\0\0\0\0\0\t\0\0\0\0\0\0\0\0\0\0\0\1\0\0\0\377\377\377\377\377\377\377\377\0\0\0\0\0\0\0\0`\0\0\0\0\0\0\0\0\0\0\0\0\0\0\0\0\0\0\0\0\0\0\0P\2\0\0H\2\0\08\0\0\0\3\0\0\0\0\0\0\0\tU/\36\1\0\0\0\241\306\277h\7\0\0\0\0\0\0\0\30\0\0\0\0\0\0\0\0\0\0\0\0\0\0\0\0\0\0\0\0\0\0\0 \0\0\0\0\0\0\0\30\0\0\0\0\0\0\0x\0\0\0\0\0\0\0(\1\0\0\0\0\0\0(\0\0\0\0\0\0\0 \0\0\0\0\0\0\0000\0\0\0\0\0\0\0\0\0\0\0\0\0\0\0\0\0\0\0\0\0\0\0\30\0\0\0\20\0\0\0"..., 704, MSG_NOSIGNAL, NULL, 0 <unfinished ...>
10733 recvmsg(21,  <unfinished ...>
10662 <... sendto resumed>)             = 704
10733 <... recvmsg resumed>{msg_namelen=128}, 0) = -1 ECONNREFUSED (Connection refused)
10662 sendto(37, "\20\0\0\08\1\0\0d\t\352y\0\0\0\0\30\0\24\0\0\0\0\0003\0\0\0\0\0\0\0\0\0\0\0\0\0\0\0H\0\0\0\0\0\0\0\\\0\0\0\0\0\0\0\n\0\0\0\0\0\0\0\0\0\0\0\1\0\0\0\377\377\377\377\377\377\377\377\0\0\0\0\0\0\0\0`\0\0\0\260\0\0\0\300\0\0\0\0\0\0\0\0\0\0\0\0\0\0\0P\0\0\0H\0\0\08\0\0\0\3\0\0\0\0\0\0\0\347\346\362\"\0\0\0\0\240\306\277h\0\0\0\0\0\0\0\0\30\0\0\0\0\0\0\0\0\0\0\0\0\0\0\0\0\0\0\0\0\0\0\0\20\0\0\0\0\0\0\0\0\0\0\0\0\0\0\0\20\0\0\0\1\0\0\0\0\0\0\0\0\0\0\0h\0\0\0\1\0\0\0\0\0\0\0\0\0\0\0y\0\0\0\0\0\0\0\0\0\0\0\0\0\0\0\0\21\0\0@\0\0\0z\0\0\0\0\0\0\0"..., 312, MSG_NOSIGNAL, NULL, 0) = 312
10721 sendto(14, "\20\0\0\0p\0\0\0\330\t\352y\0\0\0\0\30\0\24\0\0\0\0\0$\0\0\0\0\0\0\0\0\0\0\0\0\0\0\0H\0\0\0\0\0\0\0.\0\0\0\0\0\0\0\21\0\0\0\0\0\0\0\0\0\0\0\1\0\0\0\0\0\0\0\0\0\0\0\0{\1\0\0\1\0\0\0\0\0\0\0\0\0\0\0\0\0\0\0\0\0\0\0\0\0\0\0\0\0\0", 112, MSG_NOSIGNAL, NULL, 0 <unfinished ...>
10733 recvmsg(5,  <unfinished ...>
10662 sendto(37, "\20\0\0\0x\1\0\0\345\t\352y\0\0\0\0\30\0\24\0\0\0\0\0004\0\0\0\0\0\0\0\0\0\0\0\0\0\0\0H\0\0\0\0\0\0\0z\0\0\0\0\0\0\0\0\0\0\0\0\0\0\0\0\0\0\0\1\0\0\0\377\377\377\377\377\377\377\377\0\0\0\0\0\0\0\0`\0\0\0\360\0\0\0\0\1\0\0\0\0\0\0\0\0\0\0\0\0\0\0\220\0\0\0\210\0\0\08\0\0\0\3\0\0\0\0\0\0\0\203\240\17!\0\0\0\0\243\306\277h\0\0\0\0\0\0\0\0\30\0\0\0\0\0\0\0\0\0\0\0\0\0\0\0\0\0\0\0\0\0\0\0 \0\0\0\0\0\0\0\30\0\0\0\0\0\0\0\0\0\0\0\0\0\0\0\0\0\0\0\0\0\0\0\20\0\0\0\0\0\0\0\10\0\0\0\0\0\0\0\33\0\0\0\23\0\0\0https://google.com/\0\0\0\0\0"..., 376, MSG_NOSIGNAL, NULL, 0 <unfinished ...>
10733 <... recvmsg resumed>{msg_name=NULL, msg_namelen=0, msg_iov=[{iov_base="\20\0\0\0\300\33\0\0\375\2\352y\0\0\0\0\30\0\24\0\0\0\0\0'\0\0\0\0\0\0\0\0\0\0\0\0\0\0\0H\0\0\0\0\0\0\0\17\0\0\0\0\0\0\0\23\0\0\0\0\0\0\0\0\0\0\0\1\0\0\0\377\377\377\377\377\377\377\377\0\0\0\0\0\0\0\0`\0\0\0\270\27\0\0\350\27\0\0\0\0\0\0\0\0\0\0\0\0\0\0X\27\0\0P\27\0\08\0\0\0\3\0\0\0\0\0\0\09\354\23\35\0\0\0\0j\306\277h\0\0\0\0\0\0\0\0\30\0\0\0\0\0\0\0\0\0\0\0\0\0\0\0\0\0\0\0\0\0\0\0\30\0\0\0\0\0\0\0\0\0\0\0\0\0\0\0\10\0\0\0\0\0\0\0\30\1\0\0\0\0\0\0\20\1\0\0\0\0\0\0\200\1\0\0\0\0\0\0\337\7\r\0\1\0\0\0\0\0\0\0\0\0\0\0\377\377\377\377\0\0\0\0\377\377\377\377\0\0\0\0"..., iov_len=4096}], msg_iovlen=1, msg_controllen=0, msg_flags=0}, MSG_DONTWAIT) = 4096
10721 <... sendto resumed>)             = 112
10662 <... sendto resumed>)             = 376
10733 recvmsg(5,  <unfinished ...>
10687 recvmsg(45,  <unfinished ...>
10662 sendto(37, "\20\0\0\0\300\0\0\0m\n\352y\0\0\0\0\30\0\24\0\0\0\0\0005\0\0\0\0\0\0\0\0\0\0\0\0\0\0\0H\0\0\0\0\0\0\0\\\0\0\0\0\0\0\0\v\0\0\0\0\0\0\0\0\0\0\0\1\0\0\0\377\377\377\377\377\377\377\377\0\0\0\0\0\0\0\0`\0\0\0\0\0\0\0\0\0\0\0\0\0\0\0\0\0\0\0\0\0\0\0P\0\0\0H\0\0\08\0\0\0\3\0\0\0\0\0\0\0\221D\340<\0\0\0\0\242\306\277h\0\0\0\0\0\0\0\0\30\0\0\0\0\0\0\0\0\0\0\0\0\0\0\0\0\0\0\0\0\0\0\0\20\0\0\0\0\0\0\0\2\0\0\0\0\0\0\0", 192, MSG_NOSIGNAL, NULL, 0 <unfinished ...>
10733 <... recvmsg resumed>{msg_name=NULL, msg_namelen=0, msg_iov=[{iov_base="P\0\0\0\0\0\0\0\0\0\0\0\0\0\0\0P\0\0\0\0\0\0\0\0\0\0\0\0\0\0\0\20\0\0\0\0\0\0\0\0\0\0\0\0\0\0\0\20\0\0\0\0\0\0\0\0\0\0\0\0\0\0\0\20\0\0\0\0\0\0\0\0\0\0\0\0\0\0\0\20\0\0\0\0\0\0\0\0\0\0\0\0\0\0\0\20\0\0\0\0\0\0\0\0\0\0\0\0\0\0\0\20\0\0\0\1\0\0\0\10\0\0\0\0\0\0\0\16\0\0\0\6\0\0\0chrome\0\0\20\0\0\0\1\0\0\0\10\0\0\0\0\0\0\0(\0\0\0\0\0\0\0 \0\0\0\0\0\0\0000\0\0\0\0\0\0\0\0\0\0\0\0\0\0\0\0\0\0\0\0\0\0\0\30\0\0\0\20\0\0\0chrome-untrusted\f\0\0\0\4\0\0\0lens\0\0\0\0\10\0\0\0\0\0\0\0\30\0\0\0\2\0\0\0"..., iov_len=3008}], msg_iovlen=1, msg_controllen=0, msg_flags=0}, MSG_DONTWAIT) = 3008
10687 <... recvmsg resumed>{msg_name=NULL, msg_namelen=0, msg_iov=[{iov_base="\20\0\0\0p\0\0\0\330\t\352y\0\0\0\0\30\0\24\0\0\0\0\0$\0\0\0\0\0\0\0\0\0\0\0\0\0\0\0H\0\0\0\0\0\0\0.\0\0\0\0\0\0\0\21\0\0\0\0\0\0\0\0\0\0\0\1\0\0\0\0\0\0\0\0\0\0\0\0{\1\0\0\1\0\0\0\0\0\0\0\0\0\0\0\0\0\0\0\0\0\0\0\0\0\0\0\0\0\0", iov_len=4096}], msg_iovlen=1, msg_controllen=0, msg_flags=0}, MSG_DONTWAIT) = 112
10662 <... sendto resumed>)             = 192
10662 sendto(37, "\20\0\0\0\300\0\0\0\7\v\352y\0\0\0\0\30\0\24\0\0\0\0\0006\0\0\0\0\0\0\0\0\0\0\0\0\0\0\0H\0\0\0\0\0\0\0j\0\0\0\0\0\0\0\0\0\0\0\0\0\0\0\0\0\0\0\1\0\0\0\377\377\377\377\377\377\377\377\0\0\0\0\0\0\0\0`\0\0\0\0\0\0\0\0\0\0\0\0\0\0\0\0\0\0\0\0\0\0\0P\0\0\0H\0\0\08\0\0\0\3\0\0\0\0\0\0\0/r\272c\0\0\0\0\234\306\277h\0\0\0\0\0\0\0\0\30\0\0\0\0\0\0\0\0\0\0\0\0\0\0\0\0\0\0\0\0\0\0\0\20\0\0\0\0\0\0\0\1\0\0\0\0\0\0\0", 192, MSG_NOSIGNAL, NULL, 0) = 192
10682 openat(AT_FDCWD, "/tmp/playwright_chromiumdev_profile-92XQZ9/Default/Local Storage/leveldb", O_RDONLY|O_NONBLOCK|O_CLOEXEC|O_DIRECTORY) = 84
10712 sendto(5, "\20\0\0\0000\1\0\0+\r\352y\0\0\0\0\30\0\24\0\0\0\0\0\33\0\0\0\0\0\0\0\0\0\0\0\0\0\0\0H\0\0\0\0\0\0\0\"\0\0\0\0\0\0\0\2\0\0\0\0\0\0\0\0\0\0\0\1\0\0\0\377\377\377\377\377\377\377\377\0\0\0\0\0\0\0\0`\0\0\0\0\0\0\0\0\0\0\0\0\0\0\0\0\0\0\0\0\0\0\0\300\0\0\0\270\0\0\08\0\0\0\3\0\0\0\0\0\0\0\207(5\1\0\0\0\0]\2\331y\0\0\0\0\0\0\0\0\30\0\0\0\0\0\0\0\0\0\0\0\0\0\0\0\0\0\0\0\0\0\0\0\20\0\0\0\0\0\0\0\10\0\0\0\0\0\0\0\20\0\0\0\1\0\0\0\10\0\0\0\0\0\0\0 \0\0\0\0\0\0\0\351wc\315\0\0\0\0\20\0\0\0\0\0\0\0000\0\0\0\0\0\0\0%\0\0\0\35\0\0\0SharedDi"..., 304, MSG_NOSIGNAL, NULL, 0) = 304
10687 recvmsg(37, {msg_name=NULL, msg_namelen=0, msg_iov=[{iov_base="\20\0\0\0000\1\0\0+\r\352y\0\0\0\0\30\0\24\0\0\0\0\0\33\0\0\0\0\0\0\0\0\0\0\0\0\0\0\0H\0\0\0\0\0\0\0\"\0\0\0\0\0\0\0\2\0\0\0\0\0\0\0\0\0\0\0\1\0\0\0\377\377\377\377\377\377\377\377\0\0\0\0\0\0\0\0`\0\0\0\0\0\0\0\0\0\0\0\0\0\0\0\0\0\0\0\0\0\0\0\300\0\0\0\270\0\0\08\0\0\0\3\0\0\0\0\0\0\0\207(5\1\0\0\0\0]\2\331y\0\0\0\0\0\0\0\0\30\0\0\0\0\0\0\0\0\0\0\0\0\0\0\0\0\0\0\0\0\0\0\0\20\0\0\0\0\0\0\0\10\0\0\0\0\0\0\0\20\0\0\0\1\0\0\0\10\0\0\0\0\0\0\0 \0\0\0\0\0\0\0\351wc\315\0\0\0\0\20\0\0\0\0\0\0\0000\0\0\0\0\0\0\0%\0\0\0\35\0\0\0SharedDi"..., iov_len=4096}], msg_iovlen=1, msg_controllen=0, msg_flags=0}, MSG_DONTWAIT) = 304
10733 sendto(5, "\20\0\0\0\240\1\0\0W\17\352y\0\0\0\0\30\0\24\0\0\0\0\0\34\0\0\0\0\0\0\0\0\0\0\0\0\0\0\0H\0\0\0\0\0\0\0e\0\0\0\0\0\0\0\0\0\0\0\0\0\0\0\0\0\0\0\1\0\0\0\377\377\377\377\377\377\377\377\0\0\0\0\0\0\0\0`\0\0\0\270\0\0\0\310\0\0\0\0\0\0\0\0\0\0\0\0\0\0\0X\0\0\0P\0\0\08\0\0\0\3\0\0\0\0\0\0\0t\2120%\0\0\0\0\\\2\331y\0\0\0\0\0\0\0\0\30\0\0\0\0\0\0\0\0\0\0\0\0\0\0\0\0\0\0\0\0\0\0\0\30\0\0\0\0\0\0\0\0\0\0\0\0\0\0\0\1\0\0\0\0\0\0\0\20\0\0\0\2\0\0\0\0\0\0\0\0\0\0\0\310\0\0\0\2\0\0\0\0\0\0\0\0\0\0\0}\0\0\0\0\0\0\0\0\0\0\0\0\0\0\0\200\21\0\0@\0\0\0"..., 416, MSG_NOSIGNAL, NULL, 0) = 416
10687 recvmsg(37, {msg_name=NULL, msg_namelen=0, msg_iov=[{iov_base="\20\0\0\0\240\1\0\0W\17\352y\0\0\0\0\30\0\24\0\0\0\0\0\34\0\0\0\0\0\0\0\0\0\0\0\0\0\0\0H\0\0\0\0\0\0\0e\0\0\0\0\0\0\0\0\0\0\0\0\0\0\0\0\0\0\0\1\0\0\0\377\377\377\377\377\377\377\377\0\0\0\0\0\0\0\0`\0\0\0\270\0\0\0\310\0\0\0\0\0\0\0\0\0\0\0\0\0\0\0X\0\0\0P\0\0\08\0\0\0\3\0\0\0\0\0\0\0t\2120%\0\0\0\0\\\2\331y\0\0\0\0\0\0\0\0\30\0\0\0\0\0\0\0\0\0\0\0\0\0\0\0\0\0\0\0\0\0\0\0\30\0\0\0\0\0\0\0\0\0\0\0\0\0\0\0\1\0\0\0\0\0\0\0\20\0\0\0\2\0\0\0\0\0\0\0\0\0\0\0\310\0\0\0\2\0\0\0\0\0\0\0\0\0\0\0}\0\0\0\0\0\0\0\0\0\0\0\0\0\0\0\200\21\0\0@\0\0\0"..., iov_len=4096}], msg_iovlen=1, msg_controllen=0, msg_flags=0}, MSG_DONTWAIT) = 416
10732 openat(AT_FDCWD, "/tmp/playwright_chromiumdev_profile-92XQZ9/Default/Shared Dictionary/cache/index", O_RDONLY <unfinished ...>
10682 sendto(45, "\20\0\0\0p\0\0\0\277\20\352y\0\0\0\0\30\0\24\0\0\0\0\0!\0\0\0\0\0\0\0\0\0\0\0\0\0\0\0H\0\0\0\0\0\0\0.\0\0\0\0\0\0\0\21\0\0\0\0\0\0\0\0\0\0\0\1\0\0\0\0\0\0\0\0\0\0\0\0\202\1\0\0\2\0\0\0\0\0\0\0\0\0\0\0\0\0\0\0\0\0\0\0\0\0\0\0\0\0\0", 112, MSG_NOSIGNAL, NULL, 0 <unfinished ...>
10732 <... openat resumed>)             = -1 ENOENT (No such file or directory)
10683 openat(AT_FDCWD, "/sys/devices/virtual/dmi/id/sys_vendor", O_RDONLY|O_CLOEXEC <unfinished ...>
10732 openat(AT_FDCWD, "/tmp/playwright_chromiumdev_profile-92XQZ9/Default/Shared Dictionary/cache/index", O_WRONLY|O_CREAT|O_EXCL, 0600 <unfinished ...>
10682 <... sendto resumed>)             = 112
10683 <... openat resumed>)             = 84
10732 <... openat resumed>)             = 22
10721 recvmsg(14, {msg_name=NULL, msg_namelen=0, msg_iov=[{iov_base="\20\0\0\0p\0\0\0\277\20\352y\0\0\0\0\30\0\24\0\0\0\0\0!\0\0\0\0\0\0\0\0\0\0\0\0\0\0\0H\0\0\0\0\0\0\0.\0\0\0\0\0\0\0\21\0\0\0\0\0\0\0\0\0\0\0\1\0\0\0\0\0\0\0\0\0\0\0\0\202\1\0\0\2\0\0\0\0\0\0\0\0\0\0\0\0\0\0\0\0\0\0\0\0\0\0\0\0\0\0", iov_len=4096}], msg_iovlen=1, msg_controllen=0, msg_flags=0}, MSG_DONTWAIT) = 112
10733 openat(AT_FDCWD, "/proc/self/stat", O_RDONLY|O_CLOEXEC) = 22
10721 sendto(14, "\20\0\0\0p\0\0\0\376\24\352y\0\0\0\0\30\0\24\0\0\0\0\0%\0\0\0\0\0\0\0\0\0\0\0\0\0\0\0H\0\0\0\0\0\0\0.\0\0\0\0\0\0\0\22\0\0\0\0\0\0\0\0\0\0\0\1\0\0\0\0\0\0\0\0\0\0\0\0{\1\0\0\1\0\0\0\0\0\0\0\0\0\0\0\0\0\0\0\0\0\0\0\0\0\0\0\0\0\0", 112, MSG_NOSIGNAL, NULL, 0) = 112
10734 openat(AT_FDCWD, "/tmp/playwright_chromiumdev_profile-92XQZ9/Default/Shared Dictionary/db", O_RDWR|O_CREAT|O_NOFOLLOW|O_CLOEXEC, 0600 <unfinished ...>
10683 openat(AT_FDCWD, "/sys/devices/virtual/dmi/id/product_name", O_RDONLY|O_CLOEXEC <unfinished ...>
10687 recvmsg(45,  <unfinished ...>
10736 openat(AT_FDCWD, "/tmp/playwright_chromiumdev_profile-92XQZ9/Default/Trust Tokens", O_RDWR|O_CREAT|O_NOFOLLOW|O_CLOEXEC, 0600 <unfinished ...>
10734 <... openat resumed>)             = 23
10687 <... recvmsg resumed>{msg_name=NULL, msg_namelen=0, msg_iov=[{iov_base="\20\0\0\0p\0\0\0\376\24\352y\0\0\0\0\30\0\24\0\0\0\0\0%\0\0\0\0\0\0\0\0\0\0\0\0\0\0\0H\0\0\0\0\0\0\0.\0\0\0\0\0\0\0\22\0\0\0\0\0\0\0\0\0\0\0\1\0\0\0\0\0\0\0\0\0\0\0\0{\1\0\0\1\0\0\0\0\0\0\0\0\0\0\0\0\0\0\0\0\0\0\0\0\0\0\0\0\0\0", iov_len=4096}], msg_iovlen=1, msg_controllen=0, msg_flags=0}, MSG_DONTWAIT) = 112
10683 <... openat resumed>)             = 84
10733 openat(AT_FDCWD, "/proc/stat", O_RDONLY|O_CLOEXEC) = 22
10736 <... openat resumed>)             = 24
10685 openat(AT_FDCWD, "/tmp/playwright_chromiumdev_profile-92XQZ9/Default/Local Storage/leveldb/000003.log", O_WRONLY|O_CREAT|O_TRUNC, 0600) = 85
10685 sendmsg(45, {msg_name=NULL, msg_namelen=0, msg_iov=[{iov_base="\20\0\1\0\250\0\0\0\270\30\352y\0\0\0\0\30\0\24\0\0\0\0\0\"\0\0\0\0\0\0\0p\0\0\0\0\0\0\0H\0\0\0\0\0\0\0.\0\0\0\0\0\0\0\22\0\0\0\0\0\0\0\0\0\0\0\1\0\0\0\0\0\0\0\0\0\0\0\0}\1\0\0\1\0\0\0\0\0\0`\0\0\0\0\0\0\0\0\0\0\0\0\0\0\0\1\0\0\0\20\0\0\0\1\0\0\0\1\0\0\0\0\0\0\0\20\0\0\0\1\0\0\0\200\0\0\0\0\0\1\0\30\0\0\0\20\0\0\0\10\0\0\0\4\0\0\0\10\0\0\0\0\0\0\0", iov_len=168}], msg_iovlen=1, msg_control=[{cmsg_len=20, cmsg_level=SOL_SOCKET, cmsg_type=SCM_RIGHTS, cmsg_data=[85]}], msg_controllen=20, msg_flags=0}, MSG_NOSIGNAL) = 168
10721 recvmsg(14, {msg_name=NULL, msg_namelen=0, msg_iov=[{iov_base="\20\0\1\0\250\0\0\0\270\30\352y\0\0\0\0\30\0\24\0\0\0\0\0\"\0\0\0\0\0\0\0p\0\0\0\0\0\0\0H\0\0\0\0\0\0\0.\0\0\0\0\0\0\0\22\0\0\0\0\0\0\0\0\0\0\0\1\0\0\0\0\0\0\0\0\0\0\0\0}\1\0\0\1\0\0\0\0\0\0`\0\0\0\0\0\0\0\0\0\0\0\0\0\0\0\1\0\0\0\20\0\0\0\1\0\0\0\1\0\0\0\0\0\0\0\20\0\0\0\1\0\0\0\200\0\0\0\0\0\1\0\30\0\0\0\20\0\0\0\10\0\0\0\4\0\0\0\10\0\0\0\0\0\0\0", iov_len=4096}], msg_iovlen=1, msg_control=[{cmsg_len=20, cmsg_level=SOL_SOCKET, cmsg_type=SCM_RIGHTS, cmsg_data=[24]}], msg_controllen=24, msg_flags=0}, MSG_DONTWAIT) = 168
10721 sendto(14, "\20\0\0\0p\0\0\0\31\34\352y\0\0\0\0\30\0\24\0\0\0\0\0&\0\0\0\0\0\0\0\0\0\0\0\0\0\0\0H\0\0\0\0\0\0\0.\0\0\0\0\0\0\0\23\0\0\0\0\0\0\0\0\0\0\0\1\0\0\0\0\0\0\0\0\0\0\0\0}\1\0\0\1\0\0\0\0\0\0\0\0\0\0\0\0\0\0\0\0\0\0\0\0\0\0\0\0\0\0", 112, MSG_NOSIGNAL, NULL, 0) = 112
10687 recvmsg(45,  <unfinished ...>
10732 openat(AT_FDCWD, "/tmp/playwright_chromiumdev_profile-92XQZ9/Default/Network Persistent State", O_RDONLY|O_CLOEXEC <unfinished ...>
10687 <... recvmsg resumed>{msg_name=NULL, msg_namelen=0, msg_iov=[{iov_base="\20\0\0\0p\0\0\0\31\34\352y\0\0\0\0\30\0\24\0\0\0\0\0&\0\0\0\0\0\0\0\0\0\0\0\0\0\0\0H\0\0\0\0\0\0\0.\0\0\0\0\0\0\0\23\0\0\0\0\0\0\0\0\0\0\0\1\0\0\0\0\0\0\0\0\0\0\0\0}\1\0\0\1\0\0\0\0\0\0\0\0\0\0\0\0\0\0\0\0\0\0\0\0\0\0\0\0\0\0", iov_len=4096}], msg_iovlen=1, msg_controllen=0, msg_flags=0}, MSG_DONTWAIT) = 112
10732 <... openat resumed>)             = -1 ENOENT (No such file or directory)
10682 openat(AT_FDCWD, "/tmp/playwright_chromiumdev_profile-92XQZ9/Default/Local Storage/leveldb", O_RDONLY|O_NONBLOCK|O_CLOEXEC|O_DIRECTORY <unfinished ...>
10732 openat(AT_FDCWD, "/tmp/playwright_chromiumdev_profile-92XQZ9/Default/TransportSecurity", O_RDONLY|O_CLOEXEC <unfinished ...>
10682 <... openat resumed>)             = 84
10732 <... openat resumed>)             = -1 ENOENT (No such file or directory)
10733 sendto(5, "\20\0\0\0\320\0\0\0\250!\352y\0\0\0\0\30\0\24\0\0\0\0\0\35\0\0\0\0\0\0\0\0\0\0\0\0\0\0\0H\0\0\0\0\0\0\0e\0\0\0\0\0\0\0\1\0\0\0\0\0\0\0\0\0\0\0\1\0\0\0\377\377\377\377\377\377\377\377\0\0\0\0\0\0\0\0`\0\0\0\0\0\0\0\0\0\0\0\0\0\0\0\0\0\0\0\0\0\0\0`\0\0\0X\0\0\08\0\0\0\3\0\0\0\0\0\0\0\254\206\266d\0\0\0\0_\2\331y\0\0\0\0\0\0\0\0\30\0\0\0\0\0\0\0\0\0\0\0\0\0\0\0\0\0\0\0\0\0\0\0\20\0\0\0\0\0\0\0\10\0\0\0\0\0\0\0\20\0\0\0\0\0\0\0\0\0\0\0\0\0\0\0", 208, MSG_NOSIGNAL, NULL, 0) = 208
10687 recvmsg(37, {msg_name=NULL, msg_namelen=0, msg_iov=[{iov_base="\20\0\0\0\320\0\0\0\250!\352y\0\0\0\0\30\0\24\0\0\0\0\0\35\0\0\0\0\0\0\0\0\0\0\0\0\0\0\0H\0\0\0\0\0\0\0e\0\0\0\0\0\0\0\1\0\0\0\0\0\0\0\0\0\0\0\1\0\0\0\377\377\377\377\377\377\377\377\0\0\0\0\0\0\0\0`\0\0\0\0\0\0\0\0\0\0\0\0\0\0\0\0\0\0\0\0\0\0\0`\0\0\0X\0\0\08\0\0\0\3\0\0\0\0\0\0\0\254\206\266d\0\0\0\0_\2\331y\0\0\0\0\0\0\0\0\30\0\0\0\0\0\0\0\0\0\0\0\0\0\0\0\0\0\0\0\0\0\0\0\20\0\0\0\0\0\0\0\10\0\0\0\0\0\0\0\20\0\0\0\0\0\0\0\0\0\0\0\0\0\0\0", iov_len=4096}], msg_iovlen=1, msg_controllen=0, msg_flags=0}, MSG_DONTWAIT) = 208
10734 openat(AT_FDCWD, "/tmp/playwright_chromiumdev_profile-92XQZ9/Default/Shared Dictionary/db-journal", O_RDWR|O_CREAT|O_NOFOLLOW|O_CLOEXEC, 0600) = 22
10682 sendto(45, "\20\0\0\0p\0\0\0\210#\352y\0\0\0\0\30\0\24\0\0\0\0\0#\0\0\0\0\0\0\0\0\0\0\0\0\0\0\0H\0\0\0\0\0\0\0.\0\0\0\0\0\0\0\23\0\0\0\0\0\0\0\0\0\0\0\1\0\0\0\0\0\0\0\0\0\0\0\0\202\1\0\0\2\0\0\0\0\0\0\0\0\0\0\0\0\0\0\0\0\0\0\0\0\0\0\0\0\0\0", 112, MSG_NOSIGNAL, NULL, 0 <unfinished ...>
10733 recvmsg(5,  <unfinished ...>
10682 <... sendto resumed>)             = 112
10733 <... recvmsg resumed>{msg_name=NULL, msg_namelen=0, msg_iov=[{iov_base="\20\0\0\0\310\0\0\0\221\3\352y\0\0\0\0\30\0\24\0\0\0\0\0(\0\0\0\0\0\0\0\0\0\0\0\0\0\0\0H\0\0\0\0\0\0\0\\\0\0\0\0\0\0\0\0\0\0\0\0\0\0\0\0\0\0\0\1\0\0\0\377\377\377\377\377\377\377\377\0\0\0\0\0\0\0\0`\0\0\0\0\0\0\0\0\0\0\0\0\0\0\0\0\0\0\0\0\0\0\0X\0\0\0P\0\0\08\0\0\0\3\0\0\0\0\0\0\0\23j\247\21\1\0\0\0\236\306\277h\1\0\0\0\0\0\0\0\30\0\0\0\0\0\0\0\0\0\0\0\0\0\0\0\0\0\0\0\0\0\0\0\20\0\0\0\0\0\0\0\10\0\0\0\0\0\0\0\10\0\0\0\0\0\0\0\20\0\0\08\1\0\0\366\3\352y\0\0\0\0\30\0\24\0\0\0\0\0)\0\0\0\0\0\0\0\0\0\0\0\0\0\0\0H\0\0\0\0\0\0\0\\\0\0\0\0\0\0\0"..., iov_len=4096}], msg_iovlen=1, msg_controllen=0, msg_flags=0}, MSG_DONTWAIT) = 4096
10721 recvmsg(14,  <unfinished ...>
10733 sendto(5, "\20\0\0\0\270\0\0\0L$\352y\0\0\0\0\30\0\24\0\0\0\0\0\36\0\0\0\0\0\0\0\0\0\0\0\0\0\0\0H\0\0\0\0\0\0\0[\0\0\0\0\0\0\0\0\0\0\0\0\0\0\0\0\0\0\0\1\0\0\0\377\377\377\377\377\377\377\377\0\0\0\0\0\0\0\0`\0\0\0\0\0\0\0\0\0\0\0\0\0\0\0\0\0\0\0\0\0\0\0H\0\0\0@\0\0\08\0\0\0\3\0\0\0\0\0\0\0\23j\247\21\2\0\0\0\236\306\277h\1\0\0\0\0\0\0\0\30\0\0\0\0\0\0\0\0\0\0\0\0\0\0\0\0\0\0\0\0\0\0\0\10\0\0\0\0\0\0\0", 184, MSG_NOSIGNAL, NULL, 0 <unfinished ...>
10736 openat(AT_FDCWD, "/tmp/playwright_chromiumdev_profile-92XQZ9/Default/Trust Tokens-journal", O_RDWR|O_CREAT|O_NOFOLLOW|O_CLOEXEC, 0600 <unfinished ...>
10734 openat(AT_FDCWD, "/dev/urandom", O_RDONLY|O_CLOEXEC <unfinished ...>
10733 <... sendto resumed>)             = 184
10721 <... recvmsg resumed>{msg_name=NULL, msg_namelen=0, msg_iov=[{iov_base="\20\0\0\0p\0\0\0\210#\352y\0\0\0\0\30\0\24\0\0\0\0\0#\0\0\0\0\0\0\0\0\0\0\0\0\0\0\0H\0\0\0\0\0\0\0.\0\0\0\0\0\0\0\23\0\0\0\0\0\0\0\0\0\0\0\1\0\0\0\0\0\0\0\0\0\0\0\0\202\1\0\0\2\0\0\0\0\0\0\0\0\0\0\0\0\0\0\0\0\0\0\0\0\0\0\0\0\0\0", iov_len=4096}], msg_iovlen=1, msg_controllen=0, msg_flags=0}, MSG_DONTWAIT) = 112
10736 <... openat resumed>)             = 25
10734 <... openat resumed>)             = 26
10687 recvmsg(37, {msg_name=NULL, msg_namelen=0, msg_iov=[{iov_base="\20\0\0\0\270\0\0\0L$\352y\0\0\0\0\30\0\24\0\0\0\0\0\36\0\0\0\0\0\0\0\0\0\0\0\0\0\0\0H\0\0\0\0\0\0\0[\0\0\0\0\0\0\0\0\0\0\0\0\0\0\0\0\0\0\0\1\0\0\0\377\377\377\377\377\377\377\377\0\0\0\0\0\0\0\0`\0\0\0\0\0\0\0\0\0\0\0\0\0\0\0\0\0\0\0\0\0\0\0H\0\0\0@\0\0\08\0\0\0\3\0\0\0\0\0\0\0\23j\247\21\2\0\0\0\236\306\277h\1\0\0\0\0\0\0\0\30\0\0\0\0\0\0\0\0\0\0\0\0\0\0\0\0\0\0\0\0\0\0\0\10\0\0\0\0\0\0\0", iov_len=4096}], msg_iovlen=1, msg_controllen=0, msg_flags=0}, MSG_DONTWAIT) = 184
10733 sendto(5, "\20\0\0\0\270\0\0\0Q&\352y\0\0\0\0\30\0\24\0\0\0\0\0\37\0\0\0\0\0\0\0\0\0\0\0\0\0\0\0H\0\0\0\0\0\0\0[\0\0\0\0\0\0\0\1\0\0\0\0\0\0\0\0\0\0\0\1\0\0\0\377\377\377\377\377\377\377\377\0\0\0\0\0\0\0\0`\0\0\0\0\0\0\0\0\0\0\0\0\0\0\0\0\0\0\0\0\0\0\0H\0\0\0@\0\0\08\0\0\0\3\0\0\0\0\0\0\0\tU/\36\2\0\0\0\252\306\277h\2\0\0\0\0\0\0\0\30\0\0\0\0\0\0\0\0\0\0\0\0\0\0\0\0\0\0\0\0\0\0\0\10\0\0\0\0\0\0\0", 184, MSG_NOSIGNAL, NULL, 0) = 184
10662 sendto(37, "\20\0\0\0H\1\0\0{&\352y\0\0\0\0\30\0\24\0\0\0\0\0007\0\0\0\0\0\0\0\0\0\0\0\0\0\0\0H\0\0\0\0\0\0\0[\0\0\0\0\0\0\0\f\0\0\0\0\0\0\0\0\0\0\0\1\0\0\0\0\0\0\0\0\0\0\0\0\224\1\0\0\4\0\0\0\0\0\0`\0\0\0p\0\0\0\0\0\0\0\0\0\0\0\0\0\0\0\20\0\0\0\2\0\0\0\0\0\0\0\0\0\0\0\310\0\0\0\2\0\0\0\0\0\0\0\0\0\0\0\201\0\0\0\0\0\0\0\0\0\0\0\0\0\0\0\0\22\0\0@\0\0\0\202\0\0\0\0\0\0\0\0\0\0\0\0\0\0\0\0\0\0\0\0\0\0\0\0\0\0\0\0\0\0\0\2\0\0\0\0\0\0\0\0\0\0\0\0\0\0\0\0\0\0\0\0\0\0\0\0\0\0\0\0\0\0\0\0\0\0\0\0\0\0\0\203\0\0\0\0\0\0\0\0\0\0\0\0\0\0\0"..., 328, MSG_NOSIGNAL, NULL, 0) = 328
10687 recvmsg(37,  <unfinished ...>
10721 sendto(14, "\20\0\0\0p\0\0\0\361&\352y\0\0\0\0\30\0\24\0\0\0\0\0'\0\0\0\0\0\0\0\0\0\0\0\0\0\0\0H\0\0\0\0\0\0\0.\0\0\0\0\0\0\0\24\0\0\0\0\0\0\0\0\0\0\0\1\0\0\0\0\0\0\0\0\0\0\0\0}\1\0\0\1\0\0\0\0\0\0\0\0\0\0\0\0\0\0\0\0\0\0\0\0\0\0\0\0\0\0", 112, MSG_NOSIGNAL, NULL, 0 <unfinished ...>
10687 <... recvmsg resumed>{msg_name=NULL, msg_namelen=0, msg_iov=[{iov_base="\20\0\0\0\270\0\0\0Q&\352y\0\0\0\0\30\0\24\0\0\0\0\0\37\0\0\0\0\0\0\0\0\0\0\0\0\0\0\0H\0\0\0\0\0\0\0[\0\0\0\0\0\0\0\1\0\0\0\0\0\0\0\0\0\0\0\1\0\0\0\377\377\377\377\377\377\377\377\0\0\0\0\0\0\0\0`\0\0\0\0\0\0\0\0\0\0\0\0\0\0\0\0\0\0\0\0\0\0\0H\0\0\0@\0\0\08\0\0\0\3\0\0\0\0\0\0\0\tU/\36\2\0\0\0\252\306\277h\2\0\0\0\0\0\0\0\30\0\0\0\0\0\0\0\0\0\0\0\0\0\0\0\0\0\0\0\0\0\0\0\10\0\0\0\0\0\0\0", iov_len=4096}], msg_iovlen=1, msg_controllen=0, msg_flags=0}, MSG_DONTWAIT) = 184
10721 <... sendto resumed>)             = 112
10662 sendto(37, "\20\0\0\0H\1\0\0\7'\352y\0\0\0\0\30\0\24\0\0\0\0\08\0\0\0\0\0\0\0\0\0\0\0\0\0\0\0H\0\0\0\0\0\0\0\201\0\0\0\0\0\0\0\0\0\0\0\0\0\0\0\0\0\0\0\1\0\0\0\0\0\0\0\0\0\0\0\0\230\1\0\0\4\0\0\0\0\0\0`\0\0\0p\0\0\0\0\0\0\0\0\0\0\0\0\0\0\0\20\0\0\0\2\0\0\0\0\0\0\0\0\0\0\0\310\0\0\0\2\0\0\0\0\0\0\0\0\0\0\0\205\0\0\0\0\0\0\0\0\0\0\0\0\0\0\0\200\22\0\0@\0\0\0\206\0\0\0\0\0\0\0\0\0\0\0\0\0\0\0\0\0\0\0\0\0\0\0\0\0\0\0\0\0\0\0\2\0\0\0\0\0\0\0\0\0\0\0\0\0\0\0\0\0\0\0\0\0\0\0\0\0\0\0\0\0\0\0\0\0\0\0\0\0\0\0\207\0\0\0\0\0\0\0\0\0\0\0\0\0\0\0"..., 328, MSG_NOSIGNAL, NULL, 0) = 328
10687 recvmsg(45,  <unfinished ...>
10733 sendto(5, "\20\0\0\0\270\0\0\0\342'\352y\0\0\0\0\30\0\24\0\0\0\0\0 \0\0\0\0\0\0\0\0\0\0\0\0\0\0\0H\0\0\0\0\0\0\0[\0\0\0\0\0\0\0\2\0\0\0\0\0\0\0\0\0\0\0\1\0\0\0\377\377\377\377\377\377\377\377\0\0\0\0\0\0\0\0`\0\0\0\0\0\0\0\0\0\0\0\0\0\0\0\0\0\0\0\0\0\0\0H\0\0\0@\0\0\08\0\0\0\3\0\0\0\0\0\0\0\tU/\36\2\0\0\0\245\306\277h\3\0\0\0\0\0\0\0\30\0\0\0\0\0\0\0\0\0\0\0\0\0\0\0\0\0\0\0\0\0\0\0\10\0\0\0\0\0\0\0", 184, MSG_NOSIGNAL, NULL, 0) = 184
10687 <... recvmsg resumed>{msg_name=NULL, msg_namelen=0, msg_iov=[{iov_base="\20\0\0\0p\0\0\0\361&\352y\0\0\0\0\30\0\24\0\0\0\0\0'\0\0\0\0\0\0\0\0\0\0\0\0\0\0\0H\0\0\0\0\0\0\0.\0\0\0\0\0\0\0\24\0\0\0\0\0\0\0\0\0\0\0\1\0\0\0\0\0\0\0\0\0\0\0\0}\1\0\0\1\0\0\0\0\0\0\0\0\0\0\0\0\0\0\0\0\0\0\0\0\0\0\0\0\0\0", iov_len=4096}], msg_iovlen=1, msg_controllen=0, msg_flags=0}, MSG_DONTWAIT) = 112
10733 sendto(5, "\20\0\0\0\270\0\0\0006(\352y\0\0\0\0\30\0\24\0\0\0\0\0!\0\0\0\0\0\0\0\0\0\0\0\0\0\0\0H\0\0\0\0\0\0\0[\0\0\0\0\0\0\0\3\0\0\0\0\0\0\0\0\0\0\0\1\0\0\0\377\377\377\377\377\377\377\377\0\0\0\0\0\0\0\0`\0\0\0\0\0\0\0\0\0\0\0\0\0\0\0\0\0\0\0\0\0\0\0H\0\0\0@\0\0\08\0\0\0\3\0\0\0\0\0\0\0\tU/\36\2\0\0\0\244\306\277h\4\0\0\0\0\0\0\0\30\0\0\0\0\0\0\0\0\0\0\0\0\0\0\0\0\0\0\0\0\0\0\0\10\0\0\0\0\0\0\0", 184, MSG_NOSIGNAL, NULL, 0) = 184
10733 recvmsg(5, {msg_name=NULL, msg_namelen=0, msg_iov=[{iov_base="\20\0\0\0\300\2\0\0\307\7\352y\0\0\0\0\30\0\24\0\0\0\0\0000\0\0\0\0\0\0\0\0\0\0\0\0\0\0\0H\0\0\0\0\0\0\0\\\0\0\0\0\0\0\0\7\0\0\0\0\0\0\0\0\0\0\0\1\0\0\0\377\377\377\377\377\377\377\377\0\0\0\0\0\0\0\0`\0\0\0\0\0\0\0\0\0\0\0\0\0\0\0\0\0\0\0\0\0\0\0P\2\0\0H\2\0\08\0\0\0\3\0\0\0\0\0\0\0\tU/\36\1\0\0\0\247\306\277h\5\0\0\0\0\0\0\0\30\0\0\0\0\0\0\0\0\0\0\0\0\0\0\0\0\0\0\0\0\0\0\0 \0\0\0\0\0\0\0\30\0\0\0\0\0\0\0x\0\0\0\0\0\0\0(\1\0\0\0\0\0\0(\0\0\0\0\0\0\0 \0\0\0\0\0\0\0000\0\0\0\0\0\0\0\0\0\0\0\0\0\0\0\0\0\0\0\0\0\0\0\30\0\0\0\20\0\0\0"..., iov_len=4096}], msg_iovlen=1, msg_controllen=0, msg_flags=0}, MSG_DONTWAIT) = 3840
10683 openat(AT_FDCWD, "/tmp/playwright_chromiumdev_profile-92XQZ9/Default/Local Storage/leveldb", O_RDONLY|O_NONBLOCK|O_CLOEXEC|O_DIRECTORY <unfinished ...>
10687 recvmsg(37,  <unfinished ...>
10733 sendto(5, "\20\0\0\0\270\0\0\0\221)\352y\0\0\0\0\30\0\24\0\0\0\0\0\"\0\0\0\0\0\0\0\0\0\0\0\0\0\0\0H\0\0\0\0\0\0\0[\0\0\0\0\0\0\0\4\0\0\0\0\0\0\0\0\0\0\0\1\0\0\0\377\377\377\377\377\377\377\377\0\0\0\0\0\0\0\0`\0\0\0\0\0\0\0\0\0\0\0\0\0\0\0\0\0\0\0\0\0\0\0H\0\0\0@\0\0\08\0\0\0\3\0\0\0\0\0\0\0\tU/\36\2\0\0\0\247\306\277h\5\0\0\0\0\0\0\0\30\0\0\0\0\0\0\0\0\0\0\0\0\0\0\0\0\0\0\0\0\0\0\0\10\0\0\0\0\0\0\0", 184, MSG_NOSIGNAL, NULL, 0 <unfinished ...>
10687 <... recvmsg resumed>{msg_name=NULL, msg_namelen=0, msg_iov=[{iov_base="\20\0\0\0\270\0\0\0\342'\352y\0\0\0\0\30\0\24\0\0\0\0\0 \0\0\0\0\0\0\0\0\0\0\0\0\0\0\0H\0\0\0\0\0\0\0[\0\0\0\0\0\0\0\2\0\0\0\0\0\0\0\0\0\0\0\1\0\0\0\377\377\377\377\377\377\377\377\0\0\0\0\0\0\0\0`\0\0\0\0\0\0\0\0\0\0\0\0\0\0\0\0\0\0\0\0\0\0\0H\0\0\0@\0\0\08\0\0\0\3\0\0\0\0\0\0\0\tU/\36\2\0\0\0\245\306\277h\3\0\0\0\0\0\0\0\30\0\0\0\0\0\0\0\0\0\0\0\0\0\0\0\0\0\0\0\0\0\0\0\10\0\0\0\0\0\0\0\20\0\0\0\270\0\0\0006(\352y\0\0\0\0\30\0\24\0\0\0\0\0!\0\0\0\0\0\0\0\0\0\0\0\0\0\0\0H\0\0\0\0\0\0\0[\0\0\0\0\0\0\0\3\0\0\0\0\0\0\0\0\0\0\0\1\0\0\0"..., iov_len=4096}], msg_iovlen=1, msg_controllen=0, msg_flags=0}, MSG_DONTWAIT) = 368
10683 <... openat resumed>)             = 84
10733 <... sendto resumed>)             = 184
10733 sendto(5, "\20\0\0\0\270\0\0\0)*\352y\0\0\0\0\30\0\24\0\0\0\0\0#\0\0\0\0\0\0\0\0\0\0\0\0\0\0\0H\0\0\0\0\0\0\0[\0\0\0\0\0\0\0\5\0\0\0\0\0\0\0\0\0\0\0\1\0\0\0\377\377\377\377\377\377\377\377\0\0\0\0\0\0\0\0`\0\0\0\0\0\0\0\0\0\0\0\0\0\0\0\0\0\0\0\0\0\0\0H\0\0\0@\0\0\08\0\0\0\3\0\0\0\0\0\0\0\tU/\36\2\0\0\0\246\306\277h\6\0\0\0\0\0\0\0\30\0\0\0\0\0\0\0\0\0\0\0\0\0\0\0\0\0\0\0\0\0\0\0\10\0\0\0\0\0\0\0", 184, MSG_NOSIGNAL, NULL, 0) = 184
10687 recvmsg(37,  <unfinished ...>
10736 openat(AT_FDCWD, "/tmp/playwright_chromiumdev_profile-92XQZ9/Default", O_RDONLY|O_CLOEXEC <unfinished ...>
10733 sendto(5, "\20\0\0\0\270\0\0\0\260*\352y\0\0\0\0\30\0\24\0\0\0\0\0$\0\0\0\0\0\0\0\0\0\0\0\0\0\0\0H\0\0\0\0\0\0\0[\0\0\0\0\0\0\0\6\0\0\0\0\0\0\0\0\0\0\0\1\0\0\0\377\377\377\377\377\377\377\377\0\0\0\0\0\0\0\0`\0\0\0\0\0\0\0\0\0\0\0\0\0\0\0\0\0\0\0\0\0\0\0H\0\0\0@\0\0\08\0\0\0\3\0\0\0\0\0\0\0\tU/\36\2\0\0\0\241\306\277h\7\0\0\0\0\0\0\0\30\0\0\0\0\0\0\0\0\0\0\0\0\0\0\0\0\0\0\0\0\0\0\0\10\0\0\0\0\0\0\0", 184, MSG_NOSIGNAL, NULL, 0 <unfinished ...>
10687 <... recvmsg resumed>{msg_name=NULL, msg_namelen=0, msg_iov=[{iov_base="\20\0\0\0\270\0\0\0\221)\352y\0\0\0\0\30\0\24\0\0\0\0\0\"\0\0\0\0\0\0\0\0\0\0\0\0\0\0\0H\0\0\0\0\0\0\0[\0\0\0\0\0\0\0\4\0\0\0\0\0\0\0\0\0\0\0\1\0\0\0\377\377\377\377\377\377\377\377\0\0\0\0\0\0\0\0`\0\0\0\0\0\0\0\0\0\0\0\0\0\0\0\0\0\0\0\0\0\0\0H\0\0\0@\0\0\08\0\0\0\3\0\0\0\0\0\0\0\tU/\36\2\0\0\0\247\306\277h\5\0\0\0\0\0\0\0\30\0\0\0\0\0\0\0\0\0\0\0\0\0\0\0\0\0\0\0\0\0\0\0\10\0\0\0\0\0\0\0\20\0\0\0\270\0\0\0)*\352y\0\0\0\0\30\0\24\0\0\0\0\0#\0\0\0\0\0\0\0\0\0\0\0\0\0\0\0H\0\0\0\0\0\0\0[\0\0\0\0\0\0\0\5\0\0\0\0\0\0\0\0\0\0\0\1\0\0\0"..., iov_len=4096}], msg_iovlen=1, msg_controllen=0, msg_flags=0}, MSG_DONTWAIT) = 368
10736 <... openat resumed>)             = 26
10733 <... sendto resumed>)             = 184
10734 openat(AT_FDCWD, "/tmp/playwright_chromiumdev_profile-92XQZ9/Default/Shared Dictionary", O_RDONLY|O_CLOEXEC) = 27
10687 recvmsg(37, {msg_name=NULL, msg_namelen=0, msg_iov=[{iov_base="\20\0\0\0\270\0\0\0\260*\352y\0\0\0\0\30\0\24\0\0\0\0\0$\0\0\0\0\0\0\0\0\0\0\0\0\0\0\0H\0\0\0\0\0\0\0[\0\0\0\0\0\0\0\6\0\0\0\0\0\0\0\0\0\0\0\1\0\0\0\377\377\377\377\377\377\377\377\0\0\0\0\0\0\0\0`\0\0\0\0\0\0\0\0\0\0\0\0\0\0\0\0\0\0\0\0\0\0\0H\0\0\0@\0\0\08\0\0\0\3\0\0\0\0\0\0\0\tU/\36\2\0\0\0\241\306\277h\7\0\0\0\0\0\0\0\30\0\0\0\0\0\0\0\0\0\0\0\0\0\0\0\0\0\0\0\0\0\0\0\10\0\0\0\0\0\0\0", iov_len=4096}], msg_iovlen=1, msg_controllen=0, msg_flags=0}, MSG_DONTWAIT) = 184
10732 openat(AT_FDCWD, "/tmp/playwright_chromiumdev_profile-92XQZ9/Default/Cache/Cache_Data/index", O_RDONLY) = -1 ENOENT (No such file or directory)
10683 sendto(45, "\20\0\0\0p\0\0\0\177.\352y\0\0\0\0\30\0\24\0\0\0\0\0$\0\0\0\0\0\0\0\0\0\0\0\0\0\0\0H\0\0\0\0\0\0\0.\0\0\0\0\0\0\0\24\0\0\0\0\0\0\0\0\0\0\0\1\0\0\0\0\0\0\0\0\0\0\0\0\202\1\0\0\2\0\0\0\0\0\0\0\0\0\0\0\0\0\0\0\0\0\0\0\0\0\0\0\0\0\0", 112, MSG_NOSIGNAL, NULL, 0 <unfinished ...>
10732 openat(AT_FDCWD, "/tmp/playwright_chromiumdev_profile-92XQZ9/Default/Cache/Cache_Data/index", O_WRONLY|O_CREAT|O_EXCL, 0600 <unfinished ...>
10683 <... sendto resumed>)             = 112
10733 sendto(5, "\20\0\0\0\360\0\0\0\356.\352y\0\0\0\0\30\0\24\0\0\0\0\0%\0\0\0\0\0\0\0\0\0\0\0\0\0\0\0H\0\0\0\0\0\0\0\23\0\0\0\0\0\0\0\0\0\0\0\0\0\0\0\0\0\0\0\1\0\0\0\377\377\377\377\377\377\377\377\0\0\0\0\0\0\0\0`\0\0\0\0\0\0\0\0\0\0\0\0\0\0\0\0\0\0\0\0\0\0\0\200\0\0\0x\0\0\08\0\0\0\3\0\0\0\0\0\0\0\250\363Uc\1\0\0\0V\2\331y\1\0\0\0\0\0\0\0\30\0\0\0\0\0\0\0\0\0\0\0\0\0\0\0\0\0\0\0\0\0\0\0 \0\0\0\0\0\0\0\30\0\0\0\0\0\0\0\1\0\0\0\6\0\0\0\377\377\377\377\377\377\377\377\33\0\0\0\23\0\0\0clients2.google.com\0\0\0\0\0", 240, MSG_NOSIGNAL, NULL, 0) = 240
10732 <... openat resumed>)             = 18
10721 recvmsg(14,  <unfinished ...>
10687 recvmsg(37, {msg_name=NULL, msg_namelen=0, msg_iov=[{iov_base="\20\0\0\0\360\0\0\0\356.\352y\0\0\0\0\30\0\24\0\0\0\0\0%\0\0\0\0\0\0\0\0\0\0\0\0\0\0\0H\0\0\0\0\0\0\0\23\0\0\0\0\0\0\0\0\0\0\0\0\0\0\0\0\0\0\0\1\0\0\0\377\377\377\377\377\377\377\377\0\0\0\0\0\0\0\0`\0\0\0\0\0\0\0\0\0\0\0\0\0\0\0\0\0\0\0\0\0\0\0\200\0\0\0x\0\0\08\0\0\0\3\0\0\0\0\0\0\0\250\363Uc\1\0\0\0V\2\331y\1\0\0\0\0\0\0\0\30\0\0\0\0\0\0\0\0\0\0\0\0\0\0\0\0\0\0\0\0\0\0\0 \0\0\0\0\0\0\0\30\0\0\0\0\0\0\0\1\0\0\0\6\0\0\0\377\377\377\377\377\377\377\377\33\0\0\0\23\0\0\0clients2.google.com\0\0\0\0\0", iov_len=4096}], msg_iovlen=1, msg_controllen=0, msg_flags=0}, MSG_DONTWAIT) = 240
10721 <... recvmsg resumed>{msg_name=NULL, msg_namelen=0, msg_iov=[{iov_base="\20\0\0\0p\0\0\0\177.\352y\0\0\0\0\30\0\24\0\0\0\0\0$\0\0\0\0\0\0\0\0\0\0\0\0\0\0\0H\0\0\0\0\0\0\0.\0\0\0\0\0\0\0\24\0\0\0\0\0\0\0\0\0\0\0\1\0\0\0\0\0\0\0\0\0\0\0\0\202\1\0\0\2\0\0\0\0\0\0\0\0\0\0\0\0\0\0\0\0\0\0\0\0\0\0\0\0\0\0", iov_len=4096}], msg_iovlen=1, msg_controllen=0, msg_flags=0}, MSG_DONTWAIT) = 112
10662 sendto(45, "\20\0\0\0p\0\0\0C0\352y\0\0\0\0\30\0\24\0\0\0\0\0%\0\0\0\0\0\0\0\0\0\0\0\0\0\0\0H\0\0\0\0\0\0\0\32\0\0\0\0\0\0\0\0\0\0\0\0\0\0\0\0\0\0\0\1\0\0\0\0\0\0\0\0\0\0\0\0}\1\0\0\1\0\0\0\0\0\0\0\0\0\0\0\0\0\0\0\0\0\0\0\0\0\0\0\0\0\0", 112, MSG_NOSIGNAL, NULL, 0) = 112
10732 openat(AT_FDCWD, "/tmp/playwright_chromiumdev_profile-92XQZ9/Default/Shared Dictionary/cache/index-dir/the-real-index", O_RDONLY <unfinished ...>
10721 recvmsg(14,  <unfinished ...>
10732 <... openat resumed>)             = -1 ENOENT (No such file or directory)
10721 <... recvmsg resumed>{msg_name=NULL, msg_namelen=0, msg_iov=[{iov_base="\20\0\0\0p\0\0\0C0\352y\0\0\0\0\30\0\24\0\0\0\0\0%\0\0\0\0\0\0\0\0\0\0\0\0\0\0\0H\0\0\0\0\0\0\0\32\0\0\0\0\0\0\0\0\0\0\0\0\0\0\0\0\0\0\0\1\0\0\0\0\0\0\0\0\0\0\0\0}\1\0\0\1\0\0\0\0\0\0\0\0\0\0\0\0\0\0\0\0\0\0\0\0\0\0\0\0\0\0", iov_len=4096}], msg_iovlen=1, msg_controllen=0, msg_flags=0}, MSG_DONTWAIT) = 112
10732 openat(AT_FDCWD, "/tmp/playwright_chromiumdev_profile-92XQZ9/Default/Shared Dictionary/cache", O_RDONLY|O_NONBLOCK|O_CLOEXEC|O_DIRECTORY) = 18
10721 sendto(14, "\20\0\0\0p\0\0\0\3103\352y\0\0\0\0\30\0\24\0\0\0\0\0(\0\0\0\0\0\0\0\0\0\0\0\0\0\0\0H\0\0\0\0\0\0\0.\0\0\0\0\0\0\0\25\0\0\0\0\0\0\0\0\0\0\0\1\0\0\0\0\0\0\0\0\0\0\0\0y\1\0\0\1\0\0\0\0\0\0\0\0\0\0\0\0\0\0\0\0\0\0\0\0\0\0\0\0\0\0", 112, MSG_NOSIGNAL, NULL, 0) = 112
10687 recvmsg(45, {msg_name=NULL, msg_namelen=0, msg_iov=[{iov_base="\20\0\0\0p\0\0\0\3103\352y\0\0\0\0\30\0\24\0\0\0\0\0(\0\0\0\0\0\0\0\0\0\0\0\0\0\0\0H\0\0\0\0\0\0\0.\0\0\0\0\0\0\0\25\0\0\0\0\0\0\0\0\0\0\0\1\0\0\0\0\0\0\0\0\0\0\0\0y\1\0\0\1\0\0\0\0\0\0\0\0\0\0\0\0\0\0\0\0\0\0\0\0\0\0\0\0\0\0", iov_len=4096}], msg_iovlen=1, msg_controllen=0, msg_flags=0}, MSG_DONTWAIT) = 112
10692 sendto(45, "\20\0\0\0p\0\0\0\0166\352y\0\0\0\0\30\0\24\0\0\0\0\0&\0\0\0\0\0\0\0\0\0\0\0\0\0\0\0H\0\0\0\0\0\0\0.\0\0\0\0\0\0\0\25\0\0\0\0\0\0\0\0\0\0\0\1\0\0\0\0\0\0\0\0\0\0\0\0}\1\0\0\1\0\0\0\0\0\0\0\0\0\0\0\0\0\0\0\0\0\0\0\0\0\0\0\0\0\0", 112, MSG_NOSIGNAL, NULL, 0 <unfinished ...>
10682 openat(AT_FDCWD, "/tmp/playwright_chromiumdev_profile-92XQZ9/Default/shared_proto_db/metadata/LOG", O_WRONLY|O_CREAT|O_TRUNC, 0600 <unfinished ...>
10692 <... sendto resumed>)             = 112
10721 recvmsg(14,  <unfinished ...>
10682 <... openat resumed>)             = 84
10721 <... recvmsg resumed>{msg_name=NULL, msg_namelen=0, msg_iov=[{iov_base="\20\0\0\0p\0\0\0\0166\352y\0\0\0\0\30\0\24\0\0\0\0\0&\0\0\0\0\0\0\0\0\0\0\0\0\0\0\0H\0\0\0\0\0\0\0.\0\0\0\0\0\0\0\25\0\0\0\0\0\0\0\0\0\0\0\1\0\0\0\0\0\0\0\0\0\0\0\0}\1\0\0\1\0\0\0\0\0\0\0\0\0\0\0\0\0\0\0\0\0\0\0\0\0\0\0\0\0\0", iov_len=4096}], msg_iovlen=1, msg_controllen=0, msg_flags=0}, MSG_DONTWAIT) = 112
10685 socket(AF_UNIX, SOCK_STREAM|SOCK_CLOEXEC|SOCK_NONBLOCK, 0) = 85
10682 openat(AT_FDCWD, "/tmp/playwright_chromiumdev_profile-92XQZ9/Default/shared_proto_db/metadata/LOCK", O_RDWR <unfinished ...>
10685 connect(85, {sa_family=AF_UNIX, sun_path="/var/run/nscd/socket"}, 110 <unfinished ...>
10682 <... openat resumed>)             = -1 ENOENT (No such file or directory)
10685 <... connect resumed>)            = -1 ENOENT (No such file or directory)
10682 openat(AT_FDCWD, "/tmp/playwright_chromiumdev_profile-92XQZ9/Default/shared_proto_db/metadata/LOCK", O_RDWR|O_CREAT, 0600) = 85
10685 socket(AF_UNIX, SOCK_STREAM|SOCK_CLOEXEC|SOCK_NONBLOCK, 0) = 86
10685 connect(86, {sa_family=AF_UNIX, sun_path="/var/run/nscd/socket"}, 110 <unfinished ...>
10732 openat(AT_FDCWD, "/tmp/playwright_chromiumdev_profile-92XQZ9/Default/Cache/Cache_Data/index-dir/the-real-index", O_RDONLY <unfinished ...>
10685 <... connect resumed>)            = -1 ENOENT (No such file or directory)
10732 <... openat resumed>)             = -1 ENOENT (No such file or directory)
10732 openat(AT_FDCWD, "/tmp/playwright_chromiumdev_profile-92XQZ9/Default/Cache/Cache_Data", O_RDONLY|O_NONBLOCK|O_CLOEXEC|O_DIRECTORY) = 18
10685 openat(AT_FDCWD, "/etc/nsswitch.conf", O_RDONLY|O_CLOEXEC <unfinished ...>
10682 openat(AT_FDCWD, "/tmp/playwright_chromiumdev_profile-92XQZ9/Default/shared_proto_db/metadata/MANIFEST-000001", O_WRONLY|O_CREAT|O_TRUNC, 0600 <unfinished ...>
10685 <... openat resumed>)             = 86
10682 <... openat resumed>)             = 87
10682 openat(AT_FDCWD, "/tmp/playwright_chromiumdev_profile-92XQZ9/Default/shared_proto_db/metadata", O_RDONLY) = 88
10732 openat(AT_FDCWD, "/tmp/playwright_chromiumdev_profile-92XQZ9/Default/Cache/Cache_Data/ed5152d08612b2ae_0", O_RDWR <unfinished ...>
10685 openat(AT_FDCWD, "/etc/hosts", O_RDONLY|O_CLOEXEC <unfinished ...>
10732 <... openat resumed>)             = -1 ENOENT (No such file or directory)
10685 <... openat resumed>)             = 86
10732 openat(AT_FDCWD, "/tmp/playwright_chromiumdev_profile-92XQZ9/Default/Cache/Cache_Data/ed5152d08612b2ae_0", O_RDWR|O_CREAT|O_EXCL, 0600 <unfinished ...>
10685 socket(AF_INET, SOCK_DGRAM|SOCK_CLOEXEC|SOCK_NONBLOCK, IPPROTO_IP <unfinished ...>
10732 <... openat resumed>)             = 18
10713 sendto(14, "\20\0\0\0\350\0\0\0TA\352y\0\0\0\0\30\0\24\0\0\0\0\0)\0\0\0\0\0\0\0\0\0\0\0\0\0\0\0H\0\0\0\0\0\0\0\21\0\0\0\0\0\0\0\2\0\0\0\0\0\0\0\0\0\0\0\1\0\0\0\0\0\0\0\0\0\0\0\0}\1\0\0\1\0\0\0\0\0\0`\0\0\0p\0\0\0\0\0\0\0\0\0\0\0\0\0\0\0\20\0\0\0\1\0\0\0\0\0\0\0\0\0\0\0h\0\0\0\1\0\0\0\0\0\0\0\0\0\0\08\0\0\0\0\0\0\0\0\0\0\0\0\0\0\0@\t\0\0@\0\0\09\0\0\0\0\0\0\0\0\0\0\0\0\0\0\0\0\0\0\0\0\0\0\0\1\0\0\0\0\0\0\0\2\0\0\0\0\0\0\0\0\0\0\0\0\0\0\0\0\0\0\0\0\0\0\0\0\0\0\0\0\0\0\0", 232, MSG_NOSIGNAL, NULL, 0 <unfinished ...>
10685 <... socket resumed>)             = 86
10713 <... sendto resumed>)             = 232
10685 setsockopt(86, SOL_IP, IP_RECVERR, [1], 4 <unfinished ...>
10713 sendto(14, "\20\0\0\0\20\1\0\0\1B\352y\0\0\0\0\30\0\24\0\0\0\0\0*\0\0\0\0\0\0\0\0\0\0\0\0\0\0\0H\0\0\0\0\0\0\09\0\0\0\0\0\0\0\0\0\0\0\0\0\0\0\0\0\0\0\1\0\0\0\377\377\377\377\377\377\377\377\0\0\0\0\0\0\0\0`\0\0\0\0\0\0\0\0\0\0\0\0\0\0\0\0\0\0\0\0\0\0\0\240\0\0\0\230\0\0\08\0\0\0\3\0\0\0\0\0\0\0t;*f\5\0\0\0Z\5\224r\1\0\0\0\0\0\0\0\30\0\0\0\0\0\0\0\0\0\0\0\0\0\0\0\0\0\0\0\0\0\0\0\30\0\0\0\0\0\0\0\20\0\0\0\0\0\0\0\0\0\0\0\0\0\0\0\20\0\0\0\0\0\0\0\10\0\0\0\0\0\0\0\20\0\0\0\0\0\0\0\10\0\0\0\0\0\0\0%\0\0\0\35\0\0\0Default/Local St"..., 272, MSG_NOSIGNAL, NULL, 0 <unfinished ...>
10687 recvmsg(45,  <unfinished ...>
10685 <... setsockopt resumed>)         = 0
10713 <... sendto resumed>)             = 272
10687 <... recvmsg resumed>{msg_name=NULL, msg_namelen=0, msg_iov=[{iov_base="\20\0\0\0\350\0\0\0TA\352y\0\0\0\0\30\0\24\0\0\0\0\0)\0\0\0\0\0\0\0\0\0\0\0\0\0\0\0H\0\0\0\0\0\0\0\21\0\0\0\0\0\0\0\2\0\0\0\0\0\0\0\0\0\0\0\1\0\0\0\0\0\0\0\0\0\0\0\0}\1\0\0\1\0\0\0\0\0\0`\0\0\0p\0\0\0\0\0\0\0\0\0\0\0\0\0\0\0\20\0\0\0\1\0\0\0\0\0\0\0\0\0\0\0h\0\0\0\1\0\0\0\0\0\0\0\0\0\0\08\0\0\0\0\0\0\0\0\0\0\0\0\0\0\0@\t\0\0@\0\0\09\0\0\0\0\0\0\0\0\0\0\0\0\0\0\0\0\0\0\0\0\0\0\0\1\0\0\0\0\0\0\0\2\0\0\0\0\0\0\0\0\0\0\0\0\0\0\0\0\0\0\0\0\0\0\0\0\0\0\0\0\0\0\0\20\0\0\0\20\1\0\0\1B\352y\0\0\0\0\30\0\24\0\0\0\0\0"..., iov_len=4096}], msg_iovlen=1, msg_controllen=0, msg_flags=0}, MSG_DONTWAIT) = 504
10685 connect(86, {sa_family=AF_INET, sin_port=htons(53), sin_addr=inet_addr("127.0.0.53")}, 16 <unfinished ...>
10682 openat(AT_FDCWD, "/tmp/playwright_chromiumdev_profile-92XQZ9/Default/shared_proto_db/metadata/000001.dbtmp", O_WRONLY|O_CREAT|O_TRUNC, 0600 <unfinished ...>
10713 sendto(14, "\20\0\0\0p\0\0\0\322B\352y\0\0\0\0\30\0\24\0\0\0\0\0+\0\0\0\0\0\0\0\0\0\0\0\0\0\0\0H\0\0\0\0\0\0\0\25\0\0\0\0\0\0\0\0\0\0\0\0\0\0\0\0\0\0\0\1\0\0\0\0\0\0\0\0\0\0\0\0y\1\0\0\1\0\0\0\0\0\0\0\0\0\0\0\0\0\0\0\0\0\0\0\0\0\0\0\0\0\0", 112, MSG_NOSIGNAL, NULL, 0 <unfinished ...>
10685 <... connect resumed>)            = 0
10713 <... sendto resumed>)             = 112
10682 <... openat resumed>)             = 87
10713 sendto(14, "\20\0\0\0p\0\0\0\204C\352y\0\0\0\0\30\0\24\0\0\0\0\0,\0\0\0\0\0\0\0\0\0\0\0\0\0\0\0H\0\0\0\0\0\0\0#\0\0\0\0\0\0\0\2\0\0\0\0\0\0\0\0\0\0\0\1\0\0\0\0\0\0\0\0\0\0\0\0x\1\0\0\1\0\0\0\0\0\0\0\0\0\0\0\0\0\0\0\0\0\0\0\0\0\0\0\0\0\0", 112, MSG_NOSIGNAL, NULL, 0) = 112
10685 sendto(86, "\207q\1 \0\1\0\0\0\0\0\1\10clients2\6google\3com\0\0\1\0\1\0\0)\4\260\0\0\0\0\0\0", 48, MSG_NOSIGNAL, NULL, 0) = 48
10687 recvmsg(45,  <unfinished ...>
10683 openat(AT_FDCWD, "/tmp/playwright_chromiumdev_profile-92XQZ9/Default/Local Storage/leveldb", O_RDONLY|O_NONBLOCK|O_CLOEXEC|O_DIRECTORY <unfinished ...>
10687 <... recvmsg resumed>{msg_name=NULL, msg_namelen=0, msg_iov=[{iov_base="\20\0\0\0p\0\0\0\322B\352y\0\0\0\0\30\0\24\0\0\0\0\0+\0\0\0\0\0\0\0\0\0\0\0\0\0\0\0H\0\0\0\0\0\0\0\25\0\0\0\0\0\0\0\0\0\0\0\0\0\0\0\0\0\0\0\1\0\0\0\0\0\0\0\0\0\0\0\0y\1\0\0\1\0\0\0\0\0\0\0\0\0\0\0\0\0\0\0\0\0\0\0\0\0\0\0\0\0\0\20\0\0\0p\0\0\0\204C\352y\0\0\0\0\30\0\24\0\0\0\0\0,\0\0\0\0\0\0\0\0\0\0\0\0\0\0\0H\0\0\0\0\0\0\0#\0\0\0\0\0\0\0\2\0\0\0\0\0\0\0\0\0\0\0\1\0\0\0\0\0\0\0\0\0\0\0\0x\1\0\0\1\0\0\0\0\0\0\0\0\0\0\0\0\0\0\0\0\0\0\0\0\0\0\0\0\0\0", iov_len=4096}], msg_iovlen=1, msg_controllen=0, msg_flags=0}, MSG_DONTWAIT) = 224
10683 <... openat resumed>)             = 86
10685 socket(AF_INET, SOCK_DGRAM|SOCK_CLOEXEC|SOCK_NONBLOCK, IPPROTO_IP) = 88
10685 setsockopt(88, SOL_IP, IP_RECVERR, [1], 4) = 0
10685 connect(88, {sa_family=AF_INET, sin_port=htons(53), sin_addr=inet_addr("127.0.0.53")}, 16) = 0
10685 sendto(88, "\207q\1 \0\1\0\0\0\0\0\1\10clients2\6google\3com\0\0\1\0\1\0\0)\4\260\0\0\0\0\0\0", 48, MSG_NOSIGNAL, NULL, 0 <unfinished ...>
10732 openat(AT_FDCWD, "/tmp/playwright_chromiumdev_profile-92XQZ9/Default/Shared Dictionary/cache/index-dir/temp-index", O_WRONLY|O_CREAT|O_TRUNC, 0600 <unfinished ...>
10685 <... sendto resumed>)             = 48
10732 <... openat resumed>)             = 19
10682 openat(AT_FDCWD, "/tmp/playwright_chromiumdev_profile-92XQZ9/Default/shared_proto_db/metadata/CURRENT", O_RDONLY) = 87
10733 socket(AF_INET, SOCK_DGRAM, IPPROTO_IP <unfinished ...>
10685 socket(AF_INET, SOCK_DGRAM|SOCK_CLOEXEC|SOCK_NONBLOCK, IPPROTO_IP <unfinished ...>
10733 <... socket resumed>)             = 19
10685 <... socket resumed>)             = 88
10732 openat(AT_FDCWD, "/tmp/playwright_chromiumdev_profile-92XQZ9/Default/SCT Auditing Pending Reports", O_RDONLY|O_CLOEXEC) = -1 ENOENT (No such file or directory)
10685 setsockopt(88, SOL_IP, IP_RECVERR, [1], 4 <unfinished ...>
10733 bind(19, {sa_family=AF_INET, sin_port=htons(12638), sin_addr=inet_addr("0.0.0.0")}, 16 <unfinished ...>
10685 <... setsockopt resumed>)         = 0
10733 <... bind resumed>)               = 0
10685 connect(88, {sa_family=AF_INET, sin_port=htons(53), sin_addr=inet_addr("127.0.0.53")}, 16 <unfinished ...>
10733 connect(19, {sa_family=AF_INET, sin_port=htons(53), sin_addr=inet_addr("127.0.0.53")}, 16 <unfinished ...>
10685 <... connect resumed>)            = 0
10736 openat(AT_FDCWD, "/tmp/playwright_chromiumdev_profile-92XQZ9/Default/Cache/Cache_Data/index-dir/temp-index", O_WRONLY|O_CREAT|O_TRUNC, 0600 <unfinished ...>
10734 openat(AT_FDCWD, "/tmp/playwright_chromiumdev_profile-92XQZ9/Default/Shared Dictionary/db-journal", O_RDWR|O_CREAT|O_NOFOLLOW|O_CLOEXEC, 0600 <unfinished ...>
10733 <... connect resumed>)            = 0
10683 sendto(45, "\20\0\0\0p\0\0\0\350J\352y\0\0\0\0\30\0\24\0\0\0\0\0'\0\0\0\0\0\0\0\0\0\0\0\0\0\0\0H\0\0\0\0\0\0\08\0\0\0\0\0\0\0\0\0\0\0\0\0\0\0\0\0\0\0\1\0\0\0\0\0\0\0\0\0\0\0\0\202\1\0\0\2\0\0\0\0\0\0\0\0\0\0\0\0\0\0\0\0\0\0\0\0\0\0\0\0\0\0", 112, MSG_NOSIGNAL, NULL, 0 <unfinished ...>
10682 openat(AT_FDCWD, "/tmp/playwright_chromiumdev_profile-92XQZ9/Default/shared_proto_db/metadata/MANIFEST-000001", O_RDONLY <unfinished ...>
10736 <... openat resumed>)             = 20
10734 <... openat resumed>)             = 21
10733 getsockname(19,  <unfinished ...>
10683 <... sendto resumed>)             = 112
10682 <... openat resumed>)             = 86
10733 <... getsockname resumed>{sa_family=AF_INET, sin_port=htons(12638), sin_addr=inet_addr("127.0.0.1")}, [128 => 16]) = 0
10721 recvmsg(14,  <unfinished ...>
10685 sendto(88, "\3\27\1 \0\1\0\0\0\0\0\1\10clients2\6google\3com\32xdy23aex2gdehfi5fo3ofqo3dg\2cx\10internal\10cloudapp\3net\0\0\1\0\1\0\0)\4\260\0\0\0\0\0\0", 100, MSG_NOSIGNAL, NULL, 0 <unfinished ...>
10733 sendto(19, "\302t\1\0\0\1\0\0\0\0\0\0\nredirector\4gvt1\3com\0\0A\0\1", 37, 0, NULL, 0 <unfinished ...>
10721 <... recvmsg resumed>{msg_name=NULL, msg_namelen=0, msg_iov=[{iov_base="\20\0\0\0p\0\0\0\350J\352y\0\0\0\0\30\0\24\0\0\0\0\0'\0\0\0\0\0\0\0\0\0\0\0\0\0\0\0H\0\0\0\0\0\0\08\0\0\0\0\0\0\0\0\0\0\0\0\0\0\0\0\0\0\0\1\0\0\0\0\0\0\0\0\0\0\0\0\202\1\0\0\2\0\0\0\0\0\0\0\0\0\0\0\0\0\0\0\0\0\0\0\0\0\0\0\0\0\0", iov_len=4096}], msg_iovlen=1, msg_controllen=0, msg_flags=0}, MSG_DONTWAIT) = 112
10685 <... sendto resumed>)             = 100
10733 <... sendto resumed>)             = 37
10733 recvmsg(19, {msg_namelen=128}, 0) = -1 ECONNREFUSED (Connection refused)
10733 socket(AF_INET, SOCK_DGRAM, IPPROTO_IP) = 20
10732 openat(AT_FDCWD, "/tmp/playwright_chromiumdev_profile-92XQZ9/Default/Cache/No_Vary_Search/snapshot.baf", O_RDONLY) = -1 ENOENT (No such file or directory)
10685 socket(AF_INET, SOCK_DGRAM|SOCK_CLOEXEC|SOCK_NONBLOCK, IPPROTO_IP <unfinished ...>
10682 openat(AT_FDCWD, "/tmp/playwright_chromiumdev_profile-92XQZ9/Default/shared_proto_db/metadata/MANIFEST-000001", O_WRONLY|O_APPEND <unfinished ...>
10685 <... socket resumed>)             = 86
10682 <... openat resumed>)             = 87
10685 setsockopt(86, SOL_IP, IP_RECVERR, [1], 4 <unfinished ...>
10733 bind(20, {sa_family=AF_INET, sin_port=htons(2330), sin_addr=inet_addr("0.0.0.0")}, 16 <unfinished ...>
10732 openat(AT_FDCWD, "/tmp/playwright_chromiumdev_profile-92XQZ9/Default/Cache/No_Vary_Search/snapshot-new.baf", O_WRONLY|O_CREAT|O_TRUNC, 0600 <unfinished ...>
10733 <... bind resumed>)               = 0
10685 <... setsockopt resumed>)         = 0
10733 connect(20, {sa_family=AF_INET, sin_port=htons(53), sin_addr=inet_addr("127.0.0.53")}, 16 <unfinished ...>
10732 <... openat resumed>)             = 22
10733 <... connect resumed>)            = 0
10685 connect(86, {sa_family=AF_INET, sin_port=htons(53), sin_addr=inet_addr("127.0.0.53")}, 16 <unfinished ...>
10682 openat(AT_FDCWD, "/tmp/playwright_chromiumdev_profile-92XQZ9/Default/shared_proto_db/metadata", O_RDONLY|O_NONBLOCK|O_CLOEXEC|O_DIRECTORY <unfinished ...>
10733 getsockname(20,  <unfinished ...>
10685 <... connect resumed>)            = 0
10682 <... openat resumed>)             = 88
10733 <... getsockname resumed>{sa_family=AF_INET, sin_port=htons(2330), sin_addr=inet_addr("127.0.0.1")}, [128 => 16]) = 0
10733 sendto(20, "O\7\1\0\0\1\0\0\0\0\0\0\nredirector\4gvt1\3com\0\0A\0\1", 37, 0, NULL, 0 <unfinished ...>
10721 sendto(14, "\20\0\0\0p\0\0\0007P\352y\0\0\0\0\30\0\24\0\0\0\0\0-\0\0\0\0\0\0\0\0\0\0\0\0\0\0\0H\0\0\0\0\0\0\08\0\0\0\0\0\0\0\1\0\0\0\0\0\0\0\0\0\0\0\1\0\0\0\0\0\0\0\0\0\0\0\0}\1\0\0\1\0\0\0\0\0\0\0\0\0\0\0\0\0\0\0\0\0\0\0\0\0\0\0\0\0\0", 112, MSG_NOSIGNAL, NULL, 0 <unfinished ...>
10685 sendto(86, "\3\27\1 \0\1\0\0\0\0\0\1\10clients2\6google\3com\32xdy23aex2gdehfi5fo3ofqo3dg\2cx\10internal\10cloudapp\3net\0\0\1\0\1\0\0)\4\260\0\0\0\0\0\0", 100, MSG_NOSIGNAL, NULL, 0 <unfinished ...>
10733 <... sendto resumed>)             = 37
10721 <... sendto resumed>)             = 112
10733 recvmsg(20,  <unfinished ...>
10687 recvmsg(45,  <unfinished ...>
10685 <... sendto resumed>)             = 100
10733 <... recvmsg resumed>{msg_namelen=128}, 0) = -1 ECONNREFUSED (Connection refused)
10687 <... recvmsg resumed>{msg_name=NULL, msg_namelen=0, msg_iov=[{iov_base="\20\0\0\0p\0\0\0007P\352y\0\0\0\0\30\0\24\0\0\0\0\0-\0\0\0\0\0\0\0\0\0\0\0\0\0\0\0H\0\0\0\0\0\0\08\0\0\0\0\0\0\0\1\0\0\0\0\0\0\0\0\0\0\0\1\0\0\0\0\0\0\0\0\0\0\0\0}\1\0\0\1\0\0\0\0\0\0\0\0\0\0\0\0\0\0\0\0\0\0\0\0\0\0\0\0\0\0", iov_len=4096}], msg_iovlen=1, msg_controllen=0, msg_flags=0}, MSG_DONTWAIT) = 112
10733 socket(AF_INET, SOCK_DGRAM, IPPROTO_IP) = 22
10732 openat(AT_FDCWD, "/tmp/playwright_chromiumdev_profile-92XQZ9/Default/Cache/No_Vary_Search/journal.baj", O_WRONLY|O_CREAT|O_TRUNC, 0600) = 26
10733 bind(22, {sa_family=AF_INET, sin_port=htons(12211), sin_addr=inet_addr("0.0.0.0")}, 16) = 0
10733 connect(22, {sa_family=AF_INET, sin_port=htons(53), sin_addr=inet_addr("127.0.0.53")}, 16) = 0
10733 getsockname(22, {sa_family=AF_INET, sin_port=htons(12211), sin_addr=inet_addr("127.0.0.1")}, [128 => 16]) = 0
10692 sendto(45, "\20\0\0\0p\0\0\0\201S\352y\0\0\0\0\30\0\24\0\0\0\0\0(\0\0\0\0\0\0\0\0\0\0\0\0\0\0\0H\0\0\0\0\0\0\08\0\0\0\0\0\0\0\1\0\0\0\0\0\0\0\0\0\0\0\1\0\0\0\0\0\0\0\0\0\0\0\0{\1\0\0\1\0\0\0\0\0\0\0\0\0\0\0\0\0\0\0\0\0\0\0\0\0\0\0\0\0\0", 112, MSG_NOSIGNAL, NULL, 0 <unfinished ...>
10733 sendto(22, "<s\1\0\0\1\0\0\0\0\0\0\nredirector\4gvt1\3com\0\0\1\0\1", 37, 0, NULL, 0 <unfinished ...>
10692 <... sendto resumed>)             = 112
10721 recvmsg(14,  <unfinished ...>
10733 <... sendto resumed>)             = 37
10721 <... recvmsg resumed>{msg_name=NULL, msg_namelen=0, msg_iov=[{iov_base="\20\0\0\0p\0\0\0\201S\352y\0\0\0\0\30\0\24\0\0\0\0\0(\0\0\0\0\0\0\0\0\0\0\0\0\0\0\0H\0\0\0\0\0\0\08\0\0\0\0\0\0\0\1\0\0\0\0\0\0\0\0\0\0\0\1\0\0\0\0\0\0\0\0\0\0\0\0{\1\0\0\1\0\0\0\0\0\0\0\0\0\0\0\0\0\0\0\0\0\0\0\0\0\0\0\0\0\0", iov_len=4096}], msg_iovlen=1, msg_controllen=0, msg_flags=0}, MSG_DONTWAIT) = 112
10733 recvmsg(22,  <unfinished ...>
10692 sendto(37, "\20\0\0\0\360\0\0\0NT\352y\0\0\0\0\30\0\24\0\0\0\0\09\0\0\0\0\0\0\0\0\0\0\0\0\0\0\0H\0\0\0\0\0\0\0\23\0\0\0\0\0\0\0\0\0\0\0\0\0\0\0\0\0\0\0\1\0\0\0\377\377\377\377\377\377\377\377\0\0\0\0\0\0\0\0`\0\0\0\0\0\0\0\0\0\0\0\0\0\0\0\0\0\0\0\0\0\0\0\200\0\0\0x\0\0\08\0\0\0\3\0\0\0\0\0\0\0\250\363Uc\2\0\0\0V\2\331y\1\0\0\0\0\0\0\0\30\0\0\0\0\0\0\0\0\0\0\0\0\0\0\0\0\0\0\0\0\0\0\0\30\0\0\0\0\0\0\0\20\0\0\0\0\0\0\0\375\377\377\377\226\377\377\377\30\0\0\0\0\0\0\0\20\0\0\0\0\0\0\0\20\0\0\0\0\0\0\0\10\0\0\0\0\0\0\0\10\0\0\0\0\0\0\0", 240, MSG_NOSIGNAL, NULL, 0 <unfinished ...>
10733 <... recvmsg resumed>{msg_namelen=128}, 0) = -1 ECONNREFUSED (Connection refused)
10692 <... sendto resumed>)             = 240
10733 socket(AF_INET, SOCK_DGRAM, IPPROTO_IP) = 27
10734 openat(AT_FDCWD, "/tmp/playwright_chromiumdev_profile-92XQZ9/Default/Shared Dictionary", O_RDONLY|O_CLOEXEC) = 28
10733 bind(27, {sa_family=AF_INET, sin_port=htons(63370), sin_addr=inet_addr("0.0.0.0")}, 16) = 0
10733 connect(27, {sa_family=AF_INET, sin_port=htons(53), sin_addr=inet_addr("127.0.0.53")}, 16) = 0
10721 sendto(14, "\20\0\0\0p\0\0\0\254V\352y\0\0\0\0\30\0\24\0\0\0\0\0.\0\0\0\0\0\0\0\0\0\0\0\0\0\0\0H\0\0\0\0\0\0\08\0\0\0\0\0\0\0\2\0\0\0\0\0\0\0\0\0\0\0\1\0\0\0\0\0\0\0\0\0\0\0\0{\1\0\0\1\0\0\0\0\0\0\0\0\0\0\0\0\0\0\0\0\0\0\0\0\0\0\0\0\0\0", 112, MSG_NOSIGNAL, NULL, 0 <unfinished ...>
10733 getsockname(27,  <unfinished ...>
10721 <... sendto resumed>)             = 112
10733 <... getsockname resumed>{sa_family=AF_INET, sin_port=htons(63370), sin_addr=inet_addr("127.0.0.1")}, [128 => 16]) = 0
10687 recvmsg(45,  <unfinished ...>
10733 sendto(27, "\332\7\1\0\0\1\0\0\0\0\0\0\nredirector\4gvt1\3com\0\0\1\0\1", 37, 0, NULL, 0 <unfinished ...>
10687 <... recvmsg resumed>{msg_name=NULL, msg_namelen=0, msg_iov=[{iov_base="\20\0\0\0p\0\0\0\254V\352y\0\0\0\0\30\0\24\0\0\0\0\0.\0\0\0\0\0\0\0\0\0\0\0\0\0\0\0H\0\0\0\0\0\0\08\0\0\0\0\0\0\0\2\0\0\0\0\0\0\0\0\0\0\0\1\0\0\0\0\0\0\0\0\0\0\0\0{\1\0\0\1\0\0\0\0\0\0\0\0\0\0\0\0\0\0\0\0\0\0\0\0\0\0\0\0\0\0", iov_len=4096}], msg_iovlen=1, msg_controllen=0, msg_flags=0}, MSG_DONTWAIT) = 112
10733 <... sendto resumed>)             = 37
10733 recvmsg(27, {msg_namelen=128}, 0) = -1 ECONNREFUSED (Connection refused)
10684 sendmsg(25, {msg_name=NULL, msg_namelen=0, msg_iov=[{iov_base="l\1\0\1\246\0\0\0\t\0\0\0\177\0\0\0\1\1o\0\25\0\0\0/org/freedesktop/DBus\0\0\0\6\1s\0\24\0\0\0org.freedesktop.DBus\0\0\0\0\2\1s\0\24\0\0\0org.freedesktop.DBus\0\0\0\0\3\1s\0\10\0\0\0AddMatch\0\0\0\0\0\0\0\0\10\1g\0\1s\0\0", iov_len=144}, {iov_base="\241\0\0\0type='signal',interface='org.freedesktop.DBus',member='NameOwnerChanged',path='/org/freedesktop/DBus',sender='org.freedesktop.DBus',arg0='org.freedesktop.UPower'\0", iov_len=166}], msg_iovlen=2, msg_controllen=0, msg_flags=0}, MSG_NOSIGNAL <unfinished ...>
10733 recvmsg(5,  <unfinished ...>
10684 <... sendmsg resumed>)            = 310
10733 <... recvmsg resumed>{msg_name=NULL, msg_namelen=0, msg_iov=[{iov_base="\20\0\0\0\360\0\0\0NT\352y\0\0\0\0\30\0\24\0\0\0\0\09\0\0\0\0\0\0\0\0\0\0\0\0\0\0\0H\0\0\0\0\0\0\0\23\0\0\0\0\0\0\0\0\0\0\0\0\0\0\0\0\0\0\0\1\0\0\0\377\377\377\377\377\377\377\377\0\0\0\0\0\0\0\0`\0\0\0\0\0\0\0\0\0\0\0\0\0\0\0\0\0\0\0\0\0\0\0\200\0\0\0x\0\0\08\0\0\0\3\0\0\0\0\0\0\0\250\363Uc\2\0\0\0V\2\331y\1\0\0\0\0\0\0\0\30\0\0\0\0\0\0\0\0\0\0\0\0\0\0\0\0\0\0\0\0\0\0\0\30\0\0\0\0\0\0\0\20\0\0\0\0\0\0\0\375\377\377\377\226\377\377\377\30\0\0\0\0\0\0\0\20\0\0\0\0\0\0\0\20\0\0\0\0\0\0\0\10\0\0\0\0\0\0\0\10\0\0\0\0\0\0\0", iov_len=4096}], msg_iovlen=1, msg_controllen=0, msg_flags=0}, MSG_DONTWAIT) = 240
10682 openat(AT_FDCWD, "/tmp/playwright_chromiumdev_profile-92XQZ9/Default/shared_proto_db/metadata", O_RDONLY|O_NONBLOCK|O_CLOEXEC|O_DIRECTORY <unfinished ...>
10684 recvmsg(25, {msg_name=NULL, msg_namelen=0, msg_iov=[{iov_base="l\2\1\1\0\0\0\0\n\0\0\0005\0\0\0\6\1s\0\5\0\0\0:1.55\0\0\0\5\1u\0\t\0\0\0\7\1s\0\24\0\0\0org.freedesktop.DBus\0\0\0\0", iov_len=2048}], msg_iovlen=1, msg_controllen=0, msg_flags=MSG_CMSG_CLOEXEC}, MSG_CMSG_CLOEXEC) = 72
10683 sendto(45, "\20\0\0\0p\0\0\0\320Y\352y\0\0\0\0\30\0\24\0\0\0\0\0)\0\0\0\0\0\0\0\0\0\0\0\0\0\0\0H\0\0\0\0\0\0\08\0\0\0\0\0\0\0\2\0\0\0\0\0\0\0\0\0\0\0\1\0\0\0\0\0\0\0\0\0\0\0\0}\1\0\0\1\0\0\0\0\0\0\0\0\0\0\0\0\0\0\0\0\0\0\0\0\0\0\0\0\0\0", 112, MSG_NOSIGNAL, NULL, 0 <unfinished ...>
10682 <... openat resumed>)             = 86
10684 recvmsg(25, {msg_namelen=0}, MSG_CMSG_CLOEXEC) = -1 EAGAIN (Resource temporarily unavailable)
10683 <... sendto resumed>)             = 112
10721 recvmsg(14,  <unfinished ...>
10684 sendmsg(25, {msg_name=NULL, msg_namelen=0, msg_iov=[{iov_base="l\1\0\1\33\0\0\0\n\0\0\0~\0\0\0\2\1s\0\24\0\0\0org.freedesktop.DBus\0\0\0\0\3\1s\0\f\0\0\0GetNameOwner\0\0\0\0\10\1g\0\1s\0\0\6\1s\0\24\0\0\0org.freedesktop.DBus\0\0\0\0\1\1o\0\25\0\0\0/org/freedesktop/DBus\0\0\0", iov_len=144}, {iov_base="\26\0\0\0org.freedesktop.UPower\0", iov_len=27}], msg_iovlen=2, msg_controllen=0, msg_flags=0}, MSG_NOSIGNAL <unfinished ...>
10721 <... recvmsg resumed>{msg_name=NULL, msg_namelen=0, msg_iov=[{iov_base="\20\0\0\0p\0\0\0\320Y\352y\0\0\0\0\30\0\24\0\0\0\0\0)\0\0\0\0\0\0\0\0\0\0\0\0\0\0\0H\0\0\0\0\0\0\08\0\0\0\0\0\0\0\2\0\0\0\0\0\0\0\0\0\0\0\1\0\0\0\0\0\0\0\0\0\0\0\0}\1\0\0\1\0\0\0\0\0\0\0\0\0\0\0\0\0\0\0\0\0\0\0\0\0\0\0\0\0\0", iov_len=4096}], msg_iovlen=1, msg_controllen=0, msg_flags=0}, MSG_DONTWAIT) = 112
10684 <... sendmsg resumed>)            = 171
10684 recvmsg(25, {msg_name=NULL, msg_namelen=0, msg_iov=[{iov_base="l\3\1\1G\0\0\0\v\0\0\0u\0\0\0\6\1s\0\5\0\0\0:1.55\0\0\0\4\1s\0)\0\0\0org.freedesktop.DBus.Error.NameHasNoOwner\0\0\0\0\0\0\0\5\1u\0\n\0\0\0\10\1g\0\1s\0\0\7\1s\0\24\0\0\0org.freedesktop.DBus\0\0\0\0B\0\0\0Could not get owner of name 'org.freedesktop.UPower': no such name\0", iov_len=2048}], msg_iovlen=1, msg_controllen=0, msg_flags=MSG_CMSG_CLOEXEC}, MSG_CMSG_CLOEXEC) = 207
10684 recvmsg(25, {msg_namelen=0}, MSG_CMSG_CLOEXEC) = -1 EAGAIN (Resource temporarily unavailable)
10684 sendmsg(25, {msg_name=NULL, msg_namelen=0, msg_iov=[{iov_base="l\1\0\1\226\0\0\0\v\0\0\0\177\0\0\0\1\1o\0\25\0\0\0/org/freedesktop/DBus\0\0\0\6\1s\0\24\0\0\0org.freedesktop.DBus\0\0\0\0\2\1s\0\24\0\0\0org.freedesktop.DBus\0\0\0\0\3\1s\0\10\0\0\0AddMatch\0\0\0\0\0\0\0\0\10\1g\0\1s\0\0", iov_len=144}, {iov_base="\221\0\0\0type='signal', sender='org.freedesktop.UPower', interface='org.freedesktop.DBus.Properties', path='/org/freedesktop/UPower/devices/DisplayDevice'\0", iov_len=150}], msg_iovlen=2, msg_controllen=0, msg_flags=0}, MSG_NOSIGNAL) = 294
10721 sendto(14, "\20\0\0\0p\0\0\0?]\352y\0\0\0\0\30\0\24\0\0\0\0\0/\0\0\0\0\0\0\0\0\0\0\0\0\0\0\0H\0\0\0\0\0\0\08\0\0\0\0\0\0\0\3\0\0\0\0\0\0\0\0\0\0\0\1\0\0\0\0\0\0\0\0\0\0\0\0}\1\0\0\1\0\0\0\0\0\0\0\0\0\0\0\0\0\0\0\0\0\0\0\0\0\0\0\0\0\0", 112, MSG_NOSIGNAL, NULL, 0) = 112
10662 sendto(37, "\20\0\0\0\270\0\0\0\204]\352y\0\0\0\0\30\0\24\0\0\0\0\0:\0\0\0\0\0\0\0\0\0\0\0\0\0\0\0H\0\0\0\0\0\0\09\0\0\0\0\0\0\0\0\0\0\0\0\0\0\0\0\0\0\0\1\0\0\0\377\377\377\377\377\377\377\377\0\0\0\0\0\0\0\0`\0\0\0\0\0\0\0\0\0\0\0\0\0\0\0\0\0\0\0\0\0\0\0H\0\0\0@\0\0\08\0\0\0\3\0\0\0\0\0\0\0\f\205\24\\\2\0\0\0J\2\331y\1\0\0\0\0\0\0\0\30\0\0\0\0\0\0\0\0\0\0\0\0\0\0\0\0\0\0\0\0\0\0\0\10\0\0\0\0\0\0\0", 184, MSG_NOSIGNAL, NULL, 0 <unfinished ...>
10687 recvmsg(45,  <unfinished ...>
10684 recvmsg(25,  <unfinished ...>
10662 <... sendto resumed>)             = 184
10687 <... recvmsg resumed>{msg_name=NULL, msg_namelen=0, msg_iov=[{iov_base="\20\0\0\0p\0\0\0?]\352y\0\0\0\0\30\0\24\0\0\0\0\0/\0\0\0\0\0\0\0\0\0\0\0\0\0\0\0H\0\0\0\0\0\0\08\0\0\0\0\0\0\0\3\0\0\0\0\0\0\0\0\0\0\0\1\0\0\0\0\0\0\0\0\0\0\0\0}\1\0\0\1\0\0\0\0\0\0\0\0\0\0\0\0\0\0\0\0\0\0\0\0\0\0\0\0\0\0", iov_len=4096}], msg_iovlen=1, msg_controllen=0, msg_flags=0}, MSG_DONTWAIT) = 112
10684 <... recvmsg resumed>{msg_name=NULL, msg_namelen=0, msg_iov=[{iov_base="l\2\1\1\0\0\0\0\f\0\0\0005\0\0\0\6\1s\0\5\0\0\0:1.55\0\0\0\5\1u\0\v\0\0\0\7\1s\0\24\0\0\0org.freedesktop.DBus\0\0\0\0", iov_len=2048}], msg_iovlen=1, msg_controllen=0, msg_flags=MSG_CMSG_CLOEXEC}, MSG_CMSG_CLOEXEC) = 72
10684 recvmsg(25,  <unfinished ...>
10733 recvmsg(5,  <unfinished ...>
10684 <... recvmsg resumed>{msg_namelen=0}, MSG_CMSG_CLOEXEC) = -1 EAGAIN (Resource temporarily unavailable)
10733 <... recvmsg resumed>{msg_name=NULL, msg_namelen=0, msg_iov=[{iov_base="\20\0\0\0\270\0\0\0\204]\352y\0\0\0\0\30\0\24\0\0\0\0\0:\0\0\0\0\0\0\0\0\0\0\0\0\0\0\0H\0\0\0\0\0\0\09\0\0\0\0\0\0\0\0\0\0\0\0\0\0\0\0\0\0\0\1\0\0\0\377\377\377\377\377\377\377\377\0\0\0\0\0\0\0\0`\0\0\0\0\0\0\0\0\0\0\0\0\0\0\0\0\0\0\0\0\0\0\0H\0\0\0@\0\0\08\0\0\0\3\0\0\0\0\0\0\0\f\205\24\\\2\0\0\0J\2\331y\1\0\0\0\0\0\0\0\30\0\0\0\0\0\0\0\0\0\0\0\0\0\0\0\0\0\0\0\0\0\0\0\10\0\0\0\0\0\0\0", iov_len=4096}], msg_iovlen=1, msg_controllen=0, msg_flags=0}, MSG_DONTWAIT) = 184
10684 sendmsg(25, {msg_name=NULL, msg_namelen=0, msg_iov=[{iov_base="l\1\0\1\"\0\0\0\f\0\0\0\226\0\0\0\2\1s\0\37\0\0\0org.freedesktop.DBus.Properties\0\3\1s\0\6\0\0\0GetAll\0\0\10\1g\0\1s\0\0\6\1s\0\26\0\0\0org.freedesktop.UPower\0\0\1\1o\0-\0\0\0/org/freedesktop/UPower/devices/DisplayDevice\0\0\0", iov_len=168}, {iov_base="\35\0\0\0org.freedesktop.UPower.Device\0", iov_len=34}], msg_iovlen=2, msg_controllen=0, msg_flags=0}, MSG_NOSIGNAL) = 202
10682 openat(AT_FDCWD, "/tmp/playwright_chromiumdev_profile-92XQZ9/Default/shared_proto_db/metadata/000003.log", O_WRONLY|O_CREAT|O_TRUNC, 0600) = 86
10682 openat(AT_FDCWD, "/tmp/playwright_chromiumdev_profile-92XQZ9/Default/shared_proto_db/metadata", O_RDONLY|O_NONBLOCK|O_CLOEXEC|O_DIRECTORY <unfinished ...>
10684 recvmsg(25,  <unfinished ...>
10682 <... openat resumed>)             = 88
10684 <... recvmsg resumed>{msg_name=NULL, msg_namelen=0, msg_iov=[{iov_base="l\3\1\1K\0\0\0\r\0\0\0u\0\0\0\6\1s\0\5\0\0\0:1.55\0\0\0\4\1s\0)\0\0\0org.freedesktop.DBus.Error.ServiceUnknown\0\0\0\0\0\0\0\5\1u\0\f\0\0\0\10\1g\0\1s\0\0\7\1s\0\24\0\0\0org.freedesktop.DBus\0\0\0\0F\0\0\0The name org.freedesktop.UPower was not provided by any .service files\0", iov_len=2048}], msg_iovlen=1, msg_controllen=0, msg_flags=MSG_CMSG_CLOEXEC}, MSG_CMSG_CLOEXEC) = 211
10684 recvmsg(25, {msg_namelen=0}, MSG_CMSG_CLOEXEC) = -1 EAGAIN (Resource temporarily unavailable)
10683 sendto(45, "\20\0\0\0p\0\0\0\360`\352y\0\0\0\0\30\0\24\0\0\0\0\0*\0\0\0\0\0\0\0\0\0\0\0\0\0\0\0H\0\0\0\0\0\0\08\0\0\0\0\0\0\0\3\0\0\0\0\0\0\0\0\0\0\0\1\0\0\0\0\0\0\0\0\0\0\0\0{\1\0\0\1\0\0\0\0\0\0\0\0\0\0\0\0\0\0\0\0\0\0\0\0\0\0\0\0\0\0", 112, MSG_NOSIGNAL, NULL, 0 <unfinished ...>
10733 sendto(5, "\20\0\0\0p\0\0\0ma\352y\0\0\0\0\30\0\24\0\0\0\0\0&\0\0\0\0\0\0\0\0\0\0\0\0\0\0\0H\0\0\0\0\0\0\0\23\0\0\0\0\0\0\0\1\0\0\0\0\0\0\0\0\0\0\0\1\0\0\0\0\0\0\0\0\0\0\0\0|\1\0\0\1\0\0\0\0\0\0\0\0\0\0\0\0\0\0\0\0\0\0\0\0\0\0\0\0\0\0", 112, MSG_NOSIGNAL, NULL, 0 <unfinished ...>
10683 <... sendto resumed>)             = 112
10733 <... sendto resumed>)             = 112
10721 recvmsg(14, {msg_name=NULL, msg_namelen=0, msg_iov=[{iov_base="\20\0\0\0p\0\0\0\360`\352y\0\0\0\0\30\0\24\0\0\0\0\0*\0\0\0\0\0\0\0\0\0\0\0\0\0\0\0H\0\0\0\0\0\0\08\0\0\0\0\0\0\0\3\0\0\0\0\0\0\0\0\0\0\0\1\0\0\0\0\0\0\0\0\0\0\0\0{\1\0\0\1\0\0\0\0\0\0\0\0\0\0\0\0\0\0\0\0\0\0\0\0\0\0\0\0\0\0", iov_len=4096}], msg_iovlen=1, msg_controllen=0, msg_flags=0}, MSG_DONTWAIT) = 112
10687 recvmsg(37, {msg_name=NULL, msg_namelen=0, msg_iov=[{iov_base="\20\0\0\0p\0\0\0ma\352y\0\0\0\0\30\0\24\0\0\0\0\0&\0\0\0\0\0\0\0\0\0\0\0\0\0\0\0H\0\0\0\0\0\0\0\23\0\0\0\0\0\0\0\1\0\0\0\0\0\0\0\0\0\0\0\1\0\0\0\0\0\0\0\0\0\0\0\0|\1\0\0\1\0\0\0\0\0\0\0\0\0\0\0\0\0\0\0\0\0\0\0\0\0\0\0\0\0\0", iov_len=4096}], msg_iovlen=1, msg_controllen=0, msg_flags=0}, MSG_DONTWAIT) = 112
10721 sendto(14, "\20\0\0\0p\0\0\0\244d\352y\0\0\0\0\30\0\24\0\0\0\0\0000\0\0\0\0\0\0\0\0\0\0\0\0\0\0\0H\0\0\0\0\0\0\08\0\0\0\0\0\0\0\4\0\0\0\0\0\0\0\0\0\0\0\1\0\0\0\0\0\0\0\0\0\0\0\0{\1\0\0\1\0\0\0\0\0\0\0\0\0\0\0\0\0\0\0\0\0\0\0\0\0\0\0\0\0\0", 112, MSG_NOSIGNAL, NULL, 0 <unfinished ...>
10733 sendto(5, "\20\0\0\0p\0\0\0\257d\352y\0\0\0\0\30\0\24\0\0\0\0\0'\0\0\0\0\0\0\0\0\0\0\0\0\0\0\0H\0\0\0\0\0\0\0U\0\0\0\0\0\0\0\0\0\0\0\0\0\0\0\0\0\0\0\1\0\0\0\0\0\0\0\0\0\0\0\0|\1\0\0\1\0\0\0\0\0\0\0\0\0\0\0\0\0\0\0\0\0\0\0\0\0\0\0\0\0\0", 112, MSG_NOSIGNAL, NULL, 0 <unfinished ...>
10721 <... sendto resumed>)             = 112
10733 <... sendto resumed>)             = 112
10662 sendto(36, "\20\0\0\0@\0\0\0\364d\352y\0\0\0\0\30\0\26\0\0\0\0\0\27\0\0\0\0\0\0\0\0\0\0\0\0\0\0\0\30\0\0\0\0\0\0\0,\0\0\0\0\0\0\0\0\0\0\0\0\0\0\0", 64, MSG_NOSIGNAL, NULL, 0 <unfinished ...>
10733 sendto(5, "\20\0\0\0@\0\0\0?e\352y\0\0\0\0\30\0\26\0\0\0\0\0(\0\0\0\0\0\0\0\0\0\0\0\0\0\0\0\30\0\0\0\0\0\0\0U\0\0\0\0\0\0\0\1\0\0\0\0\0\0\0", 64, MSG_NOSIGNAL, NULL, 0 <unfinished ...>
10687 recvmsg(45,  <unfinished ...>
10662 <... sendto resumed>)             = 64
10733 <... sendto resumed>)             = 64
10687 <... recvmsg resumed>{msg_name=NULL, msg_namelen=0, msg_iov=[{iov_base="\20\0\0\0p\0\0\0\244d\352y\0\0\0\0\30\0\24\0\0\0\0\0000\0\0\0\0\0\0\0\0\0\0\0\0\0\0\0H\0\0\0\0\0\0\08\0\0\0\0\0\0\0\4\0\0\0\0\0\0\0\0\0\0\0\1\0\0\0\0\0\0\0\0\0\0\0\0{\1\0\0\1\0\0\0\0\0\0\0\0\0\0\0\0\0\0\0\0\0\0\0\0\0\0\0\0\0\0", iov_len=4096}], msg_iovlen=1, msg_controllen=0, msg_flags=0}, MSG_DONTWAIT) = 112
10683 openat(AT_FDCWD, "/etc/hosts", O_RDONLY|O_CLOEXEC <unfinished ...>
10662 sendto(36, "\20\0\0\0@\0\0\0\247e\352y\0\0\0\0\30\0\26\0\0\0\0\0\30\0\0\0\0\0\0\0\0\0\0\0\0\0\0\0\30\0\0\0\0\0\0\0007\0\0\0\0\0\0\0\0\0\0\0\0\0\0\0", 64, MSG_NOSIGNAL, NULL, 0 <unfinished ...>
10733 sendto(5, "\20\0\0\0@\0\0\0\327e\352y\0\0\0\0\30\0\26\0\0\0\0\0)\0\0\0\0\0\0\0\0\0\0\0\0\0\0\0\30\0\0\0\0\0\0\0S\0\0\0\0\0\0\0\0\0\0\0\0\0\0\0", 64, MSG_NOSIGNAL, NULL, 0 <unfinished ...>
10710 recvmsg(14,  <unfinished ...>
10683 <... openat resumed>)             = 89
10662 <... sendto resumed>)             = 64
10733 <... sendto resumed>)             = 64
10710 <... recvmsg resumed>{msg_name=NULL, msg_namelen=0, msg_iov=[{iov_base="\20\0\0\0@\0\0\0\364d\352y\0\0\0\0\30\0\26\0\0\0\0\0\27\0\0\0\0\0\0\0\0\0\0\0\0\0\0\0\30\0\0\0\0\0\0\0,\0\0\0\0\0\0\0\0\0\0\0\0\0\0\0\20\0\0\0@\0\0\0\247e\352y\0\0\0\0\30\0\26\0\0\0\0\0\30\0\0\0\0\0\0\0\0\0\0\0\0\0\0\0\30\0\0\0\0\0\0\0007\0\0\0\0\0\0\0\0\0\0\0\0\0\0\0", iov_len=4096}], msg_iovlen=1, msg_controllen=0, msg_flags=0}, MSG_DONTWAIT) = 128
10682 openat(AT_FDCWD, "/tmp/playwright_chromiumdev_profile-92XQZ9/Default/shared_proto_db/metadata", O_RDONLY|O_NONBLOCK|O_CLOEXEC|O_DIRECTORY) = 88
10687 recvmsg(37, {msg_name=NULL, msg_namelen=0, msg_iov=[{iov_base="\20\0\0\0p\0\0\0\257d\352y\0\0\0\0\30\0\24\0\0\0\0\0'\0\0\0\0\0\0\0\0\0\0\0\0\0\0\0H\0\0\0\0\0\0\0U\0\0\0\0\0\0\0\0\0\0\0\0\0\0\0\0\0\0\0\1\0\0\0\0\0\0\0\0\0\0\0\0|\1\0\0\1\0\0\0\0\0\0\0\0\0\0\0\0\0\0\0\0\0\0\0\0\0\0\0\0\0\0\20\0\0\0@\0\0\0?e\352y\0\0\0\0\30\0\26\0\0\0\0\0(\0\0\0\0\0\0\0\0\0\0\0\0\0\0\0\30\0\0\0\0\0\0\0U\0\0\0\0\0\0\0\1\0\0\0\0\0\0\0\20\0\0\0@\0\0\0\327e\352y\0\0\0\0\30\0\26\0\0\0\0\0)\0\0\0\0\0\0\0\0\0\0\0\0\0\0\0\30\0\0\0\0\0\0\0S\0\0\0\0\0\0\0\0\0\0\0\0\0\0\0", iov_len=4096}], msg_iovlen=1, msg_controllen=0, msg_flags=0}, MSG_DONTWAIT) = 240
10662 sendto(36, "\20\0\0\0p\0\0\0\35g\352y\0\0\0\0\30\0\24\0\0\0\0\0\31\0\0\0\0\0\0\0\0\0\0\0\0\0\0\0H\0\0\0\0\0\0\0=\0\0\0\0\0\0\0\1\0\0\0\0\0\0\0\0\0\0\0\1\0\0\0\0\0\0\0\0\0\0\0\0y\1\0\0\1\0\0\0\0\0\0\0\0\0\0\0\0\0\0\0\0\0\0\0\0\0\0\0\0\0\0", 112, MSG_NOSIGNAL, NULL, 0) = 112
10685 sendto(45, "\20\0\0\0p\0\0\0\271g\352y\0\0\0\0\30\0\24\0\0\0\0\0+\0\0\0\0\0\0\0\0\0\0\0\0\0\0\0H\0\0\0\0\0\0\08\0\0\0\0\0\0\0\4\0\0\0\0\0\0\0\0\0\0\0\1\0\0\0\0\0\0\0\0\0\0\0\0}\1\0\0\1\0\0\0\0\0\0\0\0\0\0\0\0\0\0\0\0\0\0\0\0\0\0\0\0\0\0", 112, MSG_NOSIGNAL, NULL, 0 <unfinished ...>
10662 sendto(37, "\20\0\0\0p\0\0\0\306g\352y\0\0\0\0\30\0\24\0\0\0\0\0;\0\0\0\0\0\0\0\0\0\0\0\0\0\0\0H\0\0\0\0\0\0\0;\0\0\0\0\0\0\0\1\0\0\0\0\0\0\0\0\0\0\0\1\0\0\0\0\0\0\0\0\0\0\0\0\177\1\0\0\1\0\0\0\0\0\0\0\0\0\0\0\0\0\0\0\0\0\0\0\0\0\0\0\0\0\0", 112, MSG_NOSIGNAL, NULL, 0 <unfinished ...>
10710 recvmsg(14,  <unfinished ...>
10685 <... sendto resumed>)             = 112
10662 <... sendto resumed>)             = 112
10721 recvmsg(14,  <unfinished ...>
10710 <... recvmsg resumed>{msg_name=NULL, msg_namelen=0, msg_iov=[{iov_base="\20\0\0\0p\0\0\0\35g\352y\0\0\0\0\30\0\24\0\0\0\0\0\31\0\0\0\0\0\0\0\0\0\0\0\0\0\0\0H\0\0\0\0\0\0\0=\0\0\0\0\0\0\0\1\0\0\0\0\0\0\0\0\0\0\0\1\0\0\0\0\0\0\0\0\0\0\0\0y\1\0\0\1\0\0\0\0\0\0\0\0\0\0\0\0\0\0\0\0\0\0\0\0\0\0\0\0\0\0", iov_len=4096}], msg_iovlen=1, msg_controllen=0, msg_flags=0}, MSG_DONTWAIT) = 112
10662 sendto(45, "\20\0\0\0p\0\0\0dh\352y\0\0\0\0\30\0\24\0\0\0\0\0,\0\0\0\0\0\0\0\0\0\0\0\0\0\0\0H\0\0\0\0\0\0\0002\0\0\0\0\0\0\0\1\0\0\0\0\0\0\0\0\0\0\0\1\0\0\0\0\0\0\0\0\0\0\0\0{\1\0\0\1\0\0\0\0\0\0\0\0\0\0\0\0\0\0\0\0\0\0\0\0\0\0\0\0\0\0", 112, MSG_NOSIGNAL, NULL, 0 <unfinished ...>
10733 recvmsg(5,  <unfinished ...>
10721 <... recvmsg resumed>{msg_name=NULL, msg_namelen=0, msg_iov=[{iov_base="\20\0\0\0p\0\0\0\271g\352y\0\0\0\0\30\0\24\0\0\0\0\0+\0\0\0\0\0\0\0\0\0\0\0\0\0\0\0H\0\0\0\0\0\0\08\0\0\0\0\0\0\0\4\0\0\0\0\0\0\0\0\0\0\0\1\0\0\0\0\0\0\0\0\0\0\0\0}\1\0\0\1\0\0\0\0\0\0\0\0\0\0\0\0\0\0\0\0\0\0\0\0\0\0\0\0\0\0", iov_len=4096}], msg_iovlen=1, msg_controllen=0, msg_flags=0}, MSG_DONTWAIT) = 112
10662 <... sendto resumed>)             = 112
10733 <... recvmsg resumed>{msg_name=NULL, msg_namelen=0, msg_iov=[{iov_base="\20\0\0\0p\0\0\0\306g\352y\0\0\0\0\30\0\24\0\0\0\0\0;\0\0\0\0\0\0\0\0\0\0\0\0\0\0\0H\0\0\0\0\0\0\0;\0\0\0\0\0\0\0\1\0\0\0\0\0\0\0\0\0\0\0\1\0\0\0\0\0\0\0\0\0\0\0\0\177\1\0\0\1\0\0\0\0\0\0\0\0\0\0\0\0\0\0\0\0\0\0\0\0\0\0\0\0\0\0", iov_len=4096}], msg_iovlen=1, msg_controllen=0, msg_flags=0}, MSG_DONTWAIT) = 112
10662 sendto(36, "\20\0\0\0p\0\0\0\ti\352y\0\0\0\0\30\0\24\0\0\0\0\0\32\0\0\0\0\0\0\0\0\0\0\0\0\0\0\0H\0\0\0\0\0\0\0=\0\0\0\0\0\0\0\2\0\0\0\0\0\0\0\0\0\0\0\1\0\0\0\0\0\0\0\0\0\0\0\0{\1\0\0\1\0\0\0\0\0\0\0\0\0\0\0\0\0\0\0\0\0\0\0\0\0\0\0\0\0\0", 112, MSG_NOSIGNAL, NULL, 0 <unfinished ...>
10683 socket(AF_INET, SOCK_DGRAM|SOCK_CLOEXEC|SOCK_NONBLOCK, IPPROTO_IP <unfinished ...>
10662 <... sendto resumed>)             = 112
10683 <... socket resumed>)             = 89
10662 sendto(37, "\20\0\0\0p\0\0\0\324i\352y\0\0\0\0\30\0\24\0\0\0\0\0<\0\0\0\0\0\0\0\0\0\0\0\0\0\0\0H\0\0\0\0\0\0\0;\0\0\0\0\0\0\0\2\0\0\0\0\0\0\0\0\0\0\0\1\0\0\0\0\0\0\0\0\0\0\0\0{\1\0\0\1\0\0\0\0\0\0\0\0\0\0\0\0\0\0\0\0\0\0\0\0\0\0\0\0\0\0", 112, MSG_NOSIGNAL, NULL, 0 <unfinished ...>
10721 recvmsg(14,  <unfinished ...>
10683 setsockopt(89, SOL_IP, IP_RECVERR, [1], 4 <unfinished ...>
10721 <... recvmsg resumed>{msg_name=NULL, msg_namelen=0, msg_iov=[{iov_base="\20\0\0\0p\0\0\0dh\352y\0\0\0\0\30\0\24\0\0\0\0\0,\0\0\0\0\0\0\0\0\0\0\0\0\0\0\0H\0\0\0\0\0\0\0002\0\0\0\0\0\0\0\1\0\0\0\0\0\0\0\0\0\0\0\1\0\0\0\0\0\0\0\0\0\0\0\0{\1\0\0\1\0\0\0\0\0\0\0\0\0\0\0\0\0\0\0\0\0\0\0\0\0\0\0\0\0\0", iov_len=4096}], msg_iovlen=1, msg_controllen=0, msg_flags=0}, MSG_DONTWAIT) = 112
10710 recvmsg(14,  <unfinished ...>
10683 <... setsockopt resumed>)         = 0
10662 <... sendto resumed>)             = 112
10710 <... recvmsg resumed>{msg_name=NULL, msg_namelen=0, msg_iov=[{iov_base="\20\0\0\0p\0\0\0\ti\352y\0\0\0\0\30\0\24\0\0\0\0\0\32\0\0\0\0\0\0\0\0\0\0\0\0\0\0\0H\0\0\0\0\0\0\0=\0\0\0\0\0\0\0\2\0\0\0\0\0\0\0\0\0\0\0\1\0\0\0\0\0\0\0\0\0\0\0\0{\1\0\0\1\0\0\0\0\0\0\0\0\0\0\0\0\0\0\0\0\0\0\0\0\0\0\0\0\0\0", iov_len=4096}], msg_iovlen=1, msg_controllen=0, msg_flags=0}, MSG_DONTWAIT) = 112
10683 connect(89, {sa_family=AF_INET, sin_port=htons(53), sin_addr=inet_addr("127.0.0.53")}, 16 <unfinished ...>
10662 sendto(45, "\20\0\0\0p\0\0\0\317j\352y\0\0\0\0\30\0\24\0\0\0\0\0-\0\0\0\0\0\0\0\0\0\0\0\0\0\0\0H\0\0\0\0\0\0\0002\0\0\0\0\0\0\0\2\0\0\0\0\0\0\0\0\0\0\0\1\0\0\0\0\0\0\0\0\0\0\0\0}\1\0\0\1\0\0\0\0\0\0\0\0\0\0\0\0\0\0\0\0\0\0\0\0\0\0\0\0\0\0", 112, MSG_NOSIGNAL, NULL, 0 <unfinished ...>
10683 <... connect resumed>)            = 0
10662 <... sendto resumed>)             = 112
10721 sendto(14, "\20\0\0\0p\0\0\0Vk\352y\0\0\0\0\30\0\24\0\0\0\0\0001\0\0\0\0\0\0\0\0\0\0\0\0\0\0\0H\0\0\0\0\0\0\08\0\0\0\0\0\0\0\5\0\0\0\0\0\0\0\0\0\0\0\1\0\0\0\0\0\0\0\0\0\0\0\0|\1\0\0\1\0\0\0\0\0\0\0\0\0\0\0\0\0\0\0\0\0\0\0\0\0\0\0\0\0\0", 112, MSG_NOSIGNAL, NULL, 0 <unfinished ...>
10733 recvmsg(5,  <unfinished ...>
10721 <... sendto resumed>)             = 112
10733 <... recvmsg resumed>{msg_name=NULL, msg_namelen=0, msg_iov=[{iov_base="\20\0\0\0p\0\0\0\324i\352y\0\0\0\0\30\0\24\0\0\0\0\0<\0\0\0\0\0\0\0\0\0\0\0\0\0\0\0H\0\0\0\0\0\0\0;\0\0\0\0\0\0\0\2\0\0\0\0\0\0\0\0\0\0\0\1\0\0\0\0\0\0\0\0\0\0\0\0{\1\0\0\1\0\0\0\0\0\0\0\0\0\0\0\0\0\0\0\0\0\0\0\0\0\0\0\0\0\0", iov_len=4096}], msg_iovlen=1, msg_controllen=0, msg_flags=0}, MSG_DONTWAIT) = 112
10687 recvmsg(45,  <unfinished ...>
10683 sendto(89, "\205f\1 \0\1\0\0\0\0\0\1\nredirector\4gvt1\3com\0\0\1\0\1\0\0)\4\260\0\0\0\0\0\0", 48, MSG_NOSIGNAL, NULL, 0 <unfinished ...>
10687 <... recvmsg resumed>{msg_name=NULL, msg_namelen=0, msg_iov=[{iov_base="\20\0\0\0p\0\0\0Vk\352y\0\0\0\0\30\0\24\0\0\0\0\0001\0\0\0\0\0\0\0\0\0\0\0\0\0\0\0H\0\0\0\0\0\0\08\0\0\0\0\0\0\0\5\0\0\0\0\0\0\0\0\0\0\0\1\0\0\0\0\0\0\0\0\0\0\0\0|\1\0\0\1\0\0\0\0\0\0\0\0\0\0\0\0\0\0\0\0\0\0\0\0\0\0\0\0\0\0", iov_len=4096}], msg_iovlen=1, msg_controllen=0, msg_flags=0}, MSG_DONTWAIT) = 112
10721 recvmsg(14,  <unfinished ...>
10683 <... sendto resumed>)             = 48
10721 <... recvmsg resumed>{msg_name=NULL, msg_namelen=0, msg_iov=[{iov_base="\20\0\0\0p\0\0\0\317j\352y\0\0\0\0\30\0\24\0\0\0\0\0-\0\0\0\0\0\0\0\0\0\0\0\0\0\0\0H\0\0\0\0\0\0\0002\0\0\0\0\0\0\0\2\0\0\0\0\0\0\0\0\0\0\0\1\0\0\0\0\0\0\0\0\0\0\0\0}\1\0\0\1\0\0\0\0\0\0\0\0\0\0\0\0\0\0\0\0\0\0\0\0\0\0\0\0\0\0", iov_len=4096}], msg_iovlen=1, msg_controllen=0, msg_flags=0}, MSG_DONTWAIT) = 112
10683 socket(AF_INET, SOCK_DGRAM|SOCK_CLOEXEC|SOCK_NONBLOCK, IPPROTO_IP) = 88
10685 sendto(45, "\20\0\0\0p\0\0\0 n\352y\0\0\0\0\30\0\24\0\0\0\0\0.\0\0\0\0\0\0\0\0\0\0\0\0\0\0\0H\0\0\0\0\0\0\08\0\0\0\0\0\0\0\5\0\0\0\0\0\0\0\0\0\0\0\1\0\0\0\0\0\0\0\0\0\0\0\0{\1\0\0\1\0\0\0\0\0\0\0\0\0\0\0\0\0\0\0\0\0\0\0\0\0\0\0\0\0\0", 112, MSG_NOSIGNAL, NULL, 0 <unfinished ...>
10683 setsockopt(88, SOL_IP, IP_RECVERR, [1], 4 <unfinished ...>
10685 <... sendto resumed>)             = 112
10683 <... setsockopt resumed>)         = 0
10721 recvmsg(14,  <unfinished ...>
10683 connect(88, {sa_family=AF_INET, sin_port=htons(53), sin_addr=inet_addr("127.0.0.53")}, 16 <unfinished ...>
10721 <... recvmsg resumed>{msg_name=NULL, msg_namelen=0, msg_iov=[{iov_base="\20\0\0\0p\0\0\0 n\352y\0\0\0\0\30\0\24\0\0\0\0\0.\0\0\0\0\0\0\0\0\0\0\0\0\0\0\0H\0\0\0\0\0\0\08\0\0\0\0\0\0\0\5\0\0\0\0\0\0\0\0\0\0\0\1\0\0\0\0\0\0\0\0\0\0\0\0{\1\0\0\1\0\0\0\0\0\0\0\0\0\0\0\0\0\0\0\0\0\0\0\0\0\0\0\0\0\0", iov_len=4096}], msg_iovlen=1, msg_controllen=0, msg_flags=0}, MSG_DONTWAIT) = 112
10683 <... connect resumed>)            = 0
10683 sendto(88, "\205f\1 \0\1\0\0\0\0\0\1\nredirector\4gvt1\3com\0\0\1\0\1\0\0)\4\260\0\0\0\0\0\0", 48, MSG_NOSIGNAL, NULL, 0) = 48
10683 socket(AF_INET, SOCK_DGRAM|SOCK_CLOEXEC|SOCK_NONBLOCK, IPPROTO_IP) = 88
10721 sendto(14, "\20\0\0\0@\0\0\0Up\352y\0\0\0\0\30\0\26\0\0\0\0\0002\0\0\0\0\0\0\0\0\0\0\0\0\0\0\0\30\0\0\0\0\0\0\08\0\0\0\0\0\0\0\6\0\0\0\0\0\0\0", 64, MSG_NOSIGNAL, NULL, 0 <unfinished ...>
10683 setsockopt(88, SOL_IP, IP_RECVERR, [1], 4 <unfinished ...>
10721 <... sendto resumed>)             = 64
10683 <... setsockopt resumed>)         = 0
10687 recvmsg(45,  <unfinished ...>
10683 connect(88, {sa_family=AF_INET, sin_port=htons(53), sin_addr=inet_addr("127.0.0.53")}, 16 <unfinished ...>
10687 <... recvmsg resumed>{msg_name=NULL, msg_namelen=0, msg_iov=[{iov_base="\20\0\0\0@\0\0\0Up\352y\0\0\0\0\30\0\26\0\0\0\0\0002\0\0\0\0\0\0\0\0\0\0\0\0\0\0\0\30\0\0\0\0\0\0\08\0\0\0\0\0\0\0\6\0\0\0\0\0\0\0", iov_len=4096}], msg_iovlen=1, msg_controllen=0, msg_flags=0}, MSG_DONTWAIT) = 64
10683 <... connect resumed>)            = 0
10683 sendto(88, "l\10\1 \0\1\0\0\0\0\0\1\nredirector\4gvt1\3com\32xdy23aex2gdehfi5fo3ofqo3dg\2cx\10internal\10cloudapp\3net\0\0\1\0\1\0\0)\4\260\0\0\0\0\0\0", 100, MSG_NOSIGNAL, NULL, 0) = 100
10682 openat(AT_FDCWD, "/tmp/playwright_chromiumdev_profile-92XQZ9/Default/shared_proto_db/LOG", O_WRONLY|O_CREAT|O_TRUNC, 0600) = 89
10683 socket(AF_INET, SOCK_DGRAM|SOCK_CLOEXEC|SOCK_NONBLOCK, IPPROTO_IP) = 88
10683 setsockopt(88, SOL_IP, IP_RECVERR, [1], 4) = 0
10683 connect(88, {sa_family=AF_INET, sin_port=htons(53), sin_addr=inet_addr("127.0.0.53")}, 16) = 0
10683 sendto(88, "l\10\1 \0\1\0\0\0\0\0\1\nredirector\4gvt1\3com\32xdy23aex2gdehfi5fo3ofqo3dg\2cx\10internal\10cloudapp\3net\0\0\1\0\1\0\0)\4\260\0\0\0\0\0\0", 100, MSG_NOSIGNAL, NULL, 0) = 100
10683 sendto(37, "\20\0\0\0p\0\0\0\212t\352y\0\0\0\0\30\0\24\0\0\0\0\0=\0\0\0\0\0\0\0\0\0\0\0\0\0\0\0H\0\0\0\0\0\0\0\23\0\0\0\0\0\0\0\1\0\0\0\0\0\0\0\0\0\0\0\1\0\0\0\0\0\0\0\0\0\0\0\0{\1\0\0\1\0\0\0\0\0\0\0\0\0\0\0\0\0\0\0\0\0\0\0\0\0\0\0\0\0\0", 112, MSG_NOSIGNAL, NULL, 0) = 112
10733 recvmsg(5, {msg_name=NULL, msg_namelen=0, msg_iov=[{iov_base="\20\0\0\0p\0\0\0\212t\352y\0\0\0\0\30\0\24\0\0\0\0\0=\0\0\0\0\0\0\0\0\0\0\0\0\0\0\0H\0\0\0\0\0\0\0\23\0\0\0\0\0\0\0\1\0\0\0\0\0\0\0\0\0\0\0\1\0\0\0\0\0\0\0\0\0\0\0\0{\1\0\0\1\0\0\0\0\0\0\0\0\0\0\0\0\0\0\0\0\0\0\0\0\0\0\0\0\0\0", iov_len=4096}], msg_iovlen=1, msg_controllen=0, msg_flags=0}, MSG_DONTWAIT) = 112
10733 socket(AF_INET, SOCK_DGRAM, IPPROTO_IP) = 19
10733 bind(19, {sa_family=AF_INET, sin_port=htons(23803), sin_addr=inet_addr("0.0.0.0")}, 16) = 0
10733 connect(19, {sa_family=AF_INET, sin_port=htons(53), sin_addr=inet_addr("127.0.0.53")}, 16) = 0
10733 getsockname(19, {sa_family=AF_INET, sin_port=htons(23803), sin_addr=inet_addr("127.0.0.1")}, [128 => 16]) = 0
10733 sendto(19, "\0337\1\0\0\1\0\0\0\0\0\0\nredirector\4gvt1\3com\0\0A\0\1", 37, 0, NULL, 0) = 37
10733 recvmsg(19, {msg_namelen=128}, 0) = -1 ECONNREFUSED (Connection refused)
10733 socket(AF_INET, SOCK_DGRAM, IPPROTO_IP) = 20
10733 bind(20, {sa_family=AF_INET, sin_port=htons(61331), sin_addr=inet_addr("0.0.0.0")}, 16 <unfinished ...>
10682 openat(AT_FDCWD, "/tmp/playwright_chromiumdev_profile-92XQZ9/Default/shared_proto_db/LOCK", O_RDWR <unfinished ...>
10733 <... bind resumed>)               = 0
10682 <... openat resumed>)             = -1 ENOENT (No such file or directory)
10733 connect(20, {sa_family=AF_INET, sin_port=htons(53), sin_addr=inet_addr("127.0.0.53")}, 16 <unfinished ...>
10682 openat(AT_FDCWD, "/tmp/playwright_chromiumdev_profile-92XQZ9/Default/shared_proto_db/LOCK", O_RDWR|O_CREAT, 0600 <unfinished ...>
10733 <... connect resumed>)            = 0
10733 getsockname(20,  <unfinished ...>
10682 <... openat resumed>)             = 88
10733 <... getsockname resumed>{sa_family=AF_INET, sin_port=htons(61331), sin_addr=inet_addr("127.0.0.1")}, [128 => 16]) = 0
10733 sendto(20, "\10\23\1\0\0\1\0\0\0\0\0\0\nredirector\4gvt1\3com\0\0A\0\1", 37, 0, NULL, 0) = 37
10733 recvmsg(20, {msg_namelen=128}, 0) = -1 ECONNREFUSED (Connection refused)
10733 socket(AF_INET, SOCK_DGRAM, IPPROTO_IP) = 21
10733 bind(21, {sa_family=AF_INET, sin_port=htons(27890), sin_addr=inet_addr("0.0.0.0")}, 16) = 0
10733 connect(21, {sa_family=AF_INET, sin_port=htons(53), sin_addr=inet_addr("127.0.0.53")}, 16) = 0
10733 getsockname(21, {sa_family=AF_INET, sin_port=htons(27890), sin_addr=inet_addr("127.0.0.1")}, [128 => 16]) = 0
10682 openat(AT_FDCWD, "/tmp/playwright_chromiumdev_profile-92XQZ9/Default/shared_proto_db/MANIFEST-000001", O_WRONLY|O_CREAT|O_TRUNC, 0600 <unfinished ...>
10733 sendto(21, "\f\364\1\0\0\1\0\0\0\0\0\0\nredirector\4gvt1\3com\0\0\1\0\1", 37, 0, NULL, 0 <unfinished ...>
10682 <... openat resumed>)             = 90
10733 <... sendto resumed>)             = 37
10733 recvmsg(21, {msg_namelen=128}, 0) = -1 ECONNREFUSED (Connection refused)
10733 socket(AF_INET, SOCK_DGRAM, IPPROTO_IP) = 22
10733 bind(22, {sa_family=AF_INET, sin_port=htons(29558), sin_addr=inet_addr("0.0.0.0")}, 16) = 0
10733 connect(22, {sa_family=AF_INET, sin_port=htons(53), sin_addr=inet_addr("127.0.0.53")}, 16 <unfinished ...>
10682 openat(AT_FDCWD, "/tmp/playwright_chromiumdev_profile-92XQZ9/Default/shared_proto_db", O_RDONLY <unfinished ...>
10733 <... connect resumed>)            = 0
10733 getsockname(22, {sa_family=AF_INET, sin_port=htons(29558), sin_addr=inet_addr("127.0.0.1")}, [128 => 16]) = 0
10733 sendto(22, "E\317\1\0\0\1\0\0\0\0\0\0\nredirector\4gvt1\3com\0\0\1\0\1", 37, 0, NULL, 0) = 37
10733 recvmsg(22, {msg_namelen=128}, 0) = -1 ECONNREFUSED (Connection refused)
10682 <... openat resumed>)             = 91
10733 sendto(5, "\20\0\0\0p\0\0\0\254~\352y\0\0\0\0\30\0\24\0\0\0\0\0*\0\0\0\0\0\0\0\0\0\0\0\0\0\0\0H\0\0\0\0\0\0\0\23\0\0\0\0\0\0\0\2\0\0\0\0\0\0\0\0\0\0\0\1\0\0\0\0\0\0\0\0\0\0\0\0{\1\0\0\1\0\0\0\0\0\0\0\0\0\0\0\0\0\0\0\0\0\0\0\0\0\0\0\0\0\0", 112, MSG_NOSIGNAL, NULL, 0) = 112
10687 recvmsg(37, {msg_name=NULL, msg_namelen=0, msg_iov=[{iov_base="\20\0\0\0p\0\0\0\254~\352y\0\0\0\0\30\0\24\0\0\0\0\0*\0\0\0\0\0\0\0\0\0\0\0\0\0\0\0H\0\0\0\0\0\0\0\23\0\0\0\0\0\0\0\2\0\0\0\0\0\0\0\0\0\0\0\1\0\0\0\0\0\0\0\0\0\0\0\0{\1\0\0\1\0\0\0\0\0\0\0\0\0\0\0\0\0\0\0\0\0\0\0\0\0\0\0\0\0\0", iov_len=4096}], msg_iovlen=1, msg_controllen=0, msg_flags=0}, MSG_DONTWAIT) = 112
10683 openat(AT_FDCWD, "/etc/hosts", O_RDONLY|O_CLOEXEC) = 91
10683 socket(AF_INET, SOCK_DGRAM|SOCK_CLOEXEC|SOCK_NONBLOCK, IPPROTO_IP) = 90
10682 openat(AT_FDCWD, "/tmp/playwright_chromiumdev_profile-92XQZ9/Default/shared_proto_db/000001.dbtmp", O_WRONLY|O_CREAT|O_TRUNC, 0600 <unfinished ...>
10683 setsockopt(90, SOL_IP, IP_RECVERR, [1], 4) = 0
10683 connect(90, {sa_family=AF_INET, sin_port=htons(53), sin_addr=inet_addr("127.0.0.53")}, 16) = 0
10683 sendto(90, "\247\303\1 \0\1\0\0\0\0\0\1\nredirector\4gvt1\3com\0\0\1\0\1\0\0)\4\260\0\0\0\0\0\0", 48, MSG_NOSIGNAL, NULL, 0) = 48
10682 <... openat resumed>)             = 91
10683 socket(AF_INET, SOCK_DGRAM|SOCK_CLOEXEC|SOCK_NONBLOCK, IPPROTO_IP) = 90
10683 setsockopt(90, SOL_IP, IP_RECVERR, [1], 4) = 0
10683 connect(90, {sa_family=AF_INET, sin_port=htons(53), sin_addr=inet_addr("127.0.0.53")}, 16) = 0
10683 sendto(90, "\247\303\1 \0\1\0\0\0\0\0\1\nredirector\4gvt1\3com\0\0\1\0\1\0\0)\4\260\0\0\0\0\0\0", 48, MSG_NOSIGNAL, NULL, 0) = 48
10683 socket(AF_INET, SOCK_DGRAM|SOCK_CLOEXEC|SOCK_NONBLOCK, IPPROTO_IP) = 90
10683 setsockopt(90, SOL_IP, IP_RECVERR, [1], 4) = 0
10683 connect(90, {sa_family=AF_INET, sin_port=htons(53), sin_addr=inet_addr("127.0.0.53")}, 16) = 0
10682 openat(AT_FDCWD, "/tmp/playwright_chromiumdev_profile-92XQZ9/Default/shared_proto_db/CURRENT", O_RDONLY) = 91
10683 sendto(90, "\263\320\1 \0\1\0\0\0\0\0\1\nredirector\4gvt1\3com\32xdy23aex2gdehfi5fo3ofqo3dg\2cx\10internal\10cloudapp\3net\0\0\1\0\1\0\0)\4\260\0\0\0\0\0\0", 100, MSG_NOSIGNAL, NULL, 0) = 100
10683 socket(AF_INET, SOCK_DGRAM|SOCK_CLOEXEC|SOCK_NONBLOCK, IPPROTO_IP <unfinished ...>
10682 openat(AT_FDCWD, "/tmp/playwright_chromiumdev_profile-92XQZ9/Default/shared_proto_db/MANIFEST-000001", O_RDONLY <unfinished ...>
10683 <... socket resumed>)             = 90
10683 setsockopt(90, SOL_IP, IP_RECVERR, [1], 4 <unfinished ...>
10682 <... openat resumed>)             = 91
10683 <... setsockopt resumed>)         = 0
10683 connect(90, {sa_family=AF_INET, sin_port=htons(53), sin_addr=inet_addr("127.0.0.53")}, 16) = 0
10683 sendto(90, "\263\320\1 \0\1\0\0\0\0\0\1\nredirector\4gvt1\3com\32xdy23aex2gdehfi5fo3ofqo3dg\2cx\10internal\10cloudapp\3net\0\0\1\0\1\0\0)\4\260\0\0\0\0\0\0", 100, MSG_NOSIGNAL, NULL, 0) = 100
10682 openat(AT_FDCWD, "/tmp/playwright_chromiumdev_profile-92XQZ9/Default/shared_proto_db/MANIFEST-000001", O_WRONLY|O_APPEND) = 91
10683 sendto(37, "\20\0\0\0p\0\0\0006\211\352y\0\0\0\0\30\0\24\0\0\0\0\0>\0\0\0\0\0\0\0\0\0\0\0\0\0\0\0H\0\0\0\0\0\0\0\23\0\0\0\0\0\0\0\2\0\0\0\0\0\0\0\0\0\0\0\1\0\0\0\0\0\0\0\0\0\0\0\0{\1\0\0\1\0\0\0\0\0\0\0\0\0\0\0\0\0\0\0\0\0\0\0\0\0\0\0\0\0\0", 112, MSG_NOSIGNAL, NULL, 0 <unfinished ...>
10682 openat(AT_FDCWD, "/tmp/playwright_chromiumdev_profile-92XQZ9/Default/shared_proto_db", O_RDONLY|O_NONBLOCK|O_CLOEXEC|O_DIRECTORY <unfinished ...>
10683 <... sendto resumed>)             = 112
10682 <... openat resumed>)             = 90
10733 recvmsg(5, {msg_name=NULL, msg_namelen=0, msg_iov=[{iov_base="\20\0\0\0p\0\0\0006\211\352y\0\0\0\0\30\0\24\0\0\0\0\0>\0\0\0\0\0\0\0\0\0\0\0\0\0\0\0H\0\0\0\0\0\0\0\23\0\0\0\0\0\0\0\2\0\0\0\0\0\0\0\0\0\0\0\1\0\0\0\0\0\0\0\0\0\0\0\0{\1\0\0\1\0\0\0\0\0\0\0\0\0\0\0\0\0\0\0\0\0\0\0\0\0\0\0\0\0\0", iov_len=4096}], msg_iovlen=1, msg_controllen=0, msg_flags=0}, MSG_DONTWAIT) = 112
10733 sendto(5, "\20\0\0\0p\0\0\0\266\212\352y\0\0\0\0\30\0\24\0\0\0\0\0+\0\0\0\0\0\0\0\0\0\0\0\0\0\0\0H\0\0\0\0\0\0\0\207\0\0\0\0\0\0\0\0\0\0\0\0\0\0\0\0\0\0\0\1\0\0\0\0\0\0\0\0\0\0\0\0{\1\0\0\1\0\0\0\0\0\0\0\0\0\0\0\0\0\0\0\0\0\0\0\0\0\0\0\0\0\0", 112, MSG_NOSIGNAL, NULL, 0) = 112
10733 sendto(5, "\20\0\0\0@\0\0\0003\213\352y\0\0\0\0\30\0\26\0\0\0\0\0,\0\0\0\0\0\0\0\0\0\0\0\0\0\0\0\30\0\0\0\0\0\0\0\207\0\0\0\0\0\0\0\1\0\0\0\0\0\0\0", 64, MSG_NOSIGNAL, NULL, 0 <unfinished ...>
10687 recvmsg(37,  <unfinished ...>
10733 <... sendto resumed>)             = 64
10687 <... recvmsg resumed>{msg_name=NULL, msg_namelen=0, msg_iov=[{iov_base="\20\0\0\0p\0\0\0\266\212\352y\0\0\0\0\30\0\24\0\0\0\0\0+\0\0\0\0\0\0\0\0\0\0\0\0\0\0\0H\0\0\0\0\0\0\0\207\0\0\0\0\0\0\0\0\0\0\0\0\0\0\0\0\0\0\0\1\0\0\0\0\0\0\0\0\0\0\0\0{\1\0\0\1\0\0\0\0\0\0\0\0\0\0\0\0\0\0\0\0\0\0\0\0\0\0\0\0\0\0\20\0\0\0@\0\0\0003\213\352y\0\0\0\0\30\0\26\0\0\0\0\0,\0\0\0\0\0\0\0\0\0\0\0\0\0\0\0\30\0\0\0\0\0\0\0\207\0\0\0\0\0\0\0\1\0\0\0\0\0\0\0", iov_len=4096}], msg_iovlen=1, msg_controllen=0, msg_flags=0}, MSG_DONTWAIT) = 176
10733 sendto(5, "\20\0\0\0@\0\0\0\227\213\352y\0\0\0\0\30\0\26\0\0\0\0\0-\0\0\0\0\0\0\0\0\0\0\0\0\0\0\0\30\0\0\0\0\0\0\0\205\0\0\0\0\0\0\0\0\0\0\0\0\0\0\0", 64, MSG_NOSIGNAL, NULL, 0) = 64
10687 recvmsg(37,  <unfinished ...>
10682 openat(AT_FDCWD, "/tmp/playwright_chromiumdev_profile-92XQZ9/Default/shared_proto_db", O_RDONLY|O_NONBLOCK|O_CLOEXEC|O_DIRECTORY <unfinished ...>
10687 <... recvmsg resumed>{msg_name=NULL, msg_namelen=0, msg_iov=[{iov_base="\20\0\0\0@\0\0\0\227\213\352y\0\0\0\0\30\0\26\0\0\0\0\0-\0\0\0\0\0\0\0\0\0\0\0\0\0\0\0\30\0\0\0\0\0\0\0\205\0\0\0\0\0\0\0\0\0\0\0\0\0\0\0", iov_len=4096}], msg_iovlen=1, msg_controllen=0, msg_flags=0}, MSG_DONTWAIT) = 64
10682 <... openat resumed>)             = 90
10732 openat(AT_FDCWD, "/tmp/playwright_chromiumdev_profile-92XQZ9/Default/Reporting and NEL", O_RDWR|O_CREAT|O_NOFOLLOW|O_CLOEXEC, 0600) = 19
10662 openat(AT_FDCWD, "/tmp/.com.google.Chrome.HsqVyS", O_RDWR|O_CREAT|O_EXCL, 0600) = 92
10662 openat(AT_FDCWD, "/tmp/.com.google.Chrome.HsqVyS", O_RDONLY) = 93
10682 openat(AT_FDCWD, "/tmp/playwright_chromiumdev_profile-92XQZ9/Default/shared_proto_db/000003.log", O_WRONLY|O_CREAT|O_TRUNC, 0600) = 90
10682 openat(AT_FDCWD, "/tmp/playwright_chromiumdev_profile-92XQZ9/Default/shared_proto_db", O_RDONLY|O_NONBLOCK|O_CLOEXEC|O_DIRECTORY) = 94
10682 openat(AT_FDCWD, "/tmp/playwright_chromiumdev_profile-92XQZ9/Default/shared_proto_db", O_RDONLY|O_NONBLOCK|O_CLOEXEC|O_DIRECTORY) = 92
10732 openat(AT_FDCWD, "/tmp/playwright_chromiumdev_profile-92XQZ9/Default/Reporting and NEL-journal", O_RDWR|O_CREAT|O_NOFOLLOW|O_CLOEXEC, 0600) = 18
10732 openat(AT_FDCWD, "/tmp/playwright_chromiumdev_profile-92XQZ9/Default", O_RDONLY|O_CLOEXEC) = 20
10662 sendto(37, "\20\0\0\0@\3\0\0c\243\352y\0\0\0\0\30\0\24\0\0\0\0\0?\0\0\0\0\0\0\0\0\0\0\0\0\0\0\0H\0\0\0\0\0\0\0\17\0\0\0\0\0\0\0\24\0\0\0\0\0\0\0\0\0\0\0\1\0\0\0\0\0\0\0\0\0\0\0\0\320\1\0\0\20\0\0\0\0\0\0`\0\0\0\210\0\0\0\0\0\0\0\0\0\0\0\0\0\0\0(\0\0\0\7\0\0\0\0\0\0\0\0\0\0\0\0\0\0\0\0\0\0\0\0\0\0\0\0\0\0\0\0\0\0\0\0\0\0\0\250\2\0\0\7\0\0\0\0\0\0\0\0\0\0\0\211\0\0\0\0\0\0\0\0\0\0\0\0\0\0\0\200\22\0\0@\0\0\0\212\0\0\0\0\0\0\0\0\0\0\0\0\0\0\0\0\0\0\0\0\0\0\0\2\0\0\0\0\0\0\0\2\0\0\0\0\0\0\0\0\0\0\0\0\0\0\0\0\0\0\0\0\0\0\0\0\0\0\0\0\0\0\0"..., 832, MSG_NOSIGNAL, NULL, 0) = 832
10733 recvmsg(5,  <unfinished ...>
10662 sendto(37, "\20\0\0\08\1\0\0\364\243\352y\0\0\0\0\30\0\24\0\0\0\0\0@\0\0\0\0\0\0\0\0\0\0\0\0\0\0\0H\0\0\0\0\0\0\0\212\0\0\0\0\0\0\0\0\0\0\0\0\0\0\0\0\0\0\0\1\0\0\0\377\377\377\377\377\377\377\377\0\0\0\0\0\0\0\0`\0\0\0\260\0\0\0\300\0\0\0\0\0\0\0\0\0\0\0\0\0\0\0P\0\0\0H\0\0\08\0\0\0\3\0\0\0\0\0\0\0\336\10\367d\0\0\0\0b\306\277h\0\0\0\0\0\0\0\0\30\0\0\0\0\0\0\0\0\0\0\0\0\0\0\0\0\0\0\0\0\0\0\0\20\0\0\0\0\0\0\0\0\0\0\0\0\0\0\0\20\0\0\0\1\0\0\0\0\0\0\0\0\0\0\0h\0\0\0\1\0\0\0\0\0\0\0\0\0\0\0\227\0\0\0\0\0\0\0\0\0\0\0\0\0\0\0\300\23\0\0@\0\0\0\230\0\0\0\0\0\0\0"..., 312, MSG_NOSIGNAL, NULL, 0 <unfinished ...>
10733 <... recvmsg resumed>{msg_name=NULL, msg_namelen=0, msg_iov=[{iov_base="\20\0\0\0@\3\0\0c\243\352y\0\0\0\0\30\0\24\0\0\0\0\0?\0\0\0\0\0\0\0\0\0\0\0\0\0\0\0H\0\0\0\0\0\0\0\17\0\0\0\0\0\0\0\24\0\0\0\0\0\0\0\0\0\0\0\1\0\0\0\0\0\0\0\0\0\0\0\0\320\1\0\0\20\0\0\0\0\0\0`\0\0\0\210\0\0\0\0\0\0\0\0\0\0\0\0\0\0\0(\0\0\0\7\0\0\0\0\0\0\0\0\0\0\0\0\0\0\0\0\0\0\0\0\0\0\0\0\0\0\0\0\0\0\0\0\0\0\0\250\2\0\0\7\0\0\0\0\0\0\0\0\0\0\0\211\0\0\0\0\0\0\0\0\0\0\0\0\0\0\0\200\22\0\0@\0\0\0\212\0\0\0\0\0\0\0\0\0\0\0\0\0\0\0\0\0\0\0\0\0\0\0\2\0\0\0\0\0\0\0\2\0\0\0\0\0\0\0\0\0\0\0\0\0\0\0\0\0\0\0\0\0\0\0\0\0\0\0\0\0\0\0"..., iov_len=4096}], msg_iovlen=1, msg_controllen=0, msg_flags=0}, MSG_DONTWAIT) = 832
10662 <... sendto resumed>)             = 312
10662 sendto(37, "\20\0\0\0\330\2\0\0i\244\352y\0\0\0\0\30\0\24\0\0\0\0\0A\0\0\0\0\0\0\0\0\0\0\0\0\0\0\0H\0\0\0\0\0\0\0\212\0\0\0\0\0\0\0\1\0\0\0\0\0\0\0\0\0\0\0\1\0\0\0\377\377\377\377\377\377\377\377\0\0\0\0\0\0\0\0`\0\0\0P\2\0\0`\2\0\0\0\0\0\0\0\0\0\0\0\0\0\0\360\1\0\0\350\1\0\08\0\0\0\3\0\0\0\0\0\0\0\253\27\217e\0\0\0\0}\306\277h\0\0\0\0\0\0\0\0\30\0\0\0\0\0\0\0\0\0\0\0\0\0\0\0\0\0\0\0\0\0\0\0\30\0\0\0\0\0\0\0\0\0\0\0\0\0\0\0\10\0\0\0\0\0\0\0\270\0\0\0\0\0\0\0\20\0\0\0\0\0\0\0\250\0\0\0\0\0\0\0\0\0\0\0\0\0\0\0\"\0\0\0\377\377\377\377\0\0\0\0\1\0\0\0\220\0\0\0\0\0\0\0"..., 728, MSG_NOSIGNAL, NULL, 0 <unfinished ...>
10733 sendto(5, "\20\0\0\0H\1\0\0\215\244\352y\0\0\0\0\30\0\24\0\0\0\0\0.\0\0\0\0\0\0\0\0\0\0\0\0\0\0\0H\0\0\0\0\0\0\0\223\0\0\0\0\0\0\0\0\0\0\0\0\0\0\0\0\0\0\0\1\0\0\0\0\0\0\0\0\0\0\0\0\177\1\0\0\1\0\0\0\0\0\0`\0\0\0p\0\0\0\0\0\0\0\0\0\0\0\0\0\0\0\20\0\0\0\2\0\0\0\0\0\0\0\0\0\0\0\310\0\0\0\2\0\0\0\0\0\0\0\0\0\0\0\233\0\0\0\0\0\0\0\0\0\0\0\0\0\0\0@\24\0\0@\0\0\0\234\0\0\0\0\0\0\0\0\0\0\0\0\0\0\0\0\0\0\0\0\0\0\0\0\0\0\0\0\0\0\0\2\0\0\0\0\0\0\0\0\0\0\0\0\0\0\0\0\0\0\0\0\0\0\0\0\0\0\0\0\0\0\0\0\0\0\0\0\0\0\0\235\0\0\0\0\0\0\0\0\0\0\0\0\0\0\0"..., 328, MSG_NOSIGNAL, NULL, 0 <unfinished ...>
10662 <... sendto resumed>)             = 728
10662 sendto(37, "\20\0\0\0 \5\0\0\323\244\352y\0\0\0\0\30\0\24\0\0\0\0\0B\0\0\0\0\0\0\0\0\0\0\0\0\0\0\0H\0\0\0\0\0\0\0\232\0\0\0\0\0\0\0\0\0\0\0\0\0\0\0\0\0\0\0\1\0\0\0\377\377\377\377\377\377\377\377\0\0\0\0\0\0\0\0`\0\0\08\4\0\0H\4\0\0\0\0\0\0\0\0\0\0\0\0\0\0\330\3\0\0\320\3\0\08\0\0\0\3\0\0\0\0\0\0\0I\0E&\0\0\0\0|\306\277h\0\0\0\0\0\0\0\0\30\0\0\0\0\0\0\0\0\0\0\0\0\0\0\0\0\0\0\0\0\0\0\0000\0\0\0\0\0\0\0\0\0\0\0\0\0\0\0\0\0\0\0\0\0\0\0\30\0\0\0\0\0\0\0\1\0\0\0\0\0\0\0`\3\0\0\0\0\0\0 \1\0\0\0\0\0\0\30\1\0\0\0\0\0\0 \1\0\0\0\0\0\0\240\1\0\0\0\0\0\0"..., 1312, MSG_NOSIGNAL, NULL, 0 <unfinished ...>
10733 <... sendto resumed>)             = 328
10662 <... sendto resumed>)             = 1312
10687 recvmsg(37, {msg_name=NULL, msg_namelen=0, msg_iov=[{iov_base="\20\0\0\0H\1\0\0\215\244\352y\0\0\0\0\30\0\24\0\0\0\0\0.\0\0\0\0\0\0\0\0\0\0\0\0\0\0\0H\0\0\0\0\0\0\0\223\0\0\0\0\0\0\0\0\0\0\0\0\0\0\0\0\0\0\0\1\0\0\0\0\0\0\0\0\0\0\0\0\177\1\0\0\1\0\0\0\0\0\0`\0\0\0p\0\0\0\0\0\0\0\0\0\0\0\0\0\0\0\20\0\0\0\2\0\0\0\0\0\0\0\0\0\0\0\310\0\0\0\2\0\0\0\0\0\0\0\0\0\0\0\233\0\0\0\0\0\0\0\0\0\0\0\0\0\0\0@\24\0\0@\0\0\0\234\0\0\0\0\0\0\0\0\0\0\0\0\0\0\0\0\0\0\0\0\0\0\0\0\0\0\0\0\0\0\0\2\0\0\0\0\0\0\0\0\0\0\0\0\0\0\0\0\0\0\0\0\0\0\0\0\0\0\0\0\0\0\0\0\0\0\0\0\0\0\0\235\0\0\0\0\0\0\0\0\0\0\0\0\0\0\0"..., iov_len=4096}], msg_iovlen=1, msg_controllen=0, msg_flags=0}, MSG_DONTWAIT) = 328
10733 sendto(5, "\20\0\0\0p\0\0\0\330\246\352y\0\0\0\0\30\0\24\0\0\0\0\0/\0\0\0\0\0\0\0\0\0\0\0\0\0\0\0H\0\0\0\0\0\0\0\223\0\0\0\0\0\0\0\1\0\0\0\0\0\0\0\0\0\0\0\1\0\0\0\0\0\0\0\0\0\0\0\0y\1\0\0\1\0\0\0\0\0\0\0\0\0\0\0\0\0\0\0\0\0\0\0\0\0\0\0\0\0\0", 112, MSG_NOSIGNAL, NULL, 0) = 112
10687 recvmsg(37, {msg_name=NULL, msg_namelen=0, msg_iov=[{iov_base="\20\0\0\0p\0\0\0\330\246\352y\0\0\0\0\30\0\24\0\0\0\0\0/\0\0\0\0\0\0\0\0\0\0\0\0\0\0\0H\0\0\0\0\0\0\0\223\0\0\0\0\0\0\0\1\0\0\0\0\0\0\0\0\0\0\0\1\0\0\0\0\0\0\0\0\0\0\0\0y\1\0\0\1\0\0\0\0\0\0\0\0\0\0\0\0\0\0\0\0\0\0\0\0\0\0\0\0\0\0", iov_len=4096}], msg_iovlen=1, msg_controllen=0, msg_flags=0}, MSG_DONTWAIT) = 112
10733 recvmsg(5, {msg_name=NULL, msg_namelen=0, msg_iov=[{iov_base="\20\0\0\08\1\0\0\364\243\352y\0\0\0\0\30\0\24\0\0\0\0\0@\0\0\0\0\0\0\0\0\0\0\0\0\0\0\0H\0\0\0\0\0\0\0\212\0\0\0\0\0\0\0\0\0\0\0\0\0\0\0\0\0\0\0\1\0\0\0\377\377\377\377\377\377\377\377\0\0\0\0\0\0\0\0`\0\0\0\260\0\0\0\300\0\0\0\0\0\0\0\0\0\0\0\0\0\0\0P\0\0\0H\0\0\08\0\0\0\3\0\0\0\0\0\0\0\336\10\367d\0\0\0\0b\306\277h\0\0\0\0\0\0\0\0\30\0\0\0\0\0\0\0\0\0\0\0\0\0\0\0\0\0\0\0\0\0\0\0\20\0\0\0\0\0\0\0\0\0\0\0\0\0\0\0\20\0\0\0\1\0\0\0\0\0\0\0\0\0\0\0h\0\0\0\1\0\0\0\0\0\0\0\0\0\0\0\227\0\0\0\0\0\0\0\0\0\0\0\0\0\0\0\300\23\0\0@\0\0\0\230\0\0\0\0\0\0\0"..., iov_len=4096}], msg_iovlen=1, msg_controllen=0, msg_flags=0}, MSG_DONTWAIT) = 2352
10732 openat(AT_FDCWD, "/tmp/playwright_chromiumdev_profile-92XQZ9/Default/Reporting and NEL-journal", O_RDWR|O_CREAT|O_NOFOLLOW|O_CLOEXEC, 0600) = 18
10733 socket(AF_INET, SOCK_DGRAM, IPPROTO_IP) = 20
10733 bind(20, {sa_family=AF_INET, sin_port=htons(15813), sin_addr=inet_addr("0.0.0.0")}, 16) = 0
10733 connect(20, {sa_family=AF_INET, sin_port=htons(53), sin_addr=inet_addr("127.0.0.53")}, 16) = 0
10733 getsockname(20, {sa_family=AF_INET, sin_port=htons(15813), sin_addr=inet_addr("127.0.0.1")}, [128 => 16]) = 0
10733 sendto(20, "\3340\1\0\0\1\0\0\0\0\0\0\3www\7gstatic\3com\0\0A\0\1", 33, 0, NULL, 0) = 33
10733 recvmsg(20,  <unfinished ...>
10662 sendto(45, "\20\0\0\0@\0\0\0a\255\352y\0\0\0\0\30\0\26\0\0\0\0\0/\0\0\0\0\0\0\0\0\0\0\0\0\0\0\0\30\0\0\0\0\0\0\0\37\0\0\0\0\0\0\0\0\0\0\0\0\0\0\0", 64, MSG_NOSIGNAL, NULL, 0 <unfinished ...>
10733 <... recvmsg resumed>{msg_namelen=128}, 0) = -1 ECONNREFUSED (Connection refused)
10662 <... sendto resumed>)             = 64
10721 recvmsg(14,  <unfinished ...>
10733 socket(AF_INET, SOCK_DGRAM, IPPROTO_IP <unfinished ...>
10662 sendto(45, "\20\0\0\0@\0\0\0\312\255\352y\0\0\0\0\30\0\26\0\0\0\0\0000\0\0\0\0\0\0\0\0\0\0\0\0\0\0\0\30\0\0\0\0\0\0\0*\0\0\0\0\0\0\0\0\0\0\0\0\0\0\0", 64, MSG_NOSIGNAL, NULL, 0 <unfinished ...>
10733 <... socket resumed>)             = 21
10721 <... recvmsg resumed>{msg_name=NULL, msg_namelen=0, msg_iov=[{iov_base="\20\0\0\0@\0\0\0a\255\352y\0\0\0\0\30\0\26\0\0\0\0\0/\0\0\0\0\0\0\0\0\0\0\0\0\0\0\0\30\0\0\0\0\0\0\0\37\0\0\0\0\0\0\0\0\0\0\0\0\0\0\0", iov_len=4096}], msg_iovlen=1, msg_controllen=0, msg_flags=0}, MSG_DONTWAIT) = 64
10662 <... sendto resumed>)             = 64
10733 bind(21, {sa_family=AF_INET, sin_port=htons(44800), sin_addr=inet_addr("0.0.0.0")}, 16) = 0
10721 recvmsg(14, {msg_name=NULL, msg_namelen=0, msg_iov=[{iov_base="\20\0\0\0@\0\0\0\312\255\352y\0\0\0\0\30\0\26\0\0\0\0\0000\0\0\0\0\0\0\0\0\0\0\0\0\0\0\0\30\0\0\0\0\0\0\0*\0\0\0\0\0\0\0\0\0\0\0\0\0\0\0", iov_len=4096}], msg_iovlen=1, msg_controllen=0, msg_flags=0}, MSG_DONTWAIT) = 64
10733 connect(21, {sa_family=AF_INET, sin_port=htons(53), sin_addr=inet_addr("127.0.0.53")}, 16) = 0
10733 getsockname(21, {sa_family=AF_INET, sin_port=htons(44800), sin_addr=inet_addr("127.0.0.1")}, [128 => 16]) = 0
10733 sendto(21, "\235\310\1\0\0\1\0\0\0\0\0\0\3www\7gstatic\3com\0\0A\0\1", 33, 0, NULL, 0) = 33
10733 recvmsg(21, {msg_namelen=128}, 0) = -1 ECONNREFUSED (Connection refused)
10733 socket(AF_INET, SOCK_DGRAM, IPPROTO_IP) = 22
10733 bind(22, {sa_family=AF_INET, sin_port=htons(62999), sin_addr=inet_addr("0.0.0.0")}, 16) = 0
10733 connect(22, {sa_family=AF_INET, sin_port=htons(53), sin_addr=inet_addr("127.0.0.53")}, 16) = 0
10733 getsockname(22,  <unfinished ...>
10662 sendto(37, "\20\0\0\0H\1\0\0\333\261\352y\0\0\0\0\30\0\24\0\0\0\0\0C\0\0\0\0\0\0\0\0\0\0\0\0\0\0\0H\0\0\0\0\0\0\0\201\0\0\0\0\0\0\0\1\0\0\0\0\0\0\0\0\0\0\0\1\0\0\0\0\0\0\0\0\0\0\0\0\230\1\0\0\4\0\0\0\0\0\0`\0\0\0p\0\0\0\0\0\0\0\0\0\0\0\0\0\0\0\20\0\0\0\2\0\0\0\0\0\0\0\0\0\0\0\310\0\0\0\2\0\0\0\0\0\0\0\0\0\0\0\243\0\0\0\0\0\0\0\0\0\0\0\0\0\0\0@\25\0\0@\0\0\0\244\0\0\0\0\0\0\0\0\0\0\0\0\0\0\0\0\0\0\0\0\0\0\0\0\0\0\0\0\0\0\0\2\0\0\0\0\0\0\0\0\0\0\0\0\0\0\0\0\0\0\0\0\0\0\0\0\0\0\0\0\0\0\0\0\0\0\0\0\0\0\0\245\0\0\0\0\0\0\0\0\0\0\0\0\0\0\0"..., 328, MSG_NOSIGNAL, NULL, 0 <unfinished ...>
10733 <... getsockname resumed>{sa_family=AF_INET, sin_port=htons(62999), sin_addr=inet_addr("127.0.0.1")}, [128 => 16]) = 0
10662 <... sendto resumed>)             = 328
10733 sendto(22, "\0007\1\0\0\1\0\0\0\0\0\0\3www\7gstatic\3com\0\0\1\0\1", 33, 0, NULL, 0 <unfinished ...>
10732 openat(AT_FDCWD, "/tmp/playwright_chromiumdev_profile-92XQZ9/Default", O_RDONLY|O_CLOEXEC <unfinished ...>
10733 <... sendto resumed>)             = 33
10732 <... openat resumed>)             = 27
10733 recvmsg(22, {msg_namelen=128}, 0) = -1 ECONNREFUSED (Connection refused)
10733 socket(AF_INET, SOCK_DGRAM, IPPROTO_IP) = 28
10733 bind(28, {sa_family=AF_INET, sin_port=htons(19849), sin_addr=inet_addr("0.0.0.0")}, 16) = 0
10733 connect(28, {sa_family=AF_INET, sin_port=htons(53), sin_addr=inet_addr("127.0.0.53")}, 16) = 0
10733 getsockname(28, {sa_family=AF_INET, sin_port=htons(19849), sin_addr=inet_addr("127.0.0.1")}, [128 => 16]) = 0
10733 sendto(28, "\27\324\1\0\0\1\0\0\0\0\0\0\3www\7gstatic\3com\0\0\1\0\1", 33, 0, NULL, 0) = 33
10733 recvmsg(28, {msg_namelen=128}, 0) = -1 ECONNREFUSED (Connection refused)
10733 recvmsg(5, {msg_name=NULL, msg_namelen=0, msg_iov=[{iov_base="\20\0\0\0H\1\0\0\333\261\352y\0\0\0\0\30\0\24\0\0\0\0\0C\0\0\0\0\0\0\0\0\0\0\0\0\0\0\0H\0\0\0\0\0\0\0\201\0\0\0\0\0\0\0\1\0\0\0\0\0\0\0\0\0\0\0\1\0\0\0\0\0\0\0\0\0\0\0\0\230\1\0\0\4\0\0\0\0\0\0`\0\0\0p\0\0\0\0\0\0\0\0\0\0\0\0\0\0\0\20\0\0\0\2\0\0\0\0\0\0\0\0\0\0\0\310\0\0\0\2\0\0\0\0\0\0\0\0\0\0\0\243\0\0\0\0\0\0\0\0\0\0\0\0\0\0\0@\25\0\0@\0\0\0\244\0\0\0\0\0\0\0\0\0\0\0\0\0\0\0\0\0\0\0\0\0\0\0\0\0\0\0\0\0\0\0\2\0\0\0\0\0\0\0\0\0\0\0\0\0\0\0\0\0\0\0\0\0\0\0\0\0\0\0\0\0\0\0\0\0\0\0\0\0\0\0\245\0\0\0\0\0\0\0\0\0\0\0\0\0\0\0"..., iov_len=4096}], msg_iovlen=1, msg_controllen=0, msg_flags=0}, MSG_DONTWAIT) = 328
10662 sendto(37, "\20\0\0\0@\0\0\0<\267\352y\0\0\0\0\30\0\26\0\0\0\0\0D\0\0\0\0\0\0\0\0\0\0\0\0\0\0\0\30\0\0\0\0\0\0\0\"\0\0\0\0\0\0\0\0\0\0\0\0\0\0\0", 64, MSG_NOSIGNAL, NULL, 0) = 64
10733 sendto(5, "\20\0\0\0\270\0\0\0\10\270\352y\0\0\0\0\30\0\24\0\0\0\0\0000\0\0\0\0\0\0\0\0\0\0\0\0\0\0\0H\0\0\0\0\0\0\0k\0\0\0\0\0\0\0\0\0\0\0\0\0\0\0\0\0\0\0\1\0\0\0\377\377\377\377\377\377\377\377\0\0\0\0\0\0\0\0`\0\0\0\0\0\0\0\0\0\0\0\0\0\0\0\0\0\0\0\0\0\0\0H\0\0\0@\0\0\08\0\0\0\3\0\0\0\0\0\0\0\26\25\325t\1\0\0\0o\2\331y\1\0\0\0\0\0\0\0\30\0\0\0\0\0\0\0\0\0\0\0\0\0\0\0\0\0\0\0\0\0\0\0\10\0\0\0\0\0\0\0", 184, MSG_NOSIGNAL, NULL, 0) = 184
10687 recvmsg(37, {msg_name=NULL, msg_namelen=0, msg_iov=[{iov_base="\20\0\0\0\270\0\0\0\10\270\352y\0\0\0\0\30\0\24\0\0\0\0\0000\0\0\0\0\0\0\0\0\0\0\0\0\0\0\0H\0\0\0\0\0\0\0k\0\0\0\0\0\0\0\0\0\0\0\0\0\0\0\0\0\0\0\1\0\0\0\377\377\377\377\377\377\377\377\0\0\0\0\0\0\0\0`\0\0\0\0\0\0\0\0\0\0\0\0\0\0\0\0\0\0\0\0\0\0\0H\0\0\0@\0\0\08\0\0\0\3\0\0\0\0\0\0\0\26\25\325t\1\0\0\0o\2\331y\1\0\0\0\0\0\0\0\30\0\0\0\0\0\0\0\0\0\0\0\0\0\0\0\0\0\0\0\0\0\0\0\10\0\0\0\0\0\0\0", iov_len=4096}], msg_iovlen=1, msg_controllen=0, msg_flags=0}, MSG_DONTWAIT) = 184
10733 recvmsg(5, {msg_name=NULL, msg_namelen=0, msg_iov=[{iov_base="\20\0\0\0@\0\0\0<\267\352y\0\0\0\0\30\0\26\0\0\0\0\0D\0\0\0\0\0\0\0\0\0\0\0\0\0\0\0\30\0\0\0\0\0\0\0\"\0\0\0\0\0\0\0\0\0\0\0\0\0\0\0", iov_len=4096}], msg_iovlen=1, msg_controllen=0, msg_flags=0}, MSG_DONTWAIT) = 64
10733 sendto(5, "\20\0\0\0\350\0\0\0 \273\352y\0\0\0\0\30\0\24\0\0\0\0\0001\0\0\0\0\0\0\0\0\0\0\0\0\0\0\0H\0\0\0\0\0\0\0\23\0\0\0\0\0\0\0\3\0\0\0\0\0\0\0\0\0\0\0\1\0\0\0\377\377\377\377\377\377\377\377\0\0\0\0\0\0\0\0`\0\0\0\0\0\0\0\0\0\0\0\0\0\0\0\0\0\0\0\0\0\0\0x\0\0\0p\0\0\08\0\0\0\3\0\0\0\0\0\0\0\250\363Uc\1\0\0\0n\2\331y\4\0\0\0\0\0\0\0\30\0\0\0\0\0\0\0\0\0\0\0\0\0\0\0\0\0\0\0\0\0\0\0 \0\0\0\0\0\0\0\30\0\0\0\0\0\0\0\1\0\0\0\6\0\0\0\377\377\377\377\377\377\377\377\27\0\0\0\17\0\0\0www.gstatic.com\0", 232, MSG_NOSIGNAL, NULL, 0) = 232
10687 recvmsg(37, {msg_name=NULL, msg_namelen=0, msg_iov=[{iov_base="\20\0\0\0\350\0\0\0 \273\352y\0\0\0\0\30\0\24\0\0\0\0\0001\0\0\0\0\0\0\0\0\0\0\0\0\0\0\0H\0\0\0\0\0\0\0\23\0\0\0\0\0\0\0\3\0\0\0\0\0\0\0\0\0\0\0\1\0\0\0\377\377\377\377\377\377\377\377\0\0\0\0\0\0\0\0`\0\0\0\0\0\0\0\0\0\0\0\0\0\0\0\0\0\0\0\0\0\0\0x\0\0\0p\0\0\08\0\0\0\3\0\0\0\0\0\0\0\250\363Uc\1\0\0\0n\2\331y\4\0\0\0\0\0\0\0\30\0\0\0\0\0\0\0\0\0\0\0\0\0\0\0\0\0\0\0\0\0\0\0 \0\0\0\0\0\0\0\30\0\0\0\0\0\0\0\1\0\0\0\6\0\0\0\377\377\377\377\377\377\377\377\27\0\0\0\17\0\0\0www.gstatic.com\0", iov_len=4096}], msg_iovlen=1, msg_controllen=0, msg_flags=0}, MSG_DONTWAIT) = 232
10662 sendto(37, "\20\0\0\0@\0\0\0\356\273\352y\0\0\0\0\30\0\26\0\0\0\0\0E\0\0\0\0\0\0\0\0\0\0\0\0\0\0\0\30\0\0\0\0\0\0\0-\0\0\0\0\0\0\0\0\0\0\0\0\0\0\0", 64, MSG_NOSIGNAL, NULL, 0) = 64
10733 recvmsg(5, {msg_name=NULL, msg_namelen=0, msg_iov=[{iov_base="\20\0\0\0@\0\0\0\356\273\352y\0\0\0\0\30\0\26\0\0\0\0\0E\0\0\0\0\0\0\0\0\0\0\0\0\0\0\0\30\0\0\0\0\0\0\0-\0\0\0\0\0\0\0\0\0\0\0\0\0\0\0", iov_len=4096}], msg_iovlen=1, msg_controllen=0, msg_flags=0}, MSG_DONTWAIT) = 64
10682 openat(AT_FDCWD, "/etc/hosts", O_RDONLY|O_CLOEXEC) = 48
10682 socket(AF_INET, SOCK_DGRAM|SOCK_CLOEXEC|SOCK_NONBLOCK, IPPROTO_IP) = 48
10682 setsockopt(48, SOL_IP, IP_RECVERR, [1], 4) = 0
10682 connect(48, {sa_family=AF_INET, sin_port=htons(53), sin_addr=inet_addr("127.0.0.53")}, 16) = 0
10682 sendto(48, "z\205\1 \0\1\0\0\0\0\0\1\3www\7gstatic\3com\0\0\1\0\1\0\0)\4\260\0\0\0\0\0\0", 44, MSG_NOSIGNAL, NULL, 0 <unfinished ...>
10732 openat(AT_FDCWD, "/tmp/playwright_chromiumdev_profile-92XQZ9/Default/Reporting and NEL-journal", O_RDWR|O_CREAT|O_NOFOLLOW|O_CLOEXEC, 0600) = 18
10682 <... sendto resumed>)             = 44
10682 socket(AF_INET, SOCK_DGRAM|SOCK_CLOEXEC|SOCK_NONBLOCK, IPPROTO_IP) = 48
10682 setsockopt(48, SOL_IP, IP_RECVERR, [1], 4) = 0
10682 connect(48, {sa_family=AF_INET, sin_port=htons(53), sin_addr=inet_addr("127.0.0.53")}, 16) = 0
10682 sendto(48, "z\205\1 \0\1\0\0\0\0\0\1\3www\7gstatic\3com\0\0\1\0\1\0\0)\4\260\0\0\0\0\0\0", 44, MSG_NOSIGNAL, NULL, 0) = 44
10662 openat(AT_FDCWD, "/tmp/.com.google.Chrome.4NOprh", O_RDWR|O_CREAT|O_EXCL, 0600 <unfinished ...>
10682 socket(AF_INET, SOCK_DGRAM|SOCK_CLOEXEC|SOCK_NONBLOCK, IPPROTO_IP <unfinished ...>
10662 <... openat resumed>)             = 48
10682 <... socket resumed>)             = 94
10682 setsockopt(94, SOL_IP, IP_RECVERR, [1], 4 <unfinished ...>
10662 openat(AT_FDCWD, "/tmp/.com.google.Chrome.4NOprh", O_RDONLY <unfinished ...>
10682 <... setsockopt resumed>)         = 0
10662 <... openat resumed>)             = 95
10682 connect(94, {sa_family=AF_INET, sin_port=htons(53), sin_addr=inet_addr("127.0.0.53")}, 16) = 0
10682 sendto(94, "W\346\1 \0\1\0\0\0\0\0\1\3www\7gstatic\3com\32xdy23aex2gdehfi5fo3ofqo3dg\2cx\10internal\10cloudapp\3net\0\0\1\0\1\0\0)\4\260\0\0\0\0\0\0", 96, MSG_NOSIGNAL, NULL, 0) = 96
10732 openat(AT_FDCWD, "/tmp/playwright_chromiumdev_profile-92XQZ9/Default", O_RDONLY|O_CLOEXEC <unfinished ...>
10652 openat(AT_FDCWD, "/tmp/deckrender-local-AKMEYe/office2html/slides/0000.html", O_RDONLY|O_CLOEXEC <unfinished ...>
10732 <... openat resumed>)             = 20
10682 socket(AF_INET, SOCK_DGRAM|SOCK_CLOEXEC|SOCK_NONBLOCK, IPPROTO_IP <unfinished ...>
10652 <... openat resumed>)             = 22
10682 <... socket resumed>)             = 94
10682 setsockopt(94, SOL_IP, IP_RECVERR, [1], 4) = 0
10682 connect(94, {sa_family=AF_INET, sin_port=htons(53), sin_addr=inet_addr("127.0.0.53")}, 16) = 0
10682 sendto(94, "W\346\1 \0\1\0\0\0\0\0\1\3www\7gstatic\3com\32xdy23aex2gdehfi5fo3ofqo3dg\2cx\10internal\10cloudapp\3net\0\0\1\0\1\0\0)\4\260\0\0\0\0\0\0", 96, MSG_NOSIGNAL, NULL, 0) = 96
10662 sendmsg(36, {msg_name=NULL, msg_namelen=0, msg_iov=[{iov_base="\20\0\2\0\370\0\0\0 \311\352y\0\0\0\0\30\0\24\0\0\0\0\0\33\0\0\0\0\0\0\0p\0\0\0\0\0\0\0H\0\0\0\0\0\0\0*\0\0\0\0\0\0\0\0\0\0\0\0\0\0\0\0\0\0\0\1\0\0\0\0\0\0\0\0\0\0\0\0{\1\0\0\1\0\0\0\0\0\0`\0\0\0\0\0\0\0\0\0\0\0\0\0\0\0\2\0\0\0\20\0\0\0\2\0\0\0\1\0\0\0\1\0\0\0\30\0\0\0\2\0\0\0\210\0\0\0\0\0\1\0\270\0\0\0\1\0\1\0000\0\0\0(\0\0\0\10\0\0\0\1\0\0\0 \0\0\0\10\0\0\0\0\0\0\0\0\0\0\0\275\346T\252g\n\373D6\227_({\221\232\3540\0\0\0(\0\0\0\10\0\0\0\1\0\0\0 \0\0\0\10\0\0\0\0\0\0\0\0\0\0\0\376\353\221\330D1?\21\2602\31305\22\311\265", iov_len=248}], msg_iovlen=1, msg_control=[{cmsg_len=24, cmsg_level=SOL_SOCKET, cmsg_type=SCM_RIGHTS, cmsg_data=[92, 48]}], msg_controllen=24, msg_flags=0}, MSG_NOSIGNAL) = 248
10682 sendto(37, "\20\0\0\0p\0\0\0\233\311\352y\0\0\0\0\30\0\24\0\0\0\0\0F\0\0\0\0\0\0\0\0\0\0\0\0\0\0\0H\0\0\0\0\0\0\0\23\0\0\0\0\0\0\0\3\0\0\0\0\0\0\0\0\0\0\0\1\0\0\0\0\0\0\0\0\0\0\0\0}\1\0\0\1\0\0\0\0\0\0\0\0\0\0\0\0\0\0\0\0\0\0\0\0\0\0\0\0\0\0", 112, MSG_NOSIGNAL, NULL, 0 <unfinished ...>
10710 recvmsg(14,  <unfinished ...>
10682 <... sendto resumed>)             = 112
10710 <... recvmsg resumed>{msg_name=NULL, msg_namelen=0, msg_iov=[{iov_base="\20\0\2\0\370\0\0\0 \311\352y\0\0\0\0\30\0\24\0\0\0\0\0\33\0\0\0\0\0\0\0p\0\0\0\0\0\0\0H\0\0\0\0\0\0\0*\0\0\0\0\0\0\0\0\0\0\0\0\0\0\0\0\0\0\0\1\0\0\0\0\0\0\0\0\0\0\0\0{\1\0\0\1\0\0\0\0\0\0`\0\0\0\0\0\0\0\0\0\0\0\0\0\0\0\2\0\0\0\20\0\0\0\2\0\0\0\1\0\0\0\1\0\0\0\30\0\0\0\2\0\0\0\210\0\0\0\0\0\1\0\270\0\0\0\1\0\1\0000\0\0\0(\0\0\0\10\0\0\0\1\0\0\0 \0\0\0\10\0\0\0\0\0\0\0\0\0\0\0\275\346T\252g\n\373D6\227_({\221\232\3540\0\0\0(\0\0\0\10\0\0\0\1\0\0\0 \0\0\0\10\0\0\0\0\0\0\0\0\0\0\0\376\353\221\330D1?\21\2602\31305\22\311\265", iov_len=4096}], msg_iovlen=1, msg_control=[{cmsg_len=24, cmsg_level=SOL_SOCKET, cmsg_type=SCM_RIGHTS, cmsg_data=[26, 27]}], msg_controllen=24, msg_flags=0}, MSG_DONTWAIT) = 248
10733 recvmsg(5, {msg_name=NULL, msg_namelen=0, msg_iov=[{iov_base="\20\0\0\0p\0\0\0\233\311\352y\0\0\0\0\30\0\24\0\0\0\0\0F\0\0\0\0\0\0\0\0\0\0\0\0\0\0\0H\0\0\0\0\0\0\0\23\0\0\0\0\0\0\0\3\0\0\0\0\0\0\0\0\0\0\0\1\0\0\0\0\0\0\0\0\0\0\0\0}\1\0\0\1\0\0\0\0\0\0\0\0\0\0\0\0\0\0\0\0\0\0\0\0\0\0\0\0\0\0", iov_len=4096}], msg_iovlen=1, msg_controllen=0, msg_flags=0}, MSG_DONTWAIT) = 112
10733 socket(AF_INET, SOCK_DGRAM, IPPROTO_IP) = 20
10695 openat(AT_FDCWD, "/proc/10698/task", O_RDONLY|O_DIRECTORY) = 48
10733 bind(20, {sa_family=AF_INET, sin_port=htons(38389), sin_addr=inet_addr("0.0.0.0")}, 16) = 0
10733 connect(20, {sa_family=AF_INET, sin_port=htons(53), sin_addr=inet_addr("127.0.0.53")}, 16) = 0
10733 getsockname(20, {sa_family=AF_INET, sin_port=htons(38389), sin_addr=inet_addr("127.0.0.1")}, [128 => 16]) = 0
10733 sendto(20, "\7W\1\0\0\1\0\0\0\0\0\0\3www\7gstatic\3com\0\0A\0\1", 33, 0, NULL, 0) = 33
10733 recvmsg(20, {msg_namelen=128}, 0) = -1 ECONNREFUSED (Connection refused)
10733 socket(AF_INET, SOCK_DGRAM, IPPROTO_IP) = 21
10695 openat(AT_FDCWD, "/proc/10698/task/10698/status", O_RDONLY|O_CLOEXEC <unfinished ...>
10733 bind(21, {sa_family=AF_INET, sin_port=htons(15828), sin_addr=inet_addr("0.0.0.0")}, 16 <unfinished ...>
10662 sendto(37, "\20\0\0\0p\0\0\0\270\317\352y\0\0\0\0\30\0\24\0\0\0\0\0G\0\0\0\0\0\0\0\0\0\0\0\0\0\0\0H\0\0\0\0\0\0\0g\0\0\0\0\0\0\0\0\0\0\0\0\0\0\0\0\0\0\0\1\0\0\0\0\0\0\0\0\0\0\0\0|\1\0\0\1\0\0\0\0\0\0\0\0\0\0\0\0\0\0\0\0\0\0\0\0\0\0\0\0\0\0", 112, MSG_NOSIGNAL, NULL, 0 <unfinished ...>
10733 <... bind resumed>)               = 0
10695 <... openat resumed>)             = 48
10733 connect(21, {sa_family=AF_INET, sin_port=htons(53), sin_addr=inet_addr("127.0.0.53")}, 16 <unfinished ...>
10662 <... sendto resumed>)             = 112
10733 <... connect resumed>)            = 0
10733 getsockname(21, {sa_family=AF_INET, sin_port=htons(15828), sin_addr=inet_addr("127.0.0.1")}, [128 => 16]) = 0
10733 sendto(21, "\366\343\1\0\0\1\0\0\0\0\0\0\3www\7gstatic\3com\0\0A\0\1", 33, 0, NULL, 0) = 33
10733 recvmsg(21, {msg_namelen=128}, 0) = -1 ECONNREFUSED (Connection refused)
10733 socket(AF_INET, SOCK_DGRAM, IPPROTO_IP) = 22
10733 bind(22, {sa_family=AF_INET, sin_port=htons(55848), sin_addr=inet_addr("0.0.0.0")}, 16) = 0
10733 connect(22, {sa_family=AF_INET, sin_port=htons(53), sin_addr=inet_addr("127.0.0.53")}, 16) = 0
10733 getsockname(22, {sa_family=AF_INET, sin_port=htons(55848), sin_addr=inet_addr("127.0.0.1")}, [128 => 16]) = 0
10733 sendto(22, "\207\17\1\0\0\1\0\0\0\0\0\0\3www\7gstatic\3com\0\0\1\0\1", 33, 0, NULL, 0) = 33
10695 openat(AT_FDCWD, "/proc/10698/task", O_RDONLY|O_DIRECTORY <unfinished ...>
10733 recvmsg(22, {msg_namelen=128}, 0) = -1 ECONNREFUSED (Connection refused)
10695 <... openat resumed>)             = 48
10733 socket(AF_INET, SOCK_DGRAM, IPPROTO_IP) = 18
10652 openat(AT_FDCWD, "/tmp/deckrender-local-AKMEYe/office2html/index.html", O_RDONLY|O_CLOEXEC) = 22
10733 bind(18, {sa_family=AF_INET, sin_port=htons(25632), sin_addr=inet_addr("0.0.0.0")}, 16) = 0
10695 openat(AT_FDCWD, "/proc/10698/task/10698/status", O_RDONLY|O_CLOEXEC <unfinished ...>
10733 connect(18, {sa_family=AF_INET, sin_port=htons(53), sin_addr=inet_addr("127.0.0.53")}, 16 <unfinished ...>
10695 <... openat resumed>)             = 48
10733 <... connect resumed>)            = 0
10733 getsockname(18, {sa_family=AF_INET, sin_port=htons(25632), sin_addr=inet_addr("127.0.0.1")}, [128 => 16]) = 0
10733 sendto(18, "\345\357\1\0\0\1\0\0\0\0\0\0\3www\7gstatic\3com\0\0\1\0\1", 33, 0, NULL, 0) = 33
10733 recvmsg(18, {msg_namelen=128}, 0) = -1 ECONNREFUSED (Connection refused)
10733 recvmsg(5, {msg_name=NULL, msg_namelen=0, msg_iov=[{iov_base="\20\0\0\0p\0\0\0\270\317\352y\0\0\0\0\30\0\24\0\0\0\0\0G\0\0\0\0\0\0\0\0\0\0\0\0\0\0\0H\0\0\0\0\0\0\0g\0\0\0\0\0\0\0\0\0\0\0\0\0\0\0\0\0\0\0\1\0\0\0\0\0\0\0\0\0\0\0\0|\1\0\0\1\0\0\0\0\0\0\0\0\0\0\0\0\0\0\0\0\0\0\0\0\0\0\0\0\0\0", iov_len=4096}], msg_iovlen=1, msg_controllen=0, msg_flags=0}, MSG_DONTWAIT) = 112
10695 openat(AT_FDCWD, "/proc/10698/task/10700/status", O_RDONLY|O_CLOEXEC) = 48
10732 openat(AT_FDCWD, "/tmp/playwright_chromiumdev_profile-92XQZ9/Default/Reporting and NEL-journal", O_RDWR|O_CREAT|O_NOFOLLOW|O_CLOEXEC, 0600) = 20
10733 sendto(5, "\20\0\0\0p\0\0\0>\331\352y\0\0\0\0\30\0\24\0\0\0\0\0002\0\0\0\0\0\0\0\0\0\0\0\0\0\0\0H\0\0\0\0\0\0\0\23\0\0\0\0\0\0\0\4\0\0\0\0\0\0\0\0\0\0\0\1\0\0\0\0\0\0\0\0\0\0\0\0|\1\0\0\1\0\0\0\0\0\0\0\0\0\0\0\0\0\0\0\0\0\0\0\0\0\0\0\0\0\0", 112, MSG_NOSIGNAL, NULL, 0) = 112
10687 recvmsg(37, {msg_name=NULL, msg_namelen=0, msg_iov=[{iov_base="\20\0\0\0p\0\0\0>\331\352y\0\0\0\0\30\0\24\0\0\0\0\0002\0\0\0\0\0\0\0\0\0\0\0\0\0\0\0H\0\0\0\0\0\0\0\23\0\0\0\0\0\0\0\4\0\0\0\0\0\0\0\0\0\0\0\1\0\0\0\0\0\0\0\0\0\0\0\0|\1\0\0\1\0\0\0\0\0\0\0\0\0\0\0\0\0\0\0\0\0\0\0\0\0\0\0\0\0\0", iov_len=4096}], msg_iovlen=1, msg_controllen=0, msg_flags=0}, MSG_DONTWAIT) = 112
10695 openat(AT_FDCWD, "/proc/10698/task/10701/status", O_RDONLY|O_CLOEXEC) = 48
10683 openat(AT_FDCWD, "/etc/hosts", O_RDONLY|O_CLOEXEC) = 92
10683 socket(AF_INET, SOCK_DGRAM|SOCK_CLOEXEC|SOCK_NONBLOCK, IPPROTO_IP) = 92
10683 setsockopt(92, SOL_IP, IP_RECVERR, [1], 4) = 0
10695 openat(AT_FDCWD, "/proc/10698/task/10702/status", O_RDONLY|O_CLOEXEC <unfinished ...>
10683 connect(92, {sa_family=AF_INET, sin_port=htons(53), sin_addr=inet_addr("127.0.0.53")}, 16 <unfinished ...>
10732 openat(AT_FDCWD, "/tmp/playwright_chromiumdev_profile-92XQZ9/Default", O_RDONLY|O_CLOEXEC <unfinished ...>
10695 <... openat resumed>)             = 48
10683 <... connect resumed>)            = 0
10732 <... openat resumed>)             = 18
10683 sendto(92, "Sx\1 \0\1\0\0\0\0\0\1\3www\7gstatic\3com\0\0\1\0\1\0\0)\4\260\0\0\0\0\0\0", 44, MSG_NOSIGNAL, NULL, 0 <unfinished ...>
10695 openat(AT_FDCWD, "/proc/10698/task/10703/status", O_RDONLY|O_CLOEXEC) = 48
10683 <... sendto resumed>)             = 44
10683 socket(AF_INET, SOCK_DGRAM|SOCK_CLOEXEC|SOCK_NONBLOCK, IPPROTO_IP) = 92
10683 setsockopt(92, SOL_IP, IP_RECVERR, [1], 4) = 0
10683 connect(92, {sa_family=AF_INET, sin_port=htons(53), sin_addr=inet_addr("127.0.0.53")}, 16) = 0
10683 sendto(92, "Sx\1 \0\1\0\0\0\0\0\1\3www\7gstatic\3com\0\0\1\0\1\0\0)\4\260\0\0\0\0\0\0", 44, MSG_NOSIGNAL, NULL, 0) = 44
10683 socket(AF_INET, SOCK_DGRAM|SOCK_CLOEXEC|SOCK_NONBLOCK, IPPROTO_IP) = 48
10695 openat(AT_FDCWD, "/proc/10698/task/10704/status", O_RDONLY|O_CLOEXEC <unfinished ...>
10683 setsockopt(48, SOL_IP, IP_RECVERR, [1], 4 <unfinished ...>
10695 <... openat resumed>)             = 92
10683 <... setsockopt resumed>)         = 0
10683 connect(48, {sa_family=AF_INET, sin_port=htons(53), sin_addr=inet_addr("127.0.0.53")}, 16) = 0
10683 sendto(48, "M\t\1 \0\1\0\0\0\0\0\1\3www\7gstatic\3com\32xdy23aex2gdehfi5fo3ofqo3dg\2cx\10internal\10cloudapp\3net\0\0\1\0\1\0\0)\4\260\0\0\0\0\0\0", 96, MSG_NOSIGNAL, NULL, 0) = 96
10683 socket(AF_INET, SOCK_DGRAM|SOCK_CLOEXEC|SOCK_NONBLOCK, IPPROTO_IP <unfinished ...>
10695 openat(AT_FDCWD, "/proc/10698/task/10705/status", O_RDONLY|O_CLOEXEC <unfinished ...>
10683 <... socket resumed>)             = 48
10683 setsockopt(48, SOL_IP, IP_RECVERR, [1], 4 <unfinished ...>
10695 <... openat resumed>)             = 92
10683 <... setsockopt resumed>)         = 0
10683 connect(48, {sa_family=AF_INET, sin_port=htons(53), sin_addr=inet_addr("127.0.0.53")}, 16) = 0
10683 sendto(48, "M\t\1 \0\1\0\0\0\0\0\1\3www\7gstatic\3com\32xdy23aex2gdehfi5fo3ofqo3dg\2cx\10internal\10cloudapp\3net\0\0\1\0\1\0\0)\4\260\0\0\0\0\0\0", 96, MSG_NOSIGNAL, NULL, 0) = 96
10682 sendto(37, "\20\0\0\0p\0\0\0[\350\352y\0\0\0\0\30\0\24\0\0\0\0\0H\0\0\0\0\0\0\0\0\0\0\0\0\0\0\0H\0\0\0\0\0\0\0\23\0\0\0\0\0\0\0\4\0\0\0\0\0\0\0\0\0\0\0\1\0\0\0\0\0\0\0\0\0\0\0\0|\1\0\0\1\0\0\0\0\0\0\0\0\0\0\0\0\0\0\0\0\0\0\0\0\0\0\0\0\0\0", 112, MSG_NOSIGNAL, NULL, 0 <unfinished ...>
10695 openat(AT_FDCWD, "/proc/10698/task/10706/status", O_RDONLY|O_CLOEXEC) = 48
10682 <... sendto resumed>)             = 112
10733 recvmsg(5, {msg_name=NULL, msg_namelen=0, msg_iov=[{iov_base="\20\0\0\0p\0\0\0[\350\352y\0\0\0\0\30\0\24\0\0\0\0\0H\0\0\0\0\0\0\0\0\0\0\0\0\0\0\0H\0\0\0\0\0\0\0\23\0\0\0\0\0\0\0\4\0\0\0\0\0\0\0\0\0\0\0\1\0\0\0\0\0\0\0\0\0\0\0\0|\1\0\0\1\0\0\0\0\0\0\0\0\0\0\0\0\0\0\0\0\0\0\0\0\0\0\0\0\0\0", iov_len=4096}], msg_iovlen=1, msg_controllen=0, msg_flags=0}, MSG_DONTWAIT) = 112
10733 sendto(5, "\20\0\0\0p\0\0\0H\352\352y\0\0\0\0\30\0\24\0\0\0\0\0003\0\0\0\0\0\0\0\0\0\0\0\0\0\0\0H\0\0\0\0\0\0\0\241\0\0\0\0\0\0\0\0\0\0\0\0\0\0\0\0\0\0\0\1\0\0\0\0\0\0\0\0\0\0\0\0|\1\0\0\1\0\0\0\0\0\0\0\0\0\0\0\0\0\0\0\0\0\0\0\0\0\0\0\0\0\0", 112, MSG_NOSIGNAL, NULL, 0) = 112
10733 sendto(5, "\20\0\0\0@\0\0\0\300\352\352y\0\0\0\0\30\0\26\0\0\0\0\0004\0\0\0\0\0\0\0\0\0\0\0\0\0\0\0\30\0\0\0\0\0\0\0\241\0\0\0\0\0\0\0\1\0\0\0\0\0\0\0", 64, MSG_NOSIGNAL, NULL, 0 <unfinished ...>
10687 recvmsg(37,  <unfinished ...>
10733 <... sendto resumed>)             = 64
10687 <... recvmsg resumed>{msg_name=NULL, msg_namelen=0, msg_iov=[{iov_base="\20\0\0\0p\0\0\0H\352\352y\0\0\0\0\30\0\24\0\0\0\0\0003\0\0\0\0\0\0\0\0\0\0\0\0\0\0\0H\0\0\0\0\0\0\0\241\0\0\0\0\0\0\0\0\0\0\0\0\0\0\0\0\0\0\0\1\0\0\0\0\0\0\0\0\0\0\0\0|\1\0\0\1\0\0\0\0\0\0\0\0\0\0\0\0\0\0\0\0\0\0\0\0\0\0\0\0\0\0\20\0\0\0@\0\0\0\300\352\352y\0\0\0\0\30\0\26\0\0\0\0\0004\0\0\0\0\0\0\0\0\0\0\0\0\0\0\0\30\0\0\0\0\0\0\0\241\0\0\0\0\0\0\0\1\0\0\0\0\0\0\0", iov_len=4096}], msg_iovlen=1, msg_controllen=0, msg_flags=0}, MSG_DONTWAIT) = 176
10733 sendto(5, "\20\0\0\0@\0\0\0&\353\352y\0\0\0\0\30\0\26\0\0\0\0\0005\0\0\0\0\0\0\0\0\0\0\0\0\0\0\0\30\0\0\0\0\0\0\0\237\0\0\0\0\0\0\0\0\0\0\0\0\0\0\0", 64, MSG_NOSIGNAL, NULL, 0) = 64
10695 openat(AT_FDCWD, "/proc/10698/task/10707/status", O_RDONLY|O_CLOEXEC <unfinished ...>
10687 recvmsg(37,  <unfinished ...>
10695 <... openat resumed>)             = 48
10687 <... recvmsg resumed>{msg_name=NULL, msg_namelen=0, msg_iov=[{iov_base="\20\0\0\0@\0\0\0&\353\352y\0\0\0\0\30\0\26\0\0\0\0\0005\0\0\0\0\0\0\0\0\0\0\0\0\0\0\0\30\0\0\0\0\0\0\0\237\0\0\0\0\0\0\0\0\0\0\0\0\0\0\0", iov_len=4096}], msg_iovlen=1, msg_controllen=0, msg_flags=0}, MSG_DONTWAIT) = 64
10695 openat(AT_FDCWD, "/proc/10698/task", O_RDONLY|O_DIRECTORY) = 48
10662 openat(AT_FDCWD, "/tmp/.com.google.Chrome.obzgCM", O_RDWR|O_CREAT|O_EXCL, 0600 <unfinished ...>
10695 openat(AT_FDCWD, "/proc/10698/task/10698/status", O_RDONLY|O_CLOEXEC <unfinished ...>
10662 <... openat resumed>)             = 94
10695 <... openat resumed>)             = 48
10662 openat(AT_FDCWD, "/tmp/.com.google.Chrome.obzgCM", O_RDONLY) = 96
10695 openat(AT_FDCWD, "/proc/10698/task/10700/status", O_RDONLY|O_CLOEXEC) = 48
10662 sendmsg(45, {msg_name=NULL, msg_namelen=0, msg_iov=[{iov_base="\20\0\2\0\370\0\0\0\207\362\352y\0\0\0\0\30\0\24\0\0\0\0\0001\0\0\0\0\0\0\0p\0\0\0\0\0\0\0H\0\0\0\0\0\0\0\35\0\0\0\0\0\0\0\0\0\0\0\0\0\0\0\0\0\0\0\1\0\0\0\0\0\0\0\0\0\0\0\0y\1\0\0\1\0\0\0\0\0\0`\0\0\0\0\0\0\0\0\0\0\0\0\0\0\0\2\0\0\0\20\0\0\0\2\0\0\0\1\0\0\0\1\0\0\0\30\0\0\0\2\0\0\0\210\0\0\0\0\0\1\0\270\0\0\0\1\0\1\0000\0\0\0(\0\0\0\10\0\0\0\1\0\0\0 \0\0\0\10\0\0\0\0\0\0\0\0\0\0\0\275\346T\252g\n\373D6\227_({\221\232\3540\0\0\0(\0\0\0\10\0\0\0\1\0\0\0 \0\0\0\10\0\0\0\0\0\0\0\0\0\0\0K\356\321\223\223\4\377\221;1s\200\3409\31a", iov_len=248}], msg_iovlen=1, msg_control=[{cmsg_len=24, cmsg_level=SOL_SOCKET, cmsg_type=SCM_RIGHTS, cmsg_data=[92, 94]}], msg_controllen=24, msg_flags=0}, MSG_NOSIGNAL <unfinished ...>
10695 openat(AT_FDCWD, "/proc/10698/task/10701/status", O_RDONLY|O_CLOEXEC <unfinished ...>
10662 <... sendmsg resumed>)            = 248
10695 <... openat resumed>)             = 48
10721 recvmsg(14, {msg_name=NULL, msg_namelen=0, msg_iov=[{iov_base="\20\0\2\0\370\0\0\0\207\362\352y\0\0\0\0\30\0\24\0\0\0\0\0001\0\0\0\0\0\0\0p\0\0\0\0\0\0\0H\0\0\0\0\0\0\0\35\0\0\0\0\0\0\0\0\0\0\0\0\0\0\0\0\0\0\0\1\0\0\0\0\0\0\0\0\0\0\0\0y\1\0\0\1\0\0\0\0\0\0`\0\0\0\0\0\0\0\0\0\0\0\0\0\0\0\2\0\0\0\20\0\0\0\2\0\0\0\1\0\0\0\1\0\0\0\30\0\0\0\2\0\0\0\210\0\0\0\0\0\1\0\270\0\0\0\1\0\1\0000\0\0\0(\0\0\0\10\0\0\0\1\0\0\0 \0\0\0\10\0\0\0\0\0\0\0\0\0\0\0\275\346T\252g\n\373D6\227_({\221\232\3540\0\0\0(\0\0\0\10\0\0\0\1\0\0\0 \0\0\0\10\0\0\0\0\0\0\0\0\0\0\0K\356\321\223\223\4\377\221;1s\200\3409\31a", iov_len=4096}], msg_iovlen=1, msg_control=[{cmsg_len=24, cmsg_level=SOL_SOCKET, cmsg_type=SCM_RIGHTS, cmsg_data=[25, 26]}], msg_controllen=24, msg_flags=0}, MSG_DONTWAIT) = 248
10695 openat(AT_FDCWD, "/proc/10698/task/10702/status", O_RDONLY|O_CLOEXEC <unfinished ...>
10662 sendto(37, "\20\0\0\0p\0\0\0x\364\352y\0\0\0\0\30\0\24\0\0\0\0\0I\0\0\0\0\0\0\0\0\0\0\0\0\0\0\0H\0\0\0\0\0\0\0[\0\0\0\0\0\0\0\r\0\0\0\0\0\0\0\0\0\0\0\1\0\0\0\0\0\0\0\0\0\0\0\0\230\1\0\0\4\0\0\0\0\0\0\0\0\0\0\0\0\0\0\0\0\0\0\0\0\0\0\0\0\0\0", 112, MSG_NOSIGNAL, NULL, 0 <unfinished ...>
10695 <... openat resumed>)             = 48
10662 <... sendto resumed>)             = 112
10733 recvmsg(5, {msg_name=NULL, msg_namelen=0, msg_iov=[{iov_base="\20\0\0\0p\0\0\0x\364\352y\0\0\0\0\30\0\24\0\0\0\0\0I\0\0\0\0\0\0\0\0\0\0\0\0\0\0\0H\0\0\0\0\0\0\0[\0\0\0\0\0\0\0\r\0\0\0\0\0\0\0\0\0\0\0\1\0\0\0\0\0\0\0\0\0\0\0\0\230\1\0\0\4\0\0\0\0\0\0\0\0\0\0\0\0\0\0\0\0\0\0\0\0\0\0\0\0\0\0", iov_len=4096}], msg_iovlen=1, msg_controllen=0, msg_flags=0}, MSG_DONTWAIT) = 112
10662 sendto(37, "\20\0\0\0p\0\0\0\36\365\352y\0\0\0\0\30\0\24\0\0\0\0\0J\0\0\0\0\0\0\0\0\0\0\0\0\0\0\0H\0\0\0\0\0\0\0[\0\0\0\0\0\0\0\16\0\0\0\0\0\0\0\0\0\0\0\1\0\0\0\0\0\0\0\0\0\0\0\0\224\1\0\0\4\0\0\0\0\0\0\0\0\0\0\0\0\0\0\0\0\0\0\0\0\0\0\0\0\0\0", 112, MSG_NOSIGNAL, NULL, 0 <unfinished ...>
10733 sendto(5, "\20\0\0\0p\0\0\0N\365\352y\0\0\0\0\30\0\24\0\0\0\0\0006\0\0\0\0\0\0\0\0\0\0\0\0\0\0\0H\0\0\0\0\0\0\0[\0\0\0\0\0\0\0\7\0\0\0\0\0\0\0\0\0\0\0\1\0\0\0\0\0\0\0\0\0\0\0\0{\1\0\0\1\0\0\0\0\0\0\0\0\0\0\0\0\0\0\0\0\0\0\0\0\0\0\0\0\0\0", 112, MSG_NOSIGNAL, NULL, 0 <unfinished ...>
10662 <... sendto resumed>)             = 112
10733 <... sendto resumed>)             = 112
10687 recvmsg(37,  <unfinished ...>
10662 sendto(37, "\20\0\0\0p\0\0\0\251\365\352y\0\0\0\0\30\0\24\0\0\0\0\0K\0\0\0\0\0\0\0\0\0\0\0\0\0\0\0H\0\0\0\0\0\0\0[\0\0\0\0\0\0\0\17\0\0\0\0\0\0\0\0\0\0\0\1\0\0\0\0\0\0\0\0\0\0\0\0\230\1\0\0\4\0\0\0\0\0\0\0\0\0\0\0\0\0\0\0\0\0\0\0\0\0\0\0\0\0\0", 112, MSG_NOSIGNAL, NULL, 0 <unfinished ...>
10733 recvmsg(5,  <unfinished ...>
10687 <... recvmsg resumed>{msg_name=NULL, msg_namelen=0, msg_iov=[{iov_base="\20\0\0\0p\0\0\0N\365\352y\0\0\0\0\30\0\24\0\0\0\0\0006\0\0\0\0\0\0\0\0\0\0\0\0\0\0\0H\0\0\0\0\0\0\0[\0\0\0\0\0\0\0\7\0\0\0\0\0\0\0\0\0\0\0\1\0\0\0\0\0\0\0\0\0\0\0\0{\1\0\0\1\0\0\0\0\0\0\0\0\0\0\0\0\0\0\0\0\0\0\0\0\0\0\0\0\0\0", iov_len=4096}], msg_iovlen=1, msg_controllen=0, msg_flags=0}, MSG_DONTWAIT) = 112
10662 <... sendto resumed>)             = 112
10733 <... recvmsg resumed>{msg_name=NULL, msg_namelen=0, msg_iov=[{iov_base="\20\0\0\0p\0\0\0\36\365\352y\0\0\0\0\30\0\24\0\0\0\0\0J\0\0\0\0\0\0\0\0\0\0\0\0\0\0\0H\0\0\0\0\0\0\0[\0\0\0\0\0\0\0\16\0\0\0\0\0\0\0\0\0\0\0\1\0\0\0\0\0\0\0\0\0\0\0\0\224\1\0\0\4\0\0\0\0\0\0\0\0\0\0\0\0\0\0\0\0\0\0\0\0\0\0\0\0\0\0\20\0\0\0p\0\0\0\251\365\352y\0\0\0\0\30\0\24\0\0\0\0\0K\0\0\0\0\0\0\0\0\0\0\0\0\0\0\0H\0\0\0\0\0\0\0[\0\0\0\0\0\0\0\17\0\0\0\0\0\0\0\0\0\0\0\1\0\0\0\0\0\0\0\0\0\0\0\0\230\1\0\0\4\0\0\0\0\0\0\0\0\0\0\0\0\0\0\0\0\0\0\0\0\0\0\0\0\0\0", iov_len=4096}], msg_iovlen=1, msg_controllen=0, msg_flags=0}, MSG_DONTWAIT) = 224
10662 sendto(37, "\20\0\0\0p\0\0\0003\366\352y\0\0\0\0\30\0\24\0\0\0\0\0L\0\0\0\0\0\0\0\0\0\0\0\0\0\0\0H\0\0\0\0\0\0\0[\0\0\0\0\0\0\0\20\0\0\0\0\0\0\0\0\0\0\0\1\0\0\0\0\0\0\0\0\0\0\0\0\234\1\0\0\4\0\0\0\0\0\0\0\0\0\0\0\0\0\0\0\0\0\0\0\0\0\0\0\0\0\0", 112, MSG_NOSIGNAL, NULL, 0 <unfinished ...>
10733 sendto(5, "\20\0\0\0p\0\0\0K\366\352y\0\0\0\0\30\0\24\0\0\0\0\0007\0\0\0\0\0\0\0\0\0\0\0\0\0\0\0H\0\0\0\0\0\0\0[\0\0\0\0\0\0\0\10\0\0\0\0\0\0\0\0\0\0\0\1\0\0\0\0\0\0\0\0\0\0\0\0}\1\0\0\1\0\0\0\0\0\0\0\0\0\0\0\0\0\0\0\0\0\0\0\0\0\0\0\0\0\0", 112, MSG_NOSIGNAL, NULL, 0 <unfinished ...>
10662 <... sendto resumed>)             = 112
10733 <... sendto resumed>)             = 112
10733 sendto(5, "\20\0\0\0\270\0\0\0\270\366\352y\0\0\0\0\30\0\24\0\0\0\0\08\0\0\0\0\0\0\0\0\0\0\0\0\0\0\0H\0\0\0\0\0\0\0[\0\0\0\0\0\0\0\t\0\0\0\0\0\0\0\0\0\0\0\1\0\0\0\377\377\377\377\377\377\377\377\0\0\0\0\0\0\0\0`\0\0\0\0\0\0\0\0\0\0\0\0\0\0\0\0\0\0\0\0\0\0\0H\0\0\0@\0\0\08\0\0\0\3\0\0\0\0\0\0\0\tU/\36\2\0\0\0\24\306\277h\n\0\0\0\0\0\0\0\30\0\0\0\0\0\0\0\0\0\0\0\0\0\0\0\0\0\0\0\0\0\0\0\10\0\0\0\0\0\0\0", 184, MSG_NOSIGNAL, NULL, 0) = 184
10695 openat(AT_FDCWD, "/proc/10698/task/10703/status", O_RDONLY|O_CLOEXEC <unfinished ...>
10687 recvmsg(37,  <unfinished ...>
10733 recvmsg(5,  <unfinished ...>
10695 <... openat resumed>)             = 48
10687 <... recvmsg resumed>{msg_name=NULL, msg_namelen=0, msg_iov=[{iov_base="\20\0\0\0p\0\0\0K\366\352y\0\0\0\0\30\0\24\0\0\0\0\0007\0\0\0\0\0\0\0\0\0\0\0\0\0\0\0H\0\0\0\0\0\0\0[\0\0\0\0\0\0\0\10\0\0\0\0\0\0\0\0\0\0\0\1\0\0\0\0\0\0\0\0\0\0\0\0}\1\0\0\1\0\0\0\0\0\0\0\0\0\0\0\0\0\0\0\0\0\0\0\0\0\0\0\0\0\0\20\0\0\0\270\0\0\0\270\366\352y\0\0\0\0\30\0\24\0\0\0\0\08\0\0\0\0\0\0\0\0\0\0\0\0\0\0\0H\0\0\0\0\0\0\0[\0\0\0\0\0\0\0\t\0\0\0\0\0\0\0\0\0\0\0\1\0\0\0\377\377\377\377\377\377\377\377\0\0\0\0\0\0\0\0`\0\0\0\0\0\0\0\0\0\0\0\0\0\0\0\0\0\0\0\0\0\0\0H\0\0\0@\0\0\08\0\0\0\3\0\0\0\0\0\0\0\tU/\36\2\0\0\0\24\306\277h"..., iov_len=4096}], msg_iovlen=1, msg_controllen=0, msg_flags=0}, MSG_DONTWAIT) = 296
10733 <... recvmsg resumed>{msg_name=NULL, msg_namelen=0, msg_iov=[{iov_base="\20\0\0\0p\0\0\0003\366\352y\0\0\0\0\30\0\24\0\0\0\0\0L\0\0\0\0\0\0\0\0\0\0\0\0\0\0\0H\0\0\0\0\0\0\0[\0\0\0\0\0\0\0\20\0\0\0\0\0\0\0\0\0\0\0\1\0\0\0\0\0\0\0\0\0\0\0\0\234\1\0\0\4\0\0\0\0\0\0\0\0\0\0\0\0\0\0\0\0\0\0\0\0\0\0\0\0\0\0", iov_len=4096}], msg_iovlen=1, msg_controllen=0, msg_flags=0}, MSG_DONTWAIT) = 112
10733 sendto(5, "\20\0\0\0\270\0\0\0\263\367\352y\0\0\0\0\30\0\24\0\0\0\0\09\0\0\0\0\0\0\0\0\0\0\0\0\0\0\0H\0\0\0\0\0\0\0[\0\0\0\0\0\0\0\n\0\0\0\0\0\0\0\0\0\0\0\1\0\0\0\377\377\377\377\377\377\377\377\0\0\0\0\0\0\0\0`\0\0\0\0\0\0\0\0\0\0\0\0\0\0\0\0\0\0\0\0\0\0\0H\0\0\0@\0\0\08\0\0\0\3\0\0\0\0\0\0\0\tU/\36\2\0\0\0\27\306\277h\v\0\0\0\0\0\0\0\30\0\0\0\0\0\0\0\0\0\0\0\0\0\0\0\0\0\0\0\0\0\0\0\10\0\0\0\0\0\0\0", 184, MSG_NOSIGNAL, NULL, 0) = 184
10687 recvmsg(37, {msg_name=NULL, msg_namelen=0, msg_iov=[{iov_base="\20\0\0\0\270\0\0\0\263\367\352y\0\0\0\0\30\0\24\0\0\0\0\09\0\0\0\0\0\0\0\0\0\0\0\0\0\0\0H\0\0\0\0\0\0\0[\0\0\0\0\0\0\0\n\0\0\0\0\0\0\0\0\0\0\0\1\0\0\0\377\377\377\377\377\377\377\377\0\0\0\0\0\0\0\0`\0\0\0\0\0\0\0\0\0\0\0\0\0\0\0\0\0\0\0\0\0\0\0H\0\0\0@\0\0\08\0\0\0\3\0\0\0\0\0\0\0\tU/\36\2\0\0\0\27\306\277h\v\0\0\0\0\0\0\0\30\0\0\0\0\0\0\0\0\0\0\0\0\0\0\0\0\0\0\0\0\0\0\0\10\0\0\0\0\0\0\0", iov_len=4096}], msg_iovlen=1, msg_controllen=0, msg_flags=0}, MSG_DONTWAIT) = 184
10662 openat(AT_FDCWD, "/tmp/.com.google.Chrome.KN17DB", O_RDWR|O_CREAT|O_EXCL, 0600) = 94
10662 openat(AT_FDCWD, "/tmp/.com.google.Chrome.KN17DB", O_RDONLY) = 97
10695 openat(AT_FDCWD, "/proc/10698/task/10704/status", O_RDONLY|O_CLOEXEC) = 48
10695 openat(AT_FDCWD, "/proc/10698/task/10705/status", O_RDONLY|O_CLOEXEC) = 48
10662 sendmsg(37, {msg_name=NULL, msg_namelen=0, msg_iov=[{iov_base="\20\0\2\0p\1\0\0}\373\352y\0\0\0\0\30\0\24\0\0\0\0\0M\0\0\0\0\0\0\0\350\0\0\0\0\0\0\0H\0\0\0\0\0\0\0 \0\0\0\0\0\0\0\0\0\0\0\0\0\0\0\0\0\0\0\1\0\0\0\377\377\377\377\377\377\377\377\0\0\0\0\0\0\0\0`\0\0\0\330\0\0\0\0\0\0\0\0\0\0\0\0\0\0\0\2\0\0\0x\0\0\0p\0\0\08\0\0\0\3\0\0\0\0\0\0\0005\1lu\2\0\0\0H\2\331y\1\0\0\0\0\0\0\0\30\0\0\0\0\0\0\0\0\0\0\0\0\0\0\0\0\0\0\0\0\0\0\0\30\0\0\0\0\0\0\0\20\0\0\0\0\0\0\0\30\0\0\0\0\0\0\0\20\0\0\0\0\0\0\0\0\0\0\0\0\0\0\0\20\0\0\0\0\0\0\0\1\0\0\0\0\0\0\0\20\0\0\0\2\0\0\0\1\0\0\0\1\0\0\0\30\0\0\0\2\0\0\0"..., iov_len=368}], msg_iovlen=1, msg_control=[{cmsg_len=24, cmsg_level=SOL_SOCKET, cmsg_type=SCM_RIGHTS, cmsg_data=[92, 94]}], msg_controllen=24, msg_flags=0}, MSG_NOSIGNAL) = 368
10733 recvmsg(5,  <unfinished ...>
10695 openat(AT_FDCWD, "/proc/10698/task/10706/status", O_RDONLY|O_CLOEXEC <unfinished ...>
10733 <... recvmsg resumed>{msg_name=NULL, msg_namelen=0, msg_iov=[{iov_base="\20\0\2\0p\1\0\0}\373\352y\0\0\0\0\30\0\24\0\0\0\0\0M\0\0\0\0\0\0\0\350\0\0\0\0\0\0\0H\0\0\0\0\0\0\0 \0\0\0\0\0\0\0\0\0\0\0\0\0\0\0\0\0\0\0\1\0\0\0\377\377\377\377\377\377\377\377\0\0\0\0\0\0\0\0`\0\0\0\330\0\0\0\0\0\0\0\0\0\0\0\0\0\0\0\2\0\0\0x\0\0\0p\0\0\08\0\0\0\3\0\0\0\0\0\0\0005\1lu\2\0\0\0H\2\331y\1\0\0\0\0\0\0\0\30\0\0\0\0\0\0\0\0\0\0\0\0\0\0\0\0\0\0\0\0\0\0\0\30\0\0\0\0\0\0\0\20\0\0\0\0\0\0\0\30\0\0\0\0\0\0\0\20\0\0\0\0\0\0\0\0\0\0\0\0\0\0\0\20\0\0\0\0\0\0\0\1\0\0\0\0\0\0\0\20\0\0\0\2\0\0\0\1\0\0\0\1\0\0\0\30\0\0\0\2\0\0\0"..., iov_len=4096}], msg_iovlen=1, msg_control=[{cmsg_len=24, cmsg_level=SOL_SOCKET, cmsg_type=SCM_RIGHTS, cmsg_data=[18, 20]}], msg_controllen=24, msg_flags=0}, MSG_DONTWAIT) = 368
10695 <... openat resumed>)             = 48
10662 openat(AT_FDCWD, "/tmp/.com.google.Chrome.GgnMF2", O_RDWR|O_CREAT|O_EXCL, 0600) = 92
10695 openat(AT_FDCWD, "/proc/10698/task/10707/status", O_RDONLY|O_CLOEXEC) = 48
10662 sendmsg(37, {msg_name=NULL, msg_namelen=0, msg_iov=[{iov_base="\20\0\1\0\250\1\0\0\363\376\352y\0\0\0\0\30\0\24\0\0\0\0\0N\0\0\0\0\0\0\0X\1\0\0\0\0\0\0H\0\0\0\0\0\0\0k\0\0\0\0\0\0\0\0\0\0\0\0\0\0\0\0\0\0\0\1\0\0\0\377\377\377\377\377\377\377\377\0\0\0\0\0\0\0\0`\0\0\0H\1\0\0\0\0\0\0\0\0\0\0\0\0\0\0\1\0\0\0\350\0\0\0\340\0\0\08\0\0\0\3\0\0\0\0\0\0\0\26\25\325t\2\0\0\0o\2\331y\1\0\0\0\0\0\0\0\30\0\0\0\0\0\0\0\0\0\0\0\0\0\0\0\0\0\0\0\0\0\0\0\20\0\0\0\0\0\0\0\10\0\0\0\0\0\0\0\30\0\0\0\0\0\0\0\20\0\0\0\0\0\0\0\30\0\0\0\0\0\0\0\v\0\0\0\3\0\0\0v10\0\0\0\0\0\30\0\0\0\0\0\0\0\20\0\0\0\0\0\0\0(\0\0\0\0\0\0\0"..., iov_len=424}], msg_iovlen=1, msg_control=[{cmsg_len=20, cmsg_level=SOL_SOCKET, cmsg_type=SCM_RIGHTS, cmsg_data=[92]}], msg_controllen=20, msg_flags=0}, MSG_NOSIGNAL <unfinished ...>
10695 openat(AT_FDCWD, "/proc/10698/task/10708/status", O_RDONLY|O_CLOEXEC <unfinished ...>
10662 <... sendmsg resumed>)            = 424
10733 recvmsg(5,  <unfinished ...>
10695 <... openat resumed>)             = 48
10733 <... recvmsg resumed>{msg_name=NULL, msg_namelen=0, msg_iov=[{iov_base="\20\0\1\0\250\1\0\0\363\376\352y\0\0\0\0\30\0\24\0\0\0\0\0N\0\0\0\0\0\0\0X\1\0\0\0\0\0\0H\0\0\0\0\0\0\0k\0\0\0\0\0\0\0\0\0\0\0\0\0\0\0\0\0\0\0\1\0\0\0\377\377\377\377\377\377\377\377\0\0\0\0\0\0\0\0`\0\0\0H\1\0\0\0\0\0\0\0\0\0\0\0\0\0\0\1\0\0\0\350\0\0\0\340\0\0\08\0\0\0\3\0\0\0\0\0\0\0\26\25\325t\2\0\0\0o\2\331y\1\0\0\0\0\0\0\0\30\0\0\0\0\0\0\0\0\0\0\0\0\0\0\0\0\0\0\0\0\0\0\0\20\0\0\0\0\0\0\0\10\0\0\0\0\0\0\0\30\0\0\0\0\0\0\0\20\0\0\0\0\0\0\0\30\0\0\0\0\0\0\0\v\0\0\0\3\0\0\0v10\0\0\0\0\0\30\0\0\0\0\0\0\0\20\0\0\0\0\0\0\0(\0\0\0\0\0\0\0"..., iov_len=4096}], msg_iovlen=1, msg_control=[{cmsg_len=20, cmsg_level=SOL_SOCKET, cmsg_type=SCM_RIGHTS, cmsg_data=[18]}], msg_controllen=24, msg_flags=0}, MSG_DONTWAIT) = 424
10733 sendto(5, "\20\0\0\0@\0\0\0\17\1\353y\0\0\0\0\30\0\26\0\0\0\0\0:\0\0\0\0\0\0\0\0\0\0\0\0\0\0\0\30\0\0\0\0\0\0\0k\0\0\0\0\0\0\0\1\0\0\0\0\0\0\0", 64, MSG_NOSIGNAL, NULL, 0) = 64
10687 recvmsg(37,  <unfinished ...>
10695 openat(AT_FDCWD, "/proc/10698/task", O_RDONLY|O_DIRECTORY <unfinished ...>
10687 <... recvmsg resumed>{msg_name=NULL, msg_namelen=0, msg_iov=[{iov_base="\20\0\0\0@\0\0\0\17\1\353y\0\0\0\0\30\0\26\0\0\0\0\0:\0\0\0\0\0\0\0\0\0\0\0\0\0\0\0\30\0\0\0\0\0\0\0k\0\0\0\0\0\0\0\1\0\0\0\0\0\0\0", iov_len=4096}], msg_iovlen=1, msg_controllen=0, msg_flags=0}, MSG_DONTWAIT) = 64
10695 <... openat resumed>)             = 48
10695 openat(AT_FDCWD, "/proc/10698/task/10698/status", O_RDONLY|O_CLOEXEC) = 48
10732 openat(AT_FDCWD, "/tmp/playwright_chromiumdev_profile-92XQZ9/Default/Cookies", O_RDWR|O_CREAT|O_NOFOLLOW|O_CLOEXEC, 0600) = 18
10695 openat(AT_FDCWD, "/proc/10698/task/10700/status", O_RDONLY|O_CLOEXEC) = 48
10695 openat(AT_FDCWD, "/proc/10698/task/10701/status", O_RDONLY|O_CLOEXEC) = 48
10695 openat(AT_FDCWD, "/proc/10698/task/10702/status", O_RDONLY|O_CLOEXEC) = 48
10732 openat(AT_FDCWD, "/tmp/playwright_chromiumdev_profile-92XQZ9/Default/Cookies-journal", O_RDWR|O_CREAT|O_NOFOLLOW|O_CLOEXEC, 0600) = 20
10695 openat(AT_FDCWD, "/proc/10698/task/10703/status", O_RDONLY|O_CLOEXEC) = 48
10695 openat(AT_FDCWD, "/proc/10698/task/10704/status", O_RDONLY|O_CLOEXEC <unfinished ...>
10732 openat(AT_FDCWD, "/tmp/playwright_chromiumdev_profile-92XQZ9/Default", O_RDONLY|O_CLOEXEC <unfinished ...>
10695 <... openat resumed>)             = 48
10732 <... openat resumed>)             = 21
10695 openat(AT_FDCWD, "/proc/10698/task/10705/status", O_RDONLY|O_CLOEXEC) = 48
10695 openat(AT_FDCWD, "/proc/10698/task/10706/status", O_RDONLY|O_CLOEXEC) = 48
10695 openat(AT_FDCWD, "/proc/10698/task/10707/status", O_RDONLY|O_CLOEXEC) = 48
10695 openat(AT_FDCWD, "/proc/10698/task/10708/status", O_RDONLY|O_CLOEXEC) = 48
10695 openat(AT_FDCWD, "/proc/10698/task/10709/status", O_RDONLY|O_CLOEXEC) = 48
10695 openat(AT_FDCWD, "/proc/10698/task", O_RDONLY|O_DIRECTORY) = 48
10695 openat(AT_FDCWD, "/proc/10698/task/10698/status", O_RDONLY|O_CLOEXEC) = 48
10695 openat(AT_FDCWD, "/proc/10698/task/10700/status", O_RDONLY|O_CLOEXEC) = 48
10662 sendto(36, "\20\0\0\0p\0\0\0\t!\353y\0\0\0\0\30\0\24\0\0\0\0\0\34\0\0\0\0\0\0\0\0\0\0\0\0\0\0\0H\0\0\0\0\0\0\0=\0\0\0\0\0\0\0\3\0\0\0\0\0\0\0\0\0\0\0\1\0\0\0\0\0\0\0\0\0\0\0\0{\1\0\0\1\0\0\0\0\0\0\0\0\0\0\0\0\0\0\0\0\0\0\0\0\0\0\0\0\0\0", 112, MSG_NOSIGNAL, NULL, 0) = 112
10710 recvmsg(14,  <unfinished ...>
10732 openat(AT_FDCWD, "/tmp/playwright_chromiumdev_profile-92XQZ9/Default/Cookies-journal", O_RDWR|O_CREAT|O_NOFOLLOW|O_CLOEXEC, 0600 <unfinished ...>
10662 sendto(37, "\20\0\0\0p\0\0\0\223!\353y\0\0\0\0\30\0\24\0\0\0\0\0O\0\0\0\0\0\0\0\0\0\0\0\0\0\0\0H\0\0\0\0\0\0\0;\0\0\0\0\0\0\0\3\0\0\0\0\0\0\0\0\0\0\0\1\0\0\0\0\0\0\0\0\0\0\0\0}\1\0\0\1\0\0\0\0\0\0\0\0\0\0\0\0\0\0\0\0\0\0\0\0\0\0\0\0\0\0", 112, MSG_NOSIGNAL, NULL, 0 <unfinished ...>
10732 <... openat resumed>)             = 20
10710 <... recvmsg resumed>{msg_name=NULL, msg_namelen=0, msg_iov=[{iov_base="\20\0\0\0p\0\0\0\t!\353y\0\0\0\0\30\0\24\0\0\0\0\0\34\0\0\0\0\0\0\0\0\0\0\0\0\0\0\0H\0\0\0\0\0\0\0=\0\0\0\0\0\0\0\3\0\0\0\0\0\0\0\0\0\0\0\1\0\0\0\0\0\0\0\0\0\0\0\0{\1\0\0\1\0\0\0\0\0\0\0\0\0\0\0\0\0\0\0\0\0\0\0\0\0\0\0\0\0\0", iov_len=4096}], msg_iovlen=1, msg_controllen=0, msg_flags=0}, MSG_DONTWAIT) = 112
10662 <... sendto resumed>)             = 112
10695 openat(AT_FDCWD, "/proc/10698/task/10701/status", O_RDONLY|O_CLOEXEC <unfinished ...>
10662 sendto(45, "\20\0\0\0p\0\0\0>\"\353y\0\0\0\0\30\0\24\0\0\0\0\0002\0\0\0\0\0\0\0\0\0\0\0\0\0\0\0H\0\0\0\0\0\0\0002\0\0\0\0\0\0\0\3\0\0\0\0\0\0\0\0\0\0\0\1\0\0\0\0\0\0\0\0\0\0\0\0x\1\0\0\1\0\0\0\0\0\0\0\0\0\0\0\0\0\0\0\0\0\0\0\0\0\0\0\0\0\0", 112, MSG_NOSIGNAL, NULL, 0 <unfinished ...>
10733 recvmsg(5,  <unfinished ...>
10695 <... openat resumed>)             = 48
10662 <... sendto resumed>)             = 112
10733 <... recvmsg resumed>{msg_name=NULL, msg_namelen=0, msg_iov=[{iov_base="\20\0\0\0p\0\0\0\223!\353y\0\0\0\0\30\0\24\0\0\0\0\0O\0\0\0\0\0\0\0\0\0\0\0\0\0\0\0H\0\0\0\0\0\0\0;\0\0\0\0\0\0\0\3\0\0\0\0\0\0\0\0\0\0\0\1\0\0\0\0\0\0\0\0\0\0\0\0}\1\0\0\1\0\0\0\0\0\0\0\0\0\0\0\0\0\0\0\0\0\0\0\0\0\0\0\0\0\0", iov_len=4096}], msg_iovlen=1, msg_controllen=0, msg_flags=0}, MSG_DONTWAIT) = 112
10721 recvmsg(14,  <unfinished ...>
10662 sendto(36, "\20\0\0\0p\0\0\0\370\"\353y\0\0\0\0\30\0\24\0\0\0\0\0\35\0\0\0\0\0\0\0\0\0\0\0\0\0\0\0H\0\0\0\0\0\0\0=\0\0\0\0\0\0\0\4\0\0\0\0\0\0\0\0\0\0\0\1\0\0\0\0\0\0\0\0\0\0\0\0y\1\0\0\1\0\0\0\0\0\0\0\0\0\0\0\0\0\0\0\0\0\0\0\0\0\0\0\0\0\0", 112, MSG_NOSIGNAL, NULL, 0 <unfinished ...>
10721 <... recvmsg resumed>{msg_name=NULL, msg_namelen=0, msg_iov=[{iov_base="\20\0\0\0p\0\0\0>\"\353y\0\0\0\0\30\0\24\0\0\0\0\0002\0\0\0\0\0\0\0\0\0\0\0\0\0\0\0H\0\0\0\0\0\0\0002\0\0\0\0\0\0\0\3\0\0\0\0\0\0\0\0\0\0\0\1\0\0\0\0\0\0\0\0\0\0\0\0x\1\0\0\1\0\0\0\0\0\0\0\0\0\0\0\0\0\0\0\0\0\0\0\0\0\0\0\0\0\0", iov_len=4096}], msg_iovlen=1, msg_controllen=0, msg_flags=0}, MSG_DONTWAIT) = 112
10662 <... sendto resumed>)             = 112
10662 sendto(37, "\20\0\0\0p\0\0\0\334#\353y\0\0\0\0\30\0\24\0\0\0\0\0P\0\0\0\0\0\0\0\0\0\0\0\0\0\0\0H\0\0\0\0\0\0\0;\0\0\0\0\0\0\0\4\0\0\0\0\0\0\0\0\0\0\0\1\0\0\0\0\0\0\0\0\0\0\0\0y\1\0\0\1\0\0\0\0\0\0\0\0\0\0\0\0\0\0\0\0\0\0\0\0\0\0\0\0\0\0", 112, MSG_NOSIGNAL, NULL, 0 <unfinished ...>
10710 recvmsg(14,  <unfinished ...>
10662 <... sendto resumed>)             = 112
10710 <... recvmsg resumed>{msg_name=NULL, msg_namelen=0, msg_iov=[{iov_base="\20\0\0\0p\0\0\0\370\"\353y\0\0\0\0\30\0\24\0\0\0\0\0\35\0\0\0\0\0\0\0\0\0\0\0\0\0\0\0H\0\0\0\0\0\0\0=\0\0\0\0\0\0\0\4\0\0\0\0\0\0\0\0\0\0\0\1\0\0\0\0\0\0\0\0\0\0\0\0y\1\0\0\1\0\0\0\0\0\0\0\0\0\0\0\0\0\0\0\0\0\0\0\0\0\0\0\0\0\0", iov_len=4096}], msg_iovlen=1, msg_controllen=0, msg_flags=0}, MSG_DONTWAIT) = 112
10662 sendto(45, "\20\0\0\0p\0\0\0\244$\353y\0\0\0\0\30\0\24\0\0\0\0\0003\0\0\0\0\0\0\0\0\0\0\0\0\0\0\0H\0\0\0\0\0\0\0002\0\0\0\0\0\0\0\4\0\0\0\0\0\0\0\0\0\0\0\1\0\0\0\0\0\0\0\0\0\0\0\0z\1\0\0\1\0\0\0\0\0\0\0\0\0\0\0\0\0\0\0\0\0\0\0\0\0\0\0\0\0\0", 112, MSG_NOSIGNAL, NULL, 0) = 112
10733 recvmsg(5, {msg_name=NULL, msg_namelen=0, msg_iov=[{iov_base="\20\0\0\0p\0\0\0\334#\353y\0\0\0\0\30\0\24\0\0\0\0\0P\0\0\0\0\0\0\0\0\0\0\0\0\0\0\0H\0\0\0\0\0\0\0;\0\0\0\0\0\0\0\4\0\0\0\0\0\0\0\0\0\0\0\1\0\0\0\0\0\0\0\0\0\0\0\0y\1\0\0\1\0\0\0\0\0\0\0\0\0\0\0\0\0\0\0\0\0\0\0\0\0\0\0\0\0\0", iov_len=4096}], msg_iovlen=1, msg_controllen=0, msg_flags=0}, MSG_DONTWAIT) = 112
10721 recvmsg(14, {msg_name=NULL, msg_namelen=0, msg_iov=[{iov_base="\20\0\0\0p\0\0\0\244$\353y\0\0\0\0\30\0\24\0\0\0\0\0003\0\0\0\0\0\0\0\0\0\0\0\0\0\0\0H\0\0\0\0\0\0\0002\0\0\0\0\0\0\0\4\0\0\0\0\0\0\0\0\0\0\0\1\0\0\0\0\0\0\0\0\0\0\0\0z\1\0\0\1\0\0\0\0\0\0\0\0\0\0\0\0\0\0\0\0\0\0\0\0\0\0\0\0\0\0", iov_len=4096}], msg_iovlen=1, msg_controllen=0, msg_flags=0}, MSG_DONTWAIT) = 112
10695 openat(AT_FDCWD, "/proc/10698/task/10702/status", O_RDONLY|O_CLOEXEC) = 48
10695 openat(AT_FDCWD, "/proc/10698/task/10703/status", O_RDONLY|O_CLOEXEC) = 48
10732 openat(AT_FDCWD, "/tmp/playwright_chromiumdev_profile-92XQZ9/Default", O_RDONLY|O_CLOEXEC) = 21
10695 openat(AT_FDCWD, "/proc/10698/task/10704/status", O_RDONLY|O_CLOEXEC <unfinished ...>
10683 openat(AT_FDCWD, "/tmp/playwright_chromiumdev_profile-92XQZ9/Default/Extension State/LOG", O_WRONLY|O_CREAT|O_TRUNC, 0600 <unfinished ...>
10695 <... openat resumed>)             = 48
10683 <... openat resumed>)             = 92
10683 openat(AT_FDCWD, "/tmp/playwright_chromiumdev_profile-92XQZ9/Default/Extension State/LOCK", O_RDWR) = -1 ENOENT (No such file or directory)
10683 openat(AT_FDCWD, "/tmp/playwright_chromiumdev_profile-92XQZ9/Default/Extension State/LOCK", O_RDWR|O_CREAT, 0600) = 94
10695 openat(AT_FDCWD, "/proc/10698/task/10705/status", O_RDONLY|O_CLOEXEC <unfinished ...>
10662 openat(AT_FDCWD, "/proc/10662/stat", O_RDONLY|O_CLOEXEC <unfinished ...>
10695 <... openat resumed>)             = 48
10662 <... openat resumed>)             = 98
10683 openat(AT_FDCWD, "/tmp/playwright_chromiumdev_profile-92XQZ9/Default/Extension State/MANIFEST-000001", O_WRONLY|O_CREAT|O_TRUNC, 0600) = 99
10683 openat(AT_FDCWD, "/tmp/playwright_chromiumdev_profile-92XQZ9/Default/Extension State", O_RDONLY) = 48
10695 openat(AT_FDCWD, "/proc/10698/task/10706/status", O_RDONLY|O_CLOEXEC) = 98
10662 openat(AT_FDCWD, "/proc/10713/stat", O_RDONLY|O_CLOEXEC) = 100
10683 openat(AT_FDCWD, "/tmp/playwright_chromiumdev_profile-92XQZ9/Default/Extension State/000001.dbtmp", O_WRONLY|O_CREAT|O_TRUNC, 0600 <unfinished ...>
10695 openat(AT_FDCWD, "/proc/10698/task/10707/status", O_RDONLY|O_CLOEXEC) = 98
10683 <... openat resumed>)             = 48
10662 openat(AT_FDCWD, "/proc/10712/stat", O_RDONLY|O_CLOEXEC) = 96
10732 openat(AT_FDCWD, "/tmp/playwright_chromiumdev_profile-92XQZ9/Default/Cookies-journal", O_RDWR|O_CREAT|O_NOFOLLOW|O_CLOEXEC, 0600) = 20
10695 openat(AT_FDCWD, "/proc/10698/task/10708/status", O_RDONLY|O_CLOEXEC) = 98
10683 openat(AT_FDCWD, "/tmp/playwright_chromiumdev_profile-92XQZ9/Default/Extension State/CURRENT", O_RDONLY) = 48
10662 openat(AT_FDCWD, "/proc/10698/stat", O_RDONLY|O_CLOEXEC) = 96
10695 openat(AT_FDCWD, "/proc/10698/task/10709/status", O_RDONLY|O_CLOEXEC) = 97
10683 openat(AT_FDCWD, "/tmp/playwright_chromiumdev_profile-92XQZ9/Default/Extension State/MANIFEST-000001", O_RDONLY) = 48
10732 openat(AT_FDCWD, "/tmp/playwright_chromiumdev_profile-92XQZ9/Default", O_RDONLY|O_CLOEXEC) = 21
10683 openat(AT_FDCWD, "/tmp/playwright_chromiumdev_profile-92XQZ9/Default/Extension State/MANIFEST-000001", O_WRONLY|O_APPEND <unfinished ...>
10662 sendto(45, "\20\0\0\0@\0\0\0/9\353y\0\0\0\0\30\0\26\0\0\0\0\0004\0\0\0\0\0\0\0\0\0\0\0\0\0\0\0\30\0\0\0\0\0\0\0\35\0\0\0\0\0\0\0\1\0\0\0\0\0\0\0", 64, MSG_NOSIGNAL, NULL, 0 <unfinished ...>
10683 <... openat resumed>)             = 48
10662 <... sendto resumed>)             = 64
10662 sendto(37, "\20\0\0\0@\0\0\0\2219\353y\0\0\0\0\30\0\26\0\0\0\0\0Q\0\0\0\0\0\0\0\0\0\0\0\0\0\0\0\30\0\0\0\0\0\0\0 \0\0\0\0\0\0\0\1\0\0\0\0\0\0\0", 64, MSG_NOSIGNAL, NULL, 0 <unfinished ...>
10721 recvmsg(14,  <unfinished ...>
10695 openat(AT_FDCWD, "/proc/10698/task/10710/status", O_RDONLY|O_CLOEXEC <unfinished ...>
10662 <... sendto resumed>)             = 64
10721 <... recvmsg resumed>{msg_name=NULL, msg_namelen=0, msg_iov=[{iov_base="\20\0\0\0@\0\0\0/9\353y\0\0\0\0\30\0\26\0\0\0\0\0004\0\0\0\0\0\0\0\0\0\0\0\0\0\0\0\30\0\0\0\0\0\0\0\35\0\0\0\0\0\0\0\1\0\0\0\0\0\0\0", iov_len=4096}], msg_iovlen=1, msg_controllen=0, msg_flags=0}, MSG_DONTWAIT) = 64
10733 recvmsg(5,  <unfinished ...>
10695 <... openat resumed>)             = 95
10662 sendto(36, "\20\0\0\0@\0\0\0\3:\353y\0\0\0\0\30\0\26\0\0\0\0\0\36\0\0\0\0\0\0\0\0\0\0\0\0\0\0\0\30\0\0\0\0\0\0\0*\0\0\0\0\0\0\0\1\0\0\0\0\0\0\0", 64, MSG_NOSIGNAL, NULL, 0 <unfinished ...>
10733 <... recvmsg resumed>{msg_name=NULL, msg_namelen=0, msg_iov=[{iov_base="\20\0\0\0@\0\0\0\2219\353y\0\0\0\0\30\0\26\0\0\0\0\0Q\0\0\0\0\0\0\0\0\0\0\0\0\0\0\0\30\0\0\0\0\0\0\0 \0\0\0\0\0\0\0\1\0\0\0\0\0\0\0", iov_len=4096}], msg_iovlen=1, msg_controllen=0, msg_flags=0}, MSG_DONTWAIT) = 64
10683 openat(AT_FDCWD, "/tmp/playwright_chromiumdev_profile-92XQZ9/Default/Extension State", O_RDONLY|O_NONBLOCK|O_CLOEXEC|O_DIRECTORY) = 96
10662 <... sendto resumed>)             = 64
10710 recvmsg(14, {msg_name=NULL, msg_namelen=0, msg_iov=[{iov_base="\20\0\0\0@\0\0\0\3:\353y\0\0\0\0\30\0\26\0\0\0\0\0\36\0\0\0\0\0\0\0\0\0\0\0\0\0\0\0\30\0\0\0\0\0\0\0*\0\0\0\0\0\0\0\1\0\0\0\0\0\0\0", iov_len=4096}], msg_iovlen=1, msg_controllen=0, msg_flags=0}, MSG_DONTWAIT) = 64
10662 sendto(45, "\20\0\0\0@\0\0\0%=\353y\0\0\0\0\30\0\26\0\0\0\0\0005\0\0\0\0\0\0\0\0\0\0\0\0\0\0\0\30\0\0\0\0\0\0\0002\0\0\0\0\0\0\0\5\0\0\0\0\0\0\0", 64, MSG_NOSIGNAL, NULL, 0) = 64
10721 recvmsg(14,  <unfinished ...>
10695 openat(AT_FDCWD, "/proc/10698/task", O_RDONLY|O_DIRECTORY <unfinished ...>
10721 <... recvmsg resumed>{msg_name=NULL, msg_namelen=0, msg_iov=[{iov_base="\20\0\0\0@\0\0\0%=\353y\0\0\0\0\30\0\26\0\0\0\0\0005\0\0\0\0\0\0\0\0\0\0\0\0\0\0\0\30\0\0\0\0\0\0\0002\0\0\0\0\0\0\0\5\0\0\0\0\0\0\0", iov_len=4096}], msg_iovlen=1, msg_controllen=0, msg_flags=0}, MSG_DONTWAIT) = 64
10662 sendto(37, "\20\0\0\0@\0\0\0\223=\353y\0\0\0\0\30\0\26\0\0\0\0\0R\0\0\0\0\0\0\0\0\0\0\0\0\0\0\0\30\0\0\0\0\0\0\0;\0\0\0\0\0\0\0\5\0\0\0\0\0\0\0", 64, MSG_NOSIGNAL, NULL, 0 <unfinished ...>
10683 openat(AT_FDCWD, "/tmp/playwright_chromiumdev_profile-92XQZ9/Default/Extension State", O_RDONLY|O_NONBLOCK|O_CLOEXEC|O_DIRECTORY <unfinished ...>
10695 <... openat resumed>)             = 95
10683 <... openat resumed>)             = 96
10662 <... sendto resumed>)             = 64
10733 recvmsg(5, {msg_name=NULL, msg_namelen=0, msg_iov=[{iov_base="\20\0\0\0@\0\0\0\223=\353y\0\0\0\0\30\0\26\0\0\0\0\0R\0\0\0\0\0\0\0\0\0\0\0\0\0\0\0\30\0\0\0\0\0\0\0;\0\0\0\0\0\0\0\5\0\0\0\0\0\0\0", iov_len=4096}], msg_iovlen=1, msg_controllen=0, msg_flags=0}, MSG_DONTWAIT) = 64
10662 sendto(36, "\20\0\0\0@\0\0\0J>\353y\0\0\0\0\30\0\26\0\0\0\0\0\37\0\0\0\0\0\0\0\0\0\0\0\0\0\0\0\30\0\0\0\0\0\0\0=\0\0\0\0\0\0\0\5\0\0\0\0\0\0\0", 64, MSG_NOSIGNAL, NULL, 0) = 64
10710 recvmsg(14, {msg_name=NULL, msg_namelen=0, msg_iov=[{iov_base="\20\0\0\0@\0\0\0J>\353y\0\0\0\0\30\0\26\0\0\0\0\0\37\0\0\0\0\0\0\0\0\0\0\0\0\0\0\0\30\0\0\0\0\0\0\0=\0\0\0\0\0\0\0\5\0\0\0\0\0\0\0", iov_len=4096}], msg_iovlen=1, msg_controllen=0, msg_flags=0}, MSG_DONTWAIT) = 64
10695 openat(AT_FDCWD, "/proc/10698/task/10698/status", O_RDONLY|O_CLOEXEC) = 97
10683 openat(AT_FDCWD, "/tmp/playwright_chromiumdev_profile-92XQZ9/Default/Extension State/000003.log", O_WRONLY|O_CREAT|O_TRUNC, 0600) = 95
10695 openat(AT_FDCWD, "/proc/10698/task/10700/status", O_RDONLY|O_CLOEXEC <unfinished ...>
10682 openat(AT_FDCWD, "/tmp/playwright_chromiumdev_profile-92XQZ9/.com.google.Chrome.Local State.JaFZeI", O_RDWR|O_CREAT|O_EXCL, 0600 <unfinished ...>
10695 <... openat resumed>)             = 96
10683 openat(AT_FDCWD, "/tmp/playwright_chromiumdev_profile-92XQZ9/Default/Extension State", O_RDONLY|O_NONBLOCK|O_CLOEXEC|O_DIRECTORY <unfinished ...>
10682 <... openat resumed>)             = 97
10683 <... openat resumed>)             = 98
10685 openat(AT_FDCWD, "/tmp/playwright_chromiumdev_profile-92XQZ9/.com.google.Chrome.VariationsSeedV2.CfocXX", O_RDWR|O_CREAT|O_EXCL, 0600) = 99
10695 openat(AT_FDCWD, "/proc/10698/task/10701/status", O_RDONLY|O_CLOEXEC) = 96
10662 sendto(37, "\20\0\0\0@\0\0\0yD\353y\0\0\0\0\30\0\26\0\0\0\0\0S\0\0\0\0\0\0\0\0\0\0\0\0\0\0\0\30\0\0\0\0\0\0\0006\0\0\0\0\0\0\0\0\0\0\0\0\0\0\0", 64, MSG_NOSIGNAL, NULL, 0) = 64
10733 recvmsg(5, {msg_name=NULL, msg_namelen=0, msg_iov=[{iov_base="\20\0\0\0@\0\0\0yD\353y\0\0\0\0\30\0\26\0\0\0\0\0S\0\0\0\0\0\0\0\0\0\0\0\0\0\0\0\30\0\0\0\0\0\0\0006\0\0\0\0\0\0\0\0\0\0\0\0\0\0\0", iov_len=4096}], msg_iovlen=1, msg_controllen=0, msg_flags=0}, MSG_DONTWAIT) = 64
10683 openat(AT_FDCWD, "/tmp/playwright_chromiumdev_profile-92XQZ9/Default/Extension State", O_RDONLY|O_NONBLOCK|O_CLOEXEC|O_DIRECTORY) = 97
10695 openat(AT_FDCWD, "/proc/10698/task/10702/status", O_RDONLY|O_CLOEXEC) = 96
10662 shutdown(3, SHUT_RDWR)            = 0
10642 shutdown(25, SHUT_WR <unfinished ...>
10695 openat(AT_FDCWD, "/proc/10698/task/10703/status", O_RDONLY|O_CLOEXEC <unfinished ...>
10662 shutdown(4, SHUT_RDWR <unfinished ...>
10642 <... shutdown resumed>)           = 0
10695 <... openat resumed>)             = 96
10662 <... shutdown resumed>)           = 0
10733 socket(AF_INET, SOCK_DGRAM, IPPROTO_IP <unfinished ...>
10732 openat(AT_FDCWD, "/tmp/playwright_chromiumdev_profile-92XQZ9/Default/Cache/Cache_Data/5761d302839d26b6_0", O_RDWR|O_CREAT|O_EXCL, 0600 <unfinished ...>
10733 <... socket resumed>)             = 20
10732 <... openat resumed>)             = 21
10733 bind(20, {sa_family=AF_INET, sin_port=htons(63850), sin_addr=inet_addr("0.0.0.0")}, 16) = 0
10733 connect(20, {sa_family=AF_INET, sin_port=htons(53), sin_addr=inet_addr("127.0.0.53")}, 16) = 0
10733 getsockname(20,  <unfinished ...>
10642 shutdown(27, SHUT_WR <unfinished ...>
10733 <... getsockname resumed>{sa_family=AF_INET, sin_port=htons(63850), sin_addr=inet_addr("127.0.0.1")}, [128 => 16]) = 0
10695 openat(AT_FDCWD, "/proc/10698/task/10704/status", O_RDONLY|O_CLOEXEC <unfinished ...>
10642 <... shutdown resumed>)           = 0
10733 sendto(20, "\352\346\1\0\0\1\0\0\0\0\0\0\3www\6google\3com\0\0A\0\1", 32, 0, NULL, 0 <unfinished ...>
10695 <... openat resumed>)             = 96
10733 <... sendto resumed>)             = 32
10733 recvmsg(20, {msg_namelen=128}, 0) = -1 ECONNREFUSED (Connection refused)
10733 socket(AF_INET, SOCK_DGRAM, IPPROTO_IP) = 22
10662 sendto(37, "\20\0\0\0@\0\0\0\337L\353y\0\0\0\0\30\0\26\0\0\0\0\0T\0\0\0\0\0\0\0\0\0\0\0\0\0\0\0\30\0\0\0\0\0\0\0c\0\0\0\0\0\0\0\0\0\0\0\0\0\0\0", 64, MSG_NOSIGNAL, NULL, 0 <unfinished ...>
10733 bind(22, {sa_family=AF_INET, sin_port=htons(17110), sin_addr=inet_addr("0.0.0.0")}, 16) = 0
10662 <... sendto resumed>)             = 64
10733 connect(22, {sa_family=AF_INET, sin_port=htons(53), sin_addr=inet_addr("127.0.0.53")}, 16 <unfinished ...>
10662 sendto(37, "\20\0\0\0@\0\0\0bM\353y\0\0\0\0\30\0\26\0\0\0\0\0U\0\0\0\0\0\0\0\0\0\0\0\0\0\0\0\30\0\0\0\0\0\0\0a\0\0\0\0\0\0\0\0\0\0\0\0\0\0\0", 64, MSG_NOSIGNAL, NULL, 0 <unfinished ...>
10733 <... connect resumed>)            = 0
10733 getsockname(22,  <unfinished ...>
10662 <... sendto resumed>)             = 64
10733 <... getsockname resumed>{sa_family=AF_INET, sin_port=htons(17110), sin_addr=inet_addr("127.0.0.1")}, [128 => 16]) = 0
10733 sendto(22, "R\321\1\0\0\1\0\0\0\0\0\0\3www\6google\3com\0\0A\0\1", 32, 0, NULL, 0) = 32
10695 openat(AT_FDCWD, "/proc/10698/task/10705/status", O_RDONLY|O_CLOEXEC <unfinished ...>
10733 recvmsg(22, {msg_namelen=128}, 0) = -1 ECONNREFUSED (Connection refused)
10695 <... openat resumed>)             = 96
10733 socket(AF_INET, SOCK_DGRAM, IPPROTO_IP) = 27
10733 bind(27, {sa_family=AF_INET, sin_port=htons(28346), sin_addr=inet_addr("0.0.0.0")}, 16 <unfinished ...>
10662 sendto(37, "\20\0\0\0@\0\0\0\31O\353y\0\0\0\0\30\0\26\0\0\0\0\0V\0\0\0\0\0\0\0\0\0\0\0\0\0\0\0\30\0\0\0\0\0\0\0i\0\0\0\0\0\0\0\1\0\0\0\0\0\0\0", 64, MSG_NOSIGNAL, NULL, 0 <unfinished ...>
10733 <... bind resumed>)               = 0
10733 connect(27, {sa_family=AF_INET, sin_port=htons(53), sin_addr=inet_addr("127.0.0.53")}, 16 <unfinished ...>
10662 <... sendto resumed>)             = 64
10733 <... connect resumed>)            = 0
10733 getsockname(27, {sa_family=AF_INET, sin_port=htons(28346), sin_addr=inet_addr("127.0.0.1")}, [128 => 16]) = 0
10733 sendto(27, "h\332\1\0\0\1\0\0\0\0\0\0\3www\6google\3com\0\0\1\0\1", 32, 0, NULL, 0) = 32
10733 recvmsg(27, {msg_namelen=128}, 0) = -1 ECONNREFUSED (Connection refused)
10733 socket(AF_INET, SOCK_DGRAM, IPPROTO_IP) = 28
10733 bind(28, {sa_family=AF_INET, sin_port=htons(50168), sin_addr=inet_addr("0.0.0.0")}, 16) = 0
10733 connect(28, {sa_family=AF_INET, sin_port=htons(53), sin_addr=inet_addr("127.0.0.53")}, 16) = 0
10733 getsockname(28, {sa_family=AF_INET, sin_port=htons(50168), sin_addr=inet_addr("127.0.0.1")}, [128 => 16]) = 0
10733 sendto(28, "\277 \1\0\0\1\0\0\0\0\0\0\3www\6google\3com\0\0\1\0\1", 32, 0, NULL, 0) = 32
10733 recvmsg(28, {msg_namelen=128}, 0) = -1 ECONNREFUSED (Connection refused)
10662 sendto(37, "\20\0\0\0@\0\0\0nR\353y\0\0\0\0\30\0\26\0\0\0\0\0W\0\0\0\0\0\0\0\0\0\0\0\0\0\0\0\30\0\0\0\0\0\0\0{\0\0\0\0\0\0\0\0\0\0\0\0\0\0\0", 64, MSG_NOSIGNAL, NULL, 0 <unfinished ...>
10733 recvmsg(5,  <unfinished ...>
10662 <... sendto resumed>)             = 64
10695 openat(AT_FDCWD, "/proc/10698/task/10706/status", O_RDONLY|O_CLOEXEC <unfinished ...>
10733 <... recvmsg resumed>{msg_name=NULL, msg_namelen=0, msg_iov=[{iov_base="\20\0\0\0@\0\0\0\337L\353y\0\0\0\0\30\0\26\0\0\0\0\0T\0\0\0\0\0\0\0\0\0\0\0\0\0\0\0\30\0\0\0\0\0\0\0c\0\0\0\0\0\0\0\0\0\0\0\0\0\0\0\20\0\0\0@\0\0\0bM\353y\0\0\0\0\30\0\26\0\0\0\0\0U\0\0\0\0\0\0\0\0\0\0\0\0\0\0\0\30\0\0\0\0\0\0\0a\0\0\0\0\0\0\0\0\0\0\0\0\0\0\0\20\0\0\0@\0\0\0\31O\353y\0\0\0\0\30\0\26\0\0\0\0\0V\0\0\0\0\0\0\0\0\0\0\0\0\0\0\0\30\0\0\0\0\0\0\0i\0\0\0\0\0\0\0\1\0\0\0\0\0\0\0\20\0\0\0@\0\0\0nR\353y\0\0\0\0\30\0\26\0\0\0\0\0W\0\0\0\0\0\0\0\0\0\0\0\0\0\0\0\30\0\0\0\0\0\0\0{\0\0\0\0\0\0\0\0\0\0\0\0\0\0\0", iov_len=4096}], msg_iovlen=1, msg_controllen=0, msg_flags=0}, MSG_DONTWAIT) = 256
10695 <... openat resumed>)             = 96
10695 openat(AT_FDCWD, "/proc/10698/task/10707/status", O_RDONLY|O_CLOEXEC <unfinished ...>
10733 sendto(5, "\20\0\0\0p\0\0\0\342T\353y\0\0\0\0\30\0\24\0\0\0\0\0;\0\0\0\0\0\0\0\0\0\0\0\0\0\0\0H\0\0\0\0\0\0\0\23\0\0\0\0\0\0\0\5\0\0\0\0\0\0\0\0\0\0\0\1\0\0\0\0\0\0\0\0\0\0\0\0y\1\0\0\1\0\0\0\0\0\0\0\0\0\0\0\0\0\0\0\0\0\0\0\0\0\0\0\0\0\0", 112, MSG_NOSIGNAL, NULL, 0 <unfinished ...>
10695 <... openat resumed>)             = 96
10733 <... sendto resumed>)             = 112
10687 recvmsg(37, {msg_name=NULL, msg_namelen=0, msg_iov=[{iov_base="\20\0\0\0p\0\0\0\342T\353y\0\0\0\0\30\0\24\0\0\0\0\0;\0\0\0\0\0\0\0\0\0\0\0\0\0\0\0H\0\0\0\0\0\0\0\23\0\0\0\0\0\0\0\5\0\0\0\0\0\0\0\0\0\0\0\1\0\0\0\0\0\0\0\0\0\0\0\0y\1\0\0\1\0\0\0\0\0\0\0\0\0\0\0\0\0\0\0\0\0\0\0\0\0\0\0\0\0\0", iov_len=4096}], msg_iovlen=1, msg_controllen=0, msg_flags=0}, MSG_DONTWAIT) = 112
10662 sendto(37, "\20\0\0\0@\0\0\0\4W\353y\0\0\0\0\30\0\26\0\0\0\0\0X\0\0\0\0\0\0\0\0\0\0\0\0\0\0\0\30\0\0\0\0\0\0\0\231\0\0\0\0\0\0\0\1\0\0\0\0\0\0\0", 64, MSG_NOSIGNAL, NULL, 0) = 64
10733 recvmsg(5, {msg_name=NULL, msg_namelen=0, msg_iov=[{iov_base="\20\0\0\0@\0\0\0\4W\353y\0\0\0\0\30\0\26\0\0\0\0\0X\0\0\0\0\0\0\0\0\0\0\0\0\0\0\0\30\0\0\0\0\0\0\0\231\0\0\0\0\0\0\0\1\0\0\0\0\0\0\0", iov_len=4096}], msg_iovlen=1, msg_controllen=0, msg_flags=0}, MSG_DONTWAIT) = 64
10695 openat(AT_FDCWD, "/proc/10698/task/10708/status", O_RDONLY|O_CLOEXEC <unfinished ...>
10662 sendto(37, "\20\0\0\0@\0\0\0\216W\353y\0\0\0\0\30\0\26\0\0\0\0\0Y\0\0\0\0\0\0\0\0\0\0\0\0\0\0\0\30\0\0\0\0\0\0\0\211\0\0\0\0\0\0\0\2\0\0\0\0\0\0\0", 64, MSG_NOSIGNAL, NULL, 0 <unfinished ...>
10695 <... openat resumed>)             = 96
10662 <... sendto resumed>)             = 64
10733 recvmsg(5,  <unfinished ...>
10686 openat(AT_FDCWD, "/etc/hosts", O_RDONLY|O_CLOEXEC <unfinished ...>
10733 <... recvmsg resumed>{msg_name=NULL, msg_namelen=0, msg_iov=[{iov_base="\20\0\0\0@\0\0\0\216W\353y\0\0\0\0\30\0\26\0\0\0\0\0Y\0\0\0\0\0\0\0\0\0\0\0\0\0\0\0\30\0\0\0\0\0\0\0\211\0\0\0\0\0\0\0\2\0\0\0\0\0\0\0", iov_len=4096}], msg_iovlen=1, msg_controllen=0, msg_flags=0}, MSG_DONTWAIT) = 64
10686 <... openat resumed>)             = 97
10733 sendto(5, "\20\0\0\0@\0\0\0\374X\353y\0\0\0\0\30\0\26\0\0\0\0\0<\0\0\0\0\0\0\0\0\0\0\0\0\0\0\0\30\0\0\0\0\0\0\0\233\0\0\0\0\0\0\0\0\0\0\0\0\0\0\0", 64, MSG_NOSIGNAL, NULL, 0) = 64
10687 recvmsg(37, {msg_name=NULL, msg_namelen=0, msg_iov=[{iov_base="\20\0\0\0@\0\0\0\374X\353y\0\0\0\0\30\0\26\0\0\0\0\0<\0\0\0\0\0\0\0\0\0\0\0\0\0\0\0\30\0\0\0\0\0\0\0\233\0\0\0\0\0\0\0\0\0\0\0\0\0\0\0", iov_len=4096}], msg_iovlen=1, msg_controllen=0, msg_flags=0}, MSG_DONTWAIT) = 64
10695 openat(AT_FDCWD, "/proc/10698/task/10709/status", O_RDONLY|O_CLOEXEC <unfinished ...>
10733 sendto(5, "\20\0\0\0@\0\0\0P[\353y\0\0\0\0\30\0\26\0\0\0\0\0=\0\0\0\0\0\0\0\0\0\0\0\0\0\0\0\30\0\0\0\0\0\0\0\215\0\0\0\0\0\0\0\0\0\0\0\0\0\0\0", 64, MSG_NOSIGNAL, NULL, 0 <unfinished ...>
10686 socket(AF_INET, SOCK_DGRAM|SOCK_CLOEXEC|SOCK_NONBLOCK, IPPROTO_IP <unfinished ...>
10733 <... sendto resumed>)             = 64
10695 <... openat resumed>)             = 53
10686 <... socket resumed>)             = 70
10733 sendto(5, "\20\0\0\0@\0\0\0\340[\353y\0\0\0\0\30\0\26\0\0\0\0\0>\0\0\0\0\0\0\0\0\0\0\0\0\0\0\0\30\0\0\0\0\0\0\0\213\0\0\0\0\0\0\0\0\0\0\0\0\0\0\0", 64, MSG_NOSIGNAL, NULL, 0 <unfinished ...>
10687 recvmsg(37,  <unfinished ...>
10686 setsockopt(70, SOL_IP, IP_RECVERR, [1], 4 <unfinished ...>
10733 <... sendto resumed>)             = 64
10733 sendto(5, "\20\0\0\0@\0\0\0\204\\\353y\0\0\0\0\30\0\26\0\0\0\0\0?\0\0\0\0\0\0\0\0\0\0\0\0\0\0\0\30\0\0\0\0\0\0\0\217\0\0\0\0\0\0\0\0\0\0\0\0\0\0\0", 64, MSG_NOSIGNAL, NULL, 0 <unfinished ...>
10687 <... recvmsg resumed>{msg_name=NULL, msg_namelen=0, msg_iov=[{iov_base="\20\0\0\0@\0\0\0P[\353y\0\0\0\0\30\0\26\0\0\0\0\0=\0\0\0\0\0\0\0\0\0\0\0\0\0\0\0\30\0\0\0\0\0\0\0\215\0\0\0\0\0\0\0\0\0\0\0\0\0\0\0\20\0\0\0@\0\0\0\340[\353y\0\0\0\0\30\0\26\0\0\0\0\0>\0\0\0\0\0\0\0\0\0\0\0\0\0\0\0\30\0\0\0\0\0\0\0\213\0\0\0\0\0\0\0\0\0\0\0\0\0\0\0", iov_len=4096}], msg_iovlen=1, msg_controllen=0, msg_flags=0}, MSG_DONTWAIT) = 128
10686 <... setsockopt resumed>)         = 0
10733 <... sendto resumed>)             = 64
10686 connect(70, {sa_family=AF_INET, sin_port=htons(53), sin_addr=inet_addr("127.0.0.53")}, 16 <unfinished ...>
10733 sendto(5, "\20\0\0\0@\0\0\0,]\353y\0\0\0\0\30\0\26\0\0\0\0\0@\0\0\0\0\0\0\0\0\0\0\0\0\0\0\0\30\0\0\0\0\0\0\0\221\0\0\0\0\0\0\0\0\0\0\0\0\0\0\0", 64, MSG_NOSIGNAL, NULL, 0 <unfinished ...>
10686 <... connect resumed>)            = 0
10733 <... sendto resumed>)             = 64
10687 recvmsg(37,  <unfinished ...>
10733 sendto(5, "\20\0\0\0@\0\0\0\343]\353y\0\0\0\0\30\0\26\0\0\0\0\0A\0\0\0\0\0\0\0\0\0\0\0\0\0\0\0\30\0\0\0\0\0\0\0\235\0\0\0\0\0\0\0\0\0\0\0\0\0\0\0", 64, MSG_NOSIGNAL, NULL, 0 <unfinished ...>
10687 <... recvmsg resumed>{msg_name=NULL, msg_namelen=0, msg_iov=[{iov_base="\20\0\0\0@\0\0\0\204\\\353y\0\0\0\0\30\0\26\0\0\0\0\0?\0\0\0\0\0\0\0\0\0\0\0\0\0\0\0\30\0\0\0\0\0\0\0\217\0\0\0\0\0\0\0\0\0\0\0\0\0\0\0\20\0\0\0@\0\0\0,]\353y\0\0\0\0\30\0\26\0\0\0\0\0@\0\0\0\0\0\0\0\0\0\0\0\0\0\0\0\30\0\0\0\0\0\0\0\221\0\0\0\0\0\0\0\0\0\0\0\0\0\0\0", iov_len=4096}], msg_iovlen=1, msg_controllen=0, msg_flags=0}, MSG_DONTWAIT) = 128
10733 <... sendto resumed>)             = 64
10686 sendto(70, "\24\347\1 \0\1\0\0\0\0\0\1\3www\6google\3com\0\0\1\0\1\0\0)\4\260\0\0\0\0\0\0", 43, MSG_NOSIGNAL, NULL, 0 <unfinished ...>
10733 sendto(5, "\20\0\0\0@\0\0\0\250^\353y\0\0\0\0\30\0\26\0\0\0\0\0B\0\0\0\0\0\0\0\0\0\0\0\0\0\0\0\30\0\0\0\0\0\0\0\225\0\0\0\0\0\0\0\0\0\0\0\0\0\0\0", 64, MSG_NOSIGNAL, NULL, 0) = 64
10686 <... sendto resumed>)             = 43
10733 sendto(5, "\20\0\0\0@\0\0\0W_\353y\0\0\0\0\30\0\26\0\0\0\0\0C\0\0\0\0\0\0\0\0\0\0\0\0\0\0\0\30\0\0\0\0\0\0\0\223\0\0\0\0\0\0\0\2\0\0\0\0\0\0\0", 64, MSG_NOSIGNAL, NULL, 0) = 64
10687 recvmsg(37,  <unfinished ...>
10733 sendto(5, "\20\0\0\0@\0\0\0\300_\353y\0\0\0\0\30\0\26\0\0\0\0\0D\0\0\0\0\0\0\0\0\0\0\0\0\0\0\0\30\0\0\0\0\0\0\0\227\0\0\0\0\0\0\0\0\0\0\0\0\0\0\0", 64, MSG_NOSIGNAL, NULL, 0 <unfinished ...>
10687 <... recvmsg resumed>{msg_name=NULL, msg_namelen=0, msg_iov=[{iov_base="\20\0\0\0@\0\0\0\343]\353y\0\0\0\0\30\0\26\0\0\0\0\0A\0\0\0\0\0\0\0\0\0\0\0\0\0\0\0\30\0\0\0\0\0\0\0\235\0\0\0\0\0\0\0\0\0\0\0\0\0\0\0\20\0\0\0@\0\0\0\250^\353y\0\0\0\0\30\0\26\0\0\0\0\0B\0\0\0\0\0\0\0\0\0\0\0\0\0\0\0\30\0\0\0\0\0\0\0\225\0\0\0\0\0\0\0\0\0\0\0\0\0\0\0\20\0\0\0@\0\0\0W_\353y\0\0\0\0\30\0\26\0\0\0\0\0C\0\0\0\0\0\0\0\0\0\0\0\0\0\0\0\30\0\0\0\0\0\0\0\223\0\0\0\0\0\0\0\2\0\0\0\0\0\0\0", iov_len=4096}], msg_iovlen=1, msg_controllen=0, msg_flags=0}, MSG_DONTWAIT) = 192
10733 <... sendto resumed>)             = 64
10695 openat(AT_FDCWD, "/proc/10698/task/10710/status", O_RDONLY|O_CLOEXEC <unfinished ...>
10687 recvmsg(37,  <unfinished ...>
10686 socket(AF_INET, SOCK_DGRAM|SOCK_CLOEXEC|SOCK_NONBLOCK, IPPROTO_IP <unfinished ...>
10695 <... openat resumed>)             = 42
10687 <... recvmsg resumed>{msg_name=NULL, msg_namelen=0, msg_iov=[{iov_base="\20\0\0\0@\0\0\0\300_\353y\0\0\0\0\30\0\26\0\0\0\0\0D\0\0\0\0\0\0\0\0\0\0\0\0\0\0\0\30\0\0\0\0\0\0\0\227\0\0\0\0\0\0\0\0\0\0\0\0\0\0\0", iov_len=4096}], msg_iovlen=1, msg_controllen=0, msg_flags=0}, MSG_DONTWAIT) = 64
10686 <... socket resumed>)             = 53
10686 setsockopt(53, SOL_IP, IP_RECVERR, [1], 4) = 0
10686 connect(53, {sa_family=AF_INET, sin_port=htons(53), sin_addr=inet_addr("127.0.0.53")}, 16) = 0
10686 sendto(53, "\24\347\1 \0\1\0\0\0\0\0\1\3www\6google\3com\0\0\1\0\1\0\0)\4\260\0\0\0\0\0\0", 43, MSG_NOSIGNAL, NULL, 0) = 43
10695 openat(AT_FDCWD, "/proc/10698/task/10711/status", O_RDONLY|O_CLOEXEC) = 42
10686 socket(AF_INET, SOCK_DGRAM|SOCK_CLOEXEC|SOCK_NONBLOCK, IPPROTO_IP <unfinished ...>
10662 sendto(37, "\20\0\0\0@\0\0\0\ve\353y\0\0\0\0\30\0\26\0\0\0\0\0Z\0\0\0\0\0\0\0\0\0\0\0\0\0\0\0\30\0\0\0\0\0\0\0\243\0\0\0\0\0\0\0\0\0\0\0\0\0\0\0", 64, MSG_NOSIGNAL, NULL, 0 <unfinished ...>
10686 <... socket resumed>)             = 53
10662 <... sendto resumed>)             = 64
10733 recvmsg(5,  <unfinished ...>
10686 setsockopt(53, SOL_IP, IP_RECVERR, [1], 4 <unfinished ...>
10662 sendto(37, "\20\0\0\0@\0\0\0\334e\353y\0\0\0\0\30\0\26\0\0\0\0\0[\0\0\0\0\0\0\0\0\0\0\0\0\0\0\0\30\0\0\0\0\0\0\0\245\0\0\0\0\0\0\0\0\0\0\0\0\0\0\0", 64, MSG_NOSIGNAL, NULL, 0 <unfinished ...>
10733 <... recvmsg resumed>{msg_name=NULL, msg_namelen=0, msg_iov=[{iov_base="\20\0\0\0@\0\0\0\ve\353y\0\0\0\0\30\0\26\0\0\0\0\0Z\0\0\0\0\0\0\0\0\0\0\0\0\0\0\0\30\0\0\0\0\0\0\0\243\0\0\0\0\0\0\0\0\0\0\0\0\0\0\0", iov_len=4096}], msg_iovlen=1, msg_controllen=0, msg_flags=0}, MSG_DONTWAIT) = 64
10686 <... setsockopt resumed>)         = 0
10686 connect(53, {sa_family=AF_INET, sin_port=htons(53), sin_addr=inet_addr("127.0.0.53")}, 16 <unfinished ...>
10733 sendto(5, "\20\0\0\0p\0\0\0Kf\353y\0\0\0\0\30\0\24\0\0\0\0\0E\0\0\0\0\0\0\0\0\0\0\0\0\0\0\0H\0\0\0\0\0\0\0\245\0\0\0\0\0\0\0\0\0\0\0\0\0\0\0\0\0\0\0\1\0\0\0\0\0\0\0\0\0\0\0\0y\1\0\0\1\0\0\0\0\0\0\0\0\0\0\0\0\0\0\0\0\0\0\0\0\0\0\0\0\0\0", 112, MSG_NOSIGNAL, NULL, 0 <unfinished ...>
10662 <... sendto resumed>)             = 64
10733 <... sendto resumed>)             = 112
10686 <... connect resumed>)            = 0
10687 recvmsg(37, {msg_name=NULL, msg_namelen=0, msg_iov=[{iov_base="\20\0\0\0p\0\0\0Kf\353y\0\0\0\0\30\0\24\0\0\0\0\0E\0\0\0\0\0\0\0\0\0\0\0\0\0\0\0H\0\0\0\0\0\0\0\245\0\0\0\0\0\0\0\0\0\0\0\0\0\0\0\0\0\0\0\1\0\0\0\0\0\0\0\0\0\0\0\0y\1\0\0\1\0\0\0\0\0\0\0\0\0\0\0\0\0\0\0\0\0\0\0\0\0\0\0\0\0\0", iov_len=4096}], msg_iovlen=1, msg_controllen=0, msg_flags=0}, MSG_DONTWAIT) = 112
10686 sendto(53, "o\363\1 \0\1\0\0\0\0\0\1\3www\6google\3com\32xdy23aex2gdehfi5fo3ofqo3dg\2cx\10internal\10cloudapp\3net\0\0\1\0\1\0\0)\4\260\0\0\0\0\0\0", 95, MSG_NOSIGNAL, NULL, 0 <unfinished ...>
10733 recvmsg(5, {msg_name=NULL, msg_namelen=0, msg_iov=[{iov_base="\20\0\0\0@\0\0\0\334e\353y\0\0\0\0\30\0\26\0\0\0\0\0[\0\0\0\0\0\0\0\0\0\0\0\0\0\0\0\30\0\0\0\0\0\0\0\245\0\0\0\0\0\0\0\0\0\0\0\0\0\0\0", iov_len=4096}], msg_iovlen=1, msg_controllen=0, msg_flags=0}, MSG_DONTWAIT) = 64
10686 <... sendto resumed>)             = 95
10686 socket(AF_INET, SOCK_DGRAM|SOCK_CLOEXEC|SOCK_NONBLOCK, IPPROTO_IP <unfinished ...>
10695 openat(AT_FDCWD, "/proc/10713/task", O_RDONLY|O_DIRECTORY <unfinished ...>
10686 <... socket resumed>)             = 41
10695 <... openat resumed>)             = 42
10686 setsockopt(41, SOL_IP, IP_RECVERR, [1], 4) = 0
10686 connect(41, {sa_family=AF_INET, sin_port=htons(53), sin_addr=inet_addr("127.0.0.53")}, 16) = 0
10686 sendto(41, "o\363\1 \0\1\0\0\0\0\0\1\3www\6google\3com\32xdy23aex2gdehfi5fo3ofqo3dg\2cx\10internal\10cloudapp\3net\0\0\1\0\1\0\0)\4\260\0\0\0\0\0\0", 95, MSG_NOSIGNAL, NULL, 0 <unfinished ...>
10695 openat(AT_FDCWD, "/proc/10713/task/10713/status", O_RDONLY|O_CLOEXEC <unfinished ...>
10686 <... sendto resumed>)             = 95
10695 <... openat resumed>)             = 42
10682 sendto(37, "\20\0\0\0p\0\0\0jl\353y\0\0\0\0\30\0\24\0\0\0\0\0\\\0\0\0\0\0\0\0\0\0\0\0\0\0\0\0H\0\0\0\0\0\0\0\23\0\0\0\0\0\0\0\5\0\0\0\0\0\0\0\0\0\0\0\1\0\0\0\0\0\0\0\0\0\0\0\0y\1\0\0\1\0\0\0\0\0\0\0\0\0\0\0\0\0\0\0\0\0\0\0\0\0\0\0\0\0\0", 112, MSG_NOSIGNAL, NULL, 0) = 112
10733 recvmsg(5, {msg_name=NULL, msg_namelen=0, msg_iov=[{iov_base="\20\0\0\0p\0\0\0jl\353y\0\0\0\0\30\0\24\0\0\0\0\0\\\0\0\0\0\0\0\0\0\0\0\0\0\0\0\0H\0\0\0\0\0\0\0\23\0\0\0\0\0\0\0\5\0\0\0\0\0\0\0\0\0\0\0\1\0\0\0\0\0\0\0\0\0\0\0\0y\1\0\0\1\0\0\0\0\0\0\0\0\0\0\0\0\0\0\0\0\0\0\0\0\0\0\0\0\0\0", iov_len=4096}], msg_iovlen=1, msg_controllen=0, msg_flags=0}, MSG_DONTWAIT) = 112
10695 openat(AT_FDCWD, "/proc/10713/task/10715/status", O_RDONLY|O_CLOEXEC) = 41
10695 openat(AT_FDCWD, "/proc/10713/task/10717/status", O_RDONLY|O_CLOEXEC) = 41
10695 openat(AT_FDCWD, "/proc/10713/task", O_RDONLY|O_DIRECTORY) = 40
10695 openat(AT_FDCWD, "/proc/10713/task/10713/status", O_RDONLY|O_CLOEXEC) = 40
10695 openat(AT_FDCWD, "/proc/10713/task/10715/status", O_RDONLY|O_CLOEXEC) = 40
10662 sendto(45, "\20\0\0\0@\0\0\0Uy\353y\0\0\0\0\30\0\26\0\0\0\0\0006\0\0\0\0\0\0\0\0\0\0\0\0\0\0\0\30\0\0\0\0\0\0\0\23\0\0\0\0\0\0\0\0\0\0\0\0\0\0\0", 64, MSG_NOSIGNAL, NULL, 0) = 64
10662 sendto(45, "\20\0\0\0@\0\0\0\304y\353y\0\0\0\0\30\0\26\0\0\0\0\0007\0\0\0\0\0\0\0\0\0\0\0\0\0\0\0\30\0\0\0\0\0\0\0\25\0\0\0\0\0\0\0\1\0\0\0\0\0\0\0", 64, MSG_NOSIGNAL, NULL, 0 <unfinished ...>
10721 recvmsg(14,  <unfinished ...>
10662 <... sendto resumed>)             = 64
10721 <... recvmsg resumed>{msg_name=NULL, msg_namelen=0, msg_iov=[{iov_base="\20\0\0\0@\0\0\0Uy\353y\0\0\0\0\30\0\26\0\0\0\0\0006\0\0\0\0\0\0\0\0\0\0\0\0\0\0\0\30\0\0\0\0\0\0\0\23\0\0\0\0\0\0\0\0\0\0\0\0\0\0\0\20\0\0\0@\0\0\0\304y\353y\0\0\0\0\30\0\26\0\0\0\0\0007\0\0\0\0\0\0\0\0\0\0\0\0\0\0\0\30\0\0\0\0\0\0\0\25\0\0\0\0\0\0\0\1\0\0\0\0\0\0\0", iov_len=4096}], msg_iovlen=1, msg_controllen=0, msg_flags=0}, MSG_DONTWAIT) = 128
10695 openat(AT_FDCWD, "/proc/10713/task/10717/status", O_RDONLY|O_CLOEXEC) = 40
10720 sendto(14, "\20\0\0\0p\0\0\0)|\353y\0\0\0\0\30\0\24\0\0\0\0\0003\0\0\0\0\0\0\0\0\0\0\0\0\0\0\0H\0\0\0\0\0\0\0000\0\0\0\0\0\0\0\0\0\0\0\0\0\0\0\0\0\0\0\1\0\0\0\0\0\0\0\0\0\0\0\0z\1\0\0\1\0\0\0\0\0\0\0\0\0\0\0\0\0\0\0\0\0\0\0\0\0\0\0\0\0\0", 112, MSG_NOSIGNAL, NULL, 0) = 112
10695 openat(AT_FDCWD, "/proc/10713/task/10718/status", O_RDONLY|O_CLOEXEC) = 40
10687 recvmsg(45, {msg_name=NULL, msg_namelen=0, msg_iov=[{iov_base="\20\0\0\0p\0\0\0)|\353y\0\0\0\0\30\0\24\0\0\0\0\0003\0\0\0\0\0\0\0\0\0\0\0\0\0\0\0H\0\0\0\0\0\0\0000\0\0\0\0\0\0\0\0\0\0\0\0\0\0\0\0\0\0\0\1\0\0\0\0\0\0\0\0\0\0\0\0z\1\0\0\1\0\0\0\0\0\0\0\0\0\0\0\0\0\0\0\0\0\0\0\0\0\0\0\0\0\0", iov_len=4096}], msg_iovlen=1, msg_controllen=0, msg_flags=0}, MSG_DONTWAIT) = 112
10662 sendto(37, "\20\0\0\0@\0\0\0\234}\353y\0\0\0\0\30\0\26\0\0\0\0\0]\0\0\0\0\0\0\0\0\0\0\0\0\0\0\0\30\0\0\0\0\0\0\0\203\0\0\0\0\0\0\0\0\0\0\0\0\0\0\0", 64, MSG_NOSIGNAL, NULL, 0) = 64
10733 recvmsg(5,  <unfinished ...>
10662 sendto(37, "\20\0\0\0@\0\0\0\24~\353y\0\0\0\0\30\0\26\0\0\0\0\0^\0\0\0\0\0\0\0\0\0\0\0\0\0\0\0\30\0\0\0\0\0\0\0m\0\0\0\0\0\0\0\0\0\0\0\0\0\0\0", 64, MSG_NOSIGNAL, NULL, 0 <unfinished ...>
10733 <... recvmsg resumed>{msg_name=NULL, msg_namelen=0, msg_iov=[{iov_base="\20\0\0\0@\0\0\0\234}\353y\0\0\0\0\30\0\26\0\0\0\0\0]\0\0\0\0\0\0\0\0\0\0\0\0\0\0\0\30\0\0\0\0\0\0\0\203\0\0\0\0\0\0\0\0\0\0\0\0\0\0\0", iov_len=4096}], msg_iovlen=1, msg_controllen=0, msg_flags=0}, MSG_DONTWAIT) = 64
10662 <... sendto resumed>)             = 64
10662 sendto(37, "\20\0\0\0@\0\0\0\262~\353y\0\0\0\0\30\0\26\0\0\0\0\0_\0\0\0\0\0\0\0\0\0\0\0\0\0\0\0\30\0\0\0\0\0\0\0s\0\0\0\0\0\0\0\0\0\0\0\0\0\0\0", 64, MSG_NOSIGNAL, NULL, 0 <unfinished ...>
10733 recvmsg(5,  <unfinished ...>
10682 sendto(45, "\20\0\0\0p\0\0\0\357~\353y\0\0\0\0\30\0\24\0\0\0\0\08\0\0\0\0\0\0\0\0\0\0\0\0\0\0\0H\0\0\0\0\0\0\0000\0\0\0\0\0\0\0\0\0\0\0\0\0\0\0\0\0\0\0\1\0\0\0\0\0\0\0\0\0\0\0\0x\1\0\0\1\0\0\0\0\0\0\0\0\0\0\0\0\0\0\0\0\0\0\0\0\0\0\0\0\0\0", 112, MSG_NOSIGNAL, NULL, 0 <unfinished ...>
10733 <... recvmsg resumed>{msg_name=NULL, msg_namelen=0, msg_iov=[{iov_base="\20\0\0\0@\0\0\0\24~\353y\0\0\0\0\30\0\26\0\0\0\0\0^\0\0\0\0\0\0\0\0\0\0\0\0\0\0\0\30\0\0\0\0\0\0\0m\0\0\0\0\0\0\0\0\0\0\0\0\0\0\0\20\0\0\0@\0\0\0\262~\353y\0\0\0\0\30\0\26\0\0\0\0\0_\0\0\0\0\0\0\0\0\0\0\0\0\0\0\0\30\0\0\0\0\0\0\0s\0\0\0\0\0\0\0\0\0\0\0\0\0\0\0", iov_len=4096}], msg_iovlen=1, msg_controllen=0, msg_flags=0}, MSG_DONTWAIT) = 128
10662 <... sendto resumed>)             = 64
10682 <... sendto resumed>)             = 112
10721 recvmsg(14,  <unfinished ...>
10662 sendto(37, "\20\0\0\0@\0\0\0S\177\353y\0\0\0\0\30\0\26\0\0\0\0\0`\0\0\0\0\0\0\0\0\0\0\0\0\0\0\0\30\0\0\0\0\0\0\0y\0\0\0\0\0\0\0\1\0\0\0\0\0\0\0", 64, MSG_NOSIGNAL, NULL, 0 <unfinished ...>
10721 <... recvmsg resumed>{msg_name=NULL, msg_namelen=0, msg_iov=[{iov_base="\20\0\0\0p\0\0\0\357~\353y\0\0\0\0\30\0\24\0\0\0\0\08\0\0\0\0\0\0\0\0\0\0\0\0\0\0\0H\0\0\0\0\0\0\0000\0\0\0\0\0\0\0\0\0\0\0\0\0\0\0\0\0\0\0\1\0\0\0\0\0\0\0\0\0\0\0\0x\1\0\0\1\0\0\0\0\0\0\0\0\0\0\0\0\0\0\0\0\0\0\0\0\0\0\0\0\0\0", iov_len=4096}], msg_iovlen=1, msg_controllen=0, msg_flags=0}, MSG_DONTWAIT) = 112
10662 <... sendto resumed>)             = 64
10733 recvmsg(5, {msg_name=NULL, msg_namelen=0, msg_iov=[{iov_base="\20\0\0\0@\0\0\0S\177\353y\0\0\0\0\30\0\26\0\0\0\0\0`\0\0\0\0\0\0\0\0\0\0\0\0\0\0\0\30\0\0\0\0\0\0\0y\0\0\0\0\0\0\0\1\0\0\0\0\0\0\0", iov_len=4096}], msg_iovlen=1, msg_controllen=0, msg_flags=0}, MSG_DONTWAIT) = 64
10662 sendto(37, "\20\0\0\0@\0\0\0\242\200\353y\0\0\0\0\30\0\26\0\0\0\0\0a\0\0\0\0\0\0\0\0\0\0\0\0\0\0\0\30\0\0\0\0\0\0\0o\0\0\0\0\0\0\0\0\0\0\0\0\0\0\0", 64, MSG_NOSIGNAL, NULL, 0 <unfinished ...>
10720 sendto(14, "\20\0\0\0@\0\0\0\306\200\353y\0\0\0\0\30\0\26\0\0\0\0\0004\0\0\0\0\0\0\0\0\0\0\0\0\0\0\0\30\0\0\0\0\0\0\0000\0\0\0\0\0\0\0\1\0\0\0\0\0\0\0", 64, MSG_NOSIGNAL, NULL, 0) = 64
10662 <... sendto resumed>)             = 64
10695 openat(AT_FDCWD, "/proc/10713/task", O_RDONLY|O_DIRECTORY <unfinished ...>
10733 recvmsg(5, {msg_name=NULL, msg_namelen=0, msg_iov=[{iov_base="\20\0\0\0@\0\0\0\242\200\353y\0\0\0\0\30\0\26\0\0\0\0\0a\0\0\0\0\0\0\0\0\0\0\0\0\0\0\0\30\0\0\0\0\0\0\0o\0\0\0\0\0\0\0\0\0\0\0\0\0\0\0", iov_len=4096}], msg_iovlen=1, msg_controllen=0, msg_flags=0}, MSG_DONTWAIT) = 64
10695 <... openat resumed>)             = 39
10687 sendto(37, "\20\0\0\0@\0\0\0\352\200\353y\0\0\0\0\30\0\26\0\0\0\0\0b\0\0\0\0\0\0\0\0\0\0\0\0\0\0\0\30\0\0\0\0\0\0\0q\0\0\0\0\0\0\0\0\0\0\0\0\0\0\0", 64, MSG_NOSIGNAL, NULL, 0) = 64
10733 recvmsg(5,  <unfinished ...>
10662 sendto(37, "\20\0\0\0@\0\0\0\300\201\353y\0\0\0\0\30\0\26\0\0\0\0\0c\0\0\0\0\0\0\0\0\0\0\0\0\0\0\0\30\0\0\0\0\0\0\0[\0\0\0\0\0\0\0\21\0\0\0\0\0\0\0", 64, MSG_NOSIGNAL, NULL, 0 <unfinished ...>
10733 <... recvmsg resumed>{msg_name=NULL, msg_namelen=0, msg_iov=[{iov_base="\20\0\0\0@\0\0\0\352\200\353y\0\0\0\0\30\0\26\0\0\0\0\0b\0\0\0\0\0\0\0\0\0\0\0\0\0\0\0\30\0\0\0\0\0\0\0q\0\0\0\0\0\0\0\0\0\0\0\0\0\0\0", iov_len=4096}], msg_iovlen=1, msg_controllen=0, msg_flags=0}, MSG_DONTWAIT) = 64
10662 <... sendto resumed>)             = 64
10695 openat(AT_FDCWD, "/proc/10713/task/10713/status", O_RDONLY|O_CLOEXEC <unfinished ...>
10687 recvmsg(45,  <unfinished ...>
10733 recvmsg(5,  <unfinished ...>
10695 <... openat resumed>)             = 39
10687 <... recvmsg resumed>{msg_name=NULL, msg_namelen=0, msg_iov=[{iov_base="\20\0\0\0@\0\0\0\306\200\353y\0\0\0\0\30\0\26\0\0\0\0\0004\0\0\0\0\0\0\0\0\0\0\0\0\0\0\0\30\0\0\0\0\0\0\0000\0\0\0\0\0\0\0\1\0\0\0\0\0\0\0", iov_len=4096}], msg_iovlen=1, msg_controllen=0, msg_flags=0}, MSG_DONTWAIT) = 64
10733 <... recvmsg resumed>{msg_name=NULL, msg_namelen=0, msg_iov=[{iov_base="\20\0\0\0@\0\0\0\300\201\353y\0\0\0\0\30\0\26\0\0\0\0\0c\0\0\0\0\0\0\0\0\0\0\0\0\0\0\0\30\0\0\0\0\0\0\0[\0\0\0\0\0\0\0\21\0\0\0\0\0\0\0", iov_len=4096}], msg_iovlen=1, msg_controllen=0, msg_flags=0}, MSG_DONTWAIT) = 64
10733 sendto(5, "\20\0\0\0@\0\0\0?\203\353y\0\0\0\0\30\0\26\0\0\0\0\0F\0\0\0\0\0\0\0\0\0\0\0\0\0\0\0\30\0\0\0\0\0\0\0\201\0\0\0\0\0\0\0\0\0\0\0\0\0\0\0", 64, MSG_NOSIGNAL, NULL, 0) = 64
10733 sendto(5, "\20\0\0\0@\0\0\0\251\203\353y\0\0\0\0\30\0\26\0\0\0\0\0G\0\0\0\0\0\0\0\0\0\0\0\0\0\0\0\30\0\0\0\0\0\0\0}\0\0\0\0\0\0\0\0\0\0\0\0\0\0\0", 64, MSG_NOSIGNAL, NULL, 0) = 64
10687 recvmsg(37, {msg_name=NULL, msg_namelen=0, msg_iov=[{iov_base="\20\0\0\0@\0\0\0?\203\353y\0\0\0\0\30\0\26\0\0\0\0\0F\0\0\0\0\0\0\0\0\0\0\0\0\0\0\0\30\0\0\0\0\0\0\0\201\0\0\0\0\0\0\0\0\0\0\0\0\0\0\0\20\0\0\0@\0\0\0\251\203\353y\0\0\0\0\30\0\26\0\0\0\0\0G\0\0\0\0\0\0\0\0\0\0\0\0\0\0\0\30\0\0\0\0\0\0\0}\0\0\0\0\0\0\0\0\0\0\0\0\0\0\0", iov_len=4096}], msg_iovlen=1, msg_controllen=0, msg_flags=0}, MSG_DONTWAIT) = 128
10662 sendto(37, "\20\0\0\0@\0\0\0l\204\353y\0\0\0\0\30\0\26\0\0\0\0\0d\0\0\0\0\0\0\0\0\0\0\0\0\0\0\0\30\0\0\0\0\0\0\0w\0\0\0\0\0\0\0\0\0\0\0\0\0\0\0", 64, MSG_NOSIGNAL, NULL, 0 <unfinished ...>
10733 sendto(5, "\20\0\0\0@\0\0\0\260\204\353y\0\0\0\0\30\0\26\0\0\0\0\0H\0\0\0\0\0\0\0\0\0\0\0\0\0\0\0\30\0\0\0\0\0\0\0u\0\0\0\0\0\0\0\0\0\0\0\0\0\0\0", 64, MSG_NOSIGNAL, NULL, 0 <unfinished ...>
10662 <... sendto resumed>)             = 64
10733 <... sendto resumed>)             = 64
10687 recvmsg(37, {msg_name=NULL, msg_namelen=0, msg_iov=[{iov_base="\20\0\0\0@\0\0\0\260\204\353y\0\0\0\0\30\0\26\0\0\0\0\0H\0\0\0\0\0\0\0\0\0\0\0\0\0\0\0\30\0\0\0\0\0\0\0u\0\0\0\0\0\0\0\0\0\0\0\0\0\0\0", iov_len=4096}], msg_iovlen=1, msg_controllen=0, msg_flags=0}, MSG_DONTWAIT) = 64
10695 openat(AT_FDCWD, "/proc/10713/task/10715/status", O_RDONLY|O_CLOEXEC) = 39
10734 openat(AT_FDCWD, "/tmp/playwright_chromiumdev_profile-92XQZ9/Default/Cache/Cache_Data/index-dir/temp-index", O_WRONLY|O_CREAT|O_TRUNC, 0600 <unfinished ...>
10733 sendto(5, "\20\0\0\0@\0\0\0{\207\353y\0\0\0\0\30\0\26\0\0\0\0\0I\0\0\0\0\0\0\0\0\0\0\0\0\0\0\0\30\0\0\0\0\0\0\0_\0\0\0\0\0\0\0\0\0\0\0\0\0\0\0", 64, MSG_NOSIGNAL, NULL, 0 <unfinished ...>
10734 <... openat resumed>)             = 20
10733 <... sendto resumed>)             = 64
10733 sendto(5, "\20\0\0\0@\0\0\0\357\207\353y\0\0\0\0\30\0\26\0\0\0\0\0J\0\0\0\0\0\0\0\0\0\0\0\0\0\0\0\30\0\0\0\0\0\0\0]\0\0\0\0\0\0\0\0\0\0\0\0\0\0\0", 64, MSG_NOSIGNAL, NULL, 0) = 64
10687 recvmsg(37,  <unfinished ...>
10733 sendto(5, "\20\0\0\0@\0\0\0|\210\353y\0\0\0\0\30\0\26\0\0\0\0\0K\0\0\0\0\0\0\0\0\0\0\0\0\0\0\0\30\0\0\0\0\0\0\0\177\0\0\0\0\0\0\0\0\0\0\0\0\0\0\0", 64, MSG_NOSIGNAL, NULL, 0 <unfinished ...>
10687 <... recvmsg resumed>{msg_name=NULL, msg_namelen=0, msg_iov=[{iov_base="\20\0\0\0@\0\0\0{\207\353y\0\0\0\0\30\0\26\0\0\0\0\0I\0\0\0\0\0\0\0\0\0\0\0\0\0\0\0\30\0\0\0\0\0\0\0_\0\0\0\0\0\0\0\0\0\0\0\0\0\0\0\20\0\0\0@\0\0\0\357\207\353y\0\0\0\0\30\0\26\0\0\0\0\0J\0\0\0\0\0\0\0\0\0\0\0\0\0\0\0\30\0\0\0\0\0\0\0]\0\0\0\0\0\0\0\0\0\0\0\0\0\0\0", iov_len=4096}], msg_iovlen=1, msg_controllen=0, msg_flags=0}, MSG_DONTWAIT) = 128
10733 <... sendto resumed>)             = 64
10733 sendto(5, "\20\0\0\0@\0\0\0\34\211\353y\0\0\0\0\30\0\26\0\0\0\0\0L\0\0\0\0\0\0\0\0\0\0\0\0\0\0\0\30\0\0\0\0\0\0\0g\0\0\0\0\0\0\0\0\0\0\0\0\0\0\0", 64, MSG_NOSIGNAL, NULL, 0) = 64
10733 sendto(5, "\20\0\0\0@\0\0\0\230\211\353y\0\0\0\0\30\0\26\0\0\0\0\0M\0\0\0\0\0\0\0\0\0\0\0\0\0\0\0\30\0\0\0\0\0\0\0e\0\0\0\0\0\0\0\2\0\0\0\0\0\0\0", 64, MSG_NOSIGNAL, NULL, 0 <unfinished ...>
10687 recvmsg(37,  <unfinished ...>
10733 <... sendto resumed>)             = 64
10687 <... recvmsg resumed>{msg_name=NULL, msg_namelen=0, msg_iov=[{iov_base="\20\0\0\0@\0\0\0|\210\353y\0\0\0\0\30\0\26\0\0\0\0\0K\0\0\0\0\0\0\0\0\0\0\0\0\0\0\0\30\0\0\0\0\0\0\0\177\0\0\0\0\0\0\0\0\0\0\0\0\0\0\0\20\0\0\0@\0\0\0\34\211\353y\0\0\0\0\30\0\26\0\0\0\0\0L\0\0\0\0\0\0\0\0\0\0\0\0\0\0\0\30\0\0\0\0\0\0\0g\0\0\0\0\0\0\0\0\0\0\0\0\0\0\0\20\0\0\0@\0\0\0\230\211\353y\0\0\0\0\30\0\26\0\0\0\0\0M\0\0\0\0\0\0\0\0\0\0\0\0\0\0\0\30\0\0\0\0\0\0\0e\0\0\0\0\0\0\0\2\0\0\0\0\0\0\0", iov_len=4096}], msg_iovlen=1, msg_controllen=0, msg_flags=0}, MSG_DONTWAIT) = 192
10733 recvmsg(5, {msg_name=NULL, msg_namelen=0, msg_iov=[{iov_base="\20\0\0\0@\0\0\0l\204\353y\0\0\0\0\30\0\26\0\0\0\0\0d\0\0\0\0\0\0\0\0\0\0\0\0\0\0\0\30\0\0\0\0\0\0\0w\0\0\0\0\0\0\0\0\0\0\0\0\0\0\0", iov_len=4096}], msg_iovlen=1, msg_controllen=0, msg_flags=0}, MSG_DONTWAIT) = 64
10732 openat(AT_FDCWD, "/tmp/playwright_chromiumdev_profile-92XQZ9/Default/.com.google.Chrome.Network Persistent State.HKj4Bo", O_RDWR|O_CREAT|O_EXCL, 0600) = 19
10695 openat(AT_FDCWD, "/proc/10713/task/10717/status", O_RDONLY|O_CLOEXEC) = 39
10695 openat(AT_FDCWD, "/proc/10713/task/10718/status", O_RDONLY|O_CLOEXEC) = 39
10682 openat(AT_FDCWD, "/tmp/playwright_chromiumdev_profile-92XQZ9/Default/.com.google.Chrome.Secure Preferences.fgdYBO", O_RDWR|O_CREAT|O_EXCL, 0600) = 40
10695 openat(AT_FDCWD, "/proc/10713/task/10720/status", O_RDONLY|O_CLOEXEC) = 39
10682 openat(AT_FDCWD, "/tmp/playwright_chromiumdev_profile-92XQZ9/Default/.com.google.Chrome.Preferences.pqSruH", O_RDWR|O_CREAT|O_EXCL, 0600) = 39
10695 openat(AT_FDCWD, "/proc/10713/task", O_RDONLY|O_DIRECTORY) = 40
10695 openat(AT_FDCWD, "/proc/10713/task/10713/status", O_RDONLY|O_CLOEXEC) = 39
10695 openat(AT_FDCWD, "/proc/10713/task/10715/status", O_RDONLY|O_CLOEXEC) = 39
10695 openat(AT_FDCWD, "/proc/10713/task/10717/status", O_RDONLY|O_CLOEXEC) = 39
10695 openat(AT_FDCWD, "/proc/10713/task/10718/status", O_RDONLY|O_CLOEXEC) = 39
10695 openat(AT_FDCWD, "/proc/10713/task/10720/status", O_RDONLY|O_CLOEXEC <unfinished ...>
10662 sendto(37, "\20\0\0\0@\0\0\0\253\236\353y\0\0\0\0\30\0\26\0\0\0\0\0e\0\0\0\0\0\0\0\0\0\0\0\0\0\0\0\30\0\0\0\0\0\0\0\33\0\0\0\0\0\0\0\0\0\0\0\0\0\0\0", 64, MSG_NOSIGNAL, NULL, 0 <unfinished ...>
10695 <... openat resumed>)             = 39
10683 openat(AT_FDCWD, "/tmp/playwright_chromiumdev_profile-92XQZ9/.com.google.Chrome.Local State.WMYtUd", O_RDWR|O_CREAT|O_EXCL, 0600 <unfinished ...>
10662 <... sendto resumed>)             = 64
10733 recvmsg(5,  <unfinished ...>
10683 <... openat resumed>)             = 40
10733 <... recvmsg resumed>{msg_name=NULL, msg_namelen=0, msg_iov=[{iov_base="\20\0\0\0@\0\0\0\253\236\353y\0\0\0\0\30\0\26\0\0\0\0\0e\0\0\0\0\0\0\0\0\0\0\0\0\0\0\0\30\0\0\0\0\0\0\0\33\0\0\0\0\0\0\0\0\0\0\0\0\0\0\0", iov_len=4096}], msg_iovlen=1, msg_controllen=0, msg_flags=0}, MSG_DONTWAIT) = 64
10662 sendto(37, "\20\0\0\0@\0\0\0K\237\353y\0\0\0\0\30\0\26\0\0\0\0\0f\0\0\0\0\0\0\0\0\0\0\0\0\0\0\0\30\0\0\0\0\0\0\0\31\0\0\0\0\0\0\0\0\0\0\0\0\0\0\0", 64, MSG_NOSIGNAL, NULL, 0) = 64
10733 recvmsg(5,  <unfinished ...>
10662 sendto(37, "\20\0\0\0@\0\0\0\276\237\353y\0\0\0\0\30\0\26\0\0\0\0\0g\0\0\0\0\0\0\0\0\0\0\0\0\0\0\0\30\0\0\0\0\0\0\0\27\0\0\0\0\0\0\0\0\0\0\0\0\0\0\0", 64, MSG_NOSIGNAL, NULL, 0 <unfinished ...>
10733 <... recvmsg resumed>{msg_name=NULL, msg_namelen=0, msg_iov=[{iov_base="\20\0\0\0@\0\0\0K\237\353y\0\0\0\0\30\0\26\0\0\0\0\0f\0\0\0\0\0\0\0\0\0\0\0\0\0\0\0\30\0\0\0\0\0\0\0\31\0\0\0\0\0\0\0\0\0\0\0\0\0\0\0", iov_len=4096}], msg_iovlen=1, msg_controllen=0, msg_flags=0}, MSG_DONTWAIT) = 64
10662 <... sendto resumed>)             = 64
10733 recvmsg(5, {msg_name=NULL, msg_namelen=0, msg_iov=[{iov_base="\20\0\0\0@\0\0\0\276\237\353y\0\0\0\0\30\0\26\0\0\0\0\0g\0\0\0\0\0\0\0\0\0\0\0\0\0\0\0\30\0\0\0\0\0\0\0\27\0\0\0\0\0\0\0\0\0\0\0\0\0\0\0", iov_len=4096}], msg_iovlen=1, msg_controllen=0, msg_flags=0}, MSG_DONTWAIT) = 64
10695 openat(AT_FDCWD, "/proc/10713/task/10721/status", O_RDONLY|O_CLOEXEC <unfinished ...>
10662 sendto(37, "\20\0\0\0@\0\0\0\374\240\353y\0\0\0\0\30\0\26\0\0\0\0\0h\0\0\0\0\0\0\0\0\0\0\0\0\0\0\0\30\0\0\0\0\0\0\0Q\0\0\0\0\0\0\0\1\0\0\0\0\0\0\0", 64, MSG_NOSIGNAL, NULL, 0 <unfinished ...>
10695 <... openat resumed>)             = 39
10662 <... sendto resumed>)             = 64
10733 recvmsg(5,  <unfinished ...>
10662 sendto(37, "\20\0\0\0@\0\0\0T\241\353y\0\0\0\0\30\0\26\0\0\0\0\0i\0\0\0\0\0\0\0\0\0\0\0\0\0\0\0\30\0\0\0\0\0\0\0A\0\0\0\0\0\0\0\2\0\0\0\0\0\0\0", 64, MSG_NOSIGNAL, NULL, 0 <unfinished ...>
10733 <... recvmsg resumed>{msg_name=NULL, msg_namelen=0, msg_iov=[{iov_base="\20\0\0\0@\0\0\0\374\240\353y\0\0\0\0\30\0\26\0\0\0\0\0h\0\0\0\0\0\0\0\0\0\0\0\0\0\0\0\30\0\0\0\0\0\0\0Q\0\0\0\0\0\0\0\1\0\0\0\0\0\0\0", iov_len=4096}], msg_iovlen=1, msg_controllen=0, msg_flags=0}, MSG_DONTWAIT) = 64
10662 <... sendto resumed>)             = 64
10662 sendto(37, "\20\0\0\0@\0\0\0\324\241\353y\0\0\0\0\30\0\26\0\0\0\0\0j\0\0\0\0\0\0\0\0\0\0\0\0\0\0\0\30\0\0\0\0\0\0\0I\0\0\0\0\0\0\0\0\0\0\0\0\0\0\0", 64, MSG_NOSIGNAL, NULL, 0) = 64
10733 recvmsg(5, {msg_name=NULL, msg_namelen=0, msg_iov=[{iov_base="\20\0\0\0@\0\0\0T\241\353y\0\0\0\0\30\0\26\0\0\0\0\0i\0\0\0\0\0\0\0\0\0\0\0\0\0\0\0\30\0\0\0\0\0\0\0A\0\0\0\0\0\0\0\2\0\0\0\0\0\0\0\20\0\0\0@\0\0\0\324\241\353y\0\0\0\0\30\0\26\0\0\0\0\0j\0\0\0\0\0\0\0\0\0\0\0\0\0\0\0\30\0\0\0\0\0\0\0I\0\0\0\0\0\0\0\0\0\0\0\0\0\0\0", iov_len=4096}], msg_iovlen=1, msg_controllen=0, msg_flags=0}, MSG_DONTWAIT) = 128
10662 sendto(37, "\20\0\0\0@\0\0\0&\242\353y\0\0\0\0\30\0\26\0\0\0\0\0k\0\0\0\0\0\0\0\0\0\0\0\0\0\0\0\30\0\0\0\0\0\0\0G\0\0\0\0\0\0\0\0\0\0\0\0\0\0\0", 64, MSG_NOSIGNAL, NULL, 0 <unfinished ...>
10733 sendto(5, "\20\0\0\0@\0\0\0j\242\353y\0\0\0\0\30\0\26\0\0\0\0\0N\0\0\0\0\0\0\0\0\0\0\0\0\0\0\0\30\0\0\0\0\0\0\0W\0\0\0\0\0\0\0\0\0\0\0\0\0\0\0", 64, MSG_NOSIGNAL, NULL, 0) = 64
10662 <... sendto resumed>)             = 64
10662 sendto(37, "\20\0\0\0@\0\0\0\304\242\353y\0\0\0\0\30\0\26\0\0\0\0\0l\0\0\0\0\0\0\0\0\0\0\0\0\0\0\0\30\0\0\0\0\0\0\0E\0\0\0\0\0\0\0\0\0\0\0\0\0\0\0", 64, MSG_NOSIGNAL, NULL, 0 <unfinished ...>
10687 recvmsg(37,  <unfinished ...>
10662 <... sendto resumed>)             = 64
10687 <... recvmsg resumed>{msg_name=NULL, msg_namelen=0, msg_iov=[{iov_base="\20\0\0\0@\0\0\0j\242\353y\0\0\0\0\30\0\26\0\0\0\0\0N\0\0\0\0\0\0\0\0\0\0\0\0\0\0\0\30\0\0\0\0\0\0\0W\0\0\0\0\0\0\0\0\0\0\0\0\0\0\0", iov_len=4096}], msg_iovlen=1, msg_controllen=0, msg_flags=0}, MSG_DONTWAIT) = 64
10662 sendto(37, "\20\0\0\0@\0\0\0b\243\353y\0\0\0\0\30\0\26\0\0\0\0\0m\0\0\0\0\0\0\0\0\0\0\0\0\0\0\0\30\0\0\0\0\0\0\0\17\0\0\0\0\0\0\0\25\0\0\0\0\0\0\0", 64, MSG_NOSIGNAL, NULL, 0) = 64
10733 sendto(5, "\20\0\0\0@\0\0\0\333\243\353y\0\0\0\0\30\0\26\0\0\0\0\0O\0\0\0\0\0\0\0\0\0\0\0\0\0\0\0\30\0\0\0\0\0\0\0C\0\0\0\0\0\0\0\0\0\0\0\0\0\0\0", 64, MSG_NOSIGNAL, NULL, 0) = 64
10662 sendto(37, "\20\0\0\0@\0\0\0\351\243\353y\0\0\0\0\30\0\26\0\0\0\0\0n\0\0\0\0\0\0\0\0\0\0\0\0\0\0\0\30\0\0\0\0\0\0\0\21\0\0\0\0\0\0\0\0\0\0\0\0\0\0\0", 64, MSG_NOSIGNAL, NULL, 0 <unfinished ...>
10733 sendto(5, "\20\0\0\0@\0\0\0@\244\353y\0\0\0\0\30\0\26\0\0\0\0\0P\0\0\0\0\0\0\0\0\0\0\0\0\0\0\0\30\0\0\0\0\0\0\0Y\0\0\0\0\0\0\0\0\0\0\0\0\0\0\0", 64, MSG_NOSIGNAL, NULL, 0 <unfinished ...>
10662 <... sendto resumed>)             = 64
10733 <... sendto resumed>)             = 64
10687 recvmsg(37,  <unfinished ...>
10733 sendto(5, "\20\0\0\0@\0\0\0\221\244\353y\0\0\0\0\30\0\26\0\0\0\0\0Q\0\0\0\0\0\0\0\0\0\0\0\0\0\0\0\30\0\0\0\0\0\0\0M\0\0\0\0\0\0\0\0\0\0\0\0\0\0\0", 64, MSG_NOSIGNAL, NULL, 0 <unfinished ...>
10695 openat(AT_FDCWD, "/proc/10712/task", O_RDONLY|O_DIRECTORY <unfinished ...>
10662 sendto(37, "\20\0\0\0@\0\0\0\212\244\353y\0\0\0\0\30\0\26\0\0\0\0\0o\0\0\0\0\0\0\0\0\0\0\0\0\0\0\0\30\0\0\0\0\0\0\0\25\0\0\0\0\0\0\0\1\0\0\0\0\0\0\0", 64, MSG_NOSIGNAL, NULL, 0 <unfinished ...>
10733 <... sendto resumed>)             = 64
10695 <... openat resumed>)             = 39
10687 <... recvmsg resumed>{msg_name=NULL, msg_namelen=0, msg_iov=[{iov_base="\20\0\0\0@\0\0\0\333\243\353y\0\0\0\0\30\0\26\0\0\0\0\0O\0\0\0\0\0\0\0\0\0\0\0\0\0\0\0\30\0\0\0\0\0\0\0C\0\0\0\0\0\0\0\0\0\0\0\0\0\0\0\20\0\0\0@\0\0\0@\244\353y\0\0\0\0\30\0\26\0\0\0\0\0P\0\0\0\0\0\0\0\0\0\0\0\0\0\0\0\30\0\0\0\0\0\0\0Y\0\0\0\0\0\0\0\0\0\0\0\0\0\0\0", iov_len=4096}], msg_iovlen=1, msg_controllen=0, msg_flags=0}, MSG_DONTWAIT) = 128
10733 sendto(5, "\20\0\0\0@\0\0\0\355\244\353y\0\0\0\0\30\0\26\0\0\0\0\0R\0\0\0\0\0\0\0\0\0\0\0\0\0\0\0\30\0\0\0\0\0\0\0K\0\0\0\0\0\0\0\2\0\0\0\0\0\0\0", 64, MSG_NOSIGNAL, NULL, 0 <unfinished ...>
10662 <... sendto resumed>)             = 64
10733 <... sendto resumed>)             = 64
10733 sendto(5, "\20\0\0\0@\0\0\0004\245\353y\0\0\0\0\30\0\26\0\0\0\0\0S\0\0\0\0\0\0\0\0\0\0\0\0\0\0\0\30\0\0\0\0\0\0\0O\0\0\0\0\0\0\0\0\0\0\0\0\0\0\0", 64, MSG_NOSIGNAL, NULL, 0) = 64
10687 recvmsg(37, {msg_name=NULL, msg_namelen=0, msg_iov=[{iov_base="\20\0\0\0@\0\0\0\221\244\353y\0\0\0\0\30\0\26\0\0\0\0\0Q\0\0\0\0\0\0\0\0\0\0\0\0\0\0\0\30\0\0\0\0\0\0\0M\0\0\0\0\0\0\0\0\0\0\0\0\0\0\0\20\0\0\0@\0\0\0\355\244\353y\0\0\0\0\30\0\26\0\0\0\0\0R\0\0\0\0\0\0\0\0\0\0\0\0\0\0\0\30\0\0\0\0\0\0\0K\0\0\0\0\0\0\0\2\0\0\0\0\0\0\0\20\0\0\0@\0\0\0004\245\353y\0\0\0\0\30\0\26\0\0\0\0\0S\0\0\0\0\0\0\0\0\0\0\0\0\0\0\0\30\0\0\0\0\0\0\0O\0\0\0\0\0\0\0\0\0\0\0\0\0\0\0", iov_len=4096}], msg_iovlen=1, msg_controllen=0, msg_flags=0}, MSG_DONTWAIT) = 192
10695 openat(AT_FDCWD, "/proc/10712/task/10712/status", O_RDONLY|O_CLOEXEC) = 39
10662 openat(AT_FDCWD, "/proc/10712/stat", O_RDONLY|O_CLOEXEC) = 40
10733 recvmsg(5,  <unfinished ...>
10695 openat(AT_FDCWD, "/proc/10712/task/10727/status", O_RDONLY|O_CLOEXEC <unfinished ...>
10733 <... recvmsg resumed>{msg_name=NULL, msg_namelen=0, msg_iov=[{iov_base="\20\0\0\0@\0\0\0&\242\353y\0\0\0\0\30\0\26\0\0\0\0\0k\0\0\0\0\0\0\0\0\0\0\0\0\0\0\0\30\0\0\0\0\0\0\0G\0\0\0\0\0\0\0\0\0\0\0\0\0\0\0\20\0\0\0@\0\0\0\304\242\353y\0\0\0\0\30\0\26\0\0\0\0\0l\0\0\0\0\0\0\0\0\0\0\0\0\0\0\0\30\0\0\0\0\0\0\0E\0\0\0\0\0\0\0\0\0\0\0\0\0\0\0\20\0\0\0@\0\0\0b\243\353y\0\0\0\0\30\0\26\0\0\0\0\0m\0\0\0\0\0\0\0\0\0\0\0\0\0\0\0\30\0\0\0\0\0\0\0\17\0\0\0\0\0\0\0\25\0\0\0\0\0\0\0\20\0\0\0@\0\0\0\351\243\353y\0\0\0\0\30\0\26\0\0\0\0\0n\0\0\0\0\0\0\0\0\0\0\0\0\0\0\0\30\0\0\0\0\0\0\0\21\0\0\0\0\0\0\0\0\0\0\0\0\0\0\0"..., iov_len=4096}], msg_iovlen=1, msg_controllen=0, msg_flags=0}, MSG_DONTWAIT) = 320
10695 <... openat resumed>)             = 39
10733 sendto(5, "\20\0\0\0@\0\0\0H\250\353y\0\0\0\0\30\0\26\0\0\0\0\0T\0\0\0\0\0\0\0\0\0\0\0\0\0\0\0\30\0\0\0\0\0\0\0\23\0\0\0\0\0\0\0\6\0\0\0\0\0\0\0", 64, MSG_NOSIGNAL, NULL, 0) = 64
10687 recvmsg(37, {msg_name=NULL, msg_namelen=0, msg_iov=[{iov_base="\20\0\0\0@\0\0\0H\250\353y\0\0\0\0\30\0\26\0\0\0\0\0T\0\0\0\0\0\0\0\0\0\0\0\0\0\0\0\30\0\0\0\0\0\0\0\23\0\0\0\0\0\0\0\6\0\0\0\0\0\0\0", iov_len=4096}], msg_iovlen=1, msg_controllen=0, msg_flags=0}, MSG_DONTWAIT) = 64
10733 sendto(5, "\20\0\0\0@\0\0\0\323\250\353y\0\0\0\0\30\0\26\0\0\0\0\0U\0\0\0\0\0\0\0\0\0\0\0\0\0\0\0\30\0\0\0\0\0\0\0000\0\0\0\0\0\0\0\1\0\0\0\0\0\0\0", 64, MSG_NOSIGNAL, NULL, 0) = 64
10733 sendto(5, "\20\0\0\0@\0\0\0>\251\353y\0\0\0\0\30\0\26\0\0\0\0\0V\0\0\0\0\0\0\0\0\0\0\0\0\0\0\0\30\0\0\0\0\0\0\0003\0\0\0\0\0\0\0\1\0\0\0\0\0\0\0", 64, MSG_NOSIGNAL, NULL, 0) = 64
10687 recvmsg(37,  <unfinished ...>
10733 sendto(5, "\20\0\0\0p\0\0\0\222\251\353y\0\0\0\0\30\0\24\0\0\0\0\0W\0\0\0\0\0\0\0\0\0\0\0\0\0\0\0H\0\0\0\0\0\0\0\25\0\0\0\0\0\0\0\0\0\0\0\0\0\0\0\0\0\0\0\1\0\0\0\0\0\0\0\0\0\0\0\0y\1\0\0\1\0\0\0\0\0\0\0\0\0\0\0\0\0\0\0\0\0\0\0\0\0\0\0\0\0\0", 112, MSG_NOSIGNAL, NULL, 0) = 112
10687 <... recvmsg resumed>{msg_name=NULL, msg_namelen=0, msg_iov=[{iov_base="\20\0\0\0@\0\0\0\323\250\353y\0\0\0\0\30\0\26\0\0\0\0\0U\0\0\0\0\0\0\0\0\0\0\0\0\0\0\0\30\0\0\0\0\0\0\0000\0\0\0\0\0\0\0\1\0\0\0\0\0\0\0\20\0\0\0@\0\0\0>\251\353y\0\0\0\0\30\0\26\0\0\0\0\0V\0\0\0\0\0\0\0\0\0\0\0\0\0\0\0\30\0\0\0\0\0\0\0003\0\0\0\0\0\0\0\1\0\0\0\0\0\0\0", iov_len=4096}], msg_iovlen=1, msg_controllen=0, msg_flags=0}, MSG_DONTWAIT) = 128
10695 openat(AT_FDCWD, "/proc/10712/task/10730/status", O_RDONLY|O_CLOEXEC) = 39
10687 recvmsg(37, {msg_name=NULL, msg_namelen=0, msg_iov=[{iov_base="\20\0\0\0p\0\0\0\222\251\353y\0\0\0\0\30\0\24\0\0\0\0\0W\0\0\0\0\0\0\0\0\0\0\0\0\0\0\0H\0\0\0\0\0\0\0\25\0\0\0\0\0\0\0\0\0\0\0\0\0\0\0\0\0\0\0\1\0\0\0\0\0\0\0\0\0\0\0\0y\1\0\0\1\0\0\0\0\0\0\0\0\0\0\0\0\0\0\0\0\0\0\0\0\0\0\0\0\0\0", iov_len=4096}], msg_iovlen=1, msg_controllen=0, msg_flags=0}, MSG_DONTWAIT) = 112
10733 sendto(5, "\20\0\0\0@\0\0\0\366\252\353y\0\0\0\0\30\0\26\0\0\0\0\0X\0\0\0\0\0\0\0\0\0\0\0\0\0\0\0\30\0\0\0\0\0\0\0:\0\0\0\0\0\0\0\0\0\0\0\0\0\0\0", 64, MSG_NOSIGNAL, NULL, 0) = 64
10687 recvmsg(37, {msg_name=NULL, msg_namelen=0, msg_iov=[{iov_base="\20\0\0\0@\0\0\0\366\252\353y\0\0\0\0\30\0\26\0\0\0\0\0X\0\0\0\0\0\0\0\0\0\0\0\0\0\0\0\30\0\0\0\0\0\0\0:\0\0\0\0\0\0\0\0\0\0\0\0\0\0\0", iov_len=4096}], msg_iovlen=1, msg_controllen=0, msg_flags=0}, MSG_DONTWAIT) = 64
10712 sendto(5, "\20\0\0\0@\0\0\0\224\253\353y\0\0\0\0\30\0\26\0\0\0\0\0Y\0\0\0\0\0\0\0\0\0\0\0\0\0\0\0\30\0\0\0\0\0\0\0=\0\0\0\0\0\0\0\0\0\0\0\0\0\0\0", 64, MSG_NOSIGNAL, NULL, 0) = 64
10687 recvmsg(37, {msg_name=NULL, msg_namelen=0, msg_iov=[{iov_base="\20\0\0\0@\0\0\0\224\253\353y\0\0\0\0\30\0\26\0\0\0\0\0Y\0\0\0\0\0\0\0\0\0\0\0\0\0\0\0\30\0\0\0\0\0\0\0=\0\0\0\0\0\0\0\0\0\0\0\0\0\0\0", iov_len=4096}], msg_iovlen=1, msg_controllen=0, msg_flags=0}, MSG_DONTWAIT) = 64
10695 openat(AT_FDCWD, "/proc/10712/task", O_RDONLY|O_DIRECTORY) = 39
10695 openat(AT_FDCWD, "/proc/10712/task/10712/status", O_RDONLY|O_CLOEXEC) = 39
10695 openat(AT_FDCWD, "/proc/10712/task/10727/status", O_RDONLY|O_CLOEXEC) = 39
10695 openat(AT_FDCWD, "/proc/10712/task/10730/status", O_RDONLY|O_CLOEXEC) = 39
10695 openat(AT_FDCWD, "/proc/10712/task/10731/status", O_RDONLY|O_CLOEXEC) = -1 ENOENT (No such file or directory)
10695 openat(AT_FDCWD, "/proc/10712/task", O_RDONLY|O_DIRECTORY) = 39
10695 openat(AT_FDCWD, "/proc/10712/task/10712/status", O_RDONLY|O_CLOEXEC) = 39
10695 openat(AT_FDCWD, "/proc/10712/task/10727/status", O_RDONLY|O_CLOEXEC) = 39
10695 openat(AT_FDCWD, "/proc/10712/task/10730/status", O_RDONLY|O_CLOEXEC) = -1 ENOENT (No such file or directory)
10695 openat(AT_FDCWD, "/proc/10712/task", O_RDONLY|O_DIRECTORY) = 39
10695 openat(AT_FDCWD, "/proc/10712/task/10712/status", O_RDONLY|O_CLOEXEC) = 39
10695 openat(AT_FDCWD, "/proc/10713/task", O_RDONLY|O_DIRECTORY) = 39
10695 openat(AT_FDCWD, "/proc/10713/task/10713/status", O_RDONLY|O_CLOEXEC) = 39
10695 openat(AT_FDCWD, "/proc/10713/task/10715/status", O_RDONLY|O_CLOEXEC) = 39
10695 openat(AT_FDCWD, "/proc/10713/task/10717/status", O_RDONLY|O_CLOEXEC) = 39
10695 openat(AT_FDCWD, "/proc/10713/task/10718/status", O_RDONLY|O_CLOEXEC) = 39
10695 openat(AT_FDCWD, "/proc/10713/task/10720/status", O_RDONLY|O_CLOEXEC) = 39
10695 openat(AT_FDCWD, "/proc/10713/task/10721/status", O_RDONLY|O_CLOEXEC) = 39
10695 openat(AT_FDCWD, "/proc/10713/task/10722/status", O_RDONLY|O_CLOEXEC) = 39
10695 openat(AT_FDCWD, "/proc/10713/task", O_RDONLY|O_DIRECTORY) = 39
10695 openat(AT_FDCWD, "/proc/10713/task/10713/status", O_RDONLY|O_CLOEXEC) = 39
10695 openat(AT_FDCWD, "/proc/10713/task/10715/status", O_RDONLY|O_CLOEXEC) = 39
10695 openat(AT_FDCWD, "/proc/10713/task/10717/status", O_RDONLY|O_CLOEXEC) = 39
10687 recvmsg(80, {msg_name=NULL, msg_namelen=0, msg_iov=[{iov_base="", iov_len=4096}], msg_iovlen=1, msg_controllen=0, msg_flags=0}, MSG_DONTWAIT) = 0
10687 --- SIGCHLD {si_signo=SIGCHLD, si_code=CLD_EXITED, si_pid=10712, si_uid=1001, si_status=0, si_utime=2 /* 0.02 s */, si_stime=7 /* 0.07 s */} ---
10687 shutdown(80, SHUT_RDWR <unfinished ...>
10695 openat(AT_FDCWD, "/proc/10713/task/10718/status", O_RDONLY|O_CLOEXEC <unfinished ...>
10687 <... shutdown resumed>)           = 0
10695 <... openat resumed>)             = 39
10687 recvmsg(37, {msg_name=NULL, msg_namelen=0, msg_iov=[{iov_base="", iov_len=4096}], msg_iovlen=1, msg_controllen=0, msg_flags=0}, MSG_DONTWAIT) = 0
10687 shutdown(37, SHUT_RDWR <unfinished ...>
10695 openat(AT_FDCWD, "/proc/10713/task/10720/status", O_RDONLY|O_CLOEXEC <unfinished ...>
10687 <... shutdown resumed>)           = 0
10695 <... openat resumed>)             = 39
10695 openat(AT_FDCWD, "/proc/10713/task/10721/status", O_RDONLY|O_CLOEXEC) = 37
10695 openat(AT_FDCWD, "/proc/10713/task/10722/status", O_RDONLY|O_CLOEXEC) = 37
10695 openat(AT_FDCWD, "/proc/10713/task/10737/status", O_RDONLY|O_CLOEXEC) = 37
10695 openat(AT_FDCWD, "/proc/10712/task", O_RDONLY|O_DIRECTORY) = 37
10695 openat(AT_FDCWD, "/proc/10712/task/10712/status", O_RDONLY|O_CLOEXEC) = 37
10662 openat(AT_FDCWD, "/proc/10698/stat", O_RDONLY|O_CLOEXEC) = 39
10695 openat(AT_FDCWD, "/proc/10712/task", O_RDONLY|O_DIRECTORY) = -1 ENOENT (No such file or directory)
10695 openat(AT_FDCWD, "/proc/10712/task", O_RDONLY|O_DIRECTORY) = -1 ENOENT (No such file or directory)
10662 sendmsg(11, {msg_name=NULL, msg_namelen=0, msg_iov=[{iov_base="\f\0\0\0\2\0\0\0\0\0\0\0\312)\0\0", iov_len=16}], msg_iovlen=1, msg_controllen=0, msg_flags=0}, MSG_NOSIGNAL) = 16
10677 recvmsg(3, {msg_name=NULL, msg_namelen=0, msg_iov=[{iov_base="\f\0\0\0\2\0\0\0\0\0\0\0\312)\0\0", iov_len=65536}], msg_iovlen=1, msg_controllen=0, msg_flags=0}, 0) = 16
10662 sendto(36, "\20\0\0\0@\0\0\0\235\324\353y\0\0\0\0\30\0\26\0\0\0\0\0 \0\0\0\0\0\0\0\0\0\0\0\0\0\0\0\30\0\0\0\0\0\0\0\25\0\0\0\0\0\0\0\0\0\0\0\0\0\0\0", 64, MSG_NOSIGNAL, NULL, 0) = 64
10710 recvmsg(14,  <unfinished ...>
10662 sendto(36, "\20\0\0\0@\0\0\0\355\324\353y\0\0\0\0\30\0\26\0\0\0\0\0!\0\0\0\0\0\0\0\0\0\0\0\0\0\0\0\30\0\0\0\0\0\0\0\23\0\0\0\0\0\0\0\0\0\0\0\0\0\0\0", 64, MSG_NOSIGNAL, NULL, 0 <unfinished ...>
10710 <... recvmsg resumed>{msg_name=NULL, msg_namelen=0, msg_iov=[{iov_base="\20\0\0\0@\0\0\0\235\324\353y\0\0\0\0\30\0\26\0\0\0\0\0 \0\0\0\0\0\0\0\0\0\0\0\0\0\0\0\30\0\0\0\0\0\0\0\25\0\0\0\0\0\0\0\0\0\0\0\0\0\0\0", iov_len=4096}], msg_iovlen=1, msg_controllen=0, msg_flags=0}, MSG_DONTWAIT) = 64
10662 <... sendto resumed>)             = 64
10662 sendto(36, "\20\0\0\0@\0\0\0L\325\353y\0\0\0\0\30\0\26\0\0\0\0\0\"\0\0\0\0\0\0\0\0\0\0\0\0\0\0\0\30\0\0\0\0\0\0\0\21\0\0\0\0\0\0\0\3\0\0\0\0\0\0\0", 64, MSG_NOSIGNAL, NULL, 0) = 64
10710 recvmsg(14,  <unfinished ...>
10662 sendto(36, "\20\0\0\0@\0\0\0\224\325\353y\0\0\0\0\30\0\26\0\0\0\0\0#\0\0\0\0\0\0\0\0\0\0\0\0\0\0\0\30\0\0\0\0\0\0\0\17\0\0\0\0\0\0\0\3\0\0\0\0\0\0\0", 64, MSG_NOSIGNAL, NULL, 0 <unfinished ...>
10710 <... recvmsg resumed>{msg_name=NULL, msg_namelen=0, msg_iov=[{iov_base="\20\0\0\0@\0\0\0\355\324\353y\0\0\0\0\30\0\26\0\0\0\0\0!\0\0\0\0\0\0\0\0\0\0\0\0\0\0\0\30\0\0\0\0\0\0\0\23\0\0\0\0\0\0\0\0\0\0\0\0\0\0\0\20\0\0\0@\0\0\0L\325\353y\0\0\0\0\30\0\26\0\0\0\0\0\"\0\0\0\0\0\0\0\0\0\0\0\0\0\0\0\30\0\0\0\0\0\0\0\21\0\0\0\0\0\0\0\3\0\0\0\0\0\0\0", iov_len=4096}], msg_iovlen=1, msg_controllen=0, msg_flags=0}, MSG_DONTWAIT) = 128
10662 <... sendto resumed>)             = 64
10710 recvmsg(14,  <unfinished ...>
10662 openat(AT_FDCWD, "/proc/10698/stat", O_RDONLY|O_CLOEXEC <unfinished ...>
10710 <... recvmsg resumed>{msg_name=NULL, msg_namelen=0, msg_iov=[{iov_base="\20\0\0\0@\0\0\0\224\325\353y\0\0\0\0\30\0\26\0\0\0\0\0#\0\0\0\0\0\0\0\0\0\0\0\0\0\0\0\30\0\0\0\0\0\0\0\17\0\0\0\0\0\0\0\3\0\0\0\0\0\0\0", iov_len=4096}], msg_iovlen=1, msg_controllen=0, msg_flags=0}, MSG_DONTWAIT) = 64
10662 <... openat resumed>)             = 35
10662 sendmsg(11, {msg_name=NULL, msg_namelen=0, msg_iov=[{iov_base="\f\0\0\0\2\0\0\0\0\0\0\0\312)\0\0", iov_len=16}], msg_iovlen=1, msg_controllen=0, msg_flags=0}, MSG_NOSIGNAL) = 16
10677 recvmsg(3, {msg_name=NULL, msg_namelen=0, msg_iov=[{iov_base="\f\0\0\0\2\0\0\0\0\0\0\0\312)\0\0", iov_len=65536}], msg_iovlen=1, msg_controllen=0, msg_flags=0}, 0) = 16
10662 openat(AT_FDCWD, "/proc/10698/stat", O_RDONLY|O_CLOEXEC) = 35
10662 sendmsg(11, {msg_name=NULL, msg_namelen=0, msg_iov=[{iov_base="\f\0\0\0\2\0\0\0\0\0\0\0\312)\0\0", iov_len=16}], msg_iovlen=1, msg_controllen=0, msg_flags=0}, MSG_NOSIGNAL) = 16
10677 recvmsg(3, {msg_name=NULL, msg_namelen=0, msg_iov=[{iov_base="\f\0\0\0\2\0\0\0\0\0\0\0\312)\0\0", iov_len=65536}], msg_iovlen=1, msg_controllen=0, msg_flags=0}, 0) = 16
10662 sendto(36, "\20\0\0\0@\0\0\0\255\332\353y\0\0\0\0\30\0\26\0\0\0\0\0$\0\0\0\0\0\0\0\0\0\0\0\0\0\0\0\30\0\0\0\0\0\0\0000\0\0\0\0\0\0\0\0\0\0\0\0\0\0\0", 64, MSG_NOSIGNAL, NULL, 0) = 64
10710 recvmsg(14,  <unfinished ...>
10662 sendto(36, "\20\0\0\0@\0\0\0\n\333\353y\0\0\0\0\30\0\26\0\0\0\0\0%\0\0\0\0\0\0\0\0\0\0\0\0\0\0\0\30\0\0\0\0\0\0\0;\0\0\0\0\0\0\0\0\0\0\0\0\0\0\0", 64, MSG_NOSIGNAL, NULL, 0 <unfinished ...>
10710 <... recvmsg resumed>{msg_name=NULL, msg_namelen=0, msg_iov=[{iov_base="\20\0\0\0@\0\0\0\255\332\353y\0\0\0\0\30\0\26\0\0\0\0\0$\0\0\0\0\0\0\0\0\0\0\0\0\0\0\0\30\0\0\0\0\0\0\0000\0\0\0\0\0\0\0\0\0\0\0\0\0\0\0", iov_len=4096}], msg_iovlen=1, msg_controllen=0, msg_flags=0}, MSG_DONTWAIT) = 64
10662 <... sendto resumed>)             = 64
10710 recvmsg(14, {msg_name=NULL, msg_namelen=0, msg_iov=[{iov_base="\20\0\0\0@\0\0\0\n\333\353y\0\0\0\0\30\0\26\0\0\0\0\0%\0\0\0\0\0\0\0\0\0\0\0\0\0\0\0\30\0\0\0\0\0\0\0;\0\0\0\0\0\0\0\0\0\0\0\0\0\0\0", iov_len=4096}], msg_iovlen=1, msg_controllen=0, msg_flags=0}, MSG_DONTWAIT) = 64
10695 sendmsg(11, {msg_name=NULL, msg_namelen=0, msg_iov=[{iov_base="\10\0\0\0\1\0\0\0\312)\0\0", iov_len=12}], msg_iovlen=1, msg_controllen=0, msg_flags=0}, MSG_NOSIGNAL <unfinished ...>
10710 --- SIGTERM {si_signo=SIGTERM, si_code=SI_USER, si_pid=10662, si_uid=1001} ---
10695 <... sendmsg resumed>)            = 12
10707 ???( <unfinished ...>
10677 recvmsg(3,  <unfinished ...>
10711 +++ killed by SIGTERM +++
10710 +++ killed by SIGTERM +++
10709 +++ killed by SIGTERM +++
10708 +++ killed by SIGTERM +++
10707 +++ killed by SIGTERM +++
10706 +++ killed by SIGTERM +++
10704 +++ killed by SIGTERM +++
10703 +++ killed by SIGTERM +++
10702 +++ killed by SIGTERM +++
10701 +++ killed by SIGTERM +++
10700 +++ killed by SIGTERM +++
10677 <... recvmsg resumed>{msg_name=NULL, msg_namelen=0, msg_iov=[{iov_base="\10\0\0\0\1\0\0\0\312)\0\0", iov_len=65536}], msg_iovlen=1, msg_controllen=0, msg_flags=0}, 0) = 12
10662 sendto(36, "\20\0\0\0@\0\0\0'\335\353y\0\0\0\0\30\0\26\0\0\0\0\0&\0\0\0\0\0\0\0\0\0\0\0\0\0\0\0\30\0\0\0\0\0\0\0#\0\0\0\0\0\0\0\0\0\0\0\0\0\0\0", 64, MSG_NOSIGNAL, NULL, 0) = 64
10662 sendto(36, "\20\0\0\0@\0\0\0\272\335\353y\0\0\0\0\30\0\26\0\0\0\0\0'\0\0\0\0\0\0\0\0\0\0\0\0\0\0\0\30\0\0\0\0\0\0\0\"\0\0\0\0\0\0\0\5\0\0\0\0\0\0\0", 64, MSG_NOSIGNAL, NULL, 0) = 64
10662 sendto(36, "\20\0\0\0p\0\0\0\17\336\353y\0\0\0\0\30\0\24\0\0\0\0\0(\0\0\0\0\0\0\0\0\0\0\0\0\0\0\0H\0\0\0\0\0\0\0$\0\0\0\0\0\0\0\1\0\0\0\0\0\0\0\0\0\0\0\1\0\0\0\0\0\0\0\0\0\0\0\0y\1\0\0\1\0\0\0\0\0\0\0\0\0\0\0\0\0\0\0\0\0\0\0\0\0\0\0\0\0\0", 112, MSG_NOSIGNAL, NULL, 0) = 112
10662 sendto(36, "\20\0\0\0p\0\0\0m\336\353y\0\0\0\0\30\0\24\0\0\0\0\0)\0\0\0\0\0\0\0\0\0\0\0\0\0\0\0H\0\0\0\0\0\0\0$\0\0\0\0\0\0\0\2\0\0\0\0\0\0\0\0\0\0\0\1\0\0\0\0\0\0\0\0\0\0\0\0{\1\0\0\1\0\0\0\0\0\0\0\0\0\0\0\0\0\0\0\0\0\0\0\0\0\0\0\0\0\0", 112, MSG_NOSIGNAL, NULL, 0) = 112
10662 sendto(36, "\20\0\0\0@\0\0\0\264\336\353y\0\0\0\0\30\0\26\0\0\0\0\0*\0\0\0\0\0\0\0\0\0\0\0\0\0\0\0\30\0\0\0\0\0\0\0$\0\0\0\0\0\0\0\3\0\0\0\0\0\0\0", 64, MSG_NOSIGNAL, NULL, 0) = 64
10662 openat(AT_FDCWD, "/proc/10712/stat", O_RDONLY|O_CLOEXEC) = -1 ENOENT (No such file or directory)
10662 openat(AT_FDCWD, "/proc/10713/stat", O_RDONLY|O_CLOEXEC) = 35
10662 sendmsg(12, {msg_name=NULL, msg_namelen=0, msg_iov=[{iov_base="\f\0\0\0\2\0\0\0\0\0\0\0\331)\0\0", iov_len=16}], msg_iovlen=1, msg_controllen=0, msg_flags=0}, MSG_NOSIGNAL) = 16
10678 recvmsg(3, {msg_name=NULL, msg_namelen=0, msg_iov=[{iov_base="\f\0\0\0\2\0\0\0\0\0\0\0\331)\0\0", iov_len=65536}], msg_iovlen=1, msg_controllen=0, msg_flags=0}, 0) = 16
10662 openat(AT_FDCWD, "/proc/10713/stat", O_RDONLY|O_CLOEXEC) = 35
10662 sendmsg(12, {msg_name=NULL, msg_namelen=0, msg_iov=[{iov_base="\f\0\0\0\2\0\0\0\0\0\0\0\331)\0\0", iov_len=16}], msg_iovlen=1, msg_controllen=0, msg_flags=0}, MSG_NOSIGNAL) = 16
10678 recvmsg(3, {msg_name=NULL, msg_namelen=0, msg_iov=[{iov_base="\f\0\0\0\2\0\0\0\0\0\0\0\331)\0\0", iov_len=65536}], msg_iovlen=1, msg_controllen=0, msg_flags=0}, 0) = 16
10662 sendto(45, "\20\0\0\0@\0\0\0t\345\353y\0\0\0\0\30\0\26\0\0\0\0\09\0\0\0\0\0\0\0\0\0\0\0\0\0\0\0\30\0\0\0\0\0\0\0#\0\0\0\0\0\0\0\0\0\0\0\0\0\0\0", 64, MSG_NOSIGNAL, NULL, 0) = 64
10721 recvmsg(14,  <unfinished ...>
10662 sendto(45, "\20\0\0\0@\0\0\0\304\345\353y\0\0\0\0\30\0\26\0\0\0\0\0:\0\0\0\0\0\0\0\0\0\0\0\0\0\0\0\30\0\0\0\0\0\0\0006\0\0\0\0\0\0\0\0\0\0\0\0\0\0\0", 64, MSG_NOSIGNAL, NULL, 0 <unfinished ...>
10721 <... recvmsg resumed>{msg_name=NULL, msg_namelen=0, msg_iov=[{iov_base="\20\0\0\0@\0\0\0t\345\353y\0\0\0\0\30\0\26\0\0\0\0\09\0\0\0\0\0\0\0\0\0\0\0\0\0\0\0\30\0\0\0\0\0\0\0#\0\0\0\0\0\0\0\0\0\0\0\0\0\0\0", iov_len=4096}], msg_iovlen=1, msg_controllen=0, msg_flags=0}, MSG_DONTWAIT) = 64
10662 <... sendto resumed>)             = 64
10721 recvmsg(14, {msg_name=NULL, msg_namelen=0, msg_iov=[{iov_base="\20\0\0\0@\0\0\0\304\345\353y\0\0\0\0\30\0\26\0\0\0\0\0:\0\0\0\0\0\0\0\0\0\0\0\0\0\0\0\30\0\0\0\0\0\0\0006\0\0\0\0\0\0\0\0\0\0\0\0\0\0\0", iov_len=4096}], msg_iovlen=1, msg_controllen=0, msg_flags=0}, MSG_DONTWAIT) = 64
10721 --- SIGTERM {si_signo=SIGTERM, si_code=SI_USER, si_pid=10662, si_uid=1001} ---
10695 sendmsg(12, {msg_name=NULL, msg_namelen=0, msg_iov=[{iov_base="\10\0\0\0\1\0\0\0\331)\0\0", iov_len=12}], msg_iovlen=1, msg_controllen=0, msg_flags=0}, MSG_NOSIGNAL <unfinished ...>
10662 sendto(45, "\20\0\0\0@\0\0\0\205\347\353y\0\0\0\0\30\0\26\0\0\0\0\0;\0\0\0\0\0\0\0\0\0\0\0\0\0\0\0\30\0\0\0\0\0\0\0\32\0\0\0\0\0\0\0\1\0\0\0\0\0\0\0", 64, MSG_NOSIGNAL, NULL, 0 <unfinished ...>
10737 +++ killed by SIGTERM +++
10722 +++ killed by SIGTERM +++
10721 +++ killed by SIGTERM +++
10720 +++ killed by SIGTERM +++
10718 +++ killed by SIGTERM +++
10717 +++ killed by SIGTERM +++
10695 <... sendmsg resumed>)            = 12
10678 recvmsg(3, {msg_name=NULL, msg_namelen=0, msg_iov=[{iov_base="\10\0\0\0\1\0\0\0\331)\0\0", iov_len=65536}], msg_iovlen=1, msg_controllen=0, msg_flags=0}, 0) = 12
10662 <... sendto resumed>)             = 64
10662 sendto(45, "\20\0\0\0@\0\0\0\321\350\353y\0\0\0\0\30\0\26\0\0\0\0\0<\0\0\0\0\0\0\0\0\0\0\0\0\0\0\0\30\0\0\0\0\0\0\0\31\0\0\0\0\0\0\0\5\0\0\0\0\0\0\0", 64, MSG_NOSIGNAL, NULL, 0) = 64
10662 sendto(36, "\20\0\0\0@\0\0\0\1\353\353y\0\0\0\0\30\0\26\0\0\0\0\0+\0\0\0\0\0\0\0\0\0\0\0\0\0\0\0\30\0\0\0\0\0\0\0\35\0\0\0\0\0\0\0\0\0\0\0\0\0\0\0", 64, MSG_NOSIGNAL, NULL, 0) = 64
10662 sendto(36, "\20\0\0\0@\0\0\0_\353\353y\0\0\0\0\30\0\26\0\0\0\0\0,\0\0\0\0\0\0\0\0\0\0\0\0\0\0\0\30\0\0\0\0\0\0\0\33\0\0\0\0\0\0\0\0\0\0\0\0\0\0\0", 64, MSG_NOSIGNAL, NULL, 0) = 64
10705 +++ killed by SIGTERM +++
10698 +++ killed by SIGTERM +++
10677 --- SIGCHLD {si_signo=SIGCHLD, si_code=CLD_KILLED, si_pid=10698, si_uid=1001, si_status=SIGTERM, si_utime=1 /* 0.01 s */, si_stime=3 /* 0.03 s */} ---
10687 recvmsg(33, {msg_name=NULL, msg_namelen=0, msg_iov=[{iov_base="", iov_len=4096}], msg_iovlen=1, msg_controllen=0, msg_flags=0}, MSG_DONTWAIT) = 0
10687 recvmsg(36, {msg_namelen=0}, MSG_DONTWAIT) = -1 ECONNRESET (Connection reset by peer)
10687 shutdown(33, SHUT_RDWR)           = 0
10687 shutdown(36, SHUT_RDWR)           = 0
10687 shutdown(45, SHUT_RDWR <unfinished ...>
10715 +++ killed by SIGTERM +++
10713 +++ killed by SIGTERM +++
10687 <... shutdown resumed>)           = 0
10678 --- SIGCHLD {si_signo=SIGCHLD, si_code=CLD_KILLED, si_pid=10713, si_uid=1001, si_status=SIGTERM, si_utime=0, si_stime=2 /* 0.02 s */} ---
10687 shutdown(64, SHUT_RDWR)           = 0
10684 openat(AT_FDCWD, "/tmp/playwright_chromiumdev_profile-92XQZ9/Default/Feedback Reports", O_RDONLY|O_NONBLOCK|O_CLOEXEC|O_DIRECTORY) = -1 ENOENT (No such file or directory)
10683 openat(AT_FDCWD, "/tmp/playwright_chromiumdev_profile-92XQZ9/first_party_sets.db", O_RDWR|O_CREAT|O_NOFOLLOW|O_CLOEXEC, 0600 <unfinished ...>
10682 openat(AT_FDCWD, "/tmp/playwright_chromiumdev_profile-92XQZ9/Default/declarative_performance_observer.db", O_RDWR|O_CREAT|O_NOFOLLOW|O_CLOEXEC, 0600 <unfinished ...>
10683 <... openat resumed>)             = 23
10682 <... openat resumed>)             = 24
10683 openat(AT_FDCWD, "/tmp/playwright_chromiumdev_profile-92XQZ9/first_party_sets.db-journal", O_RDWR|O_CREAT|O_NOFOLLOW|O_CLOEXEC, 0600) = 27
10682 openat(AT_FDCWD, "/tmp/playwright_chromiumdev_profile-92XQZ9/Default/declarative_performance_observer.db-journal", O_RDWR|O_CREAT|O_NOFOLLOW|O_CLOEXEC, 0600) = 28
10682 openat(AT_FDCWD, "/tmp/playwright_chromiumdev_profile-92XQZ9/Default", O_RDONLY|O_CLOEXEC) = 33
10683 openat(AT_FDCWD, "/tmp/playwright_chromiumdev_profile-92XQZ9", O_RDONLY|O_CLOEXEC) = 35
10683 openat(AT_FDCWD, "/tmp/playwright_chromiumdev_profile-92XQZ9/Default/.com.google.Chrome.BookmarkMergedSurfaceOrdering.glj5Bz", O_RDWR|O_CREAT|O_EXCL, 0600) = 33
10662 openat(AT_FDCWD, "/tmp/com.google.Chrome.0FcP42", O_RDONLY|O_NOFOLLOW|O_CLOEXEC|O_DIRECTORY) = 24
10678 recvmsg(3,  <unfinished ...>
10677 recvmsg(3,  <unfinished ...>
10678 <... recvmsg resumed>{msg_name=NULL, msg_namelen=0, msg_iov=[{iov_base="", iov_len=65536}], msg_iovlen=1, msg_controllen=0, msg_flags=0}, 0) = 0
10670 recvmsg(7, {msg_name=NULL, msg_namelen=0, msg_iov=[{iov_base="", iov_len=40}], msg_iovlen=1, msg_controllen=0, msg_flags=0}, 0) = 0
10677 <... recvmsg resumed>{msg_name=NULL, msg_namelen=0, msg_iov=[{iov_base="", iov_len=65536}], msg_iovlen=1, msg_controllen=0, msg_flags=0}, 0) = 0
10642 --- SIGCHLD {si_signo=SIGCHLD, si_code=CLD_EXITED, si_pid=10662, si_uid=1001, si_status=0, si_utime=14 /* 0.14 s */, si_stime=27 /* 0.27 s */} ---
10672 recvmsg(4, {msg_name=NULL, msg_namelen=0, msg_iov=[{iov_base="", iov_len=40}], msg_iovlen=1, msg_controllen=0, msg_flags=0}, 0) = 0
10642 shutdown(21, SHUT_WR)             = 0
10642 shutdown(23, SHUT_WR)             = 0
10650 openat(AT_FDCWD, "/tmp/playwright_chromiumdev_profile-92XQZ9", O_RDONLY|O_NONBLOCK|O_CLOEXEC|O_DIRECTORY) = 21
10651 openat(AT_FDCWD, "/tmp/playwright_chromiumdev_profile-92XQZ9/Default", O_RDONLY|O_NONBLOCK|O_CLOEXEC|O_DIRECTORY) = 21
10650 openat(AT_FDCWD, "/tmp/playwright_chromiumdev_profile-92XQZ9/GPUPersistentCache", O_RDONLY|O_NONBLOCK|O_CLOEXEC|O_DIRECTORY) = 22
10653 openat(AT_FDCWD, "/tmp/playwright_chromiumdev_profile-92XQZ9/segmentation_platform", O_RDONLY|O_NONBLOCK|O_CLOEXEC|O_DIRECTORY) = 21
10653 openat(AT_FDCWD, "/sys/devices/system/cpu/online", O_RDONLY|O_CLOEXEC) = 22
10650 openat(AT_FDCWD, "/tmp/playwright_chromiumdev_profile-92XQZ9/Default/ClientCertificates", O_RDONLY|O_NONBLOCK|O_CLOEXEC|O_DIRECTORY <unfinished ...>
10653 openat(AT_FDCWD, "/tmp/playwright_chromiumdev_profile-92XQZ9/Default/Cache", O_RDONLY|O_NONBLOCK|O_CLOEXEC|O_DIRECTORY <unfinished ...>
10650 <... openat resumed>)             = 21
10653 <... openat resumed>)             = 22
10651 openat(AT_FDCWD, "/tmp/playwright_chromiumdev_profile-92XQZ9/Default/Code Cache", O_RDONLY|O_NONBLOCK|O_CLOEXEC|O_DIRECTORY) = 23
10652 openat(AT_FDCWD, "/tmp/playwright_chromiumdev_profile-92XQZ9/Default/Extension Rules", O_RDONLY|O_NONBLOCK|O_CLOEXEC|O_DIRECTORY) = 24
10653 openat(AT_FDCWD, "/tmp/playwright_chromiumdev_profile-92XQZ9/Default/Extension Scripts", O_RDONLY|O_NONBLOCK|O_CLOEXEC|O_DIRECTORY) = 21
10650 openat(AT_FDCWD, "/tmp/playwright_chromiumdev_profile-92XQZ9/Default/Extension State", O_RDONLY|O_NONBLOCK|O_CLOEXEC|O_DIRECTORY) = 22
10653 openat(AT_FDCWD, "/tmp/playwright_chromiumdev_profile-92XQZ9/Default/Local Storage", O_RDONLY|O_NONBLOCK|O_CLOEXEC|O_DIRECTORY) = 21
10651 openat(AT_FDCWD, "/tmp/playwright_chromiumdev_profile-92XQZ9/Default/PersistentOriginTrials", O_RDONLY|O_NONBLOCK|O_CLOEXEC|O_DIRECTORY) = 23
10650 openat(AT_FDCWD, "/tmp/playwright_chromiumdev_profile-92XQZ9/Default/Segmentation Platform", O_RDONLY|O_NONBLOCK|O_CLOEXEC|O_DIRECTORY <unfinished ...>
10652 openat(AT_FDCWD, "/tmp/playwright_chromiumdev_profile-92XQZ9/Default/Shared Dictionary", O_RDONLY|O_NONBLOCK|O_CLOEXEC|O_DIRECTORY) = 24
10650 <... openat resumed>)             = 22
10653 openat(AT_FDCWD, "/tmp/playwright_chromiumdev_profile-92XQZ9/Default/Site Characteristics Database", O_RDONLY|O_NONBLOCK|O_CLOEXEC|O_DIRECTORY) = 21
10651 openat(AT_FDCWD, "/tmp/playwright_chromiumdev_profile-92XQZ9/Default/Sync Data", O_RDONLY|O_NONBLOCK|O_CLOEXEC|O_DIRECTORY) = 23
10652 openat(AT_FDCWD, "/tmp/playwright_chromiumdev_profile-92XQZ9/Default/chrome_cart_db", O_RDONLY|O_NONBLOCK|O_CLOEXEC|O_DIRECTORY) = 21
10650 openat(AT_FDCWD, "/tmp/playwright_chromiumdev_profile-92XQZ9/Default/commerce_subscription_db", O_RDONLY|O_NONBLOCK|O_CLOEXEC|O_DIRECTORY) = 22
10653 openat(AT_FDCWD, "/tmp/playwright_chromiumdev_profile-92XQZ9/Default/parcel_tracking_db", O_RDONLY|O_NONBLOCK|O_CLOEXEC|O_DIRECTORY) = 24
10651 openat(AT_FDCWD, "/tmp/playwright_chromiumdev_profile-92XQZ9/Default/discount_infos_db", O_RDONLY|O_NONBLOCK|O_CLOEXEC|O_DIRECTORY) = 21
10652 openat(AT_FDCWD, "/tmp/playwright_chromiumdev_profile-92XQZ9/Default/shared_proto_db", O_RDONLY|O_NONBLOCK|O_CLOEXEC|O_DIRECTORY) = 22
10653 openat(AT_FDCWD, "/tmp/playwright_chromiumdev_profile-92XQZ9/Default/discounts_db", O_RDONLY|O_NONBLOCK|O_CLOEXEC|O_DIRECTORY) = 23
10650 openat(AT_FDCWD, "/tmp/playwright_chromiumdev_profile-92XQZ9/GPUPersistentCache/GPUCache", O_RDONLY|O_NONBLOCK|O_CLOEXEC|O_DIRECTORY) = 21
10650 openat(AT_FDCWD, "/tmp/playwright_chromiumdev_profile-92XQZ9/Default/Cache/Cache_Data", O_RDONLY|O_NONBLOCK|O_CLOEXEC|O_DIRECTORY) = 21
10651 openat(AT_FDCWD, "/tmp/playwright_chromiumdev_profile-92XQZ9/Default/Code Cache/wasm", O_RDONLY|O_NONBLOCK|O_CLOEXEC|O_DIRECTORY <unfinished ...>
10653 openat(AT_FDCWD, "/tmp/playwright_chromiumdev_profile-92XQZ9/Default/Cache/No_Vary_Search", O_RDONLY|O_NONBLOCK|O_CLOEXEC|O_DIRECTORY <unfinished ...>
10651 <... openat resumed>)             = 22
10653 <... openat resumed>)             = 23
10652 openat(AT_FDCWD, "/tmp/playwright_chromiumdev_profile-92XQZ9/Default/Code Cache/js", O_RDONLY|O_NONBLOCK|O_CLOEXEC|O_DIRECTORY) = 24
10653 openat(AT_FDCWD, "/tmp/playwright_chromiumdev_profile-92XQZ9/Default/Shared Dictionary/cache", O_RDONLY|O_NONBLOCK|O_CLOEXEC|O_DIRECTORY) = 21
10650 openat(AT_FDCWD, "/tmp/playwright_chromiumdev_profile-92XQZ9/Default/Local Storage/leveldb", O_RDONLY|O_NONBLOCK|O_CLOEXEC|O_DIRECTORY) = 22
10652 openat(AT_FDCWD, "/tmp/playwright_chromiumdev_profile-92XQZ9/Default/Segmentation Platform/SignalStorageConfigDB", O_RDONLY|O_NONBLOCK|O_CLOEXEC|O_DIRECTORY) = 21
10653 openat(AT_FDCWD, "/tmp/playwright_chromiumdev_profile-92XQZ9/Default/Segmentation Platform/SegmentInfoDB", O_RDONLY|O_NONBLOCK|O_CLOEXEC|O_DIRECTORY) = 23
10651 openat(AT_FDCWD, "/tmp/playwright_chromiumdev_profile-92XQZ9/Default/Segmentation Platform/SignalDB", O_RDONLY|O_NONBLOCK|O_CLOEXEC|O_DIRECTORY) = 24
10650 openat(AT_FDCWD, "/tmp/playwright_chromiumdev_profile-92XQZ9/Default/Sync Data/LevelDB", O_RDONLY|O_NONBLOCK|O_CLOEXEC|O_DIRECTORY) = 21
10652 openat(AT_FDCWD, "/tmp/playwright_chromiumdev_profile-92XQZ9/Default/shared_proto_db/metadata", O_RDONLY|O_NONBLOCK|O_CLOEXEC|O_DIRECTORY) = 22
10651 openat(AT_FDCWD, "/tmp/playwright_chromiumdev_profile-92XQZ9/GPUPersistentCache/GPUCache/UFESZEW7QIH6WTE655CKMG6KM4OROEZG", O_RDONLY|O_NONBLOCK|O_CLOEXEC|O_DIRECTORY) = 21
10652 openat(AT_FDCWD, "/tmp/playwright_chromiumdev_profile-92XQZ9/Default/Code Cache/js/index-dir", O_RDONLY|O_NONBLOCK|O_CLOEXEC|O_DIRECTORY) = 21
10651 openat(AT_FDCWD, "/tmp/playwright_chromiumdev_profile-92XQZ9/Default/Cache/Cache_Data/index-dir", O_RDONLY|O_NONBLOCK|O_CLOEXEC|O_DIRECTORY) = 22
10652 openat(AT_FDCWD, "/tmp/playwright_chromiumdev_profile-92XQZ9/Default/Code Cache/wasm/index-dir", O_RDONLY|O_NONBLOCK|O_CLOEXEC|O_DIRECTORY <unfinished ...>
10650 openat(AT_FDCWD, "/tmp/playwright_chromiumdev_profile-92XQZ9/Default/Shared Dictionary/cache/index-dir", O_RDONLY|O_NONBLOCK|O_CLOEXEC|O_DIRECTORY <unfinished ...>
10652 <... openat resumed>)             = 21
10650 <... openat resumed>)             = 22
10650 openat(AT_FDCWD, "/tmp/deckrender-local-AKMEYe", O_RDONLY|O_NONBLOCK|O_CLOEXEC|O_DIRECTORY) = 21
10651 openat(AT_FDCWD, "/tmp/deckrender-local-AKMEYe/office2html", O_RDONLY|O_NONBLOCK|O_CLOEXEC|O_DIRECTORY) = 21
10650 openat(AT_FDCWD, "/tmp/deckrender-local-AKMEYe/office2html/slides", O_RDONLY|O_NONBLOCK|O_CLOEXEC|O_DIRECTORY) = 21
