10768 openat(AT_FDCWD, "/opt/hostedtoolcache/Python/3.12.14/x64/lib/glibc-hwcaps/x86-64-v3/libdl.so.2", O_RDONLY|O_CLOEXEC) = -1 ENOENT (No such file or directory)
10768 openat(AT_FDCWD, "/opt/hostedtoolcache/Python/3.12.14/x64/lib/glibc-hwcaps/x86-64-v2/libdl.so.2", O_RDONLY|O_CLOEXEC) = -1 ENOENT (No such file or directory)
10768 openat(AT_FDCWD, "/opt/hostedtoolcache/Python/3.12.14/x64/lib/libdl.so.2", O_RDONLY|O_CLOEXEC) = -1 ENOENT (No such file or directory)
10768 openat(AT_FDCWD, "/etc/ld.so.cache", O_RDONLY|O_CLOEXEC) = 3
10768 openat(AT_FDCWD, "/lib/x86_64-linux-gnu/libdl.so.2", O_RDONLY|O_CLOEXEC) = 3
10768 openat(AT_FDCWD, "/opt/hostedtoolcache/Python/3.12.14/x64/lib/libstdc++.so.6", O_RDONLY|O_CLOEXEC) = -1 ENOENT (No such file or directory)
10768 openat(AT_FDCWD, "/lib/x86_64-linux-gnu/libstdc++.so.6", O_RDONLY|O_CLOEXEC) = 3
10768 openat(AT_FDCWD, "/opt/hostedtoolcache/Python/3.12.14/x64/lib/libm.so.6", O_RDONLY|O_CLOEXEC) = -1 ENOENT (No such file or directory)
10768 openat(AT_FDCWD, "/lib/x86_64-linux-gnu/libm.so.6", O_RDONLY|O_CLOEXEC) = 3
10768 openat(AT_FDCWD, "/opt/hostedtoolcache/Python/3.12.14/x64/lib/libgcc_s.so.1", O_RDONLY|O_CLOEXEC) = -1 ENOENT (No such file or directory)
10768 openat(AT_FDCWD, "/lib/x86_64-linux-gnu/libgcc_s.so.1", O_RDONLY|O_CLOEXEC) = 3
10768 openat(AT_FDCWD, "/opt/hostedtoolcache/Python/3.12.14/x64/lib/libpthread.so.0", O_RDONLY|O_CLOEXEC) = -1 ENOENT (No such file or directory)
10768 openat(AT_FDCWD, "/lib/x86_64-linux-gnu/libpthread.so.0", O_RDONLY|O_CLOEXEC) = 3
10768 openat(AT_FDCWD, "/opt/hostedtoolcache/Python/3.12.14/x64/lib/libc.so.6", O_RDONLY|O_CLOEXEC) = -1 ENOENT (No such file or directory)
10768 openat(AT_FDCWD, "/lib/x86_64-linux-gnu/libc.so.6", O_RDONLY|O_CLOEXEC) = 3
10768 openat(AT_FDCWD, "/etc/ssl/openssl.cnf", O_RDONLY) = 3
10768 openat(AT_FDCWD, "/proc/version_signature", O_RDONLY|O_CLOEXEC) = 4
10768 openat(AT_FDCWD, "/proc/self/cgroup", O_RDONLY|O_CLOEXEC) = 20
10768 openat(AT_FDCWD, "/sys/fs/cgroup/system.slice/hosted-compute-agent.service/memory.max", O_RDONLY|O_CLOEXEC) = 20
10768 openat(AT_FDCWD, "/sys/fs/cgroup/system.slice/hosted-compute-agent.service/memory.high", O_RDONLY|O_CLOEXEC) = 20
10768 openat(AT_FDCWD, "/proc/meminfo", O_RDONLY|O_CLOEXEC) = 20
10768 openat(AT_FDCWD, "/proc/self/maps", O_RDONLY|O_CLOEXEC) = 20
10768 openat(AT_FDCWD, "/proc/self/maps", O_RDONLY) = 20
10768 openat(AT_FDCWD, "/proc/self/maps", O_RDONLY) = 20
10768 openat(AT_FDCWD, "/opt/hostedtoolcache/node/22.23.2/x64/bin/node", O_RDONLY) = 20
10768 openat(AT_FDCWD, "/home/runner/work/deckrender-acceptance/deckrender-acceptance/benchmark/adapters/credential-probe.cjs", O_RDONLY|O_CLOEXEC) = 20
10768 openat(AT_FDCWD, "/home/runner/work/deckrender-acceptance/deckrender-acceptance/benchmark/artifacts/acceptance/runs/34586780041-local/evidence/REN-R07-render-ce97bc5e71bb/credentials.jsonl", O_WRONLY|O_CREAT|O_APPEND|O_CLOEXEC, 0666) = 20
10768 openat(AT_FDCWD, "/home/runner/work/deckrender-acceptance/deckrender-acceptance/benchmark/adapters/sdk.mjs", O_RDONLY|O_CLOEXEC) = 20
10768 openat(AT_FDCWD, "/home/runner/work/deckrender-acceptance/deckrender-acceptance/benchmark/artifacts/acceptance/runs/34586780041-local/evidence/REN-R07-render-ce97bc5e71bb/request.json", O_RDONLY|O_CLOEXEC) = 20
10768 openat(AT_FDCWD, "/home/runner/work/deckrender-acceptance/deckrender-acceptance/benchmark/artifacts/acceptance/runtimes/v0.3.1/node_modules/@deckflow/deckrender/dist/package.json", O_RDONLY|O_CLOEXEC) = -1 ENOENT (No such file or directory)
10768 openat(AT_FDCWD, "/home/runner/work/deckrender-acceptance/deckrender-acceptance/benchmark/artifacts/acceptance/runtimes/v0.3.1/node_modules/@deckflow/deckrender/package.json", O_RDONLY|O_CLOEXEC) = 20
10768 openat(AT_FDCWD, "/home/runner/work/deckrender-acceptance/deckrender-acceptance/benchmark/artifacts/acceptance/runtimes/v0.3.1/node_modules/@deckflow/deckrender/dist/index.js", O_RDONLY|O_CLOEXEC) = 20
10768 openat(AT_FDCWD, "/home/runner/work/deckrender-acceptance/deckrender-acceptance/benchmark/artifacts/acceptance/runtimes/v0.3.1/node_modules/@deckflow/deckrender/dist/package.json", O_RDONLY|O_CLOEXEC) = -1 ENOENT (No such file or directory)
10768 openat(AT_FDCWD, "/home/runner/work/deckrender-acceptance/deckrender-acceptance/benchmark/artifacts/acceptance/runtimes/v0.3.1/node_modules/@deckops/sdk/package.json", O_RDONLY|O_CLOEXEC) = 20
10768 openat(AT_FDCWD, "/home/runner/work/deckrender-acceptance/deckrender-acceptance/benchmark/artifacts/acceptance/runtimes/v0.3.1/node_modules/@deckops/sdk/dist/package.json", O_RDONLY|O_CLOEXEC) = -1 ENOENT (No such file or directory)
10768 openat(AT_FDCWD, "/home/runner/work/deckrender-acceptance/deckrender-acceptance/benchmark/artifacts/acceptance/runtimes/v0.3.1/node_modules/@deckflow/deckrender/dist/package.json", O_RDONLY|O_CLOEXEC) = -1 ENOENT (No such file or directory)
10768 openat(AT_FDCWD, "/home/runner/work/deckrender-acceptance/deckrender-acceptance/benchmark/artifacts/acceptance/runtimes/v0.3.1/node_modules/p-limit/package.json", O_RDONLY|O_CLOEXEC) = 20
10768 openat(AT_FDCWD, "/home/runner/work/deckrender-acceptance/deckrender-acceptance/benchmark/artifacts/acceptance/runtimes/v0.3.1/node_modules/@deckflow/deckrender/dist/package.json", O_RDONLY|O_CLOEXEC) = -1 ENOENT (No such file or directory)
10768 openat(AT_FDCWD, "/home/runner/work/deckrender-acceptance/deckrender-acceptance/benchmark/artifacts/acceptance/runtimes/v0.3.1/node_modules/zod/package.json", O_RDONLY|O_CLOEXEC) = 20
10768 openat(AT_FDCWD, "/home/runner/work/deckrender-acceptance/deckrender-acceptance/benchmark/artifacts/acceptance/runtimes/v0.3.1/node_modules/@deckops/sdk/dist/index.js", O_RDONLY|O_CLOEXEC) = 20
10768 openat(AT_FDCWD, "/home/runner/work/deckrender-acceptance/deckrender-acceptance/benchmark/artifacts/acceptance/runtimes/v0.3.1/node_modules/p-limit/index.js", O_RDONLY|O_CLOEXEC) = 20
10768 openat(AT_FDCWD, "/dev/null", O_RDONLY|O_CLOEXEC) = 20
10768 openat(AT_FDCWD, "/home/runner/work/deckrender-acceptance/deckrender-acceptance/benchmark/artifacts/acceptance/runtimes/v0.3.1/node_modules/zod/index.js", O_RDONLY|O_CLOEXEC) = 21
10768 openat(AT_FDCWD, "/home/runner/work/deckrender-acceptance/deckrender-acceptance/benchmark/artifacts/acceptance/runtimes/v0.3.1/node_modules/@deckops/sdk/dist/package.json", O_RDONLY|O_CLOEXEC) = -1 ENOENT (No such file or directory)
10768 openat(AT_FDCWD, "/home/runner/work/deckrender-acceptance/deckrender-acceptance/benchmark/artifacts/acceptance/runtimes/v0.3.1/node_modules/axios/package.json", O_RDONLY|O_CLOEXEC) = 21
10768 openat(AT_FDCWD, "/home/runner/work/deckrender-acceptance/deckrender-acceptance/benchmark/artifacts/acceptance/runtimes/v0.3.1/node_modules/@deckops/sdk/dist/package.json", O_RDONLY|O_CLOEXEC) = -1 ENOENT (No such file or directory)
10768 openat(AT_FDCWD, "/home/runner/work/deckrender-acceptance/deckrender-acceptance/benchmark/artifacts/acceptance/runtimes/v0.3.1/node_modules/@deckops/sdk/dist/package.json", O_RDONLY|O_CLOEXEC) = -1 ENOENT (No such file or directory)
10768 openat(AT_FDCWD, "/home/runner/work/deckrender-acceptance/deckrender-acceptance/benchmark/artifacts/acceptance/runtimes/v0.3.1/node_modules/eventsource-parser/package.json", O_RDONLY|O_CLOEXEC) = 21
10768 openat(AT_FDCWD, "/home/runner/work/deckrender-acceptance/deckrender-acceptance/benchmark/artifacts/acceptance/runtimes/v0.3.1/node_modules/eventsource-parser/dist/package.json", O_RDONLY|O_CLOEXEC) = -1 ENOENT (No such file or directory)
10768 openat(AT_FDCWD, "/home/runner/work/deckrender-acceptance/deckrender-acceptance/benchmark/artifacts/acceptance/runtimes/v0.3.1/node_modules/yocto-queue/package.json", O_RDONLY|O_CLOEXEC) = 21
10768 openat(AT_FDCWD, "/home/runner/work/deckrender-acceptance/deckrender-acceptance/benchmark/artifacts/acceptance/runtimes/v0.3.1/node_modules/zod/v3/package.json", O_RDONLY|O_CLOEXEC) = -1 ENOENT (No such file or directory)
10768 openat(AT_FDCWD, "/home/runner/work/deckrender-acceptance/deckrender-acceptance/benchmark/artifacts/acceptance/runtimes/v0.3.1/node_modules/axios/index.js", O_RDONLY|O_CLOEXEC) = 21
10768 openat(AT_FDCWD, "/home/runner/work/deckrender-acceptance/deckrender-acceptance/benchmark/artifacts/acceptance/runtimes/v0.3.1/node_modules/eventsource-parser/dist/index.js", O_RDONLY|O_CLOEXEC) = 21
10768 openat(AT_FDCWD, "/home/runner/work/deckrender-acceptance/deckrender-acceptance/benchmark/artifacts/acceptance/runtimes/v0.3.1/node_modules/yocto-queue/index.js", O_RDONLY|O_CLOEXEC) = 21
10768 openat(AT_FDCWD, "/home/runner/work/deckrender-acceptance/deckrender-acceptance/benchmark/artifacts/acceptance/runtimes/v0.3.1/node_modules/zod/v3/external.js", O_RDONLY|O_CLOEXEC) = 21
10768 openat(AT_FDCWD, "/home/runner/work/deckrender-acceptance/deckrender-acceptance/benchmark/artifacts/acceptance/runtimes/v0.3.1/node_modules/axios/lib/package.json", O_RDONLY|O_CLOEXEC) = -1 ENOENT (No such file or directory)
10768 openat(AT_FDCWD, "/home/runner/work/deckrender-acceptance/deckrender-acceptance/benchmark/artifacts/acceptance/runtimes/v0.3.1/node_modules/zod/v3/package.json", O_RDONLY|O_CLOEXEC) = -1 ENOENT (No such file or directory)
10768 openat(AT_FDCWD, "/home/runner/work/deckrender-acceptance/deckrender-acceptance/benchmark/artifacts/acceptance/runtimes/v0.3.1/node_modules/zod/v3/helpers/package.json", O_RDONLY|O_CLOEXEC) = -1 ENOENT (No such file or directory)
10768 openat(AT_FDCWD, "/home/runner/work/deckrender-acceptance/deckrender-acceptance/benchmark/artifacts/acceptance/runtimes/v0.3.1/node_modules/zod/v3/package.json", O_RDONLY|O_CLOEXEC) = -1 ENOENT (No such file or directory)
10768 openat(AT_FDCWD, "/home/runner/work/deckrender-acceptance/deckrender-acceptance/benchmark/artifacts/acceptance/runtimes/v0.3.1/node_modules/zod/v3/helpers/package.json", O_RDONLY|O_CLOEXEC) = -1 ENOENT (No such file or directory)
10768 openat(AT_FDCWD, "/home/runner/work/deckrender-acceptance/deckrender-acceptance/benchmark/artifacts/acceptance/runtimes/v0.3.1/node_modules/zod/v3/package.json", O_RDONLY|O_CLOEXEC) = -1 ENOENT (No such file or directory)
10768 openat(AT_FDCWD, "/home/runner/work/deckrender-acceptance/deckrender-acceptance/benchmark/artifacts/acceptance/runtimes/v0.3.1/node_modules/zod/v3/helpers/package.json", O_RDONLY|O_CLOEXEC) = -1 ENOENT (No such file or directory)
10768 openat(AT_FDCWD, "/home/runner/work/deckrender-acceptance/deckrender-acceptance/benchmark/artifacts/acceptance/runtimes/v0.3.1/node_modules/zod/v3/package.json", O_RDONLY|O_CLOEXEC) = -1 ENOENT (No such file or directory)
10768 openat(AT_FDCWD, "/home/runner/work/deckrender-acceptance/deckrender-acceptance/benchmark/artifacts/acceptance/runtimes/v0.3.1/node_modules/zod/v3/package.json", O_RDONLY|O_CLOEXEC) = -1 ENOENT (No such file or directory)
10768 openat(AT_FDCWD, "/home/runner/work/deckrender-acceptance/deckrender-acceptance/benchmark/artifacts/acceptance/runtimes/v0.3.1/node_modules/zod/v3/package.json", O_RDONLY|O_CLOEXEC) = -1 ENOENT (No such file or directory)
10768 openat(AT_FDCWD, "/home/runner/work/deckrender-acceptance/deckrender-acceptance/benchmark/artifacts/acceptance/runtimes/v0.3.1/node_modules/axios/lib/axios.js", O_RDONLY|O_CLOEXEC) = 21
10768 openat(AT_FDCWD, "/home/runner/work/deckrender-acceptance/deckrender-acceptance/benchmark/artifacts/acceptance/runtimes/v0.3.1/node_modules/zod/v3/errors.js", O_RDONLY|O_CLOEXEC) = 21
10768 openat(AT_FDCWD, "/home/runner/work/deckrender-acceptance/deckrender-acceptance/benchmark/artifacts/acceptance/runtimes/v0.3.1/node_modules/zod/v3/helpers/parseUtil.js", O_RDONLY|O_CLOEXEC) = 21
10768 openat(AT_FDCWD, "/home/runner/work/deckrender-acceptance/deckrender-acceptance/benchmark/artifacts/acceptance/runtimes/v0.3.1/node_modules/zod/v3/helpers/typeAliases.js", O_RDONLY|O_CLOEXEC) = 21
10768 openat(AT_FDCWD, "/home/runner/work/deckrender-acceptance/deckrender-acceptance/benchmark/artifacts/acceptance/runtimes/v0.3.1/node_modules/zod/v3/helpers/util.js", O_RDONLY|O_CLOEXEC) = 21
10768 openat(AT_FDCWD, "/home/runner/work/deckrender-acceptance/deckrender-acceptance/benchmark/artifacts/acceptance/runtimes/v0.3.1/node_modules/zod/v3/types.js", O_RDONLY|O_CLOEXEC) = 21
10768 openat(AT_FDCWD, "/home/runner/work/deckrender-acceptance/deckrender-acceptance/benchmark/artifacts/acceptance/runtimes/v0.3.1/node_modules/zod/v3/ZodError.js", O_RDONLY|O_CLOEXEC) = 21
10768 openat(AT_FDCWD, "/home/runner/work/deckrender-acceptance/deckrender-acceptance/benchmark/artifacts/acceptance/runtimes/v0.3.1/node_modules/axios/lib/package.json", O_RDONLY|O_CLOEXEC) = -1 ENOENT (No such file or directory)
10768 openat(AT_FDCWD, "/home/runner/work/deckrender-acceptance/deckrender-acceptance/benchmark/artifacts/acceptance/runtimes/v0.3.1/node_modules/axios/lib/helpers/package.json", O_RDONLY|O_CLOEXEC) = -1 ENOENT (No such file or directory)
10768 openat(AT_FDCWD, "/home/runner/work/deckrender-acceptance/deckrender-acceptance/benchmark/artifacts/acceptance/runtimes/v0.3.1/node_modules/axios/lib/package.json", O_RDONLY|O_CLOEXEC) = -1 ENOENT (No such file or directory)
10768 openat(AT_FDCWD, "/home/runner/work/deckrender-acceptance/deckrender-acceptance/benchmark/artifacts/acceptance/runtimes/v0.3.1/node_modules/axios/lib/core/package.json", O_RDONLY|O_CLOEXEC) = -1 ENOENT (No such file or directory)
10768 openat(AT_FDCWD, "/home/runner/work/deckrender-acceptance/deckrender-acceptance/benchmark/artifacts/acceptance/runtimes/v0.3.1/node_modules/axios/lib/package.json", O_RDONLY|O_CLOEXEC) = -1 ENOENT (No such file or directory)
10768 openat(AT_FDCWD, "/home/runner/work/deckrender-acceptance/deckrender-acceptance/benchmark/artifacts/acceptance/runtimes/v0.3.1/node_modules/axios/lib/core/package.json", O_RDONLY|O_CLOEXEC) = -1 ENOENT (No such file or directory)
10768 openat(AT_FDCWD, "/home/runner/work/deckrender-acceptance/deckrender-acceptance/benchmark/artifacts/acceptance/runtimes/v0.3.1/node_modules/axios/lib/package.json", O_RDONLY|O_CLOEXEC) = -1 ENOENT (No such file or directory)
10768 openat(AT_FDCWD, "/home/runner/work/deckrender-acceptance/deckrender-acceptance/benchmark/artifacts/acceptance/runtimes/v0.3.1/node_modules/axios/lib/defaults/package.json", O_RDONLY|O_CLOEXEC) = -1 ENOENT (No such file or directory)
10768 openat(AT_FDCWD, "/home/runner/work/deckrender-acceptance/deckrender-acceptance/benchmark/artifacts/acceptance/runtimes/v0.3.1/node_modules/axios/lib/package.json", O_RDONLY|O_CLOEXEC) = -1 ENOENT (No such file or directory)
10768 openat(AT_FDCWD, "/home/runner/work/deckrender-acceptance/deckrender-acceptance/benchmark/artifacts/acceptance/runtimes/v0.3.1/node_modules/axios/lib/helpers/package.json", O_RDONLY|O_CLOEXEC) = -1 ENOENT (No such file or directory)
10768 openat(AT_FDCWD, "/home/runner/work/deckrender-acceptance/deckrender-acceptance/benchmark/artifacts/acceptance/runtimes/v0.3.1/node_modules/axios/lib/package.json", O_RDONLY|O_CLOEXEC) = -1 ENOENT (No such file or directory)
10768 openat(AT_FDCWD, "/home/runner/work/deckrender-acceptance/deckrender-acceptance/benchmark/artifacts/acceptance/runtimes/v0.3.1/node_modules/axios/lib/cancel/package.json", O_RDONLY|O_CLOEXEC) = -1 ENOENT (No such file or directory)
10768 openat(AT_FDCWD, "/home/runner/work/deckrender-acceptance/deckrender-acceptance/benchmark/artifacts/acceptance/runtimes/v0.3.1/node_modules/axios/lib/package.json", O_RDONLY|O_CLOEXEC) = -1 ENOENT (No such file or directory)
10768 openat(AT_FDCWD, "/home/runner/work/deckrender-acceptance/deckrender-acceptance/benchmark/artifacts/acceptance/runtimes/v0.3.1/node_modules/axios/lib/cancel/package.json", O_RDONLY|O_CLOEXEC) = -1 ENOENT (No such file or directory)
10768 openat(AT_FDCWD, "/home/runner/work/deckrender-acceptance/deckrender-acceptance/benchmark/artifacts/acceptance/runtimes/v0.3.1/node_modules/axios/lib/package.json", O_RDONLY|O_CLOEXEC) = -1 ENOENT (No such file or directory)
10768 openat(AT_FDCWD, "/home/runner/work/deckrender-acceptance/deckrender-acceptance/benchmark/artifacts/acceptance/runtimes/v0.3.1/node_modules/axios/lib/cancel/package.json", O_RDONLY|O_CLOEXEC) = -1 ENOENT (No such file or directory)
10768 openat(AT_FDCWD, "/home/runner/work/deckrender-acceptance/deckrender-acceptance/benchmark/artifacts/acceptance/runtimes/v0.3.1/node_modules/axios/lib/package.json", O_RDONLY|O_CLOEXEC) = -1 ENOENT (No such file or directory)
10768 openat(AT_FDCWD, "/home/runner/work/deckrender-acceptance/deckrender-acceptance/benchmark/artifacts/acceptance/runtimes/v0.3.1/node_modules/axios/lib/env/package.json", O_RDONLY|O_CLOEXEC) = -1 ENOENT (No such file or directory)
10768 openat(AT_FDCWD, "/home/runner/work/deckrender-acceptance/deckrender-acceptance/benchmark/artifacts/acceptance/runtimes/v0.3.1/node_modules/axios/lib/package.json", O_RDONLY|O_CLOEXEC) = -1 ENOENT (No such file or directory)
10768 openat(AT_FDCWD, "/home/runner/work/deckrender-acceptance/deckrender-acceptance/benchmark/artifacts/acceptance/runtimes/v0.3.1/node_modules/axios/lib/helpers/package.json", O_RDONLY|O_CLOEXEC) = -1 ENOENT (No such file or directory)
10768 openat(AT_FDCWD, "/home/runner/work/deckrender-acceptance/deckrender-acceptance/benchmark/artifacts/acceptance/runtimes/v0.3.1/node_modules/axios/lib/package.json", O_RDONLY|O_CLOEXEC) = -1 ENOENT (No such file or directory)
10768 openat(AT_FDCWD, "/home/runner/work/deckrender-acceptance/deckrender-acceptance/benchmark/artifacts/acceptance/runtimes/v0.3.1/node_modules/axios/lib/core/package.json", O_RDONLY|O_CLOEXEC) = -1 ENOENT (No such file or directory)
10768 openat(AT_FDCWD, "/home/runner/work/deckrender-acceptance/deckrender-acceptance/benchmark/artifacts/acceptance/runtimes/v0.3.1/node_modules/axios/lib/package.json", O_RDONLY|O_CLOEXEC) = -1 ENOENT (No such file or directory)
10768 openat(AT_FDCWD, "/home/runner/work/deckrender-acceptance/deckrender-acceptance/benchmark/artifacts/acceptance/runtimes/v0.3.1/node_modules/axios/lib/helpers/package.json", O_RDONLY|O_CLOEXEC) = -1 ENOENT (No such file or directory)
10768 openat(AT_FDCWD, "/home/runner/work/deckrender-acceptance/deckrender-acceptance/benchmark/artifacts/acceptance/runtimes/v0.3.1/node_modules/axios/lib/package.json", O_RDONLY|O_CLOEXEC) = -1 ENOENT (No such file or directory)
10768 openat(AT_FDCWD, "/home/runner/work/deckrender-acceptance/deckrender-acceptance/benchmark/artifacts/acceptance/runtimes/v0.3.1/node_modules/axios/lib/helpers/package.json", O_RDONLY|O_CLOEXEC) = -1 ENOENT (No such file or directory)
10768 openat(AT_FDCWD, "/home/runner/work/deckrender-acceptance/deckrender-acceptance/benchmark/artifacts/acceptance/runtimes/v0.3.1/node_modules/axios/lib/package.json", O_RDONLY|O_CLOEXEC) = -1 ENOENT (No such file or directory)
10768 openat(AT_FDCWD, "/home/runner/work/deckrender-acceptance/deckrender-acceptance/benchmark/artifacts/acceptance/runtimes/v0.3.1/node_modules/axios/lib/core/package.json", O_RDONLY|O_CLOEXEC) = -1 ENOENT (No such file or directory)
10768 openat(AT_FDCWD, "/home/runner/work/deckrender-acceptance/deckrender-acceptance/benchmark/artifacts/acceptance/runtimes/v0.3.1/node_modules/axios/lib/package.json", O_RDONLY|O_CLOEXEC) = -1 ENOENT (No such file or directory)
10768 openat(AT_FDCWD, "/home/runner/work/deckrender-acceptance/deckrender-acceptance/benchmark/artifacts/acceptance/runtimes/v0.3.1/node_modules/axios/lib/adapters/package.json", O_RDONLY|O_CLOEXEC) = -1 ENOENT (No such file or directory)
10768 openat(AT_FDCWD, "/home/runner/work/deckrender-acceptance/deckrender-acceptance/benchmark/artifacts/acceptance/runtimes/v0.3.1/node_modules/axios/lib/package.json", O_RDONLY|O_CLOEXEC) = -1 ENOENT (No such file or directory)
10768 openat(AT_FDCWD, "/home/runner/work/deckrender-acceptance/deckrender-acceptance/benchmark/artifacts/acceptance/runtimes/v0.3.1/node_modules/axios/lib/helpers/package.json", O_RDONLY|O_CLOEXEC) = -1 ENOENT (No such file or directory)
10768 openat(AT_FDCWD, "/home/runner/work/deckrender-acceptance/deckrender-acceptance/benchmark/artifacts/acceptance/runtimes/v0.3.1/node_modules/axios/lib/package.json", O_RDONLY|O_CLOEXEC) = -1 ENOENT (No such file or directory)
10768 openat(AT_FDCWD, "/home/runner/work/deckrender-acceptance/deckrender-acceptance/benchmark/artifacts/acceptance/runtimes/v0.3.1/node_modules/zod/v3/locales/package.json", O_RDONLY|O_CLOEXEC) = -1 ENOENT (No such file or directory)
10768 openat(AT_FDCWD, "/home/runner/work/deckrender-acceptance/deckrender-acceptance/benchmark/artifacts/acceptance/runtimes/v0.3.1/node_modules/zod/v3/package.json", O_RDONLY|O_CLOEXEC) = -1 ENOENT (No such file or directory)
10768 openat(AT_FDCWD, "/home/runner/work/deckrender-acceptance/deckrender-acceptance/benchmark/artifacts/acceptance/runtimes/v0.3.1/node_modules/zod/v3/package.json", O_RDONLY|O_CLOEXEC) = -1 ENOENT (No such file or directory)
10768 openat(AT_FDCWD, "/home/runner/work/deckrender-acceptance/deckrender-acceptance/benchmark/artifacts/acceptance/runtimes/v0.3.1/node_modules/zod/v3/locales/package.json", O_RDONLY|O_CLOEXEC) = -1 ENOENT (No such file or directory)
10768 openat(AT_FDCWD, "/home/runner/work/deckrender-acceptance/deckrender-acceptance/benchmark/artifacts/acceptance/runtimes/v0.3.1/node_modules/zod/v3/package.json", O_RDONLY|O_CLOEXEC) = -1 ENOENT (No such file or directory)
10768 openat(AT_FDCWD, "/home/runner/work/deckrender-acceptance/deckrender-acceptance/benchmark/artifacts/acceptance/runtimes/v0.3.1/node_modules/zod/v3/package.json", O_RDONLY|O_CLOEXEC) = -1 ENOENT (No such file or directory)
10768 openat(AT_FDCWD, "/home/runner/work/deckrender-acceptance/deckrender-acceptance/benchmark/artifacts/acceptance/runtimes/v0.3.1/node_modules/zod/v3/package.json", O_RDONLY|O_CLOEXEC) = -1 ENOENT (No such file or directory)
10768 openat(AT_FDCWD, "/home/runner/work/deckrender-acceptance/deckrender-acceptance/benchmark/artifacts/acceptance/runtimes/v0.3.1/node_modules/zod/v3/helpers/package.json", O_RDONLY|O_CLOEXEC) = -1 ENOENT (No such file or directory)
10768 openat(AT_FDCWD, "/home/runner/work/deckrender-acceptance/deckrender-acceptance/benchmark/artifacts/acceptance/runtimes/v0.3.1/node_modules/zod/v3/package.json", O_RDONLY|O_CLOEXEC) = -1 ENOENT (No such file or directory)
10768 openat(AT_FDCWD, "/home/runner/work/deckrender-acceptance/deckrender-acceptance/benchmark/artifacts/acceptance/runtimes/v0.3.1/node_modules/zod/v3/helpers/package.json", O_RDONLY|O_CLOEXEC) = -1 ENOENT (No such file or directory)
10768 openat(AT_FDCWD, "/home/runner/work/deckrender-acceptance/deckrender-acceptance/benchmark/artifacts/acceptance/runtimes/v0.3.1/node_modules/zod/v3/package.json", O_RDONLY|O_CLOEXEC) = -1 ENOENT (No such file or directory)
10768 openat(AT_FDCWD, "/home/runner/work/deckrender-acceptance/deckrender-acceptance/benchmark/artifacts/acceptance/runtimes/v0.3.1/node_modules/zod/v3/helpers/package.json", O_RDONLY|O_CLOEXEC) = -1 ENOENT (No such file or directory)
10768 openat(AT_FDCWD, "/home/runner/work/deckrender-acceptance/deckrender-acceptance/benchmark/artifacts/acceptance/runtimes/v0.3.1/node_modules/zod/v3/package.json", O_RDONLY|O_CLOEXEC) = -1 ENOENT (No such file or directory)
10768 openat(AT_FDCWD, "/home/runner/work/deckrender-acceptance/deckrender-acceptance/benchmark/artifacts/acceptance/runtimes/v0.3.1/node_modules/zod/v3/helpers/package.json", O_RDONLY|O_CLOEXEC) = -1 ENOENT (No such file or directory)
10768 openat(AT_FDCWD, "/home/runner/work/deckrender-acceptance/deckrender-acceptance/benchmark/artifacts/acceptance/runtimes/v0.3.1/node_modules/zod/v3/package.json", O_RDONLY|O_CLOEXEC) = -1 ENOENT (No such file or directory)
10768 openat(AT_FDCWD, "/home/runner/work/deckrender-acceptance/deckrender-acceptance/benchmark/artifacts/acceptance/runtimes/v0.3.1/node_modules/axios/lib/utils.js", O_RDONLY|O_CLOEXEC) = 21
10768 openat(AT_FDCWD, "/home/runner/work/deckrender-acceptance/deckrender-acceptance/benchmark/artifacts/acceptance/runtimes/v0.3.1/node_modules/axios/lib/helpers/bind.js", O_RDONLY|O_CLOEXEC) = 21
10768 openat(AT_FDCWD, "/home/runner/work/deckrender-acceptance/deckrender-acceptance/benchmark/artifacts/acceptance/runtimes/v0.3.1/node_modules/axios/lib/core/Axios.js", O_RDONLY|O_CLOEXEC) = 21
10768 openat(AT_FDCWD, "/home/runner/work/deckrender-acceptance/deckrender-acceptance/benchmark/artifacts/acceptance/runtimes/v0.3.1/node_modules/axios/lib/core/mergeConfig.js", O_RDONLY|O_CLOEXEC) = 21
10768 openat(AT_FDCWD, "/home/runner/work/deckrender-acceptance/deckrender-acceptance/benchmark/artifacts/acceptance/runtimes/v0.3.1/node_modules/axios/lib/defaults/index.js", O_RDONLY|O_CLOEXEC) = 21
10768 openat(AT_FDCWD, "/home/runner/work/deckrender-acceptance/deckrender-acceptance/benchmark/artifacts/acceptance/runtimes/v0.3.1/node_modules/axios/lib/helpers/formDataToJSON.js", O_RDONLY|O_CLOEXEC) = 21
10768 openat(AT_FDCWD, "/home/runner/work/deckrender-acceptance/deckrender-acceptance/benchmark/artifacts/acceptance/runtimes/v0.3.1/node_modules/axios/lib/cancel/CanceledError.js", O_RDONLY|O_CLOEXEC) = 21
10768 openat(AT_FDCWD, "/home/runner/work/deckrender-acceptance/deckrender-acceptance/benchmark/artifacts/acceptance/runtimes/v0.3.1/node_modules/axios/lib/cancel/CancelToken.js", O_RDONLY|O_CLOEXEC) = 21
10768 openat(AT_FDCWD, "/home/runner/work/deckrender-acceptance/deckrender-acceptance/benchmark/artifacts/acceptance/runtimes/v0.3.1/node_modules/axios/lib/cancel/isCancel.js", O_RDONLY|O_CLOEXEC) = 21
10768 openat(AT_FDCWD, "/home/runner/work/deckrender-acceptance/deckrender-acceptance/benchmark/artifacts/acceptance/runtimes/v0.3.1/node_modules/axios/lib/env/data.js", O_RDONLY|O_CLOEXEC) = 21
10768 openat(AT_FDCWD, "/home/runner/work/deckrender-acceptance/deckrender-acceptance/benchmark/artifacts/acceptance/runtimes/v0.3.1/node_modules/axios/lib/helpers/toFormData.js", O_RDONLY|O_CLOEXEC) = 21
10768 openat(AT_FDCWD, "/home/runner/work/deckrender-acceptance/deckrender-acceptance/benchmark/artifacts/acceptance/runtimes/v0.3.1/node_modules/axios/lib/core/AxiosError.js", O_RDONLY|O_CLOEXEC) = 21
10768 openat(AT_FDCWD, "/home/runner/work/deckrender-acceptance/deckrender-acceptance/benchmark/artifacts/acceptance/runtimes/v0.3.1/node_modules/axios/lib/helpers/spread.js", O_RDONLY|O_CLOEXEC) = 21
10768 openat(AT_FDCWD, "/home/runner/work/deckrender-acceptance/deckrender-acceptance/benchmark/artifacts/acceptance/runtimes/v0.3.1/node_modules/axios/lib/helpers/isAxiosError.js", O_RDONLY|O_CLOEXEC) = 21
10768 openat(AT_FDCWD, "/home/runner/work/deckrender-acceptance/deckrender-acceptance/benchmark/artifacts/acceptance/runtimes/v0.3.1/node_modules/axios/lib/core/AxiosHeaders.js", O_RDONLY|O_CLOEXEC) = 21
10768 openat(AT_FDCWD, "/home/runner/work/deckrender-acceptance/deckrender-acceptance/benchmark/artifacts/acceptance/runtimes/v0.3.1/node_modules/axios/lib/adapters/adapters.js", O_RDONLY|O_CLOEXEC) = 21
10768 openat(AT_FDCWD, "/home/runner/work/deckrender-acceptance/deckrender-acceptance/benchmark/artifacts/acceptance/runtimes/v0.3.1/node_modules/axios/lib/helpers/HttpStatusCode.js", O_RDONLY|O_CLOEXEC) = 21
10768 openat(AT_FDCWD, "/home/runner/work/deckrender-acceptance/deckrender-acceptance/benchmark/artifacts/acceptance/runtimes/v0.3.1/node_modules/zod/v3/locales/en.js", O_RDONLY|O_CLOEXEC) = 21
10768 openat(AT_FDCWD, "/home/runner/work/deckrender-acceptance/deckrender-acceptance/benchmark/artifacts/acceptance/runtimes/v0.3.1/node_modules/zod/v3/helpers/errorUtil.js", O_RDONLY|O_CLOEXEC) = 21
10768 openat(AT_FDCWD, "/home/runner/work/deckrender-acceptance/deckrender-acceptance/benchmark/artifacts/acceptance/runtimes/v0.3.1/node_modules/axios/lib/helpers/package.json", O_RDONLY|O_CLOEXEC) = -1 ENOENT (No such file or directory)
10768 openat(AT_FDCWD, "/home/runner/work/deckrender-acceptance/deckrender-acceptance/benchmark/artifacts/acceptance/runtimes/v0.3.1/node_modules/axios/lib/package.json", O_RDONLY|O_CLOEXEC) = -1 ENOENT (No such file or directory)
10768 openat(AT_FDCWD, "/home/runner/work/deckrender-acceptance/deckrender-acceptance/benchmark/artifacts/acceptance/runtimes/v0.3.1/node_modules/axios/lib/package.json", O_RDONLY|O_CLOEXEC) = -1 ENOENT (No such file or directory)
10768 openat(AT_FDCWD, "/home/runner/work/deckrender-acceptance/deckrender-acceptance/benchmark/artifacts/acceptance/runtimes/v0.3.1/node_modules/axios/lib/helpers/package.json", O_RDONLY|O_CLOEXEC) = -1 ENOENT (No such file or directory)
10768 openat(AT_FDCWD, "/home/runner/work/deckrender-acceptance/deckrender-acceptance/benchmark/artifacts/acceptance/runtimes/v0.3.1/node_modules/axios/lib/package.json", O_RDONLY|O_CLOEXEC) = -1 ENOENT (No such file or directory)
10768 openat(AT_FDCWD, "/home/runner/work/deckrender-acceptance/deckrender-acceptance/benchmark/artifacts/acceptance/runtimes/v0.3.1/node_modules/axios/lib/core/package.json", O_RDONLY|O_CLOEXEC) = -1 ENOENT (No such file or directory)
10768 openat(AT_FDCWD, "/home/runner/work/deckrender-acceptance/deckrender-acceptance/benchmark/artifacts/acceptance/runtimes/v0.3.1/node_modules/axios/lib/package.json", O_RDONLY|O_CLOEXEC) = -1 ENOENT (No such file or directory)
10768 openat(AT_FDCWD, "/home/runner/work/deckrender-acceptance/deckrender-acceptance/benchmark/artifacts/acceptance/runtimes/v0.3.1/node_modules/axios/lib/core/package.json", O_RDONLY|O_CLOEXEC) = -1 ENOENT (No such file or directory)
10768 openat(AT_FDCWD, "/home/runner/work/deckrender-acceptance/deckrender-acceptance/benchmark/artifacts/acceptance/runtimes/v0.3.1/node_modules/axios/lib/package.json", O_RDONLY|O_CLOEXEC) = -1 ENOENT (No such file or directory)
10768 openat(AT_FDCWD, "/home/runner/work/deckrender-acceptance/deckrender-acceptance/benchmark/artifacts/acceptance/runtimes/v0.3.1/node_modules/axios/lib/core/package.json", O_RDONLY|O_CLOEXEC) = -1 ENOENT (No such file or directory)
10768 openat(AT_FDCWD, "/home/runner/work/deckrender-acceptance/deckrender-acceptance/benchmark/artifacts/acceptance/runtimes/v0.3.1/node_modules/axios/lib/package.json", O_RDONLY|O_CLOEXEC) = -1 ENOENT (No such file or directory)
10768 openat(AT_FDCWD, "/home/runner/work/deckrender-acceptance/deckrender-acceptance/benchmark/artifacts/acceptance/runtimes/v0.3.1/node_modules/axios/lib/core/package.json", O_RDONLY|O_CLOEXEC) = -1 ENOENT (No such file or directory)
10768 openat(AT_FDCWD, "/home/runner/work/deckrender-acceptance/deckrender-acceptance/benchmark/artifacts/acceptance/runtimes/v0.3.1/node_modules/axios/lib/package.json", O_RDONLY|O_CLOEXEC) = -1 ENOENT (No such file or directory)
10768 openat(AT_FDCWD, "/home/runner/work/deckrender-acceptance/deckrender-acceptance/benchmark/artifacts/acceptance/runtimes/v0.3.1/node_modules/axios/lib/core/package.json", O_RDONLY|O_CLOEXEC) = -1 ENOENT (No such file or directory)
10768 openat(AT_FDCWD, "/home/runner/work/deckrender-acceptance/deckrender-acceptance/benchmark/artifacts/acceptance/runtimes/v0.3.1/node_modules/axios/lib/package.json", O_RDONLY|O_CLOEXEC) = -1 ENOENT (No such file or directory)
10768 openat(AT_FDCWD, "/home/runner/work/deckrender-acceptance/deckrender-acceptance/benchmark/artifacts/acceptance/runtimes/v0.3.1/node_modules/axios/lib/helpers/package.json", O_RDONLY|O_CLOEXEC) = -1 ENOENT (No such file or directory)
10768 openat(AT_FDCWD, "/home/runner/work/deckrender-acceptance/deckrender-acceptance/benchmark/artifacts/acceptance/runtimes/v0.3.1/node_modules/axios/lib/package.json", O_RDONLY|O_CLOEXEC) = -1 ENOENT (No such file or directory)
10768 openat(AT_FDCWD, "/home/runner/work/deckrender-acceptance/deckrender-acceptance/benchmark/artifacts/acceptance/runtimes/v0.3.1/node_modules/axios/lib/core/package.json", O_RDONLY|O_CLOEXEC) = -1 ENOENT (No such file or directory)
10768 openat(AT_FDCWD, "/home/runner/work/deckrender-acceptance/deckrender-acceptance/benchmark/artifacts/acceptance/runtimes/v0.3.1/node_modules/axios/lib/package.json", O_RDONLY|O_CLOEXEC) = -1 ENOENT (No such file or directory)
10768 openat(AT_FDCWD, "/home/runner/work/deckrender-acceptance/deckrender-acceptance/benchmark/artifacts/acceptance/runtimes/v0.3.1/node_modules/axios/lib/defaults/package.json", O_RDONLY|O_CLOEXEC) = -1 ENOENT (No such file or directory)
10768 openat(AT_FDCWD, "/home/runner/work/deckrender-acceptance/deckrender-acceptance/benchmark/artifacts/acceptance/runtimes/v0.3.1/node_modules/axios/lib/package.json", O_RDONLY|O_CLOEXEC) = -1 ENOENT (No such file or directory)
10768 openat(AT_FDCWD, "/home/runner/work/deckrender-acceptance/deckrender-acceptance/benchmark/artifacts/acceptance/runtimes/v0.3.1/node_modules/axios/lib/package.json", O_RDONLY|O_CLOEXEC) = -1 ENOENT (No such file or directory)
10768 openat(AT_FDCWD, "/home/runner/work/deckrender-acceptance/deckrender-acceptance/benchmark/artifacts/acceptance/runtimes/v0.3.1/node_modules/axios/lib/core/package.json", O_RDONLY|O_CLOEXEC) = -1 ENOENT (No such file or directory)
10768 openat(AT_FDCWD, "/home/runner/work/deckrender-acceptance/deckrender-acceptance/benchmark/artifacts/acceptance/runtimes/v0.3.1/node_modules/axios/lib/package.json", O_RDONLY|O_CLOEXEC) = -1 ENOENT (No such file or directory)
10768 openat(AT_FDCWD, "/home/runner/work/deckrender-acceptance/deckrender-acceptance/benchmark/artifacts/acceptance/runtimes/v0.3.1/node_modules/axios/lib/package.json", O_RDONLY|O_CLOEXEC) = -1 ENOENT (No such file or directory)
10768 openat(AT_FDCWD, "/home/runner/work/deckrender-acceptance/deckrender-acceptance/benchmark/artifacts/acceptance/runtimes/v0.3.1/node_modules/axios/lib/core/package.json", O_RDONLY|O_CLOEXEC) = -1 ENOENT (No such file or directory)
10768 openat(AT_FDCWD, "/home/runner/work/deckrender-acceptance/deckrender-acceptance/benchmark/artifacts/acceptance/runtimes/v0.3.1/node_modules/axios/lib/package.json", O_RDONLY|O_CLOEXEC) = -1 ENOENT (No such file or directory)
10768 openat(AT_FDCWD, "/home/runner/work/deckrender-acceptance/deckrender-acceptance/benchmark/artifacts/acceptance/runtimes/v0.3.1/node_modules/axios/lib/defaults/package.json", O_RDONLY|O_CLOEXEC) = -1 ENOENT (No such file or directory)
10768 openat(AT_FDCWD, "/home/runner/work/deckrender-acceptance/deckrender-acceptance/benchmark/artifacts/acceptance/runtimes/v0.3.1/node_modules/axios/lib/package.json", O_RDONLY|O_CLOEXEC) = -1 ENOENT (No such file or directory)
10768 openat(AT_FDCWD, "/home/runner/work/deckrender-acceptance/deckrender-acceptance/benchmark/artifacts/acceptance/runtimes/v0.3.1/node_modules/axios/lib/helpers/package.json", O_RDONLY|O_CLOEXEC) = -1 ENOENT (No such file or directory)
10768 openat(AT_FDCWD, "/home/runner/work/deckrender-acceptance/deckrender-acceptance/benchmark/artifacts/acceptance/runtimes/v0.3.1/node_modules/axios/lib/package.json", O_RDONLY|O_CLOEXEC) = -1 ENOENT (No such file or directory)
10768 openat(AT_FDCWD, "/home/runner/work/deckrender-acceptance/deckrender-acceptance/benchmark/artifacts/acceptance/runtimes/v0.3.1/node_modules/axios/lib/helpers/package.json", O_RDONLY|O_CLOEXEC) = -1 ENOENT (No such file or directory)
10768 openat(AT_FDCWD, "/home/runner/work/deckrender-acceptance/deckrender-acceptance/benchmark/artifacts/acceptance/runtimes/v0.3.1/node_modules/axios/lib/package.json", O_RDONLY|O_CLOEXEC) = -1 ENOENT (No such file or directory)
10768 openat(AT_FDCWD, "/home/runner/work/deckrender-acceptance/deckrender-acceptance/benchmark/artifacts/acceptance/runtimes/v0.3.1/node_modules/axios/lib/platform/package.json", O_RDONLY|O_CLOEXEC) = -1 ENOENT (No such file or directory)
10768 openat(AT_FDCWD, "/home/runner/work/deckrender-acceptance/deckrender-acceptance/benchmark/artifacts/acceptance/runtimes/v0.3.1/node_modules/axios/lib/package.json", O_RDONLY|O_CLOEXEC) = -1 ENOENT (No such file or directory)
10768 openat(AT_FDCWD, "/home/runner/work/deckrender-acceptance/deckrender-acceptance/benchmark/artifacts/acceptance/runtimes/v0.3.1/node_modules/axios/lib/helpers/package.json", O_RDONLY|O_CLOEXEC) = -1 ENOENT (No such file or directory)
10768 openat(AT_FDCWD, "/home/runner/work/deckrender-acceptance/deckrender-acceptance/benchmark/artifacts/acceptance/runtimes/v0.3.1/node_modules/axios/lib/package.json", O_RDONLY|O_CLOEXEC) = -1 ENOENT (No such file or directory)
10768 openat(AT_FDCWD, "/home/runner/work/deckrender-acceptance/deckrender-acceptance/benchmark/artifacts/acceptance/runtimes/v0.3.1/node_modules/axios/lib/core/package.json", O_RDONLY|O_CLOEXEC) = -1 ENOENT (No such file or directory)
10768 openat(AT_FDCWD, "/home/runner/work/deckrender-acceptance/deckrender-acceptance/benchmark/artifacts/acceptance/runtimes/v0.3.1/node_modules/axios/lib/package.json", O_RDONLY|O_CLOEXEC) = -1 ENOENT (No such file or directory)
10768 openat(AT_FDCWD, "/home/runner/work/deckrender-acceptance/deckrender-acceptance/benchmark/artifacts/acceptance/runtimes/v0.3.1/node_modules/axios/lib/package.json", O_RDONLY|O_CLOEXEC) = -1 ENOENT (No such file or directory)
10768 openat(AT_FDCWD, "/home/runner/work/deckrender-acceptance/deckrender-acceptance/benchmark/artifacts/acceptance/runtimes/v0.3.1/node_modules/axios/lib/core/package.json", O_RDONLY|O_CLOEXEC) = -1 ENOENT (No such file or directory)
10768 openat(AT_FDCWD, "/home/runner/work/deckrender-acceptance/deckrender-acceptance/benchmark/artifacts/acceptance/runtimes/v0.3.1/node_modules/axios/lib/package.json", O_RDONLY|O_CLOEXEC) = -1 ENOENT (No such file or directory)
10768 openat(AT_FDCWD, "/home/runner/work/deckrender-acceptance/deckrender-acceptance/benchmark/artifacts/acceptance/runtimes/v0.3.1/node_modules/axios/lib/helpers/package.json", O_RDONLY|O_CLOEXEC) = -1 ENOENT (No such file or directory)
10768 openat(AT_FDCWD, "/home/runner/work/deckrender-acceptance/deckrender-acceptance/benchmark/artifacts/acceptance/runtimes/v0.3.1/node_modules/axios/lib/package.json", O_RDONLY|O_CLOEXEC) = -1 ENOENT (No such file or directory)
10768 openat(AT_FDCWD, "/home/runner/work/deckrender-acceptance/deckrender-acceptance/benchmark/artifacts/acceptance/runtimes/v0.3.1/node_modules/axios/lib/core/package.json", O_RDONLY|O_CLOEXEC) = -1 ENOENT (No such file or directory)
10768 openat(AT_FDCWD, "/home/runner/work/deckrender-acceptance/deckrender-acceptance/benchmark/artifacts/acceptance/runtimes/v0.3.1/node_modules/axios/lib/package.json", O_RDONLY|O_CLOEXEC) = -1 ENOENT (No such file or directory)
10768 openat(AT_FDCWD, "/home/runner/work/deckrender-acceptance/deckrender-acceptance/benchmark/artifacts/acceptance/runtimes/v0.3.1/node_modules/axios/lib/cancel/package.json", O_RDONLY|O_CLOEXEC) = -1 ENOENT (No such file or directory)
10768 openat(AT_FDCWD, "/home/runner/work/deckrender-acceptance/deckrender-acceptance/benchmark/artifacts/acceptance/runtimes/v0.3.1/node_modules/axios/lib/package.json", O_RDONLY|O_CLOEXEC) = -1 ENOENT (No such file or directory)
10768 openat(AT_FDCWD, "/home/runner/work/deckrender-acceptance/deckrender-acceptance/benchmark/artifacts/acceptance/runtimes/v0.3.1/node_modules/axios/lib/package.json", O_RDONLY|O_CLOEXEC) = -1 ENOENT (No such file or directory)
10768 openat(AT_FDCWD, "/home/runner/work/deckrender-acceptance/deckrender-acceptance/benchmark/artifacts/acceptance/runtimes/v0.3.1/node_modules/axios/lib/core/package.json", O_RDONLY|O_CLOEXEC) = -1 ENOENT (No such file or directory)
10768 openat(AT_FDCWD, "/home/runner/work/deckrender-acceptance/deckrender-acceptance/benchmark/artifacts/acceptance/runtimes/v0.3.1/node_modules/axios/lib/package.json", O_RDONLY|O_CLOEXEC) = -1 ENOENT (No such file or directory)
10768 openat(AT_FDCWD, "/home/runner/work/deckrender-acceptance/deckrender-acceptance/benchmark/artifacts/acceptance/runtimes/v0.3.1/node_modules/axios/lib/platform/node/classes/package.json", O_RDONLY|O_CLOEXEC) = -1 ENOENT (No such file or directory)
10768 openat(AT_FDCWD, "/home/runner/work/deckrender-acceptance/deckrender-acceptance/benchmark/artifacts/acceptance/runtimes/v0.3.1/node_modules/axios/lib/platform/node/package.json", O_RDONLY|O_CLOEXEC) = -1 ENOENT (No such file or directory)
10768 openat(AT_FDCWD, "/home/runner/work/deckrender-acceptance/deckrender-acceptance/benchmark/artifacts/acceptance/runtimes/v0.3.1/node_modules/axios/lib/platform/package.json", O_RDONLY|O_CLOEXEC) = -1 ENOENT (No such file or directory)
10768 openat(AT_FDCWD, "/home/runner/work/deckrender-acceptance/deckrender-acceptance/benchmark/artifacts/acceptance/runtimes/v0.3.1/node_modules/axios/lib/package.json", O_RDONLY|O_CLOEXEC) = -1 ENOENT (No such file or directory)
10768 openat(AT_FDCWD, "/home/runner/work/deckrender-acceptance/deckrender-acceptance/benchmark/artifacts/acceptance/runtimes/v0.3.1/node_modules/axios/lib/platform/node/classes/package.json", O_RDONLY|O_CLOEXEC) = -1 ENOENT (No such file or directory)
10768 openat(AT_FDCWD, "/home/runner/work/deckrender-acceptance/deckrender-acceptance/benchmark/artifacts/acceptance/runtimes/v0.3.1/node_modules/axios/lib/platform/node/package.json", O_RDONLY|O_CLOEXEC) = -1 ENOENT (No such file or directory)
10768 openat(AT_FDCWD, "/home/runner/work/deckrender-acceptance/deckrender-acceptance/benchmark/artifacts/acceptance/runtimes/v0.3.1/node_modules/axios/lib/platform/package.json", O_RDONLY|O_CLOEXEC) = -1 ENOENT (No such file or directory)
10768 openat(AT_FDCWD, "/home/runner/work/deckrender-acceptance/deckrender-acceptance/benchmark/artifacts/acceptance/runtimes/v0.3.1/node_modules/axios/lib/package.json", O_RDONLY|O_CLOEXEC) = -1 ENOENT (No such file or directory)
10768 openat(AT_FDCWD, "/home/runner/work/deckrender-acceptance/deckrender-acceptance/benchmark/artifacts/acceptance/runtimes/v0.3.1/node_modules/axios/lib/package.json", O_RDONLY|O_CLOEXEC) = -1 ENOENT (No such file or directory)
10768 openat(AT_FDCWD, "/home/runner/work/deckrender-acceptance/deckrender-acceptance/benchmark/artifacts/acceptance/runtimes/v0.3.1/node_modules/axios/lib/core/package.json", O_RDONLY|O_CLOEXEC) = -1 ENOENT (No such file or directory)
10768 openat(AT_FDCWD, "/home/runner/work/deckrender-acceptance/deckrender-acceptance/benchmark/artifacts/acceptance/runtimes/v0.3.1/node_modules/axios/lib/package.json", O_RDONLY|O_CLOEXEC) = -1 ENOENT (No such file or directory)
10768 openat(AT_FDCWD, "/home/runner/work/deckrender-acceptance/deckrender-acceptance/benchmark/artifacts/acceptance/runtimes/v0.3.1/node_modules/axios/lib/package.json", O_RDONLY|O_CLOEXEC) = -1 ENOENT (No such file or directory)
10768 openat(AT_FDCWD, "/home/runner/work/deckrender-acceptance/deckrender-acceptance/benchmark/artifacts/acceptance/runtimes/v0.3.1/node_modules/axios/lib/package.json", O_RDONLY|O_CLOEXEC) = -1 ENOENT (No such file or directory)
10768 openat(AT_FDCWD, "/home/runner/work/deckrender-acceptance/deckrender-acceptance/benchmark/artifacts/acceptance/runtimes/v0.3.1/node_modules/axios/lib/helpers/package.json", O_RDONLY|O_CLOEXEC) = -1 ENOENT (No such file or directory)
10768 openat(AT_FDCWD, "/home/runner/work/deckrender-acceptance/deckrender-acceptance/benchmark/artifacts/acceptance/runtimes/v0.3.1/node_modules/axios/lib/package.json", O_RDONLY|O_CLOEXEC) = -1 ENOENT (No such file or directory)
10768 openat(AT_FDCWD, "/home/runner/work/deckrender-acceptance/deckrender-acceptance/benchmark/artifacts/acceptance/runtimes/v0.3.1/node_modules/axios/lib/helpers/package.json", O_RDONLY|O_CLOEXEC) = -1 ENOENT (No such file or directory)
10768 openat(AT_FDCWD, "/home/runner/work/deckrender-acceptance/deckrender-acceptance/benchmark/artifacts/acceptance/runtimes/v0.3.1/node_modules/axios/lib/package.json", O_RDONLY|O_CLOEXEC) = -1 ENOENT (No such file or directory)
10768 openat(AT_FDCWD, "/home/runner/work/deckrender-acceptance/deckrender-acceptance/benchmark/artifacts/acceptance/runtimes/v0.3.1/node_modules/axios/lib/package.json", O_RDONLY|O_CLOEXEC) = -1 ENOENT (No such file or directory)
10768 openat(AT_FDCWD, "/home/runner/work/deckrender-acceptance/deckrender-acceptance/benchmark/artifacts/acceptance/runtimes/v0.3.1/node_modules/axios/lib/adapters/package.json", O_RDONLY|O_CLOEXEC) = -1 ENOENT (No such file or directory)
10768 openat(AT_FDCWD, "/home/runner/work/deckrender-acceptance/deckrender-acceptance/benchmark/artifacts/acceptance/runtimes/v0.3.1/node_modules/axios/lib/package.json", O_RDONLY|O_CLOEXEC) = -1 ENOENT (No such file or directory)
10768 openat(AT_FDCWD, "/home/runner/work/deckrender-acceptance/deckrender-acceptance/benchmark/artifacts/acceptance/runtimes/v0.3.1/node_modules/axios/lib/adapters/package.json", O_RDONLY|O_CLOEXEC) = -1 ENOENT (No such file or directory)
10768 openat(AT_FDCWD, "/home/runner/work/deckrender-acceptance/deckrender-acceptance/benchmark/artifacts/acceptance/runtimes/v0.3.1/node_modules/axios/lib/package.json", O_RDONLY|O_CLOEXEC) = -1 ENOENT (No such file or directory)
10768 openat(AT_FDCWD, "/home/runner/work/deckrender-acceptance/deckrender-acceptance/benchmark/artifacts/acceptance/runtimes/v0.3.1/node_modules/axios/lib/adapters/package.json", O_RDONLY|O_CLOEXEC) = -1 ENOENT (No such file or directory)
10768 openat(AT_FDCWD, "/home/runner/work/deckrender-acceptance/deckrender-acceptance/benchmark/artifacts/acceptance/runtimes/v0.3.1/node_modules/axios/lib/package.json", O_RDONLY|O_CLOEXEC) = -1 ENOENT (No such file or directory)
10768 openat(AT_FDCWD, "/home/runner/work/deckrender-acceptance/deckrender-acceptance/benchmark/artifacts/acceptance/runtimes/v0.3.1/node_modules/axios/lib/core/package.json", O_RDONLY|O_CLOEXEC) = -1 ENOENT (No such file or directory)
10768 openat(AT_FDCWD, "/home/runner/work/deckrender-acceptance/deckrender-acceptance/benchmark/artifacts/acceptance/runtimes/v0.3.1/node_modules/axios/lib/package.json", O_RDONLY|O_CLOEXEC) = -1 ENOENT (No such file or directory)
10768 openat(AT_FDCWD, "/home/runner/work/deckrender-acceptance/deckrender-acceptance/benchmark/artifacts/acceptance/runtimes/v0.3.1/node_modules/zod/v3/package.json", O_RDONLY|O_CLOEXEC) = -1 ENOENT (No such file or directory)
10768 openat(AT_FDCWD, "/home/runner/work/deckrender-acceptance/deckrender-acceptance/benchmark/artifacts/acceptance/runtimes/v0.3.1/node_modules/zod/v3/helpers/package.json", O_RDONLY|O_CLOEXEC) = -1 ENOENT (No such file or directory)
10768 openat(AT_FDCWD, "/home/runner/work/deckrender-acceptance/deckrender-acceptance/benchmark/artifacts/acceptance/runtimes/v0.3.1/node_modules/zod/v3/package.json", O_RDONLY|O_CLOEXEC) = -1 ENOENT (No such file or directory)
10768 openat(AT_FDCWD, "/home/runner/work/deckrender-acceptance/deckrender-acceptance/benchmark/artifacts/acceptance/runtimes/v0.3.1/node_modules/axios/lib/helpers/buildURL.js", O_RDONLY|O_CLOEXEC) = 21
10768 openat(AT_FDCWD, "/home/runner/work/deckrender-acceptance/deckrender-acceptance/benchmark/artifacts/acceptance/runtimes/v0.3.1/node_modules/axios/lib/core/InterceptorManager.js", O_RDONLY|O_CLOEXEC) = 21
10768 openat(AT_FDCWD, "/home/runner/work/deckrender-acceptance/deckrender-acceptance/benchmark/artifacts/acceptance/runtimes/v0.3.1/node_modules/axios/lib/core/dispatchRequest.js", O_RDONLY|O_CLOEXEC) = 21
10768 openat(AT_FDCWD, "/home/runner/work/deckrender-acceptance/deckrender-acceptance/benchmark/artifacts/acceptance/runtimes/v0.3.1/node_modules/axios/lib/core/buildFullPath.js", O_RDONLY|O_CLOEXEC) = 21
10768 openat(AT_FDCWD, "/home/runner/work/deckrender-acceptance/deckrender-acceptance/benchmark/artifacts/acceptance/runtimes/v0.3.1/node_modules/axios/lib/core/methodList.js", O_RDONLY|O_CLOEXEC) = 21
10768 openat(AT_FDCWD, "/home/runner/work/deckrender-acceptance/deckrender-acceptance/benchmark/artifacts/acceptance/runtimes/v0.3.1/node_modules/axios/lib/helpers/validator.js", O_RDONLY|O_CLOEXEC) = 21
10768 openat(AT_FDCWD, "/home/runner/work/deckrender-acceptance/deckrender-acceptance/benchmark/artifacts/acceptance/runtimes/v0.3.1/node_modules/axios/lib/defaults/transitional.js", O_RDONLY|O_CLOEXEC) = 21
10768 openat(AT_FDCWD, "/home/runner/work/deckrender-acceptance/deckrender-acceptance/benchmark/artifacts/acceptance/runtimes/v0.3.1/node_modules/axios/lib/helpers/toURLEncodedForm.js", O_RDONLY|O_CLOEXEC) = 21
10768 openat(AT_FDCWD, "/home/runner/work/deckrender-acceptance/deckrender-acceptance/benchmark/artifacts/acceptance/runtimes/v0.3.1/node_modules/axios/lib/platform/index.js", O_RDONLY|O_CLOEXEC) = 21
10768 openat(AT_FDCWD, "/home/runner/work/deckrender-acceptance/deckrender-acceptance/benchmark/artifacts/acceptance/runtimes/v0.3.1/node_modules/axios/lib/platform/node/classes/FormData.js", O_RDONLY|O_CLOEXEC) = 21
10768 openat(AT_FDCWD, "/home/runner/work/deckrender-acceptance/deckrender-acceptance/benchmark/artifacts/acceptance/runtimes/v0.3.1/node_modules/axios/lib/platform/node/classes/Buffer.js", O_RDONLY|O_CLOEXEC) = 21
10768 openat(AT_FDCWD, "/home/runner/work/deckrender-acceptance/deckrender-acceptance/benchmark/artifacts/acceptance/runtimes/v0.3.1/node_modules/axios/lib/helpers/parseHeaders.js", O_RDONLY|O_CLOEXEC) = 21
10768 openat(AT_FDCWD, "/home/runner/work/deckrender-acceptance/deckrender-acceptance/benchmark/artifacts/acceptance/runtimes/v0.3.1/node_modules/axios/lib/helpers/sanitizeHeaderValue.js", O_RDONLY|O_CLOEXEC) = 21
10768 openat(AT_FDCWD, "/home/runner/work/deckrender-acceptance/deckrender-acceptance/benchmark/artifacts/acceptance/runtimes/v0.3.1/node_modules/axios/lib/adapters/http.js", O_RDONLY|O_CLOEXEC) = 21
10768 openat(AT_FDCWD, "/home/runner/work/deckrender-acceptance/deckrender-acceptance/benchmark/artifacts/acceptance/runtimes/v0.3.1/node_modules/axios/lib/adapters/xhr.js", O_RDONLY|O_CLOEXEC) = 21
10768 openat(AT_FDCWD, "/home/runner/work/deckrender-acceptance/deckrender-acceptance/benchmark/artifacts/acceptance/runtimes/v0.3.1/node_modules/axios/lib/adapters/fetch.js", O_RDONLY|O_CLOEXEC) = 21
10768 openat(AT_FDCWD, "/home/runner/work/deckrender-acceptance/deckrender-acceptance/benchmark/artifacts/acceptance/runtimes/v0.3.1/node_modules/axios/lib/package.json", O_RDONLY|O_CLOEXEC) = -1 ENOENT (No such file or directory)
10768 openat(AT_FDCWD, "/home/runner/work/deckrender-acceptance/deckrender-acceptance/benchmark/artifacts/acceptance/runtimes/v0.3.1/node_modules/axios/lib/helpers/package.json", O_RDONLY|O_CLOEXEC) = -1 ENOENT (No such file or directory)
10768 openat(AT_FDCWD, "/home/runner/work/deckrender-acceptance/deckrender-acceptance/benchmark/artifacts/acceptance/runtimes/v0.3.1/node_modules/axios/lib/package.json", O_RDONLY|O_CLOEXEC) = -1 ENOENT (No such file or directory)
10768 openat(AT_FDCWD, "/home/runner/work/deckrender-acceptance/deckrender-acceptance/benchmark/artifacts/acceptance/runtimes/v0.3.1/node_modules/axios/lib/package.json", O_RDONLY|O_CLOEXEC) = -1 ENOENT (No such file or directory)
10768 openat(AT_FDCWD, "/home/runner/work/deckrender-acceptance/deckrender-acceptance/benchmark/artifacts/acceptance/runtimes/v0.3.1/node_modules/axios/lib/core/package.json", O_RDONLY|O_CLOEXEC) = -1 ENOENT (No such file or directory)
10768 openat(AT_FDCWD, "/home/runner/work/deckrender-acceptance/deckrender-acceptance/benchmark/artifacts/acceptance/runtimes/v0.3.1/node_modules/axios/lib/package.json", O_RDONLY|O_CLOEXEC) = -1 ENOENT (No such file or directory)
10768 openat(AT_FDCWD, "/home/runner/work/deckrender-acceptance/deckrender-acceptance/benchmark/artifacts/acceptance/runtimes/v0.3.1/node_modules/axios/lib/cancel/package.json", O_RDONLY|O_CLOEXEC) = -1 ENOENT (No such file or directory)
10768 openat(AT_FDCWD, "/home/runner/work/deckrender-acceptance/deckrender-acceptance/benchmark/artifacts/acceptance/runtimes/v0.3.1/node_modules/axios/lib/package.json", O_RDONLY|O_CLOEXEC) = -1 ENOENT (No such file or directory)
10768 openat(AT_FDCWD, "/home/runner/work/deckrender-acceptance/deckrender-acceptance/benchmark/artifacts/acceptance/runtimes/v0.3.1/node_modules/axios/lib/defaults/package.json", O_RDONLY|O_CLOEXEC) = -1 ENOENT (No such file or directory)
10768 openat(AT_FDCWD, "/home/runner/work/deckrender-acceptance/deckrender-acceptance/benchmark/artifacts/acceptance/runtimes/v0.3.1/node_modules/axios/lib/package.json", O_RDONLY|O_CLOEXEC) = -1 ENOENT (No such file or directory)
10768 openat(AT_FDCWD, "/home/runner/work/deckrender-acceptance/deckrender-acceptance/benchmark/artifacts/acceptance/runtimes/v0.3.1/node_modules/axios/lib/cancel/package.json", O_RDONLY|O_CLOEXEC) = -1 ENOENT (No such file or directory)
10768 openat(AT_FDCWD, "/home/runner/work/deckrender-acceptance/deckrender-acceptance/benchmark/artifacts/acceptance/runtimes/v0.3.1/node_modules/axios/lib/package.json", O_RDONLY|O_CLOEXEC) = -1 ENOENT (No such file or directory)
10768 openat(AT_FDCWD, "/home/runner/work/deckrender-acceptance/deckrender-acceptance/benchmark/artifacts/acceptance/runtimes/v0.3.1/node_modules/axios/lib/core/package.json", O_RDONLY|O_CLOEXEC) = -1 ENOENT (No such file or directory)
10768 openat(AT_FDCWD, "/home/runner/work/deckrender-acceptance/deckrender-acceptance/benchmark/artifacts/acceptance/runtimes/v0.3.1/node_modules/axios/lib/package.json", O_RDONLY|O_CLOEXEC) = -1 ENOENT (No such file or directory)
10768 openat(AT_FDCWD, "/home/runner/work/deckrender-acceptance/deckrender-acceptance/benchmark/artifacts/acceptance/runtimes/v0.3.1/node_modules/axios/lib/adapters/package.json", O_RDONLY|O_CLOEXEC) = -1 ENOENT (No such file or directory)
10768 openat(AT_FDCWD, "/home/runner/work/deckrender-acceptance/deckrender-acceptance/benchmark/artifacts/acceptance/runtimes/v0.3.1/node_modules/axios/lib/package.json", O_RDONLY|O_CLOEXEC) = -1 ENOENT (No such file or directory)
10768 openat(AT_FDCWD, "/home/runner/work/deckrender-acceptance/deckrender-acceptance/benchmark/artifacts/acceptance/runtimes/v0.3.1/node_modules/axios/lib/package.json", O_RDONLY|O_CLOEXEC) = -1 ENOENT (No such file or directory)
10768 openat(AT_FDCWD, "/home/runner/work/deckrender-acceptance/deckrender-acceptance/benchmark/artifacts/acceptance/runtimes/v0.3.1/node_modules/axios/lib/core/package.json", O_RDONLY|O_CLOEXEC) = -1 ENOENT (No such file or directory)
10768 openat(AT_FDCWD, "/home/runner/work/deckrender-acceptance/deckrender-acceptance/benchmark/artifacts/acceptance/runtimes/v0.3.1/node_modules/axios/lib/package.json", O_RDONLY|O_CLOEXEC) = -1 ENOENT (No such file or directory)
10768 openat(AT_FDCWD, "/home/runner/work/deckrender-acceptance/deckrender-acceptance/benchmark/artifacts/acceptance/runtimes/v0.3.1/node_modules/axios/lib/helpers/package.json", O_RDONLY|O_CLOEXEC) = -1 ENOENT (No such file or directory)
10768 openat(AT_FDCWD, "/home/runner/work/deckrender-acceptance/deckrender-acceptance/benchmark/artifacts/acceptance/runtimes/v0.3.1/node_modules/axios/lib/package.json", O_RDONLY|O_CLOEXEC) = -1 ENOENT (No such file or directory)
10768 openat(AT_FDCWD, "/home/runner/work/deckrender-acceptance/deckrender-acceptance/benchmark/artifacts/acceptance/runtimes/v0.3.1/node_modules/axios/lib/helpers/package.json", O_RDONLY|O_CLOEXEC) = -1 ENOENT (No such file or directory)
10768 openat(AT_FDCWD, "/home/runner/work/deckrender-acceptance/deckrender-acceptance/benchmark/artifacts/acceptance/runtimes/v0.3.1/node_modules/axios/lib/package.json", O_RDONLY|O_CLOEXEC) = -1 ENOENT (No such file or directory)
10768 openat(AT_FDCWD, "/home/runner/work/deckrender-acceptance/deckrender-acceptance/benchmark/artifacts/acceptance/runtimes/v0.3.1/node_modules/axios/lib/helpers/package.json", O_RDONLY|O_CLOEXEC) = -1 ENOENT (No such file or directory)
10768 openat(AT_FDCWD, "/home/runner/work/deckrender-acceptance/deckrender-acceptance/benchmark/artifacts/acceptance/runtimes/v0.3.1/node_modules/axios/lib/package.json", O_RDONLY|O_CLOEXEC) = -1 ENOENT (No such file or directory)
10768 openat(AT_FDCWD, "/home/runner/work/deckrender-acceptance/deckrender-acceptance/benchmark/artifacts/acceptance/runtimes/v0.3.1/node_modules/axios/lib/env/package.json", O_RDONLY|O_CLOEXEC) = -1 ENOENT (No such file or directory)
10768 openat(AT_FDCWD, "/home/runner/work/deckrender-acceptance/deckrender-acceptance/benchmark/artifacts/acceptance/runtimes/v0.3.1/node_modules/axios/lib/package.json", O_RDONLY|O_CLOEXEC) = -1 ENOENT (No such file or directory)
10768 openat(AT_FDCWD, "/home/runner/work/deckrender-acceptance/deckrender-acceptance/benchmark/artifacts/acceptance/runtimes/v0.3.1/node_modules/axios/lib/core/package.json", O_RDONLY|O_CLOEXEC) = -1 ENOENT (No such file or directory)
10768 openat(AT_FDCWD, "/home/runner/work/deckrender-acceptance/deckrender-acceptance/benchmark/artifacts/acceptance/runtimes/v0.3.1/node_modules/axios/lib/package.json", O_RDONLY|O_CLOEXEC) = -1 ENOENT (No such file or directory)
10768 openat(AT_FDCWD, "/home/runner/work/deckrender-acceptance/deckrender-acceptance/benchmark/artifacts/acceptance/runtimes/v0.3.1/node_modules/axios/lib/package.json", O_RDONLY|O_CLOEXEC) = -1 ENOENT (No such file or directory)
10768 openat(AT_FDCWD, "/home/runner/work/deckrender-acceptance/deckrender-acceptance/benchmark/artifacts/acceptance/runtimes/v0.3.1/node_modules/axios/lib/helpers/package.json", O_RDONLY|O_CLOEXEC) = -1 ENOENT (No such file or directory)
10768 openat(AT_FDCWD, "/home/runner/work/deckrender-acceptance/deckrender-acceptance/benchmark/artifacts/acceptance/runtimes/v0.3.1/node_modules/axios/lib/package.json", O_RDONLY|O_CLOEXEC) = -1 ENOENT (No such file or directory)
10768 openat(AT_FDCWD, "/home/runner/work/deckrender-acceptance/deckrender-acceptance/benchmark/artifacts/acceptance/runtimes/v0.3.1/node_modules/axios/lib/platform/package.json", O_RDONLY|O_CLOEXEC) = -1 ENOENT (No such file or directory)
10768 openat(AT_FDCWD, "/home/runner/work/deckrender-acceptance/deckrender-acceptance/benchmark/artifacts/acceptance/runtimes/v0.3.1/node_modules/axios/lib/package.json", O_RDONLY|O_CLOEXEC) = -1 ENOENT (No such file or directory)
10768 openat(AT_FDCWD, "/home/runner/work/deckrender-acceptance/deckrender-acceptance/benchmark/artifacts/acceptance/runtimes/v0.3.1/node_modules/axios/lib/platform/node/package.json", O_RDONLY|O_CLOEXEC) = -1 ENOENT (No such file or directory)
10768 openat(AT_FDCWD, "/home/runner/work/deckrender-acceptance/deckrender-acceptance/benchmark/artifacts/acceptance/runtimes/v0.3.1/node_modules/axios/lib/platform/package.json", O_RDONLY|O_CLOEXEC) = -1 ENOENT (No such file or directory)
10768 openat(AT_FDCWD, "/home/runner/work/deckrender-acceptance/deckrender-acceptance/benchmark/artifacts/acceptance/runtimes/v0.3.1/node_modules/axios/lib/package.json", O_RDONLY|O_CLOEXEC) = -1 ENOENT (No such file or directory)
10768 openat(AT_FDCWD, "/home/runner/work/deckrender-acceptance/deckrender-acceptance/benchmark/artifacts/acceptance/runtimes/v0.3.1/node_modules/axios/lib/platform/common/package.json", O_RDONLY|O_CLOEXEC) = -1 ENOENT (No such file or directory)
10768 openat(AT_FDCWD, "/home/runner/work/deckrender-acceptance/deckrender-acceptance/benchmark/artifacts/acceptance/runtimes/v0.3.1/node_modules/axios/lib/platform/package.json", O_RDONLY|O_CLOEXEC) = -1 ENOENT (No such file or directory)
10768 openat(AT_FDCWD, "/home/runner/work/deckrender-acceptance/deckrender-acceptance/benchmark/artifacts/acceptance/runtimes/v0.3.1/node_modules/axios/lib/package.json", O_RDONLY|O_CLOEXEC) = -1 ENOENT (No such file or directory)
10768 openat(AT_FDCWD, "/home/runner/work/deckrender-acceptance/deckrender-acceptance/benchmark/artifacts/acceptance/runtimes/v0.3.1/node_modules/axios/lib/platform/node/classes/package.json", O_RDONLY|O_CLOEXEC) = -1 ENOENT (No such file or directory)
10768 openat(AT_FDCWD, "/home/runner/work/deckrender-acceptance/deckrender-acceptance/benchmark/artifacts/acceptance/runtimes/v0.3.1/node_modules/axios/lib/platform/node/package.json", O_RDONLY|O_CLOEXEC) = -1 ENOENT (No such file or directory)
10768 openat(AT_FDCWD, "/home/runner/work/deckrender-acceptance/deckrender-acceptance/benchmark/artifacts/acceptance/runtimes/v0.3.1/node_modules/axios/lib/platform/package.json", O_RDONLY|O_CLOEXEC) = -1 ENOENT (No such file or directory)
10768 openat(AT_FDCWD, "/home/runner/work/deckrender-acceptance/deckrender-acceptance/benchmark/artifacts/acceptance/runtimes/v0.3.1/node_modules/axios/lib/package.json", O_RDONLY|O_CLOEXEC) = -1 ENOENT (No such file or directory)
10768 openat(AT_FDCWD, "/home/runner/work/deckrender-acceptance/deckrender-acceptance/benchmark/artifacts/acceptance/runtimes/v0.3.1/node_modules/form-data/package.json", O_RDONLY|O_CLOEXEC) = 21
10768 openat(AT_FDCWD, "/home/runner/work/deckrender-acceptance/deckrender-acceptance/benchmark/artifacts/acceptance/runtimes/v0.3.1/node_modules/form-data/lib/package.json", O_RDONLY|O_CLOEXEC) = -1 ENOENT (No such file or directory)
10768 openat(AT_FDCWD, "/home/runner/work/deckrender-acceptance/deckrender-acceptance/benchmark/artifacts/acceptance/runtimes/v0.3.1/node_modules/form-data/lib/package.json", O_RDONLY|O_CLOEXEC) = -1 ENOENT (No such file or directory)
10768 openat(AT_FDCWD, "/home/runner/work/deckrender-acceptance/deckrender-acceptance/benchmark/artifacts/acceptance/runtimes/v0.3.1/node_modules/axios/lib/package.json", O_RDONLY|O_CLOEXEC) = -1 ENOENT (No such file or directory)
10768 openat(AT_FDCWD, "/home/runner/work/deckrender-acceptance/deckrender-acceptance/benchmark/artifacts/acceptance/runtimes/v0.3.1/node_modules/axios/lib/package.json", O_RDONLY|O_CLOEXEC) = -1 ENOENT (No such file or directory)
10768 openat(AT_FDCWD, "/home/runner/work/deckrender-acceptance/deckrender-acceptance/benchmark/artifacts/acceptance/runtimes/v0.3.1/node_modules/axios/lib/package.json", O_RDONLY|O_CLOEXEC) = -1 ENOENT (No such file or directory)
10768 openat(AT_FDCWD, "/home/runner/work/deckrender-acceptance/deckrender-acceptance/benchmark/artifacts/acceptance/runtimes/v0.3.1/node_modules/axios/lib/core/package.json", O_RDONLY|O_CLOEXEC) = -1 ENOENT (No such file or directory)
10768 openat(AT_FDCWD, "/home/runner/work/deckrender-acceptance/deckrender-acceptance/benchmark/artifacts/acceptance/runtimes/v0.3.1/node_modules/axios/lib/package.json", O_RDONLY|O_CLOEXEC) = -1 ENOENT (No such file or directory)
10768 openat(AT_FDCWD, "/home/runner/work/deckrender-acceptance/deckrender-acceptance/benchmark/artifacts/acceptance/runtimes/v0.3.1/node_modules/axios/lib/core/package.json", O_RDONLY|O_CLOEXEC) = -1 ENOENT (No such file or directory)
10768 openat(AT_FDCWD, "/home/runner/work/deckrender-acceptance/deckrender-acceptance/benchmark/artifacts/acceptance/runtimes/v0.3.1/node_modules/axios/lib/package.json", O_RDONLY|O_CLOEXEC) = -1 ENOENT (No such file or directory)
10768 openat(AT_FDCWD, "/home/runner/work/deckrender-acceptance/deckrender-acceptance/benchmark/artifacts/acceptance/runtimes/v0.3.1/node_modules/axios/lib/helpers/package.json", O_RDONLY|O_CLOEXEC) = -1 ENOENT (No such file or directory)
10768 openat(AT_FDCWD, "/home/runner/work/deckrender-acceptance/deckrender-acceptance/benchmark/artifacts/acceptance/runtimes/v0.3.1/node_modules/axios/lib/package.json", O_RDONLY|O_CLOEXEC) = -1 ENOENT (No such file or directory)
10768 openat(AT_FDCWD, "/home/runner/work/deckrender-acceptance/deckrender-acceptance/benchmark/artifacts/acceptance/runtimes/v0.3.1/node_modules/axios/lib/adapters/package.json", O_RDONLY|O_CLOEXEC) = -1 ENOENT (No such file or directory)
10768 openat(AT_FDCWD, "/home/runner/work/deckrender-acceptance/deckrender-acceptance/benchmark/artifacts/acceptance/runtimes/v0.3.1/node_modules/axios/lib/package.json", O_RDONLY|O_CLOEXEC) = -1 ENOENT (No such file or directory)
10768 openat(AT_FDCWD, "/home/runner/work/deckrender-acceptance/deckrender-acceptance/benchmark/artifacts/acceptance/runtimes/v0.3.1/node_modules/proxy-from-env/package.json", O_RDONLY|O_CLOEXEC) = 21
10768 openat(AT_FDCWD, "/home/runner/work/deckrender-acceptance/deckrender-acceptance/benchmark/artifacts/acceptance/runtimes/v0.3.1/node_modules/axios/lib/adapters/package.json", O_RDONLY|O_CLOEXEC) = -1 ENOENT (No such file or directory)
10768 openat(AT_FDCWD, "/home/runner/work/deckrender-acceptance/deckrender-acceptance/benchmark/artifacts/acceptance/runtimes/v0.3.1/node_modules/axios/lib/package.json", O_RDONLY|O_CLOEXEC) = -1 ENOENT (No such file or directory)
10768 openat(AT_FDCWD, "/home/runner/work/deckrender-acceptance/deckrender-acceptance/benchmark/artifacts/acceptance/runtimes/v0.3.1/node_modules/https-proxy-agent/package.json", O_RDONLY|O_CLOEXEC) = 21
10768 openat(AT_FDCWD, "/home/runner/work/deckrender-acceptance/deckrender-acceptance/benchmark/artifacts/acceptance/runtimes/v0.3.1/node_modules/https-proxy-agent/dist/package.json", O_RDONLY|O_CLOEXEC) = -1 ENOENT (No such file or directory)
10768 openat(AT_FDCWD, "/home/runner/work/deckrender-acceptance/deckrender-acceptance/benchmark/artifacts/acceptance/runtimes/v0.3.1/node_modules/https-proxy-agent/dist/package.json", O_RDONLY|O_CLOEXEC) = -1 ENOENT (No such file or directory)
10768 openat(AT_FDCWD, "/home/runner/work/deckrender-acceptance/deckrender-acceptance/benchmark/artifacts/acceptance/runtimes/v0.3.1/node_modules/axios/lib/adapters/package.json", O_RDONLY|O_CLOEXEC) = -1 ENOENT (No such file or directory)
10768 openat(AT_FDCWD, "/home/runner/work/deckrender-acceptance/deckrender-acceptance/benchmark/artifacts/acceptance/runtimes/v0.3.1/node_modules/axios/lib/package.json", O_RDONLY|O_CLOEXEC) = -1 ENOENT (No such file or directory)
10768 openat(AT_FDCWD, "/home/runner/work/deckrender-acceptance/deckrender-acceptance/benchmark/artifacts/acceptance/runtimes/v0.3.1/node_modules/follow-redirects/package.json", O_RDONLY|O_CLOEXEC) = 21
10768 openat(AT_FDCWD, "/home/runner/work/deckrender-acceptance/deckrender-acceptance/benchmark/artifacts/acceptance/runtimes/v0.3.1/node_modules/axios/lib/env/package.json", O_RDONLY|O_CLOEXEC) = -1 ENOENT (No such file or directory)
10768 openat(AT_FDCWD, "/home/runner/work/deckrender-acceptance/deckrender-acceptance/benchmark/artifacts/acceptance/runtimes/v0.3.1/node_modules/axios/lib/package.json", O_RDONLY|O_CLOEXEC) = -1 ENOENT (No such file or directory)
10768 openat(AT_FDCWD, "/home/runner/work/deckrender-acceptance/deckrender-acceptance/benchmark/artifacts/acceptance/runtimes/v0.3.1/node_modules/axios/lib/defaults/package.json", O_RDONLY|O_CLOEXEC) = -1 ENOENT (No such file or directory)
10768 openat(AT_FDCWD, "/home/runner/work/deckrender-acceptance/deckrender-acceptance/benchmark/artifacts/acceptance/runtimes/v0.3.1/node_modules/axios/lib/package.json", O_RDONLY|O_CLOEXEC) = -1 ENOENT (No such file or directory)
10768 openat(AT_FDCWD, "/home/runner/work/deckrender-acceptance/deckrender-acceptance/benchmark/artifacts/acceptance/runtimes/v0.3.1/node_modules/axios/lib/core/package.json", O_RDONLY|O_CLOEXEC) = -1 ENOENT (No such file or directory)
10768 openat(AT_FDCWD, "/home/runner/work/deckrender-acceptance/deckrender-acceptance/benchmark/artifacts/acceptance/runtimes/v0.3.1/node_modules/axios/lib/package.json", O_RDONLY|O_CLOEXEC) = -1 ENOENT (No such file or directory)
10768 openat(AT_FDCWD, "/home/runner/work/deckrender-acceptance/deckrender-acceptance/benchmark/artifacts/acceptance/runtimes/v0.3.1/node_modules/axios/lib/cancel/package.json", O_RDONLY|O_CLOEXEC) = -1 ENOENT (No such file or directory)
10768 openat(AT_FDCWD, "/home/runner/work/deckrender-acceptance/deckrender-acceptance/benchmark/artifacts/acceptance/runtimes/v0.3.1/node_modules/axios/lib/package.json", O_RDONLY|O_CLOEXEC) = -1 ENOENT (No such file or directory)
10768 openat(AT_FDCWD, "/home/runner/work/deckrender-acceptance/deckrender-acceptance/benchmark/artifacts/acceptance/runtimes/v0.3.1/node_modules/axios/lib/platform/package.json", O_RDONLY|O_CLOEXEC) = -1 ENOENT (No such file or directory)
10768 openat(AT_FDCWD, "/home/runner/work/deckrender-acceptance/deckrender-acceptance/benchmark/artifacts/acceptance/runtimes/v0.3.1/node_modules/axios/lib/package.json", O_RDONLY|O_CLOEXEC) = -1 ENOENT (No such file or directory)
10768 openat(AT_FDCWD, "/home/runner/work/deckrender-acceptance/deckrender-acceptance/benchmark/artifacts/acceptance/runtimes/v0.3.1/node_modules/axios/lib/helpers/package.json", O_RDONLY|O_CLOEXEC) = -1 ENOENT (No such file or directory)
10768 openat(AT_FDCWD, "/home/runner/work/deckrender-acceptance/deckrender-acceptance/benchmark/artifacts/acceptance/runtimes/v0.3.1/node_modules/axios/lib/package.json", O_RDONLY|O_CLOEXEC) = -1 ENOENT (No such file or directory)
10768 openat(AT_FDCWD, "/home/runner/work/deckrender-acceptance/deckrender-acceptance/benchmark/artifacts/acceptance/runtimes/v0.3.1/node_modules/axios/lib/core/package.json", O_RDONLY|O_CLOEXEC) = -1 ENOENT (No such file or directory)
10768 openat(AT_FDCWD, "/home/runner/work/deckrender-acceptance/deckrender-acceptance/benchmark/artifacts/acceptance/runtimes/v0.3.1/node_modules/axios/lib/package.json", O_RDONLY|O_CLOEXEC) = -1 ENOENT (No such file or directory)
10768 openat(AT_FDCWD, "/home/runner/work/deckrender-acceptance/deckrender-acceptance/benchmark/artifacts/acceptance/runtimes/v0.3.1/node_modules/axios/lib/core/package.json", O_RDONLY|O_CLOEXEC) = -1 ENOENT (No such file or directory)
10768 openat(AT_FDCWD, "/home/runner/work/deckrender-acceptance/deckrender-acceptance/benchmark/artifacts/acceptance/runtimes/v0.3.1/node_modules/axios/lib/package.json", O_RDONLY|O_CLOEXEC) = -1 ENOENT (No such file or directory)
10768 openat(AT_FDCWD, "/home/runner/work/deckrender-acceptance/deckrender-acceptance/benchmark/artifacts/acceptance/runtimes/v0.3.1/node_modules/axios/lib/helpers/package.json", O_RDONLY|O_CLOEXEC) = -1 ENOENT (No such file or directory)
10768 openat(AT_FDCWD, "/home/runner/work/deckrender-acceptance/deckrender-acceptance/benchmark/artifacts/acceptance/runtimes/v0.3.1/node_modules/axios/lib/package.json", O_RDONLY|O_CLOEXEC) = -1 ENOENT (No such file or directory)
10768 openat(AT_FDCWD, "/home/runner/work/deckrender-acceptance/deckrender-acceptance/benchmark/artifacts/acceptance/runtimes/v0.3.1/node_modules/axios/lib/helpers/package.json", O_RDONLY|O_CLOEXEC) = -1 ENOENT (No such file or directory)
10768 openat(AT_FDCWD, "/home/runner/work/deckrender-acceptance/deckrender-acceptance/benchmark/artifacts/acceptance/runtimes/v0.3.1/node_modules/axios/lib/package.json", O_RDONLY|O_CLOEXEC) = -1 ENOENT (No such file or directory)
10768 openat(AT_FDCWD, "/home/runner/work/deckrender-acceptance/deckrender-acceptance/benchmark/artifacts/acceptance/runtimes/v0.3.1/node_modules/axios/lib/helpers/package.json", O_RDONLY|O_CLOEXEC) = -1 ENOENT (No such file or directory)
10768 openat(AT_FDCWD, "/home/runner/work/deckrender-acceptance/deckrender-acceptance/benchmark/artifacts/acceptance/runtimes/v0.3.1/node_modules/axios/lib/package.json", O_RDONLY|O_CLOEXEC) = -1 ENOENT (No such file or directory)
10768 openat(AT_FDCWD, "/home/runner/work/deckrender-acceptance/deckrender-acceptance/benchmark/artifacts/acceptance/runtimes/v0.3.1/node_modules/axios/lib/helpers/package.json", O_RDONLY|O_CLOEXEC) = -1 ENOENT (No such file or directory)
10768 openat(AT_FDCWD, "/home/runner/work/deckrender-acceptance/deckrender-acceptance/benchmark/artifacts/acceptance/runtimes/v0.3.1/node_modules/axios/lib/package.json", O_RDONLY|O_CLOEXEC) = -1 ENOENT (No such file or directory)
10768 openat(AT_FDCWD, "/home/runner/work/deckrender-acceptance/deckrender-acceptance/benchmark/artifacts/acceptance/runtimes/v0.3.1/node_modules/axios/lib/helpers/package.json", O_RDONLY|O_CLOEXEC) = -1 ENOENT (No such file or directory)
10768 openat(AT_FDCWD, "/home/runner/work/deckrender-acceptance/deckrender-acceptance/benchmark/artifacts/acceptance/runtimes/v0.3.1/node_modules/axios/lib/package.json", O_RDONLY|O_CLOEXEC) = -1 ENOENT (No such file or directory)
10768 openat(AT_FDCWD, "/home/runner/work/deckrender-acceptance/deckrender-acceptance/benchmark/artifacts/acceptance/runtimes/v0.3.1/node_modules/axios/lib/helpers/package.json", O_RDONLY|O_CLOEXEC) = -1 ENOENT (No such file or directory)
10768 openat(AT_FDCWD, "/home/runner/work/deckrender-acceptance/deckrender-acceptance/benchmark/artifacts/acceptance/runtimes/v0.3.1/node_modules/axios/lib/package.json", O_RDONLY|O_CLOEXEC) = -1 ENOENT (No such file or directory)
10768 openat(AT_FDCWD, "/home/runner/work/deckrender-acceptance/deckrender-acceptance/benchmark/artifacts/acceptance/runtimes/v0.3.1/node_modules/axios/lib/helpers/package.json", O_RDONLY|O_CLOEXEC) = -1 ENOENT (No such file or directory)
10768 openat(AT_FDCWD, "/home/runner/work/deckrender-acceptance/deckrender-acceptance/benchmark/artifacts/acceptance/runtimes/v0.3.1/node_modules/axios/lib/package.json", O_RDONLY|O_CLOEXEC) = -1 ENOENT (No such file or directory)
10768 openat(AT_FDCWD, "/home/runner/work/deckrender-acceptance/deckrender-acceptance/benchmark/artifacts/acceptance/runtimes/v0.3.1/node_modules/axios/lib/helpers/package.json", O_RDONLY|O_CLOEXEC) = -1 ENOENT (No such file or directory)
10768 openat(AT_FDCWD, "/home/runner/work/deckrender-acceptance/deckrender-acceptance/benchmark/artifacts/acceptance/runtimes/v0.3.1/node_modules/axios/lib/package.json", O_RDONLY|O_CLOEXEC) = -1 ENOENT (No such file or directory)
10768 openat(AT_FDCWD, "/home/runner/work/deckrender-acceptance/deckrender-acceptance/benchmark/artifacts/acceptance/runtimes/v0.3.1/node_modules/axios/lib/helpers/package.json", O_RDONLY|O_CLOEXEC) = -1 ENOENT (No such file or directory)
10768 openat(AT_FDCWD, "/home/runner/work/deckrender-acceptance/deckrender-acceptance/benchmark/artifacts/acceptance/runtimes/v0.3.1/node_modules/axios/lib/package.json", O_RDONLY|O_CLOEXEC) = -1 ENOENT (No such file or directory)
10768 openat(AT_FDCWD, "/home/runner/work/deckrender-acceptance/deckrender-acceptance/benchmark/artifacts/acceptance/runtimes/v0.3.1/node_modules/axios/lib/helpers/package.json", O_RDONLY|O_CLOEXEC) = -1 ENOENT (No such file or directory)
10768 openat(AT_FDCWD, "/home/runner/work/deckrender-acceptance/deckrender-acceptance/benchmark/artifacts/acceptance/runtimes/v0.3.1/node_modules/axios/lib/package.json", O_RDONLY|O_CLOEXEC) = -1 ENOENT (No such file or directory)
10768 openat(AT_FDCWD, "/home/runner/work/deckrender-acceptance/deckrender-acceptance/benchmark/artifacts/acceptance/runtimes/v0.3.1/node_modules/axios/lib/package.json", O_RDONLY|O_CLOEXEC) = -1 ENOENT (No such file or directory)
10768 openat(AT_FDCWD, "/home/runner/work/deckrender-acceptance/deckrender-acceptance/benchmark/artifacts/acceptance/runtimes/v0.3.1/node_modules/axios/lib/core/package.json", O_RDONLY|O_CLOEXEC) = -1 ENOENT (No such file or directory)
10768 openat(AT_FDCWD, "/home/runner/work/deckrender-acceptance/deckrender-acceptance/benchmark/artifacts/acceptance/runtimes/v0.3.1/node_modules/axios/lib/package.json", O_RDONLY|O_CLOEXEC) = -1 ENOENT (No such file or directory)
10768 openat(AT_FDCWD, "/home/runner/work/deckrender-acceptance/deckrender-acceptance/benchmark/artifacts/acceptance/runtimes/v0.3.1/node_modules/axios/lib/defaults/package.json", O_RDONLY|O_CLOEXEC) = -1 ENOENT (No such file or directory)
10768 openat(AT_FDCWD, "/home/runner/work/deckrender-acceptance/deckrender-acceptance/benchmark/artifacts/acceptance/runtimes/v0.3.1/node_modules/axios/lib/package.json", O_RDONLY|O_CLOEXEC) = -1 ENOENT (No such file or directory)
10768 openat(AT_FDCWD, "/home/runner/work/deckrender-acceptance/deckrender-acceptance/benchmark/artifacts/acceptance/runtimes/v0.3.1/node_modules/axios/lib/core/package.json", O_RDONLY|O_CLOEXEC) = -1 ENOENT (No such file or directory)
10768 openat(AT_FDCWD, "/home/runner/work/deckrender-acceptance/deckrender-acceptance/benchmark/artifacts/acceptance/runtimes/v0.3.1/node_modules/axios/lib/package.json", O_RDONLY|O_CLOEXEC) = -1 ENOENT (No such file or directory)
10768 openat(AT_FDCWD, "/home/runner/work/deckrender-acceptance/deckrender-acceptance/benchmark/artifacts/acceptance/runtimes/v0.3.1/node_modules/axios/lib/cancel/package.json", O_RDONLY|O_CLOEXEC) = -1 ENOENT (No such file or directory)
10768 openat(AT_FDCWD, "/home/runner/work/deckrender-acceptance/deckrender-acceptance/benchmark/artifacts/acceptance/runtimes/v0.3.1/node_modules/axios/lib/package.json", O_RDONLY|O_CLOEXEC) = -1 ENOENT (No such file or directory)
10768 openat(AT_FDCWD, "/home/runner/work/deckrender-acceptance/deckrender-acceptance/benchmark/artifacts/acceptance/runtimes/v0.3.1/node_modules/axios/lib/helpers/package.json", O_RDONLY|O_CLOEXEC) = -1 ENOENT (No such file or directory)
10768 openat(AT_FDCWD, "/home/runner/work/deckrender-acceptance/deckrender-acceptance/benchmark/artifacts/acceptance/runtimes/v0.3.1/node_modules/axios/lib/package.json", O_RDONLY|O_CLOEXEC) = -1 ENOENT (No such file or directory)
10768 openat(AT_FDCWD, "/home/runner/work/deckrender-acceptance/deckrender-acceptance/benchmark/artifacts/acceptance/runtimes/v0.3.1/node_modules/axios/lib/helpers/package.json", O_RDONLY|O_CLOEXEC) = -1 ENOENT (No such file or directory)
10768 openat(AT_FDCWD, "/home/runner/work/deckrender-acceptance/deckrender-acceptance/benchmark/artifacts/acceptance/runtimes/v0.3.1/node_modules/axios/lib/package.json", O_RDONLY|O_CLOEXEC) = -1 ENOENT (No such file or directory)
10768 openat(AT_FDCWD, "/home/runner/work/deckrender-acceptance/deckrender-acceptance/benchmark/artifacts/acceptance/runtimes/v0.3.1/node_modules/axios/lib/platform/package.json", O_RDONLY|O_CLOEXEC) = -1 ENOENT (No such file or directory)
10768 openat(AT_FDCWD, "/home/runner/work/deckrender-acceptance/deckrender-acceptance/benchmark/artifacts/acceptance/runtimes/v0.3.1/node_modules/axios/lib/package.json", O_RDONLY|O_CLOEXEC) = -1 ENOENT (No such file or directory)
10768 openat(AT_FDCWD, "/home/runner/work/deckrender-acceptance/deckrender-acceptance/benchmark/artifacts/acceptance/runtimes/v0.3.1/node_modules/axios/lib/core/package.json", O_RDONLY|O_CLOEXEC) = -1 ENOENT (No such file or directory)
10768 openat(AT_FDCWD, "/home/runner/work/deckrender-acceptance/deckrender-acceptance/benchmark/artifacts/acceptance/runtimes/v0.3.1/node_modules/axios/lib/package.json", O_RDONLY|O_CLOEXEC) = -1 ENOENT (No such file or directory)
10768 openat(AT_FDCWD, "/home/runner/work/deckrender-acceptance/deckrender-acceptance/benchmark/artifacts/acceptance/runtimes/v0.3.1/node_modules/axios/lib/helpers/package.json", O_RDONLY|O_CLOEXEC) = -1 ENOENT (No such file or directory)
10768 openat(AT_FDCWD, "/home/runner/work/deckrender-acceptance/deckrender-acceptance/benchmark/artifacts/acceptance/runtimes/v0.3.1/node_modules/axios/lib/package.json", O_RDONLY|O_CLOEXEC) = -1 ENOENT (No such file or directory)
10768 openat(AT_FDCWD, "/home/runner/work/deckrender-acceptance/deckrender-acceptance/benchmark/artifacts/acceptance/runtimes/v0.3.1/node_modules/axios/lib/helpers/package.json", O_RDONLY|O_CLOEXEC) = -1 ENOENT (No such file or directory)
10768 openat(AT_FDCWD, "/home/runner/work/deckrender-acceptance/deckrender-acceptance/benchmark/artifacts/acceptance/runtimes/v0.3.1/node_modules/axios/lib/package.json", O_RDONLY|O_CLOEXEC) = -1 ENOENT (No such file or directory)
10768 openat(AT_FDCWD, "/home/runner/work/deckrender-acceptance/deckrender-acceptance/benchmark/artifacts/acceptance/runtimes/v0.3.1/node_modules/axios/lib/helpers/package.json", O_RDONLY|O_CLOEXEC) = -1 ENOENT (No such file or directory)
10768 openat(AT_FDCWD, "/home/runner/work/deckrender-acceptance/deckrender-acceptance/benchmark/artifacts/acceptance/runtimes/v0.3.1/node_modules/axios/lib/package.json", O_RDONLY|O_CLOEXEC) = -1 ENOENT (No such file or directory)
10768 openat(AT_FDCWD, "/home/runner/work/deckrender-acceptance/deckrender-acceptance/benchmark/artifacts/acceptance/runtimes/v0.3.1/node_modules/axios/lib/platform/package.json", O_RDONLY|O_CLOEXEC) = -1 ENOENT (No such file or directory)
10768 openat(AT_FDCWD, "/home/runner/work/deckrender-acceptance/deckrender-acceptance/benchmark/artifacts/acceptance/runtimes/v0.3.1/node_modules/axios/lib/package.json", O_RDONLY|O_CLOEXEC) = -1 ENOENT (No such file or directory)
10768 openat(AT_FDCWD, "/home/runner/work/deckrender-acceptance/deckrender-acceptance/benchmark/artifacts/acceptance/runtimes/v0.3.1/node_modules/axios/lib/package.json", O_RDONLY|O_CLOEXEC) = -1 ENOENT (No such file or directory)
10768 openat(AT_FDCWD, "/home/runner/work/deckrender-acceptance/deckrender-acceptance/benchmark/artifacts/acceptance/runtimes/v0.3.1/node_modules/axios/lib/core/package.json", O_RDONLY|O_CLOEXEC) = -1 ENOENT (No such file or directory)
10768 openat(AT_FDCWD, "/home/runner/work/deckrender-acceptance/deckrender-acceptance/benchmark/artifacts/acceptance/runtimes/v0.3.1/node_modules/axios/lib/package.json", O_RDONLY|O_CLOEXEC) = -1 ENOENT (No such file or directory)
10768 openat(AT_FDCWD, "/home/runner/work/deckrender-acceptance/deckrender-acceptance/benchmark/artifacts/acceptance/runtimes/v0.3.1/node_modules/axios/lib/helpers/package.json", O_RDONLY|O_CLOEXEC) = -1 ENOENT (No such file or directory)
10768 openat(AT_FDCWD, "/home/runner/work/deckrender-acceptance/deckrender-acceptance/benchmark/artifacts/acceptance/runtimes/v0.3.1/node_modules/axios/lib/package.json", O_RDONLY|O_CLOEXEC) = -1 ENOENT (No such file or directory)
10768 openat(AT_FDCWD, "/home/runner/work/deckrender-acceptance/deckrender-acceptance/benchmark/artifacts/acceptance/runtimes/v0.3.1/node_modules/axios/lib/helpers/package.json", O_RDONLY|O_CLOEXEC) = -1 ENOENT (No such file or directory)
10768 openat(AT_FDCWD, "/home/runner/work/deckrender-acceptance/deckrender-acceptance/benchmark/artifacts/acceptance/runtimes/v0.3.1/node_modules/axios/lib/package.json", O_RDONLY|O_CLOEXEC) = -1 ENOENT (No such file or directory)
10768 openat(AT_FDCWD, "/home/runner/work/deckrender-acceptance/deckrender-acceptance/benchmark/artifacts/acceptance/runtimes/v0.3.1/node_modules/axios/lib/core/package.json", O_RDONLY|O_CLOEXEC) = -1 ENOENT (No such file or directory)
10768 openat(AT_FDCWD, "/home/runner/work/deckrender-acceptance/deckrender-acceptance/benchmark/artifacts/acceptance/runtimes/v0.3.1/node_modules/axios/lib/package.json", O_RDONLY|O_CLOEXEC) = -1 ENOENT (No such file or directory)
10768 openat(AT_FDCWD, "/home/runner/work/deckrender-acceptance/deckrender-acceptance/benchmark/artifacts/acceptance/runtimes/v0.3.1/node_modules/axios/lib/helpers/package.json", O_RDONLY|O_CLOEXEC) = -1 ENOENT (No such file or directory)
10768 openat(AT_FDCWD, "/home/runner/work/deckrender-acceptance/deckrender-acceptance/benchmark/artifacts/acceptance/runtimes/v0.3.1/node_modules/axios/lib/package.json", O_RDONLY|O_CLOEXEC) = -1 ENOENT (No such file or directory)
10768 openat(AT_FDCWD, "/home/runner/work/deckrender-acceptance/deckrender-acceptance/benchmark/artifacts/acceptance/runtimes/v0.3.1/node_modules/axios/lib/helpers/package.json", O_RDONLY|O_CLOEXEC) = -1 ENOENT (No such file or directory)
10768 openat(AT_FDCWD, "/home/runner/work/deckrender-acceptance/deckrender-acceptance/benchmark/artifacts/acceptance/runtimes/v0.3.1/node_modules/axios/lib/package.json", O_RDONLY|O_CLOEXEC) = -1 ENOENT (No such file or directory)
10768 openat(AT_FDCWD, "/home/runner/work/deckrender-acceptance/deckrender-acceptance/benchmark/artifacts/acceptance/runtimes/v0.3.1/node_modules/axios/lib/core/package.json", O_RDONLY|O_CLOEXEC) = -1 ENOENT (No such file or directory)
10768 openat(AT_FDCWD, "/home/runner/work/deckrender-acceptance/deckrender-acceptance/benchmark/artifacts/acceptance/runtimes/v0.3.1/node_modules/axios/lib/package.json", O_RDONLY|O_CLOEXEC) = -1 ENOENT (No such file or directory)
10768 openat(AT_FDCWD, "/home/runner/work/deckrender-acceptance/deckrender-acceptance/benchmark/artifacts/acceptance/runtimes/v0.3.1/node_modules/axios/lib/helpers/package.json", O_RDONLY|O_CLOEXEC) = -1 ENOENT (No such file or directory)
10768 openat(AT_FDCWD, "/home/runner/work/deckrender-acceptance/deckrender-acceptance/benchmark/artifacts/acceptance/runtimes/v0.3.1/node_modules/axios/lib/package.json", O_RDONLY|O_CLOEXEC) = -1 ENOENT (No such file or directory)
10768 openat(AT_FDCWD, "/home/runner/work/deckrender-acceptance/deckrender-acceptance/benchmark/artifacts/acceptance/runtimes/v0.3.1/node_modules/axios/lib/env/package.json", O_RDONLY|O_CLOEXEC) = -1 ENOENT (No such file or directory)
10768 openat(AT_FDCWD, "/home/runner/work/deckrender-acceptance/deckrender-acceptance/benchmark/artifacts/acceptance/runtimes/v0.3.1/node_modules/axios/lib/package.json", O_RDONLY|O_CLOEXEC) = -1 ENOENT (No such file or directory)
10768 openat(AT_FDCWD, "/home/runner/work/deckrender-acceptance/deckrender-acceptance/benchmark/artifacts/acceptance/runtimes/v0.3.1/node_modules/axios/lib/helpers/package.json", O_RDONLY|O_CLOEXEC) = -1 ENOENT (No such file or directory)
10768 openat(AT_FDCWD, "/home/runner/work/deckrender-acceptance/deckrender-acceptance/benchmark/artifacts/acceptance/runtimes/v0.3.1/node_modules/axios/lib/package.json", O_RDONLY|O_CLOEXEC) = -1 ENOENT (No such file or directory)
10768 openat(AT_FDCWD, "/home/runner/work/deckrender-acceptance/deckrender-acceptance/benchmark/artifacts/acceptance/runtimes/v0.3.1/node_modules/axios/lib/helpers/AxiosURLSearchParams.js", O_RDONLY|O_CLOEXEC) = 21
10768 openat(AT_FDCWD, "/home/runner/work/deckrender-acceptance/deckrender-acceptance/benchmark/artifacts/acceptance/runtimes/v0.3.1/node_modules/axios/lib/core/transformData.js", O_RDONLY|O_CLOEXEC) = 21
10768 openat(AT_FDCWD, "/home/runner/work/deckrender-acceptance/deckrender-acceptance/benchmark/artifacts/acceptance/runtimes/v0.3.1/node_modules/axios/lib/helpers/isAbsoluteURL.js", O_RDONLY|O_CLOEXEC) = 21
10768 openat(AT_FDCWD, "/home/runner/work/deckrender-acceptance/deckrender-acceptance/benchmark/artifacts/acceptance/runtimes/v0.3.1/node_modules/axios/lib/helpers/combineURLs.js", O_RDONLY|O_CLOEXEC) = 21
10768 openat(AT_FDCWD, "/home/runner/work/deckrender-acceptance/deckrender-acceptance/benchmark/artifacts/acceptance/runtimes/v0.3.1/node_modules/axios/lib/helpers/normalizeURLForProtocolCheck.js", O_RDONLY|O_CLOEXEC) = 21
10768 openat(AT_FDCWD, "/home/runner/work/deckrender-acceptance/deckrender-acceptance/benchmark/artifacts/acceptance/runtimes/v0.3.1/node_modules/axios/lib/platform/node/index.js", O_RDONLY|O_CLOEXEC) = 21
10768 openat(AT_FDCWD, "/home/runner/work/deckrender-acceptance/deckrender-acceptance/benchmark/artifacts/acceptance/runtimes/v0.3.1/node_modules/axios/lib/platform/common/utils.js", O_RDONLY|O_CLOEXEC) = 21
10768 openat(AT_FDCWD, "/home/runner/work/deckrender-acceptance/deckrender-acceptance/benchmark/artifacts/acceptance/runtimes/v0.3.1/node_modules/form-data/lib/form_data.js", O_RDONLY|O_CLOEXEC) = 21
10768 openat(AT_FDCWD, "/home/runner/work/deckrender-acceptance/deckrender-acceptance/benchmark/artifacts/acceptance/runtimes/v0.3.1/node_modules/form-data/lib/package.json", O_RDONLY|O_CLOEXEC) = -1 ENOENT (No such file or directory)
10768 openat(AT_FDCWD, "/home/runner/work/deckrender-acceptance/deckrender-acceptance/benchmark/artifacts/acceptance/runtimes/v0.3.1/node_modules/axios/lib/core/settle.js", O_RDONLY|O_CLOEXEC) = 21
10768 openat(AT_FDCWD, "/home/runner/work/deckrender-acceptance/deckrender-acceptance/benchmark/artifacts/acceptance/runtimes/v0.3.1/node_modules/proxy-from-env/index.js", O_RDONLY|O_CLOEXEC) = 21
10768 openat(AT_FDCWD, "/home/runner/work/deckrender-acceptance/deckrender-acceptance/benchmark/artifacts/acceptance/runtimes/v0.3.1/node_modules/https-proxy-agent/dist/index.js", O_RDONLY|O_CLOEXEC) = 21
10768 openat(AT_FDCWD, "/home/runner/work/deckrender-acceptance/deckrender-acceptance/benchmark/artifacts/acceptance/runtimes/v0.3.1/node_modules/https-proxy-agent/dist/package.json", O_RDONLY|O_CLOEXEC) = -1 ENOENT (No such file or directory)
10768 openat(AT_FDCWD, "/home/runner/work/deckrender-acceptance/deckrender-acceptance/benchmark/artifacts/acceptance/runtimes/v0.3.1/node_modules/follow-redirects/index.js", O_RDONLY|O_CLOEXEC) = 21
10768 openat(AT_FDCWD, "/home/runner/work/deckrender-acceptance/deckrender-acceptance/benchmark/artifacts/acceptance/runtimes/v0.3.1/node_modules/axios/lib/helpers/fromDataURI.js", O_RDONLY|O_CLOEXEC) = 21
10768 openat(AT_FDCWD, "/home/runner/work/deckrender-acceptance/deckrender-acceptance/benchmark/artifacts/acceptance/runtimes/v0.3.1/node_modules/axios/lib/core/setFormDataHeaders.js", O_RDONLY|O_CLOEXEC) = 21
10768 openat(AT_FDCWD, "/home/runner/work/deckrender-acceptance/deckrender-acceptance/benchmark/artifacts/acceptance/runtimes/v0.3.1/node_modules/axios/lib/helpers/AxiosTransformStream.js", O_RDONLY|O_CLOEXEC) = 21
10768 openat(AT_FDCWD, "/home/runner/work/deckrender-acceptance/deckrender-acceptance/benchmark/artifacts/acceptance/runtimes/v0.3.1/node_modules/axios/lib/helpers/formDataToStream.js", O_RDONLY|O_CLOEXEC) = 21
10768 openat(AT_FDCWD, "/home/runner/work/deckrender-acceptance/deckrender-acceptance/benchmark/artifacts/acceptance/runtimes/v0.3.1/node_modules/axios/lib/helpers/readBlob.js", O_RDONLY|O_CLOEXEC) = 21
10768 openat(AT_FDCWD, "/home/runner/work/deckrender-acceptance/deckrender-acceptance/benchmark/artifacts/acceptance/runtimes/v0.3.1/node_modules/axios/lib/helpers/ZlibHeaderTransformStream.js", O_RDONLY|O_CLOEXEC) = 21
10768 openat(AT_FDCWD, "/home/runner/work/deckrender-acceptance/deckrender-acceptance/benchmark/artifacts/acceptance/runtimes/v0.3.1/node_modules/axios/lib/helpers/Http2Sessions.js", O_RDONLY|O_CLOEXEC) = 21
10768 openat(AT_FDCWD, "/home/runner/work/deckrender-acceptance/deckrender-acceptance/benchmark/artifacts/acceptance/runtimes/v0.3.1/node_modules/axios/lib/helpers/callbackify.js", O_RDONLY|O_CLOEXEC) = 21
10768 openat(AT_FDCWD, "/home/runner/work/deckrender-acceptance/deckrender-acceptance/benchmark/artifacts/acceptance/runtimes/v0.3.1/node_modules/axios/lib/helpers/shouldBypassProxy.js", O_RDONLY|O_CLOEXEC) = 21
10768 openat(AT_FDCWD, "/home/runner/work/deckrender-acceptance/deckrender-acceptance/benchmark/artifacts/acceptance/runtimes/v0.3.1/node_modules/axios/lib/helpers/progressEventReducer.js", O_RDONLY|O_CLOEXEC) = 21
10768 openat(AT_FDCWD, "/home/runner/work/deckrender-acceptance/deckrender-acceptance/benchmark/artifacts/acceptance/runtimes/v0.3.1/node_modules/axios/lib/helpers/estimateDataURLDecodedBytes.js", O_RDONLY|O_CLOEXEC) = 21
10768 openat(AT_FDCWD, "/home/runner/work/deckrender-acceptance/deckrender-acceptance/benchmark/artifacts/acceptance/runtimes/v0.3.1/node_modules/axios/lib/helpers/parseProtocol.js", O_RDONLY|O_CLOEXEC) = 21
10768 openat(AT_FDCWD, "/home/runner/work/deckrender-acceptance/deckrender-acceptance/benchmark/artifacts/acceptance/runtimes/v0.3.1/node_modules/axios/lib/helpers/resolveConfig.js", O_RDONLY|O_CLOEXEC) = 21
10768 openat(AT_FDCWD, "/home/runner/work/deckrender-acceptance/deckrender-acceptance/benchmark/artifacts/acceptance/runtimes/v0.3.1/node_modules/axios/lib/helpers/composeSignals.js", O_RDONLY|O_CLOEXEC) = 21
10768 openat(AT_FDCWD, "/home/runner/work/deckrender-acceptance/deckrender-acceptance/benchmark/artifacts/acceptance/runtimes/v0.3.1/node_modules/axios/lib/helpers/trackStream.js", O_RDONLY|O_CLOEXEC) = 21
10768 openat(AT_FDCWD, "/home/runner/work/deckrender-acceptance/deckrender-acceptance/benchmark/artifacts/acceptance/runtimes/v0.3.1/node_modules/axios/lib/helpers/package.json", O_RDONLY|O_CLOEXEC) = -1 ENOENT (No such file or directory)
10768 openat(AT_FDCWD, "/home/runner/work/deckrender-acceptance/deckrender-acceptance/benchmark/artifacts/acceptance/runtimes/v0.3.1/node_modules/axios/lib/package.json", O_RDONLY|O_CLOEXEC) = -1 ENOENT (No such file or directory)
10768 openat(AT_FDCWD, "/home/runner/work/deckrender-acceptance/deckrender-acceptance/benchmark/artifacts/acceptance/runtimes/v0.3.1/node_modules/axios/lib/package.json", O_RDONLY|O_CLOEXEC) = -1 ENOENT (No such file or directory)
10768 openat(AT_FDCWD, "/home/runner/work/deckrender-acceptance/deckrender-acceptance/benchmark/artifacts/acceptance/runtimes/v0.3.1/node_modules/axios/lib/defaults/package.json", O_RDONLY|O_CLOEXEC) = -1 ENOENT (No such file or directory)
10768 openat(AT_FDCWD, "/home/runner/work/deckrender-acceptance/deckrender-acceptance/benchmark/artifacts/acceptance/runtimes/v0.3.1/node_modules/axios/lib/package.json", O_RDONLY|O_CLOEXEC) = -1 ENOENT (No such file or directory)
10768 openat(AT_FDCWD, "/home/runner/work/deckrender-acceptance/deckrender-acceptance/benchmark/artifacts/acceptance/runtimes/v0.3.1/node_modules/axios/lib/core/package.json", O_RDONLY|O_CLOEXEC) = -1 ENOENT (No such file or directory)
10768 openat(AT_FDCWD, "/home/runner/work/deckrender-acceptance/deckrender-acceptance/benchmark/artifacts/acceptance/runtimes/v0.3.1/node_modules/axios/lib/package.json", O_RDONLY|O_CLOEXEC) = -1 ENOENT (No such file or directory)
10768 openat(AT_FDCWD, "/home/runner/work/deckrender-acceptance/deckrender-acceptance/benchmark/artifacts/acceptance/runtimes/v0.3.1/node_modules/axios/lib/platform/node/classes/package.json", O_RDONLY|O_CLOEXEC) = -1 ENOENT (No such file or directory)
10768 openat(AT_FDCWD, "/home/runner/work/deckrender-acceptance/deckrender-acceptance/benchmark/artifacts/acceptance/runtimes/v0.3.1/node_modules/axios/lib/platform/node/package.json", O_RDONLY|O_CLOEXEC) = -1 ENOENT (No such file or directory)
10768 openat(AT_FDCWD, "/home/runner/work/deckrender-acceptance/deckrender-acceptance/benchmark/artifacts/acceptance/runtimes/v0.3.1/node_modules/axios/lib/platform/package.json", O_RDONLY|O_CLOEXEC) = -1 ENOENT (No such file or directory)
10768 openat(AT_FDCWD, "/home/runner/work/deckrender-acceptance/deckrender-acceptance/benchmark/artifacts/acceptance/runtimes/v0.3.1/node_modules/axios/lib/package.json", O_RDONLY|O_CLOEXEC) = -1 ENOENT (No such file or directory)
10768 openat(AT_FDCWD, "/home/runner/work/deckrender-acceptance/deckrender-acceptance/benchmark/artifacts/acceptance/runtimes/v0.3.1/node_modules/axios/lib/platform/node/classes/package.json", O_RDONLY|O_CLOEXEC) = -1 ENOENT (No such file or directory)
10768 openat(AT_FDCWD, "/home/runner/work/deckrender-acceptance/deckrender-acceptance/benchmark/artifacts/acceptance/runtimes/v0.3.1/node_modules/axios/lib/platform/node/package.json", O_RDONLY|O_CLOEXEC) = -1 ENOENT (No such file or directory)
10768 openat(AT_FDCWD, "/home/runner/work/deckrender-acceptance/deckrender-acceptance/benchmark/artifacts/acceptance/runtimes/v0.3.1/node_modules/axios/lib/platform/package.json", O_RDONLY|O_CLOEXEC) = -1 ENOENT (No such file or directory)
10768 openat(AT_FDCWD, "/home/runner/work/deckrender-acceptance/deckrender-acceptance/benchmark/artifacts/acceptance/runtimes/v0.3.1/node_modules/axios/lib/package.json", O_RDONLY|O_CLOEXEC) = -1 ENOENT (No such file or directory)
10768 openat(AT_FDCWD, "/home/runner/work/deckrender-acceptance/deckrender-acceptance/benchmark/artifacts/acceptance/runtimes/v0.3.1/node_modules/axios/lib/core/package.json", O_RDONLY|O_CLOEXEC) = -1 ENOENT (No such file or directory)
10768 openat(AT_FDCWD, "/home/runner/work/deckrender-acceptance/deckrender-acceptance/benchmark/artifacts/acceptance/runtimes/v0.3.1/node_modules/axios/lib/package.json", O_RDONLY|O_CLOEXEC) = -1 ENOENT (No such file or directory)
10768 openat(AT_FDCWD, "/home/runner/work/deckrender-acceptance/deckrender-acceptance/benchmark/artifacts/acceptance/runtimes/v0.3.1/node_modules/axios/lib/core/package.json", O_RDONLY|O_CLOEXEC) = -1 ENOENT (No such file or directory)
10768 openat(AT_FDCWD, "/home/runner/work/deckrender-acceptance/deckrender-acceptance/benchmark/artifacts/acceptance/runtimes/v0.3.1/node_modules/axios/lib/package.json", O_RDONLY|O_CLOEXEC) = -1 ENOENT (No such file or directory)
10768 openat(AT_FDCWD, "/home/runner/work/deckrender-acceptance/deckrender-acceptance/benchmark/artifacts/acceptance/runtimes/v0.3.1/node_modules/axios/lib/helpers/package.json", O_RDONLY|O_CLOEXEC) = -1 ENOENT (No such file or directory)
10768 openat(AT_FDCWD, "/home/runner/work/deckrender-acceptance/deckrender-acceptance/benchmark/artifacts/acceptance/runtimes/v0.3.1/node_modules/axios/lib/package.json", O_RDONLY|O_CLOEXEC) = -1 ENOENT (No such file or directory)
10768 openat(AT_FDCWD, "/home/runner/work/deckrender-acceptance/deckrender-acceptance/benchmark/artifacts/acceptance/runtimes/v0.3.1/node_modules/axios/lib/platform/package.json", O_RDONLY|O_CLOEXEC) = -1 ENOENT (No such file or directory)
10768 openat(AT_FDCWD, "/home/runner/work/deckrender-acceptance/deckrender-acceptance/benchmark/artifacts/acceptance/runtimes/v0.3.1/node_modules/axios/lib/package.json", O_RDONLY|O_CLOEXEC) = -1 ENOENT (No such file or directory)
10768 openat(AT_FDCWD, "/home/runner/work/deckrender-acceptance/deckrender-acceptance/benchmark/artifacts/acceptance/runtimes/v0.3.1/node_modules/axios/lib/package.json", O_RDONLY|O_CLOEXEC) = -1 ENOENT (No such file or directory)
10768 openat(AT_FDCWD, "/home/runner/work/deckrender-acceptance/deckrender-acceptance/benchmark/artifacts/acceptance/runtimes/v0.3.1/node_modules/axios/lib/package.json", O_RDONLY|O_CLOEXEC) = -1 ENOENT (No such file or directory)
10768 openat(AT_FDCWD, "/home/runner/work/deckrender-acceptance/deckrender-acceptance/benchmark/artifacts/acceptance/runtimes/v0.3.1/node_modules/axios/lib/helpers/package.json", O_RDONLY|O_CLOEXEC) = -1 ENOENT (No such file or directory)
10768 openat(AT_FDCWD, "/home/runner/work/deckrender-acceptance/deckrender-acceptance/benchmark/artifacts/acceptance/runtimes/v0.3.1/node_modules/axios/lib/package.json", O_RDONLY|O_CLOEXEC) = -1 ENOENT (No such file or directory)
10768 openat(AT_FDCWD, "/home/runner/work/deckrender-acceptance/deckrender-acceptance/benchmark/artifacts/acceptance/runtimes/v0.3.1/node_modules/axios/lib/platform/package.json", O_RDONLY|O_CLOEXEC) = -1 ENOENT (No such file or directory)
10768 openat(AT_FDCWD, "/home/runner/work/deckrender-acceptance/deckrender-acceptance/benchmark/artifacts/acceptance/runtimes/v0.3.1/node_modules/axios/lib/package.json", O_RDONLY|O_CLOEXEC) = -1 ENOENT (No such file or directory)
10768 openat(AT_FDCWD, "/home/runner/work/deckrender-acceptance/deckrender-acceptance/benchmark/artifacts/acceptance/runtimes/v0.3.1/node_modules/axios/lib/package.json", O_RDONLY|O_CLOEXEC) = -1 ENOENT (No such file or directory)
10768 openat(AT_FDCWD, "/home/runner/work/deckrender-acceptance/deckrender-acceptance/benchmark/artifacts/acceptance/runtimes/v0.3.1/node_modules/axios/lib/helpers/package.json", O_RDONLY|O_CLOEXEC) = -1 ENOENT (No such file or directory)
10768 openat(AT_FDCWD, "/home/runner/work/deckrender-acceptance/deckrender-acceptance/benchmark/artifacts/acceptance/runtimes/v0.3.1/node_modules/axios/lib/package.json", O_RDONLY|O_CLOEXEC) = -1 ENOENT (No such file or directory)
10768 openat(AT_FDCWD, "/home/runner/work/deckrender-acceptance/deckrender-acceptance/benchmark/artifacts/acceptance/runtimes/v0.3.1/node_modules/axios/lib/helpers/package.json", O_RDONLY|O_CLOEXEC) = -1 ENOENT (No such file or directory)
10768 openat(AT_FDCWD, "/home/runner/work/deckrender-acceptance/deckrender-acceptance/benchmark/artifacts/acceptance/runtimes/v0.3.1/node_modules/axios/lib/package.json", O_RDONLY|O_CLOEXEC) = -1 ENOENT (No such file or directory)
10768 openat(AT_FDCWD, "/home/runner/work/deckrender-acceptance/deckrender-acceptance/benchmark/artifacts/acceptance/runtimes/v0.3.1/node_modules/axios/lib/package.json", O_RDONLY|O_CLOEXEC) = -1 ENOENT (No such file or directory)
10768 openat(AT_FDCWD, "/home/runner/work/deckrender-acceptance/deckrender-acceptance/benchmark/artifacts/acceptance/runtimes/v0.3.1/node_modules/axios/lib/platform/package.json", O_RDONLY|O_CLOEXEC) = -1 ENOENT (No such file or directory)
10768 openat(AT_FDCWD, "/home/runner/work/deckrender-acceptance/deckrender-acceptance/benchmark/artifacts/acceptance/runtimes/v0.3.1/node_modules/axios/lib/package.json", O_RDONLY|O_CLOEXEC) = -1 ENOENT (No such file or directory)
10768 openat(AT_FDCWD, "/home/runner/work/deckrender-acceptance/deckrender-acceptance/benchmark/artifacts/acceptance/runtimes/v0.3.1/node_modules/axios/lib/package.json", O_RDONLY|O_CLOEXEC) = -1 ENOENT (No such file or directory)
10768 openat(AT_FDCWD, "/home/runner/work/deckrender-acceptance/deckrender-acceptance/benchmark/artifacts/acceptance/runtimes/v0.3.1/node_modules/axios/lib/core/package.json", O_RDONLY|O_CLOEXEC) = -1 ENOENT (No such file or directory)
10768 openat(AT_FDCWD, "/home/runner/work/deckrender-acceptance/deckrender-acceptance/benchmark/artifacts/acceptance/runtimes/v0.3.1/node_modules/axios/lib/package.json", O_RDONLY|O_CLOEXEC) = -1 ENOENT (No such file or directory)
10768 openat(AT_FDCWD, "/home/runner/work/deckrender-acceptance/deckrender-acceptance/benchmark/artifacts/acceptance/runtimes/v0.3.1/node_modules/axios/lib/helpers/package.json", O_RDONLY|O_CLOEXEC) = -1 ENOENT (No such file or directory)
10768 openat(AT_FDCWD, "/home/runner/work/deckrender-acceptance/deckrender-acceptance/benchmark/artifacts/acceptance/runtimes/v0.3.1/node_modules/axios/lib/package.json", O_RDONLY|O_CLOEXEC) = -1 ENOENT (No such file or directory)
10768 openat(AT_FDCWD, "/home/runner/work/deckrender-acceptance/deckrender-acceptance/benchmark/artifacts/acceptance/runtimes/v0.3.1/node_modules/axios/lib/helpers/package.json", O_RDONLY|O_CLOEXEC) = -1 ENOENT (No such file or directory)
10768 openat(AT_FDCWD, "/home/runner/work/deckrender-acceptance/deckrender-acceptance/benchmark/artifacts/acceptance/runtimes/v0.3.1/node_modules/axios/lib/package.json", O_RDONLY|O_CLOEXEC) = -1 ENOENT (No such file or directory)
10768 openat(AT_FDCWD, "/home/runner/work/deckrender-acceptance/deckrender-acceptance/benchmark/artifacts/acceptance/runtimes/v0.3.1/node_modules/axios/lib/core/package.json", O_RDONLY|O_CLOEXEC) = -1 ENOENT (No such file or directory)
10768 openat(AT_FDCWD, "/home/runner/work/deckrender-acceptance/deckrender-acceptance/benchmark/artifacts/acceptance/runtimes/v0.3.1/node_modules/axios/lib/package.json", O_RDONLY|O_CLOEXEC) = -1 ENOENT (No such file or directory)
10768 openat(AT_FDCWD, "/home/runner/work/deckrender-acceptance/deckrender-acceptance/benchmark/artifacts/acceptance/runtimes/v0.3.1/node_modules/axios/lib/core/package.json", O_RDONLY|O_CLOEXEC) = -1 ENOENT (No such file or directory)
10768 openat(AT_FDCWD, "/home/runner/work/deckrender-acceptance/deckrender-acceptance/benchmark/artifacts/acceptance/runtimes/v0.3.1/node_modules/axios/lib/package.json", O_RDONLY|O_CLOEXEC) = -1 ENOENT (No such file or directory)
10768 openat(AT_FDCWD, "/home/runner/work/deckrender-acceptance/deckrender-acceptance/benchmark/artifacts/acceptance/runtimes/v0.3.1/node_modules/axios/lib/core/package.json", O_RDONLY|O_CLOEXEC) = -1 ENOENT (No such file or directory)
10768 openat(AT_FDCWD, "/home/runner/work/deckrender-acceptance/deckrender-acceptance/benchmark/artifacts/acceptance/runtimes/v0.3.1/node_modules/axios/lib/package.json", O_RDONLY|O_CLOEXEC) = -1 ENOENT (No such file or directory)
10768 openat(AT_FDCWD, "/home/runner/work/deckrender-acceptance/deckrender-acceptance/benchmark/artifacts/acceptance/runtimes/v0.3.1/node_modules/axios/lib/core/package.json", O_RDONLY|O_CLOEXEC) = -1 ENOENT (No such file or directory)
10768 openat(AT_FDCWD, "/home/runner/work/deckrender-acceptance/deckrender-acceptance/benchmark/artifacts/acceptance/runtimes/v0.3.1/node_modules/axios/lib/package.json", O_RDONLY|O_CLOEXEC) = -1 ENOENT (No such file or directory)
10768 openat(AT_FDCWD, "/home/runner/work/deckrender-acceptance/deckrender-acceptance/benchmark/artifacts/acceptance/runtimes/v0.3.1/node_modules/axios/lib/helpers/package.json", O_RDONLY|O_CLOEXEC) = -1 ENOENT (No such file or directory)
10768 openat(AT_FDCWD, "/home/runner/work/deckrender-acceptance/deckrender-acceptance/benchmark/artifacts/acceptance/runtimes/v0.3.1/node_modules/axios/lib/package.json", O_RDONLY|O_CLOEXEC) = -1 ENOENT (No such file or directory)
10768 openat(AT_FDCWD, "/home/runner/work/deckrender-acceptance/deckrender-acceptance/benchmark/artifacts/acceptance/runtimes/v0.3.1/node_modules/axios/lib/cancel/package.json", O_RDONLY|O_CLOEXEC) = -1 ENOENT (No such file or directory)
10768 openat(AT_FDCWD, "/home/runner/work/deckrender-acceptance/deckrender-acceptance/benchmark/artifacts/acceptance/runtimes/v0.3.1/node_modules/axios/lib/package.json", O_RDONLY|O_CLOEXEC) = -1 ENOENT (No such file or directory)
10768 openat(AT_FDCWD, "/proc/sys/vm/overcommit_memory", O_RDONLY|O_CLOEXEC) = 21
10768 openat(AT_FDCWD, "/home/runner/work/deckrender-acceptance/deckrender-acceptance/benchmark/artifacts/acceptance/runtimes/v0.3.1/node_modules/axios/lib/core/package.json", O_RDONLY|O_CLOEXEC) = -1 ENOENT (No such file or directory)
10768 openat(AT_FDCWD, "/home/runner/work/deckrender-acceptance/deckrender-acceptance/benchmark/artifacts/acceptance/runtimes/v0.3.1/node_modules/axios/lib/package.json", O_RDONLY|O_CLOEXEC) = -1 ENOENT (No such file or directory)
10768 openat(AT_FDCWD, "/home/runner/work/deckrender-acceptance/deckrender-acceptance/benchmark/artifacts/acceptance/runtimes/v0.3.1/node_modules/axios/lib/package.json", O_RDONLY|O_CLOEXEC) = -1 ENOENT (No such file or directory)
10768 openat(AT_FDCWD, "/home/runner/work/deckrender-acceptance/deckrender-acceptance/benchmark/artifacts/acceptance/runtimes/v0.3.1/node_modules/axios/lib/platform/node/classes/URLSearchParams.js", O_RDONLY|O_CLOEXEC) = 21
10768 openat(AT_FDCWD, "/home/runner/work/deckrender-acceptance/deckrender-acceptance/benchmark/artifacts/acceptance/runtimes/v0.3.1/node_modules/axios/lib/helpers/speedometer.js", O_RDONLY|O_CLOEXEC) = 21
10768 openat(AT_FDCWD, "/home/runner/work/deckrender-acceptance/deckrender-acceptance/benchmark/artifacts/acceptance/runtimes/v0.3.1/node_modules/axios/lib/helpers/throttle.js", O_RDONLY|O_CLOEXEC) = 21
10768 openat(AT_FDCWD, "/home/runner/work/deckrender-acceptance/deckrender-acceptance/benchmark/artifacts/acceptance/runtimes/v0.3.1/node_modules/axios/lib/helpers/isURLSameOrigin.js", O_RDONLY|O_CLOEXEC) = 21
10768 openat(AT_FDCWD, "/home/runner/work/deckrender-acceptance/deckrender-acceptance/benchmark/artifacts/acceptance/runtimes/v0.3.1/node_modules/axios/lib/helpers/cookies.js", O_RDONLY|O_CLOEXEC) = 21
10768 openat(AT_FDCWD, "/home/runner/work/deckrender-acceptance/deckrender-acceptance/benchmark/artifacts/acceptance/runtimes/v0.3.1/node_modules/axios/lib/platform/package.json", O_RDONLY|O_CLOEXEC) = -1 ENOENT (No such file or directory)
10768 openat(AT_FDCWD, "/home/runner/work/deckrender-acceptance/deckrender-acceptance/benchmark/artifacts/acceptance/runtimes/v0.3.1/node_modules/axios/lib/package.json", O_RDONLY|O_CLOEXEC) = -1 ENOENT (No such file or directory)
10768 openat(AT_FDCWD, "/home/runner/work/deckrender-acceptance/deckrender-acceptance/benchmark/artifacts/acceptance/runtimes/v0.3.1/node_modules/axios/lib/package.json", O_RDONLY|O_CLOEXEC) = -1 ENOENT (No such file or directory)
10768 openat(AT_FDCWD, "/home/runner/work/deckrender-acceptance/deckrender-acceptance/benchmark/artifacts/acceptance/runtimes/v0.3.1/node_modules/axios/lib/platform/package.json", O_RDONLY|O_CLOEXEC) = -1 ENOENT (No such file or directory)
10768 openat(AT_FDCWD, "/home/runner/work/deckrender-acceptance/deckrender-acceptance/benchmark/artifacts/acceptance/runtimes/v0.3.1/node_modules/axios/lib/package.json", O_RDONLY|O_CLOEXEC) = -1 ENOENT (No such file or directory)
10768 openat(AT_FDCWD, "/home/runner/work/deckrender-acceptance/deckrender-acceptance/benchmark/artifacts/acceptance/runtimes/v0.3.1/node_modules/combined-stream/package.json", O_RDONLY|O_CLOEXEC) = 21
10768 openat(AT_FDCWD, "/home/runner/work/deckrender-acceptance/deckrender-acceptance/benchmark/artifacts/acceptance/runtimes/v0.3.1/node_modules/combined-stream/lib/combined_stream.js", O_RDONLY|O_CLOEXEC) = 21
10768 openat(AT_FDCWD, "/home/runner/work/deckrender-acceptance/deckrender-acceptance/benchmark/artifacts/acceptance/runtimes/v0.3.1/node_modules/delayed-stream/package.json", O_RDONLY|O_CLOEXEC) = 21
10768 openat(AT_FDCWD, "/home/runner/work/deckrender-acceptance/deckrender-acceptance/benchmark/artifacts/acceptance/runtimes/v0.3.1/node_modules/delayed-stream/lib/delayed_stream.js", O_RDONLY|O_CLOEXEC) = 21
10768 openat(AT_FDCWD, "/home/runner/work/deckrender-acceptance/deckrender-acceptance/benchmark/artifacts/acceptance/runtimes/v0.3.1/node_modules/mime-types/package.json", O_RDONLY|O_CLOEXEC) = 21
10768 openat(AT_FDCWD, "/home/runner/work/deckrender-acceptance/deckrender-acceptance/benchmark/artifacts/acceptance/runtimes/v0.3.1/node_modules/mime-types/index.js", O_RDONLY|O_CLOEXEC) = 21
10768 openat(AT_FDCWD, "/home/runner/work/deckrender-acceptance/deckrender-acceptance/benchmark/artifacts/acceptance/runtimes/v0.3.1/node_modules/mime-db/package.json", O_RDONLY|O_CLOEXEC) = 21
10768 openat(AT_FDCWD, "/home/runner/work/deckrender-acceptance/deckrender-acceptance/benchmark/artifacts/acceptance/runtimes/v0.3.1/node_modules/mime-db/index.js", O_RDONLY|O_CLOEXEC) = 21
10768 openat(AT_FDCWD, "/home/runner/work/deckrender-acceptance/deckrender-acceptance/benchmark/artifacts/acceptance/runtimes/v0.3.1/node_modules/mime-db/db.json", O_RDONLY|O_CLOEXEC) = 21
10768 openat(AT_FDCWD, "/home/runner/work/deckrender-acceptance/deckrender-acceptance/benchmark/artifacts/acceptance/runtimes/v0.3.1/node_modules/asynckit/package.json", O_RDONLY|O_CLOEXEC) = 21
10768 openat(AT_FDCWD, "/home/runner/work/deckrender-acceptance/deckrender-acceptance/benchmark/artifacts/acceptance/runtimes/v0.3.1/node_modules/asynckit/index.js", O_RDONLY|O_CLOEXEC) = 21
10768 openat(AT_FDCWD, "/home/runner/work/deckrender-acceptance/deckrender-acceptance/benchmark/artifacts/acceptance/runtimes/v0.3.1/node_modules/asynckit/parallel.js", O_RDONLY|O_CLOEXEC) = 21
10768 openat(AT_FDCWD, "/home/runner/work/deckrender-acceptance/deckrender-acceptance/benchmark/artifacts/acceptance/runtimes/v0.3.1/node_modules/asynckit/lib/iterate.js", O_RDONLY|O_CLOEXEC) = 21
10768 openat(AT_FDCWD, "/home/runner/work/deckrender-acceptance/deckrender-acceptance/benchmark/artifacts/acceptance/runtimes/v0.3.1/node_modules/asynckit/lib/async.js", O_RDONLY|O_CLOEXEC) = 21
10768 openat(AT_FDCWD, "/home/runner/work/deckrender-acceptance/deckrender-acceptance/benchmark/artifacts/acceptance/runtimes/v0.3.1/node_modules/asynckit/lib/defer.js", O_RDONLY|O_CLOEXEC) = 21
10768 openat(AT_FDCWD, "/home/runner/work/deckrender-acceptance/deckrender-acceptance/benchmark/artifacts/acceptance/runtimes/v0.3.1/node_modules/asynckit/lib/abort.js", O_RDONLY|O_CLOEXEC) = 21
10768 openat(AT_FDCWD, "/home/runner/work/deckrender-acceptance/deckrender-acceptance/benchmark/artifacts/acceptance/runtimes/v0.3.1/node_modules/asynckit/lib/state.js", O_RDONLY|O_CLOEXEC) = 21
10768 openat(AT_FDCWD, "/home/runner/work/deckrender-acceptance/deckrender-acceptance/benchmark/artifacts/acceptance/runtimes/v0.3.1/node_modules/asynckit/lib/terminator.js", O_RDONLY|O_CLOEXEC) = 21
10768 openat(AT_FDCWD, "/home/runner/work/deckrender-acceptance/deckrender-acceptance/benchmark/artifacts/acceptance/runtimes/v0.3.1/node_modules/asynckit/serial.js", O_RDONLY|O_CLOEXEC) = 21
10768 openat(AT_FDCWD, "/home/runner/work/deckrender-acceptance/deckrender-acceptance/benchmark/artifacts/acceptance/runtimes/v0.3.1/node_modules/asynckit/serialOrdered.js", O_RDONLY|O_CLOEXEC) = 21
10768 openat(AT_FDCWD, "/home/runner/work/deckrender-acceptance/deckrender-acceptance/benchmark/artifacts/acceptance/runtimes/v0.3.1/node_modules/es-set-tostringtag/package.json", O_RDONLY|O_CLOEXEC) = 21
10768 openat(AT_FDCWD, "/home/runner/work/deckrender-acceptance/deckrender-acceptance/benchmark/artifacts/acceptance/runtimes/v0.3.1/node_modules/es-set-tostringtag/index.js", O_RDONLY|O_CLOEXEC) = 21
10768 openat(AT_FDCWD, "/home/runner/work/deckrender-acceptance/deckrender-acceptance/benchmark/artifacts/acceptance/runtimes/v0.3.1/node_modules/get-intrinsic/package.json", O_RDONLY|O_CLOEXEC) = 21
10768 openat(AT_FDCWD, "/home/runner/work/deckrender-acceptance/deckrender-acceptance/benchmark/artifacts/acceptance/runtimes/v0.3.1/node_modules/get-intrinsic/index.js", O_RDONLY|O_CLOEXEC) = 21
10768 openat(AT_FDCWD, "/home/runner/work/deckrender-acceptance/deckrender-acceptance/benchmark/artifacts/acceptance/runtimes/v0.3.1/node_modules/es-object-atoms/package.json", O_RDONLY|O_CLOEXEC) = 21
10768 openat(AT_FDCWD, "/home/runner/work/deckrender-acceptance/deckrender-acceptance/benchmark/artifacts/acceptance/runtimes/v0.3.1/node_modules/es-object-atoms/index.js", O_RDONLY|O_CLOEXEC) = 21
10768 openat(AT_FDCWD, "/home/runner/work/deckrender-acceptance/deckrender-acceptance/benchmark/artifacts/acceptance/runtimes/v0.3.1/node_modules/es-errors/package.json", O_RDONLY|O_CLOEXEC) = 21
10768 openat(AT_FDCWD, "/home/runner/work/deckrender-acceptance/deckrender-acceptance/benchmark/artifacts/acceptance/runtimes/v0.3.1/node_modules/es-errors/index.js", O_RDONLY|O_CLOEXEC) = 21
10768 openat(AT_FDCWD, "/home/runner/work/deckrender-acceptance/deckrender-acceptance/benchmark/artifacts/acceptance/runtimes/v0.3.1/node_modules/es-errors/eval.js", O_RDONLY|O_CLOEXEC) = 21
10768 openat(AT_FDCWD, "/home/runner/work/deckrender-acceptance/deckrender-acceptance/benchmark/artifacts/acceptance/runtimes/v0.3.1/node_modules/es-errors/range.js", O_RDONLY|O_CLOEXEC) = 21
10768 openat(AT_FDCWD, "/home/runner/work/deckrender-acceptance/deckrender-acceptance/benchmark/artifacts/acceptance/runtimes/v0.3.1/node_modules/es-errors/ref.js", O_RDONLY|O_CLOEXEC) = 21
10768 openat(AT_FDCWD, "/home/runner/work/deckrender-acceptance/deckrender-acceptance/benchmark/artifacts/acceptance/runtimes/v0.3.1/node_modules/es-errors/syntax.js", O_RDONLY|O_CLOEXEC) = 21
10768 openat(AT_FDCWD, "/home/runner/work/deckrender-acceptance/deckrender-acceptance/benchmark/artifacts/acceptance/runtimes/v0.3.1/node_modules/es-errors/type.js", O_RDONLY|O_CLOEXEC) = 21
10768 openat(AT_FDCWD, "/home/runner/work/deckrender-acceptance/deckrender-acceptance/benchmark/artifacts/acceptance/runtimes/v0.3.1/node_modules/es-errors/uri.js", O_RDONLY|O_CLOEXEC) = 21
10768 openat(AT_FDCWD, "/home/runner/work/deckrender-acceptance/deckrender-acceptance/benchmark/artifacts/acceptance/runtimes/v0.3.1/node_modules/math-intrinsics/package.json", O_RDONLY|O_CLOEXEC) = 21
10768 openat(AT_FDCWD, "/home/runner/work/deckrender-acceptance/deckrender-acceptance/benchmark/artifacts/acceptance/runtimes/v0.3.1/node_modules/math-intrinsics/abs.js", O_RDONLY|O_CLOEXEC) = 21
10768 openat(AT_FDCWD, "/home/runner/work/deckrender-acceptance/deckrender-acceptance/benchmark/artifacts/acceptance/runtimes/v0.3.1/node_modules/math-intrinsics/floor.js", O_RDONLY|O_CLOEXEC) = 21
10768 openat(AT_FDCWD, "/home/runner/work/deckrender-acceptance/deckrender-acceptance/benchmark/artifacts/acceptance/runtimes/v0.3.1/node_modules/math-intrinsics/max.js", O_RDONLY|O_CLOEXEC) = 21
10768 openat(AT_FDCWD, "/home/runner/work/deckrender-acceptance/deckrender-acceptance/benchmark/artifacts/acceptance/runtimes/v0.3.1/node_modules/math-intrinsics/min.js", O_RDONLY|O_CLOEXEC) = 21
10768 openat(AT_FDCWD, "/home/runner/work/deckrender-acceptance/deckrender-acceptance/benchmark/artifacts/acceptance/runtimes/v0.3.1/node_modules/math-intrinsics/pow.js", O_RDONLY|O_CLOEXEC) = 21
10768 openat(AT_FDCWD, "/home/runner/work/deckrender-acceptance/deckrender-acceptance/benchmark/artifacts/acceptance/runtimes/v0.3.1/node_modules/math-intrinsics/round.js", O_RDONLY|O_CLOEXEC) = 21
10768 openat(AT_FDCWD, "/home/runner/work/deckrender-acceptance/deckrender-acceptance/benchmark/artifacts/acceptance/runtimes/v0.3.1/node_modules/math-intrinsics/sign.js", O_RDONLY|O_CLOEXEC) = 21
10768 openat(AT_FDCWD, "/home/runner/work/deckrender-acceptance/deckrender-acceptance/benchmark/artifacts/acceptance/runtimes/v0.3.1/node_modules/math-intrinsics/isNaN.js", O_RDONLY|O_CLOEXEC) = 21
10768 openat(AT_FDCWD, "/home/runner/work/deckrender-acceptance/deckrender-acceptance/benchmark/artifacts/acceptance/runtimes/v0.3.1/node_modules/gopd/package.json", O_RDONLY|O_CLOEXEC) = 21
10768 openat(AT_FDCWD, "/home/runner/work/deckrender-acceptance/deckrender-acceptance/benchmark/artifacts/acceptance/runtimes/v0.3.1/node_modules/gopd/index.js", O_RDONLY|O_CLOEXEC) = 21
10768 openat(AT_FDCWD, "/home/runner/work/deckrender-acceptance/deckrender-acceptance/benchmark/artifacts/acceptance/runtimes/v0.3.1/node_modules/gopd/gOPD.js", O_RDONLY|O_CLOEXEC) = 21
10768 openat(AT_FDCWD, "/home/runner/work/deckrender-acceptance/deckrender-acceptance/benchmark/artifacts/acceptance/runtimes/v0.3.1/node_modules/es-define-property/package.json", O_RDONLY|O_CLOEXEC) = 21
10768 openat(AT_FDCWD, "/home/runner/work/deckrender-acceptance/deckrender-acceptance/benchmark/artifacts/acceptance/runtimes/v0.3.1/node_modules/es-define-property/index.js", O_RDONLY|O_CLOEXEC) = 21
10768 openat(AT_FDCWD, "/home/runner/work/deckrender-acceptance/deckrender-acceptance/benchmark/artifacts/acceptance/runtimes/v0.3.1/node_modules/has-symbols/package.json", O_RDONLY|O_CLOEXEC) = 21
10768 openat(AT_FDCWD, "/home/runner/work/deckrender-acceptance/deckrender-acceptance/benchmark/artifacts/acceptance/runtimes/v0.3.1/node_modules/has-symbols/index.js", O_RDONLY|O_CLOEXEC) = 21
10768 openat(AT_FDCWD, "/home/runner/work/deckrender-acceptance/deckrender-acceptance/benchmark/artifacts/acceptance/runtimes/v0.3.1/node_modules/has-symbols/shams.js", O_RDONLY|O_CLOEXEC) = 21
10768 openat(AT_FDCWD, "/home/runner/work/deckrender-acceptance/deckrender-acceptance/benchmark/artifacts/acceptance/runtimes/v0.3.1/node_modules/get-proto/package.json", O_RDONLY|O_CLOEXEC) = 21
10768 openat(AT_FDCWD, "/home/runner/work/deckrender-acceptance/deckrender-acceptance/benchmark/artifacts/acceptance/runtimes/v0.3.1/node_modules/get-proto/index.js", O_RDONLY|O_CLOEXEC) = 21
10768 openat(AT_FDCWD, "/home/runner/work/deckrender-acceptance/deckrender-acceptance/benchmark/artifacts/acceptance/runtimes/v0.3.1/node_modules/get-proto/Reflect.getPrototypeOf.js", O_RDONLY|O_CLOEXEC) = 21
10768 openat(AT_FDCWD, "/home/runner/work/deckrender-acceptance/deckrender-acceptance/benchmark/artifacts/acceptance/runtimes/v0.3.1/node_modules/get-proto/Object.getPrototypeOf.js", O_RDONLY|O_CLOEXEC) = 21
10768 openat(AT_FDCWD, "/home/runner/work/deckrender-acceptance/deckrender-acceptance/benchmark/artifacts/acceptance/runtimes/v0.3.1/node_modules/dunder-proto/package.json", O_RDONLY|O_CLOEXEC) = 21
10768 openat(AT_FDCWD, "/home/runner/work/deckrender-acceptance/deckrender-acceptance/benchmark/artifacts/acceptance/runtimes/v0.3.1/node_modules/dunder-proto/get.js", O_RDONLY|O_CLOEXEC) = 21
10768 openat(AT_FDCWD, "/home/runner/work/deckrender-acceptance/deckrender-acceptance/benchmark/artifacts/acceptance/runtimes/v0.3.1/node_modules/call-bind-apply-helpers/package.json", O_RDONLY|O_CLOEXEC) = 21
10768 openat(AT_FDCWD, "/home/runner/work/deckrender-acceptance/deckrender-acceptance/benchmark/artifacts/acceptance/runtimes/v0.3.1/node_modules/call-bind-apply-helpers/index.js", O_RDONLY|O_CLOEXEC) = 21
10768 openat(AT_FDCWD, "/home/runner/work/deckrender-acceptance/deckrender-acceptance/benchmark/artifacts/acceptance/runtimes/v0.3.1/node_modules/function-bind/package.json", O_RDONLY|O_CLOEXEC) = 21
10768 openat(AT_FDCWD, "/home/runner/work/deckrender-acceptance/deckrender-acceptance/benchmark/artifacts/acceptance/runtimes/v0.3.1/node_modules/function-bind/index.js", O_RDONLY|O_CLOEXEC) = 21
10768 openat(AT_FDCWD, "/home/runner/work/deckrender-acceptance/deckrender-acceptance/benchmark/artifacts/acceptance/runtimes/v0.3.1/node_modules/function-bind/implementation.js", O_RDONLY|O_CLOEXEC) = 21
10768 openat(AT_FDCWD, "/home/runner/work/deckrender-acceptance/deckrender-acceptance/benchmark/artifacts/acceptance/runtimes/v0.3.1/node_modules/call-bind-apply-helpers/functionCall.js", O_RDONLY|O_CLOEXEC) = 21
10768 openat(AT_FDCWD, "/home/runner/work/deckrender-acceptance/deckrender-acceptance/benchmark/artifacts/acceptance/runtimes/v0.3.1/node_modules/call-bind-apply-helpers/actualApply.js", O_RDONLY|O_CLOEXEC) = 21
10768 openat(AT_FDCWD, "/home/runner/work/deckrender-acceptance/deckrender-acceptance/benchmark/artifacts/acceptance/runtimes/v0.3.1/node_modules/call-bind-apply-helpers/functionApply.js", O_RDONLY|O_CLOEXEC) = 21
10768 openat(AT_FDCWD, "/home/runner/work/deckrender-acceptance/deckrender-acceptance/benchmark/artifacts/acceptance/runtimes/v0.3.1/node_modules/call-bind-apply-helpers/reflectApply.js", O_RDONLY|O_CLOEXEC) = 21
10768 openat(AT_FDCWD, "/home/runner/work/deckrender-acceptance/deckrender-acceptance/benchmark/artifacts/acceptance/runtimes/v0.3.1/node_modules/hasown/package.json", O_RDONLY|O_CLOEXEC) = 21
10768 openat(AT_FDCWD, "/home/runner/work/deckrender-acceptance/deckrender-acceptance/benchmark/artifacts/acceptance/runtimes/v0.3.1/node_modules/hasown/index.js", O_RDONLY|O_CLOEXEC) = 21
10768 openat(AT_FDCWD, "/home/runner/work/deckrender-acceptance/deckrender-acceptance/benchmark/artifacts/acceptance/runtimes/v0.3.1/node_modules/has-tostringtag/package.json", O_RDONLY|O_CLOEXEC) = 21
10768 openat(AT_FDCWD, "/home/runner/work/deckrender-acceptance/deckrender-acceptance/benchmark/artifacts/acceptance/runtimes/v0.3.1/node_modules/has-tostringtag/shams.js", O_RDONLY|O_CLOEXEC) = 21
10768 openat(AT_FDCWD, "/home/runner/work/deckrender-acceptance/deckrender-acceptance/benchmark/artifacts/acceptance/runtimes/v0.3.1/node_modules/form-data/lib/populate.js", O_RDONLY|O_CLOEXEC) = 21
10768 openat(AT_FDCWD, "/home/runner/work/deckrender-acceptance/deckrender-acceptance/benchmark/artifacts/acceptance/runtimes/v0.3.1/node_modules/https-proxy-agent/dist/agent.js", O_RDONLY|O_CLOEXEC) = 21
10768 openat(AT_FDCWD, "/home/runner/work/deckrender-acceptance/deckrender-acceptance/benchmark/artifacts/acceptance/runtimes/v0.3.1/node_modules/debug/package.json", O_RDONLY|O_CLOEXEC) = 21
10768 openat(AT_FDCWD, "/home/runner/work/deckrender-acceptance/deckrender-acceptance/benchmark/artifacts/acceptance/runtimes/v0.3.1/node_modules/debug/src/index.js", O_RDONLY|O_CLOEXEC) = 21
10768 openat(AT_FDCWD, "/home/runner/work/deckrender-acceptance/deckrender-acceptance/benchmark/artifacts/acceptance/runtimes/v0.3.1/node_modules/debug/src/node.js", O_RDONLY|O_CLOEXEC) = 21
10768 openat(AT_FDCWD, "/home/runner/work/deckrender-acceptance/deckrender-acceptance/benchmark/artifacts/acceptance/runtimes/v0.3.1/node_modules/supports-color/package.json", O_RDONLY|O_CLOEXEC) = -1 ENOENT (No such file or directory)
10768 openat(AT_FDCWD, "/home/runner/work/deckrender-acceptance/deckrender-acceptance/benchmark/artifacts/acceptance/runtimes/v0.3.1/node_modules/debug/src/common.js", O_RDONLY|O_CLOEXEC) = 21
10768 openat(AT_FDCWD, "/home/runner/work/deckrender-acceptance/deckrender-acceptance/benchmark/artifacts/acceptance/runtimes/v0.3.1/node_modules/ms/package.json", O_RDONLY|O_CLOEXEC) = 21
10768 openat(AT_FDCWD, "/home/runner/work/deckrender-acceptance/deckrender-acceptance/benchmark/artifacts/acceptance/runtimes/v0.3.1/node_modules/ms/index.js", O_RDONLY|O_CLOEXEC) = 21
10768 openat(AT_FDCWD, "/home/runner/work/deckrender-acceptance/deckrender-acceptance/benchmark/artifacts/acceptance/runtimes/v0.3.1/node_modules/agent-base/package.json", O_RDONLY|O_CLOEXEC) = 21
10768 openat(AT_FDCWD, "/home/runner/work/deckrender-acceptance/deckrender-acceptance/benchmark/artifacts/acceptance/runtimes/v0.3.1/node_modules/agent-base/dist/src/index.js", O_RDONLY|O_CLOEXEC) = 21
10768 openat(AT_FDCWD, "/home/runner/work/deckrender-acceptance/deckrender-acceptance/benchmark/artifacts/acceptance/runtimes/v0.3.1/node_modules/agent-base/dist/src/promisify.js", O_RDONLY|O_CLOEXEC) = 21
10768 openat(AT_FDCWD, "/home/runner/work/deckrender-acceptance/deckrender-acceptance/benchmark/artifacts/acceptance/runtimes/v0.3.1/node_modules/https-proxy-agent/dist/parse-proxy-response.js", O_RDONLY|O_CLOEXEC) = 21
10768 openat(AT_FDCWD, "/home/runner/work/deckrender-acceptance/deckrender-acceptance/benchmark/artifacts/acceptance/runtimes/v0.3.1/node_modules/follow-redirects/debug.js", O_RDONLY|O_CLOEXEC) = 21
10768 openat(AT_FDCWD, "/etc/localtime", O_RDONLY|O_CLOEXEC) = 21
10768 openat(AT_FDCWD, "/home/runner/work/deckrender-acceptance/deckrender-acceptance/benchmark/artifacts/acceptance/runtimes/v0.3.1/node_modules/@deckflow/office2html/package.json", O_RDONLY|O_CLOEXEC) = 21
10768 openat(AT_FDCWD, "/home/runner/work/deckrender-acceptance/deckrender-acceptance/benchmark/artifacts/acceptance/runtimes/v0.3.1/node_modules/@deckflow/office2html/index.js", O_RDONLY|O_CLOEXEC) = 21
10768 openat(AT_FDCWD, "/home/runner/work/deckrender-acceptance/deckrender-acceptance/benchmark/artifacts/acceptance/runtimes/v0.3.1/node_modules/@deckflow/office2html-linux-x64/package.json", O_RDONLY|O_CLOEXEC) = 21
10768 openat(AT_FDCWD, "/home/runner/work/deckrender-acceptance/deckrender-acceptance/benchmark/artifacts/acceptance/runtimes/v0.3.1/node_modules/@deckflow/office2html-linux-x64/index.js", O_RDONLY|O_CLOEXEC) = 21
10768 openat(AT_FDCWD, "/home/runner/work/deckrender-acceptance/deckrender-acceptance/benchmark/artifacts/acceptance/runs/34586780041-local/evidence/REN-R07-render-ce97bc5e71bb/credentials.jsonl", O_WRONLY|O_CREAT|O_APPEND|O_CLOEXEC, 0666) = 21
10768 openat(AT_FDCWD, "/home/runner/work/deckrender-acceptance/deckrender-acceptance/benchmark/artifacts/acceptance/runs/34586780041-local/evidence/REN-R07-render-ce97bc5e71bb/credentials.jsonl", O_WRONLY|O_CREAT|O_APPEND|O_CLOEXEC, 0666) = 21
10768 openat(AT_FDCWD, "/home/runner/work/deckrender-acceptance/deckrender-acceptance/benchmark/artifacts/acceptance/runs/34586780041-local/evidence/REN-R07-render-ce97bc5e71bb/credentials.jsonl", O_WRONLY|O_CREAT|O_APPEND|O_CLOEXEC, 0666) = 21
10768 openat(AT_FDCWD, "/home/runner/work/deckrender-acceptance/deckrender-acceptance/benchmark/artifacts/acceptance/runs/34586780041-local/evidence/REN-R07-render-ce97bc5e71bb/credentials.jsonl", O_WRONLY|O_CREAT|O_APPEND|O_CLOEXEC, 0666) = 21
10768 openat(AT_FDCWD, "/home/runner/work/deckrender-acceptance/deckrender-acceptance/benchmark/artifacts/acceptance/runs/34586780041-local/evidence/REN-R07-render-ce97bc5e71bb/credentials.jsonl", O_WRONLY|O_CREAT|O_APPEND|O_CLOEXEC, 0666) = 21
10768 socketpair(AF_UNIX, SOCK_STREAM|SOCK_CLOEXEC, 0, [21, 22]) = 0
10768 setsockopt(21, SOL_SOCKET, SO_RCVBUF, [65536], 4) = 0
10768 setsockopt(21, SOL_SOCKET, SO_SNDBUF, [65536], 4) = 0
10768 setsockopt(22, SOL_SOCKET, SO_RCVBUF, [65536], 4) = 0
10768 setsockopt(22, SOL_SOCKET, SO_SNDBUF, [65536], 4) = 0
10768 socketpair(AF_UNIX, SOCK_STREAM|SOCK_CLOEXEC, 0, [23, 24]) = 0
10768 setsockopt(23, SOL_SOCKET, SO_RCVBUF, [65536], 4) = 0
10768 setsockopt(23, SOL_SOCKET, SO_SNDBUF, [65536], 4) = 0
10768 setsockopt(24, SOL_SOCKET, SO_RCVBUF, [65536], 4) = 0
10768 setsockopt(24, SOL_SOCKET, SO_SNDBUF, [65536], 4) = 0
10768 socketpair(AF_UNIX, SOCK_STREAM|SOCK_CLOEXEC, 0, [25, 26]) = 0
10768 setsockopt(25, SOL_SOCKET, SO_RCVBUF, [65536], 4) = 0
10768 setsockopt(25, SOL_SOCKET, SO_SNDBUF, [65536], 4) = 0
10768 setsockopt(26, SOL_SOCKET, SO_RCVBUF, [65536], 4) = 0
10768 setsockopt(26, SOL_SOCKET, SO_SNDBUF, [65536], 4) = 0
10780 openat(AT_FDCWD, "/home/runner/work/deckrender-acceptance/deckrender-acceptance/benchmark/artifacts/acceptance/runtimes/v0.3.1/node_modules/@deckflow/office2html-linux-x64/netcoredeps/glibc-hwcaps/x86-64-v3/libpthread.so.0", O_RDONLY|O_CLOEXEC) = -1 ENOENT (No such file or directory)
10780 openat(AT_FDCWD, "/home/runner/work/deckrender-acceptance/deckrender-acceptance/benchmark/artifacts/acceptance/runtimes/v0.3.1/node_modules/@deckflow/office2html-linux-x64/netcoredeps/glibc-hwcaps/x86-64-v2/libpthread.so.0", O_RDONLY|O_CLOEXEC) = -1 ENOENT (No such file or directory)
10780 openat(AT_FDCWD, "/home/runner/work/deckrender-acceptance/deckrender-acceptance/benchmark/artifacts/acceptance/runtimes/v0.3.1/node_modules/@deckflow/office2html-linux-x64/netcoredeps/libpthread.so.0", O_RDONLY|O_CLOEXEC) = -1 ENOENT (No such file or directory)
10780 openat(AT_FDCWD, "/opt/hostedtoolcache/Python/3.12.14/x64/lib/glibc-hwcaps/x86-64-v3/libpthread.so.0", O_RDONLY|O_CLOEXEC) = -1 ENOENT (No such file or directory)
10780 openat(AT_FDCWD, "/opt/hostedtoolcache/Python/3.12.14/x64/lib/glibc-hwcaps/x86-64-v2/libpthread.so.0", O_RDONLY|O_CLOEXEC) = -1 ENOENT (No such file or directory)
10780 openat(AT_FDCWD, "/opt/hostedtoolcache/Python/3.12.14/x64/lib/libpthread.so.0", O_RDONLY|O_CLOEXEC) = -1 ENOENT (No such file or directory)
10780 openat(AT_FDCWD, "/etc/ld.so.cache", O_RDONLY|O_CLOEXEC) = 3
10780 openat(AT_FDCWD, "/lib/x86_64-linux-gnu/libpthread.so.0", O_RDONLY|O_CLOEXEC) = 3
10780 openat(AT_FDCWD, "/opt/hostedtoolcache/Python/3.12.14/x64/lib/libdl.so.2", O_RDONLY|O_CLOEXEC) = -1 ENOENT (No such file or directory)
10780 openat(AT_FDCWD, "/lib/x86_64-linux-gnu/libdl.so.2", O_RDONLY|O_CLOEXEC) = 3
10780 openat(AT_FDCWD, "/opt/hostedtoolcache/Python/3.12.14/x64/lib/libz.so.1", O_RDONLY|O_CLOEXEC) = -1 ENOENT (No such file or directory)
10780 openat(AT_FDCWD, "/lib/x86_64-linux-gnu/libz.so.1", O_RDONLY|O_CLOEXEC) = 3
10780 openat(AT_FDCWD, "/opt/hostedtoolcache/Python/3.12.14/x64/lib/librt.so.1", O_RDONLY|O_CLOEXEC) = -1 ENOENT (No such file or directory)
10780 openat(AT_FDCWD, "/lib/x86_64-linux-gnu/librt.so.1", O_RDONLY|O_CLOEXEC) = 3
10780 openat(AT_FDCWD, "/opt/hostedtoolcache/Python/3.12.14/x64/lib/libgcc_s.so.1", O_RDONLY|O_CLOEXEC) = -1 ENOENT (No such file or directory)
10780 openat(AT_FDCWD, "/lib/x86_64-linux-gnu/libgcc_s.so.1", O_RDONLY|O_CLOEXEC) = 3
10780 openat(AT_FDCWD, "/opt/hostedtoolcache/Python/3.12.14/x64/lib/libstdc++.so.6", O_RDONLY|O_CLOEXEC) = -1 ENOENT (No such file or directory)
10780 openat(AT_FDCWD, "/lib/x86_64-linux-gnu/libstdc++.so.6", O_RDONLY|O_CLOEXEC) = 3
10780 openat(AT_FDCWD, "/opt/hostedtoolcache/Python/3.12.14/x64/lib/libm.so.6", O_RDONLY|O_CLOEXEC) = -1 ENOENT (No such file or directory)
10780 openat(AT_FDCWD, "/lib/x86_64-linux-gnu/libm.so.6", O_RDONLY|O_CLOEXEC) = 3
10780 openat(AT_FDCWD, "/opt/hostedtoolcache/Python/3.12.14/x64/lib/libc.so.6", O_RDONLY|O_CLOEXEC) = -1 ENOENT (No such file or directory)
10780 openat(AT_FDCWD, "/lib/x86_64-linux-gnu/libc.so.6", O_RDONLY|O_CLOEXEC) = 3
10780 openat(AT_FDCWD, "/opt/hostedtoolcache/Python/3.12.14/x64/lib/liblttng-ust-tracepoint.so.0", O_RDONLY|O_CLOEXEC) = -1 ENOENT (No such file or directory)
10780 openat(AT_FDCWD, "/etc/ld.so.cache", O_RDONLY|O_CLOEXEC) = 3
10780 openat(AT_FDCWD, "/lib/x86_64-linux-gnu/glibc-hwcaps/x86-64-v3/liblttng-ust-tracepoint.so.0", O_RDONLY|O_CLOEXEC) = -1 ENOENT (No such file or directory)
10780 openat(AT_FDCWD, "/lib/x86_64-linux-gnu/glibc-hwcaps/x86-64-v2/liblttng-ust-tracepoint.so.0", O_RDONLY|O_CLOEXEC) = -1 ENOENT (No such file or directory)
10780 openat(AT_FDCWD, "/lib/x86_64-linux-gnu/liblttng-ust-tracepoint.so.0", O_RDONLY|O_CLOEXEC) = -1 ENOENT (No such file or directory)
10780 openat(AT_FDCWD, "/usr/lib/x86_64-linux-gnu/glibc-hwcaps/x86-64-v3/liblttng-ust-tracepoint.so.0", O_RDONLY|O_CLOEXEC) = -1 ENOENT (No such file or directory)
10780 openat(AT_FDCWD, "/usr/lib/x86_64-linux-gnu/glibc-hwcaps/x86-64-v2/liblttng-ust-tracepoint.so.0", O_RDONLY|O_CLOEXEC) = -1 ENOENT (No such file or directory)
10780 openat(AT_FDCWD, "/usr/lib/x86_64-linux-gnu/liblttng-ust-tracepoint.so.0", O_RDONLY|O_CLOEXEC) = -1 ENOENT (No such file or directory)
10780 openat(AT_FDCWD, "/lib/glibc-hwcaps/x86-64-v3/liblttng-ust-tracepoint.so.0", O_RDONLY|O_CLOEXEC) = -1 ENOENT (No such file or directory)
10780 openat(AT_FDCWD, "/lib/glibc-hwcaps/x86-64-v2/liblttng-ust-tracepoint.so.0", O_RDONLY|O_CLOEXEC) = -1 ENOENT (No such file or directory)
10780 openat(AT_FDCWD, "/lib/liblttng-ust-tracepoint.so.0", O_RDONLY|O_CLOEXEC) = -1 ENOENT (No such file or directory)
10780 openat(AT_FDCWD, "/usr/lib/glibc-hwcaps/x86-64-v3/liblttng-ust-tracepoint.so.0", O_RDONLY|O_CLOEXEC) = -1 ENOENT (No such file or directory)
10780 openat(AT_FDCWD, "/usr/lib/glibc-hwcaps/x86-64-v2/liblttng-ust-tracepoint.so.0", O_RDONLY|O_CLOEXEC) = -1 ENOENT (No such file or directory)
10780 openat(AT_FDCWD, "/usr/lib/liblttng-ust-tracepoint.so.0", O_RDONLY|O_CLOEXEC) = -1 ENOENT (No such file or directory)
10780 openat(AT_FDCWD, "/opt/hostedtoolcache/Python/3.12.14/x64/lib/liblttng-ust-tracepoint.so.0", O_RDONLY|O_CLOEXEC) = -1 ENOENT (No such file or directory)
10780 openat(AT_FDCWD, "/etc/ld.so.cache", O_RDONLY|O_CLOEXEC) = 3
10780 openat(AT_FDCWD, "/lib/x86_64-linux-gnu/liblttng-ust-tracepoint.so.0", O_RDONLY|O_CLOEXEC) = -1 ENOENT (No such file or directory)
10780 openat(AT_FDCWD, "/usr/lib/x86_64-linux-gnu/liblttng-ust-tracepoint.so.0", O_RDONLY|O_CLOEXEC) = -1 ENOENT (No such file or directory)
10780 openat(AT_FDCWD, "/lib/liblttng-ust-tracepoint.so.0", O_RDONLY|O_CLOEXEC) = -1 ENOENT (No such file or directory)
10780 openat(AT_FDCWD, "/usr/lib/liblttng-ust-tracepoint.so.0", O_RDONLY|O_CLOEXEC) = -1 ENOENT (No such file or directory)
10780 openat(AT_FDCWD, "/home/runner/work/deckrender-acceptance/deckrender-acceptance/benchmark/artifacts/acceptance/runtimes/v0.3.1/node_modules/@deckflow/office2html-linux-x64/office2html", O_RDONLY) = 3
10780 openat(AT_FDCWD, "/home/runner/work/deckrender-acceptance/deckrender-acceptance/benchmark/artifacts/acceptance/runtimes/v0.3.1/node_modules/@deckflow/office2html-linux-x64/office2html", O_RDONLY) = 3
10780 openat(AT_FDCWD, "/home/runner/work/deckrender-acceptance/deckrender-acceptance/benchmark/artifacts/acceptance/runtimes/v0.3.1/node_modules/@deckflow/office2html-linux-x64/office2html", O_RDONLY) = 3
10780 openat(AT_FDCWD, "/home/runner/work/deckrender-acceptance/deckrender-acceptance/benchmark/artifacts/acceptance/private/sandboxes/e2baf2caf551d4582bf28b6ad1b5abd2a26e1d7061bcd60f69fc9775965ba634/.net/office2html/2a1c/Office2Html.Cli.runtimeconfig.json", O_WRONLY|O_CREAT|O_TRUNC, 0666) = 3
10780 openat(AT_FDCWD, "/home/runner/work/deckrender-acceptance/deckrender-acceptance/benchmark/artifacts/acceptance/private/sandboxes/e2baf2caf551d4582bf28b6ad1b5abd2a26e1d7061bcd60f69fc9775965ba634/.net/office2html/2a1c/DocumentFormat.OpenXml.dll", O_WRONLY|O_CREAT|O_TRUNC, 0666) = 3
10780 openat(AT_FDCWD, "/home/runner/work/deckrender-acceptance/deckrender-acceptance/benchmark/artifacts/acceptance/private/sandboxes/e2baf2caf551d4582bf28b6ad1b5abd2a26e1d7061bcd60f69fc9775965ba634/.net/office2html/2a1c/DocumentFormat.OpenXml.Framework.dll", O_WRONLY|O_CREAT|O_TRUNC, 0666) = 3
10780 openat(AT_FDCWD, "/home/runner/work/deckrender-acceptance/deckrender-acceptance/benchmark/artifacts/acceptance/private/sandboxes/e2baf2caf551d4582bf28b6ad1b5abd2a26e1d7061bcd60f69fc9775965ba634/.net/office2html/2a1c/SixLabors.ImageSharp.dll", O_WRONLY|O_CREAT|O_TRUNC, 0666) = 3
10780 openat(AT_FDCWD, "/home/runner/work/deckrender-acceptance/deckrender-acceptance/benchmark/artifacts/acceptance/private/sandboxes/e2baf2caf551d4582bf28b6ad1b5abd2a26e1d7061bcd60f69fc9775965ba634/.net/office2html/2a1c/System.IO.Packaging.dll", O_WRONLY|O_CREAT|O_TRUNC, 0666) = 3
10780 openat(AT_FDCWD, "/home/runner/work/deckrender-acceptance/deckrender-acceptance/benchmark/artifacts/acceptance/private/sandboxes/e2baf2caf551d4582bf28b6ad1b5abd2a26e1d7061bcd60f69fc9775965ba634/.net/office2html/2a1c/Office2Html.dll", O_WRONLY|O_CREAT|O_TRUNC, 0666) = 3
10780 openat(AT_FDCWD, "/home/runner/work/deckrender-acceptance/deckrender-acceptance/benchmark/artifacts/acceptance/private/sandboxes/e2baf2caf551d4582bf28b6ad1b5abd2a26e1d7061bcd60f69fc9775965ba634/.net/office2html/2a1c/Office2Html.Cli.dll", O_WRONLY|O_CREAT|O_TRUNC, 0666) = 3
10780 openat(AT_FDCWD, "/home/runner/work/deckrender-acceptance/deckrender-acceptance/benchmark/artifacts/acceptance/private/sandboxes/e2baf2caf551d4582bf28b6ad1b5abd2a26e1d7061bcd60f69fc9775965ba634/.net/office2html/2a1c/Microsoft.Win32.Primitives.dll", O_WRONLY|O_CREAT|O_TRUNC, 0666) = 3
10780 openat(AT_FDCWD, "/home/runner/work/deckrender-acceptance/deckrender-acceptance/benchmark/artifacts/acceptance/private/sandboxes/e2baf2caf551d4582bf28b6ad1b5abd2a26e1d7061bcd60f69fc9775965ba634/.net/office2html/2a1c/System.Collections.Concurrent.dll", O_WRONLY|O_CREAT|O_TRUNC, 0666) = 3
10780 openat(AT_FDCWD, "/home/runner/work/deckrender-acceptance/deckrender-acceptance/benchmark/artifacts/acceptance/private/sandboxes/e2baf2caf551d4582bf28b6ad1b5abd2a26e1d7061bcd60f69fc9775965ba634/.net/office2html/2a1c/System.Collections.Immutable.dll", O_WRONLY|O_CREAT|O_TRUNC, 0666) = 3
10780 openat(AT_FDCWD, "/home/runner/work/deckrender-acceptance/deckrender-acceptance/benchmark/artifacts/acceptance/private/sandboxes/e2baf2caf551d4582bf28b6ad1b5abd2a26e1d7061bcd60f69fc9775965ba634/.net/office2html/2a1c/System.Collections.NonGeneric.dll", O_WRONLY|O_CREAT|O_TRUNC, 0666) = 3
10780 openat(AT_FDCWD, "/home/runner/work/deckrender-acceptance/deckrender-acceptance/benchmark/artifacts/acceptance/private/sandboxes/e2baf2caf551d4582bf28b6ad1b5abd2a26e1d7061bcd60f69fc9775965ba634/.net/office2html/2a1c/System.Collections.dll", O_WRONLY|O_CREAT|O_TRUNC, 0666) = 3
10780 openat(AT_FDCWD, "/home/runner/work/deckrender-acceptance/deckrender-acceptance/benchmark/artifacts/acceptance/private/sandboxes/e2baf2caf551d4582bf28b6ad1b5abd2a26e1d7061bcd60f69fc9775965ba634/.net/office2html/2a1c/System.ComponentModel.TypeConverter.dll", O_WRONLY|O_CREAT|O_TRUNC, 0666) = 3
10780 openat(AT_FDCWD, "/home/runner/work/deckrender-acceptance/deckrender-acceptance/benchmark/artifacts/acceptance/private/sandboxes/e2baf2caf551d4582bf28b6ad1b5abd2a26e1d7061bcd60f69fc9775965ba634/.net/office2html/2a1c/System.Console.dll", O_WRONLY|O_CREAT|O_TRUNC, 0666) = 3
10780 openat(AT_FDCWD, "/home/runner/work/deckrender-acceptance/deckrender-acceptance/benchmark/artifacts/acceptance/private/sandboxes/e2baf2caf551d4582bf28b6ad1b5abd2a26e1d7061bcd60f69fc9775965ba634/.net/office2html/2a1c/System.Diagnostics.DiagnosticSource.dll", O_WRONLY|O_CREAT|O_TRUNC, 0666) = 3
10780 openat(AT_FDCWD, "/home/runner/work/deckrender-acceptance/deckrender-acceptance/benchmark/artifacts/acceptance/private/sandboxes/e2baf2caf551d4582bf28b6ad1b5abd2a26e1d7061bcd60f69fc9775965ba634/.net/office2html/2a1c/System.Diagnostics.StackTrace.dll", O_WRONLY|O_CREAT|O_TRUNC, 0666) = 3
10780 openat(AT_FDCWD, "/home/runner/work/deckrender-acceptance/deckrender-acceptance/benchmark/artifacts/acceptance/private/sandboxes/e2baf2caf551d4582bf28b6ad1b5abd2a26e1d7061bcd60f69fc9775965ba634/.net/office2html/2a1c/System.Formats.Asn1.dll", O_WRONLY|O_CREAT|O_TRUNC, 0666) = 3
10780 openat(AT_FDCWD, "/home/runner/work/deckrender-acceptance/deckrender-acceptance/benchmark/artifacts/acceptance/private/sandboxes/e2baf2caf551d4582bf28b6ad1b5abd2a26e1d7061bcd60f69fc9775965ba634/.net/office2html/2a1c/System.IO.Compression.Brotli.dll", O_WRONLY|O_CREAT|O_TRUNC, 0666) = 3
10780 openat(AT_FDCWD, "/home/runner/work/deckrender-acceptance/deckrender-acceptance/benchmark/artifacts/acceptance/private/sandboxes/e2baf2caf551d4582bf28b6ad1b5abd2a26e1d7061bcd60f69fc9775965ba634/.net/office2html/2a1c/System.IO.Compression.dll", O_WRONLY|O_CREAT|O_TRUNC, 0666) = 3
10780 openat(AT_FDCWD, "/home/runner/work/deckrender-acceptance/deckrender-acceptance/benchmark/artifacts/acceptance/private/sandboxes/e2baf2caf551d4582bf28b6ad1b5abd2a26e1d7061bcd60f69fc9775965ba634/.net/office2html/2a1c/System.IO.MemoryMappedFiles.dll", O_WRONLY|O_CREAT|O_TRUNC, 0666) = 3
10780 openat(AT_FDCWD, "/home/runner/work/deckrender-acceptance/deckrender-acceptance/benchmark/artifacts/acceptance/private/sandboxes/e2baf2caf551d4582bf28b6ad1b5abd2a26e1d7061bcd60f69fc9775965ba634/.net/office2html/2a1c/System.Linq.Expressions.dll", O_WRONLY|O_CREAT|O_TRUNC, 0666) = 3
10780 openat(AT_FDCWD, "/home/runner/work/deckrender-acceptance/deckrender-acceptance/benchmark/artifacts/acceptance/private/sandboxes/e2baf2caf551d4582bf28b6ad1b5abd2a26e1d7061bcd60f69fc9775965ba634/.net/office2html/2a1c/System.Linq.dll", O_WRONLY|O_CREAT|O_TRUNC, 0666) = 3
10780 openat(AT_FDCWD, "/home/runner/work/deckrender-acceptance/deckrender-acceptance/benchmark/artifacts/acceptance/private/sandboxes/e2baf2caf551d4582bf28b6ad1b5abd2a26e1d7061bcd60f69fc9775965ba634/.net/office2html/2a1c/System.Memory.dll", O_WRONLY|O_CREAT|O_TRUNC, 0666) = 3
10780 openat(AT_FDCWD, "/home/runner/work/deckrender-acceptance/deckrender-acceptance/benchmark/artifacts/acceptance/private/sandboxes/e2baf2caf551d4582bf28b6ad1b5abd2a26e1d7061bcd60f69fc9775965ba634/.net/office2html/2a1c/System.Net.Http.dll", O_WRONLY|O_CREAT|O_TRUNC, 0666) = 3
10780 openat(AT_FDCWD, "/home/runner/work/deckrender-acceptance/deckrender-acceptance/benchmark/artifacts/acceptance/private/sandboxes/e2baf2caf551d4582bf28b6ad1b5abd2a26e1d7061bcd60f69fc9775965ba634/.net/office2html/2a1c/System.Net.NameResolution.dll", O_WRONLY|O_CREAT|O_TRUNC, 0666) = 3
10780 openat(AT_FDCWD, "/home/runner/work/deckrender-acceptance/deckrender-acceptance/benchmark/artifacts/acceptance/private/sandboxes/e2baf2caf551d4582bf28b6ad1b5abd2a26e1d7061bcd60f69fc9775965ba634/.net/office2html/2a1c/System.Net.NetworkInformation.dll", O_WRONLY|O_CREAT|O_TRUNC, 0666) = 3
10780 openat(AT_FDCWD, "/home/runner/work/deckrender-acceptance/deckrender-acceptance/benchmark/artifacts/acceptance/private/sandboxes/e2baf2caf551d4582bf28b6ad1b5abd2a26e1d7061bcd60f69fc9775965ba634/.net/office2html/2a1c/System.Net.Primitives.dll", O_WRONLY|O_CREAT|O_TRUNC, 0666) = 3
10780 openat(AT_FDCWD, "/home/runner/work/deckrender-acceptance/deckrender-acceptance/benchmark/artifacts/acceptance/private/sandboxes/e2baf2caf551d4582bf28b6ad1b5abd2a26e1d7061bcd60f69fc9775965ba634/.net/office2html/2a1c/System.Net.Quic.dll", O_WRONLY|O_CREAT|O_TRUNC, 0666) = 3
10780 openat(AT_FDCWD, "/home/runner/work/deckrender-acceptance/deckrender-acceptance/benchmark/artifacts/acceptance/private/sandboxes/e2baf2caf551d4582bf28b6ad1b5abd2a26e1d7061bcd60f69fc9775965ba634/.net/office2html/2a1c/System.Net.Security.dll", O_WRONLY|O_CREAT|O_TRUNC, 0666) = 3
10780 openat(AT_FDCWD, "/home/runner/work/deckrender-acceptance/deckrender-acceptance/benchmark/artifacts/acceptance/private/sandboxes/e2baf2caf551d4582bf28b6ad1b5abd2a26e1d7061bcd60f69fc9775965ba634/.net/office2html/2a1c/System.Net.Sockets.dll", O_WRONLY|O_CREAT|O_TRUNC, 0666) = 3
10780 openat(AT_FDCWD, "/home/runner/work/deckrender-acceptance/deckrender-acceptance/benchmark/artifacts/acceptance/private/sandboxes/e2baf2caf551d4582bf28b6ad1b5abd2a26e1d7061bcd60f69fc9775965ba634/.net/office2html/2a1c/System.ObjectModel.dll", O_WRONLY|O_CREAT|O_TRUNC, 0666) = 3
10780 openat(AT_FDCWD, "/home/runner/work/deckrender-acceptance/deckrender-acceptance/benchmark/artifacts/acceptance/private/sandboxes/e2baf2caf551d4582bf28b6ad1b5abd2a26e1d7061bcd60f69fc9775965ba634/.net/office2html/2a1c/System.Private.CoreLib.dll", O_WRONLY|O_CREAT|O_TRUNC, 0666) = 3
10780 openat(AT_FDCWD, "/home/runner/work/deckrender-acceptance/deckrender-acceptance/benchmark/artifacts/acceptance/private/sandboxes/e2baf2caf551d4582bf28b6ad1b5abd2a26e1d7061bcd60f69fc9775965ba634/.net/office2html/2a1c/System.Private.Uri.dll", O_WRONLY|O_CREAT|O_TRUNC, 0666) = 3
10780 openat(AT_FDCWD, "/home/runner/work/deckrender-acceptance/deckrender-acceptance/benchmark/artifacts/acceptance/private/sandboxes/e2baf2caf551d4582bf28b6ad1b5abd2a26e1d7061bcd60f69fc9775965ba634/.net/office2html/2a1c/System.Private.Xml.Linq.dll", O_WRONLY|O_CREAT|O_TRUNC, 0666) = 3
10780 openat(AT_FDCWD, "/home/runner/work/deckrender-acceptance/deckrender-acceptance/benchmark/artifacts/acceptance/private/sandboxes/e2baf2caf551d4582bf28b6ad1b5abd2a26e1d7061bcd60f69fc9775965ba634/.net/office2html/2a1c/System.Private.Xml.dll", O_WRONLY|O_CREAT|O_TRUNC, 0666) = 3
10780 openat(AT_FDCWD, "/home/runner/work/deckrender-acceptance/deckrender-acceptance/benchmark/artifacts/acceptance/private/sandboxes/e2baf2caf551d4582bf28b6ad1b5abd2a26e1d7061bcd60f69fc9775965ba634/.net/office2html/2a1c/System.Reflection.Metadata.dll", O_WRONLY|O_CREAT|O_TRUNC, 0666) = 3
10780 openat(AT_FDCWD, "/home/runner/work/deckrender-acceptance/deckrender-acceptance/benchmark/artifacts/acceptance/private/sandboxes/e2baf2caf551d4582bf28b6ad1b5abd2a26e1d7061bcd60f69fc9775965ba634/.net/office2html/2a1c/System.Runtime.CompilerServices.Unsafe.dll", O_WRONLY|O_CREAT|O_TRUNC, 0666) = 3
10780 openat(AT_FDCWD, "/home/runner/work/deckrender-acceptance/deckrender-acceptance/benchmark/artifacts/acceptance/private/sandboxes/e2baf2caf551d4582bf28b6ad1b5abd2a26e1d7061bcd60f69fc9775965ba634/.net/office2html/2a1c/System.Runtime.InteropServices.RuntimeInformation.dll", O_WRONLY|O_CREAT|O_TRUNC, 0666) = 3
10780 openat(AT_FDCWD, "/home/runner/work/deckrender-acceptance/deckrender-acceptance/benchmark/artifacts/acceptance/private/sandboxes/e2baf2caf551d4582bf28b6ad1b5abd2a26e1d7061bcd60f69fc9775965ba634/.net/office2html/2a1c/System.Runtime.Numerics.dll", O_WRONLY|O_CREAT|O_TRUNC, 0666) = 3
10780 openat(AT_FDCWD, "/home/runner/work/deckrender-acceptance/deckrender-acceptance/benchmark/artifacts/acceptance/private/sandboxes/e2baf2caf551d4582bf28b6ad1b5abd2a26e1d7061bcd60f69fc9775965ba634/.net/office2html/2a1c/System.Runtime.dll", O_WRONLY|O_CREAT|O_TRUNC, 0666) = 3
10780 openat(AT_FDCWD, "/home/runner/work/deckrender-acceptance/deckrender-acceptance/benchmark/artifacts/acceptance/private/sandboxes/e2baf2caf551d4582bf28b6ad1b5abd2a26e1d7061bcd60f69fc9775965ba634/.net/office2html/2a1c/System.Security.Cryptography.Algorithms.dll", O_WRONLY|O_CREAT|O_TRUNC, 0666) = 3
10780 openat(AT_FDCWD, "/home/runner/work/deckrender-acceptance/deckrender-acceptance/benchmark/artifacts/acceptance/private/sandboxes/e2baf2caf551d4582bf28b6ad1b5abd2a26e1d7061bcd60f69fc9775965ba634/.net/office2html/2a1c/System.Security.Cryptography.Encoding.dll", O_WRONLY|O_CREAT|O_TRUNC, 0666) = 3
10780 openat(AT_FDCWD, "/home/runner/work/deckrender-acceptance/deckrender-acceptance/benchmark/artifacts/acceptance/private/sandboxes/e2baf2caf551d4582bf28b6ad1b5abd2a26e1d7061bcd60f69fc9775965ba634/.net/office2html/2a1c/System.Security.Cryptography.OpenSsl.dll", O_WRONLY|O_CREAT|O_TRUNC, 0666) = 3
10780 openat(AT_FDCWD, "/home/runner/work/deckrender-acceptance/deckrender-acceptance/benchmark/artifacts/acceptance/private/sandboxes/e2baf2caf551d4582bf28b6ad1b5abd2a26e1d7061bcd60f69fc9775965ba634/.net/office2html/2a1c/System.Security.Cryptography.Primitives.dll", O_WRONLY|O_CREAT|O_TRUNC, 0666) = 3
10780 openat(AT_FDCWD, "/home/runner/work/deckrender-acceptance/deckrender-acceptance/benchmark/artifacts/acceptance/private/sandboxes/e2baf2caf551d4582bf28b6ad1b5abd2a26e1d7061bcd60f69fc9775965ba634/.net/office2html/2a1c/System.Security.Cryptography.X509Certificates.dll", O_WRONLY|O_CREAT|O_TRUNC, 0666) = 3
10780 openat(AT_FDCWD, "/home/runner/work/deckrender-acceptance/deckrender-acceptance/benchmark/artifacts/acceptance/private/sandboxes/e2baf2caf551d4582bf28b6ad1b5abd2a26e1d7061bcd60f69fc9775965ba634/.net/office2html/2a1c/System.Text.Encoding.CodePages.dll", O_WRONLY|O_CREAT|O_TRUNC, 0666) = 3
10780 openat(AT_FDCWD, "/home/runner/work/deckrender-acceptance/deckrender-acceptance/benchmark/artifacts/acceptance/private/sandboxes/e2baf2caf551d4582bf28b6ad1b5abd2a26e1d7061bcd60f69fc9775965ba634/.net/office2html/2a1c/System.Text.Encoding.Extensions.dll", O_WRONLY|O_CREAT|O_TRUNC, 0666) = 3
10780 openat(AT_FDCWD, "/home/runner/work/deckrender-acceptance/deckrender-acceptance/benchmark/artifacts/acceptance/private/sandboxes/e2baf2caf551d4582bf28b6ad1b5abd2a26e1d7061bcd60f69fc9775965ba634/.net/office2html/2a1c/System.Text.Encodings.Web.dll", O_WRONLY|O_CREAT|O_TRUNC, 0666) = 3
10780 openat(AT_FDCWD, "/home/runner/work/deckrender-acceptance/deckrender-acceptance/benchmark/artifacts/acceptance/private/sandboxes/e2baf2caf551d4582bf28b6ad1b5abd2a26e1d7061bcd60f69fc9775965ba634/.net/office2html/2a1c/System.Text.Json.dll", O_WRONLY|O_CREAT|O_TRUNC, 0666) = 3
10780 openat(AT_FDCWD, "/home/runner/work/deckrender-acceptance/deckrender-acceptance/benchmark/artifacts/acceptance/private/sandboxes/e2baf2caf551d4582bf28b6ad1b5abd2a26e1d7061bcd60f69fc9775965ba634/.net/office2html/2a1c/System.Text.RegularExpressions.dll", O_WRONLY|O_CREAT|O_TRUNC, 0666) = 3
10780 openat(AT_FDCWD, "/home/runner/work/deckrender-acceptance/deckrender-acceptance/benchmark/artifacts/acceptance/private/sandboxes/e2baf2caf551d4582bf28b6ad1b5abd2a26e1d7061bcd60f69fc9775965ba634/.net/office2html/2a1c/System.Threading.Channels.dll", O_WRONLY|O_CREAT|O_TRUNC, 0666) = 3
10780 openat(AT_FDCWD, "/home/runner/work/deckrender-acceptance/deckrender-acceptance/benchmark/artifacts/acceptance/private/sandboxes/e2baf2caf551d4582bf28b6ad1b5abd2a26e1d7061bcd60f69fc9775965ba634/.net/office2html/2a1c/System.Threading.Tasks.Parallel.dll", O_WRONLY|O_CREAT|O_TRUNC, 0666) = 3
10780 openat(AT_FDCWD, "/home/runner/work/deckrender-acceptance/deckrender-acceptance/benchmark/artifacts/acceptance/private/sandboxes/e2baf2caf551d4582bf28b6ad1b5abd2a26e1d7061bcd60f69fc9775965ba634/.net/office2html/2a1c/System.Threading.dll", O_WRONLY|O_CREAT|O_TRUNC, 0666) = 3
10780 openat(AT_FDCWD, "/home/runner/work/deckrender-acceptance/deckrender-acceptance/benchmark/artifacts/acceptance/private/sandboxes/e2baf2caf551d4582bf28b6ad1b5abd2a26e1d7061bcd60f69fc9775965ba634/.net/office2html/2a1c/System.Xml.XDocument.dll", O_WRONLY|O_CREAT|O_TRUNC, 0666) = 3
10780 openat(AT_FDCWD, "/home/runner/work/deckrender-acceptance/deckrender-acceptance/benchmark/artifacts/acceptance/private/sandboxes/e2baf2caf551d4582bf28b6ad1b5abd2a26e1d7061bcd60f69fc9775965ba634/.net/office2html/2a1c/netstandard.dll", O_WRONLY|O_CREAT|O_TRUNC, 0666) = 3
10780 openat(AT_FDCWD, "/home/runner/work/deckrender-acceptance/deckrender-acceptance/benchmark/artifacts/acceptance/private/sandboxes/e2baf2caf551d4582bf28b6ad1b5abd2a26e1d7061bcd60f69fc9775965ba634/.net/office2html/2a1c/Office2Html.Cli.deps.json", O_WRONLY|O_CREAT|O_TRUNC, 0666) = 3
10780 openat(AT_FDCWD, "/home/runner/work/deckrender-acceptance/deckrender-acceptance/benchmark/artifacts/acceptance/runtimes/v0.3.1/node_modules/@deckflow/office2html-linux-x64/office2html", O_RDONLY) = 3
10780 openat(AT_FDCWD, "/etc/os-release", O_RDONLY) = 3
10780 openat(AT_FDCWD, "/proc/self/mountinfo", O_RDONLY) = 3
10780 openat(AT_FDCWD, "/proc/self/cgroup", O_RDONLY) = 3
10780 openat(AT_FDCWD, "/proc/self/mountinfo", O_RDONLY) = 3
10780 openat(AT_FDCWD, "/proc/self/cgroup", O_RDONLY) = 3
10780 openat(AT_FDCWD, "/sys/devices/system/node/possible", O_RDONLY|O_CLOEXEC) = 8
10780 openat(AT_FDCWD, "/sys/fs/cgroup/system.slice/hosted-compute-agent.service/cpu.max", O_RDONLY) = 8
10780 openat(AT_FDCWD, "/dev/urandom", O_RDONLY|O_CLOEXEC) = 8
10780 openat(AT_FDCWD, "/proc/10780/stat", O_RDONLY) = 8
10780 socket(AF_UNIX, SOCK_STREAM|SOCK_CLOEXEC, 0) = 8
10780 bind(8, {sa_family=AF_UNIX, sun_path="/tmp/dotnet-diagnostic-10780-204652-socket"}, 110) = 0
10780 listen(8, 255)                    = 0
10780 openat(AT_FDCWD, "/sys/devices/system/cpu/online", O_RDONLY|O_CLOEXEC) = 9
10780 openat(AT_FDCWD, "/sys/devices/system/cpu/online", O_RDONLY|O_CLOEXEC) = 9
10780 openat(AT_FDCWD, "/sys/devices/system/cpu/online", O_RDONLY|O_CLOEXEC) = 9
10780 openat(AT_FDCWD, "/sys/devices/system/cpu/online", O_RDONLY|O_CLOEXEC) = 9
10780 openat(AT_FDCWD, "/proc/10780/stat", O_RDONLY) = 9
10780 openat(AT_FDCWD, "/proc/10780/stat", O_RDONLY) = 9
10783 openat(AT_FDCWD, "/tmp/clr-debug-pipe-10780-204652-in", O_RDONLY <unfinished ...>
10780 openat(AT_FDCWD, "/proc/10780/stat", O_RDONLY) = 12
10780 openat(AT_FDCWD, "/dev/shm/sem.clrst00002a1c0000000000031f6c", O_RDWR|O_NOFOLLOW|O_CLOEXEC) = -1 ENOENT (No such file or directory)
10780 openat(AT_FDCWD, "/proc/self/maps", O_RDONLY|O_CLOEXEC) = 10
10780 openat(AT_FDCWD, "/proc/self/maps", O_RDONLY|O_CLOEXEC) = 10
10780 openat(AT_FDCWD, "/sys/devices/system/cpu/online", O_RDONLY|O_CLOEXEC) = 10
10780 openat(AT_FDCWD, "/sys/fs/cgroup/system.slice/hosted-compute-agent.service/memory.max", O_RDONLY) = 10
10780 openat(AT_FDCWD, "/proc/meminfo", O_RDONLY) = 10
10780 openat(AT_FDCWD, "/proc/meminfo", O_RDONLY) = 10
10780 openat(AT_FDCWD, "/proc/self/task/10785/comm", O_RDWR) = 12
10780 openat(AT_FDCWD, "/home/runner/work/deckrender-acceptance/deckrender-acceptance/benchmark/artifacts/acceptance/runtimes/v0.3.1/node_modules/@deckflow/office2html-linux-x64/System.Private.CoreLib.dll", O_RDONLY) = -1 ENOENT (No such file or directory)
10780 openat(AT_FDCWD, "/home/runner/work/deckrender-acceptance/deckrender-acceptance/benchmark/artifacts/acceptance/private/sandboxes/e2baf2caf551d4582bf28b6ad1b5abd2a26e1d7061bcd60f69fc9775965ba634/.net/office2html/ggtZ8fZDRy7noAk68w+eSJMdDmVPrSw=/System.Private.CoreLib.dll", O_RDONLY) = 10
10780 openat(AT_FDCWD, "/proc/self/task/10786/comm", O_RDWR) = 14
10780 openat(AT_FDCWD, "/home/runner/work/deckrender-acceptance/deckrender-acceptance/benchmark/artifacts/acceptance/private/sandboxes/e2baf2caf551d4582bf28b6ad1b5abd2a26e1d7061bcd60f69fc9775965ba634/.net/office2html/ggtZ8fZDRy7noAk68w+eSJMdDmVPrSw=/Office2Html.Cli.dll", O_RDONLY) = 12
10780 openat(AT_FDCWD, "/home/runner/work/deckrender-acceptance/deckrender-acceptance/benchmark/artifacts/acceptance/private/sandboxes/e2baf2caf551d4582bf28b6ad1b5abd2a26e1d7061bcd60f69fc9775965ba634/.net/office2html/ggtZ8fZDRy7noAk68w+eSJMdDmVPrSw=/System.Runtime.dll", O_RDONLY) = 14
10780 openat(AT_FDCWD, "/home/runner/work/deckrender-acceptance/deckrender-acceptance/benchmark/artifacts/acceptance/private/sandboxes/e2baf2caf551d4582bf28b6ad1b5abd2a26e1d7061bcd60f69fc9775965ba634/.net/office2html/ggtZ8fZDRy7noAk68w+eSJMdDmVPrSw=/System.Collections.dll", O_RDONLY) = 16
10780 openat(AT_FDCWD, "/home/runner/work/deckrender-acceptance/deckrender-acceptance/benchmark/artifacts/acceptance/private/sandboxes/e2baf2caf551d4582bf28b6ad1b5abd2a26e1d7061bcd60f69fc9775965ba634/.net/office2html/ggtZ8fZDRy7noAk68w+eSJMdDmVPrSw=/Office2Html.dll", O_RDONLY) = 18
10780 openat(AT_FDCWD, "/home/runner/work/deckrender-acceptance/deckrender-acceptance/benchmark/artifacts/acceptance/private/sandboxes/e2baf2caf551d4582bf28b6ad1b5abd2a26e1d7061bcd60f69fc9775965ba634/.net/office2html/ggtZ8fZDRy7noAk68w+eSJMdDmVPrSw=/System.Linq.dll", O_RDONLY) = 20
10780 openat(AT_FDCWD, "/home/runner/work/deckrender-acceptance/deckrender-acceptance/benchmark/artifacts/acceptance/private/sandboxes/e2baf2caf551d4582bf28b6ad1b5abd2a26e1d7061bcd60f69fc9775965ba634/.net/office2html/ggtZ8fZDRy7noAk68w+eSJMdDmVPrSw=/System.Console.dll", O_RDONLY) = 22
10780 openat(AT_FDCWD, "/home/runner/work/deckrender-acceptance/deckrender-acceptance/ci-input/current/objects/a22ec2124a347e489d31d2a80148ba5ab14b3f895b1476cb3c1c9713394e06b4.pptx", O_RDONLY|O_CLOEXEC) = 24
10780 openat(AT_FDCWD, "/home/runner/work/deckrender-acceptance/deckrender-acceptance/benchmark/artifacts/acceptance/private/sandboxes/e2baf2caf551d4582bf28b6ad1b5abd2a26e1d7061bcd60f69fc9775965ba634/.net/office2html/ggtZ8fZDRy7noAk68w+eSJMdDmVPrSw=/DocumentFormat.OpenXml.dll", O_RDONLY) = 24
10780 openat(AT_FDCWD, "/home/runner/work/deckrender-acceptance/deckrender-acceptance/benchmark/artifacts/acceptance/private/sandboxes/e2baf2caf551d4582bf28b6ad1b5abd2a26e1d7061bcd60f69fc9775965ba634/.net/office2html/ggtZ8fZDRy7noAk68w+eSJMdDmVPrSw=/DocumentFormat.OpenXml.Framework.dll", O_RDONLY) = 26
10780 openat(AT_FDCWD, "/home/runner/work/deckrender-acceptance/deckrender-acceptance/benchmark/artifacts/acceptance/private/sandboxes/e2baf2caf551d4582bf28b6ad1b5abd2a26e1d7061bcd60f69fc9775965ba634/.net/office2html/ggtZ8fZDRy7noAk68w+eSJMdDmVPrSw=/System.IO.Packaging.dll", O_RDONLY) = 28
10780 openat(AT_FDCWD, "/home/runner/work/deckrender-acceptance/deckrender-acceptance/benchmark/artifacts/acceptance/private/sandboxes/e2baf2caf551d4582bf28b6ad1b5abd2a26e1d7061bcd60f69fc9775965ba634/.net/office2html/ggtZ8fZDRy7noAk68w+eSJMdDmVPrSw=/netstandard.dll", O_RDONLY) = 30
10780 openat(AT_FDCWD, "/home/runner/work/deckrender-acceptance/deckrender-acceptance/benchmark/artifacts/acceptance/private/sandboxes/e2baf2caf551d4582bf28b6ad1b5abd2a26e1d7061bcd60f69fc9775965ba634/.net/office2html/ggtZ8fZDRy7noAk68w+eSJMdDmVPrSw=/System.IO.Compression.dll", O_RDONLY) = 32
10780 openat(AT_FDCWD, "/home/runner/work/deckrender-acceptance/deckrender-acceptance/benchmark/artifacts/acceptance/private/sandboxes/e2baf2caf551d4582bf28b6ad1b5abd2a26e1d7061bcd60f69fc9775965ba634/.net/office2html/ggtZ8fZDRy7noAk68w+eSJMdDmVPrSw=/System.Private.Uri.dll", O_RDONLY) = 34
10780 openat(AT_FDCWD, "/etc/localtime", O_RDONLY|O_CLOEXEC) = 36
10780 openat(AT_FDCWD, "/home/runner/work/deckrender-acceptance/deckrender-acceptance/benchmark/artifacts/acceptance/private/sandboxes/e2baf2caf551d4582bf28b6ad1b5abd2a26e1d7061bcd60f69fc9775965ba634/.net/office2html/ggtZ8fZDRy7noAk68w+eSJMdDmVPrSw=/System.Private.Xml.dll", O_RDONLY) = 36
10780 openat(AT_FDCWD, "/dev/urandom", O_RDONLY|O_CLOEXEC) = 38
10780 openat(AT_FDCWD, "/home/runner/work/deckrender-acceptance/deckrender-acceptance/benchmark/artifacts/acceptance/private/sandboxes/e2baf2caf551d4582bf28b6ad1b5abd2a26e1d7061bcd60f69fc9775965ba634/.net/office2html/ggtZ8fZDRy7noAk68w+eSJMdDmVPrSw=/System.Runtime.CompilerServices.Unsafe.dll", O_RDONLY) = 39
10780 openat(AT_FDCWD, "/tmp/tmppPJigL.tmp", O_RDWR|O_CREAT|O_EXCL, 0600) = 41
10780 openat(AT_FDCWD, "/tmp/tmppPJigL.tmp", O_RDWR|O_CREAT|O_CLOEXEC, 0666) = 41
10780 openat(AT_FDCWD, "/home/runner/work/deckrender-acceptance/deckrender-acceptance/benchmark/artifacts/acceptance/private/sandboxes/e2baf2caf551d4582bf28b6ad1b5abd2a26e1d7061bcd60f69fc9775965ba634/.net/office2html/ggtZ8fZDRy7noAk68w+eSJMdDmVPrSw=/System.Private.Xml.Linq.dll", O_RDONLY) = 42
10780 openat(AT_FDCWD, "/home/runner/work/deckrender-acceptance/deckrender-acceptance/benchmark/artifacts/acceptance/private/sandboxes/e2baf2caf551d4582bf28b6ad1b5abd2a26e1d7061bcd60f69fc9775965ba634/.net/office2html/ggtZ8fZDRy7noAk68w+eSJMdDmVPrSw=/System.Collections.Concurrent.dll", O_RDONLY) = 44
10780 openat(AT_FDCWD, "/home/runner/work/deckrender-acceptance/deckrender-acceptance/benchmark/artifacts/acceptance/private/sandboxes/e2baf2caf551d4582bf28b6ad1b5abd2a26e1d7061bcd60f69fc9775965ba634/.net/office2html/ggtZ8fZDRy7noAk68w+eSJMdDmVPrSw=/System.Linq.Expressions.dll", O_RDONLY) = 46
10780 openat(AT_FDCWD, "/tmp/tmpt9ByU5.tmp", O_RDWR|O_CREAT|O_EXCL, 0600) = 41
10780 openat(AT_FDCWD, "/tmp/tmpt9ByU5.tmp", O_RDWR|O_CREAT|O_CLOEXEC, 0666) = 41
10780 openat(AT_FDCWD, "/home/runner/work/deckrender-acceptance/deckrender-acceptance/benchmark/artifacts/acceptance/private/sandboxes/e2baf2caf551d4582bf28b6ad1b5abd2a26e1d7061bcd60f69fc9775965ba634/.net/office2html/ggtZ8fZDRy7noAk68w+eSJMdDmVPrSw=/System.Xml.XDocument.dll", O_RDONLY) = 48
10780 openat(AT_FDCWD, "/home/runner/work/deckrender-acceptance/deckrender-acceptance/benchmark/artifacts/acceptance/private/sandboxes/e2baf2caf551d4582bf28b6ad1b5abd2a26e1d7061bcd60f69fc9775965ba634/.net/office2html/ggtZ8fZDRy7noAk68w+eSJMdDmVPrSw=/System.Memory.dll", O_RDONLY) = 50
10780 openat(AT_FDCWD, "/home/runner/work/deckrender-acceptance/deckrender-acceptance/benchmark/artifacts/acceptance/private/sandboxes/e2baf2caf551d4582bf28b6ad1b5abd2a26e1d7061bcd60f69fc9775965ba634/.net/office2html/ggtZ8fZDRy7noAk68w+eSJMdDmVPrSw=/System.Text.RegularExpressions.dll", O_RDONLY) = 52
10780 openat(AT_FDCWD, "/home/runner/work/deckrender-acceptance/deckrender-acceptance/benchmark/artifacts/acceptance/private/sandboxes/e2baf2caf551d4582bf28b6ad1b5abd2a26e1d7061bcd60f69fc9775965ba634/.net/office2html/ggtZ8fZDRy7noAk68w+eSJMdDmVPrSw=/System.Text.Encoding.Extensions.dll", O_RDONLY) = 41
10780 openat(AT_FDCWD, "/tmp/deckrender-local-UfqzSu/office2html/player.css", O_WRONLY|O_CREAT|O_CLOEXEC, 0666) = 55
10780 openat(AT_FDCWD, "/tmp/deckrender-local-UfqzSu/office2html/player.js", O_WRONLY|O_CREAT|O_CLOEXEC, 0666) = 55
10780 openat(AT_FDCWD, "/tmp/deckrender-local-UfqzSu/office2html/slide.js", O_WRONLY|O_CREAT|O_CLOEXEC, 0666) = 55
10780 openat(AT_FDCWD, "/tmp/deckrender-local-UfqzSu/office2html/charts.js", O_WRONLY|O_CREAT|O_CLOEXEC, 0666) = 55
10780 openat(AT_FDCWD, "/home/runner/work/deckrender-acceptance/deckrender-acceptance/benchmark/artifacts/acceptance/private/sandboxes/e2baf2caf551d4582bf28b6ad1b5abd2a26e1d7061bcd60f69fc9775965ba634/.net/office2html/ggtZ8fZDRy7noAk68w+eSJMdDmVPrSw=/System.Text.Json.dll", O_RDONLY) = 55
10780 openat(AT_FDCWD, "/home/runner/work/deckrender-acceptance/deckrender-acceptance/benchmark/artifacts/acceptance/private/sandboxes/e2baf2caf551d4582bf28b6ad1b5abd2a26e1d7061bcd60f69fc9775965ba634/.net/office2html/ggtZ8fZDRy7noAk68w+eSJMdDmVPrSw=/System.Text.Encodings.Web.dll", O_RDONLY) = 57
10780 openat(AT_FDCWD, "/tmp/deckrender-local-UfqzSu/office2html/slides/0000.html", O_WRONLY|O_CREAT|O_CLOEXEC, 0666) = 59
10780 openat(AT_FDCWD, "/tmp/deckrender-local-UfqzSu/office2html/slides/0001.html", O_WRONLY|O_CREAT|O_CLOEXEC, 0666) = 59
10780 openat(AT_FDCWD, "/tmp/deckrender-local-UfqzSu/office2html/slides/0002.html", O_WRONLY|O_CREAT|O_CLOEXEC, 0666) = 59
10780 openat(AT_FDCWD, "/tmp/deckrender-local-UfqzSu/office2html/index.html", O_WRONLY|O_CREAT|O_CLOEXEC, 0666) = 59
10780 openat(AT_FDCWD, "/home/runner/work/deckrender-acceptance/deckrender-acceptance/benchmark/artifacts/acceptance/private/sandboxes/e2baf2caf551d4582bf28b6ad1b5abd2a26e1d7061bcd60f69fc9775965ba634/.net/office2html/ggtZ8fZDRy7noAk68w+eSJMdDmVPrSw=/Microsoft.Win32.Primitives.dll", O_RDONLY) = 60
10783 <... openat resumed>)             = ?
10768 --- SIGCHLD {si_signo=SIGCHLD, si_code=CLD_EXITED, si_pid=10780, si_uid=1001, si_status=0, si_utime=139 /* 1.39 s */, si_stime=22 /* 0.22 s */} ---
10768 shutdown(23, SHUT_WR)             = 0
10768 shutdown(25, SHUT_WR)             = 0
10776 openat(AT_FDCWD, "/tmp/deckrender-local-UfqzSu/office2html/index.html", O_RDONLY|O_CLOEXEC) = 21
10768 openat(AT_FDCWD, "/home/runner/work/deckrender-acceptance/deckrender-acceptance/benchmark/artifacts/acceptance/runtimes/v0.3.1/node_modules/@deckflow/deckrender/dist/package.json", O_RDONLY|O_CLOEXEC) = -1 ENOENT (No such file or directory)
10768 openat(AT_FDCWD, "/home/runner/work/deckrender-acceptance/deckrender-acceptance/benchmark/artifacts/acceptance/runtimes/v0.3.1/node_modules/playwright-core/package.json", O_RDONLY|O_CLOEXEC) = 21
10768 openat(AT_FDCWD, "/home/runner/work/deckrender-acceptance/deckrender-acceptance/benchmark/artifacts/acceptance/runtimes/v0.3.1/node_modules/playwright-core/index.mjs", O_RDONLY|O_CLOEXEC) = 21
10768 openat(AT_FDCWD, "/home/runner/work/deckrender-acceptance/deckrender-acceptance/benchmark/artifacts/acceptance/runtimes/v0.3.1/node_modules/playwright-core/index.js", O_RDONLY|O_CLOEXEC) = 21
10768 openat(AT_FDCWD, "/home/runner/work/deckrender-acceptance/deckrender-acceptance/benchmark/artifacts/acceptance/runtimes/v0.3.1/node_modules/playwright-core/lib/inprocess.js", O_RDONLY|O_CLOEXEC) = 21
10768 openat(AT_FDCWD, "/home/runner/work/deckrender-acceptance/deckrender-acceptance/benchmark/artifacts/acceptance/runtimes/v0.3.1/node_modules/playwright-core/lib/inProcessFactory.js", O_RDONLY|O_CLOEXEC) = 21
10768 openat(AT_FDCWD, "/home/runner/work/deckrender-acceptance/deckrender-acceptance/benchmark/artifacts/acceptance/runtimes/v0.3.1/node_modules/playwright-core/lib/androidServerImpl.js", O_RDONLY|O_CLOEXEC) = 21
10768 openat(AT_FDCWD, "/home/runner/work/deckrender-acceptance/deckrender-acceptance/benchmark/artifacts/acceptance/runtimes/v0.3.1/node_modules/playwright-core/lib/remote/playwrightServer.js", O_RDONLY|O_CLOEXEC) = 21
10768 openat(AT_FDCWD, "/home/runner/work/deckrender-acceptance/deckrender-acceptance/benchmark/artifacts/acceptance/runtimes/v0.3.1/node_modules/playwright-core/lib/remote/playwrightConnection.js", O_RDONLY|O_CLOEXEC) = 21
10768 openat(AT_FDCWD, "/home/runner/work/deckrender-acceptance/deckrender-acceptance/benchmark/artifacts/acceptance/runtimes/v0.3.1/node_modules/playwright-core/lib/server/package.json", O_RDONLY|O_CLOEXEC) = -1 ENOENT (No such file or directory)
10768 openat(AT_FDCWD, "/home/runner/work/deckrender-acceptance/deckrender-acceptance/benchmark/artifacts/acceptance/runtimes/v0.3.1/node_modules/playwright-core/lib/server/index.js", O_RDONLY|O_CLOEXEC) = 21
10768 openat(AT_FDCWD, "/home/runner/work/deckrender-acceptance/deckrender-acceptance/benchmark/artifacts/acceptance/runtimes/v0.3.1/node_modules/playwright-core/lib/server/registry/package.json", O_RDONLY|O_CLOEXEC) = -1 ENOENT (No such file or directory)
10768 openat(AT_FDCWD, "/home/runner/work/deckrender-acceptance/deckrender-acceptance/benchmark/artifacts/acceptance/runtimes/v0.3.1/node_modules/playwright-core/lib/server/registry/index.js", O_RDONLY|O_CLOEXEC) = 21
10768 openat(AT_FDCWD, "/home/runner/work/deckrender-acceptance/deckrender-acceptance/benchmark/artifacts/acceptance/runtimes/v0.3.1/node_modules/playwright-core/lib/server/registry/browserFetcher.js", O_RDONLY|O_CLOEXEC) = 21
10768 openat(AT_FDCWD, "/home/runner/work/deckrender-acceptance/deckrender-acceptance/benchmark/artifacts/acceptance/runtimes/v0.3.1/node_modules/playwright-core/lib/server/utils/debugLogger.js", O_RDONLY|O_CLOEXEC) = 21
10768 openat(AT_FDCWD, "/home/runner/work/deckrender-acceptance/deckrender-acceptance/benchmark/artifacts/acceptance/runtimes/v0.3.1/node_modules/playwright-core/lib/utilsBundle.js", O_RDONLY|O_CLOEXEC) = 21
10768 openat(AT_FDCWD, "/home/runner/work/deckrender-acceptance/deckrender-acceptance/benchmark/artifacts/acceptance/runtimes/v0.3.1/node_modules/playwright-core/lib/utilsBundleImpl/package.json", O_RDONLY|O_CLOEXEC) = -1 ENOENT (No such file or directory)
10768 openat(AT_FDCWD, "/home/runner/work/deckrender-acceptance/deckrender-acceptance/benchmark/artifacts/acceptance/runtimes/v0.3.1/node_modules/playwright-core/lib/utilsBundleImpl/index.js", O_RDONLY|O_CLOEXEC) = 21
10768 openat(AT_FDCWD, "/proc/version", O_RDONLY|O_CLOEXEC) = 21
10768 openat(AT_FDCWD, "/etc/resolv.conf", O_RDONLY) = 21
10768 openat(AT_FDCWD, "/etc/nsswitch.conf", O_RDONLY) = 21
10768 openat(AT_FDCWD, "/etc/netsvc.conf", O_RDONLY) = -1 ENOENT (No such file or directory)
10768 openat(AT_FDCWD, "/etc/svc.conf", O_RDONLY) = -1 ENOENT (No such file or directory)
10768 openat(AT_FDCWD, "/home/runner/work/deckrender-acceptance/deckrender-acceptance/benchmark/artifacts/acceptance/runtimes/v0.3.1/node_modules/bufferutil/package.json", O_RDONLY|O_CLOEXEC) = -1 ENOENT (No such file or directory)
10768 openat(AT_FDCWD, "/home/runner/work/deckrender-acceptance/deckrender-acceptance/benchmark/artifacts/acceptance/runtimes/v0.3.1/node_modules/playwright-core/lib/utils/isomorphic/manualPromise.js", O_RDONLY|O_CLOEXEC) = 21
10768 openat(AT_FDCWD, "/home/runner/work/deckrender-acceptance/deckrender-acceptance/benchmark/artifacts/acceptance/runtimes/v0.3.1/node_modules/playwright-core/lib/utils/isomorphic/stackTrace.js", O_RDONLY|O_CLOEXEC) = 21
10768 openat(AT_FDCWD, "/home/runner/work/deckrender-acceptance/deckrender-acceptance/benchmark/artifacts/acceptance/runtimes/v0.3.1/node_modules/playwright-core/lib/server/utils/userAgent.js", O_RDONLY|O_CLOEXEC) = 21
10768 openat(AT_FDCWD, "/home/runner/work/deckrender-acceptance/deckrender-acceptance/benchmark/artifacts/acceptance/runtimes/v0.3.1/node_modules/playwright-core/lib/server/utils/linuxUtils.js", O_RDONLY|O_CLOEXEC) = 21
10768 openat(AT_FDCWD, "/home/runner/work/deckrender-acceptance/deckrender-acceptance/benchmark/artifacts/acceptance/runtimes/v0.3.1/node_modules/playwright-core/lib/server/utils/fileUtils.js", O_RDONLY|O_CLOEXEC) = 21
10768 openat(AT_FDCWD, "/home/runner/work/deckrender-acceptance/deckrender-acceptance/benchmark/artifacts/acceptance/runtimes/v0.3.1/node_modules/playwright-core/lib/zipBundle.js", O_RDONLY|O_CLOEXEC) = 21
10768 openat(AT_FDCWD, "/home/runner/work/deckrender-acceptance/deckrender-acceptance/benchmark/artifacts/acceptance/runtimes/v0.3.1/node_modules/playwright-core/lib/zipBundleImpl.js", O_RDONLY|O_CLOEXEC) = 21
10768 openat(AT_FDCWD, "/home/runner/work/deckrender-acceptance/deckrender-acceptance/benchmark/artifacts/acceptance/runtimes/v0.3.1/node_modules/playwright-core/lib/server/registry/package.json", O_RDONLY|O_CLOEXEC) = -1 ENOENT (No such file or directory)
10768 openat(AT_FDCWD, "/home/runner/work/deckrender-acceptance/deckrender-acceptance/benchmark/artifacts/acceptance/runtimes/v0.3.1/node_modules/playwright-core/lib/server/registry/dependencies.js", O_RDONLY|O_CLOEXEC) = 21
10768 openat(AT_FDCWD, "/home/runner/work/deckrender-acceptance/deckrender-acceptance/benchmark/artifacts/acceptance/runtimes/v0.3.1/node_modules/playwright-core/lib/server/registry/nativeDeps.js", O_RDONLY|O_CLOEXEC) = 21
10768 openat(AT_FDCWD, "/home/runner/work/deckrender-acceptance/deckrender-acceptance/benchmark/artifacts/acceptance/runtimes/v0.3.1/node_modules/playwright-core/lib/server/utils/ascii.js", O_RDONLY|O_CLOEXEC) = 21
10768 openat(AT_FDCWD, "/home/runner/work/deckrender-acceptance/deckrender-acceptance/benchmark/artifacts/acceptance/runtimes/v0.3.1/node_modules/playwright-core/lib/server/utils/hostPlatform.js", O_RDONLY|O_CLOEXEC) = 21
10768 openat(AT_FDCWD, "/etc/os-release", O_RDONLY|O_CLOEXEC) = 21
10768 openat(AT_FDCWD, "/home/runner/work/deckrender-acceptance/deckrender-acceptance/benchmark/artifacts/acceptance/runtimes/v0.3.1/node_modules/playwright-core/lib/server/utils/spawnAsync.js", O_RDONLY|O_CLOEXEC) = 21
10768 openat(AT_FDCWD, "/home/runner/work/deckrender-acceptance/deckrender-acceptance/benchmark/artifacts/acceptance/runtimes/v0.3.1/node_modules/playwright-core/package.json", O_RDONLY|O_CLOEXEC) = 21
10768 openat(AT_FDCWD, "/home/runner/work/deckrender-acceptance/deckrender-acceptance/benchmark/artifacts/acceptance/runtimes/v0.3.1/node_modules/playwright-core/lib/utils.js", O_RDONLY|O_CLOEXEC) = 21
10768 openat(AT_FDCWD, "/home/runner/work/deckrender-acceptance/deckrender-acceptance/benchmark/artifacts/acceptance/runtimes/v0.3.1/node_modules/playwright-core/lib/utils/isomorphic/ariaSnapshot.js", O_RDONLY|O_CLOEXEC) = 21
10768 openat(AT_FDCWD, "/home/runner/work/deckrender-acceptance/deckrender-acceptance/benchmark/artifacts/acceptance/runtimes/v0.3.1/node_modules/playwright-core/lib/utils/isomorphic/assert.js", O_RDONLY|O_CLOEXEC) = 21
10768 openat(AT_FDCWD, "/home/runner/work/deckrender-acceptance/deckrender-acceptance/benchmark/artifacts/acceptance/runtimes/v0.3.1/node_modules/playwright-core/lib/utils/isomorphic/colors.js", O_RDONLY|O_CLOEXEC) = 21
10768 openat(AT_FDCWD, "/home/runner/work/deckrender-acceptance/deckrender-acceptance/benchmark/artifacts/acceptance/runtimes/v0.3.1/node_modules/playwright-core/lib/utils/isomorphic/headers.js", O_RDONLY|O_CLOEXEC) = 21
10768 openat(AT_FDCWD, "/home/runner/work/deckrender-acceptance/deckrender-acceptance/benchmark/artifacts/acceptance/runtimes/v0.3.1/node_modules/playwright-core/lib/utils/isomorphic/locatorGenerators.js", O_RDONLY|O_CLOEXEC) = 21
10768 openat(AT_FDCWD, "/home/runner/work/deckrender-acceptance/deckrender-acceptance/benchmark/artifacts/acceptance/runtimes/v0.3.1/node_modules/playwright-core/lib/utils/isomorphic/selectorParser.js", O_RDONLY|O_CLOEXEC) = 21
10768 openat(AT_FDCWD, "/home/runner/work/deckrender-acceptance/deckrender-acceptance/benchmark/artifacts/acceptance/runtimes/v0.3.1/node_modules/playwright-core/lib/utils/isomorphic/cssParser.js", O_RDONLY|O_CLOEXEC) = 21
10768 openat(AT_FDCWD, "/home/runner/work/deckrender-acceptance/deckrender-acceptance/benchmark/artifacts/acceptance/runtimes/v0.3.1/node_modules/playwright-core/lib/utils/isomorphic/cssTokenizer.js", O_RDONLY|O_CLOEXEC) = 21
10768 openat(AT_FDCWD, "/home/runner/work/deckrender-acceptance/deckrender-acceptance/benchmark/artifacts/acceptance/runtimes/v0.3.1/node_modules/playwright-core/lib/utils/isomorphic/stringUtils.js", O_RDONLY|O_CLOEXEC) = 21
10768 openat(AT_FDCWD, "/home/runner/work/deckrender-acceptance/deckrender-acceptance/benchmark/artifacts/acceptance/runtimes/v0.3.1/node_modules/playwright-core/lib/utils/isomorphic/mimeType.js", O_RDONLY|O_CLOEXEC) = 21
10768 openat(AT_FDCWD, "/home/runner/work/deckrender-acceptance/deckrender-acceptance/benchmark/artifacts/acceptance/runtimes/v0.3.1/node_modules/playwright-core/lib/utils/isomorphic/multimap.js", O_RDONLY|O_CLOEXEC) = 21
10768 openat(AT_FDCWD, "/home/runner/work/deckrender-acceptance/deckrender-acceptance/benchmark/artifacts/acceptance/runtimes/v0.3.1/node_modules/playwright-core/lib/utils/isomorphic/protocolFormatter.js", O_RDONLY|O_CLOEXEC) = 21
10768 openat(AT_FDCWD, "/home/runner/work/deckrender-acceptance/deckrender-acceptance/benchmark/artifacts/acceptance/runtimes/v0.3.1/node_modules/playwright-core/lib/utils/isomorphic/protocolMetainfo.js", O_RDONLY|O_CLOEXEC) = 21
10768 openat(AT_FDCWD, "/home/runner/work/deckrender-acceptance/deckrender-acceptance/benchmark/artifacts/acceptance/runtimes/v0.3.1/node_modules/playwright-core/lib/utils/isomorphic/rtti.js", O_RDONLY|O_CLOEXEC) = 21
10768 openat(AT_FDCWD, "/home/runner/work/deckrender-acceptance/deckrender-acceptance/benchmark/artifacts/acceptance/runtimes/v0.3.1/node_modules/playwright-core/lib/utils/isomorphic/semaphore.js", O_RDONLY|O_CLOEXEC) = 21
10768 openat(AT_FDCWD, "/home/runner/work/deckrender-acceptance/deckrender-acceptance/benchmark/artifacts/acceptance/runtimes/v0.3.1/node_modules/playwright-core/lib/utils/isomorphic/time.js", O_RDONLY|O_CLOEXEC) = 21
10768 openat(AT_FDCWD, "/home/runner/work/deckrender-acceptance/deckrender-acceptance/benchmark/artifacts/acceptance/runtimes/v0.3.1/node_modules/playwright-core/lib/utils/isomorphic/timeoutRunner.js", O_RDONLY|O_CLOEXEC) = 21
10768 openat(AT_FDCWD, "/home/runner/work/deckrender-acceptance/deckrender-acceptance/benchmark/artifacts/acceptance/runtimes/v0.3.1/node_modules/playwright-core/lib/utils/isomorphic/urlMatch.js", O_RDONLY|O_CLOEXEC) = 21
10768 openat(AT_FDCWD, "/home/runner/work/deckrender-acceptance/deckrender-acceptance/benchmark/artifacts/acceptance/runtimes/v0.3.1/node_modules/playwright-core/lib/server/utils/comparators.js", O_RDONLY|O_CLOEXEC) = 21
10768 openat(AT_FDCWD, "/home/runner/work/deckrender-acceptance/deckrender-acceptance/benchmark/artifacts/acceptance/runtimes/v0.3.1/node_modules/playwright-core/lib/server/utils/image_tools/compare.js", O_RDONLY|O_CLOEXEC) = 21
10768 openat(AT_FDCWD, "/home/runner/work/deckrender-acceptance/deckrender-acceptance/benchmark/artifacts/acceptance/runtimes/v0.3.1/node_modules/playwright-core/lib/server/utils/image_tools/colorUtils.js", O_RDONLY|O_CLOEXEC) = 21
10768 openat(AT_FDCWD, "/home/runner/work/deckrender-acceptance/deckrender-acceptance/benchmark/artifacts/acceptance/runtimes/v0.3.1/node_modules/playwright-core/lib/server/utils/image_tools/imageChannel.js", O_RDONLY|O_CLOEXEC) = 21
10768 openat(AT_FDCWD, "/home/runner/work/deckrender-acceptance/deckrender-acceptance/benchmark/artifacts/acceptance/runtimes/v0.3.1/node_modules/playwright-core/lib/server/utils/image_tools/stats.js", O_RDONLY|O_CLOEXEC) = 21
10768 openat(AT_FDCWD, "/home/runner/work/deckrender-acceptance/deckrender-acceptance/benchmark/artifacts/acceptance/runtimes/v0.3.1/node_modules/playwright-core/lib/third_party/pixelmatch.js", O_RDONLY|O_CLOEXEC) = 21
10768 openat(AT_FDCWD, "/home/runner/work/deckrender-acceptance/deckrender-acceptance/benchmark/artifacts/acceptance/runtimes/v0.3.1/node_modules/playwright-core/lib/server/utils/crypto.js", O_RDONLY|O_CLOEXEC) = 21
10768 openat(AT_FDCWD, "/home/runner/work/deckrender-acceptance/deckrender-acceptance/benchmark/artifacts/acceptance/runtimes/v0.3.1/node_modules/playwright-core/lib/server/utils/debug.js", O_RDONLY|O_CLOEXEC) = 21
10768 openat(AT_FDCWD, "/home/runner/work/deckrender-acceptance/deckrender-acceptance/benchmark/artifacts/acceptance/runtimes/v0.3.1/node_modules/playwright-core/lib/server/utils/env.js", O_RDONLY|O_CLOEXEC) = 21
10768 openat(AT_FDCWD, "/home/runner/work/deckrender-acceptance/deckrender-acceptance/benchmark/artifacts/acceptance/runtimes/v0.3.1/node_modules/playwright-core/lib/server/utils/eventsHelper.js", O_RDONLY|O_CLOEXEC) = 21
10768 openat(AT_FDCWD, "/home/runner/work/deckrender-acceptance/deckrender-acceptance/benchmark/artifacts/acceptance/runtimes/v0.3.1/node_modules/playwright-core/lib/server/utils/expectUtils.js", O_RDONLY|O_CLOEXEC) = 21
10768 openat(AT_FDCWD, "/home/runner/work/deckrender-acceptance/deckrender-acceptance/benchmark/artifacts/acceptance/runtimes/v0.3.1/node_modules/playwright-core/lib/server/utils/httpServer.js", O_RDONLY|O_CLOEXEC) = 21
10768 openat(AT_FDCWD, "/home/runner/work/deckrender-acceptance/deckrender-acceptance/benchmark/artifacts/acceptance/runtimes/v0.3.1/node_modules/playwright-core/lib/server/utils/network.js", O_RDONLY|O_CLOEXEC) = 21
10768 openat(AT_FDCWD, "/home/runner/work/deckrender-acceptance/deckrender-acceptance/benchmark/artifacts/acceptance/runtimes/v0.3.1/node_modules/playwright-core/lib/server/utils/happyEyeballs.js", O_RDONLY|O_CLOEXEC) = 21
10768 openat(AT_FDCWD, "/home/runner/work/deckrender-acceptance/deckrender-acceptance/benchmark/artifacts/acceptance/runtimes/v0.3.1/node_modules/playwright-core/lib/server/utils/nodePlatform.js", O_RDONLY|O_CLOEXEC) = 21
10768 openat(AT_FDCWD, "/home/runner/work/deckrender-acceptance/deckrender-acceptance/benchmark/artifacts/acceptance/runtimes/v0.3.1/node_modules/playwright-core/lib/server/utils/zones.js", O_RDONLY|O_CLOEXEC) = 21
10768 openat(AT_FDCWD, "/home/runner/work/deckrender-acceptance/deckrender-acceptance/benchmark/artifacts/acceptance/runtimes/v0.3.1/node_modules/playwright-core/lib/server/utils/processLauncher.js", O_RDONLY|O_CLOEXEC) = 21
10768 openat(AT_FDCWD, "/home/runner/work/deckrender-acceptance/deckrender-acceptance/benchmark/artifacts/acceptance/runtimes/v0.3.1/node_modules/playwright-core/lib/server/utils/profiler.js", O_RDONLY|O_CLOEXEC) = 21
10768 openat(AT_FDCWD, "/home/runner/work/deckrender-acceptance/deckrender-acceptance/benchmark/artifacts/acceptance/runtimes/v0.3.1/node_modules/playwright-core/lib/server/utils/socksProxy.js", O_RDONLY|O_CLOEXEC) = 21
10768 openat(AT_FDCWD, "/home/runner/work/deckrender-acceptance/deckrender-acceptance/benchmark/artifacts/acceptance/runtimes/v0.3.1/node_modules/playwright-core/lib/server/utils/task.js", O_RDONLY|O_CLOEXEC) = 21
10768 openat(AT_FDCWD, "/home/runner/work/deckrender-acceptance/deckrender-acceptance/benchmark/artifacts/acceptance/runtimes/v0.3.1/node_modules/playwright-core/lib/server/utils/wsServer.js", O_RDONLY|O_CLOEXEC) = 21
10768 openat(AT_FDCWD, "/home/runner/work/deckrender-acceptance/deckrender-acceptance/benchmark/artifacts/acceptance/runtimes/v0.3.1/node_modules/playwright-core/lib/server/utils/zipFile.js", O_RDONLY|O_CLOEXEC) = 21
10768 openat(AT_FDCWD, "/home/runner/work/deckrender-acceptance/deckrender-acceptance/benchmark/artifacts/acceptance/runtimes/v0.3.1/node_modules/playwright-core/browsers.json", O_RDONLY|O_CLOEXEC) = 21
10768 openat(AT_FDCWD, "/home/runner/work/deckrender-acceptance/deckrender-acceptance/benchmark/artifacts/acceptance/runtimes/v0.3.1/node_modules/playwright-core/lib/server/dispatchers/dispatcher.js", O_RDONLY|O_CLOEXEC) = 21
10768 openat(AT_FDCWD, "/home/runner/work/deckrender-acceptance/deckrender-acceptance/benchmark/artifacts/acceptance/runtimes/v0.3.1/node_modules/playwright-core/lib/protocol/validator.js", O_RDONLY|O_CLOEXEC) = 21
10768 openat(AT_FDCWD, "/home/runner/work/deckrender-acceptance/deckrender-acceptance/benchmark/artifacts/acceptance/runtimes/v0.3.1/node_modules/playwright-core/lib/protocol/validatorPrimitives.js", O_RDONLY|O_CLOEXEC) = 21
10768 openat(AT_FDCWD, "/home/runner/work/deckrender-acceptance/deckrender-acceptance/benchmark/artifacts/acceptance/runtimes/v0.3.1/node_modules/playwright-core/lib/server/errors.js", O_RDONLY|O_CLOEXEC) = 21
10768 openat(AT_FDCWD, "/home/runner/work/deckrender-acceptance/deckrender-acceptance/benchmark/artifacts/acceptance/runtimes/v0.3.1/node_modules/playwright-core/lib/protocol/serializers.js", O_RDONLY|O_CLOEXEC) = 21
10768 openat(AT_FDCWD, "/home/runner/work/deckrender-acceptance/deckrender-acceptance/benchmark/artifacts/acceptance/runtimes/v0.3.1/node_modules/playwright-core/lib/server/instrumentation.js", O_RDONLY|O_CLOEXEC) = 21
10768 openat(AT_FDCWD, "/home/runner/work/deckrender-acceptance/deckrender-acceptance/benchmark/artifacts/acceptance/runtimes/v0.3.1/node_modules/playwright-core/lib/server/protocolError.js", O_RDONLY|O_CLOEXEC) = 21
10768 openat(AT_FDCWD, "/home/runner/work/deckrender-acceptance/deckrender-acceptance/benchmark/artifacts/acceptance/runtimes/v0.3.1/node_modules/playwright-core/lib/server/callLog.js", O_RDONLY|O_CLOEXEC) = 21
10768 openat(AT_FDCWD, "/home/runner/work/deckrender-acceptance/deckrender-acceptance/benchmark/artifacts/acceptance/runtimes/v0.3.1/node_modules/playwright-core/lib/server/progress.js", O_RDONLY|O_CLOEXEC) = 21
10768 openat(AT_FDCWD, "/home/runner/work/deckrender-acceptance/deckrender-acceptance/benchmark/artifacts/acceptance/runtimes/v0.3.1/node_modules/playwright-core/lib/server/dispatchers/playwrightDispatcher.js", O_RDONLY|O_CLOEXEC) = 21
10768 openat(AT_FDCWD, "/home/runner/work/deckrender-acceptance/deckrender-acceptance/benchmark/artifacts/acceptance/runtimes/v0.3.1/node_modules/playwright-core/lib/server/fetch.js", O_RDONLY|O_CLOEXEC) = 21
10768 openat(AT_FDCWD, "/home/runner/work/deckrender-acceptance/deckrender-acceptance/benchmark/artifacts/acceptance/runtimes/v0.3.1/node_modules/playwright-core/lib/server/browserContext.js", O_RDONLY|O_CLOEXEC) = 21
10768 openat(AT_FDCWD, "/home/runner/work/deckrender-acceptance/deckrender-acceptance/benchmark/artifacts/acceptance/runtimes/v0.3.1/node_modules/playwright-core/lib/server/clock.js", O_RDONLY|O_CLOEXEC) = 21
10768 openat(AT_FDCWD, "/home/runner/work/deckrender-acceptance/deckrender-acceptance/benchmark/artifacts/acceptance/runtimes/v0.3.1/node_modules/playwright-core/lib/generated/clockSource.js", O_RDONLY|O_CLOEXEC) = 21
10768 openat(AT_FDCWD, "/home/runner/work/deckrender-acceptance/deckrender-acceptance/benchmark/artifacts/acceptance/runtimes/v0.3.1/node_modules/playwright-core/lib/server/debugger.js", O_RDONLY|O_CLOEXEC) = 21
10768 openat(AT_FDCWD, "/home/runner/work/deckrender-acceptance/deckrender-acceptance/benchmark/artifacts/acceptance/runtimes/v0.3.1/node_modules/playwright-core/lib/server/dialog.js", O_RDONLY|O_CLOEXEC) = 21
10768 openat(AT_FDCWD, "/home/runner/work/deckrender-acceptance/deckrender-acceptance/benchmark/artifacts/acceptance/runtimes/v0.3.1/node_modules/playwright-core/lib/server/har/harRecorder.js", O_RDONLY|O_CLOEXEC) = 21
10768 openat(AT_FDCWD, "/home/runner/work/deckrender-acceptance/deckrender-acceptance/benchmark/artifacts/acceptance/runtimes/v0.3.1/node_modules/playwright-core/lib/server/artifact.js", O_RDONLY|O_CLOEXEC) = 21
10768 openat(AT_FDCWD, "/home/runner/work/deckrender-acceptance/deckrender-acceptance/benchmark/artifacts/acceptance/runtimes/v0.3.1/node_modules/playwright-core/lib/server/har/harTracer.js", O_RDONLY|O_CLOEXEC) = 21
10768 openat(AT_FDCWD, "/home/runner/work/deckrender-acceptance/deckrender-acceptance/benchmark/artifacts/acceptance/runtimes/v0.3.1/node_modules/playwright-core/lib/server/frames.js", O_RDONLY|O_CLOEXEC) = 21
10768 openat(AT_FDCWD, "/home/runner/work/deckrender-acceptance/deckrender-acceptance/benchmark/artifacts/acceptance/runtimes/v0.3.1/node_modules/playwright-core/lib/server/dom.js", O_RDONLY|O_CLOEXEC) = 21
10768 openat(AT_FDCWD, "/home/runner/work/deckrender-acceptance/deckrender-acceptance/benchmark/artifacts/acceptance/runtimes/v0.3.1/node_modules/playwright-core/lib/server/javascript.js", O_RDONLY|O_CLOEXEC) = 21
10768 openat(AT_FDCWD, "/home/runner/work/deckrender-acceptance/deckrender-acceptance/benchmark/artifacts/acceptance/runtimes/v0.3.1/node_modules/playwright-core/lib/generated/utilityScriptSource.js", O_RDONLY|O_CLOEXEC) = 21
10768 openat(AT_FDCWD, "/home/runner/work/deckrender-acceptance/deckrender-acceptance/benchmark/artifacts/acceptance/runtimes/v0.3.1/node_modules/playwright-core/lib/utils/isomorphic/utilityScriptSerializers.js", O_RDONLY|O_CLOEXEC) = 21
10768 openat(AT_FDCWD, "/home/runner/work/deckrender-acceptance/deckrender-acceptance/benchmark/artifacts/acceptance/runtimes/v0.3.1/node_modules/playwright-core/lib/server/fileUploadUtils.js", O_RDONLY|O_CLOEXEC) = 21
10768 openat(AT_FDCWD, "/home/runner/work/deckrender-acceptance/deckrender-acceptance/benchmark/artifacts/acceptance/runtimes/v0.3.1/node_modules/playwright-core/lib/generated/injectedScriptSource.js", O_RDONLY|O_CLOEXEC) = 21
10768 openat(AT_FDCWD, "/home/runner/work/deckrender-acceptance/deckrender-acceptance/benchmark/artifacts/acceptance/runtimes/v0.3.1/node_modules/playwright-core/lib/server/frameSelectors.js", O_RDONLY|O_CLOEXEC) = 21
10768 openat(AT_FDCWD, "/home/runner/work/deckrender-acceptance/deckrender-acceptance/benchmark/artifacts/acceptance/runtimes/v0.3.1/node_modules/playwright-core/lib/server/helper.js", O_RDONLY|O_CLOEXEC) = 21
10768 openat(AT_FDCWD, "/home/runner/work/deckrender-acceptance/deckrender-acceptance/benchmark/artifacts/acceptance/runtimes/v0.3.1/node_modules/playwright-core/lib/server/network.js", O_RDONLY|O_CLOEXEC) = 21
10768 openat(AT_FDCWD, "/home/runner/work/deckrender-acceptance/deckrender-acceptance/benchmark/artifacts/acceptance/runtimes/v0.3.1/node_modules/playwright-core/lib/server/page.js", O_RDONLY|O_CLOEXEC) = 21
10768 openat(AT_FDCWD, "/home/runner/work/deckrender-acceptance/deckrender-acceptance/benchmark/artifacts/acceptance/runtimes/v0.3.1/node_modules/playwright-core/lib/server/accessibility.js", O_RDONLY|O_CLOEXEC) = 21
10768 openat(AT_FDCWD, "/home/runner/work/deckrender-acceptance/deckrender-acceptance/benchmark/artifacts/acceptance/runtimes/v0.3.1/node_modules/playwright-core/lib/server/console.js", O_RDONLY|O_CLOEXEC) = 21
10768 openat(AT_FDCWD, "/home/runner/work/deckrender-acceptance/deckrender-acceptance/benchmark/artifacts/acceptance/runtimes/v0.3.1/node_modules/playwright-core/lib/server/fileChooser.js", O_RDONLY|O_CLOEXEC) = 21
10768 openat(AT_FDCWD, "/home/runner/work/deckrender-acceptance/deckrender-acceptance/benchmark/artifacts/acceptance/runtimes/v0.3.1/node_modules/playwright-core/lib/server/input.js", O_RDONLY|O_CLOEXEC) = 21
10768 openat(AT_FDCWD, "/home/runner/work/deckrender-acceptance/deckrender-acceptance/benchmark/artifacts/acceptance/runtimes/v0.3.1/node_modules/playwright-core/lib/server/usKeyboardLayout.js", O_RDONLY|O_CLOEXEC) = 21
10768 openat(AT_FDCWD, "/home/runner/work/deckrender-acceptance/deckrender-acceptance/benchmark/artifacts/acceptance/runtimes/v0.3.1/node_modules/playwright-core/lib/server/screenshotter.js", O_RDONLY|O_CLOEXEC) = 21
10768 openat(AT_FDCWD, "/home/runner/work/deckrender-acceptance/deckrender-acceptance/benchmark/artifacts/acceptance/runtimes/v0.3.1/node_modules/playwright-core/lib/generated/bindingsControllerSource.js", O_RDONLY|O_CLOEXEC) = 21
10768 openat(AT_FDCWD, "/home/runner/work/deckrender-acceptance/deckrender-acceptance/benchmark/artifacts/acceptance/runtimes/v0.3.1/node_modules/playwright-core/lib/server/types.js", O_RDONLY|O_CLOEXEC) = 21
10768 openat(AT_FDCWD, "/home/runner/work/deckrender-acceptance/deckrender-acceptance/benchmark/artifacts/acceptance/runtimes/v0.3.1/node_modules/playwright-core/lib/server/recorder/recorderApp.js", O_RDONLY|O_CLOEXEC) = 21
10768 openat(AT_FDCWD, "/home/runner/work/deckrender-acceptance/deckrender-acceptance/benchmark/artifacts/acceptance/runtimes/v0.3.1/node_modules/playwright-core/lib/server/launchApp.js", O_RDONLY|O_CLOEXEC) = 21
10768 openat(AT_FDCWD, "/home/runner/work/deckrender-acceptance/deckrender-acceptance/benchmark/artifacts/acceptance/runtimes/v0.3.1/node_modules/playwright-core/lib/server/recorder/throttledFile.js", O_RDONLY|O_CLOEXEC) = 21
10768 openat(AT_FDCWD, "/home/runner/work/deckrender-acceptance/deckrender-acceptance/benchmark/artifacts/acceptance/runtimes/v0.3.1/node_modules/playwright-core/lib/server/codegen/languages.js", O_RDONLY|O_CLOEXEC) = 21
10768 openat(AT_FDCWD, "/home/runner/work/deckrender-acceptance/deckrender-acceptance/benchmark/artifacts/acceptance/runtimes/v0.3.1/node_modules/playwright-core/lib/server/codegen/csharp.js", O_RDONLY|O_CLOEXEC) = 21
10768 openat(AT_FDCWD, "/home/runner/work/deckrender-acceptance/deckrender-acceptance/benchmark/artifacts/acceptance/runtimes/v0.3.1/node_modules/playwright-core/lib/server/codegen/language.js", O_RDONLY|O_CLOEXEC) = 21
10768 openat(AT_FDCWD, "/home/runner/work/deckrender-acceptance/deckrender-acceptance/benchmark/artifacts/acceptance/runtimes/v0.3.1/node_modules/playwright-core/lib/server/deviceDescriptors.js", O_RDONLY|O_CLOEXEC) = 21
10768 openat(AT_FDCWD, "/home/runner/work/deckrender-acceptance/deckrender-acceptance/benchmark/artifacts/acceptance/runtimes/v0.3.1/node_modules/playwright-core/lib/server/deviceDescriptorsSource.json", O_RDONLY|O_CLOEXEC) = 21
10768 openat(AT_FDCWD, "/home/runner/work/deckrender-acceptance/deckrender-acceptance/benchmark/artifacts/acceptance/runtimes/v0.3.1/node_modules/playwright-core/lib/server/codegen/java.js", O_RDONLY|O_CLOEXEC) = 21
10768 openat(AT_FDCWD, "/home/runner/work/deckrender-acceptance/deckrender-acceptance/benchmark/artifacts/acceptance/runtimes/v0.3.1/node_modules/playwright-core/lib/server/codegen/javascript.js", O_RDONLY|O_CLOEXEC) = 21
10768 openat(AT_FDCWD, "/home/runner/work/deckrender-acceptance/deckrender-acceptance/benchmark/artifacts/acceptance/runtimes/v0.3.1/node_modules/playwright-core/lib/server/codegen/jsonl.js", O_RDONLY|O_CLOEXEC) = 21
10768 openat(AT_FDCWD, "/home/runner/work/deckrender-acceptance/deckrender-acceptance/benchmark/artifacts/acceptance/runtimes/v0.3.1/node_modules/playwright-core/lib/server/codegen/python.js", O_RDONLY|O_CLOEXEC) = 21
10768 openat(AT_FDCWD, "/home/runner/work/deckrender-acceptance/deckrender-acceptance/benchmark/artifacts/acceptance/runtimes/v0.3.1/node_modules/playwright-core/lib/server/recorder/recorderUtils.js", O_RDONLY|O_CLOEXEC) = 21
10768 openat(AT_FDCWD, "/home/runner/work/deckrender-acceptance/deckrender-acceptance/benchmark/artifacts/acceptance/runtimes/v0.3.1/node_modules/playwright-core/lib/server/recorder.js", O_RDONLY|O_CLOEXEC) = 21
10768 openat(AT_FDCWD, "/home/runner/work/deckrender-acceptance/deckrender-acceptance/benchmark/artifacts/acceptance/runtimes/v0.3.1/node_modules/playwright-core/lib/utils/isomorphic/locatorParser.js", O_RDONLY|O_CLOEXEC) = 21
10768 openat(AT_FDCWD, "/home/runner/work/deckrender-acceptance/deckrender-acceptance/benchmark/artifacts/acceptance/runtimes/v0.3.1/node_modules/playwright-core/lib/server/recorder/recorderSignalProcessor.js", O_RDONLY|O_CLOEXEC) = 21
10768 openat(AT_FDCWD, "/home/runner/work/deckrender-acceptance/deckrender-acceptance/benchmark/artifacts/acceptance/runtimes/v0.3.1/node_modules/playwright-core/lib/generated/pollingRecorderSource.js", O_RDONLY|O_CLOEXEC) = 21
10768 openat(AT_FDCWD, "/home/runner/work/deckrender-acceptance/deckrender-acceptance/benchmark/artifacts/acceptance/runtimes/v0.3.1/node_modules/playwright-core/lib/server/recorder/recorderRunner.js", O_RDONLY|O_CLOEXEC) = 21
10768 openat(AT_FDCWD, "/home/runner/work/deckrender-acceptance/deckrender-acceptance/benchmark/artifacts/acceptance/runtimes/v0.3.1/node_modules/playwright-core/lib/server/selectors.js", O_RDONLY|O_CLOEXEC) = 21
10768 openat(AT_FDCWD, "/home/runner/work/deckrender-acceptance/deckrender-acceptance/benchmark/artifacts/acceptance/runtimes/v0.3.1/node_modules/playwright-core/lib/server/trace/recorder/tracing.js", O_RDONLY|O_CLOEXEC) = 21
10768 openat(AT_FDCWD, "/home/runner/work/deckrender-acceptance/deckrender-acceptance/benchmark/artifacts/acceptance/runtimes/v0.3.1/node_modules/playwright-core/lib/server/trace/recorder/snapshotter.js", O_RDONLY|O_CLOEXEC) = 21
10768 openat(AT_FDCWD, "/home/runner/work/deckrender-acceptance/deckrender-acceptance/benchmark/artifacts/acceptance/runtimes/v0.3.1/node_modules/playwright-core/lib/server/trace/recorder/snapshotterInjected.js", O_RDONLY|O_CLOEXEC) = 21
10768 openat(AT_FDCWD, "/home/runner/work/deckrender-acceptance/deckrender-acceptance/benchmark/artifacts/acceptance/runtimes/v0.3.1/node_modules/playwright-core/lib/generated/storageScriptSource.js", O_RDONLY|O_CLOEXEC) = 21
10768 openat(AT_FDCWD, "/home/runner/work/deckrender-acceptance/deckrender-acceptance/benchmark/artifacts/acceptance/runtimes/v0.3.1/node_modules/playwright-core/lib/server/cookieStore.js", O_RDONLY|O_CLOEXEC) = 21
10768 openat(AT_FDCWD, "/home/runner/work/deckrender-acceptance/deckrender-acceptance/benchmark/artifacts/acceptance/runtimes/v0.3.1/node_modules/playwright-core/lib/server/formData.js", O_RDONLY|O_CLOEXEC) = 21
10768 openat(AT_FDCWD, "/home/runner/work/deckrender-acceptance/deckrender-acceptance/benchmark/artifacts/acceptance/runtimes/v0.3.1/node_modules/playwright-core/lib/server/socksClientCertificatesInterceptor.js", O_RDONLY|O_CLOEXEC) = 21
10768 openat(AT_FDCWD, "/home/runner/work/deckrender-acceptance/deckrender-acceptance/benchmark/artifacts/acceptance/runtimes/v0.3.1/node_modules/playwright-core/lib/server/dispatchers/androidDispatcher.js", O_RDONLY|O_CLOEXEC) = 21
10768 openat(AT_FDCWD, "/home/runner/work/deckrender-acceptance/deckrender-acceptance/benchmark/artifacts/acceptance/runtimes/v0.3.1/node_modules/playwright-core/lib/server/dispatchers/browserContextDispatcher.js", O_RDONLY|O_CLOEXEC) = 21
10768 openat(AT_FDCWD, "/home/runner/work/deckrender-acceptance/deckrender-acceptance/benchmark/artifacts/acceptance/runtimes/v0.3.1/node_modules/playwright-core/lib/server/dispatchers/artifactDispatcher.js", O_RDONLY|O_CLOEXEC) = 21
10768 openat(AT_FDCWD, "/home/runner/work/deckrender-acceptance/deckrender-acceptance/benchmark/artifacts/acceptance/runtimes/v0.3.1/node_modules/playwright-core/lib/server/dispatchers/streamDispatcher.js", O_RDONLY|O_CLOEXEC) = 21
10768 openat(AT_FDCWD, "/home/runner/work/deckrender-acceptance/deckrender-acceptance/benchmark/artifacts/acceptance/runtimes/v0.3.1/node_modules/playwright-core/lib/server/dispatchers/cdpSessionDispatcher.js", O_RDONLY|O_CLOEXEC) = 21
10768 openat(AT_FDCWD, "/home/runner/work/deckrender-acceptance/deckrender-acceptance/benchmark/artifacts/acceptance/runtimes/v0.3.1/node_modules/playwright-core/lib/server/chromium/crConnection.js", O_RDONLY|O_CLOEXEC) = 21
10768 openat(AT_FDCWD, "/home/runner/work/deckrender-acceptance/deckrender-acceptance/benchmark/artifacts/acceptance/runtimes/v0.3.1/node_modules/playwright-core/lib/server/dispatchers/dialogDispatcher.js", O_RDONLY|O_CLOEXEC) = 21
10768 openat(AT_FDCWD, "/home/runner/work/deckrender-acceptance/deckrender-acceptance/benchmark/artifacts/acceptance/runtimes/v0.3.1/node_modules/playwright-core/lib/server/dispatchers/pageDispatcher.js", O_RDONLY|O_CLOEXEC) = 21
10768 openat(AT_FDCWD, "/home/runner/work/deckrender-acceptance/deckrender-acceptance/benchmark/artifacts/acceptance/runtimes/v0.3.1/node_modules/playwright-core/lib/server/dispatchers/elementHandlerDispatcher.js", O_RDONLY|O_CLOEXEC) = 21
10768 openat(AT_FDCWD, "/home/runner/work/deckrender-acceptance/deckrender-acceptance/benchmark/artifacts/acceptance/runtimes/v0.3.1/node_modules/playwright-core/lib/server/dispatchers/frameDispatcher.js", O_RDONLY|O_CLOEXEC) = 21
10768 openat(AT_FDCWD, "/home/runner/work/deckrender-acceptance/deckrender-acceptance/benchmark/artifacts/acceptance/runtimes/v0.3.1/node_modules/playwright-core/lib/server/dispatchers/jsHandleDispatcher.js", O_RDONLY|O_CLOEXEC) = 21
10768 openat(AT_FDCWD, "/home/runner/work/deckrender-acceptance/deckrender-acceptance/benchmark/artifacts/acceptance/runtimes/v0.3.1/node_modules/playwright-core/lib/server/dispatchers/networkDispatchers.js", O_RDONLY|O_CLOEXEC) = 21
10768 openat(AT_FDCWD, "/home/runner/work/deckrender-acceptance/deckrender-acceptance/benchmark/artifacts/acceptance/runtimes/v0.3.1/node_modules/playwright-core/lib/server/dispatchers/tracingDispatcher.js", O_RDONLY|O_CLOEXEC) = 21
10768 openat(AT_FDCWD, "/home/runner/work/deckrender-acceptance/deckrender-acceptance/benchmark/artifacts/acceptance/runtimes/v0.3.1/node_modules/playwright-core/lib/server/dispatchers/webSocketRouteDispatcher.js", O_RDONLY|O_CLOEXEC) = 21
10768 openat(AT_FDCWD, "/home/runner/work/deckrender-acceptance/deckrender-acceptance/benchmark/artifacts/acceptance/runtimes/v0.3.1/node_modules/playwright-core/lib/generated/webSocketMockSource.js", O_RDONLY|O_CLOEXEC) = 21
10768 openat(AT_FDCWD, "/home/runner/work/deckrender-acceptance/deckrender-acceptance/benchmark/artifacts/acceptance/runtimes/v0.3.1/node_modules/playwright-core/lib/server/chromium/crBrowser.js", O_RDONLY|O_CLOEXEC) = 21
10768 openat(AT_FDCWD, "/home/runner/work/deckrender-acceptance/deckrender-acceptance/benchmark/artifacts/acceptance/runtimes/v0.3.1/node_modules/playwright-core/lib/server/browser.js", O_RDONLY|O_CLOEXEC) = 21
10768 openat(AT_FDCWD, "/home/runner/work/deckrender-acceptance/deckrender-acceptance/benchmark/artifacts/acceptance/runtimes/v0.3.1/node_modules/playwright-core/lib/server/download.js", O_RDONLY|O_CLOEXEC) = 21
10768 openat(AT_FDCWD, "/home/runner/work/deckrender-acceptance/deckrender-acceptance/benchmark/artifacts/acceptance/runtimes/v0.3.1/node_modules/playwright-core/lib/server/chromium/crPage.js", O_RDONLY|O_CLOEXEC) = 21
10768 openat(AT_FDCWD, "/home/runner/work/deckrender-acceptance/deckrender-acceptance/benchmark/artifacts/acceptance/runtimes/v0.3.1/node_modules/playwright-core/lib/server/registry/package.json", O_RDONLY|O_CLOEXEC) = -1 ENOENT (No such file or directory)
10768 openat(AT_FDCWD, "/home/runner/work/deckrender-acceptance/deckrender-acceptance/benchmark/artifacts/acceptance/runtimes/v0.3.1/node_modules/playwright-core/lib/server/chromium/crAccessibility.js", O_RDONLY|O_CLOEXEC) = 21
10768 openat(AT_FDCWD, "/home/runner/work/deckrender-acceptance/deckrender-acceptance/benchmark/artifacts/acceptance/runtimes/v0.3.1/node_modules/playwright-core/lib/server/chromium/crCoverage.js", O_RDONLY|O_CLOEXEC) = 21
10768 openat(AT_FDCWD, "/home/runner/work/deckrender-acceptance/deckrender-acceptance/benchmark/artifacts/acceptance/runtimes/v0.3.1/node_modules/playwright-core/lib/server/chromium/crDragDrop.js", O_RDONLY|O_CLOEXEC) = 21
10768 openat(AT_FDCWD, "/home/runner/work/deckrender-acceptance/deckrender-acceptance/benchmark/artifacts/acceptance/runtimes/v0.3.1/node_modules/playwright-core/lib/server/chromium/crProtocolHelper.js", O_RDONLY|O_CLOEXEC) = 21
10768 openat(AT_FDCWD, "/home/runner/work/deckrender-acceptance/deckrender-acceptance/benchmark/artifacts/acceptance/runtimes/v0.3.1/node_modules/playwright-core/lib/server/chromium/crExecutionContext.js", O_RDONLY|O_CLOEXEC) = 21
10768 openat(AT_FDCWD, "/home/runner/work/deckrender-acceptance/deckrender-acceptance/benchmark/artifacts/acceptance/runtimes/v0.3.1/node_modules/playwright-core/lib/server/chromium/crInput.js", O_RDONLY|O_CLOEXEC) = 21
10768 openat(AT_FDCWD, "/home/runner/work/deckrender-acceptance/deckrender-acceptance/benchmark/artifacts/acceptance/runtimes/v0.3.1/node_modules/playwright-core/lib/server/macEditingCommands.js", O_RDONLY|O_CLOEXEC) = 21
10768 openat(AT_FDCWD, "/home/runner/work/deckrender-acceptance/deckrender-acceptance/benchmark/artifacts/acceptance/runtimes/v0.3.1/node_modules/playwright-core/lib/server/chromium/crNetworkManager.js", O_RDONLY|O_CLOEXEC) = 21
10768 openat(AT_FDCWD, "/home/runner/work/deckrender-acceptance/deckrender-acceptance/benchmark/artifacts/acceptance/runtimes/v0.3.1/node_modules/playwright-core/lib/server/chromium/crPdf.js", O_RDONLY|O_CLOEXEC) = 21
10768 openat(AT_FDCWD, "/home/runner/work/deckrender-acceptance/deckrender-acceptance/benchmark/artifacts/acceptance/runtimes/v0.3.1/node_modules/playwright-core/lib/server/chromium/defaultFontFamilies.js", O_RDONLY|O_CLOEXEC) = 21
10768 openat(AT_FDCWD, "/home/runner/work/deckrender-acceptance/deckrender-acceptance/benchmark/artifacts/acceptance/runtimes/v0.3.1/node_modules/playwright-core/lib/server/chromium/videoRecorder.js", O_RDONLY|O_CLOEXEC) = 21
10768 openat(AT_FDCWD, "/home/runner/work/deckrender-acceptance/deckrender-acceptance/benchmark/artifacts/acceptance/runtimes/v0.3.1/node_modules/playwright-core/lib/server/chromium/crServiceWorker.js", O_RDONLY|O_CLOEXEC) = 21
10768 openat(AT_FDCWD, "/home/runner/work/deckrender-acceptance/deckrender-acceptance/benchmark/artifacts/acceptance/runtimes/v0.3.1/node_modules/playwright-core/lib/server/dispatchers/writableStreamDispatcher.js", O_RDONLY|O_CLOEXEC) = 21
10768 openat(AT_FDCWD, "/home/runner/work/deckrender-acceptance/deckrender-acceptance/benchmark/artifacts/acceptance/runtimes/v0.3.1/node_modules/playwright-core/lib/server/android/android.js", O_RDONLY|O_CLOEXEC) = 21
10768 openat(AT_FDCWD, "/home/runner/work/deckrender-acceptance/deckrender-acceptance/benchmark/artifacts/acceptance/runtimes/v0.3.1/node_modules/playwright-core/lib/server/utils/pipeTransport.js", O_RDONLY|O_CLOEXEC) = 21
10768 openat(AT_FDCWD, "/home/runner/work/deckrender-acceptance/deckrender-acceptance/benchmark/artifacts/acceptance/runtimes/v0.3.1/node_modules/playwright-core/lib/server/chromium/chromiumSwitches.js", O_RDONLY|O_CLOEXEC) = 21
10768 openat(AT_FDCWD, "/home/runner/work/deckrender-acceptance/deckrender-acceptance/benchmark/artifacts/acceptance/runtimes/v0.3.1/node_modules/playwright-core/lib/server/registry/package.json", O_RDONLY|O_CLOEXEC) = -1 ENOENT (No such file or directory)
10768 openat(AT_FDCWD, "/home/runner/work/deckrender-acceptance/deckrender-acceptance/benchmark/artifacts/acceptance/runtimes/v0.3.1/node_modules/playwright-core/lib/server/dispatchers/browserDispatcher.js", O_RDONLY|O_CLOEXEC) = 21
10768 openat(AT_FDCWD, "/home/runner/work/deckrender-acceptance/deckrender-acceptance/benchmark/artifacts/acceptance/runtimes/v0.3.1/node_modules/playwright-core/lib/server/dispatchers/browserTypeDispatcher.js", O_RDONLY|O_CLOEXEC) = 21
10768 openat(AT_FDCWD, "/home/runner/work/deckrender-acceptance/deckrender-acceptance/benchmark/artifacts/acceptance/runtimes/v0.3.1/node_modules/playwright-core/lib/server/dispatchers/electronDispatcher.js", O_RDONLY|O_CLOEXEC) = 21
10768 openat(AT_FDCWD, "/home/runner/work/deckrender-acceptance/deckrender-acceptance/benchmark/artifacts/acceptance/runtimes/v0.3.1/node_modules/playwright-core/lib/server/electron/electron.js", O_RDONLY|O_CLOEXEC) = 21
10768 openat(AT_FDCWD, "/home/runner/work/deckrender-acceptance/deckrender-acceptance/benchmark/artifacts/acceptance/runtimes/v0.3.1/node_modules/playwright-core/lib/server/transport.js", O_RDONLY|O_CLOEXEC) = 21
10768 openat(AT_FDCWD, "/home/runner/work/deckrender-acceptance/deckrender-acceptance/benchmark/artifacts/acceptance/runtimes/v0.3.1/node_modules/playwright-core/lib/server/dispatchers/localUtilsDispatcher.js", O_RDONLY|O_CLOEXEC) = 21
10768 openat(AT_FDCWD, "/home/runner/work/deckrender-acceptance/deckrender-acceptance/benchmark/artifacts/acceptance/runtimes/v0.3.1/node_modules/playwright-core/lib/server/localUtils.js", O_RDONLY|O_CLOEXEC) = 21
10768 openat(AT_FDCWD, "/home/runner/work/deckrender-acceptance/deckrender-acceptance/benchmark/artifacts/acceptance/runtimes/v0.3.1/node_modules/playwright-core/lib/server/harBackend.js", O_RDONLY|O_CLOEXEC) = 21
10768 openat(AT_FDCWD, "/home/runner/work/deckrender-acceptance/deckrender-acceptance/benchmark/artifacts/acceptance/runtimes/v0.3.1/node_modules/playwright-core/lib/utils/isomorphic/traceUtils.js", O_RDONLY|O_CLOEXEC) = 21
10768 openat(AT_FDCWD, "/home/runner/work/deckrender-acceptance/deckrender-acceptance/benchmark/artifacts/acceptance/runtimes/v0.3.1/node_modules/playwright-core/lib/server/dispatchers/jsonPipeDispatcher.js", O_RDONLY|O_CLOEXEC) = 21
10768 openat(AT_FDCWD, "/home/runner/work/deckrender-acceptance/deckrender-acceptance/benchmark/artifacts/acceptance/runtimes/v0.3.1/node_modules/playwright-core/lib/server/socksInterceptor.js", O_RDONLY|O_CLOEXEC) = 21
10768 openat(AT_FDCWD, "/home/runner/work/deckrender-acceptance/deckrender-acceptance/benchmark/artifacts/acceptance/runtimes/v0.3.1/node_modules/playwright-core/lib/server/playwright.js", O_RDONLY|O_CLOEXEC) = 21
10768 openat(AT_FDCWD, "/home/runner/work/deckrender-acceptance/deckrender-acceptance/benchmark/artifacts/acceptance/runtimes/v0.3.1/node_modules/playwright-core/lib/server/android/backendAdb.js", O_RDONLY|O_CLOEXEC) = 21
10768 openat(AT_FDCWD, "/home/runner/work/deckrender-acceptance/deckrender-acceptance/benchmark/artifacts/acceptance/runtimes/v0.3.1/node_modules/playwright-core/lib/server/bidi/bidiChromium.js", O_RDONLY|O_CLOEXEC) = 21
10768 openat(AT_FDCWD, "/home/runner/work/deckrender-acceptance/deckrender-acceptance/benchmark/artifacts/acceptance/runtimes/v0.3.1/node_modules/playwright-core/lib/server/browserType.js", O_RDONLY|O_CLOEXEC) = 21
10768 openat(AT_FDCWD, "/home/runner/work/deckrender-acceptance/deckrender-acceptance/benchmark/artifacts/acceptance/runtimes/v0.3.1/node_modules/playwright-core/lib/server/pipeTransport.js", O_RDONLY|O_CLOEXEC) = 21
10768 openat(AT_FDCWD, "/home/runner/work/deckrender-acceptance/deckrender-acceptance/benchmark/artifacts/acceptance/runtimes/v0.3.1/node_modules/playwright-core/lib/server/bidi/bidiBrowser.js", O_RDONLY|O_CLOEXEC) = 21
10768 openat(AT_FDCWD, "/home/runner/work/deckrender-acceptance/deckrender-acceptance/benchmark/artifacts/acceptance/runtimes/v0.3.1/node_modules/playwright-core/lib/server/bidi/bidiConnection.js", O_RDONLY|O_CLOEXEC) = 21
10768 openat(AT_FDCWD, "/home/runner/work/deckrender-acceptance/deckrender-acceptance/benchmark/artifacts/acceptance/runtimes/v0.3.1/node_modules/playwright-core/lib/server/bidi/bidiNetworkManager.js", O_RDONLY|O_CLOEXEC) = 21
10768 openat(AT_FDCWD, "/home/runner/work/deckrender-acceptance/deckrender-acceptance/benchmark/artifacts/acceptance/runtimes/v0.3.1/node_modules/playwright-core/lib/server/bidi/third_party/bidiProtocol.js", O_RDONLY|O_CLOEXEC) = 21
10768 openat(AT_FDCWD, "/home/runner/work/deckrender-acceptance/deckrender-acceptance/benchmark/artifacts/acceptance/runtimes/v0.3.1/node_modules/playwright-core/lib/server/bidi/third_party/bidiProtocolCore.js", O_RDONLY|O_CLOEXEC) = 21
10768 openat(AT_FDCWD, "/home/runner/work/deckrender-acceptance/deckrender-acceptance/benchmark/artifacts/acceptance/runtimes/v0.3.1/node_modules/playwright-core/lib/server/bidi/third_party/bidiProtocolPermissions.js", O_RDONLY|O_CLOEXEC) = 21
10768 openat(AT_FDCWD, "/home/runner/work/deckrender-acceptance/deckrender-acceptance/benchmark/artifacts/acceptance/runtimes/v0.3.1/node_modules/playwright-core/lib/server/bidi/bidiPage.js", O_RDONLY|O_CLOEXEC) = 21
10768 openat(AT_FDCWD, "/home/runner/work/deckrender-acceptance/deckrender-acceptance/benchmark/artifacts/acceptance/runtimes/v0.3.1/node_modules/playwright-core/lib/server/bidi/bidiExecutionContext.js", O_RDONLY|O_CLOEXEC) = 21
10768 openat(AT_FDCWD, "/home/runner/work/deckrender-acceptance/deckrender-acceptance/benchmark/artifacts/acceptance/runtimes/v0.3.1/node_modules/playwright-core/lib/server/bidi/third_party/bidiDeserializer.js", O_RDONLY|O_CLOEXEC) = 21
10768 openat(AT_FDCWD, "/home/runner/work/deckrender-acceptance/deckrender-acceptance/benchmark/artifacts/acceptance/runtimes/v0.3.1/node_modules/playwright-core/lib/server/bidi/third_party/bidiSerializer.js", O_RDONLY|O_CLOEXEC) = 21
10768 openat(AT_FDCWD, "/home/runner/work/deckrender-acceptance/deckrender-acceptance/benchmark/artifacts/acceptance/runtimes/v0.3.1/node_modules/playwright-core/lib/server/bidi/bidiInput.js", O_RDONLY|O_CLOEXEC) = 21
10768 openat(AT_FDCWD, "/home/runner/work/deckrender-acceptance/deckrender-acceptance/benchmark/artifacts/acceptance/runtimes/v0.3.1/node_modules/playwright-core/lib/server/bidi/third_party/bidiKeyboard.js", O_RDONLY|O_CLOEXEC) = 21
10768 openat(AT_FDCWD, "/home/runner/work/deckrender-acceptance/deckrender-acceptance/benchmark/artifacts/acceptance/runtimes/v0.3.1/node_modules/playwright-core/lib/server/bidi/bidiPdf.js", O_RDONLY|O_CLOEXEC) = 21
10768 openat(AT_FDCWD, "/home/runner/work/deckrender-acceptance/deckrender-acceptance/benchmark/artifacts/acceptance/runtimes/v0.3.1/node_modules/playwright-core/lib/server/chromium/chromium.js", O_RDONLY|O_CLOEXEC) = 21
10768 openat(AT_FDCWD, "/home/runner/work/deckrender-acceptance/deckrender-acceptance/benchmark/artifacts/acceptance/runtimes/v0.3.1/node_modules/playwright-core/lib/server/chromium/crDevTools.js", O_RDONLY|O_CLOEXEC) = 21
10768 openat(AT_FDCWD, "/home/runner/work/deckrender-acceptance/deckrender-acceptance/benchmark/artifacts/acceptance/runtimes/v0.3.1/node_modules/playwright-core/lib/server/bidi/bidiFirefox.js", O_RDONLY|O_CLOEXEC) = 21
10768 openat(AT_FDCWD, "/home/runner/work/deckrender-acceptance/deckrender-acceptance/benchmark/artifacts/acceptance/runtimes/v0.3.1/node_modules/playwright-core/lib/server/bidi/third_party/firefoxPrefs.js", O_RDONLY|O_CLOEXEC) = 21
10768 openat(AT_FDCWD, "/home/runner/work/deckrender-acceptance/deckrender-acceptance/benchmark/artifacts/acceptance/runtimes/v0.3.1/node_modules/playwright-core/lib/server/debugController.js", O_RDONLY|O_CLOEXEC) = 21
10768 openat(AT_FDCWD, "/home/runner/work/deckrender-acceptance/deckrender-acceptance/benchmark/artifacts/acceptance/runtimes/v0.3.1/node_modules/playwright-core/lib/server/firefox/firefox.js", O_RDONLY|O_CLOEXEC) = 21
10768 openat(AT_FDCWD, "/home/runner/work/deckrender-acceptance/deckrender-acceptance/benchmark/artifacts/acceptance/runtimes/v0.3.1/node_modules/playwright-core/lib/server/firefox/ffBrowser.js", O_RDONLY|O_CLOEXEC) = 21
10768 openat(AT_FDCWD, "/home/runner/work/deckrender-acceptance/deckrender-acceptance/benchmark/artifacts/acceptance/runtimes/v0.3.1/node_modules/playwright-core/lib/server/firefox/ffConnection.js", O_RDONLY|O_CLOEXEC) = 21
10768 openat(AT_FDCWD, "/home/runner/work/deckrender-acceptance/deckrender-acceptance/benchmark/artifacts/acceptance/runtimes/v0.3.1/node_modules/playwright-core/lib/server/firefox/ffPage.js", O_RDONLY|O_CLOEXEC) = 21
10768 openat(AT_FDCWD, "/home/runner/work/deckrender-acceptance/deckrender-acceptance/benchmark/artifacts/acceptance/runtimes/v0.3.1/node_modules/playwright-core/lib/server/firefox/ffAccessibility.js", O_RDONLY|O_CLOEXEC) = 21
10768 openat(AT_FDCWD, "/home/runner/work/deckrender-acceptance/deckrender-acceptance/benchmark/artifacts/acceptance/runtimes/v0.3.1/node_modules/playwright-core/lib/server/firefox/ffExecutionContext.js", O_RDONLY|O_CLOEXEC) = 21
10768 openat(AT_FDCWD, "/home/runner/work/deckrender-acceptance/deckrender-acceptance/benchmark/artifacts/acceptance/runtimes/v0.3.1/node_modules/playwright-core/lib/server/firefox/ffInput.js", O_RDONLY|O_CLOEXEC) = 21
10768 openat(AT_FDCWD, "/home/runner/work/deckrender-acceptance/deckrender-acceptance/benchmark/artifacts/acceptance/runtimes/v0.3.1/node_modules/playwright-core/lib/server/firefox/ffNetworkManager.js", O_RDONLY|O_CLOEXEC) = 21
10768 openat(AT_FDCWD, "/home/runner/work/deckrender-acceptance/deckrender-acceptance/benchmark/artifacts/acceptance/runtimes/v0.3.1/node_modules/playwright-core/lib/server/webkit/webkit.js", O_RDONLY|O_CLOEXEC) = 21
10768 openat(AT_FDCWD, "/home/runner/work/deckrender-acceptance/deckrender-acceptance/benchmark/artifacts/acceptance/runtimes/v0.3.1/node_modules/playwright-core/lib/server/webkit/wkConnection.js", O_RDONLY|O_CLOEXEC) = 21
10768 openat(AT_FDCWD, "/home/runner/work/deckrender-acceptance/deckrender-acceptance/benchmark/artifacts/acceptance/runtimes/v0.3.1/node_modules/playwright-core/lib/server/webkit/wkBrowser.js", O_RDONLY|O_CLOEXEC) = 21
10768 openat(AT_FDCWD, "/home/runner/work/deckrender-acceptance/deckrender-acceptance/benchmark/artifacts/acceptance/runtimes/v0.3.1/node_modules/playwright-core/lib/server/webkit/wkPage.js", O_RDONLY|O_CLOEXEC) = 21
10768 openat(AT_FDCWD, "/home/runner/work/deckrender-acceptance/deckrender-acceptance/benchmark/artifacts/acceptance/runtimes/v0.3.1/node_modules/playwright-core/lib/server/webkit/wkAccessibility.js", O_RDONLY|O_CLOEXEC) = 21
10768 openat(AT_FDCWD, "/home/runner/work/deckrender-acceptance/deckrender-acceptance/benchmark/artifacts/acceptance/runtimes/v0.3.1/node_modules/playwright-core/lib/server/webkit/wkExecutionContext.js", O_RDONLY|O_CLOEXEC) = 21
10768 openat(AT_FDCWD, "/home/runner/work/deckrender-acceptance/deckrender-acceptance/benchmark/artifacts/acceptance/runtimes/v0.3.1/node_modules/playwright-core/lib/server/webkit/wkInput.js", O_RDONLY|O_CLOEXEC) = 21
10768 openat(AT_FDCWD, "/home/runner/work/deckrender-acceptance/deckrender-acceptance/benchmark/artifacts/acceptance/runtimes/v0.3.1/node_modules/playwright-core/lib/server/webkit/wkInterceptableRequest.js", O_RDONLY|O_CLOEXEC) = 21
10768 openat(AT_FDCWD, "/home/runner/work/deckrender-acceptance/deckrender-acceptance/benchmark/artifacts/acceptance/runtimes/v0.3.1/node_modules/playwright-core/lib/server/webkit/wkProvisionalPage.js", O_RDONLY|O_CLOEXEC) = 21
10768 openat(AT_FDCWD, "/home/runner/work/deckrender-acceptance/deckrender-acceptance/benchmark/artifacts/acceptance/runtimes/v0.3.1/node_modules/playwright-core/lib/server/webkit/wkWorkers.js", O_RDONLY|O_CLOEXEC) = 21
10768 openat(AT_FDCWD, "/home/runner/work/deckrender-acceptance/deckrender-acceptance/benchmark/artifacts/acceptance/runtimes/v0.3.1/node_modules/playwright-core/lib/server/trace/viewer/traceViewer.js", O_RDONLY|O_CLOEXEC) = 21
10768 openat(AT_FDCWD, "/home/runner/work/deckrender-acceptance/deckrender-acceptance/benchmark/artifacts/acceptance/runtimes/v0.3.1/node_modules/playwright-core/lib/server/dispatchers/debugControllerDispatcher.js", O_RDONLY|O_CLOEXEC) = 21
10768 openat(AT_FDCWD, "/home/runner/work/deckrender-acceptance/deckrender-acceptance/benchmark/artifacts/acceptance/runtimes/v0.3.1/node_modules/playwright-core/lib/browserServerImpl.js", O_RDONLY|O_CLOEXEC) = 21
10768 openat(AT_FDCWD, "/home/runner/work/deckrender-acceptance/deckrender-acceptance/benchmark/artifacts/acceptance/runtimes/v0.3.1/node_modules/playwright-core/lib/server/package.json", O_RDONLY|O_CLOEXEC) = -1 ENOENT (No such file or directory)
10768 openat(AT_FDCWD, "/home/runner/work/deckrender-acceptance/deckrender-acceptance/benchmark/artifacts/acceptance/runtimes/v0.3.1/node_modules/playwright-core/lib/client/connection.js", O_RDONLY|O_CLOEXEC) = 21
10768 openat(AT_FDCWD, "/home/runner/work/deckrender-acceptance/deckrender-acceptance/benchmark/artifacts/acceptance/runtimes/v0.3.1/node_modules/playwright-core/lib/client/eventEmitter.js", O_RDONLY|O_CLOEXEC) = 21
10768 openat(AT_FDCWD, "/home/runner/work/deckrender-acceptance/deckrender-acceptance/benchmark/artifacts/acceptance/runtimes/v0.3.1/node_modules/playwright-core/lib/client/android.js", O_RDONLY|O_CLOEXEC) = 21
10768 openat(AT_FDCWD, "/home/runner/work/deckrender-acceptance/deckrender-acceptance/benchmark/artifacts/acceptance/runtimes/v0.3.1/node_modules/playwright-core/lib/client/browserContext.js", O_RDONLY|O_CLOEXEC) = 21
10768 openat(AT_FDCWD, "/home/runner/work/deckrender-acceptance/deckrender-acceptance/benchmark/artifacts/acceptance/runtimes/v0.3.1/node_modules/playwright-core/lib/client/artifact.js", O_RDONLY|O_CLOEXEC) = 21
10768 openat(AT_FDCWD, "/home/runner/work/deckrender-acceptance/deckrender-acceptance/benchmark/artifacts/acceptance/runtimes/v0.3.1/node_modules/playwright-core/lib/client/channelOwner.js", O_RDONLY|O_CLOEXEC) = 21
10768 openat(AT_FDCWD, "/home/runner/work/deckrender-acceptance/deckrender-acceptance/benchmark/artifacts/acceptance/runtimes/v0.3.1/node_modules/playwright-core/lib/client/clientStackTrace.js", O_RDONLY|O_CLOEXEC) = 21
10768 openat(AT_FDCWD, "/home/runner/work/deckrender-acceptance/deckrender-acceptance/benchmark/artifacts/acceptance/runtimes/v0.3.1/node_modules/playwright-core/lib/client/stream.js", O_RDONLY|O_CLOEXEC) = 21
10768 openat(AT_FDCWD, "/home/runner/work/deckrender-acceptance/deckrender-acceptance/benchmark/artifacts/acceptance/runtimes/v0.3.1/node_modules/playwright-core/lib/client/fileUtils.js", O_RDONLY|O_CLOEXEC) = 21
10768 openat(AT_FDCWD, "/home/runner/work/deckrender-acceptance/deckrender-acceptance/benchmark/artifacts/acceptance/runtimes/v0.3.1/node_modules/playwright-core/lib/client/cdpSession.js", O_RDONLY|O_CLOEXEC) = 21
10768 openat(AT_FDCWD, "/home/runner/work/deckrender-acceptance/deckrender-acceptance/benchmark/artifacts/acceptance/runtimes/v0.3.1/node_modules/playwright-core/lib/client/clientHelper.js", O_RDONLY|O_CLOEXEC) = 21
10768 openat(AT_FDCWD, "/home/runner/work/deckrender-acceptance/deckrender-acceptance/benchmark/artifacts/acceptance/runtimes/v0.3.1/node_modules/playwright-core/lib/client/clock.js", O_RDONLY|O_CLOEXEC) = 21
10768 openat(AT_FDCWD, "/home/runner/work/deckrender-acceptance/deckrender-acceptance/benchmark/artifacts/acceptance/runtimes/v0.3.1/node_modules/playwright-core/lib/client/consoleMessage.js", O_RDONLY|O_CLOEXEC) = 21
10768 openat(AT_FDCWD, "/home/runner/work/deckrender-acceptance/deckrender-acceptance/benchmark/artifacts/acceptance/runtimes/v0.3.1/node_modules/playwright-core/lib/client/jsHandle.js", O_RDONLY|O_CLOEXEC) = 21
10768 openat(AT_FDCWD, "/home/runner/work/deckrender-acceptance/deckrender-acceptance/benchmark/artifacts/acceptance/runtimes/v0.3.1/node_modules/playwright-core/lib/client/errors.js", O_RDONLY|O_CLOEXEC) = 21
10768 openat(AT_FDCWD, "/home/runner/work/deckrender-acceptance/deckrender-acceptance/benchmark/artifacts/acceptance/runtimes/v0.3.1/node_modules/playwright-core/lib/client/page.js", O_RDONLY|O_CLOEXEC) = 21
10768 openat(AT_FDCWD, "/home/runner/work/deckrender-acceptance/deckrender-acceptance/benchmark/artifacts/acceptance/runtimes/v0.3.1/node_modules/playwright-core/lib/client/accessibility.js", O_RDONLY|O_CLOEXEC) = 21
10768 openat(AT_FDCWD, "/home/runner/work/deckrender-acceptance/deckrender-acceptance/benchmark/artifacts/acceptance/runtimes/v0.3.1/node_modules/playwright-core/lib/client/coverage.js", O_RDONLY|O_CLOEXEC) = 21
10768 openat(AT_FDCWD, "/home/runner/work/deckrender-acceptance/deckrender-acceptance/benchmark/artifacts/acceptance/runtimes/v0.3.1/node_modules/playwright-core/lib/client/download.js", O_RDONLY|O_CLOEXEC) = 21
10768 openat(AT_FDCWD, "/home/runner/work/deckrender-acceptance/deckrender-acceptance/benchmark/artifacts/acceptance/runtimes/v0.3.1/node_modules/playwright-core/lib/client/elementHandle.js", O_RDONLY|O_CLOEXEC) = 21
10768 openat(AT_FDCWD, "/home/runner/work/deckrender-acceptance/deckrender-acceptance/benchmark/artifacts/acceptance/runtimes/v0.3.1/node_modules/playwright-core/lib/client/frame.js", O_RDONLY|O_CLOEXEC) = 21
10768 openat(AT_FDCWD, "/home/runner/work/deckrender-acceptance/deckrender-acceptance/benchmark/artifacts/acceptance/runtimes/v0.3.1/node_modules/playwright-core/lib/client/events.js", O_RDONLY|O_CLOEXEC) = 21
10768 openat(AT_FDCWD, "/home/runner/work/deckrender-acceptance/deckrender-acceptance/benchmark/artifacts/acceptance/runtimes/v0.3.1/node_modules/playwright-core/lib/client/locator.js", O_RDONLY|O_CLOEXEC) = 21
10768 openat(AT_FDCWD, "/home/runner/work/deckrender-acceptance/deckrender-acceptance/benchmark/artifacts/acceptance/runtimes/v0.3.1/node_modules/playwright-core/lib/utils/isomorphic/locatorUtils.js", O_RDONLY|O_CLOEXEC) = 21
10768 openat(AT_FDCWD, "/home/runner/work/deckrender-acceptance/deckrender-acceptance/benchmark/artifacts/acceptance/runtimes/v0.3.1/node_modules/playwright-core/lib/client/network.js", O_RDONLY|O_CLOEXEC) = 21
10768 openat(AT_FDCWD, "/home/runner/work/deckrender-acceptance/deckrender-acceptance/benchmark/artifacts/acceptance/runtimes/v0.3.1/node_modules/playwright-core/lib/client/fetch.js", O_RDONLY|O_CLOEXEC) = 21
10768 openat(AT_FDCWD, "/home/runner/work/deckrender-acceptance/deckrender-acceptance/benchmark/artifacts/acceptance/runtimes/v0.3.1/node_modules/playwright-core/lib/client/tracing.js", O_RDONLY|O_CLOEXEC) = 21
10768 openat(AT_FDCWD, "/home/runner/work/deckrender-acceptance/deckrender-acceptance/benchmark/artifacts/acceptance/runtimes/v0.3.1/node_modules/playwright-core/lib/client/timeoutSettings.js", O_RDONLY|O_CLOEXEC) = 21
10768 openat(AT_FDCWD, "/home/runner/work/deckrender-acceptance/deckrender-acceptance/benchmark/artifacts/acceptance/runtimes/v0.3.1/node_modules/playwright-core/lib/client/waiter.js", O_RDONLY|O_CLOEXEC) = 21
10768 openat(AT_FDCWD, "/home/runner/work/deckrender-acceptance/deckrender-acceptance/benchmark/artifacts/acceptance/runtimes/v0.3.1/node_modules/playwright-core/lib/client/worker.js", O_RDONLY|O_CLOEXEC) = 21
10768 openat(AT_FDCWD, "/home/runner/work/deckrender-acceptance/deckrender-acceptance/benchmark/artifacts/acceptance/runtimes/v0.3.1/node_modules/playwright-core/lib/client/types.js", O_RDONLY|O_CLOEXEC) = 21
10768 openat(AT_FDCWD, "/home/runner/work/deckrender-acceptance/deckrender-acceptance/benchmark/artifacts/acceptance/runtimes/v0.3.1/node_modules/playwright-core/lib/client/writableStream.js", O_RDONLY|O_CLOEXEC) = 21
10768 openat(AT_FDCWD, "/home/runner/work/deckrender-acceptance/deckrender-acceptance/benchmark/artifacts/acceptance/runtimes/v0.3.1/node_modules/playwright-core/lib/client/fileChooser.js", O_RDONLY|O_CLOEXEC) = 21
10768 openat(AT_FDCWD, "/home/runner/work/deckrender-acceptance/deckrender-acceptance/benchmark/artifacts/acceptance/runtimes/v0.3.1/node_modules/playwright-core/lib/client/harRouter.js", O_RDONLY|O_CLOEXEC) = 21
10768 openat(AT_FDCWD, "/home/runner/work/deckrender-acceptance/deckrender-acceptance/benchmark/artifacts/acceptance/runtimes/v0.3.1/node_modules/playwright-core/lib/client/input.js", O_RDONLY|O_CLOEXEC) = 21
10768 openat(AT_FDCWD, "/home/runner/work/deckrender-acceptance/deckrender-acceptance/benchmark/artifacts/acceptance/runtimes/v0.3.1/node_modules/playwright-core/lib/client/video.js", O_RDONLY|O_CLOEXEC) = 21
10768 openat(AT_FDCWD, "/home/runner/work/deckrender-acceptance/deckrender-acceptance/benchmark/artifacts/acceptance/runtimes/v0.3.1/node_modules/playwright-core/lib/client/dialog.js", O_RDONLY|O_CLOEXEC) = 21
10768 openat(AT_FDCWD, "/home/runner/work/deckrender-acceptance/deckrender-acceptance/benchmark/artifacts/acceptance/runtimes/v0.3.1/node_modules/playwright-core/lib/client/webError.js", O_RDONLY|O_CLOEXEC) = 21
10768 openat(AT_FDCWD, "/home/runner/work/deckrender-acceptance/deckrender-acceptance/benchmark/artifacts/acceptance/runtimes/v0.3.1/node_modules/playwright-core/lib/client/webSocket.js", O_RDONLY|O_CLOEXEC) = 21
10768 openat(AT_FDCWD, "/home/runner/work/deckrender-acceptance/deckrender-acceptance/benchmark/artifacts/acceptance/runtimes/v0.3.1/node_modules/playwright-core/lib/client/browser.js", O_RDONLY|O_CLOEXEC) = 21
10768 openat(AT_FDCWD, "/home/runner/work/deckrender-acceptance/deckrender-acceptance/benchmark/artifacts/acceptance/runtimes/v0.3.1/node_modules/playwright-core/lib/client/browserType.js", O_RDONLY|O_CLOEXEC) = 21
10768 openat(AT_FDCWD, "/home/runner/work/deckrender-acceptance/deckrender-acceptance/benchmark/artifacts/acceptance/runtimes/v0.3.1/node_modules/playwright-core/lib/client/clientInstrumentation.js", O_RDONLY|O_CLOEXEC) = 21
10768 openat(AT_FDCWD, "/home/runner/work/deckrender-acceptance/deckrender-acceptance/benchmark/artifacts/acceptance/runtimes/v0.3.1/node_modules/playwright-core/lib/client/electron.js", O_RDONLY|O_CLOEXEC) = 21
10768 openat(AT_FDCWD, "/home/runner/work/deckrender-acceptance/deckrender-acceptance/benchmark/artifacts/acceptance/runtimes/v0.3.1/node_modules/playwright-core/lib/client/jsonPipe.js", O_RDONLY|O_CLOEXEC) = 21
10768 openat(AT_FDCWD, "/home/runner/work/deckrender-acceptance/deckrender-acceptance/benchmark/artifacts/acceptance/runtimes/v0.3.1/node_modules/playwright-core/lib/client/localUtils.js", O_RDONLY|O_CLOEXEC) = 21
10768 openat(AT_FDCWD, "/home/runner/work/deckrender-acceptance/deckrender-acceptance/benchmark/artifacts/acceptance/runtimes/v0.3.1/node_modules/playwright-core/lib/client/playwright.js", O_RDONLY|O_CLOEXEC) = 21
10768 openat(AT_FDCWD, "/home/runner/work/deckrender-acceptance/deckrender-acceptance/benchmark/artifacts/acceptance/runtimes/v0.3.1/node_modules/playwright-core/lib/client/selectors.js", O_RDONLY|O_CLOEXEC) = 21
10768 openat(AT_FDCWD, "/home/runner/work/deckrender-acceptance/deckrender-acceptance/benchmark/artifacts/acceptance/runs/34586780041-local/evidence/REN-R07-render-ce97bc5e71bb/credentials.jsonl", O_WRONLY|O_CREAT|O_APPEND|O_CLOEXEC, 0666) = 21
10768 openat(AT_FDCWD, "/home/runner/work/deckrender-acceptance/deckrender-acceptance/benchmark/artifacts/acceptance/runs/34586780041-local/evidence/REN-R07-render-ce97bc5e71bb/credentials.jsonl", O_WRONLY|O_CREAT|O_APPEND|O_CLOEXEC, 0666) = 21
10768 openat(AT_FDCWD, "/home/runner/work/deckrender-acceptance/deckrender-acceptance/benchmark/artifacts/acceptance/runs/34586780041-local/evidence/REN-R07-render-ce97bc5e71bb/credentials.jsonl", O_WRONLY|O_CREAT|O_APPEND|O_CLOEXEC, 0666) = 21
10768 openat(AT_FDCWD, "/home/runner/work/deckrender-acceptance/deckrender-acceptance/benchmark/artifacts/acceptance/runs/34586780041-local/evidence/REN-R07-render-ce97bc5e71bb/credentials.jsonl", O_WRONLY|O_CREAT|O_APPEND|O_CLOEXEC, 0666) = 21
10768 openat(AT_FDCWD, "/home/runner/work/deckrender-acceptance/deckrender-acceptance/benchmark/artifacts/acceptance/runs/34586780041-local/evidence/REN-R07-render-ce97bc5e71bb/credentials.jsonl", O_WRONLY|O_CREAT|O_APPEND|O_CLOEXEC, 0666) = 21
10768 socketpair(AF_UNIX, SOCK_STREAM|SOCK_CLOEXEC, 0, [21, 22]) = 0
10768 setsockopt(21, SOL_SOCKET, SO_RCVBUF, [65536], 4) = 0
10768 setsockopt(21, SOL_SOCKET, SO_SNDBUF, [65536], 4) = 0
10768 setsockopt(22, SOL_SOCKET, SO_RCVBUF, [65536], 4) = 0
10768 setsockopt(22, SOL_SOCKET, SO_SNDBUF, [65536], 4) = 0
10768 socketpair(AF_UNIX, SOCK_STREAM|SOCK_CLOEXEC, 0, [23, 24]) = 0
10768 setsockopt(23, SOL_SOCKET, SO_RCVBUF, [65536], 4) = 0
10768 setsockopt(23, SOL_SOCKET, SO_SNDBUF, [65536], 4) = 0
10768 setsockopt(24, SOL_SOCKET, SO_RCVBUF, [65536], 4) = 0
10768 setsockopt(24, SOL_SOCKET, SO_SNDBUF, [65536], 4) = 0
10768 socketpair(AF_UNIX, SOCK_STREAM|SOCK_CLOEXEC, 0, [25, 26]) = 0
10768 setsockopt(25, SOL_SOCKET, SO_RCVBUF, [65536], 4) = 0
10768 setsockopt(25, SOL_SOCKET, SO_SNDBUF, [65536], 4) = 0
10768 setsockopt(26, SOL_SOCKET, SO_RCVBUF, [65536], 4) = 0
10768 setsockopt(26, SOL_SOCKET, SO_SNDBUF, [65536], 4) = 0
10768 socketpair(AF_UNIX, SOCK_STREAM|SOCK_CLOEXEC, 0, [27, 28]) = 0
10768 setsockopt(27, SOL_SOCKET, SO_RCVBUF, [65536], 4) = 0
10768 setsockopt(27, SOL_SOCKET, SO_SNDBUF, [65536], 4) = 0
10768 setsockopt(28, SOL_SOCKET, SO_RCVBUF, [65536], 4) = 0
10768 setsockopt(28, SOL_SOCKET, SO_SNDBUF, [65536], 4) = 0
10788 openat(AT_FDCWD, "/dev/null", O_RDONLY) = 0
10788 openat(AT_FDCWD, "/opt/hostedtoolcache/Python/3.12.14/x64/lib/glibc-hwcaps/x86-64-v3/libtinfo.so.6", O_RDONLY|O_CLOEXEC) = -1 ENOENT (No such file or directory)
10788 openat(AT_FDCWD, "/opt/hostedtoolcache/Python/3.12.14/x64/lib/glibc-hwcaps/x86-64-v2/libtinfo.so.6", O_RDONLY|O_CLOEXEC) = -1 ENOENT (No such file or directory)
10788 openat(AT_FDCWD, "/opt/hostedtoolcache/Python/3.12.14/x64/lib/libtinfo.so.6", O_RDONLY|O_CLOEXEC) = -1 ENOENT (No such file or directory)
10788 openat(AT_FDCWD, "/etc/ld.so.cache", O_RDONLY|O_CLOEXEC) = 5
10788 openat(AT_FDCWD, "/lib/x86_64-linux-gnu/libtinfo.so.6", O_RDONLY|O_CLOEXEC) = 5
10788 openat(AT_FDCWD, "/opt/hostedtoolcache/Python/3.12.14/x64/lib/libc.so.6", O_RDONLY|O_CLOEXEC) = -1 ENOENT (No such file or directory)
10788 openat(AT_FDCWD, "/lib/x86_64-linux-gnu/libc.so.6", O_RDONLY|O_CLOEXEC) = 5
10788 openat(AT_FDCWD, "/dev/tty", O_RDWR|O_NONBLOCK) = -1 ENXIO (No such device or address)
10788 openat(AT_FDCWD, "/usr/lib/locale/locale-archive", O_RDONLY|O_CLOEXEC) = 5
10788 openat(AT_FDCWD, "/usr/share/locale/locale.alias", O_RDONLY|O_CLOEXEC) = 5
10788 openat(AT_FDCWD, "/usr/lib/locale/C.UTF-8/LC_IDENTIFICATION", O_RDONLY|O_CLOEXEC) = -1 ENOENT (No such file or directory)
10788 openat(AT_FDCWD, "/usr/lib/locale/C.utf8/LC_IDENTIFICATION", O_RDONLY|O_CLOEXEC) = 5
10788 openat(AT_FDCWD, "/usr/lib/x86_64-linux-gnu/gconv/gconv-modules.cache", O_RDONLY|O_CLOEXEC) = 5
10788 openat(AT_FDCWD, "/usr/lib/locale/C.UTF-8/LC_MEASUREMENT", O_RDONLY|O_CLOEXEC) = -1 ENOENT (No such file or directory)
10788 openat(AT_FDCWD, "/usr/lib/locale/C.utf8/LC_MEASUREMENT", O_RDONLY|O_CLOEXEC) = 5
10788 openat(AT_FDCWD, "/usr/lib/locale/C.UTF-8/LC_TELEPHONE", O_RDONLY|O_CLOEXEC) = -1 ENOENT (No such file or directory)
10788 openat(AT_FDCWD, "/usr/lib/locale/C.utf8/LC_TELEPHONE", O_RDONLY|O_CLOEXEC) = 5
10788 openat(AT_FDCWD, "/usr/lib/locale/C.UTF-8/LC_ADDRESS", O_RDONLY|O_CLOEXEC) = -1 ENOENT (No such file or directory)
10788 openat(AT_FDCWD, "/usr/lib/locale/C.utf8/LC_ADDRESS", O_RDONLY|O_CLOEXEC) = 5
10788 openat(AT_FDCWD, "/usr/lib/locale/C.UTF-8/LC_NAME", O_RDONLY|O_CLOEXEC) = -1 ENOENT (No such file or directory)
10788 openat(AT_FDCWD, "/usr/lib/locale/C.utf8/LC_NAME", O_RDONLY|O_CLOEXEC) = 5
10788 openat(AT_FDCWD, "/usr/lib/locale/C.UTF-8/LC_PAPER", O_RDONLY|O_CLOEXEC) = -1 ENOENT (No such file or directory)
10788 openat(AT_FDCWD, "/usr/lib/locale/C.utf8/LC_PAPER", O_RDONLY|O_CLOEXEC) = 5
10788 openat(AT_FDCWD, "/usr/lib/locale/C.UTF-8/LC_MESSAGES", O_RDONLY|O_CLOEXEC) = -1 ENOENT (No such file or directory)
10788 openat(AT_FDCWD, "/usr/lib/locale/C.utf8/LC_MESSAGES", O_RDONLY|O_CLOEXEC) = 5
10788 openat(AT_FDCWD, "/usr/lib/locale/C.utf8/LC_MESSAGES/SYS_LC_MESSAGES", O_RDONLY|O_CLOEXEC) = 5
10788 openat(AT_FDCWD, "/usr/lib/locale/C.UTF-8/LC_MONETARY", O_RDONLY|O_CLOEXEC) = -1 ENOENT (No such file or directory)
10788 openat(AT_FDCWD, "/usr/lib/locale/C.utf8/LC_MONETARY", O_RDONLY|O_CLOEXEC) = 5
10788 openat(AT_FDCWD, "/usr/lib/locale/C.UTF-8/LC_COLLATE", O_RDONLY|O_CLOEXEC) = -1 ENOENT (No such file or directory)
10788 openat(AT_FDCWD, "/usr/lib/locale/C.utf8/LC_COLLATE", O_RDONLY|O_CLOEXEC) = 5
10788 openat(AT_FDCWD, "/usr/lib/locale/C.UTF-8/LC_TIME", O_RDONLY|O_CLOEXEC) = -1 ENOENT (No such file or directory)
10788 openat(AT_FDCWD, "/usr/lib/locale/C.utf8/LC_TIME", O_RDONLY|O_CLOEXEC) = 5
10788 openat(AT_FDCWD, "/usr/lib/locale/C.UTF-8/LC_NUMERIC", O_RDONLY|O_CLOEXEC) = -1 ENOENT (No such file or directory)
10788 openat(AT_FDCWD, "/usr/lib/locale/C.utf8/LC_NUMERIC", O_RDONLY|O_CLOEXEC) = 5
10788 openat(AT_FDCWD, "/usr/lib/locale/C.UTF-8/LC_CTYPE", O_RDONLY|O_CLOEXEC) = -1 ENOENT (No such file or directory)
10788 openat(AT_FDCWD, "/usr/lib/locale/C.utf8/LC_CTYPE", O_RDONLY|O_CLOEXEC) = 5
10788 openat(AT_FDCWD, "/usr/bin/google-chrome", O_RDONLY) = 5
10789 openat(AT_FDCWD, "/opt/hostedtoolcache/Python/3.12.14/x64/lib/glibc-hwcaps/x86-64-v3/libc.so.6", O_RDONLY|O_CLOEXEC) = -1 ENOENT (No such file or directory)
10789 openat(AT_FDCWD, "/opt/hostedtoolcache/Python/3.12.14/x64/lib/glibc-hwcaps/x86-64-v2/libc.so.6", O_RDONLY|O_CLOEXEC) = -1 ENOENT (No such file or directory)
10789 openat(AT_FDCWD, "/opt/hostedtoolcache/Python/3.12.14/x64/lib/libc.so.6", O_RDONLY|O_CLOEXEC) = -1 ENOENT (No such file or directory)
10789 openat(AT_FDCWD, "/etc/ld.so.cache", O_RDONLY|O_CLOEXEC) = 5
10789 openat(AT_FDCWD, "/lib/x86_64-linux-gnu/libc.so.6", O_RDONLY|O_CLOEXEC) = 5
10789 openat(AT_FDCWD, "/usr/lib/locale/locale-archive", O_RDONLY|O_CLOEXEC) = 5
10789 openat(AT_FDCWD, "/usr/share/locale/locale.alias", O_RDONLY|O_CLOEXEC) = 5
10789 openat(AT_FDCWD, "/usr/lib/locale/C.UTF-8/LC_IDENTIFICATION", O_RDONLY|O_CLOEXEC) = -1 ENOENT (No such file or directory)
10789 openat(AT_FDCWD, "/usr/lib/locale/C.utf8/LC_IDENTIFICATION", O_RDONLY|O_CLOEXEC) = 5
10789 openat(AT_FDCWD, "/usr/lib/x86_64-linux-gnu/gconv/gconv-modules.cache", O_RDONLY|O_CLOEXEC) = 5
10789 openat(AT_FDCWD, "/usr/lib/locale/C.UTF-8/LC_MEASUREMENT", O_RDONLY|O_CLOEXEC) = -1 ENOENT (No such file or directory)
10789 openat(AT_FDCWD, "/usr/lib/locale/C.utf8/LC_MEASUREMENT", O_RDONLY|O_CLOEXEC) = 5
10789 openat(AT_FDCWD, "/usr/lib/locale/C.UTF-8/LC_TELEPHONE", O_RDONLY|O_CLOEXEC) = -1 ENOENT (No such file or directory)
10789 openat(AT_FDCWD, "/usr/lib/locale/C.utf8/LC_TELEPHONE", O_RDONLY|O_CLOEXEC) = 5
10789 openat(AT_FDCWD, "/usr/lib/locale/C.UTF-8/LC_ADDRESS", O_RDONLY|O_CLOEXEC) = -1 ENOENT (No such file or directory)
10789 openat(AT_FDCWD, "/usr/lib/locale/C.utf8/LC_ADDRESS", O_RDONLY|O_CLOEXEC) = 5
10789 openat(AT_FDCWD, "/usr/lib/locale/C.UTF-8/LC_NAME", O_RDONLY|O_CLOEXEC) = -1 ENOENT (No such file or directory)
10789 openat(AT_FDCWD, "/usr/lib/locale/C.utf8/LC_NAME", O_RDONLY|O_CLOEXEC) = 5
10789 openat(AT_FDCWD, "/usr/lib/locale/C.UTF-8/LC_PAPER", O_RDONLY|O_CLOEXEC) = -1 ENOENT (No such file or directory)
10789 openat(AT_FDCWD, "/usr/lib/locale/C.utf8/LC_PAPER", O_RDONLY|O_CLOEXEC) = 5
10789 openat(AT_FDCWD, "/usr/lib/locale/C.UTF-8/LC_MESSAGES", O_RDONLY|O_CLOEXEC) = -1 ENOENT (No such file or directory)
10789 openat(AT_FDCWD, "/usr/lib/locale/C.utf8/LC_MESSAGES", O_RDONLY|O_CLOEXEC) = 5
10789 openat(AT_FDCWD, "/usr/lib/locale/C.utf8/LC_MESSAGES/SYS_LC_MESSAGES", O_RDONLY|O_CLOEXEC) = 5
10789 openat(AT_FDCWD, "/usr/lib/locale/C.UTF-8/LC_MONETARY", O_RDONLY|O_CLOEXEC) = -1 ENOENT (No such file or directory)
10789 openat(AT_FDCWD, "/usr/lib/locale/C.utf8/LC_MONETARY", O_RDONLY|O_CLOEXEC) = 5
10789 openat(AT_FDCWD, "/usr/lib/locale/C.UTF-8/LC_COLLATE", O_RDONLY|O_CLOEXEC) = -1 ENOENT (No such file or directory)
10789 openat(AT_FDCWD, "/usr/lib/locale/C.utf8/LC_COLLATE", O_RDONLY|O_CLOEXEC) = 5
10789 openat(AT_FDCWD, "/usr/lib/locale/C.UTF-8/LC_TIME", O_RDONLY|O_CLOEXEC) = -1 ENOENT (No such file or directory)
10789 openat(AT_FDCWD, "/usr/lib/locale/C.utf8/LC_TIME", O_RDONLY|O_CLOEXEC) = 5
10789 openat(AT_FDCWD, "/usr/lib/locale/C.UTF-8/LC_NUMERIC", O_RDONLY|O_CLOEXEC) = -1 ENOENT (No such file or directory)
10789 openat(AT_FDCWD, "/usr/lib/locale/C.utf8/LC_NUMERIC", O_RDONLY|O_CLOEXEC) = 5
10789 openat(AT_FDCWD, "/usr/lib/locale/C.UTF-8/LC_CTYPE", O_RDONLY|O_CLOEXEC) = -1 ENOENT (No such file or directory)
10789 openat(AT_FDCWD, "/usr/lib/locale/C.utf8/LC_CTYPE", O_RDONLY|O_CLOEXEC) = 5
10788 --- SIGCHLD {si_signo=SIGCHLD, si_code=CLD_EXITED, si_pid=10789, si_uid=1001, si_status=0, si_utime=0, si_stime=0} ---
10790 openat(AT_FDCWD, "/opt/hostedtoolcache/Python/3.12.14/x64/lib/glibc-hwcaps/x86-64-v3/libc.so.6", O_RDONLY|O_CLOEXEC) = -1 ENOENT (No such file or directory)
10790 openat(AT_FDCWD, "/opt/hostedtoolcache/Python/3.12.14/x64/lib/glibc-hwcaps/x86-64-v2/libc.so.6", O_RDONLY|O_CLOEXEC) = -1 ENOENT (No such file or directory)
10790 openat(AT_FDCWD, "/opt/hostedtoolcache/Python/3.12.14/x64/lib/libc.so.6", O_RDONLY|O_CLOEXEC) = -1 ENOENT (No such file or directory)
10790 openat(AT_FDCWD, "/etc/ld.so.cache", O_RDONLY|O_CLOEXEC) = 5
10790 openat(AT_FDCWD, "/lib/x86_64-linux-gnu/libc.so.6", O_RDONLY|O_CLOEXEC) = 5
10790 openat(AT_FDCWD, "/usr/lib/locale/locale-archive", O_RDONLY|O_CLOEXEC) = 5
10790 openat(AT_FDCWD, "/usr/share/locale/locale.alias", O_RDONLY|O_CLOEXEC) = 5
10790 openat(AT_FDCWD, "/usr/lib/locale/C.UTF-8/LC_IDENTIFICATION", O_RDONLY|O_CLOEXEC) = -1 ENOENT (No such file or directory)
10790 openat(AT_FDCWD, "/usr/lib/locale/C.utf8/LC_IDENTIFICATION", O_RDONLY|O_CLOEXEC) = 5
10790 openat(AT_FDCWD, "/usr/lib/x86_64-linux-gnu/gconv/gconv-modules.cache", O_RDONLY|O_CLOEXEC) = 5
10790 openat(AT_FDCWD, "/usr/lib/locale/C.UTF-8/LC_MEASUREMENT", O_RDONLY|O_CLOEXEC) = -1 ENOENT (No such file or directory)
10790 openat(AT_FDCWD, "/usr/lib/locale/C.utf8/LC_MEASUREMENT", O_RDONLY|O_CLOEXEC) = 5
10790 openat(AT_FDCWD, "/usr/lib/locale/C.UTF-8/LC_TELEPHONE", O_RDONLY|O_CLOEXEC) = -1 ENOENT (No such file or directory)
10790 openat(AT_FDCWD, "/usr/lib/locale/C.utf8/LC_TELEPHONE", O_RDONLY|O_CLOEXEC) = 5
10790 openat(AT_FDCWD, "/usr/lib/locale/C.UTF-8/LC_ADDRESS", O_RDONLY|O_CLOEXEC) = -1 ENOENT (No such file or directory)
10790 openat(AT_FDCWD, "/usr/lib/locale/C.utf8/LC_ADDRESS", O_RDONLY|O_CLOEXEC) = 5
10790 openat(AT_FDCWD, "/usr/lib/locale/C.UTF-8/LC_NAME", O_RDONLY|O_CLOEXEC) = -1 ENOENT (No such file or directory)
10790 openat(AT_FDCWD, "/usr/lib/locale/C.utf8/LC_NAME", O_RDONLY|O_CLOEXEC) = 5
10790 openat(AT_FDCWD, "/usr/lib/locale/C.UTF-8/LC_PAPER", O_RDONLY|O_CLOEXEC) = -1 ENOENT (No such file or directory)
10790 openat(AT_FDCWD, "/usr/lib/locale/C.utf8/LC_PAPER", O_RDONLY|O_CLOEXEC) = 5
10790 openat(AT_FDCWD, "/usr/lib/locale/C.UTF-8/LC_MESSAGES", O_RDONLY|O_CLOEXEC) = -1 ENOENT (No such file or directory)
10790 openat(AT_FDCWD, "/usr/lib/locale/C.utf8/LC_MESSAGES", O_RDONLY|O_CLOEXEC) = 5
10790 openat(AT_FDCWD, "/usr/lib/locale/C.utf8/LC_MESSAGES/SYS_LC_MESSAGES", O_RDONLY|O_CLOEXEC) = 5
10790 openat(AT_FDCWD, "/usr/lib/locale/C.UTF-8/LC_MONETARY", O_RDONLY|O_CLOEXEC) = -1 ENOENT (No such file or directory)
10790 openat(AT_FDCWD, "/usr/lib/locale/C.utf8/LC_MONETARY", O_RDONLY|O_CLOEXEC) = 5
10790 openat(AT_FDCWD, "/usr/lib/locale/C.UTF-8/LC_COLLATE", O_RDONLY|O_CLOEXEC) = -1 ENOENT (No such file or directory)
10790 openat(AT_FDCWD, "/usr/lib/locale/C.utf8/LC_COLLATE", O_RDONLY|O_CLOEXEC) = 5
10790 openat(AT_FDCWD, "/usr/lib/locale/C.UTF-8/LC_TIME", O_RDONLY|O_CLOEXEC) = -1 ENOENT (No such file or directory)
10790 openat(AT_FDCWD, "/usr/lib/locale/C.utf8/LC_TIME", O_RDONLY|O_CLOEXEC) = 5
10790 openat(AT_FDCWD, "/usr/lib/locale/C.UTF-8/LC_NUMERIC", O_RDONLY|O_CLOEXEC) = -1 ENOENT (No such file or directory)
10790 openat(AT_FDCWD, "/usr/lib/locale/C.utf8/LC_NUMERIC", O_RDONLY|O_CLOEXEC) = 5
10790 openat(AT_FDCWD, "/usr/lib/locale/C.UTF-8/LC_CTYPE", O_RDONLY|O_CLOEXEC) = -1 ENOENT (No such file or directory)
10790 openat(AT_FDCWD, "/usr/lib/locale/C.utf8/LC_CTYPE", O_RDONLY|O_CLOEXEC) = 5
10788 --- SIGCHLD {si_signo=SIGCHLD, si_code=CLD_EXITED, si_pid=10790, si_uid=1001, si_status=0, si_utime=0, si_stime=0} ---
10791 openat(AT_FDCWD, "/opt/hostedtoolcache/Python/3.12.14/x64/lib/glibc-hwcaps/x86-64-v3/libselinux.so.1", O_RDONLY|O_CLOEXEC) = -1 ENOENT (No such file or directory)
10791 openat(AT_FDCWD, "/opt/hostedtoolcache/Python/3.12.14/x64/lib/glibc-hwcaps/x86-64-v2/libselinux.so.1", O_RDONLY|O_CLOEXEC) = -1 ENOENT (No such file or directory)
10791 openat(AT_FDCWD, "/opt/hostedtoolcache/Python/3.12.14/x64/lib/libselinux.so.1", O_RDONLY|O_CLOEXEC) = -1 ENOENT (No such file or directory)
10791 openat(AT_FDCWD, "/etc/ld.so.cache", O_RDONLY|O_CLOEXEC) = 5
10791 openat(AT_FDCWD, "/lib/x86_64-linux-gnu/libselinux.so.1", O_RDONLY|O_CLOEXEC) = 5
10791 openat(AT_FDCWD, "/opt/hostedtoolcache/Python/3.12.14/x64/lib/libc.so.6", O_RDONLY|O_CLOEXEC) = -1 ENOENT (No such file or directory)
10791 openat(AT_FDCWD, "/lib/x86_64-linux-gnu/libc.so.6", O_RDONLY|O_CLOEXEC) = 5
10791 openat(AT_FDCWD, "/opt/hostedtoolcache/Python/3.12.14/x64/lib/libpcre2-8.so.0", O_RDONLY|O_CLOEXEC) = -1 ENOENT (No such file or directory)
10791 openat(AT_FDCWD, "/lib/x86_64-linux-gnu/libpcre2-8.so.0", O_RDONLY|O_CLOEXEC) = 5
10791 openat(AT_FDCWD, "/proc/filesystems", O_RDONLY|O_CLOEXEC) = 5
10791 openat(AT_FDCWD, "/usr/lib/locale/locale-archive", O_RDONLY|O_CLOEXEC) = 5
10791 openat(AT_FDCWD, "/usr/share/locale/locale.alias", O_RDONLY|O_CLOEXEC) = 5
10791 openat(AT_FDCWD, "/usr/lib/locale/C.UTF-8/LC_IDENTIFICATION", O_RDONLY|O_CLOEXEC) = -1 ENOENT (No such file or directory)
10791 openat(AT_FDCWD, "/usr/lib/locale/C.utf8/LC_IDENTIFICATION", O_RDONLY|O_CLOEXEC) = 5
10791 openat(AT_FDCWD, "/usr/lib/x86_64-linux-gnu/gconv/gconv-modules.cache", O_RDONLY|O_CLOEXEC) = 5
10791 openat(AT_FDCWD, "/usr/lib/locale/C.UTF-8/LC_MEASUREMENT", O_RDONLY|O_CLOEXEC) = -1 ENOENT (No such file or directory)
10791 openat(AT_FDCWD, "/usr/lib/locale/C.utf8/LC_MEASUREMENT", O_RDONLY|O_CLOEXEC) = 5
10791 openat(AT_FDCWD, "/usr/lib/locale/C.UTF-8/LC_TELEPHONE", O_RDONLY|O_CLOEXEC) = -1 ENOENT (No such file or directory)
10791 openat(AT_FDCWD, "/usr/lib/locale/C.utf8/LC_TELEPHONE", O_RDONLY|O_CLOEXEC) = 5
10791 openat(AT_FDCWD, "/usr/lib/locale/C.UTF-8/LC_ADDRESS", O_RDONLY|O_CLOEXEC) = -1 ENOENT (No such file or directory)
10791 openat(AT_FDCWD, "/usr/lib/locale/C.utf8/LC_ADDRESS", O_RDONLY|O_CLOEXEC) = 5
10791 openat(AT_FDCWD, "/usr/lib/locale/C.UTF-8/LC_NAME", O_RDONLY|O_CLOEXEC) = -1 ENOENT (No such file or directory)
10791 openat(AT_FDCWD, "/usr/lib/locale/C.utf8/LC_NAME", O_RDONLY|O_CLOEXEC) = 5
10791 openat(AT_FDCWD, "/usr/lib/locale/C.UTF-8/LC_PAPER", O_RDONLY|O_CLOEXEC) = -1 ENOENT (No such file or directory)
10791 openat(AT_FDCWD, "/usr/lib/locale/C.utf8/LC_PAPER", O_RDONLY|O_CLOEXEC) = 5
10791 openat(AT_FDCWD, "/usr/lib/locale/C.UTF-8/LC_MESSAGES", O_RDONLY|O_CLOEXEC) = -1 ENOENT (No such file or directory)
10791 openat(AT_FDCWD, "/usr/lib/locale/C.utf8/LC_MESSAGES", O_RDONLY|O_CLOEXEC) = 5
10791 openat(AT_FDCWD, "/usr/lib/locale/C.utf8/LC_MESSAGES/SYS_LC_MESSAGES", O_RDONLY|O_CLOEXEC) = 5
10791 openat(AT_FDCWD, "/usr/lib/locale/C.UTF-8/LC_MONETARY", O_RDONLY|O_CLOEXEC) = -1 ENOENT (No such file or directory)
10791 openat(AT_FDCWD, "/usr/lib/locale/C.utf8/LC_MONETARY", O_RDONLY|O_CLOEXEC) = 5
10791 openat(AT_FDCWD, "/usr/lib/locale/C.UTF-8/LC_COLLATE", O_RDONLY|O_CLOEXEC) = -1 ENOENT (No such file or directory)
10791 openat(AT_FDCWD, "/usr/lib/locale/C.utf8/LC_COLLATE", O_RDONLY|O_CLOEXEC) = 5
10791 openat(AT_FDCWD, "/usr/lib/locale/C.UTF-8/LC_TIME", O_RDONLY|O_CLOEXEC) = -1 ENOENT (No such file or directory)
10791 openat(AT_FDCWD, "/usr/lib/locale/C.utf8/LC_TIME", O_RDONLY|O_CLOEXEC) = 5
10791 openat(AT_FDCWD, "/usr/lib/locale/C.UTF-8/LC_NUMERIC", O_RDONLY|O_CLOEXEC) = -1 ENOENT (No such file or directory)
10791 openat(AT_FDCWD, "/usr/lib/locale/C.utf8/LC_NUMERIC", O_RDONLY|O_CLOEXEC) = 5
10791 openat(AT_FDCWD, "/usr/lib/locale/C.UTF-8/LC_CTYPE", O_RDONLY|O_CLOEXEC) = -1 ENOENT (No such file or directory)
10791 openat(AT_FDCWD, "/usr/lib/locale/C.utf8/LC_CTYPE", O_RDONLY|O_CLOEXEC) = 5
10791 openat(AT_FDCWD, ".local", O_RDONLY|O_NOCTTY|O_NONBLOCK|O_NOFOLLOW|O_DIRECTORY) = 5
10791 openat(AT_FDCWD, "share", O_RDONLY|O_NOCTTY|O_NONBLOCK|O_NOFOLLOW|O_DIRECTORY) = 5
10788 --- SIGCHLD {si_signo=SIGCHLD, si_code=CLD_EXITED, si_pid=10791, si_uid=1001, si_status=0, si_utime=0, si_stime=0} ---
10792 openat(AT_FDCWD, "/opt/hostedtoolcache/Python/3.12.14/x64/lib/glibc-hwcaps/x86-64-v3/libc.so.6", O_RDONLY|O_CLOEXEC) = -1 ENOENT (No such file or directory)
10792 openat(AT_FDCWD, "/opt/hostedtoolcache/Python/3.12.14/x64/lib/glibc-hwcaps/x86-64-v2/libc.so.6", O_RDONLY|O_CLOEXEC) = -1 ENOENT (No such file or directory)
10792 openat(AT_FDCWD, "/opt/hostedtoolcache/Python/3.12.14/x64/lib/libc.so.6", O_RDONLY|O_CLOEXEC) = -1 ENOENT (No such file or directory)
10792 openat(AT_FDCWD, "/etc/ld.so.cache", O_RDONLY|O_CLOEXEC) = 5
10792 openat(AT_FDCWD, "/lib/x86_64-linux-gnu/libc.so.6", O_RDONLY|O_CLOEXEC) = 5
10792 openat(AT_FDCWD, "/usr/lib/locale/locale-archive", O_RDONLY|O_CLOEXEC) = 5
10792 openat(AT_FDCWD, "/usr/share/locale/locale.alias", O_RDONLY|O_CLOEXEC) = 5
10792 openat(AT_FDCWD, "/usr/lib/locale/C.UTF-8/LC_IDENTIFICATION", O_RDONLY|O_CLOEXEC) = -1 ENOENT (No such file or directory)
10792 openat(AT_FDCWD, "/usr/lib/locale/C.utf8/LC_IDENTIFICATION", O_RDONLY|O_CLOEXEC) = 5
10792 openat(AT_FDCWD, "/usr/lib/x86_64-linux-gnu/gconv/gconv-modules.cache", O_RDONLY|O_CLOEXEC) = 5
10792 openat(AT_FDCWD, "/usr/lib/locale/C.UTF-8/LC_MEASUREMENT", O_RDONLY|O_CLOEXEC) = -1 ENOENT (No such file or directory)
10792 openat(AT_FDCWD, "/usr/lib/locale/C.utf8/LC_MEASUREMENT", O_RDONLY|O_CLOEXEC) = 5
10792 openat(AT_FDCWD, "/usr/lib/locale/C.UTF-8/LC_TELEPHONE", O_RDONLY|O_CLOEXEC) = -1 ENOENT (No such file or directory)
10792 openat(AT_FDCWD, "/usr/lib/locale/C.utf8/LC_TELEPHONE", O_RDONLY|O_CLOEXEC) = 5
10792 openat(AT_FDCWD, "/usr/lib/locale/C.UTF-8/LC_ADDRESS", O_RDONLY|O_CLOEXEC) = -1 ENOENT (No such file or directory)
10792 openat(AT_FDCWD, "/usr/lib/locale/C.utf8/LC_ADDRESS", O_RDONLY|O_CLOEXEC) = 5
10792 openat(AT_FDCWD, "/usr/lib/locale/C.UTF-8/LC_NAME", O_RDONLY|O_CLOEXEC) = -1 ENOENT (No such file or directory)
10792 openat(AT_FDCWD, "/usr/lib/locale/C.utf8/LC_NAME", O_RDONLY|O_CLOEXEC) = 5
10792 openat(AT_FDCWD, "/usr/lib/locale/C.UTF-8/LC_PAPER", O_RDONLY|O_CLOEXEC) = -1 ENOENT (No such file or directory)
10792 openat(AT_FDCWD, "/usr/lib/locale/C.utf8/LC_PAPER", O_RDONLY|O_CLOEXEC) = 5
10792 openat(AT_FDCWD, "/usr/lib/locale/C.UTF-8/LC_MESSAGES", O_RDONLY|O_CLOEXEC) = -1 ENOENT (No such file or directory)
10792 openat(AT_FDCWD, "/usr/lib/locale/C.utf8/LC_MESSAGES", O_RDONLY|O_CLOEXEC) = 5
10792 openat(AT_FDCWD, "/usr/lib/locale/C.utf8/LC_MESSAGES/SYS_LC_MESSAGES", O_RDONLY|O_CLOEXEC) = 5
10792 openat(AT_FDCWD, "/usr/lib/locale/C.UTF-8/LC_MONETARY", O_RDONLY|O_CLOEXEC) = -1 ENOENT (No such file or directory)
10792 openat(AT_FDCWD, "/usr/lib/locale/C.utf8/LC_MONETARY", O_RDONLY|O_CLOEXEC) = 5
10792 openat(AT_FDCWD, "/usr/lib/locale/C.UTF-8/LC_COLLATE", O_RDONLY|O_CLOEXEC) = -1 ENOENT (No such file or directory)
10792 openat(AT_FDCWD, "/usr/lib/locale/C.utf8/LC_COLLATE", O_RDONLY|O_CLOEXEC) = 5
10792 openat(AT_FDCWD, "/usr/lib/locale/C.UTF-8/LC_TIME", O_RDONLY|O_CLOEXEC) = -1 ENOENT (No such file or directory)
10792 openat(AT_FDCWD, "/usr/lib/locale/C.utf8/LC_TIME", O_RDONLY|O_CLOEXEC) = 5
10792 openat(AT_FDCWD, "/usr/lib/locale/C.UTF-8/LC_NUMERIC", O_RDONLY|O_CLOEXEC) = -1 ENOENT (No such file or directory)
10792 openat(AT_FDCWD, "/usr/lib/locale/C.utf8/LC_NUMERIC", O_RDONLY|O_CLOEXEC) = 5
10792 openat(AT_FDCWD, "/usr/lib/locale/C.UTF-8/LC_CTYPE", O_RDONLY|O_CLOEXEC) = -1 ENOENT (No such file or directory)
10792 openat(AT_FDCWD, "/usr/lib/locale/C.utf8/LC_CTYPE", O_RDONLY|O_CLOEXEC) = 5
10792 openat(AT_FDCWD, "/home/runner/work/deckrender-acceptance/deckrender-acceptance/benchmark/artifacts/acceptance/private/sandboxes/e2baf2caf551d4582bf28b6ad1b5abd2a26e1d7061bcd60f69fc9775965ba634/.local/share/applications/mimeapps.list", O_WRONLY|O_CREAT|O_NOCTTY|O_NONBLOCK, 0666) = 5
10788 --- SIGCHLD {si_signo=SIGCHLD, si_code=CLD_EXITED, si_pid=10792, si_uid=1001, si_status=0, si_utime=0, si_stime=0} ---
10788 openat(AT_FDCWD, "/dev/null", O_RDONLY) = 5
10788 openat(AT_FDCWD, "/dev/fd/63", O_WRONLY|O_CREAT|O_TRUNC, 0666) = 5
10788 openat(AT_FDCWD, "/dev/fd/63", O_WRONLY|O_CREAT|O_TRUNC, 0666) = 5
10793 openat(AT_FDCWD, "/opt/hostedtoolcache/Python/3.12.14/x64/lib/glibc-hwcaps/x86-64-v3/libc.so.6", O_RDONLY|O_CLOEXEC) = -1 ENOENT (No such file or directory)
10793 openat(AT_FDCWD, "/opt/hostedtoolcache/Python/3.12.14/x64/lib/glibc-hwcaps/x86-64-v2/libc.so.6", O_RDONLY|O_CLOEXEC) = -1 ENOENT (No such file or directory)
10793 openat(AT_FDCWD, "/opt/hostedtoolcache/Python/3.12.14/x64/lib/libc.so.6", O_RDONLY|O_CLOEXEC) = -1 ENOENT (No such file or directory)
10793 openat(AT_FDCWD, "/etc/ld.so.cache", O_RDONLY|O_CLOEXEC) = 5
10793 openat(AT_FDCWD, "/lib/x86_64-linux-gnu/libc.so.6", O_RDONLY|O_CLOEXEC) = 5
10788 openat(AT_FDCWD, "/opt/hostedtoolcache/Python/3.12.14/x64/lib/glibc-hwcaps/x86-64-v3/libdl.so.2", O_RDONLY|O_CLOEXEC) = -1 ENOENT (No such file or directory)
10788 openat(AT_FDCWD, "/opt/hostedtoolcache/Python/3.12.14/x64/lib/glibc-hwcaps/x86-64-v2/libdl.so.2", O_RDONLY|O_CLOEXEC <unfinished ...>
10794 openat(AT_FDCWD, "/opt/hostedtoolcache/Python/3.12.14/x64/lib/glibc-hwcaps/x86-64-v3/libc.so.6", O_RDONLY|O_CLOEXEC <unfinished ...>
10788 <... openat resumed>)             = -1 ENOENT (No such file or directory)
10794 <... openat resumed>)             = -1 ENOENT (No such file or directory)
10794 openat(AT_FDCWD, "/opt/hostedtoolcache/Python/3.12.14/x64/lib/glibc-hwcaps/x86-64-v2/libc.so.6", O_RDONLY|O_CLOEXEC <unfinished ...>
10788 openat(AT_FDCWD, "/opt/hostedtoolcache/Python/3.12.14/x64/lib/libdl.so.2", O_RDONLY|O_CLOEXEC <unfinished ...>
10794 <... openat resumed>)             = -1 ENOENT (No such file or directory)
10788 <... openat resumed>)             = -1 ENOENT (No such file or directory)
10794 openat(AT_FDCWD, "/opt/hostedtoolcache/Python/3.12.14/x64/lib/libc.so.6", O_RDONLY|O_CLOEXEC <unfinished ...>
10788 openat(AT_FDCWD, "/etc/ld.so.cache", O_RDONLY|O_CLOEXEC <unfinished ...>
10794 <... openat resumed>)             = -1 ENOENT (No such file or directory)
10788 <... openat resumed>)             = 5
10794 openat(AT_FDCWD, "/etc/ld.so.cache", O_RDONLY|O_CLOEXEC) = 5
10793 openat(AT_FDCWD, "/usr/lib/locale/locale-archive", O_RDONLY|O_CLOEXEC) = 5
10788 openat(AT_FDCWD, "/lib/x86_64-linux-gnu/libdl.so.2", O_RDONLY|O_CLOEXEC) = 5
10794 openat(AT_FDCWD, "/lib/x86_64-linux-gnu/libc.so.6", O_RDONLY|O_CLOEXEC) = 5
10793 openat(AT_FDCWD, "/usr/share/locale/locale.alias", O_RDONLY|O_CLOEXEC) = 5
10793 openat(AT_FDCWD, "/usr/lib/locale/C.UTF-8/LC_IDENTIFICATION", O_RDONLY|O_CLOEXEC <unfinished ...>
10788 openat(AT_FDCWD, "/opt/hostedtoolcache/Python/3.12.14/x64/lib/libpthread.so.0", O_RDONLY|O_CLOEXEC <unfinished ...>
10793 <... openat resumed>)             = -1 ENOENT (No such file or directory)
10788 <... openat resumed>)             = -1 ENOENT (No such file or directory)
10793 openat(AT_FDCWD, "/usr/lib/locale/C.utf8/LC_IDENTIFICATION", O_RDONLY|O_CLOEXEC <unfinished ...>
10788 openat(AT_FDCWD, "/lib/x86_64-linux-gnu/libpthread.so.0", O_RDONLY|O_CLOEXEC <unfinished ...>
10793 <... openat resumed>)             = 5
10788 <... openat resumed>)             = 5
10793 openat(AT_FDCWD, "/usr/lib/x86_64-linux-gnu/gconv/gconv-modules.cache", O_RDONLY|O_CLOEXEC) = 5
10793 openat(AT_FDCWD, "/usr/lib/locale/C.UTF-8/LC_MEASUREMENT", O_RDONLY|O_CLOEXEC <unfinished ...>
10788 openat(AT_FDCWD, "/opt/hostedtoolcache/Python/3.12.14/x64/lib/libglib-2.0.so.0", O_RDONLY|O_CLOEXEC <unfinished ...>
10793 <... openat resumed>)             = -1 ENOENT (No such file or directory)
10788 <... openat resumed>)             = -1 ENOENT (No such file or directory)
10793 openat(AT_FDCWD, "/usr/lib/locale/C.utf8/LC_MEASUREMENT", O_RDONLY|O_CLOEXEC <unfinished ...>
10788 openat(AT_FDCWD, "/lib/x86_64-linux-gnu/libglib-2.0.so.0", O_RDONLY|O_CLOEXEC <unfinished ...>
10793 <... openat resumed>)             = 5
10788 <... openat resumed>)             = 5
10794 openat(AT_FDCWD, "/usr/lib/locale/locale-archive", O_RDONLY|O_CLOEXEC) = 5
10793 openat(AT_FDCWD, "/usr/lib/locale/C.UTF-8/LC_TELEPHONE", O_RDONLY|O_CLOEXEC) = -1 ENOENT (No such file or directory)
10793 openat(AT_FDCWD, "/usr/lib/locale/C.utf8/LC_TELEPHONE", O_RDONLY|O_CLOEXEC) = 5
10794 openat(AT_FDCWD, "/usr/share/locale/locale.alias", O_RDONLY|O_CLOEXEC) = 5
10793 openat(AT_FDCWD, "/usr/lib/locale/C.UTF-8/LC_ADDRESS", O_RDONLY|O_CLOEXEC) = -1 ENOENT (No such file or directory)
10793 openat(AT_FDCWD, "/usr/lib/locale/C.utf8/LC_ADDRESS", O_RDONLY|O_CLOEXEC <unfinished ...>
10788 openat(AT_FDCWD, "/opt/hostedtoolcache/Python/3.12.14/x64/lib/libgobject-2.0.so.0", O_RDONLY|O_CLOEXEC <unfinished ...>
10793 <... openat resumed>)             = 5
10788 <... openat resumed>)             = -1 ENOENT (No such file or directory)
10788 openat(AT_FDCWD, "/lib/x86_64-linux-gnu/libgobject-2.0.so.0", O_RDONLY|O_CLOEXEC <unfinished ...>
10794 openat(AT_FDCWD, "/usr/lib/locale/C.UTF-8/LC_IDENTIFICATION", O_RDONLY|O_CLOEXEC <unfinished ...>
10788 <... openat resumed>)             = 5
10794 <... openat resumed>)             = -1 ENOENT (No such file or directory)
10794 openat(AT_FDCWD, "/usr/lib/locale/C.utf8/LC_IDENTIFICATION", O_RDONLY|O_CLOEXEC) = 5
10793 openat(AT_FDCWD, "/usr/lib/locale/C.UTF-8/LC_NAME", O_RDONLY|O_CLOEXEC) = -1 ENOENT (No such file or directory)
10793 openat(AT_FDCWD, "/usr/lib/locale/C.utf8/LC_NAME", O_RDONLY|O_CLOEXEC) = 5
10794 openat(AT_FDCWD, "/usr/lib/x86_64-linux-gnu/gconv/gconv-modules.cache", O_RDONLY|O_CLOEXEC) = 5
10793 openat(AT_FDCWD, "/usr/lib/locale/C.UTF-8/LC_PAPER", O_RDONLY|O_CLOEXEC) = -1 ENOENT (No such file or directory)
10794 openat(AT_FDCWD, "/usr/lib/locale/C.UTF-8/LC_MEASUREMENT", O_RDONLY|O_CLOEXEC <unfinished ...>
10788 openat(AT_FDCWD, "/opt/hostedtoolcache/Python/3.12.14/x64/lib/libnspr4.so", O_RDONLY|O_CLOEXEC <unfinished ...>
10794 <... openat resumed>)             = -1 ENOENT (No such file or directory)
10793 openat(AT_FDCWD, "/usr/lib/locale/C.utf8/LC_PAPER", O_RDONLY|O_CLOEXEC <unfinished ...>
10794 openat(AT_FDCWD, "/usr/lib/locale/C.utf8/LC_MEASUREMENT", O_RDONLY|O_CLOEXEC <unfinished ...>
10788 <... openat resumed>)             = -1 ENOENT (No such file or directory)
10794 <... openat resumed>)             = 5
10793 <... openat resumed>)             = 5
10788 openat(AT_FDCWD, "/lib/x86_64-linux-gnu/libnspr4.so", O_RDONLY|O_CLOEXEC) = 5
10794 openat(AT_FDCWD, "/usr/lib/locale/C.UTF-8/LC_TELEPHONE", O_RDONLY|O_CLOEXEC) = -1 ENOENT (No such file or directory)
10794 openat(AT_FDCWD, "/usr/lib/locale/C.utf8/LC_TELEPHONE", O_RDONLY|O_CLOEXEC <unfinished ...>
10793 openat(AT_FDCWD, "/usr/lib/locale/C.UTF-8/LC_MESSAGES", O_RDONLY|O_CLOEXEC <unfinished ...>
10794 <... openat resumed>)             = 5
10793 <... openat resumed>)             = -1 ENOENT (No such file or directory)
10793 openat(AT_FDCWD, "/usr/lib/locale/C.utf8/LC_MESSAGES", O_RDONLY|O_CLOEXEC) = 5
10794 openat(AT_FDCWD, "/usr/lib/locale/C.UTF-8/LC_ADDRESS", O_RDONLY|O_CLOEXEC) = -1 ENOENT (No such file or directory)
10793 openat(AT_FDCWD, "/usr/lib/locale/C.utf8/LC_MESSAGES/SYS_LC_MESSAGES", O_RDONLY|O_CLOEXEC <unfinished ...>
10794 openat(AT_FDCWD, "/usr/lib/locale/C.utf8/LC_ADDRESS", O_RDONLY|O_CLOEXEC <unfinished ...>
10793 <... openat resumed>)             = 5
10794 <... openat resumed>)             = 5
10788 openat(AT_FDCWD, "/opt/hostedtoolcache/Python/3.12.14/x64/lib/libnss3.so", O_RDONLY|O_CLOEXEC) = -1 ENOENT (No such file or directory)
10793 openat(AT_FDCWD, "/usr/lib/locale/C.UTF-8/LC_MONETARY", O_RDONLY|O_CLOEXEC <unfinished ...>
10794 openat(AT_FDCWD, "/usr/lib/locale/C.UTF-8/LC_NAME", O_RDONLY|O_CLOEXEC <unfinished ...>
10788 openat(AT_FDCWD, "/lib/x86_64-linux-gnu/libnss3.so", O_RDONLY|O_CLOEXEC <unfinished ...>
10794 <... openat resumed>)             = -1 ENOENT (No such file or directory)
10793 <... openat resumed>)             = -1 ENOENT (No such file or directory)
10794 openat(AT_FDCWD, "/usr/lib/locale/C.utf8/LC_NAME", O_RDONLY|O_CLOEXEC <unfinished ...>
10788 <... openat resumed>)             = 5
10794 <... openat resumed>)             = 5
10793 openat(AT_FDCWD, "/usr/lib/locale/C.utf8/LC_MONETARY", O_RDONLY|O_CLOEXEC) = 5
10794 openat(AT_FDCWD, "/usr/lib/locale/C.UTF-8/LC_PAPER", O_RDONLY|O_CLOEXEC) = -1 ENOENT (No such file or directory)
10794 openat(AT_FDCWD, "/usr/lib/locale/C.utf8/LC_PAPER", O_RDONLY|O_CLOEXEC) = 5
10793 openat(AT_FDCWD, "/usr/lib/locale/C.UTF-8/LC_COLLATE", O_RDONLY|O_CLOEXEC) = -1 ENOENT (No such file or directory)
10793 openat(AT_FDCWD, "/usr/lib/locale/C.utf8/LC_COLLATE", O_RDONLY|O_CLOEXEC) = 5
10794 openat(AT_FDCWD, "/usr/lib/locale/C.UTF-8/LC_MESSAGES", O_RDONLY|O_CLOEXEC) = -1 ENOENT (No such file or directory)
10794 openat(AT_FDCWD, "/usr/lib/locale/C.utf8/LC_MESSAGES", O_RDONLY|O_CLOEXEC) = 5
10793 openat(AT_FDCWD, "/usr/lib/locale/C.UTF-8/LC_TIME", O_RDONLY|O_CLOEXEC) = -1 ENOENT (No such file or directory)
10788 openat(AT_FDCWD, "/opt/hostedtoolcache/Python/3.12.14/x64/lib/libnssutil3.so", O_RDONLY|O_CLOEXEC <unfinished ...>
10794 openat(AT_FDCWD, "/usr/lib/locale/C.utf8/LC_MESSAGES/SYS_LC_MESSAGES", O_RDONLY|O_CLOEXEC <unfinished ...>
10793 openat(AT_FDCWD, "/usr/lib/locale/C.utf8/LC_TIME", O_RDONLY|O_CLOEXEC <unfinished ...>
10794 <... openat resumed>)             = 5
10788 <... openat resumed>)             = -1 ENOENT (No such file or directory)
10793 <... openat resumed>)             = 5
10788 openat(AT_FDCWD, "/lib/x86_64-linux-gnu/libnssutil3.so", O_RDONLY|O_CLOEXEC) = 5
10794 openat(AT_FDCWD, "/usr/lib/locale/C.UTF-8/LC_MONETARY", O_RDONLY|O_CLOEXEC) = -1 ENOENT (No such file or directory)
10794 openat(AT_FDCWD, "/usr/lib/locale/C.utf8/LC_MONETARY", O_RDONLY|O_CLOEXEC <unfinished ...>
10793 openat(AT_FDCWD, "/usr/lib/locale/C.UTF-8/LC_NUMERIC", O_RDONLY|O_CLOEXEC <unfinished ...>
10794 <... openat resumed>)             = 5
10793 <... openat resumed>)             = -1 ENOENT (No such file or directory)
10793 openat(AT_FDCWD, "/usr/lib/locale/C.utf8/LC_NUMERIC", O_RDONLY|O_CLOEXEC) = 5
10794 openat(AT_FDCWD, "/usr/lib/locale/C.UTF-8/LC_COLLATE", O_RDONLY|O_CLOEXEC) = -1 ENOENT (No such file or directory)
10794 openat(AT_FDCWD, "/usr/lib/locale/C.utf8/LC_COLLATE", O_RDONLY|O_CLOEXEC) = 5
10793 openat(AT_FDCWD, "/usr/lib/locale/C.UTF-8/LC_CTYPE", O_RDONLY|O_CLOEXEC <unfinished ...>
10788 openat(AT_FDCWD, "/opt/hostedtoolcache/Python/3.12.14/x64/lib/libsmime3.so", O_RDONLY|O_CLOEXEC <unfinished ...>
10793 <... openat resumed>)             = -1 ENOENT (No such file or directory)
10788 <... openat resumed>)             = -1 ENOENT (No such file or directory)
10793 openat(AT_FDCWD, "/usr/lib/locale/C.utf8/LC_CTYPE", O_RDONLY|O_CLOEXEC <unfinished ...>
10788 openat(AT_FDCWD, "/lib/x86_64-linux-gnu/libsmime3.so", O_RDONLY|O_CLOEXEC <unfinished ...>
10793 <... openat resumed>)             = 5
10794 openat(AT_FDCWD, "/usr/lib/locale/C.UTF-8/LC_TIME", O_RDONLY|O_CLOEXEC <unfinished ...>
10788 <... openat resumed>)             = 5
10794 <... openat resumed>)             = -1 ENOENT (No such file or directory)
10794 openat(AT_FDCWD, "/usr/lib/locale/C.utf8/LC_TIME", O_RDONLY|O_CLOEXEC) = 5
10794 openat(AT_FDCWD, "/usr/lib/locale/C.UTF-8/LC_NUMERIC", O_RDONLY|O_CLOEXEC) = -1 ENOENT (No such file or directory)
10794 openat(AT_FDCWD, "/usr/lib/locale/C.utf8/LC_NUMERIC", O_RDONLY|O_CLOEXEC) = 5
10788 openat(AT_FDCWD, "/opt/hostedtoolcache/Python/3.12.14/x64/lib/libgio-2.0.so.0", O_RDONLY|O_CLOEXEC <unfinished ...>
10794 openat(AT_FDCWD, "/usr/lib/locale/C.UTF-8/LC_CTYPE", O_RDONLY|O_CLOEXEC <unfinished ...>
10788 <... openat resumed>)             = -1 ENOENT (No such file or directory)
10794 <... openat resumed>)             = -1 ENOENT (No such file or directory)
10788 openat(AT_FDCWD, "/lib/x86_64-linux-gnu/libgio-2.0.so.0", O_RDONLY|O_CLOEXEC <unfinished ...>
10794 openat(AT_FDCWD, "/usr/lib/locale/C.utf8/LC_CTYPE", O_RDONLY|O_CLOEXEC <unfinished ...>
10788 <... openat resumed>)             = 5
10794 <... openat resumed>)             = 5
10788 openat(AT_FDCWD, "/opt/hostedtoolcache/Python/3.12.14/x64/lib/libatk-1.0.so.0", O_RDONLY|O_CLOEXEC) = -1 ENOENT (No such file or directory)
10788 openat(AT_FDCWD, "/lib/x86_64-linux-gnu/libatk-1.0.so.0", O_RDONLY|O_CLOEXEC) = 5
10788 openat(AT_FDCWD, "/opt/hostedtoolcache/Python/3.12.14/x64/lib/libatk-bridge-2.0.so.0", O_RDONLY|O_CLOEXEC) = -1 ENOENT (No such file or directory)
10788 openat(AT_FDCWD, "/lib/x86_64-linux-gnu/libatk-bridge-2.0.so.0", O_RDONLY|O_CLOEXEC) = 5
10788 openat(AT_FDCWD, "/opt/hostedtoolcache/Python/3.12.14/x64/lib/libdbus-1.so.3", O_RDONLY|O_CLOEXEC) = -1 ENOENT (No such file or directory)
10788 openat(AT_FDCWD, "/lib/x86_64-linux-gnu/libdbus-1.so.3", O_RDONLY|O_CLOEXEC) = 5
10788 openat(AT_FDCWD, "/opt/hostedtoolcache/Python/3.12.14/x64/lib/libcups.so.2", O_RDONLY|O_CLOEXEC) = -1 ENOENT (No such file or directory)
10788 openat(AT_FDCWD, "/lib/x86_64-linux-gnu/libcups.so.2", O_RDONLY|O_CLOEXEC) = 5
10788 openat(AT_FDCWD, "/opt/hostedtoolcache/Python/3.12.14/x64/lib/libexpat.so.1", O_RDONLY|O_CLOEXEC) = -1 ENOENT (No such file or directory)
10788 openat(AT_FDCWD, "/lib/x86_64-linux-gnu/libexpat.so.1", O_RDONLY|O_CLOEXEC) = 5
10788 openat(AT_FDCWD, "/opt/hostedtoolcache/Python/3.12.14/x64/lib/libxcb.so.1", O_RDONLY|O_CLOEXEC) = -1 ENOENT (No such file or directory)
10788 openat(AT_FDCWD, "/lib/x86_64-linux-gnu/libxcb.so.1", O_RDONLY|O_CLOEXEC) = 5
10788 openat(AT_FDCWD, "/opt/hostedtoolcache/Python/3.12.14/x64/lib/libxkbcommon.so.0", O_RDONLY|O_CLOEXEC) = -1 ENOENT (No such file or directory)
10788 openat(AT_FDCWD, "/lib/x86_64-linux-gnu/libxkbcommon.so.0", O_RDONLY|O_CLOEXEC) = 5
10788 openat(AT_FDCWD, "/opt/hostedtoolcache/Python/3.12.14/x64/lib/libasound.so.2", O_RDONLY|O_CLOEXEC) = -1 ENOENT (No such file or directory)
10788 openat(AT_FDCWD, "/lib/x86_64-linux-gnu/libasound.so.2", O_RDONLY|O_CLOEXEC) = 5
10788 openat(AT_FDCWD, "/opt/hostedtoolcache/Python/3.12.14/x64/lib/libgbm.so.1", O_RDONLY|O_CLOEXEC) = -1 ENOENT (No such file or directory)
10788 openat(AT_FDCWD, "/lib/x86_64-linux-gnu/libgbm.so.1", O_RDONLY|O_CLOEXEC) = 5
10788 openat(AT_FDCWD, "/opt/hostedtoolcache/Python/3.12.14/x64/lib/libX11.so.6", O_RDONLY|O_CLOEXEC) = -1 ENOENT (No such file or directory)
10788 openat(AT_FDCWD, "/lib/x86_64-linux-gnu/libX11.so.6", O_RDONLY|O_CLOEXEC) = 5
10788 openat(AT_FDCWD, "/opt/hostedtoolcache/Python/3.12.14/x64/lib/libXext.so.6", O_RDONLY|O_CLOEXEC) = -1 ENOENT (No such file or directory)
10788 openat(AT_FDCWD, "/lib/x86_64-linux-gnu/libXext.so.6", O_RDONLY|O_CLOEXEC) = 5
10788 openat(AT_FDCWD, "/opt/hostedtoolcache/Python/3.12.14/x64/lib/libcairo.so.2", O_RDONLY|O_CLOEXEC) = -1 ENOENT (No such file or directory)
10788 openat(AT_FDCWD, "/lib/x86_64-linux-gnu/libcairo.so.2", O_RDONLY|O_CLOEXEC) = 5
10788 openat(AT_FDCWD, "/opt/hostedtoolcache/Python/3.12.14/x64/lib/libpango-1.0.so.0", O_RDONLY|O_CLOEXEC) = -1 ENOENT (No such file or directory)
10788 openat(AT_FDCWD, "/lib/x86_64-linux-gnu/libpango-1.0.so.0", O_RDONLY|O_CLOEXEC) = 5
10788 openat(AT_FDCWD, "/opt/hostedtoolcache/Python/3.12.14/x64/lib/libudev.so.1", O_RDONLY|O_CLOEXEC) = -1 ENOENT (No such file or directory)
10788 openat(AT_FDCWD, "/lib/x86_64-linux-gnu/libudev.so.1", O_RDONLY|O_CLOEXEC) = 5
10788 openat(AT_FDCWD, "/opt/hostedtoolcache/Python/3.12.14/x64/lib/libm.so.6", O_RDONLY|O_CLOEXEC) = -1 ENOENT (No such file or directory)
10788 openat(AT_FDCWD, "/lib/x86_64-linux-gnu/libm.so.6", O_RDONLY|O_CLOEXEC) = 5
10788 openat(AT_FDCWD, "/opt/hostedtoolcache/Python/3.12.14/x64/lib/libXcomposite.so.1", O_RDONLY|O_CLOEXEC) = -1 ENOENT (No such file or directory)
10788 openat(AT_FDCWD, "/lib/x86_64-linux-gnu/libXcomposite.so.1", O_RDONLY|O_CLOEXEC) = 5
10788 openat(AT_FDCWD, "/opt/hostedtoolcache/Python/3.12.14/x64/lib/libXdamage.so.1", O_RDONLY|O_CLOEXEC) = -1 ENOENT (No such file or directory)
10788 openat(AT_FDCWD, "/lib/x86_64-linux-gnu/libXdamage.so.1", O_RDONLY|O_CLOEXEC) = 5
10788 openat(AT_FDCWD, "/opt/hostedtoolcache/Python/3.12.14/x64/lib/libXfixes.so.3", O_RDONLY|O_CLOEXEC) = -1 ENOENT (No such file or directory)
10788 openat(AT_FDCWD, "/lib/x86_64-linux-gnu/libXfixes.so.3", O_RDONLY|O_CLOEXEC) = 5
10788 openat(AT_FDCWD, "/opt/hostedtoolcache/Python/3.12.14/x64/lib/libXrandr.so.2", O_RDONLY|O_CLOEXEC) = -1 ENOENT (No such file or directory)
10788 openat(AT_FDCWD, "/lib/x86_64-linux-gnu/libXrandr.so.2", O_RDONLY|O_CLOEXEC) = 5
10788 openat(AT_FDCWD, "/opt/hostedtoolcache/Python/3.12.14/x64/lib/libatspi.so.0", O_RDONLY|O_CLOEXEC) = -1 ENOENT (No such file or directory)
10788 openat(AT_FDCWD, "/lib/x86_64-linux-gnu/libatspi.so.0", O_RDONLY|O_CLOEXEC) = 5
10788 openat(AT_FDCWD, "/opt/hostedtoolcache/Python/3.12.14/x64/lib/libgcc_s.so.1", O_RDONLY|O_CLOEXEC) = -1 ENOENT (No such file or directory)
10788 openat(AT_FDCWD, "/lib/x86_64-linux-gnu/libgcc_s.so.1", O_RDONLY|O_CLOEXEC) = 5
10788 openat(AT_FDCWD, "/opt/hostedtoolcache/Python/3.12.14/x64/lib/libc.so.6", O_RDONLY|O_CLOEXEC) = -1 ENOENT (No such file or directory)
10788 openat(AT_FDCWD, "/lib/x86_64-linux-gnu/libc.so.6", O_RDONLY|O_CLOEXEC) = 5
10788 openat(AT_FDCWD, "/opt/hostedtoolcache/Python/3.12.14/x64/lib/libpcre2-8.so.0", O_RDONLY|O_CLOEXEC) = -1 ENOENT (No such file or directory)
10788 openat(AT_FDCWD, "/lib/x86_64-linux-gnu/libpcre2-8.so.0", O_RDONLY|O_CLOEXEC) = 5
10788 openat(AT_FDCWD, "/opt/hostedtoolcache/Python/3.12.14/x64/lib/libffi.so.8", O_RDONLY|O_CLOEXEC) = -1 ENOENT (No such file or directory)
10788 openat(AT_FDCWD, "/lib/x86_64-linux-gnu/libffi.so.8", O_RDONLY|O_CLOEXEC) = 5
10788 openat(AT_FDCWD, "/opt/hostedtoolcache/Python/3.12.14/x64/lib/libplc4.so", O_RDONLY|O_CLOEXEC) = -1 ENOENT (No such file or directory)
10788 openat(AT_FDCWD, "/lib/x86_64-linux-gnu/libplc4.so", O_RDONLY|O_CLOEXEC) = 5
10788 openat(AT_FDCWD, "/opt/hostedtoolcache/Python/3.12.14/x64/lib/libplds4.so", O_RDONLY|O_CLOEXEC) = -1 ENOENT (No such file or directory)
10788 openat(AT_FDCWD, "/lib/x86_64-linux-gnu/libplds4.so", O_RDONLY|O_CLOEXEC) = 5
10788 openat(AT_FDCWD, "/opt/hostedtoolcache/Python/3.12.14/x64/lib/libgmodule-2.0.so.0", O_RDONLY|O_CLOEXEC) = -1 ENOENT (No such file or directory)
10788 openat(AT_FDCWD, "/lib/x86_64-linux-gnu/libgmodule-2.0.so.0", O_RDONLY|O_CLOEXEC) = 5
10788 openat(AT_FDCWD, "/opt/hostedtoolcache/Python/3.12.14/x64/lib/libz.so.1", O_RDONLY|O_CLOEXEC) = -1 ENOENT (No such file or directory)
10788 openat(AT_FDCWD, "/lib/x86_64-linux-gnu/libz.so.1", O_RDONLY|O_CLOEXEC) = 5
10788 openat(AT_FDCWD, "/opt/hostedtoolcache/Python/3.12.14/x64/lib/libmount.so.1", O_RDONLY|O_CLOEXEC) = -1 ENOENT (No such file or directory)
10788 openat(AT_FDCWD, "/lib/x86_64-linux-gnu/libmount.so.1", O_RDONLY|O_CLOEXEC) = 5
10788 openat(AT_FDCWD, "/opt/hostedtoolcache/Python/3.12.14/x64/lib/libselinux.so.1", O_RDONLY|O_CLOEXEC) = -1 ENOENT (No such file or directory)
10788 openat(AT_FDCWD, "/lib/x86_64-linux-gnu/libselinux.so.1", O_RDONLY|O_CLOEXEC) = 5
10788 openat(AT_FDCWD, "/opt/hostedtoolcache/Python/3.12.14/x64/lib/libsystemd.so.0", O_RDONLY|O_CLOEXEC) = -1 ENOENT (No such file or directory)
10788 openat(AT_FDCWD, "/lib/x86_64-linux-gnu/libsystemd.so.0", O_RDONLY|O_CLOEXEC) = 5
10788 openat(AT_FDCWD, "/opt/hostedtoolcache/Python/3.12.14/x64/lib/libgssapi_krb5.so.2", O_RDONLY|O_CLOEXEC) = -1 ENOENT (No such file or directory)
10788 openat(AT_FDCWD, "/lib/x86_64-linux-gnu/libgssapi_krb5.so.2", O_RDONLY|O_CLOEXEC) = 5
10788 openat(AT_FDCWD, "/opt/hostedtoolcache/Python/3.12.14/x64/lib/libavahi-common.so.3", O_RDONLY|O_CLOEXEC) = -1 ENOENT (No such file or directory)
10788 openat(AT_FDCWD, "/lib/x86_64-linux-gnu/libavahi-common.so.3", O_RDONLY|O_CLOEXEC) = 5
10788 openat(AT_FDCWD, "/opt/hostedtoolcache/Python/3.12.14/x64/lib/libavahi-client.so.3", O_RDONLY|O_CLOEXEC) = -1 ENOENT (No such file or directory)
10788 openat(AT_FDCWD, "/lib/x86_64-linux-gnu/libavahi-client.so.3", O_RDONLY|O_CLOEXEC) = 5
10788 openat(AT_FDCWD, "/opt/hostedtoolcache/Python/3.12.14/x64/lib/libgnutls.so.30", O_RDONLY|O_CLOEXEC) = -1 ENOENT (No such file or directory)
10788 openat(AT_FDCWD, "/lib/x86_64-linux-gnu/libgnutls.so.30", O_RDONLY|O_CLOEXEC) = 5
10788 openat(AT_FDCWD, "/opt/hostedtoolcache/Python/3.12.14/x64/lib/libXau.so.6", O_RDONLY|O_CLOEXEC) = -1 ENOENT (No such file or directory)
10788 openat(AT_FDCWD, "/lib/x86_64-linux-gnu/libXau.so.6", O_RDONLY|O_CLOEXEC) = 5
10788 openat(AT_FDCWD, "/opt/hostedtoolcache/Python/3.12.14/x64/lib/libXdmcp.so.6", O_RDONLY|O_CLOEXEC) = -1 ENOENT (No such file or directory)
10788 openat(AT_FDCWD, "/lib/x86_64-linux-gnu/libXdmcp.so.6", O_RDONLY|O_CLOEXEC) = 5
10788 openat(AT_FDCWD, "/opt/hostedtoolcache/Python/3.12.14/x64/lib/libdrm.so.2", O_RDONLY|O_CLOEXEC) = -1 ENOENT (No such file or directory)
10788 openat(AT_FDCWD, "/lib/x86_64-linux-gnu/libdrm.so.2", O_RDONLY|O_CLOEXEC) = 5
10788 openat(AT_FDCWD, "/opt/hostedtoolcache/Python/3.12.14/x64/lib/libpng16.so.16", O_RDONLY|O_CLOEXEC) = -1 ENOENT (No such file or directory)
10788 openat(AT_FDCWD, "/lib/x86_64-linux-gnu/libpng16.so.16", O_RDONLY|O_CLOEXEC) = 5
10788 openat(AT_FDCWD, "/opt/hostedtoolcache/Python/3.12.14/x64/lib/libfontconfig.so.1", O_RDONLY|O_CLOEXEC) = -1 ENOENT (No such file or directory)
10788 openat(AT_FDCWD, "/lib/x86_64-linux-gnu/libfontconfig.so.1", O_RDONLY|O_CLOEXEC) = 5
10788 openat(AT_FDCWD, "/opt/hostedtoolcache/Python/3.12.14/x64/lib/libfreetype.so.6", O_RDONLY|O_CLOEXEC) = -1 ENOENT (No such file or directory)
10788 openat(AT_FDCWD, "/lib/x86_64-linux-gnu/libfreetype.so.6", O_RDONLY|O_CLOEXEC) = 5
10788 openat(AT_FDCWD, "/opt/hostedtoolcache/Python/3.12.14/x64/lib/libXrender.so.1", O_RDONLY|O_CLOEXEC) = -1 ENOENT (No such file or directory)
10788 openat(AT_FDCWD, "/lib/x86_64-linux-gnu/libXrender.so.1", O_RDONLY|O_CLOEXEC) = 5
10788 openat(AT_FDCWD, "/opt/hostedtoolcache/Python/3.12.14/x64/lib/libxcb-render.so.0", O_RDONLY|O_CLOEXEC) = -1 ENOENT (No such file or directory)
10788 openat(AT_FDCWD, "/lib/x86_64-linux-gnu/libxcb-render.so.0", O_RDONLY|O_CLOEXEC) = 5
10788 openat(AT_FDCWD, "/opt/hostedtoolcache/Python/3.12.14/x64/lib/libxcb-shm.so.0", O_RDONLY|O_CLOEXEC) = -1 ENOENT (No such file or directory)
10788 openat(AT_FDCWD, "/lib/x86_64-linux-gnu/libxcb-shm.so.0", O_RDONLY|O_CLOEXEC) = 5
10788 openat(AT_FDCWD, "/opt/hostedtoolcache/Python/3.12.14/x64/lib/libpixman-1.so.0", O_RDONLY|O_CLOEXEC) = -1 ENOENT (No such file or directory)
10788 openat(AT_FDCWD, "/lib/x86_64-linux-gnu/libpixman-1.so.0", O_RDONLY|O_CLOEXEC) = 5
10788 openat(AT_FDCWD, "/opt/hostedtoolcache/Python/3.12.14/x64/lib/libfribidi.so.0", O_RDONLY|O_CLOEXEC) = -1 ENOENT (No such file or directory)
10788 openat(AT_FDCWD, "/lib/x86_64-linux-gnu/libfribidi.so.0", O_RDONLY|O_CLOEXEC) = 5
10788 openat(AT_FDCWD, "/opt/hostedtoolcache/Python/3.12.14/x64/lib/libthai.so.0", O_RDONLY|O_CLOEXEC) = -1 ENOENT (No such file or directory)
10788 openat(AT_FDCWD, "/lib/x86_64-linux-gnu/libthai.so.0", O_RDONLY|O_CLOEXEC) = 5
10788 openat(AT_FDCWD, "/opt/hostedtoolcache/Python/3.12.14/x64/lib/libharfbuzz.so.0", O_RDONLY|O_CLOEXEC) = -1 ENOENT (No such file or directory)
10788 openat(AT_FDCWD, "/lib/x86_64-linux-gnu/libharfbuzz.so.0", O_RDONLY|O_CLOEXEC) = 5
10788 openat(AT_FDCWD, "/opt/hostedtoolcache/Python/3.12.14/x64/lib/libcap.so.2", O_RDONLY|O_CLOEXEC) = -1 ENOENT (No such file or directory)
10788 openat(AT_FDCWD, "/lib/x86_64-linux-gnu/libcap.so.2", O_RDONLY|O_CLOEXEC) = 5
10788 openat(AT_FDCWD, "/opt/hostedtoolcache/Python/3.12.14/x64/lib/libXi.so.6", O_RDONLY|O_CLOEXEC) = -1 ENOENT (No such file or directory)
10788 openat(AT_FDCWD, "/lib/x86_64-linux-gnu/libXi.so.6", O_RDONLY|O_CLOEXEC) = 5
10788 openat(AT_FDCWD, "/opt/hostedtoolcache/Python/3.12.14/x64/lib/libblkid.so.1", O_RDONLY|O_CLOEXEC) = -1 ENOENT (No such file or directory)
10788 openat(AT_FDCWD, "/lib/x86_64-linux-gnu/libblkid.so.1", O_RDONLY|O_CLOEXEC) = 5
10788 openat(AT_FDCWD, "/opt/hostedtoolcache/Python/3.12.14/x64/lib/libgcrypt.so.20", O_RDONLY|O_CLOEXEC) = -1 ENOENT (No such file or directory)
10788 openat(AT_FDCWD, "/lib/x86_64-linux-gnu/libgcrypt.so.20", O_RDONLY|O_CLOEXEC) = 5
10788 openat(AT_FDCWD, "/opt/hostedtoolcache/Python/3.12.14/x64/lib/liblz4.so.1", O_RDONLY|O_CLOEXEC) = -1 ENOENT (No such file or directory)
10788 openat(AT_FDCWD, "/lib/x86_64-linux-gnu/liblz4.so.1", O_RDONLY|O_CLOEXEC) = 5
10788 openat(AT_FDCWD, "/opt/hostedtoolcache/Python/3.12.14/x64/lib/liblzma.so.5", O_RDONLY|O_CLOEXEC) = -1 ENOENT (No such file or directory)
10788 openat(AT_FDCWD, "/lib/x86_64-linux-gnu/liblzma.so.5", O_RDONLY|O_CLOEXEC) = 5
10788 openat(AT_FDCWD, "/opt/hostedtoolcache/Python/3.12.14/x64/lib/libzstd.so.1", O_RDONLY|O_CLOEXEC) = -1 ENOENT (No such file or directory)
10788 openat(AT_FDCWD, "/lib/x86_64-linux-gnu/libzstd.so.1", O_RDONLY|O_CLOEXEC) = 5
10788 openat(AT_FDCWD, "/opt/hostedtoolcache/Python/3.12.14/x64/lib/libkrb5.so.3", O_RDONLY|O_CLOEXEC) = -1 ENOENT (No such file or directory)
10788 openat(AT_FDCWD, "/lib/x86_64-linux-gnu/libkrb5.so.3", O_RDONLY|O_CLOEXEC) = 5
10788 openat(AT_FDCWD, "/opt/hostedtoolcache/Python/3.12.14/x64/lib/libk5crypto.so.3", O_RDONLY|O_CLOEXEC) = -1 ENOENT (No such file or directory)
10788 openat(AT_FDCWD, "/lib/x86_64-linux-gnu/libk5crypto.so.3", O_RDONLY|O_CLOEXEC) = 5
10788 openat(AT_FDCWD, "/opt/hostedtoolcache/Python/3.12.14/x64/lib/libcom_err.so.2", O_RDONLY|O_CLOEXEC) = -1 ENOENT (No such file or directory)
10788 openat(AT_FDCWD, "/lib/x86_64-linux-gnu/libcom_err.so.2", O_RDONLY|O_CLOEXEC) = 5
10788 openat(AT_FDCWD, "/opt/hostedtoolcache/Python/3.12.14/x64/lib/libkrb5support.so.0", O_RDONLY|O_CLOEXEC) = -1 ENOENT (No such file or directory)
10788 openat(AT_FDCWD, "/lib/x86_64-linux-gnu/libkrb5support.so.0", O_RDONLY|O_CLOEXEC) = 5
10788 openat(AT_FDCWD, "/opt/hostedtoolcache/Python/3.12.14/x64/lib/libp11-kit.so.0", O_RDONLY|O_CLOEXEC) = -1 ENOENT (No such file or directory)
10788 openat(AT_FDCWD, "/lib/x86_64-linux-gnu/libp11-kit.so.0", O_RDONLY|O_CLOEXEC) = 5
10788 openat(AT_FDCWD, "/opt/hostedtoolcache/Python/3.12.14/x64/lib/libidn2.so.0", O_RDONLY|O_CLOEXEC) = -1 ENOENT (No such file or directory)
10788 openat(AT_FDCWD, "/lib/x86_64-linux-gnu/libidn2.so.0", O_RDONLY|O_CLOEXEC) = 5
10788 openat(AT_FDCWD, "/opt/hostedtoolcache/Python/3.12.14/x64/lib/libunistring.so.5", O_RDONLY|O_CLOEXEC) = -1 ENOENT (No such file or directory)
10788 openat(AT_FDCWD, "/lib/x86_64-linux-gnu/libunistring.so.5", O_RDONLY|O_CLOEXEC) = 5
10788 openat(AT_FDCWD, "/opt/hostedtoolcache/Python/3.12.14/x64/lib/libtasn1.so.6", O_RDONLY|O_CLOEXEC) = -1 ENOENT (No such file or directory)
10788 openat(AT_FDCWD, "/lib/x86_64-linux-gnu/libtasn1.so.6", O_RDONLY|O_CLOEXEC) = 5
10788 openat(AT_FDCWD, "/opt/hostedtoolcache/Python/3.12.14/x64/lib/libnettle.so.8", O_RDONLY|O_CLOEXEC) = -1 ENOENT (No such file or directory)
10788 openat(AT_FDCWD, "/lib/x86_64-linux-gnu/libnettle.so.8", O_RDONLY|O_CLOEXEC) = 5
10788 openat(AT_FDCWD, "/opt/hostedtoolcache/Python/3.12.14/x64/lib/libhogweed.so.6", O_RDONLY|O_CLOEXEC) = -1 ENOENT (No such file or directory)
10788 openat(AT_FDCWD, "/lib/x86_64-linux-gnu/libhogweed.so.6", O_RDONLY|O_CLOEXEC) = 5
10788 openat(AT_FDCWD, "/opt/hostedtoolcache/Python/3.12.14/x64/lib/libgmp.so.10", O_RDONLY|O_CLOEXEC) = -1 ENOENT (No such file or directory)
10788 openat(AT_FDCWD, "/lib/x86_64-linux-gnu/libgmp.so.10", O_RDONLY|O_CLOEXEC) = 5
10788 openat(AT_FDCWD, "/opt/hostedtoolcache/Python/3.12.14/x64/lib/libbsd.so.0", O_RDONLY|O_CLOEXEC) = -1 ENOENT (No such file or directory)
10788 openat(AT_FDCWD, "/lib/x86_64-linux-gnu/libbsd.so.0", O_RDONLY|O_CLOEXEC) = 5
10788 openat(AT_FDCWD, "/opt/hostedtoolcache/Python/3.12.14/x64/lib/libbz2.so.1.0", O_RDONLY|O_CLOEXEC) = -1 ENOENT (No such file or directory)
10788 openat(AT_FDCWD, "/lib/x86_64-linux-gnu/libbz2.so.1.0", O_RDONLY|O_CLOEXEC) = 5
10788 openat(AT_FDCWD, "/opt/hostedtoolcache/Python/3.12.14/x64/lib/libbrotlidec.so.1", O_RDONLY|O_CLOEXEC) = -1 ENOENT (No such file or directory)
10788 openat(AT_FDCWD, "/lib/x86_64-linux-gnu/libbrotlidec.so.1", O_RDONLY|O_CLOEXEC) = 5
10788 openat(AT_FDCWD, "/opt/hostedtoolcache/Python/3.12.14/x64/lib/libdatrie.so.1", O_RDONLY|O_CLOEXEC) = -1 ENOENT (No such file or directory)
10788 openat(AT_FDCWD, "/lib/x86_64-linux-gnu/libdatrie.so.1", O_RDONLY|O_CLOEXEC) = 5
10788 openat(AT_FDCWD, "/opt/hostedtoolcache/Python/3.12.14/x64/lib/libgraphite2.so.3", O_RDONLY|O_CLOEXEC) = -1 ENOENT (No such file or directory)
10788 openat(AT_FDCWD, "/lib/x86_64-linux-gnu/libgraphite2.so.3", O_RDONLY|O_CLOEXEC) = 5
10788 openat(AT_FDCWD, "/opt/hostedtoolcache/Python/3.12.14/x64/lib/libgpg-error.so.0", O_RDONLY|O_CLOEXEC) = -1 ENOENT (No such file or directory)
10788 openat(AT_FDCWD, "/lib/x86_64-linux-gnu/libgpg-error.so.0", O_RDONLY|O_CLOEXEC) = 5
10788 openat(AT_FDCWD, "/opt/hostedtoolcache/Python/3.12.14/x64/lib/libkeyutils.so.1", O_RDONLY|O_CLOEXEC) = -1 ENOENT (No such file or directory)
10788 openat(AT_FDCWD, "/lib/x86_64-linux-gnu/libkeyutils.so.1", O_RDONLY|O_CLOEXEC) = 5
10788 openat(AT_FDCWD, "/opt/hostedtoolcache/Python/3.12.14/x64/lib/libresolv.so.2", O_RDONLY|O_CLOEXEC) = -1 ENOENT (No such file or directory)
10788 openat(AT_FDCWD, "/lib/x86_64-linux-gnu/libresolv.so.2", O_RDONLY|O_CLOEXEC) = 5
10788 openat(AT_FDCWD, "/opt/hostedtoolcache/Python/3.12.14/x64/lib/libmd.so.0", O_RDONLY|O_CLOEXEC) = -1 ENOENT (No such file or directory)
10788 openat(AT_FDCWD, "/lib/x86_64-linux-gnu/libmd.so.0", O_RDONLY|O_CLOEXEC) = 5
10788 openat(AT_FDCWD, "/opt/hostedtoolcache/Python/3.12.14/x64/lib/libbrotlicommon.so.1", O_RDONLY|O_CLOEXEC) = -1 ENOENT (No such file or directory)
10788 openat(AT_FDCWD, "/lib/x86_64-linux-gnu/libbrotlicommon.so.1", O_RDONLY|O_CLOEXEC) = 5
10788 openat(AT_FDCWD, "/etc/gnutls/config", O_RDONLY|O_CLOEXEC) = 5
10788 openat(AT_FDCWD, "/proc/filesystems", O_RDONLY|O_CLOEXEC) = 5
10788 openat(AT_FDCWD, "/proc/self/stat", O_RDONLY|O_CLOEXEC) = 5
10788 openat(AT_FDCWD, "/proc/stat", O_RDONLY|O_CLOEXEC) = 5
10788 openat(AT_FDCWD, "/usr/lib/locale/locale-archive", O_RDONLY|O_CLOEXEC) = 5
10788 openat(AT_FDCWD, "/usr/share/locale/locale.alias", O_RDONLY|O_CLOEXEC) = 5
10788 openat(AT_FDCWD, "/usr/lib/locale/C.UTF-8/LC_IDENTIFICATION", O_RDONLY|O_CLOEXEC) = -1 ENOENT (No such file or directory)
10788 openat(AT_FDCWD, "/usr/lib/locale/C.utf8/LC_IDENTIFICATION", O_RDONLY|O_CLOEXEC) = 5
10788 openat(AT_FDCWD, "/usr/lib/x86_64-linux-gnu/gconv/gconv-modules.cache", O_RDONLY|O_CLOEXEC) = 5
10788 openat(AT_FDCWD, "/usr/lib/locale/C.UTF-8/LC_MEASUREMENT", O_RDONLY|O_CLOEXEC) = -1 ENOENT (No such file or directory)
10788 openat(AT_FDCWD, "/usr/lib/locale/C.utf8/LC_MEASUREMENT", O_RDONLY|O_CLOEXEC) = 5
10788 openat(AT_FDCWD, "/usr/lib/locale/C.UTF-8/LC_TELEPHONE", O_RDONLY|O_CLOEXEC) = -1 ENOENT (No such file or directory)
10788 openat(AT_FDCWD, "/usr/lib/locale/C.utf8/LC_TELEPHONE", O_RDONLY|O_CLOEXEC) = 5
10788 openat(AT_FDCWD, "/usr/lib/locale/C.UTF-8/LC_ADDRESS", O_RDONLY|O_CLOEXEC) = -1 ENOENT (No such file or directory)
10788 openat(AT_FDCWD, "/usr/lib/locale/C.utf8/LC_ADDRESS", O_RDONLY|O_CLOEXEC) = 5
10788 openat(AT_FDCWD, "/usr/lib/locale/C.UTF-8/LC_NAME", O_RDONLY|O_CLOEXEC) = -1 ENOENT (No such file or directory)
10788 openat(AT_FDCWD, "/usr/lib/locale/C.utf8/LC_NAME", O_RDONLY|O_CLOEXEC) = 5
10788 openat(AT_FDCWD, "/usr/lib/locale/C.UTF-8/LC_PAPER", O_RDONLY|O_CLOEXEC) = -1 ENOENT (No such file or directory)
10788 openat(AT_FDCWD, "/usr/lib/locale/C.utf8/LC_PAPER", O_RDONLY|O_CLOEXEC) = 5
10788 openat(AT_FDCWD, "/usr/lib/locale/C.UTF-8/LC_MESSAGES", O_RDONLY|O_CLOEXEC) = -1 ENOENT (No such file or directory)
10788 openat(AT_FDCWD, "/usr/lib/locale/C.utf8/LC_MESSAGES", O_RDONLY|O_CLOEXEC) = 5
10788 openat(AT_FDCWD, "/usr/lib/locale/C.utf8/LC_MESSAGES/SYS_LC_MESSAGES", O_RDONLY|O_CLOEXEC) = 5
10788 openat(AT_FDCWD, "/usr/lib/locale/C.UTF-8/LC_MONETARY", O_RDONLY|O_CLOEXEC) = -1 ENOENT (No such file or directory)
10788 openat(AT_FDCWD, "/usr/lib/locale/C.utf8/LC_MONETARY", O_RDONLY|O_CLOEXEC) = 5
10788 openat(AT_FDCWD, "/usr/lib/locale/C.UTF-8/LC_COLLATE", O_RDONLY|O_CLOEXEC) = -1 ENOENT (No such file or directory)
10788 openat(AT_FDCWD, "/usr/lib/locale/C.utf8/LC_COLLATE", O_RDONLY|O_CLOEXEC) = 5
10788 openat(AT_FDCWD, "/usr/lib/locale/C.UTF-8/LC_TIME", O_RDONLY|O_CLOEXEC) = -1 ENOENT (No such file or directory)
10788 openat(AT_FDCWD, "/usr/lib/locale/C.utf8/LC_TIME", O_RDONLY|O_CLOEXEC) = 5
10788 openat(AT_FDCWD, "/usr/lib/locale/C.UTF-8/LC_NUMERIC", O_RDONLY|O_CLOEXEC) = -1 ENOENT (No such file or directory)
10788 openat(AT_FDCWD, "/usr/lib/locale/C.utf8/LC_NUMERIC", O_RDONLY|O_CLOEXEC) = 5
10788 openat(AT_FDCWD, "/usr/lib/locale/C.UTF-8/LC_CTYPE", O_RDONLY|O_CLOEXEC) = -1 ENOENT (No such file or directory)
10788 openat(AT_FDCWD, "/usr/lib/locale/C.utf8/LC_CTYPE", O_RDONLY|O_CLOEXEC) = 5
10788 openat(AT_FDCWD, "/opt/google/chrome/icudtl.dat", O_RDONLY) = 5
10788 openat(AT_FDCWD, "/etc/localtime", O_RDONLY|O_CLOEXEC) = 6
10788 openat(AT_FDCWD, "/tmp/playwright_chromiumdev_profile-56xg4l/Consent To Send Stats", O_RDONLY|O_CLOEXEC) = -1 ENOENT (No such file or directory)
10788 openat(AT_FDCWD, "/etc/os-release", O_RDONLY|O_CLOEXEC) = 6
10788 socketpair(AF_UNIX, SOCK_SEQPACKET, 0, [6, 7]) = 0
10788 setsockopt(6, SOL_SOCKET, SO_PASSCRED, [1], 4) = 0
10788 setsockopt(7, SOL_SOCKET, SO_PASSCRED, [1], 4) = 0
10795 openat(AT_FDCWD, "/proc/self/fd", O_RDONLY|O_NONBLOCK|O_CLOEXEC|O_DIRECTORY) = 8
10796 openat(AT_FDCWD, "/opt/hostedtoolcache/Python/3.12.14/x64/lib/glibc-hwcaps/x86-64-v3/libdl.so.2", O_RDONLY|O_CLOEXEC) = -1 ENOENT (No such file or directory)
10796 openat(AT_FDCWD, "/opt/hostedtoolcache/Python/3.12.14/x64/lib/glibc-hwcaps/x86-64-v2/libdl.so.2", O_RDONLY|O_CLOEXEC) = -1 ENOENT (No such file or directory)
10796 openat(AT_FDCWD, "/opt/hostedtoolcache/Python/3.12.14/x64/lib/libdl.so.2", O_RDONLY|O_CLOEXEC) = -1 ENOENT (No such file or directory)
10796 openat(AT_FDCWD, "/etc/ld.so.cache", O_RDONLY|O_CLOEXEC) = 3
10796 openat(AT_FDCWD, "/lib/x86_64-linux-gnu/libdl.so.2", O_RDONLY|O_CLOEXEC) = 3
10796 openat(AT_FDCWD, "/opt/hostedtoolcache/Python/3.12.14/x64/lib/libpthread.so.0", O_RDONLY|O_CLOEXEC) = -1 ENOENT (No such file or directory)
10796 openat(AT_FDCWD, "/lib/x86_64-linux-gnu/libpthread.so.0", O_RDONLY|O_CLOEXEC) = 3
10788 --- SIGCHLD {si_signo=SIGCHLD, si_code=CLD_EXITED, si_pid=10795, si_uid=1001, si_status=0, si_utime=0, si_stime=0} ---
10796 openat(AT_FDCWD, "/opt/hostedtoolcache/Python/3.12.14/x64/lib/libm.so.6", O_RDONLY|O_CLOEXEC) = -1 ENOENT (No such file or directory)
10796 openat(AT_FDCWD, "/lib/x86_64-linux-gnu/libm.so.6", O_RDONLY|O_CLOEXEC) = 3
10788 sendmsg(6, {msg_name=NULL, msg_namelen=0, msg_iov=[{iov_base="\1\0\0\0\0\0\0\0\0\0\0\0\0\0\0\0\0\0\0\0\0\0\0\0\0\0\0\0\0\0\0\0\0\0\0\0\0\0\0\0", iov_len=40}], msg_iovlen=1, msg_controllen=0, msg_flags=0}, MSG_NOSIGNAL) = 40
10788 recvmsg(6,  <unfinished ...>
10796 openat(AT_FDCWD, "/opt/hostedtoolcache/Python/3.12.14/x64/lib/libgcc_s.so.1", O_RDONLY|O_CLOEXEC) = -1 ENOENT (No such file or directory)
10796 openat(AT_FDCWD, "/lib/x86_64-linux-gnu/libgcc_s.so.1", O_RDONLY|O_CLOEXEC) = 3
10796 openat(AT_FDCWD, "/opt/hostedtoolcache/Python/3.12.14/x64/lib/libc.so.6", O_RDONLY|O_CLOEXEC) = -1 ENOENT (No such file or directory)
10796 openat(AT_FDCWD, "/lib/x86_64-linux-gnu/libc.so.6", O_RDONLY|O_CLOEXEC) = 3
10796 socketpair(AF_UNIX, SOCK_SEQPACKET, 0, [3, 4]) = 0
10796 setsockopt(3, SOL_SOCKET, SO_PASSCRED, [1], 4) = 0
10796 setsockopt(4, SOL_SOCKET, SO_PASSCRED, [1], 4) = 0
10797 openat(AT_FDCWD, "/proc/self/fd", O_RDONLY|O_NONBLOCK|O_CLOEXEC|O_DIRECTORY) = 5
10798 openat(AT_FDCWD, "/opt/hostedtoolcache/Python/3.12.14/x64/lib/glibc-hwcaps/x86-64-v3/libdl.so.2", O_RDONLY|O_CLOEXEC) = -1 ENOENT (No such file or directory)
10796 --- SIGCHLD {si_signo=SIGCHLD, si_code=CLD_EXITED, si_pid=10797, si_uid=1001, si_status=0, si_utime=0, si_stime=0} ---
10798 openat(AT_FDCWD, "/opt/hostedtoolcache/Python/3.12.14/x64/lib/glibc-hwcaps/x86-64-v2/libdl.so.2", O_RDONLY|O_CLOEXEC) = -1 ENOENT (No such file or directory)
10798 openat(AT_FDCWD, "/opt/hostedtoolcache/Python/3.12.14/x64/lib/libdl.so.2", O_RDONLY|O_CLOEXEC) = -1 ENOENT (No such file or directory)
10798 openat(AT_FDCWD, "/etc/ld.so.cache", O_RDONLY|O_CLOEXEC) = 3
10796 sendmsg(3, {msg_name=NULL, msg_namelen=0, msg_iov=[{iov_base="\1\0\0\0\0\0\0\0\0\0\0\0\0\0\0\0\0\0\0\0\0\0\0\0\0\0\0\0\0\0\0\0\0\0\0\0\0\0\0\0", iov_len=40}], msg_iovlen=1, msg_controllen=0, msg_flags=0}, MSG_NOSIGNAL) = 40
10796 recvmsg(3,  <unfinished ...>
10798 openat(AT_FDCWD, "/lib/x86_64-linux-gnu/libdl.so.2", O_RDONLY|O_CLOEXEC) = 3
10798 openat(AT_FDCWD, "/opt/hostedtoolcache/Python/3.12.14/x64/lib/libpthread.so.0", O_RDONLY|O_CLOEXEC) = -1 ENOENT (No such file or directory)
10798 openat(AT_FDCWD, "/lib/x86_64-linux-gnu/libpthread.so.0", O_RDONLY|O_CLOEXEC) = 3
10798 openat(AT_FDCWD, "/opt/hostedtoolcache/Python/3.12.14/x64/lib/libm.so.6", O_RDONLY|O_CLOEXEC) = -1 ENOENT (No such file or directory)
10798 openat(AT_FDCWD, "/lib/x86_64-linux-gnu/libm.so.6", O_RDONLY|O_CLOEXEC) = 3
10798 openat(AT_FDCWD, "/opt/hostedtoolcache/Python/3.12.14/x64/lib/libgcc_s.so.1", O_RDONLY|O_CLOEXEC) = -1 ENOENT (No such file or directory)
10798 openat(AT_FDCWD, "/lib/x86_64-linux-gnu/libgcc_s.so.1", O_RDONLY|O_CLOEXEC) = 3
10798 openat(AT_FDCWD, "/opt/hostedtoolcache/Python/3.12.14/x64/lib/libc.so.6", O_RDONLY|O_CLOEXEC) = -1 ENOENT (No such file or directory)
10798 openat(AT_FDCWD, "/lib/x86_64-linux-gnu/libc.so.6", O_RDONLY|O_CLOEXEC) = 3
10798 getsockopt(4, SOL_SOCKET, SO_PASSCRED, [1], [4]) = 0
10798 recvmsg(4, {msg_name=NULL, msg_namelen=0, msg_iov=[{iov_base="\1\0\0\0\0\0\0\0\0\0\0\0\0\0\0\0\0\0\0\0\0\0\0\0\0\0\0\0\0\0\0\0\0\0\0\0\0\0\0\0", iov_len=40}], msg_iovlen=1, msg_control=[{cmsg_len=28, cmsg_level=SOL_SOCKET, cmsg_type=SCM_CREDENTIALS, cmsg_data={pid=10796, uid=1001, gid=1001}}], msg_controllen=32, msg_flags=0}, 0) = 40
10798 sendmsg(4, {msg_name=NULL, msg_namelen=0, msg_iov=[{iov_base="\0\0\0\0\0\0\0\0", iov_len=8}], msg_iovlen=1, msg_controllen=0, msg_flags=0}, MSG_NOSIGNAL) = 8
10796 <... recvmsg resumed>{msg_name=NULL, msg_namelen=0, msg_iov=[{iov_base="\0\0\0\0\0\0\0\0", iov_len=8}], msg_iovlen=1, msg_control=[{cmsg_len=28, cmsg_level=SOL_SOCKET, cmsg_type=SCM_CREDENTIALS, cmsg_data={pid=10798, uid=1001, gid=1001}}], msg_controllen=32, msg_flags=0}, 0) = 8
10800 openat(AT_FDCWD, "/home/runner/work/deckrender-acceptance/deckrender-acceptance/benchmark/artifacts/acceptance/private/sandboxes/e2baf2caf551d4582bf28b6ad1b5abd2a26e1d7061bcd60f69fc9775965ba634/config/google-chrome/Crash Reports/pending", O_RDONLY|O_NONBLOCK|O_CLOEXEC|O_DIRECTORY) = 4
10796 getsockopt(7, SOL_SOCKET, SO_PASSCRED, [1], [4]) = 0
10796 recvmsg(7, {msg_name=NULL, msg_namelen=0, msg_iov=[{iov_base="\1\0\0\0\0\0\0\0\0\0\0\0\0\0\0\0\0\0\0\0\0\0\0\0\0\0\0\0\0\0\0\0\0\0\0\0\0\0\0\0", iov_len=40}], msg_iovlen=1, msg_control=[{cmsg_len=28, cmsg_level=SOL_SOCKET, cmsg_type=SCM_CREDENTIALS, cmsg_data={pid=10788, uid=1001, gid=1001}}], msg_controllen=32, msg_flags=0}, 0) = 40
10796 sendmsg(7, {msg_name=NULL, msg_namelen=0, msg_iov=[{iov_base="\0\0\0\0\0\0\0\0", iov_len=8}], msg_iovlen=1, msg_controllen=0, msg_flags=0}, MSG_NOSIGNAL) = 8
10788 <... recvmsg resumed>{msg_name=NULL, msg_namelen=0, msg_iov=[{iov_base="\0\0\0\0\0\0\0\0", iov_len=8}], msg_iovlen=1, msg_control=[{cmsg_len=28, cmsg_level=SOL_SOCKET, cmsg_type=SCM_CREDENTIALS, cmsg_data={pid=10796, uid=1001, gid=1001}}], msg_controllen=32, msg_flags=0}, 0) = 8
10788 openat(AT_FDCWD, "/tmp/playwright_chromiumdev_profile-56xg4l/Consent To Send Stats", O_RDONLY|O_CLOEXEC) = -1 ENOENT (No such file or directory)
10788 openat(AT_FDCWD, "/home/runner/work/deckrender-acceptance/deckrender-acceptance/benchmark/artifacts/acceptance/private/sandboxes/e2baf2caf551d4582bf28b6ad1b5abd2a26e1d7061bcd60f69fc9775965ba634/config/google-chrome/Crash Reports/settings.dat", O_RDWR|O_NOCTTY|O_CLOEXEC) = -1 ENOENT (No such file or directory)
10788 openat(AT_FDCWD, "/home/runner/work/deckrender-acceptance/deckrender-acceptance/benchmark/artifacts/acceptance/private/sandboxes/e2baf2caf551d4582bf28b6ad1b5abd2a26e1d7061bcd60f69fc9775965ba634/config/google-chrome/Crash Reports/settings.dat", O_RDWR|O_CREAT|O_EXCL|O_NOCTTY|O_CLOEXEC, 0600) = 7
10788 openat(AT_FDCWD, "/home/runner/work/deckrender-acceptance/deckrender-acceptance/benchmark/artifacts/acceptance/private/sandboxes/e2baf2caf551d4582bf28b6ad1b5abd2a26e1d7061bcd60f69fc9775965ba634/config/google-chrome/Crash Reports/settings.dat", O_RDWR|O_CREAT|O_NOCTTY|O_CLOEXEC, 0600) = 7
10788 socketpair(AF_UNIX, SOCK_SEQPACKET, 0, [7, 8]) = 0
10788 shutdown(7, SHUT_RD)              = 0
10788 shutdown(8, SHUT_WR)              = 0
10788 socketpair(AF_UNIX, SOCK_SEQPACKET|SOCK_CLOEXEC, 0, [11, 12]) = 0
10788 setsockopt(11, SOL_SOCKET, SO_PASSCRED, [1], 4) = 0
10788 sendmsg(11, {msg_name=NULL, msg_namelen=0, msg_iov=[{iov_base="\4\0\0\0\3\0\0\0", iov_len=8}], msg_iovlen=1, msg_controllen=0, msg_flags=0}, MSG_NOSIGNAL) = 8
10803 openat(AT_FDCWD, "/dev/null", O_RDONLY) = 13
10788 socketpair(AF_UNIX, SOCK_SEQPACKET|SOCK_CLOEXEC, 0, [12, 13]) = 0
10788 setsockopt(12, SOL_SOCKET, SO_PASSCRED, [1], 4) = 0
10788 sendmsg(12, {msg_name=NULL, msg_namelen=0, msg_iov=[{iov_base="\4\0\0\0\3\0\0\0", iov_len=8}], msg_iovlen=1, msg_controllen=0, msg_flags=0}, MSG_NOSIGNAL) = 8
10804 openat(AT_FDCWD, "/dev/null", O_RDONLY) = 14
10803 openat(AT_FDCWD, "/proc/self/fd", O_RDONLY|O_DIRECTORY) = 13
10803 openat(AT_FDCWD, "/opt/hostedtoolcache/Python/3.12.14/x64/lib/glibc-hwcaps/x86-64-v3/libdl.so.2", O_RDONLY|O_CLOEXEC) = -1 ENOENT (No such file or directory)
10803 openat(AT_FDCWD, "/opt/hostedtoolcache/Python/3.12.14/x64/lib/glibc-hwcaps/x86-64-v2/libdl.so.2", O_RDONLY|O_CLOEXEC) = -1 ENOENT (No such file or directory)
10803 openat(AT_FDCWD, "/opt/hostedtoolcache/Python/3.12.14/x64/lib/libdl.so.2", O_RDONLY|O_CLOEXEC) = -1 ENOENT (No such file or directory)
10803 openat(AT_FDCWD, "/etc/ld.so.cache", O_RDONLY|O_CLOEXEC) = 5
10804 openat(AT_FDCWD, "/proc/self/fd", O_RDONLY|O_DIRECTORY) = 14
10803 openat(AT_FDCWD, "/lib/x86_64-linux-gnu/libdl.so.2", O_RDONLY|O_CLOEXEC) = 5
10803 openat(AT_FDCWD, "/opt/hostedtoolcache/Python/3.12.14/x64/lib/libpthread.so.0", O_RDONLY|O_CLOEXEC) = -1 ENOENT (No such file or directory)
10803 openat(AT_FDCWD, "/lib/x86_64-linux-gnu/libpthread.so.0", O_RDONLY|O_CLOEXEC) = 5
10803 openat(AT_FDCWD, "/opt/hostedtoolcache/Python/3.12.14/x64/lib/libglib-2.0.so.0", O_RDONLY|O_CLOEXEC) = -1 ENOENT (No such file or directory)
10803 openat(AT_FDCWD, "/lib/x86_64-linux-gnu/libglib-2.0.so.0", O_RDONLY|O_CLOEXEC) = 5
10803 openat(AT_FDCWD, "/opt/hostedtoolcache/Python/3.12.14/x64/lib/libgobject-2.0.so.0", O_RDONLY|O_CLOEXEC) = -1 ENOENT (No such file or directory)
10803 openat(AT_FDCWD, "/lib/x86_64-linux-gnu/libgobject-2.0.so.0", O_RDONLY|O_CLOEXEC) = 5
10803 openat(AT_FDCWD, "/opt/hostedtoolcache/Python/3.12.14/x64/lib/libnspr4.so", O_RDONLY|O_CLOEXEC) = -1 ENOENT (No such file or directory)
10803 openat(AT_FDCWD, "/lib/x86_64-linux-gnu/libnspr4.so", O_RDONLY|O_CLOEXEC) = 5
10804 openat(AT_FDCWD, "/opt/hostedtoolcache/Python/3.12.14/x64/lib/glibc-hwcaps/x86-64-v3/libdl.so.2", O_RDONLY|O_CLOEXEC) = -1 ENOENT (No such file or directory)
10804 openat(AT_FDCWD, "/opt/hostedtoolcache/Python/3.12.14/x64/lib/glibc-hwcaps/x86-64-v2/libdl.so.2", O_RDONLY|O_CLOEXEC) = -1 ENOENT (No such file or directory)
10804 openat(AT_FDCWD, "/opt/hostedtoolcache/Python/3.12.14/x64/lib/libdl.so.2", O_RDONLY|O_CLOEXEC) = -1 ENOENT (No such file or directory)
10803 openat(AT_FDCWD, "/opt/hostedtoolcache/Python/3.12.14/x64/lib/libnss3.so", O_RDONLY|O_CLOEXEC) = -1 ENOENT (No such file or directory)
10804 openat(AT_FDCWD, "/etc/ld.so.cache", O_RDONLY|O_CLOEXEC <unfinished ...>
10803 openat(AT_FDCWD, "/lib/x86_64-linux-gnu/libnss3.so", O_RDONLY|O_CLOEXEC <unfinished ...>
10804 <... openat resumed>)             = 5
10803 <... openat resumed>)             = 5
10804 openat(AT_FDCWD, "/lib/x86_64-linux-gnu/libdl.so.2", O_RDONLY|O_CLOEXEC) = 5
10803 openat(AT_FDCWD, "/opt/hostedtoolcache/Python/3.12.14/x64/lib/libnssutil3.so", O_RDONLY|O_CLOEXEC) = -1 ENOENT (No such file or directory)
10803 openat(AT_FDCWD, "/lib/x86_64-linux-gnu/libnssutil3.so", O_RDONLY|O_CLOEXEC <unfinished ...>
10804 openat(AT_FDCWD, "/opt/hostedtoolcache/Python/3.12.14/x64/lib/libpthread.so.0", O_RDONLY|O_CLOEXEC <unfinished ...>
10803 <... openat resumed>)             = 5
10804 <... openat resumed>)             = -1 ENOENT (No such file or directory)
10804 openat(AT_FDCWD, "/lib/x86_64-linux-gnu/libpthread.so.0", O_RDONLY|O_CLOEXEC) = 5
10803 openat(AT_FDCWD, "/opt/hostedtoolcache/Python/3.12.14/x64/lib/libsmime3.so", O_RDONLY|O_CLOEXEC) = -1 ENOENT (No such file or directory)
10804 openat(AT_FDCWD, "/opt/hostedtoolcache/Python/3.12.14/x64/lib/libglib-2.0.so.0", O_RDONLY|O_CLOEXEC <unfinished ...>
10803 openat(AT_FDCWD, "/lib/x86_64-linux-gnu/libsmime3.so", O_RDONLY|O_CLOEXEC <unfinished ...>
10804 <... openat resumed>)             = -1 ENOENT (No such file or directory)
10803 <... openat resumed>)             = 5
10804 openat(AT_FDCWD, "/lib/x86_64-linux-gnu/libglib-2.0.so.0", O_RDONLY|O_CLOEXEC) = 5
10803 openat(AT_FDCWD, "/opt/hostedtoolcache/Python/3.12.14/x64/lib/libgio-2.0.so.0", O_RDONLY|O_CLOEXEC) = -1 ENOENT (No such file or directory)
10803 openat(AT_FDCWD, "/lib/x86_64-linux-gnu/libgio-2.0.so.0", O_RDONLY|O_CLOEXEC <unfinished ...>
10804 openat(AT_FDCWD, "/opt/hostedtoolcache/Python/3.12.14/x64/lib/libgobject-2.0.so.0", O_RDONLY|O_CLOEXEC <unfinished ...>
10803 <... openat resumed>)             = 5
10804 <... openat resumed>)             = -1 ENOENT (No such file or directory)
10804 openat(AT_FDCWD, "/lib/x86_64-linux-gnu/libgobject-2.0.so.0", O_RDONLY|O_CLOEXEC) = 5
10804 openat(AT_FDCWD, "/opt/hostedtoolcache/Python/3.12.14/x64/lib/libnspr4.so", O_RDONLY|O_CLOEXEC <unfinished ...>
10803 openat(AT_FDCWD, "/opt/hostedtoolcache/Python/3.12.14/x64/lib/libatk-1.0.so.0", O_RDONLY|O_CLOEXEC <unfinished ...>
10804 <... openat resumed>)             = -1 ENOENT (No such file or directory)
10803 <... openat resumed>)             = -1 ENOENT (No such file or directory)
10804 openat(AT_FDCWD, "/lib/x86_64-linux-gnu/libnspr4.so", O_RDONLY|O_CLOEXEC <unfinished ...>
10803 openat(AT_FDCWD, "/lib/x86_64-linux-gnu/libatk-1.0.so.0", O_RDONLY|O_CLOEXEC <unfinished ...>
10804 <... openat resumed>)             = 5
10803 <... openat resumed>)             = 5
10803 openat(AT_FDCWD, "/opt/hostedtoolcache/Python/3.12.14/x64/lib/libatk-bridge-2.0.so.0", O_RDONLY|O_CLOEXEC <unfinished ...>
10804 openat(AT_FDCWD, "/opt/hostedtoolcache/Python/3.12.14/x64/lib/libnss3.so", O_RDONLY|O_CLOEXEC <unfinished ...>
10803 <... openat resumed>)             = -1 ENOENT (No such file or directory)
10804 <... openat resumed>)             = -1 ENOENT (No such file or directory)
10803 openat(AT_FDCWD, "/lib/x86_64-linux-gnu/libatk-bridge-2.0.so.0", O_RDONLY|O_CLOEXEC <unfinished ...>
10804 openat(AT_FDCWD, "/lib/x86_64-linux-gnu/libnss3.so", O_RDONLY|O_CLOEXEC <unfinished ...>
10803 <... openat resumed>)             = 5
10804 <... openat resumed>)             = 5
10803 openat(AT_FDCWD, "/opt/hostedtoolcache/Python/3.12.14/x64/lib/libdbus-1.so.3", O_RDONLY|O_CLOEXEC) = -1 ENOENT (No such file or directory)
10803 openat(AT_FDCWD, "/lib/x86_64-linux-gnu/libdbus-1.so.3", O_RDONLY|O_CLOEXEC <unfinished ...>
10804 openat(AT_FDCWD, "/opt/hostedtoolcache/Python/3.12.14/x64/lib/libnssutil3.so", O_RDONLY|O_CLOEXEC <unfinished ...>
10803 <... openat resumed>)             = 5
10804 <... openat resumed>)             = -1 ENOENT (No such file or directory)
10804 openat(AT_FDCWD, "/lib/x86_64-linux-gnu/libnssutil3.so", O_RDONLY|O_CLOEXEC) = 5
10804 openat(AT_FDCWD, "/opt/hostedtoolcache/Python/3.12.14/x64/lib/libsmime3.so", O_RDONLY|O_CLOEXEC <unfinished ...>
10803 openat(AT_FDCWD, "/opt/hostedtoolcache/Python/3.12.14/x64/lib/libcups.so.2", O_RDONLY|O_CLOEXEC <unfinished ...>
10804 <... openat resumed>)             = -1 ENOENT (No such file or directory)
10803 <... openat resumed>)             = -1 ENOENT (No such file or directory)
10804 openat(AT_FDCWD, "/lib/x86_64-linux-gnu/libsmime3.so", O_RDONLY|O_CLOEXEC <unfinished ...>
10803 openat(AT_FDCWD, "/lib/x86_64-linux-gnu/libcups.so.2", O_RDONLY|O_CLOEXEC <unfinished ...>
10804 <... openat resumed>)             = 5
10803 <... openat resumed>)             = 5
10804 openat(AT_FDCWD, "/opt/hostedtoolcache/Python/3.12.14/x64/lib/libgio-2.0.so.0", O_RDONLY|O_CLOEXEC <unfinished ...>
10803 openat(AT_FDCWD, "/opt/hostedtoolcache/Python/3.12.14/x64/lib/libexpat.so.1", O_RDONLY|O_CLOEXEC <unfinished ...>
10804 <... openat resumed>)             = -1 ENOENT (No such file or directory)
10803 <... openat resumed>)             = -1 ENOENT (No such file or directory)
10804 openat(AT_FDCWD, "/lib/x86_64-linux-gnu/libgio-2.0.so.0", O_RDONLY|O_CLOEXEC <unfinished ...>
10803 openat(AT_FDCWD, "/lib/x86_64-linux-gnu/libexpat.so.1", O_RDONLY|O_CLOEXEC <unfinished ...>
10804 <... openat resumed>)             = 5
10803 <... openat resumed>)             = 5
10803 openat(AT_FDCWD, "/opt/hostedtoolcache/Python/3.12.14/x64/lib/libxcb.so.1", O_RDONLY|O_CLOEXEC <unfinished ...>
10804 openat(AT_FDCWD, "/opt/hostedtoolcache/Python/3.12.14/x64/lib/libatk-1.0.so.0", O_RDONLY|O_CLOEXEC <unfinished ...>
10803 <... openat resumed>)             = -1 ENOENT (No such file or directory)
10804 <... openat resumed>)             = -1 ENOENT (No such file or directory)
10803 openat(AT_FDCWD, "/lib/x86_64-linux-gnu/libxcb.so.1", O_RDONLY|O_CLOEXEC <unfinished ...>
10804 openat(AT_FDCWD, "/lib/x86_64-linux-gnu/libatk-1.0.so.0", O_RDONLY|O_CLOEXEC <unfinished ...>
10803 <... openat resumed>)             = 5
10804 <... openat resumed>)             = 5
10804 openat(AT_FDCWD, "/opt/hostedtoolcache/Python/3.12.14/x64/lib/libatk-bridge-2.0.so.0", O_RDONLY|O_CLOEXEC <unfinished ...>
10803 openat(AT_FDCWD, "/opt/hostedtoolcache/Python/3.12.14/x64/lib/libxkbcommon.so.0", O_RDONLY|O_CLOEXEC <unfinished ...>
10804 <... openat resumed>)             = -1 ENOENT (No such file or directory)
10803 <... openat resumed>)             = -1 ENOENT (No such file or directory)
10804 openat(AT_FDCWD, "/lib/x86_64-linux-gnu/libatk-bridge-2.0.so.0", O_RDONLY|O_CLOEXEC <unfinished ...>
10803 openat(AT_FDCWD, "/lib/x86_64-linux-gnu/libxkbcommon.so.0", O_RDONLY|O_CLOEXEC <unfinished ...>
10804 <... openat resumed>)             = 5
10803 <... openat resumed>)             = 5
10804 openat(AT_FDCWD, "/opt/hostedtoolcache/Python/3.12.14/x64/lib/libdbus-1.so.3", O_RDONLY|O_CLOEXEC <unfinished ...>
10803 openat(AT_FDCWD, "/opt/hostedtoolcache/Python/3.12.14/x64/lib/libasound.so.2", O_RDONLY|O_CLOEXEC <unfinished ...>
10804 <... openat resumed>)             = -1 ENOENT (No such file or directory)
10803 <... openat resumed>)             = -1 ENOENT (No such file or directory)
10804 openat(AT_FDCWD, "/lib/x86_64-linux-gnu/libdbus-1.so.3", O_RDONLY|O_CLOEXEC <unfinished ...>
10803 openat(AT_FDCWD, "/lib/x86_64-linux-gnu/libasound.so.2", O_RDONLY|O_CLOEXEC <unfinished ...>
10804 <... openat resumed>)             = 5
10803 <... openat resumed>)             = 5
10803 openat(AT_FDCWD, "/opt/hostedtoolcache/Python/3.12.14/x64/lib/libgbm.so.1", O_RDONLY|O_CLOEXEC) = -1 ENOENT (No such file or directory)
10803 openat(AT_FDCWD, "/lib/x86_64-linux-gnu/libgbm.so.1", O_RDONLY|O_CLOEXEC <unfinished ...>
10804 openat(AT_FDCWD, "/opt/hostedtoolcache/Python/3.12.14/x64/lib/libcups.so.2", O_RDONLY|O_CLOEXEC <unfinished ...>
10803 <... openat resumed>)             = 5
10804 <... openat resumed>)             = -1 ENOENT (No such file or directory)
10804 openat(AT_FDCWD, "/lib/x86_64-linux-gnu/libcups.so.2", O_RDONLY|O_CLOEXEC) = 5
10803 openat(AT_FDCWD, "/opt/hostedtoolcache/Python/3.12.14/x64/lib/libX11.so.6", O_RDONLY|O_CLOEXEC <unfinished ...>
10804 openat(AT_FDCWD, "/opt/hostedtoolcache/Python/3.12.14/x64/lib/libexpat.so.1", O_RDONLY|O_CLOEXEC <unfinished ...>
10803 <... openat resumed>)             = -1 ENOENT (No such file or directory)
10804 <... openat resumed>)             = -1 ENOENT (No such file or directory)
10803 openat(AT_FDCWD, "/lib/x86_64-linux-gnu/libX11.so.6", O_RDONLY|O_CLOEXEC <unfinished ...>
10804 openat(AT_FDCWD, "/lib/x86_64-linux-gnu/libexpat.so.1", O_RDONLY|O_CLOEXEC <unfinished ...>
10803 <... openat resumed>)             = 5
10804 <... openat resumed>)             = 5
10804 openat(AT_FDCWD, "/opt/hostedtoolcache/Python/3.12.14/x64/lib/libxcb.so.1", O_RDONLY|O_CLOEXEC <unfinished ...>
10803 openat(AT_FDCWD, "/opt/hostedtoolcache/Python/3.12.14/x64/lib/libXext.so.6", O_RDONLY|O_CLOEXEC <unfinished ...>
10804 <... openat resumed>)             = -1 ENOENT (No such file or directory)
10803 <... openat resumed>)             = -1 ENOENT (No such file or directory)
10804 openat(AT_FDCWD, "/lib/x86_64-linux-gnu/libxcb.so.1", O_RDONLY|O_CLOEXEC <unfinished ...>
10803 openat(AT_FDCWD, "/lib/x86_64-linux-gnu/libXext.so.6", O_RDONLY|O_CLOEXEC <unfinished ...>
10804 <... openat resumed>)             = 5
10803 <... openat resumed>)             = 5
10804 openat(AT_FDCWD, "/opt/hostedtoolcache/Python/3.12.14/x64/lib/libxkbcommon.so.0", O_RDONLY|O_CLOEXEC <unfinished ...>
10803 openat(AT_FDCWD, "/opt/hostedtoolcache/Python/3.12.14/x64/lib/libcairo.so.2", O_RDONLY|O_CLOEXEC <unfinished ...>
10804 <... openat resumed>)             = -1 ENOENT (No such file or directory)
10803 <... openat resumed>)             = -1 ENOENT (No such file or directory)
10804 openat(AT_FDCWD, "/lib/x86_64-linux-gnu/libxkbcommon.so.0", O_RDONLY|O_CLOEXEC <unfinished ...>
10803 openat(AT_FDCWD, "/lib/x86_64-linux-gnu/libcairo.so.2", O_RDONLY|O_CLOEXEC <unfinished ...>
10804 <... openat resumed>)             = 5
10803 <... openat resumed>)             = 5
10804 openat(AT_FDCWD, "/opt/hostedtoolcache/Python/3.12.14/x64/lib/libasound.so.2", O_RDONLY|O_CLOEXEC) = -1 ENOENT (No such file or directory)
10804 openat(AT_FDCWD, "/lib/x86_64-linux-gnu/libasound.so.2", O_RDONLY|O_CLOEXEC) = 5
10803 openat(AT_FDCWD, "/opt/hostedtoolcache/Python/3.12.14/x64/lib/libpango-1.0.so.0", O_RDONLY|O_CLOEXEC) = -1 ENOENT (No such file or directory)
10803 openat(AT_FDCWD, "/lib/x86_64-linux-gnu/libpango-1.0.so.0", O_RDONLY|O_CLOEXEC) = 5
10804 openat(AT_FDCWD, "/opt/hostedtoolcache/Python/3.12.14/x64/lib/libgbm.so.1", O_RDONLY|O_CLOEXEC) = -1 ENOENT (No such file or directory)
10804 openat(AT_FDCWD, "/lib/x86_64-linux-gnu/libgbm.so.1", O_RDONLY|O_CLOEXEC) = 5
10803 openat(AT_FDCWD, "/opt/hostedtoolcache/Python/3.12.14/x64/lib/libudev.so.1", O_RDONLY|O_CLOEXEC) = -1 ENOENT (No such file or directory)
10803 openat(AT_FDCWD, "/lib/x86_64-linux-gnu/libudev.so.1", O_RDONLY|O_CLOEXEC) = 5
10804 openat(AT_FDCWD, "/opt/hostedtoolcache/Python/3.12.14/x64/lib/libX11.so.6", O_RDONLY|O_CLOEXEC) = -1 ENOENT (No such file or directory)
10804 openat(AT_FDCWD, "/lib/x86_64-linux-gnu/libX11.so.6", O_RDONLY|O_CLOEXEC) = 5
10803 openat(AT_FDCWD, "/opt/hostedtoolcache/Python/3.12.14/x64/lib/libm.so.6", O_RDONLY|O_CLOEXEC) = -1 ENOENT (No such file or directory)
10803 openat(AT_FDCWD, "/lib/x86_64-linux-gnu/libm.so.6", O_RDONLY|O_CLOEXEC) = 5
10804 openat(AT_FDCWD, "/opt/hostedtoolcache/Python/3.12.14/x64/lib/libXext.so.6", O_RDONLY|O_CLOEXEC) = -1 ENOENT (No such file or directory)
10804 openat(AT_FDCWD, "/lib/x86_64-linux-gnu/libXext.so.6", O_RDONLY|O_CLOEXEC) = 5
10803 openat(AT_FDCWD, "/opt/hostedtoolcache/Python/3.12.14/x64/lib/libXcomposite.so.1", O_RDONLY|O_CLOEXEC) = -1 ENOENT (No such file or directory)
10803 openat(AT_FDCWD, "/lib/x86_64-linux-gnu/libXcomposite.so.1", O_RDONLY|O_CLOEXEC) = 5
10804 openat(AT_FDCWD, "/opt/hostedtoolcache/Python/3.12.14/x64/lib/libcairo.so.2", O_RDONLY|O_CLOEXEC) = -1 ENOENT (No such file or directory)
10804 openat(AT_FDCWD, "/lib/x86_64-linux-gnu/libcairo.so.2", O_RDONLY|O_CLOEXEC) = 5
10803 openat(AT_FDCWD, "/opt/hostedtoolcache/Python/3.12.14/x64/lib/libXdamage.so.1", O_RDONLY|O_CLOEXEC) = -1 ENOENT (No such file or directory)
10803 openat(AT_FDCWD, "/lib/x86_64-linux-gnu/libXdamage.so.1", O_RDONLY|O_CLOEXEC) = 5
10804 openat(AT_FDCWD, "/opt/hostedtoolcache/Python/3.12.14/x64/lib/libpango-1.0.so.0", O_RDONLY|O_CLOEXEC) = -1 ENOENT (No such file or directory)
10804 openat(AT_FDCWD, "/lib/x86_64-linux-gnu/libpango-1.0.so.0", O_RDONLY|O_CLOEXEC) = 5
10803 openat(AT_FDCWD, "/opt/hostedtoolcache/Python/3.12.14/x64/lib/libXfixes.so.3", O_RDONLY|O_CLOEXEC) = -1 ENOENT (No such file or directory)
10803 openat(AT_FDCWD, "/lib/x86_64-linux-gnu/libXfixes.so.3", O_RDONLY|O_CLOEXEC) = 5
10804 openat(AT_FDCWD, "/opt/hostedtoolcache/Python/3.12.14/x64/lib/libudev.so.1", O_RDONLY|O_CLOEXEC) = -1 ENOENT (No such file or directory)
10804 openat(AT_FDCWD, "/lib/x86_64-linux-gnu/libudev.so.1", O_RDONLY|O_CLOEXEC) = 5
10803 openat(AT_FDCWD, "/opt/hostedtoolcache/Python/3.12.14/x64/lib/libXrandr.so.2", O_RDONLY|O_CLOEXEC) = -1 ENOENT (No such file or directory)
10803 openat(AT_FDCWD, "/lib/x86_64-linux-gnu/libXrandr.so.2", O_RDONLY|O_CLOEXEC) = 5
10804 openat(AT_FDCWD, "/opt/hostedtoolcache/Python/3.12.14/x64/lib/libm.so.6", O_RDONLY|O_CLOEXEC) = -1 ENOENT (No such file or directory)
10804 openat(AT_FDCWD, "/lib/x86_64-linux-gnu/libm.so.6", O_RDONLY|O_CLOEXEC) = 5
10803 openat(AT_FDCWD, "/opt/hostedtoolcache/Python/3.12.14/x64/lib/libatspi.so.0", O_RDONLY|O_CLOEXEC) = -1 ENOENT (No such file or directory)
10803 openat(AT_FDCWD, "/lib/x86_64-linux-gnu/libatspi.so.0", O_RDONLY|O_CLOEXEC) = 5
10804 openat(AT_FDCWD, "/opt/hostedtoolcache/Python/3.12.14/x64/lib/libXcomposite.so.1", O_RDONLY|O_CLOEXEC) = -1 ENOENT (No such file or directory)
10804 openat(AT_FDCWD, "/lib/x86_64-linux-gnu/libXcomposite.so.1", O_RDONLY|O_CLOEXEC) = 5
10803 openat(AT_FDCWD, "/opt/hostedtoolcache/Python/3.12.14/x64/lib/libgcc_s.so.1", O_RDONLY|O_CLOEXEC) = -1 ENOENT (No such file or directory)
10803 openat(AT_FDCWD, "/lib/x86_64-linux-gnu/libgcc_s.so.1", O_RDONLY|O_CLOEXEC) = 5
10804 openat(AT_FDCWD, "/opt/hostedtoolcache/Python/3.12.14/x64/lib/libXdamage.so.1", O_RDONLY|O_CLOEXEC) = -1 ENOENT (No such file or directory)
10804 openat(AT_FDCWD, "/lib/x86_64-linux-gnu/libXdamage.so.1", O_RDONLY|O_CLOEXEC) = 5
10803 openat(AT_FDCWD, "/opt/hostedtoolcache/Python/3.12.14/x64/lib/libc.so.6", O_RDONLY|O_CLOEXEC) = -1 ENOENT (No such file or directory)
10803 openat(AT_FDCWD, "/lib/x86_64-linux-gnu/libc.so.6", O_RDONLY|O_CLOEXEC <unfinished ...>
10804 openat(AT_FDCWD, "/opt/hostedtoolcache/Python/3.12.14/x64/lib/libXfixes.so.3", O_RDONLY|O_CLOEXEC <unfinished ...>
10803 <... openat resumed>)             = 5
10804 <... openat resumed>)             = -1 ENOENT (No such file or directory)
10804 openat(AT_FDCWD, "/lib/x86_64-linux-gnu/libXfixes.so.3", O_RDONLY|O_CLOEXEC) = 5
10804 openat(AT_FDCWD, "/opt/hostedtoolcache/Python/3.12.14/x64/lib/libXrandr.so.2", O_RDONLY|O_CLOEXEC) = -1 ENOENT (No such file or directory)
10804 openat(AT_FDCWD, "/lib/x86_64-linux-gnu/libXrandr.so.2", O_RDONLY|O_CLOEXEC) = 5
10803 openat(AT_FDCWD, "/opt/hostedtoolcache/Python/3.12.14/x64/lib/libpcre2-8.so.0", O_RDONLY|O_CLOEXEC) = -1 ENOENT (No such file or directory)
10803 openat(AT_FDCWD, "/lib/x86_64-linux-gnu/libpcre2-8.so.0", O_RDONLY|O_CLOEXEC) = 5
10804 openat(AT_FDCWD, "/opt/hostedtoolcache/Python/3.12.14/x64/lib/libatspi.so.0", O_RDONLY|O_CLOEXEC) = -1 ENOENT (No such file or directory)
10804 openat(AT_FDCWD, "/lib/x86_64-linux-gnu/libatspi.so.0", O_RDONLY|O_CLOEXEC) = 5
10803 openat(AT_FDCWD, "/opt/hostedtoolcache/Python/3.12.14/x64/lib/libffi.so.8", O_RDONLY|O_CLOEXEC) = -1 ENOENT (No such file or directory)
10803 openat(AT_FDCWD, "/lib/x86_64-linux-gnu/libffi.so.8", O_RDONLY|O_CLOEXEC) = 5
10804 openat(AT_FDCWD, "/opt/hostedtoolcache/Python/3.12.14/x64/lib/libgcc_s.so.1", O_RDONLY|O_CLOEXEC) = -1 ENOENT (No such file or directory)
10804 openat(AT_FDCWD, "/lib/x86_64-linux-gnu/libgcc_s.so.1", O_RDONLY|O_CLOEXEC) = 5
10803 openat(AT_FDCWD, "/opt/hostedtoolcache/Python/3.12.14/x64/lib/libplc4.so", O_RDONLY|O_CLOEXEC) = -1 ENOENT (No such file or directory)
10803 openat(AT_FDCWD, "/lib/x86_64-linux-gnu/libplc4.so", O_RDONLY|O_CLOEXEC) = 5
10804 openat(AT_FDCWD, "/opt/hostedtoolcache/Python/3.12.14/x64/lib/libc.so.6", O_RDONLY|O_CLOEXEC) = -1 ENOENT (No such file or directory)
10804 openat(AT_FDCWD, "/lib/x86_64-linux-gnu/libc.so.6", O_RDONLY|O_CLOEXEC) = 5
10803 openat(AT_FDCWD, "/opt/hostedtoolcache/Python/3.12.14/x64/lib/libplds4.so", O_RDONLY|O_CLOEXEC) = -1 ENOENT (No such file or directory)
10803 openat(AT_FDCWD, "/lib/x86_64-linux-gnu/libplds4.so", O_RDONLY|O_CLOEXEC) = 5
10804 openat(AT_FDCWD, "/opt/hostedtoolcache/Python/3.12.14/x64/lib/libpcre2-8.so.0", O_RDONLY|O_CLOEXEC) = -1 ENOENT (No such file or directory)
10804 openat(AT_FDCWD, "/lib/x86_64-linux-gnu/libpcre2-8.so.0", O_RDONLY|O_CLOEXEC) = 5
10803 openat(AT_FDCWD, "/opt/hostedtoolcache/Python/3.12.14/x64/lib/libgmodule-2.0.so.0", O_RDONLY|O_CLOEXEC) = -1 ENOENT (No such file or directory)
10803 openat(AT_FDCWD, "/lib/x86_64-linux-gnu/libgmodule-2.0.so.0", O_RDONLY|O_CLOEXEC) = 5
10804 openat(AT_FDCWD, "/opt/hostedtoolcache/Python/3.12.14/x64/lib/libffi.so.8", O_RDONLY|O_CLOEXEC) = -1 ENOENT (No such file or directory)
10804 openat(AT_FDCWD, "/lib/x86_64-linux-gnu/libffi.so.8", O_RDONLY|O_CLOEXEC) = 5
10803 openat(AT_FDCWD, "/opt/hostedtoolcache/Python/3.12.14/x64/lib/libz.so.1", O_RDONLY|O_CLOEXEC) = -1 ENOENT (No such file or directory)
10803 openat(AT_FDCWD, "/lib/x86_64-linux-gnu/libz.so.1", O_RDONLY|O_CLOEXEC) = 5
10804 openat(AT_FDCWD, "/opt/hostedtoolcache/Python/3.12.14/x64/lib/libplc4.so", O_RDONLY|O_CLOEXEC) = -1 ENOENT (No such file or directory)
10804 openat(AT_FDCWD, "/lib/x86_64-linux-gnu/libplc4.so", O_RDONLY|O_CLOEXEC) = 5
10803 openat(AT_FDCWD, "/opt/hostedtoolcache/Python/3.12.14/x64/lib/libmount.so.1", O_RDONLY|O_CLOEXEC) = -1 ENOENT (No such file or directory)
10803 openat(AT_FDCWD, "/lib/x86_64-linux-gnu/libmount.so.1", O_RDONLY|O_CLOEXEC) = 5
10804 openat(AT_FDCWD, "/opt/hostedtoolcache/Python/3.12.14/x64/lib/libplds4.so", O_RDONLY|O_CLOEXEC) = -1 ENOENT (No such file or directory)
10804 openat(AT_FDCWD, "/lib/x86_64-linux-gnu/libplds4.so", O_RDONLY|O_CLOEXEC) = 5
10803 openat(AT_FDCWD, "/opt/hostedtoolcache/Python/3.12.14/x64/lib/libselinux.so.1", O_RDONLY|O_CLOEXEC) = -1 ENOENT (No such file or directory)
10803 openat(AT_FDCWD, "/lib/x86_64-linux-gnu/libselinux.so.1", O_RDONLY|O_CLOEXEC) = 5
10804 openat(AT_FDCWD, "/opt/hostedtoolcache/Python/3.12.14/x64/lib/libgmodule-2.0.so.0", O_RDONLY|O_CLOEXEC) = -1 ENOENT (No such file or directory)
10804 openat(AT_FDCWD, "/lib/x86_64-linux-gnu/libgmodule-2.0.so.0", O_RDONLY|O_CLOEXEC) = 5
10803 openat(AT_FDCWD, "/opt/hostedtoolcache/Python/3.12.14/x64/lib/libsystemd.so.0", O_RDONLY|O_CLOEXEC) = -1 ENOENT (No such file or directory)
10803 openat(AT_FDCWD, "/lib/x86_64-linux-gnu/libsystemd.so.0", O_RDONLY|O_CLOEXEC) = 5
10804 openat(AT_FDCWD, "/opt/hostedtoolcache/Python/3.12.14/x64/lib/libz.so.1", O_RDONLY|O_CLOEXEC) = -1 ENOENT (No such file or directory)
10804 openat(AT_FDCWD, "/lib/x86_64-linux-gnu/libz.so.1", O_RDONLY|O_CLOEXEC) = 5
10803 openat(AT_FDCWD, "/opt/hostedtoolcache/Python/3.12.14/x64/lib/libgssapi_krb5.so.2", O_RDONLY|O_CLOEXEC) = -1 ENOENT (No such file or directory)
10803 openat(AT_FDCWD, "/lib/x86_64-linux-gnu/libgssapi_krb5.so.2", O_RDONLY|O_CLOEXEC <unfinished ...>
10804 openat(AT_FDCWD, "/opt/hostedtoolcache/Python/3.12.14/x64/lib/libmount.so.1", O_RDONLY|O_CLOEXEC <unfinished ...>
10803 <... openat resumed>)             = 5
10804 <... openat resumed>)             = -1 ENOENT (No such file or directory)
10804 openat(AT_FDCWD, "/lib/x86_64-linux-gnu/libmount.so.1", O_RDONLY|O_CLOEXEC) = 5
10803 openat(AT_FDCWD, "/opt/hostedtoolcache/Python/3.12.14/x64/lib/libavahi-common.so.3", O_RDONLY|O_CLOEXEC <unfinished ...>
10804 openat(AT_FDCWD, "/opt/hostedtoolcache/Python/3.12.14/x64/lib/libselinux.so.1", O_RDONLY|O_CLOEXEC <unfinished ...>
10803 <... openat resumed>)             = -1 ENOENT (No such file or directory)
10804 <... openat resumed>)             = -1 ENOENT (No such file or directory)
10803 openat(AT_FDCWD, "/lib/x86_64-linux-gnu/libavahi-common.so.3", O_RDONLY|O_CLOEXEC <unfinished ...>
10804 openat(AT_FDCWD, "/lib/x86_64-linux-gnu/libselinux.so.1", O_RDONLY|O_CLOEXEC <unfinished ...>
10803 <... openat resumed>)             = 5
10804 <... openat resumed>)             = 5
10803 openat(AT_FDCWD, "/opt/hostedtoolcache/Python/3.12.14/x64/lib/libavahi-client.so.3", O_RDONLY|O_CLOEXEC <unfinished ...>
10804 openat(AT_FDCWD, "/opt/hostedtoolcache/Python/3.12.14/x64/lib/libsystemd.so.0", O_RDONLY|O_CLOEXEC <unfinished ...>
10803 <... openat resumed>)             = -1 ENOENT (No such file or directory)
10804 <... openat resumed>)             = -1 ENOENT (No such file or directory)
10803 openat(AT_FDCWD, "/lib/x86_64-linux-gnu/libavahi-client.so.3", O_RDONLY|O_CLOEXEC <unfinished ...>
10804 openat(AT_FDCWD, "/lib/x86_64-linux-gnu/libsystemd.so.0", O_RDONLY|O_CLOEXEC <unfinished ...>
10803 <... openat resumed>)             = 5
10804 <... openat resumed>)             = 5
10803 openat(AT_FDCWD, "/opt/hostedtoolcache/Python/3.12.14/x64/lib/libgnutls.so.30", O_RDONLY|O_CLOEXEC) = -1 ENOENT (No such file or directory)
10803 openat(AT_FDCWD, "/lib/x86_64-linux-gnu/libgnutls.so.30", O_RDONLY|O_CLOEXEC <unfinished ...>
10804 openat(AT_FDCWD, "/opt/hostedtoolcache/Python/3.12.14/x64/lib/libgssapi_krb5.so.2", O_RDONLY|O_CLOEXEC <unfinished ...>
10803 <... openat resumed>)             = 5
10804 <... openat resumed>)             = -1 ENOENT (No such file or directory)
10804 openat(AT_FDCWD, "/lib/x86_64-linux-gnu/libgssapi_krb5.so.2", O_RDONLY|O_CLOEXEC) = 5
10804 openat(AT_FDCWD, "/opt/hostedtoolcache/Python/3.12.14/x64/lib/libavahi-common.so.3", O_RDONLY|O_CLOEXEC <unfinished ...>
10803 openat(AT_FDCWD, "/opt/hostedtoolcache/Python/3.12.14/x64/lib/libXau.so.6", O_RDONLY|O_CLOEXEC <unfinished ...>
10804 <... openat resumed>)             = -1 ENOENT (No such file or directory)
10803 <... openat resumed>)             = -1 ENOENT (No such file or directory)
10804 openat(AT_FDCWD, "/lib/x86_64-linux-gnu/libavahi-common.so.3", O_RDONLY|O_CLOEXEC <unfinished ...>
10803 openat(AT_FDCWD, "/lib/x86_64-linux-gnu/libXau.so.6", O_RDONLY|O_CLOEXEC <unfinished ...>
10804 <... openat resumed>)             = 5
10803 <... openat resumed>)             = 5
10804 openat(AT_FDCWD, "/opt/hostedtoolcache/Python/3.12.14/x64/lib/libavahi-client.so.3", O_RDONLY|O_CLOEXEC) = -1 ENOENT (No such file or directory)
10804 openat(AT_FDCWD, "/lib/x86_64-linux-gnu/libavahi-client.so.3", O_RDONLY|O_CLOEXEC <unfinished ...>
10803 openat(AT_FDCWD, "/opt/hostedtoolcache/Python/3.12.14/x64/lib/libXdmcp.so.6", O_RDONLY|O_CLOEXEC <unfinished ...>
10804 <... openat resumed>)             = 5
10803 <... openat resumed>)             = -1 ENOENT (No such file or directory)
10803 openat(AT_FDCWD, "/lib/x86_64-linux-gnu/libXdmcp.so.6", O_RDONLY|O_CLOEXEC) = 5
10804 openat(AT_FDCWD, "/opt/hostedtoolcache/Python/3.12.14/x64/lib/libgnutls.so.30", O_RDONLY|O_CLOEXEC) = -1 ENOENT (No such file or directory)
10804 openat(AT_FDCWD, "/lib/x86_64-linux-gnu/libgnutls.so.30", O_RDONLY|O_CLOEXEC) = 5
10803 openat(AT_FDCWD, "/opt/hostedtoolcache/Python/3.12.14/x64/lib/libdrm.so.2", O_RDONLY|O_CLOEXEC) = -1 ENOENT (No such file or directory)
10803 openat(AT_FDCWD, "/lib/x86_64-linux-gnu/libdrm.so.2", O_RDONLY|O_CLOEXEC) = 5
10804 openat(AT_FDCWD, "/opt/hostedtoolcache/Python/3.12.14/x64/lib/libXau.so.6", O_RDONLY|O_CLOEXEC) = -1 ENOENT (No such file or directory)
10804 openat(AT_FDCWD, "/lib/x86_64-linux-gnu/libXau.so.6", O_RDONLY|O_CLOEXEC) = 5
10803 openat(AT_FDCWD, "/opt/hostedtoolcache/Python/3.12.14/x64/lib/libpng16.so.16", O_RDONLY|O_CLOEXEC) = -1 ENOENT (No such file or directory)
10803 openat(AT_FDCWD, "/lib/x86_64-linux-gnu/libpng16.so.16", O_RDONLY|O_CLOEXEC) = 5
10804 openat(AT_FDCWD, "/opt/hostedtoolcache/Python/3.12.14/x64/lib/libXdmcp.so.6", O_RDONLY|O_CLOEXEC) = -1 ENOENT (No such file or directory)
10804 openat(AT_FDCWD, "/lib/x86_64-linux-gnu/libXdmcp.so.6", O_RDONLY|O_CLOEXEC) = 5
10803 openat(AT_FDCWD, "/opt/hostedtoolcache/Python/3.12.14/x64/lib/libfontconfig.so.1", O_RDONLY|O_CLOEXEC) = -1 ENOENT (No such file or directory)
10803 openat(AT_FDCWD, "/lib/x86_64-linux-gnu/libfontconfig.so.1", O_RDONLY|O_CLOEXEC) = 5
10804 openat(AT_FDCWD, "/opt/hostedtoolcache/Python/3.12.14/x64/lib/libdrm.so.2", O_RDONLY|O_CLOEXEC) = -1 ENOENT (No such file or directory)
10804 openat(AT_FDCWD, "/lib/x86_64-linux-gnu/libdrm.so.2", O_RDONLY|O_CLOEXEC) = 5
10803 openat(AT_FDCWD, "/opt/hostedtoolcache/Python/3.12.14/x64/lib/libfreetype.so.6", O_RDONLY|O_CLOEXEC) = -1 ENOENT (No such file or directory)
10803 openat(AT_FDCWD, "/lib/x86_64-linux-gnu/libfreetype.so.6", O_RDONLY|O_CLOEXEC) = 5
10804 openat(AT_FDCWD, "/opt/hostedtoolcache/Python/3.12.14/x64/lib/libpng16.so.16", O_RDONLY|O_CLOEXEC) = -1 ENOENT (No such file or directory)
10804 openat(AT_FDCWD, "/lib/x86_64-linux-gnu/libpng16.so.16", O_RDONLY|O_CLOEXEC) = 5
10803 openat(AT_FDCWD, "/opt/hostedtoolcache/Python/3.12.14/x64/lib/libXrender.so.1", O_RDONLY|O_CLOEXEC) = -1 ENOENT (No such file or directory)
10803 openat(AT_FDCWD, "/lib/x86_64-linux-gnu/libXrender.so.1", O_RDONLY|O_CLOEXEC) = 5
10804 openat(AT_FDCWD, "/opt/hostedtoolcache/Python/3.12.14/x64/lib/libfontconfig.so.1", O_RDONLY|O_CLOEXEC) = -1 ENOENT (No such file or directory)
10804 openat(AT_FDCWD, "/lib/x86_64-linux-gnu/libfontconfig.so.1", O_RDONLY|O_CLOEXEC) = 5
10803 openat(AT_FDCWD, "/opt/hostedtoolcache/Python/3.12.14/x64/lib/libxcb-render.so.0", O_RDONLY|O_CLOEXEC) = -1 ENOENT (No such file or directory)
10803 openat(AT_FDCWD, "/lib/x86_64-linux-gnu/libxcb-render.so.0", O_RDONLY|O_CLOEXEC <unfinished ...>
10804 openat(AT_FDCWD, "/opt/hostedtoolcache/Python/3.12.14/x64/lib/libfreetype.so.6", O_RDONLY|O_CLOEXEC <unfinished ...>
10803 <... openat resumed>)             = 5
10804 <... openat resumed>)             = -1 ENOENT (No such file or directory)
10804 openat(AT_FDCWD, "/lib/x86_64-linux-gnu/libfreetype.so.6", O_RDONLY|O_CLOEXEC) = 5
10803 openat(AT_FDCWD, "/opt/hostedtoolcache/Python/3.12.14/x64/lib/libxcb-shm.so.0", O_RDONLY|O_CLOEXEC) = -1 ENOENT (No such file or directory)
10803 openat(AT_FDCWD, "/lib/x86_64-linux-gnu/libxcb-shm.so.0", O_RDONLY|O_CLOEXEC) = 5
10804 openat(AT_FDCWD, "/opt/hostedtoolcache/Python/3.12.14/x64/lib/libXrender.so.1", O_RDONLY|O_CLOEXEC) = -1 ENOENT (No such file or directory)
10804 openat(AT_FDCWD, "/lib/x86_64-linux-gnu/libXrender.so.1", O_RDONLY|O_CLOEXEC) = 5
10803 openat(AT_FDCWD, "/opt/hostedtoolcache/Python/3.12.14/x64/lib/libpixman-1.so.0", O_RDONLY|O_CLOEXEC) = -1 ENOENT (No such file or directory)
10803 openat(AT_FDCWD, "/lib/x86_64-linux-gnu/libpixman-1.so.0", O_RDONLY|O_CLOEXEC <unfinished ...>
10804 openat(AT_FDCWD, "/opt/hostedtoolcache/Python/3.12.14/x64/lib/libxcb-render.so.0", O_RDONLY|O_CLOEXEC <unfinished ...>
10803 <... openat resumed>)             = 5
10804 <... openat resumed>)             = -1 ENOENT (No such file or directory)
10804 openat(AT_FDCWD, "/lib/x86_64-linux-gnu/libxcb-render.so.0", O_RDONLY|O_CLOEXEC) = 5
10804 openat(AT_FDCWD, "/opt/hostedtoolcache/Python/3.12.14/x64/lib/libxcb-shm.so.0", O_RDONLY|O_CLOEXEC) = -1 ENOENT (No such file or directory)
10803 openat(AT_FDCWD, "/opt/hostedtoolcache/Python/3.12.14/x64/lib/libfribidi.so.0", O_RDONLY|O_CLOEXEC <unfinished ...>
10804 openat(AT_FDCWD, "/lib/x86_64-linux-gnu/libxcb-shm.so.0", O_RDONLY|O_CLOEXEC <unfinished ...>
10803 <... openat resumed>)             = -1 ENOENT (No such file or directory)
10804 <... openat resumed>)             = 5
10803 openat(AT_FDCWD, "/lib/x86_64-linux-gnu/libfribidi.so.0", O_RDONLY|O_CLOEXEC) = 5
10804 openat(AT_FDCWD, "/opt/hostedtoolcache/Python/3.12.14/x64/lib/libpixman-1.so.0", O_RDONLY|O_CLOEXEC) = -1 ENOENT (No such file or directory)
10804 openat(AT_FDCWD, "/lib/x86_64-linux-gnu/libpixman-1.so.0", O_RDONLY|O_CLOEXEC) = 5
10803 openat(AT_FDCWD, "/opt/hostedtoolcache/Python/3.12.14/x64/lib/libthai.so.0", O_RDONLY|O_CLOEXEC) = -1 ENOENT (No such file or directory)
10803 openat(AT_FDCWD, "/lib/x86_64-linux-gnu/libthai.so.0", O_RDONLY|O_CLOEXEC) = 5
10804 openat(AT_FDCWD, "/opt/hostedtoolcache/Python/3.12.14/x64/lib/libfribidi.so.0", O_RDONLY|O_CLOEXEC) = -1 ENOENT (No such file or directory)
10804 openat(AT_FDCWD, "/lib/x86_64-linux-gnu/libfribidi.so.0", O_RDONLY|O_CLOEXEC) = 5
10803 openat(AT_FDCWD, "/opt/hostedtoolcache/Python/3.12.14/x64/lib/libharfbuzz.so.0", O_RDONLY|O_CLOEXEC) = -1 ENOENT (No such file or directory)
10803 openat(AT_FDCWD, "/lib/x86_64-linux-gnu/libharfbuzz.so.0", O_RDONLY|O_CLOEXEC) = 5
10804 openat(AT_FDCWD, "/opt/hostedtoolcache/Python/3.12.14/x64/lib/libthai.so.0", O_RDONLY|O_CLOEXEC) = -1 ENOENT (No such file or directory)
10804 openat(AT_FDCWD, "/lib/x86_64-linux-gnu/libthai.so.0", O_RDONLY|O_CLOEXEC) = 5
10803 openat(AT_FDCWD, "/opt/hostedtoolcache/Python/3.12.14/x64/lib/libcap.so.2", O_RDONLY|O_CLOEXEC) = -1 ENOENT (No such file or directory)
10803 openat(AT_FDCWD, "/lib/x86_64-linux-gnu/libcap.so.2", O_RDONLY|O_CLOEXEC) = 5
10804 openat(AT_FDCWD, "/opt/hostedtoolcache/Python/3.12.14/x64/lib/libharfbuzz.so.0", O_RDONLY|O_CLOEXEC) = -1 ENOENT (No such file or directory)
10804 openat(AT_FDCWD, "/lib/x86_64-linux-gnu/libharfbuzz.so.0", O_RDONLY|O_CLOEXEC) = 5
10803 openat(AT_FDCWD, "/opt/hostedtoolcache/Python/3.12.14/x64/lib/libXi.so.6", O_RDONLY|O_CLOEXEC) = -1 ENOENT (No such file or directory)
10803 openat(AT_FDCWD, "/lib/x86_64-linux-gnu/libXi.so.6", O_RDONLY|O_CLOEXEC) = 5
10804 openat(AT_FDCWD, "/opt/hostedtoolcache/Python/3.12.14/x64/lib/libcap.so.2", O_RDONLY|O_CLOEXEC) = -1 ENOENT (No such file or directory)
10804 openat(AT_FDCWD, "/lib/x86_64-linux-gnu/libcap.so.2", O_RDONLY|O_CLOEXEC) = 5
10803 openat(AT_FDCWD, "/opt/hostedtoolcache/Python/3.12.14/x64/lib/libblkid.so.1", O_RDONLY|O_CLOEXEC) = -1 ENOENT (No such file or directory)
10803 openat(AT_FDCWD, "/lib/x86_64-linux-gnu/libblkid.so.1", O_RDONLY|O_CLOEXEC) = 5
10804 openat(AT_FDCWD, "/opt/hostedtoolcache/Python/3.12.14/x64/lib/libXi.so.6", O_RDONLY|O_CLOEXEC) = -1 ENOENT (No such file or directory)
10804 openat(AT_FDCWD, "/lib/x86_64-linux-gnu/libXi.so.6", O_RDONLY|O_CLOEXEC) = 5
10803 openat(AT_FDCWD, "/opt/hostedtoolcache/Python/3.12.14/x64/lib/libgcrypt.so.20", O_RDONLY|O_CLOEXEC) = -1 ENOENT (No such file or directory)
10803 openat(AT_FDCWD, "/lib/x86_64-linux-gnu/libgcrypt.so.20", O_RDONLY|O_CLOEXEC) = 5
10804 openat(AT_FDCWD, "/opt/hostedtoolcache/Python/3.12.14/x64/lib/libblkid.so.1", O_RDONLY|O_CLOEXEC) = -1 ENOENT (No such file or directory)
10804 openat(AT_FDCWD, "/lib/x86_64-linux-gnu/libblkid.so.1", O_RDONLY|O_CLOEXEC) = 5
10803 openat(AT_FDCWD, "/opt/hostedtoolcache/Python/3.12.14/x64/lib/liblz4.so.1", O_RDONLY|O_CLOEXEC) = -1 ENOENT (No such file or directory)
10803 openat(AT_FDCWD, "/lib/x86_64-linux-gnu/liblz4.so.1", O_RDONLY|O_CLOEXEC) = 5
10804 openat(AT_FDCWD, "/opt/hostedtoolcache/Python/3.12.14/x64/lib/libgcrypt.so.20", O_RDONLY|O_CLOEXEC) = -1 ENOENT (No such file or directory)
10804 openat(AT_FDCWD, "/lib/x86_64-linux-gnu/libgcrypt.so.20", O_RDONLY|O_CLOEXEC) = 5
10803 openat(AT_FDCWD, "/opt/hostedtoolcache/Python/3.12.14/x64/lib/liblzma.so.5", O_RDONLY|O_CLOEXEC) = -1 ENOENT (No such file or directory)
10803 openat(AT_FDCWD, "/lib/x86_64-linux-gnu/liblzma.so.5", O_RDONLY|O_CLOEXEC) = 5
10804 openat(AT_FDCWD, "/opt/hostedtoolcache/Python/3.12.14/x64/lib/liblz4.so.1", O_RDONLY|O_CLOEXEC) = -1 ENOENT (No such file or directory)
10804 openat(AT_FDCWD, "/lib/x86_64-linux-gnu/liblz4.so.1", O_RDONLY|O_CLOEXEC) = 5
10803 openat(AT_FDCWD, "/opt/hostedtoolcache/Python/3.12.14/x64/lib/libzstd.so.1", O_RDONLY|O_CLOEXEC) = -1 ENOENT (No such file or directory)
10803 openat(AT_FDCWD, "/lib/x86_64-linux-gnu/libzstd.so.1", O_RDONLY|O_CLOEXEC) = 5
10804 openat(AT_FDCWD, "/opt/hostedtoolcache/Python/3.12.14/x64/lib/liblzma.so.5", O_RDONLY|O_CLOEXEC) = -1 ENOENT (No such file or directory)
10804 openat(AT_FDCWD, "/lib/x86_64-linux-gnu/liblzma.so.5", O_RDONLY|O_CLOEXEC) = 5
10803 openat(AT_FDCWD, "/opt/hostedtoolcache/Python/3.12.14/x64/lib/libkrb5.so.3", O_RDONLY|O_CLOEXEC <unfinished ...>
10804 openat(AT_FDCWD, "/opt/hostedtoolcache/Python/3.12.14/x64/lib/libzstd.so.1", O_RDONLY|O_CLOEXEC <unfinished ...>
10803 <... openat resumed>)             = -1 ENOENT (No such file or directory)
10804 <... openat resumed>)             = -1 ENOENT (No such file or directory)
10803 openat(AT_FDCWD, "/lib/x86_64-linux-gnu/libkrb5.so.3", O_RDONLY|O_CLOEXEC <unfinished ...>
10804 openat(AT_FDCWD, "/lib/x86_64-linux-gnu/libzstd.so.1", O_RDONLY|O_CLOEXEC <unfinished ...>
10803 <... openat resumed>)             = 5
10804 <... openat resumed>)             = 5
10804 openat(AT_FDCWD, "/opt/hostedtoolcache/Python/3.12.14/x64/lib/libkrb5.so.3", O_RDONLY|O_CLOEXEC) = -1 ENOENT (No such file or directory)
10804 openat(AT_FDCWD, "/lib/x86_64-linux-gnu/libkrb5.so.3", O_RDONLY|O_CLOEXEC) = 5
10803 openat(AT_FDCWD, "/opt/hostedtoolcache/Python/3.12.14/x64/lib/libk5crypto.so.3", O_RDONLY|O_CLOEXEC) = -1 ENOENT (No such file or directory)
10803 openat(AT_FDCWD, "/lib/x86_64-linux-gnu/libk5crypto.so.3", O_RDONLY|O_CLOEXEC) = 5
10804 openat(AT_FDCWD, "/opt/hostedtoolcache/Python/3.12.14/x64/lib/libk5crypto.so.3", O_RDONLY|O_CLOEXEC) = -1 ENOENT (No such file or directory)
10804 openat(AT_FDCWD, "/lib/x86_64-linux-gnu/libk5crypto.so.3", O_RDONLY|O_CLOEXEC) = 5
10803 openat(AT_FDCWD, "/opt/hostedtoolcache/Python/3.12.14/x64/lib/libcom_err.so.2", O_RDONLY|O_CLOEXEC) = -1 ENOENT (No such file or directory)
10803 openat(AT_FDCWD, "/lib/x86_64-linux-gnu/libcom_err.so.2", O_RDONLY|O_CLOEXEC) = 5
10804 openat(AT_FDCWD, "/opt/hostedtoolcache/Python/3.12.14/x64/lib/libcom_err.so.2", O_RDONLY|O_CLOEXEC) = -1 ENOENT (No such file or directory)
10804 openat(AT_FDCWD, "/lib/x86_64-linux-gnu/libcom_err.so.2", O_RDONLY|O_CLOEXEC) = 5
10803 openat(AT_FDCWD, "/opt/hostedtoolcache/Python/3.12.14/x64/lib/libkrb5support.so.0", O_RDONLY|O_CLOEXEC) = -1 ENOENT (No such file or directory)
10803 openat(AT_FDCWD, "/lib/x86_64-linux-gnu/libkrb5support.so.0", O_RDONLY|O_CLOEXEC) = 5
10804 openat(AT_FDCWD, "/opt/hostedtoolcache/Python/3.12.14/x64/lib/libkrb5support.so.0", O_RDONLY|O_CLOEXEC) = -1 ENOENT (No such file or directory)
10804 openat(AT_FDCWD, "/lib/x86_64-linux-gnu/libkrb5support.so.0", O_RDONLY|O_CLOEXEC) = 5
10803 openat(AT_FDCWD, "/opt/hostedtoolcache/Python/3.12.14/x64/lib/libp11-kit.so.0", O_RDONLY|O_CLOEXEC) = -1 ENOENT (No such file or directory)
10803 openat(AT_FDCWD, "/lib/x86_64-linux-gnu/libp11-kit.so.0", O_RDONLY|O_CLOEXEC) = 5
10804 openat(AT_FDCWD, "/opt/hostedtoolcache/Python/3.12.14/x64/lib/libp11-kit.so.0", O_RDONLY|O_CLOEXEC) = -1 ENOENT (No such file or directory)
10804 openat(AT_FDCWD, "/lib/x86_64-linux-gnu/libp11-kit.so.0", O_RDONLY|O_CLOEXEC) = 5
10803 openat(AT_FDCWD, "/opt/hostedtoolcache/Python/3.12.14/x64/lib/libidn2.so.0", O_RDONLY|O_CLOEXEC) = -1 ENOENT (No such file or directory)
10803 openat(AT_FDCWD, "/lib/x86_64-linux-gnu/libidn2.so.0", O_RDONLY|O_CLOEXEC) = 5
10804 openat(AT_FDCWD, "/opt/hostedtoolcache/Python/3.12.14/x64/lib/libidn2.so.0", O_RDONLY|O_CLOEXEC) = -1 ENOENT (No such file or directory)
10804 openat(AT_FDCWD, "/lib/x86_64-linux-gnu/libidn2.so.0", O_RDONLY|O_CLOEXEC) = 5
10803 openat(AT_FDCWD, "/opt/hostedtoolcache/Python/3.12.14/x64/lib/libunistring.so.5", O_RDONLY|O_CLOEXEC) = -1 ENOENT (No such file or directory)
10803 openat(AT_FDCWD, "/lib/x86_64-linux-gnu/libunistring.so.5", O_RDONLY|O_CLOEXEC) = 5
10804 openat(AT_FDCWD, "/opt/hostedtoolcache/Python/3.12.14/x64/lib/libunistring.so.5", O_RDONLY|O_CLOEXEC) = -1 ENOENT (No such file or directory)
10804 openat(AT_FDCWD, "/lib/x86_64-linux-gnu/libunistring.so.5", O_RDONLY|O_CLOEXEC) = 5
10803 openat(AT_FDCWD, "/opt/hostedtoolcache/Python/3.12.14/x64/lib/libtasn1.so.6", O_RDONLY|O_CLOEXEC) = -1 ENOENT (No such file or directory)
10803 openat(AT_FDCWD, "/lib/x86_64-linux-gnu/libtasn1.so.6", O_RDONLY|O_CLOEXEC) = 5
10804 openat(AT_FDCWD, "/opt/hostedtoolcache/Python/3.12.14/x64/lib/libtasn1.so.6", O_RDONLY|O_CLOEXEC) = -1 ENOENT (No such file or directory)
10804 openat(AT_FDCWD, "/lib/x86_64-linux-gnu/libtasn1.so.6", O_RDONLY|O_CLOEXEC) = 5
10803 openat(AT_FDCWD, "/opt/hostedtoolcache/Python/3.12.14/x64/lib/libnettle.so.8", O_RDONLY|O_CLOEXEC) = -1 ENOENT (No such file or directory)
10803 openat(AT_FDCWD, "/lib/x86_64-linux-gnu/libnettle.so.8", O_RDONLY|O_CLOEXEC <unfinished ...>
10804 openat(AT_FDCWD, "/opt/hostedtoolcache/Python/3.12.14/x64/lib/libnettle.so.8", O_RDONLY|O_CLOEXEC <unfinished ...>
10803 <... openat resumed>)             = 5
10804 <... openat resumed>)             = -1 ENOENT (No such file or directory)
10804 openat(AT_FDCWD, "/lib/x86_64-linux-gnu/libnettle.so.8", O_RDONLY|O_CLOEXEC) = 5
10804 openat(AT_FDCWD, "/opt/hostedtoolcache/Python/3.12.14/x64/lib/libhogweed.so.6", O_RDONLY|O_CLOEXEC <unfinished ...>
10803 openat(AT_FDCWD, "/opt/hostedtoolcache/Python/3.12.14/x64/lib/libhogweed.so.6", O_RDONLY|O_CLOEXEC <unfinished ...>
10804 <... openat resumed>)             = -1 ENOENT (No such file or directory)
10803 <... openat resumed>)             = -1 ENOENT (No such file or directory)
10804 openat(AT_FDCWD, "/lib/x86_64-linux-gnu/libhogweed.so.6", O_RDONLY|O_CLOEXEC <unfinished ...>
10803 openat(AT_FDCWD, "/lib/x86_64-linux-gnu/libhogweed.so.6", O_RDONLY|O_CLOEXEC <unfinished ...>
10804 <... openat resumed>)             = 5
10803 <... openat resumed>)             = 5
10804 openat(AT_FDCWD, "/opt/hostedtoolcache/Python/3.12.14/x64/lib/libgmp.so.10", O_RDONLY|O_CLOEXEC) = -1 ENOENT (No such file or directory)
10804 openat(AT_FDCWD, "/lib/x86_64-linux-gnu/libgmp.so.10", O_RDONLY|O_CLOEXEC <unfinished ...>
10803 openat(AT_FDCWD, "/opt/hostedtoolcache/Python/3.12.14/x64/lib/libgmp.so.10", O_RDONLY|O_CLOEXEC <unfinished ...>
10804 <... openat resumed>)             = 5
10803 <... openat resumed>)             = -1 ENOENT (No such file or directory)
10803 openat(AT_FDCWD, "/lib/x86_64-linux-gnu/libgmp.so.10", O_RDONLY|O_CLOEXEC) = 5
10804 openat(AT_FDCWD, "/opt/hostedtoolcache/Python/3.12.14/x64/lib/libbsd.so.0", O_RDONLY|O_CLOEXEC) = -1 ENOENT (No such file or directory)
10804 openat(AT_FDCWD, "/lib/x86_64-linux-gnu/libbsd.so.0", O_RDONLY|O_CLOEXEC) = 5
10803 openat(AT_FDCWD, "/opt/hostedtoolcache/Python/3.12.14/x64/lib/libbsd.so.0", O_RDONLY|O_CLOEXEC) = -1 ENOENT (No such file or directory)
10803 openat(AT_FDCWD, "/lib/x86_64-linux-gnu/libbsd.so.0", O_RDONLY|O_CLOEXEC) = 5
10804 openat(AT_FDCWD, "/opt/hostedtoolcache/Python/3.12.14/x64/lib/libbz2.so.1.0", O_RDONLY|O_CLOEXEC) = -1 ENOENT (No such file or directory)
10804 openat(AT_FDCWD, "/lib/x86_64-linux-gnu/libbz2.so.1.0", O_RDONLY|O_CLOEXEC) = 5
10803 openat(AT_FDCWD, "/opt/hostedtoolcache/Python/3.12.14/x64/lib/libbz2.so.1.0", O_RDONLY|O_CLOEXEC) = -1 ENOENT (No such file or directory)
10803 openat(AT_FDCWD, "/lib/x86_64-linux-gnu/libbz2.so.1.0", O_RDONLY|O_CLOEXEC) = 5
10804 openat(AT_FDCWD, "/opt/hostedtoolcache/Python/3.12.14/x64/lib/libbrotlidec.so.1", O_RDONLY|O_CLOEXEC) = -1 ENOENT (No such file or directory)
10804 openat(AT_FDCWD, "/lib/x86_64-linux-gnu/libbrotlidec.so.1", O_RDONLY|O_CLOEXEC) = 5
10803 openat(AT_FDCWD, "/opt/hostedtoolcache/Python/3.12.14/x64/lib/libbrotlidec.so.1", O_RDONLY|O_CLOEXEC) = -1 ENOENT (No such file or directory)
10803 openat(AT_FDCWD, "/lib/x86_64-linux-gnu/libbrotlidec.so.1", O_RDONLY|O_CLOEXEC) = 5
10803 openat(AT_FDCWD, "/opt/hostedtoolcache/Python/3.12.14/x64/lib/libdatrie.so.1", O_RDONLY|O_CLOEXEC) = -1 ENOENT (No such file or directory)
10803 openat(AT_FDCWD, "/lib/x86_64-linux-gnu/libdatrie.so.1", O_RDONLY|O_CLOEXEC) = 5
10804 openat(AT_FDCWD, "/opt/hostedtoolcache/Python/3.12.14/x64/lib/libdatrie.so.1", O_RDONLY|O_CLOEXEC) = -1 ENOENT (No such file or directory)
10804 openat(AT_FDCWD, "/lib/x86_64-linux-gnu/libdatrie.so.1", O_RDONLY|O_CLOEXEC) = 5
10803 openat(AT_FDCWD, "/opt/hostedtoolcache/Python/3.12.14/x64/lib/libgraphite2.so.3", O_RDONLY|O_CLOEXEC) = -1 ENOENT (No such file or directory)
10803 openat(AT_FDCWD, "/lib/x86_64-linux-gnu/libgraphite2.so.3", O_RDONLY|O_CLOEXEC) = 5
10804 openat(AT_FDCWD, "/opt/hostedtoolcache/Python/3.12.14/x64/lib/libgraphite2.so.3", O_RDONLY|O_CLOEXEC) = -1 ENOENT (No such file or directory)
10804 openat(AT_FDCWD, "/lib/x86_64-linux-gnu/libgraphite2.so.3", O_RDONLY|O_CLOEXEC) = 5
10803 openat(AT_FDCWD, "/opt/hostedtoolcache/Python/3.12.14/x64/lib/libgpg-error.so.0", O_RDONLY|O_CLOEXEC) = -1 ENOENT (No such file or directory)
10803 openat(AT_FDCWD, "/lib/x86_64-linux-gnu/libgpg-error.so.0", O_RDONLY|O_CLOEXEC) = 5
10804 openat(AT_FDCWD, "/opt/hostedtoolcache/Python/3.12.14/x64/lib/libgpg-error.so.0", O_RDONLY|O_CLOEXEC) = -1 ENOENT (No such file or directory)
10804 openat(AT_FDCWD, "/lib/x86_64-linux-gnu/libgpg-error.so.0", O_RDONLY|O_CLOEXEC) = 5
10803 openat(AT_FDCWD, "/opt/hostedtoolcache/Python/3.12.14/x64/lib/libkeyutils.so.1", O_RDONLY|O_CLOEXEC) = -1 ENOENT (No such file or directory)
10803 openat(AT_FDCWD, "/lib/x86_64-linux-gnu/libkeyutils.so.1", O_RDONLY|O_CLOEXEC) = 5
10804 openat(AT_FDCWD, "/opt/hostedtoolcache/Python/3.12.14/x64/lib/libkeyutils.so.1", O_RDONLY|O_CLOEXEC) = -1 ENOENT (No such file or directory)
10804 openat(AT_FDCWD, "/lib/x86_64-linux-gnu/libkeyutils.so.1", O_RDONLY|O_CLOEXEC) = 5
10803 openat(AT_FDCWD, "/opt/hostedtoolcache/Python/3.12.14/x64/lib/libresolv.so.2", O_RDONLY|O_CLOEXEC <unfinished ...>
10804 openat(AT_FDCWD, "/opt/hostedtoolcache/Python/3.12.14/x64/lib/libresolv.so.2", O_RDONLY|O_CLOEXEC <unfinished ...>
10803 <... openat resumed>)             = -1 ENOENT (No such file or directory)
10804 <... openat resumed>)             = -1 ENOENT (No such file or directory)
10803 openat(AT_FDCWD, "/lib/x86_64-linux-gnu/libresolv.so.2", O_RDONLY|O_CLOEXEC <unfinished ...>
10804 openat(AT_FDCWD, "/lib/x86_64-linux-gnu/libresolv.so.2", O_RDONLY|O_CLOEXEC <unfinished ...>
10803 <... openat resumed>)             = 5
10804 <... openat resumed>)             = 5
10804 openat(AT_FDCWD, "/opt/hostedtoolcache/Python/3.12.14/x64/lib/libmd.so.0", O_RDONLY|O_CLOEXEC) = -1 ENOENT (No such file or directory)
10804 openat(AT_FDCWD, "/lib/x86_64-linux-gnu/libmd.so.0", O_RDONLY|O_CLOEXEC) = 5
10803 openat(AT_FDCWD, "/opt/hostedtoolcache/Python/3.12.14/x64/lib/libmd.so.0", O_RDONLY|O_CLOEXEC) = -1 ENOENT (No such file or directory)
10803 openat(AT_FDCWD, "/lib/x86_64-linux-gnu/libmd.so.0", O_RDONLY|O_CLOEXEC) = 5
10804 openat(AT_FDCWD, "/opt/hostedtoolcache/Python/3.12.14/x64/lib/libbrotlicommon.so.1", O_RDONLY|O_CLOEXEC) = -1 ENOENT (No such file or directory)
10804 openat(AT_FDCWD, "/lib/x86_64-linux-gnu/libbrotlicommon.so.1", O_RDONLY|O_CLOEXEC) = 5
10803 openat(AT_FDCWD, "/opt/hostedtoolcache/Python/3.12.14/x64/lib/libbrotlicommon.so.1", O_RDONLY|O_CLOEXEC) = -1 ENOENT (No such file or directory)
10803 openat(AT_FDCWD, "/lib/x86_64-linux-gnu/libbrotlicommon.so.1", O_RDONLY|O_CLOEXEC) = 5
10803 openat(AT_FDCWD, "/etc/gnutls/config", O_RDONLY|O_CLOEXEC <unfinished ...>
10804 openat(AT_FDCWD, "/etc/gnutls/config", O_RDONLY|O_CLOEXEC <unfinished ...>
10803 <... openat resumed>)             = 5
10804 <... openat resumed>)             = 5
10804 openat(AT_FDCWD, "/proc/filesystems", O_RDONLY|O_CLOEXEC <unfinished ...>
10803 openat(AT_FDCWD, "/proc/filesystems", O_RDONLY|O_CLOEXEC <unfinished ...>
10804 <... openat resumed>)             = 5
10803 <... openat resumed>)             = 5
10804 openat(AT_FDCWD, "/proc/self/stat", O_RDONLY|O_CLOEXEC <unfinished ...>
10803 openat(AT_FDCWD, "/proc/self/stat", O_RDONLY|O_CLOEXEC <unfinished ...>
10804 <... openat resumed>)             = 5
10803 <... openat resumed>)             = 5
10804 openat(AT_FDCWD, "/proc/stat", O_RDONLY|O_CLOEXEC <unfinished ...>
10803 openat(AT_FDCWD, "/proc/stat", O_RDONLY|O_CLOEXEC <unfinished ...>
10804 <... openat resumed>)             = 5
10803 <... openat resumed>)             = 5
10804 openat(AT_FDCWD, "/proc/self/cmdline", O_RDONLY|O_CLOEXEC <unfinished ...>
10803 openat(AT_FDCWD, "/proc/self/cmdline", O_RDONLY|O_CLOEXEC <unfinished ...>
10804 <... openat resumed>)             = 5
10803 <... openat resumed>)             = 5
10804 openat(AT_FDCWD, "/usr/lib/locale/locale-archive", O_RDONLY|O_CLOEXEC) = 5
10803 openat(AT_FDCWD, "/usr/lib/locale/locale-archive", O_RDONLY|O_CLOEXEC) = 5
10804 openat(AT_FDCWD, "/usr/share/locale/locale.alias", O_RDONLY|O_CLOEXEC) = 5
10803 openat(AT_FDCWD, "/usr/share/locale/locale.alias", O_RDONLY|O_CLOEXEC) = 5
10804 openat(AT_FDCWD, "/usr/lib/locale/C.UTF-8/LC_IDENTIFICATION", O_RDONLY|O_CLOEXEC) = -1 ENOENT (No such file or directory)
10804 openat(AT_FDCWD, "/usr/lib/locale/C.utf8/LC_IDENTIFICATION", O_RDONLY|O_CLOEXEC) = 5
10803 openat(AT_FDCWD, "/usr/lib/locale/C.UTF-8/LC_IDENTIFICATION", O_RDONLY|O_CLOEXEC) = -1 ENOENT (No such file or directory)
10804 openat(AT_FDCWD, "/usr/lib/x86_64-linux-gnu/gconv/gconv-modules.cache", O_RDONLY|O_CLOEXEC <unfinished ...>
10803 openat(AT_FDCWD, "/usr/lib/locale/C.utf8/LC_IDENTIFICATION", O_RDONLY|O_CLOEXEC <unfinished ...>
10804 <... openat resumed>)             = 5
10803 <... openat resumed>)             = 5
10803 openat(AT_FDCWD, "/usr/lib/x86_64-linux-gnu/gconv/gconv-modules.cache", O_RDONLY|O_CLOEXEC) = 5
10804 openat(AT_FDCWD, "/usr/lib/locale/C.UTF-8/LC_MEASUREMENT", O_RDONLY|O_CLOEXEC) = -1 ENOENT (No such file or directory)
10804 openat(AT_FDCWD, "/usr/lib/locale/C.utf8/LC_MEASUREMENT", O_RDONLY|O_CLOEXEC) = 5
10804 openat(AT_FDCWD, "/usr/lib/locale/C.UTF-8/LC_TELEPHONE", O_RDONLY|O_CLOEXEC <unfinished ...>
10803 openat(AT_FDCWD, "/usr/lib/locale/C.UTF-8/LC_MEASUREMENT", O_RDONLY|O_CLOEXEC <unfinished ...>
10804 <... openat resumed>)             = -1 ENOENT (No such file or directory)
10803 <... openat resumed>)             = -1 ENOENT (No such file or directory)
10804 openat(AT_FDCWD, "/usr/lib/locale/C.utf8/LC_TELEPHONE", O_RDONLY|O_CLOEXEC <unfinished ...>
10803 openat(AT_FDCWD, "/usr/lib/locale/C.utf8/LC_MEASUREMENT", O_RDONLY|O_CLOEXEC <unfinished ...>
10804 <... openat resumed>)             = 5
10803 <... openat resumed>)             = 5
10804 openat(AT_FDCWD, "/usr/lib/locale/C.UTF-8/LC_ADDRESS", O_RDONLY|O_CLOEXEC <unfinished ...>
10803 openat(AT_FDCWD, "/usr/lib/locale/C.UTF-8/LC_TELEPHONE", O_RDONLY|O_CLOEXEC <unfinished ...>
10804 <... openat resumed>)             = -1 ENOENT (No such file or directory)
10803 <... openat resumed>)             = -1 ENOENT (No such file or directory)
10804 openat(AT_FDCWD, "/usr/lib/locale/C.utf8/LC_ADDRESS", O_RDONLY|O_CLOEXEC <unfinished ...>
10803 openat(AT_FDCWD, "/usr/lib/locale/C.utf8/LC_TELEPHONE", O_RDONLY|O_CLOEXEC <unfinished ...>
10804 <... openat resumed>)             = 5
10803 <... openat resumed>)             = 5
10804 openat(AT_FDCWD, "/usr/lib/locale/C.UTF-8/LC_NAME", O_RDONLY|O_CLOEXEC) = -1 ENOENT (No such file or directory)
10803 openat(AT_FDCWD, "/usr/lib/locale/C.UTF-8/LC_ADDRESS", O_RDONLY|O_CLOEXEC <unfinished ...>
10804 openat(AT_FDCWD, "/usr/lib/locale/C.utf8/LC_NAME", O_RDONLY|O_CLOEXEC <unfinished ...>
10803 <... openat resumed>)             = -1 ENOENT (No such file or directory)
10804 <... openat resumed>)             = 5
10803 openat(AT_FDCWD, "/usr/lib/locale/C.utf8/LC_ADDRESS", O_RDONLY|O_CLOEXEC) = 5
10804 openat(AT_FDCWD, "/usr/lib/locale/C.UTF-8/LC_PAPER", O_RDONLY|O_CLOEXEC) = -1 ENOENT (No such file or directory)
10804 openat(AT_FDCWD, "/usr/lib/locale/C.utf8/LC_PAPER", O_RDONLY|O_CLOEXEC) = 5
10803 openat(AT_FDCWD, "/usr/lib/locale/C.UTF-8/LC_NAME", O_RDONLY|O_CLOEXEC) = -1 ENOENT (No such file or directory)
10803 openat(AT_FDCWD, "/usr/lib/locale/C.utf8/LC_NAME", O_RDONLY|O_CLOEXEC) = 5
10804 openat(AT_FDCWD, "/usr/lib/locale/C.UTF-8/LC_MESSAGES", O_RDONLY|O_CLOEXEC) = -1 ENOENT (No such file or directory)
10804 openat(AT_FDCWD, "/usr/lib/locale/C.utf8/LC_MESSAGES", O_RDONLY|O_CLOEXEC) = 5
10803 openat(AT_FDCWD, "/usr/lib/locale/C.UTF-8/LC_PAPER", O_RDONLY|O_CLOEXEC <unfinished ...>
10804 openat(AT_FDCWD, "/usr/lib/locale/C.utf8/LC_MESSAGES/SYS_LC_MESSAGES", O_RDONLY|O_CLOEXEC <unfinished ...>
10803 <... openat resumed>)             = -1 ENOENT (No such file or directory)
10804 <... openat resumed>)             = 5
10803 openat(AT_FDCWD, "/usr/lib/locale/C.utf8/LC_PAPER", O_RDONLY|O_CLOEXEC) = 5
10804 openat(AT_FDCWD, "/usr/lib/locale/C.UTF-8/LC_MONETARY", O_RDONLY|O_CLOEXEC) = -1 ENOENT (No such file or directory)
10804 openat(AT_FDCWD, "/usr/lib/locale/C.utf8/LC_MONETARY", O_RDONLY|O_CLOEXEC) = 5
10803 openat(AT_FDCWD, "/usr/lib/locale/C.UTF-8/LC_MESSAGES", O_RDONLY|O_CLOEXEC) = -1 ENOENT (No such file or directory)
10803 openat(AT_FDCWD, "/usr/lib/locale/C.utf8/LC_MESSAGES", O_RDONLY|O_CLOEXEC) = 5
10804 openat(AT_FDCWD, "/usr/lib/locale/C.UTF-8/LC_COLLATE", O_RDONLY|O_CLOEXEC) = -1 ENOENT (No such file or directory)
10804 openat(AT_FDCWD, "/usr/lib/locale/C.utf8/LC_COLLATE", O_RDONLY|O_CLOEXEC) = 5
10803 openat(AT_FDCWD, "/usr/lib/locale/C.utf8/LC_MESSAGES/SYS_LC_MESSAGES", O_RDONLY|O_CLOEXEC) = 5
10804 openat(AT_FDCWD, "/usr/lib/locale/C.UTF-8/LC_TIME", O_RDONLY|O_CLOEXEC) = -1 ENOENT (No such file or directory)
10804 openat(AT_FDCWD, "/usr/lib/locale/C.utf8/LC_TIME", O_RDONLY|O_CLOEXEC) = 5
10803 openat(AT_FDCWD, "/usr/lib/locale/C.UTF-8/LC_MONETARY", O_RDONLY|O_CLOEXEC) = -1 ENOENT (No such file or directory)
10803 openat(AT_FDCWD, "/usr/lib/locale/C.utf8/LC_MONETARY", O_RDONLY|O_CLOEXEC) = 5
10804 openat(AT_FDCWD, "/usr/lib/locale/C.UTF-8/LC_NUMERIC", O_RDONLY|O_CLOEXEC) = -1 ENOENT (No such file or directory)
10804 openat(AT_FDCWD, "/usr/lib/locale/C.utf8/LC_NUMERIC", O_RDONLY|O_CLOEXEC) = 5
10803 openat(AT_FDCWD, "/usr/lib/locale/C.UTF-8/LC_COLLATE", O_RDONLY|O_CLOEXEC) = -1 ENOENT (No such file or directory)
10804 openat(AT_FDCWD, "/usr/lib/locale/C.UTF-8/LC_CTYPE", O_RDONLY|O_CLOEXEC <unfinished ...>
10803 openat(AT_FDCWD, "/usr/lib/locale/C.utf8/LC_COLLATE", O_RDONLY|O_CLOEXEC <unfinished ...>
10804 <... openat resumed>)             = -1 ENOENT (No such file or directory)
10803 <... openat resumed>)             = 5
10804 openat(AT_FDCWD, "/usr/lib/locale/C.utf8/LC_CTYPE", O_RDONLY|O_CLOEXEC) = 5
10803 openat(AT_FDCWD, "/usr/lib/locale/C.UTF-8/LC_TIME", O_RDONLY|O_CLOEXEC) = -1 ENOENT (No such file or directory)
10803 openat(AT_FDCWD, "/usr/lib/locale/C.utf8/LC_TIME", O_RDONLY|O_CLOEXEC) = 5
10803 openat(AT_FDCWD, "/usr/lib/locale/C.UTF-8/LC_NUMERIC", O_RDONLY|O_CLOEXEC) = -1 ENOENT (No such file or directory)
10803 openat(AT_FDCWD, "/usr/lib/locale/C.utf8/LC_NUMERIC", O_RDONLY|O_CLOEXEC) = 5
10803 openat(AT_FDCWD, "/usr/lib/locale/C.UTF-8/LC_CTYPE", O_RDONLY|O_CLOEXEC) = -1 ENOENT (No such file or directory)
10803 openat(AT_FDCWD, "/usr/lib/locale/C.utf8/LC_CTYPE", O_RDONLY|O_CLOEXEC) = 5
10804 openat(AT_FDCWD, "/proc/self/status", O_RDONLY) = 5
10804 openat(AT_FDCWD, "/opt/google/chrome/icudtl.dat", O_RDONLY) = 5
10804 openat(AT_FDCWD, "/etc/localtime", O_RDONLY|O_CLOEXEC) = 6
10803 openat(AT_FDCWD, "/proc/self/status", O_RDONLY) = 5
10803 openat(AT_FDCWD, "/opt/google/chrome/icudtl.dat", O_RDONLY <unfinished ...>
10804 openat(AT_FDCWD, "/opt/google/chrome/v8_context_snapshot.bin", O_RDONLY <unfinished ...>
10803 <... openat resumed>)             = 5
10804 <... openat resumed>)             = 6
10803 openat(AT_FDCWD, "/etc/localtime", O_RDONLY|O_CLOEXEC) = 6
10804 openat(AT_FDCWD, "/opt/google/chrome/chrome_100_percent.pak", O_RDONLY) = 7
10804 openat(AT_FDCWD, "/opt/google/chrome/chrome_200_percent.pak", O_RDONLY) = 8
10804 openat(AT_FDCWD, "/usr/share/locale/locale.alias", O_RDONLY|O_CLOEXEC) = 9
10803 openat(AT_FDCWD, "/opt/google/chrome/v8_context_snapshot.bin", O_RDONLY) = 6
10804 openat(AT_FDCWD, "/opt/google/chrome/locales/en-US.pak", O_RDONLY) = 9
10803 openat(AT_FDCWD, "/opt/google/chrome/chrome_100_percent.pak", O_RDONLY) = 7
10804 openat(AT_FDCWD, "/opt/google/chrome/resources.pak", O_RDONLY) = 10
10803 openat(AT_FDCWD, "/opt/google/chrome/chrome_200_percent.pak", O_RDONLY) = 8
10803 openat(AT_FDCWD, "/usr/share/locale/locale.alias", O_RDONLY|O_CLOEXEC) = 9
10804 openat(AT_FDCWD, "/dev/urandom", O_RDONLY|O_CLOEXEC) = 11
10803 openat(AT_FDCWD, "/opt/google/chrome/locales/en-US.pak", O_RDONLY) = 9
10804 openat(AT_FDCWD, "/sys/devices/system/cpu/possible", O_RDONLY|O_CLOEXEC) = 12
10803 openat(AT_FDCWD, "/opt/google/chrome/resources.pak", O_RDONLY) = 10
10804 openat(AT_FDCWD, "/sys/devices/system/cpu/cpu0/cpufreq/cpuinfo_max_freq", O_RDONLY|O_NOCTTY|O_NONBLOCK|O_CLOEXEC) = -1 ENOENT (No such file or directory)
10804 openat(AT_FDCWD, "/proc/sys/fs/inotify/max_user_watches", O_RDONLY) = 12
10804 openat(AT_FDCWD, "/opt/google/chrome/WidevineCdm/manifest.json", O_RDONLY|O_CLOEXEC) = 12
10803 openat(AT_FDCWD, "/dev/urandom", O_RDONLY|O_CLOEXEC) = 11
10803 openat(AT_FDCWD, "/sys/devices/system/cpu/possible", O_RDONLY|O_CLOEXEC <unfinished ...>
10804 openat(AT_FDCWD, "/opt/google/chrome/WidevineCdm/_platform_specific/linux_x64/libwidevinecdm.so", O_RDONLY|O_CLOEXEC <unfinished ...>
10803 <... openat resumed>)             = 12
10804 <... openat resumed>)             = 12
10803 openat(AT_FDCWD, "/sys/devices/system/cpu/cpu0/cpufreq/cpuinfo_max_freq", O_RDONLY|O_NOCTTY|O_NONBLOCK|O_CLOEXEC) = -1 ENOENT (No such file or directory)
10803 openat(AT_FDCWD, "/proc/sys/fs/inotify/max_user_watches", O_RDONLY) = 12
10804 openat(0, "/proc/self/maps", O_RDONLY) = 12
10803 openat(AT_FDCWD, "/opt/google/chrome/WidevineCdm/manifest.json", O_RDONLY|O_CLOEXEC) = 12
10803 openat(AT_FDCWD, "/opt/google/chrome/WidevineCdm/_platform_specific/linux_x64/libwidevinecdm.so", O_RDONLY|O_CLOEXEC) = 12
10804 openat(0, "/proc/self/maps", O_RDONLY) = 12
10803 openat(0, "/proc/self/maps", O_RDONLY) = 12
10803 openat(0, "/proc/self/maps", O_RDONLY) = 12
10804 openat(AT_FDCWD, "/dev/urandom", O_RDONLY|O_CLOEXEC) = 12
10804 openat(AT_FDCWD, "/sys/devices/system/cpu/online", O_RDONLY|O_CLOEXEC) = 13
10804 openat(AT_FDCWD, "/sys/devices/system/cpu/kernel_max", O_RDONLY) = 13
10804 openat(AT_FDCWD, "/sys/devices/system/cpu/possible", O_RDONLY) = 13
10804 openat(AT_FDCWD, "/sys/devices/system/cpu/present", O_RDONLY) = 13
10804 openat(AT_FDCWD, "/sys/devices/system/cpu/possible", O_RDONLY) = 13
10804 openat(AT_FDCWD, "/sys/devices/system/cpu/present", O_RDONLY) = 13
10804 openat(AT_FDCWD, "/proc/cpuinfo", O_RDONLY) = 13
10803 openat(AT_FDCWD, "/dev/urandom", O_RDONLY|O_CLOEXEC) = 12
10803 openat(AT_FDCWD, "/sys/devices/system/cpu/online", O_RDONLY|O_CLOEXEC <unfinished ...>
10804 openat(AT_FDCWD, "/proc/", O_RDONLY|O_CLOEXEC|O_DIRECTORY <unfinished ...>
10803 <... openat resumed>)             = 13
10804 <... openat resumed>)             = 13
10803 openat(AT_FDCWD, "/sys/devices/system/cpu/kernel_max", O_RDONLY) = 13
10804 recvmsg(3, {msg_name=NULL, msg_namelen=0, msg_iov=[{iov_base="\4\0\0\0\3\0\0\0", iov_len=65536}], msg_iovlen=1, msg_controllen=0, msg_flags=0}, 0) = 8
10803 openat(AT_FDCWD, "/sys/devices/system/cpu/possible", O_RDONLY) = 13
10803 openat(AT_FDCWD, "/sys/devices/system/cpu/present", O_RDONLY) = 13
10803 openat(AT_FDCWD, "/sys/devices/system/cpu/possible", O_RDONLY) = 13
10803 openat(AT_FDCWD, "/sys/devices/system/cpu/present", O_RDONLY) = 13
10803 openat(AT_FDCWD, "/proc/cpuinfo", O_RDONLY) = 13
10788 socket(AF_UNIX, SOCK_STREAM, 0)   = 16
10803 openat(AT_FDCWD, "/proc/", O_RDONLY|O_CLOEXEC|O_DIRECTORY) = 13
10803 recvmsg(3, {msg_name=NULL, msg_namelen=0, msg_iov=[{iov_base="\4\0\0\0\3\0\0\0", iov_len=65536}], msg_iovlen=1, msg_controllen=0, msg_flags=0}, 0) = 8
10788 socket(AF_UNIX, SOCK_STREAM, 0)   = 16
10788 bind(16, {sa_family=AF_UNIX, sun_path="/tmp/com.google.Chrome.fVp4Tm/SingletonSocket"}, 110) = 0
10788 listen(16, 5)                     = 0
10788 openat(AT_FDCWD, "/tmp/playwright_chromiumdev_profile-56xg4l/Consent To Send Stats", O_RDONLY|O_CLOEXEC) = -1 ENOENT (No such file or directory)
10788 openat(AT_FDCWD, "/proc/self/stat", O_RDONLY|O_CLOEXEC) = 17
10788 openat(AT_FDCWD, "/proc/stat", O_RDONLY|O_CLOEXEC) = 17
10788 openat(AT_FDCWD, "/tmp/playwright_chromiumdev_profile-56xg4l/Local State", O_RDONLY|O_CLOEXEC) = -1 ENOENT (No such file or directory)
10788 openat(AT_FDCWD, "/etc/opt/chrome/policies/managed", O_RDONLY|O_NONBLOCK|O_CLOEXEC|O_DIRECTORY) = -1 ENOENT (No such file or directory)
10788 openat(AT_FDCWD, "/etc/opt/chrome/policies/recommended", O_RDONLY|O_NONBLOCK|O_CLOEXEC|O_DIRECTORY) = -1 ENOENT (No such file or directory)
10788 openat(AT_FDCWD, "/etc/machine-id", O_RDONLY|O_CLOEXEC) = 17
10788 openat(AT_FDCWD, "/etc/opt/chrome/policies/enrollment/CloudManagementEnrollmentToken", O_RDONLY|O_CLOEXEC) = -1 ENOENT (No such file or directory)
10788 openat(AT_FDCWD, "/tmp/playwright_chromiumdev_profile-56xg4l/Policy/Enrollment/shKwHX9rpLIWVpMXpso8B6nFo40", O_RDONLY|O_CLOEXEC) = -1 ENOENT (No such file or directory)
10788 openat(AT_FDCWD, "/etc/opt/chrome/policies/enrollment/CloudManagementEnrollmentOptions", O_RDONLY|O_CLOEXEC) = -1 ENOENT (No such file or directory)
10788 openat(AT_FDCWD, "/tmp/playwright_chromiumdev_profile-56xg4l/Variations", O_RDONLY|O_CLOEXEC) = -1 ENOENT (No such file or directory)
10788 openat(AT_FDCWD, "/tmp/playwright_chromiumdev_profile-56xg4l/VariationsSafeSeedV2", O_RDONLY|O_CLOEXEC) = -1 ENOENT (No such file or directory)
10788 openat(AT_FDCWD, "/tmp/playwright_chromiumdev_profile-56xg4l/VariationsSafeSeedV1", O_RDONLY|O_CLOEXEC) = -1 ENOENT (No such file or directory)
10788 openat(AT_FDCWD, "/tmp/playwright_chromiumdev_profile-56xg4l/VariationsSeedV2", O_RDONLY|O_CLOEXEC) = -1 ENOENT (No such file or directory)
10788 openat(AT_FDCWD, "/tmp/playwright_chromiumdev_profile-56xg4l/VariationsSeedV1", O_RDONLY|O_CLOEXEC) = -1 ENOENT (No such file or directory)
10788 openat(AT_FDCWD, "/usr/share/locale/locale.alias", O_RDONLY|O_CLOEXEC) = 17
10788 openat(AT_FDCWD, "/opt/google/chrome/chrome_100_percent.pak", O_RDONLY) = 17
10788 openat(AT_FDCWD, "/opt/google/chrome/chrome_200_percent.pak", O_RDONLY) = 18
10788 openat(AT_FDCWD, "/opt/google/chrome/locales/en-US.pak", O_RDONLY) = 19
10788 openat(AT_FDCWD, "/opt/google/chrome/resources.pak", O_RDONLY) = 20
10788 openat(AT_FDCWD, "/sys/devices/system/cpu/possible", O_RDONLY|O_CLOEXEC) = 21
10788 openat(AT_FDCWD, "/sys/devices/system/cpu/cpu0/cpufreq/cpuinfo_max_freq", O_RDONLY|O_NOCTTY|O_NONBLOCK|O_CLOEXEC) = -1 ENOENT (No such file or directory)
10788 openat(AT_FDCWD, "/proc/self/stat", O_RDONLY|O_CLOEXEC) = 21
10810 socket(AF_UNIX, SOCK_STREAM|SOCK_CLOEXEC, 0) = 25
10810 connect(25, {sa_family=AF_UNIX, sun_path="/run/dbus/system_bus_socket"}, 29) = 0
10809 openat(AT_FDCWD, "/tmp/playwright_chromiumdev_profile-56xg4l/.com.google.Chrome.VariationsSeedV2.ROqCJ5", O_RDWR|O_CREAT|O_EXCL, 0600) = 26
10808 openat(AT_FDCWD, "/tmp/playwright_chromiumdev_profile-56xg4l/.com.google.Chrome.VariationsSafeSeedV2.jnAOt5", O_RDWR|O_CREAT|O_EXCL, 0600 <unfinished ...>
10810 getsockname(25,  <unfinished ...>
10808 <... openat resumed>)             = 27
10810 <... getsockname resumed>{sa_family=AF_UNIX}, [128 => 2]) = 0
10810 sendto(25, "\0", 1, MSG_NOSIGNAL, NULL, 0) = 1
10810 sendto(25, "AUTH EXTERNAL 31303031\r\n", 24, MSG_NOSIGNAL, NULL, 0) = 24
10810 sendto(25, "NEGOTIATE_UNIX_FD\r\n", 19, MSG_NOSIGNAL, NULL, 0) = 19
10810 sendto(25, "BEGIN\r\n", 7, MSG_NOSIGNAL, NULL, 0) = 7
10810 sendmsg(25, {msg_name=NULL, msg_namelen=0, msg_iov=[{iov_base="l\1\0\1\0\0\0\0\1\0\0\0n\0\0\0\1\1o\0\25\0\0\0/org/freedesktop/DBus\0\0\0\6\1s\0\24\0\0\0org.freedesktop.DBus\0\0\0\0\2\1s\0\24\0\0\0org.freedesktop.DBus\0\0\0\0\3\1s\0\5\0\0\0Hello\0\0\0", iov_len=128}, {iov_base="", iov_len=0}], msg_iovlen=2, msg_controllen=0, msg_flags=0}, MSG_NOSIGNAL) = 128
10810 recvmsg(25, {msg_name=NULL, msg_namelen=0, msg_iov=[{iov_base="l\2\1\1\n\0\0\0\1\0\0\0=\0\0\0\6\1s\0\5\0\0\0:1.56\0\0\0\5\1u\0\1\0\0\0\10\1g\0\1s\0\0\7\1s\0\24\0\0\0org.freedesktop.DBus\0\0\0\0\5\0\0\0:1.56\0l\4\1\1\n\0\0\0\2\0\0\0\215\0\0\0\1\1o\0\25\0\0\0/org/freedesktop/DBus\0\0\0\2\1s\0\24\0\0\0org.freedesktop.DBus\0\0\0\0\3\1s\0\f\0\0\0NameAcquired\0\0\0\0\6\1s\0\5\0\0\0:1.56\0\0\0\10\1g\0\1s\0\0\7\1s\0\24\0\0\0org.freedesktop.DBus\0\0\0\0\5\0\0\0:1"..., iov_len=2048}], msg_iovlen=1, msg_controllen=0, msg_flags=MSG_CMSG_CLOEXEC}, MSG_CMSG_CLOEXEC) = 260
10810 recvmsg(25, {msg_namelen=0}, MSG_CMSG_CLOEXEC) = -1 EAGAIN (Resource temporarily unavailable)
10810 sendmsg(25, {msg_name=NULL, msg_namelen=0, msg_iov=[{iov_base="l\1\0\1t\0\0\0\2\0\0\0\177\0\0\0\1\1o\0\25\0\0\0/org/freedesktop/DBus\0\0\0\6\1s\0\24\0\0\0org.freedesktop.DBus\0\0\0\0\2\1s\0\24\0\0\0org.freedesktop.DBus\0\0\0\0\3\1s\0\10\0\0\0AddMatch\0\0\0\0\0\0\0\0\10\1g\0\1s\0\0", iov_len=144}, {iov_base="o\0\0\0type='signal', path='/org/freedesktop/DBus/Local',interface='org.freedesktop.DBus.Local', member='Disconnected'\0", iov_len=116}], msg_iovlen=2, msg_controllen=0, msg_flags=0}, MSG_NOSIGNAL) = 260
10810 recvmsg(25, {msg_name=NULL, msg_namelen=0, msg_iov=[{iov_base="l\2\1\1\0\0\0\0\3\0\0\0005\0\0\0\6\1s\0\5\0\0\0:1.56\0\0\0\5\1u\0\2\0\0\0\7\1s\0\24\0\0\0org.freedesktop.DBus\0\0\0\0", iov_len=2048}], msg_iovlen=1, msg_controllen=0, msg_flags=MSG_CMSG_CLOEXEC}, MSG_CMSG_CLOEXEC) = 72
10810 recvmsg(25, {msg_namelen=0}, MSG_CMSG_CLOEXEC) = -1 EAGAIN (Resource temporarily unavailable)
10810 sendmsg(25, {msg_name=NULL, msg_namelen=0, msg_iov=[{iov_base="l\1\0\1\246\0\0\0\3\0\0\0\177\0\0\0\1\1o\0\25\0\0\0/org/freedesktop/DBus\0\0\0\6\1s\0\24\0\0\0org.freedesktop.DBus\0\0\0\0\2\1s\0\24\0\0\0org.freedesktop.DBus\0\0\0\0\3\1s\0\10\0\0\0AddMatch\0\0\0\0\0\0\0\0\10\1g\0\1s\0\0", iov_len=144}, {iov_base="\241\0\0\0type='signal',interface='org.freedesktop.DBus',member='NameOwnerChanged',path='/org/freedesktop/DBus',sender='org.freedesktop.DBus',arg0='org.freedesktop.login1'\0", iov_len=166}], msg_iovlen=2, msg_controllen=0, msg_flags=0}, MSG_NOSIGNAL) = 310
10788 openat(AT_FDCWD, "/proc/self/cmdline", O_RDONLY|O_CLOEXEC) = 29
10810 recvmsg(25, {msg_name=NULL, msg_namelen=0, msg_iov=[{iov_base="l\2\1\1\0\0\0\0\4\0\0\0005\0\0\0\6\1s\0\5\0\0\0:1.56\0\0\0\5\1u\0\3\0\0\0\7\1s\0\24\0\0\0org.freedesktop.DBus\0\0\0\0", iov_len=2048}], msg_iovlen=1, msg_controllen=0, msg_flags=MSG_CMSG_CLOEXEC}, MSG_CMSG_CLOEXEC) = 72
10810 recvmsg(25, {msg_namelen=0}, MSG_CMSG_CLOEXEC) = -1 EAGAIN (Resource temporarily unavailable)
10810 sendmsg(25, {msg_name=NULL, msg_namelen=0, msg_iov=[{iov_base="l\1\0\1\33\0\0\0\4\0\0\0~\0\0\0\2\1s\0\24\0\0\0org.freedesktop.DBus\0\0\0\0\3\1s\0\f\0\0\0GetNameOwner\0\0\0\0\10\1g\0\1s\0\0\6\1s\0\24\0\0\0org.freedesktop.DBus\0\0\0\0\1\1o\0\25\0\0\0/org/freedesktop/DBus\0\0\0", iov_len=144}, {iov_base="\26\0\0\0org.freedesktop.login1\0", iov_len=27}], msg_iovlen=2, msg_controllen=0, msg_flags=0}, MSG_NOSIGNAL) = 171
10809 openat(AT_FDCWD, "/proc/sys/fs/inotify/max_user_watches", O_RDONLY <unfinished ...>
10810 recvmsg(25,  <unfinished ...>
10809 <... openat resumed>)             = 29
10810 <... recvmsg resumed>{msg_name=NULL, msg_namelen=0, msg_iov=[{iov_base="l\2\1\1\t\0\0\0\5\0\0\0=\0\0\0\6\1s\0\5\0\0\0:1.56\0\0\0\5\1u\0\4\0\0\0\10\1g\0\1s\0\0\7\1s\0\24\0\0\0org.freedesktop.DBus\0\0\0\0\4\0\0\0:1.3\0", iov_len=2048}], msg_iovlen=1, msg_controllen=0, msg_flags=MSG_CMSG_CLOEXEC}, MSG_CMSG_CLOEXEC) = 89
10810 recvmsg(25, {msg_namelen=0}, MSG_CMSG_CLOEXEC) = -1 EAGAIN (Resource temporarily unavailable)
10810 sendmsg(25, {msg_name=NULL, msg_namelen=0, msg_iov=[{iov_base="l\1\0\1\177\0\0\0\5\0\0\0\177\0\0\0\1\1o\0\25\0\0\0/org/freedesktop/DBus\0\0\0\6\1s\0\24\0\0\0org.freedesktop.DBus\0\0\0\0\2\1s\0\24\0\0\0org.freedesktop.DBus\0\0\0\0\3\1s\0\10\0\0\0AddMatch\0\0\0\0\0\0\0\0\10\1g\0\1s\0\0", iov_len=144}, {iov_base="z\0\0\0type='signal', sender='org.freedesktop.login1', interface='org.freedesktop.login1.Manager', path='/org/freedesktop/login1'\0", iov_len=127}], msg_iovlen=2, msg_controllen=0, msg_flags=0}, MSG_NOSIGNAL) = 271
10810 recvmsg(25, {msg_name=NULL, msg_namelen=0, msg_iov=[{iov_base="l\2\1\1\0\0\0\0\6\0\0\0005\0\0\0\6\1s\0\5\0\0\0:1.56\0\0\0\5\1u\0\5\0\0\0\7\1s\0\24\0\0\0org.freedesktop.DBus\0\0\0\0", iov_len=2048}], msg_iovlen=1, msg_controllen=0, msg_flags=MSG_CMSG_CLOEXEC}, MSG_CMSG_CLOEXEC) = 72
10810 recvmsg(25, {msg_namelen=0}, MSG_CMSG_CLOEXEC) = -1 EAGAIN (Resource temporarily unavailable)
10788 openat(AT_FDCWD, "/tmp/.com.google.Chrome.6fHDF9", O_RDWR|O_CREAT|O_EXCL, 0600) = 29
10788 openat(AT_FDCWD, "/tmp/.com.google.Chrome.6fHDF9", O_RDONLY) = 30
10788 openat(AT_FDCWD, "/proc/10788/stat", O_RDONLY|O_CLOEXEC) = 29
10788 openat(AT_FDCWD, "/proc/10788/status", O_RDONLY|O_CLOEXEC) = 29
10788 openat(AT_FDCWD, "/opt/google/chrome/WidevineCdm/manifest.json", O_RDONLY|O_CLOEXEC) = 32
10808 openat(AT_FDCWD, "/etc/fonts/fonts.conf", O_RDONLY|O_CLOEXEC) = 32
10810 recvmsg(25, {msg_namelen=0}, MSG_CMSG_CLOEXEC) = -1 EAGAIN (Resource temporarily unavailable)
10810 sendmsg(25, {msg_name=NULL, msg_namelen=0, msg_iov=[{iov_base="l\1\0\1\256\0\0\0\6\0\0\0\177\0\0\0\1\1o\0\25\0\0\0/org/freedesktop/DBus\0\0\0\6\1s\0\24\0\0\0org.freedesktop.DBus\0\0\0\0\2\1s\0\24\0\0\0org.freedesktop.DBus\0\0\0\0\3\1s\0\10\0\0\0AddMatch\0\0\0\0\0\0\0\0\10\1g\0\1s\0\0", iov_len=144}, {iov_base="\251\0\0\0type='signal',interface='org.freedesktop.DBus',member='NameOwnerChanged',path='/org/freedesktop/DBus',sender='org.freedesktop.DBus',arg0='org.chromium.bluetooth.Manager'\0", iov_len=174}], msg_iovlen=2, msg_controllen=0, msg_flags=0}, MSG_NOSIGNAL) = 318
10810 recvmsg(25, {msg_name=NULL, msg_namelen=0, msg_iov=[{iov_base="l\2\1\1\0\0\0\0\7\0\0\0005\0\0\0\6\1s\0\5\0\0\0:1.56\0\0\0\5\1u\0\6\0\0\0\7\1s\0\24\0\0\0org.freedesktop.DBus\0\0\0\0", iov_len=2048}], msg_iovlen=1, msg_controllen=0, msg_flags=MSG_CMSG_CLOEXEC}, MSG_CMSG_CLOEXEC) = 72
10810 recvmsg(25, {msg_namelen=0}, MSG_CMSG_CLOEXEC) = -1 EAGAIN (Resource temporarily unavailable)
10810 sendmsg(25, {msg_name=NULL, msg_namelen=0, msg_iov=[{iov_base="l\1\0\1#\0\0\0\7\0\0\0~\0\0\0\2\1s\0\24\0\0\0org.freedesktop.DBus\0\0\0\0\3\1s\0\f\0\0\0GetNameOwner\0\0\0\0\10\1g\0\1s\0\0\6\1s\0\24\0\0\0org.freedesktop.DBus\0\0\0\0\1\1o\0\25\0\0\0/org/freedesktop/DBus\0\0\0", iov_len=144}, {iov_base="\36\0\0\0org.chromium.bluetooth.Manager\0", iov_len=35}], msg_iovlen=2, msg_controllen=0, msg_flags=0}, MSG_NOSIGNAL) = 179
10810 recvmsg(25, {msg_name=NULL, msg_namelen=0, msg_iov=[{iov_base="l\3\1\1O\0\0\0\10\0\0\0u\0\0\0\6\1s\0\5\0\0\0:1.56\0\0\0\4\1s\0)\0\0\0org.freedesktop.DBus.Error.NameHasNoOwner\0\0\0\0\0\0\0\5\1u\0\7\0\0\0\10\1g\0\1s\0\0\7\1s\0\24\0\0\0org.freedesktop.DBus\0\0\0\0J\0\0\0Could not get owner of name 'org.chromium.bluetooth.Manager': no such name\0", iov_len=2048}], msg_iovlen=1, msg_controllen=0, msg_flags=MSG_CMSG_CLOEXEC}, MSG_CMSG_CLOEXEC) = 215
10810 recvmsg(25, {msg_namelen=0}, MSG_CMSG_CLOEXEC) = -1 EAGAIN (Resource temporarily unavailable)
10810 sendmsg(25, {msg_name=NULL, msg_namelen=0, msg_iov=[{iov_base="l\1\0\1\0\0\0\0\10\0\0\0r\0\0\0\2\1s\0\"\0\0\0org.freedesktop.DBus.ObjectManager\0\0\0\0\0\0\3\1s\0\21\0\0\0GetManagedObjects\0\0\0\0\0\0\0\6\1s\0\t\0\0\0org.bluez\0\0\0\0\0\0\0\1\1o\0\1\0\0\0/\0\0\0\0\0\0\0", iov_len=136}, {iov_base="", iov_len=0}], msg_iovlen=2, msg_controllen=0, msg_flags=0}, MSG_NOSIGNAL) = 136
10809 socket(AF_NETLINK, SOCK_RAW, NETLINK_ROUTE) = 32
10809 bind(32, {sa_family=AF_NETLINK, nl_pid=0, nl_groups=0x000113}, 12) = 0
10809 sendto(32, [{nlmsg_len=17, nlmsg_type=RTM_GETADDR, nlmsg_flags=NLM_F_REQUEST|NLM_F_DUMP, nlmsg_seq=0, nlmsg_pid=0}, {ifa_family=AF_UNSPEC, ...}], 17, 0, {sa_family=AF_NETLINK, nl_pid=0, nl_groups=00000000}, 12) = 17
10809 recvfrom(32, [[{nlmsg_len=76, nlmsg_type=RTM_NEWADDR, nlmsg_flags=NLM_F_MULTI, nlmsg_seq=0, nlmsg_pid=10788}, {ifa_family=AF_INET, ifa_prefixlen=8, ifa_flags=IFA_F_PERMANENT, ifa_scope=RT_SCOPE_HOST, ifa_index=if_nametoindex("lo")}, [[{nla_len=8, nla_type=IFA_ADDRESS}, inet_addr("127.0.0.1")], [{nla_len=8, nla_type=IFA_LOCAL}, inet_addr("127.0.0.1")], [{nla_len=7, nla_type=IFA_LABEL}, "lo"], [{nla_len=8, nla_type=IFA_FLAGS}, IFA_F_PERMANENT], [{nla_len=20, nla_type=IFA_CACHEINFO}, {ifa_prefered=4294967295, ifa_valid=4294967295, cstamp=204580, tstamp=204580}]]], [{nlmsg_len=80, nlmsg_type=RTM_NEWADDR, nlmsg_flags=NLM_F_MULTI, nlmsg_seq=0, nlmsg_pid=10788}, {ifa_family=AF_INET6, ifa_prefixlen=128, ifa_flags=IFA_F_PERMANENT, ifa_scope=RT_SCOPE_HOST, ifa_index=if_nametoindex("lo")}, [[{nla_len=20, nla_type=IFA_ADDRESS}, inet_pton(AF_INET6, "::1")], [{nla_len=20, nla_type=IFA_CACHEINFO}, {ifa_prefered=4294967295, ifa_valid=4294967295, cstamp=204580, tstamp=204580}], [{nla_len=8, nla_type=IFA_FLAGS}, IFA_F_PERMANENT], [{nla_len=5, nla_type=IFA_PROTO}, "\x01"]]]], 8192, 0, NULL, NULL) = 156
10809 recvfrom(32, [{nlmsg_len=20, nlmsg_type=NLMSG_DONE, nlmsg_flags=NLM_F_MULTI, nlmsg_seq=0, nlmsg_pid=10788}, 0], 8192, MSG_DONTWAIT, NULL, NULL) = 20
10809 recvfrom(32, 0x3f04001c8000, 8192, MSG_DONTWAIT, NULL, NULL) = -1 EAGAIN (Resource temporarily unavailable)
10809 sendto(32, [{nlmsg_len=17, nlmsg_type=RTM_GETLINK, nlmsg_flags=NLM_F_REQUEST|NLM_F_DUMP, nlmsg_seq=0, nlmsg_pid=0}, {ifi_family=AF_UNSPEC, ...}], 17, 0, {sa_family=AF_NETLINK, nl_pid=0, nl_groups=00000000}, 12) = 17
10809 recvfrom(32, [{nlmsg_len=1472, nlmsg_type=RTM_NEWLINK, nlmsg_flags=NLM_F_MULTI, nlmsg_seq=0, nlmsg_pid=10788}, {ifi_family=AF_UNSPEC, ifi_type=ARPHRD_LOOPBACK, ifi_index=if_nametoindex("lo"), ifi_flags=IFF_UP|IFF_LOOPBACK|IFF_RUNNING|IFF_LOWER_UP, ifi_change=0}, [[{nla_len=7, nla_type=IFLA_IFNAME}, "lo"], [{nla_len=8, nla_type=IFLA_TXQLEN}, 1000], [{nla_len=5, nla_type=IFLA_OPERSTATE}, 0], [{nla_len=5, nla_type=IFLA_LINKMODE}, 0], [{nla_len=5, nla_type=0x43 /* IFLA_??? */}, "\x01"], [{nla_len=8, nla_type=IFLA_MTU}, 65536], [{nla_len=8, nla_type=IFLA_MIN_MTU}, 0], [{nla_len=8, nla_type=IFLA_MAX_MTU}, 0], [{nla_len=8, nla_type=IFLA_GROUP}, 0], [{nla_len=8, nla_type=IFLA_PROMISCUITY}, 0], [{nla_len=8, nla_type=IFLA_ALLMULTI}, 0], [{nla_len=8, nla_type=IFLA_NUM_TX_QUEUES}, 1], [{nla_len=8, nla_type=IFLA_GSO_MAX_SEGS}, 65535], [{nla_len=8, nla_type=IFLA_GSO_MAX_SIZE}, 65536], [{nla_len=8, nla_type=IFLA_GRO_MAX_SIZE}, 65536], [{nla_len=8, nla_type=IFLA_GSO_IPV4_MAX_SIZE}, 65536], [{nla_len=8, nla_type=IFLA_GRO_IPV4_MAX_SIZE}, 65536], [{nla_len=8, nla_type=IFLA_TSO_MAX_SIZE}, 524280], [{nla_len=8, nla_type=IFLA_TSO_MAX_SEGS}, 65535], [{nla_len=8, nla_type=0x42 /* IFLA_??? */}, "\x00\x00\x00\x00"], [{nla_len=8, nla_type=IFLA_NUM_RX_QUEUES}, 1], [{nla_len=5, nla_type=IFLA_CARRIER}, 1], [{nla_len=8, nla_type=IFLA_CARRIER_CHANGES}, 0], [{nla_len=8, nla_type=IFLA_CARRIER_UP_COUNT}, 0], [{nla_len=8, nla_type=IFLA_CARRIER_DOWN_COUNT}, 0], [{nla_len=5, nla_type=IFLA_PROTO_DOWN}, 0], [{nla_len=10, nla_type=IFLA_ADDRESS}, 00:00:00:00:00:00], [{nla_len=10, nla_type=IFLA_BROADCAST}, 00:00:00:00:00:00], [{nla_len=204, nla_type=IFLA_STATS64}, {rx_packets=0, tx_packets=0, rx_bytes=0, tx_bytes=0, rx_errors=0, tx_errors=0, rx_dropped=0, tx_dropped=0, multicast=0, collisions=0, rx_length_errors=0, rx_over_errors=0, rx_crc_errors=0, rx_frame_errors=0, rx_fifo_errors=0, rx_missed_errors=0, tx_aborted_errors=0, tx_carrier_errors=0, tx_fifo_errors=0, tx_heartbeat_errors=0, tx_window_errors=0, rx_compressed=0, tx_compressed=0, rx_nohandler=0, rx_otherhost_dropped=0}], [{nla_len=100, nla_type=IFLA_STATS}, {rx_packets=0, tx_packets=0, rx_bytes=0, tx_bytes=0, rx_errors=0, tx_errors=0, rx_dropped=0, tx_dropped=0, multicast=0, collisions=0, rx_length_errors=0, rx_over_errors=0, rx_crc_errors=0, rx_frame_errors=0, rx_fifo_errors=0, rx_missed_errors=0, tx_aborted_errors=0, tx_carrier_errors=0, tx_fifo_errors=0, tx_heartbeat_errors=0, tx_window_errors=0, rx_compressed=0, tx_compressed=0, rx_nohandler=0}], [{nla_len=12, nla_type=IFLA_XDP}, [{nla_len=5, nla_type=IFLA_XDP_ATTACHED}, XDP_ATTACHED_NONE]], [{nla_len=12, nla_type=IFLA_QDISC}, "noqueue"], [{nla_len=836, nla_type=IFLA_AF_SPEC}, [[{nla_len=20, nla_type=AF_MCTP}, [[{nla_len=8, nla_type=IFLA_MCTP_NET}, 1], [{nla_len=5, nla_type=0x2 /* IFLA_MCTP_??? */}, "\x00"]]], [{nla_len=140, nla_type=AF_INET}, [{nla_len=136, nla_type=IFLA_INET_CONF}, [[IPV4_DEVCONF_FORWARDING-1]=1, [IPV4_DEVCONF_MC_FORWARDING-1]=0, [IPV4_DEVCONF_PROXY_ARP-1]=0, [IPV4_DEVCONF_ACCEPT_REDIRECTS-1]=1, [IPV4_DEVCONF_SECURE_REDIRECTS-1]=1, [IPV4_DEVCONF_SEND_REDIRECTS-1]=1, [IPV4_DEVCONF_SHARED_MEDIA-1]=1, [IPV4_DEVCONF_RP_FILTER-1]=2, [IPV4_DEVCONF_ACCEPT_SOURCE_ROUTE-1]=1, [IPV4_DEVCONF_BOOTP_RELAY-1]=0, [IPV4_DEVCONF_LOG_MARTIANS-1]=0, [IPV4_DEVCONF_TAG-1]=0, [IPV4_DEVCONF_ARPFILTER-1]=0, [IPV4_DEVCONF_MEDIUM_ID-1]=0, [IPV4_DEVCONF_NOXFRM-1]=1, [IPV4_DEVCONF_NOPOLICY-1]=1, [IPV4_DEVCONF_FORCE_IGMP_VERSION-1]=0, [IPV4_DEVCONF_ARP_ANNOUNCE-1]=0, [IPV4_DEVCONF_ARP_IGNORE-1]=0, [IPV4_DEVCONF_PROMOTE_SECONDARIES-1]=0, [IPV4_DEVCONF_ARP_ACCEPT-1]=0, [IPV4_DEVCONF_ARP_NOTIFY-1]=0, [IPV4_DEVCONF_ACCEPT_LOCAL-1]=0, [IPV4_DEVCONF_SRC_VMARK-1]=0, [IPV4_DEVCONF_PROXY_ARP_PVLAN-1]=0, [IPV4_DEVCONF_ROUTE_LOCALNET-1]=0, [IPV4_DEVCONF_IGMPV2_UNSOLICITED_REPORT_INTERVAL-1]=10000, [IPV4_DEVCONF_IGMPV3_UNSOLICITED_REPORT_INTERVAL-1]=1000, [IPV4_DEVCONF_IGNORE_ROUTES_WITH_LINKDOWN-1]=0, [IPV4_DEVCONF_DROP_UNICAST_IN_L2_MULTICAST-1]=0, [IPV4_DEVCONF_DROP_GRATUITOUS_ARP-1]=0, [IPV4_DEVCONF_BC_FORWARDING-1]=0, [IPV4_DEVCONF_ARP_EVICT_NOCARRIER-1]=1]]], [{nla_len=672, nla_type=AF_INET6}, [[{nla_len=8, nla_type=IFLA_INET6_FLAGS}, IF_READY], [{nla_len=20, nla_type=IFLA_INET6_CACHEINFO}, {max_reasm_len=65535, tstamp=204580, reachable_time=18468, retrans_time=1000}], [{nla_len=244, nla_type=IFLA_INET6_CONF}, [[DEVCONF_FORWARDING]=0, [DEVCONF_HOPLIMIT]=64, [DEVCONF_MTU6]=65536, [DEVCONF_ACCEPT_RA]=1, [DEVCONF_ACCEPT_REDIRECTS]=1, [DEVCONF_AUTOCONF]=1, [DEVCONF_DAD_TRANSMITS]=1, [DEVCONF_RTR_SOLICITS]=-1, [DEVCONF_RTR_SOLICIT_INTERVAL]=4000, [DEVCONF_RTR_SOLICIT_DELAY]=1000, [DEVCONF_USE_TEMPADDR]=-1, [DEVCONF_TEMP_VALID_LFT]=604800, [DEVCONF_TEMP_PREFERED_LFT]=86400, [DEVCONF_REGEN_MAX_RETRY]=3, [DEVCONF_MAX_DESYNC_FACTOR]=600, [DEVCONF_MAX_ADDRESSES]=16, [DEVCONF_FORCE_MLD_VERSION]=0, [DEVCONF_ACCEPT_RA_DEFRTR]=1, [DEVCONF_ACCEPT_RA_PINFO]=1, [DEVCONF_ACCEPT_RA_RTR_PREF]=1, [DEVCONF_RTR_PROBE_INTERVAL]=60000, [DEVCONF_ACCEPT_RA_RT_INFO_MAX_PLEN]=0, [DEVCONF_PROXY_NDP]=0, [DEVCONF_OPTIMISTIC_DAD]=0, [DEVCONF_ACCEPT_SOURCE_ROUTE]=0, [DEVCONF_MC_FORWARDING]=0, [DEVCONF_DISABLE_IPV6]=0, [DEVCONF_ACCEPT_DAD]=-1, [DEVCONF_FORCE_TLLAO]=0, [DEVCONF_NDISC_NOTIFY]=0, [DEVCONF_MLDV1_UNSOLICITED_REPORT_INTERVAL]=10000, [DEVCONF_MLDV2_UNSOLICITED_REPORT_INTERVAL]=1000, [DEVCONF_SUPPRESS_FRAG_NDISC]=1, [DEVCONF_ACCEPT_RA_FROM_LOCAL]=0, [DEVCONF_USE_OPTIMISTIC]=0, [DEVCONF_ACCEPT_RA_MTU]=1, [DEVCONF_STABLE_SECRET]=0, [DEVCONF_USE_OIF_ADDRS_ONLY]=0, [DEVCONF_ACCEPT_RA_MIN_HOP_LIMIT]=1, [DEVCONF_IGNORE_ROUTES_WITH_LINKDOWN]=0, [DEVCONF_DROP_UNICAST_IN_L2_MULTICAST]=0, [DEVCONF_DROP_UNSOLICITED_NA]=0, [DEVCONF_KEEP_ADDR_ON_DOWN]=0, [DEVCONF_RTR_SOLICIT_MAX_INTERVAL]=3600000, [DEVCONF_SEG6_ENABLED]=0, [DEVCONF_SEG6_REQUIRE_HMAC]=0, [DEVCONF_ENHANCED_DAD]=1, [DEVCONF_ADDR_GEN_MODE]=0, [DEVCONF_DISABLE_POLICY]=0, [DEVCONF_ACCEPT_RA_RT_INFO_MIN_PLEN]=0, [DEVCONF_NDISC_TCLASS]=0, [DEVCONF_RPL_SEG_ENABLED]=0, [DEVCONF_RA_DEFRTR_METRIC]=1024, [DEVCONF_IOAM6_ENABLED]=0, [DEVCONF_IOAM6_ID]=65535, [DEVCONF_IOAM6_ID_WIDE]=-1, [DEVCONF_NDISC_EVICT_NOCARRIER]=1, [DEVCONF_ACCEPT_UNTRACKED_NA]=0, [DEVCONF_ACCEPT_RA_MIN_LFT]=0, [59 /* DEVCONF_??? */]=0]], [{nla_len=308, nla_type=IFLA_INET6_STATS}, [[IPSTATS_MIB_NUM]=38, [IPSTATS_MIB_INPKTS]=0, [IPSTATS_MIB_INOCTETS]=0, [IPSTATS_MIB_INDELIVERS]=0, [IPSTATS_MIB_OUTFORWDATAGRAMS]=0, [IPSTATS_MIB_OUTPKTS]=0, [IPSTATS_MIB_OUTOCTETS]=0, [IPSTATS_MIB_INHDRERRORS]=0, [IPSTATS_MIB_INTOOBIGERRORS]=0, [IPSTATS_MIB_INNOROUTES]=0, [IPSTATS_MIB_INADDRERRORS]=0, [IPSTATS_MIB_INUNKNOWNPROTOS]=0, [IPSTATS_MIB_INTRUNCATEDPKTS]=0, [IPSTATS_MIB_INDISCARDS]=0, [IPSTATS_MIB_OUTDISCARDS]=0, [IPSTATS_MIB_OUTNOROUTES]=0, [IPSTATS_MIB_REASMTIMEOUT]=0, [IPSTATS_MIB_REASMREQDS]=0, [IPSTATS_MIB_REASMOKS]=0, [IPSTATS_MIB_REASMFAILS]=0, [IPSTATS_MIB_FRAGOKS]=0, [IPSTATS_MIB_FRAGFAILS]=0, [IPSTATS_MIB_FRAGCREATES]=0, [IPSTATS_MIB_INMCASTPKTS]=0, [IPSTATS_MIB_OUTMCASTPKTS]=0, [IPSTATS_MIB_INBCASTPKTS]=0, [IPSTATS_MIB_OUTBCASTPKTS]=0, [IPSTATS_MIB_INMCASTOCTETS]=0, [IPSTATS_MIB_OUTMCASTOCTETS]=0, [IPSTATS_MIB_INBCASTOCTETS]=0, [IPSTATS_MIB_OUTBCASTOCTETS]=0, [IPSTATS_MIB_CSUMERRORS]=0, [IPSTATS_MIB_NOECTPKTS]=0, [IPSTATS_MIB_ECT1PKTS]=0, [IPSTATS_MIB_ECT0PKTS]=0, [IPSTATS_MIB_CEPKTS]=0, [IPSTATS_MIB_REASM_OVERLAPS]=0, [37 /* IPSTATS_MIB_??? */]=0]], [{nla_len=60, nla_type=IFLA_INET6_ICMP6STATS}, [[ICMP6_MIB_NUM]=7, [ICMP6_MIB_INMSGS]=0, [ICMP6_MIB_INERRORS]=0, [ICMP6_MIB_OUTMSGS]=0, [ICMP6_MIB_OUTERRORS]=0, [ICMP6_MIB_CSUMERRORS]=0, [6 /* ICMP6_MIB_??? */]=0]], [{nla_len=20, nla_type=IFLA_INET6_TOKEN}, inet_pton(AF_INET6, "::")], [{nla_len=5, nla_type=IFLA_INET6_ADDR_GEN_MODE}, IN6_ADDR_GEN_MODE_EUI64]]]]], [{nla_len=36, nla_type=IFLA_MAP}, {mem_start=0, mem_end=0, base_addr=0, irq=0, dma=0, port=0}], {nla_len=4, nla_type=NLA_F_NESTED|IFLA_DEVLINK_PORT}, {nla_len=4, nla_type=NLA_F_NESTED|0x41 /* IFLA_??? */}]], 8192, 0, NULL, NULL) = 1472
10809 recvfrom(32,  <unfinished ...>
10808 openat(AT_FDCWD, "/etc/fonts/conf.d", O_RDONLY|O_NONBLOCK|O_CLOEXEC|O_DIRECTORY <unfinished ...>
10809 <... recvfrom resumed>[{nlmsg_len=20, nlmsg_type=NLMSG_DONE, nlmsg_flags=NLM_F_MULTI, nlmsg_seq=0, nlmsg_pid=10788}, 0], 8192, MSG_DONTWAIT, NULL, NULL) = 20
10810 recvmsg(25,  <unfinished ...>
10809 recvfrom(32,  <unfinished ...>
10808 <... openat resumed>)             = 33
10810 <... recvmsg resumed>{msg_name=NULL, msg_namelen=0, msg_iov=[{iov_base="l\3\1\1>\0\0\0\t\0\0\0u\0\0\0\6\1s\0\5\0\0\0:1.56\0\0\0\4\1s\0)\0\0\0org.freedesktop.DBus.Error.ServiceUnknown\0\0\0\0\0\0\0\5\1u\0\10\0\0\0\10\1g\0\1s\0\0\7\1s\0\24\0\0\0org.freedesktop.DBus\0\0\0\09\0\0\0The name org.bluez was not provided by any .service files\0", iov_len=2048}], msg_iovlen=1, msg_controllen=0, msg_flags=MSG_CMSG_CLOEXEC}, MSG_CMSG_CLOEXEC) = 198
10809 <... recvfrom resumed>0x3f04001c8000, 8192, MSG_DONTWAIT, NULL, NULL) = -1 EAGAIN (Resource temporarily unavailable)
10810 recvmsg(25, {msg_namelen=0}, MSG_CMSG_CLOEXEC) = -1 EAGAIN (Resource temporarily unavailable)
10809 openat(AT_FDCWD, "/tmp", O_RDONLY|O_NONBLOCK|O_CLOEXEC|O_DIRECTORY) = 34
10818 openat(AT_FDCWD, "/tmp/playwright_chromiumdev_profile-56xg4l/.com.google.Chrome.Local State.GM9Bcb", O_RDWR|O_CREAT|O_EXCL, 0600 <unfinished ...>
10812 openat(AT_FDCWD, "/tmp/playwright_chromiumdev_profile-56xg4l/component_crx_cache/metadata.json", O_RDONLY|O_CLOEXEC <unfinished ...>
10818 <... openat resumed>)             = 35
10812 <... openat resumed>)             = -1 ENOENT (No such file or directory)
10811 openat(AT_FDCWD, "/etc/host.conf", O_RDONLY|O_CLOEXEC) = 36
10808 openat(AT_FDCWD, "/usr/share/fontconfig/conf.avail/10-hinting-slight.conf", O_RDONLY|O_CLOEXEC) = 35
10818 openat(AT_FDCWD, "/etc/hosts", O_RDONLY|O_CLOEXEC <unfinished ...>
10812 openat(AT_FDCWD, "/tmp/playwright_chromiumdev_profile-56xg4l/component_crx_cache", O_RDONLY|O_NONBLOCK|O_CLOEXEC|O_DIRECTORY <unfinished ...>
10818 <... openat resumed>)             = 34
10812 <... openat resumed>)             = 36
10811 openat(AT_FDCWD, "/etc/resolv.conf", O_RDONLY|O_CLOEXEC) = 35
10808 openat(AT_FDCWD, "/usr/share/fontconfig/conf.avail/10-scale-bitmap-fonts.conf", O_RDONLY|O_CLOEXEC) = 34
10811 openat(AT_FDCWD, "/etc/nsswitch.conf", O_RDONLY|O_CLOEXEC) = 35
10788 openat(AT_FDCWD, "/proc/10788/stat", O_RDONLY|O_CLOEXEC) = 34
10808 openat(AT_FDCWD, "/usr/share/fontconfig/conf.avail/10-sub-pixel-rgb.conf", O_RDONLY|O_CLOEXEC) = 34
10814 openat(AT_FDCWD, "/proc/10788/status", O_RDONLY|O_CLOEXEC) = 34
10814 openat(AT_FDCWD, "/proc/10788/status", O_RDONLY|O_CLOEXEC) = 34
10808 openat(AT_FDCWD, "/usr/share/fontconfig/conf.avail/10-yes-antialias.conf", O_RDONLY|O_CLOEXEC) = 35
10814 openat(AT_FDCWD, "/proc/10788/clear_refs", O_WRONLY) = 34
10808 openat(AT_FDCWD, "/usr/share/fontconfig/conf.avail/11-lcdfilter-default.conf", O_RDONLY|O_CLOEXEC) = 35
10788 openat(AT_FDCWD, "/tmp/.com.google.Chrome.9BDnLu", O_RDWR|O_CREAT|O_EXCL, 0600) = 34
10808 openat(AT_FDCWD, "/etc/fonts/conf.avail/20-unhint-small-dejavu-lgc-sans-mono.conf", O_RDONLY|O_CLOEXEC) = 35
10821 socketpair(AF_UNIX, SOCK_STREAM, 0, [36, 37]) = 0
10808 openat(AT_FDCWD, "/etc/fonts/conf.avail/20-unhint-small-dejavu-lgc-sans.conf", O_RDONLY|O_CLOEXEC <unfinished ...>
10821 openat(AT_FDCWD, "/tmp/.com.google.Chrome.MjQOWz", O_RDWR|O_CREAT|O_EXCL, 0600 <unfinished ...>
10808 <... openat resumed>)             = 38
10821 <... openat resumed>)             = 39
10821 openat(AT_FDCWD, "/tmp/.com.google.Chrome.MjQOWz", O_RDONLY) = 40
10808 openat(AT_FDCWD, "/etc/fonts/conf.avail/20-unhint-small-dejavu-lgc-serif.conf", O_RDONLY|O_CLOEXEC) = 38
10809 openat(AT_FDCWD, "/tmp/playwright_chromiumdev_profile-56xg4l/GPUPersistentCache/GPUCache/UFESZEW7QIH6WTE655CKMG6KM4OROEZG/cache.db", O_RDWR) = -1 ENOENT (No such file or directory)
10809 openat(AT_FDCWD, "/tmp/playwright_chromiumdev_profile-56xg4l/GPUPersistentCache/GPUCache/UFESZEW7QIH6WTE655CKMG6KM4OROEZG/cache.db", O_RDWR|O_CREAT, 0600) = 39
10821 openat(AT_FDCWD, "/tmp/.com.google.Chrome.9zAN1l", O_RDWR|O_CREAT|O_EXCL, 0600 <unfinished ...>
10809 openat(AT_FDCWD, "/tmp/playwright_chromiumdev_profile-56xg4l/GPUPersistentCache/GPUCache/UFESZEW7QIH6WTE655CKMG6KM4OROEZG/cache.journal", O_RDWR) = -1 ENOENT (No such file or directory)
10821 <... openat resumed>)             = 41
10809 openat(AT_FDCWD, "/tmp/playwright_chromiumdev_profile-56xg4l/GPUPersistentCache/GPUCache/UFESZEW7QIH6WTE655CKMG6KM4OROEZG/cache.journal", O_RDWR|O_CREAT, 0600 <unfinished ...>
10821 openat(AT_FDCWD, "/tmp/.com.google.Chrome.9zAN1l", O_RDONLY) = 43
10809 <... openat resumed>)             = 42
10809 openat(AT_FDCWD, "/tmp/playwright_chromiumdev_profile-56xg4l/GPUPersistentCache/GPUCache/UFESZEW7QIH6WTE655CKMG6KM4OROEZG/cache.db-wal", O_RDWR) = -1 ENOENT (No such file or directory)
10809 openat(AT_FDCWD, "/tmp/playwright_chromiumdev_profile-56xg4l/GPUPersistentCache/GPUCache/UFESZEW7QIH6WTE655CKMG6KM4OROEZG/cache.db-wal", O_RDWR|O_CREAT, 0600) = 44
10808 openat(AT_FDCWD, "/etc/fonts/conf.avail/20-unhint-small-dejavu-sans-mono.conf", O_RDONLY|O_CLOEXEC <unfinished ...>
10788 openat(AT_FDCWD, "/home/runner/work/deckrender-acceptance/deckrender-acceptance/benchmark/artifacts/acceptance/private/sandboxes/e2baf2caf551d4582bf28b6ad1b5abd2a26e1d7061bcd60f69fc9775965ba634/config/user-dirs.dirs", O_RDONLY <unfinished ...>
10808 <... openat resumed>)             = 45
10809 openat(AT_FDCWD, "/tmp/playwright_chromiumdev_profile-56xg4l/GPUPersistentCache/GPUCache", O_RDONLY|O_NONBLOCK|O_CLOEXEC|O_DIRECTORY <unfinished ...>
10788 <... openat resumed>)             = -1 ENOENT (No such file or directory)
10809 <... openat resumed>)             = 46
10811 socket(AF_NETLINK, SOCK_RAW|SOCK_CLOEXEC|SOCK_NONBLOCK, NETLINK_KOBJECT_UEVENT) = 47
10811 getsockopt(47, SOL_SOCKET, SO_RCVBUF, [1048576], [4]) = 0
10811 setsockopt(47, SOL_SOCKET, SO_RCVBUF, [134217728], 4) = 0
10811 getsockopt(47, SOL_SOCKET, SO_RCVBUF,  <unfinished ...>
10821 socketpair(AF_UNIX, SOCK_SEQPACKET, 0,  <unfinished ...>
10811 <... getsockopt resumed>[2097152], [4]) = 0
10821 <... socketpair resumed>[48, 49]) = 0
10811 setsockopt(47, SOL_SOCKET, SO_RCVBUFFORCE, [134217728], 4 <unfinished ...>
10821 setsockopt(48, SOL_SOCKET, SO_PASSCRED, [1], 4 <unfinished ...>
10811 <... setsockopt resumed>)         = -1 EPERM (Operation not permitted)
10821 <... setsockopt resumed>)         = 0
10821 sendmsg(11, {msg_name=NULL, msg_namelen=0, msg_iov=[{iov_base="\224\4\0\0\0\0\0\0\v\0\0\0gpu-process\0\24\0\0\0\16\0\0\0/proc/self/exe\0\0\22\0\0\0--type=gpu-process\0\0\f\0\0\0--no-sandbox\27\0\0\0--disable-dev-shm-usage\0\22\0\0\0--disable-breakpad\0\0\n\0\0\0--headless\0\0\31\0\0\0--ozone-platform=headless\0\0\0\35\0\0\0--use-angle=swiftshader-webgl\0\0\0\34\0\0\0--crashpad-handler-pid=10796"..., iov_len=1176}], msg_iovlen=1, msg_control=[{cmsg_len=36, cmsg_level=SOL_SOCKET, cmsg_type=SCM_RIGHTS, cmsg_data=[49, 37, 6, 38, 41]}], msg_controllen=36, msg_flags=0}, MSG_NOSIGNAL) = 1176
10803 recvmsg(3,  <unfinished ...>
10821 recvmsg(48,  <unfinished ...>
10811 setsockopt(47, SOL_SOCKET, SO_ATTACH_FILTER, {len=11, filter=0x7f1e7d7f69f0}, 16 <unfinished ...>
10803 <... recvmsg resumed>{msg_name=NULL, msg_namelen=0, msg_iov=[{iov_base="\224\4\0\0\0\0\0\0\v\0\0\0gpu-process\0\24\0\0\0\16\0\0\0/proc/self/exe\0\0\22\0\0\0--type=gpu-process\0\0\f\0\0\0--no-sandbox\27\0\0\0--disable-dev-shm-usage\0\22\0\0\0--disable-breakpad\0\0\n\0\0\0--headless\0\0\31\0\0\0--ozone-platform=headless\0\0\0\35\0\0\0--use-angle=swiftshader-webgl\0\0\0\34\0\0\0--crashpad-handler-pid=10796"..., iov_len=65536}], msg_iovlen=1, msg_control=[{cmsg_len=36, cmsg_level=SOL_SOCKET, cmsg_type=SCM_RIGHTS, cmsg_data=[13, 14, 15, 16, 17]}], msg_controllen=40, msg_flags=0}, 0) = 1176
10811 <... setsockopt resumed>)         = 0
10811 setsockopt(47, SOL_SOCKET, SO_PASSCRED, [1], 4) = 0
10811 bind(47, {sa_family=AF_NETLINK, nl_pid=0, nl_groups=0x000002}, 12) = 0
10811 getsockname(47,  <unfinished ...>
10808 openat(AT_FDCWD, "/etc/fonts/conf.avail/20-unhint-small-dejavu-sans.conf", O_RDONLY|O_CLOEXEC <unfinished ...>
10811 <... getsockname resumed>{sa_family=AF_NETLINK, nl_pid=10788, nl_groups=0x000002}, [12]) = 0
10808 <... openat resumed>)             = 45
10808 openat(AT_FDCWD, "/etc/fonts/conf.avail/20-unhint-small-dejavu-serif.conf", O_RDONLY|O_CLOEXEC) = 45
10809 openat(AT_FDCWD, "/proc/cpuinfo", O_RDONLY|O_CLOEXEC) = 46
10808 openat(AT_FDCWD, "/usr/share/fontconfig/conf.avail/20-unhint-small-vera.conf", O_RDONLY|O_CLOEXEC) = 45
10803 recvmsg(3,  <unfinished ...>
10824 sendmsg(13, {msg_name=NULL, msg_namelen=0, msg_iov=[{iov_base="CHILD_PING\0", iov_len=11}], msg_iovlen=1, msg_controllen=0, msg_flags=0}, MSG_NOSIGNAL) = 11
10821 <... recvmsg resumed>{msg_name=NULL, msg_namelen=0, msg_iov=[{iov_base="CHILD_PING\0", iov_len=12}], msg_iovlen=1, msg_control=[{cmsg_len=28, cmsg_level=SOL_SOCKET, cmsg_type=SCM_CREDENTIALS, cmsg_data={pid=10824, uid=1001, gid=1001}}], msg_controllen=32, msg_flags=0}, 0) = 11
10821 sendmsg(11, {msg_name=NULL, msg_namelen=0, msg_iov=[{iov_base="\10\0\0\0\4\0\0\0H*\0\0", iov_len=12}], msg_iovlen=1, msg_controllen=0, msg_flags=0}, MSG_NOSIGNAL) = 12
10803 <... recvmsg resumed>{msg_name=NULL, msg_namelen=0, msg_iov=[{iov_base="\10\0\0\0\4\0\0\0H*\0\0", iov_len=65536}], msg_iovlen=1, msg_controllen=0, msg_flags=0}, 0) = 12
10808 openat(AT_FDCWD, "/usr/share/fontconfig/conf.avail/30-metric-aliases.conf", O_RDONLY|O_CLOEXEC) = 45
10821 openat(AT_FDCWD, "/selinux", O_RDONLY|O_NONBLOCK|O_CLOEXEC|O_DIRECTORY) = -1 ENOENT (No such file or directory)
10821 openat(AT_FDCWD, "/tmp/.com.google.Chrome.uqfv4y", O_RDWR|O_CREAT|O_EXCL, 0600) = 37
10808 openat(AT_FDCWD, "/usr/share/fontconfig/conf.avail/40-nonlatin.conf", O_RDONLY|O_CLOEXEC) = 38
10821 sendmsg(36, {msg_name=NULL, msg_namelen=0, msg_iov=[{iov_base="\20\0\1\0\270\0\0\0Ew)z\0\0\0\0\30\0\0\0\0\0\0\0\0\0\0\0\0\0\0\0h\0\0\0\0\0\0\0@\0\0\0\0\0\0\0(\316\327\331Kc)\373\365_\366d\307\362o\256\232\34\307\300\304\342\6\23\244\5\267\201$\321\241\201\0\0\0\0\4\0\0\0\0\0\0\0\0\0\0\0X\0\0\0\0\0\0\0\20\0\0\0\1\0\0\0\0\0\0\0\0\0\0\0\20\0\0\0\1\0\0\0x\0\0\0\0\0\1\0000\0\0\0(\0\0\0\10\0\0\0\1\0\0\0 \0\0\0\0\0\2\0\2\0\0\0\0\0\0\0\223\203lT@\312rl<\32GP\372N\346\215", iov_len=184}], msg_iovlen=1, msg_control=[{cmsg_len=20, cmsg_level=SOL_SOCKET, cmsg_type=SCM_RIGHTS, cmsg_data=[37]}], msg_controllen=20, msg_flags=0}, MSG_NOSIGNAL) = 184
10808 openat(AT_FDCWD, "/usr/share/fontconfig/conf.avail/45-generic.conf", O_RDONLY|O_CLOEXEC) = 37
10808 openat(AT_FDCWD, "/usr/share/fontconfig/conf.avail/45-latin.conf", O_RDONLY|O_CLOEXEC) = 37
10808 openat(AT_FDCWD, "/usr/share/fontconfig/conf.avail/48-spacing.conf", O_RDONLY|O_CLOEXEC) = 37
10808 openat(AT_FDCWD, "/usr/share/fontconfig/conf.avail/49-sansserif.conf", O_RDONLY|O_CLOEXEC) = 37
10808 openat(AT_FDCWD, "/usr/share/fontconfig/conf.avail/50-user.conf", O_RDONLY|O_CLOEXEC) = 37
10808 openat(AT_FDCWD, "/usr/share/fontconfig/conf.avail/51-local.conf", O_RDONLY|O_CLOEXEC) = 37
10808 openat(AT_FDCWD, "/etc/fonts/conf.avail/57-dejavu-sans-mono.conf", O_RDONLY|O_CLOEXEC) = 37
10808 openat(AT_FDCWD, "/etc/fonts/conf.avail/57-dejavu-sans.conf", O_RDONLY|O_CLOEXEC) = 37
10808 openat(AT_FDCWD, "/etc/fonts/conf.avail/57-dejavu-serif.conf", O_RDONLY|O_CLOEXEC) = 37
10808 openat(AT_FDCWD, "/etc/fonts/conf.avail/58-dejavu-lgc-sans-mono.conf", O_RDONLY|O_CLOEXEC) = 37
10808 openat(AT_FDCWD, "/etc/fonts/conf.avail/58-dejavu-lgc-sans.conf", O_RDONLY|O_CLOEXEC) = 37
10808 openat(AT_FDCWD, "/etc/fonts/conf.avail/58-dejavu-lgc-serif.conf", O_RDONLY|O_CLOEXEC) = 37
10808 openat(AT_FDCWD, "/usr/share/fontconfig/conf.avail/60-generic.conf", O_RDONLY|O_CLOEXEC) = 37
10808 openat(AT_FDCWD, "/usr/share/fontconfig/conf.avail/60-latin.conf", O_RDONLY|O_CLOEXEC) = 37
10808 openat(AT_FDCWD, "/usr/share/fontconfig/conf.avail/65-fonts-persian.conf", O_RDONLY|O_CLOEXEC) = 37
10808 openat(AT_FDCWD, "/usr/share/fontconfig/conf.avail/65-nonlatin.conf", O_RDONLY|O_CLOEXEC) = 37
10808 openat(AT_FDCWD, "/usr/share/fontconfig/conf.avail/69-unifont.conf", O_RDONLY|O_CLOEXEC <unfinished ...>
10824 openat(AT_FDCWD, "/proc/self/cmdline", O_RDONLY|O_CLOEXEC <unfinished ...>
10808 <... openat resumed>)             = 37
10824 <... openat resumed>)             = 16
10808 openat(AT_FDCWD, "/usr/share/fontconfig/conf.avail/70-fonts-noto-cjk.conf", O_RDONLY|O_CLOEXEC) = 37
10808 openat(AT_FDCWD, "/usr/share/fontconfig/conf.avail/70-no-bitmaps-except-emoji.conf", O_RDONLY|O_CLOEXEC) = 37
10808 openat(AT_FDCWD, "/usr/share/fontconfig/conf.avail/80-delicious.conf", O_RDONLY|O_CLOEXEC) = 37
10824 openat(AT_FDCWD, "/opt/hostedtoolcache/Python/3.12.14/x64/lib/libpci.so.3", O_RDONLY|O_CLOEXEC <unfinished ...>
10808 openat(AT_FDCWD, "/usr/share/fontconfig/conf.avail/90-synthetic.conf", O_RDONLY|O_CLOEXEC <unfinished ...>
10824 <... openat resumed>)             = -1 ENOENT (No such file or directory)
10808 <... openat resumed>)             = 37
10824 openat(AT_FDCWD, "/etc/ld.so.cache", O_RDONLY|O_CLOEXEC) = 16
10824 openat(AT_FDCWD, "/lib/x86_64-linux-gnu/libpci.so.3", O_RDONLY|O_CLOEXEC) = 16
10808 openat(AT_FDCWD, "/usr/share/fontconfig/conf.avail", O_RDONLY|O_NONBLOCK|O_CLOEXEC|O_DIRECTORY) = 33
10808 openat(AT_FDCWD, "/usr/share/fontconfig/conf.avail/05-reset-dirs-sample.conf", O_RDONLY|O_CLOEXEC <unfinished ...>
10824 openat(AT_FDCWD, "/sys/bus/pci/devices", O_RDONLY|O_NONBLOCK|O_CLOEXEC|O_DIRECTORY <unfinished ...>
10808 <... openat resumed>)             = 37
10824 <... openat resumed>)             = 16
10824 openat(AT_FDCWD, "/sys/bus/pci/devices/b8c5:00:02.0/vendor", O_RDONLY) = 16
10808 openat(AT_FDCWD, "/usr/share/fontconfig/conf.avail/09-autohint-if-no-hinting.conf", O_RDONLY|O_CLOEXEC) = 37
10824 openat(AT_FDCWD, "/sys/bus/pci/devices/b8c5:00:02.0/device", O_RDONLY) = 16
10824 openat(AT_FDCWD, "/sys/bus/pci/devices/b8c5:00:02.0/class", O_RDONLY) = 16
10808 openat(AT_FDCWD, "/usr/share/fontconfig/conf.avail/10-autohint.conf", O_RDONLY|O_CLOEXEC) = 37
10808 openat(AT_FDCWD, "/usr/share/fontconfig/conf.avail/10-hinting-full.conf", O_RDONLY|O_CLOEXEC) = 37
10808 openat(AT_FDCWD, "/usr/share/fontconfig/conf.avail/10-hinting-medium.conf", O_RDONLY|O_CLOEXEC) = 37
10824 openat(AT_FDCWD, "/opt/google/chrome/libvulkan.so", O_RDONLY|O_CLOEXEC) = -1 ENOENT (No such file or directory)
10824 openat(AT_FDCWD, "/opt/google/chrome/libvulkan.so.1", O_RDONLY|O_CLOEXEC) = 16
10808 openat(AT_FDCWD, "/usr/share/fontconfig/conf.avail/10-hinting-none.conf", O_RDONLY|O_CLOEXEC) = 37
10808 openat(AT_FDCWD, "/usr/share/fontconfig/conf.avail/10-no-antialias.conf", O_RDONLY|O_CLOEXEC) = 37
10808 openat(AT_FDCWD, "/usr/share/fontconfig/conf.avail/10-sub-pixel-bgr.conf", O_RDONLY|O_CLOEXEC) = 37
10824 openat(AT_FDCWD, "/home/runner/work/deckrender-acceptance/deckrender-acceptance/benchmark/artifacts/acceptance/private/sandboxes/e2baf2caf551d4582bf28b6ad1b5abd2a26e1d7061bcd60f69fc9775965ba634/config/vulkan/implicit_layer.d", O_RDONLY|O_NONBLOCK|O_CLOEXEC|O_DIRECTORY) = -1 ENOENT (No such file or directory)
10824 openat(AT_FDCWD, "/etc/xdg/vulkan/implicit_layer.d", O_RDONLY|O_NONBLOCK|O_CLOEXEC|O_DIRECTORY) = -1 ENOENT (No such file or directory)
10824 openat(AT_FDCWD, "/etc/vulkan/implicit_layer.d", O_RDONLY|O_NONBLOCK|O_CLOEXEC|O_DIRECTORY) = 16
10808 openat(AT_FDCWD, "/usr/share/fontconfig/conf.avail/10-sub-pixel-none.conf", O_RDONLY|O_CLOEXEC) = 37
10824 openat(AT_FDCWD, "/home/runner/work/deckrender-acceptance/deckrender-acceptance/benchmark/artifacts/acceptance/private/sandboxes/e2baf2caf551d4582bf28b6ad1b5abd2a26e1d7061bcd60f69fc9775965ba634/.local/share/vulkan/implicit_layer.d", O_RDONLY|O_NONBLOCK|O_CLOEXEC|O_DIRECTORY) = -1 ENOENT (No such file or directory)
10824 openat(AT_FDCWD, "/usr/local/share/vulkan/implicit_layer.d", O_RDONLY|O_NONBLOCK|O_CLOEXEC|O_DIRECTORY) = -1 ENOENT (No such file or directory)
10824 openat(AT_FDCWD, "/usr/share/vulkan/implicit_layer.d", O_RDONLY|O_NONBLOCK|O_CLOEXEC|O_DIRECTORY) = -1 ENOENT (No such file or directory)
10824 openat(AT_FDCWD, "/home/runner/work/deckrender-acceptance/deckrender-acceptance/benchmark/artifacts/acceptance/private/sandboxes/e2baf2caf551d4582bf28b6ad1b5abd2a26e1d7061bcd60f69fc9775965ba634/config/vulkan/implicit_layer.d", O_RDONLY|O_NONBLOCK|O_CLOEXEC|O_DIRECTORY) = -1 ENOENT (No such file or directory)
10824 openat(AT_FDCWD, "/etc/xdg/vulkan/implicit_layer.d", O_RDONLY|O_NONBLOCK|O_CLOEXEC|O_DIRECTORY <unfinished ...>
10808 openat(AT_FDCWD, "/usr/share/fontconfig/conf.avail/10-sub-pixel-vbgr.conf", O_RDONLY|O_CLOEXEC <unfinished ...>
10824 <... openat resumed>)             = -1 ENOENT (No such file or directory)
10808 <... openat resumed>)             = 37
10824 openat(AT_FDCWD, "/etc/vulkan/implicit_layer.d", O_RDONLY|O_NONBLOCK|O_CLOEXEC|O_DIRECTORY) = 16
10824 openat(AT_FDCWD, "/home/runner/work/deckrender-acceptance/deckrender-acceptance/benchmark/artifacts/acceptance/private/sandboxes/e2baf2caf551d4582bf28b6ad1b5abd2a26e1d7061bcd60f69fc9775965ba634/.local/share/vulkan/implicit_layer.d", O_RDONLY|O_NONBLOCK|O_CLOEXEC|O_DIRECTORY) = -1 ENOENT (No such file or directory)
10824 openat(AT_FDCWD, "/usr/local/share/vulkan/implicit_layer.d", O_RDONLY|O_NONBLOCK|O_CLOEXEC|O_DIRECTORY) = -1 ENOENT (No such file or directory)
10824 openat(AT_FDCWD, "/usr/share/vulkan/implicit_layer.d", O_RDONLY|O_NONBLOCK|O_CLOEXEC|O_DIRECTORY) = -1 ENOENT (No such file or directory)
10808 openat(AT_FDCWD, "/usr/share/fontconfig/conf.avail/10-sub-pixel-vrgb.conf", O_RDONLY|O_CLOEXEC) = 37
10824 openat(AT_FDCWD, "/home/runner/work/deckrender-acceptance/deckrender-acceptance/benchmark/artifacts/acceptance/private/sandboxes/e2baf2caf551d4582bf28b6ad1b5abd2a26e1d7061bcd60f69fc9775965ba634/config/vulkan/icd.d", O_RDONLY|O_NONBLOCK|O_CLOEXEC|O_DIRECTORY) = -1 ENOENT (No such file or directory)
10824 openat(AT_FDCWD, "/etc/xdg/vulkan/icd.d", O_RDONLY|O_NONBLOCK|O_CLOEXEC|O_DIRECTORY) = -1 ENOENT (No such file or directory)
10824 openat(AT_FDCWD, "/etc/vulkan/icd.d", O_RDONLY|O_NONBLOCK|O_CLOEXEC|O_DIRECTORY) = 16
10808 openat(AT_FDCWD, "/usr/share/fontconfig/conf.avail/10-unhinted.conf", O_RDONLY|O_CLOEXEC) = 37
10824 openat(AT_FDCWD, "/home/runner/work/deckrender-acceptance/deckrender-acceptance/benchmark/artifacts/acceptance/private/sandboxes/e2baf2caf551d4582bf28b6ad1b5abd2a26e1d7061bcd60f69fc9775965ba634/.local/share/vulkan/icd.d", O_RDONLY|O_NONBLOCK|O_CLOEXEC|O_DIRECTORY) = -1 ENOENT (No such file or directory)
10824 openat(AT_FDCWD, "/usr/local/share/vulkan/icd.d", O_RDONLY|O_NONBLOCK|O_CLOEXEC|O_DIRECTORY) = -1 ENOENT (No such file or directory)
10824 openat(AT_FDCWD, "/usr/share/vulkan/icd.d", O_RDONLY|O_NONBLOCK|O_CLOEXEC|O_DIRECTORY) = -1 ENOENT (No such file or directory)
10824 openat(AT_FDCWD, "/home/runner/work/deckrender-acceptance/deckrender-acceptance/benchmark/artifacts/acceptance/private/sandboxes/e2baf2caf551d4582bf28b6ad1b5abd2a26e1d7061bcd60f69fc9775965ba634/config/vulkan/icd.d", O_RDONLY|O_NONBLOCK|O_CLOEXEC|O_DIRECTORY) = -1 ENOENT (No such file or directory)
10824 openat(AT_FDCWD, "/etc/xdg/vulkan/icd.d", O_RDONLY|O_NONBLOCK|O_CLOEXEC|O_DIRECTORY) = -1 ENOENT (No such file or directory)
10824 openat(AT_FDCWD, "/etc/vulkan/icd.d", O_RDONLY|O_NONBLOCK|O_CLOEXEC|O_DIRECTORY) = 16
10824 openat(AT_FDCWD, "/home/runner/work/deckrender-acceptance/deckrender-acceptance/benchmark/artifacts/acceptance/private/sandboxes/e2baf2caf551d4582bf28b6ad1b5abd2a26e1d7061bcd60f69fc9775965ba634/.local/share/vulkan/icd.d", O_RDONLY|O_NONBLOCK|O_CLOEXEC|O_DIRECTORY) = -1 ENOENT (No such file or directory)
10824 openat(AT_FDCWD, "/usr/local/share/vulkan/icd.d", O_RDONLY|O_NONBLOCK|O_CLOEXEC|O_DIRECTORY) = -1 ENOENT (No such file or directory)
10808 openat(AT_FDCWD, "/usr/share/fontconfig/conf.avail/11-lcdfilter-legacy.conf", O_RDONLY|O_CLOEXEC <unfinished ...>
10824 openat(AT_FDCWD, "/usr/share/vulkan/icd.d", O_RDONLY|O_NONBLOCK|O_CLOEXEC|O_DIRECTORY <unfinished ...>
10808 <... openat resumed>)             = 37
10824 <... openat resumed>)             = -1 ENOENT (No such file or directory)
10824 openat(AT_FDCWD, "/home/runner/work/deckrender-acceptance/deckrender-acceptance/benchmark/artifacts/acceptance/private/sandboxes/e2baf2caf551d4582bf28b6ad1b5abd2a26e1d7061bcd60f69fc9775965ba634/config/vulkan/implicit_layer.d", O_RDONLY|O_NONBLOCK|O_CLOEXEC|O_DIRECTORY) = -1 ENOENT (No such file or directory)
10824 openat(AT_FDCWD, "/etc/xdg/vulkan/implicit_layer.d", O_RDONLY|O_NONBLOCK|O_CLOEXEC|O_DIRECTORY) = -1 ENOENT (No such file or directory)
10824 openat(AT_FDCWD, "/etc/vulkan/implicit_layer.d", O_RDONLY|O_NONBLOCK|O_CLOEXEC|O_DIRECTORY) = 16
10808 openat(AT_FDCWD, "/usr/share/fontconfig/conf.avail/11-lcdfilter-light.conf", O_RDONLY|O_CLOEXEC) = 37
10824 openat(AT_FDCWD, "/home/runner/work/deckrender-acceptance/deckrender-acceptance/benchmark/artifacts/acceptance/private/sandboxes/e2baf2caf551d4582bf28b6ad1b5abd2a26e1d7061bcd60f69fc9775965ba634/.local/share/vulkan/implicit_layer.d", O_RDONLY|O_NONBLOCK|O_CLOEXEC|O_DIRECTORY) = -1 ENOENT (No such file or directory)
10824 openat(AT_FDCWD, "/usr/local/share/vulkan/implicit_layer.d", O_RDONLY|O_NONBLOCK|O_CLOEXEC|O_DIRECTORY) = -1 ENOENT (No such file or directory)
10824 openat(AT_FDCWD, "/usr/share/vulkan/implicit_layer.d", O_RDONLY|O_NONBLOCK|O_CLOEXEC|O_DIRECTORY) = -1 ENOENT (No such file or directory)
10808 openat(AT_FDCWD, "/usr/share/fontconfig/conf.avail/11-lcdfilter-none.conf", O_RDONLY|O_CLOEXEC) = 37
10824 openat(AT_FDCWD, "/home/runner/work/deckrender-acceptance/deckrender-acceptance/benchmark/artifacts/acceptance/private/sandboxes/e2baf2caf551d4582bf28b6ad1b5abd2a26e1d7061bcd60f69fc9775965ba634/config/vulkan/implicit_layer.d", O_RDONLY|O_NONBLOCK|O_CLOEXEC|O_DIRECTORY) = -1 ENOENT (No such file or directory)
10824 openat(AT_FDCWD, "/etc/xdg/vulkan/implicit_layer.d", O_RDONLY|O_NONBLOCK|O_CLOEXEC|O_DIRECTORY) = -1 ENOENT (No such file or directory)
10824 openat(AT_FDCWD, "/etc/vulkan/implicit_layer.d", O_RDONLY|O_NONBLOCK|O_CLOEXEC|O_DIRECTORY) = 16
10824 openat(AT_FDCWD, "/home/runner/work/deckrender-acceptance/deckrender-acceptance/benchmark/artifacts/acceptance/private/sandboxes/e2baf2caf551d4582bf28b6ad1b5abd2a26e1d7061bcd60f69fc9775965ba634/.local/share/vulkan/implicit_layer.d", O_RDONLY|O_NONBLOCK|O_CLOEXEC|O_DIRECTORY) = -1 ENOENT (No such file or directory)
10824 openat(AT_FDCWD, "/usr/local/share/vulkan/implicit_layer.d", O_RDONLY|O_NONBLOCK|O_CLOEXEC|O_DIRECTORY) = -1 ENOENT (No such file or directory)
10808 openat(AT_FDCWD, "/usr/share/fontconfig/conf.avail/25-unhint-nonlatin.conf", O_RDONLY|O_CLOEXEC <unfinished ...>
10824 openat(AT_FDCWD, "/usr/share/vulkan/implicit_layer.d", O_RDONLY|O_NONBLOCK|O_CLOEXEC|O_DIRECTORY <unfinished ...>
10808 <... openat resumed>)             = 37
10824 <... openat resumed>)             = -1 ENOENT (No such file or directory)
10824 openat(AT_FDCWD, "/home/runner/work/deckrender-acceptance/deckrender-acceptance/benchmark/artifacts/acceptance/private/sandboxes/e2baf2caf551d4582bf28b6ad1b5abd2a26e1d7061bcd60f69fc9775965ba634/config/vulkan/icd.d", O_RDONLY|O_NONBLOCK|O_CLOEXEC|O_DIRECTORY) = -1 ENOENT (No such file or directory)
10824 openat(AT_FDCWD, "/etc/xdg/vulkan/icd.d", O_RDONLY|O_NONBLOCK|O_CLOEXEC|O_DIRECTORY) = -1 ENOENT (No such file or directory)
10824 openat(AT_FDCWD, "/etc/vulkan/icd.d", O_RDONLY|O_NONBLOCK|O_CLOEXEC|O_DIRECTORY) = 16
10824 openat(AT_FDCWD, "/home/runner/work/deckrender-acceptance/deckrender-acceptance/benchmark/artifacts/acceptance/private/sandboxes/e2baf2caf551d4582bf28b6ad1b5abd2a26e1d7061bcd60f69fc9775965ba634/.local/share/vulkan/icd.d", O_RDONLY|O_NONBLOCK|O_CLOEXEC|O_DIRECTORY) = -1 ENOENT (No such file or directory)
10824 openat(AT_FDCWD, "/usr/local/share/vulkan/icd.d", O_RDONLY|O_NONBLOCK|O_CLOEXEC|O_DIRECTORY) = -1 ENOENT (No such file or directory)
10824 openat(AT_FDCWD, "/usr/share/vulkan/icd.d", O_RDONLY|O_NONBLOCK|O_CLOEXEC|O_DIRECTORY) = -1 ENOENT (No such file or directory)
10808 openat(AT_FDCWD, "/usr/share/fontconfig/conf.avail/35-lang-normalize.conf", O_RDONLY|O_CLOEXEC <unfinished ...>
10824 openat(AT_FDCWD, "/home/runner/work/deckrender-acceptance/deckrender-acceptance/benchmark/artifacts/acceptance/private/sandboxes/e2baf2caf551d4582bf28b6ad1b5abd2a26e1d7061bcd60f69fc9775965ba634/config/vulkan/implicit_layer.d", O_RDONLY|O_NONBLOCK|O_CLOEXEC|O_DIRECTORY <unfinished ...>
10808 <... openat resumed>)             = 37
10824 <... openat resumed>)             = -1 ENOENT (No such file or directory)
10824 openat(AT_FDCWD, "/etc/xdg/vulkan/implicit_layer.d", O_RDONLY|O_NONBLOCK|O_CLOEXEC|O_DIRECTORY) = -1 ENOENT (No such file or directory)
10824 openat(AT_FDCWD, "/etc/vulkan/implicit_layer.d", O_RDONLY|O_NONBLOCK|O_CLOEXEC|O_DIRECTORY) = 16
10824 openat(AT_FDCWD, "/home/runner/work/deckrender-acceptance/deckrender-acceptance/benchmark/artifacts/acceptance/private/sandboxes/e2baf2caf551d4582bf28b6ad1b5abd2a26e1d7061bcd60f69fc9775965ba634/.local/share/vulkan/implicit_layer.d", O_RDONLY|O_NONBLOCK|O_CLOEXEC|O_DIRECTORY) = -1 ENOENT (No such file or directory)
10824 openat(AT_FDCWD, "/usr/local/share/vulkan/implicit_layer.d", O_RDONLY|O_NONBLOCK|O_CLOEXEC|O_DIRECTORY) = -1 ENOENT (No such file or directory)
10824 openat(AT_FDCWD, "/usr/share/vulkan/implicit_layer.d", O_RDONLY|O_NONBLOCK|O_CLOEXEC|O_DIRECTORY) = -1 ENOENT (No such file or directory)
10824 openat(AT_FDCWD, "/home/runner/work/deckrender-acceptance/deckrender-acceptance/benchmark/artifacts/acceptance/private/sandboxes/e2baf2caf551d4582bf28b6ad1b5abd2a26e1d7061bcd60f69fc9775965ba634/config/vulkan/implicit_layer.d", O_RDONLY|O_NONBLOCK|O_CLOEXEC|O_DIRECTORY) = -1 ENOENT (No such file or directory)
10824 openat(AT_FDCWD, "/etc/xdg/vulkan/implicit_layer.d", O_RDONLY|O_NONBLOCK|O_CLOEXEC|O_DIRECTORY) = -1 ENOENT (No such file or directory)
10824 openat(AT_FDCWD, "/etc/vulkan/implicit_layer.d", O_RDONLY|O_NONBLOCK|O_CLOEXEC|O_DIRECTORY) = 16
10824 openat(AT_FDCWD, "/home/runner/work/deckrender-acceptance/deckrender-acceptance/benchmark/artifacts/acceptance/private/sandboxes/e2baf2caf551d4582bf28b6ad1b5abd2a26e1d7061bcd60f69fc9775965ba634/.local/share/vulkan/implicit_layer.d", O_RDONLY|O_NONBLOCK|O_CLOEXEC|O_DIRECTORY) = -1 ENOENT (No such file or directory)
10824 openat(AT_FDCWD, "/usr/local/share/vulkan/implicit_layer.d", O_RDONLY|O_NONBLOCK|O_CLOEXEC|O_DIRECTORY) = -1 ENOENT (No such file or directory)
10824 openat(AT_FDCWD, "/usr/share/vulkan/implicit_layer.d", O_RDONLY|O_NONBLOCK|O_CLOEXEC|O_DIRECTORY) = -1 ENOENT (No such file or directory)
10824 openat(AT_FDCWD, "/home/runner/work/deckrender-acceptance/deckrender-acceptance/benchmark/artifacts/acceptance/private/sandboxes/e2baf2caf551d4582bf28b6ad1b5abd2a26e1d7061bcd60f69fc9775965ba634/config/vulkan/explicit_layer.d", O_RDONLY|O_NONBLOCK|O_CLOEXEC|O_DIRECTORY) = -1 ENOENT (No such file or directory)
10824 openat(AT_FDCWD, "/etc/xdg/vulkan/explicit_layer.d", O_RDONLY|O_NONBLOCK|O_CLOEXEC|O_DIRECTORY) = -1 ENOENT (No such file or directory)
10824 openat(AT_FDCWD, "/etc/vulkan/explicit_layer.d", O_RDONLY|O_NONBLOCK|O_CLOEXEC|O_DIRECTORY) = 16
10824 openat(AT_FDCWD, "/home/runner/work/deckrender-acceptance/deckrender-acceptance/benchmark/artifacts/acceptance/private/sandboxes/e2baf2caf551d4582bf28b6ad1b5abd2a26e1d7061bcd60f69fc9775965ba634/.local/share/vulkan/explicit_layer.d", O_RDONLY|O_NONBLOCK|O_CLOEXEC|O_DIRECTORY) = -1 ENOENT (No such file or directory)
10824 openat(AT_FDCWD, "/usr/local/share/vulkan/explicit_layer.d", O_RDONLY|O_NONBLOCK|O_CLOEXEC|O_DIRECTORY) = -1 ENOENT (No such file or directory)
10824 openat(AT_FDCWD, "/usr/share/vulkan/explicit_layer.d", O_RDONLY|O_NONBLOCK|O_CLOEXEC|O_DIRECTORY) = -1 ENOENT (No such file or directory)
10824 openat(AT_FDCWD, "/home/runner/work/deckrender-acceptance/deckrender-acceptance/benchmark/artifacts/acceptance/private/sandboxes/e2baf2caf551d4582bf28b6ad1b5abd2a26e1d7061bcd60f69fc9775965ba634/config/vulkan/icd.d", O_RDONLY|O_NONBLOCK|O_CLOEXEC|O_DIRECTORY) = -1 ENOENT (No such file or directory)
10824 openat(AT_FDCWD, "/etc/xdg/vulkan/icd.d", O_RDONLY|O_NONBLOCK|O_CLOEXEC|O_DIRECTORY) = -1 ENOENT (No such file or directory)
10824 openat(AT_FDCWD, "/etc/vulkan/icd.d", O_RDONLY|O_NONBLOCK|O_CLOEXEC|O_DIRECTORY) = 16
10824 openat(AT_FDCWD, "/home/runner/work/deckrender-acceptance/deckrender-acceptance/benchmark/artifacts/acceptance/private/sandboxes/e2baf2caf551d4582bf28b6ad1b5abd2a26e1d7061bcd60f69fc9775965ba634/.local/share/vulkan/icd.d", O_RDONLY|O_NONBLOCK|O_CLOEXEC|O_DIRECTORY) = -1 ENOENT (No such file or directory)
10824 openat(AT_FDCWD, "/usr/local/share/vulkan/icd.d", O_RDONLY|O_NONBLOCK|O_CLOEXEC|O_DIRECTORY) = -1 ENOENT (No such file or directory)
10824 openat(AT_FDCWD, "/usr/share/vulkan/icd.d", O_RDONLY|O_NONBLOCK|O_CLOEXEC|O_DIRECTORY) = -1 ENOENT (No such file or directory)
10808 openat(AT_FDCWD, "/usr/share/fontconfig/conf.avail/53-monospace-lcd-filter.conf", O_RDONLY|O_CLOEXEC) = 37
10824 openat(AT_FDCWD, "/opt/google/chrome/libvulkan.so", O_RDONLY|O_CLOEXEC) = -1 ENOENT (No such file or directory)
10824 openat(AT_FDCWD, "/opt/google/chrome/libvulkan.so.1", O_RDONLY|O_CLOEXEC) = 16
10808 openat(AT_FDCWD, "/usr/share/fontconfig/conf.avail/65-khmer.conf", O_RDONLY|O_CLOEXEC) = 37
10824 openat(AT_FDCWD, "/home/runner/work/deckrender-acceptance/deckrender-acceptance/benchmark/artifacts/acceptance/private/sandboxes/e2baf2caf551d4582bf28b6ad1b5abd2a26e1d7061bcd60f69fc9775965ba634/config/vulkan/implicit_layer.d", O_RDONLY|O_NONBLOCK|O_CLOEXEC|O_DIRECTORY) = -1 ENOENT (No such file or directory)
10824 openat(AT_FDCWD, "/etc/xdg/vulkan/implicit_layer.d", O_RDONLY|O_NONBLOCK|O_CLOEXEC|O_DIRECTORY) = -1 ENOENT (No such file or directory)
10824 openat(AT_FDCWD, "/etc/vulkan/implicit_layer.d", O_RDONLY|O_NONBLOCK|O_CLOEXEC|O_DIRECTORY) = 16
10808 openat(AT_FDCWD, "/usr/share/fontconfig/conf.avail/70-force-bitmaps.conf", O_RDONLY|O_CLOEXEC) = 37
10824 openat(AT_FDCWD, "/home/runner/work/deckrender-acceptance/deckrender-acceptance/benchmark/artifacts/acceptance/private/sandboxes/e2baf2caf551d4582bf28b6ad1b5abd2a26e1d7061bcd60f69fc9775965ba634/.local/share/vulkan/implicit_layer.d", O_RDONLY|O_NONBLOCK|O_CLOEXEC|O_DIRECTORY) = -1 ENOENT (No such file or directory)
10824 openat(AT_FDCWD, "/usr/local/share/vulkan/implicit_layer.d", O_RDONLY|O_NONBLOCK|O_CLOEXEC|O_DIRECTORY) = -1 ENOENT (No such file or directory)
10824 openat(AT_FDCWD, "/usr/share/vulkan/implicit_layer.d", O_RDONLY|O_NONBLOCK|O_CLOEXEC|O_DIRECTORY) = -1 ENOENT (No such file or directory)
10808 openat(AT_FDCWD, "/usr/share/fontconfig/conf.avail/70-no-bitmaps-and-emoji.conf", O_RDONLY|O_CLOEXEC) = 37
10824 openat(AT_FDCWD, "/home/runner/work/deckrender-acceptance/deckrender-acceptance/benchmark/artifacts/acceptance/private/sandboxes/e2baf2caf551d4582bf28b6ad1b5abd2a26e1d7061bcd60f69fc9775965ba634/config/vulkan/implicit_layer.d", O_RDONLY|O_NONBLOCK|O_CLOEXEC|O_DIRECTORY <unfinished ...>
10808 openat(AT_FDCWD, "/usr/share/fontconfig/conf.avail/70-no-bitmaps.conf", O_RDONLY|O_CLOEXEC <unfinished ...>
10824 <... openat resumed>)             = -1 ENOENT (No such file or directory)
10808 <... openat resumed>)             = 37
10824 openat(AT_FDCWD, "/etc/xdg/vulkan/implicit_layer.d", O_RDONLY|O_NONBLOCK|O_CLOEXEC|O_DIRECTORY) = -1 ENOENT (No such file or directory)
10824 openat(AT_FDCWD, "/etc/vulkan/implicit_layer.d", O_RDONLY|O_NONBLOCK|O_CLOEXEC|O_DIRECTORY) = 16
10824 openat(AT_FDCWD, "/home/runner/work/deckrender-acceptance/deckrender-acceptance/benchmark/artifacts/acceptance/private/sandboxes/e2baf2caf551d4582bf28b6ad1b5abd2a26e1d7061bcd60f69fc9775965ba634/.local/share/vulkan/implicit_layer.d", O_RDONLY|O_NONBLOCK|O_CLOEXEC|O_DIRECTORY) = -1 ENOENT (No such file or directory)
10808 openat(AT_FDCWD, "/usr/share/fontconfig/conf.avail/70-yes-bitmaps.conf", O_RDONLY|O_CLOEXEC <unfinished ...>
10824 openat(AT_FDCWD, "/usr/local/share/vulkan/implicit_layer.d", O_RDONLY|O_NONBLOCK|O_CLOEXEC|O_DIRECTORY <unfinished ...>
10808 <... openat resumed>)             = 37
10824 <... openat resumed>)             = -1 ENOENT (No such file or directory)
10824 openat(AT_FDCWD, "/usr/share/vulkan/implicit_layer.d", O_RDONLY|O_NONBLOCK|O_CLOEXEC|O_DIRECTORY) = -1 ENOENT (No such file or directory)
10824 openat(AT_FDCWD, "/home/runner/work/deckrender-acceptance/deckrender-acceptance/benchmark/artifacts/acceptance/private/sandboxes/e2baf2caf551d4582bf28b6ad1b5abd2a26e1d7061bcd60f69fc9775965ba634/config/vulkan/implicit_layer.d", O_RDONLY|O_NONBLOCK|O_CLOEXEC|O_DIRECTORY) = -1 ENOENT (No such file or directory)
10824 openat(AT_FDCWD, "/etc/xdg/vulkan/implicit_layer.d", O_RDONLY|O_NONBLOCK|O_CLOEXEC|O_DIRECTORY) = -1 ENOENT (No such file or directory)
10824 openat(AT_FDCWD, "/etc/vulkan/implicit_layer.d", O_RDONLY|O_NONBLOCK|O_CLOEXEC|O_DIRECTORY) = 16
10824 openat(AT_FDCWD, "/home/runner/work/deckrender-acceptance/deckrender-acceptance/benchmark/artifacts/acceptance/private/sandboxes/e2baf2caf551d4582bf28b6ad1b5abd2a26e1d7061bcd60f69fc9775965ba634/.local/share/vulkan/implicit_layer.d", O_RDONLY|O_NONBLOCK|O_CLOEXEC|O_DIRECTORY) = -1 ENOENT (No such file or directory)
10824 openat(AT_FDCWD, "/usr/local/share/vulkan/implicit_layer.d", O_RDONLY|O_NONBLOCK|O_CLOEXEC|O_DIRECTORY) = -1 ENOENT (No such file or directory)
10824 openat(AT_FDCWD, "/usr/share/vulkan/implicit_layer.d", O_RDONLY|O_NONBLOCK|O_CLOEXEC|O_DIRECTORY) = -1 ENOENT (No such file or directory)
10824 openat(AT_FDCWD, "/home/runner/work/deckrender-acceptance/deckrender-acceptance/benchmark/artifacts/acceptance/private/sandboxes/e2baf2caf551d4582bf28b6ad1b5abd2a26e1d7061bcd60f69fc9775965ba634/config/vulkan/explicit_layer.d", O_RDONLY|O_NONBLOCK|O_CLOEXEC|O_DIRECTORY) = -1 ENOENT (No such file or directory)
10808 openat(AT_FDCWD, "/usr/local/share/fonts", O_RDONLY|O_CLOEXEC <unfinished ...>
10824 openat(AT_FDCWD, "/etc/xdg/vulkan/explicit_layer.d", O_RDONLY|O_NONBLOCK|O_CLOEXEC|O_DIRECTORY <unfinished ...>
10808 <... openat resumed>)             = 33
10824 <... openat resumed>)             = -1 ENOENT (No such file or directory)
10824 openat(AT_FDCWD, "/etc/vulkan/explicit_layer.d", O_RDONLY|O_NONBLOCK|O_CLOEXEC|O_DIRECTORY) = 16
10808 openat(AT_FDCWD, "/var/cache/fontconfig/4c599c202bc5c08e2d34565a40eac3b2-le64.cache-11", O_RDONLY|O_CLOEXEC) = -1 ENOENT (No such file or directory)
10808 openat(AT_FDCWD, "/usr/local/share/fonts/.uuid", O_RDONLY|O_CLOEXEC) = -1 ENOENT (No such file or directory)
10808 openat(AT_FDCWD, "/home/runner/work/deckrender-acceptance/deckrender-acceptance/benchmark/artifacts/acceptance/private/sandboxes/e2baf2caf551d4582bf28b6ad1b5abd2a26e1d7061bcd60f69fc9775965ba634/.cache/fontconfig/4c599c202bc5c08e2d34565a40eac3b2-le64.cache-11", O_RDONLY|O_CLOEXEC) = -1 ENOENT (No such file or directory)
10808 openat(AT_FDCWD, "/usr/local/share/fonts/.uuid", O_RDONLY|O_CLOEXEC <unfinished ...>
10824 openat(AT_FDCWD, "/home/runner/work/deckrender-acceptance/deckrender-acceptance/benchmark/artifacts/acceptance/private/sandboxes/e2baf2caf551d4582bf28b6ad1b5abd2a26e1d7061bcd60f69fc9775965ba634/.local/share/vulkan/explicit_layer.d", O_RDONLY|O_NONBLOCK|O_CLOEXEC|O_DIRECTORY <unfinished ...>
10808 <... openat resumed>)             = -1 ENOENT (No such file or directory)
10824 <... openat resumed>)             = -1 ENOENT (No such file or directory)
10808 openat(AT_FDCWD, "/home/runner/work/deckrender-acceptance/deckrender-acceptance/benchmark/artifacts/acceptance/private/sandboxes/e2baf2caf551d4582bf28b6ad1b5abd2a26e1d7061bcd60f69fc9775965ba634/.fontconfig/4c599c202bc5c08e2d34565a40eac3b2-le64.cache-11", O_RDONLY|O_CLOEXEC <unfinished ...>
10824 openat(AT_FDCWD, "/usr/local/share/vulkan/explicit_layer.d", O_RDONLY|O_NONBLOCK|O_CLOEXEC|O_DIRECTORY <unfinished ...>
10808 <... openat resumed>)             = -1 ENOENT (No such file or directory)
10824 <... openat resumed>)             = -1 ENOENT (No such file or directory)
10808 openat(AT_FDCWD, "/usr/local/share/fonts/.uuid", O_RDONLY|O_CLOEXEC <unfinished ...>
10824 openat(AT_FDCWD, "/usr/share/vulkan/explicit_layer.d", O_RDONLY|O_NONBLOCK|O_CLOEXEC|O_DIRECTORY <unfinished ...>
10808 <... openat resumed>)             = -1 ENOENT (No such file or directory)
10824 <... openat resumed>)             = -1 ENOENT (No such file or directory)
10808 openat(AT_FDCWD, "/usr/local/share/fonts", O_RDONLY|O_CLOEXEC) = 33
10824 openat(AT_FDCWD, "/home/runner/work/deckrender-acceptance/deckrender-acceptance/benchmark/artifacts/acceptance/private/sandboxes/e2baf2caf551d4582bf28b6ad1b5abd2a26e1d7061bcd60f69fc9775965ba634/config/vulkan/implicit_layer.d", O_RDONLY|O_NONBLOCK|O_CLOEXEC|O_DIRECTORY <unfinished ...>
10808 openat(AT_FDCWD, "/var/cache/fontconfig/4c599c202bc5c08e2d34565a40eac3b2-le64.cache-11", O_RDWR|O_CLOEXEC <unfinished ...>
10824 <... openat resumed>)             = -1 ENOENT (No such file or directory)
10808 <... openat resumed>)             = -1 ENOENT (No such file or directory)
10824 openat(AT_FDCWD, "/etc/xdg/vulkan/implicit_layer.d", O_RDONLY|O_NONBLOCK|O_CLOEXEC|O_DIRECTORY <unfinished ...>
10808 openat(AT_FDCWD, "/home/runner/work/deckrender-acceptance/deckrender-acceptance/benchmark/artifacts/acceptance/private/sandboxes/e2baf2caf551d4582bf28b6ad1b5abd2a26e1d7061bcd60f69fc9775965ba634/.cache/fontconfig/4c599c202bc5c08e2d34565a40eac3b2-le64.cache-11", O_RDWR|O_CLOEXEC <unfinished ...>
10824 <... openat resumed>)             = -1 ENOENT (No such file or directory)
10808 <... openat resumed>)             = -1 ENOENT (No such file or directory)
10824 openat(AT_FDCWD, "/etc/vulkan/implicit_layer.d", O_RDONLY|O_NONBLOCK|O_CLOEXEC|O_DIRECTORY <unfinished ...>
10808 openat(AT_FDCWD, "/home/runner/work/deckrender-acceptance/deckrender-acceptance/benchmark/artifacts/acceptance/private/sandboxes/e2baf2caf551d4582bf28b6ad1b5abd2a26e1d7061bcd60f69fc9775965ba634/.fontconfig/4c599c202bc5c08e2d34565a40eac3b2-le64.cache-11", O_RDWR|O_CLOEXEC <unfinished ...>
10824 <... openat resumed>)             = 16
10808 <... openat resumed>)             = -1 ENOENT (No such file or directory)
10808 openat(AT_FDCWD, "/usr/local/share/fonts", O_RDONLY|O_NONBLOCK|O_CLOEXEC|O_DIRECTORY) = 33
10824 openat(AT_FDCWD, "/home/runner/work/deckrender-acceptance/deckrender-acceptance/benchmark/artifacts/acceptance/private/sandboxes/e2baf2caf551d4582bf28b6ad1b5abd2a26e1d7061bcd60f69fc9775965ba634/.local/share/vulkan/implicit_layer.d", O_RDONLY|O_NONBLOCK|O_CLOEXEC|O_DIRECTORY) = -1 ENOENT (No such file or directory)
10824 openat(AT_FDCWD, "/usr/local/share/vulkan/implicit_layer.d", O_RDONLY|O_NONBLOCK|O_CLOEXEC|O_DIRECTORY) = -1 ENOENT (No such file or directory)
10824 openat(AT_FDCWD, "/usr/share/vulkan/implicit_layer.d", O_RDONLY|O_NONBLOCK|O_CLOEXEC|O_DIRECTORY) = -1 ENOENT (No such file or directory)
10824 openat(AT_FDCWD, "/home/runner/work/deckrender-acceptance/deckrender-acceptance/benchmark/artifacts/acceptance/private/sandboxes/e2baf2caf551d4582bf28b6ad1b5abd2a26e1d7061bcd60f69fc9775965ba634/config/vulkan/implicit_layer.d", O_RDONLY|O_NONBLOCK|O_CLOEXEC|O_DIRECTORY) = -1 ENOENT (No such file or directory)
10824 openat(AT_FDCWD, "/etc/xdg/vulkan/implicit_layer.d", O_RDONLY|O_NONBLOCK|O_CLOEXEC|O_DIRECTORY) = -1 ENOENT (No such file or directory)
10824 openat(AT_FDCWD, "/etc/vulkan/implicit_layer.d", O_RDONLY|O_NONBLOCK|O_CLOEXEC|O_DIRECTORY) = 16
10824 openat(AT_FDCWD, "/home/runner/work/deckrender-acceptance/deckrender-acceptance/benchmark/artifacts/acceptance/private/sandboxes/e2baf2caf551d4582bf28b6ad1b5abd2a26e1d7061bcd60f69fc9775965ba634/.local/share/vulkan/implicit_layer.d", O_RDONLY|O_NONBLOCK|O_CLOEXEC|O_DIRECTORY <unfinished ...>
10808 openat(AT_FDCWD, "/home/runner/work/deckrender-acceptance/deckrender-acceptance/benchmark/artifacts/acceptance/private/sandboxes/e2baf2caf551d4582bf28b6ad1b5abd2a26e1d7061bcd60f69fc9775965ba634/.cache/fontconfig/CACHEDIR.TAG.TMP-qTMIoC", O_RDWR|O_CREAT|O_EXCL, 0600 <unfinished ...>
10824 <... openat resumed>)             = -1 ENOENT (No such file or directory)
10824 openat(AT_FDCWD, "/usr/local/share/vulkan/implicit_layer.d", O_RDONLY|O_NONBLOCK|O_CLOEXEC|O_DIRECTORY <unfinished ...>
10808 <... openat resumed>)             = 33
10824 <... openat resumed>)             = -1 ENOENT (No such file or directory)
10824 openat(AT_FDCWD, "/usr/share/vulkan/implicit_layer.d", O_RDONLY|O_NONBLOCK|O_CLOEXEC|O_DIRECTORY) = -1 ENOENT (No such file or directory)
10824 openat(AT_FDCWD, "/opt/google/chrome/./vk_swiftshader_icd.json", O_RDONLY) = 16
10824 openat(AT_FDCWD, "/opt/google/chrome/././libvk_swiftshader.so", O_RDONLY|O_CLOEXEC) = 16
10808 openat(AT_FDCWD, "/home/runner/work/deckrender-acceptance/deckrender-acceptance/benchmark/artifacts/acceptance/private/sandboxes/e2baf2caf551d4582bf28b6ad1b5abd2a26e1d7061bcd60f69fc9775965ba634/.cache/fontconfig/CACHEDIR.TAG.NEW", O_RDWR|O_CREAT|O_CLOEXEC, 0644) = 33
10808 openat(AT_FDCWD, "/home/runner/work/deckrender-acceptance/deckrender-acceptance/benchmark/artifacts/acceptance/private/sandboxes/e2baf2caf551d4582bf28b6ad1b5abd2a26e1d7061bcd60f69fc9775965ba634/.cache/fontconfig/4c599c202bc5c08e2d34565a40eac3b2-le64.cache-11.TMP-NdtXDb", O_RDWR|O_CREAT|O_EXCL, 0600) = 33
10808 openat(AT_FDCWD, "/home/runner/work/deckrender-acceptance/deckrender-acceptance/benchmark/artifacts/acceptance/private/sandboxes/e2baf2caf551d4582bf28b6ad1b5abd2a26e1d7061bcd60f69fc9775965ba634/.cache/fontconfig/4c599c202bc5c08e2d34565a40eac3b2-le64.cache-11.NEW", O_RDWR|O_CREAT|O_CLOEXEC, 0666) = 33
10824 openat(AT_FDCWD, "/opt/google/chrome/./vk_swiftshader_icd.json", O_RDONLY) = 16
10808 openat(AT_FDCWD, "/usr/share/fonts", O_RDONLY|O_CLOEXEC) = 33
10824 openat(AT_FDCWD, "/opt/hostedtoolcache/Python/3.12.14/x64/lib/libwayland-client.so.0", O_RDONLY|O_CLOEXEC <unfinished ...>
10808 openat(AT_FDCWD, "/var/cache/fontconfig/3830d5c3ddfd5cd38a049b759396e72e-le64.cache-11", O_RDONLY|O_CLOEXEC <unfinished ...>
10824 <... openat resumed>)             = -1 ENOENT (No such file or directory)
10808 <... openat resumed>)             = -1 ENOENT (No such file or directory)
10824 openat(AT_FDCWD, "/etc/ld.so.cache", O_RDONLY|O_CLOEXEC <unfinished ...>
10808 openat(AT_FDCWD, "/usr/share/fonts/.uuid", O_RDONLY|O_CLOEXEC <unfinished ...>
10824 <... openat resumed>)             = 16
10808 <... openat resumed>)             = -1 ENOENT (No such file or directory)
10808 openat(AT_FDCWD, "/home/runner/work/deckrender-acceptance/deckrender-acceptance/benchmark/artifacts/acceptance/private/sandboxes/e2baf2caf551d4582bf28b6ad1b5abd2a26e1d7061bcd60f69fc9775965ba634/.cache/fontconfig/3830d5c3ddfd5cd38a049b759396e72e-le64.cache-11", O_RDONLY|O_CLOEXEC) = -1 ENOENT (No such file or directory)
10808 openat(AT_FDCWD, "/usr/share/fonts/.uuid", O_RDONLY|O_CLOEXEC) = -1 ENOENT (No such file or directory)
10808 openat(AT_FDCWD, "/home/runner/work/deckrender-acceptance/deckrender-acceptance/benchmark/artifacts/acceptance/private/sandboxes/e2baf2caf551d4582bf28b6ad1b5abd2a26e1d7061bcd60f69fc9775965ba634/.fontconfig/3830d5c3ddfd5cd38a049b759396e72e-le64.cache-11", O_RDONLY|O_CLOEXEC <unfinished ...>
10824 openat(AT_FDCWD, "/lib/x86_64-linux-gnu/libwayland-client.so.0", O_RDONLY|O_CLOEXEC <unfinished ...>
10808 <... openat resumed>)             = -1 ENOENT (No such file or directory)
10824 <... openat resumed>)             = 16
10808 openat(AT_FDCWD, "/usr/share/fonts/.uuid", O_RDONLY|O_CLOEXEC) = -1 ENOENT (No such file or directory)
10808 openat(AT_FDCWD, "/usr/share/fonts", O_RDONLY|O_CLOEXEC) = 33
10808 openat(AT_FDCWD, "/var/cache/fontconfig/3830d5c3ddfd5cd38a049b759396e72e-le64.cache-11", O_RDWR|O_CLOEXEC) = -1 ENOENT (No such file or directory)
10808 openat(AT_FDCWD, "/home/runner/work/deckrender-acceptance/deckrender-acceptance/benchmark/artifacts/acceptance/private/sandboxes/e2baf2caf551d4582bf28b6ad1b5abd2a26e1d7061bcd60f69fc9775965ba634/.cache/fontconfig/3830d5c3ddfd5cd38a049b759396e72e-le64.cache-11", O_RDWR|O_CLOEXEC) = -1 ENOENT (No such file or directory)
10808 openat(AT_FDCWD, "/home/runner/work/deckrender-acceptance/deckrender-acceptance/benchmark/artifacts/acceptance/private/sandboxes/e2baf2caf551d4582bf28b6ad1b5abd2a26e1d7061bcd60f69fc9775965ba634/.fontconfig/3830d5c3ddfd5cd38a049b759396e72e-le64.cache-11", O_RDWR|O_CLOEXEC) = -1 ENOENT (No such file or directory)
10808 openat(AT_FDCWD, "/usr/share/fonts", O_RDONLY|O_NONBLOCK|O_CLOEXEC|O_DIRECTORY) = 33
10824 openat(AT_FDCWD, "/home/runner/work/deckrender-acceptance/deckrender-acceptance/benchmark/artifacts/acceptance/private/sandboxes/e2baf2caf551d4582bf28b6ad1b5abd2a26e1d7061bcd60f69fc9775965ba634/config/vulkan/implicit_layer.d", O_RDONLY|O_NONBLOCK|O_CLOEXEC|O_DIRECTORY) = -1 ENOENT (No such file or directory)
10824 openat(AT_FDCWD, "/etc/xdg/vulkan/implicit_layer.d", O_RDONLY|O_NONBLOCK|O_CLOEXEC|O_DIRECTORY) = -1 ENOENT (No such file or directory)
10824 openat(AT_FDCWD, "/etc/vulkan/implicit_layer.d", O_RDONLY|O_NONBLOCK|O_CLOEXEC|O_DIRECTORY) = 16
10824 openat(AT_FDCWD, "/home/runner/work/deckrender-acceptance/deckrender-acceptance/benchmark/artifacts/acceptance/private/sandboxes/e2baf2caf551d4582bf28b6ad1b5abd2a26e1d7061bcd60f69fc9775965ba634/.local/share/vulkan/implicit_layer.d", O_RDONLY|O_NONBLOCK|O_CLOEXEC|O_DIRECTORY) = -1 ENOENT (No such file or directory)
10824 openat(AT_FDCWD, "/usr/local/share/vulkan/implicit_layer.d", O_RDONLY|O_NONBLOCK|O_CLOEXEC|O_DIRECTORY) = -1 ENOENT (No such file or directory)
10824 openat(AT_FDCWD, "/usr/share/vulkan/implicit_layer.d", O_RDONLY|O_NONBLOCK|O_CLOEXEC|O_DIRECTORY <unfinished ...>
10808 openat(AT_FDCWD, "/home/runner/work/deckrender-acceptance/deckrender-acceptance/benchmark/artifacts/acceptance/private/sandboxes/e2baf2caf551d4582bf28b6ad1b5abd2a26e1d7061bcd60f69fc9775965ba634/.cache/fontconfig/3830d5c3ddfd5cd38a049b759396e72e-le64.cache-11.TMP-2r4yPK", O_RDWR|O_CREAT|O_EXCL, 0600 <unfinished ...>
10824 <... openat resumed>)             = -1 ENOENT (No such file or directory)
10808 <... openat resumed>)             = 33
10824 openat(AT_FDCWD, "/home/runner/work/deckrender-acceptance/deckrender-acceptance/benchmark/artifacts/acceptance/private/sandboxes/e2baf2caf551d4582bf28b6ad1b5abd2a26e1d7061bcd60f69fc9775965ba634/config/vulkan/implicit_layer.d", O_RDONLY|O_NONBLOCK|O_CLOEXEC|O_DIRECTORY) = -1 ENOENT (No such file or directory)
10824 openat(AT_FDCWD, "/etc/xdg/vulkan/implicit_layer.d", O_RDONLY|O_NONBLOCK|O_CLOEXEC|O_DIRECTORY) = -1 ENOENT (No such file or directory)
10824 openat(AT_FDCWD, "/etc/vulkan/implicit_layer.d", O_RDONLY|O_NONBLOCK|O_CLOEXEC|O_DIRECTORY) = 16
10808 openat(AT_FDCWD, "/home/runner/work/deckrender-acceptance/deckrender-acceptance/benchmark/artifacts/acceptance/private/sandboxes/e2baf2caf551d4582bf28b6ad1b5abd2a26e1d7061bcd60f69fc9775965ba634/.cache/fontconfig/3830d5c3ddfd5cd38a049b759396e72e-le64.cache-11.NEW", O_RDWR|O_CREAT|O_CLOEXEC, 0666) = 33
10824 openat(AT_FDCWD, "/home/runner/work/deckrender-acceptance/deckrender-acceptance/benchmark/artifacts/acceptance/private/sandboxes/e2baf2caf551d4582bf28b6ad1b5abd2a26e1d7061bcd60f69fc9775965ba634/.local/share/vulkan/implicit_layer.d", O_RDONLY|O_NONBLOCK|O_CLOEXEC|O_DIRECTORY) = -1 ENOENT (No such file or directory)
10824 openat(AT_FDCWD, "/usr/local/share/vulkan/implicit_layer.d", O_RDONLY|O_NONBLOCK|O_CLOEXEC|O_DIRECTORY) = -1 ENOENT (No such file or directory)
10824 openat(AT_FDCWD, "/usr/share/vulkan/implicit_layer.d", O_RDONLY|O_NONBLOCK|O_CLOEXEC|O_DIRECTORY) = -1 ENOENT (No such file or directory)
10824 openat(AT_FDCWD, "/opt/google/chrome/./vk_swiftshader_icd.json", O_RDONLY) = 16
10808 openat(AT_FDCWD, "/usr/share/fonts/opentype", O_RDONLY|O_CLOEXEC <unfinished ...>
10824 openat(AT_FDCWD, "/home/runner/work/deckrender-acceptance/deckrender-acceptance/benchmark/artifacts/acceptance/private/sandboxes/e2baf2caf551d4582bf28b6ad1b5abd2a26e1d7061bcd60f69fc9775965ba634/config/vulkan/implicit_layer.d", O_RDONLY|O_NONBLOCK|O_CLOEXEC|O_DIRECTORY <unfinished ...>
10808 <... openat resumed>)             = 33
10824 <... openat resumed>)             = -1 ENOENT (No such file or directory)
10824 openat(AT_FDCWD, "/etc/xdg/vulkan/implicit_layer.d", O_RDONLY|O_NONBLOCK|O_CLOEXEC|O_DIRECTORY) = -1 ENOENT (No such file or directory)
10824 openat(AT_FDCWD, "/etc/vulkan/implicit_layer.d", O_RDONLY|O_NONBLOCK|O_CLOEXEC|O_DIRECTORY) = 16
10808 openat(AT_FDCWD, "/var/cache/fontconfig/573ec803664ed168555e0e8b6d0f0c7f-le64.cache-11", O_RDONLY|O_CLOEXEC) = -1 ENOENT (No such file or directory)
10808 openat(AT_FDCWD, "/usr/share/fonts/opentype/.uuid", O_RDONLY|O_CLOEXEC) = -1 ENOENT (No such file or directory)
10808 openat(AT_FDCWD, "/home/runner/work/deckrender-acceptance/deckrender-acceptance/benchmark/artifacts/acceptance/private/sandboxes/e2baf2caf551d4582bf28b6ad1b5abd2a26e1d7061bcd60f69fc9775965ba634/.cache/fontconfig/573ec803664ed168555e0e8b6d0f0c7f-le64.cache-11", O_RDONLY|O_CLOEXEC) = -1 ENOENT (No such file or directory)
10808 openat(AT_FDCWD, "/usr/share/fonts/opentype/.uuid", O_RDONLY|O_CLOEXEC) = -1 ENOENT (No such file or directory)
10808 openat(AT_FDCWD, "/home/runner/work/deckrender-acceptance/deckrender-acceptance/benchmark/artifacts/acceptance/private/sandboxes/e2baf2caf551d4582bf28b6ad1b5abd2a26e1d7061bcd60f69fc9775965ba634/.fontconfig/573ec803664ed168555e0e8b6d0f0c7f-le64.cache-11", O_RDONLY|O_CLOEXEC) = -1 ENOENT (No such file or directory)
10808 openat(AT_FDCWD, "/usr/share/fonts/opentype/.uuid", O_RDONLY|O_CLOEXEC) = -1 ENOENT (No such file or directory)
10824 openat(AT_FDCWD, "/home/runner/work/deckrender-acceptance/deckrender-acceptance/benchmark/artifacts/acceptance/private/sandboxes/e2baf2caf551d4582bf28b6ad1b5abd2a26e1d7061bcd60f69fc9775965ba634/.local/share/vulkan/implicit_layer.d", O_RDONLY|O_NONBLOCK|O_CLOEXEC|O_DIRECTORY) = -1 ENOENT (No such file or directory)
10824 openat(AT_FDCWD, "/usr/local/share/vulkan/implicit_layer.d", O_RDONLY|O_NONBLOCK|O_CLOEXEC|O_DIRECTORY) = -1 ENOENT (No such file or directory)
10824 openat(AT_FDCWD, "/usr/share/vulkan/implicit_layer.d", O_RDONLY|O_NONBLOCK|O_CLOEXEC|O_DIRECTORY) = -1 ENOENT (No such file or directory)
10808 openat(AT_FDCWD, "/usr/share/fonts/opentype", O_RDONLY|O_CLOEXEC) = 33
10808 openat(AT_FDCWD, "/var/cache/fontconfig/573ec803664ed168555e0e8b6d0f0c7f-le64.cache-11", O_RDWR|O_CLOEXEC) = -1 ENOENT (No such file or directory)
10808 openat(AT_FDCWD, "/home/runner/work/deckrender-acceptance/deckrender-acceptance/benchmark/artifacts/acceptance/private/sandboxes/e2baf2caf551d4582bf28b6ad1b5abd2a26e1d7061bcd60f69fc9775965ba634/.cache/fontconfig/573ec803664ed168555e0e8b6d0f0c7f-le64.cache-11", O_RDWR|O_CLOEXEC) = -1 ENOENT (No such file or directory)
10808 openat(AT_FDCWD, "/home/runner/work/deckrender-acceptance/deckrender-acceptance/benchmark/artifacts/acceptance/private/sandboxes/e2baf2caf551d4582bf28b6ad1b5abd2a26e1d7061bcd60f69fc9775965ba634/.fontconfig/573ec803664ed168555e0e8b6d0f0c7f-le64.cache-11", O_RDWR|O_CLOEXEC) = -1 ENOENT (No such file or directory)
10808 openat(AT_FDCWD, "/usr/share/fonts/opentype", O_RDONLY|O_NONBLOCK|O_CLOEXEC|O_DIRECTORY) = 33
10824 openat(AT_FDCWD, "/home/runner/work/deckrender-acceptance/deckrender-acceptance/benchmark/artifacts/acceptance/private/sandboxes/e2baf2caf551d4582bf28b6ad1b5abd2a26e1d7061bcd60f69fc9775965ba634/config/vulkan/implicit_layer.d", O_RDONLY|O_NONBLOCK|O_CLOEXEC|O_DIRECTORY) = -1 ENOENT (No such file or directory)
10824 openat(AT_FDCWD, "/etc/xdg/vulkan/implicit_layer.d", O_RDONLY|O_NONBLOCK|O_CLOEXEC|O_DIRECTORY) = -1 ENOENT (No such file or directory)
10824 openat(AT_FDCWD, "/etc/vulkan/implicit_layer.d", O_RDONLY|O_NONBLOCK|O_CLOEXEC|O_DIRECTORY) = 16
10808 openat(AT_FDCWD, "/home/runner/work/deckrender-acceptance/deckrender-acceptance/benchmark/artifacts/acceptance/private/sandboxes/e2baf2caf551d4582bf28b6ad1b5abd2a26e1d7061bcd60f69fc9775965ba634/.cache/fontconfig/573ec803664ed168555e0e8b6d0f0c7f-le64.cache-11.TMP-J1G6Vl", O_RDWR|O_CREAT|O_EXCL, 0600 <unfinished ...>
10824 openat(AT_FDCWD, "/home/runner/work/deckrender-acceptance/deckrender-acceptance/benchmark/artifacts/acceptance/private/sandboxes/e2baf2caf551d4582bf28b6ad1b5abd2a26e1d7061bcd60f69fc9775965ba634/.local/share/vulkan/implicit_layer.d", O_RDONLY|O_NONBLOCK|O_CLOEXEC|O_DIRECTORY <unfinished ...>
10808 <... openat resumed>)             = 33
10824 <... openat resumed>)             = -1 ENOENT (No such file or directory)
10824 openat(AT_FDCWD, "/usr/local/share/vulkan/implicit_layer.d", O_RDONLY|O_NONBLOCK|O_CLOEXEC|O_DIRECTORY) = -1 ENOENT (No such file or directory)
10824 openat(AT_FDCWD, "/usr/share/vulkan/implicit_layer.d", O_RDONLY|O_NONBLOCK|O_CLOEXEC|O_DIRECTORY) = -1 ENOENT (No such file or directory)
10824 openat(AT_FDCWD, "/home/runner/work/deckrender-acceptance/deckrender-acceptance/benchmark/artifacts/acceptance/private/sandboxes/e2baf2caf551d4582bf28b6ad1b5abd2a26e1d7061bcd60f69fc9775965ba634/config/vulkan/explicit_layer.d", O_RDONLY|O_NONBLOCK|O_CLOEXEC|O_DIRECTORY) = -1 ENOENT (No such file or directory)
10824 openat(AT_FDCWD, "/etc/xdg/vulkan/explicit_layer.d", O_RDONLY|O_NONBLOCK|O_CLOEXEC|O_DIRECTORY) = -1 ENOENT (No such file or directory)
10824 openat(AT_FDCWD, "/etc/vulkan/explicit_layer.d", O_RDONLY|O_NONBLOCK|O_CLOEXEC|O_DIRECTORY) = 16
10808 openat(AT_FDCWD, "/home/runner/work/deckrender-acceptance/deckrender-acceptance/benchmark/artifacts/acceptance/private/sandboxes/e2baf2caf551d4582bf28b6ad1b5abd2a26e1d7061bcd60f69fc9775965ba634/.cache/fontconfig/573ec803664ed168555e0e8b6d0f0c7f-le64.cache-11.NEW", O_RDWR|O_CREAT|O_CLOEXEC, 0666 <unfinished ...>
10824 openat(AT_FDCWD, "/home/runner/work/deckrender-acceptance/deckrender-acceptance/benchmark/artifacts/acceptance/private/sandboxes/e2baf2caf551d4582bf28b6ad1b5abd2a26e1d7061bcd60f69fc9775965ba634/.local/share/vulkan/explicit_layer.d", O_RDONLY|O_NONBLOCK|O_CLOEXEC|O_DIRECTORY <unfinished ...>
10808 <... openat resumed>)             = 33
10824 <... openat resumed>)             = -1 ENOENT (No such file or directory)
10824 openat(AT_FDCWD, "/usr/local/share/vulkan/explicit_layer.d", O_RDONLY|O_NONBLOCK|O_CLOEXEC|O_DIRECTORY) = -1 ENOENT (No such file or directory)
10824 openat(AT_FDCWD, "/usr/share/vulkan/explicit_layer.d", O_RDONLY|O_NONBLOCK|O_CLOEXEC|O_DIRECTORY) = -1 ENOENT (No such file or directory)
10824 openat(AT_FDCWD, "/opt/google/chrome/./vk_swiftshader_icd.json", O_RDONLY) = 16
10808 openat(AT_FDCWD, "/usr/share/fonts/truetype", O_RDONLY|O_CLOEXEC) = 33
10808 openat(AT_FDCWD, "/var/cache/fontconfig/7ef2298fde41cc6eeb7af42e48b7d293-le64.cache-11", O_RDONLY|O_CLOEXEC) = -1 ENOENT (No such file or directory)
10808 openat(AT_FDCWD, "/usr/share/fonts/truetype/.uuid", O_RDONLY|O_CLOEXEC) = -1 ENOENT (No such file or directory)
10808 openat(AT_FDCWD, "/home/runner/work/deckrender-acceptance/deckrender-acceptance/benchmark/artifacts/acceptance/private/sandboxes/e2baf2caf551d4582bf28b6ad1b5abd2a26e1d7061bcd60f69fc9775965ba634/.cache/fontconfig/7ef2298fde41cc6eeb7af42e48b7d293-le64.cache-11", O_RDONLY|O_CLOEXEC) = -1 ENOENT (No such file or directory)
10808 openat(AT_FDCWD, "/usr/share/fonts/truetype/.uuid", O_RDONLY|O_CLOEXEC) = -1 ENOENT (No such file or directory)
10808 openat(AT_FDCWD, "/home/runner/work/deckrender-acceptance/deckrender-acceptance/benchmark/artifacts/acceptance/private/sandboxes/e2baf2caf551d4582bf28b6ad1b5abd2a26e1d7061bcd60f69fc9775965ba634/.fontconfig/7ef2298fde41cc6eeb7af42e48b7d293-le64.cache-11", O_RDONLY|O_CLOEXEC) = -1 ENOENT (No such file or directory)
10808 openat(AT_FDCWD, "/usr/share/fonts/truetype/.uuid", O_RDONLY|O_CLOEXEC) = -1 ENOENT (No such file or directory)
10808 openat(AT_FDCWD, "/usr/share/fonts/truetype", O_RDONLY|O_CLOEXEC) = 33
10808 openat(AT_FDCWD, "/var/cache/fontconfig/7ef2298fde41cc6eeb7af42e48b7d293-le64.cache-11", O_RDWR|O_CLOEXEC) = -1 ENOENT (No such file or directory)
10808 openat(AT_FDCWD, "/home/runner/work/deckrender-acceptance/deckrender-acceptance/benchmark/artifacts/acceptance/private/sandboxes/e2baf2caf551d4582bf28b6ad1b5abd2a26e1d7061bcd60f69fc9775965ba634/.cache/fontconfig/7ef2298fde41cc6eeb7af42e48b7d293-le64.cache-11", O_RDWR|O_CLOEXEC) = -1 ENOENT (No such file or directory)
10808 openat(AT_FDCWD, "/home/runner/work/deckrender-acceptance/deckrender-acceptance/benchmark/artifacts/acceptance/private/sandboxes/e2baf2caf551d4582bf28b6ad1b5abd2a26e1d7061bcd60f69fc9775965ba634/.fontconfig/7ef2298fde41cc6eeb7af42e48b7d293-le64.cache-11", O_RDWR|O_CLOEXEC) = -1 ENOENT (No such file or directory)
10808 openat(AT_FDCWD, "/usr/share/fonts/truetype", O_RDONLY|O_NONBLOCK|O_CLOEXEC|O_DIRECTORY) = 33
10808 openat(AT_FDCWD, "/home/runner/work/deckrender-acceptance/deckrender-acceptance/benchmark/artifacts/acceptance/private/sandboxes/e2baf2caf551d4582bf28b6ad1b5abd2a26e1d7061bcd60f69fc9775965ba634/.cache/fontconfig/7ef2298fde41cc6eeb7af42e48b7d293-le64.cache-11.TMP-tHgR7V", O_RDWR|O_CREAT|O_EXCL, 0600) = 33
10824 openat(AT_FDCWD, "SwiftShader.ini", O_RDONLY) = -1 ENOENT (No such file or directory)
10824 openat(AT_FDCWD, "/sys/devices/system/cpu/online", O_RDONLY|O_CLOEXEC) = 16
10808 openat(AT_FDCWD, "/home/runner/work/deckrender-acceptance/deckrender-acceptance/benchmark/artifacts/acceptance/private/sandboxes/e2baf2caf551d4582bf28b6ad1b5abd2a26e1d7061bcd60f69fc9775965ba634/.cache/fontconfig/7ef2298fde41cc6eeb7af42e48b7d293-le64.cache-11.NEW", O_RDWR|O_CREAT|O_CLOEXEC, 0666) = 33
10808 openat(AT_FDCWD, "/usr/share/fonts/opentype/noto", O_RDONLY|O_CLOEXEC) = 33
10808 openat(AT_FDCWD, "/var/cache/fontconfig/9b89f8e3dae116d678bbf48e5f21f69b-le64.cache-11", O_RDONLY|O_CLOEXEC) = -1 ENOENT (No such file or directory)
10808 openat(AT_FDCWD, "/usr/share/fonts/opentype/noto/.uuid", O_RDONLY|O_CLOEXEC) = -1 ENOENT (No such file or directory)
10808 openat(AT_FDCWD, "/home/runner/work/deckrender-acceptance/deckrender-acceptance/benchmark/artifacts/acceptance/private/sandboxes/e2baf2caf551d4582bf28b6ad1b5abd2a26e1d7061bcd60f69fc9775965ba634/.cache/fontconfig/9b89f8e3dae116d678bbf48e5f21f69b-le64.cache-11", O_RDONLY|O_CLOEXEC) = -1 ENOENT (No such file or directory)
10808 openat(AT_FDCWD, "/usr/share/fonts/opentype/noto/.uuid", O_RDONLY|O_CLOEXEC) = -1 ENOENT (No such file or directory)
10808 openat(AT_FDCWD, "/home/runner/work/deckrender-acceptance/deckrender-acceptance/benchmark/artifacts/acceptance/private/sandboxes/e2baf2caf551d4582bf28b6ad1b5abd2a26e1d7061bcd60f69fc9775965ba634/.fontconfig/9b89f8e3dae116d678bbf48e5f21f69b-le64.cache-11", O_RDONLY|O_CLOEXEC) = -1 ENOENT (No such file or directory)
10808 openat(AT_FDCWD, "/usr/share/fonts/opentype/noto/.uuid", O_RDONLY|O_CLOEXEC) = -1 ENOENT (No such file or directory)
10808 openat(AT_FDCWD, "/usr/share/fonts/opentype/noto", O_RDONLY|O_CLOEXEC) = 33
10808 openat(AT_FDCWD, "/var/cache/fontconfig/9b89f8e3dae116d678bbf48e5f21f69b-le64.cache-11", O_RDWR|O_CLOEXEC) = -1 ENOENT (No such file or directory)
10808 openat(AT_FDCWD, "/home/runner/work/deckrender-acceptance/deckrender-acceptance/benchmark/artifacts/acceptance/private/sandboxes/e2baf2caf551d4582bf28b6ad1b5abd2a26e1d7061bcd60f69fc9775965ba634/.cache/fontconfig/9b89f8e3dae116d678bbf48e5f21f69b-le64.cache-11", O_RDWR|O_CLOEXEC) = -1 ENOENT (No such file or directory)
10808 openat(AT_FDCWD, "/home/runner/work/deckrender-acceptance/deckrender-acceptance/benchmark/artifacts/acceptance/private/sandboxes/e2baf2caf551d4582bf28b6ad1b5abd2a26e1d7061bcd60f69fc9775965ba634/.fontconfig/9b89f8e3dae116d678bbf48e5f21f69b-le64.cache-11", O_RDWR|O_CLOEXEC) = -1 ENOENT (No such file or directory)
10808 openat(AT_FDCWD, "/usr/share/fonts/opentype/noto", O_RDONLY|O_NONBLOCK|O_CLOEXEC|O_DIRECTORY) = 33
10808 openat(AT_FDCWD, "/usr/share/fonts/opentype/noto/NotoSansCJK-Bold.ttc", O_RDONLY|O_CLOEXEC) = 37
10824 openat(AT_FDCWD, "/dev/dri", O_RDONLY|O_NONBLOCK|O_CLOEXEC|O_DIRECTORY) = 16
10824 socketpair(AF_UNIX, SOCK_SEQPACKET, 0, [16, 17]) = 0
10824 sendmsg(4, {msg_name=NULL, msg_namelen=0, msg_iov=[{iov_base="\20\0\0\0 \0\0\0\10\0\0\0\1\330\243j\0\0\0\0", iov_len=20}], msg_iovlen=1, msg_control=[{cmsg_len=20, cmsg_level=SOL_SOCKET, cmsg_type=SCM_RIGHTS, cmsg_data=[17]}], msg_controllen=20, msg_flags=0}, MSG_NOSIGNAL) = 20
10802 recvmsg(8,  <unfinished ...>
10824 recvmsg(16,  <unfinished ...>
10802 <... recvmsg resumed>{msg_name=NULL, msg_namelen=0, msg_iov=[{iov_base="\20\0\0\0 \0\0\0\10\0\0\0\1\330\243j\0\0\0\0", iov_len=192}], msg_iovlen=1, msg_control=[{cmsg_len=20, cmsg_level=SOL_SOCKET, cmsg_type=SCM_RIGHTS, cmsg_data=[37]}], msg_controllen=24, msg_flags=0}, 0) = 20
10802 sendmsg(37, {msg_name=NULL, msg_namelen=0, msg_iov=[{iov_base="0\0\0\0\25\0\0\0\35\0\0\0\n\0\0\0\v\0\0\0\10\0\0\0~\0\0\0\5\0\0\0\375\0\0\0\0\0\0\0\0\0\0\0\3\0\0\0UTC\0", iov_len=52}], msg_iovlen=1, msg_controllen=0, msg_flags=0}, MSG_DONTWAIT) = 52
10824 <... recvmsg resumed>{msg_name=NULL, msg_namelen=0, msg_iov=[{iov_base="0\0\0\0\25\0\0\0\35\0\0\0\n\0\0\0\v\0\0\0\10\0\0\0~\0\0\0\5\0\0\0\375\0\0\0\0\0\0\0\0\0\0\0\3\0\0\0UTC\0", iov_len=512}], msg_iovlen=1, msg_controllen=0, msg_flags=0}, 0) = 52
10824 openat(AT_FDCWD, "/opt/hostedtoolcache/Python/3.12.14/x64/lib/libva.so.2", O_RDONLY|O_CLOEXEC) = -1 ENOENT (No such file or directory)
10824 openat(AT_FDCWD, "/etc/ld.so.cache", O_RDONLY|O_CLOEXEC) = 16
10824 openat(AT_FDCWD, "/lib/x86_64-linux-gnu/libva.so.2", O_RDONLY|O_CLOEXEC) = 16
10824 openat(AT_FDCWD, "/opt/hostedtoolcache/Python/3.12.14/x64/lib/libva-drm.so.2", O_RDONLY|O_CLOEXEC) = -1 ENOENT (No such file or directory)
10824 openat(AT_FDCWD, "/etc/ld.so.cache", O_RDONLY|O_CLOEXEC) = 16
10824 openat(AT_FDCWD, "/lib/x86_64-linux-gnu/libva-drm.so.2", O_RDONLY|O_CLOEXEC) = 16
10824 openat(AT_FDCWD, "/opt/google/chrome/libLiteRtWebGpuAccelerator.so", O_RDONLY|O_CLOEXEC) = 16
10824 openat(AT_FDCWD, "/proc/", O_RDONLY|O_CLOEXEC|O_DIRECTORY) = 16
10824 openat(AT_FDCWD, "/proc/", O_RDONLY|O_CLOEXEC|O_DIRECTORY) = 3
10824 socketpair(AF_UNIX, SOCK_SEQPACKET, 0, [3, 13]) = 0
10824 sendmsg(4, {msg_name=NULL, msg_namelen=0, msg_iov=[{iov_base="\20\0\0\0 \0\0\0\10\0\0\0\1\330\243j\0\0\0\0", iov_len=20}], msg_iovlen=1, msg_control=[{cmsg_len=20, cmsg_level=SOL_SOCKET, cmsg_type=SCM_RIGHTS, cmsg_data=[13]}], msg_controllen=20, msg_flags=0}, MSG_NOSIGNAL) = 20
10802 recvmsg(8,  <unfinished ...>
10824 recvmsg(3,  <unfinished ...>
10802 <... recvmsg resumed>{msg_name=NULL, msg_namelen=0, msg_iov=[{iov_base="\20\0\0\0 \0\0\0\10\0\0\0\1\330\243j\0\0\0\0", iov_len=192}], msg_iovlen=1, msg_control=[{cmsg_len=20, cmsg_level=SOL_SOCKET, cmsg_type=SCM_RIGHTS, cmsg_data=[37]}], msg_controllen=24, msg_flags=0}, 0) = 20
10802 sendmsg(37, {msg_name=NULL, msg_namelen=0, msg_iov=[{iov_base="0\0\0\0\25\0\0\0\35\0\0\0\n\0\0\0\v\0\0\0\10\0\0\0~\0\0\0\5\0\0\0\375\0\0\0\0\0\0\0\0\0\0\0\3\0\0\0UTC\0", iov_len=52}], msg_iovlen=1, msg_controllen=0, msg_flags=0}, MSG_DONTWAIT) = 52
10824 <... recvmsg resumed>{msg_name=NULL, msg_namelen=0, msg_iov=[{iov_base="0\0\0\0\25\0\0\0\35\0\0\0\n\0\0\0\v\0\0\0\10\0\0\0~\0\0\0\5\0\0\0\375\0\0\0\0\0\0\0\0\0\0\0\3\0\0\0UTC\0", iov_len=512}], msg_iovlen=1, msg_controllen=0, msg_flags=0}, 0) = 52
10824 sendto(14, "\20\0\0\0P\0\0\0\30Q*z\0\0\0\0\30\0\1\0\0\0\0\0\0\0\0\0\0\0\0\0\0\0\0\0\0\0\0\0\30\0\0\0\0\0\0\0\0\0\0\0\10\0\0\0000\0\0\0\0\0\0\0\20\0\0\0\1\0\0\0\0\0\0\0\0\0\0\0", 80, MSG_NOSIGNAL, NULL, 0) = 80
10824 socketpair(AF_UNIX, SOCK_STREAM, 0,  <unfinished ...>
10813 recvmsg(36,  <unfinished ...>
10824 <... socketpair resumed>[18, 19]) = 0
10813 <... recvmsg resumed>{msg_name=NULL, msg_namelen=0, msg_iov=[{iov_base="\20\0\0\0P\0\0\0\30Q*z\0\0\0\0\30\0\1\0\0\0\0\0\0\0\0\0\0\0\0\0\0\0\0\0\0\0\0\0\30\0\0\0\0\0\0\0\0\0\0\0\10\0\0\0000\0\0\0\0\0\0\0\20\0\0\0\1\0\0\0\0\0\0\0\0\0\0\0", iov_len=4096}], msg_iovlen=1, msg_controllen=0, msg_flags=0}, MSG_DONTWAIT) = 80
10813 sendto(36, "\20\0\0\0\210\1\0\0\5R*z\0\0\0\0\30\0\24\0\0\0\0\0\0\0\0\0\0\0\0\0\0\0\0\0\0\0\0\0H\0\0\0\0\0\0\0\1\0\0\0\0\0\0\0\0\0\0\0\0\0\0\0\0\0\0\0\1\0\0\0\377\377\377\377\377\377\377\377\0\0\0\0\0\0\0\0`\0\0\0\0\1\0\0\20\1\0\0\0\0\0\0\0\0\0\0\0\0\0\0\240\0\0\0\230\0\0\08\0\0\0\3\0\0\0\0\0\0\0\331\0\254A\0\0\0\0kP0^\0\0\0\0\0\0\0\0\30\0\0\0\0\0\0\0\0\0\0\0\0\0\0\0\0\0\0\0\0\0\0\0\20\0\0\0\0\0\0\0\10\0\0\0\0\0\0\0\30\0\0\0\0\0\0\0\20\0\0\0\0\0\0\0\0\0\0\0\0\0\0\0002\0\0\0*\0\0\0metrics.mojom.ChildHistogramFetc"..., 392, MSG_NOSIGNAL, NULL, 0) = 392
10813 sendto(36, "\20\0\0\0@\1\0\0dR*z\0\0\0\0\30\0\24\0\0\0\0\0\1\0\0\0\0\0\0\0\0\0\0\0\0\0\0\0H\0\0\0\0\0\0\0\f\0\0\0\0\0\0\0\0\0\0\0\0\0\0\0\0\0\0\0\1\0\0\0\377\377\377\377\377\377\377\377\0\0\0\0\0\0\0\0`\0\0\0\270\0\0\0\310\0\0\0\0\0\0\0\0\0\0\0\0\0\0\0X\0\0\0P\0\0\08\0\0\0\3\0\0\0\0\0\0\0004\304\225/\0\0\0\0dP0^\0\0\0\0\0\0\0\0\30\0\0\0\0\0\0\0\0\0\0\0\0\0\0\0\0\0\0\0\0\0\0\0\30\0\0\0\0\0\0\0\0\0\0\0\0\0\0\0\0\0\0\0\0\0\0\0\20\0\0\0\1\0\0\0\0\0\0\0\0\0\0\0h\0\0\0\1\0\0\0\0\0\0\0\0\0\0\0\r\0\0\0\0\0\0\0\0\0\0\0\0\0\0\0@\4\0\0@\0\0\0"..., 320, MSG_NOSIGNAL, NULL, 0) = 320
10813 sendto(36, "\20\0\0\0\300\0\0\0\274R*z\0\0\0\0\30\0\24\0\0\0\0\0\2\0\0\0\0\0\0\0\0\0\0\0\0\0\0\0H\0\0\0\0\0\0\0\16\0\0\0\0\0\0\0\0\0\0\0\0\0\0\0\0\0\0\0\1\0\0\0\377\377\377\377\377\377\377\377\0\0\0\0\0\0\0\0`\0\0\0\0\0\0\0\0\0\0\0\0\0\0\0\0\0\0\0\0\0\0\0P\0\0\0H\0\0\08\0\0\0\3\0\0\0\0\0\0\0\23\375\362[\1\0\0\0eP0^\1\0\0\0\0\0\0\0\30\0\0\0\0\0\0\0\0\0\0\0\0\0\0\0\0\0\0\0\0\0\0\0\20\0\0\0\0\0\0\0\1\0\0\0\0\0\0\0", 192, MSG_NOSIGNAL, NULL, 0) = 192
10813 sendto(36, "\20\0\0\0p\1\0\0+S*z\0\0\0\0\30\0\24\0\0\0\0\0\3\0\0\0\0\0\0\0\0\0\0\0\0\0\0\0H\0\0\0\0\0\0\0\1\0\0\0\0\0\0\0\1\0\0\0\0\0\0\0\0\0\0\0\1\0\0\0\377\377\377\377\377\377\377\377\0\0\0\0\0\0\0\0`\0\0\0\350\0\0\0\370\0\0\0\0\0\0\0\0\0\0\0\0\0\0\0\210\0\0\0\200\0\0\08\0\0\0\3\0\0\0\0\0\0\0\210e\226L\0\0\0\0fP0^\0\0\0\0\0\0\0\0\30\0\0\0\0\0\0\0\0\0\0\0\0\0\0\0\0\0\0\0\0\0\0\0\20\0\0\0\0\0\0\0\10\0\0\0\0\0\0\0\30\0\0\0\0\0\0\0\20\0\0\0\0\0\0\0\0\0\0\0\0\0\0\0\31\0\0\0\21\0\0\0viz.mojom.VizMain\0\0\0\0\0\0\0\20\0\0\0\1\0\0\0"..., 368, MSG_NOSIGNAL, NULL, 0) = 368
10813 sendmsg(36, {msg_name=NULL, msg_namelen=0, msg_iov=[{iov_base="\20\0\1\0\360\2\0\0qT*z\0\0\0\0\30\0\24\0\0\0\0\0\4\0\0\0\0\0\0\0\240\2\0\0\0\0\0\0H\0\0\0\0\0\0\0\20\0\0\0\0\0\0\0\0\0\0\0\0\0\0\0\0\0\0\0\1\0\0\0\377\377\377\377\377\377\377\377\0\0\0\0\0\0\0\0`\0\0\0\370\0\0\0\30\1\0\0\0\0\0\0\0\0\0\0\1\0\0\0\230\0\0\0\220\0\0\08\0\0\0\3\0\0\0\0\0\0\0\237\305~\24\0\0\0\0aP0^\0\0\0\0\0\0\0\0\30\0\0\0\0\0\0\0\0\0\0\0\0\0\0\0\0\0\0\0\0\0\0\08\0\0\0\0\0\0\0\0\0\0\0\1\0\0\0\0\0\0\0\2\0\0\0\0\0\0\0\3\0\0\0\0\0\0\0\0\0\0\0\20\0\0\0\0\0\0\0\30\0\0\0\0\0\0\0\20\0\0\0\0\0\0\0\4\0\0\0\0\0\0\0\20\0\0\0\0\0\0\0"..., iov_len=752}], msg_iovlen=1, msg_control=[{cmsg_len=20, cmsg_level=SOL_SOCKET, cmsg_type=SCM_RIGHTS, cmsg_data=[35]}], msg_controllen=20, msg_flags=0}, MSG_NOSIGNAL) = 752
10813 sendto(36, "\20\0\0\0H\1\0\0\20U*z\0\0\0\0\30\0\24\0\0\0\0\0\5\0\0\0\0\0\0\0\0\0\0\0\0\0\0\0H\0\0\0\0\0\0\0\22\0\0\0\0\0\0\0\0\0\0\0\0\0\0\0\0\0\0\0\1\0\0\0\377\377\377\377\377\377\377\377\0\0\0\0\0\0\0\0`\0\0\0\300\0\0\0\320\0\0\0\0\0\0\0\0\0\0\0\0\0\0\0`\0\0\0X\0\0\08\0\0\0\3\0\0\0\0\0\0\0'\227\221c\1\0\0\0bP0^\1\0\0\0\0\0\0\0\30\0\0\0\0\0\0\0\0\0\0\0\0\0\0\0\0\0\0\0\0\0\0\0 \0\0\0\0\0\0\0\1\0\0\0\1\0\0\0\377\377\377\377\377\377\377\377\0\0\0\0\0\0\0\0\20\0\0\0\1\0\0\0\0\0\0\0\0\0\0\0h\0\0\0\1\0\0\0\0\0\0\0\0\0\0\0\31\0\0\0\0\0\0\0\0\0\0\0\0\0\0\0"..., 328, MSG_NOSIGNAL, NULL, 0) = 328
10813 sendto(36, "\20\0\0\0\330\0\0\0`U*z\0\0\0\0\30\0\24\0\0\0\0\0\6\0\0\0\0\0\0\0\0\0\0\0\0\0\0\0H\0\0\0\0\0\0\0\22\0\0\0\0\0\0\0\1\0\0\0\0\0\0\0\0\0\0\0\1\0\0\0\377\377\377\377\377\377\377\377\0\0\0\0\0\0\0\0`\0\0\0\0\0\0\0\0\0\0\0\0\0\0\0\0\0\0\0\0\0\0\0h\0\0\0`\0\0\08\0\0\0\3\0\0\0\0\0\0\0\305Q\234s\0\0\0\0cP0^\0\0\0\0\0\0\0\0\30\0\0\0\0\0\0\0\0\0\0\0\0\0\0\0\0\0\0\0\0\0\0\0\30\0\0\0\0\0\0\0\1\0\0\0\0\0\0\0\10\0\0\0\0\0\0\0\20\0\0\0\0\0\0\0$*\0\0\0\0\0\0", 216, MSG_NOSIGNAL, NULL, 0) = 216
10813 sendto(36, "\20\0\0\0\320\1\0\0\256U*z\0\0\0\0\30\0\24\0\0\0\0\0\7\0\0\0\0\0\0\0\0\0\0\0\0\0\0\0H\0\0\0\0\0\0\0\20\0\0\0\0\0\0\0\1\0\0\0\0\0\0\0\0\0\0\0\1\0\0\0\377\377\377\377\377\377\377\377\0\0\0\0\0\0\0\0`\0\0\0\350\0\0\0\370\0\0\0\0\0\0\0\0\0\0\0\0\0\0\0\210\0\0\0\200\0\0\08\0\0\0\3\0\0\0\0\0\0\0\36\357\222p\0\0\0\0|P0^\0\0\0\0\0\0\0\0\30\0\0\0\0\0\0\0\0\0\0\0\0\0\0\0\0\0\0\0\0\0\0\0\20\0\0\0\0\0\0\0\10\0\0\0\0\0\0\0(\0\0\0\0\0\0\0\1\0\0\0\1\0\0\0\4\0\0\0\0\0\0\0\1\0\0\0\0\0\0\0\10\0\0\0\0\0\0\0\20\0\0\0\0\0\0\0\0\0\0\0\0\0\0\0\20\0\0\0\2\0\0\0"..., 464, MSG_NOSIGNAL, NULL, 0 <unfinished ...>
10836 recvmsg(14,  <unfinished ...>
10813 <... sendto resumed>)             = 464
10836 <... recvmsg resumed>{msg_name=NULL, msg_namelen=0, msg_iov=[{iov_base="\20\0\1\0\270\0\0\0Ew)z\0\0\0\0\30\0\0\0\0\0\0\0\0\0\0\0\0\0\0\0h\0\0\0\0\0\0\0@\0\0\0\0\0\0\0(\316\327\331Kc)\373\365_\366d\307\362o\256\232\34\307\300\304\342\6\23\244\5\267\201$\321\241\201\0\0\0\0\4\0\0\0\0\0\0\0\0\0\0\0X\0\0\0\0\0\0\0\20\0\0\0\1\0\0\0\0\0\0\0\0\0\0\0\20\0\0\0\1\0\0\0x\0\0\0\0\0\1\0000\0\0\0(\0\0\0\10\0\0\0\1\0\0\0 \0\0\0\0\0\2\0\2\0\0\0\0\0\0\0\223\203lT@\312rl<\32GP\372N\346\215", iov_len=4096}], msg_iovlen=1, msg_control=[{cmsg_len=20, cmsg_level=SOL_SOCKET, cmsg_type=SCM_RIGHTS, cmsg_data=[22]}], msg_controllen=24, msg_flags=0}, MSG_DONTWAIT) = 184
10813 sendto(36, "\20\0\0\0\300\0\0\0\367U*z\0\0\0\0\30\0\24\0\0\0\0\0\10\0\0\0\0\0\0\0\0\0\0\0\0\0\0\0H\0\0\0\0\0\0\0\3\0\0\0\0\0\0\0\0\0\0\0\0\0\0\0\0\0\0\0\1\0\0\0\377\377\377\377\377\377\377\377\0\0\0\0\0\0\0\0`\0\0\0\0\0\0\0\0\0\0\0\0\0\0\0\0\0\0\0\0\0\0\0P\0\0\0H\0\0\08\0\0\0\3\0\0\0\1\0\0\200p\266W*\0\0\0\0iP0^\0\0\0\0\0\0\0\0\30\0\0\0\0\0\0\0\0\0\0\0\0\0\0\0\0\0\0\0\0\0\0\0\20\0\0\0\0\0\0\0$*\0\0\0\0\0\0", 192, MSG_NOSIGNAL, NULL, 0) = 192
10836 sendmsg(14, {msg_name=NULL, msg_namelen=0, msg_iov=[{iov_base="\20\0\1\0\250\0\0\0PW*z\0\0\0\0\30\0\24\0\0\0\0\0\0\0\0\0\0\0\0\0p\0\0\0\0\0\0\0H\0\0\0\0\0\0\0\0\0\0\0\0\0\0\0\0\0\0\0\0\0\0\0\0\0\0\0\1\0\0\0\377\377\377\377\377\377\377\377\0\0\0\0\0\0\0\0\0\0\0\0`\0\0\0\0\0\0\0\0\0\0\0\0\0\0\0\1\0\0\0\20\0\0\0\1\0\0\0\1\0\0\0\0\0\0\0\20\0\0\0\1\0\0\0\200\0\0\0\0\0\1\0\30\0\0\0\20\0\0\0\10\0\0\0\0\0\0\0\1\0\0\0\0\0\0\0", iov_len=168}], msg_iovlen=1, msg_control=[{cmsg_len=20, cmsg_level=SOL_SOCKET, cmsg_type=SCM_RIGHTS, cmsg_data=[19]}], msg_controllen=20, msg_flags=0}, MSG_NOSIGNAL) = 168
10813 recvmsg(36, {msg_name=NULL, msg_namelen=0, msg_iov=[{iov_base="\20\0\1\0\250\0\0\0PW*z\0\0\0\0\30\0\24\0\0\0\0\0\0\0\0\0\0\0\0\0p\0\0\0\0\0\0\0H\0\0\0\0\0\0\0\0\0\0\0\0\0\0\0\0\0\0\0\0\0\0\0\0\0\0\0\1\0\0\0\377\377\377\377\377\377\377\377\0\0\0\0\0\0\0\0\0\0\0\0`\0\0\0\0\0\0\0\0\0\0\0\0\0\0\0\1\0\0\0\20\0\0\0\1\0\0\0\1\0\0\0\0\0\0\0\20\0\0\0\1\0\0\0\200\0\0\0\0\0\1\0\30\0\0\0\20\0\0\0\10\0\0\0\0\0\0\0\1\0\0\0\0\0\0\0", iov_len=4096}], msg_iovlen=1, msg_control=[{cmsg_len=20, cmsg_level=SOL_SOCKET, cmsg_type=SCM_RIGHTS, cmsg_data=[35]}], msg_controllen=24, msg_flags=0}, MSG_DONTWAIT) = 168
10836 sendto(14, "\20\0\0\0@\0\0\0\370W*z\0\0\0\0\30\0\26\0\0\0\0\0\1\0\0\0\0\0\0\0\0\0\0\0\0\0\0\0\30\0\0\0\0\0\0\0\0\0\0\0\0\0\0\0\1\0\0\0\0\0\0\0", 64, MSG_NOSIGNAL, NULL, 0) = 64
10836 sendto(14, "\20\0\0\0X\0\0\0\236X*z\0\0\0\0\30\0\"\0\0\0\0\0\2\0\0\0\0\0\0\0\0\0\0\0\0\0\0\0000\0\0\0\0\0\0\0\1\0\0\0\0\0\0\0\37\0\0\0\0\0\0\0\0\0\0\0\0\0\0\0\200\6\0\0@\0\0\0\0\0\0\0\0\0\0\0", 88, MSG_NOSIGNAL, NULL, 0) = 88
10836 sendto(14, "\20\0\0\0X\0\0\0\350X*z\0\0\0\0\30\0\"\0\0\0\0\0\3\0\0\0\0\0\0\0\0\0\0\0\0\0\0\0000\0\0\0\0\0\0\0\2\0\0\0\0\0\0\0 \0\0\0\0\0\0\0\0\0\0\0\0\0\0\0\300\6\0\0@\0\0\0\0\0\0\0\0\0\0\0", 88, MSG_NOSIGNAL, NULL, 0) = 88
10836 sendto(14, "\20\0\0\0X\0\0\0=Y*z\0\0\0\0\30\0\"\0\0\0\0\0\4\0\0\0\0\0\0\0\0\0\0\0\0\0\0\0000\0\0\0\0\0\0\0\3\0\0\0\0\0\0\0!\0\0\0\0\0\0\0\0\0\0\0\0\0\0\0\0\7\0\0@\0\0\0\0\0\0\0\0\0\0\0", 88, MSG_NOSIGNAL, NULL, 0) = 88
10813 recvmsg(36, {msg_name=NULL, msg_namelen=0, msg_iov=[{iov_base="\20\0\0\0@\0\0\0\370W*z\0\0\0\0\30\0\26\0\0\0\0\0\1\0\0\0\0\0\0\0\0\0\0\0\0\0\0\0\30\0\0\0\0\0\0\0\0\0\0\0\0\0\0\0\1\0\0\0\0\0\0\0\20\0\0\0X\0\0\0\236X*z\0\0\0\0\30\0\"\0\0\0\0\0\2\0\0\0\0\0\0\0\0\0\0\0\0\0\0\0000\0\0\0\0\0\0\0\1\0\0\0\0\0\0\0\37\0\0\0\0\0\0\0\0\0\0\0\0\0\0\0\200\6\0\0@\0\0\0\0\0\0\0\0\0\0\0\20\0\0\0X\0\0\0\350X*z\0\0\0\0\30\0\"\0\0\0\0\0\3\0\0\0\0\0\0\0\0\0\0\0\0\0\0\0000\0\0\0\0\0\0\0\2\0\0\0\0\0\0\0 \0\0\0\0\0\0\0\0\0\0\0\0\0\0\0\300\6\0\0@\0\0\0\0\0\0\0\0\0\0\0\20\0\0\0X\0\0\0=Y*z\0\0\0\0"..., iov_len=4096}], msg_iovlen=1, msg_controllen=0, msg_flags=0}, MSG_DONTWAIT) = 328
10813 sendto(36, "\20\0\0\0@\0\0\0\301Y*z\0\0\0\0\30\0#\0\0\0\0\0\t\0\0\0\0\0\0\0\0\0\0\0\0\0\0\0\30\0\0\0\0\0\0\0\1\0\0\0\0\0\0\0\2\0\0\0\0\0\0\0", 64, MSG_NOSIGNAL, NULL, 0 <unfinished ...>
10836 recvmsg(14,  <unfinished ...>
10813 <... sendto resumed>)             = 64
10836 <... recvmsg resumed>{msg_name=NULL, msg_namelen=0, msg_iov=[{iov_base="\20\0\0\0\210\1\0\0\5R*z\0\0\0\0\30\0\24\0\0\0\0\0\0\0\0\0\0\0\0\0\0\0\0\0\0\0\0\0H\0\0\0\0\0\0\0\1\0\0\0\0\0\0\0\0\0\0\0\0\0\0\0\0\0\0\0\1\0\0\0\377\377\377\377\377\377\377\377\0\0\0\0\0\0\0\0`\0\0\0\0\1\0\0\20\1\0\0\0\0\0\0\0\0\0\0\0\0\0\0\240\0\0\0\230\0\0\08\0\0\0\3\0\0\0\0\0\0\0\331\0\254A\0\0\0\0kP0^\0\0\0\0\0\0\0\0\30\0\0\0\0\0\0\0\0\0\0\0\0\0\0\0\0\0\0\0\0\0\0\0\20\0\0\0\0\0\0\0\10\0\0\0\0\0\0\0\30\0\0\0\0\0\0\0\20\0\0\0\0\0\0\0\0\0\0\0\0\0\0\0002\0\0\0*\0\0\0metrics.mojom.ChildHistogramFetc"..., iov_len=4096}], msg_iovlen=1, msg_control=[{cmsg_len=20, cmsg_level=SOL_SOCKET, cmsg_type=SCM_RIGHTS, cmsg_data=[19]}], msg_controllen=24, msg_flags=0}, MSG_DONTWAIT) = 2024
10813 sendto(36, "\20\0\0\0@\0\0\0\17Z*z\0\0\0\0\30\0#\0\0\0\0\0\n\0\0\0\0\0\0\0\0\0\0\0\0\0\0\0\30\0\0\0\0\0\0\0\2\0\0\0\0\0\0\0\0\0\0\0\0\0\0\0", 64, MSG_NOSIGNAL, NULL, 0) = 64
10813 sendto(36, "\20\0\0\0@\0\0\0vZ*z\0\0\0\0\30\0#\0\0\0\0\0\v\0\0\0\0\0\0\0\0\0\0\0\0\0\0\0\30\0\0\0\0\0\0\0\3\0\0\0\0\0\0\0\1\0\0\0\0\0\0\0", 64, MSG_NOSIGNAL, NULL, 0) = 64
10836 recvmsg(14, {msg_name=NULL, msg_namelen=0, msg_iov=[{iov_base="\20\0\0\0H\1\0\0\20U*z\0\0\0\0\30\0\24\0\0\0\0\0\5\0\0\0\0\0\0\0\0\0\0\0\0\0\0\0H\0\0\0\0\0\0\0\22\0\0\0\0\0\0\0\0\0\0\0\0\0\0\0\0\0\0\0\1\0\0\0\377\377\377\377\377\377\377\377\0\0\0\0\0\0\0\0`\0\0\0\300\0\0\0\320\0\0\0\0\0\0\0\0\0\0\0\0\0\0\0`\0\0\0X\0\0\08\0\0\0\3\0\0\0\0\0\0\0'\227\221c\1\0\0\0bP0^\1\0\0\0\0\0\0\0\30\0\0\0\0\0\0\0\0\0\0\0\0\0\0\0\0\0\0\0\0\0\0\0 \0\0\0\0\0\0\0\1\0\0\0\1\0\0\0\377\377\377\377\377\377\377\377\0\0\0\0\0\0\0\0\20\0\0\0\1\0\0\0\0\0\0\0\0\0\0\0h\0\0\0\1\0\0\0\0\0\0\0\0\0\0\0\31\0\0\0\0\0\0\0\0\0\0\0\0\0\0\0"..., iov_len=4096}], msg_iovlen=1, msg_controllen=0, msg_flags=0}, MSG_DONTWAIT) = 1392
10836 sendto(14, "\20\0\0\08\0\0\0,[*z\0\0\0\0\30\0$\0\0\0\0\0\5\0\0\0\0\0\0\0\0\0\0\0\0\0\0\0\20\0\0\0\0\0\0\0\37\0\0\0\0\0\0\0", 56, MSG_NOSIGNAL, NULL, 0) = 56
10836 sendto(14, "\20\0\0\08\0\0\0\177[*z\0\0\0\0\30\0$\0\0\0\0\0\6\0\0\0\0\0\0\0\0\0\0\0\0\0\0\0\20\0\0\0\0\0\0\0 \0\0\0\0\0\0\0", 56, MSG_NOSIGNAL, NULL, 0 <unfinished ...>
10813 recvmsg(36,  <unfinished ...>
10836 <... sendto resumed>)             = 56
10813 <... recvmsg resumed>{msg_name=NULL, msg_namelen=0, msg_iov=[{iov_base="\20\0\0\08\0\0\0,[*z\0\0\0\0\30\0$\0\0\0\0\0\5\0\0\0\0\0\0\0\0\0\0\0\0\0\0\0\20\0\0\0\0\0\0\0\37\0\0\0\0\0\0\0\20\0\0\08\0\0\0\177[*z\0\0\0\0\30\0$\0\0\0\0\0\6\0\0\0\0\0\0\0\0\0\0\0\0\0\0\0\20\0\0\0\0\0\0\0 \0\0\0\0\0\0\0", iov_len=4096}], msg_iovlen=1, msg_controllen=0, msg_flags=0}, MSG_DONTWAIT) = 112
10836 sendto(14, "\20\0\0\08\0\0\0\275[*z\0\0\0\0\30\0$\0\0\0\0\0\7\0\0\0\0\0\0\0\0\0\0\0\0\0\0\0\20\0\0\0\0\0\0\0!\0\0\0\0\0\0\0", 56, MSG_NOSIGNAL, NULL, 0 <unfinished ...>
10813 sendto(36, "\20\0\0\0X\0\0\0\327[*z\0\0\0\0\30\0\"\0\0\0\0\0\f\0\0\0\0\0\0\0\0\0\0\0\0\0\0\0000\0\0\0\0\0\0\0\37\0\0\0\0\0\0\0\"\0\0\0\0\0\0\0\0\0\0\0\0\0\0\0@\7\0\0@\0\0\0\2\0\0\0\0\0\0\0", 88, MSG_NOSIGNAL, NULL, 0 <unfinished ...>
10836 <... sendto resumed>)             = 56
10813 <... sendto resumed>)             = 88
10813 sendto(36, "\20\0\0\0X\0\0\0#\\*z\0\0\0\0\30\0\"\0\0\0\0\0\r\0\0\0\0\0\0\0\0\0\0\0\0\0\0\0000\0\0\0\0\0\0\0 \0\0\0\0\0\0\0#\0\0\0\0\0\0\0\0\0\0\0\0\0\0\0\200\7\0\0@\0\0\0\0\0\0\0\0\0\0\0", 88, MSG_NOSIGNAL, NULL, 0 <unfinished ...>
10836 recvmsg(14,  <unfinished ...>
10813 <... sendto resumed>)             = 88
10836 <... recvmsg resumed>{msg_name=NULL, msg_namelen=0, msg_iov=[{iov_base="\20\0\0\0X\0\0\0\327[*z\0\0\0\0\30\0\"\0\0\0\0\0\f\0\0\0\0\0\0\0\0\0\0\0\0\0\0\0000\0\0\0\0\0\0\0\37\0\0\0\0\0\0\0\"\0\0\0\0\0\0\0\0\0\0\0\0\0\0\0@\7\0\0@\0\0\0\2\0\0\0\0\0\0\0\20\0\0\0X\0\0\0#\\*z\0\0\0\0\30\0\"\0\0\0\0\0\r\0\0\0\0\0\0\0\0\0\0\0\0\0\0\0000\0\0\0\0\0\0\0 \0\0\0\0\0\0\0#\0\0\0\0\0\0\0\0\0\0\0\0\0\0\0\200\7\0\0@\0\0\0\0\0\0\0\0\0\0\0", iov_len=4096}], msg_iovlen=1, msg_controllen=0, msg_flags=0}, MSG_DONTWAIT) = 176
10836 sendto(14, "\20\0\0\0@\0\0\0\222\\*z\0\0\0\0\30\0#\0\0\0\0\0\10\0\0\0\0\0\0\0\0\0\0\0\0\0\0\0\30\0\0\0\0\0\0\0\37\0\0\0\0\0\0\0\0\0\0\0\0\0\0\0", 64, MSG_NOSIGNAL, NULL, 0) = 64
10813 recvmsg(36,  <unfinished ...>
10836 sendto(14, "\20\0\0\0@\0\0\0\324\\*z\0\0\0\0\30\0#\0\0\0\0\0\t\0\0\0\0\0\0\0\0\0\0\0\0\0\0\0\30\0\0\0\0\0\0\0 \0\0\0\0\0\0\0\0\0\0\0\0\0\0\0", 64, MSG_NOSIGNAL, NULL, 0 <unfinished ...>
10813 <... recvmsg resumed>{msg_name=NULL, msg_namelen=0, msg_iov=[{iov_base="\20\0\0\08\0\0\0\275[*z\0\0\0\0\30\0$\0\0\0\0\0\7\0\0\0\0\0\0\0\0\0\0\0\0\0\0\0\20\0\0\0\0\0\0\0!\0\0\0\0\0\0\0\20\0\0\0@\0\0\0\222\\*z\0\0\0\0\30\0#\0\0\0\0\0\10\0\0\0\0\0\0\0\0\0\0\0\0\0\0\0\30\0\0\0\0\0\0\0\37\0\0\0\0\0\0\0\0\0\0\0\0\0\0\0", iov_len=4096}], msg_iovlen=1, msg_controllen=0, msg_flags=0}, MSG_DONTWAIT) = 120
10836 <... sendto resumed>)             = 64
10813 sendto(36, "\20\0\0\0X\0\0\0\21]*z\0\0\0\0\30\0\"\0\0\0\0\0\16\0\0\0\0\0\0\0\0\0\0\0\0\0\0\0000\0\0\0\0\0\0\0!\0\0\0\0\0\0\0$\0\0\0\0\0\0\0\0\0\0\0\0\0\0\0\300\7\0\0@\0\0\0\1\0\0\0\0\0\0\0", 88, MSG_NOSIGNAL, NULL, 0) = 88
10836 recvmsg(14, {msg_name=NULL, msg_namelen=0, msg_iov=[{iov_base="\20\0\0\0X\0\0\0\21]*z\0\0\0\0\30\0\"\0\0\0\0\0\16\0\0\0\0\0\0\0\0\0\0\0\0\0\0\0000\0\0\0\0\0\0\0!\0\0\0\0\0\0\0$\0\0\0\0\0\0\0\0\0\0\0\0\0\0\0\300\7\0\0@\0\0\0\1\0\0\0\0\0\0\0", iov_len=4096}], msg_iovlen=1, msg_controllen=0, msg_flags=0}, MSG_DONTWAIT) = 88
10836 sendto(14, "\20\0\0\0@\0\0\0\212]*z\0\0\0\0\30\0#\0\0\0\0\0\n\0\0\0\0\0\0\0\0\0\0\0\0\0\0\0\30\0\0\0\0\0\0\0!\0\0\0\0\0\0\0\0\0\0\0\0\0\0\0", 64, MSG_NOSIGNAL, NULL, 0 <unfinished ...>
10813 recvmsg(36,  <unfinished ...>
10836 <... sendto resumed>)             = 64
10813 <... recvmsg resumed>{msg_name=NULL, msg_namelen=0, msg_iov=[{iov_base="\20\0\0\0@\0\0\0\324\\*z\0\0\0\0\30\0#\0\0\0\0\0\t\0\0\0\0\0\0\0\0\0\0\0\0\0\0\0\30\0\0\0\0\0\0\0 \0\0\0\0\0\0\0\0\0\0\0\0\0\0\0\20\0\0\0@\0\0\0\212]*z\0\0\0\0\30\0#\0\0\0\0\0\n\0\0\0\0\0\0\0\0\0\0\0\0\0\0\0\30\0\0\0\0\0\0\0!\0\0\0\0\0\0\0\0\0\0\0\0\0\0\0", iov_len=4096}], msg_iovlen=1, msg_controllen=0, msg_flags=0}, MSG_DONTWAIT) = 128
10836 sendto(14, "\20\0\0\0p\0\0\0\24^*z\0\0\0\0\30\0\24\0\0\0\0\0\v\0\0\0\0\0\0\0\0\0\0\0\0\0\0\0H\0\0\0\0\0\0\0$\0\0\0\0\0\0\0\0\0\0\0\0\0\0\0\0\0\0\0\1\0\0\0\0\0\0\0\0\0\0\0\0x\1\0\0\1\0\0\0\0\0\0\0\0\0\0\0\0\0\0\0\0\0\0\0\0\0\0\0\0\0\0", 112, MSG_NOSIGNAL, NULL, 0) = 112
10813 recvmsg(36, {msg_name=NULL, msg_namelen=0, msg_iov=[{iov_base="\20\0\0\0p\0\0\0\24^*z\0\0\0\0\30\0\24\0\0\0\0\0\v\0\0\0\0\0\0\0\0\0\0\0\0\0\0\0H\0\0\0\0\0\0\0$\0\0\0\0\0\0\0\0\0\0\0\0\0\0\0\0\0\0\0\1\0\0\0\0\0\0\0\0\0\0\0\0x\1\0\0\1\0\0\0\0\0\0\0\0\0\0\0\0\0\0\0\0\0\0\0\0\0\0\0\0\0\0", iov_len=4096}], msg_iovlen=1, msg_controllen=0, msg_flags=0}, MSG_DONTWAIT) = 112
10836 sendto(14, "\20\0\0\0\350\0\0\0\346^*z\0\0\0\0\30\0\24\0\0\0\0\0\f\0\0\0\0\0\0\0\0\0\0\0\0\0\0\0H\0\0\0\0\0\0\0#\0\0\0\0\0\0\0\0\0\0\0\0\0\0\0\0\0\0\0\1\0\0\0\0\0\0\0\0\0\0\0\0y\1\0\0\1\0\0\0\0\0\0`\0\0\0p\0\0\0\0\0\0\0\0\0\0\0\0\0\0\0\20\0\0\0\1\0\0\0\0\0\0\0\0\0\0\0h\0\0\0\1\0\0\0\1\0\0\0\0\0\0\0%\0\0\0\0\0\0\0\377\377\377\377\377\377\377\377\0\0\0\0\0\0\0\0\0\0\0\0\0\0\0\0\0\0\0\0\0\0\0\0\0\0\0\0\0\0\0\0\0\0\0\0\0\0\0\0\1\0\0\0\0\0\0\0\0\0\0\0\0\0\0\0\0\0\0\0\0\0\0\0\0\0\0\0\0\0\0\0", 232, MSG_NOSIGNAL, NULL, 0) = 232
10813 recvmsg(36, {msg_name=NULL, msg_namelen=0, msg_iov=[{iov_base="\20\0\0\0\350\0\0\0\346^*z\0\0\0\0\30\0\24\0\0\0\0\0\f\0\0\0\0\0\0\0\0\0\0\0\0\0\0\0H\0\0\0\0\0\0\0#\0\0\0\0\0\0\0\0\0\0\0\0\0\0\0\0\0\0\0\1\0\0\0\0\0\0\0\0\0\0\0\0y\1\0\0\1\0\0\0\0\0\0`\0\0\0p\0\0\0\0\0\0\0\0\0\0\0\0\0\0\0\20\0\0\0\1\0\0\0\0\0\0\0\0\0\0\0h\0\0\0\1\0\0\0\1\0\0\0\0\0\0\0%\0\0\0\0\0\0\0\377\377\377\377\377\377\377\377\0\0\0\0\0\0\0\0\0\0\0\0\0\0\0\0\0\0\0\0\0\0\0\0\0\0\0\0\0\0\0\0\0\0\0\0\0\0\0\0\1\0\0\0\0\0\0\0\0\0\0\0\0\0\0\0\0\0\0\0\0\0\0\0\0\0\0\0\0\0\0\0", iov_len=4096}], msg_iovlen=1, msg_controllen=0, msg_flags=0}, MSG_DONTWAIT) = 232
10836 sendto(14, "\20\0\0\0@\1\0\0a_*z\0\0\0\0\30\0\24\0\0\0\0\0\r\0\0\0\0\0\0\0\0\0\0\0\0\0\0\0H\0\0\0\0\0\0\0%\0\0\0\0\0\0\0\0\0\0\0\0\0\0\0\0\0\0\0\1\0\0\0\377\377\377\377\377\377\377\377\0\0\0\0\0\0\0\0`\0\0\0\270\0\0\0\310\0\0\0\0\0\0\0\0\0\0\0\0\0\0\0X\0\0\0P\0\0\08\0\0\0\3\0\0\0\0\0\0\0006\221\314\r\0\0\0\0\334\2626_\0\0\0\0\0\0\0\0\30\0\0\0\0\0\0\0\0\0\0\0\0\0\0\0\0\0\0\0\0\0\0\0\30\0\0\0\0\0\0\0\0\0\0\0\377\377\377\377\0\0\0\0\0\0\0\0\20\0\0\0\1\0\0\0\0\0\0\0\0\0\0\0h\0\0\0\1\0\0\0\0\0\0\0\0\0\0\0&\0\0\0\0\0\0\0\0\0\0\0\0\0\0\0\0\7\0\0@\0\0\0"..., 320, MSG_NOSIGNAL, NULL, 0) = 320
10813 recvmsg(36, {msg_name=NULL, msg_namelen=0, msg_iov=[{iov_base="\20\0\0\0@\1\0\0a_*z\0\0\0\0\30\0\24\0\0\0\0\0\r\0\0\0\0\0\0\0\0\0\0\0\0\0\0\0H\0\0\0\0\0\0\0%\0\0\0\0\0\0\0\0\0\0\0\0\0\0\0\0\0\0\0\1\0\0\0\377\377\377\377\377\377\377\377\0\0\0\0\0\0\0\0`\0\0\0\270\0\0\0\310\0\0\0\0\0\0\0\0\0\0\0\0\0\0\0X\0\0\0P\0\0\08\0\0\0\3\0\0\0\0\0\0\0006\221\314\r\0\0\0\0\334\2626_\0\0\0\0\0\0\0\0\30\0\0\0\0\0\0\0\0\0\0\0\0\0\0\0\0\0\0\0\0\0\0\0\30\0\0\0\0\0\0\0\0\0\0\0\377\377\377\377\0\0\0\0\0\0\0\0\20\0\0\0\1\0\0\0\0\0\0\0\0\0\0\0h\0\0\0\1\0\0\0\0\0\0\0\0\0\0\0&\0\0\0\0\0\0\0\0\0\0\0\0\0\0\0\0\7\0\0@\0\0\0"..., iov_len=4096}], msg_iovlen=1, msg_controllen=0, msg_flags=0}, MSG_DONTWAIT) = 320
10836 sendto(14, "\20\0\0\0\330\2\0\0\303_*z\0\0\0\0\30\0\24\0\0\0\0\0\16\0\0\0\0\0\0\0\0\0\0\0\0\0\0\0H\0\0\0\0\0\0\0#\0\0\0\0\0\0\0\1\0\0\0\0\0\0\0\0\0\0\0\1\0\0\0\0\0\0\0\0\0\0\0\0\224\1\0\0\4\0\0\0\0\0\0`\0\0\0\200\0\0\0\0\0\0\0\0\0\0\0\0\0\0\0 \0\0\0\6\0\0\0\0\0\0\0\0\0\0\0\0\0\0\0\0\0\0\0\0\0\0\0\0\0\0\0H\2\0\0\6\0\0\0\1\0\0\0\0\0\0\0(\0\0\0\0\0\0\0\377\377\377\377\377\377\377\377\0\0\0\0\0\0\0\0\0\0\0\0\0\0\0\0\0\0\0\0\0\0\0\0\0\0\0\0\0\0\0\0\0\0\0\0\0\0\0\0\1\0\0\0\0\0\0\0\0\0\0\0\0\0\0\0\0\0\0\0\0\0\0\0\0\0\0\0\0\0\0\0\1\0\0\0\0\0\0\0"..., 728, MSG_NOSIGNAL, NULL, 0) = 728
10836 sendto(14, "\20\0\0\0\240\1\0\0\377_*z\0\0\0\0\30\0\24\0\0\0\0\0\17\0\0\0\0\0\0\0\0\0\0\0\0\0\0\0H\0\0\0\0\0\0\0(\0\0\0\0\0\0\0\0\0\0\0\0\0\0\0\0\0\0\0\1\0\0\0\377\377\377\377\377\377\377\377\0\0\0\0\0\0\0\0`\0\0\0\270\0\0\0\310\0\0\0\0\0\0\0\0\0\0\0\0\0\0\0X\0\0\0P\0\0\08\0\0\0\3\0\0\0\0\0\0\0\0061\33\22\0\0\0\0\330\2626_\0\0\0\0\0\0\0\0\30\0\0\0\0\0\0\0\0\0\0\0\0\0\0\0\0\0\0\0\0\0\0\0\30\0\0\0\0\0\0\0\0\0\0\0\1\0\0\0\0\0\0\0\0\0\0\0\20\0\0\0\2\0\0\0\0\0\0\0\0\0\0\0\310\0\0\0\2\0\0\0\0\0\0\0\0\0\0\0002\0\0\0\0\0\0\0\377\377\377\377\377\377\377\377\0\0\0\0\0\0\0\0"..., 416, MSG_NOSIGNAL, NULL, 0 <unfinished ...>
10813 recvmsg(36,  <unfinished ...>
10836 <... sendto resumed>)             = 416
10813 <... recvmsg resumed>{msg_name=NULL, msg_namelen=0, msg_iov=[{iov_base="\20\0\0\0\330\2\0\0\303_*z\0\0\0\0\30\0\24\0\0\0\0\0\16\0\0\0\0\0\0\0\0\0\0\0\0\0\0\0H\0\0\0\0\0\0\0#\0\0\0\0\0\0\0\1\0\0\0\0\0\0\0\0\0\0\0\1\0\0\0\0\0\0\0\0\0\0\0\0\224\1\0\0\4\0\0\0\0\0\0`\0\0\0\200\0\0\0\0\0\0\0\0\0\0\0\0\0\0\0 \0\0\0\6\0\0\0\0\0\0\0\0\0\0\0\0\0\0\0\0\0\0\0\0\0\0\0\0\0\0\0H\2\0\0\6\0\0\0\1\0\0\0\0\0\0\0(\0\0\0\0\0\0\0\377\377\377\377\377\377\377\377\0\0\0\0\0\0\0\0\0\0\0\0\0\0\0\0\0\0\0\0\0\0\0\0\0\0\0\0\0\0\0\0\0\0\0\0\0\0\0\0\1\0\0\0\0\0\0\0\0\0\0\0\0\0\0\0\0\0\0\0\0\0\0\0\0\0\0\0\0\0\0\0\1\0\0\0\0\0\0\0"..., iov_len=4096}], msg_iovlen=1, msg_controllen=0, msg_flags=0}, MSG_DONTWAIT) = 1144
10836 sendto(14, "\20\0\0\08\1\0\0007`*z\0\0\0\0\30\0\24\0\0\0\0\0\20\0\0\0\0\0\0\0\0\0\0\0\0\0\0\0H\0\0\0\0\0\0\0)\0\0\0\0\0\0\0\0\0\0\0\0\0\0\0\0\0\0\0\1\0\0\0\377\377\377\377\377\377\377\377\0\0\0\0\0\0\0\0`\0\0\0\260\0\0\0\300\0\0\0\0\0\0\0\0\0\0\0\0\0\0\0P\0\0\0H\0\0\08\0\0\0\3\0\0\0\0\0\0\0\357Q\235I\0\0\0\0\337\2626_\0\0\0\0\0\0\0\0\30\0\0\0\0\0\0\0\0\0\0\0\0\0\0\0\0\0\0\0\0\0\0\0\20\0\0\0\0\0\0\0\0\0\0\0\0\0\0\0\20\0\0\0\1\0\0\0\0\0\0\0\0\0\0\0h\0\0\0\1\0\0\0\0\0\0\0\0\0\0\0005\0\0\0\0\0\0\0\0\0\0\0\0\0\0\0\300\10\0\0@\0\0\0006\0\0\0\0\0\0\0"..., 312, MSG_NOSIGNAL, NULL, 0) = 312
10836 sendto(14, "\20\0\0\0\270\0\0\0m`*z\0\0\0\0\30\0\24\0\0\0\0\0\21\0\0\0\0\0\0\0\0\0\0\0\0\0\0\0H\0\0\0\0\0\0\0+\0\0\0\0\0\0\0\0\0\0\0\0\0\0\0\0\0\0\0\1\0\0\0\377\377\377\377\377\377\377\377\0\0\0\0\0\0\0\0`\0\0\0\0\0\0\0\0\0\0\0\0\0\0\0\0\0\0\0\0\0\0\0H\0\0\0@\0\0\08\0\0\0\3\0\0\0\0\0\0\0005\1lu\1\0\0\0\331\2626_\1\0\0\0\0\0\0\0\30\0\0\0\0\0\0\0\0\0\0\0\0\0\0\0\0\0\0\0\0\0\0\0\10\0\0\0\0\0\0\0", 184, MSG_NOSIGNAL, NULL, 0 <unfinished ...>
10813 recvmsg(36,  <unfinished ...>
10836 <... sendto resumed>)             = 184
10813 <... recvmsg resumed>{msg_name=NULL, msg_namelen=0, msg_iov=[{iov_base="\20\0\0\08\1\0\0007`*z\0\0\0\0\30\0\24\0\0\0\0\0\20\0\0\0\0\0\0\0\0\0\0\0\0\0\0\0H\0\0\0\0\0\0\0)\0\0\0\0\0\0\0\0\0\0\0\0\0\0\0\0\0\0\0\1\0\0\0\377\377\377\377\377\377\377\377\0\0\0\0\0\0\0\0`\0\0\0\260\0\0\0\300\0\0\0\0\0\0\0\0\0\0\0\0\0\0\0P\0\0\0H\0\0\08\0\0\0\3\0\0\0\0\0\0\0\357Q\235I\0\0\0\0\337\2626_\0\0\0\0\0\0\0\0\30\0\0\0\0\0\0\0\0\0\0\0\0\0\0\0\0\0\0\0\0\0\0\0\20\0\0\0\0\0\0\0\0\0\0\0\0\0\0\0\20\0\0\0\1\0\0\0\0\0\0\0\0\0\0\0h\0\0\0\1\0\0\0\0\0\0\0\0\0\0\0005\0\0\0\0\0\0\0\0\0\0\0\0\0\0\0\300\10\0\0@\0\0\0006\0\0\0\0\0\0\0"..., iov_len=4096}], msg_iovlen=1, msg_controllen=0, msg_flags=0}, MSG_DONTWAIT) = 496
10836 sendto(14, "\20\0\0\08\1\0\0\244`*z\0\0\0\0\30\0\24\0\0\0\0\0\22\0\0\0\0\0\0\0\0\0\0\0\0\0\0\0H\0\0\0\0\0\0\0-\0\0\0\0\0\0\0\0\0\0\0\0\0\0\0\0\0\0\0\1\0\0\0\377\377\377\377\377\377\377\377\0\0\0\0\0\0\0\0`\0\0\0\260\0\0\0\300\0\0\0\0\0\0\0\0\0\0\0\0\0\0\0P\0\0\0H\0\0\08\0\0\0\3\0\0\0\0\0\0\0\7B\332\35\0\0\0\0\332\2626_\0\0\0\0\0\0\0\0\30\0\0\0\0\0\0\0\0\0\0\0\0\0\0\0\0\0\0\0\0\0\0\0\20\0\0\0\0\0\0\0\0\0\0\0\0\0\0\0\20\0\0\0\1\0\0\0\0\0\0\0\0\0\0\0h\0\0\0\1\0\0\0\0\0\0\0\0\0\0\0007\0\0\0\0\0\0\0\0\0\0\0\0\0\0\0\0\t\0\0@\0\0\08\0\0\0\0\0\0\0"..., 312, MSG_NOSIGNAL, NULL, 0) = 312
10836 sendto(14, "\20\0\0\0X\1\0\0\341`*z\0\0\0\0\30\0\24\0\0\0\0\0\23\0\0\0\0\0\0\0\0\0\0\0\0\0\0\0H\0\0\0\0\0\0\0001\0\0\0\0\0\0\0\0\0\0\0\0\0\0\0\0\0\0\0\1\0\0\0\377\377\377\377\377\377\377\377\0\0\0\0\0\0\0\0`\0\0\0\0\0\0\0\0\0\0\0\0\0\0\0\0\0\0\0\0\0\0\0\350\0\0\0\340\0\0\08\0\0\0\3\0\0\0\0\0\0\0\310\24\252/\0\0\0\0\336\2626_\0\0\0\0\0\0\0\0\30\0\0\0\0\0\0\0\0\0\0\0\0\0\0\0\0\0\0\0\0\0\0\0\20\0\0\0\0\0\0\0\10\0\0\0\0\0\0\08\0\0\0\6\0\0\0000\0\0\0\0\0\0\08\0\0\0\0\0\0\0@\0\0\0\0\0\0\0H\0\0\0\0\0\0\0P\0\0\0\0\0\0\0X\0\0\0\0\0\0\0\20\0\0\0\0\0\0\0"..., 344, MSG_NOSIGNAL, NULL, 0 <unfinished ...>
10813 recvmsg(36,  <unfinished ...>
10836 <... sendto resumed>)             = 344
10813 <... recvmsg resumed>{msg_name=NULL, msg_namelen=0, msg_iov=[{iov_base="\20\0\0\08\1\0\0\244`*z\0\0\0\0\30\0\24\0\0\0\0\0\22\0\0\0\0\0\0\0\0\0\0\0\0\0\0\0H\0\0\0\0\0\0\0-\0\0\0\0\0\0\0\0\0\0\0\0\0\0\0\0\0\0\0\1\0\0\0\377\377\377\377\377\377\377\377\0\0\0\0\0\0\0\0`\0\0\0\260\0\0\0\300\0\0\0\0\0\0\0\0\0\0\0\0\0\0\0P\0\0\0H\0\0\08\0\0\0\3\0\0\0\0\0\0\0\7B\332\35\0\0\0\0\332\2626_\0\0\0\0\0\0\0\0\30\0\0\0\0\0\0\0\0\0\0\0\0\0\0\0\0\0\0\0\0\0\0\0\20\0\0\0\0\0\0\0\0\0\0\0\0\0\0\0\20\0\0\0\1\0\0\0\0\0\0\0\0\0\0\0h\0\0\0\1\0\0\0\0\0\0\0\0\0\0\0007\0\0\0\0\0\0\0\0\0\0\0\0\0\0\0\0\t\0\0@\0\0\08\0\0\0\0\0\0\0"..., iov_len=4096}], msg_iovlen=1, msg_controllen=0, msg_flags=0}, MSG_DONTWAIT) = 656
10836 sendto(14, "\20\0\0\0p\0\0\0\355e*z\0\0\0\0\30\0\24\0\0\0\0\0\24\0\0\0\0\0\0\0\0\0\0\0\0\0\0\0H\0\0\0\0\0\0\0\25\0\0\0\0\0\0\0\0\0\0\0\0\0\0\0\0\0\0\0\1\0\0\0\0\0\0\0\0\0\0\0\0z\1\0\0\1\0\0\0\0\0\0\0\0\0\0\0\0\0\0\0\0\0\0\0\0\0\0\0\0\0\0", 112, MSG_NOSIGNAL, NULL, 0) = 112
10836 sendto(14, "\20\0\0\0p\0\0\0Of*z\0\0\0\0\30\0\24\0\0\0\0\0\25\0\0\0\0\0\0\0\0\0\0\0\0\0\0\0H\0\0\0\0\0\0\0\25\0\0\0\0\0\0\0\1\0\0\0\0\0\0\0\0\0\0\0\1\0\0\0\0\0\0\0\0\0\0\0\0\202\1\0\0\2\0\0\0\0\0\0\0\0\0\0\0\0\0\0\0\0\0\0\0\0\0\0\0\0\0\0", 112, MSG_NOSIGNAL, NULL, 0 <unfinished ...>
10813 recvmsg(36,  <unfinished ...>
10836 <... sendto resumed>)             = 112
10813 <... recvmsg resumed>{msg_name=NULL, msg_namelen=0, msg_iov=[{iov_base="\20\0\0\0p\0\0\0\355e*z\0\0\0\0\30\0\24\0\0\0\0\0\24\0\0\0\0\0\0\0\0\0\0\0\0\0\0\0H\0\0\0\0\0\0\0\25\0\0\0\0\0\0\0\0\0\0\0\0\0\0\0\0\0\0\0\1\0\0\0\0\0\0\0\0\0\0\0\0z\1\0\0\1\0\0\0\0\0\0\0\0\0\0\0\0\0\0\0\0\0\0\0\0\0\0\0\0\0\0\20\0\0\0p\0\0\0Of*z\0\0\0\0\30\0\24\0\0\0\0\0\25\0\0\0\0\0\0\0\0\0\0\0\0\0\0\0H\0\0\0\0\0\0\0\25\0\0\0\0\0\0\0\1\0\0\0\0\0\0\0\0\0\0\0\1\0\0\0\0\0\0\0\0\0\0\0\0\202\1\0\0\2\0\0\0\0\0\0\0\0\0\0\0\0\0\0\0\0\0\0\0\0\0\0\0\0\0\0", iov_len=4096}], msg_iovlen=1, msg_controllen=0, msg_flags=0}, MSG_DONTWAIT) = 224
10808 openat(AT_FDCWD, "/usr/share/fonts/opentype/noto/NotoSansCJK-Regular.ttc", O_RDONLY|O_CLOEXEC <unfinished ...>
10824 sendto(14, "\20\0\0\0P\264\0\0Pg*z\0\0\0\0\30\0\24\0\0\0\0\0\26\0\0\0\0\0\0\0\0\0\0\0\0\0\0\0H\0\0\0\0\0\0\0\23\0\0\0\0\0\0\0\0\0\0\0\0\0\0\0\0\0\0\0\1\0\0\0\377\377\377\377\377\377\377\377\0\0\0\0\0\0\0\0`\0\0\0\0\0\0\0\0\0\0\0\0\0\0\0\0\0\0\0\0\0\0\0\340\263\0\0\330\263\0\08\0\0\0\3\0\0\0\0\0\0\0003qc_\0\0\0\0\321\2626_\0\0\0\0\0\0\0\0\30\0\0\0\0\0\0\0\0\0\0\0\0\0\0\0\0\0\0\0\0\0\0\0000\0\0\0\0\0\0\0(\0\0\0\0\0\0\0\360\30\0\0\0\0\0\0\0\0\0\0\0\0\0\0\0\0\0\0\0\0\0\0x\31\0\0\0\0\0\0\310\0\0\0\0\0\0\0\300\0\0\0\0\0\0\0\220\0\0\0\1\0\0\0\300\0\0\0\0\0\0\0"..., 46160, MSG_NOSIGNAL, NULL, 0 <unfinished ...>
10808 <... openat resumed>)             = 37
10824 <... sendto resumed>)             = 46160
10813 recvmsg(36, {msg_name=NULL, msg_namelen=0, msg_iov=[{iov_base="\20\0\0\0P\264\0\0Pg*z\0\0\0\0\30\0\24\0\0\0\0\0\26\0\0\0\0\0\0\0\0\0\0\0\0\0\0\0H\0\0\0\0\0\0\0\23\0\0\0\0\0\0\0\0\0\0\0\0\0\0\0\0\0\0\0\1\0\0\0\377\377\377\377\377\377\377\377\0\0\0\0\0\0\0\0`\0\0\0\0\0\0\0\0\0\0\0\0\0\0\0\0\0\0\0\0\0\0\0\340\263\0\0\330\263\0\08\0\0\0\3\0\0\0\0\0\0\0003qc_\0\0\0\0\321\2626_\0\0\0\0\0\0\0\0\30\0\0\0\0\0\0\0\0\0\0\0\0\0\0\0\0\0\0\0\0\0\0\0000\0\0\0\0\0\0\0(\0\0\0\0\0\0\0\360\30\0\0\0\0\0\0\0\0\0\0\0\0\0\0\0\0\0\0\0\0\0\0x\31\0\0\0\0\0\0\310\0\0\0\0\0\0\0\300\0\0\0\0\0\0\0\220\0\0\0\1\0\0\0\300\0\0\0\0\0\0\0"..., iov_len=4096}], msg_iovlen=1, msg_controllen=0, msg_flags=0}, MSG_DONTWAIT) = 4096
10813 recvmsg(36, {msg_name=NULL, msg_namelen=0, msg_iov=[{iov_base="tc_ldr GL_NV_fence GL_NV_framebuffer_blit GL_NV_pack_subimage GL_NV_pixel_buffer_object GL_NV_polygon_mode GL_NV_read_depth GL_NV_read_depth_stencil GL_NV_read_stencil GL_NV_shader_noperspective_interpolation GL_OES_EGL_image GL_OES_EGL_image_external GL_O"..., iov_len=42064}], msg_iovlen=1, msg_controllen=0, msg_flags=0}, MSG_DONTWAIT) = 42064
10824 openat(AT_FDCWD, "/tmp/.com.google.Chrome.2H7OAj", O_RDWR|O_CREAT|O_EXCL, 0600) = 22
10824 openat(AT_FDCWD, "/tmp/.com.google.Chrome.2H7OAj", O_RDONLY <unfinished ...>
10836 sendto(14, "\20\0\0\0p\0\0\0Bl*z\0\0\0\0\30\0\24\0\0\0\0\0\27\0\0\0\0\0\0\0\0\0\0\0\0\0\0\0H\0\0\0\0\0\0\0\r\0\0\0\0\0\0\0\0\0\0\0\0\0\0\0\0\0\0\0\1\0\0\0\0\0\0\0\0\0\0\0\0{\1\0\0\1\0\0\0\0\0\0\0\0\0\0\0\0\0\0\0\0\0\0\0\0\0\0\0\0\0\0", 112, MSG_NOSIGNAL, NULL, 0 <unfinished ...>
10824 <... openat resumed>)             = 23
10836 <... sendto resumed>)             = 112
10813 recvmsg(36, {msg_name=NULL, msg_namelen=0, msg_iov=[{iov_base="\20\0\0\0p\0\0\0Bl*z\0\0\0\0\30\0\24\0\0\0\0\0\27\0\0\0\0\0\0\0\0\0\0\0\0\0\0\0H\0\0\0\0\0\0\0\r\0\0\0\0\0\0\0\0\0\0\0\0\0\0\0\0\0\0\0\1\0\0\0\0\0\0\0\0\0\0\0\0{\1\0\0\1\0\0\0\0\0\0\0\0\0\0\0\0\0\0\0\0\0\0\0\0\0\0\0\0\0\0", iov_len=4096}], msg_iovlen=1, msg_controllen=0, msg_flags=0}, MSG_DONTWAIT) = 112
10836 sendto(14, "\20\0\0\0p\0\0\0\360s*z\0\0\0\0\30\0\24\0\0\0\0\0\30\0\0\0\0\0\0\0\0\0\0\0\0\0\0\0H\0\0\0\0\0\0\0\31\0\0\0\0\0\0\0\0\0\0\0\0\0\0\0\0\0\0\0\1\0\0\0\0\0\0\0\0\0\0\0\0|\1\0\0\1\0\0\0\0\0\0\0\0\0\0\0\0\0\0\0\0\0\0\0\0\0\0\0\0\0\0", 112, MSG_NOSIGNAL, NULL, 0) = 112
10813 recvmsg(36, {msg_name=NULL, msg_namelen=0, msg_iov=[{iov_base="\20\0\0\0p\0\0\0\360s*z\0\0\0\0\30\0\24\0\0\0\0\0\30\0\0\0\0\0\0\0\0\0\0\0\0\0\0\0H\0\0\0\0\0\0\0\31\0\0\0\0\0\0\0\0\0\0\0\0\0\0\0\0\0\0\0\1\0\0\0\0\0\0\0\0\0\0\0\0|\1\0\0\1\0\0\0\0\0\0\0\0\0\0\0\0\0\0\0\0\0\0\0\0\0\0\0\0\0\0", iov_len=4096}], msg_iovlen=1, msg_controllen=0, msg_flags=0}, MSG_DONTWAIT) = 112
10824 sendto(14, "\20\0\0\0p\0\0\0\tt*z\0\0\0\0\30\0\24\0\0\0\0\0\31\0\0\0\0\0\0\0\0\0\0\0\0\0\0\0H\0\0\0\0\0\0\0,\0\0\0\0\0\0\0\1\0\0\0\0\0\0\0\0\0\0\0\1\0\0\0\0\0\0\0\0\0\0\0\0\204\1\0\0\2\0\0\0\0\0\0\0\0\0\0\0\0\0\0\0\0\0\0\0\0\0\0\0\0\0\0", 112, MSG_NOSIGNAL, NULL, 0) = 112
10813 recvmsg(36, {msg_name=NULL, msg_namelen=0, msg_iov=[{iov_base="\20\0\0\0p\0\0\0\tt*z\0\0\0\0\30\0\24\0\0\0\0\0\31\0\0\0\0\0\0\0\0\0\0\0\0\0\0\0H\0\0\0\0\0\0\0,\0\0\0\0\0\0\0\1\0\0\0\0\0\0\0\0\0\0\0\1\0\0\0\0\0\0\0\0\0\0\0\0\204\1\0\0\2\0\0\0\0\0\0\0\0\0\0\0\0\0\0\0\0\0\0\0\0\0\0\0\0\0\0", iov_len=4096}], msg_iovlen=1, msg_controllen=0, msg_flags=0}, MSG_DONTWAIT) = 112
10836 sendto(14, "\20\0\0\0X\32\0\0\345t*z\0\0\0\0\30\0\24\0\0\0\0\0\32\0\0\0\0\0\0\0\0\0\0\0\0\0\0\0H\0\0\0\0\0\0\0\21\0\0\0\0\0\0\0\0\0\0\0\0\0\0\0\0\0\0\0\1\0\0\0\377\377\377\377\377\377\377\377\0\0\0\0\0\0\0\0`\0\0\0\0\0\0\0\0\0\0\0\0\0\0\0\0\0\0\0\0\0\0\0\350\31\0\0\340\31\0\08\0\0\0\3\0\0\0\0\0\0\0'\227\221c\2\0\0\0bP0^\1\0\0\0\0\0\0\0\30\0\0\0\0\0\0\0\0\0\0\0\0\0\0\0\0\0\0\0\0\0\0\0(\0\0\0\0\0\0\0\1\0\0\0\0\0\0\0\30\0\0\0\0\0\0\0\340\30\0\0\0\0\0\0x\31\0\0\0\0\0\0\310\0\0\0\0\0\0\0\300\0\0\0\0\0\0\0\220\0\0\0\1\0\0\0\300\0\0\0\0\0\0\0\240\1\0\0\0\0\0\0"..., 6744, MSG_NOSIGNAL, NULL, 0) = 6744
10813 recvmsg(36, {msg_name=NULL, msg_namelen=0, msg_iov=[{iov_base="\20\0\0\0X\32\0\0\345t*z\0\0\0\0\30\0\24\0\0\0\0\0\32\0\0\0\0\0\0\0\0\0\0\0\0\0\0\0H\0\0\0\0\0\0\0\21\0\0\0\0\0\0\0\0\0\0\0\0\0\0\0\0\0\0\0\1\0\0\0\377\377\377\377\377\377\377\377\0\0\0\0\0\0\0\0`\0\0\0\0\0\0\0\0\0\0\0\0\0\0\0\0\0\0\0\0\0\0\0\350\31\0\0\340\31\0\08\0\0\0\3\0\0\0\0\0\0\0'\227\221c\2\0\0\0bP0^\1\0\0\0\0\0\0\0\30\0\0\0\0\0\0\0\0\0\0\0\0\0\0\0\0\0\0\0\0\0\0\0(\0\0\0\0\0\0\0\1\0\0\0\0\0\0\0\30\0\0\0\0\0\0\0\340\30\0\0\0\0\0\0x\31\0\0\0\0\0\0\310\0\0\0\0\0\0\0\300\0\0\0\0\0\0\0\220\0\0\0\1\0\0\0\300\0\0\0\0\0\0\0\240\1\0\0\0\0\0\0"..., iov_len=4096}], msg_iovlen=1, msg_controllen=0, msg_flags=0}, MSG_DONTWAIT) = 4096
10813 recvmsg(36, {msg_name=NULL, msg_namelen=0, msg_iov=[{iov_base="L_NV_fence GL_NV_framebuffer_blit GL_NV_pack_subimage GL_NV_pixel_buffer_object GL_NV_polygon_mode GL_NV_read_depth GL_NV_read_depth_stencil GL_NV_read_stencil GL_NV_shader_noperspective_interpolation GL_OES_EGL_image GL_OES_EGL_image_external GL_OES_EGL_i"..., iov_len=2648}], msg_iovlen=1, msg_controllen=0, msg_flags=0}, MSG_DONTWAIT) = 2648
10808 openat(AT_FDCWD, "/usr/share/fonts/opentype/noto/NotoSerifCJK-Bold.ttc", O_RDONLY|O_CLOEXEC) = 37
10808 openat(AT_FDCWD, "/usr/share/fonts/opentype/noto/NotoSerifCJK-Regular.ttc", O_RDONLY|O_CLOEXEC) = 37
10808 openat(AT_FDCWD, "/home/runner/work/deckrender-acceptance/deckrender-acceptance/benchmark/artifacts/acceptance/private/sandboxes/e2baf2caf551d4582bf28b6ad1b5abd2a26e1d7061bcd60f69fc9775965ba634/.cache/fontconfig/9b89f8e3dae116d678bbf48e5f21f69b-le64.cache-11.TMP-CWcH0A", O_RDWR|O_CREAT|O_EXCL, 0600) = 33
10808 openat(AT_FDCWD, "/home/runner/work/deckrender-acceptance/deckrender-acceptance/benchmark/artifacts/acceptance/private/sandboxes/e2baf2caf551d4582bf28b6ad1b5abd2a26e1d7061bcd60f69fc9775965ba634/.cache/fontconfig/9b89f8e3dae116d678bbf48e5f21f69b-le64.cache-11.NEW", O_RDWR|O_CREAT|O_CLOEXEC, 0666) = 33
10808 openat(AT_FDCWD, "/usr/share/fonts/truetype/dejavu", O_RDONLY|O_CLOEXEC) = 33
10808 openat(AT_FDCWD, "/var/cache/fontconfig/d589a48862398ed80a3d6066f4f56f4c-le64.cache-11", O_RDONLY|O_CLOEXEC) = -1 ENOENT (No such file or directory)
10808 openat(AT_FDCWD, "/usr/share/fonts/truetype/dejavu/.uuid", O_RDONLY|O_CLOEXEC) = -1 ENOENT (No such file or directory)
10808 openat(AT_FDCWD, "/home/runner/work/deckrender-acceptance/deckrender-acceptance/benchmark/artifacts/acceptance/private/sandboxes/e2baf2caf551d4582bf28b6ad1b5abd2a26e1d7061bcd60f69fc9775965ba634/.cache/fontconfig/d589a48862398ed80a3d6066f4f56f4c-le64.cache-11", O_RDONLY|O_CLOEXEC) = -1 ENOENT (No such file or directory)
10808 openat(AT_FDCWD, "/usr/share/fonts/truetype/dejavu/.uuid", O_RDONLY|O_CLOEXEC) = -1 ENOENT (No such file or directory)
10808 openat(AT_FDCWD, "/home/runner/work/deckrender-acceptance/deckrender-acceptance/benchmark/artifacts/acceptance/private/sandboxes/e2baf2caf551d4582bf28b6ad1b5abd2a26e1d7061bcd60f69fc9775965ba634/.fontconfig/d589a48862398ed80a3d6066f4f56f4c-le64.cache-11", O_RDONLY|O_CLOEXEC) = -1 ENOENT (No such file or directory)
10808 openat(AT_FDCWD, "/usr/share/fonts/truetype/dejavu/.uuid", O_RDONLY|O_CLOEXEC) = -1 ENOENT (No such file or directory)
10808 openat(AT_FDCWD, "/usr/share/fonts/truetype/dejavu", O_RDONLY|O_CLOEXEC) = 33
10808 openat(AT_FDCWD, "/var/cache/fontconfig/d589a48862398ed80a3d6066f4f56f4c-le64.cache-11", O_RDWR|O_CLOEXEC) = -1 ENOENT (No such file or directory)
10808 openat(AT_FDCWD, "/home/runner/work/deckrender-acceptance/deckrender-acceptance/benchmark/artifacts/acceptance/private/sandboxes/e2baf2caf551d4582bf28b6ad1b5abd2a26e1d7061bcd60f69fc9775965ba634/.cache/fontconfig/d589a48862398ed80a3d6066f4f56f4c-le64.cache-11", O_RDWR|O_CLOEXEC) = -1 ENOENT (No such file or directory)
10808 openat(AT_FDCWD, "/home/runner/work/deckrender-acceptance/deckrender-acceptance/benchmark/artifacts/acceptance/private/sandboxes/e2baf2caf551d4582bf28b6ad1b5abd2a26e1d7061bcd60f69fc9775965ba634/.fontconfig/d589a48862398ed80a3d6066f4f56f4c-le64.cache-11", O_RDWR|O_CLOEXEC) = -1 ENOENT (No such file or directory)
10808 openat(AT_FDCWD, "/usr/share/fonts/truetype/dejavu", O_RDONLY|O_NONBLOCK|O_CLOEXEC|O_DIRECTORY) = 33
10808 openat(AT_FDCWD, "/usr/share/fonts/truetype/dejavu/DejaVuMathTeXGyre.ttf", O_RDONLY|O_CLOEXEC) = 37
10808 openat(AT_FDCWD, "/usr/share/fonts/truetype/dejavu/DejaVuSans-Bold.ttf", O_RDONLY|O_CLOEXEC) = 37
10808 openat(AT_FDCWD, "/usr/share/fonts/truetype/dejavu/DejaVuSans-BoldOblique.ttf", O_RDONLY|O_CLOEXEC) = 37
10808 openat(AT_FDCWD, "/usr/share/fonts/truetype/dejavu/DejaVuSans-ExtraLight.ttf", O_RDONLY|O_CLOEXEC) = 37
10808 openat(AT_FDCWD, "/usr/share/fonts/truetype/dejavu/DejaVuSans-Oblique.ttf", O_RDONLY|O_CLOEXEC) = 37
10808 openat(AT_FDCWD, "/usr/share/fonts/truetype/dejavu/DejaVuSans.ttf", O_RDONLY|O_CLOEXEC) = 37
10808 openat(AT_FDCWD, "/usr/share/fonts/truetype/dejavu/DejaVuSansCondensed-Bold.ttf", O_RDONLY|O_CLOEXEC) = 37
10808 openat(AT_FDCWD, "/usr/share/fonts/truetype/dejavu/DejaVuSansCondensed-BoldOblique.ttf", O_RDONLY|O_CLOEXEC) = 37
10808 openat(AT_FDCWD, "/usr/share/fonts/truetype/dejavu/DejaVuSansCondensed-Oblique.ttf", O_RDONLY|O_CLOEXEC) = 37
10808 openat(AT_FDCWD, "/usr/share/fonts/truetype/dejavu/DejaVuSansCondensed.ttf", O_RDONLY|O_CLOEXEC) = 37
10808 openat(AT_FDCWD, "/usr/share/fonts/truetype/dejavu/DejaVuSansMono-Bold.ttf", O_RDONLY|O_CLOEXEC) = 37
10808 openat(AT_FDCWD, "/usr/share/fonts/truetype/dejavu/DejaVuSansMono-BoldOblique.ttf", O_RDONLY|O_CLOEXEC) = 37
10808 openat(AT_FDCWD, "/usr/share/fonts/truetype/dejavu/DejaVuSansMono-Oblique.ttf", O_RDONLY|O_CLOEXEC) = 37
10808 openat(AT_FDCWD, "/usr/share/fonts/truetype/dejavu/DejaVuSansMono.ttf", O_RDONLY|O_CLOEXEC) = 37
10808 openat(AT_FDCWD, "/usr/share/fonts/truetype/dejavu/DejaVuSerif-Bold.ttf", O_RDONLY|O_CLOEXEC) = 37
10808 openat(AT_FDCWD, "/usr/share/fonts/truetype/dejavu/DejaVuSerif-BoldItalic.ttf", O_RDONLY|O_CLOEXEC) = 37
10808 openat(AT_FDCWD, "/usr/share/fonts/truetype/dejavu/DejaVuSerif-Italic.ttf", O_RDONLY|O_CLOEXEC) = 37
10808 openat(AT_FDCWD, "/usr/share/fonts/truetype/dejavu/DejaVuSerif.ttf", O_RDONLY|O_CLOEXEC) = 37
10808 openat(AT_FDCWD, "/usr/share/fonts/truetype/dejavu/DejaVuSerifCondensed-Bold.ttf", O_RDONLY|O_CLOEXEC) = 37
10808 openat(AT_FDCWD, "/usr/share/fonts/truetype/dejavu/DejaVuSerifCondensed-BoldItalic.ttf", O_RDONLY|O_CLOEXEC) = 37
10808 openat(AT_FDCWD, "/usr/share/fonts/truetype/dejavu/DejaVuSerifCondensed-Italic.ttf", O_RDONLY|O_CLOEXEC) = 37
10808 openat(AT_FDCWD, "/usr/share/fonts/truetype/dejavu/DejaVuSerifCondensed.ttf", O_RDONLY|O_CLOEXEC) = 37
10808 openat(AT_FDCWD, "/home/runner/work/deckrender-acceptance/deckrender-acceptance/benchmark/artifacts/acceptance/private/sandboxes/e2baf2caf551d4582bf28b6ad1b5abd2a26e1d7061bcd60f69fc9775965ba634/.cache/fontconfig/d589a48862398ed80a3d6066f4f56f4c-le64.cache-11.TMP-MBNzJH", O_RDWR|O_CREAT|O_EXCL, 0600) = 33
10808 openat(AT_FDCWD, "/home/runner/work/deckrender-acceptance/deckrender-acceptance/benchmark/artifacts/acceptance/private/sandboxes/e2baf2caf551d4582bf28b6ad1b5abd2a26e1d7061bcd60f69fc9775965ba634/.cache/fontconfig/d589a48862398ed80a3d6066f4f56f4c-le64.cache-11.NEW", O_RDWR|O_CREAT|O_CLOEXEC, 0666) = 33
10808 openat(AT_FDCWD, "/usr/share/fonts/truetype/lato", O_RDONLY|O_CLOEXEC) = 33
10808 openat(AT_FDCWD, "/var/cache/fontconfig/bf3b770c553c462765856025a94f1ce6-le64.cache-11", O_RDONLY|O_CLOEXEC) = -1 ENOENT (No such file or directory)
10808 openat(AT_FDCWD, "/usr/share/fonts/truetype/lato/.uuid", O_RDONLY|O_CLOEXEC) = -1 ENOENT (No such file or directory)
10808 openat(AT_FDCWD, "/home/runner/work/deckrender-acceptance/deckrender-acceptance/benchmark/artifacts/acceptance/private/sandboxes/e2baf2caf551d4582bf28b6ad1b5abd2a26e1d7061bcd60f69fc9775965ba634/.cache/fontconfig/bf3b770c553c462765856025a94f1ce6-le64.cache-11", O_RDONLY|O_CLOEXEC) = -1 ENOENT (No such file or directory)
10808 openat(AT_FDCWD, "/usr/share/fonts/truetype/lato/.uuid", O_RDONLY|O_CLOEXEC) = -1 ENOENT (No such file or directory)
10808 openat(AT_FDCWD, "/home/runner/work/deckrender-acceptance/deckrender-acceptance/benchmark/artifacts/acceptance/private/sandboxes/e2baf2caf551d4582bf28b6ad1b5abd2a26e1d7061bcd60f69fc9775965ba634/.fontconfig/bf3b770c553c462765856025a94f1ce6-le64.cache-11", O_RDONLY|O_CLOEXEC) = -1 ENOENT (No such file or directory)
10808 openat(AT_FDCWD, "/usr/share/fonts/truetype/lato/.uuid", O_RDONLY|O_CLOEXEC) = -1 ENOENT (No such file or directory)
10808 openat(AT_FDCWD, "/usr/share/fonts/truetype/lato", O_RDONLY|O_CLOEXEC) = 33
10808 openat(AT_FDCWD, "/var/cache/fontconfig/bf3b770c553c462765856025a94f1ce6-le64.cache-11", O_RDWR|O_CLOEXEC) = -1 ENOENT (No such file or directory)
10808 openat(AT_FDCWD, "/home/runner/work/deckrender-acceptance/deckrender-acceptance/benchmark/artifacts/acceptance/private/sandboxes/e2baf2caf551d4582bf28b6ad1b5abd2a26e1d7061bcd60f69fc9775965ba634/.cache/fontconfig/bf3b770c553c462765856025a94f1ce6-le64.cache-11", O_RDWR|O_CLOEXEC) = -1 ENOENT (No such file or directory)
10808 openat(AT_FDCWD, "/home/runner/work/deckrender-acceptance/deckrender-acceptance/benchmark/artifacts/acceptance/private/sandboxes/e2baf2caf551d4582bf28b6ad1b5abd2a26e1d7061bcd60f69fc9775965ba634/.fontconfig/bf3b770c553c462765856025a94f1ce6-le64.cache-11", O_RDWR|O_CLOEXEC) = -1 ENOENT (No such file or directory)
10808 openat(AT_FDCWD, "/usr/share/fonts/truetype/lato", O_RDONLY|O_NONBLOCK|O_CLOEXEC|O_DIRECTORY) = 33
10808 openat(AT_FDCWD, "/usr/share/fonts/truetype/lato/Lato-Black.ttf", O_RDONLY|O_CLOEXEC) = 37
10808 openat(AT_FDCWD, "/usr/share/fonts/truetype/lato/Lato-BlackItalic.ttf", O_RDONLY|O_CLOEXEC) = 37
10808 openat(AT_FDCWD, "/usr/share/fonts/truetype/lato/Lato-Bold.ttf", O_RDONLY|O_CLOEXEC) = 37
10808 openat(AT_FDCWD, "/usr/share/fonts/truetype/lato/Lato-BoldItalic.ttf", O_RDONLY|O_CLOEXEC) = 37
10808 openat(AT_FDCWD, "/usr/share/fonts/truetype/lato/Lato-Hairline.ttf", O_RDONLY|O_CLOEXEC) = 37
10808 openat(AT_FDCWD, "/usr/share/fonts/truetype/lato/Lato-HairlineItalic.ttf", O_RDONLY|O_CLOEXEC) = 37
10808 openat(AT_FDCWD, "/usr/share/fonts/truetype/lato/Lato-Heavy.ttf", O_RDONLY|O_CLOEXEC) = 37
10808 openat(AT_FDCWD, "/usr/share/fonts/truetype/lato/Lato-HeavyItalic.ttf", O_RDONLY|O_CLOEXEC) = 37
10808 openat(AT_FDCWD, "/usr/share/fonts/truetype/lato/Lato-Italic.ttf", O_RDONLY|O_CLOEXEC) = 37
10808 openat(AT_FDCWD, "/usr/share/fonts/truetype/lato/Lato-Light.ttf", O_RDONLY|O_CLOEXEC) = 37
10808 openat(AT_FDCWD, "/usr/share/fonts/truetype/lato/Lato-LightItalic.ttf", O_RDONLY|O_CLOEXEC) = 37
10808 openat(AT_FDCWD, "/usr/share/fonts/truetype/lato/Lato-Medium.ttf", O_RDONLY|O_CLOEXEC) = 37
10808 openat(AT_FDCWD, "/usr/share/fonts/truetype/lato/Lato-MediumItalic.ttf", O_RDONLY|O_CLOEXEC) = 37
10808 openat(AT_FDCWD, "/usr/share/fonts/truetype/lato/Lato-Regular.ttf", O_RDONLY|O_CLOEXEC) = 37
10808 openat(AT_FDCWD, "/usr/share/fonts/truetype/lato/Lato-Semibold.ttf", O_RDONLY|O_CLOEXEC) = 37
10808 openat(AT_FDCWD, "/usr/share/fonts/truetype/lato/Lato-SemiboldItalic.ttf", O_RDONLY|O_CLOEXEC) = 37
10808 openat(AT_FDCWD, "/usr/share/fonts/truetype/lato/Lato-Thin.ttf", O_RDONLY|O_CLOEXEC) = 37
10808 openat(AT_FDCWD, "/usr/share/fonts/truetype/lato/Lato-ThinItalic.ttf", O_RDONLY|O_CLOEXEC) = 37
10808 openat(AT_FDCWD, "/home/runner/work/deckrender-acceptance/deckrender-acceptance/benchmark/artifacts/acceptance/private/sandboxes/e2baf2caf551d4582bf28b6ad1b5abd2a26e1d7061bcd60f69fc9775965ba634/.cache/fontconfig/bf3b770c553c462765856025a94f1ce6-le64.cache-11.TMP-lnNIZ5", O_RDWR|O_CREAT|O_EXCL, 0600) = 33
10808 openat(AT_FDCWD, "/home/runner/work/deckrender-acceptance/deckrender-acceptance/benchmark/artifacts/acceptance/private/sandboxes/e2baf2caf551d4582bf28b6ad1b5abd2a26e1d7061bcd60f69fc9775965ba634/.cache/fontconfig/bf3b770c553c462765856025a94f1ce6-le64.cache-11.NEW", O_RDWR|O_CREAT|O_CLOEXEC, 0666) = 33
10808 openat(AT_FDCWD, "/usr/share/fonts/truetype/liberation", O_RDONLY|O_CLOEXEC) = 33
10808 openat(AT_FDCWD, "/var/cache/fontconfig/3047814df9a2f067bd2d96a2b9c36e5a-le64.cache-11", O_RDONLY|O_CLOEXEC) = -1 ENOENT (No such file or directory)
10808 openat(AT_FDCWD, "/usr/share/fonts/truetype/liberation/.uuid", O_RDONLY|O_CLOEXEC) = -1 ENOENT (No such file or directory)
10808 openat(AT_FDCWD, "/home/runner/work/deckrender-acceptance/deckrender-acceptance/benchmark/artifacts/acceptance/private/sandboxes/e2baf2caf551d4582bf28b6ad1b5abd2a26e1d7061bcd60f69fc9775965ba634/.cache/fontconfig/3047814df9a2f067bd2d96a2b9c36e5a-le64.cache-11", O_RDONLY|O_CLOEXEC) = -1 ENOENT (No such file or directory)
10808 openat(AT_FDCWD, "/usr/share/fonts/truetype/liberation/.uuid", O_RDONLY|O_CLOEXEC) = -1 ENOENT (No such file or directory)
10808 openat(AT_FDCWD, "/home/runner/work/deckrender-acceptance/deckrender-acceptance/benchmark/artifacts/acceptance/private/sandboxes/e2baf2caf551d4582bf28b6ad1b5abd2a26e1d7061bcd60f69fc9775965ba634/.fontconfig/3047814df9a2f067bd2d96a2b9c36e5a-le64.cache-11", O_RDONLY|O_CLOEXEC) = -1 ENOENT (No such file or directory)
10808 openat(AT_FDCWD, "/usr/share/fonts/truetype/liberation/.uuid", O_RDONLY|O_CLOEXEC) = -1 ENOENT (No such file or directory)
10808 openat(AT_FDCWD, "/usr/share/fonts/truetype/liberation", O_RDONLY|O_CLOEXEC) = 33
10808 openat(AT_FDCWD, "/var/cache/fontconfig/3047814df9a2f067bd2d96a2b9c36e5a-le64.cache-11", O_RDWR|O_CLOEXEC) = -1 ENOENT (No such file or directory)
10808 openat(AT_FDCWD, "/home/runner/work/deckrender-acceptance/deckrender-acceptance/benchmark/artifacts/acceptance/private/sandboxes/e2baf2caf551d4582bf28b6ad1b5abd2a26e1d7061bcd60f69fc9775965ba634/.cache/fontconfig/3047814df9a2f067bd2d96a2b9c36e5a-le64.cache-11", O_RDWR|O_CLOEXEC) = -1 ENOENT (No such file or directory)
10808 openat(AT_FDCWD, "/home/runner/work/deckrender-acceptance/deckrender-acceptance/benchmark/artifacts/acceptance/private/sandboxes/e2baf2caf551d4582bf28b6ad1b5abd2a26e1d7061bcd60f69fc9775965ba634/.fontconfig/3047814df9a2f067bd2d96a2b9c36e5a-le64.cache-11", O_RDWR|O_CLOEXEC) = -1 ENOENT (No such file or directory)
10808 openat(AT_FDCWD, "/usr/share/fonts/truetype/liberation", O_RDONLY|O_NONBLOCK|O_CLOEXEC|O_DIRECTORY) = 33
10808 openat(AT_FDCWD, "/usr/share/fonts/truetype/liberation/LiberationMono-Bold.ttf", O_RDONLY|O_CLOEXEC) = 37
10808 openat(AT_FDCWD, "/usr/share/fonts/truetype/liberation/LiberationMono-BoldItalic.ttf", O_RDONLY|O_CLOEXEC) = 37
10808 openat(AT_FDCWD, "/usr/share/fonts/truetype/liberation/LiberationMono-Italic.ttf", O_RDONLY|O_CLOEXEC) = 37
10808 openat(AT_FDCWD, "/usr/share/fonts/truetype/liberation/LiberationMono-Regular.ttf", O_RDONLY|O_CLOEXEC) = 37
10808 openat(AT_FDCWD, "/usr/share/fonts/truetype/liberation/LiberationSans-Bold.ttf", O_RDONLY|O_CLOEXEC) = 37
10808 openat(AT_FDCWD, "/usr/share/fonts/truetype/liberation/LiberationSans-BoldItalic.ttf", O_RDONLY|O_CLOEXEC) = 37
10808 openat(AT_FDCWD, "/usr/share/fonts/truetype/liberation/LiberationSans-Italic.ttf", O_RDONLY|O_CLOEXEC) = 37
10808 openat(AT_FDCWD, "/usr/share/fonts/truetype/liberation/LiberationSans-Regular.ttf", O_RDONLY|O_CLOEXEC) = 37
10808 openat(AT_FDCWD, "/usr/share/fonts/truetype/liberation/LiberationSerif-Bold.ttf", O_RDONLY|O_CLOEXEC) = 37
10808 openat(AT_FDCWD, "/usr/share/fonts/truetype/liberation/LiberationSerif-BoldItalic.ttf", O_RDONLY|O_CLOEXEC) = 37
10808 openat(AT_FDCWD, "/usr/share/fonts/truetype/liberation/LiberationSerif-Italic.ttf", O_RDONLY|O_CLOEXEC) = 37
10808 openat(AT_FDCWD, "/usr/share/fonts/truetype/liberation/LiberationSerif-Regular.ttf", O_RDONLY|O_CLOEXEC) = 37
10808 openat(AT_FDCWD, "/home/runner/work/deckrender-acceptance/deckrender-acceptance/benchmark/artifacts/acceptance/private/sandboxes/e2baf2caf551d4582bf28b6ad1b5abd2a26e1d7061bcd60f69fc9775965ba634/.cache/fontconfig/3047814df9a2f067bd2d96a2b9c36e5a-le64.cache-11.TMP-zQlrhT", O_RDWR|O_CREAT|O_EXCL, 0600) = 33
10808 openat(AT_FDCWD, "/home/runner/work/deckrender-acceptance/deckrender-acceptance/benchmark/artifacts/acceptance/private/sandboxes/e2baf2caf551d4582bf28b6ad1b5abd2a26e1d7061bcd60f69fc9775965ba634/.cache/fontconfig/3047814df9a2f067bd2d96a2b9c36e5a-le64.cache-11.NEW", O_RDWR|O_CREAT|O_CLOEXEC, 0666) = 33
10808 openat(AT_FDCWD, "/usr/share/fonts/truetype/noto", O_RDONLY|O_CLOEXEC) = 33
10808 openat(AT_FDCWD, "/var/cache/fontconfig/0bd3dc0958fa2205aaaa8ebb13e2872b-le64.cache-11", O_RDONLY|O_CLOEXEC) = -1 ENOENT (No such file or directory)
10808 openat(AT_FDCWD, "/usr/share/fonts/truetype/noto/.uuid", O_RDONLY|O_CLOEXEC) = -1 ENOENT (No such file or directory)
10808 openat(AT_FDCWD, "/home/runner/work/deckrender-acceptance/deckrender-acceptance/benchmark/artifacts/acceptance/private/sandboxes/e2baf2caf551d4582bf28b6ad1b5abd2a26e1d7061bcd60f69fc9775965ba634/.cache/fontconfig/0bd3dc0958fa2205aaaa8ebb13e2872b-le64.cache-11", O_RDONLY|O_CLOEXEC) = -1 ENOENT (No such file or directory)
10808 openat(AT_FDCWD, "/usr/share/fonts/truetype/noto/.uuid", O_RDONLY|O_CLOEXEC) = -1 ENOENT (No such file or directory)
10808 openat(AT_FDCWD, "/home/runner/work/deckrender-acceptance/deckrender-acceptance/benchmark/artifacts/acceptance/private/sandboxes/e2baf2caf551d4582bf28b6ad1b5abd2a26e1d7061bcd60f69fc9775965ba634/.fontconfig/0bd3dc0958fa2205aaaa8ebb13e2872b-le64.cache-11", O_RDONLY|O_CLOEXEC) = -1 ENOENT (No such file or directory)
10808 openat(AT_FDCWD, "/usr/share/fonts/truetype/noto/.uuid", O_RDONLY|O_CLOEXEC) = -1 ENOENT (No such file or directory)
10808 openat(AT_FDCWD, "/usr/share/fonts/truetype/noto", O_RDONLY|O_CLOEXEC) = 33
10808 openat(AT_FDCWD, "/var/cache/fontconfig/0bd3dc0958fa2205aaaa8ebb13e2872b-le64.cache-11", O_RDWR|O_CLOEXEC) = -1 ENOENT (No such file or directory)
10808 openat(AT_FDCWD, "/home/runner/work/deckrender-acceptance/deckrender-acceptance/benchmark/artifacts/acceptance/private/sandboxes/e2baf2caf551d4582bf28b6ad1b5abd2a26e1d7061bcd60f69fc9775965ba634/.cache/fontconfig/0bd3dc0958fa2205aaaa8ebb13e2872b-le64.cache-11", O_RDWR|O_CLOEXEC) = -1 ENOENT (No such file or directory)
10808 openat(AT_FDCWD, "/home/runner/work/deckrender-acceptance/deckrender-acceptance/benchmark/artifacts/acceptance/private/sandboxes/e2baf2caf551d4582bf28b6ad1b5abd2a26e1d7061bcd60f69fc9775965ba634/.fontconfig/0bd3dc0958fa2205aaaa8ebb13e2872b-le64.cache-11", O_RDWR|O_CLOEXEC) = -1 ENOENT (No such file or directory)
10808 openat(AT_FDCWD, "/usr/share/fonts/truetype/noto", O_RDONLY|O_NONBLOCK|O_CLOEXEC|O_DIRECTORY) = 33
10808 openat(AT_FDCWD, "/usr/share/fonts/truetype/noto/NotoColorEmoji.ttf", O_RDONLY|O_CLOEXEC) = 37
10808 openat(AT_FDCWD, "/home/runner/work/deckrender-acceptance/deckrender-acceptance/benchmark/artifacts/acceptance/private/sandboxes/e2baf2caf551d4582bf28b6ad1b5abd2a26e1d7061bcd60f69fc9775965ba634/.cache/fontconfig/0bd3dc0958fa2205aaaa8ebb13e2872b-le64.cache-11.TMP-UHtOH1", O_RDWR|O_CREAT|O_EXCL, 0600) = 33
10808 openat(AT_FDCWD, "/home/runner/work/deckrender-acceptance/deckrender-acceptance/benchmark/artifacts/acceptance/private/sandboxes/e2baf2caf551d4582bf28b6ad1b5abd2a26e1d7061bcd60f69fc9775965ba634/.cache/fontconfig/0bd3dc0958fa2205aaaa8ebb13e2872b-le64.cache-11.NEW", O_RDWR|O_CREAT|O_CLOEXEC, 0666) = 33
10788 sendto(36, "\20\0\0\0p\0\0\0\215\356+z\0\0\0\0\30\0\24\0\0\0\0\0\17\0\0\0\0\0\0\0\0\0\0\0\0\0\0\0H\0\0\0\0\0\0\0\17\0\0\0\0\0\0\0\2\0\0\0\0\0\0\0\0\0\0\0\1\0\0\0\0\0\0\0\0\0\0\0\0}\1\0\0\1\0\0\0\0\0\0\0\0\0\0\0\0\0\0\0\0\0\0\0\0\0\0\0\0\0\0", 112, MSG_NOSIGNAL, NULL, 0) = 112
10836 recvmsg(14, {msg_name=NULL, msg_namelen=0, msg_iov=[{iov_base="\20\0\0\0p\0\0\0\215\356+z\0\0\0\0\30\0\24\0\0\0\0\0\17\0\0\0\0\0\0\0\0\0\0\0\0\0\0\0H\0\0\0\0\0\0\0\17\0\0\0\0\0\0\0\2\0\0\0\0\0\0\0\0\0\0\0\1\0\0\0\0\0\0\0\0\0\0\0\0}\1\0\0\1\0\0\0\0\0\0\0\0\0\0\0\0\0\0\0\0\0\0\0\0\0\0\0\0\0\0", iov_len=4096}], msg_iovlen=1, msg_controllen=0, msg_flags=0}, MSG_DONTWAIT) = 112
10808 openat(AT_FDCWD, "/tmp/playwright_chromiumdev_profile-56xg4l/Consent To Send Stats", O_RDONLY|O_CLOEXEC) = -1 ENOENT (No such file or directory)
10808 openat(AT_FDCWD, "/home/runner/work/deckrender-acceptance/deckrender-acceptance/benchmark/artifacts/acceptance/private/sandboxes/e2baf2caf551d4582bf28b6ad1b5abd2a26e1d7061bcd60f69fc9775965ba634/config/google-chrome/Crash Reports/settings.dat", O_RDWR|O_CREAT|O_NOCTTY|O_CLOEXEC, 0600) = 33
10821 socketpair(AF_UNIX, SOCK_STREAM, 0, [37, 38]) = 0
10821 openat(AT_FDCWD, "/opt/google/chrome/v8_context_snapshot.bin", O_RDONLY) = 33
10808 openat(AT_FDCWD, "/tmp/playwright_chromiumdev_profile-56xg4l/Consent To Send Stats", O_RDONLY|O_CLOEXEC) = -1 ENOENT (No such file or directory)
10838 openat(AT_FDCWD, "/dev/null", O_RDONLY) = 46
10821 openat(AT_FDCWD, "/tmp/.com.google.Chrome.gVQWtx", O_RDWR|O_CREAT|O_EXCL, 0600) = 38
10821 sendmsg(37, {msg_name=NULL, msg_namelen=0, msg_iov=[{iov_base="\20\0\1\0\270\0\0\0\25\2,z\0\0\0\0\30\0\0\0\0\0\0\0\0\0\0\0\0\0\0\0h\0\0\0\0\0\0\0@\0\0\0\0\0\0\0(\316\327\331Kc)\373\365_\366d\307\362o\256\361\n\1\270$X\264T\210\30\325\253%\342\366\23\0\0\0\0\3\0\0\0\0\0\0\0\0\0\0\0X\0\0\0\0\0\0\0\20\0\0\0\1\0\0\0\0\0\0\0\0\0\0\0\20\0\0\0\1\0\0\0x\0\0\0\0\0\1\0000\0\0\0(\0\0\0\10\0\0\0\1\0\0\0 \0\0\0\0\0\2\0\2\0\0\0\0\0\0\0\210\231Xp\204\200\25\224\325\256/\244B_1\33", iov_len=184}], msg_iovlen=1, msg_control=[{cmsg_len=20, cmsg_level=SOL_SOCKET, cmsg_type=SCM_RIGHTS, cmsg_data=[38]}], msg_controllen=20, msg_flags=0}, MSG_NOSIGNAL) = 184
10788 openat(AT_FDCWD, "/tmp/playwright_chromiumdev_profile-56xg4l/Last Version", O_RDONLY|O_CLOEXEC) = -1 ENOENT (No such file or directory)
10838 openat(AT_FDCWD, "/proc/self/fd", O_RDONLY|O_DIRECTORY) = 46
10838 openat(AT_FDCWD, "/opt/hostedtoolcache/Python/3.12.14/x64/lib/glibc-hwcaps/x86-64-v3/libdl.so.2", O_RDONLY|O_CLOEXEC) = -1 ENOENT (No such file or directory)
10838 openat(AT_FDCWD, "/opt/hostedtoolcache/Python/3.12.14/x64/lib/glibc-hwcaps/x86-64-v2/libdl.so.2", O_RDONLY|O_CLOEXEC) = -1 ENOENT (No such file or directory)
10838 openat(AT_FDCWD, "/opt/hostedtoolcache/Python/3.12.14/x64/lib/libdl.so.2", O_RDONLY|O_CLOEXEC) = -1 ENOENT (No such file or directory)
10838 openat(AT_FDCWD, "/etc/ld.so.cache", O_RDONLY|O_CLOEXEC) = 4
10838 openat(AT_FDCWD, "/lib/x86_64-linux-gnu/libdl.so.2", O_RDONLY|O_CLOEXEC) = 4
10838 openat(AT_FDCWD, "/opt/hostedtoolcache/Python/3.12.14/x64/lib/libpthread.so.0", O_RDONLY|O_CLOEXEC) = -1 ENOENT (No such file or directory)
10838 openat(AT_FDCWD, "/lib/x86_64-linux-gnu/libpthread.so.0", O_RDONLY|O_CLOEXEC) = 4
10838 openat(AT_FDCWD, "/opt/hostedtoolcache/Python/3.12.14/x64/lib/libglib-2.0.so.0", O_RDONLY|O_CLOEXEC) = -1 ENOENT (No such file or directory)
10838 openat(AT_FDCWD, "/lib/x86_64-linux-gnu/libglib-2.0.so.0", O_RDONLY|O_CLOEXEC) = 4
10838 openat(AT_FDCWD, "/opt/hostedtoolcache/Python/3.12.14/x64/lib/libgobject-2.0.so.0", O_RDONLY|O_CLOEXEC) = -1 ENOENT (No such file or directory)
10838 openat(AT_FDCWD, "/lib/x86_64-linux-gnu/libgobject-2.0.so.0", O_RDONLY|O_CLOEXEC) = 4
10838 openat(AT_FDCWD, "/opt/hostedtoolcache/Python/3.12.14/x64/lib/libnspr4.so", O_RDONLY|O_CLOEXEC) = -1 ENOENT (No such file or directory)
10838 openat(AT_FDCWD, "/lib/x86_64-linux-gnu/libnspr4.so", O_RDONLY|O_CLOEXEC) = 4
10838 openat(AT_FDCWD, "/opt/hostedtoolcache/Python/3.12.14/x64/lib/libnss3.so", O_RDONLY|O_CLOEXEC) = -1 ENOENT (No such file or directory)
10838 openat(AT_FDCWD, "/lib/x86_64-linux-gnu/libnss3.so", O_RDONLY|O_CLOEXEC) = 4
10838 openat(AT_FDCWD, "/opt/hostedtoolcache/Python/3.12.14/x64/lib/libnssutil3.so", O_RDONLY|O_CLOEXEC) = -1 ENOENT (No such file or directory)
10838 openat(AT_FDCWD, "/lib/x86_64-linux-gnu/libnssutil3.so", O_RDONLY|O_CLOEXEC) = 4
10838 openat(AT_FDCWD, "/opt/hostedtoolcache/Python/3.12.14/x64/lib/libsmime3.so", O_RDONLY|O_CLOEXEC) = -1 ENOENT (No such file or directory)
10838 openat(AT_FDCWD, "/lib/x86_64-linux-gnu/libsmime3.so", O_RDONLY|O_CLOEXEC) = 4
10838 openat(AT_FDCWD, "/opt/hostedtoolcache/Python/3.12.14/x64/lib/libgio-2.0.so.0", O_RDONLY|O_CLOEXEC) = -1 ENOENT (No such file or directory)
10838 openat(AT_FDCWD, "/lib/x86_64-linux-gnu/libgio-2.0.so.0", O_RDONLY|O_CLOEXEC) = 4
10838 openat(AT_FDCWD, "/opt/hostedtoolcache/Python/3.12.14/x64/lib/libatk-1.0.so.0", O_RDONLY|O_CLOEXEC) = -1 ENOENT (No such file or directory)
10838 openat(AT_FDCWD, "/lib/x86_64-linux-gnu/libatk-1.0.so.0", O_RDONLY|O_CLOEXEC) = 4
10838 openat(AT_FDCWD, "/opt/hostedtoolcache/Python/3.12.14/x64/lib/libatk-bridge-2.0.so.0", O_RDONLY|O_CLOEXEC) = -1 ENOENT (No such file or directory)
10838 openat(AT_FDCWD, "/lib/x86_64-linux-gnu/libatk-bridge-2.0.so.0", O_RDONLY|O_CLOEXEC) = 4
10838 openat(AT_FDCWD, "/opt/hostedtoolcache/Python/3.12.14/x64/lib/libdbus-1.so.3", O_RDONLY|O_CLOEXEC) = -1 ENOENT (No such file or directory)
10838 openat(AT_FDCWD, "/lib/x86_64-linux-gnu/libdbus-1.so.3", O_RDONLY|O_CLOEXEC) = 4
10838 openat(AT_FDCWD, "/opt/hostedtoolcache/Python/3.12.14/x64/lib/libcups.so.2", O_RDONLY|O_CLOEXEC) = -1 ENOENT (No such file or directory)
10838 openat(AT_FDCWD, "/lib/x86_64-linux-gnu/libcups.so.2", O_RDONLY|O_CLOEXEC) = 4
10838 openat(AT_FDCWD, "/opt/hostedtoolcache/Python/3.12.14/x64/lib/libexpat.so.1", O_RDONLY|O_CLOEXEC) = -1 ENOENT (No such file or directory)
10838 openat(AT_FDCWD, "/lib/x86_64-linux-gnu/libexpat.so.1", O_RDONLY|O_CLOEXEC) = 4
10838 openat(AT_FDCWD, "/opt/hostedtoolcache/Python/3.12.14/x64/lib/libxcb.so.1", O_RDONLY|O_CLOEXEC) = -1 ENOENT (No such file or directory)
10838 openat(AT_FDCWD, "/lib/x86_64-linux-gnu/libxcb.so.1", O_RDONLY|O_CLOEXEC) = 4
10838 openat(AT_FDCWD, "/opt/hostedtoolcache/Python/3.12.14/x64/lib/libxkbcommon.so.0", O_RDONLY|O_CLOEXEC) = -1 ENOENT (No such file or directory)
10838 openat(AT_FDCWD, "/lib/x86_64-linux-gnu/libxkbcommon.so.0", O_RDONLY|O_CLOEXEC) = 4
10838 openat(AT_FDCWD, "/opt/hostedtoolcache/Python/3.12.14/x64/lib/libasound.so.2", O_RDONLY|O_CLOEXEC) = -1 ENOENT (No such file or directory)
10838 openat(AT_FDCWD, "/lib/x86_64-linux-gnu/libasound.so.2", O_RDONLY|O_CLOEXEC) = 4
10838 openat(AT_FDCWD, "/opt/hostedtoolcache/Python/3.12.14/x64/lib/libgbm.so.1", O_RDONLY|O_CLOEXEC) = -1 ENOENT (No such file or directory)
10838 openat(AT_FDCWD, "/lib/x86_64-linux-gnu/libgbm.so.1", O_RDONLY|O_CLOEXEC) = 4
10838 openat(AT_FDCWD, "/opt/hostedtoolcache/Python/3.12.14/x64/lib/libX11.so.6", O_RDONLY|O_CLOEXEC) = -1 ENOENT (No such file or directory)
10838 openat(AT_FDCWD, "/lib/x86_64-linux-gnu/libX11.so.6", O_RDONLY|O_CLOEXEC) = 4
10838 openat(AT_FDCWD, "/opt/hostedtoolcache/Python/3.12.14/x64/lib/libXext.so.6", O_RDONLY|O_CLOEXEC) = -1 ENOENT (No such file or directory)
10838 openat(AT_FDCWD, "/lib/x86_64-linux-gnu/libXext.so.6", O_RDONLY|O_CLOEXEC) = 4
10838 openat(AT_FDCWD, "/opt/hostedtoolcache/Python/3.12.14/x64/lib/libcairo.so.2", O_RDONLY|O_CLOEXEC) = -1 ENOENT (No such file or directory)
10838 openat(AT_FDCWD, "/lib/x86_64-linux-gnu/libcairo.so.2", O_RDONLY|O_CLOEXEC) = 4
10838 openat(AT_FDCWD, "/opt/hostedtoolcache/Python/3.12.14/x64/lib/libpango-1.0.so.0", O_RDONLY|O_CLOEXEC) = -1 ENOENT (No such file or directory)
10838 openat(AT_FDCWD, "/lib/x86_64-linux-gnu/libpango-1.0.so.0", O_RDONLY|O_CLOEXEC) = 4
10838 openat(AT_FDCWD, "/opt/hostedtoolcache/Python/3.12.14/x64/lib/libudev.so.1", O_RDONLY|O_CLOEXEC) = -1 ENOENT (No such file or directory)
10838 openat(AT_FDCWD, "/lib/x86_64-linux-gnu/libudev.so.1", O_RDONLY|O_CLOEXEC) = 4
10838 openat(AT_FDCWD, "/opt/hostedtoolcache/Python/3.12.14/x64/lib/libm.so.6", O_RDONLY|O_CLOEXEC) = -1 ENOENT (No such file or directory)
10838 openat(AT_FDCWD, "/lib/x86_64-linux-gnu/libm.so.6", O_RDONLY|O_CLOEXEC) = 4
10838 openat(AT_FDCWD, "/opt/hostedtoolcache/Python/3.12.14/x64/lib/libXcomposite.so.1", O_RDONLY|O_CLOEXEC) = -1 ENOENT (No such file or directory)
10838 openat(AT_FDCWD, "/lib/x86_64-linux-gnu/libXcomposite.so.1", O_RDONLY|O_CLOEXEC) = 4
10838 openat(AT_FDCWD, "/opt/hostedtoolcache/Python/3.12.14/x64/lib/libXdamage.so.1", O_RDONLY|O_CLOEXEC) = -1 ENOENT (No such file or directory)
10838 openat(AT_FDCWD, "/lib/x86_64-linux-gnu/libXdamage.so.1", O_RDONLY|O_CLOEXEC) = 4
10838 openat(AT_FDCWD, "/opt/hostedtoolcache/Python/3.12.14/x64/lib/libXfixes.so.3", O_RDONLY|O_CLOEXEC) = -1 ENOENT (No such file or directory)
10838 openat(AT_FDCWD, "/lib/x86_64-linux-gnu/libXfixes.so.3", O_RDONLY|O_CLOEXEC) = 4
10838 openat(AT_FDCWD, "/opt/hostedtoolcache/Python/3.12.14/x64/lib/libXrandr.so.2", O_RDONLY|O_CLOEXEC) = -1 ENOENT (No such file or directory)
10838 openat(AT_FDCWD, "/lib/x86_64-linux-gnu/libXrandr.so.2", O_RDONLY|O_CLOEXEC) = 4
10838 openat(AT_FDCWD, "/opt/hostedtoolcache/Python/3.12.14/x64/lib/libatspi.so.0", O_RDONLY|O_CLOEXEC) = -1 ENOENT (No such file or directory)
10838 openat(AT_FDCWD, "/lib/x86_64-linux-gnu/libatspi.so.0", O_RDONLY|O_CLOEXEC) = 4
10838 openat(AT_FDCWD, "/opt/hostedtoolcache/Python/3.12.14/x64/lib/libgcc_s.so.1", O_RDONLY|O_CLOEXEC) = -1 ENOENT (No such file or directory)
10838 openat(AT_FDCWD, "/lib/x86_64-linux-gnu/libgcc_s.so.1", O_RDONLY|O_CLOEXEC) = 4
10838 openat(AT_FDCWD, "/opt/hostedtoolcache/Python/3.12.14/x64/lib/libc.so.6", O_RDONLY|O_CLOEXEC) = -1 ENOENT (No such file or directory)
10838 openat(AT_FDCWD, "/lib/x86_64-linux-gnu/libc.so.6", O_RDONLY|O_CLOEXEC) = 4
10838 openat(AT_FDCWD, "/opt/hostedtoolcache/Python/3.12.14/x64/lib/libpcre2-8.so.0", O_RDONLY|O_CLOEXEC) = -1 ENOENT (No such file or directory)
10838 openat(AT_FDCWD, "/lib/x86_64-linux-gnu/libpcre2-8.so.0", O_RDONLY|O_CLOEXEC) = 4
10838 openat(AT_FDCWD, "/opt/hostedtoolcache/Python/3.12.14/x64/lib/libffi.so.8", O_RDONLY|O_CLOEXEC) = -1 ENOENT (No such file or directory)
10838 openat(AT_FDCWD, "/lib/x86_64-linux-gnu/libffi.so.8", O_RDONLY|O_CLOEXEC) = 4
10838 openat(AT_FDCWD, "/opt/hostedtoolcache/Python/3.12.14/x64/lib/libplc4.so", O_RDONLY|O_CLOEXEC) = -1 ENOENT (No such file or directory)
10838 openat(AT_FDCWD, "/lib/x86_64-linux-gnu/libplc4.so", O_RDONLY|O_CLOEXEC) = 4
10838 openat(AT_FDCWD, "/opt/hostedtoolcache/Python/3.12.14/x64/lib/libplds4.so", O_RDONLY|O_CLOEXEC) = -1 ENOENT (No such file or directory)
10838 openat(AT_FDCWD, "/lib/x86_64-linux-gnu/libplds4.so", O_RDONLY|O_CLOEXEC) = 4
10838 openat(AT_FDCWD, "/opt/hostedtoolcache/Python/3.12.14/x64/lib/libgmodule-2.0.so.0", O_RDONLY|O_CLOEXEC) = -1 ENOENT (No such file or directory)
10838 openat(AT_FDCWD, "/lib/x86_64-linux-gnu/libgmodule-2.0.so.0", O_RDONLY|O_CLOEXEC) = 4
10838 openat(AT_FDCWD, "/opt/hostedtoolcache/Python/3.12.14/x64/lib/libz.so.1", O_RDONLY|O_CLOEXEC) = -1 ENOENT (No such file or directory)
10838 openat(AT_FDCWD, "/lib/x86_64-linux-gnu/libz.so.1", O_RDONLY|O_CLOEXEC) = 4
10838 openat(AT_FDCWD, "/opt/hostedtoolcache/Python/3.12.14/x64/lib/libmount.so.1", O_RDONLY|O_CLOEXEC) = -1 ENOENT (No such file or directory)
10838 openat(AT_FDCWD, "/lib/x86_64-linux-gnu/libmount.so.1", O_RDONLY|O_CLOEXEC) = 4
10838 openat(AT_FDCWD, "/opt/hostedtoolcache/Python/3.12.14/x64/lib/libselinux.so.1", O_RDONLY|O_CLOEXEC) = -1 ENOENT (No such file or directory)
10838 openat(AT_FDCWD, "/lib/x86_64-linux-gnu/libselinux.so.1", O_RDONLY|O_CLOEXEC) = 4
10838 openat(AT_FDCWD, "/opt/hostedtoolcache/Python/3.12.14/x64/lib/libsystemd.so.0", O_RDONLY|O_CLOEXEC) = -1 ENOENT (No such file or directory)
10838 openat(AT_FDCWD, "/lib/x86_64-linux-gnu/libsystemd.so.0", O_RDONLY|O_CLOEXEC) = 4
10808 openat(AT_FDCWD, "/tmp/playwright_chromiumdev_profile-56xg4l/segmentation_platform/ukm_db", O_RDWR|O_CREAT|O_NOFOLLOW|O_CLOEXEC, 0600) = 38
10838 openat(AT_FDCWD, "/opt/hostedtoolcache/Python/3.12.14/x64/lib/libgssapi_krb5.so.2", O_RDONLY|O_CLOEXEC) = -1 ENOENT (No such file or directory)
10838 openat(AT_FDCWD, "/lib/x86_64-linux-gnu/libgssapi_krb5.so.2", O_RDONLY|O_CLOEXEC) = 4
10838 openat(AT_FDCWD, "/opt/hostedtoolcache/Python/3.12.14/x64/lib/libavahi-common.so.3", O_RDONLY|O_CLOEXEC) = -1 ENOENT (No such file or directory)
10838 openat(AT_FDCWD, "/lib/x86_64-linux-gnu/libavahi-common.so.3", O_RDONLY|O_CLOEXEC) = 4
10808 openat(AT_FDCWD, "/tmp/playwright_chromiumdev_profile-56xg4l/segmentation_platform/ukm_db-journal", O_RDWR|O_CREAT|O_NOFOLLOW|O_CLOEXEC, 0600 <unfinished ...>
10838 openat(AT_FDCWD, "/opt/hostedtoolcache/Python/3.12.14/x64/lib/libavahi-client.so.3", O_RDONLY|O_CLOEXEC <unfinished ...>
10808 <... openat resumed>)             = 41
10838 <... openat resumed>)             = -1 ENOENT (No such file or directory)
10838 openat(AT_FDCWD, "/lib/x86_64-linux-gnu/libavahi-client.so.3", O_RDONLY|O_CLOEXEC) = 4
10808 openat(AT_FDCWD, "/dev/urandom", O_RDONLY|O_CLOEXEC) = 45
10838 openat(AT_FDCWD, "/opt/hostedtoolcache/Python/3.12.14/x64/lib/libgnutls.so.30", O_RDONLY|O_CLOEXEC) = -1 ENOENT (No such file or directory)
10838 openat(AT_FDCWD, "/lib/x86_64-linux-gnu/libgnutls.so.30", O_RDONLY|O_CLOEXEC) = 4
10808 openat(AT_FDCWD, "/tmp/playwright_chromiumdev_profile-56xg4l/segmentation_platform", O_RDONLY|O_CLOEXEC <unfinished ...>
10838 openat(AT_FDCWD, "/opt/hostedtoolcache/Python/3.12.14/x64/lib/libXau.so.6", O_RDONLY|O_CLOEXEC <unfinished ...>
10808 <... openat resumed>)             = 45
10838 <... openat resumed>)             = -1 ENOENT (No such file or directory)
10838 openat(AT_FDCWD, "/lib/x86_64-linux-gnu/libXau.so.6", O_RDONLY|O_CLOEXEC) = 4
10838 openat(AT_FDCWD, "/opt/hostedtoolcache/Python/3.12.14/x64/lib/libXdmcp.so.6", O_RDONLY|O_CLOEXEC) = -1 ENOENT (No such file or directory)
10838 openat(AT_FDCWD, "/lib/x86_64-linux-gnu/libXdmcp.so.6", O_RDONLY|O_CLOEXEC) = 4
10838 openat(AT_FDCWD, "/opt/hostedtoolcache/Python/3.12.14/x64/lib/libdrm.so.2", O_RDONLY|O_CLOEXEC) = -1 ENOENT (No such file or directory)
10838 openat(AT_FDCWD, "/lib/x86_64-linux-gnu/libdrm.so.2", O_RDONLY|O_CLOEXEC <unfinished ...>
10808 openat(AT_FDCWD, "/tmp/playwright_chromiumdev_profile-56xg4l/segmentation_platform/ukm_db-wal", O_RDWR|O_CREAT|O_NOFOLLOW|O_CLOEXEC, 0600 <unfinished ...>
10838 <... openat resumed>)             = 4
10808 <... openat resumed>)             = 41
10838 openat(AT_FDCWD, "/opt/hostedtoolcache/Python/3.12.14/x64/lib/libpng16.so.16", O_RDONLY|O_CLOEXEC) = -1 ENOENT (No such file or directory)
10838 openat(AT_FDCWD, "/lib/x86_64-linux-gnu/libpng16.so.16", O_RDONLY|O_CLOEXEC) = 4
10808 openat(AT_FDCWD, "/tmp/playwright_chromiumdev_profile-56xg4l/segmentation_platform", O_RDONLY|O_CLOEXEC) = 45
10838 openat(AT_FDCWD, "/opt/hostedtoolcache/Python/3.12.14/x64/lib/libfontconfig.so.1", O_RDONLY|O_CLOEXEC) = -1 ENOENT (No such file or directory)
10838 openat(AT_FDCWD, "/lib/x86_64-linux-gnu/libfontconfig.so.1", O_RDONLY|O_CLOEXEC) = 4
10838 openat(AT_FDCWD, "/opt/hostedtoolcache/Python/3.12.14/x64/lib/libfreetype.so.6", O_RDONLY|O_CLOEXEC) = -1 ENOENT (No such file or directory)
10838 openat(AT_FDCWD, "/lib/x86_64-linux-gnu/libfreetype.so.6", O_RDONLY|O_CLOEXEC) = 4
10838 openat(AT_FDCWD, "/opt/hostedtoolcache/Python/3.12.14/x64/lib/libXrender.so.1", O_RDONLY|O_CLOEXEC) = -1 ENOENT (No such file or directory)
10838 openat(AT_FDCWD, "/lib/x86_64-linux-gnu/libXrender.so.1", O_RDONLY|O_CLOEXEC) = 4
10838 openat(AT_FDCWD, "/opt/hostedtoolcache/Python/3.12.14/x64/lib/libxcb-render.so.0", O_RDONLY|O_CLOEXEC) = -1 ENOENT (No such file or directory)
10838 openat(AT_FDCWD, "/lib/x86_64-linux-gnu/libxcb-render.so.0", O_RDONLY|O_CLOEXEC) = 4
10838 openat(AT_FDCWD, "/opt/hostedtoolcache/Python/3.12.14/x64/lib/libxcb-shm.so.0", O_RDONLY|O_CLOEXEC) = -1 ENOENT (No such file or directory)
10838 openat(AT_FDCWD, "/lib/x86_64-linux-gnu/libxcb-shm.so.0", O_RDONLY|O_CLOEXEC) = 4
10838 openat(AT_FDCWD, "/opt/hostedtoolcache/Python/3.12.14/x64/lib/libpixman-1.so.0", O_RDONLY|O_CLOEXEC) = -1 ENOENT (No such file or directory)
10838 openat(AT_FDCWD, "/lib/x86_64-linux-gnu/libpixman-1.so.0", O_RDONLY|O_CLOEXEC) = 4
10838 openat(AT_FDCWD, "/opt/hostedtoolcache/Python/3.12.14/x64/lib/libfribidi.so.0", O_RDONLY|O_CLOEXEC) = -1 ENOENT (No such file or directory)
10838 openat(AT_FDCWD, "/lib/x86_64-linux-gnu/libfribidi.so.0", O_RDONLY|O_CLOEXEC) = 4
10838 openat(AT_FDCWD, "/opt/hostedtoolcache/Python/3.12.14/x64/lib/libthai.so.0", O_RDONLY|O_CLOEXEC) = -1 ENOENT (No such file or directory)
10838 openat(AT_FDCWD, "/lib/x86_64-linux-gnu/libthai.so.0", O_RDONLY|O_CLOEXEC) = 4
10838 openat(AT_FDCWD, "/opt/hostedtoolcache/Python/3.12.14/x64/lib/libharfbuzz.so.0", O_RDONLY|O_CLOEXEC) = -1 ENOENT (No such file or directory)
10838 openat(AT_FDCWD, "/lib/x86_64-linux-gnu/libharfbuzz.so.0", O_RDONLY|O_CLOEXEC) = 4
10838 openat(AT_FDCWD, "/opt/hostedtoolcache/Python/3.12.14/x64/lib/libcap.so.2", O_RDONLY|O_CLOEXEC) = -1 ENOENT (No such file or directory)
10838 openat(AT_FDCWD, "/lib/x86_64-linux-gnu/libcap.so.2", O_RDONLY|O_CLOEXEC) = 4
10838 openat(AT_FDCWD, "/opt/hostedtoolcache/Python/3.12.14/x64/lib/libXi.so.6", O_RDONLY|O_CLOEXEC) = -1 ENOENT (No such file or directory)
10838 openat(AT_FDCWD, "/lib/x86_64-linux-gnu/libXi.so.6", O_RDONLY|O_CLOEXEC) = 4
10838 openat(AT_FDCWD, "/opt/hostedtoolcache/Python/3.12.14/x64/lib/libblkid.so.1", O_RDONLY|O_CLOEXEC) = -1 ENOENT (No such file or directory)
10838 openat(AT_FDCWD, "/lib/x86_64-linux-gnu/libblkid.so.1", O_RDONLY|O_CLOEXEC) = 4
10838 openat(AT_FDCWD, "/opt/hostedtoolcache/Python/3.12.14/x64/lib/libgcrypt.so.20", O_RDONLY|O_CLOEXEC) = -1 ENOENT (No such file or directory)
10838 openat(AT_FDCWD, "/lib/x86_64-linux-gnu/libgcrypt.so.20", O_RDONLY|O_CLOEXEC) = 4
10838 openat(AT_FDCWD, "/opt/hostedtoolcache/Python/3.12.14/x64/lib/liblz4.so.1", O_RDONLY|O_CLOEXEC) = -1 ENOENT (No such file or directory)
10838 openat(AT_FDCWD, "/lib/x86_64-linux-gnu/liblz4.so.1", O_RDONLY|O_CLOEXEC) = 4
10838 openat(AT_FDCWD, "/opt/hostedtoolcache/Python/3.12.14/x64/lib/liblzma.so.5", O_RDONLY|O_CLOEXEC) = -1 ENOENT (No such file or directory)
10838 openat(AT_FDCWD, "/lib/x86_64-linux-gnu/liblzma.so.5", O_RDONLY|O_CLOEXEC) = 4
10838 openat(AT_FDCWD, "/opt/hostedtoolcache/Python/3.12.14/x64/lib/libzstd.so.1", O_RDONLY|O_CLOEXEC) = -1 ENOENT (No such file or directory)
10838 openat(AT_FDCWD, "/lib/x86_64-linux-gnu/libzstd.so.1", O_RDONLY|O_CLOEXEC) = 4
10838 openat(AT_FDCWD, "/opt/hostedtoolcache/Python/3.12.14/x64/lib/libkrb5.so.3", O_RDONLY|O_CLOEXEC) = -1 ENOENT (No such file or directory)
10838 openat(AT_FDCWD, "/lib/x86_64-linux-gnu/libkrb5.so.3", O_RDONLY|O_CLOEXEC) = 4
10838 openat(AT_FDCWD, "/opt/hostedtoolcache/Python/3.12.14/x64/lib/libk5crypto.so.3", O_RDONLY|O_CLOEXEC) = -1 ENOENT (No such file or directory)
10838 openat(AT_FDCWD, "/lib/x86_64-linux-gnu/libk5crypto.so.3", O_RDONLY|O_CLOEXEC) = 4
10838 openat(AT_FDCWD, "/opt/hostedtoolcache/Python/3.12.14/x64/lib/libcom_err.so.2", O_RDONLY|O_CLOEXEC) = -1 ENOENT (No such file or directory)
10838 openat(AT_FDCWD, "/lib/x86_64-linux-gnu/libcom_err.so.2", O_RDONLY|O_CLOEXEC) = 4
10838 openat(AT_FDCWD, "/opt/hostedtoolcache/Python/3.12.14/x64/lib/libkrb5support.so.0", O_RDONLY|O_CLOEXEC) = -1 ENOENT (No such file or directory)
10838 openat(AT_FDCWD, "/lib/x86_64-linux-gnu/libkrb5support.so.0", O_RDONLY|O_CLOEXEC) = 4
10838 openat(AT_FDCWD, "/opt/hostedtoolcache/Python/3.12.14/x64/lib/libp11-kit.so.0", O_RDONLY|O_CLOEXEC) = -1 ENOENT (No such file or directory)
10838 openat(AT_FDCWD, "/lib/x86_64-linux-gnu/libp11-kit.so.0", O_RDONLY|O_CLOEXEC) = 4
10838 openat(AT_FDCWD, "/opt/hostedtoolcache/Python/3.12.14/x64/lib/libidn2.so.0", O_RDONLY|O_CLOEXEC) = -1 ENOENT (No such file or directory)
10838 openat(AT_FDCWD, "/lib/x86_64-linux-gnu/libidn2.so.0", O_RDONLY|O_CLOEXEC) = 4
10838 openat(AT_FDCWD, "/opt/hostedtoolcache/Python/3.12.14/x64/lib/libunistring.so.5", O_RDONLY|O_CLOEXEC) = -1 ENOENT (No such file or directory)
10838 openat(AT_FDCWD, "/lib/x86_64-linux-gnu/libunistring.so.5", O_RDONLY|O_CLOEXEC) = 4
10838 openat(AT_FDCWD, "/opt/hostedtoolcache/Python/3.12.14/x64/lib/libtasn1.so.6", O_RDONLY|O_CLOEXEC) = -1 ENOENT (No such file or directory)
10838 openat(AT_FDCWD, "/lib/x86_64-linux-gnu/libtasn1.so.6", O_RDONLY|O_CLOEXEC) = 4
10838 openat(AT_FDCWD, "/opt/hostedtoolcache/Python/3.12.14/x64/lib/libnettle.so.8", O_RDONLY|O_CLOEXEC) = -1 ENOENT (No such file or directory)
10838 openat(AT_FDCWD, "/lib/x86_64-linux-gnu/libnettle.so.8", O_RDONLY|O_CLOEXEC) = 4
10838 openat(AT_FDCWD, "/opt/hostedtoolcache/Python/3.12.14/x64/lib/libhogweed.so.6", O_RDONLY|O_CLOEXEC) = -1 ENOENT (No such file or directory)
10838 openat(AT_FDCWD, "/lib/x86_64-linux-gnu/libhogweed.so.6", O_RDONLY|O_CLOEXEC) = 4
10838 openat(AT_FDCWD, "/opt/hostedtoolcache/Python/3.12.14/x64/lib/libgmp.so.10", O_RDONLY|O_CLOEXEC) = -1 ENOENT (No such file or directory)
10838 openat(AT_FDCWD, "/lib/x86_64-linux-gnu/libgmp.so.10", O_RDONLY|O_CLOEXEC) = 4
10838 openat(AT_FDCWD, "/opt/hostedtoolcache/Python/3.12.14/x64/lib/libbsd.so.0", O_RDONLY|O_CLOEXEC) = -1 ENOENT (No such file or directory)
10838 openat(AT_FDCWD, "/lib/x86_64-linux-gnu/libbsd.so.0", O_RDONLY|O_CLOEXEC) = 4
10838 openat(AT_FDCWD, "/opt/hostedtoolcache/Python/3.12.14/x64/lib/libbz2.so.1.0", O_RDONLY|O_CLOEXEC) = -1 ENOENT (No such file or directory)
10788 openat(AT_FDCWD, "/usr/share/fonts/opentype/noto/NotoSansCJK-Regular.ttc", O_RDONLY <unfinished ...>
10838 openat(AT_FDCWD, "/lib/x86_64-linux-gnu/libbz2.so.1.0", O_RDONLY|O_CLOEXEC <unfinished ...>
10788 <... openat resumed>)             = 45
10838 <... openat resumed>)             = 4
10838 openat(AT_FDCWD, "/opt/hostedtoolcache/Python/3.12.14/x64/lib/libbrotlidec.so.1", O_RDONLY|O_CLOEXEC) = -1 ENOENT (No such file or directory)
10838 openat(AT_FDCWD, "/lib/x86_64-linux-gnu/libbrotlidec.so.1", O_RDONLY|O_CLOEXEC) = 4
10838 openat(AT_FDCWD, "/opt/hostedtoolcache/Python/3.12.14/x64/lib/libdatrie.so.1", O_RDONLY|O_CLOEXEC) = -1 ENOENT (No such file or directory)
10838 openat(AT_FDCWD, "/lib/x86_64-linux-gnu/libdatrie.so.1", O_RDONLY|O_CLOEXEC) = 4
10788 openat(AT_FDCWD, "/usr/share/fonts/opentype/noto/NotoSerifCJK-Regular.ttc", O_RDONLY) = 45
10838 openat(AT_FDCWD, "/opt/hostedtoolcache/Python/3.12.14/x64/lib/libgraphite2.so.3", O_RDONLY|O_CLOEXEC) = -1 ENOENT (No such file or directory)
10838 openat(AT_FDCWD, "/lib/x86_64-linux-gnu/libgraphite2.so.3", O_RDONLY|O_CLOEXEC) = 4
10838 openat(AT_FDCWD, "/opt/hostedtoolcache/Python/3.12.14/x64/lib/libgpg-error.so.0", O_RDONLY|O_CLOEXEC) = -1 ENOENT (No such file or directory)
10838 openat(AT_FDCWD, "/lib/x86_64-linux-gnu/libgpg-error.so.0", O_RDONLY|O_CLOEXEC) = 4
10788 openat(AT_FDCWD, "/usr/share/fonts/opentype/noto/NotoSansCJK-Regular.ttc", O_RDONLY) = 45
10838 openat(AT_FDCWD, "/opt/hostedtoolcache/Python/3.12.14/x64/lib/libkeyutils.so.1", O_RDONLY|O_CLOEXEC) = -1 ENOENT (No such file or directory)
10838 openat(AT_FDCWD, "/lib/x86_64-linux-gnu/libkeyutils.so.1", O_RDONLY|O_CLOEXEC) = 4
10838 openat(AT_FDCWD, "/opt/hostedtoolcache/Python/3.12.14/x64/lib/libresolv.so.2", O_RDONLY|O_CLOEXEC) = -1 ENOENT (No such file or directory)
10838 openat(AT_FDCWD, "/lib/x86_64-linux-gnu/libresolv.so.2", O_RDONLY|O_CLOEXEC) = 4
10788 openat(AT_FDCWD, "/usr/share/fonts/opentype/noto/NotoSerifCJK-Regular.ttc", O_RDONLY) = 45
10838 openat(AT_FDCWD, "/opt/hostedtoolcache/Python/3.12.14/x64/lib/libmd.so.0", O_RDONLY|O_CLOEXEC) = -1 ENOENT (No such file or directory)
10838 openat(AT_FDCWD, "/lib/x86_64-linux-gnu/libmd.so.0", O_RDONLY|O_CLOEXEC) = 4
10838 openat(AT_FDCWD, "/opt/hostedtoolcache/Python/3.12.14/x64/lib/libbrotlicommon.so.1", O_RDONLY|O_CLOEXEC) = -1 ENOENT (No such file or directory)
10838 openat(AT_FDCWD, "/lib/x86_64-linux-gnu/libbrotlicommon.so.1", O_RDONLY|O_CLOEXEC) = 4
10788 openat(AT_FDCWD, "/usr/share/fonts/opentype/noto/NotoSansCJK-Regular.ttc", O_RDONLY) = 45
10788 openat(AT_FDCWD, "/usr/share/fonts/opentype/noto/NotoSerifCJK-Regular.ttc", O_RDONLY) = 45
10788 openat(AT_FDCWD, "/usr/share/fonts/opentype/noto/NotoSansCJK-Regular.ttc", O_RDONLY) = 45
10788 openat(AT_FDCWD, "/usr/share/fonts/opentype/noto/NotoSerifCJK-Regular.ttc", O_RDONLY) = 45
10788 openat(AT_FDCWD, "/tmp/playwright_chromiumdev_profile-56xg4l/Default/Managed Mode Settings", O_RDONLY|O_CLOEXEC) = -1 ENOENT (No such file or directory)
10788 openat(AT_FDCWD, "/tmp/playwright_chromiumdev_profile-56xg4l/Default/Preferences", O_RDONLY|O_CLOEXEC) = -1 ENOENT (No such file or directory)
10788 openat(AT_FDCWD, "/tmp/playwright_chromiumdev_profile-56xg4l/Default/Secure Preferences", O_RDONLY|O_CLOEXEC) = -1 ENOENT (No such file or directory)
10821 socketpair(AF_UNIX, SOCK_STREAM, 0, [45, 46]) = 0
10821 socketpair(AF_UNIX, SOCK_SEQPACKET, 0, [50, 51]) = 0
10821 setsockopt(50, SOL_SOCKET, SO_PASSCRED, [1], 4) = 0
10821 sendmsg(12, {msg_name=NULL, msg_namelen=0, msg_iov=[{iov_base="\f\4\0\0\0\0\0\0\7\0\0\0utility\0\24\0\0\0\16\0\0\0/proc/self/exe\0\0\16\0\0\0--type=utility\0\0/\0\0\0--utility-sub-type=storage.mojom.StorageService\0\f\0\0\0--lang=en-US\36\0\0\0--service-sandbox-type=utility\0\0\f\0\0\0--no-sandbox\27\0\0\0--disable-dev-shm-usage\0\35\0\0\0--use-angle=swiftshader-webgl\0\0\0\f\0\0\0--mu"..., iov_len=1040}], msg_iovlen=1, msg_control=[{cmsg_len=40, cmsg_level=SOL_SOCKET, cmsg_type=SCM_RIGHTS, cmsg_data=[51, 46, 6, 33, 48, 49]}], msg_controllen=40, msg_flags=0}, MSG_NOSIGNAL) = 1040
10821 recvmsg(50,  <unfinished ...>
10804 recvmsg(3, {msg_name=NULL, msg_namelen=0, msg_iov=[{iov_base="\f\4\0\0\0\0\0\0\7\0\0\0utility\0\24\0\0\0\16\0\0\0/proc/self/exe\0\0\16\0\0\0--type=utility\0\0/\0\0\0--utility-sub-type=storage.mojom.StorageService\0\f\0\0\0--lang=en-US\36\0\0\0--service-sandbox-type=utility\0\0\f\0\0\0--no-sandbox\27\0\0\0--disable-dev-shm-usage\0\35\0\0\0--use-angle=swiftshader-webgl\0\0\0\f\0\0\0--mu"..., iov_len=65536}], msg_iovlen=1, msg_control=[{cmsg_len=40, cmsg_level=SOL_SOCKET, cmsg_type=SCM_RIGHTS, cmsg_data=[13, 14, 15, 16, 17, 18]}], msg_controllen=40, msg_flags=0}, 0) = 1040
10809 openat(AT_FDCWD, "/tmp/playwright_chromiumdev_profile-56xg4l/Default/Sync Data/LevelDB/LOG", O_WRONLY|O_CREAT|O_TRUNC, 0600) = 51
10809 openat(AT_FDCWD, "/tmp/playwright_chromiumdev_profile-56xg4l/Default/Sync Data/LevelDB/LOCK", O_RDWR) = -1 ENOENT (No such file or directory)
10809 openat(AT_FDCWD, "/tmp/playwright_chromiumdev_profile-56xg4l/Default/Sync Data/LevelDB/LOCK", O_RDWR|O_CREAT, 0600 <unfinished ...>
10788 openat(AT_FDCWD, "/tmp/.com.google.Chrome.qtTR92", O_RDWR|O_CREAT|O_EXCL, 0600 <unfinished ...>
10809 <... openat resumed>)             = 52
10788 <... openat resumed>)             = 53
10788 openat(AT_FDCWD, "/tmp/.com.google.Chrome.qtTR92", O_RDONLY) = 54
10804 recvmsg(3,  <unfinished ...>
10811 openat(AT_FDCWD, "/tmp/playwright_chromiumdev_profile-56xg4l/Default/History", O_RDWR|O_CREAT|O_NOFOLLOW|O_CLOEXEC, 0600) = 55
10839 sendmsg(13, {msg_name=NULL, msg_namelen=0, msg_iov=[{iov_base="CHILD_PING\0", iov_len=11}], msg_iovlen=1, msg_controllen=0, msg_flags=0}, MSG_NOSIGNAL) = 11
10821 <... recvmsg resumed>{msg_name=NULL, msg_namelen=0, msg_iov=[{iov_base="CHILD_PING\0", iov_len=12}], msg_iovlen=1, msg_control=[{cmsg_len=28, cmsg_level=SOL_SOCKET, cmsg_type=SCM_CREDENTIALS, cmsg_data={pid=10839, uid=1001, gid=1001}}], msg_controllen=32, msg_flags=0}, 0) = 11
10821 sendmsg(12, {msg_name=NULL, msg_namelen=0, msg_iov=[{iov_base="\10\0\0\0\4\0\0\0W*\0\0", iov_len=12}], msg_iovlen=1, msg_controllen=0, msg_flags=0}, MSG_NOSIGNAL) = 12
10804 <... recvmsg resumed>{msg_name=NULL, msg_namelen=0, msg_iov=[{iov_base="\10\0\0\0\4\0\0\0W*\0\0", iov_len=65536}], msg_iovlen=1, msg_controllen=0, msg_flags=0}, 0) = 12
10809 openat(AT_FDCWD, "/tmp/playwright_chromiumdev_profile-56xg4l/Default/Sync Data/LevelDB/MANIFEST-000001", O_WRONLY|O_CREAT|O_TRUNC, 0600) = 53
10809 openat(AT_FDCWD, "/tmp/playwright_chromiumdev_profile-56xg4l/Default/Sync Data/LevelDB", O_RDONLY) = 56
10821 openat(AT_FDCWD, "/tmp/.com.google.Chrome.90iJn3", O_RDWR|O_CREAT|O_EXCL, 0600) = 46
10821 sendmsg(45, {msg_name=NULL, msg_namelen=0, msg_iov=[{iov_base="\20\0\1\0\270\0\0\0\200+-z\0\0\0\0\30\0\0\0\0\0\0\0\0\0\0\0\0\0\0\0h\0\0\0\0\0\0\0@\0\0\0\0\0\0\0(\316\327\331Kc)\373\365_\366d\307\362o\256,\237\0207%C~\r\212\300/\226\220\207(\274\0\0\0\0\3\0\0\0\0\0\0\0\0\0\0\0X\0\0\0\0\0\0\0\20\0\0\0\1\0\0\0\0\0\0\0\0\0\0\0\20\0\0\0\1\0\0\0x\0\0\0\0\0\1\0000\0\0\0(\0\0\0\10\0\0\0\1\0\0\0 \0\0\0\0\0\2\0\2\0\0\0\0\0\0\0#\316\252\306\261\211\225\0\330%\365a\341z\366\22", iov_len=184}], msg_iovlen=1, msg_control=[{cmsg_len=20, cmsg_level=SOL_SOCKET, cmsg_type=SCM_RIGHTS, cmsg_data=[46]}], msg_controllen=20, msg_flags=0}, MSG_NOSIGNAL) = 184
10809 openat(AT_FDCWD, "/tmp/playwright_chromiumdev_profile-56xg4l/Default/Sync Data/LevelDB/000001.dbtmp", O_WRONLY|O_CREAT|O_TRUNC, 0600) = 46
10808 openat(AT_FDCWD, "/tmp/playwright_chromiumdev_profile-56xg4l/Default/ServerCertificate", O_RDWR|O_CREAT|O_NOFOLLOW|O_CLOEXEC, 0600) = 48
10809 openat(AT_FDCWD, "/tmp/playwright_chromiumdev_profile-56xg4l/Default/Sync Data/LevelDB/CURRENT", O_RDONLY) = 46
10809 openat(AT_FDCWD, "/tmp/playwright_chromiumdev_profile-56xg4l/Default/Sync Data/LevelDB/MANIFEST-000001", O_RDONLY) = 46
10811 openat(AT_FDCWD, "/tmp/playwright_chromiumdev_profile-56xg4l/Default/History-journal", O_RDWR|O_CREAT|O_NOFOLLOW|O_CLOEXEC, 0600) = 49
10812 openat(AT_FDCWD, "/tmp/playwright_chromiumdev_profile-56xg4l/Default/Web Data", O_RDWR|O_CREAT|O_NOFOLLOW|O_CLOEXEC, 0600) = 53
10809 openat(AT_FDCWD, "/tmp/playwright_chromiumdev_profile-56xg4l/Default/Sync Data/LevelDB/MANIFEST-000001", O_WRONLY|O_APPEND) = 46
10809 openat(AT_FDCWD, "/tmp/playwright_chromiumdev_profile-56xg4l/Default/Sync Data/LevelDB", O_RDONLY|O_NONBLOCK|O_CLOEXEC|O_DIRECTORY) = 56
10808 openat(AT_FDCWD, "/tmp/playwright_chromiumdev_profile-56xg4l/Default/ServerCertificate-journal", O_RDWR|O_CREAT|O_NOFOLLOW|O_CLOEXEC, 0600) = 56
10809 openat(AT_FDCWD, "/tmp/playwright_chromiumdev_profile-56xg4l/Default/Sync Data/LevelDB", O_RDONLY|O_NONBLOCK|O_CLOEXEC|O_DIRECTORY) = 57
10809 openat(AT_FDCWD, "/tmp/playwright_chromiumdev_profile-56xg4l/Default/Sync Data/LevelDB/000003.log", O_WRONLY|O_CREAT|O_TRUNC, 0600) = 57
10809 openat(AT_FDCWD, "/tmp/playwright_chromiumdev_profile-56xg4l/Default/Sync Data/LevelDB", O_RDONLY|O_NONBLOCK|O_CLOEXEC|O_DIRECTORY) = 58
10808 openat(AT_FDCWD, "/tmp/playwright_chromiumdev_profile-56xg4l/Default", O_RDONLY|O_CLOEXEC) = 59
10818 openat(AT_FDCWD, "/tmp/playwright_chromiumdev_profile-56xg4l/Default/Code Cache/js/index", O_RDONLY <unfinished ...>
10819 openat(AT_FDCWD, "/tmp/playwright_chromiumdev_profile-56xg4l/Default/Code Cache/wasm/index", O_RDONLY) = -1 ENOENT (No such file or directory)
10818 <... openat resumed>)             = -1 ENOENT (No such file or directory)
10819 openat(AT_FDCWD, "/tmp/playwright_chromiumdev_profile-56xg4l/Default/Code Cache/wasm/index", O_WRONLY|O_CREAT|O_EXCL, 0600 <unfinished ...>
10818 openat(AT_FDCWD, "/tmp/playwright_chromiumdev_profile-56xg4l/Default/Code Cache/js/index", O_WRONLY|O_CREAT|O_EXCL, 0600 <unfinished ...>
10819 <... openat resumed>)             = 59
10818 <... openat resumed>)             = 60
10812 openat(AT_FDCWD, "/tmp/playwright_chromiumdev_profile-56xg4l/Default/Web Data-journal", O_RDWR|O_CREAT|O_NOFOLLOW|O_CLOEXEC, 0600 <unfinished ...>
10809 openat(AT_FDCWD, "/tmp/playwright_chromiumdev_profile-56xg4l/Default/Sync Data/LevelDB", O_RDONLY|O_NONBLOCK|O_CLOEXEC|O_DIRECTORY) = 58
10812 <... openat resumed>)             = 59
10818 openat(AT_FDCWD, "/tmp/playwright_chromiumdev_profile-56xg4l/Default/Code Cache/wasm/index-dir/the-real-index", O_RDONLY) = -1 ENOENT (No such file or directory)
10819 openat(AT_FDCWD, "/tmp/playwright_chromiumdev_profile-56xg4l/Default/Code Cache/js/index-dir/the-real-index", O_RDONLY) = -1 ENOENT (No such file or directory)
10812 openat(AT_FDCWD, "/tmp/playwright_chromiumdev_profile-56xg4l/Default", O_RDONLY|O_CLOEXEC) = 60
10819 openat(AT_FDCWD, "/tmp/playwright_chromiumdev_profile-56xg4l/Default/Code Cache/js", O_RDONLY|O_NONBLOCK|O_CLOEXEC|O_DIRECTORY <unfinished ...>
10818 openat(AT_FDCWD, "/tmp/playwright_chromiumdev_profile-56xg4l/Default/Code Cache/wasm", O_RDONLY|O_NONBLOCK|O_CLOEXEC|O_DIRECTORY <unfinished ...>
10819 <... openat resumed>)             = 58
10818 <... openat resumed>)             = 61
10820 openat(AT_FDCWD, "/tmp/playwright_chromiumdev_profile-56xg4l/Default/Affiliation Database", O_RDWR|O_CREAT|O_NOFOLLOW|O_CLOEXEC, 0600) = 62
10809 openat(AT_FDCWD, "/tmp/playwright_chromiumdev_profile-56xg4l/Default/Code Cache/js/index-dir/temp-index", O_WRONLY|O_CREAT|O_TRUNC, 0600) = 58
10819 openat(AT_FDCWD, "/tmp/playwright_chromiumdev_profile-56xg4l/Default/Code Cache/wasm/index-dir/temp-index", O_WRONLY|O_CREAT|O_TRUNC, 0600) = 60
10808 openat(AT_FDCWD, "/tmp/playwright_chromiumdev_profile-56xg4l/Default/Login Data", O_RDWR|O_CREAT|O_NOFOLLOW|O_CLOEXEC, 0600) = 58
10838 openat(AT_FDCWD, "/etc/gnutls/config", O_RDONLY|O_CLOEXEC) = 4
10838 openat(AT_FDCWD, "/proc/filesystems", O_RDONLY|O_CLOEXEC) = 4
10818 openat(AT_FDCWD, "/tmp/playwright_chromiumdev_profile-56xg4l/Default/Login Data For Account", O_RDWR|O_CREAT|O_NOFOLLOW|O_CLOEXEC, 0600) = 60
10820 openat(AT_FDCWD, "/tmp/playwright_chromiumdev_profile-56xg4l/Default/Affiliation Database-journal", O_RDWR|O_CREAT|O_NOFOLLOW|O_CLOEXEC, 0600) = 61
10809 openat(AT_FDCWD, "/tmp/playwright_chromiumdev_profile-56xg4l/Default/Custom Dictionary.txt", O_RDONLY|O_CLOEXEC) = -1 ENOENT (No such file or directory)
10820 openat(AT_FDCWD, "/tmp/playwright_chromiumdev_profile-56xg4l/Default", O_RDONLY|O_CLOEXEC) = 63
10809 openat(AT_FDCWD, "/tmp/playwright_chromiumdev_profile-56xg4l/Dictionaries/en-US-10-1.bdic", O_RDONLY) = -1 ENOENT (No such file or directory)
10818 openat(AT_FDCWD, "/tmp/playwright_chromiumdev_profile-56xg4l/Default/Login Data For Account-journal", O_RDWR|O_CREAT|O_NOFOLLOW|O_CLOEXEC, 0600) = 63
10838 openat(AT_FDCWD, "/proc/self/stat", O_RDONLY|O_CLOEXEC) = 4
10808 openat(AT_FDCWD, "/tmp/playwright_chromiumdev_profile-56xg4l/Default/Login Data-journal", O_RDWR|O_CREAT|O_NOFOLLOW|O_CLOEXEC, 0600) = 64
10838 openat(AT_FDCWD, "/proc/stat", O_RDONLY|O_CLOEXEC) = 4
10839 sendto(14, "\20\0\0\0P\0\0\0\340\207-z\0\0\0\0\30\0\1\0\0\0\0\0\0\0\0\0\0\0\0\0\0\0\0\0\0\0\0\0\30\0\0\0\0\0\0\0\0\0\0\0\10\0\0\0000\0\0\0\0\0\0\0\20\0\0\0\1\0\0\0\0\0\0\0\0\0\0\0", 80, MSG_NOSIGNAL, NULL, 0) = 80
10839 socketpair(AF_UNIX, SOCK_STREAM, 0,  <unfinished ...>
10813 recvmsg(45,  <unfinished ...>
10839 <... socketpair resumed>[19, 20]) = 0
10813 <... recvmsg resumed>{msg_name=NULL, msg_namelen=0, msg_iov=[{iov_base="\20\0\0\0P\0\0\0\340\207-z\0\0\0\0\30\0\1\0\0\0\0\0\0\0\0\0\0\0\0\0\0\0\0\0\0\0\0\0\30\0\0\0\0\0\0\0\0\0\0\0\10\0\0\0000\0\0\0\0\0\0\0\20\0\0\0\1\0\0\0\0\0\0\0\0\0\0\0", iov_len=4096}], msg_iovlen=1, msg_controllen=0, msg_flags=0}, MSG_DONTWAIT) = 80
10813 sendto(45, "\20\0\0\0\210\1\0\0\363\211-z\0\0\0\0\30\0\24\0\0\0\0\0\0\0\0\0\0\0\0\0\0\0\0\0\0\0\0\0H\0\0\0\0\0\0\0\1\0\0\0\0\0\0\0\0\0\0\0\0\0\0\0\0\0\0\0\1\0\0\0\377\377\377\377\377\377\377\377\0\0\0\0\0\0\0\0`\0\0\0\0\1\0\0\20\1\0\0\0\0\0\0\0\0\0\0\0\0\0\0\240\0\0\0\230\0\0\08\0\0\0\3\0\0\0\0\0\0\0\331\0\254A\0\0\0\0%P0^\0\0\0\0\0\0\0\0\30\0\0\0\0\0\0\0\0\0\0\0\0\0\0\0\0\0\0\0\0\0\0\0\20\0\0\0\0\0\0\0\10\0\0\0\0\0\0\0\30\0\0\0\0\0\0\0\20\0\0\0\0\0\0\0\0\0\0\0\0\0\0\0002\0\0\0*\0\0\0metrics.mojom.ChildHistogramFetc"..., 392, MSG_NOSIGNAL, NULL, 0) = 392
10809 openat(AT_FDCWD, "/tmp/playwright_chromiumdev_profile-56xg4l/Default/ClientCertificates/LOG", O_WRONLY|O_CREAT|O_TRUNC, 0600) = 65
10813 sendto(45, "\20\0\0\0@\1\0\0\363\213-z\0\0\0\0\30\0\24\0\0\0\0\0\1\0\0\0\0\0\0\0\0\0\0\0\0\0\0\0H\0\0\0\0\0\0\0\f\0\0\0\0\0\0\0\0\0\0\0\0\0\0\0\0\0\0\0\1\0\0\0\377\377\377\377\377\377\377\377\0\0\0\0\0\0\0\0`\0\0\0\270\0\0\0\310\0\0\0\0\0\0\0\0\0\0\0\0\0\0\0X\0\0\0P\0\0\08\0\0\0\3\0\0\0\0\0\0\0004\304\225/\0\0\0\0&P0^\0\0\0\0\0\0\0\0\30\0\0\0\0\0\0\0\0\0\0\0\0\0\0\0\0\0\0\0\0\0\0\0\30\0\0\0\0\0\0\0\0\0\0\0\0\0\0\0\0\0\0\0\0\0\0\0\20\0\0\0\1\0\0\0\0\0\0\0\0\0\0\0h\0\0\0\1\0\0\0\0\0\0\0\0\0\0\0\r\0\0\0\0\0\0\0\0\0\0\0\0\0\0\0@\4\0\0@\0\0\0"..., 320, MSG_NOSIGNAL, NULL, 0) = 320
10838 openat(AT_FDCWD, "/proc/self/cmdline", O_RDONLY|O_CLOEXEC <unfinished ...>
10813 sendto(45, "\20\0\0\0\300\0\0\0\262\214-z\0\0\0\0\30\0\24\0\0\0\0\0\2\0\0\0\0\0\0\0\0\0\0\0\0\0\0\0H\0\0\0\0\0\0\0\16\0\0\0\0\0\0\0\0\0\0\0\0\0\0\0\0\0\0\0\1\0\0\0\377\377\377\377\377\377\377\377\0\0\0\0\0\0\0\0`\0\0\0\0\0\0\0\0\0\0\0\0\0\0\0\0\0\0\0\0\0\0\0P\0\0\0H\0\0\08\0\0\0\3\0\0\0\0\0\0\0\23\375\362[\1\0\0\0'P0^\1\0\0\0\0\0\0\0\30\0\0\0\0\0\0\0\0\0\0\0\0\0\0\0\0\0\0\0\0\0\0\0\20\0\0\0\0\0\0\0\1\0\0\0\0\0\0\0", 192, MSG_NOSIGNAL, NULL, 0 <unfinished ...>
10838 <... openat resumed>)             = 4
10809 openat(AT_FDCWD, "/tmp/playwright_chromiumdev_profile-56xg4l/Default/ClientCertificates/LOCK", O_RDWR <unfinished ...>
10813 <... sendto resumed>)             = 192
10809 <... openat resumed>)             = -1 ENOENT (No such file or directory)
10809 openat(AT_FDCWD, "/tmp/playwright_chromiumdev_profile-56xg4l/Default/ClientCertificates/LOCK", O_RDWR|O_CREAT, 0600 <unfinished ...>
10813 sendto(45, "\20\0\0\0x\1\0\0\277\215-z\0\0\0\0\30\0\24\0\0\0\0\0\3\0\0\0\0\0\0\0\0\0\0\0\0\0\0\0H\0\0\0\0\0\0\0\1\0\0\0\0\0\0\0\1\0\0\0\0\0\0\0\0\0\0\0\1\0\0\0\377\377\377\377\377\377\377\377\0\0\0\0\0\0\0\0`\0\0\0\360\0\0\0\0\1\0\0\0\0\0\0\0\0\0\0\0\0\0\0\220\0\0\0\210\0\0\08\0\0\0\3\0\0\0\0\0\0\0\210e\226L\0\0\0\0 P0^\0\0\0\0\0\0\0\0\30\0\0\0\0\0\0\0\0\0\0\0\0\0\0\0\0\0\0\0\0\0\0\0\20\0\0\0\0\0\0\0\10\0\0\0\0\0\0\0\30\0\0\0\0\0\0\0\20\0\0\0\0\0\0\0\0\0\0\0\0\0\0\0$\0\0\0\34\0\0\0storage.mojom.StorageService\0\0\0\0"..., 376, MSG_NOSIGNAL, NULL, 0 <unfinished ...>
10809 <... openat resumed>)             = 66
10813 <... sendto resumed>)             = 376
10838 openat(AT_FDCWD, "/usr/lib/locale/locale-archive", O_RDONLY|O_CLOEXEC) = 4
10838 openat(AT_FDCWD, "/usr/share/locale/locale.alias", O_RDONLY|O_CLOEXEC) = 4
10813 sendto(45, "\20\0\0\0\210\1\0\0\313\220-z\0\0\0\0\30\0\24\0\0\0\0\0\4\0\0\0\0\0\0\0\0\0\0\0\0\0\0\0H\0\0\0\0\0\0\0\20\0\0\0\0\0\0\0\0\0\0\0\0\0\0\0\0\0\0\0\1\0\0\0\377\377\377\377\377\377\377\377\0\0\0\0\0\0\0\0`\0\0\0\0\1\0\0\20\1\0\0\0\0\0\0\0\0\0\0\0\0\0\0\240\0\0\0\230\0\0\08\0\0\0\3\0\0\0\0\0\0\0.\211\305\1\0\0\0\0!P0^\0\0\0\0\0\0\0\0\30\0\0\0\0\0\0\0\0\0\0\0\0\0\0\0\0\0\0\0\0\0\0\0\30\0\0\0\0\0\0\0\20\0\0\0\0\0\0\0\0\0\0\0\0\0\0\0\20\0\0\0\0\0\0\0\10\0\0\0\0\0\0\0002\0\0\0*\0\0\0/tmp/playwright_chromiumdev_prof"..., 392, MSG_NOSIGNAL, NULL, 0) = 392
10819 openat(AT_FDCWD, "/tmp/playwright_chromiumdev_profile-56xg4l/Default/Site Characteristics Database/LOG", O_WRONLY|O_CREAT|O_TRUNC, 0600 <unfinished ...>
10838 openat(AT_FDCWD, "/usr/lib/locale/C.UTF-8/LC_IDENTIFICATION", O_RDONLY|O_CLOEXEC <unfinished ...>
10819 <... openat resumed>)             = 65
10838 <... openat resumed>)             = -1 ENOENT (No such file or directory)
10838 openat(AT_FDCWD, "/usr/lib/locale/C.utf8/LC_IDENTIFICATION", O_RDONLY|O_CLOEXEC) = 4
10846 recvmsg(14, {msg_name=NULL, msg_namelen=0, msg_iov=[{iov_base="\20\0\1\0\270\0\0\0\200+-z\0\0\0\0\30\0\0\0\0\0\0\0\0\0\0\0\0\0\0\0h\0\0\0\0\0\0\0@\0\0\0\0\0\0\0(\316\327\331Kc)\373\365_\366d\307\362o\256,\237\0207%C~\r\212\300/\226\220\207(\274\0\0\0\0\3\0\0\0\0\0\0\0\0\0\0\0X\0\0\0\0\0\0\0\20\0\0\0\1\0\0\0\0\0\0\0\0\0\0\0\20\0\0\0\1\0\0\0x\0\0\0\0\0\1\0000\0\0\0(\0\0\0\10\0\0\0\1\0\0\0 \0\0\0\0\0\2\0\2\0\0\0\0\0\0\0#\316\252\306\261\211\225\0\330%\365a\341z\366\22", iov_len=4096}], msg_iovlen=1, msg_control=[{cmsg_len=20, cmsg_level=SOL_SOCKET, cmsg_type=SCM_RIGHTS, cmsg_data=[23]}], msg_controllen=24, msg_flags=0}, MSG_DONTWAIT) = 184
10819 openat(AT_FDCWD, "/tmp/playwright_chromiumdev_profile-56xg4l/Default/Site Characteristics Database/LOCK", O_RDWR <unfinished ...>
10838 openat(AT_FDCWD, "/usr/lib/x86_64-linux-gnu/gconv/gconv-modules.cache", O_RDONLY|O_CLOEXEC <unfinished ...>
10819 <... openat resumed>)             = -1 ENOENT (No such file or directory)
10838 <... openat resumed>)             = 4
10819 openat(AT_FDCWD, "/tmp/playwright_chromiumdev_profile-56xg4l/Default/Site Characteristics Database/LOCK", O_RDWR|O_CREAT, 0600) = 66
10813 sendto(45, "\20\0\0\0\220\1\0\0,\225-z\0\0\0\0\30\0\24\0\0\0\0\0\5\0\0\0\0\0\0\0\0\0\0\0\0\0\0\0H\0\0\0\0\0\0\0\20\0\0\0\0\0\0\0\1\0\0\0\0\0\0\0\0\0\0\0\1\0\0\0\377\377\377\377\377\377\377\377\0\0\0\0\0\0\0\0`\0\0\0\10\1\0\0\30\1\0\0\0\0\0\0\0\0\0\0\0\0\0\0\250\0\0\0\240\0\0\08\0\0\0\3\0\0\0\0\0\0\0\363k\257\24\0\0\0\0\"P0^\0\0\0\0\0\0\0\0\30\0\0\0\0\0\0\0\0\0\0\0\0\0\0\0\0\0\0\0\0\0\0\0\30\0\0\0\0\0\0\0\20\0\0\0\0\0\0\0\1\0\0\0\0\0\0\0\20\0\0\0\0\0\0\0\10\0\0\0\0\0\0\0:\0\0\0002\0\0\0/tmp/playwright_chromiumdev_prof"..., 400, MSG_NOSIGNAL, NULL, 0 <unfinished ...>
10846 sendmsg(14, {msg_name=NULL, msg_namelen=0, msg_iov=[{iov_base="\20\0\1\0\250\0\0\0v\225-z\0\0\0\0\30\0\24\0\0\0\0\0\0\0\0\0\0\0\0\0p\0\0\0\0\0\0\0H\0\0\0\0\0\0\0\0\0\0\0\0\0\0\0\0\0\0\0\0\0\0\0\0\0\0\0\1\0\0\0\377\377\377\377\377\377\377\377\0\0\0\0\0\0\0\0\0\0\0\0`\0\0\0\0\0\0\0\0\0\0\0\0\0\0\0\1\0\0\0\20\0\0\0\1\0\0\0\1\0\0\0\0\0\0\0\20\0\0\0\1\0\0\0\200\0\0\0\0\0\1\0\30\0\0\0\20\0\0\0\10\0\0\0\0\0\0\0\1\0\0\0\0\0\0\0", iov_len=168}], msg_iovlen=1, msg_control=[{cmsg_len=20, cmsg_level=SOL_SOCKET, cmsg_type=SCM_RIGHTS, cmsg_data=[20]}], msg_controllen=20, msg_flags=0}, MSG_NOSIGNAL <unfinished ...>
10838 openat(AT_FDCWD, "/usr/lib/locale/C.UTF-8/LC_MEASUREMENT", O_RDONLY|O_CLOEXEC <unfinished ...>
10846 <... sendmsg resumed>)            = 168
10813 <... sendto resumed>)             = 400
10838 <... openat resumed>)             = -1 ENOENT (No such file or directory)
10838 openat(AT_FDCWD, "/usr/lib/locale/C.utf8/LC_MEASUREMENT", O_RDONLY|O_CLOEXEC <unfinished ...>
10846 sendto(14, "\20\0\0\0@\0\0\0\f\226-z\0\0\0\0\30\0\26\0\0\0\0\0\1\0\0\0\0\0\0\0\0\0\0\0\0\0\0\0\30\0\0\0\0\0\0\0\0\0\0\0\0\0\0\0\1\0\0\0\0\0\0\0", 64, MSG_NOSIGNAL, NULL, 0 <unfinished ...>
10838 <... openat resumed>)             = 4
10846 <... sendto resumed>)             = 64
10846 sendto(14, "\20\0\0\0X\0\0\0R\226-z\0\0\0\0\30\0\"\0\0\0\0\0\2\0\0\0\0\0\0\0\0\0\0\0\0\0\0\0000\0\0\0\0\0\0\0\1\0\0\0\0\0\0\0\25\0\0\0\0\0\0\0\0\0\0\0\0\0\0\0@\5\0\0@\0\0\0\0\0\0\0\0\0\0\0", 88, MSG_NOSIGNAL, NULL, 0) = 88
10846 recvmsg(14, {msg_name=NULL, msg_namelen=0, msg_iov=[{iov_base="\20\0\0\0\210\1\0\0\363\211-z\0\0\0\0\30\0\24\0\0\0\0\0\0\0\0\0\0\0\0\0\0\0\0\0\0\0\0\0H\0\0\0\0\0\0\0\1\0\0\0\0\0\0\0\0\0\0\0\0\0\0\0\0\0\0\0\1\0\0\0\377\377\377\377\377\377\377\377\0\0\0\0\0\0\0\0`\0\0\0\0\1\0\0\20\1\0\0\0\0\0\0\0\0\0\0\0\0\0\0\240\0\0\0\230\0\0\08\0\0\0\3\0\0\0\0\0\0\0\331\0\254A\0\0\0\0%P0^\0\0\0\0\0\0\0\0\30\0\0\0\0\0\0\0\0\0\0\0\0\0\0\0\0\0\0\0\0\0\0\0\20\0\0\0\0\0\0\0\10\0\0\0\0\0\0\0\30\0\0\0\0\0\0\0\20\0\0\0\0\0\0\0\0\0\0\0\0\0\0\0002\0\0\0*\0\0\0metrics.mojom.ChildHistogramFetc"..., iov_len=4096}], msg_iovlen=1, msg_controllen=0, msg_flags=0}, MSG_DONTWAIT) = 2072
10838 openat(AT_FDCWD, "/usr/lib/locale/C.UTF-8/LC_TELEPHONE", O_RDONLY|O_CLOEXEC) = -1 ENOENT (No such file or directory)
10838 openat(AT_FDCWD, "/usr/lib/locale/C.utf8/LC_TELEPHONE", O_RDONLY|O_CLOEXEC) = 4
10813 sendto(45, "\20\0\0\0\220\1\0\0\254\227-z\0\0\0\0\30\0\24\0\0\0\0\0\6\0\0\0\0\0\0\0\0\0\0\0\0\0\0\0H\0\0\0\0\0\0\0\20\0\0\0\0\0\0\0\2\0\0\0\0\0\0\0\0\0\0\0\1\0\0\0\377\377\377\377\377\377\377\377\0\0\0\0\0\0\0\0`\0\0\0\10\1\0\0\30\1\0\0\0\0\0\0\0\0\0\0\0\0\0\0\250\0\0\0\240\0\0\08\0\0\0\3\0\0\0\0\0\0\0\215\245\32T\0\0\0\0#P0^\0\0\0\0\0\0\0\0\30\0\0\0\0\0\0\0\0\0\0\0\0\0\0\0\0\0\0\0\0\0\0\0\30\0\0\0\0\0\0\0\20\0\0\0\0\0\0\0\0\0\0\0\0\0\0\0\20\0\0\0\0\0\0\0\10\0\0\0\0\0\0\0:\0\0\0002\0\0\0/tmp/playwright_chromiumdev_prof"..., 400, MSG_NOSIGNAL, NULL, 0) = 400
10813 sendto(45, "\20\0\0\0\270\0\0\0\254\230-z\0\0\0\0\30\0\24\0\0\0\0\0\7\0\0\0\0\0\0\0\0\0\0\0\0\0\0\0H\0\0\0\0\0\0\0\27\0\0\0\0\0\0\0\0\0\0\0\0\0\0\0\0\0\0\0\1\0\0\0\377\377\377\377\377\377\377\377\0\0\0\0\0\0\0\0`\0\0\0\0\0\0\0\0\0\0\0\0\0\0\0\0\0\0\0\0\0\0\0H\0\0\0@\0\0\08\0\0\0\3\0\0\0\0\0\0\0<u h\1\0\0\0<P0^\1\0\0\0\0\0\0\0\30\0\0\0\0\0\0\0\0\0\0\0\0\0\0\0\0\0\0\0\0\0\0\0\10\0\0\0\0\0\0\0", 184, MSG_NOSIGNAL, NULL, 0 <unfinished ...>
10846 sendto(14, "\20\0\0\0\270\0\0\0\271\230-z\0\0\0\0\30\0\24\0\0\0\0\0\3\0\0\0\0\0\0\0\0\0\0\0\0\0\0\0H\0\0\0\0\0\0\0\2\0\0\0\0\0\0\0\0\0\0\0\0\0\0\0\0\0\0\0\1\0\0\0\377\377\377\377\377\377\377\377\0\0\0\0\0\0\0\0`\0\0\0\0\0\0\0\0\0\0\0\0\0\0\0\0\0\0\0\0\0\0\0H\0\0\0@\0\0\08\0\0\0\3\0\0\0\0\0\0\0\f\205\24\\\1\0\0\0\214d\215\222\1\0\0\0\0\0\0\0\30\0\0\0\0\0\0\0\0\0\0\0\0\0\0\0\0\0\0\0\0\0\0\0\10\0\0\0\0\0\0\0", 184, MSG_NOSIGNAL, NULL, 0 <unfinished ...>
10838 openat(AT_FDCWD, "/usr/lib/locale/C.UTF-8/LC_ADDRESS", O_RDONLY|O_CLOEXEC <unfinished ...>
10813 <... sendto resumed>)             = 184
10846 <... sendto resumed>)             = 184
10838 <... openat resumed>)             = -1 ENOENT (No such file or directory)
10838 openat(AT_FDCWD, "/usr/lib/locale/C.utf8/LC_ADDRESS", O_RDONLY|O_CLOEXEC <unfinished ...>
10813 sendto(45, "\20\0\0\0X\0\0\0d\231-z\0\0\0\0\30\0\"\0\0\0\0\0\10\0\0\0\0\0\0\0\0\0\0\0\0\0\0\0000\0\0\0\0\0\0\0\2\0\0\0\0\0\0\0\30\0\0\0\0\0\0\0\0\0\0\0\0\0\0\0\300\5\0\0@\0\0\0\0\0\0\0\0\0\0\0", 88, MSG_NOSIGNAL, NULL, 0 <unfinished ...>
10838 <... openat resumed>)             = 4
10813 <... sendto resumed>)             = 88
10846 recvmsg(14, {msg_name=NULL, msg_namelen=0, msg_iov=[{iov_base="\20\0\0\0\220\1\0\0\254\227-z\0\0\0\0\30\0\24\0\0\0\0\0\6\0\0\0\0\0\0\0\0\0\0\0\0\0\0\0H\0\0\0\0\0\0\0\20\0\0\0\0\0\0\0\2\0\0\0\0\0\0\0\0\0\0\0\1\0\0\0\377\377\377\377\377\377\377\377\0\0\0\0\0\0\0\0`\0\0\0\10\1\0\0\30\1\0\0\0\0\0\0\0\0\0\0\0\0\0\0\250\0\0\0\240\0\0\08\0\0\0\3\0\0\0\0\0\0\0\215\245\32T\0\0\0\0#P0^\0\0\0\0\0\0\0\0\30\0\0\0\0\0\0\0\0\0\0\0\0\0\0\0\0\0\0\0\0\0\0\0\30\0\0\0\0\0\0\0\20\0\0\0\0\0\0\0\0\0\0\0\0\0\0\0\20\0\0\0\0\0\0\0\10\0\0\0\0\0\0\0:\0\0\0002\0\0\0/tmp/playwright_chromiumdev_prof"..., iov_len=4096}], msg_iovlen=1, msg_controllen=0, msg_flags=0}, MSG_DONTWAIT) = 672
10846 sendto(14, "\20\0\0\0@\0\0\0.\232-z\0\0\0\0\30\0#\0\0\0\0\0\4\0\0\0\0\0\0\0\0\0\0\0\0\0\0\0\30\0\0\0\0\0\0\0\2\0\0\0\0\0\0\0\1\0\0\0\0\0\0\0", 64, MSG_NOSIGNAL, NULL, 0) = 64
10838 openat(AT_FDCWD, "/usr/lib/locale/C.UTF-8/LC_NAME", O_RDONLY|O_CLOEXEC <unfinished ...>
10813 recvmsg(45,  <unfinished ...>
10838 <... openat resumed>)             = -1 ENOENT (No such file or directory)
10813 <... recvmsg resumed>{msg_name=NULL, msg_namelen=0, msg_iov=[{iov_base="\20\0\1\0\250\0\0\0v\225-z\0\0\0\0\30\0\24\0\0\0\0\0\0\0\0\0\0\0\0\0p\0\0\0\0\0\0\0H\0\0\0\0\0\0\0\0\0\0\0\0\0\0\0\0\0\0\0\0\0\0\0\0\0\0\0\1\0\0\0\377\377\377\377\377\377\377\377\0\0\0\0\0\0\0\0\0\0\0\0`\0\0\0\0\0\0\0\0\0\0\0\0\0\0\0\1\0\0\0\20\0\0\0\1\0\0\0\1\0\0\0\0\0\0\0\20\0\0\0\1\0\0\0\200\0\0\0\0\0\1\0\30\0\0\0\20\0\0\0\10\0\0\0\0\0\0\0\1\0\0\0\0\0\0\0", iov_len=4096}], msg_iovlen=1, msg_control=[{cmsg_len=20, cmsg_level=SOL_SOCKET, cmsg_type=SCM_RIGHTS, cmsg_data=[67]}], msg_controllen=24, msg_flags=0}, MSG_DONTWAIT) = 168
10838 openat(AT_FDCWD, "/usr/lib/locale/C.utf8/LC_NAME", O_RDONLY|O_CLOEXEC <unfinished ...>
10819 openat(AT_FDCWD, "/tmp/playwright_chromiumdev_profile-56xg4l/Default/Site Characteristics Database/MANIFEST-000001", O_WRONLY|O_CREAT|O_TRUNC, 0600 <unfinished ...>
10846 sendto(14, "\20\0\0\0 \5\0\0\337\233-z\0\0\0\0\30\0\24\0\0\0\0\0\5\0\0\0\0\0\0\0\0\0\0\0\0\0\0\0H\0\0\0\0\0\0\0\30\0\0\0\0\0\0\0\1\0\0\0\0\0\0\0\0\0\0\0\1\0\0\0\377\377\377\377\377\377\377\377\0\0\0\0\0\0\0\0`\0\0\0\250\2\0\0\310\2\0\0\0\0\0\0\0\0\0\0\0\0\0\0H\2\0\0@\2\0\08\0\0\0\3\0\0\0\0\0\0\0C\33\32\4\0\0\0\0\212d\215\222\0\0\0\0\0\0\0\0\30\0\0\0\0\0\0\0\0\0\0\0\0\0\0\0\0\0\0\0\0\0\0\0\20\0\0\0\0\0\0\0\10\0\0\0\0\0\0\08\0\0\0\6\0\0\0000\0\0\0\0\0\0\0\200\0\0\0\0\0\0\0\270\0\0\0\0\0\0\0\10\1\0\0\0\0\0\0P\1\0\0\0\0\0\0\210\1\0\0\0\0\0\0\30\0\0\0\0\0\0\0"..., 1312, MSG_NOSIGNAL, NULL, 0 <unfinished ...>
10838 <... openat resumed>)             = 4
10846 <... sendto resumed>)             = 1312
10846 sendto(14, "\20\0\0\0\240\1\0\0E\234-z\0\0\0\0\30\0\24\0\0\0\0\0\6\0\0\0\0\0\0\0\0\0\0\0\0\0\0\0H\0\0\0\0\0\0\0\31\0\0\0\0\0\0\0\0\0\0\0\0\0\0\0\0\0\0\0\1\0\0\0\377\377\377\377\377\377\377\377\0\0\0\0\0\0\0\0`\0\0\0\270\0\0\0\310\0\0\0\0\0\0\0\0\0\0\0\0\0\0\0X\0\0\0P\0\0\08\0\0\0\3\0\0\0\0\0\0\0\0061\33\22\0\0\0\0\217d\215\222\0\0\0\0\0\0\0\0\30\0\0\0\0\0\0\0\0\0\0\0\0\0\0\0\0\0\0\0\0\0\0\0\30\0\0\0\0\0\0\0\0\0\0\0\1\0\0\0\0\0\0\0\0\0\0\0\20\0\0\0\2\0\0\0\0\0\0\0\0\0\0\0\310\0\0\0\2\0\0\0\0\0\0\0\0\0\0\0#\0\0\0\0\0\0\0\377\377\377\377\377\377\377\377\0\0\0\0\0\0\0\0"..., 416, MSG_NOSIGNAL, NULL, 0 <unfinished ...>
10819 <... openat resumed>)             = 68
10846 <... sendto resumed>)             = 416
10846 sendto(14, "\20\0\0\08\1\0\0\241\234-z\0\0\0\0\30\0\24\0\0\0\0\0\7\0\0\0\0\0\0\0\0\0\0\0\0\0\0\0H\0\0\0\0\0\0\0\32\0\0\0\0\0\0\0\0\0\0\0\0\0\0\0\0\0\0\0\1\0\0\0\377\377\377\377\377\377\377\377\0\0\0\0\0\0\0\0`\0\0\0\260\0\0\0\300\0\0\0\0\0\0\0\0\0\0\0\0\0\0\0P\0\0\0H\0\0\08\0\0\0\3\0\0\0\0\0\0\0\357Q\235I\0\0\0\0\213d\215\222\0\0\0\0\0\0\0\0\30\0\0\0\0\0\0\0\0\0\0\0\0\0\0\0\0\0\0\0\0\0\0\0\20\0\0\0\0\0\0\0\0\0\0\0\0\0\0\0\20\0\0\0\1\0\0\0\0\0\0\0\0\0\0\0h\0\0\0\1\0\0\0\0\0\0\0\0\0\0\0&\0\0\0\0\0\0\0\0\0\0\0\0\0\0\0@\7\0\0@\0\0\0'\0\0\0\0\0\0\0"..., 312, MSG_NOSIGNAL, NULL, 0) = 312
10846 sendto(14, "\20\0\0\0\270\0\0\0\376\234-z\0\0\0\0\30\0\24\0\0\0\0\0\10\0\0\0\0\0\0\0\0\0\0\0\0\0\0\0H\0\0\0\0\0\0\0\34\0\0\0\0\0\0\0\0\0\0\0\0\0\0\0\0\0\0\0\1\0\0\0\377\377\377\377\377\377\377\377\0\0\0\0\0\0\0\0`\0\0\0\0\0\0\0\0\0\0\0\0\0\0\0\0\0\0\0\0\0\0\0H\0\0\0@\0\0\08\0\0\0\3\0\0\0\0\0\0\0005\1lu\1\0\0\0\216d\215\222\1\0\0\0\0\0\0\0\30\0\0\0\0\0\0\0\0\0\0\0\0\0\0\0\0\0\0\0\0\0\0\0\10\0\0\0\0\0\0\0", 184, MSG_NOSIGNAL, NULL, 0) = 184
10819 openat(AT_FDCWD, "/tmp/playwright_chromiumdev_profile-56xg4l/Default/Site Characteristics Database", O_RDONLY <unfinished ...>
10846 sendto(14, "\20\0\0\08\1\0\0f\235-z\0\0\0\0\30\0\24\0\0\0\0\0\t\0\0\0\0\0\0\0\0\0\0\0\0\0\0\0H\0\0\0\0\0\0\0\36\0\0\0\0\0\0\0\0\0\0\0\0\0\0\0\0\0\0\0\1\0\0\0\377\377\377\377\377\377\377\377\0\0\0\0\0\0\0\0`\0\0\0\260\0\0\0\300\0\0\0\0\0\0\0\0\0\0\0\0\0\0\0P\0\0\0H\0\0\08\0\0\0\3\0\0\0\0\0\0\0\7B\332\35\0\0\0\0\215d\215\222\0\0\0\0\0\0\0\0\30\0\0\0\0\0\0\0\0\0\0\0\0\0\0\0\0\0\0\0\0\0\0\0\20\0\0\0\0\0\0\0\0\0\0\0\0\0\0\0\20\0\0\0\1\0\0\0\0\0\0\0\0\0\0\0h\0\0\0\1\0\0\0\0\0\0\0\0\0\0\0(\0\0\0\0\0\0\0\0\0\0\0\0\0\0\0\200\7\0\0@\0\0\0)\0\0\0\0\0\0\0"..., 312, MSG_NOSIGNAL, NULL, 0) = 312
10838 openat(AT_FDCWD, "/usr/lib/locale/C.UTF-8/LC_PAPER", O_RDONLY|O_CLOEXEC <unfinished ...>
10819 <... openat resumed>)             = 69
10846 sendto(14, "\20\0\0\0(\1\0\0\255\235-z\0\0\0\0\30\0\24\0\0\0\0\0\n\0\0\0\0\0\0\0\0\0\0\0\0\0\0\0H\0\0\0\0\0\0\0\"\0\0\0\0\0\0\0\0\0\0\0\0\0\0\0\0\0\0\0\1\0\0\0\377\377\377\377\377\377\377\377\0\0\0\0\0\0\0\0`\0\0\0\0\0\0\0\0\0\0\0\0\0\0\0\0\0\0\0\0\0\0\0\270\0\0\0\260\0\0\08\0\0\0\3\0\0\0\0\0\0\0\310\24\252/\0\0\0\0\211d\215\222\0\0\0\0\0\0\0\0\30\0\0\0\0\0\0\0\0\0\0\0\0\0\0\0\0\0\0\0\0\0\0\0\20\0\0\0\0\0\0\0\10\0\0\0\0\0\0\0(\0\0\0\4\0\0\0 \0\0\0\0\0\0\0(\0\0\0\0\0\0\0000\0\0\0\0\0\0\08\0\0\0\0\0\0\0\20\0\0\0\0\0\0\0[*\0\0\2\0\0\0\20\0\0\0\0\0\0\0"..., 296, MSG_NOSIGNAL, NULL, 0 <unfinished ...>
10838 <... openat resumed>)             = -1 ENOENT (No such file or directory)
10846 <... sendto resumed>)             = 296
10838 openat(AT_FDCWD, "/usr/lib/locale/C.utf8/LC_PAPER", O_RDONLY|O_CLOEXEC) = 4
10813 recvmsg(45, {msg_name=NULL, msg_namelen=0, msg_iov=[{iov_base="\20\0\0\0@\0\0\0\f\226-z\0\0\0\0\30\0\26\0\0\0\0\0\1\0\0\0\0\0\0\0\0\0\0\0\0\0\0\0\30\0\0\0\0\0\0\0\0\0\0\0\0\0\0\0\1\0\0\0\0\0\0\0\20\0\0\0X\0\0\0R\226-z\0\0\0\0\30\0\"\0\0\0\0\0\2\0\0\0\0\0\0\0\0\0\0\0\0\0\0\0000\0\0\0\0\0\0\0\1\0\0\0\0\0\0\0\25\0\0\0\0\0\0\0\0\0\0\0\0\0\0\0@\5\0\0@\0\0\0\0\0\0\0\0\0\0\0\20\0\0\0\270\0\0\0\271\230-z\0\0\0\0\30\0\24\0\0\0\0\0\3\0\0\0\0\0\0\0\0\0\0\0\0\0\0\0H\0\0\0\0\0\0\0\2\0\0\0\0\0\0\0\0\0\0\0\0\0\0\0\0\0\0\0\1\0\0\0\377\377\377\377\377\377\377\377\0\0\0\0\0\0\0\0`\0\0\0\0\0\0\0\0\0\0\0\0\0\0\0"..., iov_len=4096}], msg_iovlen=1, msg_controllen=0, msg_flags=0}, MSG_DONTWAIT) = 3232
10838 openat(AT_FDCWD, "/usr/lib/locale/C.UTF-8/LC_MESSAGES", O_RDONLY|O_CLOEXEC <unfinished ...>
10813 sendto(45, "\20\0\0\0@\0\0\0[\237-z\0\0\0\0\30\0#\0\0\0\0\0\t\0\0\0\0\0\0\0\0\0\0\0\0\0\0\0\30\0\0\0\0\0\0\0\1\0\0\0\0\0\0\0\2\0\0\0\0\0\0\0", 64, MSG_NOSIGNAL, NULL, 0 <unfinished ...>
10838 <... openat resumed>)             = -1 ENOENT (No such file or directory)
10838 openat(AT_FDCWD, "/usr/lib/locale/C.utf8/LC_MESSAGES", O_RDONLY|O_CLOEXEC <unfinished ...>
10813 <... sendto resumed>)             = 64
10838 <... openat resumed>)             = 4
10813 sendto(45, "\20\0\0\08\0\0\0\371\237-z\0\0\0\0\30\0$\0\0\0\0\0\n\0\0\0\0\0\0\0\0\0\0\0\0\0\0\0\20\0\0\0\0\0\0\0\30\0\0\0\0\0\0\0", 56, MSG_NOSIGNAL, NULL, 0) = 56
10838 openat(AT_FDCWD, "/usr/lib/locale/C.utf8/LC_MESSAGES/SYS_LC_MESSAGES", O_RDONLY|O_CLOEXEC) = 4
10846 openat(AT_FDCWD, "/proc/self/cmdline", O_RDONLY|O_CLOEXEC) = 20
10838 openat(AT_FDCWD, "/usr/lib/locale/C.UTF-8/LC_MONETARY", O_RDONLY|O_CLOEXEC) = -1 ENOENT (No such file or directory)
10838 openat(AT_FDCWD, "/usr/lib/locale/C.utf8/LC_MONETARY", O_RDONLY|O_CLOEXEC) = 4
10819 openat(AT_FDCWD, "/tmp/playwright_chromiumdev_profile-56xg4l/Default/Site Characteristics Database/000001.dbtmp", O_WRONLY|O_CREAT|O_TRUNC, 0600) = 68
10838 openat(AT_FDCWD, "/usr/lib/locale/C.UTF-8/LC_COLLATE", O_RDONLY|O_CLOEXEC) = -1 ENOENT (No such file or directory)
10838 openat(AT_FDCWD, "/usr/lib/locale/C.utf8/LC_COLLATE", O_RDONLY|O_CLOEXEC <unfinished ...>
10846 recvmsg(14,  <unfinished ...>
10838 <... openat resumed>)             = 4
10846 <... recvmsg resumed>{msg_name=NULL, msg_namelen=0, msg_iov=[{iov_base="\20\0\0\0@\0\0\0[\237-z\0\0\0\0\30\0#\0\0\0\0\0\t\0\0\0\0\0\0\0\0\0\0\0\0\0\0\0\30\0\0\0\0\0\0\0\1\0\0\0\0\0\0\0\2\0\0\0\0\0\0\0\20\0\0\08\0\0\0\371\237-z\0\0\0\0\30\0$\0\0\0\0\0\n\0\0\0\0\0\0\0\0\0\0\0\0\0\0\0\20\0\0\0\0\0\0\0\30\0\0\0\0\0\0\0", iov_len=4096}], msg_iovlen=1, msg_controllen=0, msg_flags=0}, MSG_DONTWAIT) = 120
10846 sendto(14, "\20\0\0\08\0\0\0\272\244-z\0\0\0\0\30\0$\0\0\0\0\0\v\0\0\0\0\0\0\0\0\0\0\0\0\0\0\0\20\0\0\0\0\0\0\0\25\0\0\0\0\0\0\0", 56, MSG_NOSIGNAL, NULL, 0) = 56
10846 sendto(14, "\20\0\0\0X\0\0\0_\245-z\0\0\0\0\30\0\"\0\0\0\0\0\f\0\0\0\0\0\0\0\0\0\0\0\0\0\0\0000\0\0\0\0\0\0\0\30\0\0\0\0\0\0\0*\0\0\0\0\0\0\0\0\0\0\0\0\0\0\0\300\7\0\0@\0\0\0\2\0\0\0\0\0\0\0", 88, MSG_NOSIGNAL, NULL, 0) = 88
10813 recvmsg(45,  <unfinished ...>
10838 openat(AT_FDCWD, "/usr/lib/locale/C.UTF-8/LC_TIME", O_RDONLY|O_CLOEXEC <unfinished ...>
10813 <... recvmsg resumed>{msg_name=NULL, msg_namelen=0, msg_iov=[{iov_base="\20\0\0\08\0\0\0\272\244-z\0\0\0\0\30\0$\0\0\0\0\0\v\0\0\0\0\0\0\0\0\0\0\0\0\0\0\0\20\0\0\0\0\0\0\0\25\0\0\0\0\0\0\0\20\0\0\0X\0\0\0_\245-z\0\0\0\0\30\0\"\0\0\0\0\0\f\0\0\0\0\0\0\0\0\0\0\0\0\0\0\0000\0\0\0\0\0\0\0\30\0\0\0\0\0\0\0*\0\0\0\0\0\0\0\0\0\0\0\0\0\0\0\300\7\0\0@\0\0\0\2\0\0\0\0\0\0\0", iov_len=4096}], msg_iovlen=1, msg_controllen=0, msg_flags=0}, MSG_DONTWAIT) = 144
10838 <... openat resumed>)             = -1 ENOENT (No such file or directory)
10838 openat(AT_FDCWD, "/usr/lib/locale/C.utf8/LC_TIME", O_RDONLY|O_CLOEXEC <unfinished ...>
10846 sendto(14, "\20\0\0\0p\0\0\0\326\246-z\0\0\0\0\30\0\24\0\0\0\0\0\r\0\0\0\0\0\0\0\0\0\0\0\0\0\0\0H\0\0\0\0\0\0\0\r\0\0\0\0\0\0\0\0\0\0\0\0\0\0\0\0\0\0\0\1\0\0\0\0\0\0\0\0\0\0\0\0x\1\0\0\1\0\0\0\0\0\0\0\0\0\0\0\0\0\0\0\0\0\0\0\0\0\0\0\0\0\0", 112, MSG_NOSIGNAL, NULL, 0 <unfinished ...>
10838 <... openat resumed>)             = 4
10813 sendto(45, "\20\0\0\0X\0\0\0\35\247-z\0\0\0\0\30\0\"\0\0\0\0\0\v\0\0\0\0\0\0\0\0\0\0\0\0\0\0\0000\0\0\0\0\0\0\0\25\0\0\0\0\0\0\0+\0\0\0\0\0\0\0\0\0\0\0\0\0\0\0\0\10\0\0@\0\0\0\2\0\0\0\0\0\0\0", 88, MSG_NOSIGNAL, NULL, 0 <unfinished ...>
10846 <... sendto resumed>)             = 112
10813 <... sendto resumed>)             = 88
10819 openat(AT_FDCWD, "/tmp/playwright_chromiumdev_profile-56xg4l/Default/Site Characteristics Database/CURRENT", O_RDONLY <unfinished ...>
10813 sendto(45, "\20\0\0\0@\0\0\0\341\247-z\0\0\0\0\30\0#\0\0\0\0\0\f\0\0\0\0\0\0\0\0\0\0\0\0\0\0\0\30\0\0\0\0\0\0\0\30\0\0\0\0\0\0\0\0\0\0\0\0\0\0\0", 64, MSG_NOSIGNAL, NULL, 0 <unfinished ...>
10846 recvmsg(14,  <unfinished ...>
10819 <... openat resumed>)             = 68
10846 <... recvmsg resumed>{msg_name=NULL, msg_namelen=0, msg_iov=[{iov_base="\20\0\0\0X\0\0\0\35\247-z\0\0\0\0\30\0\"\0\0\0\0\0\v\0\0\0\0\0\0\0\0\0\0\0\0\0\0\0000\0\0\0\0\0\0\0\25\0\0\0\0\0\0\0+\0\0\0\0\0\0\0\0\0\0\0\0\0\0\0\0\10\0\0@\0\0\0\2\0\0\0\0\0\0\0\20\0\0\0@\0\0\0\341\247-z\0\0\0\0\30\0#\0\0\0\0\0\f\0\0\0\0\0\0\0\0\0\0\0\0\0\0\0\30\0\0\0\0\0\0\0\30\0\0\0\0\0\0\0\0\0\0\0\0\0\0\0", iov_len=4096}], msg_iovlen=1, msg_controllen=0, msg_flags=0}, MSG_DONTWAIT) = 152
10813 <... sendto resumed>)             = 64
10846 sendto(14, "\20\0\0\0@\0\0\0\231\250-z\0\0\0\0\30\0#\0\0\0\0\0\16\0\0\0\0\0\0\0\0\0\0\0\0\0\0\0\30\0\0\0\0\0\0\0\25\0\0\0\0\0\0\0\0\0\0\0\0\0\0\0", 64, MSG_NOSIGNAL, NULL, 0) = 64
10838 openat(AT_FDCWD, "/usr/lib/locale/C.UTF-8/LC_NUMERIC", O_RDONLY|O_CLOEXEC) = -1 ENOENT (No such file or directory)
10813 recvmsg(45,  <unfinished ...>
10838 openat(AT_FDCWD, "/usr/lib/locale/C.utf8/LC_NUMERIC", O_RDONLY|O_CLOEXEC <unfinished ...>
10813 <... recvmsg resumed>{msg_name=NULL, msg_namelen=0, msg_iov=[{iov_base="\20\0\0\0p\0\0\0\326\246-z\0\0\0\0\30\0\24\0\0\0\0\0\r\0\0\0\0\0\0\0\0\0\0\0\0\0\0\0H\0\0\0\0\0\0\0\r\0\0\0\0\0\0\0\0\0\0\0\0\0\0\0\0\0\0\0\1\0\0\0\0\0\0\0\0\0\0\0\0x\1\0\0\1\0\0\0\0\0\0\0\0\0\0\0\0\0\0\0\0\0\0\0\0\0\0\0\0\0\0\20\0\0\0@\0\0\0\231\250-z\0\0\0\0\30\0#\0\0\0\0\0\16\0\0\0\0\0\0\0\0\0\0\0\0\0\0\0\30\0\0\0\0\0\0\0\25\0\0\0\0\0\0\0\0\0\0\0\0\0\0\0", iov_len=4096}], msg_iovlen=1, msg_controllen=0, msg_flags=0}, MSG_DONTWAIT) = 176
10838 <... openat resumed>)             = 4
10819 openat(AT_FDCWD, "/tmp/playwright_chromiumdev_profile-56xg4l/Default/Site Characteristics Database/MANIFEST-000001", O_RDONLY <unfinished ...>
10839 sendto(14, "\20\0\0\0\350\0\0\0!\252-z\0\0\0\0\30\0\24\0\0\0\0\0\17\0\0\0\0\0\0\0\0\0\0\0\0\0\0\0H\0\0\0\0\0\0\0\21\0\0\0\0\0\0\0\0\0\0\0\0\0\0\0\0\0\0\0\1\0\0\0\0\0\0\0\0\0\0\0\0y\1\0\0\1\0\0\0\0\0\0`\0\0\0p\0\0\0\0\0\0\0\0\0\0\0\0\0\0\0\20\0\0\0\1\0\0\0\0\0\0\0\0\0\0\0h\0\0\0\1\0\0\0\0\0\0\0\0\0\0\0,\0\0\0\0\0\0\0\0\0\0\0\0\0\0\0@\5\0\0@\0\0\0-\0\0\0\0\0\0\0\0\0\0\0\0\0\0\0\0\0\0\0\0\0\0\0\0\0\0\0\0\0\0\0\2\0\0\0\0\0\0\0\0\0\0\0\0\0\0\0\0\0\0\0\0\0\0\0\0\0\0\0\0\0\0\0", 232, MSG_NOSIGNAL, NULL, 0) = 232
10819 <... openat resumed>)             = 68
10813 recvmsg(45, {msg_name=NULL, msg_namelen=0, msg_iov=[{iov_base="\20\0\0\0\350\0\0\0!\252-z\0\0\0\0\30\0\24\0\0\0\0\0\17\0\0\0\0\0\0\0\0\0\0\0\0\0\0\0H\0\0\0\0\0\0\0\21\0\0\0\0\0\0\0\0\0\0\0\0\0\0\0\0\0\0\0\1\0\0\0\0\0\0\0\0\0\0\0\0y\1\0\0\1\0\0\0\0\0\0`\0\0\0p\0\0\0\0\0\0\0\0\0\0\0\0\0\0\0\20\0\0\0\1\0\0\0\0\0\0\0\0\0\0\0h\0\0\0\1\0\0\0\0\0\0\0\0\0\0\0,\0\0\0\0\0\0\0\0\0\0\0\0\0\0\0@\5\0\0@\0\0\0-\0\0\0\0\0\0\0\0\0\0\0\0\0\0\0\0\0\0\0\0\0\0\0\0\0\0\0\0\0\0\0\2\0\0\0\0\0\0\0\0\0\0\0\0\0\0\0\0\0\0\0\0\0\0\0\0\0\0\0\0\0\0\0", iov_len=4096}], msg_iovlen=1, msg_controllen=0, msg_flags=0}, MSG_DONTWAIT) = 232
10838 openat(AT_FDCWD, "/usr/lib/locale/C.UTF-8/LC_CTYPE", O_RDONLY|O_CLOEXEC) = -1 ENOENT (No such file or directory)
10838 openat(AT_FDCWD, "/usr/lib/locale/C.utf8/LC_CTYPE", O_RDONLY|O_CLOEXEC) = 4
10819 openat(AT_FDCWD, "/tmp/playwright_chromiumdev_profile-56xg4l/Default/Site Characteristics Database/MANIFEST-000001", O_WRONLY|O_APPEND) = 68
10819 openat(AT_FDCWD, "/tmp/playwright_chromiumdev_profile-56xg4l/Default/Site Characteristics Database", O_RDONLY|O_NONBLOCK|O_CLOEXEC|O_DIRECTORY <unfinished ...>
10841 openat(AT_FDCWD, "/tmp/playwright_chromiumdev_profile-56xg4l/Default/commerce_subscription_db/LOG", O_WRONLY|O_CREAT|O_TRUNC, 0600 <unfinished ...>
10819 <... openat resumed>)             = 69
10841 <... openat resumed>)             = 70
10817 openat(AT_FDCWD, "/tmp/playwright_chromiumdev_profile-56xg4l/Default/discounts_db/LOG", O_WRONLY|O_CREAT|O_TRUNC, 0600) = 71
10841 openat(AT_FDCWD, "/tmp/playwright_chromiumdev_profile-56xg4l/Default/commerce_subscription_db/LOCK", O_RDWR) = -1 ENOENT (No such file or directory)
10817 openat(AT_FDCWD, "/tmp/playwright_chromiumdev_profile-56xg4l/Default/discounts_db/LOCK", O_RDWR <unfinished ...>
10841 openat(AT_FDCWD, "/tmp/playwright_chromiumdev_profile-56xg4l/Default/commerce_subscription_db/LOCK", O_RDWR|O_CREAT, 0600 <unfinished ...>
10817 <... openat resumed>)             = -1 ENOENT (No such file or directory)
10841 <... openat resumed>)             = 72
10817 openat(AT_FDCWD, "/tmp/playwright_chromiumdev_profile-56xg4l/Default/discounts_db/LOCK", O_RDWR|O_CREAT, 0600 <unfinished ...>
10809 openat(AT_FDCWD, "/tmp/playwright_chromiumdev_profile-56xg4l/Default/chrome_cart_db/LOG", O_WRONLY|O_CREAT|O_TRUNC, 0600 <unfinished ...>
10839 sendto(14, "\20\0\0\0\350\0\0\0\226\273-z\0\0\0\0\30\0\24\0\0\0\0\0\20\0\0\0\0\0\0\0\0\0\0\0\0\0\0\0H\0\0\0\0\0\0\0\21\0\0\0\0\0\0\0\1\0\0\0\0\0\0\0\0\0\0\0\1\0\0\0\0\0\0\0\0\0\0\0\0y\1\0\0\1\0\0\0\0\0\0`\0\0\0p\0\0\0\0\0\0\0\0\0\0\0\0\0\0\0\20\0\0\0\1\0\0\0\0\0\0\0\0\0\0\0h\0\0\0\1\0\0\0\0\0\0\0\0\0\0\0.\0\0\0\0\0\0\0\0\0\0\0\0\0\0\0\300\5\0\0@\0\0\0/\0\0\0\0\0\0\0\0\0\0\0\0\0\0\0\0\0\0\0\0\0\0\0\0\0\0\0\0\0\0\0\2\0\0\0\0\0\0\0\0\0\0\0\0\0\0\0\0\0\0\0\0\0\0\0\0\0\0\0\0\0\0\0", 232, MSG_NOSIGNAL, NULL, 0 <unfinished ...>
10817 <... openat resumed>)             = 73
10839 <... sendto resumed>)             = 232
10809 <... openat resumed>)             = 74
10839 sendto(14, "\20\0\0\0p\0\0\0\26\274-z\0\0\0\0\30\0\24\0\0\0\0\0\21\0\0\0\0\0\0\0\0\0\0\0\0\0\0\0H\0\0\0\0\0\0\0!\0\0\0\0\0\0\0\1\0\0\0\0\0\0\0\0\0\0\0\1\0\0\0\0\0\0\0\0\0\0\0\0z\1\0\0\1\0\0\0\0\0\0\0\0\0\0\0\0\0\0\0\0\0\0\0\0\0\0\0\0\0\0", 112, MSG_NOSIGNAL, NULL, 0 <unfinished ...>
10813 recvmsg(45,  <unfinished ...>
10839 <... sendto resumed>)             = 112
10813 <... recvmsg resumed>{msg_name=NULL, msg_namelen=0, msg_iov=[{iov_base="\20\0\0\0\350\0\0\0\226\273-z\0\0\0\0\30\0\24\0\0\0\0\0\20\0\0\0\0\0\0\0\0\0\0\0\0\0\0\0H\0\0\0\0\0\0\0\21\0\0\0\0\0\0\0\1\0\0\0\0\0\0\0\0\0\0\0\1\0\0\0\0\0\0\0\0\0\0\0\0y\1\0\0\1\0\0\0\0\0\0`\0\0\0p\0\0\0\0\0\0\0\0\0\0\0\0\0\0\0\20\0\0\0\1\0\0\0\0\0\0\0\0\0\0\0h\0\0\0\1\0\0\0\0\0\0\0\0\0\0\0.\0\0\0\0\0\0\0\0\0\0\0\0\0\0\0\300\5\0\0@\0\0\0/\0\0\0\0\0\0\0\0\0\0\0\0\0\0\0\0\0\0\0\0\0\0\0\0\0\0\0\0\0\0\0\2\0\0\0\0\0\0\0\0\0\0\0\0\0\0\0\0\0\0\0\0\0\0\0\0\0\0\0\0\0\0\0\20\0\0\0p\0\0\0\26\274-z\0\0\0\0\30\0\24\0\0\0\0\0"..., iov_len=4096}], msg_iovlen=1, msg_controllen=0, msg_flags=0}, MSG_DONTWAIT) = 344
10809 openat(AT_FDCWD, "/tmp/playwright_chromiumdev_profile-56xg4l/Default/chrome_cart_db/LOCK", O_RDWR) = -1 ENOENT (No such file or directory)
10809 openat(AT_FDCWD, "/tmp/playwright_chromiumdev_profile-56xg4l/Default/chrome_cart_db/LOCK", O_RDWR|O_CREAT, 0600) = 75
10846 sendto(14, "\20\0\0\0p\0\0\0H\302-z\0\0\0\0\30\0\24\0\0\0\0\0\22\0\0\0\0\0\0\0\0\0\0\0\0\0\0\0H\0\0\0\0\0\0\0.\0\0\0\0\0\0\0\0\0\0\0\0\0\0\0\0\0\0\0\1\0\0\0\0\0\0\0\0\0\0\0\0{\1\0\0\1\0\0\0\0\0\0\0\0\0\0\0\0\0\0\0\0\0\0\0\0\0\0\0\0\0\0", 112, MSG_NOSIGNAL, NULL, 0) = 112
10813 recvmsg(45, {msg_name=NULL, msg_namelen=0, msg_iov=[{iov_base="\20\0\0\0p\0\0\0H\302-z\0\0\0\0\30\0\24\0\0\0\0\0\22\0\0\0\0\0\0\0\0\0\0\0\0\0\0\0H\0\0\0\0\0\0\0.\0\0\0\0\0\0\0\0\0\0\0\0\0\0\0\0\0\0\0\1\0\0\0\0\0\0\0\0\0\0\0\0{\1\0\0\1\0\0\0\0\0\0\0\0\0\0\0\0\0\0\0\0\0\0\0\0\0\0\0\0\0\0", iov_len=4096}], msg_iovlen=1, msg_controllen=0, msg_flags=0}, MSG_DONTWAIT) = 112
10819 openat(AT_FDCWD, "/tmp/playwright_chromiumdev_profile-56xg4l/Default/Site Characteristics Database", O_RDONLY|O_NONBLOCK|O_CLOEXEC|O_DIRECTORY) = 69
10809 sendto(45, "\20\0\0\0p\0\0\0\253\306-z\0\0\0\0\30\0\24\0\0\0\0\0\r\0\0\0\0\0\0\0\0\0\0\0\0\0\0\0H\0\0\0\0\0\0\0.\0\0\0\0\0\0\0\0\0\0\0\0\0\0\0\0\0\0\0\1\0\0\0\0\0\0\0\0\0\0\0\0y\1\0\0\1\0\0\0\0\0\0\0\0\0\0\0\0\0\0\0\0\0\0\0\0\0\0\0\0\0\0", 112, MSG_NOSIGNAL, NULL, 0) = 112
10846 recvmsg(14, {msg_name=NULL, msg_namelen=0, msg_iov=[{iov_base="\20\0\0\0p\0\0\0\253\306-z\0\0\0\0\30\0\24\0\0\0\0\0\r\0\0\0\0\0\0\0\0\0\0\0\0\0\0\0H\0\0\0\0\0\0\0.\0\0\0\0\0\0\0\0\0\0\0\0\0\0\0\0\0\0\0\1\0\0\0\0\0\0\0\0\0\0\0\0y\1\0\0\1\0\0\0\0\0\0\0\0\0\0\0\0\0\0\0\0\0\0\0\0\0\0\0\0\0\0", iov_len=4096}], msg_iovlen=1, msg_controllen=0, msg_flags=0}, MSG_DONTWAIT) = 112
10817 openat(AT_FDCWD, "/tmp/playwright_chromiumdev_profile-56xg4l/Default/parcel_tracking_db/LOG", O_WRONLY|O_CREAT|O_TRUNC, 0600) = 70
10817 openat(AT_FDCWD, "/tmp/playwright_chromiumdev_profile-56xg4l/Default/parcel_tracking_db/LOCK", O_RDWR) = -1 ENOENT (No such file or directory)
10817 openat(AT_FDCWD, "/tmp/playwright_chromiumdev_profile-56xg4l/Default/parcel_tracking_db/LOCK", O_RDWR|O_CREAT, 0600 <unfinished ...>
10838 openat(AT_FDCWD, "/proc/self/status", O_RDONLY) = 4
10817 <... openat resumed>)             = 71
10846 sendto(14, "\20\0\0\0p\0\0\0\315\314-z\0\0\0\0\30\0\24\0\0\0\0\0\23\0\0\0\0\0\0\0\0\0\0\0\0\0\0\0H\0\0\0\0\0\0\0.\0\0\0\0\0\0\0\1\0\0\0\0\0\0\0\0\0\0\0\1\0\0\0\0\0\0\0\0\0\0\0\0y\1\0\0\1\0\0\0\0\0\0\0\0\0\0\0\0\0\0\0\0\0\0\0\0\0\0\0\0\0\0", 112, MSG_NOSIGNAL, NULL, 0) = 112
10813 recvmsg(45, {msg_name=NULL, msg_namelen=0, msg_iov=[{iov_base="\20\0\0\0p\0\0\0\315\314-z\0\0\0\0\30\0\24\0\0\0\0\0\23\0\0\0\0\0\0\0\0\0\0\0\0\0\0\0H\0\0\0\0\0\0\0.\0\0\0\0\0\0\0\1\0\0\0\0\0\0\0\0\0\0\0\1\0\0\0\0\0\0\0\0\0\0\0\0y\1\0\0\1\0\0\0\0\0\0\0\0\0\0\0\0\0\0\0\0\0\0\0\0\0\0\0\0\0\0", iov_len=4096}], msg_iovlen=1, msg_controllen=0, msg_flags=0}, MSG_DONTWAIT) = 112
10838 openat(AT_FDCWD, "/opt/google/chrome/icudtl.dat", O_RDONLY) = 4
10848 openat(AT_FDCWD, "/tmp/playwright_chromiumdev_profile-56xg4l/Default/discount_infos_db/LOG", O_WRONLY|O_CREAT|O_TRUNC, 0600) = 70
10838 openat(AT_FDCWD, "/etc/localtime", O_RDONLY|O_CLOEXEC <unfinished ...>
10819 openat(AT_FDCWD, "/tmp/playwright_chromiumdev_profile-56xg4l/Default/Site Characteristics Database/000003.log", O_WRONLY|O_CREAT|O_TRUNC, 0600 <unfinished ...>
10838 <... openat resumed>)             = 7
10819 <... openat resumed>)             = 69
10819 openat(AT_FDCWD, "/tmp/playwright_chromiumdev_profile-56xg4l/Default/Site Characteristics Database", O_RDONLY|O_NONBLOCK|O_CLOEXEC|O_DIRECTORY <unfinished ...>
10848 openat(AT_FDCWD, "/tmp/playwright_chromiumdev_profile-56xg4l/Default/discount_infos_db/LOCK", O_RDWR <unfinished ...>
10819 <... openat resumed>)             = 71
10848 <... openat resumed>)             = -1 ENOENT (No such file or directory)
10848 openat(AT_FDCWD, "/tmp/playwright_chromiumdev_profile-56xg4l/Default/discount_infos_db/LOCK", O_RDWR|O_CREAT, 0600) = 72
10817 sendto(45, "\20\0\0\0p\0\0\0\245\327-z\0\0\0\0\30\0\24\0\0\0\0\0\16\0\0\0\0\0\0\0\0\0\0\0\0\0\0\0H\0\0\0\0\0\0\0.\0\0\0\0\0\0\0\1\0\0\0\0\0\0\0\0\0\0\0\1\0\0\0\0\0\0\0\0\0\0\0\0{\1\0\0\1\0\0\0\0\0\0\0\0\0\0\0\0\0\0\0\0\0\0\0\0\0\0\0\0\0\0", 112, MSG_NOSIGNAL, NULL, 0) = 112
10846 recvmsg(14, {msg_name=NULL, msg_namelen=0, msg_iov=[{iov_base="\20\0\0\0p\0\0\0\245\327-z\0\0\0\0\30\0\24\0\0\0\0\0\16\0\0\0\0\0\0\0\0\0\0\0\0\0\0\0H\0\0\0\0\0\0\0.\0\0\0\0\0\0\0\1\0\0\0\0\0\0\0\0\0\0\0\1\0\0\0\0\0\0\0\0\0\0\0\0{\1\0\0\1\0\0\0\0\0\0\0\0\0\0\0\0\0\0\0\0\0\0\0\0\0\0\0\0\0\0", iov_len=4096}], msg_iovlen=1, msg_controllen=0, msg_flags=0}, MSG_DONTWAIT) = 112
10846 sendto(14, "\20\0\0\0p\0\0\0[\332-z\0\0\0\0\30\0\24\0\0\0\0\0\24\0\0\0\0\0\0\0\0\0\0\0\0\0\0\0H\0\0\0\0\0\0\0.\0\0\0\0\0\0\0\2\0\0\0\0\0\0\0\0\0\0\0\1\0\0\0\0\0\0\0\0\0\0\0\0{\1\0\0\1\0\0\0\0\0\0\0\0\0\0\0\0\0\0\0\0\0\0\0\0\0\0\0\0\0\0", 112, MSG_NOSIGNAL, NULL, 0) = 112
10813 recvmsg(45, {msg_name=NULL, msg_namelen=0, msg_iov=[{iov_base="\20\0\0\0p\0\0\0[\332-z\0\0\0\0\30\0\24\0\0\0\0\0\24\0\0\0\0\0\0\0\0\0\0\0\0\0\0\0H\0\0\0\0\0\0\0.\0\0\0\0\0\0\0\2\0\0\0\0\0\0\0\0\0\0\0\1\0\0\0\0\0\0\0\0\0\0\0\0{\1\0\0\1\0\0\0\0\0\0\0\0\0\0\0\0\0\0\0\0\0\0\0\0\0\0\0\0\0\0", iov_len=4096}], msg_iovlen=1, msg_controllen=0, msg_flags=0}, MSG_DONTWAIT) = 112
10819 openat(AT_FDCWD, "/tmp/playwright_chromiumdev_profile-56xg4l/Default/Site Characteristics Database", O_RDONLY|O_NONBLOCK|O_CLOEXEC|O_DIRECTORY) = 70
10809 openat(AT_FDCWD, "/tmp/playwright_chromiumdev_profile-56xg4l/Default/Segmentation Platform/SegmentInfoDB/LOG", O_WRONLY|O_CREAT|O_TRUNC, 0600) = 71
10817 sendto(45, "\20\0\0\0p\0\0\0\377\335-z\0\0\0\0\30\0\24\0\0\0\0\0\17\0\0\0\0\0\0\0\0\0\0\0\0\0\0\0H\0\0\0\0\0\0\0.\0\0\0\0\0\0\0\2\0\0\0\0\0\0\0\0\0\0\0\1\0\0\0\0\0\0\0\0\0\0\0\0y\1\0\0\1\0\0\0\0\0\0\0\0\0\0\0\0\0\0\0\0\0\0\0\0\0\0\0\0\0\0", 112, MSG_NOSIGNAL, NULL, 0) = 112
10846 recvmsg(14, {msg_name=NULL, msg_namelen=0, msg_iov=[{iov_base="\20\0\0\0p\0\0\0\377\335-z\0\0\0\0\30\0\24\0\0\0\0\0\17\0\0\0\0\0\0\0\0\0\0\0\0\0\0\0H\0\0\0\0\0\0\0.\0\0\0\0\0\0\0\2\0\0\0\0\0\0\0\0\0\0\0\1\0\0\0\0\0\0\0\0\0\0\0\0y\1\0\0\1\0\0\0\0\0\0\0\0\0\0\0\0\0\0\0\0\0\0\0\0\0\0\0\0\0\0", iov_len=4096}], msg_iovlen=1, msg_controllen=0, msg_flags=0}, MSG_DONTWAIT) = 112
10838 openat(AT_FDCWD, "/opt/google/chrome/chrome_100_percent.pak", O_RDONLY) = 7
10809 openat(AT_FDCWD, "/tmp/playwright_chromiumdev_profile-56xg4l/Default/Segmentation Platform/SegmentInfoDB/LOCK", O_RDWR) = -1 ENOENT (No such file or directory)
10846 sendto(14, "\20\0\0\0p\0\0\0C\341-z\0\0\0\0\30\0\24\0\0\0\0\0\25\0\0\0\0\0\0\0\0\0\0\0\0\0\0\0H\0\0\0\0\0\0\0.\0\0\0\0\0\0\0\3\0\0\0\0\0\0\0\0\0\0\0\1\0\0\0\0\0\0\0\0\0\0\0\0y\1\0\0\1\0\0\0\0\0\0\0\0\0\0\0\0\0\0\0\0\0\0\0\0\0\0\0\0\0\0", 112, MSG_NOSIGNAL, NULL, 0 <unfinished ...>
10809 openat(AT_FDCWD, "/tmp/playwright_chromiumdev_profile-56xg4l/Default/Segmentation Platform/SegmentInfoDB/LOCK", O_RDWR|O_CREAT, 0600 <unfinished ...>
10846 <... sendto resumed>)             = 112
10809 <... openat resumed>)             = 72
10813 recvmsg(45, {msg_name=NULL, msg_namelen=0, msg_iov=[{iov_base="\20\0\0\0p\0\0\0C\341-z\0\0\0\0\30\0\24\0\0\0\0\0\25\0\0\0\0\0\0\0\0\0\0\0\0\0\0\0H\0\0\0\0\0\0\0.\0\0\0\0\0\0\0\3\0\0\0\0\0\0\0\0\0\0\0\1\0\0\0\0\0\0\0\0\0\0\0\0y\1\0\0\1\0\0\0\0\0\0\0\0\0\0\0\0\0\0\0\0\0\0\0\0\0\0\0\0\0\0", iov_len=4096}], msg_iovlen=1, msg_controllen=0, msg_flags=0}, MSG_DONTWAIT) = 112
10838 openat(AT_FDCWD, "/opt/google/chrome/chrome_200_percent.pak", O_RDONLY) = 8
10838 openat(AT_FDCWD, "/usr/share/locale/locale.alias", O_RDONLY|O_CLOEXEC <unfinished ...>
10817 openat(AT_FDCWD, "/tmp/playwright_chromiumdev_profile-56xg4l/Default/Local Storage/leveldb/LOG", O_WRONLY|O_CREAT|O_TRUNC, 0600) = 70
10838 <... openat resumed>)             = 9
10817 sendmsg(45, {msg_name=NULL, msg_namelen=0, msg_iov=[{iov_base="\20\0\1\0\250\0\0\08\344-z\0\0\0\0\30\0\24\0\0\0\0\0\20\0\0\0\0\0\0\0p\0\0\0\0\0\0\0H\0\0\0\0\0\0\0.\0\0\0\0\0\0\0\3\0\0\0\0\0\0\0\0\0\0\0\1\0\0\0\0\0\0\0\0\0\0\0\0{\1\0\0\1\0\0\0\0\0\0`\0\0\0\0\0\0\0\0\0\0\0\0\0\0\0\1\0\0\0\20\0\0\0\1\0\0\0\1\0\0\0\0\0\0\0\20\0\0\0\1\0\0\0\200\0\0\0\0\0\1\0\30\0\0\0\20\0\0\0\10\0\0\0\4\0\0\0\10\0\0\0\0\0\0\0", iov_len=168}], msg_iovlen=1, msg_control=[{cmsg_len=20, cmsg_level=SOL_SOCKET, cmsg_type=SCM_RIGHTS, cmsg_data=[70]}], msg_controllen=20, msg_flags=0}, MSG_NOSIGNAL) = 168
10846 recvmsg(14, {msg_name=NULL, msg_namelen=0, msg_iov=[{iov_base="\20\0\1\0\250\0\0\08\344-z\0\0\0\0\30\0\24\0\0\0\0\0\20\0\0\0\0\0\0\0p\0\0\0\0\0\0\0H\0\0\0\0\0\0\0.\0\0\0\0\0\0\0\3\0\0\0\0\0\0\0\0\0\0\0\1\0\0\0\0\0\0\0\0\0\0\0\0{\1\0\0\1\0\0\0\0\0\0`\0\0\0\0\0\0\0\0\0\0\0\0\0\0\0\1\0\0\0\20\0\0\0\1\0\0\0\1\0\0\0\0\0\0\0\20\0\0\0\1\0\0\0\200\0\0\0\0\0\1\0\30\0\0\0\20\0\0\0\10\0\0\0\4\0\0\0\10\0\0\0\0\0\0\0", iov_len=4096}], msg_iovlen=1, msg_control=[{cmsg_len=20, cmsg_level=SOL_SOCKET, cmsg_type=SCM_RIGHTS, cmsg_data=[20]}], msg_controllen=24, msg_flags=0}, MSG_DONTWAIT) = 168
10846 sendto(14, "\20\0\0\0p\0\0\0d\347-z\0\0\0\0\30\0\24\0\0\0\0\0\26\0\0\0\0\0\0\0\0\0\0\0\0\0\0\0H\0\0\0\0\0\0\0.\0\0\0\0\0\0\0\4\0\0\0\0\0\0\0\0\0\0\0\1\0\0\0\0\0\0\0\0\0\0\0\0{\1\0\0\1\0\0\0\0\0\0\0\0\0\0\0\0\0\0\0\0\0\0\0\0\0\0\0\0\0\0", 112, MSG_NOSIGNAL, NULL, 0) = 112
10813 recvmsg(45, {msg_name=NULL, msg_namelen=0, msg_iov=[{iov_base="\20\0\0\0p\0\0\0d\347-z\0\0\0\0\30\0\24\0\0\0\0\0\26\0\0\0\0\0\0\0\0\0\0\0\0\0\0\0H\0\0\0\0\0\0\0.\0\0\0\0\0\0\0\4\0\0\0\0\0\0\0\0\0\0\0\1\0\0\0\0\0\0\0\0\0\0\0\0{\1\0\0\1\0\0\0\0\0\0\0\0\0\0\0\0\0\0\0\0\0\0\0\0\0\0\0\0\0\0", iov_len=4096}], msg_iovlen=1, msg_controllen=0, msg_flags=0}, MSG_DONTWAIT) = 112
10838 openat(AT_FDCWD, "/opt/google/chrome/locales/en-US.pak", O_RDONLY) = 9
10819 sendto(45, "\20\0\0\0p\0\0\0\252\351-z\0\0\0\0\30\0\24\0\0\0\0\0\21\0\0\0\0\0\0\0\0\0\0\0\0\0\0\0H\0\0\0\0\0\0\0.\0\0\0\0\0\0\0\4\0\0\0\0\0\0\0\0\0\0\0\1\0\0\0\0\0\0\0\0\0\0\0\0y\1\0\0\1\0\0\0\0\0\0\0\0\0\0\0\0\0\0\0\0\0\0\0\0\0\0\0\0\0\0", 112, MSG_NOSIGNAL, NULL, 0) = 112
10846 recvmsg(14, {msg_name=NULL, msg_namelen=0, msg_iov=[{iov_base="\20\0\0\0p\0\0\0\252\351-z\0\0\0\0\30\0\24\0\0\0\0\0\21\0\0\0\0\0\0\0\0\0\0\0\0\0\0\0H\0\0\0\0\0\0\0.\0\0\0\0\0\0\0\4\0\0\0\0\0\0\0\0\0\0\0\1\0\0\0\0\0\0\0\0\0\0\0\0y\1\0\0\1\0\0\0\0\0\0\0\0\0\0\0\0\0\0\0\0\0\0\0\0\0\0\0\0\0\0", iov_len=4096}], msg_iovlen=1, msg_controllen=0, msg_flags=0}, MSG_DONTWAIT) = 112
10838 openat(AT_FDCWD, "/opt/google/chrome/resources.pak", O_RDONLY) = 11
10846 sendto(14, "\20\0\0\0p\0\0\0q\353-z\0\0\0\0\30\0\24\0\0\0\0\0\27\0\0\0\0\0\0\0\0\0\0\0\0\0\0\0H\0\0\0\0\0\0\0.\0\0\0\0\0\0\0\5\0\0\0\0\0\0\0\0\0\0\0\1\0\0\0\0\0\0\0\0\0\0\0\0y\1\0\0\1\0\0\0\0\0\0\0\0\0\0\0\0\0\0\0\0\0\0\0\0\0\0\0\0\0\0", 112, MSG_NOSIGNAL, NULL, 0) = 112
10813 recvmsg(45, {msg_name=NULL, msg_namelen=0, msg_iov=[{iov_base="\20\0\0\0p\0\0\0q\353-z\0\0\0\0\30\0\24\0\0\0\0\0\27\0\0\0\0\0\0\0\0\0\0\0\0\0\0\0H\0\0\0\0\0\0\0.\0\0\0\0\0\0\0\5\0\0\0\0\0\0\0\0\0\0\0\1\0\0\0\0\0\0\0\0\0\0\0\0y\1\0\0\1\0\0\0\0\0\0\0\0\0\0\0\0\0\0\0\0\0\0\0\0\0\0\0\0\0\0", iov_len=4096}], msg_iovlen=1, msg_controllen=0, msg_flags=0}, MSG_DONTWAIT) = 112
10819 openat(AT_FDCWD, "/tmp/playwright_chromiumdev_profile-56xg4l/Default/Local Storage/leveldb/LOCK", O_RDWR) = -1 ENOENT (No such file or directory)
10809 openat(AT_FDCWD, "/tmp/playwright_chromiumdev_profile-56xg4l/Default/Segmentation Platform/SignalDB/LOG", O_WRONLY|O_CREAT|O_TRUNC, 0600 <unfinished ...>
10819 openat(AT_FDCWD, "/tmp/playwright_chromiumdev_profile-56xg4l/Default/Local Storage/leveldb/LOCK", O_RDWR|O_CREAT, 0600 <unfinished ...>
10809 <... openat resumed>)             = 70
10819 <... openat resumed>)             = 71
10819 sendto(45, "\20\0\0\0\350\0\0\0n\360-z\0\0\0\0\30\0\24\0\0\0\0\0\22\0\0\0\0\0\0\0\0\0\0\0\0\0\0\0H\0\0\0\0\0\0\0.\0\0\0\0\0\0\0\5\0\0\0\0\0\0\0\0\0\0\0\1\0\0\0\0\0\0\0\0\0\0\0\0{\1\0\0\1\0\0\0\0\0\0`\0\0\0p\0\0\0\0\0\0\0\0\0\0\0\0\0\0\0\20\0\0\0\1\0\0\0\0\0\0\0\0\0\0\0h\0\0\0\1\0\0\0\0\0\0\0\0\0\0\0000\0\0\0\0\0\0\0\0\0\0\0\0\0\0\0@\10\0\0@\0\0\0001\0\0\0\0\0\0\0\0\0\0\0\0\0\0\0\0\0\0\0\0\0\0\0\0\0\0\0\0\0\0\0\2\0\0\0\0\0\0\0\0\0\0\0\0\0\0\0\0\0\0\0\0\0\0\0\0\0\0\0\0\0\0\0", 232, MSG_NOSIGNAL, NULL, 0) = 232
10809 openat(AT_FDCWD, "/tmp/playwright_chromiumdev_profile-56xg4l/Default/Segmentation Platform/SignalDB/LOCK", O_RDWR) = -1 ENOENT (No such file or directory)
10846 recvmsg(14,  <unfinished ...>
10809 openat(AT_FDCWD, "/tmp/playwright_chromiumdev_profile-56xg4l/Default/Segmentation Platform/SignalDB/LOCK", O_RDWR|O_CREAT, 0600 <unfinished ...>
10846 <... recvmsg resumed>{msg_name=NULL, msg_namelen=0, msg_iov=[{iov_base="\20\0\0\0\350\0\0\0n\360-z\0\0\0\0\30\0\24\0\0\0\0\0\22\0\0\0\0\0\0\0\0\0\0\0\0\0\0\0H\0\0\0\0\0\0\0.\0\0\0\0\0\0\0\5\0\0\0\0\0\0\0\0\0\0\0\1\0\0\0\0\0\0\0\0\0\0\0\0{\1\0\0\1\0\0\0\0\0\0`\0\0\0p\0\0\0\0\0\0\0\0\0\0\0\0\0\0\0\20\0\0\0\1\0\0\0\0\0\0\0\0\0\0\0h\0\0\0\1\0\0\0\0\0\0\0\0\0\0\0000\0\0\0\0\0\0\0\0\0\0\0\0\0\0\0@\10\0\0@\0\0\0001\0\0\0\0\0\0\0\0\0\0\0\0\0\0\0\0\0\0\0\0\0\0\0\0\0\0\0\0\0\0\0\2\0\0\0\0\0\0\0\0\0\0\0\0\0\0\0\0\0\0\0\0\0\0\0\0\0\0\0\0\0\0\0", iov_len=4096}], msg_iovlen=1, msg_controllen=0, msg_flags=0}, MSG_DONTWAIT) = 232
10809 <... openat resumed>)             = 72
10819 openat(AT_FDCWD, "/tmp/playwright_chromiumdev_profile-56xg4l/Default/LOG", O_WRONLY|O_CREAT|O_TRUNC, 0600) = 72
10846 sendto(14, "\20\0\0\0p\0\0\0\1\367-z\0\0\0\0\30\0\24\0\0\0\0\0\30\0\0\0\0\0\0\0\0\0\0\0\0\0\0\0H\0\0\0\0\0\0\0.\0\0\0\0\0\0\0\6\0\0\0\0\0\0\0\0\0\0\0\1\0\0\0\0\0\0\0\0\0\0\0\0{\1\0\0\1\0\0\0\0\0\0\0\0\0\0\0\0\0\0\0\0\0\0\0\0\0\0\0\0\0\0", 112, MSG_NOSIGNAL, NULL, 0) = 112
10819 openat(AT_FDCWD, "/tmp/playwright_chromiumdev_profile-56xg4l/Default/LOCK", O_RDWR) = -1 ENOENT (No such file or directory)
10819 openat(AT_FDCWD, "/tmp/playwright_chromiumdev_profile-56xg4l/Default/LOCK", O_RDWR|O_CREAT, 0600 <unfinished ...>
10813 recvmsg(45,  <unfinished ...>
10809 openat(AT_FDCWD, "/tmp/playwright_chromiumdev_profile-56xg4l/Default/Segmentation Platform/SignalStorageConfigDB/LOG", O_WRONLY|O_CREAT|O_TRUNC, 0600 <unfinished ...>
10813 <... recvmsg resumed>{msg_name=NULL, msg_namelen=0, msg_iov=[{iov_base="\20\0\0\0p\0\0\0\1\367-z\0\0\0\0\30\0\24\0\0\0\0\0\30\0\0\0\0\0\0\0\0\0\0\0\0\0\0\0H\0\0\0\0\0\0\0.\0\0\0\0\0\0\0\6\0\0\0\0\0\0\0\0\0\0\0\1\0\0\0\0\0\0\0\0\0\0\0\0{\1\0\0\1\0\0\0\0\0\0\0\0\0\0\0\0\0\0\0\0\0\0\0\0\0\0\0\0\0\0", iov_len=4096}], msg_iovlen=1, msg_controllen=0, msg_flags=0}, MSG_DONTWAIT) = 112
10809 <... openat resumed>)             = 70
10809 openat(AT_FDCWD, "/tmp/playwright_chromiumdev_profile-56xg4l/Default/Segmentation Platform/SignalStorageConfigDB/LOCK", O_RDWR) = -1 ENOENT (No such file or directory)
10819 <... openat resumed>)             = 73
10809 openat(AT_FDCWD, "/tmp/playwright_chromiumdev_profile-56xg4l/Default/Segmentation Platform/SignalStorageConfigDB/LOCK", O_RDWR|O_CREAT, 0600) = 74
10841 sendto(45, "\20\0\0\0p\0\0\0\350\373-z\0\0\0\0\30\0\24\0\0\0\0\0\23\0\0\0\0\0\0\0\0\0\0\0\0\0\0\0H\0\0\0\0\0\0\0.\0\0\0\0\0\0\0\6\0\0\0\0\0\0\0\0\0\0\0\1\0\0\0\0\0\0\0\0\0\0\0\0y\1\0\0\1\0\0\0\0\0\0\0\0\0\0\0\0\0\0\0\0\0\0\0\0\0\0\0\0\0\0", 112, MSG_NOSIGNAL, NULL, 0) = 112
10846 recvmsg(14, {msg_name=NULL, msg_namelen=0, msg_iov=[{iov_base="\20\0\0\0p\0\0\0\350\373-z\0\0\0\0\30\0\24\0\0\0\0\0\23\0\0\0\0\0\0\0\0\0\0\0\0\0\0\0H\0\0\0\0\0\0\0.\0\0\0\0\0\0\0\6\0\0\0\0\0\0\0\0\0\0\0\1\0\0\0\0\0\0\0\0\0\0\0\0y\1\0\0\1\0\0\0\0\0\0\0\0\0\0\0\0\0\0\0\0\0\0\0\0\0\0\0\0\0\0", iov_len=4096}], msg_iovlen=1, msg_controllen=0, msg_flags=0}, MSG_DONTWAIT) = 112
10817 openat(AT_FDCWD, "/tmp/playwright_chromiumdev_profile-56xg4l/Default/PersistentOriginTrials/LOG", O_WRONLY|O_CREAT|O_TRUNC, 0600) = 70
10817 openat(AT_FDCWD, "/tmp/playwright_chromiumdev_profile-56xg4l/Default/PersistentOriginTrials/LOCK", O_RDWR) = -1 ENOENT (No such file or directory)
10817 openat(AT_FDCWD, "/tmp/playwright_chromiumdev_profile-56xg4l/Default/PersistentOriginTrials/LOCK", O_RDWR|O_CREAT, 0600) = 72
10809 openat(AT_FDCWD, "/tmp/playwright_chromiumdev_profile-56xg4l/Default/Extension Rules/LOG", O_WRONLY|O_CREAT|O_TRUNC, 0600) = 70
10809 openat(AT_FDCWD, "/tmp/playwright_chromiumdev_profile-56xg4l/Default/Extension Rules/LOCK", O_RDWR) = -1 ENOENT (No such file or directory)
10809 openat(AT_FDCWD, "/tmp/playwright_chromiumdev_profile-56xg4l/Default/Extension Rules/LOCK", O_RDWR|O_CREAT, 0600) = 72
10809 openat(AT_FDCWD, "/tmp/playwright_chromiumdev_profile-56xg4l/Default/Extension Rules/MANIFEST-000001", O_WRONLY|O_CREAT|O_TRUNC, 0600) = 73
10809 openat(AT_FDCWD, "/tmp/playwright_chromiumdev_profile-56xg4l/Default/Extension Rules", O_RDONLY) = 74
10811 openat(AT_FDCWD, "/tmp/playwright_chromiumdev_profile-56xg4l/Default", O_RDONLY|O_CLOEXEC) = 74
10808 openat(AT_FDCWD, "/tmp/playwright_chromiumdev_profile-56xg4l/Default", O_RDONLY|O_CLOEXEC) = 75
10809 openat(AT_FDCWD, "/tmp/playwright_chromiumdev_profile-56xg4l/Default/Extension Rules/000001.dbtmp", O_WRONLY|O_CREAT|O_TRUNC, 0600) = 73
10809 openat(AT_FDCWD, "/tmp/playwright_chromiumdev_profile-56xg4l/Default/Extension Rules/CURRENT", O_RDONLY) = 73
10809 openat(AT_FDCWD, "/tmp/playwright_chromiumdev_profile-56xg4l/Default/Extension Rules/MANIFEST-000001", O_RDONLY) = 73
10809 openat(AT_FDCWD, "/tmp/playwright_chromiumdev_profile-56xg4l/Default/Extension Rules/MANIFEST-000001", O_WRONLY|O_APPEND) = 73
10809 openat(AT_FDCWD, "/tmp/playwright_chromiumdev_profile-56xg4l/Default/Extension Rules", O_RDONLY|O_NONBLOCK|O_CLOEXEC|O_DIRECTORY) = 74
10818 openat(AT_FDCWD, "/tmp/playwright_chromiumdev_profile-56xg4l/Default", O_RDONLY|O_CLOEXEC) = 75
10809 openat(AT_FDCWD, "/tmp/playwright_chromiumdev_profile-56xg4l/Default/Extension Rules", O_RDONLY|O_NONBLOCK|O_CLOEXEC|O_DIRECTORY) = 74
10809 openat(AT_FDCWD, "/tmp/playwright_chromiumdev_profile-56xg4l/Default/Extension Rules/000003.log", O_WRONLY|O_CREAT|O_TRUNC, 0600) = 74
10809 openat(AT_FDCWD, "/tmp/playwright_chromiumdev_profile-56xg4l/Default/Extension Rules", O_RDONLY|O_NONBLOCK|O_CLOEXEC|O_DIRECTORY) = 75
10838 openat(AT_FDCWD, "/sys/devices/system/cpu/possible", O_RDONLY|O_CLOEXEC) = 12
10838 openat(AT_FDCWD, "/sys/devices/system/cpu/cpu0/cpufreq/cpuinfo_max_freq", O_RDONLY|O_NOCTTY|O_NONBLOCK|O_CLOEXEC <unfinished ...>
10809 openat(AT_FDCWD, "/tmp/playwright_chromiumdev_profile-56xg4l/Default/Extension Rules", O_RDONLY|O_NONBLOCK|O_CLOEXEC|O_DIRECTORY <unfinished ...>
10838 <... openat resumed>)             = -1 ENOENT (No such file or directory)
10809 <... openat resumed>)             = 75
10809 openat(AT_FDCWD, "/tmp/playwright_chromiumdev_profile-56xg4l/Default/Extension Scripts/LOG", O_WRONLY|O_CREAT|O_TRUNC, 0600) = 75
10809 openat(AT_FDCWD, "/tmp/playwright_chromiumdev_profile-56xg4l/Default/Extension Scripts/LOCK", O_RDWR) = -1 ENOENT (No such file or directory)
10809 openat(AT_FDCWD, "/tmp/playwright_chromiumdev_profile-56xg4l/Default/Extension Scripts/LOCK", O_RDWR|O_CREAT, 0600) = 76
10809 openat(AT_FDCWD, "/tmp/playwright_chromiumdev_profile-56xg4l/Default/Extension Scripts/MANIFEST-000001", O_WRONLY|O_CREAT|O_TRUNC, 0600) = 77
10838 sendto(5, "\20\0\0\0P\0\0\0\220B.z\0\0\0\0\30\0\1\0\0\0\0\0\0\0\0\0\0\0\0\0\0\0\0\0\0\0\0\0\30\0\0\0\0\0\0\0\0\0\0\0\10\0\0\0000\0\0\0\0\0\0\0\20\0\0\0\1\0\0\0\0\0\0\0\0\0\0\0", 80, MSG_NOSIGNAL, NULL, 0) = 80
10838 socketpair(AF_UNIX, SOCK_STREAM, 0,  <unfinished ...>
10813 recvmsg(37,  <unfinished ...>
10838 <... socketpair resumed>[14, 15]) = 0
10813 <... recvmsg resumed>{msg_name=NULL, msg_namelen=0, msg_iov=[{iov_base="\20\0\0\0P\0\0\0\220B.z\0\0\0\0\30\0\1\0\0\0\0\0\0\0\0\0\0\0\0\0\0\0\0\0\0\0\0\0\30\0\0\0\0\0\0\0\0\0\0\0\10\0\0\0000\0\0\0\0\0\0\0\20\0\0\0\1\0\0\0\0\0\0\0\0\0\0\0", iov_len=4096}], msg_iovlen=1, msg_controllen=0, msg_flags=0}, MSG_DONTWAIT) = 80
10813 sendto(37, "\20\0\0\0\210\1\0\0\342D.z\0\0\0\0\30\0\24\0\0\0\0\0\0\0\0\0\0\0\0\0\0\0\0\0\0\0\0\0H\0\0\0\0\0\0\0\1\0\0\0\0\0\0\0\0\0\0\0\0\0\0\0\0\0\0\0\1\0\0\0\377\377\377\377\377\377\377\377\0\0\0\0\0\0\0\0`\0\0\0\0\1\0\0\20\1\0\0\0\0\0\0\0\0\0\0\0\0\0\0\240\0\0\0\230\0\0\08\0\0\0\3\0\0\0\0\0\0\0\331\0\254A\0\0\0\0xP0^\0\0\0\0\0\0\0\0\30\0\0\0\0\0\0\0\0\0\0\0\0\0\0\0\0\0\0\0\0\0\0\0\20\0\0\0\0\0\0\0\10\0\0\0\0\0\0\0\30\0\0\0\0\0\0\0\20\0\0\0\0\0\0\0\0\0\0\0\0\0\0\0002\0\0\0*\0\0\0metrics.mojom.ChildHistogramFetc"..., 392, MSG_NOSIGNAL, NULL, 0 <unfinished ...>
10809 openat(AT_FDCWD, "/tmp/playwright_chromiumdev_profile-56xg4l/Default/Extension Scripts", O_RDONLY <unfinished ...>
10813 <... sendto resumed>)             = 392
10813 sendto(37, "\20\0\0\0@\1\0\0,F.z\0\0\0\0\30\0\24\0\0\0\0\0\1\0\0\0\0\0\0\0\0\0\0\0\0\0\0\0H\0\0\0\0\0\0\0\f\0\0\0\0\0\0\0\0\0\0\0\0\0\0\0\0\0\0\0\1\0\0\0\377\377\377\377\377\377\377\377\0\0\0\0\0\0\0\0`\0\0\0\270\0\0\0\310\0\0\0\0\0\0\0\0\0\0\0\0\0\0\0X\0\0\0P\0\0\08\0\0\0\3\0\0\0\0\0\0\0004\304\225/\0\0\0\0yP0^\0\0\0\0\0\0\0\0\30\0\0\0\0\0\0\0\0\0\0\0\0\0\0\0\0\0\0\0\0\0\0\0\30\0\0\0\0\0\0\0\0\0\0\0\0\0\0\0\0\0\0\0\0\0\0\0\20\0\0\0\1\0\0\0\0\0\0\0\0\0\0\0h\0\0\0\1\0\0\0\0\0\0\0\0\0\0\0\r\0\0\0\0\0\0\0\0\0\0\0\0\0\0\0@\4\0\0@\0\0\0"..., 320, MSG_NOSIGNAL, NULL, 0 <unfinished ...>
10809 <... openat resumed>)             = 78
10813 <... sendto resumed>)             = 320
10813 sendto(37, "\20\0\0\0\300\0\0\0\337F.z\0\0\0\0\30\0\24\0\0\0\0\0\2\0\0\0\0\0\0\0\0\0\0\0\0\0\0\0H\0\0\0\0\0\0\0\16\0\0\0\0\0\0\0\0\0\0\0\0\0\0\0\0\0\0\0\1\0\0\0\377\377\377\377\377\377\377\377\0\0\0\0\0\0\0\0`\0\0\0\0\0\0\0\0\0\0\0\0\0\0\0\0\0\0\0\0\0\0\0P\0\0\0H\0\0\08\0\0\0\3\0\0\0\0\0\0\0\23\375\362[\1\0\0\0zP0^\1\0\0\0\0\0\0\0\30\0\0\0\0\0\0\0\0\0\0\0\0\0\0\0\0\0\0\0\0\0\0\0\20\0\0\0\0\0\0\0\1\0\0\0\0\0\0\0", 192, MSG_NOSIGNAL, NULL, 0) = 192
10813 sendto(37, "\20\0\0\0x\1\0\0\342G.z\0\0\0\0\30\0\24\0\0\0\0\0\3\0\0\0\0\0\0\0\0\0\0\0\0\0\0\0H\0\0\0\0\0\0\0\1\0\0\0\0\0\0\0\1\0\0\0\0\0\0\0\0\0\0\0\1\0\0\0\377\377\377\377\377\377\377\377\0\0\0\0\0\0\0\0`\0\0\0\360\0\0\0\0\1\0\0\0\0\0\0\0\0\0\0\0\0\0\0\220\0\0\0\210\0\0\08\0\0\0\3\0\0\0\0\0\0\0\210e\226L\0\0\0\0{P0^\0\0\0\0\0\0\0\0\30\0\0\0\0\0\0\0\0\0\0\0\0\0\0\0\0\0\0\0\0\0\0\0\20\0\0\0\0\0\0\0\10\0\0\0\0\0\0\0\30\0\0\0\0\0\0\0\20\0\0\0\0\0\0\0\0\0\0\0\0\0\0\0$\0\0\0\34\0\0\0network.mojom.NetworkService\0\0\0\0"..., 376, MSG_NOSIGNAL, NULL, 0) = 376
10813 sendto(37, "\20\0\0\0\310\2\0\0vH.z\0\0\0\0\30\0\24\0\0\0\0\0\4\0\0\0\0\0\0\0\0\0\0\0\0\0\0\0H\0\0\0\0\0\0\0\20\0\0\0\0\0\0\0\0\0\0\0\0\0\0\0\0\0\0\0\1\0\0\0\377\377\377\377\377\377\377\377\0\0\0\0\0\0\0\0`\0\0\0\340\1\0\0\360\1\0\0\0\0\0\0\0\0\0\0\0\0\0\0\200\1\0\0x\1\0\08\0\0\0\3\0\0\0\0\0\0\0 \23\3463\0\0\0\0tP0^\0\0\0\0\0\0\0\0\30\0\0\0\0\0\0\0\0\0\0\0\0\0\0\0\0\0\0\0\0\0\0\0\20\0\0\0\0\0\0\0\10\0\0\0\0\0\0\08\0\0\0\0\0\0\0\6\0\0\0\0\0\0\0(\0\0\0\0\0\0\0\20\1\0\0\0\0\0\0\0\0\0\0\0\0\0\0\1\0\0\0\1\0\0\0\0\0\0\0\0\0\0\0\30\0\0\0\0\0\0\0"..., 712, MSG_NOSIGNAL, NULL, 0) = 712
10813 sendto(37, "\20\0\0\08\1\0\0\22I.z\0\0\0\0\30\0\24\0\0\0\0\0\5\0\0\0\0\0\0\0\0\0\0\0\0\0\0\0H\0\0\0\0\0\0\0\20\0\0\0\0\0\0\0\1\0\0\0\0\0\0\0\0\0\0\0\1\0\0\0\377\377\377\377\377\377\377\377\0\0\0\0\0\0\0\0`\0\0\0\260\0\0\0\300\0\0\0\0\0\0\0\0\0\0\0\0\0\0\0P\0\0\0H\0\0\08\0\0\0\3\0\0\0\0\0\0\0L\322?6\0\0\0\0uP0^\0\0\0\0\0\0\0\0\30\0\0\0\0\0\0\0\0\0\0\0\0\0\0\0\0\0\0\0\0\0\0\0\20\0\0\0\0\0\0\0\0\0\0\0\0\0\0\0\20\0\0\0\1\0\0\0\0\0\0\0\0\0\0\0h\0\0\0\1\0\0\0\0\0\0\0\0\0\0\0\25\0\0\0\0\0\0\0\0\0\0\0\0\0\0\0@\5\0\0@\0\0\0\26\0\0\0\0\0\0\0"..., 312, MSG_NOSIGNAL, NULL, 0) = 312
10813 sendto(37, "\20\0\0\0\320\0\0\0\340I.z\0\0\0\0\30\0\24\0\0\0\0\0\6\0\0\0\0\0\0\0\0\0\0\0\0\0\0\0H\0\0\0\0\0\0\0\26\0\0\0\0\0\0\0\0\0\0\0\0\0\0\0\0\0\0\0\1\0\0\0\377\377\377\377\377\377\377\377\0\0\0\0\0\0\0\0`\0\0\0\0\0\0\0\0\0\0\0\0\0\0\0\0\0\0\0\0\0\0\0`\0\0\0X\0\0\08\0\0\0\3\0\0\0\0\0\0\0\372r\335\25\0\0\0\0vP0^\0\0\0\0\0\0\0\0\30\0\0\0\0\0\0\0 \0\0\0\0\0\0\0\0\0\0\0\0\0\0\0\20\0\0\0\0\0\0\0\0\0\0\0\0\0\0\0\f\0\0\0\1\0\0\0\1\0\0\200\0\0\0\0", 208, MSG_NOSIGNAL, NULL, 0) = 208
10813 sendto(37, "\20\0\0\0\320\0\0\0IK.z\0\0\0\0\30\0\24\0\0\0\0\0\7\0\0\0\0\0\0\0\0\0\0\0\0\0\0\0H\0\0\0\0\0\0\0\20\0\0\0\0\0\0\0\2\0\0\0\0\0\0\0\0\0\0\0\1\0\0\0\377\377\377\377\377\377\377\377\0\0\0\0\0\0\0\0`\0\0\0\0\0\0\0\0\0\0\0\0\0\0\0\0\0\0\0\0\0\0\0`\0\0\0X\0\0\08\0\0\0\3\0\0\0\0\0\0\0\377\377\377\377\1\0\0\0pP0^\1\0\0\0\0\0\0\0\30\0\0\0\0\0\0\0\0\0\0\0\0\0\0\0\0\0\0\0\0\0\0\0\30\0\0\0\0\0\0\0\20\0\0\0\0\0\0\0\10\0\0\0\0\0\0\0\10\0\0\0\0\0\0\0", 208, MSG_NOSIGNAL, NULL, 0) = 208
10809 openat(AT_FDCWD, "/tmp/playwright_chromiumdev_profile-56xg4l/Default/Extension Scripts/000001.dbtmp", O_WRONLY|O_CREAT|O_TRUNC, 0600 <unfinished ...>
10813 sendto(37, "\20\0\0\0\240\1\0\0\342K.z\0\0\0\0\30\0\24\0\0\0\0\0\10\0\0\0\0\0\0\0\0\0\0\0\0\0\0\0H\0\0\0\0\0\0\0\20\0\0\0\0\0\0\0\3\0\0\0\0\0\0\0\0\0\0\0\1\0\0\0\377\377\377\377\377\377\377\377\0\0\0\0\0\0\0\0`\0\0\0\270\0\0\0\310\0\0\0\0\0\0\0\0\0\0\0\0\0\0\0X\0\0\0P\0\0\08\0\0\0\3\0\0\0\0\0\0\0\341\23 \10\0\0\0\0qP0^\0\0\0\0\0\0\0\0\30\0\0\0\0\0\0\0\0\0\0\0\0\0\0\0\0\0\0\0\0\0\0\0\30\0\0\0\0\0\0\0\0\0\0\0\0\0\0\0\1\0\0\0\0\0\0\0\20\0\0\0\2\0\0\0\0\0\0\0\0\0\0\0\310\0\0\0\2\0\0\0\0\0\0\0\0\0\0\0\27\0\0\0\0\0\0\0\0\0\0\0\0\0\0\0\200\5\0\0@\0\0\0"..., 416, MSG_NOSIGNAL, NULL, 0 <unfinished ...>
10809 <... openat resumed>)             = 49
10813 <... sendto resumed>)             = 416
10813 sendto(37, "\20\0\0\0\330\0\0\0\275L.z\0\0\0\0\30\0\24\0\0\0\0\0\t\0\0\0\0\0\0\0\0\0\0\0\0\0\0\0H\0\0\0\0\0\0\0\20\0\0\0\0\0\0\0\4\0\0\0\0\0\0\0\0\0\0\0\1\0\0\0\377\377\377\377\377\377\377\377\0\0\0\0\0\0\0\0`\0\0\0\0\0\0\0\0\0\0\0\0\0\0\0\0\0\0\0\0\0\0\0h\0\0\0`\0\0\08\0\0\0\3\0\0\0\0\0\0\0\216zT@\0\0\0\0rP0^\0\0\0\0\0\0\0\0\30\0\0\0\0\0\0\0\0\0\0\0\0\0\0\0\0\0\0\0\0\0\0\0\20\0\0\0\0\0\0\0\10\0\0\0\0\0\0\0\20\0\0\0\0\0\0\0\10\0\0\0\0\0\0\0\10\0\0\0\0\0\0\0", 216, MSG_NOSIGNAL, NULL, 0) = 216
10813 sendto(37, "\20\0\0\0\210\1\0\0\255N.z\0\0\0\0\30\0\24\0\0\0\0\0\n\0\0\0\0\0\0\0\0\0\0\0\0\0\0\0H\0\0\0\0\0\0\0\20\0\0\0\0\0\0\0\5\0\0\0\0\0\0\0\0\0\0\0\1\0\0\0\377\377\377\377\377\377\377\377\0\0\0\0\0\0\0\0`\0\0\0\0\0\0\0\0\0\0\0\0\0\0\0\0\0\0\0\0\0\0\0\30\1\0\0\20\1\0\08\0\0\0\3\0\0\0\0\0\0\0\16\301\360 \0\0\0\0sP0^\0\0\0\0\0\0\0\0\30\0\0\0\0\0\0\0\0\0\0\0\0\0\0\0\0\0\0\0\0\0\0\0\20\0\0\0\0\0\0\0\10\0\0\0\0\0\0\08\0\0\0\0\0\0\0000\0\0\0\0\0\0\0\230\0\0\0\0\0\0\0\230\0\0\0\0\0\0\0\230\0\0\0\0\0\0\0(\0\0\0\0\0\0\0\220\0\0\0\0\0\0\0(\0\0\0\4\0\0\0"..., 392, MSG_NOSIGNAL, NULL, 0) = 392
10813 sendto(37, "\20\0\0\08\1\0\0000O.z\0\0\0\0\30\0\24\0\0\0\0\0\v\0\0\0\0\0\0\0\0\0\0\0\0\0\0\0H\0\0\0\0\0\0\0\20\0\0\0\0\0\0\0\6\0\0\0\0\0\0\0\0\0\0\0\1\0\0\0\377\377\377\377\377\377\377\377\0\0\0\0\0\0\0\0`\0\0\0\260\0\0\0\300\0\0\0\0\0\0\0\0\0\0\0\0\0\0\0P\0\0\0H\0\0\08\0\0\0\3\0\0\0\0\0\0\0\250B9J\0\0\0\0LP0^\0\0\0\0\0\0\0\0\30\0\0\0\0\0\0\0\0\0\0\0\0\0\0\0\0\0\0\0\0\0\0\0\20\0\0\0\0\0\0\0\0\0\0\0\0\0\0\0\20\0\0\0\1\0\0\0\0\0\0\0\0\0\0\0h\0\0\0\1\0\0\0\0\0\0\0\0\0\0\0\33\0\0\0\0\0\0\0\0\0\0\0\0\0\0\0\0\6\0\0@\0\0\0\34\0\0\0\0\0\0\0"..., 312, MSG_NOSIGNAL, NULL, 0) = 312
10813 sendto(37, "\20\0\0\0\0@\0\0CP.z\0\0\0\0\30\0\24\0\0\0\0\0\f\0\0\0\0\0\0\0\0\0\0\0\0\0\0\0H\0\0\0\0\0\0\0\20\0\0\0\0\0\0\0\7\0\0\0\0\0\0\0\0\0\0\0\1\0\0\0\377\377\377\377\377\377\377\377\0\0\0\0\0\0\0\0`\0\0\0\0\0\0\0\0\0\0\0\0\0\0\0\0\0\0\0\0\0\0\0\220?\0\0\210?\0\08\0\0\0\3\0\0\0\0\0\0\0v-9=\1\0\0\0NP0^\2\0\0\0\0\0\0\0\30\0\0\0\0\0\0\0\0\0\0\0\0\0\0\0\0\0\0\0\0\0\0\0\20\0\0\0\0\0\0\0\10\0\0\0\0\0\0\0\210\1\0\0000\0\0\0\200\1\0\0\0\0\0\0\270\2\0\0\0\0\0\0\360\3\0\0\0\0\0\0(\5\0\0\0\0\0\0`\6\0\0\0\0\0\0\240\7\0\0\0\0\0\0\340\10\0\0\0\0\0\0"..., 16384, MSG_NOSIGNAL, NULL, 0) = 16384
10811 openat(AT_FDCWD, "/tmp/playwright_chromiumdev_profile-56xg4l/Default/History", O_RDWR|O_CREAT|O_NOFOLLOW|O_CLOEXEC, 0600 <unfinished ...>
10808 openat(AT_FDCWD, "/tmp/playwright_chromiumdev_profile-56xg4l/Default/BookmarkMergedSurfaceOrdering", O_RDONLY|O_CLOEXEC <unfinished ...>
10813 sendto(37, "\20\0\0\0\310\0\0\0\313R.z\0\0\0\0\30\0\24\0\0\0\0\0\r\0\0\0\0\0\0\0\0\0\0\0\0\0\0\0H\0\0\0\0\0\0\0\20\0\0\0\0\0\0\0\10\0\0\0\0\0\0\0\0\0\0\0\1\0\0\0\377\377\377\377\377\377\377\377\0\0\0\0\0\0\0\0`\0\0\0\0\0\0\0\0\0\0\0\0\0\0\0\0\0\0\0\0\0\0\0X\0\0\0P\0\0\08\0\0\0\3\0\0\0\0\0\0\0\316:\371A\0\0\0\0OP0^\0\0\0\0\0\0\0\0\30\0\0\0\0\0\0\0\0\0\0\0\0\0\0\0\0\0\0\0\0\0\0\0\30\0\0\0\0\0\0\0\4\0\0\0\0\0\0\0\0\0\0\0\0\0\0\0", 200, MSG_NOSIGNAL, NULL, 0) = 200
10811 <... openat resumed>)             = 77
10808 <... openat resumed>)             = -1 ENOENT (No such file or directory)
10813 sendto(37, "\20\0\0\0\360\0\0\0\267S.z\0\0\0\0\30\0\24\0\0\0\0\0\16\0\0\0\0\0\0\0\0\0\0\0\0\0\0\0H\0\0\0\0\0\0\0\20\0\0\0\0\0\0\0\t\0\0\0\0\0\0\0\0\0\0\0\1\0\0\0\377\377\377\377\377\377\377\377\0\0\0\0\0\0\0\0`\0\0\0\0\0\0\0\0\0\0\0\0\0\0\0\0\0\0\0\0\0\0\0\200\0\0\0x\0\0\08\0\0\0\3\0\0\0\0\0\0\0\333\326|r\0\0\0\0JP0^\0\0\0\0\0\0\0\0\30\0\0\0\0\0\0\0\0\0\0\0\0\0\0\0\0\0\0\0\0\0\0\0 \0\0\0\0\0\0\0\5\0\0\0\1\0\0\0\20\0\0\0\0\0\0\0 \0\0\0\0\0\0\0\20\0\0\0\0\0\0\0\10\0\0\0\0\0\0\0\10\0\0\0\0\0\0\0\10\0\0\0\0\0\0\0", 240, MSG_NOSIGNAL, NULL, 0) = 240
10813 sendto(37, "\20\0\0\08\2\0\0*U.z\0\0\0\0\30\0\24\0\0\0\0\0\17\0\0\0\0\0\0\0\0\0\0\0\0\0\0\0H\0\0\0\0\0\0\0\20\0\0\0\0\0\0\0\n\0\0\0\0\0\0\0\0\0\0\0\1\0\0\0\377\377\377\377\377\377\377\377\0\0\0\0\0\0\0\0`\0\0\0\0\0\0\0\0\0\0\0\0\0\0\0\0\0\0\0\0\0\0\0\310\1\0\0\300\1\0\08\0\0\0\3\0\0\0\0\0\0\0\200\214\222U\0\0\0\0KP0^\0\0\0\0\0\0\0\0\30\0\0\0\0\0\0\0\0\0\0\0\0\0\0\0\0\0\0\0\0\0\0\0\20\0\0\0\0\0\0\0\10\0\0\0\0\0\0\0@\0\0\0\0\0\0\0-C\34\353\3426\32?0\0\0\0\0\0\0\08\0\0\0\0\0\0\0@\0\0\0\0\0\0\0\240\0\0\0\0\0\0\0(\1\0\0\0\0\0\0000\1\0\0\0\0\0\0"..., 568, MSG_NOSIGNAL, NULL, 0 <unfinished ...>
10809 openat(AT_FDCWD, "/tmp/playwright_chromiumdev_profile-56xg4l/Default/Extension Scripts/CURRENT", O_RDONLY <unfinished ...>
10813 <... sendto resumed>)             = 568
10809 <... openat resumed>)             = 49
10788 sendto(37, "\20\0\0\0\350\0\0\0SU.z\0\0\0\0\30\0\24\0\0\0\0\0\20\0\0\0\0\0\0\0\0\0\0\0\0\0\0\0H\0\0\0\0\0\0\0\17\0\0\0\0\0\0\0\20\0\0\0\0\0\0\0\0\0\0\0\1\0\0\0\0\0\0\0\0\0\0\0\0x\1\0\0\1\0\0\0\0\0\0`\0\0\0p\0\0\0\0\0\0\0\0\0\0\0\0\0\0\0\20\0\0\0\1\0\0\0\0\0\0\0\0\0\0\0h\0\0\0\1\0\0\0\0\0\0\0\0\0\0\0\35\0\0\0\0\0\0\0\0\0\0\0\0\0\0\0@\6\0\0@\0\0\0\36\0\0\0\0\0\0\0\0\0\0\0\0\0\0\0\0\0\0\0\0\0\0\0\0\0\0\0\0\0\0\0\2\0\0\0\0\0\0\0\0\0\0\0\0\0\0\0\0\0\0\0\0\0\0\0\0\0\0\0\0\0\0\0", 232, MSG_NOSIGNAL, NULL, 0) = 232
10809 openat(AT_FDCWD, "/tmp/playwright_chromiumdev_profile-56xg4l/Default/Extension Scripts/MANIFEST-000001", O_RDONLY <unfinished ...>
10813 sendto(37, "\20\0\0\0\310\0\0\0\1W.z\0\0\0\0\30\0\24\0\0\0\0\0\21\0\0\0\0\0\0\0\0\0\0\0\0\0\0\0H\0\0\0\0\0\0\0\20\0\0\0\0\0\0\0\v\0\0\0\0\0\0\0\0\0\0\0\1\0\0\0\377\377\377\377\377\377\377\377\0\0\0\0\0\0\0\0`\0\0\0\0\0\0\0\0\0\0\0\0\0\0\0\0\0\0\0\0\0\0\0X\0\0\0P\0\0\08\0\0\0\3\0\0\0\0\0\0\0$cj\177\0\0\0\0DP0^\0\0\0\0\0\0\0\0\30\0\0\0\0\0\0\0\0\0\0\0\0\0\0\0\0\0\0\0\0\0\0\0\20\0\0\0\0\0\0\0\10\0\0\0\0\0\0\0\10\0\0\0\0\0\0\0", 200, MSG_NOSIGNAL, NULL, 0 <unfinished ...>
10809 <... openat resumed>)             = 49
10813 <... sendto resumed>)             = 200
10856 recvmsg(5, {msg_name=NULL, msg_namelen=0, msg_iov=[{iov_base="\20\0\1\0\270\0\0\0\25\2,z\0\0\0\0\30\0\0\0\0\0\0\0\0\0\0\0\0\0\0\0h\0\0\0\0\0\0\0@\0\0\0\0\0\0\0(\316\327\331Kc)\373\365_\366d\307\362o\256\361\n\1\270$X\264T\210\30\325\253%\342\366\23\0\0\0\0\3\0\0\0\0\0\0\0\0\0\0\0X\0\0\0\0\0\0\0\20\0\0\0\1\0\0\0\0\0\0\0\0\0\0\0\20\0\0\0\1\0\0\0x\0\0\0\0\0\1\0000\0\0\0(\0\0\0\10\0\0\0\1\0\0\0 \0\0\0\0\0\2\0\2\0\0\0\0\0\0\0\210\231Xp\204\200\25\224\325\256/\244B_1\33", iov_len=4096}], msg_iovlen=1, msg_control=[{cmsg_len=20, cmsg_level=SOL_SOCKET, cmsg_type=SCM_RIGHTS, cmsg_data=[18]}], msg_controllen=24, msg_flags=0}, MSG_DONTWAIT) = 184
10813 sendto(37, "\20\0\0\0\300\0\0\0\233Y.z\0\0\0\0\30\0\24\0\0\0\0\0\23\0\0\0\0\0\0\0\0\0\0\0\0\0\0\0H\0\0\0\0\0\0\0\20\0\0\0\0\0\0\0\f\0\0\0\0\0\0\0\0\0\0\0\1\0\0\0\377\377\377\377\377\377\377\377\0\0\0\0\0\0\0\0`\0\0\0\0\0\0\0\0\0\0\0\0\0\0\0\0\0\0\0\0\0\0\0P\0\0\0H\0\0\08\0\0\0\3\0\0\0\0\0\0\0\223Qd)\0\0\0\0EP0^\0\0\0\0\0\0\0\0\30\0\0\0\0\0\0\0\0\0\0\0\0\0\0\0\0\0\0\0\0\0\0\0\20\0\0\0\0\0\0\0\0\0\0\0\0\0\0\0", 192, MSG_NOSIGNAL, NULL, 0) = 192
10809 openat(AT_FDCWD, "/tmp/playwright_chromiumdev_profile-56xg4l/Default/Extension Scripts/MANIFEST-000001", O_WRONLY|O_APPEND) = 79
10813 sendto(37, "\20\0\0\0\300\0\0\0\233[.z\0\0\0\0\30\0\24\0\0\0\0\0\24\0\0\0\0\0\0\0\0\0\0\0\0\0\0\0H\0\0\0\0\0\0\0\20\0\0\0\0\0\0\0\r\0\0\0\0\0\0\0\0\0\0\0\1\0\0\0\377\377\377\377\377\377\377\377\0\0\0\0\0\0\0\0`\0\0\0\0\0\0\0\0\0\0\0\0\0\0\0\0\0\0\0\0\0\0\0P\0\0\0H\0\0\08\0\0\0\3\0\0\0\0\0\0\0005\310=\35\0\0\0\0FP0^\0\0\0\0\0\0\0\0\30\0\0\0\0\0\0\0\0\0\0\0\0\0\0\0\0\0\0\0\0\0\0\0\20\0\0\0\0\0\0\0\0\0\0\0\0\0\0\0", 192, MSG_NOSIGNAL, NULL, 0) = 192
10809 openat(AT_FDCWD, "/tmp/playwright_chromiumdev_profile-56xg4l/Default/Extension Scripts", O_RDONLY|O_NONBLOCK|O_CLOEXEC|O_DIRECTORY) = 81
10788 sendto(37, "\20\0\0\0\350\0\0\0\37X.z\0\0\0\0\30\0\24\0\0\0\0\0\22\0\0\0\0\0\0\0\0\0\0\0\0\0\0\0H\0\0\0\0\0\0\0\35\0\0\0\0\0\0\0\0\0\0\0\0\0\0\0\0\0\0\0\1\0\0\0\0\0\0\0\0\0\0\0\0y\1\0\0\1\0\0\0\0\0\0`\0\0\0p\0\0\0\0\0\0\0\0\0\0\0\0\0\0\0\20\0\0\0\1\0\0\0\0\0\0\0\0\0\0\0h\0\0\0\1\0\0\0\0\0\0\0\0\0\0\0\37\0\0\0\0\0\0\0\0\0\0\0\0\0\0\0\200\6\0\0@\0\0\0 \0\0\0\0\0\0\0\0\0\0\0\0\0\0\0\0\0\0\0\0\0\0\0\0\0\0\0\0\0\0\0\2\0\0\0\0\0\0\0\0\0\0\0\0\0\0\0\0\0\0\0\0\0\0\0\0\0\0\0\0\0\0\0", 232, MSG_NOSIGNAL, NULL, 0 <unfinished ...>
10856 sendmsg(5, {msg_name=NULL, msg_namelen=0, msg_iov=[{iov_base="\20\0\1\0\250\0\0\0\346\\.z\0\0\0\0\30\0\24\0\0\0\0\0\0\0\0\0\0\0\0\0p\0\0\0\0\0\0\0H\0\0\0\0\0\0\0\0\0\0\0\0\0\0\0\0\0\0\0\0\0\0\0\0\0\0\0\1\0\0\0\377\377\377\377\377\377\377\377\0\0\0\0\0\0\0\0\0\0\0\0`\0\0\0\0\0\0\0\0\0\0\0\0\0\0\0\1\0\0\0\20\0\0\0\1\0\0\0\1\0\0\0\0\0\0\0\20\0\0\0\1\0\0\0\200\0\0\0\0\0\1\0\30\0\0\0\20\0\0\0\10\0\0\0\0\0\0\0\1\0\0\0\0\0\0\0", iov_len=168}], msg_iovlen=1, msg_control=[{cmsg_len=20, cmsg_level=SOL_SOCKET, cmsg_type=SCM_RIGHTS, cmsg_data=[15]}], msg_controllen=20, msg_flags=0}, MSG_NOSIGNAL) = 168
10788 <... sendto resumed>)             = 232
10856 sendto(5, "\20\0\0\0@\0\0\0\257].z\0\0\0\0\30\0\26\0\0\0\0\0\1\0\0\0\0\0\0\0\0\0\0\0\0\0\0\0\30\0\0\0\0\0\0\0\0\0\0\0\0\0\0\0\1\0\0\0\0\0\0\0", 64, MSG_NOSIGNAL, NULL, 0 <unfinished ...>
10813 sendto(37, "\20\0\0\08\1\0\0]].z\0\0\0\0\30\0\24\0\0\0\0\0\25\0\0\0\0\0\0\0\0\0\0\0\0\0\0\0H\0\0\0\0\0\0\0\20\0\0\0\0\0\0\0\16\0\0\0\0\0\0\0\0\0\0\0\1\0\0\0\377\377\377\377\377\377\377\377\0\0\0\0\0\0\0\0`\0\0\0\260\0\0\0\300\0\0\0\0\0\0\0\0\0\0\0\0\0\0\0P\0\0\0H\0\0\08\0\0\0\3\0\0\0\0\0\0\0a=;9\0\0\0\0GP0^\0\0\0\0\0\0\0\0\30\0\0\0\0\0\0\0\0\0\0\0\0\0\0\0\0\0\0\0\0\0\0\0\20\0\0\0\0\0\0\0\0\0\0\0\0\0\0\0\20\0\0\0\1\0\0\0\0\0\0\0\0\0\0\0h\0\0\0\1\0\0\0\1\0\0\0\0\0\0\0!\0\0\0\0\0\0\0\377\377\377\377\377\377\377\377\0\0\0\0\0\0\0\0\0\0\0\0\0\0\0\0"..., 312, MSG_NOSIGNAL, NULL, 0 <unfinished ...>
10856 <... sendto resumed>)             = 64
10813 <... sendto resumed>)             = 312
10856 sendto(5, "\20\0\0\0X\0\0\0)^.z\0\0\0\0\30\0\"\0\0\0\0\0\2\0\0\0\0\0\0\0\0\0\0\0\0\0\0\0000\0\0\0\0\0\0\0\1\0\0\0\0\0\0\0\"\0\0\0\0\0\0\0\0\0\0\0\0\0\0\0\300\6\0\0@\0\0\0\0\0\0\0\0\0\0\0", 88, MSG_NOSIGNAL, NULL, 0) = 88
10813 sendto(37, "\20\0\0\08\1\0\0\345^.z\0\0\0\0\30\0\24\0\0\0\0\0\26\0\0\0\0\0\0\0\0\0\0\0\0\0\0\0H\0\0\0\0\0\0\0!\0\0\0\0\0\0\0\0\0\0\0\0\0\0\0\0\0\0\0\1\0\0\0\377\377\377\377\377\377\377\377\0\0\0\0\0\0\0\0`\0\0\0\260\0\0\0\300\0\0\0\0\0\0\0\0\0\0\0\0\0\0\0P\0\0\0H\0\0\08\0\0\0\3\0\0\0\0\0\0\0\322R\244&\0\0\0\0@P0^\0\0\0\0\0\0\0\0\30\0\0\0\0\0\0\0\0\0\0\0\0\0\0\0\0\0\0\0\0\0\0\0\20\0\0\0\0\0\0\0\0\0\0\0\0\0\0\0\20\0\0\0\1\0\0\0\0\0\0\0\0\0\0\0h\0\0\0\1\0\0\0\0\0\0\0\0\0\0\0#\0\0\0\0\0\0\0\0\0\0\0\0\0\0\0\0\7\0\0@\0\0\0$\0\0\0\0\0\0\0"..., 312, MSG_NOSIGNAL, NULL, 0) = 312
10856 recvmsg(5, {msg_name=NULL, msg_namelen=0, msg_iov=[{iov_base="\20\0\0\0\210\1\0\0\342D.z\0\0\0\0\30\0\24\0\0\0\0\0\0\0\0\0\0\0\0\0\0\0\0\0\0\0\0\0H\0\0\0\0\0\0\0\1\0\0\0\0\0\0\0\0\0\0\0\0\0\0\0\0\0\0\0\1\0\0\0\377\377\377\377\377\377\377\377\0\0\0\0\0\0\0\0`\0\0\0\0\1\0\0\20\1\0\0\0\0\0\0\0\0\0\0\0\0\0\0\240\0\0\0\230\0\0\08\0\0\0\3\0\0\0\0\0\0\0\331\0\254A\0\0\0\0xP0^\0\0\0\0\0\0\0\0\30\0\0\0\0\0\0\0\0\0\0\0\0\0\0\0\0\0\0\0\0\0\0\0\20\0\0\0\0\0\0\0\10\0\0\0\0\0\0\0\30\0\0\0\0\0\0\0\20\0\0\0\0\0\0\0\0\0\0\0\0\0\0\0002\0\0\0*\0\0\0metrics.mojom.ChildHistogramFetc"..., iov_len=4096}], msg_iovlen=1, msg_controllen=0, msg_flags=0}, MSG_DONTWAIT) = 4096
10856 recvmsg(5, {msg_name=NULL, msg_namelen=0, msg_iov=[{iov_base="H\0\0\0\0\0\0\0\20\0\0\0\0\0\0\0\7\0\0\0\0\0\0\0\0\0\0\0\1\0\0\0\377\377\377\377\377\377\377\377\0\0\0\0\0\0\0\0`\0\0\0\0\0\0\0\0\0\0\0\0\0\0\0\0\0\0\0\0\0\0\0\220?\0\0\210?\0\08\0\0\0\3\0\0\0\0\0\0\0v-9=\1\0\0\0NP0^\2\0\0\0\0\0\0\0\30\0\0\0\0\0\0\0\0\0\0\0\0\0\0\0\0\0\0\0\0\0\0\0\20\0\0\0\0\0\0\0\10\0\0\0\0\0\0\0\210\1\0\0000\0\0\0\200\1\0\0\0\0\0\0\270\2\0\0\0\0\0\0\360\3\0\0\0\0\0\0(\5\0\0\0\0\0\0`\6\0\0\0\0\0\0\240\7\0\0\0\0\0\0\340\10\0\0\0\0\0\0 \n\0\0\0\0\0\0`\v\0\0\0\0\0\0\240\f\0\0\0\0\0\0\340\r\0\0\0\0\0\0 \17\0\0\0\0\0\0"..., iov_len=16344}], msg_iovlen=1, msg_controllen=0, msg_flags=0}, MSG_DONTWAIT) = 16344
10856 recvmsg(5, {msg_name=NULL, msg_namelen=0, msg_iov=[{iov_base="\20\0\0\0\310\0\0\0\313R.z\0\0\0\0\30\0\24\0\0\0\0\0\r\0\0\0\0\0\0\0\0\0\0\0\0\0\0\0H\0\0\0\0\0\0\0\20\0\0\0\0\0\0\0\10\0\0\0\0\0\0\0\0\0\0\0\1\0\0\0\377\377\377\377\377\377\377\377\0\0\0\0\0\0\0\0`\0\0\0\0\0\0\0\0\0\0\0\0\0\0\0\0\0\0\0\0\0\0\0X\0\0\0P\0\0\08\0\0\0\3\0\0\0\0\0\0\0\316:\371A\0\0\0\0OP0^\0\0\0\0\0\0\0\0\30\0\0\0\0\0\0\0\0\0\0\0\0\0\0\0\0\0\0\0\0\0\0\0\30\0\0\0\0\0\0\0\4\0\0\0\0\0\0\0\0\0\0\0\0\0\0\0\20\0\0\0\360\0\0\0\267S.z\0\0\0\0\30\0\24\0\0\0\0\0\16\0\0\0\0\0\0\0\0\0\0\0\0\0\0\0H\0\0\0\0\0\0\0\20\0\0\0\0\0\0\0"..., iov_len=4096}], msg_iovlen=1, msg_controllen=0, msg_flags=0}, MSG_DONTWAIT) = 2680
10856 sendto(5, "\20\0\0\08\0\0\0,b.z\0\0\0\0\30\0$\0\0\0\0\0\3\0\0\0\0\0\0\0\0\0\0\0\0\0\0\0\20\0\0\0\0\0\0\0\35\0\0\0\0\0\0\0", 56, MSG_NOSIGNAL, NULL, 0) = 56
10809 openat(AT_FDCWD, "/tmp/playwright_chromiumdev_profile-56xg4l/Default/Extension Scripts", O_RDONLY|O_NONBLOCK|O_CLOEXEC|O_DIRECTORY) = 81
10813 sendto(37, "\20\0\0\08\1\0\0\310b.z\0\0\0\0\30\0\24\0\0\0\0\0\27\0\0\0\0\0\0\0\0\0\0\0\0\0\0\0H\0\0\0\0\0\0\0\20\0\0\0\0\0\0\0\17\0\0\0\0\0\0\0\0\0\0\0\1\0\0\0\377\377\377\377\377\377\377\377\0\0\0\0\0\0\0\0`\0\0\0\260\0\0\0\300\0\0\0\0\0\0\0\0\0\0\0\0\0\0\0P\0\0\0H\0\0\08\0\0\0\3\0\0\0\0\0\0\0L\322?6\0\0\0\0+P0^\0\0\0\0\0\0\0\0\30\0\0\0\0\0\0\0\0\0\0\0\0\0\0\0\0\0\0\0\0\0\0\0\20\0\0\0\0\0\0\0\0\0\0\0\0\0\0\0\20\0\0\0\1\0\0\0\0\0\0\0\0\0\0\0h\0\0\0\1\0\0\0\1\0\0\0\0\0\0\0%\0\0\0\0\0\0\0\377\377\377\377\377\377\377\377\0\0\0\0\0\0\0\0\0\0\0\0\0\0\0\0"..., 312, MSG_NOSIGNAL, NULL, 0) = 312
10813 sendto(37, "\20\0\0\08\1\0\0Kc.z\0\0\0\0\30\0\24\0\0\0\0\0\30\0\0\0\0\0\0\0\0\0\0\0\0\0\0\0H\0\0\0\0\0\0\0%\0\0\0\0\0\0\0\0\0\0\0\0\0\0\0\0\0\0\0\1\0\0\0\377\377\377\377\377\377\377\377\0\0\0\0\0\0\0\0`\0\0\0\260\0\0\0\300\0\0\0\0\0\0\0\0\0\0\0\0\0\0\0P\0\0\0H\0\0\08\0\0\0\3\0\0\0\0\0\0\0\237\n\301~\0\0\0\0$P0^\0\0\0\0\0\0\0\0\30\0\0\0\0\0\0\0\0\0\0\0\0\0\0\0\0\0\0\0\0\0\0\0\20\0\0\0\0\0\0\0\0\0\0\0\0\0\0\0\20\0\0\0\1\0\0\0\0\0\0\0\0\0\0\0h\0\0\0\1\0\0\0\0\0\0\0\0\0\0\0&\0\0\0\0\0\0\0\0\0\0\0\0\0\0\0@\7\0\0@\0\0\0'\0\0\0\0\0\0\0"..., 312, MSG_NOSIGNAL, NULL, 0 <unfinished ...>
10856 recvmsg(5, {msg_name=NULL, msg_namelen=0, msg_iov=[{iov_base="\20\0\0\08\1\0\0\310b.z\0\0\0\0\30\0\24\0\0\0\0\0\27\0\0\0\0\0\0\0\0\0\0\0\0\0\0\0H\0\0\0\0\0\0\0\20\0\0\0\0\0\0\0\17\0\0\0\0\0\0\0\0\0\0\0\1\0\0\0\377\377\377\377\377\377\377\377\0\0\0\0\0\0\0\0`\0\0\0\260\0\0\0\300\0\0\0\0\0\0\0\0\0\0\0\0\0\0\0P\0\0\0H\0\0\08\0\0\0\3\0\0\0\0\0\0\0L\322?6\0\0\0\0+P0^\0\0\0\0\0\0\0\0\30\0\0\0\0\0\0\0\0\0\0\0\0\0\0\0\0\0\0\0\0\0\0\0\20\0\0\0\0\0\0\0\0\0\0\0\0\0\0\0\20\0\0\0\1\0\0\0\0\0\0\0\0\0\0\0h\0\0\0\1\0\0\0\1\0\0\0\0\0\0\0%\0\0\0\0\0\0\0\377\377\377\377\377\377\377\377\0\0\0\0\0\0\0\0\0\0\0\0\0\0\0\0"..., iov_len=4096}], msg_iovlen=1, msg_controllen=0, msg_flags=0}, MSG_DONTWAIT) = 312
10813 <... sendto resumed>)             = 312
10856 recvmsg(5,  <unfinished ...>
10813 sendto(37, "\20\0\0\0X\0\0\0\22d.z\0\0\0\0\30\0\"\0\0\0\0\0\31\0\0\0\0\0\0\0\0\0\0\0\0\0\0\0000\0\0\0\0\0\0\0\2\0\0\0\0\0\0\0(\0\0\0\0\0\0\0\0\0\0\0\0\0\0\0\200\7\0\0@\0\0\0\0\0\0\0\0\0\0\0", 88, MSG_NOSIGNAL, NULL, 0 <unfinished ...>
10856 <... recvmsg resumed>{msg_name=NULL, msg_namelen=0, msg_iov=[{iov_base="\20\0\0\08\1\0\0Kc.z\0\0\0\0\30\0\24\0\0\0\0\0\30\0\0\0\0\0\0\0\0\0\0\0\0\0\0\0H\0\0\0\0\0\0\0%\0\0\0\0\0\0\0\0\0\0\0\0\0\0\0\0\0\0\0\1\0\0\0\377\377\377\377\377\377\377\377\0\0\0\0\0\0\0\0`\0\0\0\260\0\0\0\300\0\0\0\0\0\0\0\0\0\0\0\0\0\0\0P\0\0\0H\0\0\08\0\0\0\3\0\0\0\0\0\0\0\237\n\301~\0\0\0\0$P0^\0\0\0\0\0\0\0\0\30\0\0\0\0\0\0\0\0\0\0\0\0\0\0\0\0\0\0\0\0\0\0\0\20\0\0\0\0\0\0\0\0\0\0\0\0\0\0\0\20\0\0\0\1\0\0\0\0\0\0\0\0\0\0\0h\0\0\0\1\0\0\0\0\0\0\0\0\0\0\0&\0\0\0\0\0\0\0\0\0\0\0\0\0\0\0@\7\0\0@\0\0\0'\0\0\0\0\0\0\0"..., iov_len=4096}], msg_iovlen=1, msg_controllen=0, msg_flags=0}, MSG_DONTWAIT) = 312
10813 <... sendto resumed>)             = 88
10856 sendto(5, "\20\0\0\0\270\0\0\0\203d.z\0\0\0\0\30\0\24\0\0\0\0\0\4\0\0\0\0\0\0\0\0\0\0\0\0\0\0\0H\0\0\0\0\0\0\0\2\0\0\0\0\0\0\0\0\0\0\0\0\0\0\0\0\0\0\0\1\0\0\0\377\377\377\377\377\377\377\377\0\0\0\0\0\0\0\0`\0\0\0\0\0\0\0\0\0\0\0\0\0\0\0\0\0\0\0\0\0\0\0H\0\0\0@\0\0\08\0\0\0\3\0\0\0\0\0\0\0\f\205\24\\\1\0\0\0,\357Q\302\1\0\0\0\0\0\0\0\30\0\0\0\0\0\0\0\0\0\0\0\0\0\0\0\0\0\0\0\0\0\0\0\10\0\0\0\0\0\0\0", 184, MSG_NOSIGNAL, NULL, 0) = 184
10813 recvmsg(37,  <unfinished ...>
10856 recvmsg(5,  <unfinished ...>
10813 <... recvmsg resumed>{msg_name=NULL, msg_namelen=0, msg_iov=[{iov_base="\20\0\1\0\250\0\0\0\346\\.z\0\0\0\0\30\0\24\0\0\0\0\0\0\0\0\0\0\0\0\0p\0\0\0\0\0\0\0H\0\0\0\0\0\0\0\0\0\0\0\0\0\0\0\0\0\0\0\0\0\0\0\0\0\0\0\1\0\0\0\377\377\377\377\377\377\377\377\0\0\0\0\0\0\0\0\0\0\0\0`\0\0\0\0\0\0\0\0\0\0\0\0\0\0\0\1\0\0\0\20\0\0\0\1\0\0\0\1\0\0\0\0\0\0\0\20\0\0\0\1\0\0\0\200\0\0\0\0\0\1\0\30\0\0\0\20\0\0\0\10\0\0\0\0\0\0\0\1\0\0\0\0\0\0\0", iov_len=4096}], msg_iovlen=1, msg_control=[{cmsg_len=20, cmsg_level=SOL_SOCKET, cmsg_type=SCM_RIGHTS, cmsg_data=[83]}], msg_controllen=24, msg_flags=0}, MSG_DONTWAIT) = 168
10856 <... recvmsg resumed>{msg_name=NULL, msg_namelen=0, msg_iov=[{iov_base="\20\0\0\0X\0\0\0\22d.z\0\0\0\0\30\0\"\0\0\0\0\0\31\0\0\0\0\0\0\0\0\0\0\0\0\0\0\0000\0\0\0\0\0\0\0\2\0\0\0\0\0\0\0(\0\0\0\0\0\0\0\0\0\0\0\0\0\0\0\200\7\0\0@\0\0\0\0\0\0\0\0\0\0\0", iov_len=4096}], msg_iovlen=1, msg_controllen=0, msg_flags=0}, MSG_DONTWAIT) = 88
10856 sendto(5, "\20\0\0\0@\0\0\0\235e.z\0\0\0\0\30\0#\0\0\0\0\0\5\0\0\0\0\0\0\0\0\0\0\0\0\0\0\0\30\0\0\0\0\0\0\0\2\0\0\0\0\0\0\0\1\0\0\0\0\0\0\0", 64, MSG_NOSIGNAL, NULL, 0) = 64
10856 sendto(5, "\20\0\0\0 \5\0\0\234f.z\0\0\0\0\30\0\24\0\0\0\0\0\6\0\0\0\0\0\0\0\0\0\0\0\0\0\0\0H\0\0\0\0\0\0\0(\0\0\0\0\0\0\0\1\0\0\0\0\0\0\0\0\0\0\0\1\0\0\0\377\377\377\377\377\377\377\377\0\0\0\0\0\0\0\0`\0\0\0\250\2\0\0\310\2\0\0\0\0\0\0\0\0\0\0\0\0\0\0H\2\0\0@\2\0\08\0\0\0\3\0\0\0\0\0\0\0C\33\32\4\0\0\0\0+\357Q\302\0\0\0\0\0\0\0\0\30\0\0\0\0\0\0\0\0\0\0\0\0\0\0\0\0\0\0\0\0\0\0\0\20\0\0\0\0\0\0\0\10\0\0\0\0\0\0\08\0\0\0\6\0\0\0000\0\0\0\0\0\0\0\200\0\0\0\0\0\0\0\270\0\0\0\0\0\0\0\10\1\0\0\0\0\0\0P\1\0\0\0\0\0\0\210\1\0\0\0\0\0\0\30\0\0\0\0\0\0\0"..., 1312, MSG_NOSIGNAL, NULL, 0) = 1312
10856 sendto(5, "\20\0\0\0\240\1\0\0\370f.z\0\0\0\0\30\0\24\0\0\0\0\0\7\0\0\0\0\0\0\0\0\0\0\0\0\0\0\0H\0\0\0\0\0\0\0)\0\0\0\0\0\0\0\0\0\0\0\0\0\0\0\0\0\0\0\1\0\0\0\377\377\377\377\377\377\377\377\0\0\0\0\0\0\0\0`\0\0\0\270\0\0\0\310\0\0\0\0\0\0\0\0\0\0\0\0\0\0\0X\0\0\0P\0\0\08\0\0\0\3\0\0\0\0\0\0\0\0061\33\22\0\0\0\0/\357Q\302\0\0\0\0\0\0\0\0\30\0\0\0\0\0\0\0\0\0\0\0\0\0\0\0\0\0\0\0\0\0\0\0\30\0\0\0\0\0\0\0\0\0\0\0\1\0\0\0\0\0\0\0\0\0\0\0\20\0\0\0\2\0\0\0\0\0\0\0\0\0\0\0\310\0\0\0\2\0\0\0\0\0\0\0\0\0\0\0003\0\0\0\0\0\0\0\377\377\377\377\377\377\377\377\0\0\0\0\0\0\0\0"..., 416, MSG_NOSIGNAL, NULL, 0) = 416
10856 sendto(5, "\20\0\0\08\1\0\0bg.z\0\0\0\0\30\0\24\0\0\0\0\0\10\0\0\0\0\0\0\0\0\0\0\0\0\0\0\0H\0\0\0\0\0\0\0*\0\0\0\0\0\0\0\0\0\0\0\0\0\0\0\0\0\0\0\1\0\0\0\377\377\377\377\377\377\377\377\0\0\0\0\0\0\0\0`\0\0\0\260\0\0\0\300\0\0\0\0\0\0\0\0\0\0\0\0\0\0\0P\0\0\0H\0\0\08\0\0\0\3\0\0\0\0\0\0\0\357Q\235I\0\0\0\0)\357Q\302\0\0\0\0\0\0\0\0\30\0\0\0\0\0\0\0\0\0\0\0\0\0\0\0\0\0\0\0\0\0\0\0\20\0\0\0\0\0\0\0\0\0\0\0\0\0\0\0\20\0\0\0\1\0\0\0\0\0\0\0\0\0\0\0h\0\0\0\1\0\0\0\0\0\0\0\0\0\0\0006\0\0\0\0\0\0\0\0\0\0\0\0\0\0\0\0\t\0\0@\0\0\0007\0\0\0\0\0\0\0"..., 312, MSG_NOSIGNAL, NULL, 0) = 312
10856 sendto(5, "\20\0\0\0\270\0\0\0mh.z\0\0\0\0\30\0\24\0\0\0\0\0\t\0\0\0\0\0\0\0\0\0\0\0\0\0\0\0H\0\0\0\0\0\0\0,\0\0\0\0\0\0\0\0\0\0\0\0\0\0\0\0\0\0\0\1\0\0\0\377\377\377\377\377\377\377\377\0\0\0\0\0\0\0\0`\0\0\0\0\0\0\0\0\0\0\0\0\0\0\0\0\0\0\0\0\0\0\0H\0\0\0@\0\0\08\0\0\0\3\0\0\0\0\0\0\0005\1lu\1\0\0\0.\357Q\302\1\0\0\0\0\0\0\0\30\0\0\0\0\0\0\0\0\0\0\0\0\0\0\0\0\0\0\0\0\0\0\0\10\0\0\0\0\0\0\0", 184, MSG_NOSIGNAL, NULL, 0) = 184
10856 sendto(5, "\20\0\0\08\1\0\0\254h.z\0\0\0\0\30\0\24\0\0\0\0\0\n\0\0\0\0\0\0\0\0\0\0\0\0\0\0\0H\0\0\0\0\0\0\0.\0\0\0\0\0\0\0\0\0\0\0\0\0\0\0\0\0\0\0\1\0\0\0\377\377\377\377\377\377\377\377\0\0\0\0\0\0\0\0`\0\0\0\260\0\0\0\300\0\0\0\0\0\0\0\0\0\0\0\0\0\0\0P\0\0\0H\0\0\08\0\0\0\3\0\0\0\0\0\0\0\7B\332\35\0\0\0\0-\357Q\302\0\0\0\0\0\0\0\0\30\0\0\0\0\0\0\0\0\0\0\0\0\0\0\0\0\0\0\0\0\0\0\0\20\0\0\0\0\0\0\0\0\0\0\0\0\0\0\0\20\0\0\0\1\0\0\0\0\0\0\0\0\0\0\0h\0\0\0\1\0\0\0\0\0\0\0\0\0\0\08\0\0\0\0\0\0\0\0\0\0\0\0\0\0\0@\t\0\0@\0\0\09\0\0\0\0\0\0\0"..., 312, MSG_NOSIGNAL, NULL, 0) = 312
10856 sendto(5, "\20\0\0\0(\1\0\0\352h.z\0\0\0\0\30\0\24\0\0\0\0\0\v\0\0\0\0\0\0\0\0\0\0\0\0\0\0\0H\0\0\0\0\0\0\0002\0\0\0\0\0\0\0\0\0\0\0\0\0\0\0\0\0\0\0\1\0\0\0\377\377\377\377\377\377\377\377\0\0\0\0\0\0\0\0`\0\0\0\0\0\0\0\0\0\0\0\0\0\0\0\0\0\0\0\0\0\0\0\270\0\0\0\260\0\0\08\0\0\0\3\0\0\0\0\0\0\0\310\24\252/\0\0\0\0*\357Q\302\0\0\0\0\0\0\0\0\30\0\0\0\0\0\0\0\0\0\0\0\0\0\0\0\0\0\0\0\0\0\0\0\20\0\0\0\0\0\0\0\10\0\0\0\0\0\0\0(\0\0\0\4\0\0\0 \0\0\0\0\0\0\0(\0\0\0\0\0\0\0000\0\0\0\0\0\0\08\0\0\0\0\0\0\0\20\0\0\0\0\0\0\0e*\0\0\2\0\0\0\20\0\0\0\0\0\0\0"..., 296, MSG_NOSIGNAL, NULL, 0) = 296
10788 sendto(37, "\20\0\0\0p\0\0\0hj.z\0\0\0\0\30\0\24\0\0\0\0\0\32\0\0\0\0\0\0\0\0\0\0\0\0\0\0\0H\0\0\0\0\0\0\0\17\0\0\0\0\0\0\0\21\0\0\0\0\0\0\0\0\0\0\0\1\0\0\0\0\0\0\0\0\0\0\0\0\202\1\0\0\2\0\0\0\0\0\0\0\0\0\0\0\0\0\0\0\0\0\0\0\0\0\0\0\0\0\0", 112, MSG_NOSIGNAL, NULL, 0 <unfinished ...>
10813 recvmsg(37,  <unfinished ...>
10788 <... sendto resumed>)             = 112
10813 <... recvmsg resumed>{msg_name=NULL, msg_namelen=0, msg_iov=[{iov_base="\20\0\0\0@\0\0\0\257].z\0\0\0\0\30\0\26\0\0\0\0\0\1\0\0\0\0\0\0\0\0\0\0\0\0\0\0\0\30\0\0\0\0\0\0\0\0\0\0\0\0\0\0\0\1\0\0\0\0\0\0\0\20\0\0\0X\0\0\0)^.z\0\0\0\0\30\0\"\0\0\0\0\0\2\0\0\0\0\0\0\0\0\0\0\0\0\0\0\0000\0\0\0\0\0\0\0\1\0\0\0\0\0\0\0\"\0\0\0\0\0\0\0\0\0\0\0\0\0\0\0\300\6\0\0@\0\0\0\0\0\0\0\0\0\0\0\20\0\0\08\0\0\0,b.z\0\0\0\0\30\0$\0\0\0\0\0\3\0\0\0\0\0\0\0\0\0\0\0\0\0\0\0\20\0\0\0\0\0\0\0\35\0\0\0\0\0\0\0\20\0\0\0\270\0\0\0\203d.z\0\0\0\0\30\0\24\0\0\0\0\0\4\0\0\0\0\0\0\0\0\0\0\0\0\0\0\0H\0\0\0\0\0\0\0"..., iov_len=4096}], msg_iovlen=1, msg_controllen=0, msg_flags=0}, MSG_DONTWAIT) = 3288
10856 recvmsg(5,  <unfinished ...>
10809 openat(AT_FDCWD, "/tmp/playwright_chromiumdev_profile-56xg4l/Default/Extension Scripts/000003.log", O_WRONLY|O_CREAT|O_TRUNC, 0600 <unfinished ...>
10813 sendto(37, "\20\0\0\0@\0\0\0\30k.z\0\0\0\0\30\0#\0\0\0\0\0\33\0\0\0\0\0\0\0\0\0\0\0\0\0\0\0\30\0\0\0\0\0\0\0\1\0\0\0\0\0\0\0\2\0\0\0\0\0\0\0", 64, MSG_NOSIGNAL, NULL, 0 <unfinished ...>
10856 <... recvmsg resumed>{msg_name=NULL, msg_namelen=0, msg_iov=[{iov_base="\20\0\0\0p\0\0\0hj.z\0\0\0\0\30\0\24\0\0\0\0\0\32\0\0\0\0\0\0\0\0\0\0\0\0\0\0\0H\0\0\0\0\0\0\0\17\0\0\0\0\0\0\0\21\0\0\0\0\0\0\0\0\0\0\0\1\0\0\0\0\0\0\0\0\0\0\0\0\202\1\0\0\2\0\0\0\0\0\0\0\0\0\0\0\0\0\0\0\0\0\0\0\0\0\0\0\0\0\0", iov_len=4096}], msg_iovlen=1, msg_controllen=0, msg_flags=0}, MSG_DONTWAIT) = 112
10809 <... openat resumed>)             = 81
10813 <... sendto resumed>)             = 64
10846 sendto(14, "\20\0\0\0p\0\0\0\263k.z\0\0\0\0\30\0\24\0\0\0\0\0\31\0\0\0\0\0\0\0\0\0\0\0\0\0\0\0H\0\0\0\0\0\0\0.\0\0\0\0\0\0\0\7\0\0\0\0\0\0\0\0\0\0\0\1\0\0\0\0\0\0\0\0\0\0\0\0y\1\0\0\1\0\0\0\0\0\0\0\0\0\0\0\0\0\0\0\0\0\0\0\0\0\0\0\0\0\0", 112, MSG_NOSIGNAL, NULL, 0) = 112
10809 openat(AT_FDCWD, "/tmp/playwright_chromiumdev_profile-56xg4l/Default/Extension Scripts", O_RDONLY|O_NONBLOCK|O_CLOEXEC|O_DIRECTORY <unfinished ...>
10813 sendto(37, "\20\0\0\0@\0\0\0\354k.z\0\0\0\0\30\0\26\0\0\0\0\0\34\0\0\0\0\0\0\0\0\0\0\0\0\0\0\0\30\0\0\0\0\0\0\0\35\0\0\0\0\0\0\0\1\0\0\0\0\0\0\0", 64, MSG_NOSIGNAL, NULL, 0) = 64
10809 <... openat resumed>)             = 77
10813 sendto(37, "\20\0\0\08\0\0\0bl.z\0\0\0\0\30\0$\0\0\0\0\0\35\0\0\0\0\0\0\0\0\0\0\0\0\0\0\0\20\0\0\0\0\0\0\0(\0\0\0\0\0\0\0", 56, MSG_NOSIGNAL, NULL, 0) = 56
10813 recvmsg(45, {msg_name=NULL, msg_namelen=0, msg_iov=[{iov_base="\20\0\0\0p\0\0\0\263k.z\0\0\0\0\30\0\24\0\0\0\0\0\31\0\0\0\0\0\0\0\0\0\0\0\0\0\0\0H\0\0\0\0\0\0\0.\0\0\0\0\0\0\0\7\0\0\0\0\0\0\0\0\0\0\0\1\0\0\0\0\0\0\0\0\0\0\0\0y\1\0\0\1\0\0\0\0\0\0\0\0\0\0\0\0\0\0\0\0\0\0\0\0\0\0\0\0\0\0", iov_len=4096}], msg_iovlen=1, msg_controllen=0, msg_flags=0}, MSG_DONTWAIT) = 112
10856 openat(AT_FDCWD, "/proc/self/cmdline", O_RDONLY|O_CLOEXEC) = 15
10808 openat(AT_FDCWD, "/tmp/playwright_chromiumdev_profile-56xg4l/Default/Local Storage/leveldb/MANIFEST-000001", O_WRONLY|O_CREAT|O_TRUNC, 0600) = 84
10811 openat(AT_FDCWD, "/tmp/playwright_chromiumdev_profile-56xg4l/Default/Favicons", O_RDWR|O_CREAT|O_NOFOLLOW|O_CLOEXEC, 0600) = 85
10808 sendmsg(45, {msg_name=NULL, msg_namelen=0, msg_iov=[{iov_base="\20\0\1\0\250\0\0\0000o.z\0\0\0\0\30\0\24\0\0\0\0\0\24\0\0\0\0\0\0\0p\0\0\0\0\0\0\0H\0\0\0\0\0\0\0.\0\0\0\0\0\0\0\7\0\0\0\0\0\0\0\0\0\0\0\1\0\0\0\0\0\0\0\0\0\0\0\0{\1\0\0\1\0\0\0\0\0\0`\0\0\0\0\0\0\0\0\0\0\0\0\0\0\0\1\0\0\0\20\0\0\0\1\0\0\0\1\0\0\0\0\0\0\0\20\0\0\0\1\0\0\0\200\0\0\0\0\0\1\0\30\0\0\0\20\0\0\0\10\0\0\0\4\0\0\0\10\0\0\0\0\0\0\0", iov_len=168}], msg_iovlen=1, msg_control=[{cmsg_len=20, cmsg_level=SOL_SOCKET, cmsg_type=SCM_RIGHTS, cmsg_data=[84]}], msg_controllen=20, msg_flags=0}, MSG_NOSIGNAL) = 168
10846 recvmsg(14, {msg_name=NULL, msg_namelen=0, msg_iov=[{iov_base="\20\0\1\0\250\0\0\0000o.z\0\0\0\0\30\0\24\0\0\0\0\0\24\0\0\0\0\0\0\0p\0\0\0\0\0\0\0H\0\0\0\0\0\0\0.\0\0\0\0\0\0\0\7\0\0\0\0\0\0\0\0\0\0\0\1\0\0\0\0\0\0\0\0\0\0\0\0{\1\0\0\1\0\0\0\0\0\0`\0\0\0\0\0\0\0\0\0\0\0\0\0\0\0\1\0\0\0\20\0\0\0\1\0\0\0\1\0\0\0\0\0\0\0\20\0\0\0\1\0\0\0\200\0\0\0\0\0\1\0\30\0\0\0\20\0\0\0\10\0\0\0\4\0\0\0\10\0\0\0\0\0\0\0", iov_len=4096}], msg_iovlen=1, msg_control=[{cmsg_len=20, cmsg_level=SOL_SOCKET, cmsg_type=SCM_RIGHTS, cmsg_data=[23]}], msg_controllen=24, msg_flags=0}, MSG_DONTWAIT) = 168
10809 openat(AT_FDCWD, "/tmp/playwright_chromiumdev_profile-56xg4l/Default/Extension Scripts", O_RDONLY|O_NONBLOCK|O_CLOEXEC|O_DIRECTORY) = 77
10856 recvmsg(5, {msg_name=NULL, msg_namelen=0, msg_iov=[{iov_base="\20\0\0\0@\0\0\0\30k.z\0\0\0\0\30\0#\0\0\0\0\0\33\0\0\0\0\0\0\0\0\0\0\0\0\0\0\0\30\0\0\0\0\0\0\0\1\0\0\0\0\0\0\0\2\0\0\0\0\0\0\0\20\0\0\0@\0\0\0\354k.z\0\0\0\0\30\0\26\0\0\0\0\0\34\0\0\0\0\0\0\0\0\0\0\0\0\0\0\0\30\0\0\0\0\0\0\0\35\0\0\0\0\0\0\0\1\0\0\0\0\0\0\0\20\0\0\08\0\0\0bl.z\0\0\0\0\30\0$\0\0\0\0\0\35\0\0\0\0\0\0\0\0\0\0\0\0\0\0\0\20\0\0\0\0\0\0\0(\0\0\0\0\0\0\0", iov_len=4096}], msg_iovlen=1, msg_controllen=0, msg_flags=0}, MSG_DONTWAIT) = 184
10856 sendto(5, "\20\0\0\08\0\0\0\265s.z\0\0\0\0\30\0$\0\0\0\0\0\f\0\0\0\0\0\0\0\0\0\0\0\0\0\0\0\20\0\0\0\0\0\0\0\"\0\0\0\0\0\0\0", 56, MSG_NOSIGNAL, NULL, 0 <unfinished ...>
10846 sendto(14, "\20\0\0\0p\0\0\0\300s.z\0\0\0\0\30\0\24\0\0\0\0\0\32\0\0\0\0\0\0\0\0\0\0\0\0\0\0\0H\0\0\0\0\0\0\0.\0\0\0\0\0\0\0\10\0\0\0\0\0\0\0\0\0\0\0\1\0\0\0\0\0\0\0\0\0\0\0\0{\1\0\0\1\0\0\0\0\0\0\0\0\0\0\0\0\0\0\0\0\0\0\0\0\0\0\0\0\0\0", 112, MSG_NOSIGNAL, NULL, 0 <unfinished ...>
10856 <... sendto resumed>)             = 56
10846 <... sendto resumed>)             = 112
10856 sendto(5, "\20\0\0\0X\0\0\0\37t.z\0\0\0\0\30\0\"\0\0\0\0\0\r\0\0\0\0\0\0\0\0\0\0\0\0\0\0\0000\0\0\0\0\0\0\0(\0\0\0\0\0\0\0:\0\0\0\0\0\0\0\0\0\0\0\0\0\0\0@\6\0\0@\0\0\0\2\0\0\0\0\0\0\0", 88, MSG_NOSIGNAL, NULL, 0 <unfinished ...>
10813 recvmsg(37,  <unfinished ...>
10856 <... sendto resumed>)             = 88
10813 <... recvmsg resumed>{msg_name=NULL, msg_namelen=0, msg_iov=[{iov_base="\20\0\0\08\0\0\0\265s.z\0\0\0\0\30\0$\0\0\0\0\0\f\0\0\0\0\0\0\0\0\0\0\0\0\0\0\0\20\0\0\0\0\0\0\0\"\0\0\0\0\0\0\0\20\0\0\0X\0\0\0\37t.z\0\0\0\0\30\0\"\0\0\0\0\0\r\0\0\0\0\0\0\0\0\0\0\0\0\0\0\0000\0\0\0\0\0\0\0(\0\0\0\0\0\0\0:\0\0\0\0\0\0\0\0\0\0\0\0\0\0\0@\6\0\0@\0\0\0\2\0\0\0\0\0\0\0", iov_len=4096}], msg_iovlen=1, msg_controllen=0, msg_flags=0}, MSG_DONTWAIT) = 144
10813 sendto(37, "\20\0\0\0X\0\0\0\260t.z\0\0\0\0\30\0\"\0\0\0\0\0\36\0\0\0\0\0\0\0\0\0\0\0\0\0\0\0000\0\0\0\0\0\0\0\"\0\0\0\0\0\0\0;\0\0\0\0\0\0\0\0\0\0\0\0\0\0\0\200\t\0\0@\0\0\0\2\0\0\0\0\0\0\0", 88, MSG_NOSIGNAL, NULL, 0) = 88
10813 sendto(37, "\20\0\0\0@\0\0\0\32u.z\0\0\0\0\30\0#\0\0\0\0\0\37\0\0\0\0\0\0\0\0\0\0\0\0\0\0\0\30\0\0\0\0\0\0\0(\0\0\0\0\0\0\0\0\0\0\0\0\0\0\0", 64, MSG_NOSIGNAL, NULL, 0) = 64
10813 recvmsg(45, {msg_name=NULL, msg_namelen=0, msg_iov=[{iov_base="\20\0\0\0p\0\0\0\300s.z\0\0\0\0\30\0\24\0\0\0\0\0\32\0\0\0\0\0\0\0\0\0\0\0\0\0\0\0H\0\0\0\0\0\0\0.\0\0\0\0\0\0\0\10\0\0\0\0\0\0\0\0\0\0\0\1\0\0\0\0\0\0\0\0\0\0\0\0{\1\0\0\1\0\0\0\0\0\0\0\0\0\0\0\0\0\0\0\0\0\0\0\0\0\0\0\0\0\0", iov_len=4096}], msg_iovlen=1, msg_controllen=0, msg_flags=0}, MSG_DONTWAIT) = 112
10809 openat(AT_FDCWD, "/opt/google/chrome/resources/pdf/_metadata/computed_hashes.json", O_RDONLY|O_CLOEXEC) = -1 ENOENT (No such file or directory)
10811 openat(AT_FDCWD, "/tmp/playwright_chromiumdev_profile-56xg4l/Default/Favicons-journal", O_RDWR|O_CREAT|O_NOFOLLOW|O_CLOEXEC, 0600 <unfinished ...>
10808 openat(AT_FDCWD, "/tmp/playwright_chromiumdev_profile-56xg4l/Default/Local Storage/leveldb", O_RDONLY <unfinished ...>
10811 <... openat resumed>)             = 77
10808 <... openat resumed>)             = 84
10808 sendmsg(45, {msg_name=NULL, msg_namelen=0, msg_iov=[{iov_base="\20\0\1\0\250\0\0\0\203w.z\0\0\0\0\30\0\24\0\0\0\0\0\25\0\0\0\0\0\0\0p\0\0\0\0\0\0\0H\0\0\0\0\0\0\0.\0\0\0\0\0\0\0\10\0\0\0\0\0\0\0\0\0\0\0\1\0\0\0\0\0\0\0\0\0\0\0\0y\1\0\0\1\0\0\0\0\0\0`\0\0\0\0\0\0\0\0\0\0\0\0\0\0\0\1\0\0\0\20\0\0\0\1\0\0\0\1\0\0\0\0\0\0\0\20\0\0\0\1\0\0\0\200\0\0\0\0\0\1\0\30\0\0\0\20\0\0\0\10\0\0\0\4\0\0\0\10\0\0\0\0\0\0\0", iov_len=168}], msg_iovlen=1, msg_control=[{cmsg_len=20, cmsg_level=SOL_SOCKET, cmsg_type=SCM_RIGHTS, cmsg_data=[84]}], msg_controllen=20, msg_flags=0}, MSG_NOSIGNAL) = 168
10846 recvmsg(14, {msg_name=NULL, msg_namelen=0, msg_iov=[{iov_base="\20\0\1\0\250\0\0\0\203w.z\0\0\0\0\30\0\24\0\0\0\0\0\25\0\0\0\0\0\0\0p\0\0\0\0\0\0\0H\0\0\0\0\0\0\0.\0\0\0\0\0\0\0\10\0\0\0\0\0\0\0\0\0\0\0\1\0\0\0\0\0\0\0\0\0\0\0\0y\1\0\0\1\0\0\0\0\0\0`\0\0\0\0\0\0\0\0\0\0\0\0\0\0\0\1\0\0\0\20\0\0\0\1\0\0\0\1\0\0\0\0\0\0\0\20\0\0\0\1\0\0\0\200\0\0\0\0\0\1\0\30\0\0\0\20\0\0\0\10\0\0\0\4\0\0\0\10\0\0\0\0\0\0\0", iov_len=4096}], msg_iovlen=1, msg_control=[{cmsg_len=20, cmsg_level=SOL_SOCKET, cmsg_type=SCM_RIGHTS, cmsg_data=[24]}], msg_controllen=24, msg_flags=0}, MSG_DONTWAIT) = 168
10855 openat(AT_FDCWD, "/proc/sys/fs/inotify/max_user_watches", O_RDONLY) = 18
10838 sendto(5, "\20\0\0\0p\0\0\0i}.z\0\0\0\0\30\0\24\0\0\0\0\0\16\0\0\0\0\0\0\0\0\0\0\0\0\0\0\0H\0\0\0\0\0\0\0001\0\0\0\0\0\0\0\1\0\0\0\0\0\0\0\0\0\0\0\1\0\0\0\0\0\0\0\0\0\0\0\0z\1\0\0\1\0\0\0\0\0\0\0\0\0\0\0\0\0\0\0\0\0\0\0\0\0\0\0\0\0\0", 112, MSG_NOSIGNAL, NULL, 0) = 112
10813 recvmsg(37,  <unfinished ...>
10856 recvmsg(5,  <unfinished ...>
10813 <... recvmsg resumed>{msg_name=NULL, msg_namelen=0, msg_iov=[{iov_base="\20\0\0\0p\0\0\0i}.z\0\0\0\0\30\0\24\0\0\0\0\0\16\0\0\0\0\0\0\0\0\0\0\0\0\0\0\0H\0\0\0\0\0\0\0001\0\0\0\0\0\0\0\1\0\0\0\0\0\0\0\0\0\0\0\1\0\0\0\0\0\0\0\0\0\0\0\0z\1\0\0\1\0\0\0\0\0\0\0\0\0\0\0\0\0\0\0\0\0\0\0\0\0\0\0\0\0\0", iov_len=4096}], msg_iovlen=1, msg_controllen=0, msg_flags=0}, MSG_DONTWAIT) = 112
10856 <... recvmsg resumed>{msg_name=NULL, msg_namelen=0, msg_iov=[{iov_base="\20\0\0\0X\0\0\0\260t.z\0\0\0\0\30\0\"\0\0\0\0\0\36\0\0\0\0\0\0\0\0\0\0\0\0\0\0\0000\0\0\0\0\0\0\0\"\0\0\0\0\0\0\0;\0\0\0\0\0\0\0\0\0\0\0\0\0\0\0\200\t\0\0@\0\0\0\2\0\0\0\0\0\0\0\20\0\0\0@\0\0\0\32u.z\0\0\0\0\30\0#\0\0\0\0\0\37\0\0\0\0\0\0\0\0\0\0\0\0\0\0\0\30\0\0\0\0\0\0\0(\0\0\0\0\0\0\0\0\0\0\0\0\0\0\0", iov_len=4096}], msg_iovlen=1, msg_controllen=0, msg_flags=0}, MSG_DONTWAIT) = 152
10846 sendto(14, "\20\0\0\0p\0\0\0\266~.z\0\0\0\0\30\0\24\0\0\0\0\0\33\0\0\0\0\0\0\0\0\0\0\0\0\0\0\0H\0\0\0\0\0\0\0.\0\0\0\0\0\0\0\t\0\0\0\0\0\0\0\0\0\0\0\1\0\0\0\0\0\0\0\0\0\0\0\0y\1\0\0\1\0\0\0\0\0\0\0\0\0\0\0\0\0\0\0\0\0\0\0\0\0\0\0\0\0\0", 112, MSG_NOSIGNAL, NULL, 0 <unfinished ...>
10856 sendto(5, "\20\0\0\0@\0\0\0/\177.z\0\0\0\0\30\0#\0\0\0\0\0\17\0\0\0\0\0\0\0\0\0\0\0\0\0\0\0\30\0\0\0\0\0\0\0\"\0\0\0\0\0\0\0\0\0\0\0\0\0\0\0", 64, MSG_NOSIGNAL, NULL, 0 <unfinished ...>
10846 <... sendto resumed>)             = 112
10813 recvmsg(45,  <unfinished ...>
10856 <... sendto resumed>)             = 64
10813 <... recvmsg resumed>{msg_name=NULL, msg_namelen=0, msg_iov=[{iov_base="\20\0\0\0p\0\0\0\266~.z\0\0\0\0\30\0\24\0\0\0\0\0\33\0\0\0\0\0\0\0\0\0\0\0\0\0\0\0H\0\0\0\0\0\0\0.\0\0\0\0\0\0\0\t\0\0\0\0\0\0\0\0\0\0\0\1\0\0\0\0\0\0\0\0\0\0\0\0y\1\0\0\1\0\0\0\0\0\0\0\0\0\0\0\0\0\0\0\0\0\0\0\0\0\0\0\0\0\0", iov_len=4096}], msg_iovlen=1, msg_controllen=0, msg_flags=0}, MSG_DONTWAIT) = 112
10856 sendto(5, "\20\0\0\0p\0\0\0}\200.z\0\0\0\0\30\0\24\0\0\0\0\0\20\0\0\0\0\0\0\0\0\0\0\0\0\0\0\0H\0\0\0\0\0\0\0\r\0\0\0\0\0\0\0\0\0\0\0\0\0\0\0\0\0\0\0\1\0\0\0\0\0\0\0\0\0\0\0\0{\1\0\0\1\0\0\0\0\0\0\0\0\0\0\0\0\0\0\0\0\0\0\0\0\0\0\0\0\0\0", 112, MSG_NOSIGNAL, NULL, 0) = 112
10838 sendto(5, "\20\0\0\0p\0\0\0r\201.z\0\0\0\0\30\0\24\0\0\0\0\0\21\0\0\0\0\0\0\0\0\0\0\0\0\0\0\0H\0\0\0\0\0\0\0001\0\0\0\0\0\0\0\2\0\0\0\0\0\0\0\0\0\0\0\1\0\0\0\0\0\0\0\0\0\0\0\0|\1\0\0\1\0\0\0\0\0\0\0\0\0\0\0\0\0\0\0\0\0\0\0\0\0\0\0\0\0\0", 112, MSG_NOSIGNAL, NULL, 0 <unfinished ...>
10813 recvmsg(37,  <unfinished ...>
10838 <... sendto resumed>)             = 112
10813 <... recvmsg resumed>{msg_name=NULL, msg_namelen=0, msg_iov=[{iov_base="\20\0\0\0@\0\0\0/\177.z\0\0\0\0\30\0#\0\0\0\0\0\17\0\0\0\0\0\0\0\0\0\0\0\0\0\0\0\30\0\0\0\0\0\0\0\"\0\0\0\0\0\0\0\0\0\0\0\0\0\0\0\20\0\0\0p\0\0\0}\200.z\0\0\0\0\30\0\24\0\0\0\0\0\20\0\0\0\0\0\0\0\0\0\0\0\0\0\0\0H\0\0\0\0\0\0\0\r\0\0\0\0\0\0\0\0\0\0\0\0\0\0\0\0\0\0\0\1\0\0\0\0\0\0\0\0\0\0\0\0{\1\0\0\1\0\0\0\0\0\0\0\0\0\0\0\0\0\0\0\0\0\0\0\0\0\0\0\0\0\0\20\0\0\0p\0\0\0r\201.z\0\0\0\0\30\0\24\0\0\0\0\0\21\0\0\0\0\0\0\0\0\0\0\0\0\0\0\0H\0\0\0\0\0\0\0001\0\0\0\0\0\0\0\2\0\0\0\0\0\0\0\0\0\0\0\1\0\0\0\0\0\0\0\0\0\0\0"..., iov_len=4096}], msg_iovlen=1, msg_controllen=0, msg_flags=0}, MSG_DONTWAIT) = 288
10808 openat(AT_FDCWD, "/tmp/playwright_chromiumdev_profile-56xg4l/Default/Local Storage/leveldb/000001.dbtmp", O_WRONLY|O_CREAT|O_TRUNC, 0600) = 84
10808 sendmsg(45, {msg_name=NULL, msg_namelen=0, msg_iov=[{iov_base="\20\0\1\0\250\0\0\0H\203.z\0\0\0\0\30\0\24\0\0\0\0\0\26\0\0\0\0\0\0\0p\0\0\0\0\0\0\0H\0\0\0\0\0\0\0.\0\0\0\0\0\0\0\t\0\0\0\0\0\0\0\0\0\0\0\1\0\0\0\0\0\0\0\0\0\0\0\0{\1\0\0\1\0\0\0\0\0\0`\0\0\0\0\0\0\0\0\0\0\0\0\0\0\0\1\0\0\0\20\0\0\0\1\0\0\0\1\0\0\0\0\0\0\0\20\0\0\0\1\0\0\0\200\0\0\0\0\0\1\0\30\0\0\0\20\0\0\0\10\0\0\0\4\0\0\0\10\0\0\0\0\0\0\0", iov_len=168}], msg_iovlen=1, msg_control=[{cmsg_len=20, cmsg_level=SOL_SOCKET, cmsg_type=SCM_RIGHTS, cmsg_data=[84]}], msg_controllen=20, msg_flags=0}, MSG_NOSIGNAL) = 168
10846 recvmsg(14, {msg_name=NULL, msg_namelen=0, msg_iov=[{iov_base="\20\0\1\0\250\0\0\0H\203.z\0\0\0\0\30\0\24\0\0\0\0\0\26\0\0\0\0\0\0\0p\0\0\0\0\0\0\0H\0\0\0\0\0\0\0.\0\0\0\0\0\0\0\t\0\0\0\0\0\0\0\0\0\0\0\1\0\0\0\0\0\0\0\0\0\0\0\0{\1\0\0\1\0\0\0\0\0\0`\0\0\0\0\0\0\0\0\0\0\0\0\0\0\0\1\0\0\0\20\0\0\0\1\0\0\0\1\0\0\0\0\0\0\0\20\0\0\0\1\0\0\0\200\0\0\0\0\0\1\0\30\0\0\0\20\0\0\0\10\0\0\0\4\0\0\0\10\0\0\0\0\0\0\0", iov_len=4096}], msg_iovlen=1, msg_control=[{cmsg_len=20, cmsg_level=SOL_SOCKET, cmsg_type=SCM_RIGHTS, cmsg_data=[23]}], msg_controllen=24, msg_flags=0}, MSG_DONTWAIT) = 168
10856 sendto(5, "\20\0\0\0p\0\0\0u\204.z\0\0\0\0\30\0\24\0\0\0\0\0\22\0\0\0\0\0\0\0\0\0\0\0\0\0\0\0H\0\0\0\0\0\0\0\17\0\0\0\0\0\0\0\0\0\0\0\0\0\0\0\0\0\0\0\1\0\0\0\0\0\0\0\0\0\0\0\0}\1\0\0\1\0\0\0\0\0\0\0\0\0\0\0\0\0\0\0\0\0\0\0\0\0\0\0\0\0\0", 112, MSG_NOSIGNAL, NULL, 0) = 112
10813 recvmsg(37, {msg_name=NULL, msg_namelen=0, msg_iov=[{iov_base="\20\0\0\0p\0\0\0u\204.z\0\0\0\0\30\0\24\0\0\0\0\0\22\0\0\0\0\0\0\0\0\0\0\0\0\0\0\0H\0\0\0\0\0\0\0\17\0\0\0\0\0\0\0\0\0\0\0\0\0\0\0\0\0\0\0\1\0\0\0\0\0\0\0\0\0\0\0\0}\1\0\0\1\0\0\0\0\0\0\0\0\0\0\0\0\0\0\0\0\0\0\0\0\0\0\0\0\0\0", iov_len=4096}], msg_iovlen=1, msg_controllen=0, msg_flags=0}, MSG_DONTWAIT) = 112
10856 sendto(5, "\20\0\0\0p\0\0\0k\205.z\0\0\0\0\30\0\24\0\0\0\0\0\23\0\0\0\0\0\0\0\0\0\0\0\0\0\0\0H\0\0\0\0\0\0\0\27\0\0\0\0\0\0\0\0\0\0\0\0\0\0\0\0\0\0\0\1\0\0\0\0\0\0\0\0\0\0\0\0~\1\0\0\1\0\0\0\0\0\0\0\0\0\0\0\0\0\0\0\0\0\0\0\0\0\0\0\0\0\0", 112, MSG_NOSIGNAL, NULL, 0) = 112
10813 recvmsg(37, {msg_name=NULL, msg_namelen=0, msg_iov=[{iov_base="\20\0\0\0p\0\0\0k\205.z\0\0\0\0\30\0\24\0\0\0\0\0\23\0\0\0\0\0\0\0\0\0\0\0\0\0\0\0H\0\0\0\0\0\0\0\27\0\0\0\0\0\0\0\0\0\0\0\0\0\0\0\0\0\0\0\1\0\0\0\0\0\0\0\0\0\0\0\0~\1\0\0\1\0\0\0\0\0\0\0\0\0\0\0\0\0\0\0\0\0\0\0\0\0\0\0\0\0\0", iov_len=4096}], msg_iovlen=1, msg_controllen=0, msg_flags=0}, MSG_DONTWAIT) = 112
10788 sendto(36, "\20\0\0\0\350\0\0\0\0\207.z\0\0\0\0\30\0\24\0\0\0\0\0\20\0\0\0\0\0\0\0\0\0\0\0\0\0\0\0H\0\0\0\0\0\0\0\"\0\0\0\0\0\0\0\2\0\0\0\0\0\0\0\0\0\0\0\1\0\0\0\0\0\0\0\0\0\0\0\0}\1\0\0\1\0\0\0\0\0\0`\0\0\0p\0\0\0\0\0\0\0\0\0\0\0\0\0\0\0\20\0\0\0\1\0\0\0\0\0\0\0\0\0\0\0h\0\0\0\1\0\0\0\0\0\0\0\0\0\0\09\0\0\0\0\0\0\0\0\0\0\0\0\0\0\0@\t\0\0@\0\0\0:\0\0\0\0\0\0\0\0\0\0\0\0\0\0\0\0\0\0\0\0\0\0\0\0\0\0\0\0\0\0\0\2\0\0\0\0\0\0\0\0\0\0\0\0\0\0\0\0\0\0\0\0\0\0\0\0\0\0\0\0\0\0\0", 232, MSG_NOSIGNAL, NULL, 0) = 232
10788 sendto(36, "\20\0\0\0\350\0\0\0e\207.z\0\0\0\0\30\0\24\0\0\0\0\0\21\0\0\0\0\0\0\0\0\0\0\0\0\0\0\0H\0\0\0\0\0\0\0\"\0\0\0\0\0\0\0\3\0\0\0\0\0\0\0\0\0\0\0\1\0\0\0\0\0\0\0\0\0\0\0\0~\1\0\0\1\0\0\0\0\0\0`\0\0\0p\0\0\0\0\0\0\0\0\0\0\0\0\0\0\0\20\0\0\0\1\0\0\0\0\0\0\0\0\0\0\0h\0\0\0\1\0\0\0\0\0\0\0\0\0\0\0;\0\0\0\0\0\0\0\0\0\0\0\0\0\0\0\200\t\0\0@\0\0\0<\0\0\0\0\0\0\0\0\0\0\0\0\0\0\0\0\0\0\0\0\0\0\0\0\0\0\0\0\0\0\0\2\0\0\0\0\0\0\0\0\0\0\0\0\0\0\0\0\0\0\0\0\0\0\0\0\0\0\0\0\0\0\0", 232, MSG_NOSIGNAL, NULL, 0 <unfinished ...>
10836 recvmsg(14,  <unfinished ...>
10788 <... sendto resumed>)             = 232
10836 <... recvmsg resumed>{msg_name=NULL, msg_namelen=0, msg_iov=[{iov_base="\20\0\0\0\350\0\0\0\0\207.z\0\0\0\0\30\0\24\0\0\0\0\0\20\0\0\0\0\0\0\0\0\0\0\0\0\0\0\0H\0\0\0\0\0\0\0\"\0\0\0\0\0\0\0\2\0\0\0\0\0\0\0\0\0\0\0\1\0\0\0\0\0\0\0\0\0\0\0\0}\1\0\0\1\0\0\0\0\0\0`\0\0\0p\0\0\0\0\0\0\0\0\0\0\0\0\0\0\0\20\0\0\0\1\0\0\0\0\0\0\0\0\0\0\0h\0\0\0\1\0\0\0\0\0\0\0\0\0\0\09\0\0\0\0\0\0\0\0\0\0\0\0\0\0\0@\t\0\0@\0\0\0:\0\0\0\0\0\0\0\0\0\0\0\0\0\0\0\0\0\0\0\0\0\0\0\0\0\0\0\0\0\0\0\2\0\0\0\0\0\0\0\0\0\0\0\0\0\0\0\0\0\0\0\0\0\0\0\0\0\0\0\0\0\0\0\20\0\0\0\350\0\0\0e\207.z\0\0\0\0\30\0\24\0\0\0\0\0"..., iov_len=4096}], msg_iovlen=1, msg_controllen=0, msg_flags=0}, MSG_DONTWAIT) = 464
10788 openat(AT_FDCWD, "/proc/10824/stat", O_RDONLY|O_CLOEXEC) = 84
10856 sendto(5, "\20\0\0\0p\0\0\0000\211.z\0\0\0\0\30\0\24\0\0\0\0\0\24\0\0\0\0\0\0\0\0\0\0\0\0\0\0\0H\0\0\0\0\0\0\0\17\0\0\0\0\0\0\0\1\0\0\0\0\0\0\0\0\0\0\0\1\0\0\0\0\0\0\0\0\0\0\0\0\177\1\0\0\1\0\0\0\0\0\0\0\0\0\0\0\0\0\0\0\0\0\0\0\0\0\0\0\0\0\0", 112, MSG_NOSIGNAL, NULL, 0) = 112
10813 recvmsg(37,  <unfinished ...>
10859 openat(AT_FDCWD, "/etc/host.conf", O_RDONLY|O_CLOEXEC <unfinished ...>
10813 <... recvmsg resumed>{msg_name=NULL, msg_namelen=0, msg_iov=[{iov_base="\20\0\0\0p\0\0\0000\211.z\0\0\0\0\30\0\24\0\0\0\0\0\24\0\0\0\0\0\0\0\0\0\0\0\0\0\0\0H\0\0\0\0\0\0\0\17\0\0\0\0\0\0\0\1\0\0\0\0\0\0\0\0\0\0\0\1\0\0\0\0\0\0\0\0\0\0\0\0\177\1\0\0\1\0\0\0\0\0\0\0\0\0\0\0\0\0\0\0\0\0\0\0\0\0\0\0\0\0\0", iov_len=4096}], msg_iovlen=1, msg_controllen=0, msg_flags=0}, MSG_DONTWAIT) = 112
10859 <... openat resumed>)             = 18
10855 openat(AT_FDCWD, "/etc/hosts", O_RDONLY|O_CLOEXEC) = 19
10846 sendto(14, "\20\0\0\0p\0\0\0\10\213.z\0\0\0\0\30\0\24\0\0\0\0\0\34\0\0\0\0\0\0\0\0\0\0\0\0\0\0\0H\0\0\0\0\0\0\0.\0\0\0\0\0\0\0\n\0\0\0\0\0\0\0\0\0\0\0\1\0\0\0\0\0\0\0\0\0\0\0\0{\1\0\0\1\0\0\0\0\0\0\0\0\0\0\0\0\0\0\0\0\0\0\0\0\0\0\0\0\0\0", 112, MSG_NOSIGNAL, NULL, 0) = 112
10813 recvmsg(45, {msg_name=NULL, msg_namelen=0, msg_iov=[{iov_base="\20\0\0\0p\0\0\0\10\213.z\0\0\0\0\30\0\24\0\0\0\0\0\34\0\0\0\0\0\0\0\0\0\0\0\0\0\0\0H\0\0\0\0\0\0\0.\0\0\0\0\0\0\0\n\0\0\0\0\0\0\0\0\0\0\0\1\0\0\0\0\0\0\0\0\0\0\0\0{\1\0\0\1\0\0\0\0\0\0\0\0\0\0\0\0\0\0\0\0\0\0\0\0\0\0\0\0\0\0", iov_len=4096}], msg_iovlen=1, msg_controllen=0, msg_flags=0}, MSG_DONTWAIT) = 112
10788 openat(AT_FDCWD, "/proc/10824/status", O_RDONLY|O_CLOEXEC <unfinished ...>
10811 openat(AT_FDCWD, "/tmp/playwright_chromiumdev_profile-56xg4l/Default", O_RDONLY|O_CLOEXEC <unfinished ...>
10788 <... openat resumed>)             = 84
10811 <... openat resumed>)             = 86
10809 openat(AT_FDCWD, "/tmp/playwright_chromiumdev_profile-56xg4l/Default/Account Web Data", O_RDWR|O_CREAT|O_NOFOLLOW|O_CLOEXEC, 0600) = 87
10859 openat(AT_FDCWD, "/etc/resolv.conf", O_RDONLY|O_CLOEXEC) = 18
10808 sendto(45, "\20\0\0\0p\0\0\0k\216.z\0\0\0\0\30\0\24\0\0\0\0\0\27\0\0\0\0\0\0\0\0\0\0\0\0\0\0\0H\0\0\0\0\0\0\0.\0\0\0\0\0\0\0\n\0\0\0\0\0\0\0\0\0\0\0\1\0\0\0\0\0\0\0\0\0\0\0\0y\1\0\0\1\0\0\0\0\0\0\0\0\0\0\0\0\0\0\0\0\0\0\0\0\0\0\0\0\0\0", 112, MSG_NOSIGNAL, NULL, 0) = 112
10838 sendto(5, "\20\0\0\0\340\0\0\0\340\216.z\0\0\0\0\30\0\24\0\0\0\0\0\25\0\0\0\0\0\0\0\0\0\0\0\0\0\0\0H\0\0\0\0\0\0\0001\0\0\0\0\0\0\0\3\0\0\0\0\0\0\0\0\0\0\0\1\0\0\0\377\377\377\377\377\377\377\377\0\0\0\0\0\0\0\0`\0\0\0\0\0\0\0\0\0\0\0\0\0\0\0\0\0\0\0\0\0\0\0p\0\0\0h\0\0\08\0\0\0\3\0\0\0\0\0\0\0\310\24\252/\0\0\0\0\"\357Q\302\0\0\0\0\0\0\0\0\30\0\0\0\0\0\0\0\0\0\0\0\0\0\0\0\0\0\0\0\0\0\0\0\20\0\0\0\0\0\0\0\10\0\0\0\0\0\0\0\20\0\0\0\1\0\0\0\10\0\0\0\0\0\0\0\20\0\0\0\0\0\0\0m*\0\0\2\0\0\0", 224, MSG_NOSIGNAL, NULL, 0 <unfinished ...>
10846 recvmsg(14, {msg_name=NULL, msg_namelen=0, msg_iov=[{iov_base="\20\0\0\0p\0\0\0k\216.z\0\0\0\0\30\0\24\0\0\0\0\0\27\0\0\0\0\0\0\0\0\0\0\0\0\0\0\0H\0\0\0\0\0\0\0.\0\0\0\0\0\0\0\n\0\0\0\0\0\0\0\0\0\0\0\1\0\0\0\0\0\0\0\0\0\0\0\0y\1\0\0\1\0\0\0\0\0\0\0\0\0\0\0\0\0\0\0\0\0\0\0\0\0\0\0\0\0\0", iov_len=4096}], msg_iovlen=1, msg_controllen=0, msg_flags=0}, MSG_DONTWAIT) = 112
10838 <... sendto resumed>)             = 224
10813 recvmsg(37, {msg_name=NULL, msg_namelen=0, msg_iov=[{iov_base="\20\0\0\0\340\0\0\0\340\216.z\0\0\0\0\30\0\24\0\0\0\0\0\25\0\0\0\0\0\0\0\0\0\0\0\0\0\0\0H\0\0\0\0\0\0\0001\0\0\0\0\0\0\0\3\0\0\0\0\0\0\0\0\0\0\0\1\0\0\0\377\377\377\377\377\377\377\377\0\0\0\0\0\0\0\0`\0\0\0\0\0\0\0\0\0\0\0\0\0\0\0\0\0\0\0\0\0\0\0p\0\0\0h\0\0\08\0\0\0\3\0\0\0\0\0\0\0\310\24\252/\0\0\0\0\"\357Q\302\0\0\0\0\0\0\0\0\30\0\0\0\0\0\0\0\0\0\0\0\0\0\0\0\0\0\0\0\0\0\0\0\20\0\0\0\0\0\0\0\10\0\0\0\0\0\0\0\20\0\0\0\1\0\0\0\10\0\0\0\0\0\0\0\20\0\0\0\0\0\0\0m*\0\0\2\0\0\0", iov_len=4096}], msg_iovlen=1, msg_controllen=0, msg_flags=0}, MSG_DONTWAIT) = 224
10788 sendto(36, "\20\0\0\0\350\0\0\0%\221.z\0\0\0\0\30\0\24\0\0\0\0\0\22\0\0\0\0\0\0\0\0\0\0\0\0\0\0\0H\0\0\0\0\0\0\0\"\0\0\0\0\0\0\0\4\0\0\0\0\0\0\0\0\0\0\0\1\0\0\0\0\0\0\0\0\0\0\0\0~\1\0\0\1\0\0\0\0\0\0`\0\0\0p\0\0\0\0\0\0\0\0\0\0\0\0\0\0\0\20\0\0\0\1\0\0\0\0\0\0\0\0\0\0\0h\0\0\0\1\0\0\0\0\0\0\0\0\0\0\0=\0\0\0\0\0\0\0\0\0\0\0\0\0\0\0\300\t\0\0@\0\0\0>\0\0\0\0\0\0\0\0\0\0\0\0\0\0\0\0\0\0\0\0\0\0\0\0\0\0\0\0\0\0\0\2\0\0\0\0\0\0\0\0\0\0\0\0\0\0\0\0\0\0\0\0\0\0\0\0\0\0\0\0\0\0\0", 232, MSG_NOSIGNAL, NULL, 0 <unfinished ...>
10846 sendto(14, "\20\0\0\0p\0\0\0\223\221.z\0\0\0\0\30\0\24\0\0\0\0\0\35\0\0\0\0\0\0\0\0\0\0\0\0\0\0\0H\0\0\0\0\0\0\0.\0\0\0\0\0\0\0\v\0\0\0\0\0\0\0\0\0\0\0\1\0\0\0\0\0\0\0\0\0\0\0\0y\1\0\0\1\0\0\0\0\0\0\0\0\0\0\0\0\0\0\0\0\0\0\0\0\0\0\0\0\0\0", 112, MSG_NOSIGNAL, NULL, 0 <unfinished ...>
10788 <... sendto resumed>)             = 232
10859 openat(AT_FDCWD, "/etc/nsswitch.conf", O_RDONLY|O_CLOEXEC <unfinished ...>
10846 <... sendto resumed>)             = 112
10836 recvmsg(14,  <unfinished ...>
10859 <... openat resumed>)             = 18
10813 recvmsg(45,  <unfinished ...>
10836 <... recvmsg resumed>{msg_name=NULL, msg_namelen=0, msg_iov=[{iov_base="\20\0\0\0\350\0\0\0%\221.z\0\0\0\0\30\0\24\0\0\0\0\0\22\0\0\0\0\0\0\0\0\0\0\0\0\0\0\0H\0\0\0\0\0\0\0\"\0\0\0\0\0\0\0\4\0\0\0\0\0\0\0\0\0\0\0\1\0\0\0\0\0\0\0\0\0\0\0\0~\1\0\0\1\0\0\0\0\0\0`\0\0\0p\0\0\0\0\0\0\0\0\0\0\0\0\0\0\0\20\0\0\0\1\0\0\0\0\0\0\0\0\0\0\0h\0\0\0\1\0\0\0\0\0\0\0\0\0\0\0=\0\0\0\0\0\0\0\0\0\0\0\0\0\0\0\300\t\0\0@\0\0\0>\0\0\0\0\0\0\0\0\0\0\0\0\0\0\0\0\0\0\0\0\0\0\0\0\0\0\0\0\0\0\0\2\0\0\0\0\0\0\0\0\0\0\0\0\0\0\0\0\0\0\0\0\0\0\0\0\0\0\0\0\0\0\0", iov_len=4096}], msg_iovlen=1, msg_controllen=0, msg_flags=0}, MSG_DONTWAIT) = 232
10788 sendto(36, "\20\0\0\0p\0\0\0\346\221.z\0\0\0\0\30\0\24\0\0\0\0\0\23\0\0\0\0\0\0\0\0\0\0\0\0\0\0\0H\0\0\0\0\0\0\0=\0\0\0\0\0\0\0\0\0\0\0\0\0\0\0\0\0\0\0\1\0\0\0\0\0\0\0\0\0\0\0\0\250\1\0\0\10\0\0\0\0\0\0\0\0\0\0\0\0\0\0\0\0\0\0\0\0\0\0\0\0\0\0", 112, MSG_NOSIGNAL, NULL, 0 <unfinished ...>
10813 <... recvmsg resumed>{msg_name=NULL, msg_namelen=0, msg_iov=[{iov_base="\20\0\0\0p\0\0\0\223\221.z\0\0\0\0\30\0\24\0\0\0\0\0\35\0\0\0\0\0\0\0\0\0\0\0\0\0\0\0H\0\0\0\0\0\0\0.\0\0\0\0\0\0\0\v\0\0\0\0\0\0\0\0\0\0\0\1\0\0\0\0\0\0\0\0\0\0\0\0y\1\0\0\1\0\0\0\0\0\0\0\0\0\0\0\0\0\0\0\0\0\0\0\0\0\0\0\0\0\0", iov_len=4096}], msg_iovlen=1, msg_controllen=0, msg_flags=0}, MSG_DONTWAIT) = 112
10788 <... sendto resumed>)             = 112
10856 sendto(5, "\20\0\0\0p\0\0\0\361\222.z\0\0\0\0\30\0\24\0\0\0\0\0\26\0\0\0\0\0\0\0\0\0\0\0\0\0\0\0H\0\0\0\0\0\0\0#\0\0\0\0\0\0\0\0\0\0\0\0\0\0\0\0\0\0\0\1\0\0\0\0\0\0\0\0\0\0\0\0x\1\0\0\1\0\0\0\0\0\0\0\0\0\0\0\0\0\0\0\0\0\0\0\0\0\0\0\0\0\0", 112, MSG_NOSIGNAL, NULL, 0) = 112
10836 recvmsg(14,  <unfinished ...>
10788 openat(AT_FDCWD, "/proc/10824/stat", O_RDONLY|O_CLOEXEC <unfinished ...>
10836 <... recvmsg resumed>{msg_name=NULL, msg_namelen=0, msg_iov=[{iov_base="\20\0\0\0p\0\0\0\346\221.z\0\0\0\0\30\0\24\0\0\0\0\0\23\0\0\0\0\0\0\0\0\0\0\0\0\0\0\0H\0\0\0\0\0\0\0=\0\0\0\0\0\0\0\0\0\0\0\0\0\0\0\0\0\0\0\1\0\0\0\0\0\0\0\0\0\0\0\0\250\1\0\0\10\0\0\0\0\0\0\0\0\0\0\0\0\0\0\0\0\0\0\0\0\0\0\0\0\0\0", iov_len=4096}], msg_iovlen=1, msg_controllen=0, msg_flags=0}, MSG_DONTWAIT) = 112
10813 recvmsg(37,  <unfinished ...>
10788 <... openat resumed>)             = 84
10856 sendto(5, "\20\0\0\0\300\0\0\0\0\224.z\0\0\0\0\30\0\24\0\0\0\0\0\27\0\0\0\0\0\0\0\0\0\0\0\0\0\0\0H\0\0\0\0\0\0\0&\0\0\0\0\0\0\0\0\0\0\0\0\0\0\0\0\0\0\0\1\0\0\0\377\377\377\377\377\377\377\377\0\0\0\0\0\0\0\0`\0\0\0\0\0\0\0\0\0\0\0\0\0\0\0\0\0\0\0\0\0\0\0P\0\0\0H\0\0\08\0\0\0\3\0\0\0\0\0\0\0\204\t\354$\0\0\0\0 \357Q\302\0\0\0\0\0\0\0\0\30\0\0\0\0\0\0\0\0\0\0\0\0\0\0\0\0\0\0\0\0\0\0\0\20\0\0\0\0\0\0\0\6\0\0\0\0\0\0\0", 192, MSG_NOSIGNAL, NULL, 0 <unfinished ...>
10813 <... recvmsg resumed>{msg_name=NULL, msg_namelen=0, msg_iov=[{iov_base="\20\0\0\0p\0\0\0\361\222.z\0\0\0\0\30\0\24\0\0\0\0\0\26\0\0\0\0\0\0\0\0\0\0\0\0\0\0\0H\0\0\0\0\0\0\0#\0\0\0\0\0\0\0\0\0\0\0\0\0\0\0\0\0\0\0\1\0\0\0\0\0\0\0\0\0\0\0\0x\1\0\0\1\0\0\0\0\0\0\0\0\0\0\0\0\0\0\0\0\0\0\0\0\0\0\0\0\0\0", iov_len=4096}], msg_iovlen=1, msg_controllen=0, msg_flags=0}, MSG_DONTWAIT) = 112
10856 <... sendto resumed>)             = 192
10808 sendto(45, "\20\0\0\0p\0\0\0\310\224.z\0\0\0\0\30\0\24\0\0\0\0\0\30\0\0\0\0\0\0\0\0\0\0\0\0\0\0\0H\0\0\0\0\0\0\0.\0\0\0\0\0\0\0\v\0\0\0\0\0\0\0\0\0\0\0\1\0\0\0\0\0\0\0\0\0\0\0\0{\1\0\0\1\0\0\0\0\0\0\0\0\0\0\0\0\0\0\0\0\0\0\0\0\0\0\0\0\0\0", 112, MSG_NOSIGNAL, NULL, 0 <unfinished ...>
10813 recvmsg(37,  <unfinished ...>
10808 <... sendto resumed>)             = 112
10846 recvmsg(14,  <unfinished ...>
10813 <... recvmsg resumed>{msg_name=NULL, msg_namelen=0, msg_iov=[{iov_base="\20\0\0\0\300\0\0\0\0\224.z\0\0\0\0\30\0\24\0\0\0\0\0\27\0\0\0\0\0\0\0\0\0\0\0\0\0\0\0H\0\0\0\0\0\0\0&\0\0\0\0\0\0\0\0\0\0\0\0\0\0\0\0\0\0\0\1\0\0\0\377\377\377\377\377\377\377\377\0\0\0\0\0\0\0\0`\0\0\0\0\0\0\0\0\0\0\0\0\0\0\0\0\0\0\0\0\0\0\0P\0\0\0H\0\0\08\0\0\0\3\0\0\0\0\0\0\0\204\t\354$\0\0\0\0 \357Q\302\0\0\0\0\0\0\0\0\30\0\0\0\0\0\0\0\0\0\0\0\0\0\0\0\0\0\0\0\0\0\0\0\20\0\0\0\0\0\0\0\6\0\0\0\0\0\0\0", iov_len=4096}], msg_iovlen=1, msg_controllen=0, msg_flags=0}, MSG_DONTWAIT) = 192
10846 <... recvmsg resumed>{msg_name=NULL, msg_namelen=0, msg_iov=[{iov_base="\20\0\0\0p\0\0\0\310\224.z\0\0\0\0\30\0\24\0\0\0\0\0\30\0\0\0\0\0\0\0\0\0\0\0\0\0\0\0H\0\0\0\0\0\0\0.\0\0\0\0\0\0\0\v\0\0\0\0\0\0\0\0\0\0\0\1\0\0\0\0\0\0\0\0\0\0\0\0{\1\0\0\1\0\0\0\0\0\0\0\0\0\0\0\0\0\0\0\0\0\0\0\0\0\0\0\0\0\0", iov_len=4096}], msg_iovlen=1, msg_controllen=0, msg_flags=0}, MSG_DONTWAIT) = 112
10846 sendto(14, "\20\0\0\0p\0\0\0\\\227.z\0\0\0\0\30\0\24\0\0\0\0\0\36\0\0\0\0\0\0\0\0\0\0\0\0\0\0\0H\0\0\0\0\0\0\0.\0\0\0\0\0\0\0\f\0\0\0\0\0\0\0\0\0\0\0\1\0\0\0\0\0\0\0\0\0\0\0\0{\1\0\0\1\0\0\0\0\0\0\0\0\0\0\0\0\0\0\0\0\0\0\0\0\0\0\0\0\0\0", 112, MSG_NOSIGNAL, NULL, 0) = 112
10813 recvmsg(45,  <unfinished ...>
10809 openat(AT_FDCWD, "/tmp/playwright_chromiumdev_profile-56xg4l/Default/Account Web Data-journal", O_RDWR|O_CREAT|O_NOFOLLOW|O_CLOEXEC, 0600) = 84
10813 <... recvmsg resumed>{msg_name=NULL, msg_namelen=0, msg_iov=[{iov_base="\20\0\0\0p\0\0\0\\\227.z\0\0\0\0\30\0\24\0\0\0\0\0\36\0\0\0\0\0\0\0\0\0\0\0\0\0\0\0H\0\0\0\0\0\0\0.\0\0\0\0\0\0\0\f\0\0\0\0\0\0\0\0\0\0\0\1\0\0\0\0\0\0\0\0\0\0\0\0{\1\0\0\1\0\0\0\0\0\0\0\0\0\0\0\0\0\0\0\0\0\0\0\0\0\0\0\0\0\0", iov_len=4096}], msg_iovlen=1, msg_controllen=0, msg_flags=0}, MSG_DONTWAIT) = 112
10808 openat(AT_FDCWD, "/tmp/playwright_chromiumdev_profile-56xg4l/Default/Local Storage/leveldb/CURRENT", O_RDONLY) = 86
10856 sendto(5, "\20\0\0\0p\0\0\0\300\231.z\0\0\0\0\30\0\24\0\0\0\0\0\30\0\0\0\0\0\0\0\0\0\0\0\0\0\0\0H\0\0\0\0\0\0\0\37\0\0\0\0\0\0\0\0\0\0\0\0\0\0\0\0\0\0\0\1\0\0\0\0\0\0\0\0\0\0\0\0y\1\0\0\1\0\0\0\0\0\0\0\0\0\0\0\0\0\0\0\0\0\0\0\0\0\0\0\0\0\0", 112, MSG_NOSIGNAL, NULL, 0) = 112
10813 recvmsg(37, {msg_name=NULL, msg_namelen=0, msg_iov=[{iov_base="\20\0\0\0p\0\0\0\300\231.z\0\0\0\0\30\0\24\0\0\0\0\0\30\0\0\0\0\0\0\0\0\0\0\0\0\0\0\0H\0\0\0\0\0\0\0\37\0\0\0\0\0\0\0\0\0\0\0\0\0\0\0\0\0\0\0\1\0\0\0\0\0\0\0\0\0\0\0\0y\1\0\0\1\0\0\0\0\0\0\0\0\0\0\0\0\0\0\0\0\0\0\0\0\0\0\0\0\0\0", iov_len=4096}], msg_iovlen=1, msg_controllen=0, msg_flags=0}, MSG_DONTWAIT) = 112
10788 sendmsg(36, {msg_name=NULL, msg_namelen=0, msg_iov=[{iov_base="\20\0\3\0\360\0\0\0\303\232.z\0\0\0\0\30\0\24\0\0\0\0\0\24\0\0\0\0\0\0\0x\0\0\0\0\0\0\0H\0\0\0\0\0\0\0\21\0\0\0\0\0\0\0\2\0\0\0\0\0\0\0\0\0\0\0\1\0\0\0\0\0\0\0\0\0\0\0\0z\1\0\0\1\0\0\0\0\0\0`\0\0\0\0\0\0\0\0\0\0\0\0\0\0\0\3\0\0\0\30\0\0\0\3\0\0\0\1\0\0\0\1\0\0\0\1\0\0\0\0\0\0\0 \0\0\0\3\0\0\0\230\0\0\0\0\0\1\0\260\0\0\0\1\0\1\0\310\0\0\0\2\0\1\0\30\0\0\0\20\0\0\0\10\0\0\0\4\0\0\0\10\0\0\0\0\0\0\0\30\0\0\0\20\0\0\0\10\0\0\0\4\0\0\0\10\0\0\0\0\0\0\0\30\0\0\0\20\0\0\0\10\0\0\0\4\0\0\0\10\0\0\0\0\0\0\0", iov_len=240}], msg_iovlen=1, msg_control=[{cmsg_len=28, cmsg_level=SOL_SOCKET, cmsg_type=SCM_RIGHTS, cmsg_data=[39, 42, 44]}], msg_controllen=28, msg_flags=0}, MSG_NOSIGNAL) = 240
10836 recvmsg(14, {msg_name=NULL, msg_namelen=0, msg_iov=[{iov_base="\20\0\3\0\360\0\0\0\303\232.z\0\0\0\0\30\0\24\0\0\0\0\0\24\0\0\0\0\0\0\0x\0\0\0\0\0\0\0H\0\0\0\0\0\0\0\21\0\0\0\0\0\0\0\2\0\0\0\0\0\0\0\0\0\0\0\1\0\0\0\0\0\0\0\0\0\0\0\0z\1\0\0\1\0\0\0\0\0\0`\0\0\0\0\0\0\0\0\0\0\0\0\0\0\0\3\0\0\0\30\0\0\0\3\0\0\0\1\0\0\0\1\0\0\0\1\0\0\0\0\0\0\0 \0\0\0\3\0\0\0\230\0\0\0\0\0\1\0\260\0\0\0\1\0\1\0\310\0\0\0\2\0\1\0\30\0\0\0\20\0\0\0\10\0\0\0\4\0\0\0\10\0\0\0\0\0\0\0\30\0\0\0\20\0\0\0\10\0\0\0\4\0\0\0\10\0\0\0\0\0\0\0\30\0\0\0\20\0\0\0\10\0\0\0\4\0\0\0\10\0\0\0\0\0\0\0", iov_len=4096}], msg_iovlen=1, msg_control=[{cmsg_len=28, cmsg_level=SOL_SOCKET, cmsg_type=SCM_RIGHTS, cmsg_data=[22, 24, 25]}], msg_controllen=32, msg_flags=0}, MSG_DONTWAIT) = 240
10808 sendmsg(45, {msg_name=NULL, msg_namelen=0, msg_iov=[{iov_base="\20\0\1\0\250\0\0\0v\233.z\0\0\0\0\30\0\24\0\0\0\0\0\31\0\0\0\0\0\0\0p\0\0\0\0\0\0\0H\0\0\0\0\0\0\0.\0\0\0\0\0\0\0\f\0\0\0\0\0\0\0\0\0\0\0\1\0\0\0\0\0\0\0\0\0\0\0\0y\1\0\0\1\0\0\0\0\0\0`\0\0\0\0\0\0\0\0\0\0\0\0\0\0\0\1\0\0\0\20\0\0\0\1\0\0\0\1\0\0\0\0\0\0\0\20\0\0\0\1\0\0\0\200\0\0\0\0\0\1\0\30\0\0\0\20\0\0\0\10\0\0\0\4\0\0\0\10\0\0\0\0\0\0\0", iov_len=168}], msg_iovlen=1, msg_control=[{cmsg_len=20, cmsg_level=SOL_SOCKET, cmsg_type=SCM_RIGHTS, cmsg_data=[86]}], msg_controllen=20, msg_flags=0}, MSG_NOSIGNAL) = 168
10846 recvmsg(14, {msg_name=NULL, msg_namelen=0, msg_iov=[{iov_base="\20\0\1\0\250\0\0\0v\233.z\0\0\0\0\30\0\24\0\0\0\0\0\31\0\0\0\0\0\0\0p\0\0\0\0\0\0\0H\0\0\0\0\0\0\0.\0\0\0\0\0\0\0\f\0\0\0\0\0\0\0\0\0\0\0\1\0\0\0\0\0\0\0\0\0\0\0\0y\1\0\0\1\0\0\0\0\0\0`\0\0\0\0\0\0\0\0\0\0\0\0\0\0\0\1\0\0\0\20\0\0\0\1\0\0\0\1\0\0\0\0\0\0\0\20\0\0\0\1\0\0\0\200\0\0\0\0\0\1\0\30\0\0\0\20\0\0\0\10\0\0\0\4\0\0\0\10\0\0\0\0\0\0\0", iov_len=4096}], msg_iovlen=1, msg_control=[{cmsg_len=20, cmsg_level=SOL_SOCKET, cmsg_type=SCM_RIGHTS, cmsg_data=[23]}], msg_controllen=24, msg_flags=0}, MSG_DONTWAIT) = 168
10809 openat(AT_FDCWD, "/tmp/playwright_chromiumdev_profile-56xg4l/Default", O_RDONLY|O_CLOEXEC) = 39
10813 sendto(36, "\20\0\0\0p\0\0\0\212\236.z\0\0\0\0\30\0\24\0\0\0\0\0\25\0\0\0\0\0\0\0\0\0\0\0\0\0\0\0H\0\0\0\0\0\0\0\31\0\0\0\0\0\0\0\0\0\0\0\0\0\0\0\0\0\0\0\1\0\0\0\0\0\0\0\0\0\0\0\0{\1\0\0\1\0\0\0\0\0\0\0\0\0\0\0\0\0\0\0\0\0\0\0\0\0\0\0\0\0\0", 112, MSG_NOSIGNAL, NULL, 0) = 112
10813 sendto(36, "\20\0\0\0p\0\0\0q\237.z\0\0\0\0\30\0\24\0\0\0\0\0\26\0\0\0\0\0\0\0\0\0\0\0\0\0\0\0H\0\0\0\0\0\0\0\31\0\0\0\0\0\0\0\1\0\0\0\0\0\0\0\0\0\0\0\1\0\0\0\0\0\0\0\0\0\0\0\0y\1\0\0\1\0\0\0\0\0\0\0\0\0\0\0\0\0\0\0\0\0\0\0\0\0\0\0\0\0\0", 112, MSG_NOSIGNAL, NULL, 0) = 112
10846 sendto(14, "\20\0\0\0p\0\0\0\27\240.z\0\0\0\0\30\0\24\0\0\0\0\0\37\0\0\0\0\0\0\0\0\0\0\0\0\0\0\0H\0\0\0\0\0\0\0.\0\0\0\0\0\0\0\r\0\0\0\0\0\0\0\0\0\0\0\1\0\0\0\0\0\0\0\0\0\0\0\0y\1\0\0\1\0\0\0\0\0\0\0\0\0\0\0\0\0\0\0\0\0\0\0\0\0\0\0\0\0\0", 112, MSG_NOSIGNAL, NULL, 0) = 112
10813 recvmsg(45, {msg_name=NULL, msg_namelen=0, msg_iov=[{iov_base="\20\0\0\0p\0\0\0\27\240.z\0\0\0\0\30\0\24\0\0\0\0\0\37\0\0\0\0\0\0\0\0\0\0\0\0\0\0\0H\0\0\0\0\0\0\0.\0\0\0\0\0\0\0\r\0\0\0\0\0\0\0\0\0\0\0\1\0\0\0\0\0\0\0\0\0\0\0\0y\1\0\0\1\0\0\0\0\0\0\0\0\0\0\0\0\0\0\0\0\0\0\0\0\0\0\0\0\0\0", iov_len=4096}], msg_iovlen=1, msg_controllen=0, msg_flags=0}, MSG_DONTWAIT) = 112
10788 openat(AT_FDCWD, "/proc/10838/stat", O_RDONLY|O_CLOEXEC <unfinished ...>
10808 openat(AT_FDCWD, "/tmp/playwright_chromiumdev_profile-56xg4l/Default/Local Storage/leveldb/MANIFEST-000001", O_RDONLY <unfinished ...>
10788 <... openat resumed>)             = 39
10836 openat(AT_FDCWD, "/dev/urandom", O_RDONLY|O_CLOEXEC) = 26
10808 <... openat resumed>)             = 42
10808 sendmsg(45, {msg_name=NULL, msg_namelen=0, msg_iov=[{iov_base="\20\0\1\0\250\0\0\0\337\243.z\0\0\0\0\30\0\24\0\0\0\0\0\32\0\0\0\0\0\0\0p\0\0\0\0\0\0\0H\0\0\0\0\0\0\0.\0\0\0\0\0\0\0\r\0\0\0\0\0\0\0\0\0\0\0\1\0\0\0\0\0\0\0\0\0\0\0\0{\1\0\0\1\0\0\0\0\0\0`\0\0\0\0\0\0\0\0\0\0\0\0\0\0\0\1\0\0\0\20\0\0\0\1\0\0\0\1\0\0\0\0\0\0\0\20\0\0\0\1\0\0\0\200\0\0\0\0\0\1\0\30\0\0\0\20\0\0\0\10\0\0\0\4\0\0\0\10\0\0\0\0\0\0\0", iov_len=168}], msg_iovlen=1, msg_control=[{cmsg_len=20, cmsg_level=SOL_SOCKET, cmsg_type=SCM_RIGHTS, cmsg_data=[42]}], msg_controllen=20, msg_flags=0}, MSG_NOSIGNAL) = 168
10846 recvmsg(14,  <unfinished ...>
10788 openat(AT_FDCWD, "/proc/10838/status", O_RDONLY|O_CLOEXEC <unfinished ...>
10846 <... recvmsg resumed>{msg_name=NULL, msg_namelen=0, msg_iov=[{iov_base="\20\0\1\0\250\0\0\0\337\243.z\0\0\0\0\30\0\24\0\0\0\0\0\32\0\0\0\0\0\0\0p\0\0\0\0\0\0\0H\0\0\0\0\0\0\0.\0\0\0\0\0\0\0\r\0\0\0\0\0\0\0\0\0\0\0\1\0\0\0\0\0\0\0\0\0\0\0\0{\1\0\0\1\0\0\0\0\0\0`\0\0\0\0\0\0\0\0\0\0\0\0\0\0\0\1\0\0\0\20\0\0\0\1\0\0\0\1\0\0\0\0\0\0\0\20\0\0\0\1\0\0\0\200\0\0\0\0\0\1\0\30\0\0\0\20\0\0\0\10\0\0\0\4\0\0\0\10\0\0\0\0\0\0\0", iov_len=4096}], msg_iovlen=1, msg_control=[{cmsg_len=20, cmsg_level=SOL_SOCKET, cmsg_type=SCM_RIGHTS, cmsg_data=[23]}], msg_controllen=24, msg_flags=0}, MSG_DONTWAIT) = 168
10788 <... openat resumed>)             = 39
10788 sendto(37, "\20\0\0\0\210\1\0\0\20\247.z\0\0\0\0\30\0\24\0\0\0\0\0 \0\0\0\0\0\0\0\0\0\0\0\0\0\0\0H\0\0\0\0\0\0\0;\0\0\0\0\0\0\0\2\0\0\0\0\0\0\0\0\0\0\0\1\0\0\0\377\377\377\377\377\377\377\377\0\0\0\0\0\0\0\0`\0\0\0\0\1\0\0\20\1\0\0\0\0\0\0\0\0\0\0\0\0\0\0\240\0\0\0\230\0\0\08\0\0\0\3\0\0\0\0\0\0\0\331\0\254A\0\0\0\0\352P0^\0\0\0\0\0\0\0\0\30\0\0\0\0\0\0\0\0\0\0\0\0\0\0\0\0\0\0\0\0\0\0\0\20\0\0\0\0\0\0\0\10\0\0\0\0\0\0\0\30\0\0\0\0\0\0\0\20\0\0\0\0\0\0\0\0\0\0\0\0\0\0\0001\0\0\0)\0\0\0content.mojom.SyntheticTrialConf"..., 392, MSG_NOSIGNAL, NULL, 0) = 392
10846 sendto(14, "\20\0\0\0p\0\0\0q\247.z\0\0\0\0\30\0\24\0\0\0\0\0 \0\0\0\0\0\0\0\0\0\0\0\0\0\0\0H\0\0\0\0\0\0\0.\0\0\0\0\0\0\0\16\0\0\0\0\0\0\0\0\0\0\0\1\0\0\0\0\0\0\0\0\0\0\0\0{\1\0\0\1\0\0\0\0\0\0\0\0\0\0\0\0\0\0\0\0\0\0\0\0\0\0\0\0\0\0", 112, MSG_NOSIGNAL, NULL, 0 <unfinished ...>
10856 recvmsg(5,  <unfinished ...>
10788 sendto(37, "\20\0\0\0p\0\0\0\240\247.z\0\0\0\0\30\0\24\0\0\0\0\0!\0\0\0\0\0\0\0\0\0\0\0\0\0\0\0H\0\0\0\0\0\0\0<\0\0\0\0\0\0\0\0\0\0\0\0\0\0\0\0\0\0\0\1\0\0\0\0\0\0\0\0\0\0\0\0\250\1\0\0\10\0\0\0\0\0\0\0\0\0\0\0\0\0\0\0\0\0\0\0\0\0\0\0\0\0\0", 112, MSG_NOSIGNAL, NULL, 0 <unfinished ...>
10856 <... recvmsg resumed>{msg_name=NULL, msg_namelen=0, msg_iov=[{iov_base="\20\0\0\0\210\1\0\0\20\247.z\0\0\0\0\30\0\24\0\0\0\0\0 \0\0\0\0\0\0\0\0\0\0\0\0\0\0\0H\0\0\0\0\0\0\0;\0\0\0\0\0\0\0\2\0\0\0\0\0\0\0\0\0\0\0\1\0\0\0\377\377\377\377\377\377\377\377\0\0\0\0\0\0\0\0`\0\0\0\0\1\0\0\20\1\0\0\0\0\0\0\0\0\0\0\0\0\0\0\240\0\0\0\230\0\0\08\0\0\0\3\0\0\0\0\0\0\0\331\0\254A\0\0\0\0\352P0^\0\0\0\0\0\0\0\0\30\0\0\0\0\0\0\0\0\0\0\0\0\0\0\0\0\0\0\0\0\0\0\0\20\0\0\0\0\0\0\0\10\0\0\0\0\0\0\0\30\0\0\0\0\0\0\0\20\0\0\0\0\0\0\0\0\0\0\0\0\0\0\0001\0\0\0)\0\0\0content.mojom.SyntheticTrialConf"..., iov_len=4096}], msg_iovlen=1, msg_controllen=0, msg_flags=0}, MSG_DONTWAIT) = 392
10846 <... sendto resumed>)             = 112
10788 <... sendto resumed>)             = 112
10813 recvmsg(45, {msg_name=NULL, msg_namelen=0, msg_iov=[{iov_base="\20\0\0\0p\0\0\0q\247.z\0\0\0\0\30\0\24\0\0\0\0\0 \0\0\0\0\0\0\0\0\0\0\0\0\0\0\0H\0\0\0\0\0\0\0.\0\0\0\0\0\0\0\16\0\0\0\0\0\0\0\0\0\0\0\1\0\0\0\0\0\0\0\0\0\0\0\0{\1\0\0\1\0\0\0\0\0\0\0\0\0\0\0\0\0\0\0\0\0\0\0\0\0\0\0\0\0\0", iov_len=4096}], msg_iovlen=1, msg_controllen=0, msg_flags=0}, MSG_DONTWAIT) = 112
10788 openat(AT_FDCWD, "/proc/10838/stat", O_RDONLY|O_CLOEXEC <unfinished ...>
10856 recvmsg(5,  <unfinished ...>
10788 <... openat resumed>)             = 39
10856 <... recvmsg resumed>{msg_name=NULL, msg_namelen=0, msg_iov=[{iov_base="\20\0\0\0p\0\0\0\240\247.z\0\0\0\0\30\0\24\0\0\0\0\0!\0\0\0\0\0\0\0\0\0\0\0\0\0\0\0H\0\0\0\0\0\0\0<\0\0\0\0\0\0\0\0\0\0\0\0\0\0\0\0\0\0\0\1\0\0\0\0\0\0\0\0\0\0\0\0\250\1\0\0\10\0\0\0\0\0\0\0\0\0\0\0\0\0\0\0\0\0\0\0\0\0\0\0\0\0\0", iov_len=4096}], msg_iovlen=1, msg_controllen=0, msg_flags=0}, MSG_DONTWAIT) = 112
10788 sendto(37, "\20\0\0\08\1\0\0\350\252.z\0\0\0\0\30\0\24\0\0\0\0\0\"\0\0\0\0\0\0\0\0\0\0\0\0\0\0\0H\0\0\0\0\0\0\0;\0\0\0\0\0\0\0\3\0\0\0\0\0\0\0\0\0\0\0\1\0\0\0\377\377\377\377\377\377\377\377\0\0\0\0\0\0\0\0`\0\0\0\260\0\0\0\300\0\0\0\0\0\0\0\0\0\0\0\0\0\0\0P\0\0\0H\0\0\08\0\0\0\3\0\0\0\0\0\0\0\265\307\331/\0\0\0\0\344P0^\0\0\0\0\0\0\0\0\30\0\0\0\0\0\0\0\0\0\0\0\0\0\0\0\0\0\0\0\0\0\0\0\20\0\0\0\0\0\0\0\0\0\0\0\0\0\0\0\20\0\0\0\1\0\0\0\0\0\0\0\0\0\0\0h\0\0\0\1\0\0\0\0\0\0\0\0\0\0\0>\0\0\0\0\0\0\0\0\0\0\0\0\0\0\0\200\7\0\0@\0\0\0?\0\0\0\0\0\0\0"..., 312, MSG_NOSIGNAL, NULL, 0 <unfinished ...>
10808 sendto(45, "\20\0\0\0p\0\0\0\360\252.z\0\0\0\0\30\0\24\0\0\0\0\0\33\0\0\0\0\0\0\0\0\0\0\0\0\0\0\0H\0\0\0\0\0\0\0.\0\0\0\0\0\0\0\16\0\0\0\0\0\0\0\0\0\0\0\1\0\0\0\0\0\0\0\0\0\0\0\0y\1\0\0\1\0\0\0\0\0\0\0\0\0\0\0\0\0\0\0\0\0\0\0\0\0\0\0\0\0\0", 112, MSG_NOSIGNAL, NULL, 0 <unfinished ...>
10788 <... sendto resumed>)             = 312
10856 recvmsg(5,  <unfinished ...>
10788 sendto(37, "\20\0\0\08\1\0\0_\253.z\0\0\0\0\30\0\24\0\0\0\0\0#\0\0\0\0\0\0\0\0\0\0\0\0\0\0\0H\0\0\0\0\0\0\0;\0\0\0\0\0\0\0\4\0\0\0\0\0\0\0\0\0\0\0\1\0\0\0\377\377\377\377\377\377\377\377\0\0\0\0\0\0\0\0`\0\0\0\260\0\0\0\300\0\0\0\0\0\0\0\0\0\0\0\0\0\0\0P\0\0\0H\0\0\08\0\0\0\3\0\0\0\0\0\0\0B\22\272M\0\0\0\0\346P0^\0\0\0\0\0\0\0\0\30\0\0\0\0\0\0\0\0\0\0\0\0\0\0\0\0\0\0\0\0\0\0\0\20\0\0\0\0\0\0\0\0\0\0\0\0\0\0\0\20\0\0\0\1\0\0\0\0\0\0\0\0\0\0\0h\0\0\0\1\0\0\0\0\0\0\0\0\0\0\0@\0\0\0\0\0\0\0\0\0\0\0\0\0\0\0\300\t\0\0@\0\0\0A\0\0\0\0\0\0\0"..., 312, MSG_NOSIGNAL, NULL, 0 <unfinished ...>
10856 <... recvmsg resumed>{msg_name=NULL, msg_namelen=0, msg_iov=[{iov_base="\20\0\0\08\1\0\0\350\252.z\0\0\0\0\30\0\24\0\0\0\0\0\"\0\0\0\0\0\0\0\0\0\0\0\0\0\0\0H\0\0\0\0\0\0\0;\0\0\0\0\0\0\0\3\0\0\0\0\0\0\0\0\0\0\0\1\0\0\0\377\377\377\377\377\377\377\377\0\0\0\0\0\0\0\0`\0\0\0\260\0\0\0\300\0\0\0\0\0\0\0\0\0\0\0\0\0\0\0P\0\0\0H\0\0\08\0\0\0\3\0\0\0\0\0\0\0\265\307\331/\0\0\0\0\344P0^\0\0\0\0\0\0\0\0\30\0\0\0\0\0\0\0\0\0\0\0\0\0\0\0\0\0\0\0\0\0\0\0\20\0\0\0\0\0\0\0\0\0\0\0\0\0\0\0\20\0\0\0\1\0\0\0\0\0\0\0\0\0\0\0h\0\0\0\1\0\0\0\0\0\0\0\0\0\0\0>\0\0\0\0\0\0\0\0\0\0\0\0\0\0\0\200\7\0\0@\0\0\0?\0\0\0\0\0\0\0"..., iov_len=4096}], msg_iovlen=1, msg_controllen=0, msg_flags=0}, MSG_DONTWAIT) = 312
10788 <... sendto resumed>)             = 312
10856 recvmsg(5,  <unfinished ...>
10788 sendto(37, "\20\0\0\0@\3\0\0I\254.z\0\0\0\0\30\0\24\0\0\0\0\0$\0\0\0\0\0\0\0\0\0\0\0\0\0\0\0H\0\0\0\0\0\0\0\17\0\0\0\0\0\0\0\22\0\0\0\0\0\0\0\0\0\0\0\1\0\0\0\0\0\0\0\0\0\0\0\0\320\1\0\0\20\0\0\0\0\0\0`\0\0\0\210\0\0\0\0\0\0\0\0\0\0\0\0\0\0\0(\0\0\0\7\0\0\0\0\0\0\0\0\0\0\0\0\0\0\0\0\0\0\0\0\0\0\0\0\0\0\0\0\0\0\0\0\0\0\0\250\2\0\0\7\0\0\0\0\0\0\0\0\0\0\0B\0\0\0\0\0\0\0\0\0\0\0\0\0\0\0\0\n\0\0@\0\0\0C\0\0\0\0\0\0\0\0\0\0\0\0\0\0\0\0\0\0\0\0\0\0\0\2\0\0\0\0\0\0\0\2\0\0\0\0\0\0\0\0\0\0\0\0\0\0\0\0\0\0\0\0\0\0\0\0\0\0\0\0\0\0\0"..., 832, MSG_NOSIGNAL, NULL, 0 <unfinished ...>
10856 <... recvmsg resumed>{msg_name=NULL, msg_namelen=0, msg_iov=[{iov_base="\20\0\0\08\1\0\0_\253.z\0\0\0\0\30\0\24\0\0\0\0\0#\0\0\0\0\0\0\0\0\0\0\0\0\0\0\0H\0\0\0\0\0\0\0;\0\0\0\0\0\0\0\4\0\0\0\0\0\0\0\0\0\0\0\1\0\0\0\377\377\377\377\377\377\377\377\0\0\0\0\0\0\0\0`\0\0\0\260\0\0\0\300\0\0\0\0\0\0\0\0\0\0\0\0\0\0\0P\0\0\0H\0\0\08\0\0\0\3\0\0\0\0\0\0\0B\22\272M\0\0\0\0\346P0^\0\0\0\0\0\0\0\0\30\0\0\0\0\0\0\0\0\0\0\0\0\0\0\0\0\0\0\0\0\0\0\0\20\0\0\0\0\0\0\0\0\0\0\0\0\0\0\0\20\0\0\0\1\0\0\0\0\0\0\0\0\0\0\0h\0\0\0\1\0\0\0\0\0\0\0\0\0\0\0@\0\0\0\0\0\0\0\0\0\0\0\0\0\0\0\300\t\0\0@\0\0\0A\0\0\0\0\0\0\0"..., iov_len=4096}], msg_iovlen=1, msg_controllen=0, msg_flags=0}, MSG_DONTWAIT) = 312
10788 <... sendto resumed>)             = 832
10788 sendto(37, "\20\0\0\08\1\0\0\274\254.z\0\0\0\0\30\0\24\0\0\0\0\0%\0\0\0\0\0\0\0\0\0\0\0\0\0\0\0H\0\0\0\0\0\0\0C\0\0\0\0\0\0\0\0\0\0\0\0\0\0\0\0\0\0\0\1\0\0\0\377\377\377\377\377\377\377\377\0\0\0\0\0\0\0\0`\0\0\0\260\0\0\0\300\0\0\0\0\0\0\0\0\0\0\0\0\0\0\0P\0\0\0H\0\0\08\0\0\0\3\0\0\0\0\0\0\0\336\10\367d\0\0\0\0IP0^\0\0\0\0\0\0\0\0\30\0\0\0\0\0\0\0\0\0\0\0\0\0\0\0\0\0\0\0\0\0\0\0\20\0\0\0\0\0\0\0\0\0\0\0\0\0\0\0\20\0\0\0\1\0\0\0\0\0\0\0\0\0\0\0h\0\0\0\1\0\0\0\0\0\0\0\0\0\0\0P\0\0\0\0\0\0\0\0\0\0\0\0\0\0\0\300\v\0\0@\0\0\0Q\0\0\0\0\0\0\0"..., 312, MSG_NOSIGNAL, NULL, 0) = 312
10788 sendto(37, "\20\0\0\0\330\2\0\0!\255.z\0\0\0\0\30\0\24\0\0\0\0\0&\0\0\0\0\0\0\0\0\0\0\0\0\0\0\0H\0\0\0\0\0\0\0C\0\0\0\0\0\0\0\1\0\0\0\0\0\0\0\0\0\0\0\1\0\0\0\377\377\377\377\377\377\377\377\0\0\0\0\0\0\0\0`\0\0\0P\2\0\0`\2\0\0\0\0\0\0\0\0\0\0\0\0\0\0\360\1\0\0\350\1\0\08\0\0\0\3\0\0\0\0\0\0\0\253\27\217e\0\0\0\0\355P0^\0\0\0\0\0\0\0\0\30\0\0\0\0\0\0\0\0\0\0\0\0\0\0\0\0\0\0\0\0\0\0\0\30\0\0\0\0\0\0\0\0\0\0\0\0\0\0\0\10\0\0\0\0\0\0\0\270\0\0\0\0\0\0\0\20\0\0\0\0\0\0\0\250\0\0\0\0\0\0\0\0\0\0\0\0\0\0\0\"\0\0\0\377\377\377\377\0\0\0\0\1\0\0\0\220\0\0\0\0\0\0\0"..., 728, MSG_NOSIGNAL, NULL, 0) = 728
10808 <... sendto resumed>)             = 112
10788 sendto(37, "\20\0\0\0\240\4\0\0q\255.z\0\0\0\0\30\0\24\0\0\0\0\0'\0\0\0\0\0\0\0\0\0\0\0\0\0\0\0H\0\0\0\0\0\0\0S\0\0\0\0\0\0\0\0\0\0\0\0\0\0\0\0\0\0\0\1\0\0\0\377\377\377\377\377\377\377\377\0\0\0\0\0\0\0\0`\0\0\0\270\3\0\0\310\3\0\0\0\0\0\0\0\0\0\0\0\0\0\0X\3\0\0P\3\0\08\0\0\0\3\0\0\0\0\0\0\0I\0E&\0\0\0\0\356P0^\0\0\0\0\0\0\0\0\30\0\0\0\0\0\0\0\0\0\0\0\0\0\0\0\0\0\0\0\0\0\0\0000\0\0\0\0\0\0\0\0\0\0\0\0\0\0\0\0\0\0\0\0\0\0\0\30\0\0\0\0\0\0\0\1\0\0\0\0\0\0\0\340\2\0\0\0\0\0\0 \1\0\0\0\0\0\0\30\1\0\0\0\0\0\0 \1\0\0\0\0\0\0\340\1\0\0\0\0\0\0"..., 1184, MSG_NOSIGNAL, NULL, 0 <unfinished ...>
10856 recvmsg(5,  <unfinished ...>
10846 recvmsg(14,  <unfinished ...>
10856 <... recvmsg resumed>{msg_name=NULL, msg_namelen=0, msg_iov=[{iov_base="\20\0\0\0@\3\0\0I\254.z\0\0\0\0\30\0\24\0\0\0\0\0$\0\0\0\0\0\0\0\0\0\0\0\0\0\0\0H\0\0\0\0\0\0\0\17\0\0\0\0\0\0\0\22\0\0\0\0\0\0\0\0\0\0\0\1\0\0\0\0\0\0\0\0\0\0\0\0\320\1\0\0\20\0\0\0\0\0\0`\0\0\0\210\0\0\0\0\0\0\0\0\0\0\0\0\0\0\0(\0\0\0\7\0\0\0\0\0\0\0\0\0\0\0\0\0\0\0\0\0\0\0\0\0\0\0\0\0\0\0\0\0\0\0\0\0\0\0\250\2\0\0\7\0\0\0\0\0\0\0\0\0\0\0B\0\0\0\0\0\0\0\0\0\0\0\0\0\0\0\0\n\0\0@\0\0\0C\0\0\0\0\0\0\0\0\0\0\0\0\0\0\0\0\0\0\0\0\0\0\0\2\0\0\0\0\0\0\0\2\0\0\0\0\0\0\0\0\0\0\0\0\0\0\0\0\0\0\0\0\0\0\0\0\0\0\0\0\0\0\0"..., iov_len=4096}], msg_iovlen=1, msg_controllen=0, msg_flags=0}, MSG_DONTWAIT) = 1872
10846 <... recvmsg resumed>{msg_name=NULL, msg_namelen=0, msg_iov=[{iov_base="\20\0\0\0p\0\0\0\360\252.z\0\0\0\0\30\0\24\0\0\0\0\0\33\0\0\0\0\0\0\0\0\0\0\0\0\0\0\0H\0\0\0\0\0\0\0.\0\0\0\0\0\0\0\16\0\0\0\0\0\0\0\0\0\0\0\1\0\0\0\0\0\0\0\0\0\0\0\0y\1\0\0\1\0\0\0\0\0\0\0\0\0\0\0\0\0\0\0\0\0\0\0\0\0\0\0\0\0\0", iov_len=4096}], msg_iovlen=1, msg_controllen=0, msg_flags=0}, MSG_DONTWAIT) = 112
10788 <... sendto resumed>)             = 1184
10856 sendto(5, "\20\0\0\0\240\1\0\0B\257.z\0\0\0\0\30\0\24\0\0\0\0\0\31\0\0\0\0\0\0\0\0\0\0\0\0\0\0\0H\0\0\0\0\0\0\0L\0\0\0\0\0\0\0\0\0\0\0\0\0\0\0\0\0\0\0\1\0\0\0\377\377\377\377\377\377\377\377\0\0\0\0\0\0\0\0`\0\0\0\270\0\0\0\310\0\0\0\0\0\0\0\0\0\0\0\0\0\0\0X\0\0\0P\0\0\08\0\0\0\3\0\0\0\0\0\0\0t\2120%\0\0\0\0>\357Q\302\0\0\0\0\0\0\0\0\30\0\0\0\0\0\0\0\0\0\0\0\0\0\0\0\0\0\0\0\0\0\0\0\30\0\0\0\0\0\0\0\0\0\0\0\0\0\0\0\1\0\0\0\0\0\0\0\20\0\0\0\2\0\0\0\0\0\0\0\0\0\0\0\310\0\0\0\2\0\0\0\0\0\0\0\0\0\0\0X\0\0\0\0\0\0\0\0\0\0\0\0\0\0\0\300\f\0\0@\0\0\0"..., 416, MSG_NOSIGNAL, NULL, 0) = 416
10813 recvmsg(37, {msg_name=NULL, msg_namelen=0, msg_iov=[{iov_base="\20\0\0\0\240\1\0\0B\257.z\0\0\0\0\30\0\24\0\0\0\0\0\31\0\0\0\0\0\0\0\0\0\0\0\0\0\0\0H\0\0\0\0\0\0\0L\0\0\0\0\0\0\0\0\0\0\0\0\0\0\0\0\0\0\0\1\0\0\0\377\377\377\377\377\377\377\377\0\0\0\0\0\0\0\0`\0\0\0\270\0\0\0\310\0\0\0\0\0\0\0\0\0\0\0\0\0\0\0X\0\0\0P\0\0\08\0\0\0\3\0\0\0\0\0\0\0t\2120%\0\0\0\0>\357Q\302\0\0\0\0\0\0\0\0\30\0\0\0\0\0\0\0\0\0\0\0\0\0\0\0\0\0\0\0\0\0\0\0\30\0\0\0\0\0\0\0\0\0\0\0\0\0\0\0\1\0\0\0\0\0\0\0\20\0\0\0\2\0\0\0\0\0\0\0\0\0\0\0\310\0\0\0\2\0\0\0\0\0\0\0\0\0\0\0X\0\0\0\0\0\0\0\0\0\0\0\0\0\0\0\300\f\0\0@\0\0\0"..., iov_len=4096}], msg_iovlen=1, msg_controllen=0, msg_flags=0}, MSG_DONTWAIT) = 416
10846 sendto(14, "\20\0\0\0p\0\0\08\260.z\0\0\0\0\30\0\24\0\0\0\0\0!\0\0\0\0\0\0\0\0\0\0\0\0\0\0\0H\0\0\0\0\0\0\0.\0\0\0\0\0\0\0\17\0\0\0\0\0\0\0\0\0\0\0\1\0\0\0\0\0\0\0\0\0\0\0\0y\1\0\0\1\0\0\0\0\0\0\0\0\0\0\0\0\0\0\0\0\0\0\0\0\0\0\0\0\0\0", 112, MSG_NOSIGNAL, NULL, 0) = 112
10813 recvmsg(45, {msg_name=NULL, msg_namelen=0, msg_iov=[{iov_base="\20\0\0\0p\0\0\08\260.z\0\0\0\0\30\0\24\0\0\0\0\0!\0\0\0\0\0\0\0\0\0\0\0\0\0\0\0H\0\0\0\0\0\0\0.\0\0\0\0\0\0\0\17\0\0\0\0\0\0\0\0\0\0\0\1\0\0\0\0\0\0\0\0\0\0\0\0y\1\0\0\1\0\0\0\0\0\0\0\0\0\0\0\0\0\0\0\0\0\0\0\0\0\0\0\0\0\0", iov_len=4096}], msg_iovlen=1, msg_controllen=0, msg_flags=0}, MSG_DONTWAIT) = 112
10808 openat(AT_FDCWD, "/tmp/playwright_chromiumdev_profile-56xg4l/Default/Local Storage/leveldb/MANIFEST-000001", O_WRONLY|O_APPEND) = 39
10808 sendmsg(45, {msg_name=NULL, msg_namelen=0, msg_iov=[{iov_base="\20\0\1\0\250\0\0\0)\262.z\0\0\0\0\30\0\24\0\0\0\0\0\34\0\0\0\0\0\0\0p\0\0\0\0\0\0\0H\0\0\0\0\0\0\0.\0\0\0\0\0\0\0\17\0\0\0\0\0\0\0\0\0\0\0\1\0\0\0\0\0\0\0\0\0\0\0\0{\1\0\0\1\0\0\0\0\0\0`\0\0\0\0\0\0\0\0\0\0\0\0\0\0\0\1\0\0\0\20\0\0\0\1\0\0\0\1\0\0\0\0\0\0\0\20\0\0\0\1\0\0\0\200\0\0\0\0\0\1\0\30\0\0\0\20\0\0\0\10\0\0\0\4\0\0\0\10\0\0\0\0\0\0\0", iov_len=168}], msg_iovlen=1, msg_control=[{cmsg_len=20, cmsg_level=SOL_SOCKET, cmsg_type=SCM_RIGHTS, cmsg_data=[39]}], msg_controllen=20, msg_flags=0}, MSG_NOSIGNAL) = 168
10846 recvmsg(14,  <unfinished ...>
10856 sendto(5, "\20\0\0\0\320\0\0\0\370\262.z\0\0\0\0\30\0\24\0\0\0\0\0\32\0\0\0\0\0\0\0\0\0\0\0\0\0\0\0H\0\0\0\0\0\0\0L\0\0\0\0\0\0\0\1\0\0\0\0\0\0\0\0\0\0\0\1\0\0\0\377\377\377\377\377\377\377\377\0\0\0\0\0\0\0\0`\0\0\0\0\0\0\0\0\0\0\0\0\0\0\0\0\0\0\0\0\0\0\0`\0\0\0X\0\0\08\0\0\0\3\0\0\0\0\0\0\0\254\206\266d\0\0\0\0=\357Q\302\0\0\0\0\0\0\0\0\30\0\0\0\0\0\0\0\0\0\0\0\0\0\0\0\0\0\0\0\0\0\0\0\20\0\0\0\0\0\0\0\10\0\0\0\0\0\0\0\20\0\0\0\0\0\0\0\0\0\0\0\0\0\0\0", 208, MSG_NOSIGNAL, NULL, 0 <unfinished ...>
10846 <... recvmsg resumed>{msg_name=NULL, msg_namelen=0, msg_iov=[{iov_base="\20\0\1\0\250\0\0\0)\262.z\0\0\0\0\30\0\24\0\0\0\0\0\34\0\0\0\0\0\0\0p\0\0\0\0\0\0\0H\0\0\0\0\0\0\0.\0\0\0\0\0\0\0\17\0\0\0\0\0\0\0\0\0\0\0\1\0\0\0\0\0\0\0\0\0\0\0\0{\1\0\0\1\0\0\0\0\0\0`\0\0\0\0\0\0\0\0\0\0\0\0\0\0\0\1\0\0\0\20\0\0\0\1\0\0\0\1\0\0\0\0\0\0\0\20\0\0\0\1\0\0\0\200\0\0\0\0\0\1\0\30\0\0\0\20\0\0\0\10\0\0\0\4\0\0\0\10\0\0\0\0\0\0\0", iov_len=4096}], msg_iovlen=1, msg_control=[{cmsg_len=20, cmsg_level=SOL_SOCKET, cmsg_type=SCM_RIGHTS, cmsg_data=[23]}], msg_controllen=24, msg_flags=0}, MSG_DONTWAIT) = 168
10856 <... sendto resumed>)             = 208
10813 recvmsg(37, {msg_name=NULL, msg_namelen=0, msg_iov=[{iov_base="\20\0\0\0\320\0\0\0\370\262.z\0\0\0\0\30\0\24\0\0\0\0\0\32\0\0\0\0\0\0\0\0\0\0\0\0\0\0\0H\0\0\0\0\0\0\0L\0\0\0\0\0\0\0\1\0\0\0\0\0\0\0\0\0\0\0\1\0\0\0\377\377\377\377\377\377\377\377\0\0\0\0\0\0\0\0`\0\0\0\0\0\0\0\0\0\0\0\0\0\0\0\0\0\0\0\0\0\0\0`\0\0\0X\0\0\08\0\0\0\3\0\0\0\0\0\0\0\254\206\266d\0\0\0\0=\357Q\302\0\0\0\0\0\0\0\0\30\0\0\0\0\0\0\0\0\0\0\0\0\0\0\0\0\0\0\0\0\0\0\0\20\0\0\0\0\0\0\0\10\0\0\0\0\0\0\0\20\0\0\0\0\0\0\0\0\0\0\0\0\0\0\0", iov_len=4096}], msg_iovlen=1, msg_controllen=0, msg_flags=0}, MSG_DONTWAIT) = 208
10838 sendto(5, "\20\0\0\0(\1\0\0\1\264.z\0\0\0\0\30\0\24\0\0\0\0\0\33\0\0\0\0\0\0\0\0\0\0\0\0\0\0\0H\0\0\0\0\0\0\0-\0\0\0\0\0\0\0\1\0\0\0\0\0\0\0\0\0\0\0\1\0\0\0\377\377\377\377\377\377\377\377\0\0\0\0\0\0\0\0`\0\0\0\0\0\0\0\0\0\0\0\0\0\0\0\0\0\0\0\0\0\0\0\270\0\0\0\260\0\0\08\0\0\0\3\0\0\0\0\0\0\0\207(5\1\0\0\0\0<\357Q\302\0\0\0\0\0\0\0\0\30\0\0\0\0\0\0\0\0\0\0\0\0\0\0\0\0\0\0\0\0\0\0\0\20\0\0\0\0\0\0\0\10\0\0\0\0\0\0\0\20\0\0\0\1\0\0\0\10\0\0\0\0\0\0\0 \0\0\0\0\0\0\0\370v\6\316\0\0\0\0\20\0\0\0\0\0\0\0(\0\0\0\0\0\0\0\35\0\0\0\25\0\0\0SSLClien"..., 296, MSG_NOSIGNAL, NULL, 0) = 296
10813 recvmsg(37,  <unfinished ...>
10856 recvmsg(5,  <unfinished ...>
10813 <... recvmsg resumed>{msg_name=NULL, msg_namelen=0, msg_iov=[{iov_base="\20\0\0\0(\1\0\0\1\264.z\0\0\0\0\30\0\24\0\0\0\0\0\33\0\0\0\0\0\0\0\0\0\0\0\0\0\0\0H\0\0\0\0\0\0\0-\0\0\0\0\0\0\0\1\0\0\0\0\0\0\0\0\0\0\0\1\0\0\0\377\377\377\377\377\377\377\377\0\0\0\0\0\0\0\0`\0\0\0\0\0\0\0\0\0\0\0\0\0\0\0\0\0\0\0\0\0\0\0\270\0\0\0\260\0\0\08\0\0\0\3\0\0\0\0\0\0\0\207(5\1\0\0\0\0<\357Q\302\0\0\0\0\0\0\0\0\30\0\0\0\0\0\0\0\0\0\0\0\0\0\0\0\0\0\0\0\0\0\0\0\20\0\0\0\0\0\0\0\10\0\0\0\0\0\0\0\20\0\0\0\1\0\0\0\10\0\0\0\0\0\0\0 \0\0\0\0\0\0\0\370v\6\316\0\0\0\0\20\0\0\0\0\0\0\0(\0\0\0\0\0\0\0\35\0\0\0\25\0\0\0SSLClien"..., iov_len=4096}], msg_iovlen=1, msg_controllen=0, msg_flags=0}, MSG_DONTWAIT) = 296
10856 <... recvmsg resumed>{msg_name=NULL, msg_namelen=0, msg_iov=[{iov_base="\20\0\0\0\240\4\0\0q\255.z\0\0\0\0\30\0\24\0\0\0\0\0'\0\0\0\0\0\0\0\0\0\0\0\0\0\0\0H\0\0\0\0\0\0\0S\0\0\0\0\0\0\0\0\0\0\0\0\0\0\0\0\0\0\0\1\0\0\0\377\377\377\377\377\377\377\377\0\0\0\0\0\0\0\0`\0\0\0\270\3\0\0\310\3\0\0\0\0\0\0\0\0\0\0\0\0\0\0X\3\0\0P\3\0\08\0\0\0\3\0\0\0\0\0\0\0I\0E&\0\0\0\0\356P0^\0\0\0\0\0\0\0\0\30\0\0\0\0\0\0\0\0\0\0\0\0\0\0\0\0\0\0\0\0\0\0\0000\0\0\0\0\0\0\0\0\0\0\0\0\0\0\0\0\0\0\0\0\0\0\0\30\0\0\0\0\0\0\0\1\0\0\0\0\0\0\0\340\2\0\0\0\0\0\0 \1\0\0\0\0\0\0\30\1\0\0\0\0\0\0 \1\0\0\0\0\0\0\340\1\0\0\0\0\0\0"..., iov_len=4096}], msg_iovlen=1, msg_controllen=0, msg_flags=0}, MSG_DONTWAIT) = 1184
10846 sendto(14, "\20\0\0\0p\0\0\0\337\266.z\0\0\0\0\30\0\24\0\0\0\0\0\"\0\0\0\0\0\0\0\0\0\0\0\0\0\0\0H\0\0\0\0\0\0\0.\0\0\0\0\0\0\0\20\0\0\0\0\0\0\0\0\0\0\0\1\0\0\0\0\0\0\0\0\0\0\0\0{\1\0\0\1\0\0\0\0\0\0\0\0\0\0\0\0\0\0\0\0\0\0\0\0\0\0\0\0\0\0", 112, MSG_NOSIGNAL, NULL, 0) = 112
10813 recvmsg(45, {msg_name=NULL, msg_namelen=0, msg_iov=[{iov_base="\20\0\0\0p\0\0\0\337\266.z\0\0\0\0\30\0\24\0\0\0\0\0\"\0\0\0\0\0\0\0\0\0\0\0\0\0\0\0H\0\0\0\0\0\0\0.\0\0\0\0\0\0\0\20\0\0\0\0\0\0\0\0\0\0\0\1\0\0\0\0\0\0\0\0\0\0\0\0{\1\0\0\1\0\0\0\0\0\0\0\0\0\0\0\0\0\0\0\0\0\0\0\0\0\0\0\0\0\0", iov_len=4096}], msg_iovlen=1, msg_controllen=0, msg_flags=0}, MSG_DONTWAIT) = 112
10808 openat(AT_FDCWD, "/tmp/playwright_chromiumdev_profile-56xg4l/Default/Local Storage/leveldb", O_RDONLY|O_NONBLOCK|O_CLOEXEC|O_DIRECTORY) = 39
10856 socket(AF_INET6, SOCK_DGRAM, IPPROTO_IP <unfinished ...>
10788 openat(AT_FDCWD, "/proc/10839/stat", O_RDONLY|O_CLOEXEC <unfinished ...>
10856 <... socket resumed>)             = 18
10788 <... openat resumed>)             = 42
10836 recvmsg(14,  <unfinished ...>
10856 connect(18, {sa_family=AF_INET6, sin6_port=htons(443), sin6_flowinfo=htonl(0), inet_pton(AF_INET6, "2001:4860:4860::8888", &sin6_addr), sin6_scope_id=0}, 28 <unfinished ...>
10836 <... recvmsg resumed>{msg_name=NULL, msg_namelen=0, msg_iov=[{iov_base="\20\0\0\0p\0\0\0\212\236.z\0\0\0\0\30\0\24\0\0\0\0\0\25\0\0\0\0\0\0\0\0\0\0\0\0\0\0\0H\0\0\0\0\0\0\0\31\0\0\0\0\0\0\0\0\0\0\0\0\0\0\0\0\0\0\0\1\0\0\0\0\0\0\0\0\0\0\0\0{\1\0\0\1\0\0\0\0\0\0\0\0\0\0\0\0\0\0\0\0\0\0\0\0\0\0\0\0\0\0\20\0\0\0p\0\0\0q\237.z\0\0\0\0\30\0\24\0\0\0\0\0\26\0\0\0\0\0\0\0\0\0\0\0\0\0\0\0H\0\0\0\0\0\0\0\31\0\0\0\0\0\0\0\1\0\0\0\0\0\0\0\0\0\0\0\1\0\0\0\0\0\0\0\0\0\0\0\0y\1\0\0\1\0\0\0\0\0\0\0\0\0\0\0\0\0\0\0\0\0\0\0\0\0\0\0\0\0\0", iov_len=4096}], msg_iovlen=1, msg_controllen=0, msg_flags=0}, MSG_DONTWAIT) = 224
10856 <... connect resumed>)            = -1 ENETUNREACH (Network is unreachable)
10808 sendto(45, "\20\0\0\0p\0\0\0\205\275.z\0\0\0\0\30\0\24\0\0\0\0\0\35\0\0\0\0\0\0\0\0\0\0\0\0\0\0\0H\0\0\0\0\0\0\0.\0\0\0\0\0\0\0\20\0\0\0\0\0\0\0\0\0\0\0\1\0\0\0\0\0\0\0\0\0\0\0\0\202\1\0\0\2\0\0\0\0\0\0\0\0\0\0\0\0\0\0\0\0\0\0\0\0\0\0\0\0\0\0", 112, MSG_NOSIGNAL, NULL, 0 <unfinished ...>
10856 socket(AF_INET, SOCK_DGRAM, IPPROTO_IP <unfinished ...>
10808 <... sendto resumed>)             = 112
10788 openat(AT_FDCWD, "/proc/10839/status", O_RDONLY|O_CLOEXEC <unfinished ...>
10856 <... socket resumed>)             = 18
10846 recvmsg(14, {msg_name=NULL, msg_namelen=0, msg_iov=[{iov_base="\20\0\0\0p\0\0\0\205\275.z\0\0\0\0\30\0\24\0\0\0\0\0\35\0\0\0\0\0\0\0\0\0\0\0\0\0\0\0H\0\0\0\0\0\0\0.\0\0\0\0\0\0\0\20\0\0\0\0\0\0\0\0\0\0\0\1\0\0\0\0\0\0\0\0\0\0\0\0\202\1\0\0\2\0\0\0\0\0\0\0\0\0\0\0\0\0\0\0\0\0\0\0\0\0\0\0\0\0\0", iov_len=4096}], msg_iovlen=1, msg_controllen=0, msg_flags=0}, MSG_DONTWAIT) = 112
10788 <... openat resumed>)             = 39
10856 bind(18, {sa_family=AF_INET, sin_port=htons(6686), sin_addr=inet_addr("0.0.0.0")}, 16) = 0
10856 connect(18, {sa_family=AF_INET, sin_port=htons(53), sin_addr=inet_addr("127.0.0.53")}, 16) = 0
10856 getsockname(18, {sa_family=AF_INET, sin_port=htons(6686), sin_addr=inet_addr("127.0.0.1")}, [128 => 16]) = 0
10856 sendto(18, "\351\344\1\0\0\1\0\0\0\0\0\0\10clients2\6google\3com\0\0A\0\1", 37, 0, NULL, 0) = 37
10846 sendto(14, "\20\0\0\0p\0\0\0\365\277.z\0\0\0\0\30\0\24\0\0\0\0\0#\0\0\0\0\0\0\0\0\0\0\0\0\0\0\0H\0\0\0\0\0\0\0.\0\0\0\0\0\0\0\21\0\0\0\0\0\0\0\0\0\0\0\1\0\0\0\0\0\0\0\0\0\0\0\0{\1\0\0\1\0\0\0\0\0\0\0\0\0\0\0\0\0\0\0\0\0\0\0\0\0\0\0\0\0\0", 112, MSG_NOSIGNAL, NULL, 0) = 112
10856 recvmsg(18,  <unfinished ...>
10813 recvmsg(45,  <unfinished ...>
10856 <... recvmsg resumed>{msg_namelen=128}, 0) = -1 ECONNREFUSED (Connection refused)
10788 sendto(45, "\20\0\0\0\350\0\0\0r\300.z\0\0\0\0\30\0\24\0\0\0\0\0\36\0\0\0\0\0\0\0\0\0\0\0\0\0\0\0H\0\0\0\0\0\0\0+\0\0\0\0\0\0\0\2\0\0\0\0\0\0\0\0\0\0\0\1\0\0\0\0\0\0\0\0\0\0\0\0y\1\0\0\1\0\0\0\0\0\0`\0\0\0p\0\0\0\0\0\0\0\0\0\0\0\0\0\0\0\20\0\0\0\1\0\0\0\0\0\0\0\0\0\0\0h\0\0\0\1\0\0\0\0\0\0\0\0\0\0\0002\0\0\0\0\0\0\0\0\0\0\0\0\0\0\0\200\10\0\0@\0\0\0003\0\0\0\0\0\0\0\0\0\0\0\0\0\0\0\0\0\0\0\0\0\0\0\0\0\0\0\0\0\0\0\2\0\0\0\0\0\0\0\0\0\0\0\0\0\0\0\0\0\0\0\0\0\0\0\0\0\0\0\0\0\0\0", 232, MSG_NOSIGNAL, NULL, 0 <unfinished ...>
10856 socket(AF_INET, SOCK_DGRAM, IPPROTO_IP <unfinished ...>
10813 <... recvmsg resumed>{msg_name=NULL, msg_namelen=0, msg_iov=[{iov_base="\20\0\0\0p\0\0\0\365\277.z\0\0\0\0\30\0\24\0\0\0\0\0#\0\0\0\0\0\0\0\0\0\0\0\0\0\0\0H\0\0\0\0\0\0\0.\0\0\0\0\0\0\0\21\0\0\0\0\0\0\0\0\0\0\0\1\0\0\0\0\0\0\0\0\0\0\0\0{\1\0\0\1\0\0\0\0\0\0\0\0\0\0\0\0\0\0\0\0\0\0\0\0\0\0\0\0\0\0", iov_len=4096}], msg_iovlen=1, msg_controllen=0, msg_flags=0}, MSG_DONTWAIT) = 112
10856 <... socket resumed>)             = 19
10788 <... sendto resumed>)             = 232
10846 recvmsg(14, {msg_name=NULL, msg_namelen=0, msg_iov=[{iov_base="\20\0\0\0\350\0\0\0r\300.z\0\0\0\0\30\0\24\0\0\0\0\0\36\0\0\0\0\0\0\0\0\0\0\0\0\0\0\0H\0\0\0\0\0\0\0+\0\0\0\0\0\0\0\2\0\0\0\0\0\0\0\0\0\0\0\1\0\0\0\0\0\0\0\0\0\0\0\0y\1\0\0\1\0\0\0\0\0\0`\0\0\0p\0\0\0\0\0\0\0\0\0\0\0\0\0\0\0\20\0\0\0\1\0\0\0\0\0\0\0\0\0\0\0h\0\0\0\1\0\0\0\0\0\0\0\0\0\0\0002\0\0\0\0\0\0\0\0\0\0\0\0\0\0\0\200\10\0\0@\0\0\0003\0\0\0\0\0\0\0\0\0\0\0\0\0\0\0\0\0\0\0\0\0\0\0\0\0\0\0\0\0\0\0\2\0\0\0\0\0\0\0\0\0\0\0\0\0\0\0\0\0\0\0\0\0\0\0\0\0\0\0\0\0\0\0", iov_len=4096}], msg_iovlen=1, msg_controllen=0, msg_flags=0}, MSG_DONTWAIT) = 232
10788 sendto(45, "\20\0\0\0p\0\0\0\t\301.z\0\0\0\0\30\0\24\0\0\0\0\0\37\0\0\0\0\0\0\0\0\0\0\0\0\0\0\0H\0\0\0\0\0\0\0002\0\0\0\0\0\0\0\0\0\0\0\0\0\0\0\0\0\0\0\1\0\0\0\0\0\0\0\0\0\0\0\0\250\1\0\0\10\0\0\0\0\0\0\0\0\0\0\0\0\0\0\0\0\0\0\0\0\0\0\0\0\0\0", 112, MSG_NOSIGNAL, NULL, 0) = 112
10856 bind(19, {sa_family=AF_INET, sin_port=htons(31579), sin_addr=inet_addr("0.0.0.0")}, 16) = 0
10808 openat(AT_FDCWD, "/tmp/playwright_chromiumdev_profile-56xg4l/Default/Local Storage/leveldb", O_RDONLY|O_NONBLOCK|O_CLOEXEC|O_DIRECTORY <unfinished ...>
10856 connect(19, {sa_family=AF_INET, sin_port=htons(53), sin_addr=inet_addr("127.0.0.53")}, 16 <unfinished ...>
10846 recvmsg(14,  <unfinished ...>
10856 <... connect resumed>)            = 0
10808 <... openat resumed>)             = 39
10856 getsockname(19,  <unfinished ...>
10846 <... recvmsg resumed>{msg_name=NULL, msg_namelen=0, msg_iov=[{iov_base="\20\0\0\0p\0\0\0\t\301.z\0\0\0\0\30\0\24\0\0\0\0\0\37\0\0\0\0\0\0\0\0\0\0\0\0\0\0\0H\0\0\0\0\0\0\0002\0\0\0\0\0\0\0\0\0\0\0\0\0\0\0\0\0\0\0\1\0\0\0\0\0\0\0\0\0\0\0\0\250\1\0\0\10\0\0\0\0\0\0\0\0\0\0\0\0\0\0\0\0\0\0\0\0\0\0\0\0\0\0", iov_len=4096}], msg_iovlen=1, msg_controllen=0, msg_flags=0}, MSG_DONTWAIT) = 112
10788 openat(AT_FDCWD, "/proc/10839/stat", O_RDONLY|O_CLOEXEC <unfinished ...>
10856 <... getsockname resumed>{sa_family=AF_INET, sin_port=htons(31579), sin_addr=inet_addr("127.0.0.1")}, [128 => 16]) = 0
10788 <... openat resumed>)             = 42
10856 sendto(19, "#\351\1\0\0\1\0\0\0\0\0\0\10clients2\6google\3com\0\0A\0\1", 37, 0, NULL, 0) = 37
10856 recvmsg(19, {msg_namelen=128}, 0) = -1 ECONNREFUSED (Connection refused)
10856 socket(AF_INET, SOCK_DGRAM, IPPROTO_IP) = 20
10856 bind(20, {sa_family=AF_INET, sin_port=htons(9264), sin_addr=inet_addr("0.0.0.0")}, 16) = 0
10856 connect(20, {sa_family=AF_INET, sin_port=htons(53), sin_addr=inet_addr("127.0.0.53")}, 16) = 0
10856 getsockname(20,  <unfinished ...>
10788 sendto(45, "\20\0\0\0\350\0\0\0\376\304.z\0\0\0\0\30\0\24\0\0\0\0\0 \0\0\0\0\0\0\0\0\0\0\0\0\0\0\0H\0\0\0\0\0\0\0+\0\0\0\0\0\0\0\3\0\0\0\0\0\0\0\0\0\0\0\1\0\0\0\0\0\0\0\0\0\0\0\0y\1\0\0\1\0\0\0\0\0\0`\0\0\0p\0\0\0\0\0\0\0\0\0\0\0\0\0\0\0\20\0\0\0\1\0\0\0\0\0\0\0\0\0\0\0h\0\0\0\1\0\0\0\0\0\0\0\0\0\0\0004\0\0\0\0\0\0\0\0\0\0\0\0\0\0\0\300\10\0\0@\0\0\0005\0\0\0\0\0\0\0\0\0\0\0\0\0\0\0\0\0\0\0\0\0\0\0\0\0\0\0\0\0\0\0\2\0\0\0\0\0\0\0\0\0\0\0\0\0\0\0\0\0\0\0\0\0\0\0\0\0\0\0\0\0\0\0", 232, MSG_NOSIGNAL, NULL, 0 <unfinished ...>
10856 <... getsockname resumed>{sa_family=AF_INET, sin_port=htons(9264), sin_addr=inet_addr("127.0.0.1")}, [128 => 16]) = 0
10788 <... sendto resumed>)             = 232
10856 sendto(20, "\217k\1\0\0\1\0\0\0\0\0\0\10clients2\6google\3com\0\0\1\0\1", 37, 0, NULL, 0 <unfinished ...>
10846 recvmsg(14,  <unfinished ...>
10856 <... sendto resumed>)             = 37
10846 <... recvmsg resumed>{msg_name=NULL, msg_namelen=0, msg_iov=[{iov_base="\20\0\0\0\350\0\0\0\376\304.z\0\0\0\0\30\0\24\0\0\0\0\0 \0\0\0\0\0\0\0\0\0\0\0\0\0\0\0H\0\0\0\0\0\0\0+\0\0\0\0\0\0\0\3\0\0\0\0\0\0\0\0\0\0\0\1\0\0\0\0\0\0\0\0\0\0\0\0y\1\0\0\1\0\0\0\0\0\0`\0\0\0p\0\0\0\0\0\0\0\0\0\0\0\0\0\0\0\20\0\0\0\1\0\0\0\0\0\0\0\0\0\0\0h\0\0\0\1\0\0\0\0\0\0\0\0\0\0\0004\0\0\0\0\0\0\0\0\0\0\0\0\0\0\0\300\10\0\0@\0\0\0005\0\0\0\0\0\0\0\0\0\0\0\0\0\0\0\0\0\0\0\0\0\0\0\0\0\0\0\0\0\0\0\2\0\0\0\0\0\0\0\0\0\0\0\0\0\0\0\0\0\0\0\0\0\0\0\0\0\0\0\0\0\0\0", iov_len=4096}], msg_iovlen=1, msg_controllen=0, msg_flags=0}, MSG_DONTWAIT) = 232
10856 recvmsg(20,  <unfinished ...>
10808 sendto(45, "\20\0\0\0p\0\0\0^\305.z\0\0\0\0\30\0\24\0\0\0\0\0!\0\0\0\0\0\0\0\0\0\0\0\0\0\0\0H\0\0\0\0\0\0\0.\0\0\0\0\0\0\0\21\0\0\0\0\0\0\0\0\0\0\0\1\0\0\0\0\0\0\0\0\0\0\0\0\202\1\0\0\2\0\0\0\0\0\0\0\0\0\0\0\0\0\0\0\0\0\0\0\0\0\0\0\0\0\0", 112, MSG_NOSIGNAL, NULL, 0 <unfinished ...>
10856 <... recvmsg resumed>{msg_namelen=128}, 0) = -1 ECONNREFUSED (Connection refused)
10808 <... sendto resumed>)             = 112
10856 socket(AF_INET, SOCK_DGRAM, IPPROTO_IP) = 21
10788 sendto(45, "\20\0\0\0\350\0\0\0\304\305.z\0\0\0\0\30\0\24\0\0\0\0\0\"\0\0\0\0\0\0\0\0\0\0\0\0\0\0\0H\0\0\0\0\0\0\0+\0\0\0\0\0\0\0\4\0\0\0\0\0\0\0\0\0\0\0\1\0\0\0\0\0\0\0\0\0\0\0\0|\1\0\0\1\0\0\0\0\0\0`\0\0\0p\0\0\0\0\0\0\0\0\0\0\0\0\0\0\0\20\0\0\0\1\0\0\0\0\0\0\0\0\0\0\0h\0\0\0\1\0\0\0\0\0\0\0\0\0\0\0006\0\0\0\0\0\0\0\0\0\0\0\0\0\0\0\0\t\0\0@\0\0\0007\0\0\0\0\0\0\0\0\0\0\0\0\0\0\0\0\0\0\0\0\0\0\0\0\0\0\0\0\0\0\0\2\0\0\0\0\0\0\0\0\0\0\0\0\0\0\0\0\0\0\0\0\0\0\0\0\0\0\0\0\0\0\0", 232, MSG_NOSIGNAL, NULL, 0 <unfinished ...>
10846 recvmsg(14,  <unfinished ...>
10788 <... sendto resumed>)             = 232
10846 <... recvmsg resumed>{msg_name=NULL, msg_namelen=0, msg_iov=[{iov_base="\20\0\0\0p\0\0\0^\305.z\0\0\0\0\30\0\24\0\0\0\0\0!\0\0\0\0\0\0\0\0\0\0\0\0\0\0\0H\0\0\0\0\0\0\0.\0\0\0\0\0\0\0\21\0\0\0\0\0\0\0\0\0\0\0\1\0\0\0\0\0\0\0\0\0\0\0\0\202\1\0\0\2\0\0\0\0\0\0\0\0\0\0\0\0\0\0\0\0\0\0\0\0\0\0\0\0\0\0\20\0\0\0\350\0\0\0\304\305.z\0\0\0\0\30\0\24\0\0\0\0\0\"\0\0\0\0\0\0\0\0\0\0\0\0\0\0\0H\0\0\0\0\0\0\0+\0\0\0\0\0\0\0\4\0\0\0\0\0\0\0\0\0\0\0\1\0\0\0\0\0\0\0\0\0\0\0\0|\1\0\0\1\0\0\0\0\0\0`\0\0\0p\0\0\0\0\0\0\0\0\0\0\0\0\0\0\0\20\0\0\0\1\0\0\0\0\0\0\0\0\0\0\0h\0\0\0\1\0\0\0\0\0\0\0\0\0\0\0"..., iov_len=4096}], msg_iovlen=1, msg_controllen=0, msg_flags=0}, MSG_DONTWAIT) = 344
10856 bind(21, {sa_family=AF_INET, sin_port=htons(17960), sin_addr=inet_addr("0.0.0.0")}, 16) = 0
10856 connect(21, {sa_family=AF_INET, sin_port=htons(53), sin_addr=inet_addr("127.0.0.53")}, 16) = 0
10856 getsockname(21, {sa_family=AF_INET, sin_port=htons(17960), sin_addr=inet_addr("127.0.0.1")}, [128 => 16]) = 0
10788 sendto(37, "\20\0\0\0\300\33\0\0\375\307.z\0\0\0\0\30\0\24\0\0\0\0\0(\0\0\0\0\0\0\0\0\0\0\0\0\0\0\0H\0\0\0\0\0\0\0\17\0\0\0\0\0\0\0\23\0\0\0\0\0\0\0\0\0\0\0\1\0\0\0\377\377\377\377\377\377\377\377\0\0\0\0\0\0\0\0`\0\0\0\270\27\0\0\350\27\0\0\0\0\0\0\0\0\0\0\0\0\0\0X\27\0\0P\27\0\08\0\0\0\3\0\0\0\0\0\0\09\354\23\35\0\0\0\0\305P0^\0\0\0\0\0\0\0\0\30\0\0\0\0\0\0\0\0\0\0\0\0\0\0\0\0\0\0\0\0\0\0\0\30\0\0\0\0\0\0\0\0\0\0\0\0\0\0\0\10\0\0\0\0\0\0\0\30\1\0\0\0\0\0\0\20\1\0\0\0\0\0\0\200\1\0\0\0\0\0\0\337\7\r\0\1\0\0\0\0\0\0\0\0\0\0\0\377\377\377\377\0\0\0\0\377\377\377\377\0\0\0\0"..., 7104, MSG_NOSIGNAL, NULL, 0 <unfinished ...>
10856 sendto(21, "2\276\1\0\0\1\0\0\0\0\0\0\10clients2\6google\3com\0\0\1\0\1", 37, 0, NULL, 0 <unfinished ...>
10846 sendto(14, "\20\0\0\0p\0\0\0\31\310.z\0\0\0\0\30\0\24\0\0\0\0\0$\0\0\0\0\0\0\0\0\0\0\0\0\0\0\0H\0\0\0\0\0\0\0.\0\0\0\0\0\0\0\22\0\0\0\0\0\0\0\0\0\0\0\1\0\0\0\0\0\0\0\0\0\0\0\0|\1\0\0\1\0\0\0\0\0\0\0\0\0\0\0\0\0\0\0\0\0\0\0\0\0\0\0\0\0\0", 112, MSG_NOSIGNAL, NULL, 0 <unfinished ...>
10788 <... sendto resumed>)             = 7104
10856 <... sendto resumed>)             = 37
10788 sendto(37, "\20\0\0\0\310\0\0\0m\310.z\0\0\0\0\30\0\24\0\0\0\0\0)\0\0\0\0\0\0\0\0\0\0\0\0\0\0\0H\0\0\0\0\0\0\0]\0\0\0\0\0\0\0\0\0\0\0\0\0\0\0\0\0\0\0\1\0\0\0\377\377\377\377\377\377\377\377\0\0\0\0\0\0\0\0`\0\0\0\0\0\0\0\0\0\0\0\0\0\0\0\0\0\0\0\0\0\0\0X\0\0\0P\0\0\08\0\0\0\3\0\0\0\0\0\0\0\23j\247\21\1\0\0\0?P0^\1\0\0\0\0\0\0\0\30\0\0\0\0\0\0\0\0\0\0\0\0\0\0\0\0\0\0\0\0\0\0\0\20\0\0\0\0\0\0\0\10\0\0\0\0\0\0\0\10\0\0\0\0\0\0\0", 200, MSG_NOSIGNAL, NULL, 0 <unfinished ...>
10856 recvmsg(21,  <unfinished ...>
10846 <... sendto resumed>)             = 112
10788 <... sendto resumed>)             = 200
10856 <... recvmsg resumed>{msg_namelen=128}, 0) = -1 ECONNREFUSED (Connection refused)
10813 recvmsg(45,  <unfinished ...>
10788 sendto(37, "\20\0\0\08\1\0\0\326\310.z\0\0\0\0\30\0\24\0\0\0\0\0*\0\0\0\0\0\0\0\0\0\0\0\0\0\0\0H\0\0\0\0\0\0\0]\0\0\0\0\0\0\0\1\0\0\0\0\0\0\0\0\0\0\0\1\0\0\0\377\377\377\377\377\377\377\377\0\0\0\0\0\0\0\0`\0\0\0\260\0\0\0\300\0\0\0\0\0\0\0\0\0\0\0\0\0\0\0P\0\0\0H\0\0\08\0\0\0\3\0\0\0\0\0\0\0\336\10\367d\0\0\0\08P0^\0\0\0\0\0\0\0\0\30\0\0\0\0\0\0\0\0\0\0\0\0\0\0\0\0\0\0\0\0\0\0\0\20\0\0\0\0\0\0\0\0\0\0\0\0\0\0\0\20\0\0\0\1\0\0\0\0\0\0\0\0\0\0\0h\0\0\0\1\0\0\0\0\0\0\0\0\0\0\0p\0\0\0\0\0\0\0\0\0\0\0\0\0\0\0\300\17\0\0@\0\0\0q\0\0\0\0\0\0\0"..., 312, MSG_NOSIGNAL, NULL, 0 <unfinished ...>
10813 <... recvmsg resumed>{msg_name=NULL, msg_namelen=0, msg_iov=[{iov_base="\20\0\0\0p\0\0\0\31\310.z\0\0\0\0\30\0\24\0\0\0\0\0$\0\0\0\0\0\0\0\0\0\0\0\0\0\0\0H\0\0\0\0\0\0\0.\0\0\0\0\0\0\0\22\0\0\0\0\0\0\0\0\0\0\0\1\0\0\0\0\0\0\0\0\0\0\0\0|\1\0\0\1\0\0\0\0\0\0\0\0\0\0\0\0\0\0\0\0\0\0\0\0\0\0\0\0\0\0", iov_len=4096}], msg_iovlen=1, msg_controllen=0, msg_flags=0}, MSG_DONTWAIT) = 112
10788 <... sendto resumed>)             = 312
10856 recvmsg(5,  <unfinished ...>
10788 sendto(37, "\20\0\0\0P\3\0\0U\311.z\0\0\0\0\30\0\24\0\0\0\0\0+\0\0\0\0\0\0\0\0\0\0\0\0\0\0\0H\0\0\0\0\0\0\0]\0\0\0\0\0\0\0\2\0\0\0\0\0\0\0\0\0\0\0\1\0\0\0\377\377\377\377\377\377\377\377\0\0\0\0\0\0\0\0`\0\0\0h\2\0\0x\2\0\0\0\0\0\0\0\0\0\0\0\0\0\0\10\2\0\0\0\2\0\08\0\0\0\3\0\0\0\0\0\0\0\253\27\217e\0\0\0\09P0^\0\0\0\0\0\0\0\0\30\0\0\0\0\0\0\0\0\0\0\0\0\0\0\0\0\0\0\0\0\0\0\0\30\0\0\0\0\0\0\0\0\0\0\0\0\0\0\0\10\0\0\0\0\0\0\0\270\0\0\0\0\0\0\0\20\0\0\0\0\0\0\0\250\0\0\0\0\0\0\0\0\0\0\0\0\0\0\0\242\0\0\0\377\377\377\377\0\0\0\0\1\0\0\0\220\0\0\0\0\0\0\0"..., 848, MSG_NOSIGNAL, NULL, 0 <unfinished ...>
10856 <... recvmsg resumed>{msg_name=NULL, msg_namelen=0, msg_iov=[{iov_base="\20\0\0\0\300\33\0\0\375\307.z\0\0\0\0\30\0\24\0\0\0\0\0(\0\0\0\0\0\0\0\0\0\0\0\0\0\0\0H\0\0\0\0\0\0\0\17\0\0\0\0\0\0\0\23\0\0\0\0\0\0\0\0\0\0\0\1\0\0\0\377\377\377\377\377\377\377\377\0\0\0\0\0\0\0\0`\0\0\0\270\27\0\0\350\27\0\0\0\0\0\0\0\0\0\0\0\0\0\0X\27\0\0P\27\0\08\0\0\0\3\0\0\0\0\0\0\09\354\23\35\0\0\0\0\305P0^\0\0\0\0\0\0\0\0\30\0\0\0\0\0\0\0\0\0\0\0\0\0\0\0\0\0\0\0\0\0\0\0\30\0\0\0\0\0\0\0\0\0\0\0\0\0\0\0\10\0\0\0\0\0\0\0\30\1\0\0\0\0\0\0\20\1\0\0\0\0\0\0\200\1\0\0\0\0\0\0\337\7\r\0\1\0\0\0\0\0\0\0\0\0\0\0\377\377\377\377\0\0\0\0\377\377\377\377\0\0\0\0"..., iov_len=4096}], msg_iovlen=1, msg_controllen=0, msg_flags=0}, MSG_DONTWAIT) = 4096
10856 recvmsg(5,  <unfinished ...>
10788 <... sendto resumed>)             = 848
10856 <... recvmsg resumed>{msg_name=NULL, msg_namelen=0, msg_iov=[{iov_base="P\0\0\0\0\0\0\0\0\0\0\0\0\0\0\0P\0\0\0\0\0\0\0\0\0\0\0\0\0\0\0\20\0\0\0\0\0\0\0\0\0\0\0\0\0\0\0\20\0\0\0\0\0\0\0\0\0\0\0\0\0\0\0\20\0\0\0\0\0\0\0\0\0\0\0\0\0\0\0\20\0\0\0\0\0\0\0\0\0\0\0\0\0\0\0\20\0\0\0\0\0\0\0\0\0\0\0\0\0\0\0\20\0\0\0\1\0\0\0\10\0\0\0\0\0\0\0\16\0\0\0\6\0\0\0chrome\0\0\20\0\0\0\1\0\0\0\10\0\0\0\0\0\0\0(\0\0\0\0\0\0\0 \0\0\0\0\0\0\0000\0\0\0\0\0\0\0\0\0\0\0\0\0\0\0\0\0\0\0\0\0\0\0\30\0\0\0\20\0\0\0chrome-untrusted\f\0\0\0\4\0\0\0lens\0\0\0\0\10\0\0\0\0\0\0\0\30\0\0\0\2\0\0\0"..., iov_len=3008}], msg_iovlen=1, msg_controllen=0, msg_flags=0}, MSG_DONTWAIT) = 3008
10808 openat(AT_FDCWD, "/tmp/playwright_chromiumdev_profile-56xg4l/Default/Local Storage/leveldb/000003.log", O_WRONLY|O_CREAT|O_TRUNC, 0600) = 39
10808 sendmsg(45, {msg_name=NULL, msg_namelen=0, msg_iov=[{iov_base="\20\0\1\0\250\0\0\0\232\312.z\0\0\0\0\30\0\24\0\0\0\0\0#\0\0\0\0\0\0\0p\0\0\0\0\0\0\0H\0\0\0\0\0\0\0.\0\0\0\0\0\0\0\22\0\0\0\0\0\0\0\0\0\0\0\1\0\0\0\0\0\0\0\0\0\0\0\0{\1\0\0\1\0\0\0\0\0\0`\0\0\0\0\0\0\0\0\0\0\0\0\0\0\0\1\0\0\0\20\0\0\0\1\0\0\0\1\0\0\0\0\0\0\0\20\0\0\0\1\0\0\0\200\0\0\0\0\0\1\0\30\0\0\0\20\0\0\0\10\0\0\0\4\0\0\0\10\0\0\0\0\0\0\0", iov_len=168}], msg_iovlen=1, msg_control=[{cmsg_len=20, cmsg_level=SOL_SOCKET, cmsg_type=SCM_RIGHTS, cmsg_data=[39]}], msg_controllen=20, msg_flags=0}, MSG_NOSIGNAL) = 168
10788 sendto(37, "\20\0\0\08\1\0\0\340\312.z\0\0\0\0\30\0\24\0\0\0\0\0,\0\0\0\0\0\0\0\0\0\0\0\0\0\0\0H\0\0\0\0\0\0\0]\0\0\0\0\0\0\0\3\0\0\0\0\0\0\0\0\0\0\0\1\0\0\0\377\377\377\377\377\377\377\377\0\0\0\0\0\0\0\0`\0\0\0\260\0\0\0\300\0\0\0\0\0\0\0\0\0\0\0\0\0\0\0P\0\0\0H\0\0\08\0\0\0\3\0\0\0\0\0\0\0\347\346\362\"\0\0\0\0006P0^\0\0\0\0\0\0\0\0\30\0\0\0\0\0\0\0\0\0\0\0\0\0\0\0\0\0\0\0\0\0\0\0\20\0\0\0\0\0\0\0\0\0\0\0\0\0\0\0\20\0\0\0\1\0\0\0\0\0\0\0\0\0\0\0h\0\0\0\1\0\0\0\0\0\0\0\0\0\0\0v\0\0\0\0\0\0\0\0\0\0\0\0\0\0\0\200\20\0\0@\0\0\0w\0\0\0\0\0\0\0"..., 312, MSG_NOSIGNAL, NULL, 0 <unfinished ...>
10846 recvmsg(14,  <unfinished ...>
10788 <... sendto resumed>)             = 312
10846 <... recvmsg resumed>{msg_name=NULL, msg_namelen=0, msg_iov=[{iov_base="\20\0\1\0\250\0\0\0\232\312.z\0\0\0\0\30\0\24\0\0\0\0\0#\0\0\0\0\0\0\0p\0\0\0\0\0\0\0H\0\0\0\0\0\0\0.\0\0\0\0\0\0\0\22\0\0\0\0\0\0\0\0\0\0\0\1\0\0\0\0\0\0\0\0\0\0\0\0{\1\0\0\1\0\0\0\0\0\0`\0\0\0\0\0\0\0\0\0\0\0\0\0\0\0\1\0\0\0\20\0\0\0\1\0\0\0\1\0\0\0\0\0\0\0\20\0\0\0\1\0\0\0\200\0\0\0\0\0\1\0\30\0\0\0\20\0\0\0\10\0\0\0\4\0\0\0\10\0\0\0\0\0\0\0", iov_len=4096}], msg_iovlen=1, msg_control=[{cmsg_len=20, cmsg_level=SOL_SOCKET, cmsg_type=SCM_RIGHTS, cmsg_data=[24]}], msg_controllen=24, msg_flags=0}, MSG_DONTWAIT) = 168
10788 sendto(37, "\20\0\0\08\1\0\0S\313.z\0\0\0\0\30\0\24\0\0\0\0\0-\0\0\0\0\0\0\0\0\0\0\0\0\0\0\0H\0\0\0\0\0\0\0w\0\0\0\0\0\0\0\0\0\0\0\0\0\0\0\0\0\0\0\1\0\0\0\377\377\377\377\377\377\377\377\0\0\0\0\0\0\0\0`\0\0\0\260\0\0\0\300\0\0\0\0\0\0\0\0\0\0\0\0\0\0\0P\0\0\0H\0\0\08\0\0\0\3\0\0\0\0\0\0\0e\254/z\0\0\0\0007P0^\0\0\0\0\0\0\0\0\30\0\0\0\0\0\0\0\0\0\0\0\0\0\0\0\0\0\0\0\0\0\0\0\20\0\0\0\0\0\0\0\0\0\0\0\0\0\0\0\20\0\0\0\1\0\0\0\0\0\0\0\0\0\0\0h\0\0\0\1\0\0\0\0\0\0\0\0\0\0\0x\0\0\0\0\0\0\0\0\0\0\0\0\0\0\0\300\20\0\0@\0\0\0y\0\0\0\0\0\0\0"..., 312, MSG_NOSIGNAL, NULL, 0) = 312
10788 sendto(37, "\20\0\0\0\300\2\0\0\301\313.z\0\0\0\0\30\0\24\0\0\0\0\0.\0\0\0\0\0\0\0\0\0\0\0\0\0\0\0H\0\0\0\0\0\0\0]\0\0\0\0\0\0\0\4\0\0\0\0\0\0\0\0\0\0\0\1\0\0\0\377\377\377\377\377\377\377\377\0\0\0\0\0\0\0\0`\0\0\0\0\0\0\0\0\0\0\0\0\0\0\0\0\0\0\0\0\0\0\0P\2\0\0H\2\0\08\0\0\0\3\0\0\0\0\0\0\0\tU/\36\1\0\0\0\vP0^\2\0\0\0\0\0\0\0\30\0\0\0\0\0\0\0\0\0\0\0\0\0\0\0\0\0\0\0\0\0\0\0 \0\0\0\0\0\0\0\30\0\0\0\0\0\0\0x\0\0\0\0\0\0\0(\1\0\0\0\0\0\0(\0\0\0\0\0\0\0 \0\0\0\0\0\0\0000\0\0\0\0\0\0\0\0\0\0\0\0\0\0\0\0\0\0\0\0\0\0\0\30\0\0\0\20\0\0\0"..., 704, MSG_NOSIGNAL, NULL, 0) = 704
10788 sendto(37, "\20\0\0\0\300\2\0\0\31\314.z\0\0\0\0\30\0\24\0\0\0\0\0/\0\0\0\0\0\0\0\0\0\0\0\0\0\0\0H\0\0\0\0\0\0\0]\0\0\0\0\0\0\0\5\0\0\0\0\0\0\0\0\0\0\0\1\0\0\0\377\377\377\377\377\377\377\377\0\0\0\0\0\0\0\0`\0\0\0\0\0\0\0\0\0\0\0\0\0\0\0\0\0\0\0\0\0\0\0P\2\0\0H\2\0\08\0\0\0\3\0\0\0\0\0\0\0\tU/\36\1\0\0\0\4P0^\3\0\0\0\0\0\0\0\30\0\0\0\0\0\0\0\0\0\0\0\0\0\0\0\0\0\0\0\0\0\0\0 \0\0\0\0\0\0\0\30\0\0\0\0\0\0\0x\0\0\0\0\0\0\0(\1\0\0\0\0\0\0(\0\0\0\0\0\0\0 \0\0\0\0\0\0\0000\0\0\0\0\0\0\0\0\0\0\0\0\0\0\0\0\0\0\0\0\0\0\0\30\0\0\0\20\0\0\0"..., 704, MSG_NOSIGNAL, NULL, 0) = 704
10838 sendto(5, "\20\0\0\0000\1\0\0L\314.z\0\0\0\0\30\0\24\0\0\0\0\0\34\0\0\0\0\0\0\0\0\0\0\0\0\0\0\0H\0\0\0\0\0\0\0-\0\0\0\0\0\0\0\2\0\0\0\0\0\0\0\0\0\0\0\1\0\0\0\377\377\377\377\377\377\377\377\0\0\0\0\0\0\0\0`\0\0\0\0\0\0\0\0\0\0\0\0\0\0\0\0\0\0\0\0\0\0\0\300\0\0\0\270\0\0\08\0\0\0\3\0\0\0\0\0\0\0\207(5\1\0\0\0\0;\357Q\302\0\0\0\0\0\0\0\0\30\0\0\0\0\0\0\0\0\0\0\0\0\0\0\0\0\0\0\0\0\0\0\0\20\0\0\0\0\0\0\0\10\0\0\0\0\0\0\0\20\0\0\0\1\0\0\0\10\0\0\0\0\0\0\0 \0\0\0\0\0\0\0\351wc\315\0\0\0\0\20\0\0\0\0\0\0\0000\0\0\0\0\0\0\0%\0\0\0\35\0\0\0SharedDi"..., 304, MSG_NOSIGNAL, NULL, 0 <unfinished ...>
10788 sendto(37, "\20\0\0\0\300\2\0\0h\314.z\0\0\0\0\30\0\24\0\0\0\0\0000\0\0\0\0\0\0\0\0\0\0\0\0\0\0\0H\0\0\0\0\0\0\0]\0\0\0\0\0\0\0\6\0\0\0\0\0\0\0\0\0\0\0\1\0\0\0\377\377\377\377\377\377\377\377\0\0\0\0\0\0\0\0`\0\0\0\0\0\0\0\0\0\0\0\0\0\0\0\0\0\0\0\0\0\0\0P\2\0\0H\2\0\08\0\0\0\3\0\0\0\0\0\0\0\tU/\36\1\0\0\0\5P0^\4\0\0\0\0\0\0\0\30\0\0\0\0\0\0\0\0\0\0\0\0\0\0\0\0\0\0\0\0\0\0\0 \0\0\0\0\0\0\0\30\0\0\0\0\0\0\0x\0\0\0\0\0\0\0(\1\0\0\0\0\0\0(\0\0\0\0\0\0\0 \0\0\0\0\0\0\0000\0\0\0\0\0\0\0\0\0\0\0\0\0\0\0\0\0\0\0\0\0\0\0\30\0\0\0\20\0\0\0"..., 704, MSG_NOSIGNAL, NULL, 0 <unfinished ...>
10838 <... sendto resumed>)             = 304
10788 <... sendto resumed>)             = 704
10813 recvmsg(37,  <unfinished ...>
10788 sendto(37, "\20\0\0\0\300\2\0\0\301\314.z\0\0\0\0\30\0\24\0\0\0\0\0001\0\0\0\0\0\0\0\0\0\0\0\0\0\0\0H\0\0\0\0\0\0\0]\0\0\0\0\0\0\0\7\0\0\0\0\0\0\0\0\0\0\0\1\0\0\0\377\377\377\377\377\377\377\377\0\0\0\0\0\0\0\0`\0\0\0\0\0\0\0\0\0\0\0\0\0\0\0\0\0\0\0\0\0\0\0P\2\0\0H\2\0\08\0\0\0\3\0\0\0\0\0\0\0\tU/\36\1\0\0\0\6P0^\5\0\0\0\0\0\0\0\30\0\0\0\0\0\0\0\0\0\0\0\0\0\0\0\0\0\0\0\0\0\0\0 \0\0\0\0\0\0\0\30\0\0\0\0\0\0\0x\0\0\0\0\0\0\0(\1\0\0\0\0\0\0(\0\0\0\0\0\0\0 \0\0\0\0\0\0\0000\0\0\0\0\0\0\0\0\0\0\0\0\0\0\0\0\0\0\0\0\0\0\0\30\0\0\0\20\0\0\0"..., 704, MSG_NOSIGNAL, NULL, 0 <unfinished ...>
10813 <... recvmsg resumed>{msg_name=NULL, msg_namelen=0, msg_iov=[{iov_base="\20\0\0\0000\1\0\0L\314.z\0\0\0\0\30\0\24\0\0\0\0\0\34\0\0\0\0\0\0\0\0\0\0\0\0\0\0\0H\0\0\0\0\0\0\0-\0\0\0\0\0\0\0\2\0\0\0\0\0\0\0\0\0\0\0\1\0\0\0\377\377\377\377\377\377\377\377\0\0\0\0\0\0\0\0`\0\0\0\0\0\0\0\0\0\0\0\0\0\0\0\0\0\0\0\0\0\0\0\300\0\0\0\270\0\0\08\0\0\0\3\0\0\0\0\0\0\0\207(5\1\0\0\0\0;\357Q\302\0\0\0\0\0\0\0\0\30\0\0\0\0\0\0\0\0\0\0\0\0\0\0\0\0\0\0\0\0\0\0\0\20\0\0\0\0\0\0\0\10\0\0\0\0\0\0\0\20\0\0\0\1\0\0\0\10\0\0\0\0\0\0\0 \0\0\0\0\0\0\0\351wc\315\0\0\0\0\20\0\0\0\0\0\0\0000\0\0\0\0\0\0\0%\0\0\0\35\0\0\0SharedDi"..., iov_len=4096}], msg_iovlen=1, msg_controllen=0, msg_flags=0}, MSG_DONTWAIT) = 304
10788 <... sendto resumed>)             = 704
10788 sendto(37, "\20\0\0\0\300\2\0\0(\315.z\0\0\0\0\30\0\24\0\0\0\0\0002\0\0\0\0\0\0\0\0\0\0\0\0\0\0\0H\0\0\0\0\0\0\0]\0\0\0\0\0\0\0\10\0\0\0\0\0\0\0\0\0\0\0\1\0\0\0\377\377\377\377\377\377\377\377\0\0\0\0\0\0\0\0`\0\0\0\0\0\0\0\0\0\0\0\0\0\0\0\0\0\0\0\0\0\0\0P\2\0\0H\2\0\08\0\0\0\3\0\0\0\0\0\0\0\tU/\36\1\0\0\0\7P0^\6\0\0\0\0\0\0\0\30\0\0\0\0\0\0\0\0\0\0\0\0\0\0\0\0\0\0\0\0\0\0\0 \0\0\0\0\0\0\0\30\0\0\0\0\0\0\0x\0\0\0\0\0\0\0(\1\0\0\0\0\0\0(\0\0\0\0\0\0\0 \0\0\0\0\0\0\0000\0\0\0\0\0\0\0\0\0\0\0\0\0\0\0\0\0\0\0\0\0\0\0\30\0\0\0\20\0\0\0"..., 704, MSG_NOSIGNAL, NULL, 0) = 704
10788 sendto(37, "\20\0\0\0\300\2\0\0k\315.z\0\0\0\0\30\0\24\0\0\0\0\0003\0\0\0\0\0\0\0\0\0\0\0\0\0\0\0H\0\0\0\0\0\0\0]\0\0\0\0\0\0\0\t\0\0\0\0\0\0\0\0\0\0\0\1\0\0\0\377\377\377\377\377\377\377\377\0\0\0\0\0\0\0\0`\0\0\0\0\0\0\0\0\0\0\0\0\0\0\0\0\0\0\0\0\0\0\0P\2\0\0H\2\0\08\0\0\0\3\0\0\0\0\0\0\0\tU/\36\1\0\0\0\0P0^\7\0\0\0\0\0\0\0\30\0\0\0\0\0\0\0\0\0\0\0\0\0\0\0\0\0\0\0\0\0\0\0 \0\0\0\0\0\0\0\30\0\0\0\0\0\0\0x\0\0\0\0\0\0\0(\1\0\0\0\0\0\0(\0\0\0\0\0\0\0 \0\0\0\0\0\0\0000\0\0\0\0\0\0\0\0\0\0\0\0\0\0\0\0\0\0\0\0\0\0\0\30\0\0\0\20\0\0\0"..., 704, MSG_NOSIGNAL, NULL, 0) = 704
10788 sendto(37, "\20\0\0\08\1\0\0\256\315.z\0\0\0\0\30\0\24\0\0\0\0\0004\0\0\0\0\0\0\0\0\0\0\0\0\0\0\0H\0\0\0\0\0\0\0]\0\0\0\0\0\0\0\n\0\0\0\0\0\0\0\0\0\0\0\1\0\0\0\377\377\377\377\377\377\377\377\0\0\0\0\0\0\0\0`\0\0\0\260\0\0\0\300\0\0\0\0\0\0\0\0\0\0\0\0\0\0\0P\0\0\0H\0\0\08\0\0\0\3\0\0\0\0\0\0\0\347\346\362\"\0\0\0\0\1P0^\0\0\0\0\0\0\0\0\30\0\0\0\0\0\0\0\0\0\0\0\0\0\0\0\0\0\0\0\0\0\0\0\20\0\0\0\0\0\0\0\0\0\0\0\0\0\0\0\20\0\0\0\1\0\0\0\0\0\0\0\0\0\0\0h\0\0\0\1\0\0\0\0\0\0\0\0\0\0\0z\0\0\0\0\0\0\0\0\0\0\0\0\0\0\0\0\21\0\0@\0\0\0{\0\0\0\0\0\0\0"..., 312, MSG_NOSIGNAL, NULL, 0) = 312
10856 sendto(5, "\20\0\0\0\240\1\0\0\341\315.z\0\0\0\0\30\0\24\0\0\0\0\0\35\0\0\0\0\0\0\0\0\0\0\0\0\0\0\0H\0\0\0\0\0\0\0f\0\0\0\0\0\0\0\0\0\0\0\0\0\0\0\0\0\0\0\1\0\0\0\377\377\377\377\377\377\377\377\0\0\0\0\0\0\0\0`\0\0\0\270\0\0\0\310\0\0\0\0\0\0\0\0\0\0\0\0\0\0\0X\0\0\0P\0\0\08\0\0\0\3\0\0\0\0\0\0\0t\2120%\0\0\0\0:\357Q\302\0\0\0\0\0\0\0\0\30\0\0\0\0\0\0\0\0\0\0\0\0\0\0\0\0\0\0\0\0\0\0\0\30\0\0\0\0\0\0\0\0\0\0\0\0\0\0\0\1\0\0\0\0\0\0\0\20\0\0\0\2\0\0\0\0\0\0\0\0\0\0\0\310\0\0\0\2\0\0\0\0\0\0\0\0\0\0\0|\0\0\0\0\0\0\0\0\0\0\0\0\0\0\0@\21\0\0@\0\0\0"..., 416, MSG_NOSIGNAL, NULL, 0 <unfinished ...>
10788 sendto(37, "\20\0\0\0x\1\0\0\366\315.z\0\0\0\0\30\0\24\0\0\0\0\0005\0\0\0\0\0\0\0\0\0\0\0\0\0\0\0H\0\0\0\0\0\0\0{\0\0\0\0\0\0\0\0\0\0\0\0\0\0\0\0\0\0\0\1\0\0\0\377\377\377\377\377\377\377\377\0\0\0\0\0\0\0\0`\0\0\0\360\0\0\0\0\1\0\0\0\0\0\0\0\0\0\0\0\0\0\0\220\0\0\0\210\0\0\08\0\0\0\3\0\0\0\0\0\0\0\203\240\17!\0\0\0\0\2P0^\0\0\0\0\0\0\0\0\30\0\0\0\0\0\0\0\0\0\0\0\0\0\0\0\0\0\0\0\0\0\0\0 \0\0\0\0\0\0\0\30\0\0\0\0\0\0\0\0\0\0\0\0\0\0\0\0\0\0\0\0\0\0\0\20\0\0\0\0\0\0\0\10\0\0\0\0\0\0\0\33\0\0\0\23\0\0\0https://google.com/\0\0\0\0\0"..., 376, MSG_NOSIGNAL, NULL, 0 <unfinished ...>
10856 <... sendto resumed>)             = 416
10788 <... sendto resumed>)             = 376
10813 recvmsg(37,  <unfinished ...>
10788 sendto(37, "\20\0\0\0\300\0\0\0\211\316.z\0\0\0\0\30\0\24\0\0\0\0\0006\0\0\0\0\0\0\0\0\0\0\0\0\0\0\0H\0\0\0\0\0\0\0]\0\0\0\0\0\0\0\v\0\0\0\0\0\0\0\0\0\0\0\1\0\0\0\377\377\377\377\377\377\377\377\0\0\0\0\0\0\0\0`\0\0\0\0\0\0\0\0\0\0\0\0\0\0\0\0\0\0\0\0\0\0\0P\0\0\0H\0\0\08\0\0\0\3\0\0\0\0\0\0\0\221D\340<\0\0\0\0\3P0^\0\0\0\0\0\0\0\0\30\0\0\0\0\0\0\0\0\0\0\0\0\0\0\0\0\0\0\0\0\0\0\0\20\0\0\0\0\0\0\0\2\0\0\0\0\0\0\0", 192, MSG_NOSIGNAL, NULL, 0 <unfinished ...>
10855 openat(AT_FDCWD, "/tmp/playwright_chromiumdev_profile-56xg4l/Default/Shared Dictionary/cache/index", O_RDONLY <unfinished ...>
10846 sendto(14, "\20\0\0\0p\0\0\0\267\316.z\0\0\0\0\30\0\24\0\0\0\0\0%\0\0\0\0\0\0\0\0\0\0\0\0\0\0\0H\0\0\0\0\0\0\0.\0\0\0\0\0\0\0\23\0\0\0\0\0\0\0\0\0\0\0\1\0\0\0\0\0\0\0\0\0\0\0\0{\1\0\0\1\0\0\0\0\0\0\0\0\0\0\0\0\0\0\0\0\0\0\0\0\0\0\0\0\0\0", 112, MSG_NOSIGNAL, NULL, 0 <unfinished ...>
10813 <... recvmsg resumed>{msg_name=NULL, msg_namelen=0, msg_iov=[{iov_base="\20\0\0\0\240\1\0\0\341\315.z\0\0\0\0\30\0\24\0\0\0\0\0\35\0\0\0\0\0\0\0\0\0\0\0\0\0\0\0H\0\0\0\0\0\0\0f\0\0\0\0\0\0\0\0\0\0\0\0\0\0\0\0\0\0\0\1\0\0\0\377\377\377\377\377\377\377\377\0\0\0\0\0\0\0\0`\0\0\0\270\0\0\0\310\0\0\0\0\0\0\0\0\0\0\0\0\0\0\0X\0\0\0P\0\0\08\0\0\0\3\0\0\0\0\0\0\0t\2120%\0\0\0\0:\357Q\302\0\0\0\0\0\0\0\0\30\0\0\0\0\0\0\0\0\0\0\0\0\0\0\0\0\0\0\0\0\0\0\0\30\0\0\0\0\0\0\0\0\0\0\0\0\0\0\0\1\0\0\0\0\0\0\0\20\0\0\0\2\0\0\0\0\0\0\0\0\0\0\0\310\0\0\0\2\0\0\0\0\0\0\0\0\0\0\0|\0\0\0\0\0\0\0\0\0\0\0\0\0\0\0@\21\0\0@\0\0\0"..., iov_len=4096}], msg_iovlen=1, msg_controllen=0, msg_flags=0}, MSG_DONTWAIT) = 416
10855 <... openat resumed>)             = -1 ENOENT (No such file or directory)
10846 <... sendto resumed>)             = 112
10788 <... sendto resumed>)             = 192
10855 openat(AT_FDCWD, "/tmp/playwright_chromiumdev_profile-56xg4l/Default/Shared Dictionary/cache/index", O_WRONLY|O_CREAT|O_EXCL, 0600 <unfinished ...>
10788 sendto(37, "\20\0\0\0\300\0\0\0005\317.z\0\0\0\0\30\0\24\0\0\0\0\0007\0\0\0\0\0\0\0\0\0\0\0\0\0\0\0H\0\0\0\0\0\0\0k\0\0\0\0\0\0\0\0\0\0\0\0\0\0\0\0\0\0\0\1\0\0\0\377\377\377\377\377\377\377\377\0\0\0\0\0\0\0\0`\0\0\0\0\0\0\0\0\0\0\0\0\0\0\0\0\0\0\0\0\0\0\0P\0\0\0H\0\0\08\0\0\0\3\0\0\0\0\0\0\0/r\272c\0\0\0\0=P0^\0\0\0\0\0\0\0\0\30\0\0\0\0\0\0\0\0\0\0\0\0\0\0\0\0\0\0\0\0\0\0\0\20\0\0\0\0\0\0\0\1\0\0\0\0\0\0\0", 192, MSG_NOSIGNAL, NULL, 0 <unfinished ...>
10855 <... openat resumed>)             = 22
10788 <... sendto resumed>)             = 192
10813 recvmsg(45, {msg_name=NULL, msg_namelen=0, msg_iov=[{iov_base="\20\0\0\0p\0\0\0\267\316.z\0\0\0\0\30\0\24\0\0\0\0\0%\0\0\0\0\0\0\0\0\0\0\0\0\0\0\0H\0\0\0\0\0\0\0.\0\0\0\0\0\0\0\23\0\0\0\0\0\0\0\0\0\0\0\1\0\0\0\0\0\0\0\0\0\0\0\0{\1\0\0\1\0\0\0\0\0\0\0\0\0\0\0\0\0\0\0\0\0\0\0\0\0\0\0\0\0\0", iov_len=4096}], msg_iovlen=1, msg_controllen=0, msg_flags=0}, MSG_DONTWAIT) = 112
10856 openat(AT_FDCWD, "/proc/self/stat", O_RDONLY|O_CLOEXEC) = 22
10808 openat(AT_FDCWD, "/tmp/playwright_chromiumdev_profile-56xg4l/Default/Local Storage/leveldb", O_RDONLY|O_NONBLOCK|O_CLOEXEC|O_DIRECTORY <unfinished ...>
10859 openat(AT_FDCWD, "/tmp/playwright_chromiumdev_profile-56xg4l/Default/Shared Dictionary/db", O_RDWR|O_CREAT|O_NOFOLLOW|O_CLOEXEC, 0600 <unfinished ...>
10808 <... openat resumed>)             = 39
10859 <... openat resumed>)             = 23
10809 openat(AT_FDCWD, "/sys/devices/virtual/dmi/id/sys_vendor", O_RDONLY|O_CLOEXEC) = 42
10855 openat(AT_FDCWD, "/tmp/playwright_chromiumdev_profile-56xg4l/Default/Trust Tokens", O_RDWR|O_CREAT|O_NOFOLLOW|O_CLOEXEC, 0600) = 22
10856 openat(AT_FDCWD, "/proc/stat", O_RDONLY|O_CLOEXEC) = 24
10808 sendto(45, "\20\0\0\0p\0\0\0n\325.z\0\0\0\0\30\0\24\0\0\0\0\0$\0\0\0\0\0\0\0\0\0\0\0\0\0\0\0H\0\0\0\0\0\0\0.\0\0\0\0\0\0\0\23\0\0\0\0\0\0\0\0\0\0\0\1\0\0\0\0\0\0\0\0\0\0\0\0\202\1\0\0\2\0\0\0\0\0\0\0\0\0\0\0\0\0\0\0\0\0\0\0\0\0\0\0\0\0\0", 112, MSG_NOSIGNAL, NULL, 0) = 112
10846 recvmsg(14,  <unfinished ...>
10809 openat(AT_FDCWD, "/sys/devices/virtual/dmi/id/product_name", O_RDONLY|O_CLOEXEC <unfinished ...>
10846 <... recvmsg resumed>{msg_name=NULL, msg_namelen=0, msg_iov=[{iov_base="\20\0\0\0p\0\0\0n\325.z\0\0\0\0\30\0\24\0\0\0\0\0$\0\0\0\0\0\0\0\0\0\0\0\0\0\0\0H\0\0\0\0\0\0\0.\0\0\0\0\0\0\0\23\0\0\0\0\0\0\0\0\0\0\0\1\0\0\0\0\0\0\0\0\0\0\0\0\202\1\0\0\2\0\0\0\0\0\0\0\0\0\0\0\0\0\0\0\0\0\0\0\0\0\0\0\0\0\0", iov_len=4096}], msg_iovlen=1, msg_controllen=0, msg_flags=0}, MSG_DONTWAIT) = 112
10809 <... openat resumed>)             = 39
10846 sendto(14, "\20\0\0\0p\0\0\0\31\330.z\0\0\0\0\30\0\24\0\0\0\0\0&\0\0\0\0\0\0\0\0\0\0\0\0\0\0\0H\0\0\0\0\0\0\0.\0\0\0\0\0\0\0\24\0\0\0\0\0\0\0\0\0\0\0\1\0\0\0\0\0\0\0\0\0\0\0\0{\1\0\0\1\0\0\0\0\0\0\0\0\0\0\0\0\0\0\0\0\0\0\0\0\0\0\0\0\0\0", 112, MSG_NOSIGNAL, NULL, 0) = 112
10813 recvmsg(45, {msg_name=NULL, msg_namelen=0, msg_iov=[{iov_base="\20\0\0\0p\0\0\0\31\330.z\0\0\0\0\30\0\24\0\0\0\0\0&\0\0\0\0\0\0\0\0\0\0\0\0\0\0\0H\0\0\0\0\0\0\0.\0\0\0\0\0\0\0\24\0\0\0\0\0\0\0\0\0\0\0\1\0\0\0\0\0\0\0\0\0\0\0\0{\1\0\0\1\0\0\0\0\0\0\0\0\0\0\0\0\0\0\0\0\0\0\0\0\0\0\0\0\0\0", iov_len=4096}], msg_iovlen=1, msg_controllen=0, msg_flags=0}, MSG_DONTWAIT) = 112
10861 openat(AT_FDCWD, "/tmp/playwright_chromiumdev_profile-56xg4l/Default/Network Persistent State", O_RDONLY|O_CLOEXEC) = -1 ENOENT (No such file or directory)
10808 openat(AT_FDCWD, "/tmp/playwright_chromiumdev_profile-56xg4l/Default/Local Storage/leveldb", O_RDONLY|O_NONBLOCK|O_CLOEXEC|O_DIRECTORY <unfinished ...>
10861 openat(AT_FDCWD, "/tmp/playwright_chromiumdev_profile-56xg4l/Default/TransportSecurity", O_RDONLY|O_CLOEXEC) = -1 ENOENT (No such file or directory)
10808 <... openat resumed>)             = 39
10856 sendto(5, "\20\0\0\0\320\0\0\0\354\332.z\0\0\0\0\30\0\24\0\0\0\0\0\36\0\0\0\0\0\0\0\0\0\0\0\0\0\0\0H\0\0\0\0\0\0\0f\0\0\0\0\0\0\0\1\0\0\0\0\0\0\0\0\0\0\0\1\0\0\0\377\377\377\377\377\377\377\377\0\0\0\0\0\0\0\0`\0\0\0\0\0\0\0\0\0\0\0\0\0\0\0\0\0\0\0\0\0\0\0`\0\0\0X\0\0\08\0\0\0\3\0\0\0\0\0\0\0\254\206\266d\0\0\0\09\357Q\302\0\0\0\0\0\0\0\0\30\0\0\0\0\0\0\0\0\0\0\0\0\0\0\0\0\0\0\0\0\0\0\0\20\0\0\0\0\0\0\0\10\0\0\0\0\0\0\0\20\0\0\0\0\0\0\0\0\0\0\0\0\0\0\0", 208, MSG_NOSIGNAL, NULL, 0) = 208
10813 recvmsg(37, {msg_name=NULL, msg_namelen=0, msg_iov=[{iov_base="\20\0\0\0\320\0\0\0\354\332.z\0\0\0\0\30\0\24\0\0\0\0\0\36\0\0\0\0\0\0\0\0\0\0\0\0\0\0\0H\0\0\0\0\0\0\0f\0\0\0\0\0\0\0\1\0\0\0\0\0\0\0\0\0\0\0\1\0\0\0\377\377\377\377\377\377\377\377\0\0\0\0\0\0\0\0`\0\0\0\0\0\0\0\0\0\0\0\0\0\0\0\0\0\0\0\0\0\0\0`\0\0\0X\0\0\08\0\0\0\3\0\0\0\0\0\0\0\254\206\266d\0\0\0\09\357Q\302\0\0\0\0\0\0\0\0\30\0\0\0\0\0\0\0\0\0\0\0\0\0\0\0\0\0\0\0\0\0\0\0\20\0\0\0\0\0\0\0\10\0\0\0\0\0\0\0\20\0\0\0\0\0\0\0\0\0\0\0\0\0\0\0", iov_len=4096}], msg_iovlen=1, msg_controllen=0, msg_flags=0}, MSG_DONTWAIT) = 208
10856 recvmsg(5, {msg_name=NULL, msg_namelen=0, msg_iov=[{iov_base="\20\0\0\0\310\0\0\0m\310.z\0\0\0\0\30\0\24\0\0\0\0\0)\0\0\0\0\0\0\0\0\0\0\0\0\0\0\0H\0\0\0\0\0\0\0]\0\0\0\0\0\0\0\0\0\0\0\0\0\0\0\0\0\0\0\1\0\0\0\377\377\377\377\377\377\377\377\0\0\0\0\0\0\0\0`\0\0\0\0\0\0\0\0\0\0\0\0\0\0\0\0\0\0\0\0\0\0\0X\0\0\0P\0\0\08\0\0\0\3\0\0\0\0\0\0\0\23j\247\21\1\0\0\0?P0^\1\0\0\0\0\0\0\0\30\0\0\0\0\0\0\0\0\0\0\0\0\0\0\0\0\0\0\0\0\0\0\0\20\0\0\0\0\0\0\0\10\0\0\0\0\0\0\0\10\0\0\0\0\0\0\0\20\0\0\08\1\0\0\326\310.z\0\0\0\0\30\0\24\0\0\0\0\0*\0\0\0\0\0\0\0\0\0\0\0\0\0\0\0H\0\0\0\0\0\0\0]\0\0\0\0\0\0\0"..., iov_len=4096}], msg_iovlen=1, msg_controllen=0, msg_flags=0}, MSG_DONTWAIT) = 4096
10808 sendto(45, "\20\0\0\0p\0\0\0\367\335.z\0\0\0\0\30\0\24\0\0\0\0\0%\0\0\0\0\0\0\0\0\0\0\0\0\0\0\0H\0\0\0\0\0\0\0.\0\0\0\0\0\0\0\24\0\0\0\0\0\0\0\0\0\0\0\1\0\0\0\0\0\0\0\0\0\0\0\0\202\1\0\0\2\0\0\0\0\0\0\0\0\0\0\0\0\0\0\0\0\0\0\0\0\0\0\0\0\0\0", 112, MSG_NOSIGNAL, NULL, 0) = 112
10846 recvmsg(14, {msg_name=NULL, msg_namelen=0, msg_iov=[{iov_base="\20\0\0\0p\0\0\0\367\335.z\0\0\0\0\30\0\24\0\0\0\0\0%\0\0\0\0\0\0\0\0\0\0\0\0\0\0\0H\0\0\0\0\0\0\0.\0\0\0\0\0\0\0\24\0\0\0\0\0\0\0\0\0\0\0\1\0\0\0\0\0\0\0\0\0\0\0\0\202\1\0\0\2\0\0\0\0\0\0\0\0\0\0\0\0\0\0\0\0\0\0\0\0\0\0\0\0\0\0", iov_len=4096}], msg_iovlen=1, msg_controllen=0, msg_flags=0}, MSG_DONTWAIT) = 112
10856 sendto(5, "\20\0\0\0\270\0\0\0\23\337.z\0\0\0\0\30\0\24\0\0\0\0\0\37\0\0\0\0\0\0\0\0\0\0\0\0\0\0\0H\0\0\0\0\0\0\0\\\0\0\0\0\0\0\0\0\0\0\0\0\0\0\0\0\0\0\0\1\0\0\0\377\377\377\377\377\377\377\377\0\0\0\0\0\0\0\0`\0\0\0\0\0\0\0\0\0\0\0\0\0\0\0\0\0\0\0\0\0\0\0H\0\0\0@\0\0\08\0\0\0\3\0\0\0\0\0\0\0\23j\247\21\2\0\0\0?P0^\1\0\0\0\0\0\0\0\30\0\0\0\0\0\0\0\0\0\0\0\0\0\0\0\0\0\0\0\0\0\0\0\10\0\0\0\0\0\0\0", 184, MSG_NOSIGNAL, NULL, 0) = 184
10813 recvmsg(37, {msg_name=NULL, msg_namelen=0, msg_iov=[{iov_base="\20\0\0\0\270\0\0\0\23\337.z\0\0\0\0\30\0\24\0\0\0\0\0\37\0\0\0\0\0\0\0\0\0\0\0\0\0\0\0H\0\0\0\0\0\0\0\\\0\0\0\0\0\0\0\0\0\0\0\0\0\0\0\0\0\0\0\1\0\0\0\377\377\377\377\377\377\377\377\0\0\0\0\0\0\0\0`\0\0\0\0\0\0\0\0\0\0\0\0\0\0\0\0\0\0\0\0\0\0\0H\0\0\0@\0\0\08\0\0\0\3\0\0\0\0\0\0\0\23j\247\21\2\0\0\0?P0^\1\0\0\0\0\0\0\0\30\0\0\0\0\0\0\0\0\0\0\0\0\0\0\0\0\0\0\0\0\0\0\0\10\0\0\0\0\0\0\0", iov_len=4096}], msg_iovlen=1, msg_controllen=0, msg_flags=0}, MSG_DONTWAIT) = 184
10846 sendto(14, "\20\0\0\0p\0\0\0\216\340.z\0\0\0\0\30\0\24\0\0\0\0\0'\0\0\0\0\0\0\0\0\0\0\0\0\0\0\0H\0\0\0\0\0\0\0.\0\0\0\0\0\0\0\25\0\0\0\0\0\0\0\0\0\0\0\1\0\0\0\0\0\0\0\0\0\0\0\0{\1\0\0\1\0\0\0\0\0\0\0\0\0\0\0\0\0\0\0\0\0\0\0\0\0\0\0\0\0\0", 112, MSG_NOSIGNAL, NULL, 0) = 112
10813 recvmsg(45,  <unfinished ...>
10788 sendto(37, "\20\0\0\0H\1\0\0001\341.z\0\0\0\0\30\0\24\0\0\0\0\08\0\0\0\0\0\0\0\0\0\0\0\0\0\0\0H\0\0\0\0\0\0\0\\\0\0\0\0\0\0\0\f\0\0\0\0\0\0\0\0\0\0\0\1\0\0\0\0\0\0\0\0\0\0\0\0\224\1\0\0\4\0\0\0\0\0\0`\0\0\0p\0\0\0\0\0\0\0\0\0\0\0\0\0\0\0\20\0\0\0\2\0\0\0\0\0\0\0\0\0\0\0\310\0\0\0\2\0\0\0\0\0\0\0\0\0\0\0\202\0\0\0\0\0\0\0\0\0\0\0\0\0\0\0\0\22\0\0@\0\0\0\203\0\0\0\0\0\0\0\0\0\0\0\0\0\0\0\0\0\0\0\0\0\0\0\0\0\0\0\0\0\0\0\2\0\0\0\0\0\0\0\0\0\0\0\0\0\0\0\0\0\0\0\0\0\0\0\0\0\0\0\0\0\0\0\0\0\0\0\0\0\0\0\204\0\0\0\0\0\0\0\0\0\0\0\0\0\0\0"..., 328, MSG_NOSIGNAL, NULL, 0 <unfinished ...>
10856 sendto(5, "\20\0\0\0\270\0\0\0E\341.z\0\0\0\0\30\0\24\0\0\0\0\0 \0\0\0\0\0\0\0\0\0\0\0\0\0\0\0H\0\0\0\0\0\0\0\\\0\0\0\0\0\0\0\1\0\0\0\0\0\0\0\0\0\0\0\1\0\0\0\377\377\377\377\377\377\377\377\0\0\0\0\0\0\0\0`\0\0\0\0\0\0\0\0\0\0\0\0\0\0\0\0\0\0\0\0\0\0\0H\0\0\0@\0\0\08\0\0\0\3\0\0\0\0\0\0\0\tU/\36\2\0\0\0\vP0^\2\0\0\0\0\0\0\0\30\0\0\0\0\0\0\0\0\0\0\0\0\0\0\0\0\0\0\0\0\0\0\0\10\0\0\0\0\0\0\0", 184, MSG_NOSIGNAL, NULL, 0 <unfinished ...>
10788 <... sendto resumed>)             = 328
10856 <... sendto resumed>)             = 184
10788 sendto(37, "\20\0\0\0H\1\0\0\214\341.z\0\0\0\0\30\0\24\0\0\0\0\09\0\0\0\0\0\0\0\0\0\0\0\0\0\0\0H\0\0\0\0\0\0\0\202\0\0\0\0\0\0\0\0\0\0\0\0\0\0\0\0\0\0\0\1\0\0\0\0\0\0\0\0\0\0\0\0\230\1\0\0\4\0\0\0\0\0\0`\0\0\0p\0\0\0\0\0\0\0\0\0\0\0\0\0\0\0\20\0\0\0\2\0\0\0\0\0\0\0\0\0\0\0\310\0\0\0\2\0\0\0\0\0\0\0\0\0\0\0\206\0\0\0\0\0\0\0\0\0\0\0\0\0\0\0\200\22\0\0@\0\0\0\207\0\0\0\0\0\0\0\0\0\0\0\0\0\0\0\0\0\0\0\0\0\0\0\0\0\0\0\0\0\0\0\2\0\0\0\0\0\0\0\0\0\0\0\0\0\0\0\0\0\0\0\0\0\0\0\0\0\0\0\0\0\0\0\0\0\0\0\0\0\0\0\210\0\0\0\0\0\0\0\0\0\0\0\0\0\0\0"..., 328, MSG_NOSIGNAL, NULL, 0 <unfinished ...>
10856 sendto(5, "\20\0\0\0\270\0\0\0\247\341.z\0\0\0\0\30\0\24\0\0\0\0\0!\0\0\0\0\0\0\0\0\0\0\0\0\0\0\0H\0\0\0\0\0\0\0\\\0\0\0\0\0\0\0\2\0\0\0\0\0\0\0\0\0\0\0\1\0\0\0\377\377\377\377\377\377\377\377\0\0\0\0\0\0\0\0`\0\0\0\0\0\0\0\0\0\0\0\0\0\0\0\0\0\0\0\0\0\0\0H\0\0\0@\0\0\08\0\0\0\3\0\0\0\0\0\0\0\tU/\36\2\0\0\0\4P0^\3\0\0\0\0\0\0\0\30\0\0\0\0\0\0\0\0\0\0\0\0\0\0\0\0\0\0\0\0\0\0\0\10\0\0\0\0\0\0\0", 184, MSG_NOSIGNAL, NULL, 0 <unfinished ...>
10813 <... recvmsg resumed>{msg_name=NULL, msg_namelen=0, msg_iov=[{iov_base="\20\0\0\0p\0\0\0\216\340.z\0\0\0\0\30\0\24\0\0\0\0\0'\0\0\0\0\0\0\0\0\0\0\0\0\0\0\0H\0\0\0\0\0\0\0.\0\0\0\0\0\0\0\25\0\0\0\0\0\0\0\0\0\0\0\1\0\0\0\0\0\0\0\0\0\0\0\0{\1\0\0\1\0\0\0\0\0\0\0\0\0\0\0\0\0\0\0\0\0\0\0\0\0\0\0\0\0\0", iov_len=4096}], msg_iovlen=1, msg_controllen=0, msg_flags=0}, MSG_DONTWAIT) = 112
10856 <... sendto resumed>)             = 184
10788 <... sendto resumed>)             = 328
10856 sendto(5, "\20\0\0\0\270\0\0\0\376\341.z\0\0\0\0\30\0\24\0\0\0\0\0\"\0\0\0\0\0\0\0\0\0\0\0\0\0\0\0H\0\0\0\0\0\0\0\\\0\0\0\0\0\0\0\3\0\0\0\0\0\0\0\0\0\0\0\1\0\0\0\377\377\377\377\377\377\377\377\0\0\0\0\0\0\0\0`\0\0\0\0\0\0\0\0\0\0\0\0\0\0\0\0\0\0\0\0\0\0\0H\0\0\0@\0\0\08\0\0\0\3\0\0\0\0\0\0\0\tU/\36\2\0\0\0\5P0^\4\0\0\0\0\0\0\0\30\0\0\0\0\0\0\0\0\0\0\0\0\0\0\0\0\0\0\0\0\0\0\0\10\0\0\0\0\0\0\0", 184, MSG_NOSIGNAL, NULL, 0) = 184
10859 openat(AT_FDCWD, "/tmp/playwright_chromiumdev_profile-56xg4l/Default/Shared Dictionary/db-journal", O_RDWR|O_CREAT|O_NOFOLLOW|O_CLOEXEC, 0600 <unfinished ...>
10856 recvmsg(5,  <unfinished ...>
10859 <... openat resumed>)             = 24
10856 <... recvmsg resumed>{msg_name=NULL, msg_namelen=0, msg_iov=[{iov_base="\20\0\0\0\300\2\0\0\301\314.z\0\0\0\0\30\0\24\0\0\0\0\0001\0\0\0\0\0\0\0\0\0\0\0\0\0\0\0H\0\0\0\0\0\0\0]\0\0\0\0\0\0\0\7\0\0\0\0\0\0\0\0\0\0\0\1\0\0\0\377\377\377\377\377\377\377\377\0\0\0\0\0\0\0\0`\0\0\0\0\0\0\0\0\0\0\0\0\0\0\0\0\0\0\0\0\0\0\0P\2\0\0H\2\0\08\0\0\0\3\0\0\0\0\0\0\0\tU/\36\1\0\0\0\6P0^\5\0\0\0\0\0\0\0\30\0\0\0\0\0\0\0\0\0\0\0\0\0\0\0\0\0\0\0\0\0\0\0 \0\0\0\0\0\0\0\30\0\0\0\0\0\0\0x\0\0\0\0\0\0\0(\1\0\0\0\0\0\0(\0\0\0\0\0\0\0 \0\0\0\0\0\0\0000\0\0\0\0\0\0\0\0\0\0\0\0\0\0\0\0\0\0\0\0\0\0\0\30\0\0\0\20\0\0\0"..., iov_len=4096}], msg_iovlen=1, msg_controllen=0, msg_flags=0}, MSG_DONTWAIT) = 3840
10813 recvmsg(37,  <unfinished ...>
10856 sendto(5, "\20\0\0\0\270\0\0\0\v\343.z\0\0\0\0\30\0\24\0\0\0\0\0#\0\0\0\0\0\0\0\0\0\0\0\0\0\0\0H\0\0\0\0\0\0\0\\\0\0\0\0\0\0\0\4\0\0\0\0\0\0\0\0\0\0\0\1\0\0\0\377\377\377\377\377\377\377\377\0\0\0\0\0\0\0\0`\0\0\0\0\0\0\0\0\0\0\0\0\0\0\0\0\0\0\0\0\0\0\0H\0\0\0@\0\0\08\0\0\0\3\0\0\0\0\0\0\0\tU/\36\2\0\0\0\6P0^\5\0\0\0\0\0\0\0\30\0\0\0\0\0\0\0\0\0\0\0\0\0\0\0\0\0\0\0\0\0\0\0\10\0\0\0\0\0\0\0", 184, MSG_NOSIGNAL, NULL, 0 <unfinished ...>
10813 <... recvmsg resumed>{msg_name=NULL, msg_namelen=0, msg_iov=[{iov_base="\20\0\0\0\270\0\0\0E\341.z\0\0\0\0\30\0\24\0\0\0\0\0 \0\0\0\0\0\0\0\0\0\0\0\0\0\0\0H\0\0\0\0\0\0\0\\\0\0\0\0\0\0\0\1\0\0\0\0\0\0\0\0\0\0\0\1\0\0\0\377\377\377\377\377\377\377\377\0\0\0\0\0\0\0\0`\0\0\0\0\0\0\0\0\0\0\0\0\0\0\0\0\0\0\0\0\0\0\0H\0\0\0@\0\0\08\0\0\0\3\0\0\0\0\0\0\0\tU/\36\2\0\0\0\vP0^\2\0\0\0\0\0\0\0\30\0\0\0\0\0\0\0\0\0\0\0\0\0\0\0\0\0\0\0\0\0\0\0\10\0\0\0\0\0\0\0\20\0\0\0\270\0\0\0\247\341.z\0\0\0\0\30\0\24\0\0\0\0\0!\0\0\0\0\0\0\0\0\0\0\0\0\0\0\0H\0\0\0\0\0\0\0\\\0\0\0\0\0\0\0\2\0\0\0\0\0\0\0\0\0\0\0\1\0\0\0"..., iov_len=4096}], msg_iovlen=1, msg_controllen=0, msg_flags=0}, MSG_DONTWAIT) = 552
10856 <... sendto resumed>)             = 184
10808 sendto(45, "\20\0\0\0p\0\0\0V\343.z\0\0\0\0\30\0\24\0\0\0\0\0&\0\0\0\0\0\0\0\0\0\0\0\0\0\0\0H\0\0\0\0\0\0\0.\0\0\0\0\0\0\0\25\0\0\0\0\0\0\0\0\0\0\0\1\0\0\0\0\0\0\0\0\0\0\0\0|\1\0\0\1\0\0\0\0\0\0\0\0\0\0\0\0\0\0\0\0\0\0\0\0\0\0\0\0\0\0", 112, MSG_NOSIGNAL, NULL, 0 <unfinished ...>
10856 sendto(5, "\20\0\0\0\270\0\0\0n\343.z\0\0\0\0\30\0\24\0\0\0\0\0$\0\0\0\0\0\0\0\0\0\0\0\0\0\0\0H\0\0\0\0\0\0\0\\\0\0\0\0\0\0\0\5\0\0\0\0\0\0\0\0\0\0\0\1\0\0\0\377\377\377\377\377\377\377\377\0\0\0\0\0\0\0\0`\0\0\0\0\0\0\0\0\0\0\0\0\0\0\0\0\0\0\0\0\0\0\0H\0\0\0@\0\0\08\0\0\0\3\0\0\0\0\0\0\0\tU/\36\2\0\0\0\7P0^\6\0\0\0\0\0\0\0\30\0\0\0\0\0\0\0\0\0\0\0\0\0\0\0\0\0\0\0\0\0\0\0\10\0\0\0\0\0\0\0", 184, MSG_NOSIGNAL, NULL, 0 <unfinished ...>
10855 openat(AT_FDCWD, "/tmp/playwright_chromiumdev_profile-56xg4l/Default/Trust Tokens-journal", O_RDWR|O_CREAT|O_NOFOLLOW|O_CLOEXEC, 0600 <unfinished ...>
10856 <... sendto resumed>)             = 184
10813 recvmsg(37,  <unfinished ...>
10808 <... sendto resumed>)             = 112
10846 recvmsg(14,  <unfinished ...>
10856 sendto(5, "\20\0\0\0\270\0\0\0\346\343.z\0\0\0\0\30\0\24\0\0\0\0\0%\0\0\0\0\0\0\0\0\0\0\0\0\0\0\0H\0\0\0\0\0\0\0\\\0\0\0\0\0\0\0\6\0\0\0\0\0\0\0\0\0\0\0\1\0\0\0\377\377\377\377\377\377\377\377\0\0\0\0\0\0\0\0`\0\0\0\0\0\0\0\0\0\0\0\0\0\0\0\0\0\0\0\0\0\0\0H\0\0\0@\0\0\08\0\0\0\3\0\0\0\0\0\0\0\tU/\36\2\0\0\0\0P0^\7\0\0\0\0\0\0\0\30\0\0\0\0\0\0\0\0\0\0\0\0\0\0\0\0\0\0\0\0\0\0\0\10\0\0\0\0\0\0\0", 184, MSG_NOSIGNAL, NULL, 0 <unfinished ...>
10855 <... openat resumed>)             = 25
10813 <... recvmsg resumed>{msg_name=NULL, msg_namelen=0, msg_iov=[{iov_base="\20\0\0\0\270\0\0\0\v\343.z\0\0\0\0\30\0\24\0\0\0\0\0#\0\0\0\0\0\0\0\0\0\0\0\0\0\0\0H\0\0\0\0\0\0\0\\\0\0\0\0\0\0\0\4\0\0\0\0\0\0\0\0\0\0\0\1\0\0\0\377\377\377\377\377\377\377\377\0\0\0\0\0\0\0\0`\0\0\0\0\0\0\0\0\0\0\0\0\0\0\0\0\0\0\0\0\0\0\0H\0\0\0@\0\0\08\0\0\0\3\0\0\0\0\0\0\0\tU/\36\2\0\0\0\6P0^\5\0\0\0\0\0\0\0\30\0\0\0\0\0\0\0\0\0\0\0\0\0\0\0\0\0\0\0\0\0\0\0\10\0\0\0\0\0\0\0\20\0\0\0\270\0\0\0n\343.z\0\0\0\0\30\0\24\0\0\0\0\0$\0\0\0\0\0\0\0\0\0\0\0\0\0\0\0H\0\0\0\0\0\0\0\\\0\0\0\0\0\0\0\5\0\0\0\0\0\0\0\0\0\0\0\1\0\0\0"..., iov_len=4096}], msg_iovlen=1, msg_controllen=0, msg_flags=0}, MSG_DONTWAIT) = 368
10859 openat(AT_FDCWD, "/dev/urandom", O_RDONLY|O_CLOEXEC <unfinished ...>
10856 <... sendto resumed>)             = 184
10846 <... recvmsg resumed>{msg_name=NULL, msg_namelen=0, msg_iov=[{iov_base="\20\0\0\0p\0\0\0V\343.z\0\0\0\0\30\0\24\0\0\0\0\0&\0\0\0\0\0\0\0\0\0\0\0\0\0\0\0H\0\0\0\0\0\0\0.\0\0\0\0\0\0\0\25\0\0\0\0\0\0\0\0\0\0\0\1\0\0\0\0\0\0\0\0\0\0\0\0|\1\0\0\1\0\0\0\0\0\0\0\0\0\0\0\0\0\0\0\0\0\0\0\0\0\0\0\0\0\0", iov_len=4096}], msg_iovlen=1, msg_controllen=0, msg_flags=0}, MSG_DONTWAIT) = 112
10859 <... openat resumed>)             = 26
10813 recvmsg(37, {msg_name=NULL, msg_namelen=0, msg_iov=[{iov_base="\20\0\0\0\270\0\0\0\346\343.z\0\0\0\0\30\0\24\0\0\0\0\0%\0\0\0\0\0\0\0\0\0\0\0\0\0\0\0H\0\0\0\0\0\0\0\\\0\0\0\0\0\0\0\6\0\0\0\0\0\0\0\0\0\0\0\1\0\0\0\377\377\377\377\377\377\377\377\0\0\0\0\0\0\0\0`\0\0\0\0\0\0\0\0\0\0\0\0\0\0\0\0\0\0\0\0\0\0\0H\0\0\0@\0\0\08\0\0\0\3\0\0\0\0\0\0\0\tU/\36\2\0\0\0\0P0^\7\0\0\0\0\0\0\0\30\0\0\0\0\0\0\0\0\0\0\0\0\0\0\0\0\0\0\0\0\0\0\0\10\0\0\0\0\0\0\0", iov_len=4096}], msg_iovlen=1, msg_controllen=0, msg_flags=0}, MSG_DONTWAIT) = 184
10839 sendto(14, "\20\0\0\0\350\0\0\0S\347.z\0\0\0\0\30\0\24\0\0\0\0\0(\0\0\0\0\0\0\0\0\0\0\0\0\0\0\0H\0\0\0\0\0\0\0\21\0\0\0\0\0\0\0\2\0\0\0\0\0\0\0\0\0\0\0\1\0\0\0\0\0\0\0\0\0\0\0\0|\1\0\0\1\0\0\0\0\0\0`\0\0\0p\0\0\0\0\0\0\0\0\0\0\0\0\0\0\0\20\0\0\0\1\0\0\0\0\0\0\0\0\0\0\0h\0\0\0\1\0\0\0\0\0\0\0\0\0\0\08\0\0\0\0\0\0\0\0\0\0\0\0\0\0\0@\t\0\0@\0\0\09\0\0\0\0\0\0\0\0\0\0\0\0\0\0\0\0\0\0\0\0\0\0\0\0\0\0\0\0\0\0\0\2\0\0\0\0\0\0\0\0\0\0\0\0\0\0\0\0\0\0\0\0\0\0\0\0\0\0\0\0\0\0\0", 232, MSG_NOSIGNAL, NULL, 0) = 232
10839 sendto(14, "\20\0\0\0\20\1\0\0\5\350.z\0\0\0\0\30\0\24\0\0\0\0\0)\0\0\0\0\0\0\0\0\0\0\0\0\0\0\0H\0\0\0\0\0\0\08\0\0\0\0\0\0\0\0\0\0\0\0\0\0\0\0\0\0\0\1\0\0\0\377\377\377\377\377\377\377\377\0\0\0\0\0\0\0\0`\0\0\0\0\0\0\0\0\0\0\0\0\0\0\0\0\0\0\0\0\0\0\0\240\0\0\0\230\0\0\08\0\0\0\3\0\0\0\0\0\0\0t;*f\5\0\0\0\256d\215\222\1\0\0\0\0\0\0\0\30\0\0\0\0\0\0\0\0\0\0\0\0\0\0\0\0\0\0\0\0\0\0\0\30\0\0\0\0\0\0\0\20\0\0\0\0\0\0\0\0\0\0\0\0\0\0\0\20\0\0\0\0\0\0\0\10\0\0\0\0\0\0\0\20\0\0\0\0\0\0\0\10\0\0\0\0\0\0\0%\0\0\0\35\0\0\0Default/Local St"..., 272, MSG_NOSIGNAL, NULL, 0 <unfinished ...>
10813 recvmsg(45,  <unfinished ...>
10839 <... sendto resumed>)             = 272
10813 <... recvmsg resumed>{msg_name=NULL, msg_namelen=0, msg_iov=[{iov_base="\20\0\0\0\350\0\0\0S\347.z\0\0\0\0\30\0\24\0\0\0\0\0(\0\0\0\0\0\0\0\0\0\0\0\0\0\0\0H\0\0\0\0\0\0\0\21\0\0\0\0\0\0\0\2\0\0\0\0\0\0\0\0\0\0\0\1\0\0\0\0\0\0\0\0\0\0\0\0|\1\0\0\1\0\0\0\0\0\0`\0\0\0p\0\0\0\0\0\0\0\0\0\0\0\0\0\0\0\20\0\0\0\1\0\0\0\0\0\0\0\0\0\0\0h\0\0\0\1\0\0\0\0\0\0\0\0\0\0\08\0\0\0\0\0\0\0\0\0\0\0\0\0\0\0@\t\0\0@\0\0\09\0\0\0\0\0\0\0\0\0\0\0\0\0\0\0\0\0\0\0\0\0\0\0\0\0\0\0\0\0\0\0\2\0\0\0\0\0\0\0\0\0\0\0\0\0\0\0\0\0\0\0\0\0\0\0\0\0\0\0\0\0\0\0\20\0\0\0\20\1\0\0\5\350.z\0\0\0\0\30\0\24\0\0\0\0\0"..., iov_len=4096}], msg_iovlen=1, msg_controllen=0, msg_flags=0}, MSG_DONTWAIT) = 504
10839 sendto(14, "\20\0\0\0p\0\0\0\225\350.z\0\0\0\0\30\0\24\0\0\0\0\0*\0\0\0\0\0\0\0\0\0\0\0\0\0\0\0H\0\0\0\0\0\0\0\26\0\0\0\0\0\0\0\0\0\0\0\0\0\0\0\0\0\0\0\1\0\0\0\0\0\0\0\0\0\0\0\0{\1\0\0\1\0\0\0\0\0\0\0\0\0\0\0\0\0\0\0\0\0\0\0\0\0\0\0\0\0\0", 112, MSG_NOSIGNAL, NULL, 0) = 112
10813 recvmsg(45, {msg_name=NULL, msg_namelen=0, msg_iov=[{iov_base="\20\0\0\0p\0\0\0\225\350.z\0\0\0\0\30\0\24\0\0\0\0\0*\0\0\0\0\0\0\0\0\0\0\0\0\0\0\0H\0\0\0\0\0\0\0\26\0\0\0\0\0\0\0\0\0\0\0\0\0\0\0\0\0\0\0\1\0\0\0\0\0\0\0\0\0\0\0\0{\1\0\0\1\0\0\0\0\0\0\0\0\0\0\0\0\0\0\0\0\0\0\0\0\0\0\0\0\0\0", iov_len=4096}], msg_iovlen=1, msg_controllen=0, msg_flags=0}, MSG_DONTWAIT) = 112
10861 openat(AT_FDCWD, "/tmp/playwright_chromiumdev_profile-56xg4l/Default/Cache/Cache_Data/index", O_RDONLY) = -1 ENOENT (No such file or directory)
10861 openat(AT_FDCWD, "/tmp/playwright_chromiumdev_profile-56xg4l/Default/Cache/Cache_Data/index", O_WRONLY|O_CREAT|O_EXCL, 0600) = 18
10856 sendto(5, "\20\0\0\0\360\0\0\0L\353.z\0\0\0\0\30\0\24\0\0\0\0\0&\0\0\0\0\0\0\0\0\0\0\0\0\0\0\0H\0\0\0\0\0\0\0\23\0\0\0\0\0\0\0\0\0\0\0\0\0\0\0\0\0\0\0\1\0\0\0\377\377\377\377\377\377\377\377\0\0\0\0\0\0\0\0`\0\0\0\0\0\0\0\0\0\0\0\0\0\0\0\0\0\0\0\0\0\0\0\200\0\0\0x\0\0\08\0\0\0\3\0\0\0\0\0\0\0\250\363Uc\1\0\0\0000\357Q\302\1\0\0\0\0\0\0\0\30\0\0\0\0\0\0\0\0\0\0\0\0\0\0\0\0\0\0\0\0\0\0\0 \0\0\0\0\0\0\0\30\0\0\0\0\0\0\0\1\0\0\0\6\0\0\0\377\377\377\377\377\377\377\377\33\0\0\0\23\0\0\0clients2.google.com\0\0\0\0\0", 240, MSG_NOSIGNAL, NULL, 0) = 240
10855 openat(AT_FDCWD, "/tmp/playwright_chromiumdev_profile-56xg4l/Default", O_RDONLY|O_CLOEXEC <unfinished ...>
10813 recvmsg(37,  <unfinished ...>
10808 openat(AT_FDCWD, "/tmp/playwright_chromiumdev_profile-56xg4l/Default/Local Storage/leveldb", O_RDONLY|O_NONBLOCK|O_CLOEXEC|O_DIRECTORY <unfinished ...>
10788 sendto(45, "\20\0\0\0p\0\0\0\263\353.z\0\0\0\0\30\0\24\0\0\0\0\0'\0\0\0\0\0\0\0\0\0\0\0\0\0\0\0H\0\0\0\0\0\0\0*\0\0\0\0\0\0\0\0\0\0\0\0\0\0\0\0\0\0\0\1\0\0\0\0\0\0\0\0\0\0\0\0|\1\0\0\1\0\0\0\0\0\0\0\0\0\0\0\0\0\0\0\0\0\0\0\0\0\0\0\0\0\0", 112, MSG_NOSIGNAL, NULL, 0 <unfinished ...>
10855 <... openat resumed>)             = 19
10813 <... recvmsg resumed>{msg_name=NULL, msg_namelen=0, msg_iov=[{iov_base="\20\0\0\0\360\0\0\0L\353.z\0\0\0\0\30\0\24\0\0\0\0\0&\0\0\0\0\0\0\0\0\0\0\0\0\0\0\0H\0\0\0\0\0\0\0\23\0\0\0\0\0\0\0\0\0\0\0\0\0\0\0\0\0\0\0\1\0\0\0\377\377\377\377\377\377\377\377\0\0\0\0\0\0\0\0`\0\0\0\0\0\0\0\0\0\0\0\0\0\0\0\0\0\0\0\0\0\0\0\200\0\0\0x\0\0\08\0\0\0\3\0\0\0\0\0\0\0\250\363Uc\1\0\0\0000\357Q\302\1\0\0\0\0\0\0\0\30\0\0\0\0\0\0\0\0\0\0\0\0\0\0\0\0\0\0\0\0\0\0\0 \0\0\0\0\0\0\0\30\0\0\0\0\0\0\0\1\0\0\0\6\0\0\0\377\377\377\377\377\377\377\377\33\0\0\0\23\0\0\0clients2.google.com\0\0\0\0\0", iov_len=4096}], msg_iovlen=1, msg_controllen=0, msg_flags=0}, MSG_DONTWAIT) = 240
10808 <... openat resumed>)             = 39
10788 <... sendto resumed>)             = 112
10859 openat(AT_FDCWD, "/tmp/playwright_chromiumdev_profile-56xg4l/Default/Shared Dictionary", O_RDONLY|O_CLOEXEC <unfinished ...>
10846 recvmsg(14,  <unfinished ...>
10859 <... openat resumed>)             = 21
10846 <... recvmsg resumed>{msg_name=NULL, msg_namelen=0, msg_iov=[{iov_base="\20\0\0\0p\0\0\0\263\353.z\0\0\0\0\30\0\24\0\0\0\0\0'\0\0\0\0\0\0\0\0\0\0\0\0\0\0\0H\0\0\0\0\0\0\0*\0\0\0\0\0\0\0\0\0\0\0\0\0\0\0\0\0\0\0\1\0\0\0\0\0\0\0\0\0\0\0\0|\1\0\0\1\0\0\0\0\0\0\0\0\0\0\0\0\0\0\0\0\0\0\0\0\0\0\0\0\0\0", iov_len=4096}], msg_iovlen=1, msg_controllen=0, msg_flags=0}, MSG_DONTWAIT) = 112
10861 openat(AT_FDCWD, "/tmp/playwright_chromiumdev_profile-56xg4l/Default/Shared Dictionary/cache/index-dir/the-real-index", O_RDONLY) = -1 ENOENT (No such file or directory)
10861 openat(AT_FDCWD, "/tmp/playwright_chromiumdev_profile-56xg4l/Default/Shared Dictionary/cache", O_RDONLY|O_NONBLOCK|O_CLOEXEC|O_DIRECTORY) = 18
10839 sendto(14, "\20\0\0\0p\0\0\0\210\361.z\0\0\0\0\30\0\24\0\0\0\0\0+\0\0\0\0\0\0\0\0\0\0\0\0\0\0\0H\0\0\0\0\0\0\0!\0\0\0\0\0\0\0\2\0\0\0\0\0\0\0\0\0\0\0\1\0\0\0\0\0\0\0\0\0\0\0\0|\1\0\0\1\0\0\0\0\0\0\0\0\0\0\0\0\0\0\0\0\0\0\0\0\0\0\0\0\0\0", 112, MSG_NOSIGNAL, NULL, 0 <unfinished ...>
10812 socket(AF_UNIX, SOCK_STREAM|SOCK_CLOEXEC|SOCK_NONBLOCK, 0 <unfinished ...>
10839 <... sendto resumed>)             = 112
10812 <... socket resumed>)             = 42
10809 openat(AT_FDCWD, "/tmp/playwright_chromiumdev_profile-56xg4l/Default/shared_proto_db/metadata/LOG", O_WRONLY|O_CREAT|O_TRUNC, 0600 <unfinished ...>
10813 recvmsg(45,  <unfinished ...>
10812 connect(42, {sa_family=AF_UNIX, sun_path="/var/run/nscd/socket"}, 110 <unfinished ...>
10813 <... recvmsg resumed>{msg_name=NULL, msg_namelen=0, msg_iov=[{iov_base="\20\0\0\0p\0\0\0\210\361.z\0\0\0\0\30\0\24\0\0\0\0\0+\0\0\0\0\0\0\0\0\0\0\0\0\0\0\0H\0\0\0\0\0\0\0!\0\0\0\0\0\0\0\2\0\0\0\0\0\0\0\0\0\0\0\1\0\0\0\0\0\0\0\0\0\0\0\0|\1\0\0\1\0\0\0\0\0\0\0\0\0\0\0\0\0\0\0\0\0\0\0\0\0\0\0\0\0\0", iov_len=4096}], msg_iovlen=1, msg_controllen=0, msg_flags=0}, MSG_DONTWAIT) = 112
10812 <... connect resumed>)            = -1 ENOENT (No such file or directory)
10809 <... openat resumed>)             = 39
10808 sendto(45, "\20\0\0\0p\0\0\0r\363.z\0\0\0\0\30\0\24\0\0\0\0\0(\0\0\0\0\0\0\0\0\0\0\0\0\0\0\0H\0\0\0\0\0\0\08\0\0\0\0\0\0\0\0\0\0\0\0\0\0\0\0\0\0\0\1\0\0\0\0\0\0\0\0\0\0\0\0\202\1\0\0\2\0\0\0\0\0\0\0\0\0\0\0\0\0\0\0\0\0\0\0\0\0\0\0\0\0\0", 112, MSG_NOSIGNAL, NULL, 0) = 112
10846 recvmsg(14,  <unfinished ...>
10812 socket(AF_UNIX, SOCK_STREAM|SOCK_CLOEXEC|SOCK_NONBLOCK, 0 <unfinished ...>
10809 openat(AT_FDCWD, "/tmp/playwright_chromiumdev_profile-56xg4l/Default/shared_proto_db/metadata/LOCK", O_RDWR <unfinished ...>
10846 <... recvmsg resumed>{msg_name=NULL, msg_namelen=0, msg_iov=[{iov_base="\20\0\0\0p\0\0\0r\363.z\0\0\0\0\30\0\24\0\0\0\0\0(\0\0\0\0\0\0\0\0\0\0\0\0\0\0\0H\0\0\0\0\0\0\08\0\0\0\0\0\0\0\0\0\0\0\0\0\0\0\0\0\0\0\1\0\0\0\0\0\0\0\0\0\0\0\0\202\1\0\0\2\0\0\0\0\0\0\0\0\0\0\0\0\0\0\0\0\0\0\0\0\0\0\0\0\0\0", iov_len=4096}], msg_iovlen=1, msg_controllen=0, msg_flags=0}, MSG_DONTWAIT) = 112
10812 <... socket resumed>)             = 44
10809 <... openat resumed>)             = -1 ENOENT (No such file or directory)
10809 openat(AT_FDCWD, "/tmp/playwright_chromiumdev_profile-56xg4l/Default/shared_proto_db/metadata/LOCK", O_RDWR|O_CREAT, 0600 <unfinished ...>
10812 connect(44, {sa_family=AF_UNIX, sun_path="/var/run/nscd/socket"}, 110 <unfinished ...>
10809 <... openat resumed>)             = 42
10812 <... connect resumed>)            = -1 ENOENT (No such file or directory)
10861 openat(AT_FDCWD, "/tmp/playwright_chromiumdev_profile-56xg4l/Default/Cache/Cache_Data/index-dir/the-real-index", O_RDONLY) = -1 ENOENT (No such file or directory)
10812 openat(AT_FDCWD, "/etc/nsswitch.conf", O_RDONLY|O_CLOEXEC <unfinished ...>
10861 openat(AT_FDCWD, "/tmp/playwright_chromiumdev_profile-56xg4l/Default/Cache/Cache_Data", O_RDONLY|O_NONBLOCK|O_CLOEXEC|O_DIRECTORY <unfinished ...>
10812 <... openat resumed>)             = 44
10861 <... openat resumed>)             = 18
10846 sendto(14, "\20\0\0\0p\0\0\0]\370.z\0\0\0\0\30\0\24\0\0\0\0\0,\0\0\0\0\0\0\0\0\0\0\0\0\0\0\0H\0\0\0\0\0\0\08\0\0\0\0\0\0\0\1\0\0\0\0\0\0\0\0\0\0\0\1\0\0\0\0\0\0\0\0\0\0\0\0x\1\0\0\1\0\0\0\0\0\0\0\0\0\0\0\0\0\0\0\0\0\0\0\0\0\0\0\0\0\0", 112, MSG_NOSIGNAL, NULL, 0) = 112
10809 openat(AT_FDCWD, "/tmp/playwright_chromiumdev_profile-56xg4l/Default/shared_proto_db/metadata/MANIFEST-000001", O_WRONLY|O_CREAT|O_TRUNC, 0600 <unfinished ...>
10813 recvmsg(45, {msg_name=NULL, msg_namelen=0, msg_iov=[{iov_base="\20\0\0\0p\0\0\0]\370.z\0\0\0\0\30\0\24\0\0\0\0\0,\0\0\0\0\0\0\0\0\0\0\0\0\0\0\0H\0\0\0\0\0\0\08\0\0\0\0\0\0\0\1\0\0\0\0\0\0\0\0\0\0\0\1\0\0\0\0\0\0\0\0\0\0\0\0x\1\0\0\1\0\0\0\0\0\0\0\0\0\0\0\0\0\0\0\0\0\0\0\0\0\0\0\0\0\0", iov_len=4096}], msg_iovlen=1, msg_controllen=0, msg_flags=0}, MSG_DONTWAIT) = 112
10809 <... openat resumed>)             = 86
10812 openat(AT_FDCWD, "/etc/hosts", O_RDONLY|O_CLOEXEC) = 44
10809 openat(AT_FDCWD, "/tmp/playwright_chromiumdev_profile-56xg4l/Default/shared_proto_db/metadata", O_RDONLY <unfinished ...>
10808 sendto(45, "\20\0\0\0p\0\0\0\351\373.z\0\0\0\0\30\0\24\0\0\0\0\0)\0\0\0\0\0\0\0\0\0\0\0\0\0\0\0H\0\0\0\0\0\0\08\0\0\0\0\0\0\0\1\0\0\0\0\0\0\0\0\0\0\0\1\0\0\0\0\0\0\0\0\0\0\0\0y\1\0\0\1\0\0\0\0\0\0\0\0\0\0\0\0\0\0\0\0\0\0\0\0\0\0\0\0\0\0", 112, MSG_NOSIGNAL, NULL, 0 <unfinished ...>
10809 <... openat resumed>)             = 88
10808 <... sendto resumed>)             = 112
10861 openat(AT_FDCWD, "/tmp/playwright_chromiumdev_profile-56xg4l/Default/Cache/Cache_Data/ed5152d08612b2ae_0", O_RDWR <unfinished ...>
10846 recvmsg(14,  <unfinished ...>
10861 <... openat resumed>)             = -1 ENOENT (No such file or directory)
10846 <... recvmsg resumed>{msg_name=NULL, msg_namelen=0, msg_iov=[{iov_base="\20\0\0\0p\0\0\0\351\373.z\0\0\0\0\30\0\24\0\0\0\0\0)\0\0\0\0\0\0\0\0\0\0\0\0\0\0\0H\0\0\0\0\0\0\08\0\0\0\0\0\0\0\1\0\0\0\0\0\0\0\0\0\0\0\1\0\0\0\0\0\0\0\0\0\0\0\0y\1\0\0\1\0\0\0\0\0\0\0\0\0\0\0\0\0\0\0\0\0\0\0\0\0\0\0\0\0\0", iov_len=4096}], msg_iovlen=1, msg_controllen=0, msg_flags=0}, MSG_DONTWAIT) = 112
10812 socket(AF_INET, SOCK_DGRAM|SOCK_CLOEXEC|SOCK_NONBLOCK, IPPROTO_IP) = 44
10812 setsockopt(44, SOL_IP, IP_RECVERR, [1], 4) = 0
10861 openat(AT_FDCWD, "/tmp/playwright_chromiumdev_profile-56xg4l/Default/Cache/Cache_Data/ed5152d08612b2ae_0", O_RDWR|O_CREAT|O_EXCL, 0600 <unfinished ...>
10812 connect(44, {sa_family=AF_INET, sin_port=htons(53), sin_addr=inet_addr("127.0.0.53")}, 16 <unfinished ...>
10861 <... openat resumed>)             = 18
10812 <... connect resumed>)            = 0
10846 sendto(14, "\20\0\0\0p\0\0\0\10\377.z\0\0\0\0\30\0\24\0\0\0\0\0-\0\0\0\0\0\0\0\0\0\0\0\0\0\0\0H\0\0\0\0\0\0\08\0\0\0\0\0\0\0\2\0\0\0\0\0\0\0\0\0\0\0\1\0\0\0\0\0\0\0\0\0\0\0\0y\1\0\0\1\0\0\0\0\0\0\0\0\0\0\0\0\0\0\0\0\0\0\0\0\0\0\0\0\0\0", 112, MSG_NOSIGNAL, NULL, 0) = 112
10813 recvmsg(45,  <unfinished ...>
10812 sendto(44, "F\334\1 \0\1\0\0\0\0\0\1\10clients2\6google\3com\0\0\1\0\1\0\0)\4\260\0\0\0\0\0\0", 48, MSG_NOSIGNAL, NULL, 0 <unfinished ...>
10813 <... recvmsg resumed>{msg_name=NULL, msg_namelen=0, msg_iov=[{iov_base="\20\0\0\0p\0\0\0\10\377.z\0\0\0\0\30\0\24\0\0\0\0\0-\0\0\0\0\0\0\0\0\0\0\0\0\0\0\0H\0\0\0\0\0\0\08\0\0\0\0\0\0\0\2\0\0\0\0\0\0\0\0\0\0\0\1\0\0\0\0\0\0\0\0\0\0\0\0y\1\0\0\1\0\0\0\0\0\0\0\0\0\0\0\0\0\0\0\0\0\0\0\0\0\0\0\0\0\0", iov_len=4096}], msg_iovlen=1, msg_controllen=0, msg_flags=0}, MSG_DONTWAIT) = 112
10812 <... sendto resumed>)             = 48
10809 openat(AT_FDCWD, "/tmp/playwright_chromiumdev_profile-56xg4l/Default/shared_proto_db/metadata/000001.dbtmp", O_WRONLY|O_CREAT|O_TRUNC, 0600) = 44
10812 socket(AF_INET, SOCK_DGRAM|SOCK_CLOEXEC|SOCK_NONBLOCK, IPPROTO_IP) = 86
10812 setsockopt(86, SOL_IP, IP_RECVERR, [1], 4) = 0
10812 connect(86, {sa_family=AF_INET, sin_port=htons(53), sin_addr=inet_addr("127.0.0.53")}, 16) = 0
10808 sendto(45, "\20\0\0\0p\0\0\0U\2/z\0\0\0\0\30\0\24\0\0\0\0\0*\0\0\0\0\0\0\0\0\0\0\0\0\0\0\0H\0\0\0\0\0\0\08\0\0\0\0\0\0\0\2\0\0\0\0\0\0\0\0\0\0\0\1\0\0\0\0\0\0\0\0\0\0\0\0x\1\0\0\1\0\0\0\0\0\0\0\0\0\0\0\0\0\0\0\0\0\0\0\0\0\0\0\0\0\0", 112, MSG_NOSIGNAL, NULL, 0) = 112
10812 sendto(86, "F\334\1 \0\1\0\0\0\0\0\1\10clients2\6google\3com\0\0\1\0\1\0\0)\4\260\0\0\0\0\0\0", 48, MSG_NOSIGNAL, NULL, 0 <unfinished ...>
10846 recvmsg(14,  <unfinished ...>
10861 openat(AT_FDCWD, "/tmp/playwright_chromiumdev_profile-56xg4l/Default/Shared Dictionary/cache/index-dir/temp-index", O_WRONLY|O_CREAT|O_TRUNC, 0600 <unfinished ...>
10812 <... sendto resumed>)             = 48
10846 <... recvmsg resumed>{msg_name=NULL, msg_namelen=0, msg_iov=[{iov_base="\20\0\0\0p\0\0\0U\2/z\0\0\0\0\30\0\24\0\0\0\0\0*\0\0\0\0\0\0\0\0\0\0\0\0\0\0\0H\0\0\0\0\0\0\08\0\0\0\0\0\0\0\2\0\0\0\0\0\0\0\0\0\0\0\1\0\0\0\0\0\0\0\0\0\0\0\0x\1\0\0\1\0\0\0\0\0\0\0\0\0\0\0\0\0\0\0\0\0\0\0\0\0\0\0\0\0\0", iov_len=4096}], msg_iovlen=1, msg_controllen=0, msg_flags=0}, MSG_DONTWAIT) = 112
10861 <... openat resumed>)             = 19
10812 socket(AF_INET, SOCK_DGRAM|SOCK_CLOEXEC|SOCK_NONBLOCK, IPPROTO_IP) = 86
10812 setsockopt(86, SOL_IP, IP_RECVERR, [1], 4) = 0
10812 connect(86, {sa_family=AF_INET, sin_port=htons(53), sin_addr=inet_addr("127.0.0.53")}, 16) = 0
10861 openat(AT_FDCWD, "/tmp/playwright_chromiumdev_profile-56xg4l/Default/Cache/Cache_Data/index-dir/temp-index", O_WRONLY|O_CREAT|O_TRUNC, 0600 <unfinished ...>
10809 openat(AT_FDCWD, "/tmp/playwright_chromiumdev_profile-56xg4l/Default/shared_proto_db/metadata/CURRENT", O_RDONLY <unfinished ...>
10812 sendto(86, "\32h\1 \0\1\0\0\0\0\0\1\10clients2\6google\3com\32xdy23aex2gdehfi5fo3ofqo3dg\2cx\10internal\10cloudapp\3net\0\0\1\0\1\0\0)\4\260\0\0\0\0\0\0", 100, MSG_NOSIGNAL, NULL, 0 <unfinished ...>
10846 sendto(14, "\20\0\0\0p\0\0\0\330\6/z\0\0\0\0\30\0\24\0\0\0\0\0.\0\0\0\0\0\0\0\0\0\0\0\0\0\0\0H\0\0\0\0\0\0\08\0\0\0\0\0\0\0\3\0\0\0\0\0\0\0\0\0\0\0\1\0\0\0\0\0\0\0\0\0\0\0\0x\1\0\0\1\0\0\0\0\0\0\0\0\0\0\0\0\0\0\0\0\0\0\0\0\0\0\0\0\0\0", 112, MSG_NOSIGNAL, NULL, 0 <unfinished ...>
10861 <... openat resumed>)             = 19
10812 <... sendto resumed>)             = 100
10809 <... openat resumed>)             = 44
10846 <... sendto resumed>)             = 112
10856 socket(AF_INET, SOCK_DGRAM, IPPROTO_IP <unfinished ...>
10813 recvmsg(45,  <unfinished ...>
10856 <... socket resumed>)             = 20
10813 <... recvmsg resumed>{msg_name=NULL, msg_namelen=0, msg_iov=[{iov_base="\20\0\0\0p\0\0\0\330\6/z\0\0\0\0\30\0\24\0\0\0\0\0.\0\0\0\0\0\0\0\0\0\0\0\0\0\0\0H\0\0\0\0\0\0\08\0\0\0\0\0\0\0\3\0\0\0\0\0\0\0\0\0\0\0\1\0\0\0\0\0\0\0\0\0\0\0\0x\1\0\0\1\0\0\0\0\0\0\0\0\0\0\0\0\0\0\0\0\0\0\0\0\0\0\0\0\0\0", iov_len=4096}], msg_iovlen=1, msg_controllen=0, msg_flags=0}, MSG_DONTWAIT) = 112
10812 socket(AF_INET, SOCK_DGRAM|SOCK_CLOEXEC|SOCK_NONBLOCK, IPPROTO_IP) = 86
10812 setsockopt(86, SOL_IP, IP_RECVERR, [1], 4) = 0
10856 bind(20, {sa_family=AF_INET, sin_port=htons(27146), sin_addr=inet_addr("0.0.0.0")}, 16 <unfinished ...>
10812 connect(86, {sa_family=AF_INET, sin_port=htons(53), sin_addr=inet_addr("127.0.0.53")}, 16 <unfinished ...>
10856 <... bind resumed>)               = 0
10812 <... connect resumed>)            = 0
10861 openat(AT_FDCWD, "/tmp/playwright_chromiumdev_profile-56xg4l/Default/SCT Auditing Pending Reports", O_RDONLY|O_CLOEXEC <unfinished ...>
10856 connect(20, {sa_family=AF_INET, sin_port=htons(53), sin_addr=inet_addr("127.0.0.53")}, 16 <unfinished ...>
10861 <... openat resumed>)             = -1 ENOENT (No such file or directory)
10856 <... connect resumed>)            = 0
10809 openat(AT_FDCWD, "/tmp/playwright_chromiumdev_profile-56xg4l/Default/shared_proto_db/metadata/MANIFEST-000001", O_RDONLY <unfinished ...>
10856 getsockname(20,  <unfinished ...>
10812 sendto(86, "\32h\1 \0\1\0\0\0\0\0\1\10clients2\6google\3com\32xdy23aex2gdehfi5fo3ofqo3dg\2cx\10internal\10cloudapp\3net\0\0\1\0\1\0\0)\4\260\0\0\0\0\0\0", 100, MSG_NOSIGNAL, NULL, 0 <unfinished ...>
10809 <... openat resumed>)             = 44
10856 <... getsockname resumed>{sa_family=AF_INET, sin_port=htons(27146), sin_addr=inet_addr("127.0.0.1")}, [128 => 16]) = 0
10859 openat(AT_FDCWD, "/tmp/playwright_chromiumdev_profile-56xg4l/Default/Shared Dictionary/db-journal", O_RDWR|O_CREAT|O_NOFOLLOW|O_CLOEXEC, 0600 <unfinished ...>
10856 sendto(20, "\16\276\1\0\0\1\0\0\0\0\0\0\nredirector\4gvt1\3com\0\0A\0\1", 37, 0, NULL, 0 <unfinished ...>
10812 <... sendto resumed>)             = 100
10859 <... openat resumed>)             = 19
10811 sendto(45, "\20\0\0\0p\0\0\0\305\v/z\0\0\0\0\30\0\24\0\0\0\0\0+\0\0\0\0\0\0\0\0\0\0\0\0\0\0\0H\0\0\0\0\0\0\08\0\0\0\0\0\0\0\3\0\0\0\0\0\0\0\0\0\0\0\1\0\0\0\0\0\0\0\0\0\0\0\0y\1\0\0\1\0\0\0\0\0\0\0\0\0\0\0\0\0\0\0\0\0\0\0\0\0\0\0\0\0\0", 112, MSG_NOSIGNAL, NULL, 0 <unfinished ...>
10856 <... sendto resumed>)             = 37
10811 <... sendto resumed>)             = 112
10856 recvmsg(20,  <unfinished ...>
10846 recvmsg(14,  <unfinished ...>
10856 <... recvmsg resumed>{msg_namelen=128}, 0) = -1 ECONNREFUSED (Connection refused)
10846 <... recvmsg resumed>{msg_name=NULL, msg_namelen=0, msg_iov=[{iov_base="\20\0\0\0p\0\0\0\305\v/z\0\0\0\0\30\0\24\0\0\0\0\0+\0\0\0\0\0\0\0\0\0\0\0\0\0\0\0H\0\0\0\0\0\0\08\0\0\0\0\0\0\0\3\0\0\0\0\0\0\0\0\0\0\0\1\0\0\0\0\0\0\0\0\0\0\0\0y\1\0\0\1\0\0\0\0\0\0\0\0\0\0\0\0\0\0\0\0\0\0\0\0\0\0\0\0\0\0", iov_len=4096}], msg_iovlen=1, msg_controllen=0, msg_flags=0}, MSG_DONTWAIT) = 112
10856 socket(AF_INET, SOCK_DGRAM, IPPROTO_IP) = 21
10809 openat(AT_FDCWD, "/tmp/playwright_chromiumdev_profile-56xg4l/Default/shared_proto_db/metadata/MANIFEST-000001", O_WRONLY|O_APPEND <unfinished ...>
10812 sendto(37, "\20\0\0\0\360\0\0\0Z\16/z\0\0\0\0\30\0\24\0\0\0\0\0:\0\0\0\0\0\0\0\0\0\0\0\0\0\0\0H\0\0\0\0\0\0\0\23\0\0\0\0\0\0\0\0\0\0\0\0\0\0\0\0\0\0\0\1\0\0\0\377\377\377\377\377\377\377\377\0\0\0\0\0\0\0\0`\0\0\0\0\0\0\0\0\0\0\0\0\0\0\0\0\0\0\0\0\0\0\0\200\0\0\0x\0\0\08\0\0\0\3\0\0\0\0\0\0\0\250\363Uc\2\0\0\0000\357Q\302\1\0\0\0\0\0\0\0\30\0\0\0\0\0\0\0\0\0\0\0\0\0\0\0\0\0\0\0\0\0\0\0\30\0\0\0\0\0\0\0\20\0\0\0\0\0\0\0\375\377\377\377\226\377\377\377\30\0\0\0\0\0\0\0\20\0\0\0\0\0\0\0\20\0\0\0\0\0\0\0\10\0\0\0\0\0\0\0\10\0\0\0\0\0\0\0", 240, MSG_NOSIGNAL, NULL, 0 <unfinished ...>
10809 <... openat resumed>)             = 44
10856 bind(21, {sa_family=AF_INET, sin_port=htons(12185), sin_addr=inet_addr("0.0.0.0")}, 16 <unfinished ...>
10812 <... sendto resumed>)             = 240
10861 openat(AT_FDCWD, "/tmp/playwright_chromiumdev_profile-56xg4l/Default/Cache/No_Vary_Search/snapshot.baf", O_RDONLY <unfinished ...>
10856 <... bind resumed>)               = 0
10861 <... openat resumed>)             = -1 ENOENT (No such file or directory)
10856 connect(21, {sa_family=AF_INET, sin_port=htons(53), sin_addr=inet_addr("127.0.0.53")}, 16) = 0
10846 sendto(14, "\20\0\0\0p\0\0\0\234\17/z\0\0\0\0\30\0\24\0\0\0\0\0/\0\0\0\0\0\0\0\0\0\0\0\0\0\0\0H\0\0\0\0\0\0\08\0\0\0\0\0\0\0\4\0\0\0\0\0\0\0\0\0\0\0\1\0\0\0\0\0\0\0\0\0\0\0\0y\1\0\0\1\0\0\0\0\0\0\0\0\0\0\0\0\0\0\0\0\0\0\0\0\0\0\0\0\0\0", 112, MSG_NOSIGNAL, NULL, 0 <unfinished ...>
10856 getsockname(21,  <unfinished ...>
10788 sendto(37, "\20\0\0\0\270\0\0\0\241\17/z\0\0\0\0\30\0\24\0\0\0\0\0;\0\0\0\0\0\0\0\0\0\0\0\0\0\0\0H\0\0\0\0\0\0\0:\0\0\0\0\0\0\0\0\0\0\0\0\0\0\0\0\0\0\0\1\0\0\0\377\377\377\377\377\377\377\377\0\0\0\0\0\0\0\0`\0\0\0\0\0\0\0\0\0\0\0\0\0\0\0\0\0\0\0\0\0\0\0H\0\0\0@\0\0\08\0\0\0\3\0\0\0\0\0\0\0\f\205\24\\\2\0\0\0,\357Q\302\1\0\0\0\0\0\0\0\30\0\0\0\0\0\0\0\0\0\0\0\0\0\0\0\0\0\0\0\0\0\0\0\10\0\0\0\0\0\0\0", 184, MSG_NOSIGNAL, NULL, 0 <unfinished ...>
10856 <... getsockname resumed>{sa_family=AF_INET, sin_port=htons(12185), sin_addr=inet_addr("127.0.0.1")}, [128 => 16]) = 0
10846 <... sendto resumed>)             = 112
10809 openat(AT_FDCWD, "/tmp/playwright_chromiumdev_profile-56xg4l/Default/shared_proto_db/metadata", O_RDONLY|O_NONBLOCK|O_CLOEXEC|O_DIRECTORY <unfinished ...>
10788 <... sendto resumed>)             = 184
10856 sendto(21, "\3712\1\0\0\1\0\0\0\0\0\0\nredirector\4gvt1\3com\0\0A\0\1", 37, 0, NULL, 0 <unfinished ...>
10813 recvmsg(45,  <unfinished ...>
10809 <... openat resumed>)             = 86
10861 openat(AT_FDCWD, "/tmp/playwright_chromiumdev_profile-56xg4l/Default/Cache/No_Vary_Search/snapshot-new.baf", O_WRONLY|O_CREAT|O_TRUNC, 0600 <unfinished ...>
10813 <... recvmsg resumed>{msg_name=NULL, msg_namelen=0, msg_iov=[{iov_base="\20\0\0\0p\0\0\0\234\17/z\0\0\0\0\30\0\24\0\0\0\0\0/\0\0\0\0\0\0\0\0\0\0\0\0\0\0\0H\0\0\0\0\0\0\08\0\0\0\0\0\0\0\4\0\0\0\0\0\0\0\0\0\0\0\1\0\0\0\0\0\0\0\0\0\0\0\0y\1\0\0\1\0\0\0\0\0\0\0\0\0\0\0\0\0\0\0\0\0\0\0\0\0\0\0\0\0\0", iov_len=4096}], msg_iovlen=1, msg_controllen=0, msg_flags=0}, MSG_DONTWAIT) = 112
10861 <... openat resumed>)             = 24
10856 <... sendto resumed>)             = 37
10808 sendto(45, "\20\0\0\0p\0\0\0/\22/z\0\0\0\0\30\0\24\0\0\0\0\0,\0\0\0\0\0\0\0\0\0\0\0\0\0\0\0H\0\0\0\0\0\0\08\0\0\0\0\0\0\0\4\0\0\0\0\0\0\0\0\0\0\0\1\0\0\0\0\0\0\0\0\0\0\0\0x\1\0\0\1\0\0\0\0\0\0\0\0\0\0\0\0\0\0\0\0\0\0\0\0\0\0\0\0\0\0", 112, MSG_NOSIGNAL, NULL, 0) = 112
10846 recvmsg(14,  <unfinished ...>
10861 openat(AT_FDCWD, "/tmp/playwright_chromiumdev_profile-56xg4l/Default/Cache/No_Vary_Search/journal.baj", O_WRONLY|O_CREAT|O_TRUNC, 0600 <unfinished ...>
10846 <... recvmsg resumed>{msg_name=NULL, msg_namelen=0, msg_iov=[{iov_base="\20\0\0\0p\0\0\0/\22/z\0\0\0\0\30\0\24\0\0\0\0\0,\0\0\0\0\0\0\0\0\0\0\0\0\0\0\0H\0\0\0\0\0\0\08\0\0\0\0\0\0\0\4\0\0\0\0\0\0\0\0\0\0\0\1\0\0\0\0\0\0\0\0\0\0\0\0x\1\0\0\1\0\0\0\0\0\0\0\0\0\0\0\0\0\0\0\0\0\0\0\0\0\0\0\0\0\0", iov_len=4096}], msg_iovlen=1, msg_controllen=0, msg_flags=0}, MSG_DONTWAIT) = 112
10861 <... openat resumed>)             = 24
10810 sendmsg(25, {msg_name=NULL, msg_namelen=0, msg_iov=[{iov_base="l\1\0\1\246\0\0\0\t\0\0\0\177\0\0\0\1\1o\0\25\0\0\0/org/freedesktop/DBus\0\0\0\6\1s\0\24\0\0\0org.freedesktop.DBus\0\0\0\0\2\1s\0\24\0\0\0org.freedesktop.DBus\0\0\0\0\3\1s\0\10\0\0\0AddMatch\0\0\0\0\0\0\0\0\10\1g\0\1s\0\0", iov_len=144}, {iov_base="\241\0\0\0type='signal',interface='org.freedesktop.DBus',member='NameOwnerChanged',path='/org/freedesktop/DBus',sender='org.freedesktop.DBus',arg0='org.freedesktop.UPower'\0", iov_len=166}], msg_iovlen=2, msg_controllen=0, msg_flags=0}, MSG_NOSIGNAL <unfinished ...>
10856 recvmsg(21,  <unfinished ...>
10810 <... sendmsg resumed>)            = 310
10856 <... recvmsg resumed>{msg_namelen=128}, 0) = -1 ECONNREFUSED (Connection refused)
10809 openat(AT_FDCWD, "/tmp/playwright_chromiumdev_profile-56xg4l/Default/shared_proto_db/metadata", O_RDONLY|O_NONBLOCK|O_CLOEXEC|O_DIRECTORY <unfinished ...>
10856 socket(AF_INET, SOCK_DGRAM, IPPROTO_IP <unfinished ...>
10809 <... openat resumed>)             = 86
10856 <... socket resumed>)             = 26
10810 recvmsg(25,  <unfinished ...>
10846 sendto(14, "\20\0\0\0p\0\0\0\222\25/z\0\0\0\0\30\0\24\0\0\0\0\0000\0\0\0\0\0\0\0\0\0\0\0\0\0\0\0H\0\0\0\0\0\0\08\0\0\0\0\0\0\0\5\0\0\0\0\0\0\0\0\0\0\0\1\0\0\0\0\0\0\0\0\0\0\0\0x\1\0\0\1\0\0\0\0\0\0\0\0\0\0\0\0\0\0\0\0\0\0\0\0\0\0\0\0\0\0", 112, MSG_NOSIGNAL, NULL, 0 <unfinished ...>
10810 <... recvmsg resumed>{msg_name=NULL, msg_namelen=0, msg_iov=[{iov_base="l\2\1\1\0\0\0\0\n\0\0\0005\0\0\0\6\1s\0\5\0\0\0:1.56\0\0\0\5\1u\0\t\0\0\0\7\1s\0\24\0\0\0org.freedesktop.DBus\0\0\0\0", iov_len=2048}], msg_iovlen=1, msg_controllen=0, msg_flags=MSG_CMSG_CLOEXEC}, MSG_CMSG_CLOEXEC) = 72
10846 <... sendto resumed>)             = 112
10810 recvmsg(25,  <unfinished ...>
10813 recvmsg(45,  <unfinished ...>
10810 <... recvmsg resumed>{msg_namelen=0}, MSG_CMSG_CLOEXEC) = -1 EAGAIN (Resource temporarily unavailable)
10856 bind(26, {sa_family=AF_INET, sin_port=htons(36457), sin_addr=inet_addr("0.0.0.0")}, 16 <unfinished ...>
10813 <... recvmsg resumed>{msg_name=NULL, msg_namelen=0, msg_iov=[{iov_base="\20\0\0\0p\0\0\0\222\25/z\0\0\0\0\30\0\24\0\0\0\0\0000\0\0\0\0\0\0\0\0\0\0\0\0\0\0\0H\0\0\0\0\0\0\08\0\0\0\0\0\0\0\5\0\0\0\0\0\0\0\0\0\0\0\1\0\0\0\0\0\0\0\0\0\0\0\0x\1\0\0\1\0\0\0\0\0\0\0\0\0\0\0\0\0\0\0\0\0\0\0\0\0\0\0\0\0\0", iov_len=4096}], msg_iovlen=1, msg_controllen=0, msg_flags=0}, MSG_DONTWAIT) = 112
10856 <... bind resumed>)               = 0
10810 sendmsg(25, {msg_name=NULL, msg_namelen=0, msg_iov=[{iov_base="l\1\0\1\33\0\0\0\n\0\0\0~\0\0\0\2\1s\0\24\0\0\0org.freedesktop.DBus\0\0\0\0\3\1s\0\f\0\0\0GetNameOwner\0\0\0\0\10\1g\0\1s\0\0\6\1s\0\24\0\0\0org.freedesktop.DBus\0\0\0\0\1\1o\0\25\0\0\0/org/freedesktop/DBus\0\0\0", iov_len=144}, {iov_base="\26\0\0\0org.freedesktop.UPower\0", iov_len=27}], msg_iovlen=2, msg_controllen=0, msg_flags=0}, MSG_NOSIGNAL <unfinished ...>
10856 connect(26, {sa_family=AF_INET, sin_port=htons(53), sin_addr=inet_addr("127.0.0.53")}, 16 <unfinished ...>
10810 <... sendmsg resumed>)            = 171
10856 <... connect resumed>)            = 0
10856 getsockname(26, {sa_family=AF_INET, sin_port=htons(36457), sin_addr=inet_addr("127.0.0.1")}, [128 => 16]) = 0
10856 sendto(26, ">\252\1\0\0\1\0\0\0\0\0\0\nredirector\4gvt1\3com\0\0\1\0\1", 37, 0, NULL, 0 <unfinished ...>
10859 openat(AT_FDCWD, "/tmp/playwright_chromiumdev_profile-56xg4l/Default/Shared Dictionary", O_RDONLY|O_CLOEXEC <unfinished ...>
10856 <... sendto resumed>)             = 37
10810 recvmsg(25,  <unfinished ...>
10859 <... openat resumed>)             = 27
10810 <... recvmsg resumed>{msg_name=NULL, msg_namelen=0, msg_iov=[{iov_base="l\3\1\1G\0\0\0\v\0\0\0u\0\0\0\6\1s\0\5\0\0\0:1.56\0\0\0\4\1s\0)\0\0\0org.freedesktop.DBus.Error.NameHasNoOwner\0\0\0\0\0\0\0\5\1u\0\n\0\0\0\10\1g\0\1s\0\0\7\1s\0\24\0\0\0org.freedesktop.DBus\0\0\0\0B\0\0\0Could not get owner of name 'org.freedesktop.UPower': no such name\0", iov_len=2048}], msg_iovlen=1, msg_controllen=0, msg_flags=MSG_CMSG_CLOEXEC}, MSG_CMSG_CLOEXEC) = 207
10856 recvmsg(26, {msg_namelen=128}, 0) = -1 ECONNREFUSED (Connection refused)
10810 recvmsg(25,  <unfinished ...>
10856 socket(AF_INET, SOCK_DGRAM, IPPROTO_IP <unfinished ...>
10810 <... recvmsg resumed>{msg_namelen=0}, MSG_CMSG_CLOEXEC) = -1 EAGAIN (Resource temporarily unavailable)
10856 <... socket resumed>)             = 27
10810 sendmsg(25, {msg_name=NULL, msg_namelen=0, msg_iov=[{iov_base="l\1\0\1\226\0\0\0\v\0\0\0\177\0\0\0\1\1o\0\25\0\0\0/org/freedesktop/DBus\0\0\0\6\1s\0\24\0\0\0org.freedesktop.DBus\0\0\0\0\2\1s\0\24\0\0\0org.freedesktop.DBus\0\0\0\0\3\1s\0\10\0\0\0AddMatch\0\0\0\0\0\0\0\0\10\1g\0\1s\0\0", iov_len=144}, {iov_base="\221\0\0\0type='signal', sender='org.freedesktop.UPower', interface='org.freedesktop.DBus.Properties', path='/org/freedesktop/UPower/devices/DisplayDevice'\0", iov_len=150}], msg_iovlen=2, msg_controllen=0, msg_flags=0}, MSG_NOSIGNAL <unfinished ...>
10808 sendto(45, "\20\0\0\0p\0\0\0i\31/z\0\0\0\0\30\0\24\0\0\0\0\0-\0\0\0\0\0\0\0\0\0\0\0\0\0\0\0H\0\0\0\0\0\0\08\0\0\0\0\0\0\0\5\0\0\0\0\0\0\0\0\0\0\0\1\0\0\0\0\0\0\0\0\0\0\0\0y\1\0\0\1\0\0\0\0\0\0\0\0\0\0\0\0\0\0\0\0\0\0\0\0\0\0\0\0\0\0", 112, MSG_NOSIGNAL, NULL, 0 <unfinished ...>
10810 <... sendmsg resumed>)            = 294
10808 <... sendto resumed>)             = 112
10846 recvmsg(14, {msg_name=NULL, msg_namelen=0, msg_iov=[{iov_base="\20\0\0\0p\0\0\0i\31/z\0\0\0\0\30\0\24\0\0\0\0\0-\0\0\0\0\0\0\0\0\0\0\0\0\0\0\0H\0\0\0\0\0\0\08\0\0\0\0\0\0\0\5\0\0\0\0\0\0\0\0\0\0\0\1\0\0\0\0\0\0\0\0\0\0\0\0y\1\0\0\1\0\0\0\0\0\0\0\0\0\0\0\0\0\0\0\0\0\0\0\0\0\0\0\0\0\0", iov_len=4096}], msg_iovlen=1, msg_controllen=0, msg_flags=0}, MSG_DONTWAIT) = 112
10856 bind(27, {sa_family=AF_INET, sin_port=htons(8298), sin_addr=inet_addr("0.0.0.0")}, 16) = 0
10809 openat(AT_FDCWD, "/tmp/playwright_chromiumdev_profile-56xg4l/Default/shared_proto_db/metadata/000003.log", O_WRONLY|O_CREAT|O_TRUNC, 0600 <unfinished ...>
10856 connect(27, {sa_family=AF_INET, sin_port=htons(53), sin_addr=inet_addr("127.0.0.53")}, 16 <unfinished ...>
10810 recvmsg(25,  <unfinished ...>
10856 <... connect resumed>)            = 0
10810 <... recvmsg resumed>{msg_name=NULL, msg_namelen=0, msg_iov=[{iov_base="l\2\1\1\0\0\0\0\f\0\0\0005\0\0\0\6\1s\0\5\0\0\0:1.56\0\0\0\5\1u\0\v\0\0\0\7\1s\0\24\0\0\0org.freedesktop.DBus\0\0\0\0", iov_len=2048}], msg_iovlen=1, msg_controllen=0, msg_flags=MSG_CMSG_CLOEXEC}, MSG_CMSG_CLOEXEC) = 72
10809 <... openat resumed>)             = 86
10856 getsockname(27,  <unfinished ...>
10810 recvmsg(25,  <unfinished ...>
10856 <... getsockname resumed>{sa_family=AF_INET, sin_port=htons(8298), sin_addr=inet_addr("127.0.0.1")}, [128 => 16]) = 0
10810 <... recvmsg resumed>{msg_namelen=0}, MSG_CMSG_CLOEXEC) = -1 EAGAIN (Resource temporarily unavailable)
10809 openat(AT_FDCWD, "/tmp/playwright_chromiumdev_profile-56xg4l/Default/shared_proto_db/metadata", O_RDONLY|O_NONBLOCK|O_CLOEXEC|O_DIRECTORY <unfinished ...>
10856 sendto(27, "\n\333\1\0\0\1\0\0\0\0\0\0\nredirector\4gvt1\3com\0\0\1\0\1", 37, 0, NULL, 0 <unfinished ...>
10810 sendmsg(25, {msg_name=NULL, msg_namelen=0, msg_iov=[{iov_base="l\1\0\1\"\0\0\0\f\0\0\0\226\0\0\0\2\1s\0\37\0\0\0org.freedesktop.DBus.Properties\0\3\1s\0\6\0\0\0GetAll\0\0\10\1g\0\1s\0\0\6\1s\0\26\0\0\0org.freedesktop.UPower\0\0\1\1o\0-\0\0\0/org/freedesktop/UPower/devices/DisplayDevice\0\0\0", iov_len=168}, {iov_base="\35\0\0\0org.freedesktop.UPower.Device\0", iov_len=34}], msg_iovlen=2, msg_controllen=0, msg_flags=0}, MSG_NOSIGNAL <unfinished ...>
10809 <... openat resumed>)             = 88
10856 <... sendto resumed>)             = 37
10810 <... sendmsg resumed>)            = 202
10856 recvmsg(27,  <unfinished ...>
10846 sendto(14, "\20\0\0\0@\0\0\0\252\34/z\0\0\0\0\30\0\26\0\0\0\0\0001\0\0\0\0\0\0\0\0\0\0\0\0\0\0\0\30\0\0\0\0\0\0\08\0\0\0\0\0\0\0\6\0\0\0\0\0\0\0", 64, MSG_NOSIGNAL, NULL, 0 <unfinished ...>
10856 <... recvmsg resumed>{msg_namelen=128}, 0) = -1 ECONNREFUSED (Connection refused)
10846 <... sendto resumed>)             = 64
10813 recvmsg(45,  <unfinished ...>
10810 recvmsg(25,  <unfinished ...>
10813 <... recvmsg resumed>{msg_name=NULL, msg_namelen=0, msg_iov=[{iov_base="\20\0\0\0@\0\0\0\252\34/z\0\0\0\0\30\0\26\0\0\0\0\0001\0\0\0\0\0\0\0\0\0\0\0\0\0\0\0\30\0\0\0\0\0\0\08\0\0\0\0\0\0\0\6\0\0\0\0\0\0\0", iov_len=4096}], msg_iovlen=1, msg_controllen=0, msg_flags=0}, MSG_DONTWAIT) = 64
10810 <... recvmsg resumed>{msg_name=NULL, msg_namelen=0, msg_iov=[{iov_base="l\3\1\1K\0\0\0\r\0\0\0u\0\0\0\6\1s\0\5\0\0\0:1.56\0\0\0\4\1s\0)\0\0\0org.freedesktop.DBus.Error.ServiceUnknown\0\0\0\0\0\0\0\5\1u\0\f\0\0\0\10\1g\0\1s\0\0\7\1s\0\24\0\0\0org.freedesktop.DBus\0\0\0\0F\0\0\0The name org.freedesktop.UPower was not provided by any .service files\0", iov_len=2048}], msg_iovlen=1, msg_controllen=0, msg_flags=MSG_CMSG_CLOEXEC}, MSG_CMSG_CLOEXEC) = 211
10856 recvmsg(5,  <unfinished ...>
10810 recvmsg(25,  <unfinished ...>
10856 <... recvmsg resumed>{msg_name=NULL, msg_namelen=0, msg_iov=[{iov_base="\20\0\0\0\360\0\0\0Z\16/z\0\0\0\0\30\0\24\0\0\0\0\0:\0\0\0\0\0\0\0\0\0\0\0\0\0\0\0H\0\0\0\0\0\0\0\23\0\0\0\0\0\0\0\0\0\0\0\0\0\0\0\0\0\0\0\1\0\0\0\377\377\377\377\377\377\377\377\0\0\0\0\0\0\0\0`\0\0\0\0\0\0\0\0\0\0\0\0\0\0\0\0\0\0\0\0\0\0\0\200\0\0\0x\0\0\08\0\0\0\3\0\0\0\0\0\0\0\250\363Uc\2\0\0\0000\357Q\302\1\0\0\0\0\0\0\0\30\0\0\0\0\0\0\0\0\0\0\0\0\0\0\0\0\0\0\0\0\0\0\0\30\0\0\0\0\0\0\0\20\0\0\0\0\0\0\0\375\377\377\377\226\377\377\377\30\0\0\0\0\0\0\0\20\0\0\0\0\0\0\0\20\0\0\0\0\0\0\0\10\0\0\0\0\0\0\0\10\0\0\0\0\0\0\0\20\0\0\0\270\0\0\0\241\17/z\0\0\0\0"..., iov_len=4096}], msg_iovlen=1, msg_controllen=0, msg_flags=0}, MSG_DONTWAIT) = 424
10810 <... recvmsg resumed>{msg_namelen=0}, MSG_CMSG_CLOEXEC) = -1 EAGAIN (Resource temporarily unavailable)
10788 sendto(36, "\20\0\0\0@\0\0\0)\37/z\0\0\0\0\30\0\26\0\0\0\0\0\27\0\0\0\0\0\0\0\0\0\0\0\0\0\0\0\30\0\0\0\0\0\0\0,\0\0\0\0\0\0\0\0\0\0\0\0\0\0\0", 64, MSG_NOSIGNAL, NULL, 0) = 64
10836 recvmsg(14, {msg_name=NULL, msg_namelen=0, msg_iov=[{iov_base="\20\0\0\0@\0\0\0)\37/z\0\0\0\0\30\0\26\0\0\0\0\0\27\0\0\0\0\0\0\0\0\0\0\0\0\0\0\0\30\0\0\0\0\0\0\0,\0\0\0\0\0\0\0\0\0\0\0\0\0\0\0", iov_len=4096}], msg_iovlen=1, msg_controllen=0, msg_flags=0}, MSG_DONTWAIT) = 64
10788 sendto(36, "\20\0\0\0@\0\0\0\337\37/z\0\0\0\0\30\0\26\0\0\0\0\0\30\0\0\0\0\0\0\0\0\0\0\0\0\0\0\0\30\0\0\0\0\0\0\0007\0\0\0\0\0\0\0\0\0\0\0\0\0\0\0", 64, MSG_NOSIGNAL, NULL, 0) = 64
10809 openat(AT_FDCWD, "/tmp/playwright_chromiumdev_profile-56xg4l/Default/shared_proto_db/metadata", O_RDONLY|O_NONBLOCK|O_CLOEXEC|O_DIRECTORY) = 88
10836 recvmsg(14,  <unfinished ...>
10788 sendto(36, "\20\0\0\0p\0\0\0@!/z\0\0\0\0\30\0\24\0\0\0\0\0\31\0\0\0\0\0\0\0\0\0\0\0\0\0\0\0H\0\0\0\0\0\0\0=\0\0\0\0\0\0\0\1\0\0\0\0\0\0\0\0\0\0\0\1\0\0\0\0\0\0\0\0\0\0\0\0y\1\0\0\1\0\0\0\0\0\0\0\0\0\0\0\0\0\0\0\0\0\0\0\0\0\0\0\0\0\0", 112, MSG_NOSIGNAL, NULL, 0 <unfinished ...>
10836 <... recvmsg resumed>{msg_name=NULL, msg_namelen=0, msg_iov=[{iov_base="\20\0\0\0@\0\0\0\337\37/z\0\0\0\0\30\0\26\0\0\0\0\0\30\0\0\0\0\0\0\0\0\0\0\0\0\0\0\0\30\0\0\0\0\0\0\0007\0\0\0\0\0\0\0\0\0\0\0\0\0\0\0", iov_len=4096}], msg_iovlen=1, msg_controllen=0, msg_flags=0}, MSG_DONTWAIT) = 64
10788 <... sendto resumed>)             = 112
10788 sendto(37, "\20\0\0\0p\0\0\0\374!/z\0\0\0\0\30\0\24\0\0\0\0\0<\0\0\0\0\0\0\0\0\0\0\0\0\0\0\0H\0\0\0\0\0\0\0<\0\0\0\0\0\0\0\1\0\0\0\0\0\0\0\0\0\0\0\1\0\0\0\0\0\0\0\0\0\0\0\0x\1\0\0\1\0\0\0\0\0\0\0\0\0\0\0\0\0\0\0\0\0\0\0\0\0\0\0\0\0\0", 112, MSG_NOSIGNAL, NULL, 0) = 112
10788 sendto(45, "\20\0\0\0p\0\0\0i\"/z\0\0\0\0\30\0\24\0\0\0\0\0.\0\0\0\0\0\0\0\0\0\0\0\0\0\0\0H\0\0\0\0\0\0\0002\0\0\0\0\0\0\0\1\0\0\0\0\0\0\0\0\0\0\0\1\0\0\0\0\0\0\0\0\0\0\0\0y\1\0\0\1\0\0\0\0\0\0\0\0\0\0\0\0\0\0\0\0\0\0\0\0\0\0\0\0\0\0", 112, MSG_NOSIGNAL, NULL, 0 <unfinished ...>
10856 recvmsg(5, {msg_name=NULL, msg_namelen=0, msg_iov=[{iov_base="\20\0\0\0p\0\0\0\374!/z\0\0\0\0\30\0\24\0\0\0\0\0<\0\0\0\0\0\0\0\0\0\0\0\0\0\0\0H\0\0\0\0\0\0\0<\0\0\0\0\0\0\0\1\0\0\0\0\0\0\0\0\0\0\0\1\0\0\0\0\0\0\0\0\0\0\0\0x\1\0\0\1\0\0\0\0\0\0\0\0\0\0\0\0\0\0\0\0\0\0\0\0\0\0\0\0\0\0", iov_len=4096}], msg_iovlen=1, msg_controllen=0, msg_flags=0}, MSG_DONTWAIT) = 112
10788 <... sendto resumed>)             = 112
10846 recvmsg(14,  <unfinished ...>
10836 recvmsg(14,  <unfinished ...>
10788 sendto(36, "\20\0\0\0p\0\0\0\4#/z\0\0\0\0\30\0\24\0\0\0\0\0\32\0\0\0\0\0\0\0\0\0\0\0\0\0\0\0H\0\0\0\0\0\0\0=\0\0\0\0\0\0\0\2\0\0\0\0\0\0\0\0\0\0\0\1\0\0\0\0\0\0\0\0\0\0\0\0{\1\0\0\1\0\0\0\0\0\0\0\0\0\0\0\0\0\0\0\0\0\0\0\0\0\0\0\0\0\0", 112, MSG_NOSIGNAL, NULL, 0 <unfinished ...>
10846 <... recvmsg resumed>{msg_name=NULL, msg_namelen=0, msg_iov=[{iov_base="\20\0\0\0p\0\0\0i\"/z\0\0\0\0\30\0\24\0\0\0\0\0.\0\0\0\0\0\0\0\0\0\0\0\0\0\0\0H\0\0\0\0\0\0\0002\0\0\0\0\0\0\0\1\0\0\0\0\0\0\0\0\0\0\0\1\0\0\0\0\0\0\0\0\0\0\0\0y\1\0\0\1\0\0\0\0\0\0\0\0\0\0\0\0\0\0\0\0\0\0\0\0\0\0\0\0\0\0", iov_len=4096}], msg_iovlen=1, msg_controllen=0, msg_flags=0}, MSG_DONTWAIT) = 112
10836 <... recvmsg resumed>{msg_name=NULL, msg_namelen=0, msg_iov=[{iov_base="\20\0\0\0p\0\0\0@!/z\0\0\0\0\30\0\24\0\0\0\0\0\31\0\0\0\0\0\0\0\0\0\0\0\0\0\0\0H\0\0\0\0\0\0\0=\0\0\0\0\0\0\0\1\0\0\0\0\0\0\0\0\0\0\0\1\0\0\0\0\0\0\0\0\0\0\0\0y\1\0\0\1\0\0\0\0\0\0\0\0\0\0\0\0\0\0\0\0\0\0\0\0\0\0\0\0\0\0", iov_len=4096}], msg_iovlen=1, msg_controllen=0, msg_flags=0}, MSG_DONTWAIT) = 112
10788 <... sendto resumed>)             = 112
10788 sendto(37, "\20\0\0\0p\0\0\0\265#/z\0\0\0\0\30\0\24\0\0\0\0\0=\0\0\0\0\0\0\0\0\0\0\0\0\0\0\0H\0\0\0\0\0\0\0<\0\0\0\0\0\0\0\2\0\0\0\0\0\0\0\0\0\0\0\1\0\0\0\0\0\0\0\0\0\0\0\0~\1\0\0\1\0\0\0\0\0\0\0\0\0\0\0\0\0\0\0\0\0\0\0\0\0\0\0\0\0\0", 112, MSG_NOSIGNAL, NULL, 0) = 112
10788 sendto(45, "\20\0\0\0p\0\0\0t$/z\0\0\0\0\30\0\24\0\0\0\0\0/\0\0\0\0\0\0\0\0\0\0\0\0\0\0\0H\0\0\0\0\0\0\0002\0\0\0\0\0\0\0\2\0\0\0\0\0\0\0\0\0\0\0\1\0\0\0\0\0\0\0\0\0\0\0\0x\1\0\0\1\0\0\0\0\0\0\0\0\0\0\0\0\0\0\0\0\0\0\0\0\0\0\0\0\0\0", 112, MSG_NOSIGNAL, NULL, 0 <unfinished ...>
10856 recvmsg(5,  <unfinished ...>
10836 recvmsg(14,  <unfinished ...>
10788 <... sendto resumed>)             = 112
10856 <... recvmsg resumed>{msg_name=NULL, msg_namelen=0, msg_iov=[{iov_base="\20\0\0\0p\0\0\0\265#/z\0\0\0\0\30\0\24\0\0\0\0\0=\0\0\0\0\0\0\0\0\0\0\0\0\0\0\0H\0\0\0\0\0\0\0<\0\0\0\0\0\0\0\2\0\0\0\0\0\0\0\0\0\0\0\1\0\0\0\0\0\0\0\0\0\0\0\0~\1\0\0\1\0\0\0\0\0\0\0\0\0\0\0\0\0\0\0\0\0\0\0\0\0\0\0\0\0\0", iov_len=4096}], msg_iovlen=1, msg_controllen=0, msg_flags=0}, MSG_DONTWAIT) = 112
10836 <... recvmsg resumed>{msg_name=NULL, msg_namelen=0, msg_iov=[{iov_base="\20\0\0\0p\0\0\0\4#/z\0\0\0\0\30\0\24\0\0\0\0\0\32\0\0\0\0\0\0\0\0\0\0\0\0\0\0\0H\0\0\0\0\0\0\0=\0\0\0\0\0\0\0\2\0\0\0\0\0\0\0\0\0\0\0\1\0\0\0\0\0\0\0\0\0\0\0\0{\1\0\0\1\0\0\0\0\0\0\0\0\0\0\0\0\0\0\0\0\0\0\0\0\0\0\0\0\0\0", iov_len=4096}], msg_iovlen=1, msg_controllen=0, msg_flags=0}, MSG_DONTWAIT) = 112
10846 recvmsg(14, {msg_name=NULL, msg_namelen=0, msg_iov=[{iov_base="\20\0\0\0p\0\0\0t$/z\0\0\0\0\30\0\24\0\0\0\0\0/\0\0\0\0\0\0\0\0\0\0\0\0\0\0\0H\0\0\0\0\0\0\0002\0\0\0\0\0\0\0\2\0\0\0\0\0\0\0\0\0\0\0\1\0\0\0\0\0\0\0\0\0\0\0\0x\1\0\0\1\0\0\0\0\0\0\0\0\0\0\0\0\0\0\0\0\0\0\0\0\0\0\0\0\0\0", iov_len=4096}], msg_iovlen=1, msg_controllen=0, msg_flags=0}, MSG_DONTWAIT) = 112
10856 sendto(5, "\20\0\0\0p\0\0\0\356&/z\0\0\0\0\30\0\24\0\0\0\0\0'\0\0\0\0\0\0\0\0\0\0\0\0\0\0\0H\0\0\0\0\0\0\0\23\0\0\0\0\0\0\0\1\0\0\0\0\0\0\0\0\0\0\0\1\0\0\0\0\0\0\0\0\0\0\0\0~\1\0\0\1\0\0\0\0\0\0\0\0\0\0\0\0\0\0\0\0\0\0\0\0\0\0\0\0\0\0", 112, MSG_NOSIGNAL, NULL, 0) = 112
10813 recvmsg(37, {msg_name=NULL, msg_namelen=0, msg_iov=[{iov_base="\20\0\0\0p\0\0\0\356&/z\0\0\0\0\30\0\24\0\0\0\0\0'\0\0\0\0\0\0\0\0\0\0\0\0\0\0\0H\0\0\0\0\0\0\0\23\0\0\0\0\0\0\0\1\0\0\0\0\0\0\0\0\0\0\0\1\0\0\0\0\0\0\0\0\0\0\0\0~\1\0\0\1\0\0\0\0\0\0\0\0\0\0\0\0\0\0\0\0\0\0\0\0\0\0\0\0\0\0", iov_len=4096}], msg_iovlen=1, msg_controllen=0, msg_flags=0}, MSG_DONTWAIT) = 112
10856 sendto(5, "\20\0\0\0p\0\0\0\24)/z\0\0\0\0\30\0\24\0\0\0\0\0(\0\0\0\0\0\0\0\0\0\0\0\0\0\0\0H\0\0\0\0\0\0\0V\0\0\0\0\0\0\0\0\0\0\0\0\0\0\0\0\0\0\0\1\0\0\0\0\0\0\0\0\0\0\0\0y\1\0\0\1\0\0\0\0\0\0\0\0\0\0\0\0\0\0\0\0\0\0\0\0\0\0\0\0\0\0", 112, MSG_NOSIGNAL, NULL, 0) = 112
10808 openat(AT_FDCWD, "/tmp/playwright_chromiumdev_profile-56xg4l/Default/shared_proto_db/LOG", O_WRONLY|O_CREAT|O_TRUNC, 0600 <unfinished ...>
10856 sendto(5, "\20\0\0\0@\0\0\0\235)/z\0\0\0\0\30\0\26\0\0\0\0\0)\0\0\0\0\0\0\0\0\0\0\0\0\0\0\0\30\0\0\0\0\0\0\0V\0\0\0\0\0\0\0\1\0\0\0\0\0\0\0", 64, MSG_NOSIGNAL, NULL, 0 <unfinished ...>
10813 recvmsg(37,  <unfinished ...>
10856 <... sendto resumed>)             = 64
10808 <... openat resumed>)             = 88
10813 <... recvmsg resumed>{msg_name=NULL, msg_namelen=0, msg_iov=[{iov_base="\20\0\0\0p\0\0\0\24)/z\0\0\0\0\30\0\24\0\0\0\0\0(\0\0\0\0\0\0\0\0\0\0\0\0\0\0\0H\0\0\0\0\0\0\0V\0\0\0\0\0\0\0\0\0\0\0\0\0\0\0\0\0\0\0\1\0\0\0\0\0\0\0\0\0\0\0\0y\1\0\0\1\0\0\0\0\0\0\0\0\0\0\0\0\0\0\0\0\0\0\0\0\0\0\0\0\0\0\20\0\0\0@\0\0\0\235)/z\0\0\0\0\30\0\26\0\0\0\0\0)\0\0\0\0\0\0\0\0\0\0\0\0\0\0\0\30\0\0\0\0\0\0\0V\0\0\0\0\0\0\0\1\0\0\0\0\0\0\0", iov_len=4096}], msg_iovlen=1, msg_controllen=0, msg_flags=0}, MSG_DONTWAIT) = 176
10856 sendto(5, "\20\0\0\0@\0\0\0\355)/z\0\0\0\0\30\0\26\0\0\0\0\0*\0\0\0\0\0\0\0\0\0\0\0\0\0\0\0\30\0\0\0\0\0\0\0T\0\0\0\0\0\0\0\0\0\0\0\0\0\0\0", 64, MSG_NOSIGNAL, NULL, 0) = 64
10813 recvmsg(37,  <unfinished ...>
10808 openat(AT_FDCWD, "/tmp/playwright_chromiumdev_profile-56xg4l/Default/shared_proto_db/LOCK", O_RDWR <unfinished ...>
10813 <... recvmsg resumed>{msg_name=NULL, msg_namelen=0, msg_iov=[{iov_base="\20\0\0\0@\0\0\0\355)/z\0\0\0\0\30\0\26\0\0\0\0\0*\0\0\0\0\0\0\0\0\0\0\0\0\0\0\0\30\0\0\0\0\0\0\0T\0\0\0\0\0\0\0\0\0\0\0\0\0\0\0", iov_len=4096}], msg_iovlen=1, msg_controllen=0, msg_flags=0}, MSG_DONTWAIT) = 64
10808 <... openat resumed>)             = -1 ENOENT (No such file or directory)
10808 openat(AT_FDCWD, "/tmp/playwright_chromiumdev_profile-56xg4l/Default/shared_proto_db/LOCK", O_RDWR|O_CREAT, 0600) = 89
10811 openat(AT_FDCWD, "/etc/hosts", O_RDONLY|O_CLOEXEC) = 90
10811 socket(AF_INET, SOCK_DGRAM|SOCK_CLOEXEC|SOCK_NONBLOCK, IPPROTO_IP) = 90
10811 setsockopt(90, SOL_IP, IP_RECVERR, [1], 4 <unfinished ...>
10808 openat(AT_FDCWD, "/tmp/playwright_chromiumdev_profile-56xg4l/Default/shared_proto_db/MANIFEST-000001", O_WRONLY|O_CREAT|O_TRUNC, 0600 <unfinished ...>
10811 <... setsockopt resumed>)         = 0
10811 connect(90, {sa_family=AF_INET, sin_port=htons(53), sin_addr=inet_addr("127.0.0.53")}, 16 <unfinished ...>
10808 <... openat resumed>)             = 91
10811 <... connect resumed>)            = 0
10811 sendto(90, "\231\224\1 \0\1\0\0\0\0\0\1\nredirector\4gvt1\3com\0\0\1\0\1\0\0)\4\260\0\0\0\0\0\0", 48, MSG_NOSIGNAL, NULL, 0) = 48
10808 openat(AT_FDCWD, "/tmp/playwright_chromiumdev_profile-56xg4l/Default/shared_proto_db", O_RDONLY) = 92
10811 socket(AF_INET, SOCK_DGRAM|SOCK_CLOEXEC|SOCK_NONBLOCK, IPPROTO_IP) = 90
10811 setsockopt(90, SOL_IP, IP_RECVERR, [1], 4) = 0
10811 connect(90, {sa_family=AF_INET, sin_port=htons(53), sin_addr=inet_addr("127.0.0.53")}, 16) = 0
10811 sendto(90, "\231\224\1 \0\1\0\0\0\0\0\1\nredirector\4gvt1\3com\0\0\1\0\1\0\0)\4\260\0\0\0\0\0\0", 48, MSG_NOSIGNAL, NULL, 0) = 48
10811 socket(AF_INET, SOCK_DGRAM|SOCK_CLOEXEC|SOCK_NONBLOCK, IPPROTO_IP) = 90
10811 setsockopt(90, SOL_IP, IP_RECVERR, [1], 4) = 0
10811 connect(90, {sa_family=AF_INET, sin_port=htons(53), sin_addr=inet_addr("127.0.0.53")}, 16) = 0
10811 sendto(90, "\344y\1 \0\1\0\0\0\0\0\1\nredirector\4gvt1\3com\32xdy23aex2gdehfi5fo3ofqo3dg\2cx\10internal\10cloudapp\3net\0\0\1\0\1\0\0)\4\260\0\0\0\0\0\0", 100, MSG_NOSIGNAL, NULL, 0 <unfinished ...>
10808 openat(AT_FDCWD, "/tmp/playwright_chromiumdev_profile-56xg4l/Default/shared_proto_db/000001.dbtmp", O_WRONLY|O_CREAT|O_TRUNC, 0600 <unfinished ...>
10811 <... sendto resumed>)             = 100
10808 <... openat resumed>)             = 91
10811 socket(AF_INET, SOCK_DGRAM|SOCK_CLOEXEC|SOCK_NONBLOCK, IPPROTO_IP) = 90
10811 setsockopt(90, SOL_IP, IP_RECVERR, [1], 4) = 0
10811 connect(90, {sa_family=AF_INET, sin_port=htons(53), sin_addr=inet_addr("127.0.0.53")}, 16) = 0
10811 sendto(90, "\344y\1 \0\1\0\0\0\0\0\1\nredirector\4gvt1\3com\32xdy23aex2gdehfi5fo3ofqo3dg\2cx\10internal\10cloudapp\3net\0\0\1\0\1\0\0)\4\260\0\0\0\0\0\0", 100, MSG_NOSIGNAL, NULL, 0) = 100
10811 sendto(37, "\20\0\0\0p\0\0\0\3235/z\0\0\0\0\30\0\24\0\0\0\0\0>\0\0\0\0\0\0\0\0\0\0\0\0\0\0\0H\0\0\0\0\0\0\0\23\0\0\0\0\0\0\0\1\0\0\0\0\0\0\0\0\0\0\0\1\0\0\0\0\0\0\0\0\0\0\0\0~\1\0\0\1\0\0\0\0\0\0\0\0\0\0\0\0\0\0\0\0\0\0\0\0\0\0\0\0\0\0", 112, MSG_NOSIGNAL, NULL, 0) = 112
10808 openat(AT_FDCWD, "/tmp/playwright_chromiumdev_profile-56xg4l/Default/shared_proto_db/CURRENT", O_RDONLY <unfinished ...>
10856 recvmsg(5, {msg_name=NULL, msg_namelen=0, msg_iov=[{iov_base="\20\0\0\0p\0\0\0\3235/z\0\0\0\0\30\0\24\0\0\0\0\0>\0\0\0\0\0\0\0\0\0\0\0\0\0\0\0H\0\0\0\0\0\0\0\23\0\0\0\0\0\0\0\1\0\0\0\0\0\0\0\0\0\0\0\1\0\0\0\0\0\0\0\0\0\0\0\0~\1\0\0\1\0\0\0\0\0\0\0\0\0\0\0\0\0\0\0\0\0\0\0\0\0\0\0\0\0\0", iov_len=4096}], msg_iovlen=1, msg_controllen=0, msg_flags=0}, MSG_DONTWAIT) = 112
10808 <... openat resumed>)             = 90
10856 socket(AF_INET, SOCK_DGRAM, IPPROTO_IP) = 19
10856 bind(19, {sa_family=AF_INET, sin_port=htons(21146), sin_addr=inet_addr("0.0.0.0")}, 16) = 0
10856 connect(19, {sa_family=AF_INET, sin_port=htons(53), sin_addr=inet_addr("127.0.0.53")}, 16) = 0
10856 getsockname(19, {sa_family=AF_INET, sin_port=htons(21146), sin_addr=inet_addr("127.0.0.1")}, [128 => 16]) = 0
10856 sendto(19, "L\224\1\0\0\1\0\0\0\0\0\0\nredirector\4gvt1\3com\0\0A\0\1", 37, 0, NULL, 0 <unfinished ...>
10808 openat(AT_FDCWD, "/tmp/playwright_chromiumdev_profile-56xg4l/Default/shared_proto_db/MANIFEST-000001", O_RDONLY <unfinished ...>
10856 <... sendto resumed>)             = 37
10808 <... openat resumed>)             = 90
10856 recvmsg(19, {msg_namelen=128}, 0) = -1 ECONNREFUSED (Connection refused)
10856 socket(AF_INET, SOCK_DGRAM, IPPROTO_IP) = 20
10856 bind(20, {sa_family=AF_INET, sin_port=htons(55145), sin_addr=inet_addr("0.0.0.0")}, 16) = 0
10856 connect(20, {sa_family=AF_INET, sin_port=htons(53), sin_addr=inet_addr("127.0.0.53")}, 16) = 0
10856 getsockname(20, {sa_family=AF_INET, sin_port=htons(55145), sin_addr=inet_addr("127.0.0.1")}, [128 => 16]) = 0
10808 openat(AT_FDCWD, "/tmp/playwright_chromiumdev_profile-56xg4l/Default/shared_proto_db/MANIFEST-000001", O_WRONLY|O_APPEND <unfinished ...>
10856 sendto(20, "h\343\1\0\0\1\0\0\0\0\0\0\nredirector\4gvt1\3com\0\0A\0\1", 37, 0, NULL, 0 <unfinished ...>
10808 <... openat resumed>)             = 90
10856 <... sendto resumed>)             = 37
10856 recvmsg(20, {msg_namelen=128}, 0) = -1 ECONNREFUSED (Connection refused)
10856 socket(AF_INET, SOCK_DGRAM, IPPROTO_IP) = 21
10856 bind(21, {sa_family=AF_INET, sin_port=htons(52123), sin_addr=inet_addr("0.0.0.0")}, 16) = 0
10856 connect(21, {sa_family=AF_INET, sin_port=htons(53), sin_addr=inet_addr("127.0.0.53")}, 16) = 0
10856 getsockname(21, {sa_family=AF_INET, sin_port=htons(52123), sin_addr=inet_addr("127.0.0.1")}, [128 => 16]) = 0
10856 sendto(21, "\274\220\1\0\0\1\0\0\0\0\0\0\nredirector\4gvt1\3com\0\0\1\0\1", 37, 0, NULL, 0 <unfinished ...>
10808 openat(AT_FDCWD, "/tmp/playwright_chromiumdev_profile-56xg4l/Default/shared_proto_db", O_RDONLY|O_NONBLOCK|O_CLOEXEC|O_DIRECTORY <unfinished ...>
10856 <... sendto resumed>)             = 37
10808 <... openat resumed>)             = 91
10856 recvmsg(21, {msg_namelen=128}, 0) = -1 ECONNREFUSED (Connection refused)
10856 socket(AF_INET, SOCK_DGRAM, IPPROTO_IP) = 26
10856 bind(26, {sa_family=AF_INET, sin_port=htons(53212), sin_addr=inet_addr("0.0.0.0")}, 16 <unfinished ...>
10788 openat(AT_FDCWD, "/tmp/.com.google.Chrome.0kOPSq", O_RDWR|O_CREAT|O_EXCL, 0600 <unfinished ...>
10856 <... bind resumed>)               = 0
10856 connect(26, {sa_family=AF_INET, sin_port=htons(53), sin_addr=inet_addr("127.0.0.53")}, 16 <unfinished ...>
10788 <... openat resumed>)             = 92
10856 <... connect resumed>)            = 0
10788 openat(AT_FDCWD, "/tmp/.com.google.Chrome.0kOPSq", O_RDONLY <unfinished ...>
10856 getsockname(26, {sa_family=AF_INET, sin_port=htons(53212), sin_addr=inet_addr("127.0.0.1")}, [128 => 16]) = 0
10788 <... openat resumed>)             = 93
10856 sendto(26, "\236\354\1\0\0\1\0\0\0\0\0\0\nredirector\4gvt1\3com\0\0\1\0\1", 37, 0, NULL, 0) = 37
10856 recvmsg(26, {msg_namelen=128}, 0) = -1 ECONNREFUSED (Connection refused)
10808 openat(AT_FDCWD, "/tmp/playwright_chromiumdev_profile-56xg4l/Default/shared_proto_db", O_RDONLY|O_NONBLOCK|O_CLOEXEC|O_DIRECTORY) = 91
10856 sendto(5, "\20\0\0\0p\0\0\0\223A/z\0\0\0\0\30\0\24\0\0\0\0\0+\0\0\0\0\0\0\0\0\0\0\0\0\0\0\0H\0\0\0\0\0\0\0\23\0\0\0\0\0\0\0\2\0\0\0\0\0\0\0\0\0\0\0\1\0\0\0\0\0\0\0\0\0\0\0\0~\1\0\0\1\0\0\0\0\0\0\0\0\0\0\0\0\0\0\0\0\0\0\0\0\0\0\0\0\0\0", 112, MSG_NOSIGNAL, NULL, 0) = 112
10813 recvmsg(37, {msg_name=NULL, msg_namelen=0, msg_iov=[{iov_base="\20\0\0\0p\0\0\0\223A/z\0\0\0\0\30\0\24\0\0\0\0\0+\0\0\0\0\0\0\0\0\0\0\0\0\0\0\0H\0\0\0\0\0\0\0\23\0\0\0\0\0\0\0\2\0\0\0\0\0\0\0\0\0\0\0\1\0\0\0\0\0\0\0\0\0\0\0\0~\1\0\0\1\0\0\0\0\0\0\0\0\0\0\0\0\0\0\0\0\0\0\0\0\0\0\0\0\0\0", iov_len=4096}], msg_iovlen=1, msg_controllen=0, msg_flags=0}, MSG_DONTWAIT) = 112
10811 openat(AT_FDCWD, "/etc/hosts", O_RDONLY|O_CLOEXEC) = 91
10808 openat(AT_FDCWD, "/tmp/playwright_chromiumdev_profile-56xg4l/Default/shared_proto_db/000003.log", O_WRONLY|O_CREAT|O_TRUNC, 0600) = 50
10808 openat(AT_FDCWD, "/tmp/playwright_chromiumdev_profile-56xg4l/Default/shared_proto_db", O_RDONLY|O_NONBLOCK|O_CLOEXEC|O_DIRECTORY) = 91
10811 socket(AF_INET, SOCK_DGRAM|SOCK_CLOEXEC|SOCK_NONBLOCK, IPPROTO_IP) = 92
10811 setsockopt(92, SOL_IP, IP_RECVERR, [1], 4) = 0
10811 connect(92, {sa_family=AF_INET, sin_port=htons(53), sin_addr=inet_addr("127.0.0.53")}, 16) = 0
10811 sendto(92, "\372\32\1 \0\1\0\0\0\0\0\1\nredirector\4gvt1\3com\0\0\1\0\1\0\0)\4\260\0\0\0\0\0\0", 48, MSG_NOSIGNAL, NULL, 0) = 48
10811 socket(AF_INET, SOCK_DGRAM|SOCK_CLOEXEC|SOCK_NONBLOCK, IPPROTO_IP) = 92
10811 setsockopt(92, SOL_IP, IP_RECVERR, [1], 4) = 0
10811 connect(92, {sa_family=AF_INET, sin_port=htons(53), sin_addr=inet_addr("127.0.0.53")}, 16) = 0
10811 sendto(92, "\372\32\1 \0\1\0\0\0\0\0\1\nredirector\4gvt1\3com\0\0\1\0\1\0\0)\4\260\0\0\0\0\0\0", 48, MSG_NOSIGNAL, NULL, 0 <unfinished ...>
10808 openat(AT_FDCWD, "/tmp/playwright_chromiumdev_profile-56xg4l/Default/shared_proto_db", O_RDONLY|O_NONBLOCK|O_CLOEXEC|O_DIRECTORY <unfinished ...>
10811 <... sendto resumed>)             = 48
10808 <... openat resumed>)             = 91
10811 socket(AF_INET, SOCK_DGRAM|SOCK_CLOEXEC|SOCK_NONBLOCK, IPPROTO_IP) = 92
10811 setsockopt(92, SOL_IP, IP_RECVERR, [1], 4) = 0
10811 connect(92, {sa_family=AF_INET, sin_port=htons(53), sin_addr=inet_addr("127.0.0.53")}, 16) = 0
10811 sendto(92, "b]\1 \0\1\0\0\0\0\0\1\nredirector\4gvt1\3com\32xdy23aex2gdehfi5fo3ofqo3dg\2cx\10internal\10cloudapp\3net\0\0\1\0\1\0\0)\4\260\0\0\0\0\0\0", 100, MSG_NOSIGNAL, NULL, 0) = 100
10811 socket(AF_INET, SOCK_DGRAM|SOCK_CLOEXEC|SOCK_NONBLOCK, IPPROTO_IP) = 92
10811 setsockopt(92, SOL_IP, IP_RECVERR, [1], 4) = 0
10811 connect(92, {sa_family=AF_INET, sin_port=htons(53), sin_addr=inet_addr("127.0.0.53")}, 16) = 0
10811 sendto(92, "b]\1 \0\1\0\0\0\0\0\1\nredirector\4gvt1\3com\32xdy23aex2gdehfi5fo3ofqo3dg\2cx\10internal\10cloudapp\3net\0\0\1\0\1\0\0)\4\260\0\0\0\0\0\0", 100, MSG_NOSIGNAL, NULL, 0) = 100
10812 sendto(37, "\20\0\0\0p\0\0\0\261O/z\0\0\0\0\30\0\24\0\0\0\0\0?\0\0\0\0\0\0\0\0\0\0\0\0\0\0\0H\0\0\0\0\0\0\0\23\0\0\0\0\0\0\0\2\0\0\0\0\0\0\0\0\0\0\0\1\0\0\0\0\0\0\0\0\0\0\0\0~\1\0\0\1\0\0\0\0\0\0\0\0\0\0\0\0\0\0\0\0\0\0\0\0\0\0\0\0\0\0", 112, MSG_NOSIGNAL, NULL, 0) = 112
10856 recvmsg(5, {msg_name=NULL, msg_namelen=0, msg_iov=[{iov_base="\20\0\0\0p\0\0\0\261O/z\0\0\0\0\30\0\24\0\0\0\0\0?\0\0\0\0\0\0\0\0\0\0\0\0\0\0\0H\0\0\0\0\0\0\0\23\0\0\0\0\0\0\0\2\0\0\0\0\0\0\0\0\0\0\0\1\0\0\0\0\0\0\0\0\0\0\0\0~\1\0\0\1\0\0\0\0\0\0\0\0\0\0\0\0\0\0\0\0\0\0\0\0\0\0\0\0\0\0", iov_len=4096}], msg_iovlen=1, msg_controllen=0, msg_flags=0}, MSG_DONTWAIT) = 112
10856 sendto(5, "\20\0\0\0p\0\0\0\232Q/z\0\0\0\0\30\0\24\0\0\0\0\0,\0\0\0\0\0\0\0\0\0\0\0\0\0\0\0H\0\0\0\0\0\0\0\210\0\0\0\0\0\0\0\0\0\0\0\0\0\0\0\0\0\0\0\1\0\0\0\0\0\0\0\0\0\0\0\0~\1\0\0\1\0\0\0\0\0\0\0\0\0\0\0\0\0\0\0\0\0\0\0\0\0\0\0\0\0\0", 112, MSG_NOSIGNAL, NULL, 0) = 112
10856 sendto(5, "\20\0\0\0@\0\0\0\372Q/z\0\0\0\0\30\0\26\0\0\0\0\0-\0\0\0\0\0\0\0\0\0\0\0\0\0\0\0\30\0\0\0\0\0\0\0\210\0\0\0\0\0\0\0\1\0\0\0\0\0\0\0", 64, MSG_NOSIGNAL, NULL, 0 <unfinished ...>
10813 recvmsg(37,  <unfinished ...>
10856 <... sendto resumed>)             = 64
10813 <... recvmsg resumed>{msg_name=NULL, msg_namelen=0, msg_iov=[{iov_base="\20\0\0\0p\0\0\0\232Q/z\0\0\0\0\30\0\24\0\0\0\0\0,\0\0\0\0\0\0\0\0\0\0\0\0\0\0\0H\0\0\0\0\0\0\0\210\0\0\0\0\0\0\0\0\0\0\0\0\0\0\0\0\0\0\0\1\0\0\0\0\0\0\0\0\0\0\0\0~\1\0\0\1\0\0\0\0\0\0\0\0\0\0\0\0\0\0\0\0\0\0\0\0\0\0\0\0\0\0\20\0\0\0@\0\0\0\372Q/z\0\0\0\0\30\0\26\0\0\0\0\0-\0\0\0\0\0\0\0\0\0\0\0\0\0\0\0\30\0\0\0\0\0\0\0\210\0\0\0\0\0\0\0\1\0\0\0\0\0\0\0", iov_len=4096}], msg_iovlen=1, msg_controllen=0, msg_flags=0}, MSG_DONTWAIT) = 176
10856 sendto(5, "\20\0\0\0@\0\0\0UR/z\0\0\0\0\30\0\26\0\0\0\0\0.\0\0\0\0\0\0\0\0\0\0\0\0\0\0\0\30\0\0\0\0\0\0\0\206\0\0\0\0\0\0\0\0\0\0\0\0\0\0\0", 64, MSG_NOSIGNAL, NULL, 0) = 64
10813 recvmsg(37, {msg_name=NULL, msg_namelen=0, msg_iov=[{iov_base="\20\0\0\0@\0\0\0UR/z\0\0\0\0\30\0\26\0\0\0\0\0.\0\0\0\0\0\0\0\0\0\0\0\0\0\0\0\30\0\0\0\0\0\0\0\206\0\0\0\0\0\0\0\0\0\0\0\0\0\0\0", iov_len=4096}], msg_iovlen=1, msg_controllen=0, msg_flags=0}, MSG_DONTWAIT) = 64
10855 openat(AT_FDCWD, "/tmp/playwright_chromiumdev_profile-56xg4l/Default/Reporting and NEL", O_RDWR|O_CREAT|O_NOFOLLOW|O_CLOEXEC, 0600) = 19
10855 openat(AT_FDCWD, "/tmp/playwright_chromiumdev_profile-56xg4l/Default/Reporting and NEL-journal", O_RDWR|O_CREAT|O_NOFOLLOW|O_CLOEXEC, 0600 <unfinished ...>
10788 sendto(37, "\20\0\0\0H\1\0\0E\\/z\0\0\0\0\30\0\24\0\0\0\0\0@\0\0\0\0\0\0\0\0\0\0\0\0\0\0\0H\0\0\0\0\0\0\0\202\0\0\0\0\0\0\0\1\0\0\0\0\0\0\0\0\0\0\0\1\0\0\0\0\0\0\0\0\0\0\0\0\230\1\0\0\4\0\0\0\0\0\0`\0\0\0p\0\0\0\0\0\0\0\0\0\0\0\0\0\0\0\20\0\0\0\2\0\0\0\0\0\0\0\0\0\0\0\310\0\0\0\2\0\0\0\0\0\0\0\0\0\0\0\212\0\0\0\0\0\0\0\0\0\0\0\0\0\0\0\200\22\0\0@\0\0\0\213\0\0\0\0\0\0\0\0\0\0\0\0\0\0\0\0\0\0\0\0\0\0\0\0\0\0\0\0\0\0\0\2\0\0\0\0\0\0\0\0\0\0\0\0\0\0\0\0\0\0\0\0\0\0\0\0\0\0\0\0\0\0\0\0\0\0\0\0\0\0\0\214\0\0\0\0\0\0\0\0\0\0\0\0\0\0\0"..., 328, MSG_NOSIGNAL, NULL, 0 <unfinished ...>
10855 <... openat resumed>)             = 18
10788 <... sendto resumed>)             = 328
10856 recvmsg(5, {msg_name=NULL, msg_namelen=0, msg_iov=[{iov_base="\20\0\0\0H\1\0\0E\\/z\0\0\0\0\30\0\24\0\0\0\0\0@\0\0\0\0\0\0\0\0\0\0\0\0\0\0\0H\0\0\0\0\0\0\0\202\0\0\0\0\0\0\0\1\0\0\0\0\0\0\0\0\0\0\0\1\0\0\0\0\0\0\0\0\0\0\0\0\230\1\0\0\4\0\0\0\0\0\0`\0\0\0p\0\0\0\0\0\0\0\0\0\0\0\0\0\0\0\20\0\0\0\2\0\0\0\0\0\0\0\0\0\0\0\310\0\0\0\2\0\0\0\0\0\0\0\0\0\0\0\212\0\0\0\0\0\0\0\0\0\0\0\0\0\0\0\200\22\0\0@\0\0\0\213\0\0\0\0\0\0\0\0\0\0\0\0\0\0\0\0\0\0\0\0\0\0\0\0\0\0\0\0\0\0\0\2\0\0\0\0\0\0\0\0\0\0\0\0\0\0\0\0\0\0\0\0\0\0\0\0\0\0\0\0\0\0\0\0\0\0\0\0\0\0\0\214\0\0\0\0\0\0\0\0\0\0\0\0\0\0\0"..., iov_len=4096}], msg_iovlen=1, msg_controllen=0, msg_flags=0}, MSG_DONTWAIT) = 328
10856 sendto(5, "\20\0\0\0p\0\0\0\361^/z\0\0\0\0\30\0\24\0\0\0\0\0/\0\0\0\0\0\0\0\0\0\0\0\0\0\0\0H\0\0\0\0\0\0\0l\0\0\0\0\0\0\0\0\0\0\0\0\0\0\0\0\0\0\0\1\0\0\0\0\0\0\0\0\0\0\0\0x\1\0\0\1\0\0\0\0\0\0\0\0\0\0\0\0\0\0\0\0\0\0\0\0\0\0\0\0\0\0", 112, MSG_NOSIGNAL, NULL, 0) = 112
10813 recvmsg(37, {msg_name=NULL, msg_namelen=0, msg_iov=[{iov_base="\20\0\0\0p\0\0\0\361^/z\0\0\0\0\30\0\24\0\0\0\0\0/\0\0\0\0\0\0\0\0\0\0\0\0\0\0\0H\0\0\0\0\0\0\0l\0\0\0\0\0\0\0\0\0\0\0\0\0\0\0\0\0\0\0\1\0\0\0\0\0\0\0\0\0\0\0\0x\1\0\0\1\0\0\0\0\0\0\0\0\0\0\0\0\0\0\0\0\0\0\0\0\0\0\0\0\0\0", iov_len=4096}], msg_iovlen=1, msg_controllen=0, msg_flags=0}, MSG_DONTWAIT) = 112
10788 sendto(37, "\20\0\0\0@\3\0\0\374_/z\0\0\0\0\30\0\24\0\0\0\0\0A\0\0\0\0\0\0\0\0\0\0\0\0\0\0\0H\0\0\0\0\0\0\0\17\0\0\0\0\0\0\0\24\0\0\0\0\0\0\0\0\0\0\0\1\0\0\0\0\0\0\0\0\0\0\0\0\320\1\0\0\20\0\0\0\0\0\0`\0\0\0\210\0\0\0\0\0\0\0\0\0\0\0\0\0\0\0(\0\0\0\7\0\0\0\0\0\0\0\0\0\0\0\0\0\0\0\0\0\0\0\0\0\0\0\0\0\0\0\0\0\0\0\0\0\0\0\250\2\0\0\7\0\0\0\0\0\0\0\0\0\0\0\216\0\0\0\0\0\0\0\0\0\0\0\0\0\0\0@\f\0\0@\0\0\0\217\0\0\0\0\0\0\0\0\0\0\0\0\0\0\0\0\0\0\0\0\0\0\0\2\0\0\0\0\0\0\0\2\0\0\0\0\0\0\0\0\0\0\0\0\0\0\0\0\0\0\0\0\0\0\0\0\0\0\0\0\0\0\0"..., 832, MSG_NOSIGNAL, NULL, 0) = 832
10788 sendto(37, "\20\0\0\08\1\0\0\207`/z\0\0\0\0\30\0\24\0\0\0\0\0B\0\0\0\0\0\0\0\0\0\0\0\0\0\0\0H\0\0\0\0\0\0\0\217\0\0\0\0\0\0\0\0\0\0\0\0\0\0\0\0\0\0\0\1\0\0\0\377\377\377\377\377\377\377\377\0\0\0\0\0\0\0\0`\0\0\0\260\0\0\0\300\0\0\0\0\0\0\0\0\0\0\0\0\0\0\0P\0\0\0H\0\0\08\0\0\0\3\0\0\0\0\0\0\0\336\10\367d\0\0\0\0\336P0^\0\0\0\0\0\0\0\0\30\0\0\0\0\0\0\0\0\0\0\0\0\0\0\0\0\0\0\0\0\0\0\0\20\0\0\0\0\0\0\0\0\0\0\0\0\0\0\0\20\0\0\0\1\0\0\0\0\0\0\0\0\0\0\0h\0\0\0\1\0\0\0\0\0\0\0\0\0\0\0\234\0\0\0\0\0\0\0\0\0\0\0\0\0\0\0@\24\0\0@\0\0\0\235\0\0\0\0\0\0\0"..., 312, MSG_NOSIGNAL, NULL, 0 <unfinished ...>
10856 recvmsg(5,  <unfinished ...>
10855 openat(AT_FDCWD, "/tmp/playwright_chromiumdev_profile-56xg4l/Default", O_RDONLY|O_CLOEXEC <unfinished ...>
10788 <... sendto resumed>)             = 312
10856 <... recvmsg resumed>{msg_name=NULL, msg_namelen=0, msg_iov=[{iov_base="\20\0\0\0@\3\0\0\374_/z\0\0\0\0\30\0\24\0\0\0\0\0A\0\0\0\0\0\0\0\0\0\0\0\0\0\0\0H\0\0\0\0\0\0\0\17\0\0\0\0\0\0\0\24\0\0\0\0\0\0\0\0\0\0\0\1\0\0\0\0\0\0\0\0\0\0\0\0\320\1\0\0\20\0\0\0\0\0\0`\0\0\0\210\0\0\0\0\0\0\0\0\0\0\0\0\0\0\0(\0\0\0\7\0\0\0\0\0\0\0\0\0\0\0\0\0\0\0\0\0\0\0\0\0\0\0\0\0\0\0\0\0\0\0\0\0\0\0\250\2\0\0\7\0\0\0\0\0\0\0\0\0\0\0\216\0\0\0\0\0\0\0\0\0\0\0\0\0\0\0@\f\0\0@\0\0\0\217\0\0\0\0\0\0\0\0\0\0\0\0\0\0\0\0\0\0\0\0\0\0\0\2\0\0\0\0\0\0\0\2\0\0\0\0\0\0\0\0\0\0\0\0\0\0\0\0\0\0\0\0\0\0\0\0\0\0\0\0\0\0\0"..., iov_len=4096}], msg_iovlen=1, msg_controllen=0, msg_flags=0}, MSG_DONTWAIT) = 1144
10855 <... openat resumed>)             = 20
10788 sendto(37, "\20\0\0\0\330\2\0\0\7a/z\0\0\0\0\30\0\24\0\0\0\0\0C\0\0\0\0\0\0\0\0\0\0\0\0\0\0\0H\0\0\0\0\0\0\0\217\0\0\0\0\0\0\0\1\0\0\0\0\0\0\0\0\0\0\0\1\0\0\0\377\377\377\377\377\377\377\377\0\0\0\0\0\0\0\0`\0\0\0P\2\0\0`\2\0\0\0\0\0\0\0\0\0\0\0\0\0\0\360\1\0\0\350\1\0\08\0\0\0\3\0\0\0\0\0\0\0\253\27\217e\0\0\0\0\337P0^\0\0\0\0\0\0\0\0\30\0\0\0\0\0\0\0\0\0\0\0\0\0\0\0\0\0\0\0\0\0\0\0\30\0\0\0\0\0\0\0\0\0\0\0\0\0\0\0\10\0\0\0\0\0\0\0\270\0\0\0\0\0\0\0\20\0\0\0\0\0\0\0\250\0\0\0\0\0\0\0\0\0\0\0\0\0\0\0\"\0\0\0\377\377\377\377\0\0\0\0\1\0\0\0\220\0\0\0\0\0\0\0"..., 728, MSG_NOSIGNAL, NULL, 0) = 728
10788 sendto(37, "\20\0\0\0 \5\0\0}a/z\0\0\0\0\30\0\24\0\0\0\0\0D\0\0\0\0\0\0\0\0\0\0\0\0\0\0\0H\0\0\0\0\0\0\0\237\0\0\0\0\0\0\0\0\0\0\0\0\0\0\0\0\0\0\0\1\0\0\0\377\377\377\377\377\377\377\377\0\0\0\0\0\0\0\0`\0\0\08\4\0\0H\4\0\0\0\0\0\0\0\0\0\0\0\0\0\0\330\3\0\0\320\3\0\08\0\0\0\3\0\0\0\0\0\0\0I\0E&\0\0\0\0\330P0^\0\0\0\0\0\0\0\0\30\0\0\0\0\0\0\0\0\0\0\0\0\0\0\0\0\0\0\0\0\0\0\0000\0\0\0\0\0\0\0\0\0\0\0\0\0\0\0\0\0\0\0\0\0\0\0\30\0\0\0\0\0\0\0\1\0\0\0\0\0\0\0`\3\0\0\0\0\0\0 \1\0\0\0\0\0\0\30\1\0\0\0\0\0\0 \1\0\0\0\0\0\0\240\1\0\0\0\0\0\0"..., 1312, MSG_NOSIGNAL, NULL, 0) = 1312
10856 sendto(5, "\20\0\0\0H\1\0\0\244a/z\0\0\0\0\30\0\24\0\0\0\0\0000\0\0\0\0\0\0\0\0\0\0\0\0\0\0\0H\0\0\0\0\0\0\0\230\0\0\0\0\0\0\0\0\0\0\0\0\0\0\0\0\0\0\0\1\0\0\0\0\0\0\0\0\0\0\0\0}\1\0\0\1\0\0\0\0\0\0`\0\0\0p\0\0\0\0\0\0\0\0\0\0\0\0\0\0\0\20\0\0\0\2\0\0\0\0\0\0\0\0\0\0\0\310\0\0\0\2\0\0\0\0\0\0\0\0\0\0\0\244\0\0\0\0\0\0\0\0\0\0\0\0\0\0\0@\25\0\0@\0\0\0\245\0\0\0\0\0\0\0\0\0\0\0\0\0\0\0\0\0\0\0\0\0\0\0\0\0\0\0\0\0\0\0\2\0\0\0\0\0\0\0\0\0\0\0\0\0\0\0\0\0\0\0\0\0\0\0\0\0\0\0\0\0\0\0\0\0\0\0\0\0\0\0\246\0\0\0\0\0\0\0\0\0\0\0\0\0\0\0"..., 328, MSG_NOSIGNAL, NULL, 0) = 328
10813 recvmsg(37, {msg_name=NULL, msg_namelen=0, msg_iov=[{iov_base="\20\0\0\0H\1\0\0\244a/z\0\0\0\0\30\0\24\0\0\0\0\0000\0\0\0\0\0\0\0\0\0\0\0\0\0\0\0H\0\0\0\0\0\0\0\230\0\0\0\0\0\0\0\0\0\0\0\0\0\0\0\0\0\0\0\1\0\0\0\0\0\0\0\0\0\0\0\0}\1\0\0\1\0\0\0\0\0\0`\0\0\0p\0\0\0\0\0\0\0\0\0\0\0\0\0\0\0\20\0\0\0\2\0\0\0\0\0\0\0\0\0\0\0\310\0\0\0\2\0\0\0\0\0\0\0\0\0\0\0\244\0\0\0\0\0\0\0\0\0\0\0\0\0\0\0@\25\0\0@\0\0\0\245\0\0\0\0\0\0\0\0\0\0\0\0\0\0\0\0\0\0\0\0\0\0\0\0\0\0\0\0\0\0\0\2\0\0\0\0\0\0\0\0\0\0\0\0\0\0\0\0\0\0\0\0\0\0\0\0\0\0\0\0\0\0\0\0\0\0\0\0\0\0\0\246\0\0\0\0\0\0\0\0\0\0\0\0\0\0\0"..., iov_len=4096}], msg_iovlen=1, msg_controllen=0, msg_flags=0}, MSG_DONTWAIT) = 328
10788 sendto(45, "\20\0\0\0@\0\0\0\327b/z\0\0\0\0\30\0\26\0\0\0\0\0000\0\0\0\0\0\0\0\0\0\0\0\0\0\0\0\30\0\0\0\0\0\0\0\35\0\0\0\0\0\0\0\0\0\0\0\0\0\0\0", 64, MSG_NOSIGNAL, NULL, 0) = 64
10788 sendto(45, "\20\0\0\0@\0\0\0ac/z\0\0\0\0\30\0\26\0\0\0\0\0001\0\0\0\0\0\0\0\0\0\0\0\0\0\0\0\30\0\0\0\0\0\0\0(\0\0\0\0\0\0\0\0\0\0\0\0\0\0\0", 64, MSG_NOSIGNAL, NULL, 0 <unfinished ...>
10846 recvmsg(14,  <unfinished ...>
10788 <... sendto resumed>)             = 64
10846 <... recvmsg resumed>{msg_name=NULL, msg_namelen=0, msg_iov=[{iov_base="\20\0\0\0@\0\0\0\327b/z\0\0\0\0\30\0\26\0\0\0\0\0000\0\0\0\0\0\0\0\0\0\0\0\0\0\0\0\30\0\0\0\0\0\0\0\35\0\0\0\0\0\0\0\0\0\0\0\0\0\0\0\20\0\0\0@\0\0\0ac/z\0\0\0\0\30\0\26\0\0\0\0\0001\0\0\0\0\0\0\0\0\0\0\0\0\0\0\0\30\0\0\0\0\0\0\0(\0\0\0\0\0\0\0\0\0\0\0\0\0\0\0", iov_len=4096}], msg_iovlen=1, msg_controllen=0, msg_flags=0}, MSG_DONTWAIT) = 128
10856 sendto(5, "\20\0\0\0p\0\0\0\20d/z\0\0\0\0\30\0\24\0\0\0\0\0001\0\0\0\0\0\0\0\0\0\0\0\0\0\0\0H\0\0\0\0\0\0\0\230\0\0\0\0\0\0\0\1\0\0\0\0\0\0\0\0\0\0\0\1\0\0\0\0\0\0\0\0\0\0\0\0{\1\0\0\1\0\0\0\0\0\0\0\0\0\0\0\0\0\0\0\0\0\0\0\0\0\0\0\0\0\0", 112, MSG_NOSIGNAL, NULL, 0) = 112
10813 recvmsg(37, {msg_name=NULL, msg_namelen=0, msg_iov=[{iov_base="\20\0\0\0p\0\0\0\20d/z\0\0\0\0\30\0\24\0\0\0\0\0001\0\0\0\0\0\0\0\0\0\0\0\0\0\0\0H\0\0\0\0\0\0\0\230\0\0\0\0\0\0\0\1\0\0\0\0\0\0\0\0\0\0\0\1\0\0\0\0\0\0\0\0\0\0\0\0{\1\0\0\1\0\0\0\0\0\0\0\0\0\0\0\0\0\0\0\0\0\0\0\0\0\0\0\0\0\0", iov_len=4096}], msg_iovlen=1, msg_controllen=0, msg_flags=0}, MSG_DONTWAIT) = 112
10856 recvmsg(5, {msg_name=NULL, msg_namelen=0, msg_iov=[{iov_base="\20\0\0\0\330\2\0\0\7a/z\0\0\0\0\30\0\24\0\0\0\0\0C\0\0\0\0\0\0\0\0\0\0\0\0\0\0\0H\0\0\0\0\0\0\0\217\0\0\0\0\0\0\0\1\0\0\0\0\0\0\0\0\0\0\0\1\0\0\0\377\377\377\377\377\377\377\377\0\0\0\0\0\0\0\0`\0\0\0P\2\0\0`\2\0\0\0\0\0\0\0\0\0\0\0\0\0\0\360\1\0\0\350\1\0\08\0\0\0\3\0\0\0\0\0\0\0\253\27\217e\0\0\0\0\337P0^\0\0\0\0\0\0\0\0\30\0\0\0\0\0\0\0\0\0\0\0\0\0\0\0\0\0\0\0\0\0\0\0\30\0\0\0\0\0\0\0\0\0\0\0\0\0\0\0\10\0\0\0\0\0\0\0\270\0\0\0\0\0\0\0\20\0\0\0\0\0\0\0\250\0\0\0\0\0\0\0\0\0\0\0\0\0\0\0\"\0\0\0\377\377\377\377\0\0\0\0\1\0\0\0\220\0\0\0\0\0\0\0"..., iov_len=4096}], msg_iovlen=1, msg_controllen=0, msg_flags=0}, MSG_DONTWAIT) = 2040
10788 sendto(37, "\20\0\0\0@\0\0\0\207g/z\0\0\0\0\30\0\26\0\0\0\0\0E\0\0\0\0\0\0\0\0\0\0\0\0\0\0\0\30\0\0\0\0\0\0\0-\0\0\0\0\0\0\0\0\0\0\0\0\0\0\0", 64, MSG_NOSIGNAL, NULL, 0) = 64
10788 sendto(37, "\20\0\0\0@\0\0\0\353g/z\0\0\0\0\30\0\26\0\0\0\0\0F\0\0\0\0\0\0\0\0\0\0\0\0\0\0\0\30\0\0\0\0\0\0\08\0\0\0\0\0\0\0\0\0\0\0\0\0\0\0", 64, MSG_NOSIGNAL, NULL, 0) = 64
10856 socket(AF_INET, SOCK_DGRAM, IPPROTO_IP) = 18
10856 bind(18, {sa_family=AF_INET, sin_port=htons(46972), sin_addr=inet_addr("0.0.0.0")}, 16) = 0
10856 connect(18, {sa_family=AF_INET, sin_port=htons(53), sin_addr=inet_addr("127.0.0.53")}, 16) = 0
10856 getsockname(18, {sa_family=AF_INET, sin_port=htons(46972), sin_addr=inet_addr("127.0.0.1")}, [128 => 16]) = 0
10856 sendto(18, "\373I\1\0\0\1\0\0\0\0\0\0\3www\7gstatic\3com\0\0A\0\1", 33, 0, NULL, 0) = 33
10856 recvmsg(18, {msg_namelen=128}, 0) = -1 ECONNREFUSED (Connection refused)
10856 socket(AF_INET, SOCK_DGRAM, IPPROTO_IP) = 20
10856 bind(20, {sa_family=AF_INET, sin_port=htons(13105), sin_addr=inet_addr("0.0.0.0")}, 16) = 0
10856 connect(20, {sa_family=AF_INET, sin_port=htons(53), sin_addr=inet_addr("127.0.0.53")}, 16) = 0
10856 getsockname(20, {sa_family=AF_INET, sin_port=htons(13105), sin_addr=inet_addr("127.0.0.1")}, [128 => 16]) = 0
10856 sendto(20, "y}\1\0\0\1\0\0\0\0\0\0\3www\7gstatic\3com\0\0A\0\1", 33, 0, NULL, 0) = 33
10856 recvmsg(20, {msg_namelen=128}, 0) = -1 ECONNREFUSED (Connection refused)
10788 openat(AT_FDCWD, "/tmp/.com.google.Chrome.EAh480", O_RDWR|O_CREAT|O_EXCL, 0600) = 92
10788 openat(AT_FDCWD, "/tmp/.com.google.Chrome.EAh480", O_RDONLY) = 94
10856 socket(AF_INET, SOCK_DGRAM, IPPROTO_IP) = 21
10856 bind(21, {sa_family=AF_INET, sin_port=htons(65052), sin_addr=inet_addr("0.0.0.0")}, 16) = 0
10856 connect(21, {sa_family=AF_INET, sin_port=htons(53), sin_addr=inet_addr("127.0.0.53")}, 16) = 0
10856 getsockname(21, {sa_family=AF_INET, sin_port=htons(65052), sin_addr=inet_addr("127.0.0.1")}, [128 => 16]) = 0
10856 sendto(21, "SN\1\0\0\1\0\0\0\0\0\0\3www\7gstatic\3com\0\0\1\0\1", 33, 0, NULL, 0) = 33
10856 recvmsg(21, {msg_namelen=128}, 0) = -1 ECONNREFUSED (Connection refused)
10856 socket(AF_INET, SOCK_DGRAM, IPPROTO_IP) = 26
10856 bind(26, {sa_family=AF_INET, sin_port=htons(13089), sin_addr=inet_addr("0.0.0.0")}, 16) = 0
10856 connect(26, {sa_family=AF_INET, sin_port=htons(53), sin_addr=inet_addr("127.0.0.53")}, 16) = 0
10856 getsockname(26, {sa_family=AF_INET, sin_port=htons(13089), sin_addr=inet_addr("127.0.0.1")}, [128 => 16]) = 0
10856 sendto(26, "\250%\1\0\0\1\0\0\0\0\0\0\3www\7gstatic\3com\0\0\1\0\1", 33, 0, NULL, 0) = 33
10788 sendmsg(36, {msg_name=NULL, msg_namelen=0, msg_iov=[{iov_base="\20\0\2\0\370\0\0\0\275s/z\0\0\0\0\30\0\24\0\0\0\0\0\33\0\0\0\0\0\0\0p\0\0\0\0\0\0\0H\0\0\0\0\0\0\0*\0\0\0\0\0\0\0\0\0\0\0\0\0\0\0\0\0\0\0\1\0\0\0\0\0\0\0\0\0\0\0\0{\1\0\0\1\0\0\0\0\0\0`\0\0\0\0\0\0\0\0\0\0\0\0\0\0\0\2\0\0\0\20\0\0\0\2\0\0\0\1\0\0\0\1\0\0\0\30\0\0\0\2\0\0\0\210\0\0\0\0\0\1\0\270\0\0\0\1\0\1\0000\0\0\0(\0\0\0\10\0\0\0\1\0\0\0 \0\0\0\10\0\0\0\0\0\0\0\0\0\0\0\245\352\3227\4\266\270~!\277q\233~\33\270@0\0\0\0(\0\0\0\10\0\0\0\1\0\0\0 \0\0\0\10\0\0\0\0\0\0\0\0\0\0\0\0376bX_fb\250\342\305\325\22\306\6\236~", iov_len=248}], msg_iovlen=1, msg_control=[{cmsg_len=24, cmsg_level=SOL_SOCKET, cmsg_type=SCM_RIGHTS, cmsg_data=[91, 92]}], msg_controllen=24, msg_flags=0}, MSG_NOSIGNAL <unfinished ...>
10856 recvmsg(26,  <unfinished ...>
10788 <... sendmsg resumed>)            = 248
10856 <... recvmsg resumed>{msg_namelen=128}, 0) = -1 ECONNREFUSED (Connection refused)
10836 recvmsg(14,  <unfinished ...>
10856 recvmsg(5, {msg_name=NULL, msg_namelen=0, msg_iov=[{iov_base="\20\0\0\0@\0\0\0\207g/z\0\0\0\0\30\0\26\0\0\0\0\0E\0\0\0\0\0\0\0\0\0\0\0\0\0\0\0\30\0\0\0\0\0\0\0-\0\0\0\0\0\0\0\0\0\0\0\0\0\0\0\20\0\0\0@\0\0\0\353g/z\0\0\0\0\30\0\26\0\0\0\0\0F\0\0\0\0\0\0\0\0\0\0\0\0\0\0\0\30\0\0\0\0\0\0\08\0\0\0\0\0\0\0\0\0\0\0\0\0\0\0", iov_len=4096}], msg_iovlen=1, msg_controllen=0, msg_flags=0}, MSG_DONTWAIT) = 128
10836 <... recvmsg resumed>{msg_name=NULL, msg_namelen=0, msg_iov=[{iov_base="\20\0\2\0\370\0\0\0\275s/z\0\0\0\0\30\0\24\0\0\0\0\0\33\0\0\0\0\0\0\0p\0\0\0\0\0\0\0H\0\0\0\0\0\0\0*\0\0\0\0\0\0\0\0\0\0\0\0\0\0\0\0\0\0\0\1\0\0\0\0\0\0\0\0\0\0\0\0{\1\0\0\1\0\0\0\0\0\0`\0\0\0\0\0\0\0\0\0\0\0\0\0\0\0\2\0\0\0\20\0\0\0\2\0\0\0\1\0\0\0\1\0\0\0\30\0\0\0\2\0\0\0\210\0\0\0\0\0\1\0\270\0\0\0\1\0\1\0000\0\0\0(\0\0\0\10\0\0\0\1\0\0\0 \0\0\0\10\0\0\0\0\0\0\0\0\0\0\0\245\352\3227\4\266\270~!\277q\233~\33\270@0\0\0\0(\0\0\0\10\0\0\0\1\0\0\0 \0\0\0\10\0\0\0\0\0\0\0\0\0\0\0\0376bX_fb\250\342\305\325\22\306\6\236~", iov_len=4096}], msg_iovlen=1, msg_control=[{cmsg_len=24, cmsg_level=SOL_SOCKET, cmsg_type=SCM_RIGHTS, cmsg_data=[26, 27]}], msg_controllen=24, msg_flags=0}, MSG_DONTWAIT) = 248
10855 openat(AT_FDCWD, "/tmp/playwright_chromiumdev_profile-56xg4l/Default/Reporting and NEL-journal", O_RDWR|O_CREAT|O_NOFOLLOW|O_CLOEXEC, 0600) = 20
10856 sendto(5, "\20\0\0\0p\0\0\0hw/z\0\0\0\0\30\0\24\0\0\0\0\0002\0\0\0\0\0\0\0\0\0\0\0\0\0\0\0H\0\0\0\0\0\0\0\23\0\0\0\0\0\0\0\3\0\0\0\0\0\0\0\0\0\0\0\1\0\0\0\0\0\0\0\0\0\0\0\0\177\1\0\0\1\0\0\0\0\0\0\0\0\0\0\0\0\0\0\0\0\0\0\0\0\0\0\0\0\0\0", 112, MSG_NOSIGNAL, NULL, 0) = 112
10813 recvmsg(37, {msg_name=NULL, msg_namelen=0, msg_iov=[{iov_base="\20\0\0\0p\0\0\0hw/z\0\0\0\0\30\0\24\0\0\0\0\0002\0\0\0\0\0\0\0\0\0\0\0\0\0\0\0H\0\0\0\0\0\0\0\23\0\0\0\0\0\0\0\3\0\0\0\0\0\0\0\0\0\0\0\1\0\0\0\0\0\0\0\0\0\0\0\0\177\1\0\0\1\0\0\0\0\0\0\0\0\0\0\0\0\0\0\0\0\0\0\0\0\0\0\0\0\0\0", iov_len=4096}], msg_iovlen=1, msg_controllen=0, msg_flags=0}, MSG_DONTWAIT) = 112
10821 openat(AT_FDCWD, "/proc/10824/task", O_RDONLY|O_DIRECTORY) = 91
10808 openat(AT_FDCWD, "/etc/hosts", O_RDONLY|O_CLOEXEC) = 92
10821 openat(AT_FDCWD, "/proc/10824/task/10824/status", O_RDONLY|O_CLOEXEC) = 91
10855 openat(AT_FDCWD, "/tmp/playwright_chromiumdev_profile-56xg4l/Default", O_RDONLY|O_CLOEXEC) = 18
10808 socket(AF_INET, SOCK_DGRAM|SOCK_CLOEXEC|SOCK_NONBLOCK, IPPROTO_IP) = 92
10808 setsockopt(92, SOL_IP, IP_RECVERR, [1], 4) = 0
10808 connect(92, {sa_family=AF_INET, sin_port=htons(53), sin_addr=inet_addr("127.0.0.53")}, 16 <unfinished ...>
10788 sendto(37, "\20\0\0\0p\0\0\0q~/z\0\0\0\0\30\0\24\0\0\0\0\0G\0\0\0\0\0\0\0\0\0\0\0\0\0\0\0H\0\0\0\0\0\0\0h\0\0\0\0\0\0\0\0\0\0\0\0\0\0\0\0\0\0\0\1\0\0\0\0\0\0\0\0\0\0\0\0y\1\0\0\1\0\0\0\0\0\0\0\0\0\0\0\0\0\0\0\0\0\0\0\0\0\0\0\0\0\0", 112, MSG_NOSIGNAL, NULL, 0 <unfinished ...>
10808 <... connect resumed>)            = 0
10788 <... sendto resumed>)             = 112
10856 recvmsg(5, {msg_name=NULL, msg_namelen=0, msg_iov=[{iov_base="\20\0\0\0p\0\0\0q~/z\0\0\0\0\30\0\24\0\0\0\0\0G\0\0\0\0\0\0\0\0\0\0\0\0\0\0\0H\0\0\0\0\0\0\0h\0\0\0\0\0\0\0\0\0\0\0\0\0\0\0\0\0\0\0\1\0\0\0\0\0\0\0\0\0\0\0\0y\1\0\0\1\0\0\0\0\0\0\0\0\0\0\0\0\0\0\0\0\0\0\0\0\0\0\0\0\0\0", iov_len=4096}], msg_iovlen=1, msg_controllen=0, msg_flags=0}, MSG_DONTWAIT) = 112
10808 sendto(92, "{\202\1 \0\1\0\0\0\0\0\1\3www\7gstatic\3com\0\0\1\0\1\0\0)\4\260\0\0\0\0\0\0", 44, MSG_NOSIGNAL, NULL, 0) = 44
10821 openat(AT_FDCWD, "/proc/10824/task", O_RDONLY|O_DIRECTORY <unfinished ...>
10808 socket(AF_INET, SOCK_DGRAM|SOCK_CLOEXEC|SOCK_NONBLOCK, IPPROTO_IP <unfinished ...>
10821 <... openat resumed>)             = 91
10808 <... socket resumed>)             = 92
10808 setsockopt(92, SOL_IP, IP_RECVERR, [1], 4) = 0
10808 connect(92, {sa_family=AF_INET, sin_port=htons(53), sin_addr=inet_addr("127.0.0.53")}, 16) = 0
10821 openat(AT_FDCWD, "/proc/10824/task/10824/status", O_RDONLY|O_CLOEXEC) = 91
10808 sendto(92, "{\202\1 \0\1\0\0\0\0\0\1\3www\7gstatic\3com\0\0\1\0\1\0\0)\4\260\0\0\0\0\0\0", 44, MSG_NOSIGNAL, NULL, 0) = 44
10808 socket(AF_INET, SOCK_DGRAM|SOCK_CLOEXEC|SOCK_NONBLOCK, IPPROTO_IP) = 92
10808 setsockopt(92, SOL_IP, IP_RECVERR, [1], 4) = 0
10821 openat(AT_FDCWD, "/proc/10824/task/10826/status", O_RDONLY|O_CLOEXEC <unfinished ...>
10808 connect(92, {sa_family=AF_INET, sin_port=htons(53), sin_addr=inet_addr("127.0.0.53")}, 16 <unfinished ...>
10821 <... openat resumed>)             = 91
10808 <... connect resumed>)            = 0
10808 sendto(92, "\376\353\1 \0\1\0\0\0\0\0\1\3www\7gstatic\3com\32xdy23aex2gdehfi5fo3ofqo3dg\2cx\10internal\10cloudapp\3net\0\0\1\0\1\0\0)\4\260\0\0\0\0\0\0", 96, MSG_NOSIGNAL, NULL, 0) = 96
10808 socket(AF_INET, SOCK_DGRAM|SOCK_CLOEXEC|SOCK_NONBLOCK, IPPROTO_IP <unfinished ...>
10821 openat(AT_FDCWD, "/proc/10824/task/10827/status", O_RDONLY|O_CLOEXEC <unfinished ...>
10808 <... socket resumed>)             = 91
10821 <... openat resumed>)             = 92
10808 setsockopt(91, SOL_IP, IP_RECVERR, [1], 4) = 0
10808 connect(91, {sa_family=AF_INET, sin_port=htons(53), sin_addr=inet_addr("127.0.0.53")}, 16) = 0
10808 sendto(91, "\376\353\1 \0\1\0\0\0\0\0\1\3www\7gstatic\3com\32xdy23aex2gdehfi5fo3ofqo3dg\2cx\10internal\10cloudapp\3net\0\0\1\0\1\0\0)\4\260\0\0\0\0\0\0", 96, MSG_NOSIGNAL, NULL, 0) = 96
10821 openat(AT_FDCWD, "/proc/10824/task/10828/status", O_RDONLY|O_CLOEXEC <unfinished ...>
10809 sendto(37, "\20\0\0\0p\0\0\0\347\210/z\0\0\0\0\30\0\24\0\0\0\0\0H\0\0\0\0\0\0\0\0\0\0\0\0\0\0\0H\0\0\0\0\0\0\0\23\0\0\0\0\0\0\0\3\0\0\0\0\0\0\0\0\0\0\0\1\0\0\0\0\0\0\0\0\0\0\0\0~\1\0\0\1\0\0\0\0\0\0\0\0\0\0\0\0\0\0\0\0\0\0\0\0\0\0\0\0\0\0", 112, MSG_NOSIGNAL, NULL, 0 <unfinished ...>
10821 <... openat resumed>)             = 91
10809 <... sendto resumed>)             = 112
10856 recvmsg(5, {msg_name=NULL, msg_namelen=0, msg_iov=[{iov_base="\20\0\0\0p\0\0\0\347\210/z\0\0\0\0\30\0\24\0\0\0\0\0H\0\0\0\0\0\0\0\0\0\0\0\0\0\0\0H\0\0\0\0\0\0\0\23\0\0\0\0\0\0\0\3\0\0\0\0\0\0\0\0\0\0\0\1\0\0\0\0\0\0\0\0\0\0\0\0~\1\0\0\1\0\0\0\0\0\0\0\0\0\0\0\0\0\0\0\0\0\0\0\0\0\0\0\0\0\0", iov_len=4096}], msg_iovlen=1, msg_controllen=0, msg_flags=0}, MSG_DONTWAIT) = 112
10856 socket(AF_INET, SOCK_DGRAM, IPPROTO_IP) = 18
10856 bind(18, {sa_family=AF_INET, sin_port=htons(54335), sin_addr=inet_addr("0.0.0.0")}, 16) = 0
10856 connect(18, {sa_family=AF_INET, sin_port=htons(53), sin_addr=inet_addr("127.0.0.53")}, 16) = 0
10821 openat(AT_FDCWD, "/proc/10824/task/10829/status", O_RDONLY|O_CLOEXEC <unfinished ...>
10856 getsockname(18, {sa_family=AF_INET, sin_port=htons(54335), sin_addr=inet_addr("127.0.0.1")}, [128 => 16]) = 0
10821 <... openat resumed>)             = 91
10856 sendto(18, "}r\1\0\0\1\0\0\0\0\0\0\3www\7gstatic\3com\0\0A\0\1", 33, 0, NULL, 0) = 33
10855 openat(AT_FDCWD, "/tmp/playwright_chromiumdev_profile-56xg4l/Default/Reporting and NEL-journal", O_RDWR|O_CREAT|O_NOFOLLOW|O_CLOEXEC, 0600 <unfinished ...>
10856 recvmsg(18,  <unfinished ...>
10855 <... openat resumed>)             = 20
10856 <... recvmsg resumed>{msg_namelen=128}, 0) = -1 ECONNREFUSED (Connection refused)
10856 socket(AF_INET, SOCK_DGRAM, IPPROTO_IP) = 21
10856 bind(21, {sa_family=AF_INET, sin_port=htons(32778), sin_addr=inet_addr("0.0.0.0")}, 16) = 0
10856 connect(21, {sa_family=AF_INET, sin_port=htons(53), sin_addr=inet_addr("127.0.0.53")}, 16) = 0
10856 getsockname(21, {sa_family=AF_INET, sin_port=htons(32778), sin_addr=inet_addr("127.0.0.1")}, [128 => 16]) = 0
10856 sendto(21, "\342P\1\0\0\1\0\0\0\0\0\0\3www\7gstatic\3com\0\0A\0\1", 33, 0, NULL, 0) = 33
10856 recvmsg(21, {msg_namelen=128}, 0) = -1 ECONNREFUSED (Connection refused)
10856 socket(AF_INET, SOCK_DGRAM, IPPROTO_IP) = 26
10856 bind(26, {sa_family=AF_INET, sin_port=htons(4889), sin_addr=inet_addr("0.0.0.0")}, 16 <unfinished ...>
10821 openat(AT_FDCWD, "/proc/10824/task/10830/status", O_RDONLY|O_CLOEXEC <unfinished ...>
10856 <... bind resumed>)               = 0
10856 connect(26, {sa_family=AF_INET, sin_port=htons(53), sin_addr=inet_addr("127.0.0.53")}, 16 <unfinished ...>
10821 <... openat resumed>)             = 91
10856 <... connect resumed>)            = 0
10856 getsockname(26,  <unfinished ...>
10855 openat(AT_FDCWD, "/tmp/playwright_chromiumdev_profile-56xg4l/Default", O_RDONLY|O_CLOEXEC <unfinished ...>
10856 <... getsockname resumed>{sa_family=AF_INET, sin_port=htons(4889), sin_addr=inet_addr("127.0.0.1")}, [128 => 16]) = 0
10855 <... openat resumed>)             = 27
10856 sendto(26, "\342\340\1\0\0\1\0\0\0\0\0\0\3www\7gstatic\3com\0\0\1\0\1", 33, 0, NULL, 0) = 33
10856 recvmsg(26, {msg_namelen=128}, 0) = -1 ECONNREFUSED (Connection refused)
10856 socket(AF_INET, SOCK_DGRAM, IPPROTO_IP) = 27
10856 bind(27, {sa_family=AF_INET, sin_port=htons(28951), sin_addr=inet_addr("0.0.0.0")}, 16) = 0
10856 connect(27, {sa_family=AF_INET, sin_port=htons(53), sin_addr=inet_addr("127.0.0.53")}, 16 <unfinished ...>
10821 openat(AT_FDCWD, "/proc/10824/task/10831/status", O_RDONLY|O_CLOEXEC <unfinished ...>
10856 <... connect resumed>)            = 0
10821 <... openat resumed>)             = 91
10856 getsockname(27, {sa_family=AF_INET, sin_port=htons(28951), sin_addr=inet_addr("127.0.0.1")}, [128 => 16]) = 0
10856 sendto(27, "f8\1\0\0\1\0\0\0\0\0\0\3www\7gstatic\3com\0\0\1\0\1", 33, 0, NULL, 0) = 33
10856 recvmsg(27, {msg_namelen=128}, 0) = -1 ECONNREFUSED (Connection refused)
10821 openat(AT_FDCWD, "/proc/10824/task/10832/status", O_RDONLY|O_CLOEXEC) = 91
10856 sendto(5, "\20\0\0\0p\0\0\0\226\227/z\0\0\0\0\30\0\24\0\0\0\0\0003\0\0\0\0\0\0\0\0\0\0\0\0\0\0\0H\0\0\0\0\0\0\0\23\0\0\0\0\0\0\0\4\0\0\0\0\0\0\0\0\0\0\0\1\0\0\0\0\0\0\0\0\0\0\0\0~\1\0\0\1\0\0\0\0\0\0\0\0\0\0\0\0\0\0\0\0\0\0\0\0\0\0\0\0\0\0", 112, MSG_NOSIGNAL, NULL, 0) = 112
10813 recvmsg(37, {msg_name=NULL, msg_namelen=0, msg_iov=[{iov_base="\20\0\0\0p\0\0\0\226\227/z\0\0\0\0\30\0\24\0\0\0\0\0003\0\0\0\0\0\0\0\0\0\0\0\0\0\0\0H\0\0\0\0\0\0\0\23\0\0\0\0\0\0\0\4\0\0\0\0\0\0\0\0\0\0\0\1\0\0\0\0\0\0\0\0\0\0\0\0~\1\0\0\1\0\0\0\0\0\0\0\0\0\0\0\0\0\0\0\0\0\0\0\0\0\0\0\0\0\0", iov_len=4096}], msg_iovlen=1, msg_controllen=0, msg_flags=0}, MSG_DONTWAIT) = 112
10821 openat(AT_FDCWD, "/proc/10824/task/10833/status", O_RDONLY|O_CLOEXEC) = 91
10808 openat(AT_FDCWD, "/etc/hosts", O_RDONLY|O_CLOEXEC) = 92
10788 openat(AT_FDCWD, "/tmp/.com.google.Chrome.IxO1UI", O_RDWR|O_CREAT|O_EXCL, 0600) = 95
10808 socket(AF_INET, SOCK_DGRAM|SOCK_CLOEXEC|SOCK_NONBLOCK, IPPROTO_IP) = 91
10808 setsockopt(91, SOL_IP, IP_RECVERR, [1], 4 <unfinished ...>
10821 openat(AT_FDCWD, "/proc/10824/task", O_RDONLY|O_DIRECTORY <unfinished ...>
10808 <... setsockopt resumed>)         = 0
10821 <... openat resumed>)             = 92
10808 connect(91, {sa_family=AF_INET, sin_port=htons(53), sin_addr=inet_addr("127.0.0.53")}, 16) = 0
10808 sendto(91, "\10I\1 \0\1\0\0\0\0\0\1\3www\7gstatic\3com\0\0\1\0\1\0\0)\4\260\0\0\0\0\0\0", 44, MSG_NOSIGNAL, NULL, 0 <unfinished ...>
10788 sendmsg(37, {msg_name=NULL, msg_namelen=0, msg_iov=[{iov_base="\20\0\1\0\300\0\0\0\215\236/z\0\0\0\0\30\0\24\0\0\0\0\0I\0\0\0\0\0\0\0p\0\0\0\0\0\0\0H\0\0\0\0\0\0\0l\0\0\0\0\0\0\0\0\0\0\0\0\0\0\0\0\0\0\0\1\0\0\0\0\0\0\0\0\0\0\0\0~\1\0\0\1\0\0\0\0\0\0`\0\0\0\0\0\0\0\0\0\0\0\0\0\0\0\1\0\0\0\20\0\0\0\1\0\0\0\1\0\0\0\0\0\0\0\20\0\0\0\1\0\0\0\200\0\0\0\0\0\1\0000\0\0\0(\0\0\0\10\0\0\0\1\0\0\0 \0\0\0\20\0\0\0\2\0\0\0\0\0\0\0\7\307\217_\t\262v\313\24\271\f\222\360\340\245\334", iov_len=192}], msg_iovlen=1, msg_control=[{cmsg_len=20, cmsg_level=SOL_SOCKET, cmsg_type=SCM_RIGHTS, cmsg_data=[95]}], msg_controllen=20, msg_flags=0}, MSG_NOSIGNAL <unfinished ...>
10808 <... sendto resumed>)             = 44
10821 openat(AT_FDCWD, "/proc/10824/task/10824/status", O_RDONLY|O_CLOEXEC <unfinished ...>
10788 <... sendmsg resumed>)            = 192
10856 recvmsg(5,  <unfinished ...>
10821 <... openat resumed>)             = 92
10856 <... recvmsg resumed>{msg_name=NULL, msg_namelen=0, msg_iov=[{iov_base="\20\0\1\0\300\0\0\0\215\236/z\0\0\0\0\30\0\24\0\0\0\0\0I\0\0\0\0\0\0\0p\0\0\0\0\0\0\0H\0\0\0\0\0\0\0l\0\0\0\0\0\0\0\0\0\0\0\0\0\0\0\0\0\0\0\1\0\0\0\0\0\0\0\0\0\0\0\0~\1\0\0\1\0\0\0\0\0\0`\0\0\0\0\0\0\0\0\0\0\0\0\0\0\0\1\0\0\0\20\0\0\0\1\0\0\0\1\0\0\0\0\0\0\0\20\0\0\0\1\0\0\0\200\0\0\0\0\0\1\0000\0\0\0(\0\0\0\10\0\0\0\1\0\0\0 \0\0\0\20\0\0\0\2\0\0\0\0\0\0\0\7\307\217_\t\262v\313\24\271\f\222\360\340\245\334", iov_len=4096}], msg_iovlen=1, msg_control=[{cmsg_len=20, cmsg_level=SOL_SOCKET, cmsg_type=SCM_RIGHTS, cmsg_data=[18]}], msg_controllen=24, msg_flags=0}, MSG_DONTWAIT) = 192
10808 socket(AF_INET, SOCK_DGRAM|SOCK_CLOEXEC|SOCK_NONBLOCK, IPPROTO_IP) = 91
10808 setsockopt(91, SOL_IP, IP_RECVERR, [1], 4) = 0
10855 openat(AT_FDCWD, "/tmp/playwright_chromiumdev_profile-56xg4l/Default/Reporting and NEL-journal", O_RDWR|O_CREAT|O_NOFOLLOW|O_CLOEXEC, 0600 <unfinished ...>
10808 connect(91, {sa_family=AF_INET, sin_port=htons(53), sin_addr=inet_addr("127.0.0.53")}, 16 <unfinished ...>
10855 <... openat resumed>)             = 20
10808 <... connect resumed>)            = 0
10808 sendto(91, "\10I\1 \0\1\0\0\0\0\0\1\3www\7gstatic\3com\0\0\1\0\1\0\0)\4\260\0\0\0\0\0\0", 44, MSG_NOSIGNAL, NULL, 0 <unfinished ...>
10821 openat(AT_FDCWD, "/proc/10824/task/10826/status", O_RDONLY|O_CLOEXEC) = 92
10808 <... sendto resumed>)             = 44
10856 sendto(5, "\20\0\0\0@\0\0\0\204\242/z\0\0\0\0\30\0\26\0\0\0\0\0004\0\0\0\0\0\0\0\0\0\0\0\0\0\0\0\30\0\0\0\0\0\0\0l\0\0\0\0\0\0\0\1\0\0\0\0\0\0\0", 64, MSG_NOSIGNAL, NULL, 0) = 64
10813 recvmsg(37, {msg_name=NULL, msg_namelen=0, msg_iov=[{iov_base="\20\0\0\0@\0\0\0\204\242/z\0\0\0\0\30\0\26\0\0\0\0\0004\0\0\0\0\0\0\0\0\0\0\0\0\0\0\0\30\0\0\0\0\0\0\0l\0\0\0\0\0\0\0\1\0\0\0\0\0\0\0", iov_len=4096}], msg_iovlen=1, msg_controllen=0, msg_flags=0}, MSG_DONTWAIT) = 64
10808 socket(AF_INET, SOCK_DGRAM|SOCK_CLOEXEC|SOCK_NONBLOCK, IPPROTO_IP) = 91
10808 setsockopt(91, SOL_IP, IP_RECVERR, [1], 4) = 0
10808 connect(91, {sa_family=AF_INET, sin_port=htons(53), sin_addr=inet_addr("127.0.0.53")}, 16) = 0
10821 openat(AT_FDCWD, "/proc/10824/task/10827/status", O_RDONLY|O_CLOEXEC <unfinished ...>
10808 sendto(91, "}\345\1 \0\1\0\0\0\0\0\1\3www\7gstatic\3com\32xdy23aex2gdehfi5fo3ofqo3dg\2cx\10internal\10cloudapp\3net\0\0\1\0\1\0\0)\4\260\0\0\0\0\0\0", 96, MSG_NOSIGNAL, NULL, 0 <unfinished ...>
10821 <... openat resumed>)             = 95
10808 <... sendto resumed>)             = 96
10788 openat(AT_FDCWD, "/tmp/.com.google.Chrome.O0scVk", O_RDWR|O_CREAT|O_EXCL, 0600) = 96
10788 openat(AT_FDCWD, "/tmp/.com.google.Chrome.O0scVk", O_RDONLY <unfinished ...>
10859 openat(AT_FDCWD, "/tmp/playwright_chromiumdev_profile-56xg4l/Default/Cookies", O_RDWR|O_CREAT|O_NOFOLLOW|O_CLOEXEC, 0600 <unfinished ...>
10788 <... openat resumed>)             = 97
10859 <... openat resumed>)             = 18
10808 socket(AF_INET, SOCK_DGRAM|SOCK_CLOEXEC|SOCK_NONBLOCK, IPPROTO_IP) = 91
10808 setsockopt(91, SOL_IP, IP_RECVERR, [1], 4) = 0
10808 connect(91, {sa_family=AF_INET, sin_port=htons(53), sin_addr=inet_addr("127.0.0.53")}, 16) = 0
10855 openat(AT_FDCWD, "/tmp/playwright_chromiumdev_profile-56xg4l/Default", O_RDONLY|O_CLOEXEC) = 21
10821 openat(AT_FDCWD, "/proc/10824/task/10828/status", O_RDONLY|O_CLOEXEC <unfinished ...>
10808 sendto(91, "}\345\1 \0\1\0\0\0\0\0\1\3www\7gstatic\3com\32xdy23aex2gdehfi5fo3ofqo3dg\2cx\10internal\10cloudapp\3net\0\0\1\0\1\0\0)\4\260\0\0\0\0\0\0", 96, MSG_NOSIGNAL, NULL, 0 <unfinished ...>
10821 <... openat resumed>)             = 95
10808 <... sendto resumed>)             = 96
10808 sendto(37, "\20\0\0\0p\0\0\0Y\252/z\0\0\0\0\30\0\24\0\0\0\0\0J\0\0\0\0\0\0\0\0\0\0\0\0\0\0\0H\0\0\0\0\0\0\0\23\0\0\0\0\0\0\0\4\0\0\0\0\0\0\0\0\0\0\0\1\0\0\0\0\0\0\0\0\0\0\0\0~\1\0\0\1\0\0\0\0\0\0\0\0\0\0\0\0\0\0\0\0\0\0\0\0\0\0\0\0\0\0", 112, MSG_NOSIGNAL, NULL, 0 <unfinished ...>
10821 openat(AT_FDCWD, "/proc/10824/task/10829/status", O_RDONLY|O_CLOEXEC <unfinished ...>
10808 <... sendto resumed>)             = 112
10821 <... openat resumed>)             = 95
10856 recvmsg(5, {msg_name=NULL, msg_namelen=0, msg_iov=[{iov_base="\20\0\0\0p\0\0\0Y\252/z\0\0\0\0\30\0\24\0\0\0\0\0J\0\0\0\0\0\0\0\0\0\0\0\0\0\0\0H\0\0\0\0\0\0\0\23\0\0\0\0\0\0\0\4\0\0\0\0\0\0\0\0\0\0\0\1\0\0\0\0\0\0\0\0\0\0\0\0~\1\0\0\1\0\0\0\0\0\0\0\0\0\0\0\0\0\0\0\0\0\0\0\0\0\0\0\0\0\0", iov_len=4096}], msg_iovlen=1, msg_controllen=0, msg_flags=0}, MSG_DONTWAIT) = 112
10788 sendmsg(45, {msg_name=NULL, msg_namelen=0, msg_iov=[{iov_base="\20\0\2\0\370\0\0\0\22\254/z\0\0\0\0\30\0\24\0\0\0\0\0002\0\0\0\0\0\0\0p\0\0\0\0\0\0\0H\0\0\0\0\0\0\0\33\0\0\0\0\0\0\0\0\0\0\0\0\0\0\0\0\0\0\0\1\0\0\0\0\0\0\0\0\0\0\0\0{\1\0\0\1\0\0\0\0\0\0`\0\0\0\0\0\0\0\0\0\0\0\0\0\0\0\2\0\0\0\20\0\0\0\2\0\0\0\1\0\0\0\1\0\0\0\30\0\0\0\2\0\0\0\210\0\0\0\0\0\1\0\270\0\0\0\1\0\1\0000\0\0\0(\0\0\0\10\0\0\0\1\0\0\0 \0\0\0\10\0\0\0\0\0\0\0\0\0\0\0\245\352\3227\4\266\270~!\277q\233~\33\270@0\0\0\0(\0\0\0\10\0\0\0\1\0\0\0 \0\0\0\10\0\0\0\0\0\0\0\0\0\0\0\4A\272tu\334\372u\245\214\330\n\351$J_", iov_len=248}], msg_iovlen=1, msg_control=[{cmsg_len=24, cmsg_level=SOL_SOCKET, cmsg_type=SCM_RIGHTS, cmsg_data=[92, 91]}], msg_controllen=24, msg_flags=0}, MSG_NOSIGNAL <unfinished ...>
10856 sendto(5, "\20\0\0\0p\0\0\0\35\254/z\0\0\0\0\30\0\24\0\0\0\0\0005\0\0\0\0\0\0\0\0\0\0\0\0\0\0\0H\0\0\0\0\0\0\0\242\0\0\0\0\0\0\0\0\0\0\0\0\0\0\0\0\0\0\0\1\0\0\0\0\0\0\0\0\0\0\0\0~\1\0\0\1\0\0\0\0\0\0\0\0\0\0\0\0\0\0\0\0\0\0\0\0\0\0\0\0\0\0", 112, MSG_NOSIGNAL, NULL, 0) = 112
10788 <... sendmsg resumed>)            = 248
10856 sendto(5, "\20\0\0\0@\0\0\0\271\254/z\0\0\0\0\30\0\26\0\0\0\0\0006\0\0\0\0\0\0\0\0\0\0\0\0\0\0\0\30\0\0\0\0\0\0\0\242\0\0\0\0\0\0\0\1\0\0\0\0\0\0\0", 64, MSG_NOSIGNAL, NULL, 0 <unfinished ...>
10846 recvmsg(14,  <unfinished ...>
10813 recvmsg(37,  <unfinished ...>
10856 <... sendto resumed>)             = 64
10846 <... recvmsg resumed>{msg_name=NULL, msg_namelen=0, msg_iov=[{iov_base="\20\0\2\0\370\0\0\0\22\254/z\0\0\0\0\30\0\24\0\0\0\0\0002\0\0\0\0\0\0\0p\0\0\0\0\0\0\0H\0\0\0\0\0\0\0\33\0\0\0\0\0\0\0\0\0\0\0\0\0\0\0\0\0\0\0\1\0\0\0\0\0\0\0\0\0\0\0\0{\1\0\0\1\0\0\0\0\0\0`\0\0\0\0\0\0\0\0\0\0\0\0\0\0\0\2\0\0\0\20\0\0\0\2\0\0\0\1\0\0\0\1\0\0\0\30\0\0\0\2\0\0\0\210\0\0\0\0\0\1\0\270\0\0\0\1\0\1\0000\0\0\0(\0\0\0\10\0\0\0\1\0\0\0 \0\0\0\10\0\0\0\0\0\0\0\0\0\0\0\245\352\3227\4\266\270~!\277q\233~\33\270@0\0\0\0(\0\0\0\10\0\0\0\1\0\0\0 \0\0\0\10\0\0\0\0\0\0\0\0\0\0\0\4A\272tu\334\372u\245\214\330\n\351$J_", iov_len=4096}], msg_iovlen=1, msg_control=[{cmsg_len=24, cmsg_level=SOL_SOCKET, cmsg_type=SCM_RIGHTS, cmsg_data=[25, 26]}], msg_controllen=24, msg_flags=0}, MSG_DONTWAIT) = 248
10856 sendto(5, "\20\0\0\0@\0\0\09\255/z\0\0\0\0\30\0\26\0\0\0\0\0007\0\0\0\0\0\0\0\0\0\0\0\0\0\0\0\30\0\0\0\0\0\0\0\240\0\0\0\0\0\0\0\0\0\0\0\0\0\0\0", 64, MSG_NOSIGNAL, NULL, 0 <unfinished ...>
10813 <... recvmsg resumed>{msg_name=NULL, msg_namelen=0, msg_iov=[{iov_base="\20\0\0\0p\0\0\0\35\254/z\0\0\0\0\30\0\24\0\0\0\0\0005\0\0\0\0\0\0\0\0\0\0\0\0\0\0\0H\0\0\0\0\0\0\0\242\0\0\0\0\0\0\0\0\0\0\0\0\0\0\0\0\0\0\0\1\0\0\0\0\0\0\0\0\0\0\0\0~\1\0\0\1\0\0\0\0\0\0\0\0\0\0\0\0\0\0\0\0\0\0\0\0\0\0\0\0\0\0\20\0\0\0@\0\0\0\271\254/z\0\0\0\0\30\0\26\0\0\0\0\0006\0\0\0\0\0\0\0\0\0\0\0\0\0\0\0\30\0\0\0\0\0\0\0\242\0\0\0\0\0\0\0\1\0\0\0\0\0\0\0", iov_len=4096}], msg_iovlen=1, msg_controllen=0, msg_flags=0}, MSG_DONTWAIT) = 176
10856 <... sendto resumed>)             = 64
10813 recvmsg(37,  <unfinished ...>
10821 openat(AT_FDCWD, "/proc/10824/task/10830/status", O_RDONLY|O_CLOEXEC <unfinished ...>
10813 <... recvmsg resumed>{msg_name=NULL, msg_namelen=0, msg_iov=[{iov_base="\20\0\0\0@\0\0\09\255/z\0\0\0\0\30\0\26\0\0\0\0\0007\0\0\0\0\0\0\0\0\0\0\0\0\0\0\0\30\0\0\0\0\0\0\0\240\0\0\0\0\0\0\0\0\0\0\0\0\0\0\0", iov_len=4096}], msg_iovlen=1, msg_controllen=0, msg_flags=0}, MSG_DONTWAIT) = 64
10821 <... openat resumed>)             = 91
10859 openat(AT_FDCWD, "/tmp/playwright_chromiumdev_profile-56xg4l/Default/Cookies-journal", O_RDWR|O_CREAT|O_NOFOLLOW|O_CLOEXEC, 0600) = 20
10788 sendto(37, "\20\0\0\0p\0\0\0\350\260/z\0\0\0\0\30\0\24\0\0\0\0\0K\0\0\0\0\0\0\0\0\0\0\0\0\0\0\0H\0\0\0\0\0\0\0\\\0\0\0\0\0\0\0\r\0\0\0\0\0\0\0\0\0\0\0\1\0\0\0\0\0\0\0\0\0\0\0\0\230\1\0\0\4\0\0\0\0\0\0\0\0\0\0\0\0\0\0\0\0\0\0\0\0\0\0\0\0\0\0", 112, MSG_NOSIGNAL, NULL, 0) = 112
10856 recvmsg(5,  <unfinished ...>
10788 sendto(37, "\20\0\0\0p\0\0\0\252\261/z\0\0\0\0\30\0\24\0\0\0\0\0L\0\0\0\0\0\0\0\0\0\0\0\0\0\0\0H\0\0\0\0\0\0\0\\\0\0\0\0\0\0\0\16\0\0\0\0\0\0\0\0\0\0\0\1\0\0\0\0\0\0\0\0\0\0\0\0\224\1\0\0\4\0\0\0\0\0\0\0\0\0\0\0\0\0\0\0\0\0\0\0\0\0\0\0\0\0\0", 112, MSG_NOSIGNAL, NULL, 0 <unfinished ...>
10856 <... recvmsg resumed>{msg_name=NULL, msg_namelen=0, msg_iov=[{iov_base="\20\0\0\0p\0\0\0\350\260/z\0\0\0\0\30\0\24\0\0\0\0\0K\0\0\0\0\0\0\0\0\0\0\0\0\0\0\0H\0\0\0\0\0\0\0\\\0\0\0\0\0\0\0\r\0\0\0\0\0\0\0\0\0\0\0\1\0\0\0\0\0\0\0\0\0\0\0\0\230\1\0\0\4\0\0\0\0\0\0\0\0\0\0\0\0\0\0\0\0\0\0\0\0\0\0\0\0\0\0", iov_len=4096}], msg_iovlen=1, msg_controllen=0, msg_flags=0}, MSG_DONTWAIT) = 112
10788 <... sendto resumed>)             = 112
10821 openat(AT_FDCWD, "/proc/10824/task/10831/status", O_RDONLY|O_CLOEXEC <unfinished ...>
10856 sendto(5, "\20\0\0\0p\0\0\0=\262/z\0\0\0\0\30\0\24\0\0\0\0\08\0\0\0\0\0\0\0\0\0\0\0\0\0\0\0H\0\0\0\0\0\0\0\\\0\0\0\0\0\0\0\7\0\0\0\0\0\0\0\0\0\0\0\1\0\0\0\0\0\0\0\0\0\0\0\0x\1\0\0\1\0\0\0\0\0\0\0\0\0\0\0\0\0\0\0\0\0\0\0\0\0\0\0\0\0\0", 112, MSG_NOSIGNAL, NULL, 0) = 112
10788 sendto(37, "\20\0\0\0p\0\0\0Y\262/z\0\0\0\0\30\0\24\0\0\0\0\0M\0\0\0\0\0\0\0\0\0\0\0\0\0\0\0H\0\0\0\0\0\0\0\\\0\0\0\0\0\0\0\17\0\0\0\0\0\0\0\0\0\0\0\1\0\0\0\0\0\0\0\0\0\0\0\0\234\1\0\0\4\0\0\0\0\0\0\0\0\0\0\0\0\0\0\0\0\0\0\0\0\0\0\0\0\0\0", 112, MSG_NOSIGNAL, NULL, 0 <unfinished ...>
10821 <... openat resumed>)             = 91
10813 recvmsg(37,  <unfinished ...>
10788 <... sendto resumed>)             = 112
10813 <... recvmsg resumed>{msg_name=NULL, msg_namelen=0, msg_iov=[{iov_base="\20\0\0\0p\0\0\0=\262/z\0\0\0\0\30\0\24\0\0\0\0\08\0\0\0\0\0\0\0\0\0\0\0\0\0\0\0H\0\0\0\0\0\0\0\\\0\0\0\0\0\0\0\7\0\0\0\0\0\0\0\0\0\0\0\1\0\0\0\0\0\0\0\0\0\0\0\0x\1\0\0\1\0\0\0\0\0\0\0\0\0\0\0\0\0\0\0\0\0\0\0\0\0\0\0\0\0\0", iov_len=4096}], msg_iovlen=1, msg_controllen=0, msg_flags=0}, MSG_DONTWAIT) = 112
10856 recvmsg(5,  <unfinished ...>
10788 sendto(37, "\20\0\0\0p\0\0\0\371\262/z\0\0\0\0\30\0\24\0\0\0\0\0N\0\0\0\0\0\0\0\0\0\0\0\0\0\0\0H\0\0\0\0\0\0\0\\\0\0\0\0\0\0\0\20\0\0\0\0\0\0\0\0\0\0\0\1\0\0\0\0\0\0\0\0\0\0\0\0\230\1\0\0\4\0\0\0\0\0\0\0\0\0\0\0\0\0\0\0\0\0\0\0\0\0\0\0\0\0\0", 112, MSG_NOSIGNAL, NULL, 0 <unfinished ...>
10856 <... recvmsg resumed>{msg_name=NULL, msg_namelen=0, msg_iov=[{iov_base="\20\0\0\0p\0\0\0\252\261/z\0\0\0\0\30\0\24\0\0\0\0\0L\0\0\0\0\0\0\0\0\0\0\0\0\0\0\0H\0\0\0\0\0\0\0\\\0\0\0\0\0\0\0\16\0\0\0\0\0\0\0\0\0\0\0\1\0\0\0\0\0\0\0\0\0\0\0\0\224\1\0\0\4\0\0\0\0\0\0\0\0\0\0\0\0\0\0\0\0\0\0\0\0\0\0\0\0\0\0\20\0\0\0p\0\0\0Y\262/z\0\0\0\0\30\0\24\0\0\0\0\0M\0\0\0\0\0\0\0\0\0\0\0\0\0\0\0H\0\0\0\0\0\0\0\\\0\0\0\0\0\0\0\17\0\0\0\0\0\0\0\0\0\0\0\1\0\0\0\0\0\0\0\0\0\0\0\0\234\1\0\0\4\0\0\0\0\0\0\0\0\0\0\0\0\0\0\0\0\0\0\0\0\0\0\0\0\0\0", iov_len=4096}], msg_iovlen=1, msg_controllen=0, msg_flags=0}, MSG_DONTWAIT) = 224
10788 <... sendto resumed>)             = 112
10856 sendto(5, "\20\0\0\0p\0\0\0\263\263/z\0\0\0\0\30\0\24\0\0\0\0\09\0\0\0\0\0\0\0\0\0\0\0\0\0\0\0H\0\0\0\0\0\0\0\\\0\0\0\0\0\0\0\10\0\0\0\0\0\0\0\0\0\0\0\1\0\0\0\0\0\0\0\0\0\0\0\0y\1\0\0\1\0\0\0\0\0\0\0\0\0\0\0\0\0\0\0\0\0\0\0\0\0\0\0\0\0\0", 112, MSG_NOSIGNAL, NULL, 0) = 112
10856 sendto(5, "\20\0\0\0p\0\0\0(\264/z\0\0\0\0\30\0\24\0\0\0\0\0:\0\0\0\0\0\0\0\0\0\0\0\0\0\0\0H\0\0\0\0\0\0\0\\\0\0\0\0\0\0\0\t\0\0\0\0\0\0\0\0\0\0\0\1\0\0\0\0\0\0\0\0\0\0\0\0\177\1\0\0\1\0\0\0\0\0\0\0\0\0\0\0\0\0\0\0\0\0\0\0\0\0\0\0\0\0\0", 112, MSG_NOSIGNAL, NULL, 0 <unfinished ...>
10813 recvmsg(37,  <unfinished ...>
10856 <... sendto resumed>)             = 112
10813 <... recvmsg resumed>{msg_name=NULL, msg_namelen=0, msg_iov=[{iov_base="\20\0\0\0p\0\0\0\263\263/z\0\0\0\0\30\0\24\0\0\0\0\09\0\0\0\0\0\0\0\0\0\0\0\0\0\0\0H\0\0\0\0\0\0\0\\\0\0\0\0\0\0\0\10\0\0\0\0\0\0\0\0\0\0\0\1\0\0\0\0\0\0\0\0\0\0\0\0y\1\0\0\1\0\0\0\0\0\0\0\0\0\0\0\0\0\0\0\0\0\0\0\0\0\0\0\0\0\0\20\0\0\0p\0\0\0(\264/z\0\0\0\0\30\0\24\0\0\0\0\0:\0\0\0\0\0\0\0\0\0\0\0\0\0\0\0H\0\0\0\0\0\0\0\\\0\0\0\0\0\0\0\t\0\0\0\0\0\0\0\0\0\0\0\1\0\0\0\0\0\0\0\0\0\0\0\0\177\1\0\0\1\0\0\0\0\0\0\0\0\0\0\0\0\0\0\0\0\0\0\0\0\0\0\0\0\0\0", iov_len=4096}], msg_iovlen=1, msg_controllen=0, msg_flags=0}, MSG_DONTWAIT) = 224
10856 recvmsg(5, {msg_name=NULL, msg_namelen=0, msg_iov=[{iov_base="\20\0\0\0p\0\0\0\371\262/z\0\0\0\0\30\0\24\0\0\0\0\0N\0\0\0\0\0\0\0\0\0\0\0\0\0\0\0H\0\0\0\0\0\0\0\\\0\0\0\0\0\0\0\20\0\0\0\0\0\0\0\0\0\0\0\1\0\0\0\0\0\0\0\0\0\0\0\0\230\1\0\0\4\0\0\0\0\0\0\0\0\0\0\0\0\0\0\0\0\0\0\0\0\0\0\0\0\0\0", iov_len=4096}], msg_iovlen=1, msg_controllen=0, msg_flags=0}, MSG_DONTWAIT) = 112
10859 openat(AT_FDCWD, "/tmp/playwright_chromiumdev_profile-56xg4l/Default", O_RDONLY|O_CLOEXEC <unfinished ...>
10856 sendto(5, "\20\0\0\0\270\0\0\0\217\265/z\0\0\0\0\30\0\24\0\0\0\0\0;\0\0\0\0\0\0\0\0\0\0\0\0\0\0\0H\0\0\0\0\0\0\0\\\0\0\0\0\0\0\0\n\0\0\0\0\0\0\0\0\0\0\0\1\0\0\0\377\377\377\377\377\377\377\377\0\0\0\0\0\0\0\0`\0\0\0\0\0\0\0\0\0\0\0\0\0\0\0\0\0\0\0\0\0\0\0H\0\0\0@\0\0\08\0\0\0\3\0\0\0\0\0\0\0\tU/\36\2\0\0\0\267P0^\v\0\0\0\0\0\0\0\30\0\0\0\0\0\0\0\0\0\0\0\0\0\0\0\0\0\0\0\0\0\0\0\10\0\0\0\0\0\0\0", 184, MSG_NOSIGNAL, NULL, 0 <unfinished ...>
10859 <... openat resumed>)             = 21
10856 <... sendto resumed>)             = 184
10821 openat(AT_FDCWD, "/proc/10824/task/10832/status", O_RDONLY|O_CLOEXEC <unfinished ...>
10813 recvmsg(37,  <unfinished ...>
10821 <... openat resumed>)             = 91
10813 <... recvmsg resumed>{msg_name=NULL, msg_namelen=0, msg_iov=[{iov_base="\20\0\0\0\270\0\0\0\217\265/z\0\0\0\0\30\0\24\0\0\0\0\0;\0\0\0\0\0\0\0\0\0\0\0\0\0\0\0H\0\0\0\0\0\0\0\\\0\0\0\0\0\0\0\n\0\0\0\0\0\0\0\0\0\0\0\1\0\0\0\377\377\377\377\377\377\377\377\0\0\0\0\0\0\0\0`\0\0\0\0\0\0\0\0\0\0\0\0\0\0\0\0\0\0\0\0\0\0\0H\0\0\0@\0\0\08\0\0\0\3\0\0\0\0\0\0\0\tU/\36\2\0\0\0\267P0^\v\0\0\0\0\0\0\0\30\0\0\0\0\0\0\0\0\0\0\0\0\0\0\0\0\0\0\0\0\0\0\0\10\0\0\0\0\0\0\0", iov_len=4096}], msg_iovlen=1, msg_controllen=0, msg_flags=0}, MSG_DONTWAIT) = 184
10788 openat(AT_FDCWD, "/tmp/.com.google.Chrome.9jhSTg", O_RDWR|O_CREAT|O_EXCL, 0600) = 95
10788 openat(AT_FDCWD, "/tmp/.com.google.Chrome.9jhSTg", O_RDONLY) = 96
10821 openat(AT_FDCWD, "/proc/10824/task/10833/status", O_RDONLY|O_CLOEXEC) = 91
10821 openat(AT_FDCWD, "/proc/10824/task/10834/status", O_RDONLY|O_CLOEXEC) = 91
10788 sendmsg(37, {msg_name=NULL, msg_namelen=0, msg_iov=[{iov_base="\20\0\2\0p\1\0\0\376\273/z\0\0\0\0\30\0\24\0\0\0\0\0O\0\0\0\0\0\0\0\350\0\0\0\0\0\0\0H\0\0\0\0\0\0\0+\0\0\0\0\0\0\0\0\0\0\0\0\0\0\0\0\0\0\0\1\0\0\0\377\377\377\377\377\377\377\377\0\0\0\0\0\0\0\0`\0\0\0\330\0\0\0\0\0\0\0\0\0\0\0\0\0\0\0\2\0\0\0x\0\0\0p\0\0\08\0\0\0\3\0\0\0\0\0\0\0005\1lu\2\0\0\0.\357Q\302\1\0\0\0\0\0\0\0\30\0\0\0\0\0\0\0\0\0\0\0\0\0\0\0\0\0\0\0\0\0\0\0\30\0\0\0\0\0\0\0\20\0\0\0\0\0\0\0\30\0\0\0\0\0\0\0\20\0\0\0\0\0\0\0\0\0\0\0\0\0\0\0\20\0\0\0\0\0\0\0\1\0\0\0\0\0\0\0\20\0\0\0\2\0\0\0\1\0\0\0\1\0\0\0\30\0\0\0\2\0\0\0"..., iov_len=368}], msg_iovlen=1, msg_control=[{cmsg_len=24, cmsg_level=SOL_SOCKET, cmsg_type=SCM_RIGHTS, cmsg_data=[92, 95]}], msg_controllen=24, msg_flags=0}, MSG_NOSIGNAL) = 368
10856 recvmsg(5, {msg_name=NULL, msg_namelen=0, msg_iov=[{iov_base="\20\0\2\0p\1\0\0\376\273/z\0\0\0\0\30\0\24\0\0\0\0\0O\0\0\0\0\0\0\0\350\0\0\0\0\0\0\0H\0\0\0\0\0\0\0+\0\0\0\0\0\0\0\0\0\0\0\0\0\0\0\0\0\0\0\1\0\0\0\377\377\377\377\377\377\377\377\0\0\0\0\0\0\0\0`\0\0\0\330\0\0\0\0\0\0\0\0\0\0\0\0\0\0\0\2\0\0\0x\0\0\0p\0\0\08\0\0\0\3\0\0\0\0\0\0\0005\1lu\2\0\0\0.\357Q\302\1\0\0\0\0\0\0\0\30\0\0\0\0\0\0\0\0\0\0\0\0\0\0\0\0\0\0\0\0\0\0\0\30\0\0\0\0\0\0\0\20\0\0\0\0\0\0\0\30\0\0\0\0\0\0\0\20\0\0\0\0\0\0\0\0\0\0\0\0\0\0\0\20\0\0\0\0\0\0\0\1\0\0\0\0\0\0\0\20\0\0\0\2\0\0\0\1\0\0\0\1\0\0\0\30\0\0\0\2\0\0\0"..., iov_len=4096}], msg_iovlen=1, msg_control=[{cmsg_len=24, cmsg_level=SOL_SOCKET, cmsg_type=SCM_RIGHTS, cmsg_data=[21, 26]}], msg_controllen=24, msg_flags=0}, MSG_DONTWAIT) = 368
10821 openat(AT_FDCWD, "/proc/10824/task", O_RDONLY|O_DIRECTORY) = 91
10821 openat(AT_FDCWD, "/proc/10824/task/10824/status", O_RDONLY|O_CLOEXEC) = 91
10821 openat(AT_FDCWD, "/proc/10824/task/10826/status", O_RDONLY|O_CLOEXEC) = 91
10821 openat(AT_FDCWD, "/proc/10824/task/10827/status", O_RDONLY|O_CLOEXEC) = 91
10859 openat(AT_FDCWD, "/tmp/playwright_chromiumdev_profile-56xg4l/Default/Cookies-journal", O_RDWR|O_CREAT|O_NOFOLLOW|O_CLOEXEC, 0600) = 20
10821 openat(AT_FDCWD, "/proc/10824/task/10828/status", O_RDONLY|O_CLOEXEC) = 91
10821 openat(AT_FDCWD, "/proc/10824/task/10829/status", O_RDONLY|O_CLOEXEC) = 91
10821 openat(AT_FDCWD, "/proc/10824/task/10830/status", O_RDONLY|O_CLOEXEC) = 91
10859 openat(AT_FDCWD, "/tmp/playwright_chromiumdev_profile-56xg4l/Default", O_RDONLY|O_CLOEXEC) = 21
10821 openat(AT_FDCWD, "/proc/10824/task/10831/status", O_RDONLY|O_CLOEXEC) = 91
10821 openat(AT_FDCWD, "/proc/10824/task/10832/status", O_RDONLY|O_CLOEXEC) = 91
10821 openat(AT_FDCWD, "/proc/10824/task/10833/status", O_RDONLY|O_CLOEXEC) = 91
10821 openat(AT_FDCWD, "/proc/10824/task/10834/status", O_RDONLY|O_CLOEXEC) = 91
10821 openat(AT_FDCWD, "/proc/10824/task/10835/status", O_RDONLY|O_CLOEXEC <unfinished ...>
10859 openat(AT_FDCWD, "/tmp/playwright_chromiumdev_profile-56xg4l/Default/Cookies-journal", O_RDWR|O_CREAT|O_NOFOLLOW|O_CLOEXEC, 0600 <unfinished ...>
10821 <... openat resumed>)             = 91
10859 <... openat resumed>)             = 20
10777 openat(AT_FDCWD, "/tmp/deckrender-local-UfqzSu/office2html/slides/0000.html", O_RDONLY|O_CLOEXEC) = 22
10821 openat(AT_FDCWD, "/proc/10824/task", O_RDONLY|O_DIRECTORY) = 91
10859 openat(AT_FDCWD, "/tmp/playwright_chromiumdev_profile-56xg4l/Default", O_RDONLY|O_CLOEXEC) = 21
10821 openat(AT_FDCWD, "/proc/10824/task/10824/status", O_RDONLY|O_CLOEXEC) = 91
10821 openat(AT_FDCWD, "/proc/10824/task/10826/status", O_RDONLY|O_CLOEXEC) = 91
10821 openat(AT_FDCWD, "/proc/10824/task/10827/status", O_RDONLY|O_CLOEXEC) = 91
10821 openat(AT_FDCWD, "/proc/10824/task/10828/status", O_RDONLY|O_CLOEXEC) = 91
10821 openat(AT_FDCWD, "/proc/10824/task/10829/status", O_RDONLY|O_CLOEXEC) = 91
10788 sendto(36, "\20\0\0\0p\0\0\0\320\354/z\0\0\0\0\30\0\24\0\0\0\0\0\34\0\0\0\0\0\0\0\0\0\0\0\0\0\0\0H\0\0\0\0\0\0\0=\0\0\0\0\0\0\0\3\0\0\0\0\0\0\0\0\0\0\0\1\0\0\0\0\0\0\0\0\0\0\0\0{\1\0\0\1\0\0\0\0\0\0\0\0\0\0\0\0\0\0\0\0\0\0\0\0\0\0\0\0\0\0", 112, MSG_NOSIGNAL, NULL, 0) = 112
10788 sendto(37, "\20\0\0\0p\0\0\0[\355/z\0\0\0\0\30\0\24\0\0\0\0\0P\0\0\0\0\0\0\0\0\0\0\0\0\0\0\0H\0\0\0\0\0\0\0<\0\0\0\0\0\0\0\3\0\0\0\0\0\0\0\0\0\0\0\1\0\0\0\0\0\0\0\0\0\0\0\0\177\1\0\0\1\0\0\0\0\0\0\0\0\0\0\0\0\0\0\0\0\0\0\0\0\0\0\0\0\0\0", 112, MSG_NOSIGNAL, NULL, 0 <unfinished ...>
10836 recvmsg(14, {msg_name=NULL, msg_namelen=0, msg_iov=[{iov_base="\20\0\0\0p\0\0\0\320\354/z\0\0\0\0\30\0\24\0\0\0\0\0\34\0\0\0\0\0\0\0\0\0\0\0\0\0\0\0H\0\0\0\0\0\0\0=\0\0\0\0\0\0\0\3\0\0\0\0\0\0\0\0\0\0\0\1\0\0\0\0\0\0\0\0\0\0\0\0{\1\0\0\1\0\0\0\0\0\0\0\0\0\0\0\0\0\0\0\0\0\0\0\0\0\0\0\0\0\0", iov_len=4096}], msg_iovlen=1, msg_controllen=0, msg_flags=0}, MSG_DONTWAIT) = 112
10788 <... sendto resumed>)             = 112
10777 openat(AT_FDCWD, "/tmp/deckrender-local-UfqzSu/office2html/index.html", O_RDONLY|O_CLOEXEC <unfinished ...>
10856 recvmsg(5,  <unfinished ...>
10788 sendto(45, "\20\0\0\0p\0\0\0\1\356/z\0\0\0\0\30\0\24\0\0\0\0\0003\0\0\0\0\0\0\0\0\0\0\0\0\0\0\0H\0\0\0\0\0\0\0002\0\0\0\0\0\0\0\3\0\0\0\0\0\0\0\0\0\0\0\1\0\0\0\0\0\0\0\0\0\0\0\0|\1\0\0\1\0\0\0\0\0\0\0\0\0\0\0\0\0\0\0\0\0\0\0\0\0\0\0\0\0\0", 112, MSG_NOSIGNAL, NULL, 0 <unfinished ...>
10777 <... openat resumed>)             = 22
10856 <... recvmsg resumed>{msg_name=NULL, msg_namelen=0, msg_iov=[{iov_base="\20\0\0\0p\0\0\0[\355/z\0\0\0\0\30\0\24\0\0\0\0\0P\0\0\0\0\0\0\0\0\0\0\0\0\0\0\0H\0\0\0\0\0\0\0<\0\0\0\0\0\0\0\3\0\0\0\0\0\0\0\0\0\0\0\1\0\0\0\0\0\0\0\0\0\0\0\0\177\1\0\0\1\0\0\0\0\0\0\0\0\0\0\0\0\0\0\0\0\0\0\0\0\0\0\0\0\0\0", iov_len=4096}], msg_iovlen=1, msg_controllen=0, msg_flags=0}, MSG_DONTWAIT) = 112
10788 <... sendto resumed>)             = 112
10846 recvmsg(14, {msg_name=NULL, msg_namelen=0, msg_iov=[{iov_base="\20\0\0\0p\0\0\0\1\356/z\0\0\0\0\30\0\24\0\0\0\0\0003\0\0\0\0\0\0\0\0\0\0\0\0\0\0\0H\0\0\0\0\0\0\0002\0\0\0\0\0\0\0\3\0\0\0\0\0\0\0\0\0\0\0\1\0\0\0\0\0\0\0\0\0\0\0\0|\1\0\0\1\0\0\0\0\0\0\0\0\0\0\0\0\0\0\0\0\0\0\0\0\0\0\0\0\0\0", iov_len=4096}], msg_iovlen=1, msg_controllen=0, msg_flags=0}, MSG_DONTWAIT) = 112
10788 sendto(36, "\20\0\0\0p\0\0\0\271\356/z\0\0\0\0\30\0\24\0\0\0\0\0\35\0\0\0\0\0\0\0\0\0\0\0\0\0\0\0H\0\0\0\0\0\0\0=\0\0\0\0\0\0\0\4\0\0\0\0\0\0\0\0\0\0\0\1\0\0\0\0\0\0\0\0\0\0\0\0y\1\0\0\1\0\0\0\0\0\0\0\0\0\0\0\0\0\0\0\0\0\0\0\0\0\0\0\0\0\0", 112, MSG_NOSIGNAL, NULL, 0 <unfinished ...>
10821 openat(AT_FDCWD, "/proc/10824/task/10830/status", O_RDONLY|O_CLOEXEC <unfinished ...>
10788 <... sendto resumed>)             = 112
10836 recvmsg(14,  <unfinished ...>
10821 <... openat resumed>)             = 91
10836 <... recvmsg resumed>{msg_name=NULL, msg_namelen=0, msg_iov=[{iov_base="\20\0\0\0p\0\0\0\271\356/z\0\0\0\0\30\0\24\0\0\0\0\0\35\0\0\0\0\0\0\0\0\0\0\0\0\0\0\0H\0\0\0\0\0\0\0=\0\0\0\0\0\0\0\4\0\0\0\0\0\0\0\0\0\0\0\1\0\0\0\0\0\0\0\0\0\0\0\0y\1\0\0\1\0\0\0\0\0\0\0\0\0\0\0\0\0\0\0\0\0\0\0\0\0\0\0\0\0\0", iov_len=4096}], msg_iovlen=1, msg_controllen=0, msg_flags=0}, MSG_DONTWAIT) = 112
10788 sendto(37, "\20\0\0\0p\0\0\0\315\357/z\0\0\0\0\30\0\24\0\0\0\0\0Q\0\0\0\0\0\0\0\0\0\0\0\0\0\0\0H\0\0\0\0\0\0\0<\0\0\0\0\0\0\0\4\0\0\0\0\0\0\0\0\0\0\0\1\0\0\0\0\0\0\0\0\0\0\0\0\177\1\0\0\1\0\0\0\0\0\0\0\0\0\0\0\0\0\0\0\0\0\0\0\0\0\0\0\0\0\0", 112, MSG_NOSIGNAL, NULL, 0) = 112
10788 sendto(45, "\20\0\0\0p\0\0\0o\360/z\0\0\0\0\30\0\24\0\0\0\0\0004\0\0\0\0\0\0\0\0\0\0\0\0\0\0\0H\0\0\0\0\0\0\0002\0\0\0\0\0\0\0\4\0\0\0\0\0\0\0\0\0\0\0\1\0\0\0\0\0\0\0\0\0\0\0\0z\1\0\0\1\0\0\0\0\0\0\0\0\0\0\0\0\0\0\0\0\0\0\0\0\0\0\0\0\0\0", 112, MSG_NOSIGNAL, NULL, 0 <unfinished ...>
10855 openat(AT_FDCWD, "/tmp/playwright_chromiumdev_profile-56xg4l/Default/Cache/Cache_Data/5761d302839d26b6_0", O_RDWR|O_CREAT|O_EXCL, 0600 <unfinished ...>
10788 <... sendto resumed>)             = 112
10856 socket(AF_INET, SOCK_DGRAM, IPPROTO_IP <unfinished ...>
10855 <... openat resumed>)             = 20
10856 <... socket resumed>)             = 21
10846 recvmsg(14, {msg_name=NULL, msg_namelen=0, msg_iov=[{iov_base="\20\0\0\0p\0\0\0o\360/z\0\0\0\0\30\0\24\0\0\0\0\0004\0\0\0\0\0\0\0\0\0\0\0\0\0\0\0H\0\0\0\0\0\0\0002\0\0\0\0\0\0\0\4\0\0\0\0\0\0\0\0\0\0\0\1\0\0\0\0\0\0\0\0\0\0\0\0z\1\0\0\1\0\0\0\0\0\0\0\0\0\0\0\0\0\0\0\0\0\0\0\0\0\0\0\0\0\0", iov_len=4096}], msg_iovlen=1, msg_controllen=0, msg_flags=0}, MSG_DONTWAIT) = 112
10856 bind(21, {sa_family=AF_INET, sin_port=htons(19239), sin_addr=inet_addr("0.0.0.0")}, 16) = 0
10856 connect(21, {sa_family=AF_INET, sin_port=htons(53), sin_addr=inet_addr("127.0.0.53")}, 16) = 0
10821 openat(AT_FDCWD, "/proc/10824/task/10831/status", O_RDONLY|O_CLOEXEC <unfinished ...>
10856 getsockname(21, {sa_family=AF_INET, sin_port=htons(19239), sin_addr=inet_addr("127.0.0.1")}, [128 => 16]) = 0
10821 <... openat resumed>)             = 91
10856 sendto(21, "\335\237\1\0\0\1\0\0\0\0\0\0\3www\6google\3com\0\0A\0\1", 32, 0, NULL, 0) = 32
10856 recvmsg(21, {msg_namelen=128}, 0) = -1 ECONNREFUSED (Connection refused)
10856 socket(AF_INET, SOCK_DGRAM, IPPROTO_IP) = 26
10856 bind(26, {sa_family=AF_INET, sin_port=htons(33810), sin_addr=inet_addr("0.0.0.0")}, 16 <unfinished ...>
10821 openat(AT_FDCWD, "/proc/10824/task/10832/status", O_RDONLY|O_CLOEXEC <unfinished ...>
10856 <... bind resumed>)               = 0
10821 <... openat resumed>)             = 91
10856 connect(26, {sa_family=AF_INET, sin_port=htons(53), sin_addr=inet_addr("127.0.0.53")}, 16) = 0
10856 getsockname(26, {sa_family=AF_INET, sin_port=htons(33810), sin_addr=inet_addr("127.0.0.1")}, [128 => 16]) = 0
10856 sendto(26, "\346\212\1\0\0\1\0\0\0\0\0\0\3www\6google\3com\0\0A\0\1", 32, 0, NULL, 0) = 32
10856 recvmsg(26, {msg_namelen=128}, 0) = -1 ECONNREFUSED (Connection refused)
10856 socket(AF_INET, SOCK_DGRAM, IPPROTO_IP) = 27
10856 bind(27, {sa_family=AF_INET, sin_port=htons(53216), sin_addr=inet_addr("0.0.0.0")}, 16 <unfinished ...>
10808 openat(AT_FDCWD, "/tmp/playwright_chromiumdev_profile-56xg4l/Default/Extension State/LOG", O_WRONLY|O_CREAT|O_TRUNC, 0600 <unfinished ...>
10856 <... bind resumed>)               = 0
10856 connect(27, {sa_family=AF_INET, sin_port=htons(53), sin_addr=inet_addr("127.0.0.53")}, 16 <unfinished ...>
10808 <... openat resumed>)             = 92
10856 <... connect resumed>)            = 0
10856 getsockname(27, {sa_family=AF_INET, sin_port=htons(53216), sin_addr=inet_addr("127.0.0.1")}, [128 => 16]) = 0
10808 openat(AT_FDCWD, "/tmp/playwright_chromiumdev_profile-56xg4l/Default/Extension State/LOCK", O_RDWR <unfinished ...>
10856 sendto(27, "\342\353\1\0\0\1\0\0\0\0\0\0\3www\6google\3com\0\0\1\0\1", 32, 0, NULL, 0 <unfinished ...>
10808 <... openat resumed>)             = -1 ENOENT (No such file or directory)
10856 <... sendto resumed>)             = 32
10808 openat(AT_FDCWD, "/tmp/playwright_chromiumdev_profile-56xg4l/Default/Extension State/LOCK", O_RDWR|O_CREAT, 0600 <unfinished ...>
10856 recvmsg(27, {msg_namelen=128}, 0) = -1 ECONNREFUSED (Connection refused)
10808 <... openat resumed>)             = 95
10856 socket(AF_INET, SOCK_DGRAM, IPPROTO_IP) = 28
10856 bind(28, {sa_family=AF_INET, sin_port=htons(37962), sin_addr=inet_addr("0.0.0.0")}, 16) = 0
10856 connect(28, {sa_family=AF_INET, sin_port=htons(53), sin_addr=inet_addr("127.0.0.53")}, 16) = 0
10856 getsockname(28,  <unfinished ...>
10808 openat(AT_FDCWD, "/tmp/playwright_chromiumdev_profile-56xg4l/Default/Extension State/MANIFEST-000001", O_WRONLY|O_CREAT|O_TRUNC, 0600 <unfinished ...>
10856 <... getsockname resumed>{sa_family=AF_INET, sin_port=htons(37962), sin_addr=inet_addr("127.0.0.1")}, [128 => 16]) = 0
10856 sendto(28, "\352\322\1\0\0\1\0\0\0\0\0\0\3www\6google\3com\0\0\1\0\1", 32, 0, NULL, 0 <unfinished ...>
10808 <... openat resumed>)             = 98
10856 <... sendto resumed>)             = 32
10856 recvmsg(28, {msg_namelen=128}, 0) = -1 ECONNREFUSED (Connection refused)
10808 openat(AT_FDCWD, "/tmp/playwright_chromiumdev_profile-56xg4l/Default/Extension State", O_RDONLY) = 99
10856 recvmsg(5, {msg_name=NULL, msg_namelen=0, msg_iov=[{iov_base="\20\0\0\0p\0\0\0\315\357/z\0\0\0\0\30\0\24\0\0\0\0\0Q\0\0\0\0\0\0\0\0\0\0\0\0\0\0\0H\0\0\0\0\0\0\0<\0\0\0\0\0\0\0\4\0\0\0\0\0\0\0\0\0\0\0\1\0\0\0\0\0\0\0\0\0\0\0\0\177\1\0\0\1\0\0\0\0\0\0\0\0\0\0\0\0\0\0\0\0\0\0\0\0\0\0\0\0\0\0", iov_len=4096}], msg_iovlen=1, msg_controllen=0, msg_flags=0}, MSG_DONTWAIT) = 112
10821 openat(AT_FDCWD, "/proc/10824/task/10833/status", O_RDONLY|O_CLOEXEC <unfinished ...>
10856 sendto(5, "\20\0\0\0p\0\0\0\354\377/z\0\0\0\0\30\0\24\0\0\0\0\0<\0\0\0\0\0\0\0\0\0\0\0\0\0\0\0H\0\0\0\0\0\0\0\23\0\0\0\0\0\0\0\5\0\0\0\0\0\0\0\0\0\0\0\1\0\0\0\0\0\0\0\0\0\0\0\0\177\1\0\0\1\0\0\0\0\0\0\0\0\0\0\0\0\0\0\0\0\0\0\0\0\0\0\0\0\0\0", 112, MSG_NOSIGNAL, NULL, 0 <unfinished ...>
10821 <... openat resumed>)             = 91
10856 <... sendto resumed>)             = 112
10813 recvmsg(37, {msg_name=NULL, msg_namelen=0, msg_iov=[{iov_base="\20\0\0\0p\0\0\0\354\377/z\0\0\0\0\30\0\24\0\0\0\0\0<\0\0\0\0\0\0\0\0\0\0\0\0\0\0\0H\0\0\0\0\0\0\0\23\0\0\0\0\0\0\0\5\0\0\0\0\0\0\0\0\0\0\0\1\0\0\0\0\0\0\0\0\0\0\0\0\177\1\0\0\1\0\0\0\0\0\0\0\0\0\0\0\0\0\0\0\0\0\0\0\0\0\0\0\0\0\0", iov_len=4096}], msg_iovlen=1, msg_controllen=0, msg_flags=0}, MSG_DONTWAIT) = 112
10808 openat(AT_FDCWD, "/tmp/playwright_chromiumdev_profile-56xg4l/Default/Extension State/000001.dbtmp", O_WRONLY|O_CREAT|O_TRUNC, 0600) = 98
10821 openat(AT_FDCWD, "/proc/10824/task/10834/status", O_RDONLY|O_CLOEXEC) = 91
10809 openat(AT_FDCWD, "/etc/hosts", O_RDONLY|O_CLOEXEC) = 99
10821 openat(AT_FDCWD, "/proc/10824/task/10835/status", O_RDONLY|O_CLOEXEC) = 91
10808 openat(AT_FDCWD, "/tmp/playwright_chromiumdev_profile-56xg4l/Default/Extension State/CURRENT", O_RDONLY) = 98
10809 socket(AF_INET, SOCK_DGRAM|SOCK_CLOEXEC|SOCK_NONBLOCK, IPPROTO_IP) = 99
10809 setsockopt(99, SOL_IP, IP_RECVERR, [1], 4) = 0
10809 connect(99, {sa_family=AF_INET, sin_port=htons(53), sin_addr=inet_addr("127.0.0.53")}, 16) = 0
10808 openat(AT_FDCWD, "/tmp/playwright_chromiumdev_profile-56xg4l/Default/Extension State/MANIFEST-000001", O_RDONLY <unfinished ...>
10821 openat(AT_FDCWD, "/proc/10824/task/10836/status", O_RDONLY|O_CLOEXEC <unfinished ...>
10809 sendto(99, "\221\222\1 \0\1\0\0\0\0\0\1\3www\6google\3com\0\0\1\0\1\0\0)\4\260\0\0\0\0\0\0", 43, MSG_NOSIGNAL, NULL, 0 <unfinished ...>
10808 <... openat resumed>)             = 91
10821 <... openat resumed>)             = 98
10809 <... sendto resumed>)             = 43
10809 socket(AF_INET, SOCK_DGRAM|SOCK_CLOEXEC|SOCK_NONBLOCK, IPPROTO_IP) = 99
10809 setsockopt(99, SOL_IP, IP_RECVERR, [1], 4) = 0
10809 connect(99, {sa_family=AF_INET, sin_port=htons(53), sin_addr=inet_addr("127.0.0.53")}, 16) = 0
10809 sendto(99, "\221\222\1 \0\1\0\0\0\0\0\1\3www\6google\3com\0\0\1\0\1\0\0)\4\260\0\0\0\0\0\0", 43, MSG_NOSIGNAL, NULL, 0 <unfinished ...>
10808 openat(AT_FDCWD, "/tmp/playwright_chromiumdev_profile-56xg4l/Default/Extension State/MANIFEST-000001", O_WRONLY|O_APPEND <unfinished ...>
10809 <... sendto resumed>)             = 43
10808 <... openat resumed>)             = 91
10821 openat(AT_FDCWD, "/proc/10824/task", O_RDONLY|O_DIRECTORY) = 98
10808 openat(AT_FDCWD, "/tmp/playwright_chromiumdev_profile-56xg4l/Default/Extension State", O_RDONLY|O_NONBLOCK|O_CLOEXEC|O_DIRECTORY <unfinished ...>
10788 openat(AT_FDCWD, "/proc/10788/stat", O_RDONLY|O_CLOEXEC <unfinished ...>
10809 socket(AF_INET, SOCK_DGRAM|SOCK_CLOEXEC|SOCK_NONBLOCK, IPPROTO_IP <unfinished ...>
10808 <... openat resumed>)             = 99
10788 <... openat resumed>)             = 100
10809 <... socket resumed>)             = 101
10809 setsockopt(101, SOL_IP, IP_RECVERR, [1], 4) = 0
10809 connect(101, {sa_family=AF_INET, sin_port=htons(53), sin_addr=inet_addr("127.0.0.53")}, 16 <unfinished ...>
10821 openat(AT_FDCWD, "/proc/10824/task/10824/status", O_RDONLY|O_CLOEXEC <unfinished ...>
10809 <... connect resumed>)            = 0
10821 <... openat resumed>)             = 98
10809 sendto(101, "\3703\1 \0\1\0\0\0\0\0\1\3www\6google\3com\32xdy23aex2gdehfi5fo3ofqo3dg\2cx\10internal\10cloudapp\3net\0\0\1\0\1\0\0)\4\260\0\0\0\0\0\0", 95, MSG_NOSIGNAL, NULL, 0) = 95
10809 socket(AF_INET, SOCK_DGRAM|SOCK_CLOEXEC|SOCK_NONBLOCK, IPPROTO_IP <unfinished ...>
10788 openat(AT_FDCWD, "/proc/10838/stat", O_RDONLY|O_CLOEXEC <unfinished ...>
10809 <... socket resumed>)             = 99
10808 openat(AT_FDCWD, "/tmp/playwright_chromiumdev_profile-56xg4l/Default/Extension State", O_RDONLY|O_NONBLOCK|O_CLOEXEC|O_DIRECTORY <unfinished ...>
10809 setsockopt(99, SOL_IP, IP_RECVERR, [1], 4 <unfinished ...>
10788 <... openat resumed>)             = 100
10809 <... setsockopt resumed>)         = 0
10808 <... openat resumed>)             = 101
10809 connect(99, {sa_family=AF_INET, sin_port=htons(53), sin_addr=inet_addr("127.0.0.53")}, 16 <unfinished ...>
10821 openat(AT_FDCWD, "/proc/10824/task/10826/status", O_RDONLY|O_CLOEXEC <unfinished ...>
10809 <... connect resumed>)            = 0
10821 <... openat resumed>)             = 98
10809 sendto(99, "\3703\1 \0\1\0\0\0\0\0\1\3www\6google\3com\32xdy23aex2gdehfi5fo3ofqo3dg\2cx\10internal\10cloudapp\3net\0\0\1\0\1\0\0)\4\260\0\0\0\0\0\0", 95, MSG_NOSIGNAL, NULL, 0) = 95
10809 sendto(37, "\20\0\0\0p\0\0\0\210\0170z\0\0\0\0\30\0\24\0\0\0\0\0R\0\0\0\0\0\0\0\0\0\0\0\0\0\0\0H\0\0\0\0\0\0\0\23\0\0\0\0\0\0\0\5\0\0\0\0\0\0\0\0\0\0\0\1\0\0\0\0\0\0\0\0\0\0\0\0\177\1\0\0\1\0\0\0\0\0\0\0\0\0\0\0\0\0\0\0\0\0\0\0\0\0\0\0\0\0\0", 112, MSG_NOSIGNAL, NULL, 0 <unfinished ...>
10821 openat(AT_FDCWD, "/proc/10824/task/10827/status", O_RDONLY|O_CLOEXEC) = 98
10809 <... sendto resumed>)             = 112
10856 recvmsg(5, {msg_name=NULL, msg_namelen=0, msg_iov=[{iov_base="\20\0\0\0p\0\0\0\210\0170z\0\0\0\0\30\0\24\0\0\0\0\0R\0\0\0\0\0\0\0\0\0\0\0\0\0\0\0H\0\0\0\0\0\0\0\23\0\0\0\0\0\0\0\5\0\0\0\0\0\0\0\0\0\0\0\1\0\0\0\0\0\0\0\0\0\0\0\0\177\1\0\0\1\0\0\0\0\0\0\0\0\0\0\0\0\0\0\0\0\0\0\0\0\0\0\0\0\0\0", iov_len=4096}], msg_iovlen=1, msg_controllen=0, msg_flags=0}, MSG_DONTWAIT) = 112
10808 openat(AT_FDCWD, "/tmp/playwright_chromiumdev_profile-56xg4l/Default/Extension State/000003.log", O_WRONLY|O_CREAT|O_TRUNC, 0600) = 99
10788 openat(AT_FDCWD, "/proc/10839/stat", O_RDONLY|O_CLOEXEC <unfinished ...>
10856 socket(AF_INET, SOCK_DGRAM, IPPROTO_IP <unfinished ...>
10808 openat(AT_FDCWD, "/tmp/playwright_chromiumdev_profile-56xg4l/Default/Extension State", O_RDONLY|O_NONBLOCK|O_CLOEXEC|O_DIRECTORY <unfinished ...>
10788 <... openat resumed>)             = 96
10856 <... socket resumed>)             = 21
10808 <... openat resumed>)             = 100
10856 bind(21, {sa_family=AF_INET, sin_port=htons(49272), sin_addr=inet_addr("0.0.0.0")}, 16) = 0
10856 connect(21, {sa_family=AF_INET, sin_port=htons(53), sin_addr=inet_addr("127.0.0.53")}, 16 <unfinished ...>
10821 openat(AT_FDCWD, "/proc/10824/task/10828/status", O_RDONLY|O_CLOEXEC <unfinished ...>
10856 <... connect resumed>)            = 0
10821 <... openat resumed>)             = 98
10856 getsockname(21, {sa_family=AF_INET, sin_port=htons(49272), sin_addr=inet_addr("127.0.0.1")}, [128 => 16]) = 0
10856 sendto(21, "R\252\1\0\0\1\0\0\0\0\0\0\3www\6google\3com\0\0A\0\1", 32, 0, NULL, 0) = 32
10856 recvmsg(21, {msg_namelen=128}, 0) = -1 ECONNREFUSED (Connection refused)
10856 socket(AF_INET, SOCK_DGRAM, IPPROTO_IP) = 26
10821 openat(AT_FDCWD, "/proc/10824/task/10829/status", O_RDONLY|O_CLOEXEC <unfinished ...>
10788 openat(AT_FDCWD, "/proc/10824/stat", O_RDONLY|O_CLOEXEC <unfinished ...>
10821 <... openat resumed>)             = 96
10808 openat(AT_FDCWD, "/tmp/playwright_chromiumdev_profile-56xg4l/Default/Extension State", O_RDONLY|O_NONBLOCK|O_CLOEXEC|O_DIRECTORY <unfinished ...>
10856 bind(26, {sa_family=AF_INET, sin_port=htons(23980), sin_addr=inet_addr("0.0.0.0")}, 16 <unfinished ...>
10788 <... openat resumed>)             = 97
10856 <... bind resumed>)               = 0
10808 <... openat resumed>)             = 98
10856 connect(26, {sa_family=AF_INET, sin_port=htons(53), sin_addr=inet_addr("127.0.0.53")}, 16) = 0
10856 getsockname(26, {sa_family=AF_INET, sin_port=htons(23980), sin_addr=inet_addr("127.0.0.1")}, [128 => 16]) = 0
10856 sendto(26, "\312\321\1\0\0\1\0\0\0\0\0\0\3www\6google\3com\0\0A\0\1", 32, 0, NULL, 0) = 32
10856 recvmsg(26, {msg_namelen=128}, 0) = -1 ECONNREFUSED (Connection refused)
10856 socket(AF_INET, SOCK_DGRAM, IPPROTO_IP <unfinished ...>
10821 openat(AT_FDCWD, "/proc/10824/task/10830/status", O_RDONLY|O_CLOEXEC <unfinished ...>
10856 <... socket resumed>)             = 27
10821 <... openat resumed>)             = 96
10856 bind(27, {sa_family=AF_INET, sin_port=htons(61365), sin_addr=inet_addr("0.0.0.0")}, 16) = 0
10856 connect(27, {sa_family=AF_INET, sin_port=htons(53), sin_addr=inet_addr("127.0.0.53")}, 16) = 0
10856 getsockname(27, {sa_family=AF_INET, sin_port=htons(61365), sin_addr=inet_addr("127.0.0.1")}, [128 => 16]) = 0
10856 sendto(27, "Q\241\1\0\0\1\0\0\0\0\0\0\3www\6google\3com\0\0\1\0\1", 32, 0, NULL, 0 <unfinished ...>
10788 sendto(45, "\20\0\0\0@\0\0\0@\0270z\0\0\0\0\30\0\26\0\0\0\0\0005\0\0\0\0\0\0\0\0\0\0\0\0\0\0\0\30\0\0\0\0\0\0\0\33\0\0\0\0\0\0\0\1\0\0\0\0\0\0\0", 64, MSG_NOSIGNAL, NULL, 0 <unfinished ...>
10856 <... sendto resumed>)             = 32
10788 <... sendto resumed>)             = 64
10856 recvmsg(27, {msg_namelen=128}, 0) = -1 ECONNREFUSED (Connection refused)
10846 recvmsg(14,  <unfinished ...>
10788 sendto(37, "\20\0\0\0@\0\0\0\255\0270z\0\0\0\0\30\0\26\0\0\0\0\0S\0\0\0\0\0\0\0\0\0\0\0\0\0\0\0\30\0\0\0\0\0\0\0+\0\0\0\0\0\0\0\1\0\0\0\0\0\0\0", 64, MSG_NOSIGNAL, NULL, 0 <unfinished ...>
10856 socket(AF_INET, SOCK_DGRAM, IPPROTO_IP <unfinished ...>
10846 <... recvmsg resumed>{msg_name=NULL, msg_namelen=0, msg_iov=[{iov_base="\20\0\0\0@\0\0\0@\0270z\0\0\0\0\30\0\26\0\0\0\0\0005\0\0\0\0\0\0\0\0\0\0\0\0\0\0\0\30\0\0\0\0\0\0\0\33\0\0\0\0\0\0\0\1\0\0\0\0\0\0\0", iov_len=4096}], msg_iovlen=1, msg_controllen=0, msg_flags=0}, MSG_DONTWAIT) = 64
10788 <... sendto resumed>)             = 64
10821 openat(AT_FDCWD, "/proc/10824/task/10831/status", O_RDONLY|O_CLOEXEC <unfinished ...>
10856 <... socket resumed>)             = 28
10788 sendto(36, "\20\0\0\0@\0\0\0J\0300z\0\0\0\0\30\0\26\0\0\0\0\0\36\0\0\0\0\0\0\0\0\0\0\0\0\0\0\0\30\0\0\0\0\0\0\0*\0\0\0\0\0\0\0\1\0\0\0\0\0\0\0", 64, MSG_NOSIGNAL, NULL, 0 <unfinished ...>
10821 <... openat resumed>)             = 94
10788 <... sendto resumed>)             = 64
10836 recvmsg(14, {msg_name=NULL, msg_namelen=0, msg_iov=[{iov_base="\20\0\0\0@\0\0\0J\0300z\0\0\0\0\30\0\26\0\0\0\0\0\36\0\0\0\0\0\0\0\0\0\0\0\0\0\0\0\30\0\0\0\0\0\0\0*\0\0\0\0\0\0\0\1\0\0\0\0\0\0\0", iov_len=4096}], msg_iovlen=1, msg_controllen=0, msg_flags=0}, MSG_DONTWAIT) = 64
10856 bind(28, {sa_family=AF_INET, sin_port=htons(64743), sin_addr=inet_addr("0.0.0.0")}, 16) = 0
10856 connect(28, {sa_family=AF_INET, sin_port=htons(53), sin_addr=inet_addr("127.0.0.53")}, 16) = 0
10856 getsockname(28, {sa_family=AF_INET, sin_port=htons(64743), sin_addr=inet_addr("127.0.0.1")}, [128 => 16]) = 0
10856 sendto(28, "\226\376\1\0\0\1\0\0\0\0\0\0\3www\6google\3com\0\0\1\0\1", 32, 0, NULL, 0) = 32
10856 recvmsg(28, {msg_namelen=128}, 0) = -1 ECONNREFUSED (Connection refused)
10856 recvmsg(5,  <unfinished ...>
10821 openat(AT_FDCWD, "/proc/10824/task/10832/status", O_RDONLY|O_CLOEXEC <unfinished ...>
10788 sendto(45, "\20\0\0\0@\0\0\0\320\0320z\0\0\0\0\30\0\26\0\0\0\0\0006\0\0\0\0\0\0\0\0\0\0\0\0\0\0\0\30\0\0\0\0\0\0\0002\0\0\0\0\0\0\0\5\0\0\0\0\0\0\0", 64, MSG_NOSIGNAL, NULL, 0 <unfinished ...>
10856 <... recvmsg resumed>{msg_name=NULL, msg_namelen=0, msg_iov=[{iov_base="\20\0\0\0@\0\0\0\255\0270z\0\0\0\0\30\0\26\0\0\0\0\0S\0\0\0\0\0\0\0\0\0\0\0\0\0\0\0\30\0\0\0\0\0\0\0+\0\0\0\0\0\0\0\1\0\0\0\0\0\0\0", iov_len=4096}], msg_iovlen=1, msg_controllen=0, msg_flags=0}, MSG_DONTWAIT) = 64
10821 <... openat resumed>)             = 94
10788 <... sendto resumed>)             = 64
10846 recvmsg(14,  <unfinished ...>
10788 sendto(37, "\20\0\0\0@\0\0\0g\0330z\0\0\0\0\30\0\26\0\0\0\0\0T\0\0\0\0\0\0\0\0\0\0\0\0\0\0\0\30\0\0\0\0\0\0\0<\0\0\0\0\0\0\0\5\0\0\0\0\0\0\0", 64, MSG_NOSIGNAL, NULL, 0 <unfinished ...>
10846 <... recvmsg resumed>{msg_name=NULL, msg_namelen=0, msg_iov=[{iov_base="\20\0\0\0@\0\0\0\320\0320z\0\0\0\0\30\0\26\0\0\0\0\0006\0\0\0\0\0\0\0\0\0\0\0\0\0\0\0\30\0\0\0\0\0\0\0002\0\0\0\0\0\0\0\5\0\0\0\0\0\0\0", iov_len=4096}], msg_iovlen=1, msg_controllen=0, msg_flags=0}, MSG_DONTWAIT) = 64
10788 <... sendto resumed>)             = 64
10856 recvmsg(5,  <unfinished ...>
10788 sendto(36, "\20\0\0\0@\0\0\0\335\0330z\0\0\0\0\30\0\26\0\0\0\0\0\37\0\0\0\0\0\0\0\0\0\0\0\0\0\0\0\30\0\0\0\0\0\0\0=\0\0\0\0\0\0\0\5\0\0\0\0\0\0\0", 64, MSG_NOSIGNAL, NULL, 0 <unfinished ...>
10856 <... recvmsg resumed>{msg_name=NULL, msg_namelen=0, msg_iov=[{iov_base="\20\0\0\0@\0\0\0g\0330z\0\0\0\0\30\0\26\0\0\0\0\0T\0\0\0\0\0\0\0\0\0\0\0\0\0\0\0\30\0\0\0\0\0\0\0<\0\0\0\0\0\0\0\5\0\0\0\0\0\0\0", iov_len=4096}], msg_iovlen=1, msg_controllen=0, msg_flags=0}, MSG_DONTWAIT) = 64
10788 <... sendto resumed>)             = 64
10836 recvmsg(14, {msg_name=NULL, msg_namelen=0, msg_iov=[{iov_base="\20\0\0\0@\0\0\0\335\0330z\0\0\0\0\30\0\26\0\0\0\0\0\37\0\0\0\0\0\0\0\0\0\0\0\0\0\0\0\30\0\0\0\0\0\0\0=\0\0\0\0\0\0\0\5\0\0\0\0\0\0\0", iov_len=4096}], msg_iovlen=1, msg_controllen=0, msg_flags=0}, MSG_DONTWAIT) = 64
10821 openat(AT_FDCWD, "/proc/10824/task/10833/status", O_RDONLY|O_CLOEXEC <unfinished ...>
10856 sendto(5, "\20\0\0\0p\0\0\0\310\0350z\0\0\0\0\30\0\24\0\0\0\0\0=\0\0\0\0\0\0\0\0\0\0\0\0\0\0\0H\0\0\0\0\0\0\0\23\0\0\0\0\0\0\0\6\0\0\0\0\0\0\0\0\0\0\0\1\0\0\0\0\0\0\0\0\0\0\0\0\177\1\0\0\1\0\0\0\0\0\0\0\0\0\0\0\0\0\0\0\0\0\0\0\0\0\0\0\0\0\0", 112, MSG_NOSIGNAL, NULL, 0 <unfinished ...>
10821 <... openat resumed>)             = 94
10856 <... sendto resumed>)             = 112
10813 recvmsg(37, {msg_name=NULL, msg_namelen=0, msg_iov=[{iov_base="\20\0\0\0p\0\0\0\310\0350z\0\0\0\0\30\0\24\0\0\0\0\0=\0\0\0\0\0\0\0\0\0\0\0\0\0\0\0H\0\0\0\0\0\0\0\23\0\0\0\0\0\0\0\6\0\0\0\0\0\0\0\0\0\0\0\1\0\0\0\0\0\0\0\0\0\0\0\0\177\1\0\0\1\0\0\0\0\0\0\0\0\0\0\0\0\0\0\0\0\0\0\0\0\0\0\0\0\0\0", iov_len=4096}], msg_iovlen=1, msg_controllen=0, msg_flags=0}, MSG_DONTWAIT) = 112
10809 openat(AT_FDCWD, "/tmp/playwright_chromiumdev_profile-56xg4l/.com.google.Chrome.Local State.mcyGw8", O_RDWR|O_CREAT|O_EXCL, 0600 <unfinished ...>
10821 openat(AT_FDCWD, "/proc/10824/task/10834/status", O_RDONLY|O_CLOEXEC <unfinished ...>
10809 <... openat resumed>)             = 94
10821 <... openat resumed>)             = 96
10808 openat(AT_FDCWD, "/tmp/playwright_chromiumdev_profile-56xg4l/.com.google.Chrome.VariationsSeedV2.PX1cya", O_RDWR|O_CREAT|O_EXCL, 0600 <unfinished ...>
10811 openat(AT_FDCWD, "/etc/hosts", O_RDONLY|O_CLOEXEC) = 98
10808 <... openat resumed>)             = 97
10788 sendto(37, "\20\0\0\0@\0\0\0\3\"0z\0\0\0\0\30\0\26\0\0\0\0\0U\0\0\0\0\0\0\0\0\0\0\0\0\0\0\0\30\0\0\0\0\0\0\0\37\0\0\0\0\0\0\0\0\0\0\0\0\0\0\0", 64, MSG_NOSIGNAL, NULL, 0) = 64
10856 recvmsg(5, {msg_name=NULL, msg_namelen=0, msg_iov=[{iov_base="\20\0\0\0@\0\0\0\3\"0z\0\0\0\0\30\0\26\0\0\0\0\0U\0\0\0\0\0\0\0\0\0\0\0\0\0\0\0\30\0\0\0\0\0\0\0\37\0\0\0\0\0\0\0\0\0\0\0\0\0\0\0", iov_len=4096}], msg_iovlen=1, msg_controllen=0, msg_flags=0}, MSG_DONTWAIT) = 64
10788 shutdown(3, SHUT_RDWR <unfinished ...>
10811 socket(AF_INET, SOCK_DGRAM|SOCK_CLOEXEC|SOCK_NONBLOCK, IPPROTO_IP <unfinished ...>
10788 <... shutdown resumed>)           = 0
10811 <... socket resumed>)             = 94
10821 openat(AT_FDCWD, "/proc/10824/task/10835/status", O_RDONLY|O_CLOEXEC <unfinished ...>
10811 setsockopt(94, SOL_IP, IP_RECVERR, [1], 4 <unfinished ...>
10821 <... openat resumed>)             = 96
10811 <... setsockopt resumed>)         = 0
10811 connect(94, {sa_family=AF_INET, sin_port=htons(53), sin_addr=inet_addr("127.0.0.53")}, 16) = 0
10768 shutdown(25, SHUT_WR)             = 0
10811 sendto(94, "\303\244\1 \0\1\0\0\0\0\0\1\3www\6google\3com\0\0\1\0\1\0\0)\4\260\0\0\0\0\0\0", 43, MSG_NOSIGNAL, NULL, 0 <unfinished ...>
10788 shutdown(4, SHUT_RDWR)            = 0
10811 <... sendto resumed>)             = 43
10811 socket(AF_INET, SOCK_DGRAM|SOCK_CLOEXEC|SOCK_NONBLOCK, IPPROTO_IP <unfinished ...>
10821 openat(AT_FDCWD, "/proc/10824/task/10836/status", O_RDONLY|O_CLOEXEC <unfinished ...>
10811 <... socket resumed>)             = 94
10821 <... openat resumed>)             = 96
10811 setsockopt(94, SOL_IP, IP_RECVERR, [1], 4) = 0
10811 connect(94, {sa_family=AF_INET, sin_port=htons(53), sin_addr=inet_addr("127.0.0.53")}, 16) = 0
10768 shutdown(27, SHUT_WR <unfinished ...>
10811 sendto(94, "\303\244\1 \0\1\0\0\0\0\0\1\3www\6google\3com\0\0\1\0\1\0\0)\4\260\0\0\0\0\0\0", 43, MSG_NOSIGNAL, NULL, 0 <unfinished ...>
10768 <... shutdown resumed>)           = 0
10811 <... sendto resumed>)             = 43
10811 socket(AF_INET, SOCK_DGRAM|SOCK_CLOEXEC|SOCK_NONBLOCK, IPPROTO_IP <unfinished ...>
10821 openat(AT_FDCWD, "/proc/10824/task/10837/status", O_RDONLY|O_CLOEXEC <unfinished ...>
10811 <... socket resumed>)             = 94
10821 <... openat resumed>)             = 96
10811 setsockopt(94, SOL_IP, IP_RECVERR, [1], 4) = 0
10811 connect(94, {sa_family=AF_INET, sin_port=htons(53), sin_addr=inet_addr("127.0.0.53")}, 16) = 0
10788 sendto(37, "\20\0\0\0@\0\0\0?)0z\0\0\0\0\30\0\26\0\0\0\0\0V\0\0\0\0\0\0\0\0\0\0\0\0\0\0\0\30\0\0\0\0\0\0\0d\0\0\0\0\0\0\0\0\0\0\0\0\0\0\0", 64, MSG_NOSIGNAL, NULL, 0) = 64
10811 sendto(94, "\246\333\1 \0\1\0\0\0\0\0\1\3www\6google\3com\32xdy23aex2gdehfi5fo3ofqo3dg\2cx\10internal\10cloudapp\3net\0\0\1\0\1\0\0)\4\260\0\0\0\0\0\0", 95, MSG_NOSIGNAL, NULL, 0 <unfinished ...>
10856 recvmsg(5,  <unfinished ...>
10788 sendto(37, "\20\0\0\0@\0\0\0\246)0z\0\0\0\0\30\0\26\0\0\0\0\0W\0\0\0\0\0\0\0\0\0\0\0\0\0\0\0\30\0\0\0\0\0\0\0b\0\0\0\0\0\0\0\0\0\0\0\0\0\0\0", 64, MSG_NOSIGNAL, NULL, 0 <unfinished ...>
10811 <... sendto resumed>)             = 95
10856 <... recvmsg resumed>{msg_name=NULL, msg_namelen=0, msg_iov=[{iov_base="\20\0\0\0@\0\0\0?)0z\0\0\0\0\30\0\26\0\0\0\0\0V\0\0\0\0\0\0\0\0\0\0\0\0\0\0\0\30\0\0\0\0\0\0\0d\0\0\0\0\0\0\0\0\0\0\0\0\0\0\0", iov_len=4096}], msg_iovlen=1, msg_controllen=0, msg_flags=0}, MSG_DONTWAIT) = 64
10788 <... sendto resumed>)             = 64
10856 recvmsg(5, {msg_name=NULL, msg_namelen=0, msg_iov=[{iov_base="\20\0\0\0@\0\0\0\246)0z\0\0\0\0\30\0\26\0\0\0\0\0W\0\0\0\0\0\0\0\0\0\0\0\0\0\0\0\30\0\0\0\0\0\0\0b\0\0\0\0\0\0\0\0\0\0\0\0\0\0\0", iov_len=4096}], msg_iovlen=1, msg_controllen=0, msg_flags=0}, MSG_DONTWAIT) = 64
10811 socket(AF_INET, SOCK_DGRAM|SOCK_CLOEXEC|SOCK_NONBLOCK, IPPROTO_IP) = 94
10811 setsockopt(94, SOL_IP, IP_RECVERR, [1], 4) = 0
10811 connect(94, {sa_family=AF_INET, sin_port=htons(53), sin_addr=inet_addr("127.0.0.53")}, 16) = 0
10821 openat(AT_FDCWD, "/proc/10839/task", O_RDONLY|O_DIRECTORY) = 96
10811 sendto(94, "\246\333\1 \0\1\0\0\0\0\0\1\3www\6google\3com\32xdy23aex2gdehfi5fo3ofqo3dg\2cx\10internal\10cloudapp\3net\0\0\1\0\1\0\0)\4\260\0\0\0\0\0\0", 95, MSG_NOSIGNAL, NULL, 0) = 95
10821 openat(AT_FDCWD, "/proc/10839/task/10839/status", O_RDONLY|O_CLOEXEC) = 94
10809 sendto(37, "\20\0\0\0p\0\0\09-0z\0\0\0\0\30\0\24\0\0\0\0\0X\0\0\0\0\0\0\0\0\0\0\0\0\0\0\0H\0\0\0\0\0\0\0\23\0\0\0\0\0\0\0\6\0\0\0\0\0\0\0\0\0\0\0\1\0\0\0\0\0\0\0\0\0\0\0\0\177\1\0\0\1\0\0\0\0\0\0\0\0\0\0\0\0\0\0\0\0\0\0\0\0\0\0\0\0\0\0", 112, MSG_NOSIGNAL, NULL, 0) = 112
10856 recvmsg(5, {msg_name=NULL, msg_namelen=0, msg_iov=[{iov_base="\20\0\0\0p\0\0\09-0z\0\0\0\0\30\0\24\0\0\0\0\0X\0\0\0\0\0\0\0\0\0\0\0\0\0\0\0H\0\0\0\0\0\0\0\23\0\0\0\0\0\0\0\6\0\0\0\0\0\0\0\0\0\0\0\1\0\0\0\0\0\0\0\0\0\0\0\0\177\1\0\0\1\0\0\0\0\0\0\0\0\0\0\0\0\0\0\0\0\0\0\0\0\0\0\0\0\0\0", iov_len=4096}], msg_iovlen=1, msg_controllen=0, msg_flags=0}, MSG_DONTWAIT) = 112
10788 sendto(37, "\20\0\0\0@\0\0\0\2.0z\0\0\0\0\30\0\26\0\0\0\0\0Y\0\0\0\0\0\0\0\0\0\0\0\0\0\0\0\30\0\0\0\0\0\0\0j\0\0\0\0\0\0\0\1\0\0\0\0\0\0\0", 64, MSG_NOSIGNAL, NULL, 0) = 64
10856 recvmsg(5, {msg_name=NULL, msg_namelen=0, msg_iov=[{iov_base="\20\0\0\0@\0\0\0\2.0z\0\0\0\0\30\0\26\0\0\0\0\0Y\0\0\0\0\0\0\0\0\0\0\0\0\0\0\0\30\0\0\0\0\0\0\0j\0\0\0\0\0\0\0\1\0\0\0\0\0\0\0", iov_len=4096}], msg_iovlen=1, msg_controllen=0, msg_flags=0}, MSG_DONTWAIT) = 64
10856 sendto(5, "\20\0\0\0p\0\0\0*/0z\0\0\0\0\30\0\24\0\0\0\0\0>\0\0\0\0\0\0\0\0\0\0\0\0\0\0\0H\0\0\0\0\0\0\0\214\0\0\0\0\0\0\0\0\0\0\0\0\0\0\0\0\0\0\0\1\0\0\0\0\0\0\0\0\0\0\0\0\177\1\0\0\1\0\0\0\0\0\0\0\0\0\0\0\0\0\0\0\0\0\0\0\0\0\0\0\0\0\0", 112, MSG_NOSIGNAL, NULL, 0) = 112
10856 sendto(5, "\20\0\0\0@\0\0\0w/0z\0\0\0\0\30\0\26\0\0\0\0\0?\0\0\0\0\0\0\0\0\0\0\0\0\0\0\0\30\0\0\0\0\0\0\0\214\0\0\0\0\0\0\0\1\0\0\0\0\0\0\0", 64, MSG_NOSIGNAL, NULL, 0 <unfinished ...>
10821 openat(AT_FDCWD, "/proc/10839/task/10842/status", O_RDONLY|O_CLOEXEC <unfinished ...>
10813 recvmsg(37,  <unfinished ...>
10856 <... sendto resumed>)             = 64
10821 <... openat resumed>)             = 94
10813 <... recvmsg resumed>{msg_name=NULL, msg_namelen=0, msg_iov=[{iov_base="\20\0\0\0p\0\0\0*/0z\0\0\0\0\30\0\24\0\0\0\0\0>\0\0\0\0\0\0\0\0\0\0\0\0\0\0\0H\0\0\0\0\0\0\0\214\0\0\0\0\0\0\0\0\0\0\0\0\0\0\0\0\0\0\0\1\0\0\0\0\0\0\0\0\0\0\0\0\177\1\0\0\1\0\0\0\0\0\0\0\0\0\0\0\0\0\0\0\0\0\0\0\0\0\0\0\0\0\0\20\0\0\0@\0\0\0w/0z\0\0\0\0\30\0\26\0\0\0\0\0?\0\0\0\0\0\0\0\0\0\0\0\0\0\0\0\30\0\0\0\0\0\0\0\214\0\0\0\0\0\0\0\1\0\0\0\0\0\0\0", iov_len=4096}], msg_iovlen=1, msg_controllen=0, msg_flags=0}, MSG_DONTWAIT) = 176
10856 sendto(5, "\20\0\0\0@\0\0\0\345/0z\0\0\0\0\30\0\26\0\0\0\0\0@\0\0\0\0\0\0\0\0\0\0\0\0\0\0\0\30\0\0\0\0\0\0\0\212\0\0\0\0\0\0\0\0\0\0\0\0\0\0\0", 64, MSG_NOSIGNAL, NULL, 0) = 64
10813 recvmsg(37, {msg_name=NULL, msg_namelen=0, msg_iov=[{iov_base="\20\0\0\0@\0\0\0\345/0z\0\0\0\0\30\0\26\0\0\0\0\0@\0\0\0\0\0\0\0\0\0\0\0\0\0\0\0\30\0\0\0\0\0\0\0\212\0\0\0\0\0\0\0\0\0\0\0\0\0\0\0", iov_len=4096}], msg_iovlen=1, msg_controllen=0, msg_flags=0}, MSG_DONTWAIT) = 64
10821 openat(AT_FDCWD, "/proc/10839/task/10843/status", O_RDONLY|O_CLOEXEC) = 94
10788 sendto(37, "\20\0\0\0@\0\0\0\02220z\0\0\0\0\30\0\26\0\0\0\0\0Z\0\0\0\0\0\0\0\0\0\0\0\0\0\0\0\30\0\0\0\0\0\0\0\200\0\0\0\0\0\0\0\0\0\0\0\0\0\0\0", 64, MSG_NOSIGNAL, NULL, 0) = 64
10856 recvmsg(5, {msg_name=NULL, msg_namelen=0, msg_iov=[{iov_base="\20\0\0\0@\0\0\0\02220z\0\0\0\0\30\0\26\0\0\0\0\0Z\0\0\0\0\0\0\0\0\0\0\0\0\0\0\0\30\0\0\0\0\0\0\0\200\0\0\0\0\0\0\0\0\0\0\0\0\0\0\0", iov_len=4096}], msg_iovlen=1, msg_controllen=0, msg_flags=0}, MSG_DONTWAIT) = 64
10821 openat(AT_FDCWD, "/proc/10839/task", O_RDONLY|O_DIRECTORY <unfinished ...>
10788 sendto(37, "\20\0\0\0@\0\0\0x40z\0\0\0\0\30\0\26\0\0\0\0\0[\0\0\0\0\0\0\0\0\0\0\0\0\0\0\0\30\0\0\0\0\0\0\0\236\0\0\0\0\0\0\0\1\0\0\0\0\0\0\0", 64, MSG_NOSIGNAL, NULL, 0 <unfinished ...>
10821 <... openat resumed>)             = 94
10788 <... sendto resumed>)             = 64
10856 recvmsg(5,  <unfinished ...>
10788 sendto(37, "\20\0\0\0@\0\0\0\00350z\0\0\0\0\30\0\26\0\0\0\0\0\\\0\0\0\0\0\0\0\0\0\0\0\0\0\0\0\30\0\0\0\0\0\0\0\216\0\0\0\0\0\0\0\2\0\0\0\0\0\0\0", 64, MSG_NOSIGNAL, NULL, 0 <unfinished ...>
10856 <... recvmsg resumed>{msg_name=NULL, msg_namelen=0, msg_iov=[{iov_base="\20\0\0\0@\0\0\0x40z\0\0\0\0\30\0\26\0\0\0\0\0[\0\0\0\0\0\0\0\0\0\0\0\0\0\0\0\30\0\0\0\0\0\0\0\236\0\0\0\0\0\0\0\1\0\0\0\0\0\0\0", iov_len=4096}], msg_iovlen=1, msg_controllen=0, msg_flags=0}, MSG_DONTWAIT) = 64
10788 <... sendto resumed>)             = 64
10856 recvmsg(5,  <unfinished ...>
10821 openat(AT_FDCWD, "/proc/10839/task/10839/status", O_RDONLY|O_CLOEXEC <unfinished ...>
10856 <... recvmsg resumed>{msg_name=NULL, msg_namelen=0, msg_iov=[{iov_base="\20\0\0\0@\0\0\0\00350z\0\0\0\0\30\0\26\0\0\0\0\0\\\0\0\0\0\0\0\0\0\0\0\0\0\0\0\0\30\0\0\0\0\0\0\0\216\0\0\0\0\0\0\0\2\0\0\0\0\0\0\0", iov_len=4096}], msg_iovlen=1, msg_controllen=0, msg_flags=0}, MSG_DONTWAIT) = 64
10821 <... openat resumed>)             = 94
10856 sendto(5, "\20\0\0\0@\0\0\0\23260z\0\0\0\0\30\0\26\0\0\0\0\0A\0\0\0\0\0\0\0\0\0\0\0\0\0\0\0\30\0\0\0\0\0\0\0\244\0\0\0\0\0\0\0\0\0\0\0\0\0\0\0", 64, MSG_NOSIGNAL, NULL, 0) = 64
10813 recvmsg(37, {msg_name=NULL, msg_namelen=0, msg_iov=[{iov_base="\20\0\0\0@\0\0\0\23260z\0\0\0\0\30\0\26\0\0\0\0\0A\0\0\0\0\0\0\0\0\0\0\0\0\0\0\0\30\0\0\0\0\0\0\0\244\0\0\0\0\0\0\0\0\0\0\0\0\0\0\0", iov_len=4096}], msg_iovlen=1, msg_controllen=0, msg_flags=0}, MSG_DONTWAIT) = 64
10856 sendto(5, "\20\0\0\0@\0\0\0\2390z\0\0\0\0\30\0\26\0\0\0\0\0B\0\0\0\0\0\0\0\0\0\0\0\0\0\0\0\30\0\0\0\0\0\0\0\222\0\0\0\0\0\0\0\0\0\0\0\0\0\0\0", 64, MSG_NOSIGNAL, NULL, 0) = 64
10856 sendto(5, "\20\0\0\0@\0\0\0\27090z\0\0\0\0\30\0\26\0\0\0\0\0C\0\0\0\0\0\0\0\0\0\0\0\0\0\0\0\30\0\0\0\0\0\0\0\220\0\0\0\0\0\0\0\0\0\0\0\0\0\0\0", 64, MSG_NOSIGNAL, NULL, 0 <unfinished ...>
10813 recvmsg(37,  <unfinished ...>
10856 <... sendto resumed>)             = 64
10821 openat(AT_FDCWD, "/proc/10839/task/10842/status", O_RDONLY|O_CLOEXEC <unfinished ...>
10813 <... recvmsg resumed>{msg_name=NULL, msg_namelen=0, msg_iov=[{iov_base="\20\0\0\0@\0\0\0\2390z\0\0\0\0\30\0\26\0\0\0\0\0B\0\0\0\0\0\0\0\0\0\0\0\0\0\0\0\30\0\0\0\0\0\0\0\222\0\0\0\0\0\0\0\0\0\0\0\0\0\0\0\20\0\0\0@\0\0\0\27090z\0\0\0\0\30\0\26\0\0\0\0\0C\0\0\0\0\0\0\0\0\0\0\0\0\0\0\0\30\0\0\0\0\0\0\0\220\0\0\0\0\0\0\0\0\0\0\0\0\0\0\0", iov_len=4096}], msg_iovlen=1, msg_controllen=0, msg_flags=0}, MSG_DONTWAIT) = 128
10856 sendto(5, "\20\0\0\0@\0\0\0\214:0z\0\0\0\0\30\0\26\0\0\0\0\0D\0\0\0\0\0\0\0\0\0\0\0\0\0\0\0\30\0\0\0\0\0\0\0\224\0\0\0\0\0\0\0\0\0\0\0\0\0\0\0", 64, MSG_NOSIGNAL, NULL, 0 <unfinished ...>
10821 <... openat resumed>)             = 55
10856 <... sendto resumed>)             = 64
10856 sendto(5, "\20\0\0\0@\0\0\0';0z\0\0\0\0\30\0\26\0\0\0\0\0E\0\0\0\0\0\0\0\0\0\0\0\0\0\0\0\30\0\0\0\0\0\0\0\226\0\0\0\0\0\0\0\0\0\0\0\0\0\0\0", 64, MSG_NOSIGNAL, NULL, 0 <unfinished ...>
10813 recvmsg(37,  <unfinished ...>
10856 <... sendto resumed>)             = 64
10813 <... recvmsg resumed>{msg_name=NULL, msg_namelen=0, msg_iov=[{iov_base="\20\0\0\0@\0\0\0\214:0z\0\0\0\0\30\0\26\0\0\0\0\0D\0\0\0\0\0\0\0\0\0\0\0\0\0\0\0\30\0\0\0\0\0\0\0\224\0\0\0\0\0\0\0\0\0\0\0\0\0\0\0\20\0\0\0@\0\0\0';0z\0\0\0\0\30\0\26\0\0\0\0\0E\0\0\0\0\0\0\0\0\0\0\0\0\0\0\0\30\0\0\0\0\0\0\0\226\0\0\0\0\0\0\0\0\0\0\0\0\0\0\0", iov_len=4096}], msg_iovlen=1, msg_controllen=0, msg_flags=0}, MSG_DONTWAIT) = 128
10856 sendto(5, "\20\0\0\0@\0\0\0\313;0z\0\0\0\0\30\0\26\0\0\0\0\0F\0\0\0\0\0\0\0\0\0\0\0\0\0\0\0\30\0\0\0\0\0\0\0\246\0\0\0\0\0\0\0\0\0\0\0\0\0\0\0", 64, MSG_NOSIGNAL, NULL, 0) = 64
10856 sendto(5, "\20\0\0\0@\0\0\0M<0z\0\0\0\0\30\0\26\0\0\0\0\0G\0\0\0\0\0\0\0\0\0\0\0\0\0\0\0\30\0\0\0\0\0\0\0\232\0\0\0\0\0\0\0\0\0\0\0\0\0\0\0", 64, MSG_NOSIGNAL, NULL, 0 <unfinished ...>
10813 recvmsg(37,  <unfinished ...>
10856 <... sendto resumed>)             = 64
10813 <... recvmsg resumed>{msg_name=NULL, msg_namelen=0, msg_iov=[{iov_base="\20\0\0\0@\0\0\0\313;0z\0\0\0\0\30\0\26\0\0\0\0\0F\0\0\0\0\0\0\0\0\0\0\0\0\0\0\0\30\0\0\0\0\0\0\0\246\0\0\0\0\0\0\0\0\0\0\0\0\0\0\0\20\0\0\0@\0\0\0M<0z\0\0\0\0\30\0\26\0\0\0\0\0G\0\0\0\0\0\0\0\0\0\0\0\0\0\0\0\30\0\0\0\0\0\0\0\232\0\0\0\0\0\0\0\0\0\0\0\0\0\0\0", iov_len=4096}], msg_iovlen=1, msg_controllen=0, msg_flags=0}, MSG_DONTWAIT) = 128
10856 sendto(5, "\20\0\0\0@\0\0\0\344<0z\0\0\0\0\30\0\26\0\0\0\0\0H\0\0\0\0\0\0\0\0\0\0\0\0\0\0\0\30\0\0\0\0\0\0\0\230\0\0\0\0\0\0\0\2\0\0\0\0\0\0\0", 64, MSG_NOSIGNAL, NULL, 0) = 64
10856 sendto(5, "\20\0\0\0@\0\0\0\242=0z\0\0\0\0\30\0\26\0\0\0\0\0I\0\0\0\0\0\0\0\0\0\0\0\0\0\0\0\30\0\0\0\0\0\0\0\234\0\0\0\0\0\0\0\0\0\0\0\0\0\0\0", 64, MSG_NOSIGNAL, NULL, 0 <unfinished ...>
10813 recvmsg(37,  <unfinished ...>
10856 <... sendto resumed>)             = 64
10813 <... recvmsg resumed>{msg_name=NULL, msg_namelen=0, msg_iov=[{iov_base="\20\0\0\0@\0\0\0\344<0z\0\0\0\0\30\0\26\0\0\0\0\0H\0\0\0\0\0\0\0\0\0\0\0\0\0\0\0\30\0\0\0\0\0\0\0\230\0\0\0\0\0\0\0\2\0\0\0\0\0\0\0\20\0\0\0@\0\0\0\242=0z\0\0\0\0\30\0\26\0\0\0\0\0I\0\0\0\0\0\0\0\0\0\0\0\0\0\0\0\30\0\0\0\0\0\0\0\234\0\0\0\0\0\0\0\0\0\0\0\0\0\0\0", iov_len=4096}], msg_iovlen=1, msg_controllen=0, msg_flags=0}, MSG_DONTWAIT) = 128
10821 openat(AT_FDCWD, "/proc/10839/task/10843/status", O_RDONLY|O_CLOEXEC) = 55
10821 openat(AT_FDCWD, "/proc/10839/task/10844/status", O_RDONLY|O_CLOEXEC) = 55
10821 openat(AT_FDCWD, "/proc/10839/task", O_RDONLY|O_DIRECTORY) = 55
10821 openat(AT_FDCWD, "/proc/10839/task/10839/status", O_RDONLY|O_CLOEXEC) = 55
10821 openat(AT_FDCWD, "/proc/10839/task/10842/status", O_RDONLY|O_CLOEXEC) = 55
10821 openat(AT_FDCWD, "/proc/10839/task/10843/status", O_RDONLY|O_CLOEXEC) = 41
10821 openat(AT_FDCWD, "/proc/10839/task/10844/status", O_RDONLY|O_CLOEXEC) = 41
10821 openat(AT_FDCWD, "/proc/10839/task/10845/status", O_RDONLY|O_CLOEXEC) = 38
10788 sendto(45, "\20\0\0\0@\0\0\0\373S0z\0\0\0\0\30\0\26\0\0\0\0\0007\0\0\0\0\0\0\0\0\0\0\0\0\0\0\0\30\0\0\0\0\0\0\0\23\0\0\0\0\0\0\0\0\0\0\0\0\0\0\0", 64, MSG_NOSIGNAL, NULL, 0) = 64
10788 sendto(45, "\20\0\0\0@\0\0\0}T0z\0\0\0\0\30\0\26\0\0\0\0\08\0\0\0\0\0\0\0\0\0\0\0\0\0\0\0\30\0\0\0\0\0\0\0\26\0\0\0\0\0\0\0\1\0\0\0\0\0\0\0", 64, MSG_NOSIGNAL, NULL, 0 <unfinished ...>
10846 recvmsg(14, {msg_name=NULL, msg_namelen=0, msg_iov=[{iov_base="\20\0\0\0@\0\0\0\373S0z\0\0\0\0\30\0\26\0\0\0\0\0007\0\0\0\0\0\0\0\0\0\0\0\0\0\0\0\30\0\0\0\0\0\0\0\23\0\0\0\0\0\0\0\0\0\0\0\0\0\0\0", iov_len=4096}], msg_iovlen=1, msg_controllen=0, msg_flags=0}, MSG_DONTWAIT) = 64
10788 <... sendto resumed>)             = 64
10846 recvmsg(14, {msg_name=NULL, msg_namelen=0, msg_iov=[{iov_base="\20\0\0\0@\0\0\0}T0z\0\0\0\0\30\0\26\0\0\0\0\08\0\0\0\0\0\0\0\0\0\0\0\0\0\0\0\30\0\0\0\0\0\0\0\26\0\0\0\0\0\0\0\1\0\0\0\0\0\0\0", iov_len=4096}], msg_iovlen=1, msg_controllen=0, msg_flags=0}, MSG_DONTWAIT) = 64
10821 openat(AT_FDCWD, "/proc/10839/task", O_RDONLY|O_DIRECTORY) = 38
10788 sendto(37, "\20\0\0\0@\0\0\0wV0z\0\0\0\0\30\0\26\0\0\0\0\0]\0\0\0\0\0\0\0\0\0\0\0\0\0\0\0\30\0\0\0\0\0\0\0\204\0\0\0\0\0\0\0\0\0\0\0\0\0\0\0", 64, MSG_NOSIGNAL, NULL, 0 <unfinished ...>
10845 sendto(14, "\20\0\0\0p\0\0\0\267V0z\0\0\0\0\30\0\24\0\0\0\0\0002\0\0\0\0\0\0\0\0\0\0\0\0\0\0\0H\0\0\0\0\0\0\0000\0\0\0\0\0\0\0\0\0\0\0\0\0\0\0\0\0\0\0\1\0\0\0\0\0\0\0\0\0\0\0\0z\1\0\0\1\0\0\0\0\0\0\0\0\0\0\0\0\0\0\0\0\0\0\0\0\0\0\0\0\0\0", 112, MSG_NOSIGNAL, NULL, 0 <unfinished ...>
10788 <... sendto resumed>)             = 64
10845 <... sendto resumed>)             = 112
10856 recvmsg(5,  <unfinished ...>
10788 sendto(37, "\20\0\0\0@\0\0\0\22W0z\0\0\0\0\30\0\26\0\0\0\0\0^\0\0\0\0\0\0\0\0\0\0\0\0\0\0\0\30\0\0\0\0\0\0\0n\0\0\0\0\0\0\0\0\0\0\0\0\0\0\0", 64, MSG_NOSIGNAL, NULL, 0 <unfinished ...>
10813 recvmsg(45,  <unfinished ...>
10856 <... recvmsg resumed>{msg_name=NULL, msg_namelen=0, msg_iov=[{iov_base="\20\0\0\0@\0\0\0wV0z\0\0\0\0\30\0\26\0\0\0\0\0]\0\0\0\0\0\0\0\0\0\0\0\0\0\0\0\30\0\0\0\0\0\0\0\204\0\0\0\0\0\0\0\0\0\0\0\0\0\0\0", iov_len=4096}], msg_iovlen=1, msg_controllen=0, msg_flags=0}, MSG_DONTWAIT) = 64
10788 <... sendto resumed>)             = 64
10813 <... recvmsg resumed>{msg_name=NULL, msg_namelen=0, msg_iov=[{iov_base="\20\0\0\0p\0\0\0\267V0z\0\0\0\0\30\0\24\0\0\0\0\0002\0\0\0\0\0\0\0\0\0\0\0\0\0\0\0H\0\0\0\0\0\0\0000\0\0\0\0\0\0\0\0\0\0\0\0\0\0\0\0\0\0\0\1\0\0\0\0\0\0\0\0\0\0\0\0z\1\0\0\1\0\0\0\0\0\0\0\0\0\0\0\0\0\0\0\0\0\0\0\0\0\0\0\0\0\0", iov_len=4096}], msg_iovlen=1, msg_controllen=0, msg_flags=0}, MSG_DONTWAIT) = 112
10788 sendto(37, "\20\0\0\0@\0\0\0\232W0z\0\0\0\0\30\0\26\0\0\0\0\0_\0\0\0\0\0\0\0\0\0\0\0\0\0\0\0\30\0\0\0\0\0\0\0t\0\0\0\0\0\0\0\0\0\0\0\0\0\0\0", 64, MSG_NOSIGNAL, NULL, 0 <unfinished ...>
10856 recvmsg(5,  <unfinished ...>
10788 <... sendto resumed>)             = 64
10856 <... recvmsg resumed>{msg_name=NULL, msg_namelen=0, msg_iov=[{iov_base="\20\0\0\0@\0\0\0\22W0z\0\0\0\0\30\0\26\0\0\0\0\0^\0\0\0\0\0\0\0\0\0\0\0\0\0\0\0\30\0\0\0\0\0\0\0n\0\0\0\0\0\0\0\0\0\0\0\0\0\0\0\20\0\0\0@\0\0\0\232W0z\0\0\0\0\30\0\26\0\0\0\0\0_\0\0\0\0\0\0\0\0\0\0\0\0\0\0\0\30\0\0\0\0\0\0\0t\0\0\0\0\0\0\0\0\0\0\0\0\0\0\0", iov_len=4096}], msg_iovlen=1, msg_controllen=0, msg_flags=0}, MSG_DONTWAIT) = 128
10821 openat(AT_FDCWD, "/proc/10839/task/10839/status", O_RDONLY|O_CLOEXEC <unfinished ...>
10788 sendto(37, "\20\0\0\0@\0\0\0\37X0z\0\0\0\0\30\0\26\0\0\0\0\0`\0\0\0\0\0\0\0\0\0\0\0\0\0\0\0\30\0\0\0\0\0\0\0z\0\0\0\0\0\0\0\1\0\0\0\0\0\0\0", 64, MSG_NOSIGNAL, NULL, 0 <unfinished ...>
10821 <... openat resumed>)             = 38
10788 <... sendto resumed>)             = 64
10856 recvmsg(5, {msg_name=NULL, msg_namelen=0, msg_iov=[{iov_base="\20\0\0\0@\0\0\0\37X0z\0\0\0\0\30\0\26\0\0\0\0\0`\0\0\0\0\0\0\0\0\0\0\0\0\0\0\0\30\0\0\0\0\0\0\0z\0\0\0\0\0\0\0\1\0\0\0\0\0\0\0", iov_len=4096}], msg_iovlen=1, msg_controllen=0, msg_flags=0}, MSG_DONTWAIT) = 64
10808 sendto(45, "\20\0\0\0p\0\0\0\370X0z\0\0\0\0\30\0\24\0\0\0\0\09\0\0\0\0\0\0\0\0\0\0\0\0\0\0\0H\0\0\0\0\0\0\0000\0\0\0\0\0\0\0\0\0\0\0\0\0\0\0\0\0\0\0\1\0\0\0\0\0\0\0\0\0\0\0\0|\1\0\0\1\0\0\0\0\0\0\0\0\0\0\0\0\0\0\0\0\0\0\0\0\0\0\0\0\0\0", 112, MSG_NOSIGNAL, NULL, 0 <unfinished ...>
10788 sendto(37, "\20\0\0\0@\0\0\0\6Y0z\0\0\0\0\30\0\26\0\0\0\0\0a\0\0\0\0\0\0\0\0\0\0\0\0\0\0\0\30\0\0\0\0\0\0\0p\0\0\0\0\0\0\0\0\0\0\0\0\0\0\0", 64, MSG_NOSIGNAL, NULL, 0 <unfinished ...>
10808 <... sendto resumed>)             = 112
10788 <... sendto resumed>)             = 64
10846 recvmsg(14, {msg_name=NULL, msg_namelen=0, msg_iov=[{iov_base="\20\0\0\0p\0\0\0\370X0z\0\0\0\0\30\0\24\0\0\0\0\09\0\0\0\0\0\0\0\0\0\0\0\0\0\0\0H\0\0\0\0\0\0\0000\0\0\0\0\0\0\0\0\0\0\0\0\0\0\0\0\0\0\0\1\0\0\0\0\0\0\0\0\0\0\0\0|\1\0\0\1\0\0\0\0\0\0\0\0\0\0\0\0\0\0\0\0\0\0\0\0\0\0\0\0\0\0", iov_len=4096}], msg_iovlen=1, msg_controllen=0, msg_flags=0}, MSG_DONTWAIT) = 112
10856 recvmsg(5,  <unfinished ...>
10813 sendto(37, "\20\0\0\0@\0\0\0qY0z\0\0\0\0\30\0\26\0\0\0\0\0b\0\0\0\0\0\0\0\0\0\0\0\0\0\0\0\30\0\0\0\0\0\0\0r\0\0\0\0\0\0\0\0\0\0\0\0\0\0\0", 64, MSG_NOSIGNAL, NULL, 0 <unfinished ...>
10856 <... recvmsg resumed>{msg_name=NULL, msg_namelen=0, msg_iov=[{iov_base="\20\0\0\0@\0\0\0\6Y0z\0\0\0\0\30\0\26\0\0\0\0\0a\0\0\0\0\0\0\0\0\0\0\0\0\0\0\0\30\0\0\0\0\0\0\0p\0\0\0\0\0\0\0\0\0\0\0\0\0\0\0", iov_len=4096}], msg_iovlen=1, msg_controllen=0, msg_flags=0}, MSG_DONTWAIT) = 64
10813 <... sendto resumed>)             = 64
10788 sendto(37, "\20\0\0\0@\0\0\0\5Z0z\0\0\0\0\30\0\26\0\0\0\0\0c\0\0\0\0\0\0\0\0\0\0\0\0\0\0\0\30\0\0\0\0\0\0\0\\\0\0\0\0\0\0\0\21\0\0\0\0\0\0\0", 64, MSG_NOSIGNAL, NULL, 0 <unfinished ...>
10856 recvmsg(5, {msg_name=NULL, msg_namelen=0, msg_iov=[{iov_base="\20\0\0\0@\0\0\0qY0z\0\0\0\0\30\0\26\0\0\0\0\0b\0\0\0\0\0\0\0\0\0\0\0\0\0\0\0\30\0\0\0\0\0\0\0r\0\0\0\0\0\0\0\0\0\0\0\0\0\0\0\20\0\0\0@\0\0\0\5Z0z\0\0\0\0\30\0\26\0\0\0\0\0c\0\0\0\0\0\0\0\0\0\0\0\0\0\0\0\30\0\0\0\0\0\0\0\\\0\0\0\0\0\0\0\21\0\0\0\0\0\0\0", iov_len=4096}], msg_iovlen=1, msg_controllen=0, msg_flags=0}, MSG_DONTWAIT) = 128
10845 sendto(14, "\20\0\0\0@\0\0\0\301Z0z\0\0\0\0\30\0\26\0\0\0\0\0003\0\0\0\0\0\0\0\0\0\0\0\0\0\0\0\30\0\0\0\0\0\0\0000\0\0\0\0\0\0\0\1\0\0\0\0\0\0\0", 64, MSG_NOSIGNAL, NULL, 0 <unfinished ...>
10788 <... sendto resumed>)             = 64
10845 <... sendto resumed>)             = 64
10856 sendto(5, "\20\0\0\0@\0\0\0)[0z\0\0\0\0\30\0\26\0\0\0\0\0J\0\0\0\0\0\0\0\0\0\0\0\0\0\0\0\30\0\0\0\0\0\0\0\202\0\0\0\0\0\0\0\0\0\0\0\0\0\0\0", 64, MSG_NOSIGNAL, NULL, 0 <unfinished ...>
10821 openat(AT_FDCWD, "/proc/10839/task/10842/status", O_RDONLY|O_CLOEXEC <unfinished ...>
10856 <... sendto resumed>)             = 64
10813 recvmsg(45,  <unfinished ...>
10821 <... openat resumed>)             = 38
10813 <... recvmsg resumed>{msg_name=NULL, msg_namelen=0, msg_iov=[{iov_base="\20\0\0\0@\0\0\0\301Z0z\0\0\0\0\30\0\26\0\0\0\0\0003\0\0\0\0\0\0\0\0\0\0\0\0\0\0\0\30\0\0\0\0\0\0\0000\0\0\0\0\0\0\0\1\0\0\0\0\0\0\0", iov_len=4096}], msg_iovlen=1, msg_controllen=0, msg_flags=0}, MSG_DONTWAIT) = 64
10856 sendto(5, "\20\0\0\0@\0\0\0\221[0z\0\0\0\0\30\0\26\0\0\0\0\0K\0\0\0\0\0\0\0\0\0\0\0\0\0\0\0\30\0\0\0\0\0\0\0|\0\0\0\0\0\0\0\0\0\0\0\0\0\0\0", 64, MSG_NOSIGNAL, NULL, 0) = 64
10856 sendto(5, "\20\0\0\0@\0\0\0\260\\0z\0\0\0\0\30\0\26\0\0\0\0\0L\0\0\0\0\0\0\0\0\0\0\0\0\0\0\0\30\0\0\0\0\0\0\0x\0\0\0\0\0\0\0\0\0\0\0\0\0\0\0", 64, MSG_NOSIGNAL, NULL, 0) = 64
10813 recvmsg(37,  <unfinished ...>
10788 sendto(37, "\20\0\0\0@\0\0\0\37]0z\0\0\0\0\30\0\26\0\0\0\0\0d\0\0\0\0\0\0\0\0\0\0\0\0\0\0\0\30\0\0\0\0\0\0\0v\0\0\0\0\0\0\0\1\0\0\0\0\0\0\0", 64, MSG_NOSIGNAL, NULL, 0 <unfinished ...>
10813 <... recvmsg resumed>{msg_name=NULL, msg_namelen=0, msg_iov=[{iov_base="\20\0\0\0@\0\0\0)[0z\0\0\0\0\30\0\26\0\0\0\0\0J\0\0\0\0\0\0\0\0\0\0\0\0\0\0\0\30\0\0\0\0\0\0\0\202\0\0\0\0\0\0\0\0\0\0\0\0\0\0\0\20\0\0\0@\0\0\0\221[0z\0\0\0\0\30\0\26\0\0\0\0\0K\0\0\0\0\0\0\0\0\0\0\0\0\0\0\0\30\0\0\0\0\0\0\0|\0\0\0\0\0\0\0\0\0\0\0\0\0\0\0\20\0\0\0@\0\0\0\260\\0z\0\0\0\0\30\0\26\0\0\0\0\0L\0\0\0\0\0\0\0\0\0\0\0\0\0\0\0\30\0\0\0\0\0\0\0x\0\0\0\0\0\0\0\0\0\0\0\0\0\0\0", iov_len=4096}], msg_iovlen=1, msg_controllen=0, msg_flags=0}, MSG_DONTWAIT) = 192
10788 <... sendto resumed>)             = 64
10821 openat(AT_FDCWD, "/proc/10839/task/10843/status", O_RDONLY|O_CLOEXEC) = 38
10859 openat(AT_FDCWD, "/tmp/playwright_chromiumdev_profile-56xg4l/Default/Cache/Cache_Data/index-dir/temp-index", O_WRONLY|O_CREAT|O_TRUNC, 0600) = 20
10856 sendto(5, "\20\0\0\0@\0\0\0\343_0z\0\0\0\0\30\0\26\0\0\0\0\0M\0\0\0\0\0\0\0\0\0\0\0\0\0\0\0\30\0\0\0\0\0\0\0`\0\0\0\0\0\0\0\0\0\0\0\0\0\0\0", 64, MSG_NOSIGNAL, NULL, 0) = 64
10856 sendto(5, "\20\0\0\0@\0\0\0f`0z\0\0\0\0\30\0\26\0\0\0\0\0N\0\0\0\0\0\0\0\0\0\0\0\0\0\0\0\30\0\0\0\0\0\0\0^\0\0\0\0\0\0\0\0\0\0\0\0\0\0\0", 64, MSG_NOSIGNAL, NULL, 0) = 64
10856 sendto(5, "\20\0\0\0@\0\0\0\325`0z\0\0\0\0\30\0\26\0\0\0\0\0O\0\0\0\0\0\0\0\0\0\0\0\0\0\0\0\30\0\0\0\0\0\0\0~\0\0\0\0\0\0\0\0\0\0\0\0\0\0\0", 64, MSG_NOSIGNAL, NULL, 0 <unfinished ...>
10813 recvmsg(37,  <unfinished ...>
10856 <... sendto resumed>)             = 64
10813 <... recvmsg resumed>{msg_name=NULL, msg_namelen=0, msg_iov=[{iov_base="\20\0\0\0@\0\0\0\343_0z\0\0\0\0\30\0\26\0\0\0\0\0M\0\0\0\0\0\0\0\0\0\0\0\0\0\0\0\30\0\0\0\0\0\0\0`\0\0\0\0\0\0\0\0\0\0\0\0\0\0\0\20\0\0\0@\0\0\0f`0z\0\0\0\0\30\0\26\0\0\0\0\0N\0\0\0\0\0\0\0\0\0\0\0\0\0\0\0\30\0\0\0\0\0\0\0^\0\0\0\0\0\0\0\0\0\0\0\0\0\0\0\20\0\0\0@\0\0\0\325`0z\0\0\0\0\30\0\26\0\0\0\0\0O\0\0\0\0\0\0\0\0\0\0\0\0\0\0\0\30\0\0\0\0\0\0\0~\0\0\0\0\0\0\0\0\0\0\0\0\0\0\0", iov_len=4096}], msg_iovlen=1, msg_controllen=0, msg_flags=0}, MSG_DONTWAIT) = 192
10856 sendto(5, "\20\0\0\0@\0\0\0007a0z\0\0\0\0\30\0\26\0\0\0\0\0P\0\0\0\0\0\0\0\0\0\0\0\0\0\0\0\30\0\0\0\0\0\0\0h\0\0\0\0\0\0\0\0\0\0\0\0\0\0\0", 64, MSG_NOSIGNAL, NULL, 0) = 64
10813 recvmsg(37, {msg_name=NULL, msg_namelen=0, msg_iov=[{iov_base="\20\0\0\0@\0\0\0007a0z\0\0\0\0\30\0\26\0\0\0\0\0P\0\0\0\0\0\0\0\0\0\0\0\0\0\0\0\30\0\0\0\0\0\0\0h\0\0\0\0\0\0\0\0\0\0\0\0\0\0\0", iov_len=4096}], msg_iovlen=1, msg_controllen=0, msg_flags=0}, MSG_DONTWAIT) = 64
10856 sendto(5, "\20\0\0\0@\0\0\0ab0z\0\0\0\0\30\0\26\0\0\0\0\0Q\0\0\0\0\0\0\0\0\0\0\0\0\0\0\0\30\0\0\0\0\0\0\0f\0\0\0\0\0\0\0\2\0\0\0\0\0\0\0", 64, MSG_NOSIGNAL, NULL, 0) = 64
10813 recvmsg(37, {msg_name=NULL, msg_namelen=0, msg_iov=[{iov_base="\20\0\0\0@\0\0\0ab0z\0\0\0\0\30\0\26\0\0\0\0\0Q\0\0\0\0\0\0\0\0\0\0\0\0\0\0\0\30\0\0\0\0\0\0\0f\0\0\0\0\0\0\0\2\0\0\0\0\0\0\0", iov_len=4096}], msg_iovlen=1, msg_controllen=0, msg_flags=0}, MSG_DONTWAIT) = 64
10856 recvmsg(5, {msg_name=NULL, msg_namelen=0, msg_iov=[{iov_base="\20\0\0\0@\0\0\0\37]0z\0\0\0\0\30\0\26\0\0\0\0\0d\0\0\0\0\0\0\0\0\0\0\0\0\0\0\0\30\0\0\0\0\0\0\0v\0\0\0\0\0\0\0\1\0\0\0\0\0\0\0", iov_len=4096}], msg_iovlen=1, msg_controllen=0, msg_flags=0}, MSG_DONTWAIT) = 64
10821 openat(AT_FDCWD, "/proc/10839/task/10844/status", O_RDONLY|O_CLOEXEC <unfinished ...>
10861 openat(AT_FDCWD, "/tmp/playwright_chromiumdev_profile-56xg4l/Default/.com.google.Chrome.Network Persistent State.jWcQeL", O_RDWR|O_CREAT|O_EXCL, 0600 <unfinished ...>
10821 <... openat resumed>)             = 38
10861 <... openat resumed>)             = 19
10821 openat(AT_FDCWD, "/proc/10839/task/10845/status", O_RDONLY|O_CLOEXEC) = 38
10821 openat(AT_FDCWD, "/proc/10839/task/10846/status", O_RDONLY|O_CLOEXEC) = 38
10808 openat(AT_FDCWD, "/tmp/playwright_chromiumdev_profile-56xg4l/Default/.com.google.Chrome.Secure Preferences.mUL5oD", O_RDWR|O_CREAT|O_EXCL, 0600) = 41
10821 openat(AT_FDCWD, "/proc/10838/task", O_RDONLY|O_DIRECTORY) = 38
10808 openat(AT_FDCWD, "/tmp/playwright_chromiumdev_profile-56xg4l/Default/.com.google.Chrome.Preferences.QppJ1w", O_RDWR|O_CREAT|O_EXCL, 0600) = 41
10821 openat(AT_FDCWD, "/proc/10838/task/10838/status", O_RDONLY|O_CLOEXEC) = 38
10821 openat(AT_FDCWD, "/proc/10838/task/10852/status", O_RDONLY|O_CLOEXEC) = 38
10821 openat(AT_FDCWD, "/proc/10838/task/10853/status", O_RDONLY|O_CLOEXEC) = 38
10821 openat(AT_FDCWD, "/proc/10838/task", O_RDONLY|O_DIRECTORY) = 38
10821 openat(AT_FDCWD, "/proc/10838/task/10838/status", O_RDONLY|O_CLOEXEC) = 38
10821 openat(AT_FDCWD, "/proc/10838/task/10852/status", O_RDONLY|O_CLOEXEC) = 38
10788 sendto(37, "\20\0\0\0@\0\0\0004x0z\0\0\0\0\30\0\26\0\0\0\0\0e\0\0\0\0\0\0\0\0\0\0\0\0\0\0\0\30\0\0\0\0\0\0\0\33\0\0\0\0\0\0\0\0\0\0\0\0\0\0\0", 64, MSG_NOSIGNAL, NULL, 0 <unfinished ...>
10811 openat(AT_FDCWD, "/tmp/playwright_chromiumdev_profile-56xg4l/.com.google.Chrome.Local State.uojSUy", O_RDWR|O_CREAT|O_EXCL, 0600 <unfinished ...>
10788 <... sendto resumed>)             = 64
10856 recvmsg(5,  <unfinished ...>
10811 <... openat resumed>)             = 41
10856 <... recvmsg resumed>{msg_name=NULL, msg_namelen=0, msg_iov=[{iov_base="\20\0\0\0@\0\0\0004x0z\0\0\0\0\30\0\26\0\0\0\0\0e\0\0\0\0\0\0\0\0\0\0\0\0\0\0\0\30\0\0\0\0\0\0\0\33\0\0\0\0\0\0\0\0\0\0\0\0\0\0\0", iov_len=4096}], msg_iovlen=1, msg_controllen=0, msg_flags=0}, MSG_DONTWAIT) = 64
10788 sendto(37, "\20\0\0\0@\0\0\0\347x0z\0\0\0\0\30\0\26\0\0\0\0\0f\0\0\0\0\0\0\0\0\0\0\0\0\0\0\0\30\0\0\0\0\0\0\0\31\0\0\0\0\0\0\0\0\0\0\0\0\0\0\0", 64, MSG_NOSIGNAL, NULL, 0) = 64
10856 recvmsg(5,  <unfinished ...>
10788 sendto(37, "\20\0\0\0@\0\0\0my0z\0\0\0\0\30\0\26\0\0\0\0\0g\0\0\0\0\0\0\0\0\0\0\0\0\0\0\0\30\0\0\0\0\0\0\0\27\0\0\0\0\0\0\0\0\0\0\0\0\0\0\0", 64, MSG_NOSIGNAL, NULL, 0 <unfinished ...>
10856 <... recvmsg resumed>{msg_name=NULL, msg_namelen=0, msg_iov=[{iov_base="\20\0\0\0@\0\0\0\347x0z\0\0\0\0\30\0\26\0\0\0\0\0f\0\0\0\0\0\0\0\0\0\0\0\0\0\0\0\30\0\0\0\0\0\0\0\31\0\0\0\0\0\0\0\0\0\0\0\0\0\0\0", iov_len=4096}], msg_iovlen=1, msg_controllen=0, msg_flags=0}, MSG_DONTWAIT) = 64
10788 <... sendto resumed>)             = 64
10856 recvmsg(5, {msg_name=NULL, msg_namelen=0, msg_iov=[{iov_base="\20\0\0\0@\0\0\0my0z\0\0\0\0\30\0\26\0\0\0\0\0g\0\0\0\0\0\0\0\0\0\0\0\0\0\0\0\30\0\0\0\0\0\0\0\27\0\0\0\0\0\0\0\0\0\0\0\0\0\0\0", iov_len=4096}], msg_iovlen=1, msg_controllen=0, msg_flags=0}, MSG_DONTWAIT) = 64
10788 sendto(37, "\20\0\0\0@\0\0\0\272z0z\0\0\0\0\30\0\26\0\0\0\0\0h\0\0\0\0\0\0\0\0\0\0\0\0\0\0\0\30\0\0\0\0\0\0\0R\0\0\0\0\0\0\0\1\0\0\0\0\0\0\0", 64, MSG_NOSIGNAL, NULL, 0) = 64
10856 recvmsg(5, {msg_name=NULL, msg_namelen=0, msg_iov=[{iov_base="\20\0\0\0@\0\0\0\272z0z\0\0\0\0\30\0\26\0\0\0\0\0h\0\0\0\0\0\0\0\0\0\0\0\0\0\0\0\30\0\0\0\0\0\0\0R\0\0\0\0\0\0\0\1\0\0\0\0\0\0\0", iov_len=4096}], msg_iovlen=1, msg_controllen=0, msg_flags=0}, MSG_DONTWAIT) = 64
10788 sendto(37, "\20\0\0\0@\0\0\0*{0z\0\0\0\0\30\0\26\0\0\0\0\0i\0\0\0\0\0\0\0\0\0\0\0\0\0\0\0\30\0\0\0\0\0\0\0B\0\0\0\0\0\0\0\2\0\0\0\0\0\0\0", 64, MSG_NOSIGNAL, NULL, 0 <unfinished ...>
10821 openat(AT_FDCWD, "/proc/10838/task/10853/status", O_RDONLY|O_CLOEXEC <unfinished ...>
10788 <... sendto resumed>)             = 64
10821 <... openat resumed>)             = 38
10856 recvmsg(5,  <unfinished ...>
10788 sendto(37, "\20\0\0\0@\0\0\0\272{0z\0\0\0\0\30\0\26\0\0\0\0\0j\0\0\0\0\0\0\0\0\0\0\0\0\0\0\0\30\0\0\0\0\0\0\0J\0\0\0\0\0\0\0\0\0\0\0\0\0\0\0", 64, MSG_NOSIGNAL, NULL, 0 <unfinished ...>
10856 <... recvmsg resumed>{msg_name=NULL, msg_namelen=0, msg_iov=[{iov_base="\20\0\0\0@\0\0\0*{0z\0\0\0\0\30\0\26\0\0\0\0\0i\0\0\0\0\0\0\0\0\0\0\0\0\0\0\0\30\0\0\0\0\0\0\0B\0\0\0\0\0\0\0\2\0\0\0\0\0\0\0", iov_len=4096}], msg_iovlen=1, msg_controllen=0, msg_flags=0}, MSG_DONTWAIT) = 64
10788 <... sendto resumed>)             = 64
10856 sendto(5, "\20\0\0\0@\0\0\0,|0z\0\0\0\0\30\0\26\0\0\0\0\0R\0\0\0\0\0\0\0\0\0\0\0\0\0\0\0\30\0\0\0\0\0\0\0X\0\0\0\0\0\0\0\0\0\0\0\0\0\0\0", 64, MSG_NOSIGNAL, NULL, 0 <unfinished ...>
10788 sendto(37, "\20\0\0\0@\0\0\0002|0z\0\0\0\0\30\0\26\0\0\0\0\0k\0\0\0\0\0\0\0\0\0\0\0\0\0\0\0\30\0\0\0\0\0\0\0H\0\0\0\0\0\0\0\0\0\0\0\0\0\0\0", 64, MSG_NOSIGNAL, NULL, 0 <unfinished ...>
10856 <... sendto resumed>)             = 64
10788 <... sendto resumed>)             = 64
10813 recvmsg(37, {msg_name=NULL, msg_namelen=0, msg_iov=[{iov_base="\20\0\0\0@\0\0\0,|0z\0\0\0\0\30\0\26\0\0\0\0\0R\0\0\0\0\0\0\0\0\0\0\0\0\0\0\0\30\0\0\0\0\0\0\0X\0\0\0\0\0\0\0\0\0\0\0\0\0\0\0", iov_len=4096}], msg_iovlen=1, msg_controllen=0, msg_flags=0}, MSG_DONTWAIT) = 64
10788 sendto(37, "\20\0\0\0@\0\0\0\322|0z\0\0\0\0\30\0\26\0\0\0\0\0l\0\0\0\0\0\0\0\0\0\0\0\0\0\0\0\30\0\0\0\0\0\0\0F\0\0\0\0\0\0\0\0\0\0\0\0\0\0\0", 64, MSG_NOSIGNAL, NULL, 0) = 64
10856 sendto(5, "\20\0\0\0@\0\0\0H}0z\0\0\0\0\30\0\26\0\0\0\0\0S\0\0\0\0\0\0\0\0\0\0\0\0\0\0\0\30\0\0\0\0\0\0\0D\0\0\0\0\0\0\0\0\0\0\0\0\0\0\0", 64, MSG_NOSIGNAL, NULL, 0) = 64
10856 sendto(5, "\20\0\0\0@\0\0\0\277}0z\0\0\0\0\30\0\26\0\0\0\0\0T\0\0\0\0\0\0\0\0\0\0\0\0\0\0\0\30\0\0\0\0\0\0\0Z\0\0\0\0\0\0\0\0\0\0\0\0\0\0\0", 64, MSG_NOSIGNAL, NULL, 0 <unfinished ...>
10813 recvmsg(37,  <unfinished ...>
10856 <... sendto resumed>)             = 64
10821 openat(AT_FDCWD, "/proc/10838/task/10854/status", O_RDONLY|O_CLOEXEC <unfinished ...>
10788 sendto(37, "\20\0\0\0@\0\0\0\332}0z\0\0\0\0\30\0\26\0\0\0\0\0m\0\0\0\0\0\0\0\0\0\0\0\0\0\0\0\30\0\0\0\0\0\0\0\17\0\0\0\0\0\0\0\25\0\0\0\0\0\0\0", 64, MSG_NOSIGNAL, NULL, 0 <unfinished ...>
10856 sendto(5, "\20\0\0\0@\0\0\0\v~0z\0\0\0\0\30\0\26\0\0\0\0\0U\0\0\0\0\0\0\0\0\0\0\0\0\0\0\0\30\0\0\0\0\0\0\0N\0\0\0\0\0\0\0\0\0\0\0\0\0\0\0", 64, MSG_NOSIGNAL, NULL, 0 <unfinished ...>
10813 <... recvmsg resumed>{msg_name=NULL, msg_namelen=0, msg_iov=[{iov_base="\20\0\0\0@\0\0\0H}0z\0\0\0\0\30\0\26\0\0\0\0\0S\0\0\0\0\0\0\0\0\0\0\0\0\0\0\0\30\0\0\0\0\0\0\0D\0\0\0\0\0\0\0\0\0\0\0\0\0\0\0\20\0\0\0@\0\0\0\277}0z\0\0\0\0\30\0\26\0\0\0\0\0T\0\0\0\0\0\0\0\0\0\0\0\0\0\0\0\30\0\0\0\0\0\0\0Z\0\0\0\0\0\0\0\0\0\0\0\0\0\0\0", iov_len=4096}], msg_iovlen=1, msg_controllen=0, msg_flags=0}, MSG_DONTWAIT) = 128
10821 <... openat resumed>)             = 38
10856 <... sendto resumed>)             = 64
10788 <... sendto resumed>)             = 64
10856 sendto(5, "\20\0\0\0@\0\0\0e~0z\0\0\0\0\30\0\26\0\0\0\0\0V\0\0\0\0\0\0\0\0\0\0\0\0\0\0\0\30\0\0\0\0\0\0\0L\0\0\0\0\0\0\0\2\0\0\0\0\0\0\0", 64, MSG_NOSIGNAL, NULL, 0 <unfinished ...>
10788 sendto(37, "\20\0\0\0@\0\0\0u~0z\0\0\0\0\30\0\26\0\0\0\0\0n\0\0\0\0\0\0\0\0\0\0\0\0\0\0\0\30\0\0\0\0\0\0\0\21\0\0\0\0\0\0\0\0\0\0\0\0\0\0\0", 64, MSG_NOSIGNAL, NULL, 0 <unfinished ...>
10856 <... sendto resumed>)             = 64
10788 <... sendto resumed>)             = 64
10856 sendto(5, "\20\0\0\0@\0\0\0\310~0z\0\0\0\0\30\0\26\0\0\0\0\0W\0\0\0\0\0\0\0\0\0\0\0\0\0\0\0\30\0\0\0\0\0\0\0P\0\0\0\0\0\0\0\0\0\0\0\0\0\0\0", 64, MSG_NOSIGNAL, NULL, 0) = 64
10788 sendto(37, "\20\0\0\0@\0\0\0\326~0z\0\0\0\0\30\0\26\0\0\0\0\0o\0\0\0\0\0\0\0\0\0\0\0\0\0\0\0\30\0\0\0\0\0\0\0\25\0\0\0\0\0\0\0\1\0\0\0\0\0\0\0", 64, MSG_NOSIGNAL, NULL, 0 <unfinished ...>
10813 recvmsg(37,  <unfinished ...>
10788 <... sendto resumed>)             = 64
10813 <... recvmsg resumed>{msg_name=NULL, msg_namelen=0, msg_iov=[{iov_base="\20\0\0\0@\0\0\0\v~0z\0\0\0\0\30\0\26\0\0\0\0\0U\0\0\0\0\0\0\0\0\0\0\0\0\0\0\0\30\0\0\0\0\0\0\0N\0\0\0\0\0\0\0\0\0\0\0\0\0\0\0\20\0\0\0@\0\0\0e~0z\0\0\0\0\30\0\26\0\0\0\0\0V\0\0\0\0\0\0\0\0\0\0\0\0\0\0\0\30\0\0\0\0\0\0\0L\0\0\0\0\0\0\0\2\0\0\0\0\0\0\0\20\0\0\0@\0\0\0\310~0z\0\0\0\0\30\0\26\0\0\0\0\0W\0\0\0\0\0\0\0\0\0\0\0\0\0\0\0\30\0\0\0\0\0\0\0P\0\0\0\0\0\0\0\0\0\0\0\0\0\0\0", iov_len=4096}], msg_iovlen=1, msg_controllen=0, msg_flags=0}, MSG_DONTWAIT) = 192
10856 recvmsg(5, {msg_name=NULL, msg_namelen=0, msg_iov=[{iov_base="\20\0\0\0@\0\0\0\272{0z\0\0\0\0\30\0\26\0\0\0\0\0j\0\0\0\0\0\0\0\0\0\0\0\0\0\0\0\30\0\0\0\0\0\0\0J\0\0\0\0\0\0\0\0\0\0\0\0\0\0\0\20\0\0\0@\0\0\0002|0z\0\0\0\0\30\0\26\0\0\0\0\0k\0\0\0\0\0\0\0\0\0\0\0\0\0\0\0\30\0\0\0\0\0\0\0H\0\0\0\0\0\0\0\0\0\0\0\0\0\0\0\20\0\0\0@\0\0\0\322|0z\0\0\0\0\30\0\26\0\0\0\0\0l\0\0\0\0\0\0\0\0\0\0\0\0\0\0\0\30\0\0\0\0\0\0\0F\0\0\0\0\0\0\0\0\0\0\0\0\0\0\0\20\0\0\0@\0\0\0\332}0z\0\0\0\0\30\0\26\0\0\0\0\0m\0\0\0\0\0\0\0\0\0\0\0\0\0\0\0\30\0\0\0\0\0\0\0\17\0\0\0\0\0\0\0\25\0\0\0\0\0\0\0"..., iov_len=4096}], msg_iovlen=1, msg_controllen=0, msg_flags=0}, MSG_DONTWAIT) = 384
10856 sendto(5, "\20\0\0\0@\0\0\0\331\1770z\0\0\0\0\30\0\26\0\0\0\0\0X\0\0\0\0\0\0\0\0\0\0\0\0\0\0\0\30\0\0\0\0\0\0\0\23\0\0\0\0\0\0\0\7\0\0\0\0\0\0\0", 64, MSG_NOSIGNAL, NULL, 0) = 64
10788 openat(AT_FDCWD, "/proc/10838/stat", O_RDONLY|O_CLOEXEC <unfinished ...>
10813 recvmsg(37,  <unfinished ...>
10788 <... openat resumed>)             = 38
10813 <... recvmsg resumed>{msg_name=NULL, msg_namelen=0, msg_iov=[{iov_base="\20\0\0\0@\0\0\0\331\1770z\0\0\0\0\30\0\26\0\0\0\0\0X\0\0\0\0\0\0\0\0\0\0\0\0\0\0\0\30\0\0\0\0\0\0\0\23\0\0\0\0\0\0\0\7\0\0\0\0\0\0\0", iov_len=4096}], msg_iovlen=1, msg_controllen=0, msg_flags=0}, MSG_DONTWAIT) = 64
10821 openat(AT_FDCWD, "/proc/10838/task", O_RDONLY|O_DIRECTORY) = 39
10821 openat(AT_FDCWD, "/proc/10838/task/10838/status", O_RDONLY|O_CLOEXEC) = 38
10856 sendto(5, "\20\0\0\0@\0\0\0\314\2020z\0\0\0\0\30\0\26\0\0\0\0\0Y\0\0\0\0\0\0\0\0\0\0\0\0\0\0\0\30\0\0\0\0\0\0\0#\0\0\0\0\0\0\0\1\0\0\0\0\0\0\0", 64, MSG_NOSIGNAL, NULL, 0) = 64
10813 recvmsg(37, {msg_name=NULL, msg_namelen=0, msg_iov=[{iov_base="\20\0\0\0@\0\0\0\314\2020z\0\0\0\0\30\0\26\0\0\0\0\0Y\0\0\0\0\0\0\0\0\0\0\0\0\0\0\0\30\0\0\0\0\0\0\0#\0\0\0\0\0\0\0\1\0\0\0\0\0\0\0", iov_len=4096}], msg_iovlen=1, msg_controllen=0, msg_flags=0}, MSG_DONTWAIT) = 64
10856 sendto(5, "\20\0\0\0@\0\0\0M\2030z\0\0\0\0\30\0\26\0\0\0\0\0Z\0\0\0\0\0\0\0\0\0\0\0\0\0\0\0\30\0\0\0\0\0\0\0&\0\0\0\0\0\0\0\1\0\0\0\0\0\0\0", 64, MSG_NOSIGNAL, NULL, 0) = 64
10813 recvmsg(37,  <unfinished ...>
10856 sendto(5, "\20\0\0\0p\0\0\0\237\2030z\0\0\0\0\30\0\24\0\0\0\0\0[\0\0\0\0\0\0\0\0\0\0\0\0\0\0\0H\0\0\0\0\0\0\0\25\0\0\0\0\0\0\0\0\0\0\0\0\0\0\0\0\0\0\0\1\0\0\0\0\0\0\0\0\0\0\0\0\177\1\0\0\1\0\0\0\0\0\0\0\0\0\0\0\0\0\0\0\0\0\0\0\0\0\0\0\0\0\0", 112, MSG_NOSIGNAL, NULL, 0 <unfinished ...>
10813 <... recvmsg resumed>{msg_name=NULL, msg_namelen=0, msg_iov=[{iov_base="\20\0\0\0@\0\0\0M\2030z\0\0\0\0\30\0\26\0\0\0\0\0Z\0\0\0\0\0\0\0\0\0\0\0\0\0\0\0\30\0\0\0\0\0\0\0&\0\0\0\0\0\0\0\1\0\0\0\0\0\0\0", iov_len=4096}], msg_iovlen=1, msg_controllen=0, msg_flags=0}, MSG_DONTWAIT) = 64
10856 <... sendto resumed>)             = 112
10821 openat(AT_FDCWD, "/proc/10838/task/10852/status", O_RDONLY|O_CLOEXEC) = 38
10813 recvmsg(37, {msg_name=NULL, msg_namelen=0, msg_iov=[{iov_base="\20\0\0\0p\0\0\0\237\2030z\0\0\0\0\30\0\24\0\0\0\0\0[\0\0\0\0\0\0\0\0\0\0\0\0\0\0\0H\0\0\0\0\0\0\0\25\0\0\0\0\0\0\0\0\0\0\0\0\0\0\0\0\0\0\0\1\0\0\0\0\0\0\0\0\0\0\0\0\177\1\0\0\1\0\0\0\0\0\0\0\0\0\0\0\0\0\0\0\0\0\0\0\0\0\0\0\0\0\0", iov_len=4096}], msg_iovlen=1, msg_controllen=0, msg_flags=0}, MSG_DONTWAIT) = 112
10856 sendto(5, "\20\0\0\0@\0\0\0004\2050z\0\0\0\0\30\0\26\0\0\0\0\0\\\0\0\0\0\0\0\0\0\0\0\0\0\0\0\0\30\0\0\0\0\0\0\0;\0\0\0\0\0\0\0\0\0\0\0\0\0\0\0", 64, MSG_NOSIGNAL, NULL, 0) = 64
10813 recvmsg(37, {msg_name=NULL, msg_namelen=0, msg_iov=[{iov_base="\20\0\0\0@\0\0\0004\2050z\0\0\0\0\30\0\26\0\0\0\0\0\\\0\0\0\0\0\0\0\0\0\0\0\0\0\0\0\30\0\0\0\0\0\0\0;\0\0\0\0\0\0\0\0\0\0\0\0\0\0\0", iov_len=4096}], msg_iovlen=1, msg_controllen=0, msg_flags=0}, MSG_DONTWAIT) = 64
10838 sendto(5, "\20\0\0\0@\0\0\0\267\2050z\0\0\0\0\30\0\26\0\0\0\0\0]\0\0\0\0\0\0\0\0\0\0\0\0\0\0\0\30\0\0\0\0\0\0\0>\0\0\0\0\0\0\0\0\0\0\0\0\0\0\0", 64, MSG_NOSIGNAL, NULL, 0 <unfinished ...>
10821 openat(AT_FDCWD, "/proc/10838/task/10853/status", O_RDONLY|O_CLOEXEC <unfinished ...>
10838 <... sendto resumed>)             = 64
10821 <... openat resumed>)             = 38
10813 recvmsg(37, {msg_name=NULL, msg_namelen=0, msg_iov=[{iov_base="\20\0\0\0@\0\0\0\267\2050z\0\0\0\0\30\0\26\0\0\0\0\0]\0\0\0\0\0\0\0\0\0\0\0\0\0\0\0\30\0\0\0\0\0\0\0>\0\0\0\0\0\0\0\0\0\0\0\0\0\0\0", iov_len=4096}], msg_iovlen=1, msg_controllen=0, msg_flags=0}, MSG_DONTWAIT) = 64
10821 openat(AT_FDCWD, "/proc/10838/task/10854/status", O_RDONLY|O_CLOEXEC) = 38
10821 openat(AT_FDCWD, "/proc/10838/task/10855/status", O_RDONLY|O_CLOEXEC) = 38
10821 openat(AT_FDCWD, "/proc/10838/task", O_RDONLY|O_DIRECTORY) = 38
10821 openat(AT_FDCWD, "/proc/10838/task/10838/status", O_RDONLY|O_CLOEXEC) = 38
10821 openat(AT_FDCWD, "/proc/10838/task/10852/status", O_RDONLY|O_CLOEXEC) = 38
10821 openat(AT_FDCWD, "/proc/10838/task/10853/status", O_RDONLY|O_CLOEXEC) = 38
10821 openat(AT_FDCWD, "/proc/10838/task/10855/status", O_RDONLY|O_CLOEXEC) = -1 ENOENT (No such file or directory)
10821 openat(AT_FDCWD, "/proc/10839/task", O_RDONLY|O_DIRECTORY) = 38
10821 openat(AT_FDCWD, "/proc/10839/task/10839/status", O_RDONLY|O_CLOEXEC) = 38
10821 openat(AT_FDCWD, "/proc/10839/task/10842/status", O_RDONLY|O_CLOEXEC) = 38
10821 openat(AT_FDCWD, "/proc/10839/task/10843/status", O_RDONLY|O_CLOEXEC) = 38
10821 openat(AT_FDCWD, "/proc/10839/task/10844/status", O_RDONLY|O_CLOEXEC) = 38
10821 openat(AT_FDCWD, "/proc/10839/task/10845/status", O_RDONLY|O_CLOEXEC) = 38
10821 openat(AT_FDCWD, "/proc/10839/task/10846/status", O_RDONLY|O_CLOEXEC) = 38
10821 openat(AT_FDCWD, "/proc/10839/task/10847/status", O_RDONLY|O_CLOEXEC) = 38
10821 openat(AT_FDCWD, "/proc/10839/task", O_RDONLY|O_DIRECTORY) = 38
10821 openat(AT_FDCWD, "/proc/10839/task/10839/status", O_RDONLY|O_CLOEXEC) = 38
10821 openat(AT_FDCWD, "/proc/10839/task/10842/status", O_RDONLY|O_CLOEXEC) = 38
10821 openat(AT_FDCWD, "/proc/10839/task/10843/status", O_RDONLY|O_CLOEXEC) = 38
10821 openat(AT_FDCWD, "/proc/10839/task/10844/status", O_RDONLY|O_CLOEXEC) = 38
10821 openat(AT_FDCWD, "/proc/10839/task/10845/status", O_RDONLY|O_CLOEXEC) = 38
10821 openat(AT_FDCWD, "/proc/10839/task/10846/status", O_RDONLY|O_CLOEXEC) = 38
10821 openat(AT_FDCWD, "/proc/10839/task/10847/status", O_RDONLY|O_CLOEXEC) = 38
10821 openat(AT_FDCWD, "/proc/10839/task/10862/status", O_RDONLY|O_CLOEXEC) = 38
10813 recvmsg(83, {msg_name=NULL, msg_namelen=0, msg_iov=[{iov_base="", iov_len=4096}], msg_iovlen=1, msg_controllen=0, msg_flags=0}, MSG_DONTWAIT) = 0
10821 --- SIGCHLD {si_signo=SIGCHLD, si_code=CLD_EXITED, si_pid=10838, si_uid=1001, si_status=0, si_utime=3 /* 0.03 s */, si_stime=7 /* 0.07 s */} ---
10813 shutdown(83, SHUT_RDWR)           = 0
10821 openat(AT_FDCWD, "/proc/10838/task", O_RDONLY|O_DIRECTORY) = 38
10813 recvmsg(37, {msg_name=NULL, msg_namelen=0, msg_iov=[{iov_base="", iov_len=4096}], msg_iovlen=1, msg_controllen=0, msg_flags=0}, MSG_DONTWAIT) = 0
10821 openat(AT_FDCWD, "/proc/10838/task/10838/status", O_RDONLY|O_CLOEXEC) = -1 ENOENT (No such file or directory)
10821 openat(AT_FDCWD, "/proc/10838/task", O_RDONLY|O_DIRECTORY <unfinished ...>
10788 openat(AT_FDCWD, "/proc/10824/stat", O_RDONLY|O_CLOEXEC <unfinished ...>
10821 <... openat resumed>)             = -1 ENOENT (No such file or directory)
10821 openat(AT_FDCWD, "/proc/10838/task", O_RDONLY|O_DIRECTORY <unfinished ...>
10788 <... openat resumed>)             = 38
10821 <... openat resumed>)             = -1 ENOENT (No such file or directory)
10813 shutdown(37, SHUT_RDWR)           = 0
10788 sendmsg(11, {msg_name=NULL, msg_namelen=0, msg_iov=[{iov_base="\f\0\0\0\2\0\0\0\0\0\0\0H*\0\0", iov_len=16}], msg_iovlen=1, msg_controllen=0, msg_flags=0}, MSG_NOSIGNAL) = 16
10803 recvmsg(3, {msg_name=NULL, msg_namelen=0, msg_iov=[{iov_base="\f\0\0\0\2\0\0\0\0\0\0\0H*\0\0", iov_len=65536}], msg_iovlen=1, msg_controllen=0, msg_flags=0}, 0) = 16
10788 sendto(36, "\20\0\0\0@\0\0\0P\2560z\0\0\0\0\30\0\26\0\0\0\0\0 \0\0\0\0\0\0\0\0\0\0\0\0\0\0\0\30\0\0\0\0\0\0\0\25\0\0\0\0\0\0\0\0\0\0\0\0\0\0\0", 64, MSG_NOSIGNAL, NULL, 0) = 64
10836 recvmsg(14,  <unfinished ...>
10788 sendto(36, "\20\0\0\0@\0\0\0\267\2560z\0\0\0\0\30\0\26\0\0\0\0\0!\0\0\0\0\0\0\0\0\0\0\0\0\0\0\0\30\0\0\0\0\0\0\0\23\0\0\0\0\0\0\0\0\0\0\0\0\0\0\0", 64, MSG_NOSIGNAL, NULL, 0 <unfinished ...>
10836 <... recvmsg resumed>{msg_name=NULL, msg_namelen=0, msg_iov=[{iov_base="\20\0\0\0@\0\0\0P\2560z\0\0\0\0\30\0\26\0\0\0\0\0 \0\0\0\0\0\0\0\0\0\0\0\0\0\0\0\30\0\0\0\0\0\0\0\25\0\0\0\0\0\0\0\0\0\0\0\0\0\0\0", iov_len=4096}], msg_iovlen=1, msg_controllen=0, msg_flags=0}, MSG_DONTWAIT) = 64
10788 <... sendto resumed>)             = 64
10788 sendto(36, "\20\0\0\0@\0\0\0\22\2570z\0\0\0\0\30\0\26\0\0\0\0\0\"\0\0\0\0\0\0\0\0\0\0\0\0\0\0\0\30\0\0\0\0\0\0\0\21\0\0\0\0\0\0\0\3\0\0\0\0\0\0\0", 64, MSG_NOSIGNAL, NULL, 0 <unfinished ...>
10836 recvmsg(14,  <unfinished ...>
10788 <... sendto resumed>)             = 64
10836 <... recvmsg resumed>{msg_name=NULL, msg_namelen=0, msg_iov=[{iov_base="\20\0\0\0@\0\0\0\267\2560z\0\0\0\0\30\0\26\0\0\0\0\0!\0\0\0\0\0\0\0\0\0\0\0\0\0\0\0\30\0\0\0\0\0\0\0\23\0\0\0\0\0\0\0\0\0\0\0\0\0\0\0\20\0\0\0@\0\0\0\22\2570z\0\0\0\0\30\0\26\0\0\0\0\0\"\0\0\0\0\0\0\0\0\0\0\0\0\0\0\0\30\0\0\0\0\0\0\0\21\0\0\0\0\0\0\0\3\0\0\0\0\0\0\0", iov_len=4096}], msg_iovlen=1, msg_controllen=0, msg_flags=0}, MSG_DONTWAIT) = 128
10788 sendto(36, "\20\0\0\0@\0\0\0b\2570z\0\0\0\0\30\0\26\0\0\0\0\0#\0\0\0\0\0\0\0\0\0\0\0\0\0\0\0\30\0\0\0\0\0\0\0\17\0\0\0\0\0\0\0\3\0\0\0\0\0\0\0", 64, MSG_NOSIGNAL, NULL, 0) = 64
10836 recvmsg(14,  <unfinished ...>
10788 openat(AT_FDCWD, "/proc/10824/stat", O_RDONLY|O_CLOEXEC <unfinished ...>
10836 <... recvmsg resumed>{msg_name=NULL, msg_namelen=0, msg_iov=[{iov_base="\20\0\0\0@\0\0\0b\2570z\0\0\0\0\30\0\26\0\0\0\0\0#\0\0\0\0\0\0\0\0\0\0\0\0\0\0\0\30\0\0\0\0\0\0\0\17\0\0\0\0\0\0\0\3\0\0\0\0\0\0\0", iov_len=4096}], msg_iovlen=1, msg_controllen=0, msg_flags=0}, MSG_DONTWAIT) = 64
10788 <... openat resumed>)             = 34
10788 sendmsg(11, {msg_name=NULL, msg_namelen=0, msg_iov=[{iov_base="\f\0\0\0\2\0\0\0\0\0\0\0H*\0\0", iov_len=16}], msg_iovlen=1, msg_controllen=0, msg_flags=0}, MSG_NOSIGNAL) = 16
10803 recvmsg(3, {msg_name=NULL, msg_namelen=0, msg_iov=[{iov_base="\f\0\0\0\2\0\0\0\0\0\0\0H*\0\0", iov_len=65536}], msg_iovlen=1, msg_controllen=0, msg_flags=0}, 0) = 16
10788 openat(AT_FDCWD, "/proc/10824/stat", O_RDONLY|O_CLOEXEC) = 34
10788 sendmsg(11, {msg_name=NULL, msg_namelen=0, msg_iov=[{iov_base="\f\0\0\0\2\0\0\0\0\0\0\0H*\0\0", iov_len=16}], msg_iovlen=1, msg_controllen=0, msg_flags=0}, MSG_NOSIGNAL) = 16
10803 recvmsg(3, {msg_name=NULL, msg_namelen=0, msg_iov=[{iov_base="\f\0\0\0\2\0\0\0\0\0\0\0H*\0\0", iov_len=65536}], msg_iovlen=1, msg_controllen=0, msg_flags=0}, 0) = 16
10788 sendto(36, "\20\0\0\0@\0\0\0j\2640z\0\0\0\0\30\0\26\0\0\0\0\0$\0\0\0\0\0\0\0\0\0\0\0\0\0\0\0\30\0\0\0\0\0\0\0000\0\0\0\0\0\0\0\0\0\0\0\0\0\0\0", 64, MSG_NOSIGNAL, NULL, 0) = 64
10836 recvmsg(14, {msg_name=NULL, msg_namelen=0, msg_iov=[{iov_base="\20\0\0\0@\0\0\0j\2640z\0\0\0\0\30\0\26\0\0\0\0\0$\0\0\0\0\0\0\0\0\0\0\0\0\0\0\0\30\0\0\0\0\0\0\0000\0\0\0\0\0\0\0\0\0\0\0\0\0\0\0", iov_len=4096}], msg_iovlen=1, msg_controllen=0, msg_flags=0}, MSG_DONTWAIT) = 64
10788 sendto(36, "\20\0\0\0@\0\0\0\272\2640z\0\0\0\0\30\0\26\0\0\0\0\0%\0\0\0\0\0\0\0\0\0\0\0\0\0\0\0\30\0\0\0\0\0\0\0;\0\0\0\0\0\0\0\0\0\0\0\0\0\0\0", 64, MSG_NOSIGNAL, NULL, 0) = 64
10836 recvmsg(14, {msg_name=NULL, msg_namelen=0, msg_iov=[{iov_base="\20\0\0\0@\0\0\0\272\2640z\0\0\0\0\30\0\26\0\0\0\0\0%\0\0\0\0\0\0\0\0\0\0\0\0\0\0\0\30\0\0\0\0\0\0\0;\0\0\0\0\0\0\0\0\0\0\0\0\0\0\0", iov_len=4096}], msg_iovlen=1, msg_controllen=0, msg_flags=0}, MSG_DONTWAIT) = 64
10788 sendto(36, "\20\0\0\0@\0\0\0000\2660z\0\0\0\0\30\0\26\0\0\0\0\0&\0\0\0\0\0\0\0\0\0\0\0\0\0\0\0\30\0\0\0\0\0\0\0#\0\0\0\0\0\0\0\0\0\0\0\0\0\0\0", 64, MSG_NOSIGNAL, NULL, 0 <unfinished ...>
10821 sendmsg(11, {msg_name=NULL, msg_namelen=0, msg_iov=[{iov_base="\10\0\0\0\1\0\0\0H*\0\0", iov_len=12}], msg_iovlen=1, msg_controllen=0, msg_flags=0}, MSG_NOSIGNAL <unfinished ...>
10824 --- SIGTERM {si_signo=SIGTERM, si_code=SI_USER, si_pid=10788, si_uid=1001} ---
10788 <... sendto resumed>)             = 64
10821 <... sendmsg resumed>)            = 12
10788 sendto(36, "\20\0\0\0@\0\0\0\235\2660z\0\0\0\0\30\0\26\0\0\0\0\0'\0\0\0\0\0\0\0\0\0\0\0\0\0\0\0\30\0\0\0\0\0\0\0\"\0\0\0\0\0\0\0\5\0\0\0\0\0\0\0", 64, MSG_NOSIGNAL, NULL, 0 <unfinished ...>
10837 +++ killed by SIGTERM +++
10836 +++ killed by SIGTERM +++
10835 +++ killed by SIGTERM +++
10833 +++ killed by SIGTERM +++
10830 +++ killed by SIGTERM +++
10828 +++ killed by SIGTERM +++
10826 +++ killed by SIGTERM +++
10803 recvmsg(3,  <unfinished ...>
10788 <... sendto resumed>)             = 64
10834 +++ killed by SIGTERM +++
10803 <... recvmsg resumed>{msg_name=NULL, msg_namelen=0, msg_iov=[{iov_base="\10\0\0\0\1\0\0\0H*\0\0", iov_len=65536}], msg_iovlen=1, msg_controllen=0, msg_flags=0}, 0) = 12
10788 sendto(36, "\20\0\0\0p\0\0\0\271\2670z\0\0\0\0\30\0\24\0\0\0\0\0(\0\0\0\0\0\0\0\0\0\0\0\0\0\0\0H\0\0\0\0\0\0\0$\0\0\0\0\0\0\0\1\0\0\0\0\0\0\0\0\0\0\0\1\0\0\0\0\0\0\0\0\0\0\0\0y\1\0\0\1\0\0\0\0\0\0\0\0\0\0\0\0\0\0\0\0\0\0\0\0\0\0\0\0\0\0", 112, MSG_NOSIGNAL, NULL, 0 <unfinished ...>
10832 +++ killed by SIGTERM +++
10831 +++ killed by SIGTERM +++
10829 +++ killed by SIGTERM +++
10788 <... sendto resumed>)             = 112
10788 sendto(36, "\20\0\0\0p\0\0\0C\2700z\0\0\0\0\30\0\24\0\0\0\0\0)\0\0\0\0\0\0\0\0\0\0\0\0\0\0\0H\0\0\0\0\0\0\0$\0\0\0\0\0\0\0\2\0\0\0\0\0\0\0\0\0\0\0\1\0\0\0\0\0\0\0\0\0\0\0\0{\1\0\0\1\0\0\0\0\0\0\0\0\0\0\0\0\0\0\0\0\0\0\0\0\0\0\0\0\0\0", 112, MSG_NOSIGNAL, NULL, 0) = 112
10788 sendto(36, "\20\0\0\0@\0\0\0\207\2700z\0\0\0\0\30\0\26\0\0\0\0\0*\0\0\0\0\0\0\0\0\0\0\0\0\0\0\0\30\0\0\0\0\0\0\0$\0\0\0\0\0\0\0\3\0\0\0\0\0\0\0", 64, MSG_NOSIGNAL, NULL, 0) = 64
10788 openat(AT_FDCWD, "/proc/10838/stat", O_RDONLY|O_CLOEXEC) = -1 ENOENT (No such file or directory)
10788 openat(AT_FDCWD, "/proc/10839/stat", O_RDONLY|O_CLOEXEC) = 34
10788 sendmsg(12, {msg_name=NULL, msg_namelen=0, msg_iov=[{iov_base="\f\0\0\0\2\0\0\0\0\0\0\0W*\0\0", iov_len=16}], msg_iovlen=1, msg_controllen=0, msg_flags=0}, MSG_NOSIGNAL) = 16
10804 recvmsg(3, {msg_name=NULL, msg_namelen=0, msg_iov=[{iov_base="\f\0\0\0\2\0\0\0\0\0\0\0W*\0\0", iov_len=65536}], msg_iovlen=1, msg_controllen=0, msg_flags=0}, 0) = 16
10788 openat(AT_FDCWD, "/proc/10839/stat", O_RDONLY|O_CLOEXEC) = 34
10788 sendmsg(12, {msg_name=NULL, msg_namelen=0, msg_iov=[{iov_base="\f\0\0\0\2\0\0\0\0\0\0\0W*\0\0", iov_len=16}], msg_iovlen=1, msg_controllen=0, msg_flags=0}, MSG_NOSIGNAL) = 16
10804 recvmsg(3, {msg_name=NULL, msg_namelen=0, msg_iov=[{iov_base="\f\0\0\0\2\0\0\0\0\0\0\0W*\0\0", iov_len=65536}], msg_iovlen=1, msg_controllen=0, msg_flags=0}, 0) = 16
10788 sendto(45, "\20\0\0\0@\0\0\0k\2770z\0\0\0\0\30\0\26\0\0\0\0\0:\0\0\0\0\0\0\0\0\0\0\0\0\0\0\0\30\0\0\0\0\0\0\0!\0\0\0\0\0\0\0\0\0\0\0\0\0\0\0", 64, MSG_NOSIGNAL, NULL, 0) = 64
10846 recvmsg(14,  <unfinished ...>
10788 sendto(45, "\20\0\0\0@\0\0\0\274\2770z\0\0\0\0\30\0\26\0\0\0\0\0;\0\0\0\0\0\0\0\0\0\0\0\0\0\0\0\30\0\0\0\0\0\0\0006\0\0\0\0\0\0\0\0\0\0\0\0\0\0\0", 64, MSG_NOSIGNAL, NULL, 0 <unfinished ...>
10846 <... recvmsg resumed>{msg_name=NULL, msg_namelen=0, msg_iov=[{iov_base="\20\0\0\0@\0\0\0k\2770z\0\0\0\0\30\0\26\0\0\0\0\0:\0\0\0\0\0\0\0\0\0\0\0\0\0\0\0\30\0\0\0\0\0\0\0!\0\0\0\0\0\0\0\0\0\0\0\0\0\0\0", iov_len=4096}], msg_iovlen=1, msg_controllen=0, msg_flags=0}, MSG_DONTWAIT) = 64
10788 <... sendto resumed>)             = 64
10846 recvmsg(14, {msg_name=NULL, msg_namelen=0, msg_iov=[{iov_base="\20\0\0\0@\0\0\0\274\2770z\0\0\0\0\30\0\26\0\0\0\0\0;\0\0\0\0\0\0\0\0\0\0\0\0\0\0\0\30\0\0\0\0\0\0\0006\0\0\0\0\0\0\0\0\0\0\0\0\0\0\0", iov_len=4096}], msg_iovlen=1, msg_controllen=0, msg_flags=0}, MSG_DONTWAIT) = 64
10839 --- SIGTERM {si_signo=SIGTERM, si_code=SI_USER, si_pid=10788, si_uid=1001} ---
10821 sendmsg(12, {msg_name=NULL, msg_namelen=0, msg_iov=[{iov_base="\10\0\0\0\1\0\0\0W*\0\0", iov_len=12}], msg_iovlen=1, msg_controllen=0, msg_flags=0}, MSG_NOSIGNAL) = 12
10847 +++ killed by SIGTERM +++
10846 +++ killed by SIGTERM +++
10862 +++ killed by SIGTERM +++
10845 +++ killed by SIGTERM +++
10844 +++ killed by SIGTERM +++
10843 +++ killed by SIGTERM +++
10804 recvmsg(3, {msg_name=NULL, msg_namelen=0, msg_iov=[{iov_base="\10\0\0\0\1\0\0\0W*\0\0", iov_len=65536}], msg_iovlen=1, msg_controllen=0, msg_flags=0}, 0) = 12
10788 sendto(45, "\20\0\0\0@\0\0\0\177\3020z\0\0\0\0\30\0\26\0\0\0\0\0<\0\0\0\0\0\0\0\0\0\0\0\0\0\0\0\30\0\0\0\0\0\0\0*\0\0\0\0\0\0\0\1\0\0\0\0\0\0\0", 64, MSG_NOSIGNAL, NULL, 0) = 64
10788 sendto(45, "\20\0\0\0@\0\0\0\317\3020z\0\0\0\0\30\0\26\0\0\0\0\0=\0\0\0\0\0\0\0\0\0\0\0\0\0\0\0\30\0\0\0\0\0\0\0+\0\0\0\0\0\0\0\5\0\0\0\0\0\0\0", 64, MSG_NOSIGNAL, NULL, 0) = 64
10788 sendto(36, "\20\0\0\0@\0\0\0\337\3040z\0\0\0\0\30\0\26\0\0\0\0\0+\0\0\0\0\0\0\0\0\0\0\0\0\0\0\0\30\0\0\0\0\0\0\0\35\0\0\0\0\0\0\0\0\0\0\0\0\0\0\0", 64, MSG_NOSIGNAL, NULL, 0) = 64
10788 sendto(36, "\20\0\0\0@\0\0\0000\3050z\0\0\0\0\30\0\26\0\0\0\0\0,\0\0\0\0\0\0\0\0\0\0\0\0\0\0\0\30\0\0\0\0\0\0\0\33\0\0\0\0\0\0\0\0\0\0\0\0\0\0\0", 64, MSG_NOSIGNAL, NULL, 0) = 64
10813 sendto(36, "\20\0\0\0p\0\0\0\365\3050z\0\0\0\0\30\0\24\0\0\0\0\0-\0\0\0\0\0\0\0\0\0\0\0\0\0\0\0H\0\0\0\0\0\0\0\31\0\0\0\0\0\0\0\2\0\0\0\0\0\0\0\0\0\0\0\1\0\0\0\0\0\0\0\0\0\0\0\0z\1\0\0\1\0\0\0\0\0\0\0\0\0\0\0\0\0\0\0\0\0\0\0\0\0\0\0\0\0\0", 112, MSG_NOSIGNAL, NULL, 0) = 112
10813 sendto(36, "\20\0\0\0p\0\0\0\246\3060z\0\0\0\0\30\0\24\0\0\0\0\0.\0\0\0\0\0\0\0\0\0\0\0\0\0\0\0H\0\0\0\0\0\0\0\31\0\0\0\0\0\0\0\3\0\0\0\0\0\0\0\0\0\0\0\1\0\0\0\0\0\0\0\0\0\0\0\0|\1\0\0\1\0\0\0\0\0\0\0\0\0\0\0\0\0\0\0\0\0\0\0\0\0\0\0\0\0\0", 112, MSG_NOSIGNAL, NULL, 0) = -1 EPIPE (Broken pipe)
10827 +++ killed by SIGTERM +++
10824 +++ killed by SIGTERM +++
10813 recvmsg(35,  <unfinished ...>
10803 --- SIGCHLD {si_signo=SIGCHLD, si_code=CLD_KILLED, si_pid=10824, si_uid=1001, si_status=SIGTERM, si_utime=0, si_stime=2 /* 0.02 s */} ---
10813 <... recvmsg resumed>{msg_name=NULL, msg_namelen=0, msg_iov=[{iov_base="", iov_len=4096}], msg_iovlen=1, msg_controllen=0, msg_flags=0}, MSG_DONTWAIT) = 0
10813 recvmsg(36, {msg_namelen=0}, MSG_DONTWAIT) = -1 ECONNRESET (Connection reset by peer)
10813 shutdown(35, SHUT_RDWR)           = 0
10813 shutdown(36, SHUT_RDWR)           = 0
10813 shutdown(45, SHUT_RDWR)           = 0
10813 shutdown(67, SHUT_RDWR)           = 0
10842 +++ killed by SIGTERM +++
10839 +++ killed by SIGTERM +++
10804 --- SIGCHLD {si_signo=SIGCHLD, si_code=CLD_KILLED, si_pid=10839, si_uid=1001, si_status=SIGTERM, si_utime=0, si_stime=2 /* 0.02 s */} ---
10810 openat(AT_FDCWD, "/tmp/playwright_chromiumdev_profile-56xg4l/Default/Feedback Reports", O_RDONLY|O_NONBLOCK|O_CLOEXEC|O_DIRECTORY) = -1 ENOENT (No such file or directory)
10809 openat(AT_FDCWD, "/tmp/playwright_chromiumdev_profile-56xg4l/first_party_sets.db", O_RDWR|O_CREAT|O_NOFOLLOW|O_CLOEXEC, 0600 <unfinished ...>
10808 openat(AT_FDCWD, "/tmp/playwright_chromiumdev_profile-56xg4l/Default/declarative_performance_observer.db", O_RDWR|O_CREAT|O_NOFOLLOW|O_CLOEXEC, 0600 <unfinished ...>
10809 <... openat resumed>)             = 23
10808 <... openat resumed>)             = 24
10809 openat(AT_FDCWD, "/tmp/playwright_chromiumdev_profile-56xg4l/first_party_sets.db-journal", O_RDWR|O_CREAT|O_NOFOLLOW|O_CLOEXEC, 0600) = 26
10808 openat(AT_FDCWD, "/tmp/playwright_chromiumdev_profile-56xg4l/Default/declarative_performance_observer.db-journal", O_RDWR|O_CREAT|O_NOFOLLOW|O_CLOEXEC, 0600) = 27
10808 openat(AT_FDCWD, "/tmp/playwright_chromiumdev_profile-56xg4l/Default", O_RDONLY|O_CLOEXEC) = 34
10809 openat(AT_FDCWD, "/tmp/playwright_chromiumdev_profile-56xg4l", O_RDONLY|O_CLOEXEC) = 35
10809 openat(AT_FDCWD, "/tmp/playwright_chromiumdev_profile-56xg4l/Default/.com.google.Chrome.BookmarkMergedSurfaceOrdering.QRS579", O_RDWR|O_CREAT|O_EXCL, 0600) = 34
10788 openat(AT_FDCWD, "/tmp/com.google.Chrome.fVp4Tm", O_RDONLY|O_NOFOLLOW|O_CLOEXEC|O_DIRECTORY) = 24
10804 recvmsg(3,  <unfinished ...>
10803 recvmsg(3,  <unfinished ...>
10796 recvmsg(7,  <unfinished ...>
10804 <... recvmsg resumed>{msg_name=NULL, msg_namelen=0, msg_iov=[{iov_base="", iov_len=65536}], msg_iovlen=1, msg_controllen=0, msg_flags=0}, 0) = 0
10796 <... recvmsg resumed>{msg_name=NULL, msg_namelen=0, msg_iov=[{iov_base="", iov_len=40}], msg_iovlen=1, msg_controllen=0, msg_flags=0}, 0) = 0
10803 <... recvmsg resumed>{msg_name=NULL, msg_namelen=0, msg_iov=[{iov_base="", iov_len=65536}], msg_iovlen=1, msg_controllen=0, msg_flags=0}, 0) = 0
10768 --- SIGCHLD {si_signo=SIGCHLD, si_code=CLD_EXITED, si_pid=10788, si_uid=1001, si_status=0, si_utime=18 /* 0.18 s */, si_stime=25 /* 0.25 s */} ---
10798 recvmsg(4, {msg_name=NULL, msg_namelen=0, msg_iov=[{iov_base="", iov_len=40}], msg_iovlen=1, msg_controllen=0, msg_flags=0}, 0) = 0
10768 shutdown(21, SHUT_WR)             = 0
10768 shutdown(23, SHUT_WR)             = 0
10779 openat(AT_FDCWD, "/tmp/playwright_chromiumdev_profile-56xg4l", O_RDONLY|O_NONBLOCK|O_CLOEXEC|O_DIRECTORY) = 21
10778 openat(AT_FDCWD, "/tmp/playwright_chromiumdev_profile-56xg4l/Default", O_RDONLY|O_NONBLOCK|O_CLOEXEC|O_DIRECTORY) = 21
10778 openat(AT_FDCWD, "/sys/devices/system/cpu/online", O_RDONLY|O_CLOEXEC) = 22
10776 openat(AT_FDCWD, "/tmp/playwright_chromiumdev_profile-56xg4l/GPUPersistentCache", O_RDONLY|O_NONBLOCK|O_CLOEXEC|O_DIRECTORY) = 23
10779 openat(AT_FDCWD, "/tmp/playwright_chromiumdev_profile-56xg4l/segmentation_platform", O_RDONLY|O_NONBLOCK|O_CLOEXEC|O_DIRECTORY) = 22
10777 openat(AT_FDCWD, "/tmp/playwright_chromiumdev_profile-56xg4l/GPUPersistentCache/GPUCache", O_RDONLY|O_NONBLOCK|O_CLOEXEC|O_DIRECTORY) = 21
10778 openat(AT_FDCWD, "/tmp/playwright_chromiumdev_profile-56xg4l/Default/Cache", O_RDONLY|O_NONBLOCK|O_CLOEXEC|O_DIRECTORY) = 22
10779 openat(AT_FDCWD, "/tmp/playwright_chromiumdev_profile-56xg4l/Default/ClientCertificates", O_RDONLY|O_NONBLOCK|O_CLOEXEC|O_DIRECTORY) = 23
10776 openat(AT_FDCWD, "/tmp/playwright_chromiumdev_profile-56xg4l/Default/Code Cache", O_RDONLY|O_NONBLOCK|O_CLOEXEC|O_DIRECTORY) = 24
10777 openat(AT_FDCWD, "/tmp/playwright_chromiumdev_profile-56xg4l/Default/Extension Scripts", O_RDONLY|O_NONBLOCK|O_CLOEXEC|O_DIRECTORY <unfinished ...>
10778 openat(AT_FDCWD, "/tmp/playwright_chromiumdev_profile-56xg4l/Default/Extension Rules", O_RDONLY|O_NONBLOCK|O_CLOEXEC|O_DIRECTORY <unfinished ...>
10777 <... openat resumed>)             = 21
10778 <... openat resumed>)             = 22
10779 openat(AT_FDCWD, "/tmp/playwright_chromiumdev_profile-56xg4l/Default/Extension State", O_RDONLY|O_NONBLOCK|O_CLOEXEC|O_DIRECTORY) = 23
10776 openat(AT_FDCWD, "/tmp/playwright_chromiumdev_profile-56xg4l/Default/Local Storage", O_RDONLY|O_NONBLOCK|O_CLOEXEC|O_DIRECTORY) = 24
10779 openat(AT_FDCWD, "/tmp/playwright_chromiumdev_profile-56xg4l/Default/Segmentation Platform", O_RDONLY|O_NONBLOCK|O_CLOEXEC|O_DIRECTORY <unfinished ...>
10778 openat(AT_FDCWD, "/tmp/playwright_chromiumdev_profile-56xg4l/Default/Shared Dictionary", O_RDONLY|O_NONBLOCK|O_CLOEXEC|O_DIRECTORY <unfinished ...>
10779 <... openat resumed>)             = 21
10777 openat(AT_FDCWD, "/tmp/playwright_chromiumdev_profile-56xg4l/Default/PersistentOriginTrials", O_RDONLY|O_NONBLOCK|O_CLOEXEC|O_DIRECTORY <unfinished ...>
10778 <... openat resumed>)             = 22
10777 <... openat resumed>)             = 23
10779 openat(AT_FDCWD, "/tmp/playwright_chromiumdev_profile-56xg4l/Default/Site Characteristics Database", O_RDONLY|O_NONBLOCK|O_CLOEXEC|O_DIRECTORY <unfinished ...>
10778 openat(AT_FDCWD, "/tmp/playwright_chromiumdev_profile-56xg4l/Default/commerce_subscription_db", O_RDONLY|O_NONBLOCK|O_CLOEXEC|O_DIRECTORY <unfinished ...>
10779 <... openat resumed>)             = 21
10778 <... openat resumed>)             = 22
10776 openat(AT_FDCWD, "/tmp/playwright_chromiumdev_profile-56xg4l/Default/Sync Data", O_RDONLY|O_NONBLOCK|O_CLOEXEC|O_DIRECTORY) = 23
10777 openat(AT_FDCWD, "/tmp/playwright_chromiumdev_profile-56xg4l/Default/chrome_cart_db", O_RDONLY|O_NONBLOCK|O_CLOEXEC|O_DIRECTORY) = 24
10779 openat(AT_FDCWD, "/tmp/playwright_chromiumdev_profile-56xg4l/Default/discounts_db", O_RDONLY|O_NONBLOCK|O_CLOEXEC|O_DIRECTORY <unfinished ...>
10778 openat(AT_FDCWD, "/tmp/playwright_chromiumdev_profile-56xg4l/Default/parcel_tracking_db", O_RDONLY|O_NONBLOCK|O_CLOEXEC|O_DIRECTORY <unfinished ...>
10779 <... openat resumed>)             = 21
10778 <... openat resumed>)             = 22
10776 openat(AT_FDCWD, "/tmp/playwright_chromiumdev_profile-56xg4l/Default/discount_infos_db", O_RDONLY|O_NONBLOCK|O_CLOEXEC|O_DIRECTORY <unfinished ...>
10777 openat(AT_FDCWD, "/tmp/playwright_chromiumdev_profile-56xg4l/Default/shared_proto_db", O_RDONLY|O_NONBLOCK|O_CLOEXEC|O_DIRECTORY <unfinished ...>
10776 <... openat resumed>)             = 23
10777 <... openat resumed>)             = 24
10777 openat(AT_FDCWD, "/tmp/playwright_chromiumdev_profile-56xg4l/GPUPersistentCache/GPUCache/UFESZEW7QIH6WTE655CKMG6KM4OROEZG", O_RDONLY|O_NONBLOCK|O_CLOEXEC|O_DIRECTORY) = 21
10779 openat(AT_FDCWD, "/tmp/playwright_chromiumdev_profile-56xg4l/Default/Cache/No_Vary_Search", O_RDONLY|O_NONBLOCK|O_CLOEXEC|O_DIRECTORY) = 22
10776 openat(AT_FDCWD, "/tmp/playwright_chromiumdev_profile-56xg4l/Default/Cache/Cache_Data", O_RDONLY|O_NONBLOCK|O_CLOEXEC|O_DIRECTORY <unfinished ...>
10778 openat(AT_FDCWD, "/tmp/playwright_chromiumdev_profile-56xg4l/Default/Code Cache/js", O_RDONLY|O_NONBLOCK|O_CLOEXEC|O_DIRECTORY <unfinished ...>
10776 <... openat resumed>)             = 21
10778 <... openat resumed>)             = 22
10777 openat(AT_FDCWD, "/tmp/playwright_chromiumdev_profile-56xg4l/Default/Code Cache/wasm", O_RDONLY|O_NONBLOCK|O_CLOEXEC|O_DIRECTORY <unfinished ...>
10778 openat(AT_FDCWD, "/tmp/playwright_chromiumdev_profile-56xg4l/Default/Segmentation Platform/SegmentInfoDB", O_RDONLY|O_NONBLOCK|O_CLOEXEC|O_DIRECTORY <unfinished ...>
10777 <... openat resumed>)             = 22
10778 <... openat resumed>)             = 21
10776 openat(AT_FDCWD, "/tmp/playwright_chromiumdev_profile-56xg4l/Default/Local Storage/leveldb", O_RDONLY|O_NONBLOCK|O_CLOEXEC|O_DIRECTORY) = 23
10779 openat(AT_FDCWD, "/tmp/playwright_chromiumdev_profile-56xg4l/Default/Segmentation Platform/SignalDB", O_RDONLY|O_NONBLOCK|O_CLOEXEC|O_DIRECTORY) = 21
10777 openat(AT_FDCWD, "/tmp/playwright_chromiumdev_profile-56xg4l/Default/Shared Dictionary/cache", O_RDONLY|O_NONBLOCK|O_CLOEXEC|O_DIRECTORY) = 22
10778 openat(AT_FDCWD, "/tmp/playwright_chromiumdev_profile-56xg4l/Default/Segmentation Platform/SignalStorageConfigDB", O_RDONLY|O_NONBLOCK|O_CLOEXEC|O_DIRECTORY) = 21
10776 openat(AT_FDCWD, "/tmp/playwright_chromiumdev_profile-56xg4l/Default/Sync Data/LevelDB", O_RDONLY|O_NONBLOCK|O_CLOEXEC|O_DIRECTORY) = 22
10777 openat(AT_FDCWD, "/tmp/playwright_chromiumdev_profile-56xg4l/Default/shared_proto_db/metadata", O_RDONLY|O_NONBLOCK|O_CLOEXEC|O_DIRECTORY) = 21
10776 openat(AT_FDCWD, "/tmp/playwright_chromiumdev_profile-56xg4l/Default/Code Cache/js/index-dir", O_RDONLY|O_NONBLOCK|O_CLOEXEC|O_DIRECTORY) = 21
10778 openat(AT_FDCWD, "/tmp/playwright_chromiumdev_profile-56xg4l/Default/Cache/Cache_Data/index-dir", O_RDONLY|O_NONBLOCK|O_CLOEXEC|O_DIRECTORY <unfinished ...>
10779 openat(AT_FDCWD, "/tmp/playwright_chromiumdev_profile-56xg4l/Default/Code Cache/wasm/index-dir", O_RDONLY|O_NONBLOCK|O_CLOEXEC|O_DIRECTORY <unfinished ...>
10778 <... openat resumed>)             = 22
10779 <... openat resumed>)             = 23
10776 openat(AT_FDCWD, "/tmp/playwright_chromiumdev_profile-56xg4l/Default/Shared Dictionary/cache/index-dir", O_RDONLY|O_NONBLOCK|O_CLOEXEC|O_DIRECTORY) = 21
10776 openat(AT_FDCWD, "/tmp/deckrender-local-UfqzSu", O_RDONLY|O_NONBLOCK|O_CLOEXEC|O_DIRECTORY) = 21
10777 openat(AT_FDCWD, "/tmp/deckrender-local-UfqzSu/office2html", O_RDONLY|O_NONBLOCK|O_CLOEXEC|O_DIRECTORY) = 21
10778 openat(AT_FDCWD, "/tmp/deckrender-local-UfqzSu/office2html/slides", O_RDONLY|O_NONBLOCK|O_CLOEXEC|O_DIRECTORY) = 21
