10489 openat(AT_FDCWD, "/opt/hostedtoolcache/Python/3.12.14/x64/lib/glibc-hwcaps/x86-64-v4/libdl.so.2", O_RDONLY|O_CLOEXEC) = -1 ENOENT (No such file or directory)
10489 openat(AT_FDCWD, "/opt/hostedtoolcache/Python/3.12.14/x64/lib/glibc-hwcaps/x86-64-v3/libdl.so.2", O_RDONLY|O_CLOEXEC) = -1 ENOENT (No such file or directory)
10489 openat(AT_FDCWD, "/opt/hostedtoolcache/Python/3.12.14/x64/lib/glibc-hwcaps/x86-64-v2/libdl.so.2", O_RDONLY|O_CLOEXEC) = -1 ENOENT (No such file or directory)
10489 openat(AT_FDCWD, "/opt/hostedtoolcache/Python/3.12.14/x64/lib/libdl.so.2", O_RDONLY|O_CLOEXEC) = -1 ENOENT (No such file or directory)
10489 openat(AT_FDCWD, "/etc/ld.so.cache", O_RDONLY|O_CLOEXEC) = 3
10489 openat(AT_FDCWD, "/lib/x86_64-linux-gnu/libdl.so.2", O_RDONLY|O_CLOEXEC) = 3
10489 openat(AT_FDCWD, "/opt/hostedtoolcache/Python/3.12.14/x64/lib/libstdc++.so.6", O_RDONLY|O_CLOEXEC) = -1 ENOENT (No such file or directory)
10489 openat(AT_FDCWD, "/lib/x86_64-linux-gnu/libstdc++.so.6", O_RDONLY|O_CLOEXEC) = 3
10489 openat(AT_FDCWD, "/opt/hostedtoolcache/Python/3.12.14/x64/lib/libm.so.6", O_RDONLY|O_CLOEXEC) = -1 ENOENT (No such file or directory)
10489 openat(AT_FDCWD, "/lib/x86_64-linux-gnu/libm.so.6", O_RDONLY|O_CLOEXEC) = 3
10489 openat(AT_FDCWD, "/opt/hostedtoolcache/Python/3.12.14/x64/lib/libgcc_s.so.1", O_RDONLY|O_CLOEXEC) = -1 ENOENT (No such file or directory)
10489 openat(AT_FDCWD, "/lib/x86_64-linux-gnu/libgcc_s.so.1", O_RDONLY|O_CLOEXEC) = 3
10489 openat(AT_FDCWD, "/opt/hostedtoolcache/Python/3.12.14/x64/lib/libpthread.so.0", O_RDONLY|O_CLOEXEC) = -1 ENOENT (No such file or directory)
10489 openat(AT_FDCWD, "/lib/x86_64-linux-gnu/libpthread.so.0", O_RDONLY|O_CLOEXEC) = 3
10489 openat(AT_FDCWD, "/opt/hostedtoolcache/Python/3.12.14/x64/lib/libc.so.6", O_RDONLY|O_CLOEXEC) = -1 ENOENT (No such file or directory)
10489 openat(AT_FDCWD, "/lib/x86_64-linux-gnu/libc.so.6", O_RDONLY|O_CLOEXEC) = 3
10489 openat(AT_FDCWD, "/etc/ssl/openssl.cnf", O_RDONLY) = 3
10489 openat(AT_FDCWD, "/proc/version_signature", O_RDONLY|O_CLOEXEC) = 4
10489 openat(AT_FDCWD, "/proc/self/cgroup", O_RDONLY|O_CLOEXEC) = 20
10489 openat(AT_FDCWD, "/sys/fs/cgroup/system.slice/hosted-compute-agent.service/memory.max", O_RDONLY|O_CLOEXEC) = 20
10489 openat(AT_FDCWD, "/sys/fs/cgroup/system.slice/hosted-compute-agent.service/memory.high", O_RDONLY|O_CLOEXEC) = 20
10489 openat(AT_FDCWD, "/proc/meminfo", O_RDONLY|O_CLOEXEC) = 20
10489 openat(AT_FDCWD, "/proc/self/maps", O_RDONLY|O_CLOEXEC) = 20
10489 openat(AT_FDCWD, "/proc/self/maps", O_RDONLY) = 20
10489 openat(AT_FDCWD, "/proc/self/maps", O_RDONLY) = 20
10489 openat(AT_FDCWD, "/opt/hostedtoolcache/node/22.23.2/x64/bin/node", O_RDONLY) = 20
10489 openat(AT_FDCWD, "/home/runner/work/deckrender-acceptance/deckrender-acceptance/benchmark/adapters/credential-probe.cjs", O_RDONLY|O_CLOEXEC) = 20
10489 openat(AT_FDCWD, "/home/runner/work/deckrender-acceptance/deckrender-acceptance/benchmark/artifacts/acceptance/runs/34426566778-local/evidence/REN-R07-render-ebb334505cb3/credentials.jsonl", O_WRONLY|O_CREAT|O_APPEND|O_CLOEXEC, 0666) = 20
10489 openat(AT_FDCWD, "/home/runner/work/deckrender-acceptance/deckrender-acceptance/benchmark/artifacts/acceptance/runtimes/v0.3.1/node_modules/@deckflow/deckrender/dist/package.json", O_RDONLY|O_CLOEXEC) = -1 ENOENT (No such file or directory)
10489 openat(AT_FDCWD, "/home/runner/work/deckrender-acceptance/deckrender-acceptance/benchmark/artifacts/acceptance/runtimes/v0.3.1/node_modules/@deckflow/deckrender/package.json", O_RDONLY|O_CLOEXEC) = 20
10489 openat(AT_FDCWD, "/home/runner/work/deckrender-acceptance/deckrender-acceptance/benchmark/artifacts/acceptance/runtimes/v0.3.1/node_modules/@deckflow/deckrender/dist/package.json", O_RDONLY|O_CLOEXEC) = -1 ENOENT (No such file or directory)
10489 openat(AT_FDCWD, "/home/runner/work/deckrender-acceptance/deckrender-acceptance/benchmark/artifacts/acceptance/runtimes/v0.3.1/node_modules/@deckflow/deckrender/dist/cli.js", O_RDONLY|O_CLOEXEC) = 20
10489 openat(AT_FDCWD, "/home/runner/work/deckrender-acceptance/deckrender-acceptance/benchmark/artifacts/acceptance/runtimes/v0.3.1/node_modules/@deckflow/deckrender/dist/package.json", O_RDONLY|O_CLOEXEC) = -1 ENOENT (No such file or directory)
10489 openat(AT_FDCWD, "/home/runner/work/deckrender-acceptance/deckrender-acceptance/benchmark/artifacts/acceptance/runtimes/v0.3.1/node_modules/commander/package.json", O_RDONLY|O_CLOEXEC) = 20
10489 openat(AT_FDCWD, "/home/runner/work/deckrender-acceptance/deckrender-acceptance/benchmark/artifacts/acceptance/runtimes/v0.3.1/node_modules/@deckflow/deckrender/dist/package.json", O_RDONLY|O_CLOEXEC) = -1 ENOENT (No such file or directory)
10489 openat(AT_FDCWD, "/home/runner/work/deckrender-acceptance/deckrender-acceptance/benchmark/artifacts/acceptance/runtimes/v0.3.1/node_modules/chalk/package.json", O_RDONLY|O_CLOEXEC) = 20
10489 openat(AT_FDCWD, "/home/runner/work/deckrender-acceptance/deckrender-acceptance/benchmark/artifacts/acceptance/runtimes/v0.3.1/node_modules/chalk/source/package.json", O_RDONLY|O_CLOEXEC) = -1 ENOENT (No such file or directory)
10489 openat(AT_FDCWD, "/home/runner/work/deckrender-acceptance/deckrender-acceptance/benchmark/artifacts/acceptance/runtimes/v0.3.1/node_modules/@deckflow/deckrender/dist/package.json", O_RDONLY|O_CLOEXEC) = -1 ENOENT (No such file or directory)
10489 openat(AT_FDCWD, "/home/runner/work/deckrender-acceptance/deckrender-acceptance/benchmark/artifacts/acceptance/runtimes/v0.3.1/node_modules/@deckops/sdk/package.json", O_RDONLY|O_CLOEXEC) = 20
10489 openat(AT_FDCWD, "/home/runner/work/deckrender-acceptance/deckrender-acceptance/benchmark/artifacts/acceptance/runtimes/v0.3.1/node_modules/@deckops/sdk/dist/package.json", O_RDONLY|O_CLOEXEC) = -1 ENOENT (No such file or directory)
10489 openat(AT_FDCWD, "/home/runner/work/deckrender-acceptance/deckrender-acceptance/benchmark/artifacts/acceptance/runtimes/v0.3.1/node_modules/@deckflow/deckrender/dist/package.json", O_RDONLY|O_CLOEXEC) = -1 ENOENT (No such file or directory)
10489 openat(AT_FDCWD, "/home/runner/work/deckrender-acceptance/deckrender-acceptance/benchmark/artifacts/acceptance/runtimes/v0.3.1/node_modules/zod/package.json", O_RDONLY|O_CLOEXEC) = 20
10489 openat(AT_FDCWD, "/home/runner/work/deckrender-acceptance/deckrender-acceptance/benchmark/artifacts/acceptance/runtimes/v0.3.1/node_modules/@deckflow/deckrender/dist/package.json", O_RDONLY|O_CLOEXEC) = -1 ENOENT (No such file or directory)
10489 openat(AT_FDCWD, "/home/runner/work/deckrender-acceptance/deckrender-acceptance/benchmark/artifacts/acceptance/runtimes/v0.3.1/node_modules/ora/package.json", O_RDONLY|O_CLOEXEC) = 20
10489 openat(AT_FDCWD, "/home/runner/work/deckrender-acceptance/deckrender-acceptance/benchmark/artifacts/acceptance/runtimes/v0.3.1/node_modules/@deckflow/deckrender/dist/package.json", O_RDONLY|O_CLOEXEC) = -1 ENOENT (No such file or directory)
10489 openat(AT_FDCWD, "/home/runner/work/deckrender-acceptance/deckrender-acceptance/benchmark/artifacts/acceptance/runtimes/v0.3.1/node_modules/p-limit/package.json", O_RDONLY|O_CLOEXEC) = 20
10489 openat(AT_FDCWD, "/home/runner/work/deckrender-acceptance/deckrender-acceptance/benchmark/artifacts/acceptance/runtimes/v0.3.1/node_modules/commander/esm.mjs", O_RDONLY|O_CLOEXEC) = 20
10489 openat(AT_FDCWD, "/home/runner/work/deckrender-acceptance/deckrender-acceptance/benchmark/artifacts/acceptance/runtimes/v0.3.1/node_modules/chalk/source/index.js", O_RDONLY|O_CLOEXEC) = 20
10489 openat(AT_FDCWD, "/home/runner/work/deckrender-acceptance/deckrender-acceptance/benchmark/artifacts/acceptance/runtimes/v0.3.1/node_modules/@deckops/sdk/dist/index.js", O_RDONLY|O_CLOEXEC) = 20
10489 openat(AT_FDCWD, "/dev/null", O_RDONLY|O_CLOEXEC) = 20
10489 openat(AT_FDCWD, "/home/runner/work/deckrender-acceptance/deckrender-acceptance/benchmark/artifacts/acceptance/runtimes/v0.3.1/node_modules/zod/index.js", O_RDONLY|O_CLOEXEC) = 21
10489 openat(AT_FDCWD, "/home/runner/work/deckrender-acceptance/deckrender-acceptance/benchmark/artifacts/acceptance/runtimes/v0.3.1/node_modules/ora/index.js", O_RDONLY|O_CLOEXEC) = 21
10489 openat(AT_FDCWD, "/home/runner/work/deckrender-acceptance/deckrender-acceptance/benchmark/artifacts/acceptance/runtimes/v0.3.1/node_modules/p-limit/index.js", O_RDONLY|O_CLOEXEC) = 21
10489 openat(AT_FDCWD, "/home/runner/work/deckrender-acceptance/deckrender-acceptance/benchmark/artifacts/acceptance/runtimes/v0.3.1/node_modules/chalk/source/package.json", O_RDONLY|O_CLOEXEC) = -1 ENOENT (No such file or directory)
10489 openat(AT_FDCWD, "/home/runner/work/deckrender-acceptance/deckrender-acceptance/benchmark/artifacts/acceptance/runtimes/v0.3.1/node_modules/chalk/source/vendor/ansi-styles/package.json", O_RDONLY|O_CLOEXEC) = -1 ENOENT (No such file or directory)
10489 openat(AT_FDCWD, "/home/runner/work/deckrender-acceptance/deckrender-acceptance/benchmark/artifacts/acceptance/runtimes/v0.3.1/node_modules/chalk/source/vendor/package.json", O_RDONLY|O_CLOEXEC) = -1 ENOENT (No such file or directory)
10489 openat(AT_FDCWD, "/home/runner/work/deckrender-acceptance/deckrender-acceptance/benchmark/artifacts/acceptance/runtimes/v0.3.1/node_modules/chalk/source/package.json", O_RDONLY|O_CLOEXEC) = -1 ENOENT (No such file or directory)
10489 openat(AT_FDCWD, "/home/runner/work/deckrender-acceptance/deckrender-acceptance/benchmark/artifacts/acceptance/runtimes/v0.3.1/node_modules/chalk/source/package.json", O_RDONLY|O_CLOEXEC) = -1 ENOENT (No such file or directory)
10489 openat(AT_FDCWD, "/home/runner/work/deckrender-acceptance/deckrender-acceptance/benchmark/artifacts/acceptance/runtimes/v0.3.1/node_modules/chalk/source/vendor/supports-color/package.json", O_RDONLY|O_CLOEXEC) = -1 ENOENT (No such file or directory)
10489 openat(AT_FDCWD, "/home/runner/work/deckrender-acceptance/deckrender-acceptance/benchmark/artifacts/acceptance/runtimes/v0.3.1/node_modules/chalk/source/vendor/package.json", O_RDONLY|O_CLOEXEC) = -1 ENOENT (No such file or directory)
10489 openat(AT_FDCWD, "/home/runner/work/deckrender-acceptance/deckrender-acceptance/benchmark/artifacts/acceptance/runtimes/v0.3.1/node_modules/chalk/source/package.json", O_RDONLY|O_CLOEXEC) = -1 ENOENT (No such file or directory)
10489 openat(AT_FDCWD, "/home/runner/work/deckrender-acceptance/deckrender-acceptance/benchmark/artifacts/acceptance/runtimes/v0.3.1/node_modules/chalk/source/package.json", O_RDONLY|O_CLOEXEC) = -1 ENOENT (No such file or directory)
10489 openat(AT_FDCWD, "/home/runner/work/deckrender-acceptance/deckrender-acceptance/benchmark/artifacts/acceptance/runtimes/v0.3.1/node_modules/chalk/source/vendor/ansi-styles/package.json", O_RDONLY|O_CLOEXEC) = -1 ENOENT (No such file or directory)
10489 openat(AT_FDCWD, "/home/runner/work/deckrender-acceptance/deckrender-acceptance/benchmark/artifacts/acceptance/runtimes/v0.3.1/node_modules/chalk/source/vendor/package.json", O_RDONLY|O_CLOEXEC) = -1 ENOENT (No such file or directory)
10489 openat(AT_FDCWD, "/home/runner/work/deckrender-acceptance/deckrender-acceptance/benchmark/artifacts/acceptance/runtimes/v0.3.1/node_modules/chalk/source/package.json", O_RDONLY|O_CLOEXEC) = -1 ENOENT (No such file or directory)
10489 openat(AT_FDCWD, "/home/runner/work/deckrender-acceptance/deckrender-acceptance/benchmark/artifacts/acceptance/runtimes/v0.3.1/node_modules/@deckops/sdk/dist/package.json", O_RDONLY|O_CLOEXEC) = -1 ENOENT (No such file or directory)
10489 openat(AT_FDCWD, "/home/runner/work/deckrender-acceptance/deckrender-acceptance/benchmark/artifacts/acceptance/runtimes/v0.3.1/node_modules/axios/package.json", O_RDONLY|O_CLOEXEC) = 21
10489 openat(AT_FDCWD, "/home/runner/work/deckrender-acceptance/deckrender-acceptance/benchmark/artifacts/acceptance/runtimes/v0.3.1/node_modules/@deckops/sdk/dist/package.json", O_RDONLY|O_CLOEXEC) = -1 ENOENT (No such file or directory)
10489 openat(AT_FDCWD, "/home/runner/work/deckrender-acceptance/deckrender-acceptance/benchmark/artifacts/acceptance/runtimes/v0.3.1/node_modules/@deckops/sdk/dist/package.json", O_RDONLY|O_CLOEXEC) = -1 ENOENT (No such file or directory)
10489 openat(AT_FDCWD, "/home/runner/work/deckrender-acceptance/deckrender-acceptance/benchmark/artifacts/acceptance/runtimes/v0.3.1/node_modules/eventsource-parser/package.json", O_RDONLY|O_CLOEXEC) = 21
10489 openat(AT_FDCWD, "/home/runner/work/deckrender-acceptance/deckrender-acceptance/benchmark/artifacts/acceptance/runtimes/v0.3.1/node_modules/eventsource-parser/dist/package.json", O_RDONLY|O_CLOEXEC) = -1 ENOENT (No such file or directory)
10489 openat(AT_FDCWD, "/home/runner/work/deckrender-acceptance/deckrender-acceptance/benchmark/artifacts/acceptance/runtimes/v0.3.1/node_modules/zod/v3/package.json", O_RDONLY|O_CLOEXEC) = -1 ENOENT (No such file or directory)
10489 openat(AT_FDCWD, "/home/runner/work/deckrender-acceptance/deckrender-acceptance/benchmark/artifacts/acceptance/runtimes/v0.3.1/node_modules/chalk/source/package.json", O_RDONLY|O_CLOEXEC) = -1 ENOENT (No such file or directory)
10489 openat(AT_FDCWD, "/home/runner/work/deckrender-acceptance/deckrender-acceptance/benchmark/artifacts/acceptance/runtimes/v0.3.1/node_modules/cli-cursor/package.json", O_RDONLY|O_CLOEXEC) = 21
10489 openat(AT_FDCWD, "/home/runner/work/deckrender-acceptance/deckrender-acceptance/benchmark/artifacts/acceptance/runtimes/v0.3.1/node_modules/cli-spinners/package.json", O_RDONLY|O_CLOEXEC) = 21
10489 openat(AT_FDCWD, "/home/runner/work/deckrender-acceptance/deckrender-acceptance/benchmark/artifacts/acceptance/runtimes/v0.3.1/node_modules/log-symbols/package.json", O_RDONLY|O_CLOEXEC) = 21
10489 openat(AT_FDCWD, "/home/runner/work/deckrender-acceptance/deckrender-acceptance/benchmark/artifacts/acceptance/runtimes/v0.3.1/node_modules/strip-ansi/package.json", O_RDONLY|O_CLOEXEC) = 21
10489 openat(AT_FDCWD, "/home/runner/work/deckrender-acceptance/deckrender-acceptance/benchmark/artifacts/acceptance/runtimes/v0.3.1/node_modules/string-width/package.json", O_RDONLY|O_CLOEXEC) = 21
10489 openat(AT_FDCWD, "/home/runner/work/deckrender-acceptance/deckrender-acceptance/benchmark/artifacts/acceptance/runtimes/v0.3.1/node_modules/is-interactive/package.json", O_RDONLY|O_CLOEXEC) = 21
10489 openat(AT_FDCWD, "/home/runner/work/deckrender-acceptance/deckrender-acceptance/benchmark/artifacts/acceptance/runtimes/v0.3.1/node_modules/is-unicode-supported/package.json", O_RDONLY|O_CLOEXEC) = 21
10489 openat(AT_FDCWD, "/home/runner/work/deckrender-acceptance/deckrender-acceptance/benchmark/artifacts/acceptance/runtimes/v0.3.1/node_modules/stdin-discarder/package.json", O_RDONLY|O_CLOEXEC) = 21
10489 openat(AT_FDCWD, "/home/runner/work/deckrender-acceptance/deckrender-acceptance/benchmark/artifacts/acceptance/runtimes/v0.3.1/node_modules/yocto-queue/package.json", O_RDONLY|O_CLOEXEC) = 21
10489 openat(AT_FDCWD, "/home/runner/work/deckrender-acceptance/deckrender-acceptance/benchmark/artifacts/acceptance/runtimes/v0.3.1/node_modules/commander/index.js", O_RDONLY|O_CLOEXEC) = 21
10489 openat(AT_FDCWD, "/home/runner/work/deckrender-acceptance/deckrender-acceptance/benchmark/artifacts/acceptance/runtimes/v0.3.1/node_modules/chalk/source/vendor/ansi-styles/index.js", O_RDONLY|O_CLOEXEC) = 21
10489 openat(AT_FDCWD, "/home/runner/work/deckrender-acceptance/deckrender-acceptance/benchmark/artifacts/acceptance/runtimes/v0.3.1/node_modules/chalk/source/vendor/supports-color/index.js", O_RDONLY|O_CLOEXEC) = 21
10489 openat(AT_FDCWD, "/home/runner/work/deckrender-acceptance/deckrender-acceptance/benchmark/artifacts/acceptance/runtimes/v0.3.1/node_modules/chalk/source/utilities.js", O_RDONLY|O_CLOEXEC) = 21
10489 openat(AT_FDCWD, "/home/runner/work/deckrender-acceptance/deckrender-acceptance/benchmark/artifacts/acceptance/runtimes/v0.3.1/node_modules/axios/index.js", O_RDONLY|O_CLOEXEC) = 21
10489 openat(AT_FDCWD, "/home/runner/work/deckrender-acceptance/deckrender-acceptance/benchmark/artifacts/acceptance/runtimes/v0.3.1/node_modules/eventsource-parser/dist/index.js", O_RDONLY|O_CLOEXEC) = 21
10489 openat(AT_FDCWD, "/home/runner/work/deckrender-acceptance/deckrender-acceptance/benchmark/artifacts/acceptance/runtimes/v0.3.1/node_modules/zod/v3/external.js", O_RDONLY|O_CLOEXEC) = 21
10489 openat(AT_FDCWD, "/home/runner/work/deckrender-acceptance/deckrender-acceptance/benchmark/artifacts/acceptance/runtimes/v0.3.1/node_modules/cli-cursor/index.js", O_RDONLY|O_CLOEXEC) = 21
10489 openat(AT_FDCWD, "/home/runner/work/deckrender-acceptance/deckrender-acceptance/benchmark/artifacts/acceptance/runtimes/v0.3.1/node_modules/cli-spinners/index.js", O_RDONLY|O_CLOEXEC) = 21
10489 openat(AT_FDCWD, "/home/runner/work/deckrender-acceptance/deckrender-acceptance/benchmark/artifacts/acceptance/runtimes/v0.3.1/node_modules/log-symbols/index.js", O_RDONLY|O_CLOEXEC) = 21
10489 openat(AT_FDCWD, "/home/runner/work/deckrender-acceptance/deckrender-acceptance/benchmark/artifacts/acceptance/runtimes/v0.3.1/node_modules/strip-ansi/index.js", O_RDONLY|O_CLOEXEC) = 21
10489 openat(AT_FDCWD, "/home/runner/work/deckrender-acceptance/deckrender-acceptance/benchmark/artifacts/acceptance/runtimes/v0.3.1/node_modules/string-width/index.js", O_RDONLY|O_CLOEXEC) = 21
10489 openat(AT_FDCWD, "/home/runner/work/deckrender-acceptance/deckrender-acceptance/benchmark/artifacts/acceptance/runtimes/v0.3.1/node_modules/is-interactive/index.js", O_RDONLY|O_CLOEXEC) = 21
10489 openat(AT_FDCWD, "/home/runner/work/deckrender-acceptance/deckrender-acceptance/benchmark/artifacts/acceptance/runtimes/v0.3.1/node_modules/is-unicode-supported/index.js", O_RDONLY|O_CLOEXEC) = 21
10489 openat(AT_FDCWD, "/home/runner/work/deckrender-acceptance/deckrender-acceptance/benchmark/artifacts/acceptance/runtimes/v0.3.1/node_modules/stdin-discarder/index.js", O_RDONLY|O_CLOEXEC) = 21
10489 openat(AT_FDCWD, "/home/runner/work/deckrender-acceptance/deckrender-acceptance/benchmark/artifacts/acceptance/runtimes/v0.3.1/node_modules/yocto-queue/index.js", O_RDONLY|O_CLOEXEC) = 21
10489 openat(AT_FDCWD, "/home/runner/work/deckrender-acceptance/deckrender-acceptance/benchmark/artifacts/acceptance/runtimes/v0.3.1/node_modules/axios/lib/package.json", O_RDONLY|O_CLOEXEC) = -1 ENOENT (No such file or directory)
10489 openat(AT_FDCWD, "/home/runner/work/deckrender-acceptance/deckrender-acceptance/benchmark/artifacts/acceptance/runtimes/v0.3.1/node_modules/zod/v3/package.json", O_RDONLY|O_CLOEXEC) = -1 ENOENT (No such file or directory)
10489 openat(AT_FDCWD, "/home/runner/work/deckrender-acceptance/deckrender-acceptance/benchmark/artifacts/acceptance/runtimes/v0.3.1/node_modules/zod/v3/helpers/package.json", O_RDONLY|O_CLOEXEC) = -1 ENOENT (No such file or directory)
10489 openat(AT_FDCWD, "/home/runner/work/deckrender-acceptance/deckrender-acceptance/benchmark/artifacts/acceptance/runtimes/v0.3.1/node_modules/zod/v3/package.json", O_RDONLY|O_CLOEXEC) = -1 ENOENT (No such file or directory)
10489 openat(AT_FDCWD, "/home/runner/work/deckrender-acceptance/deckrender-acceptance/benchmark/artifacts/acceptance/runtimes/v0.3.1/node_modules/zod/v3/helpers/package.json", O_RDONLY|O_CLOEXEC) = -1 ENOENT (No such file or directory)
10489 openat(AT_FDCWD, "/home/runner/work/deckrender-acceptance/deckrender-acceptance/benchmark/artifacts/acceptance/runtimes/v0.3.1/node_modules/zod/v3/package.json", O_RDONLY|O_CLOEXEC) = -1 ENOENT (No such file or directory)
10489 openat(AT_FDCWD, "/home/runner/work/deckrender-acceptance/deckrender-acceptance/benchmark/artifacts/acceptance/runtimes/v0.3.1/node_modules/zod/v3/helpers/package.json", O_RDONLY|O_CLOEXEC) = -1 ENOENT (No such file or directory)
10489 openat(AT_FDCWD, "/home/runner/work/deckrender-acceptance/deckrender-acceptance/benchmark/artifacts/acceptance/runtimes/v0.3.1/node_modules/zod/v3/package.json", O_RDONLY|O_CLOEXEC) = -1 ENOENT (No such file or directory)
10489 openat(AT_FDCWD, "/home/runner/work/deckrender-acceptance/deckrender-acceptance/benchmark/artifacts/acceptance/runtimes/v0.3.1/node_modules/zod/v3/package.json", O_RDONLY|O_CLOEXEC) = -1 ENOENT (No such file or directory)
10489 openat(AT_FDCWD, "/home/runner/work/deckrender-acceptance/deckrender-acceptance/benchmark/artifacts/acceptance/runtimes/v0.3.1/node_modules/zod/v3/package.json", O_RDONLY|O_CLOEXEC) = -1 ENOENT (No such file or directory)
10489 openat(AT_FDCWD, "/home/runner/work/deckrender-acceptance/deckrender-acceptance/benchmark/artifacts/acceptance/runtimes/v0.3.1/node_modules/restore-cursor/package.json", O_RDONLY|O_CLOEXEC) = 21
10489 openat(AT_FDCWD, "/home/runner/work/deckrender-acceptance/deckrender-acceptance/benchmark/artifacts/acceptance/runtimes/v0.3.1/node_modules/chalk/source/package.json", O_RDONLY|O_CLOEXEC) = -1 ENOENT (No such file or directory)
10489 openat(AT_FDCWD, "/home/runner/work/deckrender-acceptance/deckrender-acceptance/benchmark/artifacts/acceptance/runtimes/v0.3.1/node_modules/ansi-regex/package.json", O_RDONLY|O_CLOEXEC) = 21
10489 openat(AT_FDCWD, "/home/runner/work/deckrender-acceptance/deckrender-acceptance/benchmark/artifacts/acceptance/runtimes/v0.3.1/node_modules/eastasianwidth/package.json", O_RDONLY|O_CLOEXEC) = 21
10489 openat(AT_FDCWD, "/home/runner/work/deckrender-acceptance/deckrender-acceptance/benchmark/artifacts/acceptance/runtimes/v0.3.1/node_modules/emoji-regex/package.json", O_RDONLY|O_CLOEXEC) = 21
10489 openat(AT_FDCWD, "/home/runner/work/deckrender-acceptance/deckrender-acceptance/benchmark/artifacts/acceptance/runtimes/v0.3.1/node_modules/bl/package.json", O_RDONLY|O_CLOEXEC) = 21
10489 openat(AT_FDCWD, "/home/runner/work/deckrender-acceptance/deckrender-acceptance/benchmark/artifacts/acceptance/runtimes/v0.3.1/node_modules/axios/lib/axios.js", O_RDONLY|O_CLOEXEC) = 21
10489 openat(AT_FDCWD, "/home/runner/work/deckrender-acceptance/deckrender-acceptance/benchmark/artifacts/acceptance/runtimes/v0.3.1/node_modules/zod/v3/errors.js", O_RDONLY|O_CLOEXEC) = 21
10489 openat(AT_FDCWD, "/home/runner/work/deckrender-acceptance/deckrender-acceptance/benchmark/artifacts/acceptance/runtimes/v0.3.1/node_modules/zod/v3/helpers/parseUtil.js", O_RDONLY|O_CLOEXEC) = 21
10489 openat(AT_FDCWD, "/home/runner/work/deckrender-acceptance/deckrender-acceptance/benchmark/artifacts/acceptance/runtimes/v0.3.1/node_modules/zod/v3/helpers/typeAliases.js", O_RDONLY|O_CLOEXEC) = 21
10489 openat(AT_FDCWD, "/home/runner/work/deckrender-acceptance/deckrender-acceptance/benchmark/artifacts/acceptance/runtimes/v0.3.1/node_modules/zod/v3/helpers/util.js", O_RDONLY|O_CLOEXEC) = 21
10489 openat(AT_FDCWD, "/home/runner/work/deckrender-acceptance/deckrender-acceptance/benchmark/artifacts/acceptance/runtimes/v0.3.1/node_modules/zod/v3/types.js", O_RDONLY|O_CLOEXEC) = 21
10489 openat(AT_FDCWD, "/home/runner/work/deckrender-acceptance/deckrender-acceptance/benchmark/artifacts/acceptance/runtimes/v0.3.1/node_modules/zod/v3/ZodError.js", O_RDONLY|O_CLOEXEC) = 21
10489 openat(AT_FDCWD, "/home/runner/work/deckrender-acceptance/deckrender-acceptance/benchmark/artifacts/acceptance/runtimes/v0.3.1/node_modules/restore-cursor/index.js", O_RDONLY|O_CLOEXEC) = 21
10489 openat(AT_FDCWD, "/home/runner/work/deckrender-acceptance/deckrender-acceptance/benchmark/artifacts/acceptance/runtimes/v0.3.1/node_modules/ansi-regex/index.js", O_RDONLY|O_CLOEXEC) = 21
10489 openat(AT_FDCWD, "/home/runner/work/deckrender-acceptance/deckrender-acceptance/benchmark/artifacts/acceptance/runtimes/v0.3.1/node_modules/eastasianwidth/eastasianwidth.js", O_RDONLY|O_CLOEXEC) = 21
10489 openat(AT_FDCWD, "/home/runner/work/deckrender-acceptance/deckrender-acceptance/benchmark/artifacts/acceptance/runtimes/v0.3.1/node_modules/emoji-regex/index.js", O_RDONLY|O_CLOEXEC) = 21
10489 openat(AT_FDCWD, "/home/runner/work/deckrender-acceptance/deckrender-acceptance/benchmark/artifacts/acceptance/runtimes/v0.3.1/node_modules/bl/bl.js", O_RDONLY|O_CLOEXEC) = 21
10489 openat(AT_FDCWD, "/home/runner/work/deckrender-acceptance/deckrender-acceptance/benchmark/artifacts/acceptance/runtimes/v0.3.1/node_modules/axios/lib/package.json", O_RDONLY|O_CLOEXEC) = -1 ENOENT (No such file or directory)
10489 openat(AT_FDCWD, "/home/runner/work/deckrender-acceptance/deckrender-acceptance/benchmark/artifacts/acceptance/runtimes/v0.3.1/node_modules/axios/lib/helpers/package.json", O_RDONLY|O_CLOEXEC) = -1 ENOENT (No such file or directory)
10489 openat(AT_FDCWD, "/home/runner/work/deckrender-acceptance/deckrender-acceptance/benchmark/artifacts/acceptance/runtimes/v0.3.1/node_modules/axios/lib/package.json", O_RDONLY|O_CLOEXEC) = -1 ENOENT (No such file or directory)
10489 openat(AT_FDCWD, "/home/runner/work/deckrender-acceptance/deckrender-acceptance/benchmark/artifacts/acceptance/runtimes/v0.3.1/node_modules/axios/lib/core/package.json", O_RDONLY|O_CLOEXEC) = -1 ENOENT (No such file or directory)
10489 openat(AT_FDCWD, "/home/runner/work/deckrender-acceptance/deckrender-acceptance/benchmark/artifacts/acceptance/runtimes/v0.3.1/node_modules/axios/lib/package.json", O_RDONLY|O_CLOEXEC) = -1 ENOENT (No such file or directory)
10489 openat(AT_FDCWD, "/proc/sys/vm/overcommit_memory", O_RDONLY|O_CLOEXEC) = 21
10489 openat(AT_FDCWD, "/home/runner/work/deckrender-acceptance/deckrender-acceptance/benchmark/artifacts/acceptance/runtimes/v0.3.1/node_modules/axios/lib/core/package.json", O_RDONLY|O_CLOEXEC) = -1 ENOENT (No such file or directory)
10489 openat(AT_FDCWD, "/home/runner/work/deckrender-acceptance/deckrender-acceptance/benchmark/artifacts/acceptance/runtimes/v0.3.1/node_modules/axios/lib/package.json", O_RDONLY|O_CLOEXEC) = -1 ENOENT (No such file or directory)
10489 openat(AT_FDCWD, "/home/runner/work/deckrender-acceptance/deckrender-acceptance/benchmark/artifacts/acceptance/runtimes/v0.3.1/node_modules/axios/lib/defaults/package.json", O_RDONLY|O_CLOEXEC) = -1 ENOENT (No such file or directory)
10489 openat(AT_FDCWD, "/home/runner/work/deckrender-acceptance/deckrender-acceptance/benchmark/artifacts/acceptance/runtimes/v0.3.1/node_modules/axios/lib/package.json", O_RDONLY|O_CLOEXEC) = -1 ENOENT (No such file or directory)
10489 openat(AT_FDCWD, "/home/runner/work/deckrender-acceptance/deckrender-acceptance/benchmark/artifacts/acceptance/runtimes/v0.3.1/node_modules/axios/lib/helpers/package.json", O_RDONLY|O_CLOEXEC) = -1 ENOENT (No such file or directory)
10489 openat(AT_FDCWD, "/home/runner/work/deckrender-acceptance/deckrender-acceptance/benchmark/artifacts/acceptance/runtimes/v0.3.1/node_modules/axios/lib/package.json", O_RDONLY|O_CLOEXEC) = -1 ENOENT (No such file or directory)
10489 openat(AT_FDCWD, "/home/runner/work/deckrender-acceptance/deckrender-acceptance/benchmark/artifacts/acceptance/runtimes/v0.3.1/node_modules/axios/lib/cancel/package.json", O_RDONLY|O_CLOEXEC) = -1 ENOENT (No such file or directory)
10489 openat(AT_FDCWD, "/home/runner/work/deckrender-acceptance/deckrender-acceptance/benchmark/artifacts/acceptance/runtimes/v0.3.1/node_modules/axios/lib/package.json", O_RDONLY|O_CLOEXEC) = -1 ENOENT (No such file or directory)
10489 openat(AT_FDCWD, "/home/runner/work/deckrender-acceptance/deckrender-acceptance/benchmark/artifacts/acceptance/runtimes/v0.3.1/node_modules/axios/lib/cancel/package.json", O_RDONLY|O_CLOEXEC) = -1 ENOENT (No such file or directory)
10489 openat(AT_FDCWD, "/home/runner/work/deckrender-acceptance/deckrender-acceptance/benchmark/artifacts/acceptance/runtimes/v0.3.1/node_modules/axios/lib/package.json", O_RDONLY|O_CLOEXEC) = -1 ENOENT (No such file or directory)
10489 openat(AT_FDCWD, "/home/runner/work/deckrender-acceptance/deckrender-acceptance/benchmark/artifacts/acceptance/runtimes/v0.3.1/node_modules/axios/lib/cancel/package.json", O_RDONLY|O_CLOEXEC) = -1 ENOENT (No such file or directory)
10489 openat(AT_FDCWD, "/home/runner/work/deckrender-acceptance/deckrender-acceptance/benchmark/artifacts/acceptance/runtimes/v0.3.1/node_modules/axios/lib/package.json", O_RDONLY|O_CLOEXEC) = -1 ENOENT (No such file or directory)
10489 openat(AT_FDCWD, "/home/runner/work/deckrender-acceptance/deckrender-acceptance/benchmark/artifacts/acceptance/runtimes/v0.3.1/node_modules/axios/lib/env/package.json", O_RDONLY|O_CLOEXEC) = -1 ENOENT (No such file or directory)
10489 openat(AT_FDCWD, "/home/runner/work/deckrender-acceptance/deckrender-acceptance/benchmark/artifacts/acceptance/runtimes/v0.3.1/node_modules/axios/lib/package.json", O_RDONLY|O_CLOEXEC) = -1 ENOENT (No such file or directory)
10489 openat(AT_FDCWD, "/home/runner/work/deckrender-acceptance/deckrender-acceptance/benchmark/artifacts/acceptance/runtimes/v0.3.1/node_modules/axios/lib/helpers/package.json", O_RDONLY|O_CLOEXEC) = -1 ENOENT (No such file or directory)
10489 openat(AT_FDCWD, "/home/runner/work/deckrender-acceptance/deckrender-acceptance/benchmark/artifacts/acceptance/runtimes/v0.3.1/node_modules/axios/lib/package.json", O_RDONLY|O_CLOEXEC) = -1 ENOENT (No such file or directory)
10489 openat(AT_FDCWD, "/home/runner/work/deckrender-acceptance/deckrender-acceptance/benchmark/artifacts/acceptance/runtimes/v0.3.1/node_modules/axios/lib/core/package.json", O_RDONLY|O_CLOEXEC) = -1 ENOENT (No such file or directory)
10489 openat(AT_FDCWD, "/home/runner/work/deckrender-acceptance/deckrender-acceptance/benchmark/artifacts/acceptance/runtimes/v0.3.1/node_modules/axios/lib/package.json", O_RDONLY|O_CLOEXEC) = -1 ENOENT (No such file or directory)
10489 openat(AT_FDCWD, "/home/runner/work/deckrender-acceptance/deckrender-acceptance/benchmark/artifacts/acceptance/runtimes/v0.3.1/node_modules/axios/lib/helpers/package.json", O_RDONLY|O_CLOEXEC) = -1 ENOENT (No such file or directory)
10489 openat(AT_FDCWD, "/home/runner/work/deckrender-acceptance/deckrender-acceptance/benchmark/artifacts/acceptance/runtimes/v0.3.1/node_modules/axios/lib/package.json", O_RDONLY|O_CLOEXEC) = -1 ENOENT (No such file or directory)
10489 openat(AT_FDCWD, "/home/runner/work/deckrender-acceptance/deckrender-acceptance/benchmark/artifacts/acceptance/runtimes/v0.3.1/node_modules/axios/lib/helpers/package.json", O_RDONLY|O_CLOEXEC) = -1 ENOENT (No such file or directory)
10489 openat(AT_FDCWD, "/home/runner/work/deckrender-acceptance/deckrender-acceptance/benchmark/artifacts/acceptance/runtimes/v0.3.1/node_modules/axios/lib/package.json", O_RDONLY|O_CLOEXEC) = -1 ENOENT (No such file or directory)
10489 openat(AT_FDCWD, "/home/runner/work/deckrender-acceptance/deckrender-acceptance/benchmark/artifacts/acceptance/runtimes/v0.3.1/node_modules/axios/lib/core/package.json", O_RDONLY|O_CLOEXEC) = -1 ENOENT (No such file or directory)
10489 openat(AT_FDCWD, "/home/runner/work/deckrender-acceptance/deckrender-acceptance/benchmark/artifacts/acceptance/runtimes/v0.3.1/node_modules/axios/lib/package.json", O_RDONLY|O_CLOEXEC) = -1 ENOENT (No such file or directory)
10489 openat(AT_FDCWD, "/home/runner/work/deckrender-acceptance/deckrender-acceptance/benchmark/artifacts/acceptance/runtimes/v0.3.1/node_modules/axios/lib/adapters/package.json", O_RDONLY|O_CLOEXEC) = -1 ENOENT (No such file or directory)
10489 openat(AT_FDCWD, "/home/runner/work/deckrender-acceptance/deckrender-acceptance/benchmark/artifacts/acceptance/runtimes/v0.3.1/node_modules/axios/lib/package.json", O_RDONLY|O_CLOEXEC) = -1 ENOENT (No such file or directory)
10489 openat(AT_FDCWD, "/home/runner/work/deckrender-acceptance/deckrender-acceptance/benchmark/artifacts/acceptance/runtimes/v0.3.1/node_modules/axios/lib/helpers/package.json", O_RDONLY|O_CLOEXEC) = -1 ENOENT (No such file or directory)
10489 openat(AT_FDCWD, "/home/runner/work/deckrender-acceptance/deckrender-acceptance/benchmark/artifacts/acceptance/runtimes/v0.3.1/node_modules/axios/lib/package.json", O_RDONLY|O_CLOEXEC) = -1 ENOENT (No such file or directory)
10489 openat(AT_FDCWD, "/home/runner/work/deckrender-acceptance/deckrender-acceptance/benchmark/artifacts/acceptance/runtimes/v0.3.1/node_modules/zod/v3/locales/package.json", O_RDONLY|O_CLOEXEC) = -1 ENOENT (No such file or directory)
10489 openat(AT_FDCWD, "/home/runner/work/deckrender-acceptance/deckrender-acceptance/benchmark/artifacts/acceptance/runtimes/v0.3.1/node_modules/zod/v3/package.json", O_RDONLY|O_CLOEXEC) = -1 ENOENT (No such file or directory)
10489 openat(AT_FDCWD, "/home/runner/work/deckrender-acceptance/deckrender-acceptance/benchmark/artifacts/acceptance/runtimes/v0.3.1/node_modules/zod/v3/package.json", O_RDONLY|O_CLOEXEC) = -1 ENOENT (No such file or directory)
10489 openat(AT_FDCWD, "/home/runner/work/deckrender-acceptance/deckrender-acceptance/benchmark/artifacts/acceptance/runtimes/v0.3.1/node_modules/zod/v3/locales/package.json", O_RDONLY|O_CLOEXEC) = -1 ENOENT (No such file or directory)
10489 openat(AT_FDCWD, "/home/runner/work/deckrender-acceptance/deckrender-acceptance/benchmark/artifacts/acceptance/runtimes/v0.3.1/node_modules/zod/v3/package.json", O_RDONLY|O_CLOEXEC) = -1 ENOENT (No such file or directory)
10489 openat(AT_FDCWD, "/home/runner/work/deckrender-acceptance/deckrender-acceptance/benchmark/artifacts/acceptance/runtimes/v0.3.1/node_modules/zod/v3/package.json", O_RDONLY|O_CLOEXEC) = -1 ENOENT (No such file or directory)
10489 openat(AT_FDCWD, "/home/runner/work/deckrender-acceptance/deckrender-acceptance/benchmark/artifacts/acceptance/runtimes/v0.3.1/node_modules/zod/v3/package.json", O_RDONLY|O_CLOEXEC) = -1 ENOENT (No such file or directory)
10489 openat(AT_FDCWD, "/home/runner/work/deckrender-acceptance/deckrender-acceptance/benchmark/artifacts/acceptance/runtimes/v0.3.1/node_modules/zod/v3/helpers/package.json", O_RDONLY|O_CLOEXEC) = -1 ENOENT (No such file or directory)
10489 openat(AT_FDCWD, "/home/runner/work/deckrender-acceptance/deckrender-acceptance/benchmark/artifacts/acceptance/runtimes/v0.3.1/node_modules/zod/v3/package.json", O_RDONLY|O_CLOEXEC) = -1 ENOENT (No such file or directory)
10489 openat(AT_FDCWD, "/home/runner/work/deckrender-acceptance/deckrender-acceptance/benchmark/artifacts/acceptance/runtimes/v0.3.1/node_modules/zod/v3/helpers/package.json", O_RDONLY|O_CLOEXEC) = -1 ENOENT (No such file or directory)
10489 openat(AT_FDCWD, "/home/runner/work/deckrender-acceptance/deckrender-acceptance/benchmark/artifacts/acceptance/runtimes/v0.3.1/node_modules/zod/v3/package.json", O_RDONLY|O_CLOEXEC) = -1 ENOENT (No such file or directory)
10489 openat(AT_FDCWD, "/home/runner/work/deckrender-acceptance/deckrender-acceptance/benchmark/artifacts/acceptance/runtimes/v0.3.1/node_modules/zod/v3/helpers/package.json", O_RDONLY|O_CLOEXEC) = -1 ENOENT (No such file or directory)
10489 openat(AT_FDCWD, "/home/runner/work/deckrender-acceptance/deckrender-acceptance/benchmark/artifacts/acceptance/runtimes/v0.3.1/node_modules/zod/v3/package.json", O_RDONLY|O_CLOEXEC) = -1 ENOENT (No such file or directory)
10489 openat(AT_FDCWD, "/home/runner/work/deckrender-acceptance/deckrender-acceptance/benchmark/artifacts/acceptance/runtimes/v0.3.1/node_modules/zod/v3/helpers/package.json", O_RDONLY|O_CLOEXEC) = -1 ENOENT (No such file or directory)
10489 openat(AT_FDCWD, "/home/runner/work/deckrender-acceptance/deckrender-acceptance/benchmark/artifacts/acceptance/runtimes/v0.3.1/node_modules/zod/v3/package.json", O_RDONLY|O_CLOEXEC) = -1 ENOENT (No such file or directory)
10489 openat(AT_FDCWD, "/home/runner/work/deckrender-acceptance/deckrender-acceptance/benchmark/artifacts/acceptance/runtimes/v0.3.1/node_modules/onetime/package.json", O_RDONLY|O_CLOEXEC) = 21
10489 openat(AT_FDCWD, "/home/runner/work/deckrender-acceptance/deckrender-acceptance/benchmark/artifacts/acceptance/runtimes/v0.3.1/node_modules/signal-exit/package.json", O_RDONLY|O_CLOEXEC) = 21
10489 openat(AT_FDCWD, "/home/runner/work/deckrender-acceptance/deckrender-acceptance/benchmark/artifacts/acceptance/runtimes/v0.3.1/node_modules/axios/lib/utils.js", O_RDONLY|O_CLOEXEC) = 21
10489 openat(AT_FDCWD, "/home/runner/work/deckrender-acceptance/deckrender-acceptance/benchmark/artifacts/acceptance/runtimes/v0.3.1/node_modules/axios/lib/helpers/bind.js", O_RDONLY|O_CLOEXEC) = 21
10489 openat(AT_FDCWD, "/home/runner/work/deckrender-acceptance/deckrender-acceptance/benchmark/artifacts/acceptance/runtimes/v0.3.1/node_modules/axios/lib/core/Axios.js", O_RDONLY|O_CLOEXEC) = 21
10489 openat(AT_FDCWD, "/home/runner/work/deckrender-acceptance/deckrender-acceptance/benchmark/artifacts/acceptance/runtimes/v0.3.1/node_modules/axios/lib/core/mergeConfig.js", O_RDONLY|O_CLOEXEC) = 21
10489 openat(AT_FDCWD, "/home/runner/work/deckrender-acceptance/deckrender-acceptance/benchmark/artifacts/acceptance/runtimes/v0.3.1/node_modules/axios/lib/defaults/index.js", O_RDONLY|O_CLOEXEC) = 21
10489 openat(AT_FDCWD, "/home/runner/work/deckrender-acceptance/deckrender-acceptance/benchmark/artifacts/acceptance/runtimes/v0.3.1/node_modules/axios/lib/helpers/formDataToJSON.js", O_RDONLY|O_CLOEXEC) = 21
10489 openat(AT_FDCWD, "/home/runner/work/deckrender-acceptance/deckrender-acceptance/benchmark/artifacts/acceptance/runtimes/v0.3.1/node_modules/axios/lib/cancel/CanceledError.js", O_RDONLY|O_CLOEXEC) = 21
10489 openat(AT_FDCWD, "/home/runner/work/deckrender-acceptance/deckrender-acceptance/benchmark/artifacts/acceptance/runtimes/v0.3.1/node_modules/axios/lib/cancel/CancelToken.js", O_RDONLY|O_CLOEXEC) = 21
10489 openat(AT_FDCWD, "/home/runner/work/deckrender-acceptance/deckrender-acceptance/benchmark/artifacts/acceptance/runtimes/v0.3.1/node_modules/axios/lib/cancel/isCancel.js", O_RDONLY|O_CLOEXEC) = 21
10489 openat(AT_FDCWD, "/home/runner/work/deckrender-acceptance/deckrender-acceptance/benchmark/artifacts/acceptance/runtimes/v0.3.1/node_modules/axios/lib/env/data.js", O_RDONLY|O_CLOEXEC) = 21
10489 openat(AT_FDCWD, "/home/runner/work/deckrender-acceptance/deckrender-acceptance/benchmark/artifacts/acceptance/runtimes/v0.3.1/node_modules/axios/lib/helpers/toFormData.js", O_RDONLY|O_CLOEXEC) = 21
10489 openat(AT_FDCWD, "/home/runner/work/deckrender-acceptance/deckrender-acceptance/benchmark/artifacts/acceptance/runtimes/v0.3.1/node_modules/axios/lib/core/AxiosError.js", O_RDONLY|O_CLOEXEC) = 21
10489 openat(AT_FDCWD, "/home/runner/work/deckrender-acceptance/deckrender-acceptance/benchmark/artifacts/acceptance/runtimes/v0.3.1/node_modules/axios/lib/helpers/spread.js", O_RDONLY|O_CLOEXEC) = 21
10489 openat(AT_FDCWD, "/home/runner/work/deckrender-acceptance/deckrender-acceptance/benchmark/artifacts/acceptance/runtimes/v0.3.1/node_modules/axios/lib/helpers/isAxiosError.js", O_RDONLY|O_CLOEXEC) = 21
10489 openat(AT_FDCWD, "/home/runner/work/deckrender-acceptance/deckrender-acceptance/benchmark/artifacts/acceptance/runtimes/v0.3.1/node_modules/axios/lib/core/AxiosHeaders.js", O_RDONLY|O_CLOEXEC) = 21
10489 openat(AT_FDCWD, "/home/runner/work/deckrender-acceptance/deckrender-acceptance/benchmark/artifacts/acceptance/runtimes/v0.3.1/node_modules/axios/lib/adapters/adapters.js", O_RDONLY|O_CLOEXEC) = 21
10489 openat(AT_FDCWD, "/home/runner/work/deckrender-acceptance/deckrender-acceptance/benchmark/artifacts/acceptance/runtimes/v0.3.1/node_modules/axios/lib/helpers/HttpStatusCode.js", O_RDONLY|O_CLOEXEC) = 21
10489 openat(AT_FDCWD, "/home/runner/work/deckrender-acceptance/deckrender-acceptance/benchmark/artifacts/acceptance/runtimes/v0.3.1/node_modules/zod/v3/locales/en.js", O_RDONLY|O_CLOEXEC) = 21
10489 openat(AT_FDCWD, "/home/runner/work/deckrender-acceptance/deckrender-acceptance/benchmark/artifacts/acceptance/runtimes/v0.3.1/node_modules/zod/v3/helpers/errorUtil.js", O_RDONLY|O_CLOEXEC) = 21
10489 openat(AT_FDCWD, "/home/runner/work/deckrender-acceptance/deckrender-acceptance/benchmark/artifacts/acceptance/runtimes/v0.3.1/node_modules/onetime/index.js", O_RDONLY|O_CLOEXEC) = 21
10489 openat(AT_FDCWD, "/home/runner/work/deckrender-acceptance/deckrender-acceptance/benchmark/artifacts/acceptance/runtimes/v0.3.1/node_modules/signal-exit/index.js", O_RDONLY|O_CLOEXEC) = 21
10489 openat(AT_FDCWD, "/home/runner/work/deckrender-acceptance/deckrender-acceptance/benchmark/artifacts/acceptance/runtimes/v0.3.1/node_modules/axios/lib/helpers/package.json", O_RDONLY|O_CLOEXEC) = -1 ENOENT (No such file or directory)
10489 openat(AT_FDCWD, "/home/runner/work/deckrender-acceptance/deckrender-acceptance/benchmark/artifacts/acceptance/runtimes/v0.3.1/node_modules/axios/lib/package.json", O_RDONLY|O_CLOEXEC) = -1 ENOENT (No such file or directory)
10489 openat(AT_FDCWD, "/home/runner/work/deckrender-acceptance/deckrender-acceptance/benchmark/artifacts/acceptance/runtimes/v0.3.1/node_modules/axios/lib/package.json", O_RDONLY|O_CLOEXEC) = -1 ENOENT (No such file or directory)
10489 openat(AT_FDCWD, "/home/runner/work/deckrender-acceptance/deckrender-acceptance/benchmark/artifacts/acceptance/runtimes/v0.3.1/node_modules/axios/lib/helpers/package.json", O_RDONLY|O_CLOEXEC) = -1 ENOENT (No such file or directory)
10489 openat(AT_FDCWD, "/home/runner/work/deckrender-acceptance/deckrender-acceptance/benchmark/artifacts/acceptance/runtimes/v0.3.1/node_modules/axios/lib/package.json", O_RDONLY|O_CLOEXEC) = -1 ENOENT (No such file or directory)
10489 openat(AT_FDCWD, "/home/runner/work/deckrender-acceptance/deckrender-acceptance/benchmark/artifacts/acceptance/runtimes/v0.3.1/node_modules/axios/lib/core/package.json", O_RDONLY|O_CLOEXEC) = -1 ENOENT (No such file or directory)
10489 openat(AT_FDCWD, "/home/runner/work/deckrender-acceptance/deckrender-acceptance/benchmark/artifacts/acceptance/runtimes/v0.3.1/node_modules/axios/lib/package.json", O_RDONLY|O_CLOEXEC) = -1 ENOENT (No such file or directory)
10489 openat(AT_FDCWD, "/home/runner/work/deckrender-acceptance/deckrender-acceptance/benchmark/artifacts/acceptance/runtimes/v0.3.1/node_modules/axios/lib/core/package.json", O_RDONLY|O_CLOEXEC) = -1 ENOENT (No such file or directory)
10489 openat(AT_FDCWD, "/home/runner/work/deckrender-acceptance/deckrender-acceptance/benchmark/artifacts/acceptance/runtimes/v0.3.1/node_modules/axios/lib/package.json", O_RDONLY|O_CLOEXEC) = -1 ENOENT (No such file or directory)
10489 openat(AT_FDCWD, "/home/runner/work/deckrender-acceptance/deckrender-acceptance/benchmark/artifacts/acceptance/runtimes/v0.3.1/node_modules/axios/lib/core/package.json", O_RDONLY|O_CLOEXEC) = -1 ENOENT (No such file or directory)
10489 openat(AT_FDCWD, "/home/runner/work/deckrender-acceptance/deckrender-acceptance/benchmark/artifacts/acceptance/runtimes/v0.3.1/node_modules/axios/lib/package.json", O_RDONLY|O_CLOEXEC) = -1 ENOENT (No such file or directory)
10489 openat(AT_FDCWD, "/home/runner/work/deckrender-acceptance/deckrender-acceptance/benchmark/artifacts/acceptance/runtimes/v0.3.1/node_modules/axios/lib/core/package.json", O_RDONLY|O_CLOEXEC) = -1 ENOENT (No such file or directory)
10489 openat(AT_FDCWD, "/home/runner/work/deckrender-acceptance/deckrender-acceptance/benchmark/artifacts/acceptance/runtimes/v0.3.1/node_modules/axios/lib/package.json", O_RDONLY|O_CLOEXEC) = -1 ENOENT (No such file or directory)
10489 openat(AT_FDCWD, "/home/runner/work/deckrender-acceptance/deckrender-acceptance/benchmark/artifacts/acceptance/runtimes/v0.3.1/node_modules/axios/lib/core/package.json", O_RDONLY|O_CLOEXEC) = -1 ENOENT (No such file or directory)
10489 openat(AT_FDCWD, "/home/runner/work/deckrender-acceptance/deckrender-acceptance/benchmark/artifacts/acceptance/runtimes/v0.3.1/node_modules/axios/lib/package.json", O_RDONLY|O_CLOEXEC) = -1 ENOENT (No such file or directory)
10489 openat(AT_FDCWD, "/home/runner/work/deckrender-acceptance/deckrender-acceptance/benchmark/artifacts/acceptance/runtimes/v0.3.1/node_modules/axios/lib/helpers/package.json", O_RDONLY|O_CLOEXEC) = -1 ENOENT (No such file or directory)
10489 openat(AT_FDCWD, "/home/runner/work/deckrender-acceptance/deckrender-acceptance/benchmark/artifacts/acceptance/runtimes/v0.3.1/node_modules/axios/lib/package.json", O_RDONLY|O_CLOEXEC) = -1 ENOENT (No such file or directory)
10489 openat(AT_FDCWD, "/home/runner/work/deckrender-acceptance/deckrender-acceptance/benchmark/artifacts/acceptance/runtimes/v0.3.1/node_modules/axios/lib/core/package.json", O_RDONLY|O_CLOEXEC) = -1 ENOENT (No such file or directory)
10489 openat(AT_FDCWD, "/home/runner/work/deckrender-acceptance/deckrender-acceptance/benchmark/artifacts/acceptance/runtimes/v0.3.1/node_modules/axios/lib/package.json", O_RDONLY|O_CLOEXEC) = -1 ENOENT (No such file or directory)
10489 openat(AT_FDCWD, "/home/runner/work/deckrender-acceptance/deckrender-acceptance/benchmark/artifacts/acceptance/runtimes/v0.3.1/node_modules/axios/lib/defaults/package.json", O_RDONLY|O_CLOEXEC) = -1 ENOENT (No such file or directory)
10489 openat(AT_FDCWD, "/home/runner/work/deckrender-acceptance/deckrender-acceptance/benchmark/artifacts/acceptance/runtimes/v0.3.1/node_modules/axios/lib/package.json", O_RDONLY|O_CLOEXEC) = -1 ENOENT (No such file or directory)
10489 openat(AT_FDCWD, "/home/runner/work/deckrender-acceptance/deckrender-acceptance/benchmark/artifacts/acceptance/runtimes/v0.3.1/node_modules/axios/lib/package.json", O_RDONLY|O_CLOEXEC) = -1 ENOENT (No such file or directory)
10489 openat(AT_FDCWD, "/home/runner/work/deckrender-acceptance/deckrender-acceptance/benchmark/artifacts/acceptance/runtimes/v0.3.1/node_modules/axios/lib/core/package.json", O_RDONLY|O_CLOEXEC) = -1 ENOENT (No such file or directory)
10489 openat(AT_FDCWD, "/home/runner/work/deckrender-acceptance/deckrender-acceptance/benchmark/artifacts/acceptance/runtimes/v0.3.1/node_modules/axios/lib/package.json", O_RDONLY|O_CLOEXEC) = -1 ENOENT (No such file or directory)
10489 openat(AT_FDCWD, "/home/runner/work/deckrender-acceptance/deckrender-acceptance/benchmark/artifacts/acceptance/runtimes/v0.3.1/node_modules/axios/lib/package.json", O_RDONLY|O_CLOEXEC) = -1 ENOENT (No such file or directory)
10489 openat(AT_FDCWD, "/home/runner/work/deckrender-acceptance/deckrender-acceptance/benchmark/artifacts/acceptance/runtimes/v0.3.1/node_modules/axios/lib/core/package.json", O_RDONLY|O_CLOEXEC) = -1 ENOENT (No such file or directory)
10489 openat(AT_FDCWD, "/home/runner/work/deckrender-acceptance/deckrender-acceptance/benchmark/artifacts/acceptance/runtimes/v0.3.1/node_modules/axios/lib/package.json", O_RDONLY|O_CLOEXEC) = -1 ENOENT (No such file or directory)
10489 openat(AT_FDCWD, "/home/runner/work/deckrender-acceptance/deckrender-acceptance/benchmark/artifacts/acceptance/runtimes/v0.3.1/node_modules/axios/lib/defaults/package.json", O_RDONLY|O_CLOEXEC) = -1 ENOENT (No such file or directory)
10489 openat(AT_FDCWD, "/home/runner/work/deckrender-acceptance/deckrender-acceptance/benchmark/artifacts/acceptance/runtimes/v0.3.1/node_modules/axios/lib/package.json", O_RDONLY|O_CLOEXEC) = -1 ENOENT (No such file or directory)
10489 openat(AT_FDCWD, "/home/runner/work/deckrender-acceptance/deckrender-acceptance/benchmark/artifacts/acceptance/runtimes/v0.3.1/node_modules/axios/lib/helpers/package.json", O_RDONLY|O_CLOEXEC) = -1 ENOENT (No such file or directory)
10489 openat(AT_FDCWD, "/home/runner/work/deckrender-acceptance/deckrender-acceptance/benchmark/artifacts/acceptance/runtimes/v0.3.1/node_modules/axios/lib/package.json", O_RDONLY|O_CLOEXEC) = -1 ENOENT (No such file or directory)
10489 openat(AT_FDCWD, "/home/runner/work/deckrender-acceptance/deckrender-acceptance/benchmark/artifacts/acceptance/runtimes/v0.3.1/node_modules/axios/lib/helpers/package.json", O_RDONLY|O_CLOEXEC) = -1 ENOENT (No such file or directory)
10489 openat(AT_FDCWD, "/home/runner/work/deckrender-acceptance/deckrender-acceptance/benchmark/artifacts/acceptance/runtimes/v0.3.1/node_modules/axios/lib/package.json", O_RDONLY|O_CLOEXEC) = -1 ENOENT (No such file or directory)
10489 openat(AT_FDCWD, "/home/runner/work/deckrender-acceptance/deckrender-acceptance/benchmark/artifacts/acceptance/runtimes/v0.3.1/node_modules/axios/lib/platform/package.json", O_RDONLY|O_CLOEXEC) = -1 ENOENT (No such file or directory)
10489 openat(AT_FDCWD, "/home/runner/work/deckrender-acceptance/deckrender-acceptance/benchmark/artifacts/acceptance/runtimes/v0.3.1/node_modules/axios/lib/package.json", O_RDONLY|O_CLOEXEC) = -1 ENOENT (No such file or directory)
10489 openat(AT_FDCWD, "/home/runner/work/deckrender-acceptance/deckrender-acceptance/benchmark/artifacts/acceptance/runtimes/v0.3.1/node_modules/axios/lib/helpers/package.json", O_RDONLY|O_CLOEXEC) = -1 ENOENT (No such file or directory)
10489 openat(AT_FDCWD, "/home/runner/work/deckrender-acceptance/deckrender-acceptance/benchmark/artifacts/acceptance/runtimes/v0.3.1/node_modules/axios/lib/package.json", O_RDONLY|O_CLOEXEC) = -1 ENOENT (No such file or directory)
10489 openat(AT_FDCWD, "/home/runner/work/deckrender-acceptance/deckrender-acceptance/benchmark/artifacts/acceptance/runtimes/v0.3.1/node_modules/axios/lib/core/package.json", O_RDONLY|O_CLOEXEC) = -1 ENOENT (No such file or directory)
10489 openat(AT_FDCWD, "/home/runner/work/deckrender-acceptance/deckrender-acceptance/benchmark/artifacts/acceptance/runtimes/v0.3.1/node_modules/axios/lib/package.json", O_RDONLY|O_CLOEXEC) = -1 ENOENT (No such file or directory)
10489 openat(AT_FDCWD, "/home/runner/work/deckrender-acceptance/deckrender-acceptance/benchmark/artifacts/acceptance/runtimes/v0.3.1/node_modules/axios/lib/package.json", O_RDONLY|O_CLOEXEC) = -1 ENOENT (No such file or directory)
10489 openat(AT_FDCWD, "/home/runner/work/deckrender-acceptance/deckrender-acceptance/benchmark/artifacts/acceptance/runtimes/v0.3.1/node_modules/axios/lib/core/package.json", O_RDONLY|O_CLOEXEC) = -1 ENOENT (No such file or directory)
10489 openat(AT_FDCWD, "/home/runner/work/deckrender-acceptance/deckrender-acceptance/benchmark/artifacts/acceptance/runtimes/v0.3.1/node_modules/axios/lib/package.json", O_RDONLY|O_CLOEXEC) = -1 ENOENT (No such file or directory)
10489 openat(AT_FDCWD, "/home/runner/work/deckrender-acceptance/deckrender-acceptance/benchmark/artifacts/acceptance/runtimes/v0.3.1/node_modules/axios/lib/helpers/package.json", O_RDONLY|O_CLOEXEC) = -1 ENOENT (No such file or directory)
10489 openat(AT_FDCWD, "/home/runner/work/deckrender-acceptance/deckrender-acceptance/benchmark/artifacts/acceptance/runtimes/v0.3.1/node_modules/axios/lib/package.json", O_RDONLY|O_CLOEXEC) = -1 ENOENT (No such file or directory)
10489 openat(AT_FDCWD, "/home/runner/work/deckrender-acceptance/deckrender-acceptance/benchmark/artifacts/acceptance/runtimes/v0.3.1/node_modules/axios/lib/core/package.json", O_RDONLY|O_CLOEXEC) = -1 ENOENT (No such file or directory)
10489 openat(AT_FDCWD, "/home/runner/work/deckrender-acceptance/deckrender-acceptance/benchmark/artifacts/acceptance/runtimes/v0.3.1/node_modules/axios/lib/package.json", O_RDONLY|O_CLOEXEC) = -1 ENOENT (No such file or directory)
10489 openat(AT_FDCWD, "/home/runner/work/deckrender-acceptance/deckrender-acceptance/benchmark/artifacts/acceptance/runtimes/v0.3.1/node_modules/axios/lib/cancel/package.json", O_RDONLY|O_CLOEXEC) = -1 ENOENT (No such file or directory)
10489 openat(AT_FDCWD, "/home/runner/work/deckrender-acceptance/deckrender-acceptance/benchmark/artifacts/acceptance/runtimes/v0.3.1/node_modules/axios/lib/package.json", O_RDONLY|O_CLOEXEC) = -1 ENOENT (No such file or directory)
10489 openat(AT_FDCWD, "/home/runner/work/deckrender-acceptance/deckrender-acceptance/benchmark/artifacts/acceptance/runtimes/v0.3.1/node_modules/axios/lib/package.json", O_RDONLY|O_CLOEXEC) = -1 ENOENT (No such file or directory)
10489 openat(AT_FDCWD, "/home/runner/work/deckrender-acceptance/deckrender-acceptance/benchmark/artifacts/acceptance/runtimes/v0.3.1/node_modules/axios/lib/core/package.json", O_RDONLY|O_CLOEXEC) = -1 ENOENT (No such file or directory)
10489 openat(AT_FDCWD, "/home/runner/work/deckrender-acceptance/deckrender-acceptance/benchmark/artifacts/acceptance/runtimes/v0.3.1/node_modules/axios/lib/package.json", O_RDONLY|O_CLOEXEC) = -1 ENOENT (No such file or directory)
10489 openat(AT_FDCWD, "/home/runner/work/deckrender-acceptance/deckrender-acceptance/benchmark/artifacts/acceptance/runtimes/v0.3.1/node_modules/axios/lib/platform/node/classes/package.json", O_RDONLY|O_CLOEXEC) = -1 ENOENT (No such file or directory)
10489 openat(AT_FDCWD, "/home/runner/work/deckrender-acceptance/deckrender-acceptance/benchmark/artifacts/acceptance/runtimes/v0.3.1/node_modules/axios/lib/platform/node/package.json", O_RDONLY|O_CLOEXEC) = -1 ENOENT (No such file or directory)
10489 openat(AT_FDCWD, "/home/runner/work/deckrender-acceptance/deckrender-acceptance/benchmark/artifacts/acceptance/runtimes/v0.3.1/node_modules/axios/lib/platform/package.json", O_RDONLY|O_CLOEXEC) = -1 ENOENT (No such file or directory)
10489 openat(AT_FDCWD, "/home/runner/work/deckrender-acceptance/deckrender-acceptance/benchmark/artifacts/acceptance/runtimes/v0.3.1/node_modules/axios/lib/package.json", O_RDONLY|O_CLOEXEC) = -1 ENOENT (No such file or directory)
10489 openat(AT_FDCWD, "/home/runner/work/deckrender-acceptance/deckrender-acceptance/benchmark/artifacts/acceptance/runtimes/v0.3.1/node_modules/axios/lib/platform/node/classes/package.json", O_RDONLY|O_CLOEXEC) = -1 ENOENT (No such file or directory)
10489 openat(AT_FDCWD, "/home/runner/work/deckrender-acceptance/deckrender-acceptance/benchmark/artifacts/acceptance/runtimes/v0.3.1/node_modules/axios/lib/platform/node/package.json", O_RDONLY|O_CLOEXEC) = -1 ENOENT (No such file or directory)
10489 openat(AT_FDCWD, "/home/runner/work/deckrender-acceptance/deckrender-acceptance/benchmark/artifacts/acceptance/runtimes/v0.3.1/node_modules/axios/lib/platform/package.json", O_RDONLY|O_CLOEXEC) = -1 ENOENT (No such file or directory)
10489 openat(AT_FDCWD, "/home/runner/work/deckrender-acceptance/deckrender-acceptance/benchmark/artifacts/acceptance/runtimes/v0.3.1/node_modules/axios/lib/package.json", O_RDONLY|O_CLOEXEC) = -1 ENOENT (No such file or directory)
10489 openat(AT_FDCWD, "/home/runner/work/deckrender-acceptance/deckrender-acceptance/benchmark/artifacts/acceptance/runtimes/v0.3.1/node_modules/axios/lib/package.json", O_RDONLY|O_CLOEXEC) = -1 ENOENT (No such file or directory)
10489 openat(AT_FDCWD, "/home/runner/work/deckrender-acceptance/deckrender-acceptance/benchmark/artifacts/acceptance/runtimes/v0.3.1/node_modules/axios/lib/core/package.json", O_RDONLY|O_CLOEXEC) = -1 ENOENT (No such file or directory)
10489 openat(AT_FDCWD, "/home/runner/work/deckrender-acceptance/deckrender-acceptance/benchmark/artifacts/acceptance/runtimes/v0.3.1/node_modules/axios/lib/package.json", O_RDONLY|O_CLOEXEC) = -1 ENOENT (No such file or directory)
10489 openat(AT_FDCWD, "/home/runner/work/deckrender-acceptance/deckrender-acceptance/benchmark/artifacts/acceptance/runtimes/v0.3.1/node_modules/axios/lib/package.json", O_RDONLY|O_CLOEXEC) = -1 ENOENT (No such file or directory)
10489 openat(AT_FDCWD, "/home/runner/work/deckrender-acceptance/deckrender-acceptance/benchmark/artifacts/acceptance/runtimes/v0.3.1/node_modules/axios/lib/package.json", O_RDONLY|O_CLOEXEC) = -1 ENOENT (No such file or directory)
10489 openat(AT_FDCWD, "/home/runner/work/deckrender-acceptance/deckrender-acceptance/benchmark/artifacts/acceptance/runtimes/v0.3.1/node_modules/axios/lib/helpers/package.json", O_RDONLY|O_CLOEXEC) = -1 ENOENT (No such file or directory)
10489 openat(AT_FDCWD, "/home/runner/work/deckrender-acceptance/deckrender-acceptance/benchmark/artifacts/acceptance/runtimes/v0.3.1/node_modules/axios/lib/package.json", O_RDONLY|O_CLOEXEC) = -1 ENOENT (No such file or directory)
10489 openat(AT_FDCWD, "/home/runner/work/deckrender-acceptance/deckrender-acceptance/benchmark/artifacts/acceptance/runtimes/v0.3.1/node_modules/axios/lib/helpers/package.json", O_RDONLY|O_CLOEXEC) = -1 ENOENT (No such file or directory)
10489 openat(AT_FDCWD, "/home/runner/work/deckrender-acceptance/deckrender-acceptance/benchmark/artifacts/acceptance/runtimes/v0.3.1/node_modules/axios/lib/package.json", O_RDONLY|O_CLOEXEC) = -1 ENOENT (No such file or directory)
10489 openat(AT_FDCWD, "/home/runner/work/deckrender-acceptance/deckrender-acceptance/benchmark/artifacts/acceptance/runtimes/v0.3.1/node_modules/axios/lib/package.json", O_RDONLY|O_CLOEXEC) = -1 ENOENT (No such file or directory)
10489 openat(AT_FDCWD, "/home/runner/work/deckrender-acceptance/deckrender-acceptance/benchmark/artifacts/acceptance/runtimes/v0.3.1/node_modules/axios/lib/adapters/package.json", O_RDONLY|O_CLOEXEC) = -1 ENOENT (No such file or directory)
10489 openat(AT_FDCWD, "/home/runner/work/deckrender-acceptance/deckrender-acceptance/benchmark/artifacts/acceptance/runtimes/v0.3.1/node_modules/axios/lib/package.json", O_RDONLY|O_CLOEXEC) = -1 ENOENT (No such file or directory)
10489 openat(AT_FDCWD, "/home/runner/work/deckrender-acceptance/deckrender-acceptance/benchmark/artifacts/acceptance/runtimes/v0.3.1/node_modules/axios/lib/adapters/package.json", O_RDONLY|O_CLOEXEC) = -1 ENOENT (No such file or directory)
10489 openat(AT_FDCWD, "/home/runner/work/deckrender-acceptance/deckrender-acceptance/benchmark/artifacts/acceptance/runtimes/v0.3.1/node_modules/axios/lib/package.json", O_RDONLY|O_CLOEXEC) = -1 ENOENT (No such file or directory)
10489 openat(AT_FDCWD, "/home/runner/work/deckrender-acceptance/deckrender-acceptance/benchmark/artifacts/acceptance/runtimes/v0.3.1/node_modules/axios/lib/adapters/package.json", O_RDONLY|O_CLOEXEC) = -1 ENOENT (No such file or directory)
10489 openat(AT_FDCWD, "/home/runner/work/deckrender-acceptance/deckrender-acceptance/benchmark/artifacts/acceptance/runtimes/v0.3.1/node_modules/axios/lib/package.json", O_RDONLY|O_CLOEXEC) = -1 ENOENT (No such file or directory)
10489 openat(AT_FDCWD, "/home/runner/work/deckrender-acceptance/deckrender-acceptance/benchmark/artifacts/acceptance/runtimes/v0.3.1/node_modules/axios/lib/core/package.json", O_RDONLY|O_CLOEXEC) = -1 ENOENT (No such file or directory)
10489 openat(AT_FDCWD, "/home/runner/work/deckrender-acceptance/deckrender-acceptance/benchmark/artifacts/acceptance/runtimes/v0.3.1/node_modules/axios/lib/package.json", O_RDONLY|O_CLOEXEC) = -1 ENOENT (No such file or directory)
10489 openat(AT_FDCWD, "/home/runner/work/deckrender-acceptance/deckrender-acceptance/benchmark/artifacts/acceptance/runtimes/v0.3.1/node_modules/zod/v3/package.json", O_RDONLY|O_CLOEXEC) = -1 ENOENT (No such file or directory)
10489 openat(AT_FDCWD, "/home/runner/work/deckrender-acceptance/deckrender-acceptance/benchmark/artifacts/acceptance/runtimes/v0.3.1/node_modules/zod/v3/helpers/package.json", O_RDONLY|O_CLOEXEC) = -1 ENOENT (No such file or directory)
10489 openat(AT_FDCWD, "/home/runner/work/deckrender-acceptance/deckrender-acceptance/benchmark/artifacts/acceptance/runtimes/v0.3.1/node_modules/zod/v3/package.json", O_RDONLY|O_CLOEXEC) = -1 ENOENT (No such file or directory)
10489 openat(AT_FDCWD, "/home/runner/work/deckrender-acceptance/deckrender-acceptance/benchmark/artifacts/acceptance/runtimes/v0.3.1/node_modules/axios/lib/helpers/buildURL.js", O_RDONLY|O_CLOEXEC) = 21
10489 openat(AT_FDCWD, "/home/runner/work/deckrender-acceptance/deckrender-acceptance/benchmark/artifacts/acceptance/runtimes/v0.3.1/node_modules/axios/lib/core/InterceptorManager.js", O_RDONLY|O_CLOEXEC) = 21
10489 openat(AT_FDCWD, "/home/runner/work/deckrender-acceptance/deckrender-acceptance/benchmark/artifacts/acceptance/runtimes/v0.3.1/node_modules/axios/lib/core/dispatchRequest.js", O_RDONLY|O_CLOEXEC) = 21
10489 openat(AT_FDCWD, "/home/runner/work/deckrender-acceptance/deckrender-acceptance/benchmark/artifacts/acceptance/runtimes/v0.3.1/node_modules/axios/lib/core/buildFullPath.js", O_RDONLY|O_CLOEXEC) = 21
10489 openat(AT_FDCWD, "/home/runner/work/deckrender-acceptance/deckrender-acceptance/benchmark/artifacts/acceptance/runtimes/v0.3.1/node_modules/axios/lib/core/methodList.js", O_RDONLY|O_CLOEXEC) = 21
10489 openat(AT_FDCWD, "/home/runner/work/deckrender-acceptance/deckrender-acceptance/benchmark/artifacts/acceptance/runtimes/v0.3.1/node_modules/axios/lib/helpers/validator.js", O_RDONLY|O_CLOEXEC) = 21
10489 openat(AT_FDCWD, "/home/runner/work/deckrender-acceptance/deckrender-acceptance/benchmark/artifacts/acceptance/runtimes/v0.3.1/node_modules/axios/lib/defaults/transitional.js", O_RDONLY|O_CLOEXEC) = 21
10489 openat(AT_FDCWD, "/home/runner/work/deckrender-acceptance/deckrender-acceptance/benchmark/artifacts/acceptance/runtimes/v0.3.1/node_modules/axios/lib/helpers/toURLEncodedForm.js", O_RDONLY|O_CLOEXEC) = 21
10489 openat(AT_FDCWD, "/home/runner/work/deckrender-acceptance/deckrender-acceptance/benchmark/artifacts/acceptance/runtimes/v0.3.1/node_modules/axios/lib/platform/index.js", O_RDONLY|O_CLOEXEC) = 21
10489 openat(AT_FDCWD, "/home/runner/work/deckrender-acceptance/deckrender-acceptance/benchmark/artifacts/acceptance/runtimes/v0.3.1/node_modules/axios/lib/platform/node/classes/FormData.js", O_RDONLY|O_CLOEXEC) = 21
10489 openat(AT_FDCWD, "/home/runner/work/deckrender-acceptance/deckrender-acceptance/benchmark/artifacts/acceptance/runtimes/v0.3.1/node_modules/axios/lib/platform/node/classes/Buffer.js", O_RDONLY|O_CLOEXEC) = 21
10489 openat(AT_FDCWD, "/home/runner/work/deckrender-acceptance/deckrender-acceptance/benchmark/artifacts/acceptance/runtimes/v0.3.1/node_modules/axios/lib/helpers/parseHeaders.js", O_RDONLY|O_CLOEXEC) = 21
10489 openat(AT_FDCWD, "/home/runner/work/deckrender-acceptance/deckrender-acceptance/benchmark/artifacts/acceptance/runtimes/v0.3.1/node_modules/axios/lib/helpers/sanitizeHeaderValue.js", O_RDONLY|O_CLOEXEC) = 21
10489 openat(AT_FDCWD, "/home/runner/work/deckrender-acceptance/deckrender-acceptance/benchmark/artifacts/acceptance/runtimes/v0.3.1/node_modules/axios/lib/adapters/http.js", O_RDONLY|O_CLOEXEC) = 21
10489 openat(AT_FDCWD, "/home/runner/work/deckrender-acceptance/deckrender-acceptance/benchmark/artifacts/acceptance/runtimes/v0.3.1/node_modules/axios/lib/adapters/xhr.js", O_RDONLY|O_CLOEXEC) = 21
10489 openat(AT_FDCWD, "/home/runner/work/deckrender-acceptance/deckrender-acceptance/benchmark/artifacts/acceptance/runtimes/v0.3.1/node_modules/axios/lib/adapters/fetch.js", O_RDONLY|O_CLOEXEC) = 21
10489 openat(AT_FDCWD, "/home/runner/work/deckrender-acceptance/deckrender-acceptance/benchmark/artifacts/acceptance/runtimes/v0.3.1/node_modules/axios/lib/package.json", O_RDONLY|O_CLOEXEC) = -1 ENOENT (No such file or directory)
10489 openat(AT_FDCWD, "/home/runner/work/deckrender-acceptance/deckrender-acceptance/benchmark/artifacts/acceptance/runtimes/v0.3.1/node_modules/axios/lib/helpers/package.json", O_RDONLY|O_CLOEXEC) = -1 ENOENT (No such file or directory)
10489 openat(AT_FDCWD, "/home/runner/work/deckrender-acceptance/deckrender-acceptance/benchmark/artifacts/acceptance/runtimes/v0.3.1/node_modules/axios/lib/package.json", O_RDONLY|O_CLOEXEC) = -1 ENOENT (No such file or directory)
10489 openat(AT_FDCWD, "/home/runner/work/deckrender-acceptance/deckrender-acceptance/benchmark/artifacts/acceptance/runtimes/v0.3.1/node_modules/axios/lib/package.json", O_RDONLY|O_CLOEXEC) = -1 ENOENT (No such file or directory)
10489 openat(AT_FDCWD, "/home/runner/work/deckrender-acceptance/deckrender-acceptance/benchmark/artifacts/acceptance/runtimes/v0.3.1/node_modules/axios/lib/core/package.json", O_RDONLY|O_CLOEXEC) = -1 ENOENT (No such file or directory)
10489 openat(AT_FDCWD, "/home/runner/work/deckrender-acceptance/deckrender-acceptance/benchmark/artifacts/acceptance/runtimes/v0.3.1/node_modules/axios/lib/package.json", O_RDONLY|O_CLOEXEC) = -1 ENOENT (No such file or directory)
10489 openat(AT_FDCWD, "/home/runner/work/deckrender-acceptance/deckrender-acceptance/benchmark/artifacts/acceptance/runtimes/v0.3.1/node_modules/axios/lib/cancel/package.json", O_RDONLY|O_CLOEXEC) = -1 ENOENT (No such file or directory)
10489 openat(AT_FDCWD, "/home/runner/work/deckrender-acceptance/deckrender-acceptance/benchmark/artifacts/acceptance/runtimes/v0.3.1/node_modules/axios/lib/package.json", O_RDONLY|O_CLOEXEC) = -1 ENOENT (No such file or directory)
10489 openat(AT_FDCWD, "/home/runner/work/deckrender-acceptance/deckrender-acceptance/benchmark/artifacts/acceptance/runtimes/v0.3.1/node_modules/axios/lib/defaults/package.json", O_RDONLY|O_CLOEXEC) = -1 ENOENT (No such file or directory)
10489 openat(AT_FDCWD, "/home/runner/work/deckrender-acceptance/deckrender-acceptance/benchmark/artifacts/acceptance/runtimes/v0.3.1/node_modules/axios/lib/package.json", O_RDONLY|O_CLOEXEC) = -1 ENOENT (No such file or directory)
10489 openat(AT_FDCWD, "/home/runner/work/deckrender-acceptance/deckrender-acceptance/benchmark/artifacts/acceptance/runtimes/v0.3.1/node_modules/axios/lib/cancel/package.json", O_RDONLY|O_CLOEXEC) = -1 ENOENT (No such file or directory)
10489 openat(AT_FDCWD, "/home/runner/work/deckrender-acceptance/deckrender-acceptance/benchmark/artifacts/acceptance/runtimes/v0.3.1/node_modules/axios/lib/package.json", O_RDONLY|O_CLOEXEC) = -1 ENOENT (No such file or directory)
10489 openat(AT_FDCWD, "/home/runner/work/deckrender-acceptance/deckrender-acceptance/benchmark/artifacts/acceptance/runtimes/v0.3.1/node_modules/axios/lib/core/package.json", O_RDONLY|O_CLOEXEC) = -1 ENOENT (No such file or directory)
10489 openat(AT_FDCWD, "/home/runner/work/deckrender-acceptance/deckrender-acceptance/benchmark/artifacts/acceptance/runtimes/v0.3.1/node_modules/axios/lib/package.json", O_RDONLY|O_CLOEXEC) = -1 ENOENT (No such file or directory)
10489 openat(AT_FDCWD, "/home/runner/work/deckrender-acceptance/deckrender-acceptance/benchmark/artifacts/acceptance/runtimes/v0.3.1/node_modules/axios/lib/adapters/package.json", O_RDONLY|O_CLOEXEC) = -1 ENOENT (No such file or directory)
10489 openat(AT_FDCWD, "/home/runner/work/deckrender-acceptance/deckrender-acceptance/benchmark/artifacts/acceptance/runtimes/v0.3.1/node_modules/axios/lib/package.json", O_RDONLY|O_CLOEXEC) = -1 ENOENT (No such file or directory)
10489 openat(AT_FDCWD, "/home/runner/work/deckrender-acceptance/deckrender-acceptance/benchmark/artifacts/acceptance/runtimes/v0.3.1/node_modules/axios/lib/package.json", O_RDONLY|O_CLOEXEC) = -1 ENOENT (No such file or directory)
10489 openat(AT_FDCWD, "/home/runner/work/deckrender-acceptance/deckrender-acceptance/benchmark/artifacts/acceptance/runtimes/v0.3.1/node_modules/axios/lib/core/package.json", O_RDONLY|O_CLOEXEC) = -1 ENOENT (No such file or directory)
10489 openat(AT_FDCWD, "/home/runner/work/deckrender-acceptance/deckrender-acceptance/benchmark/artifacts/acceptance/runtimes/v0.3.1/node_modules/axios/lib/package.json", O_RDONLY|O_CLOEXEC) = -1 ENOENT (No such file or directory)
10489 openat(AT_FDCWD, "/home/runner/work/deckrender-acceptance/deckrender-acceptance/benchmark/artifacts/acceptance/runtimes/v0.3.1/node_modules/axios/lib/helpers/package.json", O_RDONLY|O_CLOEXEC) = -1 ENOENT (No such file or directory)
10489 openat(AT_FDCWD, "/home/runner/work/deckrender-acceptance/deckrender-acceptance/benchmark/artifacts/acceptance/runtimes/v0.3.1/node_modules/axios/lib/package.json", O_RDONLY|O_CLOEXEC) = -1 ENOENT (No such file or directory)
10489 openat(AT_FDCWD, "/home/runner/work/deckrender-acceptance/deckrender-acceptance/benchmark/artifacts/acceptance/runtimes/v0.3.1/node_modules/axios/lib/helpers/package.json", O_RDONLY|O_CLOEXEC) = -1 ENOENT (No such file or directory)
10489 openat(AT_FDCWD, "/home/runner/work/deckrender-acceptance/deckrender-acceptance/benchmark/artifacts/acceptance/runtimes/v0.3.1/node_modules/axios/lib/package.json", O_RDONLY|O_CLOEXEC) = -1 ENOENT (No such file or directory)
10489 openat(AT_FDCWD, "/home/runner/work/deckrender-acceptance/deckrender-acceptance/benchmark/artifacts/acceptance/runtimes/v0.3.1/node_modules/axios/lib/helpers/package.json", O_RDONLY|O_CLOEXEC) = -1 ENOENT (No such file or directory)
10489 openat(AT_FDCWD, "/home/runner/work/deckrender-acceptance/deckrender-acceptance/benchmark/artifacts/acceptance/runtimes/v0.3.1/node_modules/axios/lib/package.json", O_RDONLY|O_CLOEXEC) = -1 ENOENT (No such file or directory)
10489 openat(AT_FDCWD, "/home/runner/work/deckrender-acceptance/deckrender-acceptance/benchmark/artifacts/acceptance/runtimes/v0.3.1/node_modules/axios/lib/env/package.json", O_RDONLY|O_CLOEXEC) = -1 ENOENT (No such file or directory)
10489 openat(AT_FDCWD, "/home/runner/work/deckrender-acceptance/deckrender-acceptance/benchmark/artifacts/acceptance/runtimes/v0.3.1/node_modules/axios/lib/package.json", O_RDONLY|O_CLOEXEC) = -1 ENOENT (No such file or directory)
10489 openat(AT_FDCWD, "/home/runner/work/deckrender-acceptance/deckrender-acceptance/benchmark/artifacts/acceptance/runtimes/v0.3.1/node_modules/axios/lib/core/package.json", O_RDONLY|O_CLOEXEC) = -1 ENOENT (No such file or directory)
10489 openat(AT_FDCWD, "/home/runner/work/deckrender-acceptance/deckrender-acceptance/benchmark/artifacts/acceptance/runtimes/v0.3.1/node_modules/axios/lib/package.json", O_RDONLY|O_CLOEXEC) = -1 ENOENT (No such file or directory)
10489 openat(AT_FDCWD, "/home/runner/work/deckrender-acceptance/deckrender-acceptance/benchmark/artifacts/acceptance/runtimes/v0.3.1/node_modules/axios/lib/package.json", O_RDONLY|O_CLOEXEC) = -1 ENOENT (No such file or directory)
10489 openat(AT_FDCWD, "/home/runner/work/deckrender-acceptance/deckrender-acceptance/benchmark/artifacts/acceptance/runtimes/v0.3.1/node_modules/axios/lib/helpers/package.json", O_RDONLY|O_CLOEXEC) = -1 ENOENT (No such file or directory)
10489 openat(AT_FDCWD, "/home/runner/work/deckrender-acceptance/deckrender-acceptance/benchmark/artifacts/acceptance/runtimes/v0.3.1/node_modules/axios/lib/package.json", O_RDONLY|O_CLOEXEC) = -1 ENOENT (No such file or directory)
10489 openat(AT_FDCWD, "/home/runner/work/deckrender-acceptance/deckrender-acceptance/benchmark/artifacts/acceptance/runtimes/v0.3.1/node_modules/axios/lib/platform/package.json", O_RDONLY|O_CLOEXEC) = -1 ENOENT (No such file or directory)
10489 openat(AT_FDCWD, "/home/runner/work/deckrender-acceptance/deckrender-acceptance/benchmark/artifacts/acceptance/runtimes/v0.3.1/node_modules/axios/lib/package.json", O_RDONLY|O_CLOEXEC) = -1 ENOENT (No such file or directory)
10489 openat(AT_FDCWD, "/home/runner/work/deckrender-acceptance/deckrender-acceptance/benchmark/artifacts/acceptance/runtimes/v0.3.1/node_modules/axios/lib/platform/node/package.json", O_RDONLY|O_CLOEXEC) = -1 ENOENT (No such file or directory)
10489 openat(AT_FDCWD, "/home/runner/work/deckrender-acceptance/deckrender-acceptance/benchmark/artifacts/acceptance/runtimes/v0.3.1/node_modules/axios/lib/platform/package.json", O_RDONLY|O_CLOEXEC) = -1 ENOENT (No such file or directory)
10489 openat(AT_FDCWD, "/home/runner/work/deckrender-acceptance/deckrender-acceptance/benchmark/artifacts/acceptance/runtimes/v0.3.1/node_modules/axios/lib/package.json", O_RDONLY|O_CLOEXEC) = -1 ENOENT (No such file or directory)
10489 openat(AT_FDCWD, "/home/runner/work/deckrender-acceptance/deckrender-acceptance/benchmark/artifacts/acceptance/runtimes/v0.3.1/node_modules/axios/lib/platform/common/package.json", O_RDONLY|O_CLOEXEC) = -1 ENOENT (No such file or directory)
10489 openat(AT_FDCWD, "/home/runner/work/deckrender-acceptance/deckrender-acceptance/benchmark/artifacts/acceptance/runtimes/v0.3.1/node_modules/axios/lib/platform/package.json", O_RDONLY|O_CLOEXEC) = -1 ENOENT (No such file or directory)
10489 openat(AT_FDCWD, "/home/runner/work/deckrender-acceptance/deckrender-acceptance/benchmark/artifacts/acceptance/runtimes/v0.3.1/node_modules/axios/lib/package.json", O_RDONLY|O_CLOEXEC) = -1 ENOENT (No such file or directory)
10489 openat(AT_FDCWD, "/home/runner/work/deckrender-acceptance/deckrender-acceptance/benchmark/artifacts/acceptance/runtimes/v0.3.1/node_modules/axios/lib/platform/node/classes/package.json", O_RDONLY|O_CLOEXEC) = -1 ENOENT (No such file or directory)
10489 openat(AT_FDCWD, "/home/runner/work/deckrender-acceptance/deckrender-acceptance/benchmark/artifacts/acceptance/runtimes/v0.3.1/node_modules/axios/lib/platform/node/package.json", O_RDONLY|O_CLOEXEC) = -1 ENOENT (No such file or directory)
10489 openat(AT_FDCWD, "/home/runner/work/deckrender-acceptance/deckrender-acceptance/benchmark/artifacts/acceptance/runtimes/v0.3.1/node_modules/axios/lib/platform/package.json", O_RDONLY|O_CLOEXEC) = -1 ENOENT (No such file or directory)
10489 openat(AT_FDCWD, "/home/runner/work/deckrender-acceptance/deckrender-acceptance/benchmark/artifacts/acceptance/runtimes/v0.3.1/node_modules/axios/lib/package.json", O_RDONLY|O_CLOEXEC) = -1 ENOENT (No such file or directory)
10489 openat(AT_FDCWD, "/home/runner/work/deckrender-acceptance/deckrender-acceptance/benchmark/artifacts/acceptance/runtimes/v0.3.1/node_modules/form-data/package.json", O_RDONLY|O_CLOEXEC) = 21
10489 openat(AT_FDCWD, "/home/runner/work/deckrender-acceptance/deckrender-acceptance/benchmark/artifacts/acceptance/runtimes/v0.3.1/node_modules/form-data/lib/package.json", O_RDONLY|O_CLOEXEC) = -1 ENOENT (No such file or directory)
10489 openat(AT_FDCWD, "/home/runner/work/deckrender-acceptance/deckrender-acceptance/benchmark/artifacts/acceptance/runtimes/v0.3.1/node_modules/form-data/lib/package.json", O_RDONLY|O_CLOEXEC) = -1 ENOENT (No such file or directory)
10489 openat(AT_FDCWD, "/home/runner/work/deckrender-acceptance/deckrender-acceptance/benchmark/artifacts/acceptance/runtimes/v0.3.1/node_modules/axios/lib/package.json", O_RDONLY|O_CLOEXEC) = -1 ENOENT (No such file or directory)
10489 openat(AT_FDCWD, "/home/runner/work/deckrender-acceptance/deckrender-acceptance/benchmark/artifacts/acceptance/runtimes/v0.3.1/node_modules/axios/lib/package.json", O_RDONLY|O_CLOEXEC) = -1 ENOENT (No such file or directory)
10489 openat(AT_FDCWD, "/home/runner/work/deckrender-acceptance/deckrender-acceptance/benchmark/artifacts/acceptance/runtimes/v0.3.1/node_modules/axios/lib/package.json", O_RDONLY|O_CLOEXEC) = -1 ENOENT (No such file or directory)
10489 openat(AT_FDCWD, "/home/runner/work/deckrender-acceptance/deckrender-acceptance/benchmark/artifacts/acceptance/runtimes/v0.3.1/node_modules/axios/lib/core/package.json", O_RDONLY|O_CLOEXEC) = -1 ENOENT (No such file or directory)
10489 openat(AT_FDCWD, "/home/runner/work/deckrender-acceptance/deckrender-acceptance/benchmark/artifacts/acceptance/runtimes/v0.3.1/node_modules/axios/lib/package.json", O_RDONLY|O_CLOEXEC) = -1 ENOENT (No such file or directory)
10489 openat(AT_FDCWD, "/home/runner/work/deckrender-acceptance/deckrender-acceptance/benchmark/artifacts/acceptance/runtimes/v0.3.1/node_modules/axios/lib/core/package.json", O_RDONLY|O_CLOEXEC) = -1 ENOENT (No such file or directory)
10489 openat(AT_FDCWD, "/home/runner/work/deckrender-acceptance/deckrender-acceptance/benchmark/artifacts/acceptance/runtimes/v0.3.1/node_modules/axios/lib/package.json", O_RDONLY|O_CLOEXEC) = -1 ENOENT (No such file or directory)
10489 openat(AT_FDCWD, "/home/runner/work/deckrender-acceptance/deckrender-acceptance/benchmark/artifacts/acceptance/runtimes/v0.3.1/node_modules/axios/lib/helpers/package.json", O_RDONLY|O_CLOEXEC) = -1 ENOENT (No such file or directory)
10489 openat(AT_FDCWD, "/home/runner/work/deckrender-acceptance/deckrender-acceptance/benchmark/artifacts/acceptance/runtimes/v0.3.1/node_modules/axios/lib/package.json", O_RDONLY|O_CLOEXEC) = -1 ENOENT (No such file or directory)
10489 openat(AT_FDCWD, "/home/runner/work/deckrender-acceptance/deckrender-acceptance/benchmark/artifacts/acceptance/runtimes/v0.3.1/node_modules/axios/lib/adapters/package.json", O_RDONLY|O_CLOEXEC) = -1 ENOENT (No such file or directory)
10489 openat(AT_FDCWD, "/home/runner/work/deckrender-acceptance/deckrender-acceptance/benchmark/artifacts/acceptance/runtimes/v0.3.1/node_modules/axios/lib/package.json", O_RDONLY|O_CLOEXEC) = -1 ENOENT (No such file or directory)
10489 openat(AT_FDCWD, "/home/runner/work/deckrender-acceptance/deckrender-acceptance/benchmark/artifacts/acceptance/runtimes/v0.3.1/node_modules/proxy-from-env/package.json", O_RDONLY|O_CLOEXEC) = 21
10489 openat(AT_FDCWD, "/home/runner/work/deckrender-acceptance/deckrender-acceptance/benchmark/artifacts/acceptance/runtimes/v0.3.1/node_modules/axios/lib/adapters/package.json", O_RDONLY|O_CLOEXEC) = -1 ENOENT (No such file or directory)
10489 openat(AT_FDCWD, "/home/runner/work/deckrender-acceptance/deckrender-acceptance/benchmark/artifacts/acceptance/runtimes/v0.3.1/node_modules/axios/lib/package.json", O_RDONLY|O_CLOEXEC) = -1 ENOENT (No such file or directory)
10489 openat(AT_FDCWD, "/home/runner/work/deckrender-acceptance/deckrender-acceptance/benchmark/artifacts/acceptance/runtimes/v0.3.1/node_modules/https-proxy-agent/package.json", O_RDONLY|O_CLOEXEC) = 21
10489 openat(AT_FDCWD, "/home/runner/work/deckrender-acceptance/deckrender-acceptance/benchmark/artifacts/acceptance/runtimes/v0.3.1/node_modules/https-proxy-agent/dist/package.json", O_RDONLY|O_CLOEXEC) = -1 ENOENT (No such file or directory)
10489 openat(AT_FDCWD, "/home/runner/work/deckrender-acceptance/deckrender-acceptance/benchmark/artifacts/acceptance/runtimes/v0.3.1/node_modules/https-proxy-agent/dist/package.json", O_RDONLY|O_CLOEXEC) = -1 ENOENT (No such file or directory)
10489 openat(AT_FDCWD, "/home/runner/work/deckrender-acceptance/deckrender-acceptance/benchmark/artifacts/acceptance/runtimes/v0.3.1/node_modules/axios/lib/adapters/package.json", O_RDONLY|O_CLOEXEC) = -1 ENOENT (No such file or directory)
10489 openat(AT_FDCWD, "/home/runner/work/deckrender-acceptance/deckrender-acceptance/benchmark/artifacts/acceptance/runtimes/v0.3.1/node_modules/axios/lib/package.json", O_RDONLY|O_CLOEXEC) = -1 ENOENT (No such file or directory)
10489 openat(AT_FDCWD, "/home/runner/work/deckrender-acceptance/deckrender-acceptance/benchmark/artifacts/acceptance/runtimes/v0.3.1/node_modules/follow-redirects/package.json", O_RDONLY|O_CLOEXEC) = 21
10489 openat(AT_FDCWD, "/home/runner/work/deckrender-acceptance/deckrender-acceptance/benchmark/artifacts/acceptance/runtimes/v0.3.1/node_modules/axios/lib/env/package.json", O_RDONLY|O_CLOEXEC) = -1 ENOENT (No such file or directory)
10489 openat(AT_FDCWD, "/home/runner/work/deckrender-acceptance/deckrender-acceptance/benchmark/artifacts/acceptance/runtimes/v0.3.1/node_modules/axios/lib/package.json", O_RDONLY|O_CLOEXEC) = -1 ENOENT (No such file or directory)
10489 openat(AT_FDCWD, "/home/runner/work/deckrender-acceptance/deckrender-acceptance/benchmark/artifacts/acceptance/runtimes/v0.3.1/node_modules/axios/lib/defaults/package.json", O_RDONLY|O_CLOEXEC) = -1 ENOENT (No such file or directory)
10489 openat(AT_FDCWD, "/home/runner/work/deckrender-acceptance/deckrender-acceptance/benchmark/artifacts/acceptance/runtimes/v0.3.1/node_modules/axios/lib/package.json", O_RDONLY|O_CLOEXEC) = -1 ENOENT (No such file or directory)
10489 openat(AT_FDCWD, "/home/runner/work/deckrender-acceptance/deckrender-acceptance/benchmark/artifacts/acceptance/runtimes/v0.3.1/node_modules/axios/lib/core/package.json", O_RDONLY|O_CLOEXEC) = -1 ENOENT (No such file or directory)
10489 openat(AT_FDCWD, "/home/runner/work/deckrender-acceptance/deckrender-acceptance/benchmark/artifacts/acceptance/runtimes/v0.3.1/node_modules/axios/lib/package.json", O_RDONLY|O_CLOEXEC) = -1 ENOENT (No such file or directory)
10489 openat(AT_FDCWD, "/home/runner/work/deckrender-acceptance/deckrender-acceptance/benchmark/artifacts/acceptance/runtimes/v0.3.1/node_modules/axios/lib/cancel/package.json", O_RDONLY|O_CLOEXEC) = -1 ENOENT (No such file or directory)
10489 openat(AT_FDCWD, "/home/runner/work/deckrender-acceptance/deckrender-acceptance/benchmark/artifacts/acceptance/runtimes/v0.3.1/node_modules/axios/lib/package.json", O_RDONLY|O_CLOEXEC) = -1 ENOENT (No such file or directory)
10489 openat(AT_FDCWD, "/home/runner/work/deckrender-acceptance/deckrender-acceptance/benchmark/artifacts/acceptance/runtimes/v0.3.1/node_modules/axios/lib/platform/package.json", O_RDONLY|O_CLOEXEC) = -1 ENOENT (No such file or directory)
10489 openat(AT_FDCWD, "/home/runner/work/deckrender-acceptance/deckrender-acceptance/benchmark/artifacts/acceptance/runtimes/v0.3.1/node_modules/axios/lib/package.json", O_RDONLY|O_CLOEXEC) = -1 ENOENT (No such file or directory)
10489 openat(AT_FDCWD, "/home/runner/work/deckrender-acceptance/deckrender-acceptance/benchmark/artifacts/acceptance/runtimes/v0.3.1/node_modules/axios/lib/helpers/package.json", O_RDONLY|O_CLOEXEC) = -1 ENOENT (No such file or directory)
10489 openat(AT_FDCWD, "/home/runner/work/deckrender-acceptance/deckrender-acceptance/benchmark/artifacts/acceptance/runtimes/v0.3.1/node_modules/axios/lib/package.json", O_RDONLY|O_CLOEXEC) = -1 ENOENT (No such file or directory)
10489 openat(AT_FDCWD, "/home/runner/work/deckrender-acceptance/deckrender-acceptance/benchmark/artifacts/acceptance/runtimes/v0.3.1/node_modules/axios/lib/core/package.json", O_RDONLY|O_CLOEXEC) = -1 ENOENT (No such file or directory)
10489 openat(AT_FDCWD, "/home/runner/work/deckrender-acceptance/deckrender-acceptance/benchmark/artifacts/acceptance/runtimes/v0.3.1/node_modules/axios/lib/package.json", O_RDONLY|O_CLOEXEC) = -1 ENOENT (No such file or directory)
10489 openat(AT_FDCWD, "/home/runner/work/deckrender-acceptance/deckrender-acceptance/benchmark/artifacts/acceptance/runtimes/v0.3.1/node_modules/axios/lib/core/package.json", O_RDONLY|O_CLOEXEC) = -1 ENOENT (No such file or directory)
10489 openat(AT_FDCWD, "/home/runner/work/deckrender-acceptance/deckrender-acceptance/benchmark/artifacts/acceptance/runtimes/v0.3.1/node_modules/axios/lib/package.json", O_RDONLY|O_CLOEXEC) = -1 ENOENT (No such file or directory)
10489 openat(AT_FDCWD, "/home/runner/work/deckrender-acceptance/deckrender-acceptance/benchmark/artifacts/acceptance/runtimes/v0.3.1/node_modules/axios/lib/helpers/package.json", O_RDONLY|O_CLOEXEC) = -1 ENOENT (No such file or directory)
10489 openat(AT_FDCWD, "/home/runner/work/deckrender-acceptance/deckrender-acceptance/benchmark/artifacts/acceptance/runtimes/v0.3.1/node_modules/axios/lib/package.json", O_RDONLY|O_CLOEXEC) = -1 ENOENT (No such file or directory)
10489 openat(AT_FDCWD, "/home/runner/work/deckrender-acceptance/deckrender-acceptance/benchmark/artifacts/acceptance/runtimes/v0.3.1/node_modules/axios/lib/helpers/package.json", O_RDONLY|O_CLOEXEC) = -1 ENOENT (No such file or directory)
10489 openat(AT_FDCWD, "/home/runner/work/deckrender-acceptance/deckrender-acceptance/benchmark/artifacts/acceptance/runtimes/v0.3.1/node_modules/axios/lib/package.json", O_RDONLY|O_CLOEXEC) = -1 ENOENT (No such file or directory)
10489 openat(AT_FDCWD, "/home/runner/work/deckrender-acceptance/deckrender-acceptance/benchmark/artifacts/acceptance/runtimes/v0.3.1/node_modules/axios/lib/helpers/package.json", O_RDONLY|O_CLOEXEC) = -1 ENOENT (No such file or directory)
10489 openat(AT_FDCWD, "/home/runner/work/deckrender-acceptance/deckrender-acceptance/benchmark/artifacts/acceptance/runtimes/v0.3.1/node_modules/axios/lib/package.json", O_RDONLY|O_CLOEXEC) = -1 ENOENT (No such file or directory)
10489 openat(AT_FDCWD, "/home/runner/work/deckrender-acceptance/deckrender-acceptance/benchmark/artifacts/acceptance/runtimes/v0.3.1/node_modules/axios/lib/helpers/package.json", O_RDONLY|O_CLOEXEC) = -1 ENOENT (No such file or directory)
10489 openat(AT_FDCWD, "/home/runner/work/deckrender-acceptance/deckrender-acceptance/benchmark/artifacts/acceptance/runtimes/v0.3.1/node_modules/axios/lib/package.json", O_RDONLY|O_CLOEXEC) = -1 ENOENT (No such file or directory)
10489 openat(AT_FDCWD, "/home/runner/work/deckrender-acceptance/deckrender-acceptance/benchmark/artifacts/acceptance/runtimes/v0.3.1/node_modules/axios/lib/helpers/package.json", O_RDONLY|O_CLOEXEC) = -1 ENOENT (No such file or directory)
10489 openat(AT_FDCWD, "/home/runner/work/deckrender-acceptance/deckrender-acceptance/benchmark/artifacts/acceptance/runtimes/v0.3.1/node_modules/axios/lib/package.json", O_RDONLY|O_CLOEXEC) = -1 ENOENT (No such file or directory)
10489 openat(AT_FDCWD, "/home/runner/work/deckrender-acceptance/deckrender-acceptance/benchmark/artifacts/acceptance/runtimes/v0.3.1/node_modules/axios/lib/helpers/package.json", O_RDONLY|O_CLOEXEC) = -1 ENOENT (No such file or directory)
10489 openat(AT_FDCWD, "/home/runner/work/deckrender-acceptance/deckrender-acceptance/benchmark/artifacts/acceptance/runtimes/v0.3.1/node_modules/axios/lib/package.json", O_RDONLY|O_CLOEXEC) = -1 ENOENT (No such file or directory)
10489 openat(AT_FDCWD, "/home/runner/work/deckrender-acceptance/deckrender-acceptance/benchmark/artifacts/acceptance/runtimes/v0.3.1/node_modules/axios/lib/helpers/package.json", O_RDONLY|O_CLOEXEC) = -1 ENOENT (No such file or directory)
10489 openat(AT_FDCWD, "/home/runner/work/deckrender-acceptance/deckrender-acceptance/benchmark/artifacts/acceptance/runtimes/v0.3.1/node_modules/axios/lib/package.json", O_RDONLY|O_CLOEXEC) = -1 ENOENT (No such file or directory)
10489 openat(AT_FDCWD, "/home/runner/work/deckrender-acceptance/deckrender-acceptance/benchmark/artifacts/acceptance/runtimes/v0.3.1/node_modules/axios/lib/helpers/package.json", O_RDONLY|O_CLOEXEC) = -1 ENOENT (No such file or directory)
10489 openat(AT_FDCWD, "/home/runner/work/deckrender-acceptance/deckrender-acceptance/benchmark/artifacts/acceptance/runtimes/v0.3.1/node_modules/axios/lib/package.json", O_RDONLY|O_CLOEXEC) = -1 ENOENT (No such file or directory)
10489 openat(AT_FDCWD, "/home/runner/work/deckrender-acceptance/deckrender-acceptance/benchmark/artifacts/acceptance/runtimes/v0.3.1/node_modules/axios/lib/helpers/package.json", O_RDONLY|O_CLOEXEC) = -1 ENOENT (No such file or directory)
10489 openat(AT_FDCWD, "/home/runner/work/deckrender-acceptance/deckrender-acceptance/benchmark/artifacts/acceptance/runtimes/v0.3.1/node_modules/axios/lib/package.json", O_RDONLY|O_CLOEXEC) = -1 ENOENT (No such file or directory)
10489 openat(AT_FDCWD, "/home/runner/work/deckrender-acceptance/deckrender-acceptance/benchmark/artifacts/acceptance/runtimes/v0.3.1/node_modules/axios/lib/helpers/package.json", O_RDONLY|O_CLOEXEC) = -1 ENOENT (No such file or directory)
10489 openat(AT_FDCWD, "/home/runner/work/deckrender-acceptance/deckrender-acceptance/benchmark/artifacts/acceptance/runtimes/v0.3.1/node_modules/axios/lib/package.json", O_RDONLY|O_CLOEXEC) = -1 ENOENT (No such file or directory)
10489 openat(AT_FDCWD, "/home/runner/work/deckrender-acceptance/deckrender-acceptance/benchmark/artifacts/acceptance/runtimes/v0.3.1/node_modules/axios/lib/package.json", O_RDONLY|O_CLOEXEC) = -1 ENOENT (No such file or directory)
10489 openat(AT_FDCWD, "/home/runner/work/deckrender-acceptance/deckrender-acceptance/benchmark/artifacts/acceptance/runtimes/v0.3.1/node_modules/axios/lib/core/package.json", O_RDONLY|O_CLOEXEC) = -1 ENOENT (No such file or directory)
10489 openat(AT_FDCWD, "/home/runner/work/deckrender-acceptance/deckrender-acceptance/benchmark/artifacts/acceptance/runtimes/v0.3.1/node_modules/axios/lib/package.json", O_RDONLY|O_CLOEXEC) = -1 ENOENT (No such file or directory)
10489 openat(AT_FDCWD, "/home/runner/work/deckrender-acceptance/deckrender-acceptance/benchmark/artifacts/acceptance/runtimes/v0.3.1/node_modules/axios/lib/defaults/package.json", O_RDONLY|O_CLOEXEC) = -1 ENOENT (No such file or directory)
10489 openat(AT_FDCWD, "/home/runner/work/deckrender-acceptance/deckrender-acceptance/benchmark/artifacts/acceptance/runtimes/v0.3.1/node_modules/axios/lib/package.json", O_RDONLY|O_CLOEXEC) = -1 ENOENT (No such file or directory)
10489 openat(AT_FDCWD, "/home/runner/work/deckrender-acceptance/deckrender-acceptance/benchmark/artifacts/acceptance/runtimes/v0.3.1/node_modules/axios/lib/core/package.json", O_RDONLY|O_CLOEXEC) = -1 ENOENT (No such file or directory)
10489 openat(AT_FDCWD, "/home/runner/work/deckrender-acceptance/deckrender-acceptance/benchmark/artifacts/acceptance/runtimes/v0.3.1/node_modules/axios/lib/package.json", O_RDONLY|O_CLOEXEC) = -1 ENOENT (No such file or directory)
10489 openat(AT_FDCWD, "/home/runner/work/deckrender-acceptance/deckrender-acceptance/benchmark/artifacts/acceptance/runtimes/v0.3.1/node_modules/axios/lib/cancel/package.json", O_RDONLY|O_CLOEXEC) = -1 ENOENT (No such file or directory)
10489 openat(AT_FDCWD, "/home/runner/work/deckrender-acceptance/deckrender-acceptance/benchmark/artifacts/acceptance/runtimes/v0.3.1/node_modules/axios/lib/package.json", O_RDONLY|O_CLOEXEC) = -1 ENOENT (No such file or directory)
10489 openat(AT_FDCWD, "/home/runner/work/deckrender-acceptance/deckrender-acceptance/benchmark/artifacts/acceptance/runtimes/v0.3.1/node_modules/axios/lib/helpers/package.json", O_RDONLY|O_CLOEXEC) = -1 ENOENT (No such file or directory)
10489 openat(AT_FDCWD, "/home/runner/work/deckrender-acceptance/deckrender-acceptance/benchmark/artifacts/acceptance/runtimes/v0.3.1/node_modules/axios/lib/package.json", O_RDONLY|O_CLOEXEC) = -1 ENOENT (No such file or directory)
10489 openat(AT_FDCWD, "/home/runner/work/deckrender-acceptance/deckrender-acceptance/benchmark/artifacts/acceptance/runtimes/v0.3.1/node_modules/axios/lib/helpers/package.json", O_RDONLY|O_CLOEXEC) = -1 ENOENT (No such file or directory)
10489 openat(AT_FDCWD, "/home/runner/work/deckrender-acceptance/deckrender-acceptance/benchmark/artifacts/acceptance/runtimes/v0.3.1/node_modules/axios/lib/package.json", O_RDONLY|O_CLOEXEC) = -1 ENOENT (No such file or directory)
10489 openat(AT_FDCWD, "/home/runner/work/deckrender-acceptance/deckrender-acceptance/benchmark/artifacts/acceptance/runtimes/v0.3.1/node_modules/axios/lib/platform/package.json", O_RDONLY|O_CLOEXEC) = -1 ENOENT (No such file or directory)
10489 openat(AT_FDCWD, "/home/runner/work/deckrender-acceptance/deckrender-acceptance/benchmark/artifacts/acceptance/runtimes/v0.3.1/node_modules/axios/lib/package.json", O_RDONLY|O_CLOEXEC) = -1 ENOENT (No such file or directory)
10489 openat(AT_FDCWD, "/home/runner/work/deckrender-acceptance/deckrender-acceptance/benchmark/artifacts/acceptance/runtimes/v0.3.1/node_modules/axios/lib/core/package.json", O_RDONLY|O_CLOEXEC) = -1 ENOENT (No such file or directory)
10489 openat(AT_FDCWD, "/home/runner/work/deckrender-acceptance/deckrender-acceptance/benchmark/artifacts/acceptance/runtimes/v0.3.1/node_modules/axios/lib/package.json", O_RDONLY|O_CLOEXEC) = -1 ENOENT (No such file or directory)
10489 openat(AT_FDCWD, "/home/runner/work/deckrender-acceptance/deckrender-acceptance/benchmark/artifacts/acceptance/runtimes/v0.3.1/node_modules/axios/lib/helpers/package.json", O_RDONLY|O_CLOEXEC) = -1 ENOENT (No such file or directory)
10489 openat(AT_FDCWD, "/home/runner/work/deckrender-acceptance/deckrender-acceptance/benchmark/artifacts/acceptance/runtimes/v0.3.1/node_modules/axios/lib/package.json", O_RDONLY|O_CLOEXEC) = -1 ENOENT (No such file or directory)
10489 openat(AT_FDCWD, "/home/runner/work/deckrender-acceptance/deckrender-acceptance/benchmark/artifacts/acceptance/runtimes/v0.3.1/node_modules/axios/lib/helpers/package.json", O_RDONLY|O_CLOEXEC) = -1 ENOENT (No such file or directory)
10489 openat(AT_FDCWD, "/home/runner/work/deckrender-acceptance/deckrender-acceptance/benchmark/artifacts/acceptance/runtimes/v0.3.1/node_modules/axios/lib/package.json", O_RDONLY|O_CLOEXEC) = -1 ENOENT (No such file or directory)
10489 openat(AT_FDCWD, "/home/runner/work/deckrender-acceptance/deckrender-acceptance/benchmark/artifacts/acceptance/runtimes/v0.3.1/node_modules/axios/lib/helpers/package.json", O_RDONLY|O_CLOEXEC) = -1 ENOENT (No such file or directory)
10489 openat(AT_FDCWD, "/home/runner/work/deckrender-acceptance/deckrender-acceptance/benchmark/artifacts/acceptance/runtimes/v0.3.1/node_modules/axios/lib/package.json", O_RDONLY|O_CLOEXEC) = -1 ENOENT (No such file or directory)
10489 openat(AT_FDCWD, "/home/runner/work/deckrender-acceptance/deckrender-acceptance/benchmark/artifacts/acceptance/runtimes/v0.3.1/node_modules/axios/lib/platform/package.json", O_RDONLY|O_CLOEXEC) = -1 ENOENT (No such file or directory)
10489 openat(AT_FDCWD, "/home/runner/work/deckrender-acceptance/deckrender-acceptance/benchmark/artifacts/acceptance/runtimes/v0.3.1/node_modules/axios/lib/package.json", O_RDONLY|O_CLOEXEC) = -1 ENOENT (No such file or directory)
10489 openat(AT_FDCWD, "/home/runner/work/deckrender-acceptance/deckrender-acceptance/benchmark/artifacts/acceptance/runtimes/v0.3.1/node_modules/axios/lib/package.json", O_RDONLY|O_CLOEXEC) = -1 ENOENT (No such file or directory)
10489 openat(AT_FDCWD, "/home/runner/work/deckrender-acceptance/deckrender-acceptance/benchmark/artifacts/acceptance/runtimes/v0.3.1/node_modules/axios/lib/core/package.json", O_RDONLY|O_CLOEXEC) = -1 ENOENT (No such file or directory)
10489 openat(AT_FDCWD, "/home/runner/work/deckrender-acceptance/deckrender-acceptance/benchmark/artifacts/acceptance/runtimes/v0.3.1/node_modules/axios/lib/package.json", O_RDONLY|O_CLOEXEC) = -1 ENOENT (No such file or directory)
10489 openat(AT_FDCWD, "/home/runner/work/deckrender-acceptance/deckrender-acceptance/benchmark/artifacts/acceptance/runtimes/v0.3.1/node_modules/axios/lib/helpers/package.json", O_RDONLY|O_CLOEXEC) = -1 ENOENT (No such file or directory)
10489 openat(AT_FDCWD, "/home/runner/work/deckrender-acceptance/deckrender-acceptance/benchmark/artifacts/acceptance/runtimes/v0.3.1/node_modules/axios/lib/package.json", O_RDONLY|O_CLOEXEC) = -1 ENOENT (No such file or directory)
10489 openat(AT_FDCWD, "/home/runner/work/deckrender-acceptance/deckrender-acceptance/benchmark/artifacts/acceptance/runtimes/v0.3.1/node_modules/axios/lib/helpers/package.json", O_RDONLY|O_CLOEXEC) = -1 ENOENT (No such file or directory)
10489 openat(AT_FDCWD, "/home/runner/work/deckrender-acceptance/deckrender-acceptance/benchmark/artifacts/acceptance/runtimes/v0.3.1/node_modules/axios/lib/package.json", O_RDONLY|O_CLOEXEC) = -1 ENOENT (No such file or directory)
10489 openat(AT_FDCWD, "/home/runner/work/deckrender-acceptance/deckrender-acceptance/benchmark/artifacts/acceptance/runtimes/v0.3.1/node_modules/axios/lib/core/package.json", O_RDONLY|O_CLOEXEC) = -1 ENOENT (No such file or directory)
10489 openat(AT_FDCWD, "/home/runner/work/deckrender-acceptance/deckrender-acceptance/benchmark/artifacts/acceptance/runtimes/v0.3.1/node_modules/axios/lib/package.json", O_RDONLY|O_CLOEXEC) = -1 ENOENT (No such file or directory)
10489 openat(AT_FDCWD, "/home/runner/work/deckrender-acceptance/deckrender-acceptance/benchmark/artifacts/acceptance/runtimes/v0.3.1/node_modules/axios/lib/helpers/package.json", O_RDONLY|O_CLOEXEC) = -1 ENOENT (No such file or directory)
10489 openat(AT_FDCWD, "/home/runner/work/deckrender-acceptance/deckrender-acceptance/benchmark/artifacts/acceptance/runtimes/v0.3.1/node_modules/axios/lib/package.json", O_RDONLY|O_CLOEXEC) = -1 ENOENT (No such file or directory)
10489 openat(AT_FDCWD, "/home/runner/work/deckrender-acceptance/deckrender-acceptance/benchmark/artifacts/acceptance/runtimes/v0.3.1/node_modules/axios/lib/helpers/package.json", O_RDONLY|O_CLOEXEC) = -1 ENOENT (No such file or directory)
10489 openat(AT_FDCWD, "/home/runner/work/deckrender-acceptance/deckrender-acceptance/benchmark/artifacts/acceptance/runtimes/v0.3.1/node_modules/axios/lib/package.json", O_RDONLY|O_CLOEXEC) = -1 ENOENT (No such file or directory)
10489 openat(AT_FDCWD, "/home/runner/work/deckrender-acceptance/deckrender-acceptance/benchmark/artifacts/acceptance/runtimes/v0.3.1/node_modules/axios/lib/core/package.json", O_RDONLY|O_CLOEXEC) = -1 ENOENT (No such file or directory)
10489 openat(AT_FDCWD, "/home/runner/work/deckrender-acceptance/deckrender-acceptance/benchmark/artifacts/acceptance/runtimes/v0.3.1/node_modules/axios/lib/package.json", O_RDONLY|O_CLOEXEC) = -1 ENOENT (No such file or directory)
10489 openat(AT_FDCWD, "/home/runner/work/deckrender-acceptance/deckrender-acceptance/benchmark/artifacts/acceptance/runtimes/v0.3.1/node_modules/axios/lib/helpers/package.json", O_RDONLY|O_CLOEXEC) = -1 ENOENT (No such file or directory)
10489 openat(AT_FDCWD, "/home/runner/work/deckrender-acceptance/deckrender-acceptance/benchmark/artifacts/acceptance/runtimes/v0.3.1/node_modules/axios/lib/package.json", O_RDONLY|O_CLOEXEC) = -1 ENOENT (No such file or directory)
10489 openat(AT_FDCWD, "/home/runner/work/deckrender-acceptance/deckrender-acceptance/benchmark/artifacts/acceptance/runtimes/v0.3.1/node_modules/axios/lib/env/package.json", O_RDONLY|O_CLOEXEC) = -1 ENOENT (No such file or directory)
10489 openat(AT_FDCWD, "/home/runner/work/deckrender-acceptance/deckrender-acceptance/benchmark/artifacts/acceptance/runtimes/v0.3.1/node_modules/axios/lib/package.json", O_RDONLY|O_CLOEXEC) = -1 ENOENT (No such file or directory)
10489 openat(AT_FDCWD, "/home/runner/work/deckrender-acceptance/deckrender-acceptance/benchmark/artifacts/acceptance/runtimes/v0.3.1/node_modules/axios/lib/helpers/package.json", O_RDONLY|O_CLOEXEC) = -1 ENOENT (No such file or directory)
10489 openat(AT_FDCWD, "/home/runner/work/deckrender-acceptance/deckrender-acceptance/benchmark/artifacts/acceptance/runtimes/v0.3.1/node_modules/axios/lib/package.json", O_RDONLY|O_CLOEXEC) = -1 ENOENT (No such file or directory)
10489 openat(AT_FDCWD, "/home/runner/work/deckrender-acceptance/deckrender-acceptance/benchmark/artifacts/acceptance/runtimes/v0.3.1/node_modules/axios/lib/helpers/AxiosURLSearchParams.js", O_RDONLY|O_CLOEXEC) = 21
10489 openat(AT_FDCWD, "/home/runner/work/deckrender-acceptance/deckrender-acceptance/benchmark/artifacts/acceptance/runtimes/v0.3.1/node_modules/axios/lib/core/transformData.js", O_RDONLY|O_CLOEXEC) = 21
10489 openat(AT_FDCWD, "/home/runner/work/deckrender-acceptance/deckrender-acceptance/benchmark/artifacts/acceptance/runtimes/v0.3.1/node_modules/axios/lib/helpers/isAbsoluteURL.js", O_RDONLY|O_CLOEXEC) = 21
10489 openat(AT_FDCWD, "/home/runner/work/deckrender-acceptance/deckrender-acceptance/benchmark/artifacts/acceptance/runtimes/v0.3.1/node_modules/axios/lib/helpers/combineURLs.js", O_RDONLY|O_CLOEXEC) = 21
10489 openat(AT_FDCWD, "/home/runner/work/deckrender-acceptance/deckrender-acceptance/benchmark/artifacts/acceptance/runtimes/v0.3.1/node_modules/axios/lib/helpers/normalizeURLForProtocolCheck.js", O_RDONLY|O_CLOEXEC) = 21
10489 openat(AT_FDCWD, "/home/runner/work/deckrender-acceptance/deckrender-acceptance/benchmark/artifacts/acceptance/runtimes/v0.3.1/node_modules/axios/lib/platform/node/index.js", O_RDONLY|O_CLOEXEC) = 21
10489 openat(AT_FDCWD, "/home/runner/work/deckrender-acceptance/deckrender-acceptance/benchmark/artifacts/acceptance/runtimes/v0.3.1/node_modules/axios/lib/platform/common/utils.js", O_RDONLY|O_CLOEXEC) = 21
10489 openat(AT_FDCWD, "/home/runner/work/deckrender-acceptance/deckrender-acceptance/benchmark/artifacts/acceptance/runtimes/v0.3.1/node_modules/form-data/lib/form_data.js", O_RDONLY|O_CLOEXEC) = 21
10489 openat(AT_FDCWD, "/home/runner/work/deckrender-acceptance/deckrender-acceptance/benchmark/artifacts/acceptance/runtimes/v0.3.1/node_modules/form-data/lib/package.json", O_RDONLY|O_CLOEXEC) = -1 ENOENT (No such file or directory)
10489 openat(AT_FDCWD, "/home/runner/work/deckrender-acceptance/deckrender-acceptance/benchmark/artifacts/acceptance/runtimes/v0.3.1/node_modules/axios/lib/core/settle.js", O_RDONLY|O_CLOEXEC) = 21
10489 openat(AT_FDCWD, "/home/runner/work/deckrender-acceptance/deckrender-acceptance/benchmark/artifacts/acceptance/runtimes/v0.3.1/node_modules/proxy-from-env/index.js", O_RDONLY|O_CLOEXEC) = 21
10489 openat(AT_FDCWD, "/home/runner/work/deckrender-acceptance/deckrender-acceptance/benchmark/artifacts/acceptance/runtimes/v0.3.1/node_modules/https-proxy-agent/dist/index.js", O_RDONLY|O_CLOEXEC) = 21
10489 openat(AT_FDCWD, "/home/runner/work/deckrender-acceptance/deckrender-acceptance/benchmark/artifacts/acceptance/runtimes/v0.3.1/node_modules/https-proxy-agent/dist/package.json", O_RDONLY|O_CLOEXEC) = -1 ENOENT (No such file or directory)
10489 openat(AT_FDCWD, "/home/runner/work/deckrender-acceptance/deckrender-acceptance/benchmark/artifacts/acceptance/runtimes/v0.3.1/node_modules/follow-redirects/index.js", O_RDONLY|O_CLOEXEC) = 21
10489 openat(AT_FDCWD, "/home/runner/work/deckrender-acceptance/deckrender-acceptance/benchmark/artifacts/acceptance/runtimes/v0.3.1/node_modules/axios/lib/helpers/fromDataURI.js", O_RDONLY|O_CLOEXEC) = 21
10489 openat(AT_FDCWD, "/home/runner/work/deckrender-acceptance/deckrender-acceptance/benchmark/artifacts/acceptance/runtimes/v0.3.1/node_modules/axios/lib/core/setFormDataHeaders.js", O_RDONLY|O_CLOEXEC) = 21
10489 openat(AT_FDCWD, "/home/runner/work/deckrender-acceptance/deckrender-acceptance/benchmark/artifacts/acceptance/runtimes/v0.3.1/node_modules/axios/lib/helpers/AxiosTransformStream.js", O_RDONLY|O_CLOEXEC) = 21
10489 openat(AT_FDCWD, "/home/runner/work/deckrender-acceptance/deckrender-acceptance/benchmark/artifacts/acceptance/runtimes/v0.3.1/node_modules/axios/lib/helpers/formDataToStream.js", O_RDONLY|O_CLOEXEC) = 21
10489 openat(AT_FDCWD, "/home/runner/work/deckrender-acceptance/deckrender-acceptance/benchmark/artifacts/acceptance/runtimes/v0.3.1/node_modules/axios/lib/helpers/readBlob.js", O_RDONLY|O_CLOEXEC) = 21
10489 openat(AT_FDCWD, "/home/runner/work/deckrender-acceptance/deckrender-acceptance/benchmark/artifacts/acceptance/runtimes/v0.3.1/node_modules/axios/lib/helpers/ZlibHeaderTransformStream.js", O_RDONLY|O_CLOEXEC) = 21
10489 openat(AT_FDCWD, "/home/runner/work/deckrender-acceptance/deckrender-acceptance/benchmark/artifacts/acceptance/runtimes/v0.3.1/node_modules/axios/lib/helpers/Http2Sessions.js", O_RDONLY|O_CLOEXEC) = 21
10489 openat(AT_FDCWD, "/home/runner/work/deckrender-acceptance/deckrender-acceptance/benchmark/artifacts/acceptance/runtimes/v0.3.1/node_modules/axios/lib/helpers/callbackify.js", O_RDONLY|O_CLOEXEC) = 21
10489 openat(AT_FDCWD, "/home/runner/work/deckrender-acceptance/deckrender-acceptance/benchmark/artifacts/acceptance/runtimes/v0.3.1/node_modules/axios/lib/helpers/shouldBypassProxy.js", O_RDONLY|O_CLOEXEC) = 21
10489 openat(AT_FDCWD, "/home/runner/work/deckrender-acceptance/deckrender-acceptance/benchmark/artifacts/acceptance/runtimes/v0.3.1/node_modules/axios/lib/helpers/progressEventReducer.js", O_RDONLY|O_CLOEXEC) = 21
10489 openat(AT_FDCWD, "/home/runner/work/deckrender-acceptance/deckrender-acceptance/benchmark/artifacts/acceptance/runtimes/v0.3.1/node_modules/axios/lib/helpers/estimateDataURLDecodedBytes.js", O_RDONLY|O_CLOEXEC) = 21
10489 openat(AT_FDCWD, "/home/runner/work/deckrender-acceptance/deckrender-acceptance/benchmark/artifacts/acceptance/runtimes/v0.3.1/node_modules/axios/lib/helpers/parseProtocol.js", O_RDONLY|O_CLOEXEC) = 21
10489 openat(AT_FDCWD, "/home/runner/work/deckrender-acceptance/deckrender-acceptance/benchmark/artifacts/acceptance/runtimes/v0.3.1/node_modules/axios/lib/helpers/resolveConfig.js", O_RDONLY|O_CLOEXEC) = 21
10489 openat(AT_FDCWD, "/home/runner/work/deckrender-acceptance/deckrender-acceptance/benchmark/artifacts/acceptance/runtimes/v0.3.1/node_modules/axios/lib/helpers/composeSignals.js", O_RDONLY|O_CLOEXEC) = 21
10489 openat(AT_FDCWD, "/home/runner/work/deckrender-acceptance/deckrender-acceptance/benchmark/artifacts/acceptance/runtimes/v0.3.1/node_modules/axios/lib/helpers/trackStream.js", O_RDONLY|O_CLOEXEC) = 21
10489 openat(AT_FDCWD, "/home/runner/work/deckrender-acceptance/deckrender-acceptance/benchmark/artifacts/acceptance/runtimes/v0.3.1/node_modules/axios/lib/helpers/package.json", O_RDONLY|O_CLOEXEC) = -1 ENOENT (No such file or directory)
10489 openat(AT_FDCWD, "/home/runner/work/deckrender-acceptance/deckrender-acceptance/benchmark/artifacts/acceptance/runtimes/v0.3.1/node_modules/axios/lib/package.json", O_RDONLY|O_CLOEXEC) = -1 ENOENT (No such file or directory)
10489 openat(AT_FDCWD, "/home/runner/work/deckrender-acceptance/deckrender-acceptance/benchmark/artifacts/acceptance/runtimes/v0.3.1/node_modules/axios/lib/package.json", O_RDONLY|O_CLOEXEC) = -1 ENOENT (No such file or directory)
10489 openat(AT_FDCWD, "/home/runner/work/deckrender-acceptance/deckrender-acceptance/benchmark/artifacts/acceptance/runtimes/v0.3.1/node_modules/axios/lib/defaults/package.json", O_RDONLY|O_CLOEXEC) = -1 ENOENT (No such file or directory)
10489 openat(AT_FDCWD, "/home/runner/work/deckrender-acceptance/deckrender-acceptance/benchmark/artifacts/acceptance/runtimes/v0.3.1/node_modules/axios/lib/package.json", O_RDONLY|O_CLOEXEC) = -1 ENOENT (No such file or directory)
10489 openat(AT_FDCWD, "/home/runner/work/deckrender-acceptance/deckrender-acceptance/benchmark/artifacts/acceptance/runtimes/v0.3.1/node_modules/axios/lib/core/package.json", O_RDONLY|O_CLOEXEC) = -1 ENOENT (No such file or directory)
10489 openat(AT_FDCWD, "/home/runner/work/deckrender-acceptance/deckrender-acceptance/benchmark/artifacts/acceptance/runtimes/v0.3.1/node_modules/axios/lib/package.json", O_RDONLY|O_CLOEXEC) = -1 ENOENT (No such file or directory)
10489 openat(AT_FDCWD, "/home/runner/work/deckrender-acceptance/deckrender-acceptance/benchmark/artifacts/acceptance/runtimes/v0.3.1/node_modules/axios/lib/platform/node/classes/package.json", O_RDONLY|O_CLOEXEC) = -1 ENOENT (No such file or directory)
10489 openat(AT_FDCWD, "/home/runner/work/deckrender-acceptance/deckrender-acceptance/benchmark/artifacts/acceptance/runtimes/v0.3.1/node_modules/axios/lib/platform/node/package.json", O_RDONLY|O_CLOEXEC) = -1 ENOENT (No such file or directory)
10489 openat(AT_FDCWD, "/home/runner/work/deckrender-acceptance/deckrender-acceptance/benchmark/artifacts/acceptance/runtimes/v0.3.1/node_modules/axios/lib/platform/package.json", O_RDONLY|O_CLOEXEC) = -1 ENOENT (No such file or directory)
10489 openat(AT_FDCWD, "/home/runner/work/deckrender-acceptance/deckrender-acceptance/benchmark/artifacts/acceptance/runtimes/v0.3.1/node_modules/axios/lib/package.json", O_RDONLY|O_CLOEXEC) = -1 ENOENT (No such file or directory)
10489 openat(AT_FDCWD, "/home/runner/work/deckrender-acceptance/deckrender-acceptance/benchmark/artifacts/acceptance/runtimes/v0.3.1/node_modules/axios/lib/platform/node/classes/package.json", O_RDONLY|O_CLOEXEC) = -1 ENOENT (No such file or directory)
10489 openat(AT_FDCWD, "/home/runner/work/deckrender-acceptance/deckrender-acceptance/benchmark/artifacts/acceptance/runtimes/v0.3.1/node_modules/axios/lib/platform/node/package.json", O_RDONLY|O_CLOEXEC) = -1 ENOENT (No such file or directory)
10489 openat(AT_FDCWD, "/home/runner/work/deckrender-acceptance/deckrender-acceptance/benchmark/artifacts/acceptance/runtimes/v0.3.1/node_modules/axios/lib/platform/package.json", O_RDONLY|O_CLOEXEC) = -1 ENOENT (No such file or directory)
10489 openat(AT_FDCWD, "/home/runner/work/deckrender-acceptance/deckrender-acceptance/benchmark/artifacts/acceptance/runtimes/v0.3.1/node_modules/axios/lib/package.json", O_RDONLY|O_CLOEXEC) = -1 ENOENT (No such file or directory)
10489 openat(AT_FDCWD, "/home/runner/work/deckrender-acceptance/deckrender-acceptance/benchmark/artifacts/acceptance/runtimes/v0.3.1/node_modules/axios/lib/core/package.json", O_RDONLY|O_CLOEXEC) = -1 ENOENT (No such file or directory)
10489 openat(AT_FDCWD, "/home/runner/work/deckrender-acceptance/deckrender-acceptance/benchmark/artifacts/acceptance/runtimes/v0.3.1/node_modules/axios/lib/package.json", O_RDONLY|O_CLOEXEC) = -1 ENOENT (No such file or directory)
10489 openat(AT_FDCWD, "/home/runner/work/deckrender-acceptance/deckrender-acceptance/benchmark/artifacts/acceptance/runtimes/v0.3.1/node_modules/axios/lib/core/package.json", O_RDONLY|O_CLOEXEC) = -1 ENOENT (No such file or directory)
10489 openat(AT_FDCWD, "/home/runner/work/deckrender-acceptance/deckrender-acceptance/benchmark/artifacts/acceptance/runtimes/v0.3.1/node_modules/axios/lib/package.json", O_RDONLY|O_CLOEXEC) = -1 ENOENT (No such file or directory)
10489 openat(AT_FDCWD, "/home/runner/work/deckrender-acceptance/deckrender-acceptance/benchmark/artifacts/acceptance/runtimes/v0.3.1/node_modules/axios/lib/helpers/package.json", O_RDONLY|O_CLOEXEC) = -1 ENOENT (No such file or directory)
10489 openat(AT_FDCWD, "/home/runner/work/deckrender-acceptance/deckrender-acceptance/benchmark/artifacts/acceptance/runtimes/v0.3.1/node_modules/axios/lib/package.json", O_RDONLY|O_CLOEXEC) = -1 ENOENT (No such file or directory)
10489 openat(AT_FDCWD, "/home/runner/work/deckrender-acceptance/deckrender-acceptance/benchmark/artifacts/acceptance/runtimes/v0.3.1/node_modules/axios/lib/platform/package.json", O_RDONLY|O_CLOEXEC) = -1 ENOENT (No such file or directory)
10489 openat(AT_FDCWD, "/home/runner/work/deckrender-acceptance/deckrender-acceptance/benchmark/artifacts/acceptance/runtimes/v0.3.1/node_modules/axios/lib/package.json", O_RDONLY|O_CLOEXEC) = -1 ENOENT (No such file or directory)
10489 openat(AT_FDCWD, "/home/runner/work/deckrender-acceptance/deckrender-acceptance/benchmark/artifacts/acceptance/runtimes/v0.3.1/node_modules/axios/lib/package.json", O_RDONLY|O_CLOEXEC) = -1 ENOENT (No such file or directory)
10489 openat(AT_FDCWD, "/home/runner/work/deckrender-acceptance/deckrender-acceptance/benchmark/artifacts/acceptance/runtimes/v0.3.1/node_modules/axios/lib/package.json", O_RDONLY|O_CLOEXEC) = -1 ENOENT (No such file or directory)
10489 openat(AT_FDCWD, "/home/runner/work/deckrender-acceptance/deckrender-acceptance/benchmark/artifacts/acceptance/runtimes/v0.3.1/node_modules/axios/lib/helpers/package.json", O_RDONLY|O_CLOEXEC) = -1 ENOENT (No such file or directory)
10489 openat(AT_FDCWD, "/home/runner/work/deckrender-acceptance/deckrender-acceptance/benchmark/artifacts/acceptance/runtimes/v0.3.1/node_modules/axios/lib/package.json", O_RDONLY|O_CLOEXEC) = -1 ENOENT (No such file or directory)
10489 openat(AT_FDCWD, "/home/runner/work/deckrender-acceptance/deckrender-acceptance/benchmark/artifacts/acceptance/runtimes/v0.3.1/node_modules/axios/lib/platform/package.json", O_RDONLY|O_CLOEXEC) = -1 ENOENT (No such file or directory)
10489 openat(AT_FDCWD, "/home/runner/work/deckrender-acceptance/deckrender-acceptance/benchmark/artifacts/acceptance/runtimes/v0.3.1/node_modules/axios/lib/package.json", O_RDONLY|O_CLOEXEC) = -1 ENOENT (No such file or directory)
10489 openat(AT_FDCWD, "/home/runner/work/deckrender-acceptance/deckrender-acceptance/benchmark/artifacts/acceptance/runtimes/v0.3.1/node_modules/axios/lib/package.json", O_RDONLY|O_CLOEXEC) = -1 ENOENT (No such file or directory)
10489 openat(AT_FDCWD, "/home/runner/work/deckrender-acceptance/deckrender-acceptance/benchmark/artifacts/acceptance/runtimes/v0.3.1/node_modules/axios/lib/helpers/package.json", O_RDONLY|O_CLOEXEC) = -1 ENOENT (No such file or directory)
10489 openat(AT_FDCWD, "/home/runner/work/deckrender-acceptance/deckrender-acceptance/benchmark/artifacts/acceptance/runtimes/v0.3.1/node_modules/axios/lib/package.json", O_RDONLY|O_CLOEXEC) = -1 ENOENT (No such file or directory)
10489 openat(AT_FDCWD, "/home/runner/work/deckrender-acceptance/deckrender-acceptance/benchmark/artifacts/acceptance/runtimes/v0.3.1/node_modules/axios/lib/helpers/package.json", O_RDONLY|O_CLOEXEC) = -1 ENOENT (No such file or directory)
10489 openat(AT_FDCWD, "/home/runner/work/deckrender-acceptance/deckrender-acceptance/benchmark/artifacts/acceptance/runtimes/v0.3.1/node_modules/axios/lib/package.json", O_RDONLY|O_CLOEXEC) = -1 ENOENT (No such file or directory)
10489 openat(AT_FDCWD, "/home/runner/work/deckrender-acceptance/deckrender-acceptance/benchmark/artifacts/acceptance/runtimes/v0.3.1/node_modules/axios/lib/package.json", O_RDONLY|O_CLOEXEC) = -1 ENOENT (No such file or directory)
10489 openat(AT_FDCWD, "/home/runner/work/deckrender-acceptance/deckrender-acceptance/benchmark/artifacts/acceptance/runtimes/v0.3.1/node_modules/axios/lib/platform/package.json", O_RDONLY|O_CLOEXEC) = -1 ENOENT (No such file or directory)
10489 openat(AT_FDCWD, "/home/runner/work/deckrender-acceptance/deckrender-acceptance/benchmark/artifacts/acceptance/runtimes/v0.3.1/node_modules/axios/lib/package.json", O_RDONLY|O_CLOEXEC) = -1 ENOENT (No such file or directory)
10489 openat(AT_FDCWD, "/home/runner/work/deckrender-acceptance/deckrender-acceptance/benchmark/artifacts/acceptance/runtimes/v0.3.1/node_modules/axios/lib/package.json", O_RDONLY|O_CLOEXEC) = -1 ENOENT (No such file or directory)
10489 openat(AT_FDCWD, "/home/runner/work/deckrender-acceptance/deckrender-acceptance/benchmark/artifacts/acceptance/runtimes/v0.3.1/node_modules/axios/lib/core/package.json", O_RDONLY|O_CLOEXEC) = -1 ENOENT (No such file or directory)
10489 openat(AT_FDCWD, "/home/runner/work/deckrender-acceptance/deckrender-acceptance/benchmark/artifacts/acceptance/runtimes/v0.3.1/node_modules/axios/lib/package.json", O_RDONLY|O_CLOEXEC) = -1 ENOENT (No such file or directory)
10489 openat(AT_FDCWD, "/home/runner/work/deckrender-acceptance/deckrender-acceptance/benchmark/artifacts/acceptance/runtimes/v0.3.1/node_modules/axios/lib/helpers/package.json", O_RDONLY|O_CLOEXEC) = -1 ENOENT (No such file or directory)
10489 openat(AT_FDCWD, "/home/runner/work/deckrender-acceptance/deckrender-acceptance/benchmark/artifacts/acceptance/runtimes/v0.3.1/node_modules/axios/lib/package.json", O_RDONLY|O_CLOEXEC) = -1 ENOENT (No such file or directory)
10489 openat(AT_FDCWD, "/home/runner/work/deckrender-acceptance/deckrender-acceptance/benchmark/artifacts/acceptance/runtimes/v0.3.1/node_modules/axios/lib/helpers/package.json", O_RDONLY|O_CLOEXEC) = -1 ENOENT (No such file or directory)
10489 openat(AT_FDCWD, "/home/runner/work/deckrender-acceptance/deckrender-acceptance/benchmark/artifacts/acceptance/runtimes/v0.3.1/node_modules/axios/lib/package.json", O_RDONLY|O_CLOEXEC) = -1 ENOENT (No such file or directory)
10489 openat(AT_FDCWD, "/home/runner/work/deckrender-acceptance/deckrender-acceptance/benchmark/artifacts/acceptance/runtimes/v0.3.1/node_modules/axios/lib/core/package.json", O_RDONLY|O_CLOEXEC) = -1 ENOENT (No such file or directory)
10489 openat(AT_FDCWD, "/home/runner/work/deckrender-acceptance/deckrender-acceptance/benchmark/artifacts/acceptance/runtimes/v0.3.1/node_modules/axios/lib/package.json", O_RDONLY|O_CLOEXEC) = -1 ENOENT (No such file or directory)
10489 openat(AT_FDCWD, "/home/runner/work/deckrender-acceptance/deckrender-acceptance/benchmark/artifacts/acceptance/runtimes/v0.3.1/node_modules/axios/lib/core/package.json", O_RDONLY|O_CLOEXEC) = -1 ENOENT (No such file or directory)
10489 openat(AT_FDCWD, "/home/runner/work/deckrender-acceptance/deckrender-acceptance/benchmark/artifacts/acceptance/runtimes/v0.3.1/node_modules/axios/lib/package.json", O_RDONLY|O_CLOEXEC) = -1 ENOENT (No such file or directory)
10489 openat(AT_FDCWD, "/home/runner/work/deckrender-acceptance/deckrender-acceptance/benchmark/artifacts/acceptance/runtimes/v0.3.1/node_modules/axios/lib/core/package.json", O_RDONLY|O_CLOEXEC) = -1 ENOENT (No such file or directory)
10489 openat(AT_FDCWD, "/home/runner/work/deckrender-acceptance/deckrender-acceptance/benchmark/artifacts/acceptance/runtimes/v0.3.1/node_modules/axios/lib/package.json", O_RDONLY|O_CLOEXEC) = -1 ENOENT (No such file or directory)
10489 openat(AT_FDCWD, "/home/runner/work/deckrender-acceptance/deckrender-acceptance/benchmark/artifacts/acceptance/runtimes/v0.3.1/node_modules/axios/lib/core/package.json", O_RDONLY|O_CLOEXEC) = -1 ENOENT (No such file or directory)
10489 openat(AT_FDCWD, "/home/runner/work/deckrender-acceptance/deckrender-acceptance/benchmark/artifacts/acceptance/runtimes/v0.3.1/node_modules/axios/lib/package.json", O_RDONLY|O_CLOEXEC) = -1 ENOENT (No such file or directory)
10489 openat(AT_FDCWD, "/home/runner/work/deckrender-acceptance/deckrender-acceptance/benchmark/artifacts/acceptance/runtimes/v0.3.1/node_modules/axios/lib/helpers/package.json", O_RDONLY|O_CLOEXEC) = -1 ENOENT (No such file or directory)
10489 openat(AT_FDCWD, "/home/runner/work/deckrender-acceptance/deckrender-acceptance/benchmark/artifacts/acceptance/runtimes/v0.3.1/node_modules/axios/lib/package.json", O_RDONLY|O_CLOEXEC) = -1 ENOENT (No such file or directory)
10489 openat(AT_FDCWD, "/home/runner/work/deckrender-acceptance/deckrender-acceptance/benchmark/artifacts/acceptance/runtimes/v0.3.1/node_modules/axios/lib/cancel/package.json", O_RDONLY|O_CLOEXEC) = -1 ENOENT (No such file or directory)
10489 openat(AT_FDCWD, "/home/runner/work/deckrender-acceptance/deckrender-acceptance/benchmark/artifacts/acceptance/runtimes/v0.3.1/node_modules/axios/lib/package.json", O_RDONLY|O_CLOEXEC) = -1 ENOENT (No such file or directory)
10489 openat(AT_FDCWD, "/home/runner/work/deckrender-acceptance/deckrender-acceptance/benchmark/artifacts/acceptance/runtimes/v0.3.1/node_modules/axios/lib/core/package.json", O_RDONLY|O_CLOEXEC) = -1 ENOENT (No such file or directory)
10489 openat(AT_FDCWD, "/home/runner/work/deckrender-acceptance/deckrender-acceptance/benchmark/artifacts/acceptance/runtimes/v0.3.1/node_modules/axios/lib/package.json", O_RDONLY|O_CLOEXEC) = -1 ENOENT (No such file or directory)
10489 openat(AT_FDCWD, "/home/runner/work/deckrender-acceptance/deckrender-acceptance/benchmark/artifacts/acceptance/runtimes/v0.3.1/node_modules/axios/lib/package.json", O_RDONLY|O_CLOEXEC) = -1 ENOENT (No such file or directory)
10489 openat(AT_FDCWD, "/home/runner/work/deckrender-acceptance/deckrender-acceptance/benchmark/artifacts/acceptance/runtimes/v0.3.1/node_modules/axios/lib/platform/node/classes/URLSearchParams.js", O_RDONLY|O_CLOEXEC) = 21
10489 openat(AT_FDCWD, "/home/runner/work/deckrender-acceptance/deckrender-acceptance/benchmark/artifacts/acceptance/runtimes/v0.3.1/node_modules/axios/lib/helpers/speedometer.js", O_RDONLY|O_CLOEXEC) = 21
10489 openat(AT_FDCWD, "/home/runner/work/deckrender-acceptance/deckrender-acceptance/benchmark/artifacts/acceptance/runtimes/v0.3.1/node_modules/axios/lib/helpers/throttle.js", O_RDONLY|O_CLOEXEC) = 21
10489 openat(AT_FDCWD, "/home/runner/work/deckrender-acceptance/deckrender-acceptance/benchmark/artifacts/acceptance/runtimes/v0.3.1/node_modules/axios/lib/helpers/isURLSameOrigin.js", O_RDONLY|O_CLOEXEC) = 21
10489 openat(AT_FDCWD, "/home/runner/work/deckrender-acceptance/deckrender-acceptance/benchmark/artifacts/acceptance/runtimes/v0.3.1/node_modules/axios/lib/helpers/cookies.js", O_RDONLY|O_CLOEXEC) = 21
10489 openat(AT_FDCWD, "/home/runner/work/deckrender-acceptance/deckrender-acceptance/benchmark/artifacts/acceptance/runtimes/v0.3.1/node_modules/axios/lib/platform/package.json", O_RDONLY|O_CLOEXEC) = -1 ENOENT (No such file or directory)
10489 openat(AT_FDCWD, "/home/runner/work/deckrender-acceptance/deckrender-acceptance/benchmark/artifacts/acceptance/runtimes/v0.3.1/node_modules/axios/lib/package.json", O_RDONLY|O_CLOEXEC) = -1 ENOENT (No such file or directory)
10489 openat(AT_FDCWD, "/home/runner/work/deckrender-acceptance/deckrender-acceptance/benchmark/artifacts/acceptance/runtimes/v0.3.1/node_modules/axios/lib/package.json", O_RDONLY|O_CLOEXEC) = -1 ENOENT (No such file or directory)
10489 openat(AT_FDCWD, "/home/runner/work/deckrender-acceptance/deckrender-acceptance/benchmark/artifacts/acceptance/runtimes/v0.3.1/node_modules/axios/lib/platform/package.json", O_RDONLY|O_CLOEXEC) = -1 ENOENT (No such file or directory)
10489 openat(AT_FDCWD, "/home/runner/work/deckrender-acceptance/deckrender-acceptance/benchmark/artifacts/acceptance/runtimes/v0.3.1/node_modules/axios/lib/package.json", O_RDONLY|O_CLOEXEC) = -1 ENOENT (No such file or directory)
10489 openat(AT_FDCWD, "/home/runner/work/deckrender-acceptance/deckrender-acceptance/benchmark/artifacts/acceptance/runtimes/v0.3.1/node_modules/commander/lib/argument.js", O_RDONLY|O_CLOEXEC) = 21
10489 openat(AT_FDCWD, "/home/runner/work/deckrender-acceptance/deckrender-acceptance/benchmark/artifacts/acceptance/runtimes/v0.3.1/node_modules/commander/lib/error.js", O_RDONLY|O_CLOEXEC) = 21
10489 openat(AT_FDCWD, "/home/runner/work/deckrender-acceptance/deckrender-acceptance/benchmark/artifacts/acceptance/runtimes/v0.3.1/node_modules/commander/lib/command.js", O_RDONLY|O_CLOEXEC) = 21
10489 openat(AT_FDCWD, "/home/runner/work/deckrender-acceptance/deckrender-acceptance/benchmark/artifacts/acceptance/runtimes/v0.3.1/node_modules/commander/lib/help.js", O_RDONLY|O_CLOEXEC) = 21
10489 openat(AT_FDCWD, "/home/runner/work/deckrender-acceptance/deckrender-acceptance/benchmark/artifacts/acceptance/runtimes/v0.3.1/node_modules/commander/lib/option.js", O_RDONLY|O_CLOEXEC) = 21
10489 openat(AT_FDCWD, "/home/runner/work/deckrender-acceptance/deckrender-acceptance/benchmark/artifacts/acceptance/runtimes/v0.3.1/node_modules/commander/lib/suggestSimilar.js", O_RDONLY|O_CLOEXEC) = 21
10489 openat(AT_FDCWD, "/home/runner/work/deckrender-acceptance/deckrender-acceptance/benchmark/artifacts/acceptance/runtimes/v0.3.1/node_modules/combined-stream/package.json", O_RDONLY|O_CLOEXEC) = 21
10489 openat(AT_FDCWD, "/home/runner/work/deckrender-acceptance/deckrender-acceptance/benchmark/artifacts/acceptance/runtimes/v0.3.1/node_modules/combined-stream/lib/combined_stream.js", O_RDONLY|O_CLOEXEC) = 21
10489 openat(AT_FDCWD, "/home/runner/work/deckrender-acceptance/deckrender-acceptance/benchmark/artifacts/acceptance/runtimes/v0.3.1/node_modules/delayed-stream/package.json", O_RDONLY|O_CLOEXEC) = 21
10489 openat(AT_FDCWD, "/home/runner/work/deckrender-acceptance/deckrender-acceptance/benchmark/artifacts/acceptance/runtimes/v0.3.1/node_modules/delayed-stream/lib/delayed_stream.js", O_RDONLY|O_CLOEXEC) = 21
10489 openat(AT_FDCWD, "/home/runner/work/deckrender-acceptance/deckrender-acceptance/benchmark/artifacts/acceptance/runtimes/v0.3.1/node_modules/mime-types/package.json", O_RDONLY|O_CLOEXEC) = 21
10489 openat(AT_FDCWD, "/home/runner/work/deckrender-acceptance/deckrender-acceptance/benchmark/artifacts/acceptance/runtimes/v0.3.1/node_modules/mime-types/index.js", O_RDONLY|O_CLOEXEC) = 21
10489 openat(AT_FDCWD, "/home/runner/work/deckrender-acceptance/deckrender-acceptance/benchmark/artifacts/acceptance/runtimes/v0.3.1/node_modules/mime-db/package.json", O_RDONLY|O_CLOEXEC) = 21
10489 openat(AT_FDCWD, "/home/runner/work/deckrender-acceptance/deckrender-acceptance/benchmark/artifacts/acceptance/runtimes/v0.3.1/node_modules/mime-db/index.js", O_RDONLY|O_CLOEXEC) = 21
10489 openat(AT_FDCWD, "/home/runner/work/deckrender-acceptance/deckrender-acceptance/benchmark/artifacts/acceptance/runtimes/v0.3.1/node_modules/mime-db/db.json", O_RDONLY|O_CLOEXEC) = 21
10489 openat(AT_FDCWD, "/home/runner/work/deckrender-acceptance/deckrender-acceptance/benchmark/artifacts/acceptance/runtimes/v0.3.1/node_modules/asynckit/package.json", O_RDONLY|O_CLOEXEC) = 21
10489 openat(AT_FDCWD, "/home/runner/work/deckrender-acceptance/deckrender-acceptance/benchmark/artifacts/acceptance/runtimes/v0.3.1/node_modules/asynckit/index.js", O_RDONLY|O_CLOEXEC) = 21
10489 openat(AT_FDCWD, "/home/runner/work/deckrender-acceptance/deckrender-acceptance/benchmark/artifacts/acceptance/runtimes/v0.3.1/node_modules/asynckit/parallel.js", O_RDONLY|O_CLOEXEC) = 21
10489 openat(AT_FDCWD, "/home/runner/work/deckrender-acceptance/deckrender-acceptance/benchmark/artifacts/acceptance/runtimes/v0.3.1/node_modules/asynckit/lib/iterate.js", O_RDONLY|O_CLOEXEC) = 21
10489 openat(AT_FDCWD, "/home/runner/work/deckrender-acceptance/deckrender-acceptance/benchmark/artifacts/acceptance/runtimes/v0.3.1/node_modules/asynckit/lib/async.js", O_RDONLY|O_CLOEXEC) = 21
10489 openat(AT_FDCWD, "/home/runner/work/deckrender-acceptance/deckrender-acceptance/benchmark/artifacts/acceptance/runtimes/v0.3.1/node_modules/asynckit/lib/defer.js", O_RDONLY|O_CLOEXEC) = 21
10489 openat(AT_FDCWD, "/home/runner/work/deckrender-acceptance/deckrender-acceptance/benchmark/artifacts/acceptance/runtimes/v0.3.1/node_modules/asynckit/lib/abort.js", O_RDONLY|O_CLOEXEC) = 21
10489 openat(AT_FDCWD, "/home/runner/work/deckrender-acceptance/deckrender-acceptance/benchmark/artifacts/acceptance/runtimes/v0.3.1/node_modules/asynckit/lib/state.js", O_RDONLY|O_CLOEXEC) = 21
10489 openat(AT_FDCWD, "/home/runner/work/deckrender-acceptance/deckrender-acceptance/benchmark/artifacts/acceptance/runtimes/v0.3.1/node_modules/asynckit/lib/terminator.js", O_RDONLY|O_CLOEXEC) = 21
10489 openat(AT_FDCWD, "/home/runner/work/deckrender-acceptance/deckrender-acceptance/benchmark/artifacts/acceptance/runtimes/v0.3.1/node_modules/asynckit/serial.js", O_RDONLY|O_CLOEXEC) = 21
10489 openat(AT_FDCWD, "/home/runner/work/deckrender-acceptance/deckrender-acceptance/benchmark/artifacts/acceptance/runtimes/v0.3.1/node_modules/asynckit/serialOrdered.js", O_RDONLY|O_CLOEXEC) = 21
10489 openat(AT_FDCWD, "/home/runner/work/deckrender-acceptance/deckrender-acceptance/benchmark/artifacts/acceptance/runtimes/v0.3.1/node_modules/es-set-tostringtag/package.json", O_RDONLY|O_CLOEXEC) = 21
10489 openat(AT_FDCWD, "/home/runner/work/deckrender-acceptance/deckrender-acceptance/benchmark/artifacts/acceptance/runtimes/v0.3.1/node_modules/es-set-tostringtag/index.js", O_RDONLY|O_CLOEXEC) = 21
10489 openat(AT_FDCWD, "/home/runner/work/deckrender-acceptance/deckrender-acceptance/benchmark/artifacts/acceptance/runtimes/v0.3.1/node_modules/get-intrinsic/package.json", O_RDONLY|O_CLOEXEC) = 21
10489 openat(AT_FDCWD, "/home/runner/work/deckrender-acceptance/deckrender-acceptance/benchmark/artifacts/acceptance/runtimes/v0.3.1/node_modules/get-intrinsic/index.js", O_RDONLY|O_CLOEXEC) = 21
10489 openat(AT_FDCWD, "/home/runner/work/deckrender-acceptance/deckrender-acceptance/benchmark/artifacts/acceptance/runtimes/v0.3.1/node_modules/es-object-atoms/package.json", O_RDONLY|O_CLOEXEC) = 21
10489 openat(AT_FDCWD, "/home/runner/work/deckrender-acceptance/deckrender-acceptance/benchmark/artifacts/acceptance/runtimes/v0.3.1/node_modules/es-object-atoms/index.js", O_RDONLY|O_CLOEXEC) = 21
10489 openat(AT_FDCWD, "/home/runner/work/deckrender-acceptance/deckrender-acceptance/benchmark/artifacts/acceptance/runtimes/v0.3.1/node_modules/es-errors/package.json", O_RDONLY|O_CLOEXEC) = 21
10489 openat(AT_FDCWD, "/home/runner/work/deckrender-acceptance/deckrender-acceptance/benchmark/artifacts/acceptance/runtimes/v0.3.1/node_modules/es-errors/index.js", O_RDONLY|O_CLOEXEC) = 21
10489 openat(AT_FDCWD, "/home/runner/work/deckrender-acceptance/deckrender-acceptance/benchmark/artifacts/acceptance/runtimes/v0.3.1/node_modules/es-errors/eval.js", O_RDONLY|O_CLOEXEC) = 21
10489 openat(AT_FDCWD, "/home/runner/work/deckrender-acceptance/deckrender-acceptance/benchmark/artifacts/acceptance/runtimes/v0.3.1/node_modules/es-errors/range.js", O_RDONLY|O_CLOEXEC) = 21
10489 openat(AT_FDCWD, "/home/runner/work/deckrender-acceptance/deckrender-acceptance/benchmark/artifacts/acceptance/runtimes/v0.3.1/node_modules/es-errors/ref.js", O_RDONLY|O_CLOEXEC) = 21
10489 openat(AT_FDCWD, "/home/runner/work/deckrender-acceptance/deckrender-acceptance/benchmark/artifacts/acceptance/runtimes/v0.3.1/node_modules/es-errors/syntax.js", O_RDONLY|O_CLOEXEC) = 21
10489 openat(AT_FDCWD, "/home/runner/work/deckrender-acceptance/deckrender-acceptance/benchmark/artifacts/acceptance/runtimes/v0.3.1/node_modules/es-errors/type.js", O_RDONLY|O_CLOEXEC) = 21
10489 openat(AT_FDCWD, "/home/runner/work/deckrender-acceptance/deckrender-acceptance/benchmark/artifacts/acceptance/runtimes/v0.3.1/node_modules/es-errors/uri.js", O_RDONLY|O_CLOEXEC) = 21
10489 openat(AT_FDCWD, "/home/runner/work/deckrender-acceptance/deckrender-acceptance/benchmark/artifacts/acceptance/runtimes/v0.3.1/node_modules/math-intrinsics/package.json", O_RDONLY|O_CLOEXEC) = 21
10489 openat(AT_FDCWD, "/home/runner/work/deckrender-acceptance/deckrender-acceptance/benchmark/artifacts/acceptance/runtimes/v0.3.1/node_modules/math-intrinsics/abs.js", O_RDONLY|O_CLOEXEC) = 21
10489 openat(AT_FDCWD, "/home/runner/work/deckrender-acceptance/deckrender-acceptance/benchmark/artifacts/acceptance/runtimes/v0.3.1/node_modules/math-intrinsics/floor.js", O_RDONLY|O_CLOEXEC) = 21
10489 openat(AT_FDCWD, "/home/runner/work/deckrender-acceptance/deckrender-acceptance/benchmark/artifacts/acceptance/runtimes/v0.3.1/node_modules/math-intrinsics/max.js", O_RDONLY|O_CLOEXEC) = 21
10489 openat(AT_FDCWD, "/home/runner/work/deckrender-acceptance/deckrender-acceptance/benchmark/artifacts/acceptance/runtimes/v0.3.1/node_modules/math-intrinsics/min.js", O_RDONLY|O_CLOEXEC) = 21
10489 openat(AT_FDCWD, "/home/runner/work/deckrender-acceptance/deckrender-acceptance/benchmark/artifacts/acceptance/runtimes/v0.3.1/node_modules/math-intrinsics/pow.js", O_RDONLY|O_CLOEXEC) = 21
10489 openat(AT_FDCWD, "/home/runner/work/deckrender-acceptance/deckrender-acceptance/benchmark/artifacts/acceptance/runtimes/v0.3.1/node_modules/math-intrinsics/round.js", O_RDONLY|O_CLOEXEC) = 21
10489 openat(AT_FDCWD, "/home/runner/work/deckrender-acceptance/deckrender-acceptance/benchmark/artifacts/acceptance/runtimes/v0.3.1/node_modules/math-intrinsics/sign.js", O_RDONLY|O_CLOEXEC) = 21
10489 openat(AT_FDCWD, "/home/runner/work/deckrender-acceptance/deckrender-acceptance/benchmark/artifacts/acceptance/runtimes/v0.3.1/node_modules/math-intrinsics/isNaN.js", O_RDONLY|O_CLOEXEC) = 21
10489 openat(AT_FDCWD, "/home/runner/work/deckrender-acceptance/deckrender-acceptance/benchmark/artifacts/acceptance/runtimes/v0.3.1/node_modules/gopd/package.json", O_RDONLY|O_CLOEXEC) = 21
10489 openat(AT_FDCWD, "/home/runner/work/deckrender-acceptance/deckrender-acceptance/benchmark/artifacts/acceptance/runtimes/v0.3.1/node_modules/gopd/index.js", O_RDONLY|O_CLOEXEC) = 21
10489 openat(AT_FDCWD, "/home/runner/work/deckrender-acceptance/deckrender-acceptance/benchmark/artifacts/acceptance/runtimes/v0.3.1/node_modules/gopd/gOPD.js", O_RDONLY|O_CLOEXEC) = 21
10489 openat(AT_FDCWD, "/home/runner/work/deckrender-acceptance/deckrender-acceptance/benchmark/artifacts/acceptance/runtimes/v0.3.1/node_modules/es-define-property/package.json", O_RDONLY|O_CLOEXEC) = 21
10489 openat(AT_FDCWD, "/home/runner/work/deckrender-acceptance/deckrender-acceptance/benchmark/artifacts/acceptance/runtimes/v0.3.1/node_modules/es-define-property/index.js", O_RDONLY|O_CLOEXEC) = 21
10489 openat(AT_FDCWD, "/home/runner/work/deckrender-acceptance/deckrender-acceptance/benchmark/artifacts/acceptance/runtimes/v0.3.1/node_modules/has-symbols/package.json", O_RDONLY|O_CLOEXEC) = 21
10489 openat(AT_FDCWD, "/home/runner/work/deckrender-acceptance/deckrender-acceptance/benchmark/artifacts/acceptance/runtimes/v0.3.1/node_modules/has-symbols/index.js", O_RDONLY|O_CLOEXEC) = 21
10489 openat(AT_FDCWD, "/home/runner/work/deckrender-acceptance/deckrender-acceptance/benchmark/artifacts/acceptance/runtimes/v0.3.1/node_modules/has-symbols/shams.js", O_RDONLY|O_CLOEXEC) = 21
10489 openat(AT_FDCWD, "/home/runner/work/deckrender-acceptance/deckrender-acceptance/benchmark/artifacts/acceptance/runtimes/v0.3.1/node_modules/get-proto/package.json", O_RDONLY|O_CLOEXEC) = 21
10489 openat(AT_FDCWD, "/home/runner/work/deckrender-acceptance/deckrender-acceptance/benchmark/artifacts/acceptance/runtimes/v0.3.1/node_modules/get-proto/index.js", O_RDONLY|O_CLOEXEC) = 21
10489 openat(AT_FDCWD, "/home/runner/work/deckrender-acceptance/deckrender-acceptance/benchmark/artifacts/acceptance/runtimes/v0.3.1/node_modules/get-proto/Reflect.getPrototypeOf.js", O_RDONLY|O_CLOEXEC) = 21
10489 openat(AT_FDCWD, "/home/runner/work/deckrender-acceptance/deckrender-acceptance/benchmark/artifacts/acceptance/runtimes/v0.3.1/node_modules/get-proto/Object.getPrototypeOf.js", O_RDONLY|O_CLOEXEC) = 21
10489 openat(AT_FDCWD, "/home/runner/work/deckrender-acceptance/deckrender-acceptance/benchmark/artifacts/acceptance/runtimes/v0.3.1/node_modules/dunder-proto/package.json", O_RDONLY|O_CLOEXEC) = 21
10489 openat(AT_FDCWD, "/home/runner/work/deckrender-acceptance/deckrender-acceptance/benchmark/artifacts/acceptance/runtimes/v0.3.1/node_modules/dunder-proto/get.js", O_RDONLY|O_CLOEXEC) = 21
10489 openat(AT_FDCWD, "/home/runner/work/deckrender-acceptance/deckrender-acceptance/benchmark/artifacts/acceptance/runtimes/v0.3.1/node_modules/call-bind-apply-helpers/package.json", O_RDONLY|O_CLOEXEC) = 21
10489 openat(AT_FDCWD, "/home/runner/work/deckrender-acceptance/deckrender-acceptance/benchmark/artifacts/acceptance/runtimes/v0.3.1/node_modules/call-bind-apply-helpers/index.js", O_RDONLY|O_CLOEXEC) = 21
10489 openat(AT_FDCWD, "/home/runner/work/deckrender-acceptance/deckrender-acceptance/benchmark/artifacts/acceptance/runtimes/v0.3.1/node_modules/function-bind/package.json", O_RDONLY|O_CLOEXEC) = 21
10489 openat(AT_FDCWD, "/home/runner/work/deckrender-acceptance/deckrender-acceptance/benchmark/artifacts/acceptance/runtimes/v0.3.1/node_modules/function-bind/index.js", O_RDONLY|O_CLOEXEC) = 21
10489 openat(AT_FDCWD, "/home/runner/work/deckrender-acceptance/deckrender-acceptance/benchmark/artifacts/acceptance/runtimes/v0.3.1/node_modules/function-bind/implementation.js", O_RDONLY|O_CLOEXEC) = 21
10489 openat(AT_FDCWD, "/home/runner/work/deckrender-acceptance/deckrender-acceptance/benchmark/artifacts/acceptance/runtimes/v0.3.1/node_modules/call-bind-apply-helpers/functionCall.js", O_RDONLY|O_CLOEXEC) = 21
10489 openat(AT_FDCWD, "/home/runner/work/deckrender-acceptance/deckrender-acceptance/benchmark/artifacts/acceptance/runtimes/v0.3.1/node_modules/call-bind-apply-helpers/actualApply.js", O_RDONLY|O_CLOEXEC) = 21
10489 openat(AT_FDCWD, "/home/runner/work/deckrender-acceptance/deckrender-acceptance/benchmark/artifacts/acceptance/runtimes/v0.3.1/node_modules/call-bind-apply-helpers/functionApply.js", O_RDONLY|O_CLOEXEC) = 21
10489 openat(AT_FDCWD, "/home/runner/work/deckrender-acceptance/deckrender-acceptance/benchmark/artifacts/acceptance/runtimes/v0.3.1/node_modules/call-bind-apply-helpers/reflectApply.js", O_RDONLY|O_CLOEXEC) = 21
10489 openat(AT_FDCWD, "/home/runner/work/deckrender-acceptance/deckrender-acceptance/benchmark/artifacts/acceptance/runtimes/v0.3.1/node_modules/hasown/package.json", O_RDONLY|O_CLOEXEC) = 21
10489 openat(AT_FDCWD, "/home/runner/work/deckrender-acceptance/deckrender-acceptance/benchmark/artifacts/acceptance/runtimes/v0.3.1/node_modules/hasown/index.js", O_RDONLY|O_CLOEXEC) = 21
10489 openat(AT_FDCWD, "/home/runner/work/deckrender-acceptance/deckrender-acceptance/benchmark/artifacts/acceptance/runtimes/v0.3.1/node_modules/has-tostringtag/package.json", O_RDONLY|O_CLOEXEC) = 21
10489 openat(AT_FDCWD, "/home/runner/work/deckrender-acceptance/deckrender-acceptance/benchmark/artifacts/acceptance/runtimes/v0.3.1/node_modules/has-tostringtag/shams.js", O_RDONLY|O_CLOEXEC) = 21
10489 openat(AT_FDCWD, "/home/runner/work/deckrender-acceptance/deckrender-acceptance/benchmark/artifacts/acceptance/runtimes/v0.3.1/node_modules/form-data/lib/populate.js", O_RDONLY|O_CLOEXEC) = 21
10489 openat(AT_FDCWD, "/home/runner/work/deckrender-acceptance/deckrender-acceptance/benchmark/artifacts/acceptance/runtimes/v0.3.1/node_modules/https-proxy-agent/dist/agent.js", O_RDONLY|O_CLOEXEC) = 21
10489 openat(AT_FDCWD, "/home/runner/work/deckrender-acceptance/deckrender-acceptance/benchmark/artifacts/acceptance/runtimes/v0.3.1/node_modules/debug/package.json", O_RDONLY|O_CLOEXEC) = 21
10489 openat(AT_FDCWD, "/home/runner/work/deckrender-acceptance/deckrender-acceptance/benchmark/artifacts/acceptance/runtimes/v0.3.1/node_modules/debug/src/index.js", O_RDONLY|O_CLOEXEC) = 21
10489 openat(AT_FDCWD, "/home/runner/work/deckrender-acceptance/deckrender-acceptance/benchmark/artifacts/acceptance/runtimes/v0.3.1/node_modules/debug/src/node.js", O_RDONLY|O_CLOEXEC) = 21
10489 openat(AT_FDCWD, "/home/runner/work/deckrender-acceptance/deckrender-acceptance/benchmark/artifacts/acceptance/runtimes/v0.3.1/node_modules/supports-color/package.json", O_RDONLY|O_CLOEXEC) = -1 ENOENT (No such file or directory)
10489 openat(AT_FDCWD, "/home/runner/work/deckrender-acceptance/deckrender-acceptance/benchmark/artifacts/acceptance/runtimes/v0.3.1/node_modules/debug/src/common.js", O_RDONLY|O_CLOEXEC) = 21
10489 openat(AT_FDCWD, "/home/runner/work/deckrender-acceptance/deckrender-acceptance/benchmark/artifacts/acceptance/runtimes/v0.3.1/node_modules/ms/package.json", O_RDONLY|O_CLOEXEC) = 21
10489 openat(AT_FDCWD, "/home/runner/work/deckrender-acceptance/deckrender-acceptance/benchmark/artifacts/acceptance/runtimes/v0.3.1/node_modules/ms/index.js", O_RDONLY|O_CLOEXEC) = 21
10489 openat(AT_FDCWD, "/home/runner/work/deckrender-acceptance/deckrender-acceptance/benchmark/artifacts/acceptance/runtimes/v0.3.1/node_modules/agent-base/package.json", O_RDONLY|O_CLOEXEC) = 21
10489 openat(AT_FDCWD, "/home/runner/work/deckrender-acceptance/deckrender-acceptance/benchmark/artifacts/acceptance/runtimes/v0.3.1/node_modules/agent-base/dist/src/index.js", O_RDONLY|O_CLOEXEC) = 21
10489 openat(AT_FDCWD, "/home/runner/work/deckrender-acceptance/deckrender-acceptance/benchmark/artifacts/acceptance/runtimes/v0.3.1/node_modules/agent-base/dist/src/promisify.js", O_RDONLY|O_CLOEXEC) = 21
10489 openat(AT_FDCWD, "/home/runner/work/deckrender-acceptance/deckrender-acceptance/benchmark/artifacts/acceptance/runtimes/v0.3.1/node_modules/https-proxy-agent/dist/parse-proxy-response.js", O_RDONLY|O_CLOEXEC) = 21
10489 openat(AT_FDCWD, "/home/runner/work/deckrender-acceptance/deckrender-acceptance/benchmark/artifacts/acceptance/runtimes/v0.3.1/node_modules/follow-redirects/debug.js", O_RDONLY|O_CLOEXEC) = 21
10489 openat(AT_FDCWD, "/home/runner/work/deckrender-acceptance/deckrender-acceptance/benchmark/artifacts/acceptance/runtimes/v0.3.1/node_modules/mimic-fn/package.json", O_RDONLY|O_CLOEXEC) = 21
10489 openat(AT_FDCWD, "/home/runner/work/deckrender-acceptance/deckrender-acceptance/benchmark/artifacts/acceptance/runtimes/v0.3.1/node_modules/mimic-fn/index.js", O_RDONLY|O_CLOEXEC) = 21
10489 openat(AT_FDCWD, "/home/runner/work/deckrender-acceptance/deckrender-acceptance/benchmark/artifacts/acceptance/runtimes/v0.3.1/node_modules/signal-exit/signals.js", O_RDONLY|O_CLOEXEC) = 21
10489 openat(AT_FDCWD, "/home/runner/work/deckrender-acceptance/deckrender-acceptance/benchmark/artifacts/acceptance/runtimes/v0.3.1/node_modules/cli-spinners/spinners.json", O_RDONLY|O_CLOEXEC) = 21
10489 openat(AT_FDCWD, "/home/runner/work/deckrender-acceptance/deckrender-acceptance/benchmark/artifacts/acceptance/runtimes/v0.3.1/node_modules/readable-stream/package.json", O_RDONLY|O_CLOEXEC) = 21
10489 openat(AT_FDCWD, "/home/runner/work/deckrender-acceptance/deckrender-acceptance/benchmark/artifacts/acceptance/runtimes/v0.3.1/node_modules/readable-stream/readable.js", O_RDONLY|O_CLOEXEC) = 21
10489 openat(AT_FDCWD, "/home/runner/work/deckrender-acceptance/deckrender-acceptance/benchmark/artifacts/acceptance/runtimes/v0.3.1/node_modules/readable-stream/lib/_stream_readable.js", O_RDONLY|O_CLOEXEC) = 21
10489 openat(AT_FDCWD, "/home/runner/work/deckrender-acceptance/deckrender-acceptance/benchmark/artifacts/acceptance/runtimes/v0.3.1/node_modules/readable-stream/lib/internal/streams/stream.js", O_RDONLY|O_CLOEXEC) = 21
10489 openat(AT_FDCWD, "/home/runner/work/deckrender-acceptance/deckrender-acceptance/benchmark/artifacts/acceptance/runtimes/v0.3.1/node_modules/readable-stream/lib/internal/streams/buffer_list.js", O_RDONLY|O_CLOEXEC) = 21
10489 openat(AT_FDCWD, "/home/runner/work/deckrender-acceptance/deckrender-acceptance/benchmark/artifacts/acceptance/runtimes/v0.3.1/node_modules/readable-stream/lib/internal/streams/destroy.js", O_RDONLY|O_CLOEXEC) = 21
10489 openat(AT_FDCWD, "/home/runner/work/deckrender-acceptance/deckrender-acceptance/benchmark/artifacts/acceptance/runtimes/v0.3.1/node_modules/readable-stream/lib/internal/streams/state.js", O_RDONLY|O_CLOEXEC) = 21
10489 openat(AT_FDCWD, "/home/runner/work/deckrender-acceptance/deckrender-acceptance/benchmark/artifacts/acceptance/runtimes/v0.3.1/node_modules/readable-stream/errors.js", O_RDONLY|O_CLOEXEC) = 21
10489 openat(AT_FDCWD, "/home/runner/work/deckrender-acceptance/deckrender-acceptance/benchmark/artifacts/acceptance/runtimes/v0.3.1/node_modules/inherits/package.json", O_RDONLY|O_CLOEXEC) = 21
10489 openat(AT_FDCWD, "/home/runner/work/deckrender-acceptance/deckrender-acceptance/benchmark/artifacts/acceptance/runtimes/v0.3.1/node_modules/inherits/inherits.js", O_RDONLY|O_CLOEXEC) = 21
10489 openat(AT_FDCWD, "/home/runner/work/deckrender-acceptance/deckrender-acceptance/benchmark/artifacts/acceptance/runtimes/v0.3.1/node_modules/readable-stream/lib/_stream_writable.js", O_RDONLY|O_CLOEXEC) = 21
10489 openat(AT_FDCWD, "/home/runner/work/deckrender-acceptance/deckrender-acceptance/benchmark/artifacts/acceptance/runtimes/v0.3.1/node_modules/util-deprecate/package.json", O_RDONLY|O_CLOEXEC) = 21
10489 openat(AT_FDCWD, "/home/runner/work/deckrender-acceptance/deckrender-acceptance/benchmark/artifacts/acceptance/runtimes/v0.3.1/node_modules/util-deprecate/node.js", O_RDONLY|O_CLOEXEC) = 21
10489 openat(AT_FDCWD, "/home/runner/work/deckrender-acceptance/deckrender-acceptance/benchmark/artifacts/acceptance/runtimes/v0.3.1/node_modules/readable-stream/lib/_stream_duplex.js", O_RDONLY|O_CLOEXEC) = 21
10489 openat(AT_FDCWD, "/home/runner/work/deckrender-acceptance/deckrender-acceptance/benchmark/artifacts/acceptance/runtimes/v0.3.1/node_modules/readable-stream/lib/_stream_transform.js", O_RDONLY|O_CLOEXEC) = 21
10489 openat(AT_FDCWD, "/home/runner/work/deckrender-acceptance/deckrender-acceptance/benchmark/artifacts/acceptance/runtimes/v0.3.1/node_modules/readable-stream/lib/_stream_passthrough.js", O_RDONLY|O_CLOEXEC) = 21
10489 openat(AT_FDCWD, "/home/runner/work/deckrender-acceptance/deckrender-acceptance/benchmark/artifacts/acceptance/runtimes/v0.3.1/node_modules/readable-stream/lib/internal/streams/end-of-stream.js", O_RDONLY|O_CLOEXEC) = 21
10489 openat(AT_FDCWD, "/home/runner/work/deckrender-acceptance/deckrender-acceptance/benchmark/artifacts/acceptance/runtimes/v0.3.1/node_modules/readable-stream/lib/internal/streams/pipeline.js", O_RDONLY|O_CLOEXEC) = 21
10489 openat(AT_FDCWD, "/home/runner/work/deckrender-acceptance/deckrender-acceptance/benchmark/artifacts/acceptance/runtimes/v0.3.1/node_modules/bl/BufferList.js", O_RDONLY|O_CLOEXEC) = 21
10497 openat(AT_FDCWD, "/home/runner/work/deckrender-acceptance/deckrender-acceptance/benchmark/artifacts/acceptance/private/sandboxes/f2d0ead1671bca07b7bae471906b296bf75cb7245dc7dbbdf3a71dfa1ed41aff/.deckrender/config.json", O_RDONLY|O_CLOEXEC) = -1 ENOENT (No such file or directory)
10489 openat(AT_FDCWD, "/home/runner/work/deckrender-acceptance/deckrender-acceptance/benchmark/artifacts/acceptance/runtimes/v0.3.1/node_modules/@deckflow/office2html/package.json", O_RDONLY|O_CLOEXEC) = 21
10489 openat(AT_FDCWD, "/home/runner/work/deckrender-acceptance/deckrender-acceptance/benchmark/artifacts/acceptance/runtimes/v0.3.1/node_modules/@deckflow/office2html/index.js", O_RDONLY|O_CLOEXEC) = 21
10489 openat(AT_FDCWD, "/home/runner/work/deckrender-acceptance/deckrender-acceptance/benchmark/artifacts/acceptance/runtimes/v0.3.1/node_modules/@deckflow/office2html-linux-x64/package.json", O_RDONLY|O_CLOEXEC) = 21
10489 openat(AT_FDCWD, "/home/runner/work/deckrender-acceptance/deckrender-acceptance/benchmark/artifacts/acceptance/runtimes/v0.3.1/node_modules/@deckflow/office2html-linux-x64/index.js", O_RDONLY|O_CLOEXEC) = 21
10489 openat(AT_FDCWD, "/etc/localtime", O_RDONLY|O_CLOEXEC) = 21
10489 openat(AT_FDCWD, "/home/runner/work/deckrender-acceptance/deckrender-acceptance/benchmark/artifacts/acceptance/runs/34426566778-local/evidence/REN-R07-render-ebb334505cb3/credentials.jsonl", O_WRONLY|O_CREAT|O_APPEND|O_CLOEXEC, 0666) = 21
10489 openat(AT_FDCWD, "/home/runner/work/deckrender-acceptance/deckrender-acceptance/benchmark/artifacts/acceptance/runs/34426566778-local/evidence/REN-R07-render-ebb334505cb3/credentials.jsonl", O_WRONLY|O_CREAT|O_APPEND|O_CLOEXEC, 0666) = 21
10489 openat(AT_FDCWD, "/home/runner/work/deckrender-acceptance/deckrender-acceptance/benchmark/artifacts/acceptance/runs/34426566778-local/evidence/REN-R07-render-ebb334505cb3/credentials.jsonl", O_WRONLY|O_CREAT|O_APPEND|O_CLOEXEC, 0666) = 21
10489 openat(AT_FDCWD, "/home/runner/work/deckrender-acceptance/deckrender-acceptance/benchmark/artifacts/acceptance/runs/34426566778-local/evidence/REN-R07-render-ebb334505cb3/credentials.jsonl", O_WRONLY|O_CREAT|O_APPEND|O_CLOEXEC, 0666) = 21
10489 openat(AT_FDCWD, "/home/runner/work/deckrender-acceptance/deckrender-acceptance/benchmark/artifacts/acceptance/runs/34426566778-local/evidence/REN-R07-render-ebb334505cb3/credentials.jsonl", O_WRONLY|O_CREAT|O_APPEND|O_CLOEXEC, 0666) = 21
10489 socketpair(AF_UNIX, SOCK_STREAM|SOCK_CLOEXEC, 0, [21, 22]) = 0
10489 setsockopt(21, SOL_SOCKET, SO_RCVBUF, [65536], 4) = 0
10489 setsockopt(21, SOL_SOCKET, SO_SNDBUF, [65536], 4) = 0
10489 setsockopt(22, SOL_SOCKET, SO_RCVBUF, [65536], 4) = 0
10489 setsockopt(22, SOL_SOCKET, SO_SNDBUF, [65536], 4) = 0
10489 socketpair(AF_UNIX, SOCK_STREAM|SOCK_CLOEXEC, 0, [23, 24]) = 0
10489 setsockopt(23, SOL_SOCKET, SO_RCVBUF, [65536], 4) = 0
10489 setsockopt(23, SOL_SOCKET, SO_SNDBUF, [65536], 4) = 0
10489 setsockopt(24, SOL_SOCKET, SO_RCVBUF, [65536], 4) = 0
10489 setsockopt(24, SOL_SOCKET, SO_SNDBUF, [65536], 4) = 0
10489 socketpair(AF_UNIX, SOCK_STREAM|SOCK_CLOEXEC, 0, [25, 26]) = 0
10489 setsockopt(25, SOL_SOCKET, SO_RCVBUF, [65536], 4) = 0
10489 setsockopt(25, SOL_SOCKET, SO_SNDBUF, [65536], 4) = 0
10489 setsockopt(26, SOL_SOCKET, SO_RCVBUF, [65536], 4) = 0
10489 setsockopt(26, SOL_SOCKET, SO_SNDBUF, [65536], 4) = 0
10501 openat(AT_FDCWD, "/home/runner/work/deckrender-acceptance/deckrender-acceptance/benchmark/artifacts/acceptance/runtimes/v0.3.1/node_modules/@deckflow/office2html-linux-x64/netcoredeps/glibc-hwcaps/x86-64-v4/libpthread.so.0", O_RDONLY|O_CLOEXEC) = -1 ENOENT (No such file or directory)
10501 openat(AT_FDCWD, "/home/runner/work/deckrender-acceptance/deckrender-acceptance/benchmark/artifacts/acceptance/runtimes/v0.3.1/node_modules/@deckflow/office2html-linux-x64/netcoredeps/glibc-hwcaps/x86-64-v3/libpthread.so.0", O_RDONLY|O_CLOEXEC) = -1 ENOENT (No such file or directory)
10501 openat(AT_FDCWD, "/home/runner/work/deckrender-acceptance/deckrender-acceptance/benchmark/artifacts/acceptance/runtimes/v0.3.1/node_modules/@deckflow/office2html-linux-x64/netcoredeps/glibc-hwcaps/x86-64-v2/libpthread.so.0", O_RDONLY|O_CLOEXEC) = -1 ENOENT (No such file or directory)
10501 openat(AT_FDCWD, "/home/runner/work/deckrender-acceptance/deckrender-acceptance/benchmark/artifacts/acceptance/runtimes/v0.3.1/node_modules/@deckflow/office2html-linux-x64/netcoredeps/libpthread.so.0", O_RDONLY|O_CLOEXEC) = -1 ENOENT (No such file or directory)
10501 openat(AT_FDCWD, "/opt/hostedtoolcache/Python/3.12.14/x64/lib/glibc-hwcaps/x86-64-v4/libpthread.so.0", O_RDONLY|O_CLOEXEC) = -1 ENOENT (No such file or directory)
10501 openat(AT_FDCWD, "/opt/hostedtoolcache/Python/3.12.14/x64/lib/glibc-hwcaps/x86-64-v3/libpthread.so.0", O_RDONLY|O_CLOEXEC) = -1 ENOENT (No such file or directory)
10501 openat(AT_FDCWD, "/opt/hostedtoolcache/Python/3.12.14/x64/lib/glibc-hwcaps/x86-64-v2/libpthread.so.0", O_RDONLY|O_CLOEXEC) = -1 ENOENT (No such file or directory)
10501 openat(AT_FDCWD, "/opt/hostedtoolcache/Python/3.12.14/x64/lib/libpthread.so.0", O_RDONLY|O_CLOEXEC) = -1 ENOENT (No such file or directory)
10501 openat(AT_FDCWD, "/etc/ld.so.cache", O_RDONLY|O_CLOEXEC) = 3
10501 openat(AT_FDCWD, "/lib/x86_64-linux-gnu/libpthread.so.0", O_RDONLY|O_CLOEXEC) = 3
10501 openat(AT_FDCWD, "/opt/hostedtoolcache/Python/3.12.14/x64/lib/libdl.so.2", O_RDONLY|O_CLOEXEC) = -1 ENOENT (No such file or directory)
10501 openat(AT_FDCWD, "/lib/x86_64-linux-gnu/libdl.so.2", O_RDONLY|O_CLOEXEC) = 3
10501 openat(AT_FDCWD, "/opt/hostedtoolcache/Python/3.12.14/x64/lib/libz.so.1", O_RDONLY|O_CLOEXEC) = -1 ENOENT (No such file or directory)
10501 openat(AT_FDCWD, "/lib/x86_64-linux-gnu/libz.so.1", O_RDONLY|O_CLOEXEC) = 3
10501 openat(AT_FDCWD, "/opt/hostedtoolcache/Python/3.12.14/x64/lib/librt.so.1", O_RDONLY|O_CLOEXEC) = -1 ENOENT (No such file or directory)
10501 openat(AT_FDCWD, "/lib/x86_64-linux-gnu/librt.so.1", O_RDONLY|O_CLOEXEC) = 3
10501 openat(AT_FDCWD, "/opt/hostedtoolcache/Python/3.12.14/x64/lib/libgcc_s.so.1", O_RDONLY|O_CLOEXEC) = -1 ENOENT (No such file or directory)
10501 openat(AT_FDCWD, "/lib/x86_64-linux-gnu/libgcc_s.so.1", O_RDONLY|O_CLOEXEC) = 3
10501 openat(AT_FDCWD, "/opt/hostedtoolcache/Python/3.12.14/x64/lib/libstdc++.so.6", O_RDONLY|O_CLOEXEC) = -1 ENOENT (No such file or directory)
10501 openat(AT_FDCWD, "/lib/x86_64-linux-gnu/libstdc++.so.6", O_RDONLY|O_CLOEXEC) = 3
10501 openat(AT_FDCWD, "/opt/hostedtoolcache/Python/3.12.14/x64/lib/libm.so.6", O_RDONLY|O_CLOEXEC) = -1 ENOENT (No such file or directory)
10501 openat(AT_FDCWD, "/lib/x86_64-linux-gnu/libm.so.6", O_RDONLY|O_CLOEXEC) = 3
10501 openat(AT_FDCWD, "/opt/hostedtoolcache/Python/3.12.14/x64/lib/libc.so.6", O_RDONLY|O_CLOEXEC) = -1 ENOENT (No such file or directory)
10501 openat(AT_FDCWD, "/lib/x86_64-linux-gnu/libc.so.6", O_RDONLY|O_CLOEXEC) = 3
10501 openat(AT_FDCWD, "/opt/hostedtoolcache/Python/3.12.14/x64/lib/liblttng-ust-tracepoint.so.0", O_RDONLY|O_CLOEXEC) = -1 ENOENT (No such file or directory)
10501 openat(AT_FDCWD, "/etc/ld.so.cache", O_RDONLY|O_CLOEXEC) = 3
10501 openat(AT_FDCWD, "/lib/x86_64-linux-gnu/glibc-hwcaps/x86-64-v4/liblttng-ust-tracepoint.so.0", O_RDONLY|O_CLOEXEC) = -1 ENOENT (No such file or directory)
10501 openat(AT_FDCWD, "/lib/x86_64-linux-gnu/glibc-hwcaps/x86-64-v3/liblttng-ust-tracepoint.so.0", O_RDONLY|O_CLOEXEC) = -1 ENOENT (No such file or directory)
10501 openat(AT_FDCWD, "/lib/x86_64-linux-gnu/glibc-hwcaps/x86-64-v2/liblttng-ust-tracepoint.so.0", O_RDONLY|O_CLOEXEC) = -1 ENOENT (No such file or directory)
10501 openat(AT_FDCWD, "/lib/x86_64-linux-gnu/liblttng-ust-tracepoint.so.0", O_RDONLY|O_CLOEXEC) = -1 ENOENT (No such file or directory)
10501 openat(AT_FDCWD, "/usr/lib/x86_64-linux-gnu/glibc-hwcaps/x86-64-v4/liblttng-ust-tracepoint.so.0", O_RDONLY|O_CLOEXEC) = -1 ENOENT (No such file or directory)
10501 openat(AT_FDCWD, "/usr/lib/x86_64-linux-gnu/glibc-hwcaps/x86-64-v3/liblttng-ust-tracepoint.so.0", O_RDONLY|O_CLOEXEC) = -1 ENOENT (No such file or directory)
10501 openat(AT_FDCWD, "/usr/lib/x86_64-linux-gnu/glibc-hwcaps/x86-64-v2/liblttng-ust-tracepoint.so.0", O_RDONLY|O_CLOEXEC) = -1 ENOENT (No such file or directory)
10501 openat(AT_FDCWD, "/usr/lib/x86_64-linux-gnu/liblttng-ust-tracepoint.so.0", O_RDONLY|O_CLOEXEC) = -1 ENOENT (No such file or directory)
10501 openat(AT_FDCWD, "/lib/glibc-hwcaps/x86-64-v4/liblttng-ust-tracepoint.so.0", O_RDONLY|O_CLOEXEC) = -1 ENOENT (No such file or directory)
10501 openat(AT_FDCWD, "/lib/glibc-hwcaps/x86-64-v3/liblttng-ust-tracepoint.so.0", O_RDONLY|O_CLOEXEC) = -1 ENOENT (No such file or directory)
10501 openat(AT_FDCWD, "/lib/glibc-hwcaps/x86-64-v2/liblttng-ust-tracepoint.so.0", O_RDONLY|O_CLOEXEC) = -1 ENOENT (No such file or directory)
10501 openat(AT_FDCWD, "/lib/liblttng-ust-tracepoint.so.0", O_RDONLY|O_CLOEXEC) = -1 ENOENT (No such file or directory)
10501 openat(AT_FDCWD, "/usr/lib/glibc-hwcaps/x86-64-v4/liblttng-ust-tracepoint.so.0", O_RDONLY|O_CLOEXEC) = -1 ENOENT (No such file or directory)
10501 openat(AT_FDCWD, "/usr/lib/glibc-hwcaps/x86-64-v3/liblttng-ust-tracepoint.so.0", O_RDONLY|O_CLOEXEC) = -1 ENOENT (No such file or directory)
10501 openat(AT_FDCWD, "/usr/lib/glibc-hwcaps/x86-64-v2/liblttng-ust-tracepoint.so.0", O_RDONLY|O_CLOEXEC) = -1 ENOENT (No such file or directory)
10501 openat(AT_FDCWD, "/usr/lib/liblttng-ust-tracepoint.so.0", O_RDONLY|O_CLOEXEC) = -1 ENOENT (No such file or directory)
10501 openat(AT_FDCWD, "/opt/hostedtoolcache/Python/3.12.14/x64/lib/liblttng-ust-tracepoint.so.0", O_RDONLY|O_CLOEXEC) = -1 ENOENT (No such file or directory)
10501 openat(AT_FDCWD, "/etc/ld.so.cache", O_RDONLY|O_CLOEXEC) = 3
10501 openat(AT_FDCWD, "/lib/x86_64-linux-gnu/liblttng-ust-tracepoint.so.0", O_RDONLY|O_CLOEXEC) = -1 ENOENT (No such file or directory)
10501 openat(AT_FDCWD, "/usr/lib/x86_64-linux-gnu/liblttng-ust-tracepoint.so.0", O_RDONLY|O_CLOEXEC) = -1 ENOENT (No such file or directory)
10501 openat(AT_FDCWD, "/lib/liblttng-ust-tracepoint.so.0", O_RDONLY|O_CLOEXEC) = -1 ENOENT (No such file or directory)
10501 openat(AT_FDCWD, "/usr/lib/liblttng-ust-tracepoint.so.0", O_RDONLY|O_CLOEXEC) = -1 ENOENT (No such file or directory)
10501 openat(AT_FDCWD, "/home/runner/work/deckrender-acceptance/deckrender-acceptance/benchmark/artifacts/acceptance/runtimes/v0.3.1/node_modules/@deckflow/office2html-linux-x64/office2html", O_RDONLY) = 3
10501 openat(AT_FDCWD, "/home/runner/work/deckrender-acceptance/deckrender-acceptance/benchmark/artifacts/acceptance/runtimes/v0.3.1/node_modules/@deckflow/office2html-linux-x64/office2html", O_RDONLY) = 3
10501 openat(AT_FDCWD, "/home/runner/work/deckrender-acceptance/deckrender-acceptance/benchmark/artifacts/acceptance/runtimes/v0.3.1/node_modules/@deckflow/office2html-linux-x64/office2html", O_RDONLY) = 3
10501 openat(AT_FDCWD, "/home/runner/work/deckrender-acceptance/deckrender-acceptance/benchmark/artifacts/acceptance/private/sandboxes/f2d0ead1671bca07b7bae471906b296bf75cb7245dc7dbbdf3a71dfa1ed41aff/.net/office2html/2905/Office2Html.Cli.runtimeconfig.json", O_WRONLY|O_CREAT|O_TRUNC, 0666) = 3
10501 openat(AT_FDCWD, "/home/runner/work/deckrender-acceptance/deckrender-acceptance/benchmark/artifacts/acceptance/private/sandboxes/f2d0ead1671bca07b7bae471906b296bf75cb7245dc7dbbdf3a71dfa1ed41aff/.net/office2html/2905/DocumentFormat.OpenXml.dll", O_WRONLY|O_CREAT|O_TRUNC, 0666) = 3
10501 openat(AT_FDCWD, "/home/runner/work/deckrender-acceptance/deckrender-acceptance/benchmark/artifacts/acceptance/private/sandboxes/f2d0ead1671bca07b7bae471906b296bf75cb7245dc7dbbdf3a71dfa1ed41aff/.net/office2html/2905/DocumentFormat.OpenXml.Framework.dll", O_WRONLY|O_CREAT|O_TRUNC, 0666) = 3
10501 openat(AT_FDCWD, "/home/runner/work/deckrender-acceptance/deckrender-acceptance/benchmark/artifacts/acceptance/private/sandboxes/f2d0ead1671bca07b7bae471906b296bf75cb7245dc7dbbdf3a71dfa1ed41aff/.net/office2html/2905/SixLabors.ImageSharp.dll", O_WRONLY|O_CREAT|O_TRUNC, 0666) = 3
10501 openat(AT_FDCWD, "/home/runner/work/deckrender-acceptance/deckrender-acceptance/benchmark/artifacts/acceptance/private/sandboxes/f2d0ead1671bca07b7bae471906b296bf75cb7245dc7dbbdf3a71dfa1ed41aff/.net/office2html/2905/System.IO.Packaging.dll", O_WRONLY|O_CREAT|O_TRUNC, 0666) = 3
10501 openat(AT_FDCWD, "/home/runner/work/deckrender-acceptance/deckrender-acceptance/benchmark/artifacts/acceptance/private/sandboxes/f2d0ead1671bca07b7bae471906b296bf75cb7245dc7dbbdf3a71dfa1ed41aff/.net/office2html/2905/Office2Html.dll", O_WRONLY|O_CREAT|O_TRUNC, 0666) = 3
10501 openat(AT_FDCWD, "/home/runner/work/deckrender-acceptance/deckrender-acceptance/benchmark/artifacts/acceptance/private/sandboxes/f2d0ead1671bca07b7bae471906b296bf75cb7245dc7dbbdf3a71dfa1ed41aff/.net/office2html/2905/Office2Html.Cli.dll", O_WRONLY|O_CREAT|O_TRUNC, 0666) = 3
10501 openat(AT_FDCWD, "/home/runner/work/deckrender-acceptance/deckrender-acceptance/benchmark/artifacts/acceptance/private/sandboxes/f2d0ead1671bca07b7bae471906b296bf75cb7245dc7dbbdf3a71dfa1ed41aff/.net/office2html/2905/Microsoft.Win32.Primitives.dll", O_WRONLY|O_CREAT|O_TRUNC, 0666) = 3
10501 openat(AT_FDCWD, "/home/runner/work/deckrender-acceptance/deckrender-acceptance/benchmark/artifacts/acceptance/private/sandboxes/f2d0ead1671bca07b7bae471906b296bf75cb7245dc7dbbdf3a71dfa1ed41aff/.net/office2html/2905/System.Collections.Concurrent.dll", O_WRONLY|O_CREAT|O_TRUNC, 0666) = 3
10501 openat(AT_FDCWD, "/home/runner/work/deckrender-acceptance/deckrender-acceptance/benchmark/artifacts/acceptance/private/sandboxes/f2d0ead1671bca07b7bae471906b296bf75cb7245dc7dbbdf3a71dfa1ed41aff/.net/office2html/2905/System.Collections.Immutable.dll", O_WRONLY|O_CREAT|O_TRUNC, 0666) = 3
10501 openat(AT_FDCWD, "/home/runner/work/deckrender-acceptance/deckrender-acceptance/benchmark/artifacts/acceptance/private/sandboxes/f2d0ead1671bca07b7bae471906b296bf75cb7245dc7dbbdf3a71dfa1ed41aff/.net/office2html/2905/System.Collections.NonGeneric.dll", O_WRONLY|O_CREAT|O_TRUNC, 0666) = 3
10501 openat(AT_FDCWD, "/home/runner/work/deckrender-acceptance/deckrender-acceptance/benchmark/artifacts/acceptance/private/sandboxes/f2d0ead1671bca07b7bae471906b296bf75cb7245dc7dbbdf3a71dfa1ed41aff/.net/office2html/2905/System.Collections.dll", O_WRONLY|O_CREAT|O_TRUNC, 0666) = 3
10501 openat(AT_FDCWD, "/home/runner/work/deckrender-acceptance/deckrender-acceptance/benchmark/artifacts/acceptance/private/sandboxes/f2d0ead1671bca07b7bae471906b296bf75cb7245dc7dbbdf3a71dfa1ed41aff/.net/office2html/2905/System.ComponentModel.TypeConverter.dll", O_WRONLY|O_CREAT|O_TRUNC, 0666) = 3
10501 openat(AT_FDCWD, "/home/runner/work/deckrender-acceptance/deckrender-acceptance/benchmark/artifacts/acceptance/private/sandboxes/f2d0ead1671bca07b7bae471906b296bf75cb7245dc7dbbdf3a71dfa1ed41aff/.net/office2html/2905/System.Console.dll", O_WRONLY|O_CREAT|O_TRUNC, 0666) = 3
10501 openat(AT_FDCWD, "/home/runner/work/deckrender-acceptance/deckrender-acceptance/benchmark/artifacts/acceptance/private/sandboxes/f2d0ead1671bca07b7bae471906b296bf75cb7245dc7dbbdf3a71dfa1ed41aff/.net/office2html/2905/System.Diagnostics.DiagnosticSource.dll", O_WRONLY|O_CREAT|O_TRUNC, 0666) = 3
10501 openat(AT_FDCWD, "/home/runner/work/deckrender-acceptance/deckrender-acceptance/benchmark/artifacts/acceptance/private/sandboxes/f2d0ead1671bca07b7bae471906b296bf75cb7245dc7dbbdf3a71dfa1ed41aff/.net/office2html/2905/System.Diagnostics.StackTrace.dll", O_WRONLY|O_CREAT|O_TRUNC, 0666) = 3
10501 openat(AT_FDCWD, "/home/runner/work/deckrender-acceptance/deckrender-acceptance/benchmark/artifacts/acceptance/private/sandboxes/f2d0ead1671bca07b7bae471906b296bf75cb7245dc7dbbdf3a71dfa1ed41aff/.net/office2html/2905/System.Formats.Asn1.dll", O_WRONLY|O_CREAT|O_TRUNC, 0666) = 3
10501 openat(AT_FDCWD, "/home/runner/work/deckrender-acceptance/deckrender-acceptance/benchmark/artifacts/acceptance/private/sandboxes/f2d0ead1671bca07b7bae471906b296bf75cb7245dc7dbbdf3a71dfa1ed41aff/.net/office2html/2905/System.IO.Compression.Brotli.dll", O_WRONLY|O_CREAT|O_TRUNC, 0666) = 3
10501 openat(AT_FDCWD, "/home/runner/work/deckrender-acceptance/deckrender-acceptance/benchmark/artifacts/acceptance/private/sandboxes/f2d0ead1671bca07b7bae471906b296bf75cb7245dc7dbbdf3a71dfa1ed41aff/.net/office2html/2905/System.IO.Compression.dll", O_WRONLY|O_CREAT|O_TRUNC, 0666) = 3
10501 openat(AT_FDCWD, "/home/runner/work/deckrender-acceptance/deckrender-acceptance/benchmark/artifacts/acceptance/private/sandboxes/f2d0ead1671bca07b7bae471906b296bf75cb7245dc7dbbdf3a71dfa1ed41aff/.net/office2html/2905/System.IO.MemoryMappedFiles.dll", O_WRONLY|O_CREAT|O_TRUNC, 0666) = 3
10501 openat(AT_FDCWD, "/home/runner/work/deckrender-acceptance/deckrender-acceptance/benchmark/artifacts/acceptance/private/sandboxes/f2d0ead1671bca07b7bae471906b296bf75cb7245dc7dbbdf3a71dfa1ed41aff/.net/office2html/2905/System.Linq.Expressions.dll", O_WRONLY|O_CREAT|O_TRUNC, 0666) = 3
10501 openat(AT_FDCWD, "/home/runner/work/deckrender-acceptance/deckrender-acceptance/benchmark/artifacts/acceptance/private/sandboxes/f2d0ead1671bca07b7bae471906b296bf75cb7245dc7dbbdf3a71dfa1ed41aff/.net/office2html/2905/System.Linq.dll", O_WRONLY|O_CREAT|O_TRUNC, 0666) = 3
10501 openat(AT_FDCWD, "/home/runner/work/deckrender-acceptance/deckrender-acceptance/benchmark/artifacts/acceptance/private/sandboxes/f2d0ead1671bca07b7bae471906b296bf75cb7245dc7dbbdf3a71dfa1ed41aff/.net/office2html/2905/System.Memory.dll", O_WRONLY|O_CREAT|O_TRUNC, 0666) = 3
10501 openat(AT_FDCWD, "/home/runner/work/deckrender-acceptance/deckrender-acceptance/benchmark/artifacts/acceptance/private/sandboxes/f2d0ead1671bca07b7bae471906b296bf75cb7245dc7dbbdf3a71dfa1ed41aff/.net/office2html/2905/System.Net.Http.dll", O_WRONLY|O_CREAT|O_TRUNC, 0666) = 3
10501 openat(AT_FDCWD, "/home/runner/work/deckrender-acceptance/deckrender-acceptance/benchmark/artifacts/acceptance/private/sandboxes/f2d0ead1671bca07b7bae471906b296bf75cb7245dc7dbbdf3a71dfa1ed41aff/.net/office2html/2905/System.Net.NameResolution.dll", O_WRONLY|O_CREAT|O_TRUNC, 0666) = 3
10501 openat(AT_FDCWD, "/home/runner/work/deckrender-acceptance/deckrender-acceptance/benchmark/artifacts/acceptance/private/sandboxes/f2d0ead1671bca07b7bae471906b296bf75cb7245dc7dbbdf3a71dfa1ed41aff/.net/office2html/2905/System.Net.NetworkInformation.dll", O_WRONLY|O_CREAT|O_TRUNC, 0666) = 3
10501 openat(AT_FDCWD, "/home/runner/work/deckrender-acceptance/deckrender-acceptance/benchmark/artifacts/acceptance/private/sandboxes/f2d0ead1671bca07b7bae471906b296bf75cb7245dc7dbbdf3a71dfa1ed41aff/.net/office2html/2905/System.Net.Primitives.dll", O_WRONLY|O_CREAT|O_TRUNC, 0666) = 3
10501 openat(AT_FDCWD, "/home/runner/work/deckrender-acceptance/deckrender-acceptance/benchmark/artifacts/acceptance/private/sandboxes/f2d0ead1671bca07b7bae471906b296bf75cb7245dc7dbbdf3a71dfa1ed41aff/.net/office2html/2905/System.Net.Quic.dll", O_WRONLY|O_CREAT|O_TRUNC, 0666) = 3
10501 openat(AT_FDCWD, "/home/runner/work/deckrender-acceptance/deckrender-acceptance/benchmark/artifacts/acceptance/private/sandboxes/f2d0ead1671bca07b7bae471906b296bf75cb7245dc7dbbdf3a71dfa1ed41aff/.net/office2html/2905/System.Net.Security.dll", O_WRONLY|O_CREAT|O_TRUNC, 0666) = 3
10501 openat(AT_FDCWD, "/home/runner/work/deckrender-acceptance/deckrender-acceptance/benchmark/artifacts/acceptance/private/sandboxes/f2d0ead1671bca07b7bae471906b296bf75cb7245dc7dbbdf3a71dfa1ed41aff/.net/office2html/2905/System.Net.Sockets.dll", O_WRONLY|O_CREAT|O_TRUNC, 0666) = 3
10501 openat(AT_FDCWD, "/home/runner/work/deckrender-acceptance/deckrender-acceptance/benchmark/artifacts/acceptance/private/sandboxes/f2d0ead1671bca07b7bae471906b296bf75cb7245dc7dbbdf3a71dfa1ed41aff/.net/office2html/2905/System.ObjectModel.dll", O_WRONLY|O_CREAT|O_TRUNC, 0666) = 3
10501 openat(AT_FDCWD, "/home/runner/work/deckrender-acceptance/deckrender-acceptance/benchmark/artifacts/acceptance/private/sandboxes/f2d0ead1671bca07b7bae471906b296bf75cb7245dc7dbbdf3a71dfa1ed41aff/.net/office2html/2905/System.Private.CoreLib.dll", O_WRONLY|O_CREAT|O_TRUNC, 0666) = 3
10501 openat(AT_FDCWD, "/home/runner/work/deckrender-acceptance/deckrender-acceptance/benchmark/artifacts/acceptance/private/sandboxes/f2d0ead1671bca07b7bae471906b296bf75cb7245dc7dbbdf3a71dfa1ed41aff/.net/office2html/2905/System.Private.Uri.dll", O_WRONLY|O_CREAT|O_TRUNC, 0666) = 3
10501 openat(AT_FDCWD, "/home/runner/work/deckrender-acceptance/deckrender-acceptance/benchmark/artifacts/acceptance/private/sandboxes/f2d0ead1671bca07b7bae471906b296bf75cb7245dc7dbbdf3a71dfa1ed41aff/.net/office2html/2905/System.Private.Xml.Linq.dll", O_WRONLY|O_CREAT|O_TRUNC, 0666) = 3
10501 openat(AT_FDCWD, "/home/runner/work/deckrender-acceptance/deckrender-acceptance/benchmark/artifacts/acceptance/private/sandboxes/f2d0ead1671bca07b7bae471906b296bf75cb7245dc7dbbdf3a71dfa1ed41aff/.net/office2html/2905/System.Private.Xml.dll", O_WRONLY|O_CREAT|O_TRUNC, 0666) = 3
10501 openat(AT_FDCWD, "/home/runner/work/deckrender-acceptance/deckrender-acceptance/benchmark/artifacts/acceptance/private/sandboxes/f2d0ead1671bca07b7bae471906b296bf75cb7245dc7dbbdf3a71dfa1ed41aff/.net/office2html/2905/System.Reflection.Metadata.dll", O_WRONLY|O_CREAT|O_TRUNC, 0666) = 3
10501 openat(AT_FDCWD, "/home/runner/work/deckrender-acceptance/deckrender-acceptance/benchmark/artifacts/acceptance/private/sandboxes/f2d0ead1671bca07b7bae471906b296bf75cb7245dc7dbbdf3a71dfa1ed41aff/.net/office2html/2905/System.Runtime.CompilerServices.Unsafe.dll", O_WRONLY|O_CREAT|O_TRUNC, 0666) = 3
10501 openat(AT_FDCWD, "/home/runner/work/deckrender-acceptance/deckrender-acceptance/benchmark/artifacts/acceptance/private/sandboxes/f2d0ead1671bca07b7bae471906b296bf75cb7245dc7dbbdf3a71dfa1ed41aff/.net/office2html/2905/System.Runtime.InteropServices.RuntimeInformation.dll", O_WRONLY|O_CREAT|O_TRUNC, 0666) = 3
10501 openat(AT_FDCWD, "/home/runner/work/deckrender-acceptance/deckrender-acceptance/benchmark/artifacts/acceptance/private/sandboxes/f2d0ead1671bca07b7bae471906b296bf75cb7245dc7dbbdf3a71dfa1ed41aff/.net/office2html/2905/System.Runtime.Numerics.dll", O_WRONLY|O_CREAT|O_TRUNC, 0666) = 3
10501 openat(AT_FDCWD, "/home/runner/work/deckrender-acceptance/deckrender-acceptance/benchmark/artifacts/acceptance/private/sandboxes/f2d0ead1671bca07b7bae471906b296bf75cb7245dc7dbbdf3a71dfa1ed41aff/.net/office2html/2905/System.Runtime.dll", O_WRONLY|O_CREAT|O_TRUNC, 0666) = 3
10501 openat(AT_FDCWD, "/home/runner/work/deckrender-acceptance/deckrender-acceptance/benchmark/artifacts/acceptance/private/sandboxes/f2d0ead1671bca07b7bae471906b296bf75cb7245dc7dbbdf3a71dfa1ed41aff/.net/office2html/2905/System.Security.Cryptography.Algorithms.dll", O_WRONLY|O_CREAT|O_TRUNC, 0666) = 3
10501 openat(AT_FDCWD, "/home/runner/work/deckrender-acceptance/deckrender-acceptance/benchmark/artifacts/acceptance/private/sandboxes/f2d0ead1671bca07b7bae471906b296bf75cb7245dc7dbbdf3a71dfa1ed41aff/.net/office2html/2905/System.Security.Cryptography.Encoding.dll", O_WRONLY|O_CREAT|O_TRUNC, 0666) = 3
10501 openat(AT_FDCWD, "/home/runner/work/deckrender-acceptance/deckrender-acceptance/benchmark/artifacts/acceptance/private/sandboxes/f2d0ead1671bca07b7bae471906b296bf75cb7245dc7dbbdf3a71dfa1ed41aff/.net/office2html/2905/System.Security.Cryptography.OpenSsl.dll", O_WRONLY|O_CREAT|O_TRUNC, 0666) = 3
10501 openat(AT_FDCWD, "/home/runner/work/deckrender-acceptance/deckrender-acceptance/benchmark/artifacts/acceptance/private/sandboxes/f2d0ead1671bca07b7bae471906b296bf75cb7245dc7dbbdf3a71dfa1ed41aff/.net/office2html/2905/System.Security.Cryptography.Primitives.dll", O_WRONLY|O_CREAT|O_TRUNC, 0666) = 3
10501 openat(AT_FDCWD, "/home/runner/work/deckrender-acceptance/deckrender-acceptance/benchmark/artifacts/acceptance/private/sandboxes/f2d0ead1671bca07b7bae471906b296bf75cb7245dc7dbbdf3a71dfa1ed41aff/.net/office2html/2905/System.Security.Cryptography.X509Certificates.dll", O_WRONLY|O_CREAT|O_TRUNC, 0666) = 3
10501 openat(AT_FDCWD, "/home/runner/work/deckrender-acceptance/deckrender-acceptance/benchmark/artifacts/acceptance/private/sandboxes/f2d0ead1671bca07b7bae471906b296bf75cb7245dc7dbbdf3a71dfa1ed41aff/.net/office2html/2905/System.Text.Encoding.CodePages.dll", O_WRONLY|O_CREAT|O_TRUNC, 0666) = 3
10501 openat(AT_FDCWD, "/home/runner/work/deckrender-acceptance/deckrender-acceptance/benchmark/artifacts/acceptance/private/sandboxes/f2d0ead1671bca07b7bae471906b296bf75cb7245dc7dbbdf3a71dfa1ed41aff/.net/office2html/2905/System.Text.Encoding.Extensions.dll", O_WRONLY|O_CREAT|O_TRUNC, 0666) = 3
10501 openat(AT_FDCWD, "/home/runner/work/deckrender-acceptance/deckrender-acceptance/benchmark/artifacts/acceptance/private/sandboxes/f2d0ead1671bca07b7bae471906b296bf75cb7245dc7dbbdf3a71dfa1ed41aff/.net/office2html/2905/System.Text.Encodings.Web.dll", O_WRONLY|O_CREAT|O_TRUNC, 0666) = 3
10501 openat(AT_FDCWD, "/home/runner/work/deckrender-acceptance/deckrender-acceptance/benchmark/artifacts/acceptance/private/sandboxes/f2d0ead1671bca07b7bae471906b296bf75cb7245dc7dbbdf3a71dfa1ed41aff/.net/office2html/2905/System.Text.Json.dll", O_WRONLY|O_CREAT|O_TRUNC, 0666) = 3
10501 openat(AT_FDCWD, "/home/runner/work/deckrender-acceptance/deckrender-acceptance/benchmark/artifacts/acceptance/private/sandboxes/f2d0ead1671bca07b7bae471906b296bf75cb7245dc7dbbdf3a71dfa1ed41aff/.net/office2html/2905/System.Text.RegularExpressions.dll", O_WRONLY|O_CREAT|O_TRUNC, 0666) = 3
10501 openat(AT_FDCWD, "/home/runner/work/deckrender-acceptance/deckrender-acceptance/benchmark/artifacts/acceptance/private/sandboxes/f2d0ead1671bca07b7bae471906b296bf75cb7245dc7dbbdf3a71dfa1ed41aff/.net/office2html/2905/System.Threading.Channels.dll", O_WRONLY|O_CREAT|O_TRUNC, 0666) = 3
10501 openat(AT_FDCWD, "/home/runner/work/deckrender-acceptance/deckrender-acceptance/benchmark/artifacts/acceptance/private/sandboxes/f2d0ead1671bca07b7bae471906b296bf75cb7245dc7dbbdf3a71dfa1ed41aff/.net/office2html/2905/System.Threading.Tasks.Parallel.dll", O_WRONLY|O_CREAT|O_TRUNC, 0666) = 3
10501 openat(AT_FDCWD, "/home/runner/work/deckrender-acceptance/deckrender-acceptance/benchmark/artifacts/acceptance/private/sandboxes/f2d0ead1671bca07b7bae471906b296bf75cb7245dc7dbbdf3a71dfa1ed41aff/.net/office2html/2905/System.Threading.dll", O_WRONLY|O_CREAT|O_TRUNC, 0666) = 3
10501 openat(AT_FDCWD, "/home/runner/work/deckrender-acceptance/deckrender-acceptance/benchmark/artifacts/acceptance/private/sandboxes/f2d0ead1671bca07b7bae471906b296bf75cb7245dc7dbbdf3a71dfa1ed41aff/.net/office2html/2905/System.Xml.XDocument.dll", O_WRONLY|O_CREAT|O_TRUNC, 0666) = 3
10501 openat(AT_FDCWD, "/home/runner/work/deckrender-acceptance/deckrender-acceptance/benchmark/artifacts/acceptance/private/sandboxes/f2d0ead1671bca07b7bae471906b296bf75cb7245dc7dbbdf3a71dfa1ed41aff/.net/office2html/2905/netstandard.dll", O_WRONLY|O_CREAT|O_TRUNC, 0666) = 3
10501 openat(AT_FDCWD, "/home/runner/work/deckrender-acceptance/deckrender-acceptance/benchmark/artifacts/acceptance/private/sandboxes/f2d0ead1671bca07b7bae471906b296bf75cb7245dc7dbbdf3a71dfa1ed41aff/.net/office2html/2905/Office2Html.Cli.deps.json", O_WRONLY|O_CREAT|O_TRUNC, 0666) = 3
10501 openat(AT_FDCWD, "/home/runner/work/deckrender-acceptance/deckrender-acceptance/benchmark/artifacts/acceptance/runtimes/v0.3.1/node_modules/@deckflow/office2html-linux-x64/office2html", O_RDONLY) = 3
10501 openat(AT_FDCWD, "/etc/os-release", O_RDONLY) = 3
10501 openat(AT_FDCWD, "/proc/self/mountinfo", O_RDONLY) = 3
10501 openat(AT_FDCWD, "/proc/self/cgroup", O_RDONLY) = 3
10501 openat(AT_FDCWD, "/proc/self/mountinfo", O_RDONLY) = 3
10501 openat(AT_FDCWD, "/proc/self/cgroup", O_RDONLY) = 3
10501 openat(AT_FDCWD, "/sys/devices/system/node/possible", O_RDONLY|O_CLOEXEC) = 8
10501 openat(AT_FDCWD, "/sys/fs/cgroup/system.slice/hosted-compute-agent.service/cpu.max", O_RDONLY) = 8
10501 openat(AT_FDCWD, "/dev/urandom", O_RDONLY|O_CLOEXEC) = 8
10501 openat(AT_FDCWD, "/proc/10501/stat", O_RDONLY) = 8
10501 socket(AF_UNIX, SOCK_STREAM|SOCK_CLOEXEC, 0) = 8
10501 bind(8, {sa_family=AF_UNIX, sun_path="/tmp/dotnet-diagnostic-10501-192801-socket"}, 110) = 0
10501 listen(8, 255)                    = 0
10501 openat(AT_FDCWD, "/sys/devices/system/cpu/online", O_RDONLY|O_CLOEXEC) = 9
10501 openat(AT_FDCWD, "/sys/devices/system/cpu/online", O_RDONLY|O_CLOEXEC) = 9
10501 openat(AT_FDCWD, "/sys/devices/system/cpu/online", O_RDONLY|O_CLOEXEC) = 9
10501 openat(AT_FDCWD, "/sys/devices/system/cpu/online", O_RDONLY|O_CLOEXEC) = 9
10501 openat(AT_FDCWD, "/proc/10501/stat", O_RDONLY) = 9
10501 openat(AT_FDCWD, "/proc/10501/stat", O_RDONLY) = 9
10504 openat(AT_FDCWD, "/tmp/clr-debug-pipe-10501-192801-in", O_RDONLY <unfinished ...>
10501 openat(AT_FDCWD, "/proc/10501/stat", O_RDONLY) = 12
10501 openat(AT_FDCWD, "/dev/shm/sem.clrst00002905000000000002f121", O_RDWR|O_NOFOLLOW|O_CLOEXEC) = -1 ENOENT (No such file or directory)
10501 openat(AT_FDCWD, "/proc/self/maps", O_RDONLY|O_CLOEXEC) = 10
10501 openat(AT_FDCWD, "/proc/self/maps", O_RDONLY|O_CLOEXEC) = 10
10501 openat(AT_FDCWD, "/sys/devices/system/cpu/online", O_RDONLY|O_CLOEXEC) = 10
10501 openat(AT_FDCWD, "/sys/fs/cgroup/system.slice/hosted-compute-agent.service/memory.max", O_RDONLY) = 10
10501 openat(AT_FDCWD, "/proc/meminfo", O_RDONLY) = 10
10501 openat(AT_FDCWD, "/proc/meminfo", O_RDONLY) = 10
10501 openat(AT_FDCWD, "/proc/self/task/10506/comm", O_RDWR) = 12
10501 openat(AT_FDCWD, "/home/runner/work/deckrender-acceptance/deckrender-acceptance/benchmark/artifacts/acceptance/runtimes/v0.3.1/node_modules/@deckflow/office2html-linux-x64/System.Private.CoreLib.dll", O_RDONLY) = -1 ENOENT (No such file or directory)
10501 openat(AT_FDCWD, "/home/runner/work/deckrender-acceptance/deckrender-acceptance/benchmark/artifacts/acceptance/private/sandboxes/f2d0ead1671bca07b7bae471906b296bf75cb7245dc7dbbdf3a71dfa1ed41aff/.net/office2html/ggtZ8fZDRy7noAk68w+eSJMdDmVPrSw=/System.Private.CoreLib.dll", O_RDONLY) = 10
10501 openat(AT_FDCWD, "/proc/self/task/10507/comm", O_RDWR) = 14
10501 openat(AT_FDCWD, "/home/runner/work/deckrender-acceptance/deckrender-acceptance/benchmark/artifacts/acceptance/private/sandboxes/f2d0ead1671bca07b7bae471906b296bf75cb7245dc7dbbdf3a71dfa1ed41aff/.net/office2html/ggtZ8fZDRy7noAk68w+eSJMdDmVPrSw=/Office2Html.Cli.dll", O_RDONLY) = 12
10501 openat(AT_FDCWD, "/home/runner/work/deckrender-acceptance/deckrender-acceptance/benchmark/artifacts/acceptance/private/sandboxes/f2d0ead1671bca07b7bae471906b296bf75cb7245dc7dbbdf3a71dfa1ed41aff/.net/office2html/ggtZ8fZDRy7noAk68w+eSJMdDmVPrSw=/System.Runtime.dll", O_RDONLY) = 14
10501 openat(AT_FDCWD, "/home/runner/work/deckrender-acceptance/deckrender-acceptance/benchmark/artifacts/acceptance/private/sandboxes/f2d0ead1671bca07b7bae471906b296bf75cb7245dc7dbbdf3a71dfa1ed41aff/.net/office2html/ggtZ8fZDRy7noAk68w+eSJMdDmVPrSw=/System.Collections.dll", O_RDONLY) = 16
10501 openat(AT_FDCWD, "/home/runner/work/deckrender-acceptance/deckrender-acceptance/benchmark/artifacts/acceptance/private/sandboxes/f2d0ead1671bca07b7bae471906b296bf75cb7245dc7dbbdf3a71dfa1ed41aff/.net/office2html/ggtZ8fZDRy7noAk68w+eSJMdDmVPrSw=/Office2Html.dll", O_RDONLY) = 18
10501 openat(AT_FDCWD, "/home/runner/work/deckrender-acceptance/deckrender-acceptance/benchmark/artifacts/acceptance/private/sandboxes/f2d0ead1671bca07b7bae471906b296bf75cb7245dc7dbbdf3a71dfa1ed41aff/.net/office2html/ggtZ8fZDRy7noAk68w+eSJMdDmVPrSw=/System.Linq.dll", O_RDONLY) = 20
10501 openat(AT_FDCWD, "/home/runner/work/deckrender-acceptance/deckrender-acceptance/benchmark/artifacts/acceptance/private/sandboxes/f2d0ead1671bca07b7bae471906b296bf75cb7245dc7dbbdf3a71dfa1ed41aff/.net/office2html/ggtZ8fZDRy7noAk68w+eSJMdDmVPrSw=/System.Console.dll", O_RDONLY) = 22
10501 openat(AT_FDCWD, "/home/runner/work/deckrender-acceptance/deckrender-acceptance/ci-input/current/objects/a22ec2124a347e489d31d2a80148ba5ab14b3f895b1476cb3c1c9713394e06b4.pptx", O_RDONLY|O_CLOEXEC) = 24
10501 openat(AT_FDCWD, "/home/runner/work/deckrender-acceptance/deckrender-acceptance/benchmark/artifacts/acceptance/private/sandboxes/f2d0ead1671bca07b7bae471906b296bf75cb7245dc7dbbdf3a71dfa1ed41aff/.net/office2html/ggtZ8fZDRy7noAk68w+eSJMdDmVPrSw=/DocumentFormat.OpenXml.dll", O_RDONLY) = 24
10501 openat(AT_FDCWD, "/home/runner/work/deckrender-acceptance/deckrender-acceptance/benchmark/artifacts/acceptance/private/sandboxes/f2d0ead1671bca07b7bae471906b296bf75cb7245dc7dbbdf3a71dfa1ed41aff/.net/office2html/ggtZ8fZDRy7noAk68w+eSJMdDmVPrSw=/DocumentFormat.OpenXml.Framework.dll", O_RDONLY) = 26
10501 openat(AT_FDCWD, "/home/runner/work/deckrender-acceptance/deckrender-acceptance/benchmark/artifacts/acceptance/private/sandboxes/f2d0ead1671bca07b7bae471906b296bf75cb7245dc7dbbdf3a71dfa1ed41aff/.net/office2html/ggtZ8fZDRy7noAk68w+eSJMdDmVPrSw=/System.IO.Packaging.dll", O_RDONLY) = 28
10501 openat(AT_FDCWD, "/home/runner/work/deckrender-acceptance/deckrender-acceptance/benchmark/artifacts/acceptance/private/sandboxes/f2d0ead1671bca07b7bae471906b296bf75cb7245dc7dbbdf3a71dfa1ed41aff/.net/office2html/ggtZ8fZDRy7noAk68w+eSJMdDmVPrSw=/netstandard.dll", O_RDONLY) = 30
10501 openat(AT_FDCWD, "/home/runner/work/deckrender-acceptance/deckrender-acceptance/benchmark/artifacts/acceptance/private/sandboxes/f2d0ead1671bca07b7bae471906b296bf75cb7245dc7dbbdf3a71dfa1ed41aff/.net/office2html/ggtZ8fZDRy7noAk68w+eSJMdDmVPrSw=/System.IO.Compression.dll", O_RDONLY) = 32
10501 openat(AT_FDCWD, "/home/runner/work/deckrender-acceptance/deckrender-acceptance/benchmark/artifacts/acceptance/private/sandboxes/f2d0ead1671bca07b7bae471906b296bf75cb7245dc7dbbdf3a71dfa1ed41aff/.net/office2html/ggtZ8fZDRy7noAk68w+eSJMdDmVPrSw=/System.Private.Uri.dll", O_RDONLY) = 34
10501 openat(AT_FDCWD, "/etc/localtime", O_RDONLY|O_CLOEXEC) = 36
10501 openat(AT_FDCWD, "/home/runner/work/deckrender-acceptance/deckrender-acceptance/benchmark/artifacts/acceptance/private/sandboxes/f2d0ead1671bca07b7bae471906b296bf75cb7245dc7dbbdf3a71dfa1ed41aff/.net/office2html/ggtZ8fZDRy7noAk68w+eSJMdDmVPrSw=/System.Private.Xml.dll", O_RDONLY) = 36
10501 openat(AT_FDCWD, "/dev/urandom", O_RDONLY|O_CLOEXEC) = 38
10501 openat(AT_FDCWD, "/home/runner/work/deckrender-acceptance/deckrender-acceptance/benchmark/artifacts/acceptance/private/sandboxes/f2d0ead1671bca07b7bae471906b296bf75cb7245dc7dbbdf3a71dfa1ed41aff/.net/office2html/ggtZ8fZDRy7noAk68w+eSJMdDmVPrSw=/System.Runtime.CompilerServices.Unsafe.dll", O_RDONLY) = 39
10501 openat(AT_FDCWD, "/tmp/tmpPzNBdO.tmp", O_RDWR|O_CREAT|O_EXCL, 0600) = 41
10501 openat(AT_FDCWD, "/tmp/tmpPzNBdO.tmp", O_RDWR|O_CREAT|O_CLOEXEC, 0666) = 41
10501 openat(AT_FDCWD, "/home/runner/work/deckrender-acceptance/deckrender-acceptance/benchmark/artifacts/acceptance/private/sandboxes/f2d0ead1671bca07b7bae471906b296bf75cb7245dc7dbbdf3a71dfa1ed41aff/.net/office2html/ggtZ8fZDRy7noAk68w+eSJMdDmVPrSw=/System.Private.Xml.Linq.dll", O_RDONLY) = 42
10501 openat(AT_FDCWD, "/home/runner/work/deckrender-acceptance/deckrender-acceptance/benchmark/artifacts/acceptance/private/sandboxes/f2d0ead1671bca07b7bae471906b296bf75cb7245dc7dbbdf3a71dfa1ed41aff/.net/office2html/ggtZ8fZDRy7noAk68w+eSJMdDmVPrSw=/System.Collections.Concurrent.dll", O_RDONLY) = 44
10501 openat(AT_FDCWD, "/home/runner/work/deckrender-acceptance/deckrender-acceptance/benchmark/artifacts/acceptance/private/sandboxes/f2d0ead1671bca07b7bae471906b296bf75cb7245dc7dbbdf3a71dfa1ed41aff/.net/office2html/ggtZ8fZDRy7noAk68w+eSJMdDmVPrSw=/System.Linq.Expressions.dll", O_RDONLY) = 46
10501 openat(AT_FDCWD, "/tmp/tmpiclo9d.tmp", O_RDWR|O_CREAT|O_EXCL, 0600) = 41
10501 openat(AT_FDCWD, "/tmp/tmpiclo9d.tmp", O_RDWR|O_CREAT|O_CLOEXEC, 0666) = 41
10501 openat(AT_FDCWD, "/home/runner/work/deckrender-acceptance/deckrender-acceptance/benchmark/artifacts/acceptance/private/sandboxes/f2d0ead1671bca07b7bae471906b296bf75cb7245dc7dbbdf3a71dfa1ed41aff/.net/office2html/ggtZ8fZDRy7noAk68w+eSJMdDmVPrSw=/System.Xml.XDocument.dll", O_RDONLY) = 48
10501 openat(AT_FDCWD, "/home/runner/work/deckrender-acceptance/deckrender-acceptance/benchmark/artifacts/acceptance/private/sandboxes/f2d0ead1671bca07b7bae471906b296bf75cb7245dc7dbbdf3a71dfa1ed41aff/.net/office2html/ggtZ8fZDRy7noAk68w+eSJMdDmVPrSw=/System.Memory.dll", O_RDONLY) = 50
10501 openat(AT_FDCWD, "/home/runner/work/deckrender-acceptance/deckrender-acceptance/benchmark/artifacts/acceptance/private/sandboxes/f2d0ead1671bca07b7bae471906b296bf75cb7245dc7dbbdf3a71dfa1ed41aff/.net/office2html/ggtZ8fZDRy7noAk68w+eSJMdDmVPrSw=/System.Text.RegularExpressions.dll", O_RDONLY) = 52
10501 openat(AT_FDCWD, "/home/runner/work/deckrender-acceptance/deckrender-acceptance/benchmark/artifacts/acceptance/private/sandboxes/f2d0ead1671bca07b7bae471906b296bf75cb7245dc7dbbdf3a71dfa1ed41aff/.net/office2html/ggtZ8fZDRy7noAk68w+eSJMdDmVPrSw=/System.Text.Encoding.Extensions.dll", O_RDONLY) = 41
10501 openat(AT_FDCWD, "/tmp/deckrender-local-jtGFS7/office2html/player.css", O_WRONLY|O_CREAT|O_CLOEXEC, 0666) = 55
10501 openat(AT_FDCWD, "/tmp/deckrender-local-jtGFS7/office2html/player.js", O_WRONLY|O_CREAT|O_CLOEXEC, 0666) = 55
10501 openat(AT_FDCWD, "/tmp/deckrender-local-jtGFS7/office2html/slide.js", O_WRONLY|O_CREAT|O_CLOEXEC, 0666) = 55
10501 openat(AT_FDCWD, "/tmp/deckrender-local-jtGFS7/office2html/charts.js", O_WRONLY|O_CREAT|O_CLOEXEC, 0666) = 55
10501 openat(AT_FDCWD, "/home/runner/work/deckrender-acceptance/deckrender-acceptance/benchmark/artifacts/acceptance/private/sandboxes/f2d0ead1671bca07b7bae471906b296bf75cb7245dc7dbbdf3a71dfa1ed41aff/.net/office2html/ggtZ8fZDRy7noAk68w+eSJMdDmVPrSw=/System.Text.Json.dll", O_RDONLY) = 55
10501 openat(AT_FDCWD, "/home/runner/work/deckrender-acceptance/deckrender-acceptance/benchmark/artifacts/acceptance/private/sandboxes/f2d0ead1671bca07b7bae471906b296bf75cb7245dc7dbbdf3a71dfa1ed41aff/.net/office2html/ggtZ8fZDRy7noAk68w+eSJMdDmVPrSw=/System.Text.Encodings.Web.dll", O_RDONLY) = 57
10501 openat(AT_FDCWD, "/tmp/deckrender-local-jtGFS7/office2html/slides/0000.html", O_WRONLY|O_CREAT|O_CLOEXEC, 0666) = 59
10501 openat(AT_FDCWD, "/tmp/deckrender-local-jtGFS7/office2html/slides/0001.html", O_WRONLY|O_CREAT|O_CLOEXEC, 0666) = 59
10501 openat(AT_FDCWD, "/tmp/deckrender-local-jtGFS7/office2html/slides/0002.html", O_WRONLY|O_CREAT|O_CLOEXEC, 0666) = 59
10501 openat(AT_FDCWD, "/tmp/deckrender-local-jtGFS7/office2html/index.html", O_WRONLY|O_CREAT|O_CLOEXEC, 0666) = 59
10501 openat(AT_FDCWD, "/home/runner/work/deckrender-acceptance/deckrender-acceptance/benchmark/artifacts/acceptance/private/sandboxes/f2d0ead1671bca07b7bae471906b296bf75cb7245dc7dbbdf3a71dfa1ed41aff/.net/office2html/ggtZ8fZDRy7noAk68w+eSJMdDmVPrSw=/Microsoft.Win32.Primitives.dll", O_RDONLY) = 60
10504 <... openat resumed>)             = ?
10489 --- SIGCHLD {si_signo=SIGCHLD, si_code=CLD_EXITED, si_pid=10501, si_uid=1001, si_status=0, si_utime=108 /* 1.08 s */, si_stime=14 /* 0.14 s */} ---
10489 shutdown(23, SHUT_WR)             = 0
10489 shutdown(25, SHUT_WR)             = 0
10498 openat(AT_FDCWD, "/tmp/deckrender-local-jtGFS7/office2html/index.html", O_RDONLY|O_CLOEXEC) = 21
10489 openat(AT_FDCWD, "/home/runner/work/deckrender-acceptance/deckrender-acceptance/benchmark/artifacts/acceptance/runtimes/v0.3.1/node_modules/@deckflow/deckrender/dist/package.json", O_RDONLY|O_CLOEXEC) = -1 ENOENT (No such file or directory)
10489 openat(AT_FDCWD, "/home/runner/work/deckrender-acceptance/deckrender-acceptance/benchmark/artifacts/acceptance/runtimes/v0.3.1/node_modules/playwright-core/package.json", O_RDONLY|O_CLOEXEC) = 21
10489 openat(AT_FDCWD, "/home/runner/work/deckrender-acceptance/deckrender-acceptance/benchmark/artifacts/acceptance/runtimes/v0.3.1/node_modules/playwright-core/index.mjs", O_RDONLY|O_CLOEXEC) = 21
10489 openat(AT_FDCWD, "/home/runner/work/deckrender-acceptance/deckrender-acceptance/benchmark/artifacts/acceptance/runtimes/v0.3.1/node_modules/playwright-core/index.js", O_RDONLY|O_CLOEXEC) = 21
10489 openat(AT_FDCWD, "/home/runner/work/deckrender-acceptance/deckrender-acceptance/benchmark/artifacts/acceptance/runtimes/v0.3.1/node_modules/playwright-core/lib/inprocess.js", O_RDONLY|O_CLOEXEC) = 21
10489 openat(AT_FDCWD, "/home/runner/work/deckrender-acceptance/deckrender-acceptance/benchmark/artifacts/acceptance/runtimes/v0.3.1/node_modules/playwright-core/lib/inProcessFactory.js", O_RDONLY|O_CLOEXEC) = 21
10489 openat(AT_FDCWD, "/home/runner/work/deckrender-acceptance/deckrender-acceptance/benchmark/artifacts/acceptance/runtimes/v0.3.1/node_modules/playwright-core/lib/androidServerImpl.js", O_RDONLY|O_CLOEXEC) = 21
10489 openat(AT_FDCWD, "/home/runner/work/deckrender-acceptance/deckrender-acceptance/benchmark/artifacts/acceptance/runtimes/v0.3.1/node_modules/playwright-core/lib/remote/playwrightServer.js", O_RDONLY|O_CLOEXEC) = 21
10489 openat(AT_FDCWD, "/home/runner/work/deckrender-acceptance/deckrender-acceptance/benchmark/artifacts/acceptance/runtimes/v0.3.1/node_modules/playwright-core/lib/remote/playwrightConnection.js", O_RDONLY|O_CLOEXEC) = 21
10489 openat(AT_FDCWD, "/home/runner/work/deckrender-acceptance/deckrender-acceptance/benchmark/artifacts/acceptance/runtimes/v0.3.1/node_modules/playwright-core/lib/server/package.json", O_RDONLY|O_CLOEXEC) = -1 ENOENT (No such file or directory)
10489 openat(AT_FDCWD, "/home/runner/work/deckrender-acceptance/deckrender-acceptance/benchmark/artifacts/acceptance/runtimes/v0.3.1/node_modules/playwright-core/lib/server/index.js", O_RDONLY|O_CLOEXEC) = 21
10489 openat(AT_FDCWD, "/home/runner/work/deckrender-acceptance/deckrender-acceptance/benchmark/artifacts/acceptance/runtimes/v0.3.1/node_modules/playwright-core/lib/server/registry/package.json", O_RDONLY|O_CLOEXEC) = -1 ENOENT (No such file or directory)
10489 openat(AT_FDCWD, "/home/runner/work/deckrender-acceptance/deckrender-acceptance/benchmark/artifacts/acceptance/runtimes/v0.3.1/node_modules/playwright-core/lib/server/registry/index.js", O_RDONLY|O_CLOEXEC) = 21
10489 openat(AT_FDCWD, "/home/runner/work/deckrender-acceptance/deckrender-acceptance/benchmark/artifacts/acceptance/runtimes/v0.3.1/node_modules/playwright-core/lib/server/registry/browserFetcher.js", O_RDONLY|O_CLOEXEC) = 21
10489 openat(AT_FDCWD, "/home/runner/work/deckrender-acceptance/deckrender-acceptance/benchmark/artifacts/acceptance/runtimes/v0.3.1/node_modules/playwright-core/lib/server/utils/debugLogger.js", O_RDONLY|O_CLOEXEC) = 21
10489 openat(AT_FDCWD, "/home/runner/work/deckrender-acceptance/deckrender-acceptance/benchmark/artifacts/acceptance/runtimes/v0.3.1/node_modules/playwright-core/lib/utilsBundle.js", O_RDONLY|O_CLOEXEC) = 21
10489 openat(AT_FDCWD, "/home/runner/work/deckrender-acceptance/deckrender-acceptance/benchmark/artifacts/acceptance/runtimes/v0.3.1/node_modules/playwright-core/lib/utilsBundleImpl/package.json", O_RDONLY|O_CLOEXEC) = -1 ENOENT (No such file or directory)
10489 openat(AT_FDCWD, "/home/runner/work/deckrender-acceptance/deckrender-acceptance/benchmark/artifacts/acceptance/runtimes/v0.3.1/node_modules/playwright-core/lib/utilsBundleImpl/index.js", O_RDONLY|O_CLOEXEC) = 21
10489 openat(AT_FDCWD, "/proc/version", O_RDONLY|O_CLOEXEC) = 21
10489 openat(AT_FDCWD, "/etc/resolv.conf", O_RDONLY) = 21
10489 openat(AT_FDCWD, "/etc/nsswitch.conf", O_RDONLY) = 21
10489 openat(AT_FDCWD, "/etc/netsvc.conf", O_RDONLY) = -1 ENOENT (No such file or directory)
10489 openat(AT_FDCWD, "/etc/svc.conf", O_RDONLY) = -1 ENOENT (No such file or directory)
10489 openat(AT_FDCWD, "/home/runner/work/deckrender-acceptance/deckrender-acceptance/benchmark/artifacts/acceptance/runtimes/v0.3.1/node_modules/bufferutil/package.json", O_RDONLY|O_CLOEXEC) = -1 ENOENT (No such file or directory)
10489 openat(AT_FDCWD, "/home/runner/work/deckrender-acceptance/deckrender-acceptance/benchmark/artifacts/acceptance/runtimes/v0.3.1/node_modules/playwright-core/lib/utils/isomorphic/manualPromise.js", O_RDONLY|O_CLOEXEC) = 21
10489 openat(AT_FDCWD, "/home/runner/work/deckrender-acceptance/deckrender-acceptance/benchmark/artifacts/acceptance/runtimes/v0.3.1/node_modules/playwright-core/lib/utils/isomorphic/stackTrace.js", O_RDONLY|O_CLOEXEC) = 21
10489 openat(AT_FDCWD, "/home/runner/work/deckrender-acceptance/deckrender-acceptance/benchmark/artifacts/acceptance/runtimes/v0.3.1/node_modules/playwright-core/lib/server/utils/userAgent.js", O_RDONLY|O_CLOEXEC) = 21
10489 openat(AT_FDCWD, "/home/runner/work/deckrender-acceptance/deckrender-acceptance/benchmark/artifacts/acceptance/runtimes/v0.3.1/node_modules/playwright-core/lib/server/utils/linuxUtils.js", O_RDONLY|O_CLOEXEC) = 21
10489 openat(AT_FDCWD, "/home/runner/work/deckrender-acceptance/deckrender-acceptance/benchmark/artifacts/acceptance/runtimes/v0.3.1/node_modules/playwright-core/lib/server/utils/fileUtils.js", O_RDONLY|O_CLOEXEC) = 21
10489 openat(AT_FDCWD, "/home/runner/work/deckrender-acceptance/deckrender-acceptance/benchmark/artifacts/acceptance/runtimes/v0.3.1/node_modules/playwright-core/lib/zipBundle.js", O_RDONLY|O_CLOEXEC) = 21
10489 openat(AT_FDCWD, "/home/runner/work/deckrender-acceptance/deckrender-acceptance/benchmark/artifacts/acceptance/runtimes/v0.3.1/node_modules/playwright-core/lib/zipBundleImpl.js", O_RDONLY|O_CLOEXEC) = 21
10489 openat(AT_FDCWD, "/home/runner/work/deckrender-acceptance/deckrender-acceptance/benchmark/artifacts/acceptance/runtimes/v0.3.1/node_modules/playwright-core/lib/server/registry/package.json", O_RDONLY|O_CLOEXEC) = -1 ENOENT (No such file or directory)
10489 openat(AT_FDCWD, "/home/runner/work/deckrender-acceptance/deckrender-acceptance/benchmark/artifacts/acceptance/runtimes/v0.3.1/node_modules/playwright-core/lib/server/registry/dependencies.js", O_RDONLY|O_CLOEXEC) = 21
10489 openat(AT_FDCWD, "/home/runner/work/deckrender-acceptance/deckrender-acceptance/benchmark/artifacts/acceptance/runtimes/v0.3.1/node_modules/playwright-core/lib/server/registry/nativeDeps.js", O_RDONLY|O_CLOEXEC) = 21
10489 openat(AT_FDCWD, "/home/runner/work/deckrender-acceptance/deckrender-acceptance/benchmark/artifacts/acceptance/runtimes/v0.3.1/node_modules/playwright-core/lib/server/utils/ascii.js", O_RDONLY|O_CLOEXEC) = 21
10489 openat(AT_FDCWD, "/home/runner/work/deckrender-acceptance/deckrender-acceptance/benchmark/artifacts/acceptance/runtimes/v0.3.1/node_modules/playwright-core/lib/server/utils/hostPlatform.js", O_RDONLY|O_CLOEXEC) = 21
10489 openat(AT_FDCWD, "/etc/os-release", O_RDONLY|O_CLOEXEC) = 21
10489 openat(AT_FDCWD, "/home/runner/work/deckrender-acceptance/deckrender-acceptance/benchmark/artifacts/acceptance/runtimes/v0.3.1/node_modules/playwright-core/lib/server/utils/spawnAsync.js", O_RDONLY|O_CLOEXEC) = 21
10489 openat(AT_FDCWD, "/home/runner/work/deckrender-acceptance/deckrender-acceptance/benchmark/artifacts/acceptance/runtimes/v0.3.1/node_modules/playwright-core/package.json", O_RDONLY|O_CLOEXEC) = 21
10489 openat(AT_FDCWD, "/home/runner/work/deckrender-acceptance/deckrender-acceptance/benchmark/artifacts/acceptance/runtimes/v0.3.1/node_modules/playwright-core/lib/utils.js", O_RDONLY|O_CLOEXEC) = 21
10489 openat(AT_FDCWD, "/home/runner/work/deckrender-acceptance/deckrender-acceptance/benchmark/artifacts/acceptance/runtimes/v0.3.1/node_modules/playwright-core/lib/utils/isomorphic/ariaSnapshot.js", O_RDONLY|O_CLOEXEC) = 21
10489 openat(AT_FDCWD, "/home/runner/work/deckrender-acceptance/deckrender-acceptance/benchmark/artifacts/acceptance/runtimes/v0.3.1/node_modules/playwright-core/lib/utils/isomorphic/assert.js", O_RDONLY|O_CLOEXEC) = 21
10489 openat(AT_FDCWD, "/home/runner/work/deckrender-acceptance/deckrender-acceptance/benchmark/artifacts/acceptance/runtimes/v0.3.1/node_modules/playwright-core/lib/utils/isomorphic/colors.js", O_RDONLY|O_CLOEXEC) = 21
10489 openat(AT_FDCWD, "/home/runner/work/deckrender-acceptance/deckrender-acceptance/benchmark/artifacts/acceptance/runtimes/v0.3.1/node_modules/playwright-core/lib/utils/isomorphic/headers.js", O_RDONLY|O_CLOEXEC) = 21
10489 openat(AT_FDCWD, "/home/runner/work/deckrender-acceptance/deckrender-acceptance/benchmark/artifacts/acceptance/runtimes/v0.3.1/node_modules/playwright-core/lib/utils/isomorphic/locatorGenerators.js", O_RDONLY|O_CLOEXEC) = 21
10489 openat(AT_FDCWD, "/home/runner/work/deckrender-acceptance/deckrender-acceptance/benchmark/artifacts/acceptance/runtimes/v0.3.1/node_modules/playwright-core/lib/utils/isomorphic/selectorParser.js", O_RDONLY|O_CLOEXEC) = 21
10489 openat(AT_FDCWD, "/home/runner/work/deckrender-acceptance/deckrender-acceptance/benchmark/artifacts/acceptance/runtimes/v0.3.1/node_modules/playwright-core/lib/utils/isomorphic/cssParser.js", O_RDONLY|O_CLOEXEC) = 21
10489 openat(AT_FDCWD, "/home/runner/work/deckrender-acceptance/deckrender-acceptance/benchmark/artifacts/acceptance/runtimes/v0.3.1/node_modules/playwright-core/lib/utils/isomorphic/cssTokenizer.js", O_RDONLY|O_CLOEXEC) = 21
10489 openat(AT_FDCWD, "/home/runner/work/deckrender-acceptance/deckrender-acceptance/benchmark/artifacts/acceptance/runtimes/v0.3.1/node_modules/playwright-core/lib/utils/isomorphic/stringUtils.js", O_RDONLY|O_CLOEXEC) = 21
10489 openat(AT_FDCWD, "/home/runner/work/deckrender-acceptance/deckrender-acceptance/benchmark/artifacts/acceptance/runtimes/v0.3.1/node_modules/playwright-core/lib/utils/isomorphic/mimeType.js", O_RDONLY|O_CLOEXEC) = 21
10489 openat(AT_FDCWD, "/home/runner/work/deckrender-acceptance/deckrender-acceptance/benchmark/artifacts/acceptance/runtimes/v0.3.1/node_modules/playwright-core/lib/utils/isomorphic/multimap.js", O_RDONLY|O_CLOEXEC) = 21
10489 openat(AT_FDCWD, "/home/runner/work/deckrender-acceptance/deckrender-acceptance/benchmark/artifacts/acceptance/runtimes/v0.3.1/node_modules/playwright-core/lib/utils/isomorphic/protocolFormatter.js", O_RDONLY|O_CLOEXEC) = 21
10489 openat(AT_FDCWD, "/home/runner/work/deckrender-acceptance/deckrender-acceptance/benchmark/artifacts/acceptance/runtimes/v0.3.1/node_modules/playwright-core/lib/utils/isomorphic/protocolMetainfo.js", O_RDONLY|O_CLOEXEC) = 21
10489 openat(AT_FDCWD, "/home/runner/work/deckrender-acceptance/deckrender-acceptance/benchmark/artifacts/acceptance/runtimes/v0.3.1/node_modules/playwright-core/lib/utils/isomorphic/rtti.js", O_RDONLY|O_CLOEXEC) = 21
10489 openat(AT_FDCWD, "/home/runner/work/deckrender-acceptance/deckrender-acceptance/benchmark/artifacts/acceptance/runtimes/v0.3.1/node_modules/playwright-core/lib/utils/isomorphic/semaphore.js", O_RDONLY|O_CLOEXEC) = 21
10489 openat(AT_FDCWD, "/home/runner/work/deckrender-acceptance/deckrender-acceptance/benchmark/artifacts/acceptance/runtimes/v0.3.1/node_modules/playwright-core/lib/utils/isomorphic/time.js", O_RDONLY|O_CLOEXEC) = 21
10489 openat(AT_FDCWD, "/home/runner/work/deckrender-acceptance/deckrender-acceptance/benchmark/artifacts/acceptance/runtimes/v0.3.1/node_modules/playwright-core/lib/utils/isomorphic/timeoutRunner.js", O_RDONLY|O_CLOEXEC) = 21
10489 openat(AT_FDCWD, "/home/runner/work/deckrender-acceptance/deckrender-acceptance/benchmark/artifacts/acceptance/runtimes/v0.3.1/node_modules/playwright-core/lib/utils/isomorphic/urlMatch.js", O_RDONLY|O_CLOEXEC) = 21
10489 openat(AT_FDCWD, "/home/runner/work/deckrender-acceptance/deckrender-acceptance/benchmark/artifacts/acceptance/runtimes/v0.3.1/node_modules/playwright-core/lib/server/utils/comparators.js", O_RDONLY|O_CLOEXEC) = 21
10489 openat(AT_FDCWD, "/home/runner/work/deckrender-acceptance/deckrender-acceptance/benchmark/artifacts/acceptance/runtimes/v0.3.1/node_modules/playwright-core/lib/server/utils/image_tools/compare.js", O_RDONLY|O_CLOEXEC) = 21
10489 openat(AT_FDCWD, "/home/runner/work/deckrender-acceptance/deckrender-acceptance/benchmark/artifacts/acceptance/runtimes/v0.3.1/node_modules/playwright-core/lib/server/utils/image_tools/colorUtils.js", O_RDONLY|O_CLOEXEC) = 21
10489 openat(AT_FDCWD, "/home/runner/work/deckrender-acceptance/deckrender-acceptance/benchmark/artifacts/acceptance/runtimes/v0.3.1/node_modules/playwright-core/lib/server/utils/image_tools/imageChannel.js", O_RDONLY|O_CLOEXEC) = 21
10489 openat(AT_FDCWD, "/home/runner/work/deckrender-acceptance/deckrender-acceptance/benchmark/artifacts/acceptance/runtimes/v0.3.1/node_modules/playwright-core/lib/server/utils/image_tools/stats.js", O_RDONLY|O_CLOEXEC) = 21
10489 openat(AT_FDCWD, "/home/runner/work/deckrender-acceptance/deckrender-acceptance/benchmark/artifacts/acceptance/runtimes/v0.3.1/node_modules/playwright-core/lib/third_party/pixelmatch.js", O_RDONLY|O_CLOEXEC) = 21
10489 openat(AT_FDCWD, "/home/runner/work/deckrender-acceptance/deckrender-acceptance/benchmark/artifacts/acceptance/runtimes/v0.3.1/node_modules/playwright-core/lib/server/utils/crypto.js", O_RDONLY|O_CLOEXEC) = 21
10489 openat(AT_FDCWD, "/home/runner/work/deckrender-acceptance/deckrender-acceptance/benchmark/artifacts/acceptance/runtimes/v0.3.1/node_modules/playwright-core/lib/server/utils/debug.js", O_RDONLY|O_CLOEXEC) = 21
10489 openat(AT_FDCWD, "/home/runner/work/deckrender-acceptance/deckrender-acceptance/benchmark/artifacts/acceptance/runtimes/v0.3.1/node_modules/playwright-core/lib/server/utils/env.js", O_RDONLY|O_CLOEXEC) = 21
10489 openat(AT_FDCWD, "/home/runner/work/deckrender-acceptance/deckrender-acceptance/benchmark/artifacts/acceptance/runtimes/v0.3.1/node_modules/playwright-core/lib/server/utils/eventsHelper.js", O_RDONLY|O_CLOEXEC) = 21
10489 openat(AT_FDCWD, "/home/runner/work/deckrender-acceptance/deckrender-acceptance/benchmark/artifacts/acceptance/runtimes/v0.3.1/node_modules/playwright-core/lib/server/utils/expectUtils.js", O_RDONLY|O_CLOEXEC) = 21
10489 openat(AT_FDCWD, "/home/runner/work/deckrender-acceptance/deckrender-acceptance/benchmark/artifacts/acceptance/runtimes/v0.3.1/node_modules/playwright-core/lib/server/utils/httpServer.js", O_RDONLY|O_CLOEXEC) = 21
10489 openat(AT_FDCWD, "/home/runner/work/deckrender-acceptance/deckrender-acceptance/benchmark/artifacts/acceptance/runtimes/v0.3.1/node_modules/playwright-core/lib/server/utils/network.js", O_RDONLY|O_CLOEXEC) = 21
10489 openat(AT_FDCWD, "/home/runner/work/deckrender-acceptance/deckrender-acceptance/benchmark/artifacts/acceptance/runtimes/v0.3.1/node_modules/playwright-core/lib/server/utils/happyEyeballs.js", O_RDONLY|O_CLOEXEC) = 21
10489 openat(AT_FDCWD, "/home/runner/work/deckrender-acceptance/deckrender-acceptance/benchmark/artifacts/acceptance/runtimes/v0.3.1/node_modules/playwright-core/lib/server/utils/nodePlatform.js", O_RDONLY|O_CLOEXEC) = 21
10489 openat(AT_FDCWD, "/home/runner/work/deckrender-acceptance/deckrender-acceptance/benchmark/artifacts/acceptance/runtimes/v0.3.1/node_modules/playwright-core/lib/server/utils/zones.js", O_RDONLY|O_CLOEXEC) = 21
10489 openat(AT_FDCWD, "/home/runner/work/deckrender-acceptance/deckrender-acceptance/benchmark/artifacts/acceptance/runtimes/v0.3.1/node_modules/playwright-core/lib/server/utils/processLauncher.js", O_RDONLY|O_CLOEXEC) = 21
10489 openat(AT_FDCWD, "/home/runner/work/deckrender-acceptance/deckrender-acceptance/benchmark/artifacts/acceptance/runtimes/v0.3.1/node_modules/playwright-core/lib/server/utils/profiler.js", O_RDONLY|O_CLOEXEC) = 21
10489 openat(AT_FDCWD, "/home/runner/work/deckrender-acceptance/deckrender-acceptance/benchmark/artifacts/acceptance/runtimes/v0.3.1/node_modules/playwright-core/lib/server/utils/socksProxy.js", O_RDONLY|O_CLOEXEC) = 21
10489 openat(AT_FDCWD, "/home/runner/work/deckrender-acceptance/deckrender-acceptance/benchmark/artifacts/acceptance/runtimes/v0.3.1/node_modules/playwright-core/lib/server/utils/task.js", O_RDONLY|O_CLOEXEC) = 21
10489 openat(AT_FDCWD, "/home/runner/work/deckrender-acceptance/deckrender-acceptance/benchmark/artifacts/acceptance/runtimes/v0.3.1/node_modules/playwright-core/lib/server/utils/wsServer.js", O_RDONLY|O_CLOEXEC) = 21
10489 openat(AT_FDCWD, "/home/runner/work/deckrender-acceptance/deckrender-acceptance/benchmark/artifacts/acceptance/runtimes/v0.3.1/node_modules/playwright-core/lib/server/utils/zipFile.js", O_RDONLY|O_CLOEXEC) = 21
10489 openat(AT_FDCWD, "/home/runner/work/deckrender-acceptance/deckrender-acceptance/benchmark/artifacts/acceptance/runtimes/v0.3.1/node_modules/playwright-core/browsers.json", O_RDONLY|O_CLOEXEC) = 21
10489 openat(AT_FDCWD, "/home/runner/work/deckrender-acceptance/deckrender-acceptance/benchmark/artifacts/acceptance/runtimes/v0.3.1/node_modules/playwright-core/lib/server/dispatchers/dispatcher.js", O_RDONLY|O_CLOEXEC) = 21
10489 openat(AT_FDCWD, "/home/runner/work/deckrender-acceptance/deckrender-acceptance/benchmark/artifacts/acceptance/runtimes/v0.3.1/node_modules/playwright-core/lib/protocol/validator.js", O_RDONLY|O_CLOEXEC) = 21
10489 openat(AT_FDCWD, "/home/runner/work/deckrender-acceptance/deckrender-acceptance/benchmark/artifacts/acceptance/runtimes/v0.3.1/node_modules/playwright-core/lib/protocol/validatorPrimitives.js", O_RDONLY|O_CLOEXEC) = 21
10489 openat(AT_FDCWD, "/home/runner/work/deckrender-acceptance/deckrender-acceptance/benchmark/artifacts/acceptance/runtimes/v0.3.1/node_modules/playwright-core/lib/server/errors.js", O_RDONLY|O_CLOEXEC) = 21
10489 openat(AT_FDCWD, "/home/runner/work/deckrender-acceptance/deckrender-acceptance/benchmark/artifacts/acceptance/runtimes/v0.3.1/node_modules/playwright-core/lib/protocol/serializers.js", O_RDONLY|O_CLOEXEC) = 21
10489 openat(AT_FDCWD, "/home/runner/work/deckrender-acceptance/deckrender-acceptance/benchmark/artifacts/acceptance/runtimes/v0.3.1/node_modules/playwright-core/lib/server/instrumentation.js", O_RDONLY|O_CLOEXEC) = 21
10489 openat(AT_FDCWD, "/home/runner/work/deckrender-acceptance/deckrender-acceptance/benchmark/artifacts/acceptance/runtimes/v0.3.1/node_modules/playwright-core/lib/server/protocolError.js", O_RDONLY|O_CLOEXEC) = 21
10489 openat(AT_FDCWD, "/home/runner/work/deckrender-acceptance/deckrender-acceptance/benchmark/artifacts/acceptance/runtimes/v0.3.1/node_modules/playwright-core/lib/server/callLog.js", O_RDONLY|O_CLOEXEC) = 21
10489 openat(AT_FDCWD, "/home/runner/work/deckrender-acceptance/deckrender-acceptance/benchmark/artifacts/acceptance/runtimes/v0.3.1/node_modules/playwright-core/lib/server/progress.js", O_RDONLY|O_CLOEXEC) = 21
10489 openat(AT_FDCWD, "/home/runner/work/deckrender-acceptance/deckrender-acceptance/benchmark/artifacts/acceptance/runtimes/v0.3.1/node_modules/playwright-core/lib/server/dispatchers/playwrightDispatcher.js", O_RDONLY|O_CLOEXEC) = 21
10489 openat(AT_FDCWD, "/home/runner/work/deckrender-acceptance/deckrender-acceptance/benchmark/artifacts/acceptance/runtimes/v0.3.1/node_modules/playwright-core/lib/server/fetch.js", O_RDONLY|O_CLOEXEC) = 21
10489 openat(AT_FDCWD, "/home/runner/work/deckrender-acceptance/deckrender-acceptance/benchmark/artifacts/acceptance/runtimes/v0.3.1/node_modules/playwright-core/lib/server/browserContext.js", O_RDONLY|O_CLOEXEC) = 21
10489 openat(AT_FDCWD, "/home/runner/work/deckrender-acceptance/deckrender-acceptance/benchmark/artifacts/acceptance/runtimes/v0.3.1/node_modules/playwright-core/lib/server/clock.js", O_RDONLY|O_CLOEXEC) = 21
10489 openat(AT_FDCWD, "/home/runner/work/deckrender-acceptance/deckrender-acceptance/benchmark/artifacts/acceptance/runtimes/v0.3.1/node_modules/playwright-core/lib/generated/clockSource.js", O_RDONLY|O_CLOEXEC) = 21
10489 openat(AT_FDCWD, "/home/runner/work/deckrender-acceptance/deckrender-acceptance/benchmark/artifacts/acceptance/runtimes/v0.3.1/node_modules/playwright-core/lib/server/debugger.js", O_RDONLY|O_CLOEXEC) = 21
10489 openat(AT_FDCWD, "/home/runner/work/deckrender-acceptance/deckrender-acceptance/benchmark/artifacts/acceptance/runtimes/v0.3.1/node_modules/playwright-core/lib/server/dialog.js", O_RDONLY|O_CLOEXEC) = 21
10489 openat(AT_FDCWD, "/home/runner/work/deckrender-acceptance/deckrender-acceptance/benchmark/artifacts/acceptance/runtimes/v0.3.1/node_modules/playwright-core/lib/server/har/harRecorder.js", O_RDONLY|O_CLOEXEC) = 21
10489 openat(AT_FDCWD, "/home/runner/work/deckrender-acceptance/deckrender-acceptance/benchmark/artifacts/acceptance/runtimes/v0.3.1/node_modules/playwright-core/lib/server/artifact.js", O_RDONLY|O_CLOEXEC) = 21
10489 openat(AT_FDCWD, "/home/runner/work/deckrender-acceptance/deckrender-acceptance/benchmark/artifacts/acceptance/runtimes/v0.3.1/node_modules/playwright-core/lib/server/har/harTracer.js", O_RDONLY|O_CLOEXEC) = 21
10489 openat(AT_FDCWD, "/home/runner/work/deckrender-acceptance/deckrender-acceptance/benchmark/artifacts/acceptance/runtimes/v0.3.1/node_modules/playwright-core/lib/server/frames.js", O_RDONLY|O_CLOEXEC) = 21
10489 openat(AT_FDCWD, "/home/runner/work/deckrender-acceptance/deckrender-acceptance/benchmark/artifacts/acceptance/runtimes/v0.3.1/node_modules/playwright-core/lib/server/dom.js", O_RDONLY|O_CLOEXEC) = 21
10489 openat(AT_FDCWD, "/home/runner/work/deckrender-acceptance/deckrender-acceptance/benchmark/artifacts/acceptance/runtimes/v0.3.1/node_modules/playwright-core/lib/server/javascript.js", O_RDONLY|O_CLOEXEC) = 21
10489 openat(AT_FDCWD, "/home/runner/work/deckrender-acceptance/deckrender-acceptance/benchmark/artifacts/acceptance/runtimes/v0.3.1/node_modules/playwright-core/lib/generated/utilityScriptSource.js", O_RDONLY|O_CLOEXEC) = 21
10489 openat(AT_FDCWD, "/home/runner/work/deckrender-acceptance/deckrender-acceptance/benchmark/artifacts/acceptance/runtimes/v0.3.1/node_modules/playwright-core/lib/utils/isomorphic/utilityScriptSerializers.js", O_RDONLY|O_CLOEXEC) = 21
10489 openat(AT_FDCWD, "/home/runner/work/deckrender-acceptance/deckrender-acceptance/benchmark/artifacts/acceptance/runtimes/v0.3.1/node_modules/playwright-core/lib/server/fileUploadUtils.js", O_RDONLY|O_CLOEXEC) = 21
10489 openat(AT_FDCWD, "/home/runner/work/deckrender-acceptance/deckrender-acceptance/benchmark/artifacts/acceptance/runtimes/v0.3.1/node_modules/playwright-core/lib/generated/injectedScriptSource.js", O_RDONLY|O_CLOEXEC) = 21
10489 openat(AT_FDCWD, "/home/runner/work/deckrender-acceptance/deckrender-acceptance/benchmark/artifacts/acceptance/runtimes/v0.3.1/node_modules/playwright-core/lib/server/frameSelectors.js", O_RDONLY|O_CLOEXEC) = 21
10489 openat(AT_FDCWD, "/home/runner/work/deckrender-acceptance/deckrender-acceptance/benchmark/artifacts/acceptance/runtimes/v0.3.1/node_modules/playwright-core/lib/server/helper.js", O_RDONLY|O_CLOEXEC) = 21
10489 openat(AT_FDCWD, "/home/runner/work/deckrender-acceptance/deckrender-acceptance/benchmark/artifacts/acceptance/runtimes/v0.3.1/node_modules/playwright-core/lib/server/network.js", O_RDONLY|O_CLOEXEC) = 21
10489 openat(AT_FDCWD, "/home/runner/work/deckrender-acceptance/deckrender-acceptance/benchmark/artifacts/acceptance/runtimes/v0.3.1/node_modules/playwright-core/lib/server/page.js", O_RDONLY|O_CLOEXEC) = 21
10489 openat(AT_FDCWD, "/home/runner/work/deckrender-acceptance/deckrender-acceptance/benchmark/artifacts/acceptance/runtimes/v0.3.1/node_modules/playwright-core/lib/server/accessibility.js", O_RDONLY|O_CLOEXEC) = 21
10489 openat(AT_FDCWD, "/home/runner/work/deckrender-acceptance/deckrender-acceptance/benchmark/artifacts/acceptance/runtimes/v0.3.1/node_modules/playwright-core/lib/server/console.js", O_RDONLY|O_CLOEXEC) = 21
10489 openat(AT_FDCWD, "/home/runner/work/deckrender-acceptance/deckrender-acceptance/benchmark/artifacts/acceptance/runtimes/v0.3.1/node_modules/playwright-core/lib/server/fileChooser.js", O_RDONLY|O_CLOEXEC) = 21
10489 openat(AT_FDCWD, "/home/runner/work/deckrender-acceptance/deckrender-acceptance/benchmark/artifacts/acceptance/runtimes/v0.3.1/node_modules/playwright-core/lib/server/input.js", O_RDONLY|O_CLOEXEC) = 21
10489 openat(AT_FDCWD, "/home/runner/work/deckrender-acceptance/deckrender-acceptance/benchmark/artifacts/acceptance/runtimes/v0.3.1/node_modules/playwright-core/lib/server/usKeyboardLayout.js", O_RDONLY|O_CLOEXEC) = 21
10489 openat(AT_FDCWD, "/home/runner/work/deckrender-acceptance/deckrender-acceptance/benchmark/artifacts/acceptance/runtimes/v0.3.1/node_modules/playwright-core/lib/server/screenshotter.js", O_RDONLY|O_CLOEXEC) = 21
10489 openat(AT_FDCWD, "/home/runner/work/deckrender-acceptance/deckrender-acceptance/benchmark/artifacts/acceptance/runtimes/v0.3.1/node_modules/playwright-core/lib/generated/bindingsControllerSource.js", O_RDONLY|O_CLOEXEC) = 21
10489 openat(AT_FDCWD, "/home/runner/work/deckrender-acceptance/deckrender-acceptance/benchmark/artifacts/acceptance/runtimes/v0.3.1/node_modules/playwright-core/lib/server/types.js", O_RDONLY|O_CLOEXEC) = 21
10489 openat(AT_FDCWD, "/home/runner/work/deckrender-acceptance/deckrender-acceptance/benchmark/artifacts/acceptance/runtimes/v0.3.1/node_modules/playwright-core/lib/server/recorder/recorderApp.js", O_RDONLY|O_CLOEXEC) = 21
10489 openat(AT_FDCWD, "/home/runner/work/deckrender-acceptance/deckrender-acceptance/benchmark/artifacts/acceptance/runtimes/v0.3.1/node_modules/playwright-core/lib/server/launchApp.js", O_RDONLY|O_CLOEXEC) = 21
10489 openat(AT_FDCWD, "/home/runner/work/deckrender-acceptance/deckrender-acceptance/benchmark/artifacts/acceptance/runtimes/v0.3.1/node_modules/playwright-core/lib/server/recorder/throttledFile.js", O_RDONLY|O_CLOEXEC) = 21
10489 openat(AT_FDCWD, "/home/runner/work/deckrender-acceptance/deckrender-acceptance/benchmark/artifacts/acceptance/runtimes/v0.3.1/node_modules/playwright-core/lib/server/codegen/languages.js", O_RDONLY|O_CLOEXEC) = 21
10489 openat(AT_FDCWD, "/home/runner/work/deckrender-acceptance/deckrender-acceptance/benchmark/artifacts/acceptance/runtimes/v0.3.1/node_modules/playwright-core/lib/server/codegen/csharp.js", O_RDONLY|O_CLOEXEC) = 21
10489 openat(AT_FDCWD, "/home/runner/work/deckrender-acceptance/deckrender-acceptance/benchmark/artifacts/acceptance/runtimes/v0.3.1/node_modules/playwright-core/lib/server/codegen/language.js", O_RDONLY|O_CLOEXEC) = 21
10489 openat(AT_FDCWD, "/home/runner/work/deckrender-acceptance/deckrender-acceptance/benchmark/artifacts/acceptance/runtimes/v0.3.1/node_modules/playwright-core/lib/server/deviceDescriptors.js", O_RDONLY|O_CLOEXEC) = 21
10489 openat(AT_FDCWD, "/home/runner/work/deckrender-acceptance/deckrender-acceptance/benchmark/artifacts/acceptance/runtimes/v0.3.1/node_modules/playwright-core/lib/server/deviceDescriptorsSource.json", O_RDONLY|O_CLOEXEC) = 21
10489 openat(AT_FDCWD, "/home/runner/work/deckrender-acceptance/deckrender-acceptance/benchmark/artifacts/acceptance/runtimes/v0.3.1/node_modules/playwright-core/lib/server/codegen/java.js", O_RDONLY|O_CLOEXEC) = 21
10489 openat(AT_FDCWD, "/home/runner/work/deckrender-acceptance/deckrender-acceptance/benchmark/artifacts/acceptance/runtimes/v0.3.1/node_modules/playwright-core/lib/server/codegen/javascript.js", O_RDONLY|O_CLOEXEC) = 21
10489 openat(AT_FDCWD, "/home/runner/work/deckrender-acceptance/deckrender-acceptance/benchmark/artifacts/acceptance/runtimes/v0.3.1/node_modules/playwright-core/lib/server/codegen/jsonl.js", O_RDONLY|O_CLOEXEC) = 21
10489 openat(AT_FDCWD, "/home/runner/work/deckrender-acceptance/deckrender-acceptance/benchmark/artifacts/acceptance/runtimes/v0.3.1/node_modules/playwright-core/lib/server/codegen/python.js", O_RDONLY|O_CLOEXEC) = 21
10489 openat(AT_FDCWD, "/home/runner/work/deckrender-acceptance/deckrender-acceptance/benchmark/artifacts/acceptance/runtimes/v0.3.1/node_modules/playwright-core/lib/server/recorder/recorderUtils.js", O_RDONLY|O_CLOEXEC) = 21
10489 openat(AT_FDCWD, "/home/runner/work/deckrender-acceptance/deckrender-acceptance/benchmark/artifacts/acceptance/runtimes/v0.3.1/node_modules/playwright-core/lib/server/recorder.js", O_RDONLY|O_CLOEXEC) = 21
10489 openat(AT_FDCWD, "/home/runner/work/deckrender-acceptance/deckrender-acceptance/benchmark/artifacts/acceptance/runtimes/v0.3.1/node_modules/playwright-core/lib/utils/isomorphic/locatorParser.js", O_RDONLY|O_CLOEXEC) = 21
10489 openat(AT_FDCWD, "/home/runner/work/deckrender-acceptance/deckrender-acceptance/benchmark/artifacts/acceptance/runtimes/v0.3.1/node_modules/playwright-core/lib/server/recorder/recorderSignalProcessor.js", O_RDONLY|O_CLOEXEC) = 21
10489 openat(AT_FDCWD, "/home/runner/work/deckrender-acceptance/deckrender-acceptance/benchmark/artifacts/acceptance/runtimes/v0.3.1/node_modules/playwright-core/lib/generated/pollingRecorderSource.js", O_RDONLY|O_CLOEXEC) = 21
10489 openat(AT_FDCWD, "/home/runner/work/deckrender-acceptance/deckrender-acceptance/benchmark/artifacts/acceptance/runtimes/v0.3.1/node_modules/playwright-core/lib/server/recorder/recorderRunner.js", O_RDONLY|O_CLOEXEC) = 21
10489 openat(AT_FDCWD, "/home/runner/work/deckrender-acceptance/deckrender-acceptance/benchmark/artifacts/acceptance/runtimes/v0.3.1/node_modules/playwright-core/lib/server/selectors.js", O_RDONLY|O_CLOEXEC) = 21
10489 openat(AT_FDCWD, "/home/runner/work/deckrender-acceptance/deckrender-acceptance/benchmark/artifacts/acceptance/runtimes/v0.3.1/node_modules/playwright-core/lib/server/trace/recorder/tracing.js", O_RDONLY|O_CLOEXEC) = 21
10489 openat(AT_FDCWD, "/home/runner/work/deckrender-acceptance/deckrender-acceptance/benchmark/artifacts/acceptance/runtimes/v0.3.1/node_modules/playwright-core/lib/server/trace/recorder/snapshotter.js", O_RDONLY|O_CLOEXEC) = 21
10489 openat(AT_FDCWD, "/home/runner/work/deckrender-acceptance/deckrender-acceptance/benchmark/artifacts/acceptance/runtimes/v0.3.1/node_modules/playwright-core/lib/server/trace/recorder/snapshotterInjected.js", O_RDONLY|O_CLOEXEC) = 21
10489 openat(AT_FDCWD, "/home/runner/work/deckrender-acceptance/deckrender-acceptance/benchmark/artifacts/acceptance/runtimes/v0.3.1/node_modules/playwright-core/lib/generated/storageScriptSource.js", O_RDONLY|O_CLOEXEC) = 21
10489 openat(AT_FDCWD, "/home/runner/work/deckrender-acceptance/deckrender-acceptance/benchmark/artifacts/acceptance/runtimes/v0.3.1/node_modules/playwright-core/lib/server/cookieStore.js", O_RDONLY|O_CLOEXEC) = 21
10489 openat(AT_FDCWD, "/home/runner/work/deckrender-acceptance/deckrender-acceptance/benchmark/artifacts/acceptance/runtimes/v0.3.1/node_modules/playwright-core/lib/server/formData.js", O_RDONLY|O_CLOEXEC) = 21
10489 openat(AT_FDCWD, "/home/runner/work/deckrender-acceptance/deckrender-acceptance/benchmark/artifacts/acceptance/runtimes/v0.3.1/node_modules/playwright-core/lib/server/socksClientCertificatesInterceptor.js", O_RDONLY|O_CLOEXEC) = 21
10489 openat(AT_FDCWD, "/home/runner/work/deckrender-acceptance/deckrender-acceptance/benchmark/artifacts/acceptance/runtimes/v0.3.1/node_modules/playwright-core/lib/server/dispatchers/androidDispatcher.js", O_RDONLY|O_CLOEXEC) = 21
10489 openat(AT_FDCWD, "/home/runner/work/deckrender-acceptance/deckrender-acceptance/benchmark/artifacts/acceptance/runtimes/v0.3.1/node_modules/playwright-core/lib/server/dispatchers/browserContextDispatcher.js", O_RDONLY|O_CLOEXEC) = 21
10489 openat(AT_FDCWD, "/home/runner/work/deckrender-acceptance/deckrender-acceptance/benchmark/artifacts/acceptance/runtimes/v0.3.1/node_modules/playwright-core/lib/server/dispatchers/artifactDispatcher.js", O_RDONLY|O_CLOEXEC) = 21
10489 openat(AT_FDCWD, "/home/runner/work/deckrender-acceptance/deckrender-acceptance/benchmark/artifacts/acceptance/runtimes/v0.3.1/node_modules/playwright-core/lib/server/dispatchers/streamDispatcher.js", O_RDONLY|O_CLOEXEC) = 21
10489 openat(AT_FDCWD, "/home/runner/work/deckrender-acceptance/deckrender-acceptance/benchmark/artifacts/acceptance/runtimes/v0.3.1/node_modules/playwright-core/lib/server/dispatchers/cdpSessionDispatcher.js", O_RDONLY|O_CLOEXEC) = 21
10489 openat(AT_FDCWD, "/home/runner/work/deckrender-acceptance/deckrender-acceptance/benchmark/artifacts/acceptance/runtimes/v0.3.1/node_modules/playwright-core/lib/server/chromium/crConnection.js", O_RDONLY|O_CLOEXEC) = 21
10489 openat(AT_FDCWD, "/home/runner/work/deckrender-acceptance/deckrender-acceptance/benchmark/artifacts/acceptance/runtimes/v0.3.1/node_modules/playwright-core/lib/server/dispatchers/dialogDispatcher.js", O_RDONLY|O_CLOEXEC) = 21
10489 openat(AT_FDCWD, "/home/runner/work/deckrender-acceptance/deckrender-acceptance/benchmark/artifacts/acceptance/runtimes/v0.3.1/node_modules/playwright-core/lib/server/dispatchers/pageDispatcher.js", O_RDONLY|O_CLOEXEC) = 21
10489 openat(AT_FDCWD, "/home/runner/work/deckrender-acceptance/deckrender-acceptance/benchmark/artifacts/acceptance/runtimes/v0.3.1/node_modules/playwright-core/lib/server/dispatchers/elementHandlerDispatcher.js", O_RDONLY|O_CLOEXEC) = 21
10489 openat(AT_FDCWD, "/home/runner/work/deckrender-acceptance/deckrender-acceptance/benchmark/artifacts/acceptance/runtimes/v0.3.1/node_modules/playwright-core/lib/server/dispatchers/frameDispatcher.js", O_RDONLY|O_CLOEXEC) = 21
10489 openat(AT_FDCWD, "/home/runner/work/deckrender-acceptance/deckrender-acceptance/benchmark/artifacts/acceptance/runtimes/v0.3.1/node_modules/playwright-core/lib/server/dispatchers/jsHandleDispatcher.js", O_RDONLY|O_CLOEXEC) = 21
10489 openat(AT_FDCWD, "/home/runner/work/deckrender-acceptance/deckrender-acceptance/benchmark/artifacts/acceptance/runtimes/v0.3.1/node_modules/playwright-core/lib/server/dispatchers/networkDispatchers.js", O_RDONLY|O_CLOEXEC) = 21
10489 openat(AT_FDCWD, "/home/runner/work/deckrender-acceptance/deckrender-acceptance/benchmark/artifacts/acceptance/runtimes/v0.3.1/node_modules/playwright-core/lib/server/dispatchers/tracingDispatcher.js", O_RDONLY|O_CLOEXEC) = 21
10489 openat(AT_FDCWD, "/home/runner/work/deckrender-acceptance/deckrender-acceptance/benchmark/artifacts/acceptance/runtimes/v0.3.1/node_modules/playwright-core/lib/server/dispatchers/webSocketRouteDispatcher.js", O_RDONLY|O_CLOEXEC) = 21
10489 openat(AT_FDCWD, "/home/runner/work/deckrender-acceptance/deckrender-acceptance/benchmark/artifacts/acceptance/runtimes/v0.3.1/node_modules/playwright-core/lib/generated/webSocketMockSource.js", O_RDONLY|O_CLOEXEC) = 21
10489 openat(AT_FDCWD, "/home/runner/work/deckrender-acceptance/deckrender-acceptance/benchmark/artifacts/acceptance/runtimes/v0.3.1/node_modules/playwright-core/lib/server/chromium/crBrowser.js", O_RDONLY|O_CLOEXEC) = 21
10489 openat(AT_FDCWD, "/home/runner/work/deckrender-acceptance/deckrender-acceptance/benchmark/artifacts/acceptance/runtimes/v0.3.1/node_modules/playwright-core/lib/server/browser.js", O_RDONLY|O_CLOEXEC) = 21
10489 openat(AT_FDCWD, "/home/runner/work/deckrender-acceptance/deckrender-acceptance/benchmark/artifacts/acceptance/runtimes/v0.3.1/node_modules/playwright-core/lib/server/download.js", O_RDONLY|O_CLOEXEC) = 21
10489 openat(AT_FDCWD, "/home/runner/work/deckrender-acceptance/deckrender-acceptance/benchmark/artifacts/acceptance/runtimes/v0.3.1/node_modules/playwright-core/lib/server/chromium/crPage.js", O_RDONLY|O_CLOEXEC) = 21
10489 openat(AT_FDCWD, "/home/runner/work/deckrender-acceptance/deckrender-acceptance/benchmark/artifacts/acceptance/runtimes/v0.3.1/node_modules/playwright-core/lib/server/registry/package.json", O_RDONLY|O_CLOEXEC) = -1 ENOENT (No such file or directory)
10489 openat(AT_FDCWD, "/home/runner/work/deckrender-acceptance/deckrender-acceptance/benchmark/artifacts/acceptance/runtimes/v0.3.1/node_modules/playwright-core/lib/server/chromium/crAccessibility.js", O_RDONLY|O_CLOEXEC) = 21
10489 openat(AT_FDCWD, "/home/runner/work/deckrender-acceptance/deckrender-acceptance/benchmark/artifacts/acceptance/runtimes/v0.3.1/node_modules/playwright-core/lib/server/chromium/crCoverage.js", O_RDONLY|O_CLOEXEC) = 21
10489 openat(AT_FDCWD, "/home/runner/work/deckrender-acceptance/deckrender-acceptance/benchmark/artifacts/acceptance/runtimes/v0.3.1/node_modules/playwright-core/lib/server/chromium/crDragDrop.js", O_RDONLY|O_CLOEXEC) = 21
10489 openat(AT_FDCWD, "/home/runner/work/deckrender-acceptance/deckrender-acceptance/benchmark/artifacts/acceptance/runtimes/v0.3.1/node_modules/playwright-core/lib/server/chromium/crProtocolHelper.js", O_RDONLY|O_CLOEXEC) = 21
10489 openat(AT_FDCWD, "/home/runner/work/deckrender-acceptance/deckrender-acceptance/benchmark/artifacts/acceptance/runtimes/v0.3.1/node_modules/playwright-core/lib/server/chromium/crExecutionContext.js", O_RDONLY|O_CLOEXEC) = 21
10489 openat(AT_FDCWD, "/home/runner/work/deckrender-acceptance/deckrender-acceptance/benchmark/artifacts/acceptance/runtimes/v0.3.1/node_modules/playwright-core/lib/server/chromium/crInput.js", O_RDONLY|O_CLOEXEC) = 21
10489 openat(AT_FDCWD, "/home/runner/work/deckrender-acceptance/deckrender-acceptance/benchmark/artifacts/acceptance/runtimes/v0.3.1/node_modules/playwright-core/lib/server/macEditingCommands.js", O_RDONLY|O_CLOEXEC) = 21
10489 openat(AT_FDCWD, "/home/runner/work/deckrender-acceptance/deckrender-acceptance/benchmark/artifacts/acceptance/runtimes/v0.3.1/node_modules/playwright-core/lib/server/chromium/crNetworkManager.js", O_RDONLY|O_CLOEXEC) = 21
10489 openat(AT_FDCWD, "/home/runner/work/deckrender-acceptance/deckrender-acceptance/benchmark/artifacts/acceptance/runtimes/v0.3.1/node_modules/playwright-core/lib/server/chromium/crPdf.js", O_RDONLY|O_CLOEXEC) = 21
10489 openat(AT_FDCWD, "/home/runner/work/deckrender-acceptance/deckrender-acceptance/benchmark/artifacts/acceptance/runtimes/v0.3.1/node_modules/playwright-core/lib/server/chromium/defaultFontFamilies.js", O_RDONLY|O_CLOEXEC) = 21
10489 openat(AT_FDCWD, "/home/runner/work/deckrender-acceptance/deckrender-acceptance/benchmark/artifacts/acceptance/runtimes/v0.3.1/node_modules/playwright-core/lib/server/chromium/videoRecorder.js", O_RDONLY|O_CLOEXEC) = 21
10489 openat(AT_FDCWD, "/home/runner/work/deckrender-acceptance/deckrender-acceptance/benchmark/artifacts/acceptance/runtimes/v0.3.1/node_modules/playwright-core/lib/server/chromium/crServiceWorker.js", O_RDONLY|O_CLOEXEC) = 21
10489 openat(AT_FDCWD, "/home/runner/work/deckrender-acceptance/deckrender-acceptance/benchmark/artifacts/acceptance/runtimes/v0.3.1/node_modules/playwright-core/lib/server/dispatchers/writableStreamDispatcher.js", O_RDONLY|O_CLOEXEC) = 21
10489 openat(AT_FDCWD, "/home/runner/work/deckrender-acceptance/deckrender-acceptance/benchmark/artifacts/acceptance/runtimes/v0.3.1/node_modules/playwright-core/lib/server/android/android.js", O_RDONLY|O_CLOEXEC) = 21
10489 openat(AT_FDCWD, "/home/runner/work/deckrender-acceptance/deckrender-acceptance/benchmark/artifacts/acceptance/runtimes/v0.3.1/node_modules/playwright-core/lib/server/utils/pipeTransport.js", O_RDONLY|O_CLOEXEC) = 21
10489 openat(AT_FDCWD, "/home/runner/work/deckrender-acceptance/deckrender-acceptance/benchmark/artifacts/acceptance/runtimes/v0.3.1/node_modules/playwright-core/lib/server/chromium/chromiumSwitches.js", O_RDONLY|O_CLOEXEC) = 21
10489 openat(AT_FDCWD, "/home/runner/work/deckrender-acceptance/deckrender-acceptance/benchmark/artifacts/acceptance/runtimes/v0.3.1/node_modules/playwright-core/lib/server/registry/package.json", O_RDONLY|O_CLOEXEC) = -1 ENOENT (No such file or directory)
10489 openat(AT_FDCWD, "/home/runner/work/deckrender-acceptance/deckrender-acceptance/benchmark/artifacts/acceptance/runtimes/v0.3.1/node_modules/playwright-core/lib/server/dispatchers/browserDispatcher.js", O_RDONLY|O_CLOEXEC) = 21
10489 openat(AT_FDCWD, "/home/runner/work/deckrender-acceptance/deckrender-acceptance/benchmark/artifacts/acceptance/runtimes/v0.3.1/node_modules/playwright-core/lib/server/dispatchers/browserTypeDispatcher.js", O_RDONLY|O_CLOEXEC) = 21
10489 openat(AT_FDCWD, "/home/runner/work/deckrender-acceptance/deckrender-acceptance/benchmark/artifacts/acceptance/runtimes/v0.3.1/node_modules/playwright-core/lib/server/dispatchers/electronDispatcher.js", O_RDONLY|O_CLOEXEC) = 21
10489 openat(AT_FDCWD, "/home/runner/work/deckrender-acceptance/deckrender-acceptance/benchmark/artifacts/acceptance/runtimes/v0.3.1/node_modules/playwright-core/lib/server/electron/electron.js", O_RDONLY|O_CLOEXEC) = 21
10489 openat(AT_FDCWD, "/home/runner/work/deckrender-acceptance/deckrender-acceptance/benchmark/artifacts/acceptance/runtimes/v0.3.1/node_modules/playwright-core/lib/server/transport.js", O_RDONLY|O_CLOEXEC) = 21
10489 openat(AT_FDCWD, "/home/runner/work/deckrender-acceptance/deckrender-acceptance/benchmark/artifacts/acceptance/runtimes/v0.3.1/node_modules/playwright-core/lib/server/dispatchers/localUtilsDispatcher.js", O_RDONLY|O_CLOEXEC) = 21
10489 openat(AT_FDCWD, "/home/runner/work/deckrender-acceptance/deckrender-acceptance/benchmark/artifacts/acceptance/runtimes/v0.3.1/node_modules/playwright-core/lib/server/localUtils.js", O_RDONLY|O_CLOEXEC) = 21
10489 openat(AT_FDCWD, "/home/runner/work/deckrender-acceptance/deckrender-acceptance/benchmark/artifacts/acceptance/runtimes/v0.3.1/node_modules/playwright-core/lib/server/harBackend.js", O_RDONLY|O_CLOEXEC) = 21
10489 openat(AT_FDCWD, "/home/runner/work/deckrender-acceptance/deckrender-acceptance/benchmark/artifacts/acceptance/runtimes/v0.3.1/node_modules/playwright-core/lib/utils/isomorphic/traceUtils.js", O_RDONLY|O_CLOEXEC) = 21
10489 openat(AT_FDCWD, "/home/runner/work/deckrender-acceptance/deckrender-acceptance/benchmark/artifacts/acceptance/runtimes/v0.3.1/node_modules/playwright-core/lib/server/dispatchers/jsonPipeDispatcher.js", O_RDONLY|O_CLOEXEC) = 21
10489 openat(AT_FDCWD, "/home/runner/work/deckrender-acceptance/deckrender-acceptance/benchmark/artifacts/acceptance/runtimes/v0.3.1/node_modules/playwright-core/lib/server/socksInterceptor.js", O_RDONLY|O_CLOEXEC) = 21
10489 openat(AT_FDCWD, "/home/runner/work/deckrender-acceptance/deckrender-acceptance/benchmark/artifacts/acceptance/runtimes/v0.3.1/node_modules/playwright-core/lib/server/playwright.js", O_RDONLY|O_CLOEXEC) = 21
10489 openat(AT_FDCWD, "/home/runner/work/deckrender-acceptance/deckrender-acceptance/benchmark/artifacts/acceptance/runtimes/v0.3.1/node_modules/playwright-core/lib/server/android/backendAdb.js", O_RDONLY|O_CLOEXEC) = 21
10489 openat(AT_FDCWD, "/home/runner/work/deckrender-acceptance/deckrender-acceptance/benchmark/artifacts/acceptance/runtimes/v0.3.1/node_modules/playwright-core/lib/server/bidi/bidiChromium.js", O_RDONLY|O_CLOEXEC) = 21
10489 openat(AT_FDCWD, "/home/runner/work/deckrender-acceptance/deckrender-acceptance/benchmark/artifacts/acceptance/runtimes/v0.3.1/node_modules/playwright-core/lib/server/browserType.js", O_RDONLY|O_CLOEXEC) = 21
10489 openat(AT_FDCWD, "/home/runner/work/deckrender-acceptance/deckrender-acceptance/benchmark/artifacts/acceptance/runtimes/v0.3.1/node_modules/playwright-core/lib/server/pipeTransport.js", O_RDONLY|O_CLOEXEC) = 21
10489 openat(AT_FDCWD, "/home/runner/work/deckrender-acceptance/deckrender-acceptance/benchmark/artifacts/acceptance/runtimes/v0.3.1/node_modules/playwright-core/lib/server/bidi/bidiBrowser.js", O_RDONLY|O_CLOEXEC) = 21
10489 openat(AT_FDCWD, "/home/runner/work/deckrender-acceptance/deckrender-acceptance/benchmark/artifacts/acceptance/runtimes/v0.3.1/node_modules/playwright-core/lib/server/bidi/bidiConnection.js", O_RDONLY|O_CLOEXEC) = 21
10489 openat(AT_FDCWD, "/home/runner/work/deckrender-acceptance/deckrender-acceptance/benchmark/artifacts/acceptance/runtimes/v0.3.1/node_modules/playwright-core/lib/server/bidi/bidiNetworkManager.js", O_RDONLY|O_CLOEXEC) = 21
10489 openat(AT_FDCWD, "/home/runner/work/deckrender-acceptance/deckrender-acceptance/benchmark/artifacts/acceptance/runtimes/v0.3.1/node_modules/playwright-core/lib/server/bidi/third_party/bidiProtocol.js", O_RDONLY|O_CLOEXEC) = 21
10489 openat(AT_FDCWD, "/home/runner/work/deckrender-acceptance/deckrender-acceptance/benchmark/artifacts/acceptance/runtimes/v0.3.1/node_modules/playwright-core/lib/server/bidi/third_party/bidiProtocolCore.js", O_RDONLY|O_CLOEXEC) = 21
10489 openat(AT_FDCWD, "/home/runner/work/deckrender-acceptance/deckrender-acceptance/benchmark/artifacts/acceptance/runtimes/v0.3.1/node_modules/playwright-core/lib/server/bidi/third_party/bidiProtocolPermissions.js", O_RDONLY|O_CLOEXEC) = 21
10489 openat(AT_FDCWD, "/home/runner/work/deckrender-acceptance/deckrender-acceptance/benchmark/artifacts/acceptance/runtimes/v0.3.1/node_modules/playwright-core/lib/server/bidi/bidiPage.js", O_RDONLY|O_CLOEXEC) = 21
10489 openat(AT_FDCWD, "/home/runner/work/deckrender-acceptance/deckrender-acceptance/benchmark/artifacts/acceptance/runtimes/v0.3.1/node_modules/playwright-core/lib/server/bidi/bidiExecutionContext.js", O_RDONLY|O_CLOEXEC) = 21
10489 openat(AT_FDCWD, "/home/runner/work/deckrender-acceptance/deckrender-acceptance/benchmark/artifacts/acceptance/runtimes/v0.3.1/node_modules/playwright-core/lib/server/bidi/third_party/bidiDeserializer.js", O_RDONLY|O_CLOEXEC) = 21
10489 openat(AT_FDCWD, "/home/runner/work/deckrender-acceptance/deckrender-acceptance/benchmark/artifacts/acceptance/runtimes/v0.3.1/node_modules/playwright-core/lib/server/bidi/third_party/bidiSerializer.js", O_RDONLY|O_CLOEXEC) = 21
10489 openat(AT_FDCWD, "/home/runner/work/deckrender-acceptance/deckrender-acceptance/benchmark/artifacts/acceptance/runtimes/v0.3.1/node_modules/playwright-core/lib/server/bidi/bidiInput.js", O_RDONLY|O_CLOEXEC) = 21
10489 openat(AT_FDCWD, "/home/runner/work/deckrender-acceptance/deckrender-acceptance/benchmark/artifacts/acceptance/runtimes/v0.3.1/node_modules/playwright-core/lib/server/bidi/third_party/bidiKeyboard.js", O_RDONLY|O_CLOEXEC) = 21
10489 openat(AT_FDCWD, "/home/runner/work/deckrender-acceptance/deckrender-acceptance/benchmark/artifacts/acceptance/runtimes/v0.3.1/node_modules/playwright-core/lib/server/bidi/bidiPdf.js", O_RDONLY|O_CLOEXEC) = 21
10489 openat(AT_FDCWD, "/home/runner/work/deckrender-acceptance/deckrender-acceptance/benchmark/artifacts/acceptance/runtimes/v0.3.1/node_modules/playwright-core/lib/server/chromium/chromium.js", O_RDONLY|O_CLOEXEC) = 21
10489 openat(AT_FDCWD, "/home/runner/work/deckrender-acceptance/deckrender-acceptance/benchmark/artifacts/acceptance/runtimes/v0.3.1/node_modules/playwright-core/lib/server/chromium/crDevTools.js", O_RDONLY|O_CLOEXEC) = 21
10489 openat(AT_FDCWD, "/home/runner/work/deckrender-acceptance/deckrender-acceptance/benchmark/artifacts/acceptance/runtimes/v0.3.1/node_modules/playwright-core/lib/server/bidi/bidiFirefox.js", O_RDONLY|O_CLOEXEC) = 21
10489 openat(AT_FDCWD, "/home/runner/work/deckrender-acceptance/deckrender-acceptance/benchmark/artifacts/acceptance/runtimes/v0.3.1/node_modules/playwright-core/lib/server/bidi/third_party/firefoxPrefs.js", O_RDONLY|O_CLOEXEC) = 21
10489 openat(AT_FDCWD, "/home/runner/work/deckrender-acceptance/deckrender-acceptance/benchmark/artifacts/acceptance/runtimes/v0.3.1/node_modules/playwright-core/lib/server/debugController.js", O_RDONLY|O_CLOEXEC) = 21
10489 openat(AT_FDCWD, "/home/runner/work/deckrender-acceptance/deckrender-acceptance/benchmark/artifacts/acceptance/runtimes/v0.3.1/node_modules/playwright-core/lib/server/firefox/firefox.js", O_RDONLY|O_CLOEXEC) = 21
10489 openat(AT_FDCWD, "/home/runner/work/deckrender-acceptance/deckrender-acceptance/benchmark/artifacts/acceptance/runtimes/v0.3.1/node_modules/playwright-core/lib/server/firefox/ffBrowser.js", O_RDONLY|O_CLOEXEC) = 21
10489 openat(AT_FDCWD, "/home/runner/work/deckrender-acceptance/deckrender-acceptance/benchmark/artifacts/acceptance/runtimes/v0.3.1/node_modules/playwright-core/lib/server/firefox/ffConnection.js", O_RDONLY|O_CLOEXEC) = 21
10489 openat(AT_FDCWD, "/home/runner/work/deckrender-acceptance/deckrender-acceptance/benchmark/artifacts/acceptance/runtimes/v0.3.1/node_modules/playwright-core/lib/server/firefox/ffPage.js", O_RDONLY|O_CLOEXEC) = 21
10489 openat(AT_FDCWD, "/home/runner/work/deckrender-acceptance/deckrender-acceptance/benchmark/artifacts/acceptance/runtimes/v0.3.1/node_modules/playwright-core/lib/server/firefox/ffAccessibility.js", O_RDONLY|O_CLOEXEC) = 21
10489 openat(AT_FDCWD, "/home/runner/work/deckrender-acceptance/deckrender-acceptance/benchmark/artifacts/acceptance/runtimes/v0.3.1/node_modules/playwright-core/lib/server/firefox/ffExecutionContext.js", O_RDONLY|O_CLOEXEC) = 21
10489 openat(AT_FDCWD, "/home/runner/work/deckrender-acceptance/deckrender-acceptance/benchmark/artifacts/acceptance/runtimes/v0.3.1/node_modules/playwright-core/lib/server/firefox/ffInput.js", O_RDONLY|O_CLOEXEC) = 21
10489 openat(AT_FDCWD, "/home/runner/work/deckrender-acceptance/deckrender-acceptance/benchmark/artifacts/acceptance/runtimes/v0.3.1/node_modules/playwright-core/lib/server/firefox/ffNetworkManager.js", O_RDONLY|O_CLOEXEC) = 21
10489 openat(AT_FDCWD, "/home/runner/work/deckrender-acceptance/deckrender-acceptance/benchmark/artifacts/acceptance/runtimes/v0.3.1/node_modules/playwright-core/lib/server/webkit/webkit.js", O_RDONLY|O_CLOEXEC) = 21
10489 openat(AT_FDCWD, "/home/runner/work/deckrender-acceptance/deckrender-acceptance/benchmark/artifacts/acceptance/runtimes/v0.3.1/node_modules/playwright-core/lib/server/webkit/wkConnection.js", O_RDONLY|O_CLOEXEC) = 21
10489 openat(AT_FDCWD, "/home/runner/work/deckrender-acceptance/deckrender-acceptance/benchmark/artifacts/acceptance/runtimes/v0.3.1/node_modules/playwright-core/lib/server/webkit/wkBrowser.js", O_RDONLY|O_CLOEXEC) = 21
10489 openat(AT_FDCWD, "/home/runner/work/deckrender-acceptance/deckrender-acceptance/benchmark/artifacts/acceptance/runtimes/v0.3.1/node_modules/playwright-core/lib/server/webkit/wkPage.js", O_RDONLY|O_CLOEXEC) = 21
10489 openat(AT_FDCWD, "/home/runner/work/deckrender-acceptance/deckrender-acceptance/benchmark/artifacts/acceptance/runtimes/v0.3.1/node_modules/playwright-core/lib/server/webkit/wkAccessibility.js", O_RDONLY|O_CLOEXEC) = 21
10489 openat(AT_FDCWD, "/home/runner/work/deckrender-acceptance/deckrender-acceptance/benchmark/artifacts/acceptance/runtimes/v0.3.1/node_modules/playwright-core/lib/server/webkit/wkExecutionContext.js", O_RDONLY|O_CLOEXEC) = 21
10489 openat(AT_FDCWD, "/home/runner/work/deckrender-acceptance/deckrender-acceptance/benchmark/artifacts/acceptance/runtimes/v0.3.1/node_modules/playwright-core/lib/server/webkit/wkInput.js", O_RDONLY|O_CLOEXEC) = 21
10489 openat(AT_FDCWD, "/home/runner/work/deckrender-acceptance/deckrender-acceptance/benchmark/artifacts/acceptance/runtimes/v0.3.1/node_modules/playwright-core/lib/server/webkit/wkInterceptableRequest.js", O_RDONLY|O_CLOEXEC) = 21
10489 openat(AT_FDCWD, "/home/runner/work/deckrender-acceptance/deckrender-acceptance/benchmark/artifacts/acceptance/runtimes/v0.3.1/node_modules/playwright-core/lib/server/webkit/wkProvisionalPage.js", O_RDONLY|O_CLOEXEC) = 21
10489 openat(AT_FDCWD, "/home/runner/work/deckrender-acceptance/deckrender-acceptance/benchmark/artifacts/acceptance/runtimes/v0.3.1/node_modules/playwright-core/lib/server/webkit/wkWorkers.js", O_RDONLY|O_CLOEXEC) = 21
10489 openat(AT_FDCWD, "/home/runner/work/deckrender-acceptance/deckrender-acceptance/benchmark/artifacts/acceptance/runtimes/v0.3.1/node_modules/playwright-core/lib/server/trace/viewer/traceViewer.js", O_RDONLY|O_CLOEXEC) = 21
10489 openat(AT_FDCWD, "/home/runner/work/deckrender-acceptance/deckrender-acceptance/benchmark/artifacts/acceptance/runtimes/v0.3.1/node_modules/playwright-core/lib/server/dispatchers/debugControllerDispatcher.js", O_RDONLY|O_CLOEXEC) = 21
10489 openat(AT_FDCWD, "/home/runner/work/deckrender-acceptance/deckrender-acceptance/benchmark/artifacts/acceptance/runtimes/v0.3.1/node_modules/playwright-core/lib/browserServerImpl.js", O_RDONLY|O_CLOEXEC) = 21
10489 openat(AT_FDCWD, "/home/runner/work/deckrender-acceptance/deckrender-acceptance/benchmark/artifacts/acceptance/runtimes/v0.3.1/node_modules/playwright-core/lib/server/package.json", O_RDONLY|O_CLOEXEC) = -1 ENOENT (No such file or directory)
10489 openat(AT_FDCWD, "/home/runner/work/deckrender-acceptance/deckrender-acceptance/benchmark/artifacts/acceptance/runtimes/v0.3.1/node_modules/playwright-core/lib/client/connection.js", O_RDONLY|O_CLOEXEC) = 21
10489 openat(AT_FDCWD, "/home/runner/work/deckrender-acceptance/deckrender-acceptance/benchmark/artifacts/acceptance/runtimes/v0.3.1/node_modules/playwright-core/lib/client/eventEmitter.js", O_RDONLY|O_CLOEXEC) = 21
10489 openat(AT_FDCWD, "/home/runner/work/deckrender-acceptance/deckrender-acceptance/benchmark/artifacts/acceptance/runtimes/v0.3.1/node_modules/playwright-core/lib/client/android.js", O_RDONLY|O_CLOEXEC) = 21
10489 openat(AT_FDCWD, "/home/runner/work/deckrender-acceptance/deckrender-acceptance/benchmark/artifacts/acceptance/runtimes/v0.3.1/node_modules/playwright-core/lib/client/browserContext.js", O_RDONLY|O_CLOEXEC) = 21
10489 openat(AT_FDCWD, "/home/runner/work/deckrender-acceptance/deckrender-acceptance/benchmark/artifacts/acceptance/runtimes/v0.3.1/node_modules/playwright-core/lib/client/artifact.js", O_RDONLY|O_CLOEXEC) = 21
10489 openat(AT_FDCWD, "/home/runner/work/deckrender-acceptance/deckrender-acceptance/benchmark/artifacts/acceptance/runtimes/v0.3.1/node_modules/playwright-core/lib/client/channelOwner.js", O_RDONLY|O_CLOEXEC) = 21
10489 openat(AT_FDCWD, "/home/runner/work/deckrender-acceptance/deckrender-acceptance/benchmark/artifacts/acceptance/runtimes/v0.3.1/node_modules/playwright-core/lib/client/clientStackTrace.js", O_RDONLY|O_CLOEXEC) = 21
10489 openat(AT_FDCWD, "/home/runner/work/deckrender-acceptance/deckrender-acceptance/benchmark/artifacts/acceptance/runtimes/v0.3.1/node_modules/playwright-core/lib/client/stream.js", O_RDONLY|O_CLOEXEC) = 21
10489 openat(AT_FDCWD, "/home/runner/work/deckrender-acceptance/deckrender-acceptance/benchmark/artifacts/acceptance/runtimes/v0.3.1/node_modules/playwright-core/lib/client/fileUtils.js", O_RDONLY|O_CLOEXEC) = 21
10489 openat(AT_FDCWD, "/home/runner/work/deckrender-acceptance/deckrender-acceptance/benchmark/artifacts/acceptance/runtimes/v0.3.1/node_modules/playwright-core/lib/client/cdpSession.js", O_RDONLY|O_CLOEXEC) = 21
10489 openat(AT_FDCWD, "/home/runner/work/deckrender-acceptance/deckrender-acceptance/benchmark/artifacts/acceptance/runtimes/v0.3.1/node_modules/playwright-core/lib/client/clientHelper.js", O_RDONLY|O_CLOEXEC) = 21
10489 openat(AT_FDCWD, "/home/runner/work/deckrender-acceptance/deckrender-acceptance/benchmark/artifacts/acceptance/runtimes/v0.3.1/node_modules/playwright-core/lib/client/clock.js", O_RDONLY|O_CLOEXEC) = 21
10489 openat(AT_FDCWD, "/home/runner/work/deckrender-acceptance/deckrender-acceptance/benchmark/artifacts/acceptance/runtimes/v0.3.1/node_modules/playwright-core/lib/client/consoleMessage.js", O_RDONLY|O_CLOEXEC) = 21
10489 openat(AT_FDCWD, "/home/runner/work/deckrender-acceptance/deckrender-acceptance/benchmark/artifacts/acceptance/runtimes/v0.3.1/node_modules/playwright-core/lib/client/jsHandle.js", O_RDONLY|O_CLOEXEC) = 21
10489 openat(AT_FDCWD, "/home/runner/work/deckrender-acceptance/deckrender-acceptance/benchmark/artifacts/acceptance/runtimes/v0.3.1/node_modules/playwright-core/lib/client/errors.js", O_RDONLY|O_CLOEXEC) = 21
10489 openat(AT_FDCWD, "/home/runner/work/deckrender-acceptance/deckrender-acceptance/benchmark/artifacts/acceptance/runtimes/v0.3.1/node_modules/playwright-core/lib/client/page.js", O_RDONLY|O_CLOEXEC) = 21
10489 openat(AT_FDCWD, "/home/runner/work/deckrender-acceptance/deckrender-acceptance/benchmark/artifacts/acceptance/runtimes/v0.3.1/node_modules/playwright-core/lib/client/accessibility.js", O_RDONLY|O_CLOEXEC) = 21
10489 openat(AT_FDCWD, "/home/runner/work/deckrender-acceptance/deckrender-acceptance/benchmark/artifacts/acceptance/runtimes/v0.3.1/node_modules/playwright-core/lib/client/coverage.js", O_RDONLY|O_CLOEXEC) = 21
10489 openat(AT_FDCWD, "/home/runner/work/deckrender-acceptance/deckrender-acceptance/benchmark/artifacts/acceptance/runtimes/v0.3.1/node_modules/playwright-core/lib/client/download.js", O_RDONLY|O_CLOEXEC) = 21
10489 openat(AT_FDCWD, "/home/runner/work/deckrender-acceptance/deckrender-acceptance/benchmark/artifacts/acceptance/runtimes/v0.3.1/node_modules/playwright-core/lib/client/elementHandle.js", O_RDONLY|O_CLOEXEC) = 21
10489 openat(AT_FDCWD, "/home/runner/work/deckrender-acceptance/deckrender-acceptance/benchmark/artifacts/acceptance/runtimes/v0.3.1/node_modules/playwright-core/lib/client/frame.js", O_RDONLY|O_CLOEXEC) = 21
10489 openat(AT_FDCWD, "/home/runner/work/deckrender-acceptance/deckrender-acceptance/benchmark/artifacts/acceptance/runtimes/v0.3.1/node_modules/playwright-core/lib/client/events.js", O_RDONLY|O_CLOEXEC) = 21
10489 openat(AT_FDCWD, "/home/runner/work/deckrender-acceptance/deckrender-acceptance/benchmark/artifacts/acceptance/runtimes/v0.3.1/node_modules/playwright-core/lib/client/locator.js", O_RDONLY|O_CLOEXEC) = 21
10489 openat(AT_FDCWD, "/home/runner/work/deckrender-acceptance/deckrender-acceptance/benchmark/artifacts/acceptance/runtimes/v0.3.1/node_modules/playwright-core/lib/utils/isomorphic/locatorUtils.js", O_RDONLY|O_CLOEXEC) = 21
10489 openat(AT_FDCWD, "/home/runner/work/deckrender-acceptance/deckrender-acceptance/benchmark/artifacts/acceptance/runtimes/v0.3.1/node_modules/playwright-core/lib/client/network.js", O_RDONLY|O_CLOEXEC) = 21
10489 openat(AT_FDCWD, "/home/runner/work/deckrender-acceptance/deckrender-acceptance/benchmark/artifacts/acceptance/runtimes/v0.3.1/node_modules/playwright-core/lib/client/fetch.js", O_RDONLY|O_CLOEXEC) = 21
10489 openat(AT_FDCWD, "/home/runner/work/deckrender-acceptance/deckrender-acceptance/benchmark/artifacts/acceptance/runtimes/v0.3.1/node_modules/playwright-core/lib/client/tracing.js", O_RDONLY|O_CLOEXEC) = 21
10489 openat(AT_FDCWD, "/home/runner/work/deckrender-acceptance/deckrender-acceptance/benchmark/artifacts/acceptance/runtimes/v0.3.1/node_modules/playwright-core/lib/client/timeoutSettings.js", O_RDONLY|O_CLOEXEC) = 21
10489 openat(AT_FDCWD, "/home/runner/work/deckrender-acceptance/deckrender-acceptance/benchmark/artifacts/acceptance/runtimes/v0.3.1/node_modules/playwright-core/lib/client/waiter.js", O_RDONLY|O_CLOEXEC) = 21
10489 openat(AT_FDCWD, "/home/runner/work/deckrender-acceptance/deckrender-acceptance/benchmark/artifacts/acceptance/runtimes/v0.3.1/node_modules/playwright-core/lib/client/worker.js", O_RDONLY|O_CLOEXEC) = 21
10489 openat(AT_FDCWD, "/home/runner/work/deckrender-acceptance/deckrender-acceptance/benchmark/artifacts/acceptance/runtimes/v0.3.1/node_modules/playwright-core/lib/client/types.js", O_RDONLY|O_CLOEXEC) = 21
10489 openat(AT_FDCWD, "/home/runner/work/deckrender-acceptance/deckrender-acceptance/benchmark/artifacts/acceptance/runtimes/v0.3.1/node_modules/playwright-core/lib/client/writableStream.js", O_RDONLY|O_CLOEXEC) = 21
10489 openat(AT_FDCWD, "/home/runner/work/deckrender-acceptance/deckrender-acceptance/benchmark/artifacts/acceptance/runtimes/v0.3.1/node_modules/playwright-core/lib/client/fileChooser.js", O_RDONLY|O_CLOEXEC) = 21
10489 openat(AT_FDCWD, "/home/runner/work/deckrender-acceptance/deckrender-acceptance/benchmark/artifacts/acceptance/runtimes/v0.3.1/node_modules/playwright-core/lib/client/harRouter.js", O_RDONLY|O_CLOEXEC) = 21
10489 openat(AT_FDCWD, "/home/runner/work/deckrender-acceptance/deckrender-acceptance/benchmark/artifacts/acceptance/runtimes/v0.3.1/node_modules/playwright-core/lib/client/input.js", O_RDONLY|O_CLOEXEC) = 21
10489 openat(AT_FDCWD, "/home/runner/work/deckrender-acceptance/deckrender-acceptance/benchmark/artifacts/acceptance/runtimes/v0.3.1/node_modules/playwright-core/lib/client/video.js", O_RDONLY|O_CLOEXEC) = 21
10489 openat(AT_FDCWD, "/home/runner/work/deckrender-acceptance/deckrender-acceptance/benchmark/artifacts/acceptance/runtimes/v0.3.1/node_modules/playwright-core/lib/client/dialog.js", O_RDONLY|O_CLOEXEC) = 21
10489 openat(AT_FDCWD, "/home/runner/work/deckrender-acceptance/deckrender-acceptance/benchmark/artifacts/acceptance/runtimes/v0.3.1/node_modules/playwright-core/lib/client/webError.js", O_RDONLY|O_CLOEXEC) = 21
10489 openat(AT_FDCWD, "/home/runner/work/deckrender-acceptance/deckrender-acceptance/benchmark/artifacts/acceptance/runtimes/v0.3.1/node_modules/playwright-core/lib/client/webSocket.js", O_RDONLY|O_CLOEXEC) = 21
10489 openat(AT_FDCWD, "/home/runner/work/deckrender-acceptance/deckrender-acceptance/benchmark/artifacts/acceptance/runtimes/v0.3.1/node_modules/playwright-core/lib/client/browser.js", O_RDONLY|O_CLOEXEC) = 21
10489 openat(AT_FDCWD, "/home/runner/work/deckrender-acceptance/deckrender-acceptance/benchmark/artifacts/acceptance/runtimes/v0.3.1/node_modules/playwright-core/lib/client/browserType.js", O_RDONLY|O_CLOEXEC) = 21
10489 openat(AT_FDCWD, "/home/runner/work/deckrender-acceptance/deckrender-acceptance/benchmark/artifacts/acceptance/runtimes/v0.3.1/node_modules/playwright-core/lib/client/clientInstrumentation.js", O_RDONLY|O_CLOEXEC) = 21
10489 openat(AT_FDCWD, "/home/runner/work/deckrender-acceptance/deckrender-acceptance/benchmark/artifacts/acceptance/runtimes/v0.3.1/node_modules/playwright-core/lib/client/electron.js", O_RDONLY|O_CLOEXEC) = 21
10489 openat(AT_FDCWD, "/home/runner/work/deckrender-acceptance/deckrender-acceptance/benchmark/artifacts/acceptance/runtimes/v0.3.1/node_modules/playwright-core/lib/client/jsonPipe.js", O_RDONLY|O_CLOEXEC) = 21
10489 openat(AT_FDCWD, "/home/runner/work/deckrender-acceptance/deckrender-acceptance/benchmark/artifacts/acceptance/runtimes/v0.3.1/node_modules/playwright-core/lib/client/localUtils.js", O_RDONLY|O_CLOEXEC) = 21
10489 openat(AT_FDCWD, "/home/runner/work/deckrender-acceptance/deckrender-acceptance/benchmark/artifacts/acceptance/runtimes/v0.3.1/node_modules/playwright-core/lib/client/playwright.js", O_RDONLY|O_CLOEXEC) = 21
10489 openat(AT_FDCWD, "/home/runner/work/deckrender-acceptance/deckrender-acceptance/benchmark/artifacts/acceptance/runtimes/v0.3.1/node_modules/playwright-core/lib/client/selectors.js", O_RDONLY|O_CLOEXEC) = 21
10489 openat(AT_FDCWD, "/home/runner/work/deckrender-acceptance/deckrender-acceptance/benchmark/artifacts/acceptance/runs/34426566778-local/evidence/REN-R07-render-ebb334505cb3/credentials.jsonl", O_WRONLY|O_CREAT|O_APPEND|O_CLOEXEC, 0666) = 21
10489 openat(AT_FDCWD, "/home/runner/work/deckrender-acceptance/deckrender-acceptance/benchmark/artifacts/acceptance/runs/34426566778-local/evidence/REN-R07-render-ebb334505cb3/credentials.jsonl", O_WRONLY|O_CREAT|O_APPEND|O_CLOEXEC, 0666) = 21
10489 openat(AT_FDCWD, "/home/runner/work/deckrender-acceptance/deckrender-acceptance/benchmark/artifacts/acceptance/runs/34426566778-local/evidence/REN-R07-render-ebb334505cb3/credentials.jsonl", O_WRONLY|O_CREAT|O_APPEND|O_CLOEXEC, 0666) = 21
10489 openat(AT_FDCWD, "/home/runner/work/deckrender-acceptance/deckrender-acceptance/benchmark/artifacts/acceptance/runs/34426566778-local/evidence/REN-R07-render-ebb334505cb3/credentials.jsonl", O_WRONLY|O_CREAT|O_APPEND|O_CLOEXEC, 0666) = 21
10489 openat(AT_FDCWD, "/home/runner/work/deckrender-acceptance/deckrender-acceptance/benchmark/artifacts/acceptance/runs/34426566778-local/evidence/REN-R07-render-ebb334505cb3/credentials.jsonl", O_WRONLY|O_CREAT|O_APPEND|O_CLOEXEC, 0666) = 21
10489 socketpair(AF_UNIX, SOCK_STREAM|SOCK_CLOEXEC, 0, [21, 22]) = 0
10489 setsockopt(21, SOL_SOCKET, SO_RCVBUF, [65536], 4) = 0
10489 setsockopt(21, SOL_SOCKET, SO_SNDBUF, [65536], 4) = 0
10489 setsockopt(22, SOL_SOCKET, SO_RCVBUF, [65536], 4) = 0
10489 setsockopt(22, SOL_SOCKET, SO_SNDBUF, [65536], 4) = 0
10489 socketpair(AF_UNIX, SOCK_STREAM|SOCK_CLOEXEC, 0, [23, 24]) = 0
10489 setsockopt(23, SOL_SOCKET, SO_RCVBUF, [65536], 4) = 0
10489 setsockopt(23, SOL_SOCKET, SO_SNDBUF, [65536], 4) = 0
10489 setsockopt(24, SOL_SOCKET, SO_RCVBUF, [65536], 4) = 0
10489 setsockopt(24, SOL_SOCKET, SO_SNDBUF, [65536], 4) = 0
10489 socketpair(AF_UNIX, SOCK_STREAM|SOCK_CLOEXEC, 0, [25, 26]) = 0
10489 setsockopt(25, SOL_SOCKET, SO_RCVBUF, [65536], 4) = 0
10489 setsockopt(25, SOL_SOCKET, SO_SNDBUF, [65536], 4) = 0
10489 setsockopt(26, SOL_SOCKET, SO_RCVBUF, [65536], 4) = 0
10489 setsockopt(26, SOL_SOCKET, SO_SNDBUF, [65536], 4) = 0
10489 socketpair(AF_UNIX, SOCK_STREAM|SOCK_CLOEXEC, 0, [27, 28]) = 0
10489 setsockopt(27, SOL_SOCKET, SO_RCVBUF, [65536], 4) = 0
10489 setsockopt(27, SOL_SOCKET, SO_SNDBUF, [65536], 4) = 0
10489 setsockopt(28, SOL_SOCKET, SO_RCVBUF, [65536], 4) = 0
10489 setsockopt(28, SOL_SOCKET, SO_SNDBUF, [65536], 4) = 0
10509 openat(AT_FDCWD, "/dev/null", O_RDONLY) = 0
10509 openat(AT_FDCWD, "/opt/hostedtoolcache/Python/3.12.14/x64/lib/glibc-hwcaps/x86-64-v4/libtinfo.so.6", O_RDONLY|O_CLOEXEC) = -1 ENOENT (No such file or directory)
10509 openat(AT_FDCWD, "/opt/hostedtoolcache/Python/3.12.14/x64/lib/glibc-hwcaps/x86-64-v3/libtinfo.so.6", O_RDONLY|O_CLOEXEC) = -1 ENOENT (No such file or directory)
10509 openat(AT_FDCWD, "/opt/hostedtoolcache/Python/3.12.14/x64/lib/glibc-hwcaps/x86-64-v2/libtinfo.so.6", O_RDONLY|O_CLOEXEC) = -1 ENOENT (No such file or directory)
10509 openat(AT_FDCWD, "/opt/hostedtoolcache/Python/3.12.14/x64/lib/libtinfo.so.6", O_RDONLY|O_CLOEXEC) = -1 ENOENT (No such file or directory)
10509 openat(AT_FDCWD, "/etc/ld.so.cache", O_RDONLY|O_CLOEXEC) = 5
10509 openat(AT_FDCWD, "/lib/x86_64-linux-gnu/libtinfo.so.6", O_RDONLY|O_CLOEXEC) = 5
10509 openat(AT_FDCWD, "/opt/hostedtoolcache/Python/3.12.14/x64/lib/libc.so.6", O_RDONLY|O_CLOEXEC) = -1 ENOENT (No such file or directory)
10509 openat(AT_FDCWD, "/lib/x86_64-linux-gnu/libc.so.6", O_RDONLY|O_CLOEXEC) = 5
10509 openat(AT_FDCWD, "/dev/tty", O_RDWR|O_NONBLOCK) = -1 ENXIO (No such device or address)
10509 openat(AT_FDCWD, "/usr/lib/locale/locale-archive", O_RDONLY|O_CLOEXEC) = 5
10509 openat(AT_FDCWD, "/usr/share/locale/locale.alias", O_RDONLY|O_CLOEXEC) = 5
10509 openat(AT_FDCWD, "/usr/lib/locale/C.UTF-8/LC_IDENTIFICATION", O_RDONLY|O_CLOEXEC) = -1 ENOENT (No such file or directory)
10509 openat(AT_FDCWD, "/usr/lib/locale/C.utf8/LC_IDENTIFICATION", O_RDONLY|O_CLOEXEC) = 5
10509 openat(AT_FDCWD, "/usr/lib/x86_64-linux-gnu/gconv/gconv-modules.cache", O_RDONLY|O_CLOEXEC) = 5
10509 openat(AT_FDCWD, "/usr/lib/locale/C.UTF-8/LC_MEASUREMENT", O_RDONLY|O_CLOEXEC) = -1 ENOENT (No such file or directory)
10509 openat(AT_FDCWD, "/usr/lib/locale/C.utf8/LC_MEASUREMENT", O_RDONLY|O_CLOEXEC) = 5
10509 openat(AT_FDCWD, "/usr/lib/locale/C.UTF-8/LC_TELEPHONE", O_RDONLY|O_CLOEXEC) = -1 ENOENT (No such file or directory)
10509 openat(AT_FDCWD, "/usr/lib/locale/C.utf8/LC_TELEPHONE", O_RDONLY|O_CLOEXEC) = 5
10509 openat(AT_FDCWD, "/usr/lib/locale/C.UTF-8/LC_ADDRESS", O_RDONLY|O_CLOEXEC) = -1 ENOENT (No such file or directory)
10509 openat(AT_FDCWD, "/usr/lib/locale/C.utf8/LC_ADDRESS", O_RDONLY|O_CLOEXEC) = 5
10509 openat(AT_FDCWD, "/usr/lib/locale/C.UTF-8/LC_NAME", O_RDONLY|O_CLOEXEC) = -1 ENOENT (No such file or directory)
10509 openat(AT_FDCWD, "/usr/lib/locale/C.utf8/LC_NAME", O_RDONLY|O_CLOEXEC) = 5
10509 openat(AT_FDCWD, "/usr/lib/locale/C.UTF-8/LC_PAPER", O_RDONLY|O_CLOEXEC) = -1 ENOENT (No such file or directory)
10509 openat(AT_FDCWD, "/usr/lib/locale/C.utf8/LC_PAPER", O_RDONLY|O_CLOEXEC) = 5
10509 openat(AT_FDCWD, "/usr/lib/locale/C.UTF-8/LC_MESSAGES", O_RDONLY|O_CLOEXEC) = -1 ENOENT (No such file or directory)
10509 openat(AT_FDCWD, "/usr/lib/locale/C.utf8/LC_MESSAGES", O_RDONLY|O_CLOEXEC) = 5
10509 openat(AT_FDCWD, "/usr/lib/locale/C.utf8/LC_MESSAGES/SYS_LC_MESSAGES", O_RDONLY|O_CLOEXEC) = 5
10509 openat(AT_FDCWD, "/usr/lib/locale/C.UTF-8/LC_MONETARY", O_RDONLY|O_CLOEXEC) = -1 ENOENT (No such file or directory)
10509 openat(AT_FDCWD, "/usr/lib/locale/C.utf8/LC_MONETARY", O_RDONLY|O_CLOEXEC) = 5
10509 openat(AT_FDCWD, "/usr/lib/locale/C.UTF-8/LC_COLLATE", O_RDONLY|O_CLOEXEC) = -1 ENOENT (No such file or directory)
10509 openat(AT_FDCWD, "/usr/lib/locale/C.utf8/LC_COLLATE", O_RDONLY|O_CLOEXEC) = 5
10509 openat(AT_FDCWD, "/usr/lib/locale/C.UTF-8/LC_TIME", O_RDONLY|O_CLOEXEC) = -1 ENOENT (No such file or directory)
10509 openat(AT_FDCWD, "/usr/lib/locale/C.utf8/LC_TIME", O_RDONLY|O_CLOEXEC) = 5
10509 openat(AT_FDCWD, "/usr/lib/locale/C.UTF-8/LC_NUMERIC", O_RDONLY|O_CLOEXEC) = -1 ENOENT (No such file or directory)
10509 openat(AT_FDCWD, "/usr/lib/locale/C.utf8/LC_NUMERIC", O_RDONLY|O_CLOEXEC) = 5
10509 openat(AT_FDCWD, "/usr/lib/locale/C.UTF-8/LC_CTYPE", O_RDONLY|O_CLOEXEC) = -1 ENOENT (No such file or directory)
10509 openat(AT_FDCWD, "/usr/lib/locale/C.utf8/LC_CTYPE", O_RDONLY|O_CLOEXEC) = 5
10509 openat(AT_FDCWD, "/usr/bin/google-chrome", O_RDONLY) = 5
10510 openat(AT_FDCWD, "/opt/hostedtoolcache/Python/3.12.14/x64/lib/glibc-hwcaps/x86-64-v4/libc.so.6", O_RDONLY|O_CLOEXEC) = -1 ENOENT (No such file or directory)
10510 openat(AT_FDCWD, "/opt/hostedtoolcache/Python/3.12.14/x64/lib/glibc-hwcaps/x86-64-v3/libc.so.6", O_RDONLY|O_CLOEXEC) = -1 ENOENT (No such file or directory)
10510 openat(AT_FDCWD, "/opt/hostedtoolcache/Python/3.12.14/x64/lib/glibc-hwcaps/x86-64-v2/libc.so.6", O_RDONLY|O_CLOEXEC) = -1 ENOENT (No such file or directory)
10510 openat(AT_FDCWD, "/opt/hostedtoolcache/Python/3.12.14/x64/lib/libc.so.6", O_RDONLY|O_CLOEXEC) = -1 ENOENT (No such file or directory)
10510 openat(AT_FDCWD, "/etc/ld.so.cache", O_RDONLY|O_CLOEXEC) = 5
10510 openat(AT_FDCWD, "/lib/x86_64-linux-gnu/libc.so.6", O_RDONLY|O_CLOEXEC) = 5
10510 openat(AT_FDCWD, "/usr/lib/locale/locale-archive", O_RDONLY|O_CLOEXEC) = 5
10510 openat(AT_FDCWD, "/usr/share/locale/locale.alias", O_RDONLY|O_CLOEXEC) = 5
10510 openat(AT_FDCWD, "/usr/lib/locale/C.UTF-8/LC_IDENTIFICATION", O_RDONLY|O_CLOEXEC) = -1 ENOENT (No such file or directory)
10510 openat(AT_FDCWD, "/usr/lib/locale/C.utf8/LC_IDENTIFICATION", O_RDONLY|O_CLOEXEC) = 5
10510 openat(AT_FDCWD, "/usr/lib/x86_64-linux-gnu/gconv/gconv-modules.cache", O_RDONLY|O_CLOEXEC) = 5
10510 openat(AT_FDCWD, "/usr/lib/locale/C.UTF-8/LC_MEASUREMENT", O_RDONLY|O_CLOEXEC) = -1 ENOENT (No such file or directory)
10510 openat(AT_FDCWD, "/usr/lib/locale/C.utf8/LC_MEASUREMENT", O_RDONLY|O_CLOEXEC) = 5
10510 openat(AT_FDCWD, "/usr/lib/locale/C.UTF-8/LC_TELEPHONE", O_RDONLY|O_CLOEXEC) = -1 ENOENT (No such file or directory)
10510 openat(AT_FDCWD, "/usr/lib/locale/C.utf8/LC_TELEPHONE", O_RDONLY|O_CLOEXEC) = 5
10510 openat(AT_FDCWD, "/usr/lib/locale/C.UTF-8/LC_ADDRESS", O_RDONLY|O_CLOEXEC) = -1 ENOENT (No such file or directory)
10510 openat(AT_FDCWD, "/usr/lib/locale/C.utf8/LC_ADDRESS", O_RDONLY|O_CLOEXEC) = 5
10510 openat(AT_FDCWD, "/usr/lib/locale/C.UTF-8/LC_NAME", O_RDONLY|O_CLOEXEC) = -1 ENOENT (No such file or directory)
10510 openat(AT_FDCWD, "/usr/lib/locale/C.utf8/LC_NAME", O_RDONLY|O_CLOEXEC) = 5
10510 openat(AT_FDCWD, "/usr/lib/locale/C.UTF-8/LC_PAPER", O_RDONLY|O_CLOEXEC) = -1 ENOENT (No such file or directory)
10510 openat(AT_FDCWD, "/usr/lib/locale/C.utf8/LC_PAPER", O_RDONLY|O_CLOEXEC) = 5
10510 openat(AT_FDCWD, "/usr/lib/locale/C.UTF-8/LC_MESSAGES", O_RDONLY|O_CLOEXEC) = -1 ENOENT (No such file or directory)
10510 openat(AT_FDCWD, "/usr/lib/locale/C.utf8/LC_MESSAGES", O_RDONLY|O_CLOEXEC) = 5
10510 openat(AT_FDCWD, "/usr/lib/locale/C.utf8/LC_MESSAGES/SYS_LC_MESSAGES", O_RDONLY|O_CLOEXEC) = 5
10510 openat(AT_FDCWD, "/usr/lib/locale/C.UTF-8/LC_MONETARY", O_RDONLY|O_CLOEXEC) = -1 ENOENT (No such file or directory)
10510 openat(AT_FDCWD, "/usr/lib/locale/C.utf8/LC_MONETARY", O_RDONLY|O_CLOEXEC) = 5
10510 openat(AT_FDCWD, "/usr/lib/locale/C.UTF-8/LC_COLLATE", O_RDONLY|O_CLOEXEC) = -1 ENOENT (No such file or directory)
10510 openat(AT_FDCWD, "/usr/lib/locale/C.utf8/LC_COLLATE", O_RDONLY|O_CLOEXEC) = 5
10510 openat(AT_FDCWD, "/usr/lib/locale/C.UTF-8/LC_TIME", O_RDONLY|O_CLOEXEC) = -1 ENOENT (No such file or directory)
10510 openat(AT_FDCWD, "/usr/lib/locale/C.utf8/LC_TIME", O_RDONLY|O_CLOEXEC) = 5
10510 openat(AT_FDCWD, "/usr/lib/locale/C.UTF-8/LC_NUMERIC", O_RDONLY|O_CLOEXEC) = -1 ENOENT (No such file or directory)
10510 openat(AT_FDCWD, "/usr/lib/locale/C.utf8/LC_NUMERIC", O_RDONLY|O_CLOEXEC) = 5
10510 openat(AT_FDCWD, "/usr/lib/locale/C.UTF-8/LC_CTYPE", O_RDONLY|O_CLOEXEC) = -1 ENOENT (No such file or directory)
10510 openat(AT_FDCWD, "/usr/lib/locale/C.utf8/LC_CTYPE", O_RDONLY|O_CLOEXEC) = 5
10509 --- SIGCHLD {si_signo=SIGCHLD, si_code=CLD_EXITED, si_pid=10510, si_uid=1001, si_status=0, si_utime=0, si_stime=0} ---
10511 openat(AT_FDCWD, "/opt/hostedtoolcache/Python/3.12.14/x64/lib/glibc-hwcaps/x86-64-v4/libc.so.6", O_RDONLY|O_CLOEXEC) = -1 ENOENT (No such file or directory)
10511 openat(AT_FDCWD, "/opt/hostedtoolcache/Python/3.12.14/x64/lib/glibc-hwcaps/x86-64-v3/libc.so.6", O_RDONLY|O_CLOEXEC) = -1 ENOENT (No such file or directory)
10511 openat(AT_FDCWD, "/opt/hostedtoolcache/Python/3.12.14/x64/lib/glibc-hwcaps/x86-64-v2/libc.so.6", O_RDONLY|O_CLOEXEC) = -1 ENOENT (No such file or directory)
10511 openat(AT_FDCWD, "/opt/hostedtoolcache/Python/3.12.14/x64/lib/libc.so.6", O_RDONLY|O_CLOEXEC) = -1 ENOENT (No such file or directory)
10511 openat(AT_FDCWD, "/etc/ld.so.cache", O_RDONLY|O_CLOEXEC) = 5
10511 openat(AT_FDCWD, "/lib/x86_64-linux-gnu/libc.so.6", O_RDONLY|O_CLOEXEC) = 5
10511 openat(AT_FDCWD, "/usr/lib/locale/locale-archive", O_RDONLY|O_CLOEXEC) = 5
10511 openat(AT_FDCWD, "/usr/share/locale/locale.alias", O_RDONLY|O_CLOEXEC) = 5
10511 openat(AT_FDCWD, "/usr/lib/locale/C.UTF-8/LC_IDENTIFICATION", O_RDONLY|O_CLOEXEC) = -1 ENOENT (No such file or directory)
10511 openat(AT_FDCWD, "/usr/lib/locale/C.utf8/LC_IDENTIFICATION", O_RDONLY|O_CLOEXEC) = 5
10511 openat(AT_FDCWD, "/usr/lib/x86_64-linux-gnu/gconv/gconv-modules.cache", O_RDONLY|O_CLOEXEC) = 5
10511 openat(AT_FDCWD, "/usr/lib/locale/C.UTF-8/LC_MEASUREMENT", O_RDONLY|O_CLOEXEC) = -1 ENOENT (No such file or directory)
10511 openat(AT_FDCWD, "/usr/lib/locale/C.utf8/LC_MEASUREMENT", O_RDONLY|O_CLOEXEC) = 5
10511 openat(AT_FDCWD, "/usr/lib/locale/C.UTF-8/LC_TELEPHONE", O_RDONLY|O_CLOEXEC) = -1 ENOENT (No such file or directory)
10511 openat(AT_FDCWD, "/usr/lib/locale/C.utf8/LC_TELEPHONE", O_RDONLY|O_CLOEXEC) = 5
10511 openat(AT_FDCWD, "/usr/lib/locale/C.UTF-8/LC_ADDRESS", O_RDONLY|O_CLOEXEC) = -1 ENOENT (No such file or directory)
10511 openat(AT_FDCWD, "/usr/lib/locale/C.utf8/LC_ADDRESS", O_RDONLY|O_CLOEXEC) = 5
10511 openat(AT_FDCWD, "/usr/lib/locale/C.UTF-8/LC_NAME", O_RDONLY|O_CLOEXEC) = -1 ENOENT (No such file or directory)
10511 openat(AT_FDCWD, "/usr/lib/locale/C.utf8/LC_NAME", O_RDONLY|O_CLOEXEC) = 5
10511 openat(AT_FDCWD, "/usr/lib/locale/C.UTF-8/LC_PAPER", O_RDONLY|O_CLOEXEC) = -1 ENOENT (No such file or directory)
10511 openat(AT_FDCWD, "/usr/lib/locale/C.utf8/LC_PAPER", O_RDONLY|O_CLOEXEC) = 5
10511 openat(AT_FDCWD, "/usr/lib/locale/C.UTF-8/LC_MESSAGES", O_RDONLY|O_CLOEXEC) = -1 ENOENT (No such file or directory)
10511 openat(AT_FDCWD, "/usr/lib/locale/C.utf8/LC_MESSAGES", O_RDONLY|O_CLOEXEC) = 5
10511 openat(AT_FDCWD, "/usr/lib/locale/C.utf8/LC_MESSAGES/SYS_LC_MESSAGES", O_RDONLY|O_CLOEXEC) = 5
10511 openat(AT_FDCWD, "/usr/lib/locale/C.UTF-8/LC_MONETARY", O_RDONLY|O_CLOEXEC) = -1 ENOENT (No such file or directory)
10511 openat(AT_FDCWD, "/usr/lib/locale/C.utf8/LC_MONETARY", O_RDONLY|O_CLOEXEC) = 5
10511 openat(AT_FDCWD, "/usr/lib/locale/C.UTF-8/LC_COLLATE", O_RDONLY|O_CLOEXEC) = -1 ENOENT (No such file or directory)
10511 openat(AT_FDCWD, "/usr/lib/locale/C.utf8/LC_COLLATE", O_RDONLY|O_CLOEXEC) = 5
10511 openat(AT_FDCWD, "/usr/lib/locale/C.UTF-8/LC_TIME", O_RDONLY|O_CLOEXEC) = -1 ENOENT (No such file or directory)
10511 openat(AT_FDCWD, "/usr/lib/locale/C.utf8/LC_TIME", O_RDONLY|O_CLOEXEC) = 5
10511 openat(AT_FDCWD, "/usr/lib/locale/C.UTF-8/LC_NUMERIC", O_RDONLY|O_CLOEXEC) = -1 ENOENT (No such file or directory)
10511 openat(AT_FDCWD, "/usr/lib/locale/C.utf8/LC_NUMERIC", O_RDONLY|O_CLOEXEC) = 5
10511 openat(AT_FDCWD, "/usr/lib/locale/C.UTF-8/LC_CTYPE", O_RDONLY|O_CLOEXEC) = -1 ENOENT (No such file or directory)
10511 openat(AT_FDCWD, "/usr/lib/locale/C.utf8/LC_CTYPE", O_RDONLY|O_CLOEXEC) = 5
10509 --- SIGCHLD {si_signo=SIGCHLD, si_code=CLD_EXITED, si_pid=10511, si_uid=1001, si_status=0, si_utime=0, si_stime=0} ---
10512 openat(AT_FDCWD, "/opt/hostedtoolcache/Python/3.12.14/x64/lib/glibc-hwcaps/x86-64-v4/libselinux.so.1", O_RDONLY|O_CLOEXEC) = -1 ENOENT (No such file or directory)
10512 openat(AT_FDCWD, "/opt/hostedtoolcache/Python/3.12.14/x64/lib/glibc-hwcaps/x86-64-v3/libselinux.so.1", O_RDONLY|O_CLOEXEC) = -1 ENOENT (No such file or directory)
10512 openat(AT_FDCWD, "/opt/hostedtoolcache/Python/3.12.14/x64/lib/glibc-hwcaps/x86-64-v2/libselinux.so.1", O_RDONLY|O_CLOEXEC) = -1 ENOENT (No such file or directory)
10512 openat(AT_FDCWD, "/opt/hostedtoolcache/Python/3.12.14/x64/lib/libselinux.so.1", O_RDONLY|O_CLOEXEC) = -1 ENOENT (No such file or directory)
10512 openat(AT_FDCWD, "/etc/ld.so.cache", O_RDONLY|O_CLOEXEC) = 5
10512 openat(AT_FDCWD, "/lib/x86_64-linux-gnu/libselinux.so.1", O_RDONLY|O_CLOEXEC) = 5
10512 openat(AT_FDCWD, "/opt/hostedtoolcache/Python/3.12.14/x64/lib/libc.so.6", O_RDONLY|O_CLOEXEC) = -1 ENOENT (No such file or directory)
10512 openat(AT_FDCWD, "/lib/x86_64-linux-gnu/libc.so.6", O_RDONLY|O_CLOEXEC) = 5
10512 openat(AT_FDCWD, "/opt/hostedtoolcache/Python/3.12.14/x64/lib/libpcre2-8.so.0", O_RDONLY|O_CLOEXEC) = -1 ENOENT (No such file or directory)
10512 openat(AT_FDCWD, "/lib/x86_64-linux-gnu/libpcre2-8.so.0", O_RDONLY|O_CLOEXEC) = 5
10512 openat(AT_FDCWD, "/proc/filesystems", O_RDONLY|O_CLOEXEC) = 5
10512 openat(AT_FDCWD, "/usr/lib/locale/locale-archive", O_RDONLY|O_CLOEXEC) = 5
10512 openat(AT_FDCWD, "/usr/share/locale/locale.alias", O_RDONLY|O_CLOEXEC) = 5
10512 openat(AT_FDCWD, "/usr/lib/locale/C.UTF-8/LC_IDENTIFICATION", O_RDONLY|O_CLOEXEC) = -1 ENOENT (No such file or directory)
10512 openat(AT_FDCWD, "/usr/lib/locale/C.utf8/LC_IDENTIFICATION", O_RDONLY|O_CLOEXEC) = 5
10512 openat(AT_FDCWD, "/usr/lib/x86_64-linux-gnu/gconv/gconv-modules.cache", O_RDONLY|O_CLOEXEC) = 5
10512 openat(AT_FDCWD, "/usr/lib/locale/C.UTF-8/LC_MEASUREMENT", O_RDONLY|O_CLOEXEC) = -1 ENOENT (No such file or directory)
10512 openat(AT_FDCWD, "/usr/lib/locale/C.utf8/LC_MEASUREMENT", O_RDONLY|O_CLOEXEC) = 5
10512 openat(AT_FDCWD, "/usr/lib/locale/C.UTF-8/LC_TELEPHONE", O_RDONLY|O_CLOEXEC) = -1 ENOENT (No such file or directory)
10512 openat(AT_FDCWD, "/usr/lib/locale/C.utf8/LC_TELEPHONE", O_RDONLY|O_CLOEXEC) = 5
10512 openat(AT_FDCWD, "/usr/lib/locale/C.UTF-8/LC_ADDRESS", O_RDONLY|O_CLOEXEC) = -1 ENOENT (No such file or directory)
10512 openat(AT_FDCWD, "/usr/lib/locale/C.utf8/LC_ADDRESS", O_RDONLY|O_CLOEXEC) = 5
10512 openat(AT_FDCWD, "/usr/lib/locale/C.UTF-8/LC_NAME", O_RDONLY|O_CLOEXEC) = -1 ENOENT (No such file or directory)
10512 openat(AT_FDCWD, "/usr/lib/locale/C.utf8/LC_NAME", O_RDONLY|O_CLOEXEC) = 5
10512 openat(AT_FDCWD, "/usr/lib/locale/C.UTF-8/LC_PAPER", O_RDONLY|O_CLOEXEC) = -1 ENOENT (No such file or directory)
10512 openat(AT_FDCWD, "/usr/lib/locale/C.utf8/LC_PAPER", O_RDONLY|O_CLOEXEC) = 5
10512 openat(AT_FDCWD, "/usr/lib/locale/C.UTF-8/LC_MESSAGES", O_RDONLY|O_CLOEXEC) = -1 ENOENT (No such file or directory)
10512 openat(AT_FDCWD, "/usr/lib/locale/C.utf8/LC_MESSAGES", O_RDONLY|O_CLOEXEC) = 5
10512 openat(AT_FDCWD, "/usr/lib/locale/C.utf8/LC_MESSAGES/SYS_LC_MESSAGES", O_RDONLY|O_CLOEXEC) = 5
10512 openat(AT_FDCWD, "/usr/lib/locale/C.UTF-8/LC_MONETARY", O_RDONLY|O_CLOEXEC) = -1 ENOENT (No such file or directory)
10512 openat(AT_FDCWD, "/usr/lib/locale/C.utf8/LC_MONETARY", O_RDONLY|O_CLOEXEC) = 5
10512 openat(AT_FDCWD, "/usr/lib/locale/C.UTF-8/LC_COLLATE", O_RDONLY|O_CLOEXEC) = -1 ENOENT (No such file or directory)
10512 openat(AT_FDCWD, "/usr/lib/locale/C.utf8/LC_COLLATE", O_RDONLY|O_CLOEXEC) = 5
10512 openat(AT_FDCWD, "/usr/lib/locale/C.UTF-8/LC_TIME", O_RDONLY|O_CLOEXEC) = -1 ENOENT (No such file or directory)
10512 openat(AT_FDCWD, "/usr/lib/locale/C.utf8/LC_TIME", O_RDONLY|O_CLOEXEC) = 5
10512 openat(AT_FDCWD, "/usr/lib/locale/C.UTF-8/LC_NUMERIC", O_RDONLY|O_CLOEXEC) = -1 ENOENT (No such file or directory)
10512 openat(AT_FDCWD, "/usr/lib/locale/C.utf8/LC_NUMERIC", O_RDONLY|O_CLOEXEC) = 5
10512 openat(AT_FDCWD, "/usr/lib/locale/C.UTF-8/LC_CTYPE", O_RDONLY|O_CLOEXEC) = -1 ENOENT (No such file or directory)
10512 openat(AT_FDCWD, "/usr/lib/locale/C.utf8/LC_CTYPE", O_RDONLY|O_CLOEXEC) = 5
10512 openat(AT_FDCWD, ".local", O_RDONLY|O_NOCTTY|O_NONBLOCK|O_NOFOLLOW|O_DIRECTORY) = 5
10512 openat(AT_FDCWD, "share", O_RDONLY|O_NOCTTY|O_NONBLOCK|O_NOFOLLOW|O_DIRECTORY) = 5
10509 --- SIGCHLD {si_signo=SIGCHLD, si_code=CLD_EXITED, si_pid=10512, si_uid=1001, si_status=0, si_utime=0, si_stime=0} ---
10513 openat(AT_FDCWD, "/opt/hostedtoolcache/Python/3.12.14/x64/lib/glibc-hwcaps/x86-64-v4/libc.so.6", O_RDONLY|O_CLOEXEC) = -1 ENOENT (No such file or directory)
10513 openat(AT_FDCWD, "/opt/hostedtoolcache/Python/3.12.14/x64/lib/glibc-hwcaps/x86-64-v3/libc.so.6", O_RDONLY|O_CLOEXEC) = -1 ENOENT (No such file or directory)
10513 openat(AT_FDCWD, "/opt/hostedtoolcache/Python/3.12.14/x64/lib/glibc-hwcaps/x86-64-v2/libc.so.6", O_RDONLY|O_CLOEXEC) = -1 ENOENT (No such file or directory)
10513 openat(AT_FDCWD, "/opt/hostedtoolcache/Python/3.12.14/x64/lib/libc.so.6", O_RDONLY|O_CLOEXEC) = -1 ENOENT (No such file or directory)
10513 openat(AT_FDCWD, "/etc/ld.so.cache", O_RDONLY|O_CLOEXEC) = 5
10513 openat(AT_FDCWD, "/lib/x86_64-linux-gnu/libc.so.6", O_RDONLY|O_CLOEXEC) = 5
10513 openat(AT_FDCWD, "/usr/lib/locale/locale-archive", O_RDONLY|O_CLOEXEC) = 5
10513 openat(AT_FDCWD, "/usr/share/locale/locale.alias", O_RDONLY|O_CLOEXEC) = 5
10513 openat(AT_FDCWD, "/usr/lib/locale/C.UTF-8/LC_IDENTIFICATION", O_RDONLY|O_CLOEXEC) = -1 ENOENT (No such file or directory)
10513 openat(AT_FDCWD, "/usr/lib/locale/C.utf8/LC_IDENTIFICATION", O_RDONLY|O_CLOEXEC) = 5
10513 openat(AT_FDCWD, "/usr/lib/x86_64-linux-gnu/gconv/gconv-modules.cache", O_RDONLY|O_CLOEXEC) = 5
10513 openat(AT_FDCWD, "/usr/lib/locale/C.UTF-8/LC_MEASUREMENT", O_RDONLY|O_CLOEXEC) = -1 ENOENT (No such file or directory)
10513 openat(AT_FDCWD, "/usr/lib/locale/C.utf8/LC_MEASUREMENT", O_RDONLY|O_CLOEXEC) = 5
10513 openat(AT_FDCWD, "/usr/lib/locale/C.UTF-8/LC_TELEPHONE", O_RDONLY|O_CLOEXEC) = -1 ENOENT (No such file or directory)
10513 openat(AT_FDCWD, "/usr/lib/locale/C.utf8/LC_TELEPHONE", O_RDONLY|O_CLOEXEC) = 5
10513 openat(AT_FDCWD, "/usr/lib/locale/C.UTF-8/LC_ADDRESS", O_RDONLY|O_CLOEXEC) = -1 ENOENT (No such file or directory)
10513 openat(AT_FDCWD, "/usr/lib/locale/C.utf8/LC_ADDRESS", O_RDONLY|O_CLOEXEC) = 5
10513 openat(AT_FDCWD, "/usr/lib/locale/C.UTF-8/LC_NAME", O_RDONLY|O_CLOEXEC) = -1 ENOENT (No such file or directory)
10513 openat(AT_FDCWD, "/usr/lib/locale/C.utf8/LC_NAME", O_RDONLY|O_CLOEXEC) = 5
10513 openat(AT_FDCWD, "/usr/lib/locale/C.UTF-8/LC_PAPER", O_RDONLY|O_CLOEXEC) = -1 ENOENT (No such file or directory)
10513 openat(AT_FDCWD, "/usr/lib/locale/C.utf8/LC_PAPER", O_RDONLY|O_CLOEXEC) = 5
10513 openat(AT_FDCWD, "/usr/lib/locale/C.UTF-8/LC_MESSAGES", O_RDONLY|O_CLOEXEC) = -1 ENOENT (No such file or directory)
10513 openat(AT_FDCWD, "/usr/lib/locale/C.utf8/LC_MESSAGES", O_RDONLY|O_CLOEXEC) = 5
10513 openat(AT_FDCWD, "/usr/lib/locale/C.utf8/LC_MESSAGES/SYS_LC_MESSAGES", O_RDONLY|O_CLOEXEC) = 5
10513 openat(AT_FDCWD, "/usr/lib/locale/C.UTF-8/LC_MONETARY", O_RDONLY|O_CLOEXEC) = -1 ENOENT (No such file or directory)
10513 openat(AT_FDCWD, "/usr/lib/locale/C.utf8/LC_MONETARY", O_RDONLY|O_CLOEXEC) = 5
10513 openat(AT_FDCWD, "/usr/lib/locale/C.UTF-8/LC_COLLATE", O_RDONLY|O_CLOEXEC) = -1 ENOENT (No such file or directory)
10513 openat(AT_FDCWD, "/usr/lib/locale/C.utf8/LC_COLLATE", O_RDONLY|O_CLOEXEC) = 5
10513 openat(AT_FDCWD, "/usr/lib/locale/C.UTF-8/LC_TIME", O_RDONLY|O_CLOEXEC) = -1 ENOENT (No such file or directory)
10513 openat(AT_FDCWD, "/usr/lib/locale/C.utf8/LC_TIME", O_RDONLY|O_CLOEXEC) = 5
10513 openat(AT_FDCWD, "/usr/lib/locale/C.UTF-8/LC_NUMERIC", O_RDONLY|O_CLOEXEC) = -1 ENOENT (No such file or directory)
10513 openat(AT_FDCWD, "/usr/lib/locale/C.utf8/LC_NUMERIC", O_RDONLY|O_CLOEXEC) = 5
10513 openat(AT_FDCWD, "/usr/lib/locale/C.UTF-8/LC_CTYPE", O_RDONLY|O_CLOEXEC) = -1 ENOENT (No such file or directory)
10513 openat(AT_FDCWD, "/usr/lib/locale/C.utf8/LC_CTYPE", O_RDONLY|O_CLOEXEC) = 5
10513 openat(AT_FDCWD, "/home/runner/work/deckrender-acceptance/deckrender-acceptance/benchmark/artifacts/acceptance/private/sandboxes/f2d0ead1671bca07b7bae471906b296bf75cb7245dc7dbbdf3a71dfa1ed41aff/.local/share/applications/mimeapps.list", O_WRONLY|O_CREAT|O_NOCTTY|O_NONBLOCK, 0666) = 5
10509 --- SIGCHLD {si_signo=SIGCHLD, si_code=CLD_EXITED, si_pid=10513, si_uid=1001, si_status=0, si_utime=0, si_stime=0} ---
10509 openat(AT_FDCWD, "/dev/null", O_RDONLY) = 5
10509 openat(AT_FDCWD, "/dev/fd/63", O_WRONLY|O_CREAT|O_TRUNC, 0666) = 5
10509 openat(AT_FDCWD, "/dev/fd/63", O_WRONLY|O_CREAT|O_TRUNC, 0666) = 5
10514 openat(AT_FDCWD, "/opt/hostedtoolcache/Python/3.12.14/x64/lib/glibc-hwcaps/x86-64-v4/libc.so.6", O_RDONLY|O_CLOEXEC) = -1 ENOENT (No such file or directory)
10514 openat(AT_FDCWD, "/opt/hostedtoolcache/Python/3.12.14/x64/lib/glibc-hwcaps/x86-64-v3/libc.so.6", O_RDONLY|O_CLOEXEC) = -1 ENOENT (No such file or directory)
10514 openat(AT_FDCWD, "/opt/hostedtoolcache/Python/3.12.14/x64/lib/glibc-hwcaps/x86-64-v2/libc.so.6", O_RDONLY|O_CLOEXEC) = -1 ENOENT (No such file or directory)
10514 openat(AT_FDCWD, "/opt/hostedtoolcache/Python/3.12.14/x64/lib/libc.so.6", O_RDONLY|O_CLOEXEC) = -1 ENOENT (No such file or directory)
10514 openat(AT_FDCWD, "/etc/ld.so.cache", O_RDONLY|O_CLOEXEC) = 5
10514 openat(AT_FDCWD, "/lib/x86_64-linux-gnu/libc.so.6", O_RDONLY|O_CLOEXEC) = 5
10509 openat(AT_FDCWD, "/opt/hostedtoolcache/Python/3.12.14/x64/lib/glibc-hwcaps/x86-64-v4/libdl.so.2", O_RDONLY|O_CLOEXEC) = -1 ENOENT (No such file or directory)
10509 openat(AT_FDCWD, "/opt/hostedtoolcache/Python/3.12.14/x64/lib/glibc-hwcaps/x86-64-v3/libdl.so.2", O_RDONLY|O_CLOEXEC) = -1 ENOENT (No such file or directory)
10509 openat(AT_FDCWD, "/opt/hostedtoolcache/Python/3.12.14/x64/lib/glibc-hwcaps/x86-64-v2/libdl.so.2", O_RDONLY|O_CLOEXEC) = -1 ENOENT (No such file or directory)
10514 openat(AT_FDCWD, "/usr/lib/locale/locale-archive", O_RDONLY|O_CLOEXEC) = 5
10509 openat(AT_FDCWD, "/opt/hostedtoolcache/Python/3.12.14/x64/lib/libdl.so.2", O_RDONLY|O_CLOEXEC) = -1 ENOENT (No such file or directory)
10509 openat(AT_FDCWD, "/etc/ld.so.cache", O_RDONLY|O_CLOEXEC <unfinished ...>
10514 openat(AT_FDCWD, "/usr/share/locale/locale.alias", O_RDONLY|O_CLOEXEC <unfinished ...>
10509 <... openat resumed>)             = 5
10514 <... openat resumed>)             = 5
10509 openat(AT_FDCWD, "/lib/x86_64-linux-gnu/libdl.so.2", O_RDONLY|O_CLOEXEC) = 5
10514 openat(AT_FDCWD, "/usr/lib/locale/C.UTF-8/LC_IDENTIFICATION", O_RDONLY|O_CLOEXEC) = -1 ENOENT (No such file or directory)
10515 openat(AT_FDCWD, "/opt/hostedtoolcache/Python/3.12.14/x64/lib/glibc-hwcaps/x86-64-v4/libc.so.6", O_RDONLY|O_CLOEXEC <unfinished ...>
10514 openat(AT_FDCWD, "/usr/lib/locale/C.utf8/LC_IDENTIFICATION", O_RDONLY|O_CLOEXEC <unfinished ...>
10515 <... openat resumed>)             = -1 ENOENT (No such file or directory)
10514 <... openat resumed>)             = 5
10515 openat(AT_FDCWD, "/opt/hostedtoolcache/Python/3.12.14/x64/lib/glibc-hwcaps/x86-64-v3/libc.so.6", O_RDONLY|O_CLOEXEC) = -1 ENOENT (No such file or directory)
10515 openat(AT_FDCWD, "/opt/hostedtoolcache/Python/3.12.14/x64/lib/glibc-hwcaps/x86-64-v2/libc.so.6", O_RDONLY|O_CLOEXEC <unfinished ...>
10514 openat(AT_FDCWD, "/usr/lib/x86_64-linux-gnu/gconv/gconv-modules.cache", O_RDONLY|O_CLOEXEC <unfinished ...>
10515 <... openat resumed>)             = -1 ENOENT (No such file or directory)
10514 <... openat resumed>)             = 5
10515 openat(AT_FDCWD, "/opt/hostedtoolcache/Python/3.12.14/x64/lib/libc.so.6", O_RDONLY|O_CLOEXEC) = -1 ENOENT (No such file or directory)
10509 openat(AT_FDCWD, "/opt/hostedtoolcache/Python/3.12.14/x64/lib/libpthread.so.0", O_RDONLY|O_CLOEXEC <unfinished ...>
10515 openat(AT_FDCWD, "/etc/ld.so.cache", O_RDONLY|O_CLOEXEC <unfinished ...>
10509 <... openat resumed>)             = -1 ENOENT (No such file or directory)
10515 <... openat resumed>)             = 5
10509 openat(AT_FDCWD, "/lib/x86_64-linux-gnu/libpthread.so.0", O_RDONLY|O_CLOEXEC <unfinished ...>
10514 openat(AT_FDCWD, "/usr/lib/locale/C.UTF-8/LC_MEASUREMENT", O_RDONLY|O_CLOEXEC <unfinished ...>
10509 <... openat resumed>)             = 5
10514 <... openat resumed>)             = -1 ENOENT (No such file or directory)
10514 openat(AT_FDCWD, "/usr/lib/locale/C.utf8/LC_MEASUREMENT", O_RDONLY|O_CLOEXEC) = 5
10515 openat(AT_FDCWD, "/lib/x86_64-linux-gnu/libc.so.6", O_RDONLY|O_CLOEXEC) = 5
10514 openat(AT_FDCWD, "/usr/lib/locale/C.UTF-8/LC_TELEPHONE", O_RDONLY|O_CLOEXEC) = -1 ENOENT (No such file or directory)
10514 openat(AT_FDCWD, "/usr/lib/locale/C.utf8/LC_TELEPHONE", O_RDONLY|O_CLOEXEC) = 5
10509 openat(AT_FDCWD, "/opt/hostedtoolcache/Python/3.12.14/x64/lib/libglib-2.0.so.0", O_RDONLY|O_CLOEXEC) = -1 ENOENT (No such file or directory)
10514 openat(AT_FDCWD, "/usr/lib/locale/C.UTF-8/LC_ADDRESS", O_RDONLY|O_CLOEXEC <unfinished ...>
10509 openat(AT_FDCWD, "/lib/x86_64-linux-gnu/libglib-2.0.so.0", O_RDONLY|O_CLOEXEC <unfinished ...>
10514 <... openat resumed>)             = -1 ENOENT (No such file or directory)
10509 <... openat resumed>)             = 5
10514 openat(AT_FDCWD, "/usr/lib/locale/C.utf8/LC_ADDRESS", O_RDONLY|O_CLOEXEC) = 5
10514 openat(AT_FDCWD, "/usr/lib/locale/C.UTF-8/LC_NAME", O_RDONLY|O_CLOEXEC) = -1 ENOENT (No such file or directory)
10514 openat(AT_FDCWD, "/usr/lib/locale/C.utf8/LC_NAME", O_RDONLY|O_CLOEXEC) = 5
10514 openat(AT_FDCWD, "/usr/lib/locale/C.UTF-8/LC_PAPER", O_RDONLY|O_CLOEXEC) = -1 ENOENT (No such file or directory)
10509 openat(AT_FDCWD, "/opt/hostedtoolcache/Python/3.12.14/x64/lib/libgobject-2.0.so.0", O_RDONLY|O_CLOEXEC <unfinished ...>
10514 openat(AT_FDCWD, "/usr/lib/locale/C.utf8/LC_PAPER", O_RDONLY|O_CLOEXEC <unfinished ...>
10509 <... openat resumed>)             = -1 ENOENT (No such file or directory)
10514 <... openat resumed>)             = 5
10509 openat(AT_FDCWD, "/lib/x86_64-linux-gnu/libgobject-2.0.so.0", O_RDONLY|O_CLOEXEC) = 5
10514 openat(AT_FDCWD, "/usr/lib/locale/C.UTF-8/LC_MESSAGES", O_RDONLY|O_CLOEXEC) = -1 ENOENT (No such file or directory)
10514 openat(AT_FDCWD, "/usr/lib/locale/C.utf8/LC_MESSAGES", O_RDONLY|O_CLOEXEC) = 5
10515 openat(AT_FDCWD, "/usr/lib/locale/locale-archive", O_RDONLY|O_CLOEXEC) = 5
10514 openat(AT_FDCWD, "/usr/lib/locale/C.utf8/LC_MESSAGES/SYS_LC_MESSAGES", O_RDONLY|O_CLOEXEC) = 5
10515 openat(AT_FDCWD, "/usr/share/locale/locale.alias", O_RDONLY|O_CLOEXEC <unfinished ...>
10509 openat(AT_FDCWD, "/opt/hostedtoolcache/Python/3.12.14/x64/lib/libnspr4.so", O_RDONLY|O_CLOEXEC <unfinished ...>
10515 <... openat resumed>)             = 5
10509 <... openat resumed>)             = -1 ENOENT (No such file or directory)
10514 openat(AT_FDCWD, "/usr/lib/locale/C.UTF-8/LC_MONETARY", O_RDONLY|O_CLOEXEC <unfinished ...>
10509 openat(AT_FDCWD, "/lib/x86_64-linux-gnu/libnspr4.so", O_RDONLY|O_CLOEXEC <unfinished ...>
10514 <... openat resumed>)             = -1 ENOENT (No such file or directory)
10509 <... openat resumed>)             = 5
10514 openat(AT_FDCWD, "/usr/lib/locale/C.utf8/LC_MONETARY", O_RDONLY|O_CLOEXEC) = 5
10515 openat(AT_FDCWD, "/usr/lib/locale/C.UTF-8/LC_IDENTIFICATION", O_RDONLY|O_CLOEXEC) = -1 ENOENT (No such file or directory)
10515 openat(AT_FDCWD, "/usr/lib/locale/C.utf8/LC_IDENTIFICATION", O_RDONLY|O_CLOEXEC <unfinished ...>
10514 openat(AT_FDCWD, "/usr/lib/locale/C.UTF-8/LC_COLLATE", O_RDONLY|O_CLOEXEC <unfinished ...>
10515 <... openat resumed>)             = 5
10514 <... openat resumed>)             = -1 ENOENT (No such file or directory)
10514 openat(AT_FDCWD, "/usr/lib/locale/C.utf8/LC_COLLATE", O_RDONLY|O_CLOEXEC) = 5
10515 openat(AT_FDCWD, "/usr/lib/x86_64-linux-gnu/gconv/gconv-modules.cache", O_RDONLY|O_CLOEXEC) = 5
10514 openat(AT_FDCWD, "/usr/lib/locale/C.UTF-8/LC_TIME", O_RDONLY|O_CLOEXEC) = -1 ENOENT (No such file or directory)
10509 openat(AT_FDCWD, "/opt/hostedtoolcache/Python/3.12.14/x64/lib/libnss3.so", O_RDONLY|O_CLOEXEC <unfinished ...>
10514 openat(AT_FDCWD, "/usr/lib/locale/C.utf8/LC_TIME", O_RDONLY|O_CLOEXEC <unfinished ...>
10509 <... openat resumed>)             = -1 ENOENT (No such file or directory)
10514 <... openat resumed>)             = 5
10509 openat(AT_FDCWD, "/lib/x86_64-linux-gnu/libnss3.so", O_RDONLY|O_CLOEXEC <unfinished ...>
10515 openat(AT_FDCWD, "/usr/lib/locale/C.UTF-8/LC_MEASUREMENT", O_RDONLY|O_CLOEXEC <unfinished ...>
10509 <... openat resumed>)             = 5
10515 <... openat resumed>)             = -1 ENOENT (No such file or directory)
10515 openat(AT_FDCWD, "/usr/lib/locale/C.utf8/LC_MEASUREMENT", O_RDONLY|O_CLOEXEC) = 5
10514 openat(AT_FDCWD, "/usr/lib/locale/C.UTF-8/LC_NUMERIC", O_RDONLY|O_CLOEXEC) = -1 ENOENT (No such file or directory)
10514 openat(AT_FDCWD, "/usr/lib/locale/C.utf8/LC_NUMERIC", O_RDONLY|O_CLOEXEC) = 5
10515 openat(AT_FDCWD, "/usr/lib/locale/C.UTF-8/LC_TELEPHONE", O_RDONLY|O_CLOEXEC) = -1 ENOENT (No such file or directory)
10515 openat(AT_FDCWD, "/usr/lib/locale/C.utf8/LC_TELEPHONE", O_RDONLY|O_CLOEXEC) = 5
10514 openat(AT_FDCWD, "/usr/lib/locale/C.UTF-8/LC_CTYPE", O_RDONLY|O_CLOEXEC) = -1 ENOENT (No such file or directory)
10514 openat(AT_FDCWD, "/usr/lib/locale/C.utf8/LC_CTYPE", O_RDONLY|O_CLOEXEC) = 5
10515 openat(AT_FDCWD, "/usr/lib/locale/C.UTF-8/LC_ADDRESS", O_RDONLY|O_CLOEXEC) = -1 ENOENT (No such file or directory)
10515 openat(AT_FDCWD, "/usr/lib/locale/C.utf8/LC_ADDRESS", O_RDONLY|O_CLOEXEC <unfinished ...>
10509 openat(AT_FDCWD, "/opt/hostedtoolcache/Python/3.12.14/x64/lib/libnssutil3.so", O_RDONLY|O_CLOEXEC <unfinished ...>
10515 <... openat resumed>)             = 5
10509 <... openat resumed>)             = -1 ENOENT (No such file or directory)
10509 openat(AT_FDCWD, "/lib/x86_64-linux-gnu/libnssutil3.so", O_RDONLY|O_CLOEXEC) = 5
10515 openat(AT_FDCWD, "/usr/lib/locale/C.UTF-8/LC_NAME", O_RDONLY|O_CLOEXEC) = -1 ENOENT (No such file or directory)
10515 openat(AT_FDCWD, "/usr/lib/locale/C.utf8/LC_NAME", O_RDONLY|O_CLOEXEC) = 5
10515 openat(AT_FDCWD, "/usr/lib/locale/C.UTF-8/LC_PAPER", O_RDONLY|O_CLOEXEC) = -1 ENOENT (No such file or directory)
10515 openat(AT_FDCWD, "/usr/lib/locale/C.utf8/LC_PAPER", O_RDONLY|O_CLOEXEC) = 5
10509 openat(AT_FDCWD, "/opt/hostedtoolcache/Python/3.12.14/x64/lib/libsmime3.so", O_RDONLY|O_CLOEXEC) = -1 ENOENT (No such file or directory)
10509 openat(AT_FDCWD, "/lib/x86_64-linux-gnu/libsmime3.so", O_RDONLY|O_CLOEXEC) = 5
10515 openat(AT_FDCWD, "/usr/lib/locale/C.UTF-8/LC_MESSAGES", O_RDONLY|O_CLOEXEC) = -1 ENOENT (No such file or directory)
10515 openat(AT_FDCWD, "/usr/lib/locale/C.utf8/LC_MESSAGES", O_RDONLY|O_CLOEXEC) = 5
10515 openat(AT_FDCWD, "/usr/lib/locale/C.utf8/LC_MESSAGES/SYS_LC_MESSAGES", O_RDONLY|O_CLOEXEC) = 5
10509 openat(AT_FDCWD, "/opt/hostedtoolcache/Python/3.12.14/x64/lib/libgio-2.0.so.0", O_RDONLY|O_CLOEXEC) = -1 ENOENT (No such file or directory)
10509 openat(AT_FDCWD, "/lib/x86_64-linux-gnu/libgio-2.0.so.0", O_RDONLY|O_CLOEXEC <unfinished ...>
10515 openat(AT_FDCWD, "/usr/lib/locale/C.UTF-8/LC_MONETARY", O_RDONLY|O_CLOEXEC <unfinished ...>
10509 <... openat resumed>)             = 5
10515 <... openat resumed>)             = -1 ENOENT (No such file or directory)
10515 openat(AT_FDCWD, "/usr/lib/locale/C.utf8/LC_MONETARY", O_RDONLY|O_CLOEXEC) = 5
10515 openat(AT_FDCWD, "/usr/lib/locale/C.UTF-8/LC_COLLATE", O_RDONLY|O_CLOEXEC) = -1 ENOENT (No such file or directory)
10515 openat(AT_FDCWD, "/usr/lib/locale/C.utf8/LC_COLLATE", O_RDONLY|O_CLOEXEC) = 5
10515 openat(AT_FDCWD, "/usr/lib/locale/C.UTF-8/LC_TIME", O_RDONLY|O_CLOEXEC) = -1 ENOENT (No such file or directory)
10509 openat(AT_FDCWD, "/opt/hostedtoolcache/Python/3.12.14/x64/lib/libatk-1.0.so.0", O_RDONLY|O_CLOEXEC <unfinished ...>
10515 openat(AT_FDCWD, "/usr/lib/locale/C.utf8/LC_TIME", O_RDONLY|O_CLOEXEC <unfinished ...>
10509 <... openat resumed>)             = -1 ENOENT (No such file or directory)
10515 <... openat resumed>)             = 5
10509 openat(AT_FDCWD, "/lib/x86_64-linux-gnu/libatk-1.0.so.0", O_RDONLY|O_CLOEXEC) = 5
10515 openat(AT_FDCWD, "/usr/lib/locale/C.UTF-8/LC_NUMERIC", O_RDONLY|O_CLOEXEC) = -1 ENOENT (No such file or directory)
10515 openat(AT_FDCWD, "/usr/lib/locale/C.utf8/LC_NUMERIC", O_RDONLY|O_CLOEXEC) = 5
10515 openat(AT_FDCWD, "/usr/lib/locale/C.UTF-8/LC_CTYPE", O_RDONLY|O_CLOEXEC) = -1 ENOENT (No such file or directory)
10515 openat(AT_FDCWD, "/usr/lib/locale/C.utf8/LC_CTYPE", O_RDONLY|O_CLOEXEC <unfinished ...>
10509 openat(AT_FDCWD, "/opt/hostedtoolcache/Python/3.12.14/x64/lib/libatk-bridge-2.0.so.0", O_RDONLY|O_CLOEXEC <unfinished ...>
10515 <... openat resumed>)             = 5
10509 <... openat resumed>)             = -1 ENOENT (No such file or directory)
10509 openat(AT_FDCWD, "/lib/x86_64-linux-gnu/libatk-bridge-2.0.so.0", O_RDONLY|O_CLOEXEC) = 5
10509 openat(AT_FDCWD, "/opt/hostedtoolcache/Python/3.12.14/x64/lib/libdbus-1.so.3", O_RDONLY|O_CLOEXEC) = -1 ENOENT (No such file or directory)
10509 openat(AT_FDCWD, "/lib/x86_64-linux-gnu/libdbus-1.so.3", O_RDONLY|O_CLOEXEC) = 5
10509 openat(AT_FDCWD, "/opt/hostedtoolcache/Python/3.12.14/x64/lib/libcups.so.2", O_RDONLY|O_CLOEXEC) = -1 ENOENT (No such file or directory)
10509 openat(AT_FDCWD, "/lib/x86_64-linux-gnu/libcups.so.2", O_RDONLY|O_CLOEXEC) = 5
10509 openat(AT_FDCWD, "/opt/hostedtoolcache/Python/3.12.14/x64/lib/libexpat.so.1", O_RDONLY|O_CLOEXEC) = -1 ENOENT (No such file or directory)
10509 openat(AT_FDCWD, "/lib/x86_64-linux-gnu/libexpat.so.1", O_RDONLY|O_CLOEXEC) = 5
10509 openat(AT_FDCWD, "/opt/hostedtoolcache/Python/3.12.14/x64/lib/libxcb.so.1", O_RDONLY|O_CLOEXEC) = -1 ENOENT (No such file or directory)
10509 openat(AT_FDCWD, "/lib/x86_64-linux-gnu/libxcb.so.1", O_RDONLY|O_CLOEXEC) = 5
10509 openat(AT_FDCWD, "/opt/hostedtoolcache/Python/3.12.14/x64/lib/libxkbcommon.so.0", O_RDONLY|O_CLOEXEC) = -1 ENOENT (No such file or directory)
10509 openat(AT_FDCWD, "/lib/x86_64-linux-gnu/libxkbcommon.so.0", O_RDONLY|O_CLOEXEC) = 5
10509 openat(AT_FDCWD, "/opt/hostedtoolcache/Python/3.12.14/x64/lib/libasound.so.2", O_RDONLY|O_CLOEXEC) = -1 ENOENT (No such file or directory)
10509 openat(AT_FDCWD, "/lib/x86_64-linux-gnu/libasound.so.2", O_RDONLY|O_CLOEXEC) = 5
10509 openat(AT_FDCWD, "/opt/hostedtoolcache/Python/3.12.14/x64/lib/libgbm.so.1", O_RDONLY|O_CLOEXEC) = -1 ENOENT (No such file or directory)
10509 openat(AT_FDCWD, "/lib/x86_64-linux-gnu/libgbm.so.1", O_RDONLY|O_CLOEXEC) = 5
10509 openat(AT_FDCWD, "/opt/hostedtoolcache/Python/3.12.14/x64/lib/libX11.so.6", O_RDONLY|O_CLOEXEC) = -1 ENOENT (No such file or directory)
10509 openat(AT_FDCWD, "/lib/x86_64-linux-gnu/libX11.so.6", O_RDONLY|O_CLOEXEC) = 5
10509 openat(AT_FDCWD, "/opt/hostedtoolcache/Python/3.12.14/x64/lib/libXext.so.6", O_RDONLY|O_CLOEXEC) = -1 ENOENT (No such file or directory)
10509 openat(AT_FDCWD, "/lib/x86_64-linux-gnu/libXext.so.6", O_RDONLY|O_CLOEXEC) = 5
10509 openat(AT_FDCWD, "/opt/hostedtoolcache/Python/3.12.14/x64/lib/libcairo.so.2", O_RDONLY|O_CLOEXEC) = -1 ENOENT (No such file or directory)
10509 openat(AT_FDCWD, "/lib/x86_64-linux-gnu/libcairo.so.2", O_RDONLY|O_CLOEXEC) = 5
10509 openat(AT_FDCWD, "/opt/hostedtoolcache/Python/3.12.14/x64/lib/libpango-1.0.so.0", O_RDONLY|O_CLOEXEC) = -1 ENOENT (No such file or directory)
10509 openat(AT_FDCWD, "/lib/x86_64-linux-gnu/libpango-1.0.so.0", O_RDONLY|O_CLOEXEC) = 5
10509 openat(AT_FDCWD, "/opt/hostedtoolcache/Python/3.12.14/x64/lib/libudev.so.1", O_RDONLY|O_CLOEXEC) = -1 ENOENT (No such file or directory)
10509 openat(AT_FDCWD, "/lib/x86_64-linux-gnu/libudev.so.1", O_RDONLY|O_CLOEXEC) = 5
10509 openat(AT_FDCWD, "/opt/hostedtoolcache/Python/3.12.14/x64/lib/libm.so.6", O_RDONLY|O_CLOEXEC) = -1 ENOENT (No such file or directory)
10509 openat(AT_FDCWD, "/lib/x86_64-linux-gnu/libm.so.6", O_RDONLY|O_CLOEXEC) = 5
10509 openat(AT_FDCWD, "/opt/hostedtoolcache/Python/3.12.14/x64/lib/libXcomposite.so.1", O_RDONLY|O_CLOEXEC) = -1 ENOENT (No such file or directory)
10509 openat(AT_FDCWD, "/lib/x86_64-linux-gnu/libXcomposite.so.1", O_RDONLY|O_CLOEXEC) = 5
10509 openat(AT_FDCWD, "/opt/hostedtoolcache/Python/3.12.14/x64/lib/libXdamage.so.1", O_RDONLY|O_CLOEXEC) = -1 ENOENT (No such file or directory)
10509 openat(AT_FDCWD, "/lib/x86_64-linux-gnu/libXdamage.so.1", O_RDONLY|O_CLOEXEC) = 5
10509 openat(AT_FDCWD, "/opt/hostedtoolcache/Python/3.12.14/x64/lib/libXfixes.so.3", O_RDONLY|O_CLOEXEC) = -1 ENOENT (No such file or directory)
10509 openat(AT_FDCWD, "/lib/x86_64-linux-gnu/libXfixes.so.3", O_RDONLY|O_CLOEXEC) = 5
10509 openat(AT_FDCWD, "/opt/hostedtoolcache/Python/3.12.14/x64/lib/libXrandr.so.2", O_RDONLY|O_CLOEXEC) = -1 ENOENT (No such file or directory)
10509 openat(AT_FDCWD, "/lib/x86_64-linux-gnu/libXrandr.so.2", O_RDONLY|O_CLOEXEC) = 5
10509 openat(AT_FDCWD, "/opt/hostedtoolcache/Python/3.12.14/x64/lib/libatspi.so.0", O_RDONLY|O_CLOEXEC) = -1 ENOENT (No such file or directory)
10509 openat(AT_FDCWD, "/lib/x86_64-linux-gnu/libatspi.so.0", O_RDONLY|O_CLOEXEC) = 5
10509 openat(AT_FDCWD, "/opt/hostedtoolcache/Python/3.12.14/x64/lib/libgcc_s.so.1", O_RDONLY|O_CLOEXEC) = -1 ENOENT (No such file or directory)
10509 openat(AT_FDCWD, "/lib/x86_64-linux-gnu/libgcc_s.so.1", O_RDONLY|O_CLOEXEC) = 5
10509 openat(AT_FDCWD, "/opt/hostedtoolcache/Python/3.12.14/x64/lib/libc.so.6", O_RDONLY|O_CLOEXEC) = -1 ENOENT (No such file or directory)
10509 openat(AT_FDCWD, "/lib/x86_64-linux-gnu/libc.so.6", O_RDONLY|O_CLOEXEC) = 5
10509 openat(AT_FDCWD, "/opt/hostedtoolcache/Python/3.12.14/x64/lib/libpcre2-8.so.0", O_RDONLY|O_CLOEXEC) = -1 ENOENT (No such file or directory)
10509 openat(AT_FDCWD, "/lib/x86_64-linux-gnu/libpcre2-8.so.0", O_RDONLY|O_CLOEXEC) = 5
10509 openat(AT_FDCWD, "/opt/hostedtoolcache/Python/3.12.14/x64/lib/libffi.so.8", O_RDONLY|O_CLOEXEC) = -1 ENOENT (No such file or directory)
10509 openat(AT_FDCWD, "/lib/x86_64-linux-gnu/libffi.so.8", O_RDONLY|O_CLOEXEC) = 5
10509 openat(AT_FDCWD, "/opt/hostedtoolcache/Python/3.12.14/x64/lib/libplc4.so", O_RDONLY|O_CLOEXEC) = -1 ENOENT (No such file or directory)
10509 openat(AT_FDCWD, "/lib/x86_64-linux-gnu/libplc4.so", O_RDONLY|O_CLOEXEC) = 5
10509 openat(AT_FDCWD, "/opt/hostedtoolcache/Python/3.12.14/x64/lib/libplds4.so", O_RDONLY|O_CLOEXEC) = -1 ENOENT (No such file or directory)
10509 openat(AT_FDCWD, "/lib/x86_64-linux-gnu/libplds4.so", O_RDONLY|O_CLOEXEC) = 5
10509 openat(AT_FDCWD, "/opt/hostedtoolcache/Python/3.12.14/x64/lib/libgmodule-2.0.so.0", O_RDONLY|O_CLOEXEC) = -1 ENOENT (No such file or directory)
10509 openat(AT_FDCWD, "/lib/x86_64-linux-gnu/libgmodule-2.0.so.0", O_RDONLY|O_CLOEXEC) = 5
10509 openat(AT_FDCWD, "/opt/hostedtoolcache/Python/3.12.14/x64/lib/libz.so.1", O_RDONLY|O_CLOEXEC) = -1 ENOENT (No such file or directory)
10509 openat(AT_FDCWD, "/lib/x86_64-linux-gnu/libz.so.1", O_RDONLY|O_CLOEXEC) = 5
10509 openat(AT_FDCWD, "/opt/hostedtoolcache/Python/3.12.14/x64/lib/libmount.so.1", O_RDONLY|O_CLOEXEC) = -1 ENOENT (No such file or directory)
10509 openat(AT_FDCWD, "/lib/x86_64-linux-gnu/libmount.so.1", O_RDONLY|O_CLOEXEC) = 5
10509 openat(AT_FDCWD, "/opt/hostedtoolcache/Python/3.12.14/x64/lib/libselinux.so.1", O_RDONLY|O_CLOEXEC) = -1 ENOENT (No such file or directory)
10509 openat(AT_FDCWD, "/lib/x86_64-linux-gnu/libselinux.so.1", O_RDONLY|O_CLOEXEC) = 5
10509 openat(AT_FDCWD, "/opt/hostedtoolcache/Python/3.12.14/x64/lib/libsystemd.so.0", O_RDONLY|O_CLOEXEC) = -1 ENOENT (No such file or directory)
10509 openat(AT_FDCWD, "/lib/x86_64-linux-gnu/libsystemd.so.0", O_RDONLY|O_CLOEXEC) = 5
10509 openat(AT_FDCWD, "/opt/hostedtoolcache/Python/3.12.14/x64/lib/libgssapi_krb5.so.2", O_RDONLY|O_CLOEXEC) = -1 ENOENT (No such file or directory)
10509 openat(AT_FDCWD, "/lib/x86_64-linux-gnu/libgssapi_krb5.so.2", O_RDONLY|O_CLOEXEC) = 5
10509 openat(AT_FDCWD, "/opt/hostedtoolcache/Python/3.12.14/x64/lib/libavahi-common.so.3", O_RDONLY|O_CLOEXEC) = -1 ENOENT (No such file or directory)
10509 openat(AT_FDCWD, "/lib/x86_64-linux-gnu/libavahi-common.so.3", O_RDONLY|O_CLOEXEC) = 5
10509 openat(AT_FDCWD, "/opt/hostedtoolcache/Python/3.12.14/x64/lib/libavahi-client.so.3", O_RDONLY|O_CLOEXEC) = -1 ENOENT (No such file or directory)
10509 openat(AT_FDCWD, "/lib/x86_64-linux-gnu/libavahi-client.so.3", O_RDONLY|O_CLOEXEC) = 5
10509 openat(AT_FDCWD, "/opt/hostedtoolcache/Python/3.12.14/x64/lib/libgnutls.so.30", O_RDONLY|O_CLOEXEC) = -1 ENOENT (No such file or directory)
10509 openat(AT_FDCWD, "/lib/x86_64-linux-gnu/libgnutls.so.30", O_RDONLY|O_CLOEXEC) = 5
10509 openat(AT_FDCWD, "/opt/hostedtoolcache/Python/3.12.14/x64/lib/libXau.so.6", O_RDONLY|O_CLOEXEC) = -1 ENOENT (No such file or directory)
10509 openat(AT_FDCWD, "/lib/x86_64-linux-gnu/libXau.so.6", O_RDONLY|O_CLOEXEC) = 5
10509 openat(AT_FDCWD, "/opt/hostedtoolcache/Python/3.12.14/x64/lib/libXdmcp.so.6", O_RDONLY|O_CLOEXEC) = -1 ENOENT (No such file or directory)
10509 openat(AT_FDCWD, "/lib/x86_64-linux-gnu/libXdmcp.so.6", O_RDONLY|O_CLOEXEC) = 5
10509 openat(AT_FDCWD, "/opt/hostedtoolcache/Python/3.12.14/x64/lib/libdrm.so.2", O_RDONLY|O_CLOEXEC) = -1 ENOENT (No such file or directory)
10509 openat(AT_FDCWD, "/lib/x86_64-linux-gnu/libdrm.so.2", O_RDONLY|O_CLOEXEC) = 5
10509 openat(AT_FDCWD, "/opt/hostedtoolcache/Python/3.12.14/x64/lib/libpng16.so.16", O_RDONLY|O_CLOEXEC) = -1 ENOENT (No such file or directory)
10509 openat(AT_FDCWD, "/lib/x86_64-linux-gnu/libpng16.so.16", O_RDONLY|O_CLOEXEC) = 5
10509 openat(AT_FDCWD, "/opt/hostedtoolcache/Python/3.12.14/x64/lib/libfontconfig.so.1", O_RDONLY|O_CLOEXEC) = -1 ENOENT (No such file or directory)
10509 openat(AT_FDCWD, "/lib/x86_64-linux-gnu/libfontconfig.so.1", O_RDONLY|O_CLOEXEC) = 5
10509 openat(AT_FDCWD, "/opt/hostedtoolcache/Python/3.12.14/x64/lib/libfreetype.so.6", O_RDONLY|O_CLOEXEC) = -1 ENOENT (No such file or directory)
10509 openat(AT_FDCWD, "/lib/x86_64-linux-gnu/libfreetype.so.6", O_RDONLY|O_CLOEXEC) = 5
10509 openat(AT_FDCWD, "/opt/hostedtoolcache/Python/3.12.14/x64/lib/libXrender.so.1", O_RDONLY|O_CLOEXEC) = -1 ENOENT (No such file or directory)
10509 openat(AT_FDCWD, "/lib/x86_64-linux-gnu/libXrender.so.1", O_RDONLY|O_CLOEXEC) = 5
10509 openat(AT_FDCWD, "/opt/hostedtoolcache/Python/3.12.14/x64/lib/libxcb-render.so.0", O_RDONLY|O_CLOEXEC) = -1 ENOENT (No such file or directory)
10509 openat(AT_FDCWD, "/lib/x86_64-linux-gnu/libxcb-render.so.0", O_RDONLY|O_CLOEXEC) = 5
10509 openat(AT_FDCWD, "/opt/hostedtoolcache/Python/3.12.14/x64/lib/libxcb-shm.so.0", O_RDONLY|O_CLOEXEC) = -1 ENOENT (No such file or directory)
10509 openat(AT_FDCWD, "/lib/x86_64-linux-gnu/libxcb-shm.so.0", O_RDONLY|O_CLOEXEC) = 5
10509 openat(AT_FDCWD, "/opt/hostedtoolcache/Python/3.12.14/x64/lib/libpixman-1.so.0", O_RDONLY|O_CLOEXEC) = -1 ENOENT (No such file or directory)
10509 openat(AT_FDCWD, "/lib/x86_64-linux-gnu/libpixman-1.so.0", O_RDONLY|O_CLOEXEC) = 5
10509 openat(AT_FDCWD, "/opt/hostedtoolcache/Python/3.12.14/x64/lib/libfribidi.so.0", O_RDONLY|O_CLOEXEC) = -1 ENOENT (No such file or directory)
10509 openat(AT_FDCWD, "/lib/x86_64-linux-gnu/libfribidi.so.0", O_RDONLY|O_CLOEXEC) = 5
10509 openat(AT_FDCWD, "/opt/hostedtoolcache/Python/3.12.14/x64/lib/libthai.so.0", O_RDONLY|O_CLOEXEC) = -1 ENOENT (No such file or directory)
10509 openat(AT_FDCWD, "/lib/x86_64-linux-gnu/libthai.so.0", O_RDONLY|O_CLOEXEC) = 5
10509 openat(AT_FDCWD, "/opt/hostedtoolcache/Python/3.12.14/x64/lib/libharfbuzz.so.0", O_RDONLY|O_CLOEXEC) = -1 ENOENT (No such file or directory)
10509 openat(AT_FDCWD, "/lib/x86_64-linux-gnu/libharfbuzz.so.0", O_RDONLY|O_CLOEXEC) = 5
10509 openat(AT_FDCWD, "/opt/hostedtoolcache/Python/3.12.14/x64/lib/libcap.so.2", O_RDONLY|O_CLOEXEC) = -1 ENOENT (No such file or directory)
10509 openat(AT_FDCWD, "/lib/x86_64-linux-gnu/libcap.so.2", O_RDONLY|O_CLOEXEC) = 5
10509 openat(AT_FDCWD, "/opt/hostedtoolcache/Python/3.12.14/x64/lib/libXi.so.6", O_RDONLY|O_CLOEXEC) = -1 ENOENT (No such file or directory)
10509 openat(AT_FDCWD, "/lib/x86_64-linux-gnu/libXi.so.6", O_RDONLY|O_CLOEXEC) = 5
10509 openat(AT_FDCWD, "/opt/hostedtoolcache/Python/3.12.14/x64/lib/libblkid.so.1", O_RDONLY|O_CLOEXEC) = -1 ENOENT (No such file or directory)
10509 openat(AT_FDCWD, "/lib/x86_64-linux-gnu/libblkid.so.1", O_RDONLY|O_CLOEXEC) = 5
10509 openat(AT_FDCWD, "/opt/hostedtoolcache/Python/3.12.14/x64/lib/libgcrypt.so.20", O_RDONLY|O_CLOEXEC) = -1 ENOENT (No such file or directory)
10509 openat(AT_FDCWD, "/lib/x86_64-linux-gnu/libgcrypt.so.20", O_RDONLY|O_CLOEXEC) = 5
10509 openat(AT_FDCWD, "/opt/hostedtoolcache/Python/3.12.14/x64/lib/liblz4.so.1", O_RDONLY|O_CLOEXEC) = -1 ENOENT (No such file or directory)
10509 openat(AT_FDCWD, "/lib/x86_64-linux-gnu/liblz4.so.1", O_RDONLY|O_CLOEXEC) = 5
10509 openat(AT_FDCWD, "/opt/hostedtoolcache/Python/3.12.14/x64/lib/liblzma.so.5", O_RDONLY|O_CLOEXEC) = -1 ENOENT (No such file or directory)
10509 openat(AT_FDCWD, "/lib/x86_64-linux-gnu/liblzma.so.5", O_RDONLY|O_CLOEXEC) = 5
10509 openat(AT_FDCWD, "/opt/hostedtoolcache/Python/3.12.14/x64/lib/libzstd.so.1", O_RDONLY|O_CLOEXEC) = -1 ENOENT (No such file or directory)
10509 openat(AT_FDCWD, "/lib/x86_64-linux-gnu/libzstd.so.1", O_RDONLY|O_CLOEXEC) = 5
10509 openat(AT_FDCWD, "/opt/hostedtoolcache/Python/3.12.14/x64/lib/libkrb5.so.3", O_RDONLY|O_CLOEXEC) = -1 ENOENT (No such file or directory)
10509 openat(AT_FDCWD, "/lib/x86_64-linux-gnu/libkrb5.so.3", O_RDONLY|O_CLOEXEC) = 5
10509 openat(AT_FDCWD, "/opt/hostedtoolcache/Python/3.12.14/x64/lib/libk5crypto.so.3", O_RDONLY|O_CLOEXEC) = -1 ENOENT (No such file or directory)
10509 openat(AT_FDCWD, "/lib/x86_64-linux-gnu/libk5crypto.so.3", O_RDONLY|O_CLOEXEC) = 5
10509 openat(AT_FDCWD, "/opt/hostedtoolcache/Python/3.12.14/x64/lib/libcom_err.so.2", O_RDONLY|O_CLOEXEC) = -1 ENOENT (No such file or directory)
10509 openat(AT_FDCWD, "/lib/x86_64-linux-gnu/libcom_err.so.2", O_RDONLY|O_CLOEXEC) = 5
10509 openat(AT_FDCWD, "/opt/hostedtoolcache/Python/3.12.14/x64/lib/libkrb5support.so.0", O_RDONLY|O_CLOEXEC) = -1 ENOENT (No such file or directory)
10509 openat(AT_FDCWD, "/lib/x86_64-linux-gnu/libkrb5support.so.0", O_RDONLY|O_CLOEXEC) = 5
10509 openat(AT_FDCWD, "/opt/hostedtoolcache/Python/3.12.14/x64/lib/libp11-kit.so.0", O_RDONLY|O_CLOEXEC) = -1 ENOENT (No such file or directory)
10509 openat(AT_FDCWD, "/lib/x86_64-linux-gnu/libp11-kit.so.0", O_RDONLY|O_CLOEXEC) = 5
10509 openat(AT_FDCWD, "/opt/hostedtoolcache/Python/3.12.14/x64/lib/libidn2.so.0", O_RDONLY|O_CLOEXEC) = -1 ENOENT (No such file or directory)
10509 openat(AT_FDCWD, "/lib/x86_64-linux-gnu/libidn2.so.0", O_RDONLY|O_CLOEXEC) = 5
10509 openat(AT_FDCWD, "/opt/hostedtoolcache/Python/3.12.14/x64/lib/libunistring.so.5", O_RDONLY|O_CLOEXEC) = -1 ENOENT (No such file or directory)
10509 openat(AT_FDCWD, "/lib/x86_64-linux-gnu/libunistring.so.5", O_RDONLY|O_CLOEXEC) = 5
10509 openat(AT_FDCWD, "/opt/hostedtoolcache/Python/3.12.14/x64/lib/libtasn1.so.6", O_RDONLY|O_CLOEXEC) = -1 ENOENT (No such file or directory)
10509 openat(AT_FDCWD, "/lib/x86_64-linux-gnu/libtasn1.so.6", O_RDONLY|O_CLOEXEC) = 5
10509 openat(AT_FDCWD, "/opt/hostedtoolcache/Python/3.12.14/x64/lib/libnettle.so.8", O_RDONLY|O_CLOEXEC) = -1 ENOENT (No such file or directory)
10509 openat(AT_FDCWD, "/lib/x86_64-linux-gnu/libnettle.so.8", O_RDONLY|O_CLOEXEC) = 5
10509 openat(AT_FDCWD, "/opt/hostedtoolcache/Python/3.12.14/x64/lib/libhogweed.so.6", O_RDONLY|O_CLOEXEC) = -1 ENOENT (No such file or directory)
10509 openat(AT_FDCWD, "/lib/x86_64-linux-gnu/libhogweed.so.6", O_RDONLY|O_CLOEXEC) = 5
10509 openat(AT_FDCWD, "/opt/hostedtoolcache/Python/3.12.14/x64/lib/libgmp.so.10", O_RDONLY|O_CLOEXEC) = -1 ENOENT (No such file or directory)
10509 openat(AT_FDCWD, "/lib/x86_64-linux-gnu/libgmp.so.10", O_RDONLY|O_CLOEXEC) = 5
10509 openat(AT_FDCWD, "/opt/hostedtoolcache/Python/3.12.14/x64/lib/libbsd.so.0", O_RDONLY|O_CLOEXEC) = -1 ENOENT (No such file or directory)
10509 openat(AT_FDCWD, "/lib/x86_64-linux-gnu/libbsd.so.0", O_RDONLY|O_CLOEXEC) = 5
10509 openat(AT_FDCWD, "/opt/hostedtoolcache/Python/3.12.14/x64/lib/libbz2.so.1.0", O_RDONLY|O_CLOEXEC) = -1 ENOENT (No such file or directory)
10509 openat(AT_FDCWD, "/lib/x86_64-linux-gnu/libbz2.so.1.0", O_RDONLY|O_CLOEXEC) = 5
10509 openat(AT_FDCWD, "/opt/hostedtoolcache/Python/3.12.14/x64/lib/libbrotlidec.so.1", O_RDONLY|O_CLOEXEC) = -1 ENOENT (No such file or directory)
10509 openat(AT_FDCWD, "/lib/x86_64-linux-gnu/libbrotlidec.so.1", O_RDONLY|O_CLOEXEC) = 5
10509 openat(AT_FDCWD, "/opt/hostedtoolcache/Python/3.12.14/x64/lib/libdatrie.so.1", O_RDONLY|O_CLOEXEC) = -1 ENOENT (No such file or directory)
10509 openat(AT_FDCWD, "/lib/x86_64-linux-gnu/libdatrie.so.1", O_RDONLY|O_CLOEXEC) = 5
10509 openat(AT_FDCWD, "/opt/hostedtoolcache/Python/3.12.14/x64/lib/libgraphite2.so.3", O_RDONLY|O_CLOEXEC) = -1 ENOENT (No such file or directory)
10509 openat(AT_FDCWD, "/lib/x86_64-linux-gnu/libgraphite2.so.3", O_RDONLY|O_CLOEXEC) = 5
10509 openat(AT_FDCWD, "/opt/hostedtoolcache/Python/3.12.14/x64/lib/libgpg-error.so.0", O_RDONLY|O_CLOEXEC) = -1 ENOENT (No such file or directory)
10509 openat(AT_FDCWD, "/lib/x86_64-linux-gnu/libgpg-error.so.0", O_RDONLY|O_CLOEXEC) = 5
10509 openat(AT_FDCWD, "/opt/hostedtoolcache/Python/3.12.14/x64/lib/libkeyutils.so.1", O_RDONLY|O_CLOEXEC) = -1 ENOENT (No such file or directory)
10509 openat(AT_FDCWD, "/lib/x86_64-linux-gnu/libkeyutils.so.1", O_RDONLY|O_CLOEXEC) = 5
10509 openat(AT_FDCWD, "/opt/hostedtoolcache/Python/3.12.14/x64/lib/libresolv.so.2", O_RDONLY|O_CLOEXEC) = -1 ENOENT (No such file or directory)
10509 openat(AT_FDCWD, "/lib/x86_64-linux-gnu/libresolv.so.2", O_RDONLY|O_CLOEXEC) = 5
10509 openat(AT_FDCWD, "/opt/hostedtoolcache/Python/3.12.14/x64/lib/libmd.so.0", O_RDONLY|O_CLOEXEC) = -1 ENOENT (No such file or directory)
10509 openat(AT_FDCWD, "/lib/x86_64-linux-gnu/libmd.so.0", O_RDONLY|O_CLOEXEC) = 5
10509 openat(AT_FDCWD, "/opt/hostedtoolcache/Python/3.12.14/x64/lib/libbrotlicommon.so.1", O_RDONLY|O_CLOEXEC) = -1 ENOENT (No such file or directory)
10509 openat(AT_FDCWD, "/lib/x86_64-linux-gnu/libbrotlicommon.so.1", O_RDONLY|O_CLOEXEC) = 5
10509 openat(AT_FDCWD, "/etc/gnutls/config", O_RDONLY|O_CLOEXEC) = 5
10509 openat(AT_FDCWD, "/proc/filesystems", O_RDONLY|O_CLOEXEC) = 5
10509 openat(AT_FDCWD, "/proc/self/stat", O_RDONLY|O_CLOEXEC) = 5
10509 openat(AT_FDCWD, "/proc/stat", O_RDONLY|O_CLOEXEC) = 5
10509 openat(AT_FDCWD, "/usr/lib/locale/locale-archive", O_RDONLY|O_CLOEXEC) = 5
10509 openat(AT_FDCWD, "/usr/share/locale/locale.alias", O_RDONLY|O_CLOEXEC) = 5
10509 openat(AT_FDCWD, "/usr/lib/locale/C.UTF-8/LC_IDENTIFICATION", O_RDONLY|O_CLOEXEC) = -1 ENOENT (No such file or directory)
10509 openat(AT_FDCWD, "/usr/lib/locale/C.utf8/LC_IDENTIFICATION", O_RDONLY|O_CLOEXEC) = 5
10509 openat(AT_FDCWD, "/usr/lib/x86_64-linux-gnu/gconv/gconv-modules.cache", O_RDONLY|O_CLOEXEC) = 5
10509 openat(AT_FDCWD, "/usr/lib/locale/C.UTF-8/LC_MEASUREMENT", O_RDONLY|O_CLOEXEC) = -1 ENOENT (No such file or directory)
10509 openat(AT_FDCWD, "/usr/lib/locale/C.utf8/LC_MEASUREMENT", O_RDONLY|O_CLOEXEC) = 5
10509 openat(AT_FDCWD, "/usr/lib/locale/C.UTF-8/LC_TELEPHONE", O_RDONLY|O_CLOEXEC) = -1 ENOENT (No such file or directory)
10509 openat(AT_FDCWD, "/usr/lib/locale/C.utf8/LC_TELEPHONE", O_RDONLY|O_CLOEXEC) = 5
10509 openat(AT_FDCWD, "/usr/lib/locale/C.UTF-8/LC_ADDRESS", O_RDONLY|O_CLOEXEC) = -1 ENOENT (No such file or directory)
10509 openat(AT_FDCWD, "/usr/lib/locale/C.utf8/LC_ADDRESS", O_RDONLY|O_CLOEXEC) = 5
10509 openat(AT_FDCWD, "/usr/lib/locale/C.UTF-8/LC_NAME", O_RDONLY|O_CLOEXEC) = -1 ENOENT (No such file or directory)
10509 openat(AT_FDCWD, "/usr/lib/locale/C.utf8/LC_NAME", O_RDONLY|O_CLOEXEC) = 5
10509 openat(AT_FDCWD, "/usr/lib/locale/C.UTF-8/LC_PAPER", O_RDONLY|O_CLOEXEC) = -1 ENOENT (No such file or directory)
10509 openat(AT_FDCWD, "/usr/lib/locale/C.utf8/LC_PAPER", O_RDONLY|O_CLOEXEC) = 5
10509 openat(AT_FDCWD, "/usr/lib/locale/C.UTF-8/LC_MESSAGES", O_RDONLY|O_CLOEXEC) = -1 ENOENT (No such file or directory)
10509 openat(AT_FDCWD, "/usr/lib/locale/C.utf8/LC_MESSAGES", O_RDONLY|O_CLOEXEC) = 5
10509 openat(AT_FDCWD, "/usr/lib/locale/C.utf8/LC_MESSAGES/SYS_LC_MESSAGES", O_RDONLY|O_CLOEXEC) = 5
10509 openat(AT_FDCWD, "/usr/lib/locale/C.UTF-8/LC_MONETARY", O_RDONLY|O_CLOEXEC) = -1 ENOENT (No such file or directory)
10509 openat(AT_FDCWD, "/usr/lib/locale/C.utf8/LC_MONETARY", O_RDONLY|O_CLOEXEC) = 5
10509 openat(AT_FDCWD, "/usr/lib/locale/C.UTF-8/LC_COLLATE", O_RDONLY|O_CLOEXEC) = -1 ENOENT (No such file or directory)
10509 openat(AT_FDCWD, "/usr/lib/locale/C.utf8/LC_COLLATE", O_RDONLY|O_CLOEXEC) = 5
10509 openat(AT_FDCWD, "/usr/lib/locale/C.UTF-8/LC_TIME", O_RDONLY|O_CLOEXEC) = -1 ENOENT (No such file or directory)
10509 openat(AT_FDCWD, "/usr/lib/locale/C.utf8/LC_TIME", O_RDONLY|O_CLOEXEC) = 5
10509 openat(AT_FDCWD, "/usr/lib/locale/C.UTF-8/LC_NUMERIC", O_RDONLY|O_CLOEXEC) = -1 ENOENT (No such file or directory)
10509 openat(AT_FDCWD, "/usr/lib/locale/C.utf8/LC_NUMERIC", O_RDONLY|O_CLOEXEC) = 5
10509 openat(AT_FDCWD, "/usr/lib/locale/C.UTF-8/LC_CTYPE", O_RDONLY|O_CLOEXEC) = -1 ENOENT (No such file or directory)
10509 openat(AT_FDCWD, "/usr/lib/locale/C.utf8/LC_CTYPE", O_RDONLY|O_CLOEXEC) = 5
10509 openat(AT_FDCWD, "/opt/google/chrome/icudtl.dat", O_RDONLY) = 5
10509 openat(AT_FDCWD, "/etc/localtime", O_RDONLY|O_CLOEXEC) = 6
10509 openat(AT_FDCWD, "/tmp/playwright_chromiumdev_profile-pi0Vs8/Consent To Send Stats", O_RDONLY|O_CLOEXEC) = -1 ENOENT (No such file or directory)
10509 openat(AT_FDCWD, "/etc/os-release", O_RDONLY|O_CLOEXEC) = 6
10509 socketpair(AF_UNIX, SOCK_SEQPACKET, 0, [6, 7]) = 0
10509 setsockopt(6, SOL_SOCKET, SO_PASSCRED, [1], 4) = 0
10509 setsockopt(7, SOL_SOCKET, SO_PASSCRED, [1], 4) = 0
10516 openat(AT_FDCWD, "/proc/self/fd", O_RDONLY|O_NONBLOCK|O_CLOEXEC|O_DIRECTORY) = 8
10517 openat(AT_FDCWD, "/opt/hostedtoolcache/Python/3.12.14/x64/lib/glibc-hwcaps/x86-64-v4/libdl.so.2", O_RDONLY|O_CLOEXEC) = -1 ENOENT (No such file or directory)
10517 openat(AT_FDCWD, "/opt/hostedtoolcache/Python/3.12.14/x64/lib/glibc-hwcaps/x86-64-v3/libdl.so.2", O_RDONLY|O_CLOEXEC) = -1 ENOENT (No such file or directory)
10517 openat(AT_FDCWD, "/opt/hostedtoolcache/Python/3.12.14/x64/lib/glibc-hwcaps/x86-64-v2/libdl.so.2", O_RDONLY|O_CLOEXEC) = -1 ENOENT (No such file or directory)
10517 openat(AT_FDCWD, "/opt/hostedtoolcache/Python/3.12.14/x64/lib/libdl.so.2", O_RDONLY|O_CLOEXEC) = -1 ENOENT (No such file or directory)
10517 openat(AT_FDCWD, "/etc/ld.so.cache", O_RDONLY|O_CLOEXEC) = 3
10517 openat(AT_FDCWD, "/lib/x86_64-linux-gnu/libdl.so.2", O_RDONLY|O_CLOEXEC) = 3
10517 openat(AT_FDCWD, "/opt/hostedtoolcache/Python/3.12.14/x64/lib/libpthread.so.0", O_RDONLY|O_CLOEXEC) = -1 ENOENT (No such file or directory)
10517 openat(AT_FDCWD, "/lib/x86_64-linux-gnu/libpthread.so.0", O_RDONLY|O_CLOEXEC) = 3
10509 --- SIGCHLD {si_signo=SIGCHLD, si_code=CLD_EXITED, si_pid=10516, si_uid=1001, si_status=0, si_utime=0, si_stime=0} ---
10517 openat(AT_FDCWD, "/opt/hostedtoolcache/Python/3.12.14/x64/lib/libm.so.6", O_RDONLY|O_CLOEXEC) = -1 ENOENT (No such file or directory)
10517 openat(AT_FDCWD, "/lib/x86_64-linux-gnu/libm.so.6", O_RDONLY|O_CLOEXEC) = 3
10509 sendmsg(6, {msg_name=NULL, msg_namelen=0, msg_iov=[{iov_base="\1\0\0\0\0\0\0\0\0\0\0\0\0\0\0\0\0\0\0\0\0\0\0\0\0\0\0\0\0\0\0\0\0\0\0\0\0\0\0\0", iov_len=40}], msg_iovlen=1, msg_controllen=0, msg_flags=0}, MSG_NOSIGNAL) = 40
10509 recvmsg(6,  <unfinished ...>
10517 openat(AT_FDCWD, "/opt/hostedtoolcache/Python/3.12.14/x64/lib/libgcc_s.so.1", O_RDONLY|O_CLOEXEC) = -1 ENOENT (No such file or directory)
10517 openat(AT_FDCWD, "/lib/x86_64-linux-gnu/libgcc_s.so.1", O_RDONLY|O_CLOEXEC) = 3
10517 openat(AT_FDCWD, "/opt/hostedtoolcache/Python/3.12.14/x64/lib/libc.so.6", O_RDONLY|O_CLOEXEC) = -1 ENOENT (No such file or directory)
10517 openat(AT_FDCWD, "/lib/x86_64-linux-gnu/libc.so.6", O_RDONLY|O_CLOEXEC) = 3
10517 socketpair(AF_UNIX, SOCK_SEQPACKET, 0, [3, 4]) = 0
10517 setsockopt(3, SOL_SOCKET, SO_PASSCRED, [1], 4) = 0
10517 setsockopt(4, SOL_SOCKET, SO_PASSCRED, [1], 4) = 0
10518 openat(AT_FDCWD, "/proc/self/fd", O_RDONLY|O_NONBLOCK|O_CLOEXEC|O_DIRECTORY) = 5
10519 openat(AT_FDCWD, "/opt/hostedtoolcache/Python/3.12.14/x64/lib/glibc-hwcaps/x86-64-v4/libdl.so.2", O_RDONLY|O_CLOEXEC) = -1 ENOENT (No such file or directory)
10517 --- SIGCHLD {si_signo=SIGCHLD, si_code=CLD_EXITED, si_pid=10518, si_uid=1001, si_status=0, si_utime=0, si_stime=0} ---
10519 openat(AT_FDCWD, "/opt/hostedtoolcache/Python/3.12.14/x64/lib/glibc-hwcaps/x86-64-v3/libdl.so.2", O_RDONLY|O_CLOEXEC) = -1 ENOENT (No such file or directory)
10519 openat(AT_FDCWD, "/opt/hostedtoolcache/Python/3.12.14/x64/lib/glibc-hwcaps/x86-64-v2/libdl.so.2", O_RDONLY|O_CLOEXEC) = -1 ENOENT (No such file or directory)
10519 openat(AT_FDCWD, "/opt/hostedtoolcache/Python/3.12.14/x64/lib/libdl.so.2", O_RDONLY|O_CLOEXEC) = -1 ENOENT (No such file or directory)
10517 sendmsg(3, {msg_name=NULL, msg_namelen=0, msg_iov=[{iov_base="\1\0\0\0\0\0\0\0\0\0\0\0\0\0\0\0\0\0\0\0\0\0\0\0\0\0\0\0\0\0\0\0\0\0\0\0\0\0\0\0", iov_len=40}], msg_iovlen=1, msg_controllen=0, msg_flags=0}, MSG_NOSIGNAL) = 40
10519 openat(AT_FDCWD, "/etc/ld.so.cache", O_RDONLY|O_CLOEXEC <unfinished ...>
10517 recvmsg(3,  <unfinished ...>
10519 <... openat resumed>)             = 3
10519 openat(AT_FDCWD, "/lib/x86_64-linux-gnu/libdl.so.2", O_RDONLY|O_CLOEXEC) = 3
10519 openat(AT_FDCWD, "/opt/hostedtoolcache/Python/3.12.14/x64/lib/libpthread.so.0", O_RDONLY|O_CLOEXEC) = -1 ENOENT (No such file or directory)
10519 openat(AT_FDCWD, "/lib/x86_64-linux-gnu/libpthread.so.0", O_RDONLY|O_CLOEXEC) = 3
10519 openat(AT_FDCWD, "/opt/hostedtoolcache/Python/3.12.14/x64/lib/libm.so.6", O_RDONLY|O_CLOEXEC) = -1 ENOENT (No such file or directory)
10519 openat(AT_FDCWD, "/lib/x86_64-linux-gnu/libm.so.6", O_RDONLY|O_CLOEXEC) = 3
10519 openat(AT_FDCWD, "/opt/hostedtoolcache/Python/3.12.14/x64/lib/libgcc_s.so.1", O_RDONLY|O_CLOEXEC) = -1 ENOENT (No such file or directory)
10519 openat(AT_FDCWD, "/lib/x86_64-linux-gnu/libgcc_s.so.1", O_RDONLY|O_CLOEXEC) = 3
10519 openat(AT_FDCWD, "/opt/hostedtoolcache/Python/3.12.14/x64/lib/libc.so.6", O_RDONLY|O_CLOEXEC) = -1 ENOENT (No such file or directory)
10519 openat(AT_FDCWD, "/lib/x86_64-linux-gnu/libc.so.6", O_RDONLY|O_CLOEXEC) = 3
10519 getsockopt(4, SOL_SOCKET, SO_PASSCRED, [1], [4]) = 0
10519 recvmsg(4, {msg_name=NULL, msg_namelen=0, msg_iov=[{iov_base="\1\0\0\0\0\0\0\0\0\0\0\0\0\0\0\0\0\0\0\0\0\0\0\0\0\0\0\0\0\0\0\0\0\0\0\0\0\0\0\0", iov_len=40}], msg_iovlen=1, msg_control=[{cmsg_len=28, cmsg_level=SOL_SOCKET, cmsg_type=SCM_CREDENTIALS, cmsg_data={pid=10517, uid=1001, gid=1001}}], msg_controllen=32, msg_flags=0}, 0) = 40
10519 sendmsg(4, {msg_name=NULL, msg_namelen=0, msg_iov=[{iov_base="\0\0\0\0\0\0\0\0", iov_len=8}], msg_iovlen=1, msg_controllen=0, msg_flags=0}, MSG_NOSIGNAL) = 8
10517 <... recvmsg resumed>{msg_name=NULL, msg_namelen=0, msg_iov=[{iov_base="\0\0\0\0\0\0\0\0", iov_len=8}], msg_iovlen=1, msg_control=[{cmsg_len=28, cmsg_level=SOL_SOCKET, cmsg_type=SCM_CREDENTIALS, cmsg_data={pid=10519, uid=1001, gid=1001}}], msg_controllen=32, msg_flags=0}, 0) = 8
10521 openat(AT_FDCWD, "/home/runner/work/deckrender-acceptance/deckrender-acceptance/benchmark/artifacts/acceptance/private/sandboxes/f2d0ead1671bca07b7bae471906b296bf75cb7245dc7dbbdf3a71dfa1ed41aff/config/google-chrome/Crash Reports/pending", O_RDONLY|O_NONBLOCK|O_CLOEXEC|O_DIRECTORY) = 4
10517 getsockopt(7, SOL_SOCKET, SO_PASSCRED, [1], [4]) = 0
10517 recvmsg(7, {msg_name=NULL, msg_namelen=0, msg_iov=[{iov_base="\1\0\0\0\0\0\0\0\0\0\0\0\0\0\0\0\0\0\0\0\0\0\0\0\0\0\0\0\0\0\0\0\0\0\0\0\0\0\0\0", iov_len=40}], msg_iovlen=1, msg_control=[{cmsg_len=28, cmsg_level=SOL_SOCKET, cmsg_type=SCM_CREDENTIALS, cmsg_data={pid=10509, uid=1001, gid=1001}}], msg_controllen=32, msg_flags=0}, 0) = 40
10517 sendmsg(7, {msg_name=NULL, msg_namelen=0, msg_iov=[{iov_base="\0\0\0\0\0\0\0\0", iov_len=8}], msg_iovlen=1, msg_controllen=0, msg_flags=0}, MSG_NOSIGNAL) = 8
10509 <... recvmsg resumed>{msg_name=NULL, msg_namelen=0, msg_iov=[{iov_base="\0\0\0\0\0\0\0\0", iov_len=8}], msg_iovlen=1, msg_control=[{cmsg_len=28, cmsg_level=SOL_SOCKET, cmsg_type=SCM_CREDENTIALS, cmsg_data={pid=10517, uid=1001, gid=1001}}], msg_controllen=32, msg_flags=0}, 0) = 8
10509 openat(AT_FDCWD, "/tmp/playwright_chromiumdev_profile-pi0Vs8/Consent To Send Stats", O_RDONLY|O_CLOEXEC) = -1 ENOENT (No such file or directory)
10509 openat(AT_FDCWD, "/home/runner/work/deckrender-acceptance/deckrender-acceptance/benchmark/artifacts/acceptance/private/sandboxes/f2d0ead1671bca07b7bae471906b296bf75cb7245dc7dbbdf3a71dfa1ed41aff/config/google-chrome/Crash Reports/settings.dat", O_RDWR|O_NOCTTY|O_CLOEXEC) = -1 ENOENT (No such file or directory)
10509 openat(AT_FDCWD, "/home/runner/work/deckrender-acceptance/deckrender-acceptance/benchmark/artifacts/acceptance/private/sandboxes/f2d0ead1671bca07b7bae471906b296bf75cb7245dc7dbbdf3a71dfa1ed41aff/config/google-chrome/Crash Reports/settings.dat", O_RDWR|O_CREAT|O_EXCL|O_NOCTTY|O_CLOEXEC, 0600) = 7
10509 openat(AT_FDCWD, "/home/runner/work/deckrender-acceptance/deckrender-acceptance/benchmark/artifacts/acceptance/private/sandboxes/f2d0ead1671bca07b7bae471906b296bf75cb7245dc7dbbdf3a71dfa1ed41aff/config/google-chrome/Crash Reports/settings.dat", O_RDWR|O_CREAT|O_NOCTTY|O_CLOEXEC, 0600) = 7
10509 socketpair(AF_UNIX, SOCK_SEQPACKET, 0, [7, 8]) = 0
10509 shutdown(7, SHUT_RD)              = 0
10509 shutdown(8, SHUT_WR)              = 0
10509 socketpair(AF_UNIX, SOCK_SEQPACKET|SOCK_CLOEXEC, 0, [11, 12]) = 0
10509 setsockopt(11, SOL_SOCKET, SO_PASSCRED, [1], 4) = 0
10509 sendmsg(11, {msg_name=NULL, msg_namelen=0, msg_iov=[{iov_base="\4\0\0\0\3\0\0\0", iov_len=8}], msg_iovlen=1, msg_controllen=0, msg_flags=0}, MSG_NOSIGNAL) = 8
10524 openat(AT_FDCWD, "/dev/null", O_RDONLY) = 13
10509 socketpair(AF_UNIX, SOCK_SEQPACKET|SOCK_CLOEXEC, 0, [12, 13]) = 0
10509 setsockopt(12, SOL_SOCKET, SO_PASSCRED, [1], 4) = 0
10509 sendmsg(12, {msg_name=NULL, msg_namelen=0, msg_iov=[{iov_base="\4\0\0\0\3\0\0\0", iov_len=8}], msg_iovlen=1, msg_controllen=0, msg_flags=0}, MSG_NOSIGNAL) = 8
10525 openat(AT_FDCWD, "/dev/null", O_RDONLY) = 14
10524 openat(AT_FDCWD, "/proc/self/fd", O_RDONLY|O_DIRECTORY) = 13
10525 openat(AT_FDCWD, "/proc/self/fd", O_RDONLY|O_DIRECTORY) = 14
10524 openat(AT_FDCWD, "/opt/hostedtoolcache/Python/3.12.14/x64/lib/glibc-hwcaps/x86-64-v4/libdl.so.2", O_RDONLY|O_CLOEXEC) = -1 ENOENT (No such file or directory)
10524 openat(AT_FDCWD, "/opt/hostedtoolcache/Python/3.12.14/x64/lib/glibc-hwcaps/x86-64-v3/libdl.so.2", O_RDONLY|O_CLOEXEC) = -1 ENOENT (No such file or directory)
10524 openat(AT_FDCWD, "/opt/hostedtoolcache/Python/3.12.14/x64/lib/glibc-hwcaps/x86-64-v2/libdl.so.2", O_RDONLY|O_CLOEXEC) = -1 ENOENT (No such file or directory)
10524 openat(AT_FDCWD, "/opt/hostedtoolcache/Python/3.12.14/x64/lib/libdl.so.2", O_RDONLY|O_CLOEXEC) = -1 ENOENT (No such file or directory)
10524 openat(AT_FDCWD, "/etc/ld.so.cache", O_RDONLY|O_CLOEXEC) = 5
10524 openat(AT_FDCWD, "/lib/x86_64-linux-gnu/libdl.so.2", O_RDONLY|O_CLOEXEC) = 5
10524 openat(AT_FDCWD, "/opt/hostedtoolcache/Python/3.12.14/x64/lib/libpthread.so.0", O_RDONLY|O_CLOEXEC) = -1 ENOENT (No such file or directory)
10524 openat(AT_FDCWD, "/lib/x86_64-linux-gnu/libpthread.so.0", O_RDONLY|O_CLOEXEC) = 5
10525 openat(AT_FDCWD, "/opt/hostedtoolcache/Python/3.12.14/x64/lib/glibc-hwcaps/x86-64-v4/libdl.so.2", O_RDONLY|O_CLOEXEC) = -1 ENOENT (No such file or directory)
10525 openat(AT_FDCWD, "/opt/hostedtoolcache/Python/3.12.14/x64/lib/glibc-hwcaps/x86-64-v3/libdl.so.2", O_RDONLY|O_CLOEXEC) = -1 ENOENT (No such file or directory)
10524 openat(AT_FDCWD, "/opt/hostedtoolcache/Python/3.12.14/x64/lib/libglib-2.0.so.0", O_RDONLY|O_CLOEXEC) = -1 ENOENT (No such file or directory)
10525 openat(AT_FDCWD, "/opt/hostedtoolcache/Python/3.12.14/x64/lib/glibc-hwcaps/x86-64-v2/libdl.so.2", O_RDONLY|O_CLOEXEC <unfinished ...>
10524 openat(AT_FDCWD, "/lib/x86_64-linux-gnu/libglib-2.0.so.0", O_RDONLY|O_CLOEXEC <unfinished ...>
10525 <... openat resumed>)             = -1 ENOENT (No such file or directory)
10524 <... openat resumed>)             = 5
10525 openat(AT_FDCWD, "/opt/hostedtoolcache/Python/3.12.14/x64/lib/libdl.so.2", O_RDONLY|O_CLOEXEC) = -1 ENOENT (No such file or directory)
10525 openat(AT_FDCWD, "/etc/ld.so.cache", O_RDONLY|O_CLOEXEC) = 5
10525 openat(AT_FDCWD, "/lib/x86_64-linux-gnu/libdl.so.2", O_RDONLY|O_CLOEXEC) = 5
10524 openat(AT_FDCWD, "/opt/hostedtoolcache/Python/3.12.14/x64/lib/libgobject-2.0.so.0", O_RDONLY|O_CLOEXEC) = -1 ENOENT (No such file or directory)
10524 openat(AT_FDCWD, "/lib/x86_64-linux-gnu/libgobject-2.0.so.0", O_RDONLY|O_CLOEXEC) = 5
10525 openat(AT_FDCWD, "/opt/hostedtoolcache/Python/3.12.14/x64/lib/libpthread.so.0", O_RDONLY|O_CLOEXEC) = -1 ENOENT (No such file or directory)
10525 openat(AT_FDCWD, "/lib/x86_64-linux-gnu/libpthread.so.0", O_RDONLY|O_CLOEXEC) = 5
10524 openat(AT_FDCWD, "/opt/hostedtoolcache/Python/3.12.14/x64/lib/libnspr4.so", O_RDONLY|O_CLOEXEC) = -1 ENOENT (No such file or directory)
10524 openat(AT_FDCWD, "/lib/x86_64-linux-gnu/libnspr4.so", O_RDONLY|O_CLOEXEC) = 5
10525 openat(AT_FDCWD, "/opt/hostedtoolcache/Python/3.12.14/x64/lib/libglib-2.0.so.0", O_RDONLY|O_CLOEXEC) = -1 ENOENT (No such file or directory)
10525 openat(AT_FDCWD, "/lib/x86_64-linux-gnu/libglib-2.0.so.0", O_RDONLY|O_CLOEXEC) = 5
10524 openat(AT_FDCWD, "/opt/hostedtoolcache/Python/3.12.14/x64/lib/libnss3.so", O_RDONLY|O_CLOEXEC) = -1 ENOENT (No such file or directory)
10524 openat(AT_FDCWD, "/lib/x86_64-linux-gnu/libnss3.so", O_RDONLY|O_CLOEXEC) = 5
10525 openat(AT_FDCWD, "/opt/hostedtoolcache/Python/3.12.14/x64/lib/libgobject-2.0.so.0", O_RDONLY|O_CLOEXEC) = -1 ENOENT (No such file or directory)
10525 openat(AT_FDCWD, "/lib/x86_64-linux-gnu/libgobject-2.0.so.0", O_RDONLY|O_CLOEXEC) = 5
10524 openat(AT_FDCWD, "/opt/hostedtoolcache/Python/3.12.14/x64/lib/libnssutil3.so", O_RDONLY|O_CLOEXEC <unfinished ...>
10525 openat(AT_FDCWD, "/opt/hostedtoolcache/Python/3.12.14/x64/lib/libnspr4.so", O_RDONLY|O_CLOEXEC <unfinished ...>
10524 <... openat resumed>)             = -1 ENOENT (No such file or directory)
10525 <... openat resumed>)             = -1 ENOENT (No such file or directory)
10524 openat(AT_FDCWD, "/lib/x86_64-linux-gnu/libnssutil3.so", O_RDONLY|O_CLOEXEC <unfinished ...>
10525 openat(AT_FDCWD, "/lib/x86_64-linux-gnu/libnspr4.so", O_RDONLY|O_CLOEXEC <unfinished ...>
10524 <... openat resumed>)             = 5
10525 <... openat resumed>)             = 5
10524 openat(AT_FDCWD, "/opt/hostedtoolcache/Python/3.12.14/x64/lib/libsmime3.so", O_RDONLY|O_CLOEXEC) = -1 ENOENT (No such file or directory)
10525 openat(AT_FDCWD, "/opt/hostedtoolcache/Python/3.12.14/x64/lib/libnss3.so", O_RDONLY|O_CLOEXEC <unfinished ...>
10524 openat(AT_FDCWD, "/lib/x86_64-linux-gnu/libsmime3.so", O_RDONLY|O_CLOEXEC <unfinished ...>
10525 <... openat resumed>)             = -1 ENOENT (No such file or directory)
10524 <... openat resumed>)             = 5
10525 openat(AT_FDCWD, "/lib/x86_64-linux-gnu/libnss3.so", O_RDONLY|O_CLOEXEC) = 5
10524 openat(AT_FDCWD, "/opt/hostedtoolcache/Python/3.12.14/x64/lib/libgio-2.0.so.0", O_RDONLY|O_CLOEXEC) = -1 ENOENT (No such file or directory)
10525 openat(AT_FDCWD, "/opt/hostedtoolcache/Python/3.12.14/x64/lib/libnssutil3.so", O_RDONLY|O_CLOEXEC <unfinished ...>
10524 openat(AT_FDCWD, "/lib/x86_64-linux-gnu/libgio-2.0.so.0", O_RDONLY|O_CLOEXEC <unfinished ...>
10525 <... openat resumed>)             = -1 ENOENT (No such file or directory)
10524 <... openat resumed>)             = 5
10525 openat(AT_FDCWD, "/lib/x86_64-linux-gnu/libnssutil3.so", O_RDONLY|O_CLOEXEC) = 5
10525 openat(AT_FDCWD, "/opt/hostedtoolcache/Python/3.12.14/x64/lib/libsmime3.so", O_RDONLY|O_CLOEXEC <unfinished ...>
10524 openat(AT_FDCWD, "/opt/hostedtoolcache/Python/3.12.14/x64/lib/libatk-1.0.so.0", O_RDONLY|O_CLOEXEC <unfinished ...>
10525 <... openat resumed>)             = -1 ENOENT (No such file or directory)
10524 <... openat resumed>)             = -1 ENOENT (No such file or directory)
10525 openat(AT_FDCWD, "/lib/x86_64-linux-gnu/libsmime3.so", O_RDONLY|O_CLOEXEC <unfinished ...>
10524 openat(AT_FDCWD, "/lib/x86_64-linux-gnu/libatk-1.0.so.0", O_RDONLY|O_CLOEXEC <unfinished ...>
10525 <... openat resumed>)             = 5
10524 <... openat resumed>)             = 5
10525 openat(AT_FDCWD, "/opt/hostedtoolcache/Python/3.12.14/x64/lib/libgio-2.0.so.0", O_RDONLY|O_CLOEXEC) = -1 ENOENT (No such file or directory)
10525 openat(AT_FDCWD, "/lib/x86_64-linux-gnu/libgio-2.0.so.0", O_RDONLY|O_CLOEXEC <unfinished ...>
10524 openat(AT_FDCWD, "/opt/hostedtoolcache/Python/3.12.14/x64/lib/libatk-bridge-2.0.so.0", O_RDONLY|O_CLOEXEC <unfinished ...>
10525 <... openat resumed>)             = 5
10524 <... openat resumed>)             = -1 ENOENT (No such file or directory)
10524 openat(AT_FDCWD, "/lib/x86_64-linux-gnu/libatk-bridge-2.0.so.0", O_RDONLY|O_CLOEXEC) = 5
10525 openat(AT_FDCWD, "/opt/hostedtoolcache/Python/3.12.14/x64/lib/libatk-1.0.so.0", O_RDONLY|O_CLOEXEC) = -1 ENOENT (No such file or directory)
10525 openat(AT_FDCWD, "/lib/x86_64-linux-gnu/libatk-1.0.so.0", O_RDONLY|O_CLOEXEC <unfinished ...>
10524 openat(AT_FDCWD, "/opt/hostedtoolcache/Python/3.12.14/x64/lib/libdbus-1.so.3", O_RDONLY|O_CLOEXEC <unfinished ...>
10525 <... openat resumed>)             = 5
10524 <... openat resumed>)             = -1 ENOENT (No such file or directory)
10524 openat(AT_FDCWD, "/lib/x86_64-linux-gnu/libdbus-1.so.3", O_RDONLY|O_CLOEXEC) = 5
10525 openat(AT_FDCWD, "/opt/hostedtoolcache/Python/3.12.14/x64/lib/libatk-bridge-2.0.so.0", O_RDONLY|O_CLOEXEC) = -1 ENOENT (No such file or directory)
10525 openat(AT_FDCWD, "/lib/x86_64-linux-gnu/libatk-bridge-2.0.so.0", O_RDONLY|O_CLOEXEC) = 5
10524 openat(AT_FDCWD, "/opt/hostedtoolcache/Python/3.12.14/x64/lib/libcups.so.2", O_RDONLY|O_CLOEXEC) = -1 ENOENT (No such file or directory)
10524 openat(AT_FDCWD, "/lib/x86_64-linux-gnu/libcups.so.2", O_RDONLY|O_CLOEXEC) = 5
10525 openat(AT_FDCWD, "/opt/hostedtoolcache/Python/3.12.14/x64/lib/libdbus-1.so.3", O_RDONLY|O_CLOEXEC) = -1 ENOENT (No such file or directory)
10525 openat(AT_FDCWD, "/lib/x86_64-linux-gnu/libdbus-1.so.3", O_RDONLY|O_CLOEXEC) = 5
10524 openat(AT_FDCWD, "/opt/hostedtoolcache/Python/3.12.14/x64/lib/libexpat.so.1", O_RDONLY|O_CLOEXEC) = -1 ENOENT (No such file or directory)
10524 openat(AT_FDCWD, "/lib/x86_64-linux-gnu/libexpat.so.1", O_RDONLY|O_CLOEXEC) = 5
10525 openat(AT_FDCWD, "/opt/hostedtoolcache/Python/3.12.14/x64/lib/libcups.so.2", O_RDONLY|O_CLOEXEC) = -1 ENOENT (No such file or directory)
10525 openat(AT_FDCWD, "/lib/x86_64-linux-gnu/libcups.so.2", O_RDONLY|O_CLOEXEC) = 5
10524 openat(AT_FDCWD, "/opt/hostedtoolcache/Python/3.12.14/x64/lib/libxcb.so.1", O_RDONLY|O_CLOEXEC) = -1 ENOENT (No such file or directory)
10524 openat(AT_FDCWD, "/lib/x86_64-linux-gnu/libxcb.so.1", O_RDONLY|O_CLOEXEC) = 5
10525 openat(AT_FDCWD, "/opt/hostedtoolcache/Python/3.12.14/x64/lib/libexpat.so.1", O_RDONLY|O_CLOEXEC) = -1 ENOENT (No such file or directory)
10525 openat(AT_FDCWD, "/lib/x86_64-linux-gnu/libexpat.so.1", O_RDONLY|O_CLOEXEC) = 5
10524 openat(AT_FDCWD, "/opt/hostedtoolcache/Python/3.12.14/x64/lib/libxkbcommon.so.0", O_RDONLY|O_CLOEXEC) = -1 ENOENT (No such file or directory)
10525 openat(AT_FDCWD, "/opt/hostedtoolcache/Python/3.12.14/x64/lib/libxcb.so.1", O_RDONLY|O_CLOEXEC <unfinished ...>
10524 openat(AT_FDCWD, "/lib/x86_64-linux-gnu/libxkbcommon.so.0", O_RDONLY|O_CLOEXEC <unfinished ...>
10525 <... openat resumed>)             = -1 ENOENT (No such file or directory)
10525 openat(AT_FDCWD, "/lib/x86_64-linux-gnu/libxcb.so.1", O_RDONLY|O_CLOEXEC <unfinished ...>
10524 <... openat resumed>)             = 5
10525 <... openat resumed>)             = 5
10524 openat(AT_FDCWD, "/opt/hostedtoolcache/Python/3.12.14/x64/lib/libasound.so.2", O_RDONLY|O_CLOEXEC <unfinished ...>
10525 openat(AT_FDCWD, "/opt/hostedtoolcache/Python/3.12.14/x64/lib/libxkbcommon.so.0", O_RDONLY|O_CLOEXEC <unfinished ...>
10524 <... openat resumed>)             = -1 ENOENT (No such file or directory)
10525 <... openat resumed>)             = -1 ENOENT (No such file or directory)
10524 openat(AT_FDCWD, "/lib/x86_64-linux-gnu/libasound.so.2", O_RDONLY|O_CLOEXEC <unfinished ...>
10525 openat(AT_FDCWD, "/lib/x86_64-linux-gnu/libxkbcommon.so.0", O_RDONLY|O_CLOEXEC <unfinished ...>
10524 <... openat resumed>)             = 5
10525 <... openat resumed>)             = 5
10524 openat(AT_FDCWD, "/opt/hostedtoolcache/Python/3.12.14/x64/lib/libgbm.so.1", O_RDONLY|O_CLOEXEC <unfinished ...>
10525 openat(AT_FDCWD, "/opt/hostedtoolcache/Python/3.12.14/x64/lib/libasound.so.2", O_RDONLY|O_CLOEXEC <unfinished ...>
10524 <... openat resumed>)             = -1 ENOENT (No such file or directory)
10525 <... openat resumed>)             = -1 ENOENT (No such file or directory)
10524 openat(AT_FDCWD, "/lib/x86_64-linux-gnu/libgbm.so.1", O_RDONLY|O_CLOEXEC <unfinished ...>
10525 openat(AT_FDCWD, "/lib/x86_64-linux-gnu/libasound.so.2", O_RDONLY|O_CLOEXEC <unfinished ...>
10524 <... openat resumed>)             = 5
10525 <... openat resumed>)             = 5
10525 openat(AT_FDCWD, "/opt/hostedtoolcache/Python/3.12.14/x64/lib/libgbm.so.1", O_RDONLY|O_CLOEXEC) = -1 ENOENT (No such file or directory)
10524 openat(AT_FDCWD, "/opt/hostedtoolcache/Python/3.12.14/x64/lib/libX11.so.6", O_RDONLY|O_CLOEXEC <unfinished ...>
10525 openat(AT_FDCWD, "/lib/x86_64-linux-gnu/libgbm.so.1", O_RDONLY|O_CLOEXEC <unfinished ...>
10524 <... openat resumed>)             = -1 ENOENT (No such file or directory)
10525 <... openat resumed>)             = 5
10524 openat(AT_FDCWD, "/lib/x86_64-linux-gnu/libX11.so.6", O_RDONLY|O_CLOEXEC) = 5
10525 openat(AT_FDCWD, "/opt/hostedtoolcache/Python/3.12.14/x64/lib/libX11.so.6", O_RDONLY|O_CLOEXEC <unfinished ...>
10524 openat(AT_FDCWD, "/opt/hostedtoolcache/Python/3.12.14/x64/lib/libXext.so.6", O_RDONLY|O_CLOEXEC <unfinished ...>
10525 <... openat resumed>)             = -1 ENOENT (No such file or directory)
10525 openat(AT_FDCWD, "/lib/x86_64-linux-gnu/libX11.so.6", O_RDONLY|O_CLOEXEC <unfinished ...>
10524 <... openat resumed>)             = -1 ENOENT (No such file or directory)
10525 <... openat resumed>)             = 5
10524 openat(AT_FDCWD, "/lib/x86_64-linux-gnu/libXext.so.6", O_RDONLY|O_CLOEXEC) = 5
10525 openat(AT_FDCWD, "/opt/hostedtoolcache/Python/3.12.14/x64/lib/libXext.so.6", O_RDONLY|O_CLOEXEC) = -1 ENOENT (No such file or directory)
10525 openat(AT_FDCWD, "/lib/x86_64-linux-gnu/libXext.so.6", O_RDONLY|O_CLOEXEC) = 5
10524 openat(AT_FDCWD, "/opt/hostedtoolcache/Python/3.12.14/x64/lib/libcairo.so.2", O_RDONLY|O_CLOEXEC) = -1 ENOENT (No such file or directory)
10524 openat(AT_FDCWD, "/lib/x86_64-linux-gnu/libcairo.so.2", O_RDONLY|O_CLOEXEC) = 5
10525 openat(AT_FDCWD, "/opt/hostedtoolcache/Python/3.12.14/x64/lib/libcairo.so.2", O_RDONLY|O_CLOEXEC) = -1 ENOENT (No such file or directory)
10525 openat(AT_FDCWD, "/lib/x86_64-linux-gnu/libcairo.so.2", O_RDONLY|O_CLOEXEC) = 5
10524 openat(AT_FDCWD, "/opt/hostedtoolcache/Python/3.12.14/x64/lib/libpango-1.0.so.0", O_RDONLY|O_CLOEXEC) = -1 ENOENT (No such file or directory)
10524 openat(AT_FDCWD, "/lib/x86_64-linux-gnu/libpango-1.0.so.0", O_RDONLY|O_CLOEXEC) = 5
10525 openat(AT_FDCWD, "/opt/hostedtoolcache/Python/3.12.14/x64/lib/libpango-1.0.so.0", O_RDONLY|O_CLOEXEC) = -1 ENOENT (No such file or directory)
10525 openat(AT_FDCWD, "/lib/x86_64-linux-gnu/libpango-1.0.so.0", O_RDONLY|O_CLOEXEC) = 5
10524 openat(AT_FDCWD, "/opt/hostedtoolcache/Python/3.12.14/x64/lib/libudev.so.1", O_RDONLY|O_CLOEXEC) = -1 ENOENT (No such file or directory)
10524 openat(AT_FDCWD, "/lib/x86_64-linux-gnu/libudev.so.1", O_RDONLY|O_CLOEXEC) = 5
10525 openat(AT_FDCWD, "/opt/hostedtoolcache/Python/3.12.14/x64/lib/libudev.so.1", O_RDONLY|O_CLOEXEC) = -1 ENOENT (No such file or directory)
10525 openat(AT_FDCWD, "/lib/x86_64-linux-gnu/libudev.so.1", O_RDONLY|O_CLOEXEC) = 5
10524 openat(AT_FDCWD, "/opt/hostedtoolcache/Python/3.12.14/x64/lib/libm.so.6", O_RDONLY|O_CLOEXEC) = -1 ENOENT (No such file or directory)
10524 openat(AT_FDCWD, "/lib/x86_64-linux-gnu/libm.so.6", O_RDONLY|O_CLOEXEC) = 5
10525 openat(AT_FDCWD, "/opt/hostedtoolcache/Python/3.12.14/x64/lib/libm.so.6", O_RDONLY|O_CLOEXEC) = -1 ENOENT (No such file or directory)
10525 openat(AT_FDCWD, "/lib/x86_64-linux-gnu/libm.so.6", O_RDONLY|O_CLOEXEC) = 5
10524 openat(AT_FDCWD, "/opt/hostedtoolcache/Python/3.12.14/x64/lib/libXcomposite.so.1", O_RDONLY|O_CLOEXEC) = -1 ENOENT (No such file or directory)
10524 openat(AT_FDCWD, "/lib/x86_64-linux-gnu/libXcomposite.so.1", O_RDONLY|O_CLOEXEC) = 5
10525 openat(AT_FDCWD, "/opt/hostedtoolcache/Python/3.12.14/x64/lib/libXcomposite.so.1", O_RDONLY|O_CLOEXEC) = -1 ENOENT (No such file or directory)
10525 openat(AT_FDCWD, "/lib/x86_64-linux-gnu/libXcomposite.so.1", O_RDONLY|O_CLOEXEC) = 5
10524 openat(AT_FDCWD, "/opt/hostedtoolcache/Python/3.12.14/x64/lib/libXdamage.so.1", O_RDONLY|O_CLOEXEC) = -1 ENOENT (No such file or directory)
10524 openat(AT_FDCWD, "/lib/x86_64-linux-gnu/libXdamage.so.1", O_RDONLY|O_CLOEXEC <unfinished ...>
10525 openat(AT_FDCWD, "/opt/hostedtoolcache/Python/3.12.14/x64/lib/libXdamage.so.1", O_RDONLY|O_CLOEXEC <unfinished ...>
10524 <... openat resumed>)             = 5
10525 <... openat resumed>)             = -1 ENOENT (No such file or directory)
10525 openat(AT_FDCWD, "/lib/x86_64-linux-gnu/libXdamage.so.1", O_RDONLY|O_CLOEXEC) = 5
10524 openat(AT_FDCWD, "/opt/hostedtoolcache/Python/3.12.14/x64/lib/libXfixes.so.3", O_RDONLY|O_CLOEXEC) = -1 ENOENT (No such file or directory)
10525 openat(AT_FDCWD, "/opt/hostedtoolcache/Python/3.12.14/x64/lib/libXfixes.so.3", O_RDONLY|O_CLOEXEC <unfinished ...>
10524 openat(AT_FDCWD, "/lib/x86_64-linux-gnu/libXfixes.so.3", O_RDONLY|O_CLOEXEC <unfinished ...>
10525 <... openat resumed>)             = -1 ENOENT (No such file or directory)
10525 openat(AT_FDCWD, "/lib/x86_64-linux-gnu/libXfixes.so.3", O_RDONLY|O_CLOEXEC <unfinished ...>
10524 <... openat resumed>)             = 5
10525 <... openat resumed>)             = 5
10524 openat(AT_FDCWD, "/opt/hostedtoolcache/Python/3.12.14/x64/lib/libXrandr.so.2", O_RDONLY|O_CLOEXEC <unfinished ...>
10525 openat(AT_FDCWD, "/opt/hostedtoolcache/Python/3.12.14/x64/lib/libXrandr.so.2", O_RDONLY|O_CLOEXEC <unfinished ...>
10524 <... openat resumed>)             = -1 ENOENT (No such file or directory)
10525 <... openat resumed>)             = -1 ENOENT (No such file or directory)
10524 openat(AT_FDCWD, "/lib/x86_64-linux-gnu/libXrandr.so.2", O_RDONLY|O_CLOEXEC <unfinished ...>
10525 openat(AT_FDCWD, "/lib/x86_64-linux-gnu/libXrandr.so.2", O_RDONLY|O_CLOEXEC <unfinished ...>
10524 <... openat resumed>)             = 5
10525 <... openat resumed>)             = 5
10524 openat(AT_FDCWD, "/opt/hostedtoolcache/Python/3.12.14/x64/lib/libatspi.so.0", O_RDONLY|O_CLOEXEC <unfinished ...>
10525 openat(AT_FDCWD, "/opt/hostedtoolcache/Python/3.12.14/x64/lib/libatspi.so.0", O_RDONLY|O_CLOEXEC <unfinished ...>
10524 <... openat resumed>)             = -1 ENOENT (No such file or directory)
10525 <... openat resumed>)             = -1 ENOENT (No such file or directory)
10524 openat(AT_FDCWD, "/lib/x86_64-linux-gnu/libatspi.so.0", O_RDONLY|O_CLOEXEC <unfinished ...>
10525 openat(AT_FDCWD, "/lib/x86_64-linux-gnu/libatspi.so.0", O_RDONLY|O_CLOEXEC <unfinished ...>
10524 <... openat resumed>)             = 5
10525 <... openat resumed>)             = 5
10524 openat(AT_FDCWD, "/opt/hostedtoolcache/Python/3.12.14/x64/lib/libgcc_s.so.1", O_RDONLY|O_CLOEXEC <unfinished ...>
10525 openat(AT_FDCWD, "/opt/hostedtoolcache/Python/3.12.14/x64/lib/libgcc_s.so.1", O_RDONLY|O_CLOEXEC <unfinished ...>
10524 <... openat resumed>)             = -1 ENOENT (No such file or directory)
10525 <... openat resumed>)             = -1 ENOENT (No such file or directory)
10524 openat(AT_FDCWD, "/lib/x86_64-linux-gnu/libgcc_s.so.1", O_RDONLY|O_CLOEXEC <unfinished ...>
10525 openat(AT_FDCWD, "/lib/x86_64-linux-gnu/libgcc_s.so.1", O_RDONLY|O_CLOEXEC <unfinished ...>
10524 <... openat resumed>)             = 5
10525 <... openat resumed>)             = 5
10524 openat(AT_FDCWD, "/opt/hostedtoolcache/Python/3.12.14/x64/lib/libc.so.6", O_RDONLY|O_CLOEXEC <unfinished ...>
10525 openat(AT_FDCWD, "/opt/hostedtoolcache/Python/3.12.14/x64/lib/libc.so.6", O_RDONLY|O_CLOEXEC <unfinished ...>
10524 <... openat resumed>)             = -1 ENOENT (No such file or directory)
10525 <... openat resumed>)             = -1 ENOENT (No such file or directory)
10524 openat(AT_FDCWD, "/lib/x86_64-linux-gnu/libc.so.6", O_RDONLY|O_CLOEXEC <unfinished ...>
10525 openat(AT_FDCWD, "/lib/x86_64-linux-gnu/libc.so.6", O_RDONLY|O_CLOEXEC <unfinished ...>
10524 <... openat resumed>)             = 5
10525 <... openat resumed>)             = 5
10525 openat(AT_FDCWD, "/opt/hostedtoolcache/Python/3.12.14/x64/lib/libpcre2-8.so.0", O_RDONLY|O_CLOEXEC <unfinished ...>
10524 openat(AT_FDCWD, "/opt/hostedtoolcache/Python/3.12.14/x64/lib/libpcre2-8.so.0", O_RDONLY|O_CLOEXEC <unfinished ...>
10525 <... openat resumed>)             = -1 ENOENT (No such file or directory)
10525 openat(AT_FDCWD, "/lib/x86_64-linux-gnu/libpcre2-8.so.0", O_RDONLY|O_CLOEXEC <unfinished ...>
10524 <... openat resumed>)             = -1 ENOENT (No such file or directory)
10525 <... openat resumed>)             = 5
10524 openat(AT_FDCWD, "/lib/x86_64-linux-gnu/libpcre2-8.so.0", O_RDONLY|O_CLOEXEC) = 5
10525 openat(AT_FDCWD, "/opt/hostedtoolcache/Python/3.12.14/x64/lib/libffi.so.8", O_RDONLY|O_CLOEXEC) = -1 ENOENT (No such file or directory)
10524 openat(AT_FDCWD, "/opt/hostedtoolcache/Python/3.12.14/x64/lib/libffi.so.8", O_RDONLY|O_CLOEXEC <unfinished ...>
10525 openat(AT_FDCWD, "/lib/x86_64-linux-gnu/libffi.so.8", O_RDONLY|O_CLOEXEC <unfinished ...>
10524 <... openat resumed>)             = -1 ENOENT (No such file or directory)
10525 <... openat resumed>)             = 5
10524 openat(AT_FDCWD, "/lib/x86_64-linux-gnu/libffi.so.8", O_RDONLY|O_CLOEXEC) = 5
10525 openat(AT_FDCWD, "/opt/hostedtoolcache/Python/3.12.14/x64/lib/libplc4.so", O_RDONLY|O_CLOEXEC) = -1 ENOENT (No such file or directory)
10525 openat(AT_FDCWD, "/lib/x86_64-linux-gnu/libplc4.so", O_RDONLY|O_CLOEXEC <unfinished ...>
10524 openat(AT_FDCWD, "/opt/hostedtoolcache/Python/3.12.14/x64/lib/libplc4.so", O_RDONLY|O_CLOEXEC <unfinished ...>
10525 <... openat resumed>)             = 5
10524 <... openat resumed>)             = -1 ENOENT (No such file or directory)
10524 openat(AT_FDCWD, "/lib/x86_64-linux-gnu/libplc4.so", O_RDONLY|O_CLOEXEC) = 5
10525 openat(AT_FDCWD, "/opt/hostedtoolcache/Python/3.12.14/x64/lib/libplds4.so", O_RDONLY|O_CLOEXEC) = -1 ENOENT (No such file or directory)
10525 openat(AT_FDCWD, "/lib/x86_64-linux-gnu/libplds4.so", O_RDONLY|O_CLOEXEC) = 5
10524 openat(AT_FDCWD, "/opt/hostedtoolcache/Python/3.12.14/x64/lib/libplds4.so", O_RDONLY|O_CLOEXEC) = -1 ENOENT (No such file or directory)
10524 openat(AT_FDCWD, "/lib/x86_64-linux-gnu/libplds4.so", O_RDONLY|O_CLOEXEC) = 5
10525 openat(AT_FDCWD, "/opt/hostedtoolcache/Python/3.12.14/x64/lib/libgmodule-2.0.so.0", O_RDONLY|O_CLOEXEC) = -1 ENOENT (No such file or directory)
10525 openat(AT_FDCWD, "/lib/x86_64-linux-gnu/libgmodule-2.0.so.0", O_RDONLY|O_CLOEXEC) = 5
10524 openat(AT_FDCWD, "/opt/hostedtoolcache/Python/3.12.14/x64/lib/libgmodule-2.0.so.0", O_RDONLY|O_CLOEXEC) = -1 ENOENT (No such file or directory)
10524 openat(AT_FDCWD, "/lib/x86_64-linux-gnu/libgmodule-2.0.so.0", O_RDONLY|O_CLOEXEC) = 5
10525 openat(AT_FDCWD, "/opt/hostedtoolcache/Python/3.12.14/x64/lib/libz.so.1", O_RDONLY|O_CLOEXEC) = -1 ENOENT (No such file or directory)
10525 openat(AT_FDCWD, "/lib/x86_64-linux-gnu/libz.so.1", O_RDONLY|O_CLOEXEC) = 5
10524 openat(AT_FDCWD, "/opt/hostedtoolcache/Python/3.12.14/x64/lib/libz.so.1", O_RDONLY|O_CLOEXEC) = -1 ENOENT (No such file or directory)
10524 openat(AT_FDCWD, "/lib/x86_64-linux-gnu/libz.so.1", O_RDONLY|O_CLOEXEC) = 5
10525 openat(AT_FDCWD, "/opt/hostedtoolcache/Python/3.12.14/x64/lib/libmount.so.1", O_RDONLY|O_CLOEXEC) = -1 ENOENT (No such file or directory)
10525 openat(AT_FDCWD, "/lib/x86_64-linux-gnu/libmount.so.1", O_RDONLY|O_CLOEXEC) = 5
10524 openat(AT_FDCWD, "/opt/hostedtoolcache/Python/3.12.14/x64/lib/libmount.so.1", O_RDONLY|O_CLOEXEC) = -1 ENOENT (No such file or directory)
10524 openat(AT_FDCWD, "/lib/x86_64-linux-gnu/libmount.so.1", O_RDONLY|O_CLOEXEC) = 5
10525 openat(AT_FDCWD, "/opt/hostedtoolcache/Python/3.12.14/x64/lib/libselinux.so.1", O_RDONLY|O_CLOEXEC) = -1 ENOENT (No such file or directory)
10525 openat(AT_FDCWD, "/lib/x86_64-linux-gnu/libselinux.so.1", O_RDONLY|O_CLOEXEC) = 5
10524 openat(AT_FDCWD, "/opt/hostedtoolcache/Python/3.12.14/x64/lib/libselinux.so.1", O_RDONLY|O_CLOEXEC) = -1 ENOENT (No such file or directory)
10524 openat(AT_FDCWD, "/lib/x86_64-linux-gnu/libselinux.so.1", O_RDONLY|O_CLOEXEC) = 5
10525 openat(AT_FDCWD, "/opt/hostedtoolcache/Python/3.12.14/x64/lib/libsystemd.so.0", O_RDONLY|O_CLOEXEC) = -1 ENOENT (No such file or directory)
10525 openat(AT_FDCWD, "/lib/x86_64-linux-gnu/libsystemd.so.0", O_RDONLY|O_CLOEXEC) = 5
10524 openat(AT_FDCWD, "/opt/hostedtoolcache/Python/3.12.14/x64/lib/libsystemd.so.0", O_RDONLY|O_CLOEXEC) = -1 ENOENT (No such file or directory)
10524 openat(AT_FDCWD, "/lib/x86_64-linux-gnu/libsystemd.so.0", O_RDONLY|O_CLOEXEC) = 5
10525 openat(AT_FDCWD, "/opt/hostedtoolcache/Python/3.12.14/x64/lib/libgssapi_krb5.so.2", O_RDONLY|O_CLOEXEC) = -1 ENOENT (No such file or directory)
10525 openat(AT_FDCWD, "/lib/x86_64-linux-gnu/libgssapi_krb5.so.2", O_RDONLY|O_CLOEXEC) = 5
10524 openat(AT_FDCWD, "/opt/hostedtoolcache/Python/3.12.14/x64/lib/libgssapi_krb5.so.2", O_RDONLY|O_CLOEXEC) = -1 ENOENT (No such file or directory)
10524 openat(AT_FDCWD, "/lib/x86_64-linux-gnu/libgssapi_krb5.so.2", O_RDONLY|O_CLOEXEC <unfinished ...>
10525 openat(AT_FDCWD, "/opt/hostedtoolcache/Python/3.12.14/x64/lib/libavahi-common.so.3", O_RDONLY|O_CLOEXEC <unfinished ...>
10524 <... openat resumed>)             = 5
10525 <... openat resumed>)             = -1 ENOENT (No such file or directory)
10525 openat(AT_FDCWD, "/lib/x86_64-linux-gnu/libavahi-common.so.3", O_RDONLY|O_CLOEXEC) = 5
10524 openat(AT_FDCWD, "/opt/hostedtoolcache/Python/3.12.14/x64/lib/libavahi-common.so.3", O_RDONLY|O_CLOEXEC) = -1 ENOENT (No such file or directory)
10525 openat(AT_FDCWD, "/opt/hostedtoolcache/Python/3.12.14/x64/lib/libavahi-client.so.3", O_RDONLY|O_CLOEXEC <unfinished ...>
10524 openat(AT_FDCWD, "/lib/x86_64-linux-gnu/libavahi-common.so.3", O_RDONLY|O_CLOEXEC <unfinished ...>
10525 <... openat resumed>)             = -1 ENOENT (No such file or directory)
10525 openat(AT_FDCWD, "/lib/x86_64-linux-gnu/libavahi-client.so.3", O_RDONLY|O_CLOEXEC <unfinished ...>
10524 <... openat resumed>)             = 5
10525 <... openat resumed>)             = 5
10524 openat(AT_FDCWD, "/opt/hostedtoolcache/Python/3.12.14/x64/lib/libavahi-client.so.3", O_RDONLY|O_CLOEXEC <unfinished ...>
10525 openat(AT_FDCWD, "/opt/hostedtoolcache/Python/3.12.14/x64/lib/libgnutls.so.30", O_RDONLY|O_CLOEXEC <unfinished ...>
10524 <... openat resumed>)             = -1 ENOENT (No such file or directory)
10525 <... openat resumed>)             = -1 ENOENT (No such file or directory)
10524 openat(AT_FDCWD, "/lib/x86_64-linux-gnu/libavahi-client.so.3", O_RDONLY|O_CLOEXEC <unfinished ...>
10525 openat(AT_FDCWD, "/lib/x86_64-linux-gnu/libgnutls.so.30", O_RDONLY|O_CLOEXEC <unfinished ...>
10524 <... openat resumed>)             = 5
10525 <... openat resumed>)             = 5
10524 openat(AT_FDCWD, "/opt/hostedtoolcache/Python/3.12.14/x64/lib/libgnutls.so.30", O_RDONLY|O_CLOEXEC) = -1 ENOENT (No such file or directory)
10524 openat(AT_FDCWD, "/lib/x86_64-linux-gnu/libgnutls.so.30", O_RDONLY|O_CLOEXEC <unfinished ...>
10525 openat(AT_FDCWD, "/opt/hostedtoolcache/Python/3.12.14/x64/lib/libXau.so.6", O_RDONLY|O_CLOEXEC <unfinished ...>
10524 <... openat resumed>)             = 5
10525 <... openat resumed>)             = -1 ENOENT (No such file or directory)
10525 openat(AT_FDCWD, "/lib/x86_64-linux-gnu/libXau.so.6", O_RDONLY|O_CLOEXEC) = 5
10524 openat(AT_FDCWD, "/opt/hostedtoolcache/Python/3.12.14/x64/lib/libXau.so.6", O_RDONLY|O_CLOEXEC <unfinished ...>
10525 openat(AT_FDCWD, "/opt/hostedtoolcache/Python/3.12.14/x64/lib/libXdmcp.so.6", O_RDONLY|O_CLOEXEC <unfinished ...>
10524 <... openat resumed>)             = -1 ENOENT (No such file or directory)
10525 <... openat resumed>)             = -1 ENOENT (No such file or directory)
10524 openat(AT_FDCWD, "/lib/x86_64-linux-gnu/libXau.so.6", O_RDONLY|O_CLOEXEC <unfinished ...>
10525 openat(AT_FDCWD, "/lib/x86_64-linux-gnu/libXdmcp.so.6", O_RDONLY|O_CLOEXEC <unfinished ...>
10524 <... openat resumed>)             = 5
10525 <... openat resumed>)             = 5
10525 openat(AT_FDCWD, "/opt/hostedtoolcache/Python/3.12.14/x64/lib/libdrm.so.2", O_RDONLY|O_CLOEXEC) = -1 ENOENT (No such file or directory)
10524 openat(AT_FDCWD, "/opt/hostedtoolcache/Python/3.12.14/x64/lib/libXdmcp.so.6", O_RDONLY|O_CLOEXEC <unfinished ...>
10525 openat(AT_FDCWD, "/lib/x86_64-linux-gnu/libdrm.so.2", O_RDONLY|O_CLOEXEC <unfinished ...>
10524 <... openat resumed>)             = -1 ENOENT (No such file or directory)
10525 <... openat resumed>)             = 5
10524 openat(AT_FDCWD, "/lib/x86_64-linux-gnu/libXdmcp.so.6", O_RDONLY|O_CLOEXEC) = 5
10525 openat(AT_FDCWD, "/opt/hostedtoolcache/Python/3.12.14/x64/lib/libpng16.so.16", O_RDONLY|O_CLOEXEC) = -1 ENOENT (No such file or directory)
10525 openat(AT_FDCWD, "/lib/x86_64-linux-gnu/libpng16.so.16", O_RDONLY|O_CLOEXEC <unfinished ...>
10524 openat(AT_FDCWD, "/opt/hostedtoolcache/Python/3.12.14/x64/lib/libdrm.so.2", O_RDONLY|O_CLOEXEC <unfinished ...>
10525 <... openat resumed>)             = 5
10524 <... openat resumed>)             = -1 ENOENT (No such file or directory)
10524 openat(AT_FDCWD, "/lib/x86_64-linux-gnu/libdrm.so.2", O_RDONLY|O_CLOEXEC) = 5
10525 openat(AT_FDCWD, "/opt/hostedtoolcache/Python/3.12.14/x64/lib/libfontconfig.so.1", O_RDONLY|O_CLOEXEC) = -1 ENOENT (No such file or directory)
10525 openat(AT_FDCWD, "/lib/x86_64-linux-gnu/libfontconfig.so.1", O_RDONLY|O_CLOEXEC) = 5
10524 openat(AT_FDCWD, "/opt/hostedtoolcache/Python/3.12.14/x64/lib/libpng16.so.16", O_RDONLY|O_CLOEXEC) = -1 ENOENT (No such file or directory)
10524 openat(AT_FDCWD, "/lib/x86_64-linux-gnu/libpng16.so.16", O_RDONLY|O_CLOEXEC) = 5
10525 openat(AT_FDCWD, "/opt/hostedtoolcache/Python/3.12.14/x64/lib/libfreetype.so.6", O_RDONLY|O_CLOEXEC) = -1 ENOENT (No such file or directory)
10525 openat(AT_FDCWD, "/lib/x86_64-linux-gnu/libfreetype.so.6", O_RDONLY|O_CLOEXEC) = 5
10524 openat(AT_FDCWD, "/opt/hostedtoolcache/Python/3.12.14/x64/lib/libfontconfig.so.1", O_RDONLY|O_CLOEXEC) = -1 ENOENT (No such file or directory)
10524 openat(AT_FDCWD, "/lib/x86_64-linux-gnu/libfontconfig.so.1", O_RDONLY|O_CLOEXEC) = 5
10525 openat(AT_FDCWD, "/opt/hostedtoolcache/Python/3.12.14/x64/lib/libXrender.so.1", O_RDONLY|O_CLOEXEC) = -1 ENOENT (No such file or directory)
10525 openat(AT_FDCWD, "/lib/x86_64-linux-gnu/libXrender.so.1", O_RDONLY|O_CLOEXEC) = 5
10524 openat(AT_FDCWD, "/opt/hostedtoolcache/Python/3.12.14/x64/lib/libfreetype.so.6", O_RDONLY|O_CLOEXEC) = -1 ENOENT (No such file or directory)
10524 openat(AT_FDCWD, "/lib/x86_64-linux-gnu/libfreetype.so.6", O_RDONLY|O_CLOEXEC) = 5
10525 openat(AT_FDCWD, "/opt/hostedtoolcache/Python/3.12.14/x64/lib/libxcb-render.so.0", O_RDONLY|O_CLOEXEC) = -1 ENOENT (No such file or directory)
10525 openat(AT_FDCWD, "/lib/x86_64-linux-gnu/libxcb-render.so.0", O_RDONLY|O_CLOEXEC) = 5
10524 openat(AT_FDCWD, "/opt/hostedtoolcache/Python/3.12.14/x64/lib/libXrender.so.1", O_RDONLY|O_CLOEXEC) = -1 ENOENT (No such file or directory)
10524 openat(AT_FDCWD, "/lib/x86_64-linux-gnu/libXrender.so.1", O_RDONLY|O_CLOEXEC) = 5
10525 openat(AT_FDCWD, "/opt/hostedtoolcache/Python/3.12.14/x64/lib/libxcb-shm.so.0", O_RDONLY|O_CLOEXEC) = -1 ENOENT (No such file or directory)
10525 openat(AT_FDCWD, "/lib/x86_64-linux-gnu/libxcb-shm.so.0", O_RDONLY|O_CLOEXEC) = 5
10524 openat(AT_FDCWD, "/opt/hostedtoolcache/Python/3.12.14/x64/lib/libxcb-render.so.0", O_RDONLY|O_CLOEXEC) = -1 ENOENT (No such file or directory)
10525 openat(AT_FDCWD, "/opt/hostedtoolcache/Python/3.12.14/x64/lib/libpixman-1.so.0", O_RDONLY|O_CLOEXEC) = -1 ENOENT (No such file or directory)
10525 openat(AT_FDCWD, "/lib/x86_64-linux-gnu/libpixman-1.so.0", O_RDONLY|O_CLOEXEC) = 5
10524 openat(AT_FDCWD, "/lib/x86_64-linux-gnu/libxcb-render.so.0", O_RDONLY|O_CLOEXEC) = 5
10525 openat(AT_FDCWD, "/opt/hostedtoolcache/Python/3.12.14/x64/lib/libfribidi.so.0", O_RDONLY|O_CLOEXEC) = -1 ENOENT (No such file or directory)
10525 openat(AT_FDCWD, "/lib/x86_64-linux-gnu/libfribidi.so.0", O_RDONLY|O_CLOEXEC) = 5
10524 openat(AT_FDCWD, "/opt/hostedtoolcache/Python/3.12.14/x64/lib/libxcb-shm.so.0", O_RDONLY|O_CLOEXEC) = -1 ENOENT (No such file or directory)
10524 openat(AT_FDCWD, "/lib/x86_64-linux-gnu/libxcb-shm.so.0", O_RDONLY|O_CLOEXEC) = 5
10525 openat(AT_FDCWD, "/opt/hostedtoolcache/Python/3.12.14/x64/lib/libthai.so.0", O_RDONLY|O_CLOEXEC) = -1 ENOENT (No such file or directory)
10525 openat(AT_FDCWD, "/lib/x86_64-linux-gnu/libthai.so.0", O_RDONLY|O_CLOEXEC) = 5
10524 openat(AT_FDCWD, "/opt/hostedtoolcache/Python/3.12.14/x64/lib/libpixman-1.so.0", O_RDONLY|O_CLOEXEC) = -1 ENOENT (No such file or directory)
10524 openat(AT_FDCWD, "/lib/x86_64-linux-gnu/libpixman-1.so.0", O_RDONLY|O_CLOEXEC) = 5
10525 openat(AT_FDCWD, "/opt/hostedtoolcache/Python/3.12.14/x64/lib/libharfbuzz.so.0", O_RDONLY|O_CLOEXEC) = -1 ENOENT (No such file or directory)
10525 openat(AT_FDCWD, "/lib/x86_64-linux-gnu/libharfbuzz.so.0", O_RDONLY|O_CLOEXEC) = 5
10524 openat(AT_FDCWD, "/opt/hostedtoolcache/Python/3.12.14/x64/lib/libfribidi.so.0", O_RDONLY|O_CLOEXEC) = -1 ENOENT (No such file or directory)
10524 openat(AT_FDCWD, "/lib/x86_64-linux-gnu/libfribidi.so.0", O_RDONLY|O_CLOEXEC <unfinished ...>
10525 openat(AT_FDCWD, "/opt/hostedtoolcache/Python/3.12.14/x64/lib/libcap.so.2", O_RDONLY|O_CLOEXEC <unfinished ...>
10524 <... openat resumed>)             = 5
10525 <... openat resumed>)             = -1 ENOENT (No such file or directory)
10525 openat(AT_FDCWD, "/lib/x86_64-linux-gnu/libcap.so.2", O_RDONLY|O_CLOEXEC) = 5
10524 openat(AT_FDCWD, "/opt/hostedtoolcache/Python/3.12.14/x64/lib/libthai.so.0", O_RDONLY|O_CLOEXEC) = -1 ENOENT (No such file or directory)
10524 openat(AT_FDCWD, "/lib/x86_64-linux-gnu/libthai.so.0", O_RDONLY|O_CLOEXEC <unfinished ...>
10525 openat(AT_FDCWD, "/opt/hostedtoolcache/Python/3.12.14/x64/lib/libXi.so.6", O_RDONLY|O_CLOEXEC <unfinished ...>
10524 <... openat resumed>)             = 5
10525 <... openat resumed>)             = -1 ENOENT (No such file or directory)
10525 openat(AT_FDCWD, "/lib/x86_64-linux-gnu/libXi.so.6", O_RDONLY|O_CLOEXEC) = 5
10524 openat(AT_FDCWD, "/opt/hostedtoolcache/Python/3.12.14/x64/lib/libharfbuzz.so.0", O_RDONLY|O_CLOEXEC <unfinished ...>
10525 openat(AT_FDCWD, "/opt/hostedtoolcache/Python/3.12.14/x64/lib/libblkid.so.1", O_RDONLY|O_CLOEXEC <unfinished ...>
10524 <... openat resumed>)             = -1 ENOENT (No such file or directory)
10525 <... openat resumed>)             = -1 ENOENT (No such file or directory)
10524 openat(AT_FDCWD, "/lib/x86_64-linux-gnu/libharfbuzz.so.0", O_RDONLY|O_CLOEXEC <unfinished ...>
10525 openat(AT_FDCWD, "/lib/x86_64-linux-gnu/libblkid.so.1", O_RDONLY|O_CLOEXEC <unfinished ...>
10524 <... openat resumed>)             = 5
10525 <... openat resumed>)             = 5
10524 openat(AT_FDCWD, "/opt/hostedtoolcache/Python/3.12.14/x64/lib/libcap.so.2", O_RDONLY|O_CLOEXEC) = -1 ENOENT (No such file or directory)
10524 openat(AT_FDCWD, "/lib/x86_64-linux-gnu/libcap.so.2", O_RDONLY|O_CLOEXEC <unfinished ...>
10525 openat(AT_FDCWD, "/opt/hostedtoolcache/Python/3.12.14/x64/lib/libgcrypt.so.20", O_RDONLY|O_CLOEXEC) = -1 ENOENT (No such file or directory)
10524 <... openat resumed>)             = 5
10525 openat(AT_FDCWD, "/lib/x86_64-linux-gnu/libgcrypt.so.20", O_RDONLY|O_CLOEXEC) = 5
10524 openat(AT_FDCWD, "/opt/hostedtoolcache/Python/3.12.14/x64/lib/libXi.so.6", O_RDONLY|O_CLOEXEC) = -1 ENOENT (No such file or directory)
10524 openat(AT_FDCWD, "/lib/x86_64-linux-gnu/libXi.so.6", O_RDONLY|O_CLOEXEC <unfinished ...>
10525 openat(AT_FDCWD, "/opt/hostedtoolcache/Python/3.12.14/x64/lib/liblz4.so.1", O_RDONLY|O_CLOEXEC <unfinished ...>
10524 <... openat resumed>)             = 5
10525 <... openat resumed>)             = -1 ENOENT (No such file or directory)
10525 openat(AT_FDCWD, "/lib/x86_64-linux-gnu/liblz4.so.1", O_RDONLY|O_CLOEXEC) = 5
10524 openat(AT_FDCWD, "/opt/hostedtoolcache/Python/3.12.14/x64/lib/libblkid.so.1", O_RDONLY|O_CLOEXEC <unfinished ...>
10525 openat(AT_FDCWD, "/opt/hostedtoolcache/Python/3.12.14/x64/lib/liblzma.so.5", O_RDONLY|O_CLOEXEC <unfinished ...>
10524 <... openat resumed>)             = -1 ENOENT (No such file or directory)
10525 <... openat resumed>)             = -1 ENOENT (No such file or directory)
10524 openat(AT_FDCWD, "/lib/x86_64-linux-gnu/libblkid.so.1", O_RDONLY|O_CLOEXEC <unfinished ...>
10525 openat(AT_FDCWD, "/lib/x86_64-linux-gnu/liblzma.so.5", O_RDONLY|O_CLOEXEC <unfinished ...>
10524 <... openat resumed>)             = 5
10525 <... openat resumed>)             = 5
10525 openat(AT_FDCWD, "/opt/hostedtoolcache/Python/3.12.14/x64/lib/libzstd.so.1", O_RDONLY|O_CLOEXEC) = -1 ENOENT (No such file or directory)
10525 openat(AT_FDCWD, "/lib/x86_64-linux-gnu/libzstd.so.1", O_RDONLY|O_CLOEXEC <unfinished ...>
10524 openat(AT_FDCWD, "/opt/hostedtoolcache/Python/3.12.14/x64/lib/libgcrypt.so.20", O_RDONLY|O_CLOEXEC <unfinished ...>
10525 <... openat resumed>)             = 5
10524 <... openat resumed>)             = -1 ENOENT (No such file or directory)
10524 openat(AT_FDCWD, "/lib/x86_64-linux-gnu/libgcrypt.so.20", O_RDONLY|O_CLOEXEC) = 5
10525 openat(AT_FDCWD, "/opt/hostedtoolcache/Python/3.12.14/x64/lib/libkrb5.so.3", O_RDONLY|O_CLOEXEC) = -1 ENOENT (No such file or directory)
10525 openat(AT_FDCWD, "/lib/x86_64-linux-gnu/libkrb5.so.3", O_RDONLY|O_CLOEXEC) = 5
10524 openat(AT_FDCWD, "/opt/hostedtoolcache/Python/3.12.14/x64/lib/liblz4.so.1", O_RDONLY|O_CLOEXEC) = -1 ENOENT (No such file or directory)
10524 openat(AT_FDCWD, "/lib/x86_64-linux-gnu/liblz4.so.1", O_RDONLY|O_CLOEXEC) = 5
10525 openat(AT_FDCWD, "/opt/hostedtoolcache/Python/3.12.14/x64/lib/libk5crypto.so.3", O_RDONLY|O_CLOEXEC) = -1 ENOENT (No such file or directory)
10525 openat(AT_FDCWD, "/lib/x86_64-linux-gnu/libk5crypto.so.3", O_RDONLY|O_CLOEXEC) = 5
10524 openat(AT_FDCWD, "/opt/hostedtoolcache/Python/3.12.14/x64/lib/liblzma.so.5", O_RDONLY|O_CLOEXEC) = -1 ENOENT (No such file or directory)
10524 openat(AT_FDCWD, "/lib/x86_64-linux-gnu/liblzma.so.5", O_RDONLY|O_CLOEXEC) = 5
10525 openat(AT_FDCWD, "/opt/hostedtoolcache/Python/3.12.14/x64/lib/libcom_err.so.2", O_RDONLY|O_CLOEXEC) = -1 ENOENT (No such file or directory)
10525 openat(AT_FDCWD, "/lib/x86_64-linux-gnu/libcom_err.so.2", O_RDONLY|O_CLOEXEC) = 5
10524 openat(AT_FDCWD, "/opt/hostedtoolcache/Python/3.12.14/x64/lib/libzstd.so.1", O_RDONLY|O_CLOEXEC) = -1 ENOENT (No such file or directory)
10524 openat(AT_FDCWD, "/lib/x86_64-linux-gnu/libzstd.so.1", O_RDONLY|O_CLOEXEC) = 5
10525 openat(AT_FDCWD, "/opt/hostedtoolcache/Python/3.12.14/x64/lib/libkrb5support.so.0", O_RDONLY|O_CLOEXEC) = -1 ENOENT (No such file or directory)
10525 openat(AT_FDCWD, "/lib/x86_64-linux-gnu/libkrb5support.so.0", O_RDONLY|O_CLOEXEC) = 5
10524 openat(AT_FDCWD, "/opt/hostedtoolcache/Python/3.12.14/x64/lib/libkrb5.so.3", O_RDONLY|O_CLOEXEC) = -1 ENOENT (No such file or directory)
10525 openat(AT_FDCWD, "/opt/hostedtoolcache/Python/3.12.14/x64/lib/libp11-kit.so.0", O_RDONLY|O_CLOEXEC <unfinished ...>
10524 openat(AT_FDCWD, "/lib/x86_64-linux-gnu/libkrb5.so.3", O_RDONLY|O_CLOEXEC <unfinished ...>
10525 <... openat resumed>)             = -1 ENOENT (No such file or directory)
10524 <... openat resumed>)             = 5
10525 openat(AT_FDCWD, "/lib/x86_64-linux-gnu/libp11-kit.so.0", O_RDONLY|O_CLOEXEC) = 5
10524 openat(AT_FDCWD, "/opt/hostedtoolcache/Python/3.12.14/x64/lib/libk5crypto.so.3", O_RDONLY|O_CLOEXEC) = -1 ENOENT (No such file or directory)
10525 openat(AT_FDCWD, "/opt/hostedtoolcache/Python/3.12.14/x64/lib/libidn2.so.0", O_RDONLY|O_CLOEXEC <unfinished ...>
10524 openat(AT_FDCWD, "/lib/x86_64-linux-gnu/libk5crypto.so.3", O_RDONLY|O_CLOEXEC <unfinished ...>
10525 <... openat resumed>)             = -1 ENOENT (No such file or directory)
10524 <... openat resumed>)             = 5
10525 openat(AT_FDCWD, "/lib/x86_64-linux-gnu/libidn2.so.0", O_RDONLY|O_CLOEXEC) = 5
10524 openat(AT_FDCWD, "/opt/hostedtoolcache/Python/3.12.14/x64/lib/libcom_err.so.2", O_RDONLY|O_CLOEXEC) = -1 ENOENT (No such file or directory)
10524 openat(AT_FDCWD, "/lib/x86_64-linux-gnu/libcom_err.so.2", O_RDONLY|O_CLOEXEC <unfinished ...>
10525 openat(AT_FDCWD, "/opt/hostedtoolcache/Python/3.12.14/x64/lib/libunistring.so.5", O_RDONLY|O_CLOEXEC <unfinished ...>
10524 <... openat resumed>)             = 5
10525 <... openat resumed>)             = -1 ENOENT (No such file or directory)
10525 openat(AT_FDCWD, "/lib/x86_64-linux-gnu/libunistring.so.5", O_RDONLY|O_CLOEXEC) = 5
10524 openat(AT_FDCWD, "/opt/hostedtoolcache/Python/3.12.14/x64/lib/libkrb5support.so.0", O_RDONLY|O_CLOEXEC) = -1 ENOENT (No such file or directory)
10525 openat(AT_FDCWD, "/opt/hostedtoolcache/Python/3.12.14/x64/lib/libtasn1.so.6", O_RDONLY|O_CLOEXEC <unfinished ...>
10524 openat(AT_FDCWD, "/lib/x86_64-linux-gnu/libkrb5support.so.0", O_RDONLY|O_CLOEXEC <unfinished ...>
10525 <... openat resumed>)             = -1 ENOENT (No such file or directory)
10524 <... openat resumed>)             = 5
10525 openat(AT_FDCWD, "/lib/x86_64-linux-gnu/libtasn1.so.6", O_RDONLY|O_CLOEXEC) = 5
10524 openat(AT_FDCWD, "/opt/hostedtoolcache/Python/3.12.14/x64/lib/libp11-kit.so.0", O_RDONLY|O_CLOEXEC <unfinished ...>
10525 openat(AT_FDCWD, "/opt/hostedtoolcache/Python/3.12.14/x64/lib/libnettle.so.8", O_RDONLY|O_CLOEXEC <unfinished ...>
10524 <... openat resumed>)             = -1 ENOENT (No such file or directory)
10525 <... openat resumed>)             = -1 ENOENT (No such file or directory)
10524 openat(AT_FDCWD, "/lib/x86_64-linux-gnu/libp11-kit.so.0", O_RDONLY|O_CLOEXEC <unfinished ...>
10525 openat(AT_FDCWD, "/lib/x86_64-linux-gnu/libnettle.so.8", O_RDONLY|O_CLOEXEC <unfinished ...>
10524 <... openat resumed>)             = 5
10525 <... openat resumed>)             = 5
10525 openat(AT_FDCWD, "/opt/hostedtoolcache/Python/3.12.14/x64/lib/libhogweed.so.6", O_RDONLY|O_CLOEXEC) = -1 ENOENT (No such file or directory)
10525 openat(AT_FDCWD, "/lib/x86_64-linux-gnu/libhogweed.so.6", O_RDONLY|O_CLOEXEC <unfinished ...>
10524 openat(AT_FDCWD, "/opt/hostedtoolcache/Python/3.12.14/x64/lib/libidn2.so.0", O_RDONLY|O_CLOEXEC <unfinished ...>
10525 <... openat resumed>)             = 5
10524 <... openat resumed>)             = -1 ENOENT (No such file or directory)
10524 openat(AT_FDCWD, "/lib/x86_64-linux-gnu/libidn2.so.0", O_RDONLY|O_CLOEXEC) = 5
10525 openat(AT_FDCWD, "/opt/hostedtoolcache/Python/3.12.14/x64/lib/libgmp.so.10", O_RDONLY|O_CLOEXEC) = -1 ENOENT (No such file or directory)
10525 openat(AT_FDCWD, "/lib/x86_64-linux-gnu/libgmp.so.10", O_RDONLY|O_CLOEXEC) = 5
10524 openat(AT_FDCWD, "/opt/hostedtoolcache/Python/3.12.14/x64/lib/libunistring.so.5", O_RDONLY|O_CLOEXEC) = -1 ENOENT (No such file or directory)
10524 openat(AT_FDCWD, "/lib/x86_64-linux-gnu/libunistring.so.5", O_RDONLY|O_CLOEXEC) = 5
10525 openat(AT_FDCWD, "/opt/hostedtoolcache/Python/3.12.14/x64/lib/libbsd.so.0", O_RDONLY|O_CLOEXEC) = -1 ENOENT (No such file or directory)
10525 openat(AT_FDCWD, "/lib/x86_64-linux-gnu/libbsd.so.0", O_RDONLY|O_CLOEXEC) = 5
10524 openat(AT_FDCWD, "/opt/hostedtoolcache/Python/3.12.14/x64/lib/libtasn1.so.6", O_RDONLY|O_CLOEXEC) = -1 ENOENT (No such file or directory)
10524 openat(AT_FDCWD, "/lib/x86_64-linux-gnu/libtasn1.so.6", O_RDONLY|O_CLOEXEC) = 5
10525 openat(AT_FDCWD, "/opt/hostedtoolcache/Python/3.12.14/x64/lib/libbz2.so.1.0", O_RDONLY|O_CLOEXEC) = -1 ENOENT (No such file or directory)
10525 openat(AT_FDCWD, "/lib/x86_64-linux-gnu/libbz2.so.1.0", O_RDONLY|O_CLOEXEC) = 5
10524 openat(AT_FDCWD, "/opt/hostedtoolcache/Python/3.12.14/x64/lib/libnettle.so.8", O_RDONLY|O_CLOEXEC) = -1 ENOENT (No such file or directory)
10524 openat(AT_FDCWD, "/lib/x86_64-linux-gnu/libnettle.so.8", O_RDONLY|O_CLOEXEC) = 5
10525 openat(AT_FDCWD, "/opt/hostedtoolcache/Python/3.12.14/x64/lib/libbrotlidec.so.1", O_RDONLY|O_CLOEXEC) = -1 ENOENT (No such file or directory)
10525 openat(AT_FDCWD, "/lib/x86_64-linux-gnu/libbrotlidec.so.1", O_RDONLY|O_CLOEXEC) = 5
10524 openat(AT_FDCWD, "/opt/hostedtoolcache/Python/3.12.14/x64/lib/libhogweed.so.6", O_RDONLY|O_CLOEXEC) = -1 ENOENT (No such file or directory)
10524 openat(AT_FDCWD, "/lib/x86_64-linux-gnu/libhogweed.so.6", O_RDONLY|O_CLOEXEC) = 5
10525 openat(AT_FDCWD, "/opt/hostedtoolcache/Python/3.12.14/x64/lib/libdatrie.so.1", O_RDONLY|O_CLOEXEC) = -1 ENOENT (No such file or directory)
10525 openat(AT_FDCWD, "/lib/x86_64-linux-gnu/libdatrie.so.1", O_RDONLY|O_CLOEXEC) = 5
10524 openat(AT_FDCWD, "/opt/hostedtoolcache/Python/3.12.14/x64/lib/libgmp.so.10", O_RDONLY|O_CLOEXEC) = -1 ENOENT (No such file or directory)
10524 openat(AT_FDCWD, "/lib/x86_64-linux-gnu/libgmp.so.10", O_RDONLY|O_CLOEXEC) = 5
10525 openat(AT_FDCWD, "/opt/hostedtoolcache/Python/3.12.14/x64/lib/libgraphite2.so.3", O_RDONLY|O_CLOEXEC) = -1 ENOENT (No such file or directory)
10525 openat(AT_FDCWD, "/lib/x86_64-linux-gnu/libgraphite2.so.3", O_RDONLY|O_CLOEXEC) = 5
10524 openat(AT_FDCWD, "/opt/hostedtoolcache/Python/3.12.14/x64/lib/libbsd.so.0", O_RDONLY|O_CLOEXEC) = -1 ENOENT (No such file or directory)
10524 openat(AT_FDCWD, "/lib/x86_64-linux-gnu/libbsd.so.0", O_RDONLY|O_CLOEXEC) = 5
10525 openat(AT_FDCWD, "/opt/hostedtoolcache/Python/3.12.14/x64/lib/libgpg-error.so.0", O_RDONLY|O_CLOEXEC) = -1 ENOENT (No such file or directory)
10525 openat(AT_FDCWD, "/lib/x86_64-linux-gnu/libgpg-error.so.0", O_RDONLY|O_CLOEXEC) = 5
10524 openat(AT_FDCWD, "/opt/hostedtoolcache/Python/3.12.14/x64/lib/libbz2.so.1.0", O_RDONLY|O_CLOEXEC) = -1 ENOENT (No such file or directory)
10524 openat(AT_FDCWD, "/lib/x86_64-linux-gnu/libbz2.so.1.0", O_RDONLY|O_CLOEXEC) = 5
10525 openat(AT_FDCWD, "/opt/hostedtoolcache/Python/3.12.14/x64/lib/libkeyutils.so.1", O_RDONLY|O_CLOEXEC) = -1 ENOENT (No such file or directory)
10525 openat(AT_FDCWD, "/lib/x86_64-linux-gnu/libkeyutils.so.1", O_RDONLY|O_CLOEXEC) = 5
10524 openat(AT_FDCWD, "/opt/hostedtoolcache/Python/3.12.14/x64/lib/libbrotlidec.so.1", O_RDONLY|O_CLOEXEC) = -1 ENOENT (No such file or directory)
10524 openat(AT_FDCWD, "/lib/x86_64-linux-gnu/libbrotlidec.so.1", O_RDONLY|O_CLOEXEC) = 5
10525 openat(AT_FDCWD, "/opt/hostedtoolcache/Python/3.12.14/x64/lib/libresolv.so.2", O_RDONLY|O_CLOEXEC) = -1 ENOENT (No such file or directory)
10525 openat(AT_FDCWD, "/lib/x86_64-linux-gnu/libresolv.so.2", O_RDONLY|O_CLOEXEC) = 5
10524 openat(AT_FDCWD, "/opt/hostedtoolcache/Python/3.12.14/x64/lib/libdatrie.so.1", O_RDONLY|O_CLOEXEC) = -1 ENOENT (No such file or directory)
10524 openat(AT_FDCWD, "/lib/x86_64-linux-gnu/libdatrie.so.1", O_RDONLY|O_CLOEXEC) = 5
10525 openat(AT_FDCWD, "/opt/hostedtoolcache/Python/3.12.14/x64/lib/libmd.so.0", O_RDONLY|O_CLOEXEC) = -1 ENOENT (No such file or directory)
10525 openat(AT_FDCWD, "/lib/x86_64-linux-gnu/libmd.so.0", O_RDONLY|O_CLOEXEC) = 5
10524 openat(AT_FDCWD, "/opt/hostedtoolcache/Python/3.12.14/x64/lib/libgraphite2.so.3", O_RDONLY|O_CLOEXEC) = -1 ENOENT (No such file or directory)
10524 openat(AT_FDCWD, "/lib/x86_64-linux-gnu/libgraphite2.so.3", O_RDONLY|O_CLOEXEC <unfinished ...>
10525 openat(AT_FDCWD, "/opt/hostedtoolcache/Python/3.12.14/x64/lib/libbrotlicommon.so.1", O_RDONLY|O_CLOEXEC <unfinished ...>
10524 <... openat resumed>)             = 5
10525 <... openat resumed>)             = -1 ENOENT (No such file or directory)
10525 openat(AT_FDCWD, "/lib/x86_64-linux-gnu/libbrotlicommon.so.1", O_RDONLY|O_CLOEXEC) = 5
10524 openat(AT_FDCWD, "/opt/hostedtoolcache/Python/3.12.14/x64/lib/libgpg-error.so.0", O_RDONLY|O_CLOEXEC) = -1 ENOENT (No such file or directory)
10524 openat(AT_FDCWD, "/lib/x86_64-linux-gnu/libgpg-error.so.0", O_RDONLY|O_CLOEXEC) = 5
10524 openat(AT_FDCWD, "/opt/hostedtoolcache/Python/3.12.14/x64/lib/libkeyutils.so.1", O_RDONLY|O_CLOEXEC) = -1 ENOENT (No such file or directory)
10524 openat(AT_FDCWD, "/lib/x86_64-linux-gnu/libkeyutils.so.1", O_RDONLY|O_CLOEXEC) = 5
10524 openat(AT_FDCWD, "/opt/hostedtoolcache/Python/3.12.14/x64/lib/libresolv.so.2", O_RDONLY|O_CLOEXEC) = -1 ENOENT (No such file or directory)
10524 openat(AT_FDCWD, "/lib/x86_64-linux-gnu/libresolv.so.2", O_RDONLY|O_CLOEXEC) = 5
10524 openat(AT_FDCWD, "/opt/hostedtoolcache/Python/3.12.14/x64/lib/libmd.so.0", O_RDONLY|O_CLOEXEC) = -1 ENOENT (No such file or directory)
10524 openat(AT_FDCWD, "/lib/x86_64-linux-gnu/libmd.so.0", O_RDONLY|O_CLOEXEC) = 5
10524 openat(AT_FDCWD, "/opt/hostedtoolcache/Python/3.12.14/x64/lib/libbrotlicommon.so.1", O_RDONLY|O_CLOEXEC) = -1 ENOENT (No such file or directory)
10524 openat(AT_FDCWD, "/lib/x86_64-linux-gnu/libbrotlicommon.so.1", O_RDONLY|O_CLOEXEC) = 5
10524 openat(AT_FDCWD, "/etc/gnutls/config", O_RDONLY|O_CLOEXEC <unfinished ...>
10525 openat(AT_FDCWD, "/etc/gnutls/config", O_RDONLY|O_CLOEXEC <unfinished ...>
10524 <... openat resumed>)             = 5
10525 <... openat resumed>)             = 5
10525 openat(AT_FDCWD, "/proc/filesystems", O_RDONLY|O_CLOEXEC <unfinished ...>
10524 openat(AT_FDCWD, "/proc/filesystems", O_RDONLY|O_CLOEXEC <unfinished ...>
10525 <... openat resumed>)             = 5
10524 <... openat resumed>)             = 5
10525 openat(AT_FDCWD, "/proc/self/stat", O_RDONLY|O_CLOEXEC <unfinished ...>
10524 openat(AT_FDCWD, "/proc/self/stat", O_RDONLY|O_CLOEXEC <unfinished ...>
10525 <... openat resumed>)             = 5
10524 <... openat resumed>)             = 5
10525 openat(AT_FDCWD, "/proc/stat", O_RDONLY|O_CLOEXEC <unfinished ...>
10524 openat(AT_FDCWD, "/proc/stat", O_RDONLY|O_CLOEXEC <unfinished ...>
10525 <... openat resumed>)             = 5
10524 <... openat resumed>)             = 5
10525 openat(AT_FDCWD, "/proc/self/cmdline", O_RDONLY|O_CLOEXEC <unfinished ...>
10524 openat(AT_FDCWD, "/proc/self/cmdline", O_RDONLY|O_CLOEXEC <unfinished ...>
10525 <... openat resumed>)             = 5
10524 <... openat resumed>)             = 5
10525 openat(AT_FDCWD, "/usr/lib/locale/locale-archive", O_RDONLY|O_CLOEXEC <unfinished ...>
10524 openat(AT_FDCWD, "/usr/lib/locale/locale-archive", O_RDONLY|O_CLOEXEC <unfinished ...>
10525 <... openat resumed>)             = 5
10524 <... openat resumed>)             = 5
10525 openat(AT_FDCWD, "/usr/share/locale/locale.alias", O_RDONLY|O_CLOEXEC <unfinished ...>
10524 openat(AT_FDCWD, "/usr/share/locale/locale.alias", O_RDONLY|O_CLOEXEC <unfinished ...>
10525 <... openat resumed>)             = 5
10524 <... openat resumed>)             = 5
10525 openat(AT_FDCWD, "/usr/lib/locale/C.UTF-8/LC_IDENTIFICATION", O_RDONLY|O_CLOEXEC <unfinished ...>
10524 openat(AT_FDCWD, "/usr/lib/locale/C.UTF-8/LC_IDENTIFICATION", O_RDONLY|O_CLOEXEC <unfinished ...>
10525 <... openat resumed>)             = -1 ENOENT (No such file or directory)
10524 <... openat resumed>)             = -1 ENOENT (No such file or directory)
10525 openat(AT_FDCWD, "/usr/lib/locale/C.utf8/LC_IDENTIFICATION", O_RDONLY|O_CLOEXEC <unfinished ...>
10524 openat(AT_FDCWD, "/usr/lib/locale/C.utf8/LC_IDENTIFICATION", O_RDONLY|O_CLOEXEC <unfinished ...>
10525 <... openat resumed>)             = 5
10524 <... openat resumed>)             = 5
10525 openat(AT_FDCWD, "/usr/lib/x86_64-linux-gnu/gconv/gconv-modules.cache", O_RDONLY|O_CLOEXEC <unfinished ...>
10524 openat(AT_FDCWD, "/usr/lib/x86_64-linux-gnu/gconv/gconv-modules.cache", O_RDONLY|O_CLOEXEC <unfinished ...>
10525 <... openat resumed>)             = 5
10524 <... openat resumed>)             = 5
10525 openat(AT_FDCWD, "/usr/lib/locale/C.UTF-8/LC_MEASUREMENT", O_RDONLY|O_CLOEXEC <unfinished ...>
10524 openat(AT_FDCWD, "/usr/lib/locale/C.UTF-8/LC_MEASUREMENT", O_RDONLY|O_CLOEXEC <unfinished ...>
10525 <... openat resumed>)             = -1 ENOENT (No such file or directory)
10524 <... openat resumed>)             = -1 ENOENT (No such file or directory)
10525 openat(AT_FDCWD, "/usr/lib/locale/C.utf8/LC_MEASUREMENT", O_RDONLY|O_CLOEXEC <unfinished ...>
10524 openat(AT_FDCWD, "/usr/lib/locale/C.utf8/LC_MEASUREMENT", O_RDONLY|O_CLOEXEC <unfinished ...>
10525 <... openat resumed>)             = 5
10524 <... openat resumed>)             = 5
10525 openat(AT_FDCWD, "/usr/lib/locale/C.UTF-8/LC_TELEPHONE", O_RDONLY|O_CLOEXEC) = -1 ENOENT (No such file or directory)
10524 openat(AT_FDCWD, "/usr/lib/locale/C.UTF-8/LC_TELEPHONE", O_RDONLY|O_CLOEXEC <unfinished ...>
10525 openat(AT_FDCWD, "/usr/lib/locale/C.utf8/LC_TELEPHONE", O_RDONLY|O_CLOEXEC <unfinished ...>
10524 <... openat resumed>)             = -1 ENOENT (No such file or directory)
10525 <... openat resumed>)             = 5
10524 openat(AT_FDCWD, "/usr/lib/locale/C.utf8/LC_TELEPHONE", O_RDONLY|O_CLOEXEC) = 5
10525 openat(AT_FDCWD, "/usr/lib/locale/C.UTF-8/LC_ADDRESS", O_RDONLY|O_CLOEXEC) = -1 ENOENT (No such file or directory)
10524 openat(AT_FDCWD, "/usr/lib/locale/C.UTF-8/LC_ADDRESS", O_RDONLY|O_CLOEXEC <unfinished ...>
10525 openat(AT_FDCWD, "/usr/lib/locale/C.utf8/LC_ADDRESS", O_RDONLY|O_CLOEXEC <unfinished ...>
10524 <... openat resumed>)             = -1 ENOENT (No such file or directory)
10525 <... openat resumed>)             = 5
10524 openat(AT_FDCWD, "/usr/lib/locale/C.utf8/LC_ADDRESS", O_RDONLY|O_CLOEXEC) = 5
10525 openat(AT_FDCWD, "/usr/lib/locale/C.UTF-8/LC_NAME", O_RDONLY|O_CLOEXEC) = -1 ENOENT (No such file or directory)
10524 openat(AT_FDCWD, "/usr/lib/locale/C.UTF-8/LC_NAME", O_RDONLY|O_CLOEXEC <unfinished ...>
10525 openat(AT_FDCWD, "/usr/lib/locale/C.utf8/LC_NAME", O_RDONLY|O_CLOEXEC <unfinished ...>
10524 <... openat resumed>)             = -1 ENOENT (No such file or directory)
10525 <... openat resumed>)             = 5
10524 openat(AT_FDCWD, "/usr/lib/locale/C.utf8/LC_NAME", O_RDONLY|O_CLOEXEC) = 5
10525 openat(AT_FDCWD, "/usr/lib/locale/C.UTF-8/LC_PAPER", O_RDONLY|O_CLOEXEC) = -1 ENOENT (No such file or directory)
10525 openat(AT_FDCWD, "/usr/lib/locale/C.utf8/LC_PAPER", O_RDONLY|O_CLOEXEC <unfinished ...>
10524 openat(AT_FDCWD, "/usr/lib/locale/C.UTF-8/LC_PAPER", O_RDONLY|O_CLOEXEC <unfinished ...>
10525 <... openat resumed>)             = 5
10524 <... openat resumed>)             = -1 ENOENT (No such file or directory)
10524 openat(AT_FDCWD, "/usr/lib/locale/C.utf8/LC_PAPER", O_RDONLY|O_CLOEXEC) = 5
10525 openat(AT_FDCWD, "/usr/lib/locale/C.UTF-8/LC_MESSAGES", O_RDONLY|O_CLOEXEC) = -1 ENOENT (No such file or directory)
10525 openat(AT_FDCWD, "/usr/lib/locale/C.utf8/LC_MESSAGES", O_RDONLY|O_CLOEXEC) = 5
10524 openat(AT_FDCWD, "/usr/lib/locale/C.UTF-8/LC_MESSAGES", O_RDONLY|O_CLOEXEC) = -1 ENOENT (No such file or directory)
10524 openat(AT_FDCWD, "/usr/lib/locale/C.utf8/LC_MESSAGES", O_RDONLY|O_CLOEXEC <unfinished ...>
10525 openat(AT_FDCWD, "/usr/lib/locale/C.utf8/LC_MESSAGES/SYS_LC_MESSAGES", O_RDONLY|O_CLOEXEC <unfinished ...>
10524 <... openat resumed>)             = 5
10525 <... openat resumed>)             = 5
10524 openat(AT_FDCWD, "/usr/lib/locale/C.utf8/LC_MESSAGES/SYS_LC_MESSAGES", O_RDONLY|O_CLOEXEC) = 5
10525 openat(AT_FDCWD, "/usr/lib/locale/C.UTF-8/LC_MONETARY", O_RDONLY|O_CLOEXEC) = -1 ENOENT (No such file or directory)
10525 openat(AT_FDCWD, "/usr/lib/locale/C.utf8/LC_MONETARY", O_RDONLY|O_CLOEXEC) = 5
10524 openat(AT_FDCWD, "/usr/lib/locale/C.UTF-8/LC_MONETARY", O_RDONLY|O_CLOEXEC) = -1 ENOENT (No such file or directory)
10524 openat(AT_FDCWD, "/usr/lib/locale/C.utf8/LC_MONETARY", O_RDONLY|O_CLOEXEC) = 5
10525 openat(AT_FDCWD, "/usr/lib/locale/C.UTF-8/LC_COLLATE", O_RDONLY|O_CLOEXEC) = -1 ENOENT (No such file or directory)
10525 openat(AT_FDCWD, "/usr/lib/locale/C.utf8/LC_COLLATE", O_RDONLY|O_CLOEXEC) = 5
10524 openat(AT_FDCWD, "/usr/lib/locale/C.UTF-8/LC_COLLATE", O_RDONLY|O_CLOEXEC) = -1 ENOENT (No such file or directory)
10524 openat(AT_FDCWD, "/usr/lib/locale/C.utf8/LC_COLLATE", O_RDONLY|O_CLOEXEC) = 5
10525 openat(AT_FDCWD, "/usr/lib/locale/C.UTF-8/LC_TIME", O_RDONLY|O_CLOEXEC) = -1 ENOENT (No such file or directory)
10525 openat(AT_FDCWD, "/usr/lib/locale/C.utf8/LC_TIME", O_RDONLY|O_CLOEXEC) = 5
10524 openat(AT_FDCWD, "/usr/lib/locale/C.UTF-8/LC_TIME", O_RDONLY|O_CLOEXEC) = -1 ENOENT (No such file or directory)
10524 openat(AT_FDCWD, "/usr/lib/locale/C.utf8/LC_TIME", O_RDONLY|O_CLOEXEC) = 5
10525 openat(AT_FDCWD, "/usr/lib/locale/C.UTF-8/LC_NUMERIC", O_RDONLY|O_CLOEXEC) = -1 ENOENT (No such file or directory)
10525 openat(AT_FDCWD, "/usr/lib/locale/C.utf8/LC_NUMERIC", O_RDONLY|O_CLOEXEC) = 5
10524 openat(AT_FDCWD, "/usr/lib/locale/C.UTF-8/LC_NUMERIC", O_RDONLY|O_CLOEXEC) = -1 ENOENT (No such file or directory)
10524 openat(AT_FDCWD, "/usr/lib/locale/C.utf8/LC_NUMERIC", O_RDONLY|O_CLOEXEC) = 5
10525 openat(AT_FDCWD, "/usr/lib/locale/C.UTF-8/LC_CTYPE", O_RDONLY|O_CLOEXEC) = -1 ENOENT (No such file or directory)
10525 openat(AT_FDCWD, "/usr/lib/locale/C.utf8/LC_CTYPE", O_RDONLY|O_CLOEXEC) = 5
10524 openat(AT_FDCWD, "/usr/lib/locale/C.UTF-8/LC_CTYPE", O_RDONLY|O_CLOEXEC) = -1 ENOENT (No such file or directory)
10524 openat(AT_FDCWD, "/usr/lib/locale/C.utf8/LC_CTYPE", O_RDONLY|O_CLOEXEC) = 5
10525 openat(AT_FDCWD, "/proc/self/status", O_RDONLY) = 5
10524 openat(AT_FDCWD, "/proc/self/status", O_RDONLY) = 5
10525 openat(AT_FDCWD, "/opt/google/chrome/icudtl.dat", O_RDONLY) = 5
10525 openat(AT_FDCWD, "/etc/localtime", O_RDONLY|O_CLOEXEC <unfinished ...>
10524 openat(AT_FDCWD, "/opt/google/chrome/icudtl.dat", O_RDONLY <unfinished ...>
10525 <... openat resumed>)             = 6
10524 <... openat resumed>)             = 5
10524 openat(AT_FDCWD, "/etc/localtime", O_RDONLY|O_CLOEXEC) = 6
10525 openat(AT_FDCWD, "/opt/google/chrome/v8_context_snapshot.bin", O_RDONLY) = 6
10524 openat(AT_FDCWD, "/opt/google/chrome/v8_context_snapshot.bin", O_RDONLY) = 6
10525 openat(AT_FDCWD, "/opt/google/chrome/chrome_100_percent.pak", O_RDONLY) = 7
10525 openat(AT_FDCWD, "/opt/google/chrome/chrome_200_percent.pak", O_RDONLY) = 8
10524 openat(AT_FDCWD, "/opt/google/chrome/chrome_100_percent.pak", O_RDONLY) = 7
10525 openat(AT_FDCWD, "/usr/share/locale/locale.alias", O_RDONLY|O_CLOEXEC) = 9
10524 openat(AT_FDCWD, "/opt/google/chrome/chrome_200_percent.pak", O_RDONLY) = 8
10524 openat(AT_FDCWD, "/usr/share/locale/locale.alias", O_RDONLY|O_CLOEXEC) = 9
10525 openat(AT_FDCWD, "/opt/google/chrome/locales/en-US.pak", O_RDONLY) = 9
10525 openat(AT_FDCWD, "/opt/google/chrome/resources.pak", O_RDONLY <unfinished ...>
10524 openat(AT_FDCWD, "/opt/google/chrome/locales/en-US.pak", O_RDONLY <unfinished ...>
10525 <... openat resumed>)             = 10
10524 <... openat resumed>)             = 9
10524 openat(AT_FDCWD, "/opt/google/chrome/resources.pak", O_RDONLY) = 10
10525 openat(AT_FDCWD, "/dev/urandom", O_RDONLY|O_CLOEXEC) = 11
10525 openat(AT_FDCWD, "/sys/devices/system/cpu/possible", O_RDONLY|O_CLOEXEC) = 12
10524 openat(AT_FDCWD, "/dev/urandom", O_RDONLY|O_CLOEXEC) = 11
10524 openat(AT_FDCWD, "/sys/devices/system/cpu/possible", O_RDONLY|O_CLOEXEC <unfinished ...>
10525 openat(AT_FDCWD, "/sys/devices/system/cpu/cpu0/cpufreq/cpuinfo_max_freq", O_RDONLY|O_NOCTTY|O_NONBLOCK|O_CLOEXEC <unfinished ...>
10524 <... openat resumed>)             = 12
10525 <... openat resumed>)             = -1 ENOENT (No such file or directory)
10524 openat(AT_FDCWD, "/sys/devices/system/cpu/cpu0/cpufreq/cpuinfo_max_freq", O_RDONLY|O_NOCTTY|O_NONBLOCK|O_CLOEXEC) = -1 ENOENT (No such file or directory)
10525 openat(AT_FDCWD, "/proc/sys/fs/inotify/max_user_watches", O_RDONLY) = 12
10524 openat(AT_FDCWD, "/proc/sys/fs/inotify/max_user_watches", O_RDONLY) = 12
10525 openat(AT_FDCWD, "/opt/google/chrome/WidevineCdm/manifest.json", O_RDONLY|O_CLOEXEC) = 12
10524 openat(AT_FDCWD, "/opt/google/chrome/WidevineCdm/manifest.json", O_RDONLY|O_CLOEXEC) = 12
10525 openat(AT_FDCWD, "/opt/google/chrome/WidevineCdm/_platform_specific/linux_x64/libwidevinecdm.so", O_RDONLY|O_CLOEXEC) = 12
10524 openat(AT_FDCWD, "/opt/google/chrome/WidevineCdm/_platform_specific/linux_x64/libwidevinecdm.so", O_RDONLY|O_CLOEXEC) = 12
10525 openat(0, "/proc/self/maps", O_RDONLY) = 12
10524 openat(0, "/proc/self/maps", O_RDONLY) = 12
10525 openat(0, "/proc/self/maps", O_RDONLY) = 12
10524 openat(0, "/proc/self/maps", O_RDONLY) = 12
10525 openat(AT_FDCWD, "/dev/urandom", O_RDONLY|O_CLOEXEC) = 12
10525 openat(AT_FDCWD, "/sys/devices/system/cpu/online", O_RDONLY|O_CLOEXEC) = 13
10524 openat(AT_FDCWD, "/dev/urandom", O_RDONLY|O_CLOEXEC) = 12
10525 openat(AT_FDCWD, "/sys/devices/system/cpu/kernel_max", O_RDONLY) = 13
10524 openat(AT_FDCWD, "/sys/devices/system/cpu/online", O_RDONLY|O_CLOEXEC) = 13
10525 openat(AT_FDCWD, "/sys/devices/system/cpu/possible", O_RDONLY) = 13
10524 openat(AT_FDCWD, "/sys/devices/system/cpu/kernel_max", O_RDONLY) = 13
10525 openat(AT_FDCWD, "/sys/devices/system/cpu/present", O_RDONLY) = 13
10524 openat(AT_FDCWD, "/sys/devices/system/cpu/possible", O_RDONLY) = 13
10525 openat(AT_FDCWD, "/sys/devices/system/cpu/possible", O_RDONLY) = 13
10524 openat(AT_FDCWD, "/sys/devices/system/cpu/present", O_RDONLY) = 13
10525 openat(AT_FDCWD, "/sys/devices/system/cpu/present", O_RDONLY) = 13
10524 openat(AT_FDCWD, "/sys/devices/system/cpu/possible", O_RDONLY) = 13
10525 openat(AT_FDCWD, "/proc/cpuinfo", O_RDONLY) = 13
10524 openat(AT_FDCWD, "/sys/devices/system/cpu/present", O_RDONLY) = 13
10524 openat(AT_FDCWD, "/proc/cpuinfo", O_RDONLY) = 13
10525 openat(AT_FDCWD, "/proc/", O_RDONLY|O_CLOEXEC|O_DIRECTORY) = 13
10524 openat(AT_FDCWD, "/proc/", O_RDONLY|O_CLOEXEC|O_DIRECTORY <unfinished ...>
10525 recvmsg(3,  <unfinished ...>
10524 <... openat resumed>)             = 13
10525 <... recvmsg resumed>{msg_name=NULL, msg_namelen=0, msg_iov=[{iov_base="\4\0\0\0\3\0\0\0", iov_len=65536}], msg_iovlen=1, msg_controllen=0, msg_flags=0}, 0) = 8
10524 recvmsg(3, {msg_name=NULL, msg_namelen=0, msg_iov=[{iov_base="\4\0\0\0\3\0\0\0", iov_len=65536}], msg_iovlen=1, msg_controllen=0, msg_flags=0}, 0) = 8
10509 socket(AF_UNIX, SOCK_STREAM, 0)   = 16
10509 socket(AF_UNIX, SOCK_STREAM, 0)   = 16
10509 bind(16, {sa_family=AF_UNIX, sun_path="/tmp/com.google.Chrome.5eD2ma/SingletonSocket"}, 110) = 0
10509 listen(16, 5)                     = 0
10509 openat(AT_FDCWD, "/tmp/playwright_chromiumdev_profile-pi0Vs8/Consent To Send Stats", O_RDONLY|O_CLOEXEC) = -1 ENOENT (No such file or directory)
10509 openat(AT_FDCWD, "/proc/self/stat", O_RDONLY|O_CLOEXEC) = 17
10509 openat(AT_FDCWD, "/proc/stat", O_RDONLY|O_CLOEXEC) = 17
10509 openat(AT_FDCWD, "/tmp/playwright_chromiumdev_profile-pi0Vs8/Local State", O_RDONLY|O_CLOEXEC) = -1 ENOENT (No such file or directory)
10509 openat(AT_FDCWD, "/etc/opt/chrome/policies/managed", O_RDONLY|O_NONBLOCK|O_CLOEXEC|O_DIRECTORY) = -1 ENOENT (No such file or directory)
10509 openat(AT_FDCWD, "/etc/opt/chrome/policies/recommended", O_RDONLY|O_NONBLOCK|O_CLOEXEC|O_DIRECTORY) = -1 ENOENT (No such file or directory)
10509 openat(AT_FDCWD, "/etc/machine-id", O_RDONLY|O_CLOEXEC) = 17
10509 openat(AT_FDCWD, "/etc/opt/chrome/policies/enrollment/CloudManagementEnrollmentToken", O_RDONLY|O_CLOEXEC) = -1 ENOENT (No such file or directory)
10509 openat(AT_FDCWD, "/tmp/playwright_chromiumdev_profile-pi0Vs8/Policy/Enrollment/uqPbnFokjouHbhAP0OKVQD7DjfM", O_RDONLY|O_CLOEXEC) = -1 ENOENT (No such file or directory)
10509 openat(AT_FDCWD, "/etc/opt/chrome/policies/enrollment/CloudManagementEnrollmentOptions", O_RDONLY|O_CLOEXEC) = -1 ENOENT (No such file or directory)
10509 openat(AT_FDCWD, "/tmp/playwright_chromiumdev_profile-pi0Vs8/Variations", O_RDONLY|O_CLOEXEC) = -1 ENOENT (No such file or directory)
10509 openat(AT_FDCWD, "/tmp/playwright_chromiumdev_profile-pi0Vs8/VariationsSafeSeedV2", O_RDONLY|O_CLOEXEC) = -1 ENOENT (No such file or directory)
10509 openat(AT_FDCWD, "/tmp/playwright_chromiumdev_profile-pi0Vs8/VariationsSafeSeedV1", O_RDONLY|O_CLOEXEC) = -1 ENOENT (No such file or directory)
10509 openat(AT_FDCWD, "/tmp/playwright_chromiumdev_profile-pi0Vs8/VariationsSeedV2", O_RDONLY|O_CLOEXEC) = -1 ENOENT (No such file or directory)
10509 openat(AT_FDCWD, "/tmp/playwright_chromiumdev_profile-pi0Vs8/VariationsSeedV1", O_RDONLY|O_CLOEXEC) = -1 ENOENT (No such file or directory)
10509 openat(AT_FDCWD, "/usr/share/locale/locale.alias", O_RDONLY|O_CLOEXEC) = 17
10509 openat(AT_FDCWD, "/opt/google/chrome/chrome_100_percent.pak", O_RDONLY) = 17
10509 openat(AT_FDCWD, "/opt/google/chrome/chrome_200_percent.pak", O_RDONLY) = 18
10509 openat(AT_FDCWD, "/opt/google/chrome/locales/en-US.pak", O_RDONLY) = 19
10509 openat(AT_FDCWD, "/opt/google/chrome/resources.pak", O_RDONLY) = 20
10509 openat(AT_FDCWD, "/sys/devices/system/cpu/possible", O_RDONLY|O_CLOEXEC) = 21
10509 openat(AT_FDCWD, "/sys/devices/system/cpu/cpu0/cpufreq/cpuinfo_max_freq", O_RDONLY|O_NOCTTY|O_NONBLOCK|O_CLOEXEC) = -1 ENOENT (No such file or directory)
10509 openat(AT_FDCWD, "/proc/self/stat", O_RDONLY|O_CLOEXEC) = 21
10531 socket(AF_UNIX, SOCK_STREAM|SOCK_CLOEXEC, 0) = 25
10531 connect(25, {sa_family=AF_UNIX, sun_path="/run/dbus/system_bus_socket"}, 29) = 0
10529 openat(AT_FDCWD, "/tmp/playwright_chromiumdev_profile-pi0Vs8/.com.google.Chrome.VariationsSafeSeedV2.czhkYM", O_RDWR|O_CREAT|O_EXCL, 0600 <unfinished ...>
10530 openat(AT_FDCWD, "/tmp/playwright_chromiumdev_profile-pi0Vs8/.com.google.Chrome.VariationsSeedV2.xSpGTT", O_RDWR|O_CREAT|O_EXCL, 0600 <unfinished ...>
10529 <... openat resumed>)             = 26
10530 <... openat resumed>)             = 27
10531 getsockname(25, {sa_family=AF_UNIX}, [128 => 2]) = 0
10531 sendto(25, "\0", 1, MSG_NOSIGNAL, NULL, 0) = 1
10531 sendto(25, "AUTH EXTERNAL 31303031\r\n", 24, MSG_NOSIGNAL, NULL, 0) = 24
10531 sendto(25, "NEGOTIATE_UNIX_FD\r\n", 19, MSG_NOSIGNAL, NULL, 0) = 19
10531 sendto(25, "BEGIN\r\n", 7, MSG_NOSIGNAL, NULL, 0) = 7
10531 sendmsg(25, {msg_name=NULL, msg_namelen=0, msg_iov=[{iov_base="l\1\0\1\0\0\0\0\1\0\0\0n\0\0\0\1\1o\0\25\0\0\0/org/freedesktop/DBus\0\0\0\6\1s\0\24\0\0\0org.freedesktop.DBus\0\0\0\0\2\1s\0\24\0\0\0org.freedesktop.DBus\0\0\0\0\3\1s\0\5\0\0\0Hello\0\0\0", iov_len=128}, {iov_base="", iov_len=0}], msg_iovlen=2, msg_controllen=0, msg_flags=0}, MSG_NOSIGNAL) = 128
10532 openat(AT_FDCWD, "/proc/sys/fs/inotify/max_user_watches", O_RDONLY) = 26
10531 recvmsg(25, {msg_name=NULL, msg_namelen=0, msg_iov=[{iov_base="l\2\1\1\n\0\0\0\1\0\0\0=\0\0\0\6\1s\0\5\0\0\0:1.55\0\0\0\5\1u\0\1\0\0\0\10\1g\0\1s\0\0\7\1s\0\24\0\0\0org.freedesktop.DBus\0\0\0\0\5\0\0\0:1.55\0l\4\1\1\n\0\0\0\2\0\0\0\215\0\0\0\1\1o\0\25\0\0\0/org/freedesktop/DBus\0\0\0\2\1s\0\24\0\0\0org.freedesktop.DBus\0\0\0\0\3\1s\0\f\0\0\0NameAcquired\0\0\0\0\6\1s\0\5\0\0\0:1.55\0\0\0\10\1g\0\1s\0\0\7\1s\0\24\0\0\0org.freedesktop.DBus\0\0\0\0\5\0\0\0:1"..., iov_len=2048}], msg_iovlen=1, msg_controllen=0, msg_flags=MSG_CMSG_CLOEXEC}, MSG_CMSG_CLOEXEC) = 260
10531 recvmsg(25, {msg_namelen=0}, MSG_CMSG_CLOEXEC) = -1 EAGAIN (Resource temporarily unavailable)
10531 sendmsg(25, {msg_name=NULL, msg_namelen=0, msg_iov=[{iov_base="l\1\0\1t\0\0\0\2\0\0\0\177\0\0\0\1\1o\0\25\0\0\0/org/freedesktop/DBus\0\0\0\6\1s\0\24\0\0\0org.freedesktop.DBus\0\0\0\0\2\1s\0\24\0\0\0org.freedesktop.DBus\0\0\0\0\3\1s\0\10\0\0\0AddMatch\0\0\0\0\0\0\0\0\10\1g\0\1s\0\0", iov_len=144}, {iov_base="o\0\0\0type='signal', path='/org/freedesktop/DBus/Local',interface='org.freedesktop.DBus.Local', member='Disconnected'\0", iov_len=116}], msg_iovlen=2, msg_controllen=0, msg_flags=0}, MSG_NOSIGNAL) = 260
10531 recvmsg(25, {msg_name=NULL, msg_namelen=0, msg_iov=[{iov_base="l\2\1\1\0\0\0\0\3\0\0\0005\0\0\0\6\1s\0\5\0\0\0:1.55\0\0\0\5\1u\0\2\0\0\0\7\1s\0\24\0\0\0org.freedesktop.DBus\0\0\0\0", iov_len=2048}], msg_iovlen=1, msg_controllen=0, msg_flags=MSG_CMSG_CLOEXEC}, MSG_CMSG_CLOEXEC) = 72
10531 recvmsg(25, {msg_namelen=0}, MSG_CMSG_CLOEXEC) = -1 EAGAIN (Resource temporarily unavailable)
10531 sendmsg(25, {msg_name=NULL, msg_namelen=0, msg_iov=[{iov_base="l\1\0\1\246\0\0\0\3\0\0\0\177\0\0\0\1\1o\0\25\0\0\0/org/freedesktop/DBus\0\0\0\6\1s\0\24\0\0\0org.freedesktop.DBus\0\0\0\0\2\1s\0\24\0\0\0org.freedesktop.DBus\0\0\0\0\3\1s\0\10\0\0\0AddMatch\0\0\0\0\0\0\0\0\10\1g\0\1s\0\0", iov_len=144}, {iov_base="\241\0\0\0type='signal',interface='org.freedesktop.DBus',member='NameOwnerChanged',path='/org/freedesktop/DBus',sender='org.freedesktop.DBus',arg0='org.freedesktop.login1'\0", iov_len=166}], msg_iovlen=2, msg_controllen=0, msg_flags=0}, MSG_NOSIGNAL) = 310
10531 recvmsg(25, {msg_name=NULL, msg_namelen=0, msg_iov=[{iov_base="l\2\1\1\0\0\0\0\4\0\0\0005\0\0\0\6\1s\0\5\0\0\0:1.55\0\0\0\5\1u\0\3\0\0\0\7\1s\0\24\0\0\0org.freedesktop.DBus\0\0\0\0", iov_len=2048}], msg_iovlen=1, msg_controllen=0, msg_flags=MSG_CMSG_CLOEXEC}, MSG_CMSG_CLOEXEC) = 72
10531 recvmsg(25, {msg_namelen=0}, MSG_CMSG_CLOEXEC) = -1 EAGAIN (Resource temporarily unavailable)
10531 sendmsg(25, {msg_name=NULL, msg_namelen=0, msg_iov=[{iov_base="l\1\0\1\33\0\0\0\4\0\0\0~\0\0\0\2\1s\0\24\0\0\0org.freedesktop.DBus\0\0\0\0\3\1s\0\f\0\0\0GetNameOwner\0\0\0\0\10\1g\0\1s\0\0\6\1s\0\24\0\0\0org.freedesktop.DBus\0\0\0\0\1\1o\0\25\0\0\0/org/freedesktop/DBus\0\0\0", iov_len=144}, {iov_base="\26\0\0\0org.freedesktop.login1\0", iov_len=27}], msg_iovlen=2, msg_controllen=0, msg_flags=0}, MSG_NOSIGNAL) = 171
10531 recvmsg(25, {msg_name=NULL, msg_namelen=0, msg_iov=[{iov_base="l\2\1\1\t\0\0\0\5\0\0\0=\0\0\0\6\1s\0\5\0\0\0:1.55\0\0\0\5\1u\0\4\0\0\0\10\1g\0\1s\0\0\7\1s\0\24\0\0\0org.freedesktop.DBus\0\0\0\0\4\0\0\0:1.6\0", iov_len=2048}], msg_iovlen=1, msg_controllen=0, msg_flags=MSG_CMSG_CLOEXEC}, MSG_CMSG_CLOEXEC) = 89
10531 recvmsg(25, {msg_namelen=0}, MSG_CMSG_CLOEXEC) = -1 EAGAIN (Resource temporarily unavailable)
10531 sendmsg(25, {msg_name=NULL, msg_namelen=0, msg_iov=[{iov_base="l\1\0\1\177\0\0\0\5\0\0\0\177\0\0\0\1\1o\0\25\0\0\0/org/freedesktop/DBus\0\0\0\6\1s\0\24\0\0\0org.freedesktop.DBus\0\0\0\0\2\1s\0\24\0\0\0org.freedesktop.DBus\0\0\0\0\3\1s\0\10\0\0\0AddMatch\0\0\0\0\0\0\0\0\10\1g\0\1s\0\0", iov_len=144}, {iov_base="z\0\0\0type='signal', sender='org.freedesktop.login1', interface='org.freedesktop.login1.Manager', path='/org/freedesktop/login1'\0", iov_len=127}], msg_iovlen=2, msg_controllen=0, msg_flags=0}, MSG_NOSIGNAL) = 271
10531 recvmsg(25, {msg_name=NULL, msg_namelen=0, msg_iov=[{iov_base="l\2\1\1\0\0\0\0\6\0\0\0005\0\0\0\6\1s\0\5\0\0\0:1.55\0\0\0\5\1u\0\5\0\0\0\7\1s\0\24\0\0\0org.freedesktop.DBus\0\0\0\0", iov_len=2048}], msg_iovlen=1, msg_controllen=0, msg_flags=MSG_CMSG_CLOEXEC}, MSG_CMSG_CLOEXEC) = 72
10531 recvmsg(25, {msg_namelen=0}, MSG_CMSG_CLOEXEC) = -1 EAGAIN (Resource temporarily unavailable)
10509 openat(AT_FDCWD, "/proc/self/cmdline", O_RDONLY|O_CLOEXEC) = 26
10531 recvmsg(25, {msg_namelen=0}, MSG_CMSG_CLOEXEC) = -1 EAGAIN (Resource temporarily unavailable)
10509 openat(AT_FDCWD, "/tmp/.com.google.Chrome.Wnc9ar", O_RDWR|O_CREAT|O_EXCL, 0600) = 26
10509 openat(AT_FDCWD, "/tmp/.com.google.Chrome.Wnc9ar", O_RDONLY) = 27
10509 openat(AT_FDCWD, "/proc/10509/stat", O_RDONLY|O_CLOEXEC) = 26
10509 openat(AT_FDCWD, "/proc/10509/status", O_RDONLY|O_CLOEXEC) = 26
10509 openat(AT_FDCWD, "/opt/google/chrome/WidevineCdm/manifest.json", O_RDONLY|O_CLOEXEC) = 32
10531 sendmsg(25, {msg_name=NULL, msg_namelen=0, msg_iov=[{iov_base="l\1\0\1\256\0\0\0\6\0\0\0\177\0\0\0\1\1o\0\25\0\0\0/org/freedesktop/DBus\0\0\0\6\1s\0\24\0\0\0org.freedesktop.DBus\0\0\0\0\2\1s\0\24\0\0\0org.freedesktop.DBus\0\0\0\0\3\1s\0\10\0\0\0AddMatch\0\0\0\0\0\0\0\0\10\1g\0\1s\0\0", iov_len=144}, {iov_base="\251\0\0\0type='signal',interface='org.freedesktop.DBus',member='NameOwnerChanged',path='/org/freedesktop/DBus',sender='org.freedesktop.DBus',arg0='org.chromium.bluetooth.Manager'\0", iov_len=174}], msg_iovlen=2, msg_controllen=0, msg_flags=0}, MSG_NOSIGNAL) = 318
10531 recvmsg(25, {msg_name=NULL, msg_namelen=0, msg_iov=[{iov_base="l\2\1\1\0\0\0\0\7\0\0\0005\0\0\0\6\1s\0\5\0\0\0:1.55\0\0\0\5\1u\0\6\0\0\0\7\1s\0\24\0\0\0org.freedesktop.DBus\0\0\0\0", iov_len=2048}], msg_iovlen=1, msg_controllen=0, msg_flags=MSG_CMSG_CLOEXEC}, MSG_CMSG_CLOEXEC) = 72
10531 recvmsg(25, {msg_namelen=0}, MSG_CMSG_CLOEXEC) = -1 EAGAIN (Resource temporarily unavailable)
10531 sendmsg(25, {msg_name=NULL, msg_namelen=0, msg_iov=[{iov_base="l\1\0\1#\0\0\0\7\0\0\0~\0\0\0\2\1s\0\24\0\0\0org.freedesktop.DBus\0\0\0\0\3\1s\0\f\0\0\0GetNameOwner\0\0\0\0\10\1g\0\1s\0\0\6\1s\0\24\0\0\0org.freedesktop.DBus\0\0\0\0\1\1o\0\25\0\0\0/org/freedesktop/DBus\0\0\0", iov_len=144}, {iov_base="\36\0\0\0org.chromium.bluetooth.Manager\0", iov_len=35}], msg_iovlen=2, msg_controllen=0, msg_flags=0}, MSG_NOSIGNAL) = 179
10529 openat(AT_FDCWD, "/etc/fonts/fonts.conf", O_RDONLY|O_CLOEXEC) = 32
10531 recvmsg(25, {msg_name=NULL, msg_namelen=0, msg_iov=[{iov_base="l\3\1\1O\0\0\0\10\0\0\0u\0\0\0\6\1s\0\5\0\0\0:1.55\0\0\0\4\1s\0)\0\0\0org.freedesktop.DBus.Error.NameHasNoOwner\0\0\0\0\0\0\0\5\1u\0\7\0\0\0\10\1g\0\1s\0\0\7\1s\0\24\0\0\0org.freedesktop.DBus\0\0\0\0J\0\0\0Could not get owner of name 'org.chromium.bluetooth.Manager': no such name\0", iov_len=2048}], msg_iovlen=1, msg_controllen=0, msg_flags=MSG_CMSG_CLOEXEC}, MSG_CMSG_CLOEXEC) = 215
10531 recvmsg(25, {msg_namelen=0}, MSG_CMSG_CLOEXEC) = -1 EAGAIN (Resource temporarily unavailable)
10534 socket(AF_NETLINK, SOCK_RAW, NETLINK_ROUTE <unfinished ...>
10531 sendmsg(25, {msg_name=NULL, msg_namelen=0, msg_iov=[{iov_base="l\1\0\1\0\0\0\0\10\0\0\0r\0\0\0\2\1s\0\"\0\0\0org.freedesktop.DBus.ObjectManager\0\0\0\0\0\0\3\1s\0\21\0\0\0GetManagedObjects\0\0\0\0\0\0\0\6\1s\0\t\0\0\0org.bluez\0\0\0\0\0\0\0\1\1o\0\1\0\0\0/\0\0\0\0\0\0\0", iov_len=136}, {iov_base="", iov_len=0}], msg_iovlen=2, msg_controllen=0, msg_flags=0}, MSG_NOSIGNAL <unfinished ...>
10534 <... socket resumed>)             = 32
10531 <... sendmsg resumed>)            = 136
10534 bind(32, {sa_family=AF_NETLINK, nl_pid=0, nl_groups=0x000113}, 12) = 0
10534 sendto(32, [{nlmsg_len=17, nlmsg_type=RTM_GETADDR, nlmsg_flags=NLM_F_REQUEST|NLM_F_DUMP, nlmsg_seq=0, nlmsg_pid=0}, {ifa_family=AF_UNSPEC, ...}], 17, 0, {sa_family=AF_NETLINK, nl_pid=0, nl_groups=00000000}, 12) = 17
10531 recvmsg(25, {msg_name=NULL, msg_namelen=0, msg_iov=[{iov_base="l\3\1\1>\0\0\0\t\0\0\0u\0\0\0\6\1s\0\5\0\0\0:1.55\0\0\0\4\1s\0)\0\0\0org.freedesktop.DBus.Error.ServiceUnknown\0\0\0\0\0\0\0\5\1u\0\10\0\0\0\10\1g\0\1s\0\0\7\1s\0\24\0\0\0org.freedesktop.DBus\0\0\0\09\0\0\0The name org.bluez was not provided by any .service files\0", iov_len=2048}], msg_iovlen=1, msg_controllen=0, msg_flags=MSG_CMSG_CLOEXEC}, MSG_CMSG_CLOEXEC) = 198
10534 recvfrom(32,  <unfinished ...>
10531 recvmsg(25,  <unfinished ...>
10534 <... recvfrom resumed>[[{nlmsg_len=76, nlmsg_type=RTM_NEWADDR, nlmsg_flags=NLM_F_MULTI, nlmsg_seq=0, nlmsg_pid=10509}, {ifa_family=AF_INET, ifa_prefixlen=8, ifa_flags=IFA_F_PERMANENT, ifa_scope=RT_SCOPE_HOST, ifa_index=if_nametoindex("lo")}, [[{nla_len=8, nla_type=IFA_ADDRESS}, inet_addr("127.0.0.1")], [{nla_len=8, nla_type=IFA_LOCAL}, inet_addr("127.0.0.1")], [{nla_len=7, nla_type=IFA_LABEL}, "lo"], [{nla_len=8, nla_type=IFA_FLAGS}, IFA_F_PERMANENT], [{nla_len=20, nla_type=IFA_CACHEINFO}, {ifa_prefered=4294967295, ifa_valid=4294967295, cstamp=192737, tstamp=192737}]]], [{nlmsg_len=80, nlmsg_type=RTM_NEWADDR, nlmsg_flags=NLM_F_MULTI, nlmsg_seq=0, nlmsg_pid=10509}, {ifa_family=AF_INET6, ifa_prefixlen=128, ifa_flags=IFA_F_PERMANENT, ifa_scope=RT_SCOPE_HOST, ifa_index=if_nametoindex("lo")}, [[{nla_len=20, nla_type=IFA_ADDRESS}, inet_pton(AF_INET6, "::1")], [{nla_len=20, nla_type=IFA_CACHEINFO}, {ifa_prefered=4294967295, ifa_valid=4294967295, cstamp=192737, tstamp=192737}], [{nla_len=8, nla_type=IFA_FLAGS}, IFA_F_PERMANENT], [{nla_len=5, nla_type=IFA_PROTO}, "\x01"]]]], 8192, 0, NULL, NULL) = 156
10531 <... recvmsg resumed>{msg_namelen=0}, MSG_CMSG_CLOEXEC) = -1 EAGAIN (Resource temporarily unavailable)
10534 recvfrom(32, [{nlmsg_len=20, nlmsg_type=NLMSG_DONE, nlmsg_flags=NLM_F_MULTI, nlmsg_seq=0, nlmsg_pid=10509}, 0], 8192, MSG_DONTWAIT, NULL, NULL) = 20
10534 recvfrom(32, 0x56c001c0000, 8192, MSG_DONTWAIT, NULL, NULL) = -1 EAGAIN (Resource temporarily unavailable)
10532 openat(AT_FDCWD, "/tmp/playwright_chromiumdev_profile-pi0Vs8/component_crx_cache/metadata.json", O_RDONLY|O_CLOEXEC) = -1 ENOENT (No such file or directory)
10534 sendto(32, [{nlmsg_len=17, nlmsg_type=RTM_GETLINK, nlmsg_flags=NLM_F_REQUEST|NLM_F_DUMP, nlmsg_seq=0, nlmsg_pid=0}, {ifi_family=AF_UNSPEC, ...}], 17, 0, {sa_family=AF_NETLINK, nl_pid=0, nl_groups=00000000}, 12) = 17
10534 recvfrom(32, [{nlmsg_len=1472, nlmsg_type=RTM_NEWLINK, nlmsg_flags=NLM_F_MULTI, nlmsg_seq=0, nlmsg_pid=10509}, {ifi_family=AF_UNSPEC, ifi_type=ARPHRD_LOOPBACK, ifi_index=if_nametoindex("lo"), ifi_flags=IFF_UP|IFF_LOOPBACK|IFF_RUNNING|IFF_LOWER_UP, ifi_change=0}, [[{nla_len=7, nla_type=IFLA_IFNAME}, "lo"], [{nla_len=8, nla_type=IFLA_TXQLEN}, 1000], [{nla_len=5, nla_type=IFLA_OPERSTATE}, 0], [{nla_len=5, nla_type=IFLA_LINKMODE}, 0], [{nla_len=5, nla_type=0x43 /* IFLA_??? */}, "\x01"], [{nla_len=8, nla_type=IFLA_MTU}, 65536], [{nla_len=8, nla_type=IFLA_MIN_MTU}, 0], [{nla_len=8, nla_type=IFLA_MAX_MTU}, 0], [{nla_len=8, nla_type=IFLA_GROUP}, 0], [{nla_len=8, nla_type=IFLA_PROMISCUITY}, 0], [{nla_len=8, nla_type=IFLA_ALLMULTI}, 0], [{nla_len=8, nla_type=IFLA_NUM_TX_QUEUES}, 1], [{nla_len=8, nla_type=IFLA_GSO_MAX_SEGS}, 65535], [{nla_len=8, nla_type=IFLA_GSO_MAX_SIZE}, 65536], [{nla_len=8, nla_type=IFLA_GRO_MAX_SIZE}, 65536], [{nla_len=8, nla_type=IFLA_GSO_IPV4_MAX_SIZE}, 65536], [{nla_len=8, nla_type=IFLA_GRO_IPV4_MAX_SIZE}, 65536], [{nla_len=8, nla_type=IFLA_TSO_MAX_SIZE}, 524280], [{nla_len=8, nla_type=IFLA_TSO_MAX_SEGS}, 65535], [{nla_len=8, nla_type=0x42 /* IFLA_??? */}, "\x00\x00\x00\x00"], [{nla_len=8, nla_type=IFLA_NUM_RX_QUEUES}, 1], [{nla_len=5, nla_type=IFLA_CARRIER}, 1], [{nla_len=8, nla_type=IFLA_CARRIER_CHANGES}, 0], [{nla_len=8, nla_type=IFLA_CARRIER_UP_COUNT}, 0], [{nla_len=8, nla_type=IFLA_CARRIER_DOWN_COUNT}, 0], [{nla_len=5, nla_type=IFLA_PROTO_DOWN}, 0], [{nla_len=10, nla_type=IFLA_ADDRESS}, 00:00:00:00:00:00], [{nla_len=10, nla_type=IFLA_BROADCAST}, 00:00:00:00:00:00], [{nla_len=204, nla_type=IFLA_STATS64}, {rx_packets=0, tx_packets=0, rx_bytes=0, tx_bytes=0, rx_errors=0, tx_errors=0, rx_dropped=0, tx_dropped=0, multicast=0, collisions=0, rx_length_errors=0, rx_over_errors=0, rx_crc_errors=0, rx_frame_errors=0, rx_fifo_errors=0, rx_missed_errors=0, tx_aborted_errors=0, tx_carrier_errors=0, tx_fifo_errors=0, tx_heartbeat_errors=0, tx_window_errors=0, rx_compressed=0, tx_compressed=0, rx_nohandler=0, rx_otherhost_dropped=0}], [{nla_len=100, nla_type=IFLA_STATS}, {rx_packets=0, tx_packets=0, rx_bytes=0, tx_bytes=0, rx_errors=0, tx_errors=0, rx_dropped=0, tx_dropped=0, multicast=0, collisions=0, rx_length_errors=0, rx_over_errors=0, rx_crc_errors=0, rx_frame_errors=0, rx_fifo_errors=0, rx_missed_errors=0, tx_aborted_errors=0, tx_carrier_errors=0, tx_fifo_errors=0, tx_heartbeat_errors=0, tx_window_errors=0, rx_compressed=0, tx_compressed=0, rx_nohandler=0}], [{nla_len=12, nla_type=IFLA_XDP}, [{nla_len=5, nla_type=IFLA_XDP_ATTACHED}, XDP_ATTACHED_NONE]], [{nla_len=12, nla_type=IFLA_QDISC}, "noqueue"], [{nla_len=836, nla_type=IFLA_AF_SPEC}, [[{nla_len=20, nla_type=AF_MCTP}, [[{nla_len=8, nla_type=IFLA_MCTP_NET}, 1], [{nla_len=5, nla_type=0x2 /* IFLA_MCTP_??? */}, "\x00"]]], [{nla_len=140, nla_type=AF_INET}, [{nla_len=136, nla_type=IFLA_INET_CONF}, [[IPV4_DEVCONF_FORWARDING-1]=1, [IPV4_DEVCONF_MC_FORWARDING-1]=0, [IPV4_DEVCONF_PROXY_ARP-1]=0, [IPV4_DEVCONF_ACCEPT_REDIRECTS-1]=1, [IPV4_DEVCONF_SECURE_REDIRECTS-1]=1, [IPV4_DEVCONF_SEND_REDIRECTS-1]=1, [IPV4_DEVCONF_SHARED_MEDIA-1]=1, [IPV4_DEVCONF_RP_FILTER-1]=2, [IPV4_DEVCONF_ACCEPT_SOURCE_ROUTE-1]=1, [IPV4_DEVCONF_BOOTP_RELAY-1]=0, [IPV4_DEVCONF_LOG_MARTIANS-1]=0, [IPV4_DEVCONF_TAG-1]=0, [IPV4_DEVCONF_ARPFILTER-1]=0, [IPV4_DEVCONF_MEDIUM_ID-1]=0, [IPV4_DEVCONF_NOXFRM-1]=1, [IPV4_DEVCONF_NOPOLICY-1]=1, [IPV4_DEVCONF_FORCE_IGMP_VERSION-1]=0, [IPV4_DEVCONF_ARP_ANNOUNCE-1]=0, [IPV4_DEVCONF_ARP_IGNORE-1]=0, [IPV4_DEVCONF_PROMOTE_SECONDARIES-1]=0, [IPV4_DEVCONF_ARP_ACCEPT-1]=0, [IPV4_DEVCONF_ARP_NOTIFY-1]=0, [IPV4_DEVCONF_ACCEPT_LOCAL-1]=0, [IPV4_DEVCONF_SRC_VMARK-1]=0, [IPV4_DEVCONF_PROXY_ARP_PVLAN-1]=0, [IPV4_DEVCONF_ROUTE_LOCALNET-1]=0, [IPV4_DEVCONF_IGMPV2_UNSOLICITED_REPORT_INTERVAL-1]=10000, [IPV4_DEVCONF_IGMPV3_UNSOLICITED_REPORT_INTERVAL-1]=1000, [IPV4_DEVCONF_IGNORE_ROUTES_WITH_LINKDOWN-1]=0, [IPV4_DEVCONF_DROP_UNICAST_IN_L2_MULTICAST-1]=0, [IPV4_DEVCONF_DROP_GRATUITOUS_ARP-1]=0, [IPV4_DEVCONF_BC_FORWARDING-1]=0, [IPV4_DEVCONF_ARP_EVICT_NOCARRIER-1]=1]]], [{nla_len=672, nla_type=AF_INET6}, [[{nla_len=8, nla_type=IFLA_INET6_FLAGS}, IF_READY], [{nla_len=20, nla_type=IFLA_INET6_CACHEINFO}, {max_reasm_len=65535, tstamp=192737, reachable_time=17813, retrans_time=1000}], [{nla_len=244, nla_type=IFLA_INET6_CONF}, [[DEVCONF_FORWARDING]=0, [DEVCONF_HOPLIMIT]=64, [DEVCONF_MTU6]=65536, [DEVCONF_ACCEPT_RA]=1, [DEVCONF_ACCEPT_REDIRECTS]=1, [DEVCONF_AUTOCONF]=1, [DEVCONF_DAD_TRANSMITS]=1, [DEVCONF_RTR_SOLICITS]=-1, [DEVCONF_RTR_SOLICIT_INTERVAL]=4000, [DEVCONF_RTR_SOLICIT_DELAY]=1000, [DEVCONF_USE_TEMPADDR]=-1, [DEVCONF_TEMP_VALID_LFT]=604800, [DEVCONF_TEMP_PREFERED_LFT]=86400, [DEVCONF_REGEN_MAX_RETRY]=3, [DEVCONF_MAX_DESYNC_FACTOR]=600, [DEVCONF_MAX_ADDRESSES]=16, [DEVCONF_FORCE_MLD_VERSION]=0, [DEVCONF_ACCEPT_RA_DEFRTR]=1, [DEVCONF_ACCEPT_RA_PINFO]=1, [DEVCONF_ACCEPT_RA_RTR_PREF]=1, [DEVCONF_RTR_PROBE_INTERVAL]=60000, [DEVCONF_ACCEPT_RA_RT_INFO_MAX_PLEN]=0, [DEVCONF_PROXY_NDP]=0, [DEVCONF_OPTIMISTIC_DAD]=0, [DEVCONF_ACCEPT_SOURCE_ROUTE]=0, [DEVCONF_MC_FORWARDING]=0, [DEVCONF_DISABLE_IPV6]=0, [DEVCONF_ACCEPT_DAD]=-1, [DEVCONF_FORCE_TLLAO]=0, [DEVCONF_NDISC_NOTIFY]=0, [DEVCONF_MLDV1_UNSOLICITED_REPORT_INTERVAL]=10000, [DEVCONF_MLDV2_UNSOLICITED_REPORT_INTERVAL]=1000, [DEVCONF_SUPPRESS_FRAG_NDISC]=1, [DEVCONF_ACCEPT_RA_FROM_LOCAL]=0, [DEVCONF_USE_OPTIMISTIC]=0, [DEVCONF_ACCEPT_RA_MTU]=1, [DEVCONF_STABLE_SECRET]=0, [DEVCONF_USE_OIF_ADDRS_ONLY]=0, [DEVCONF_ACCEPT_RA_MIN_HOP_LIMIT]=1, [DEVCONF_IGNORE_ROUTES_WITH_LINKDOWN]=0, [DEVCONF_DROP_UNICAST_IN_L2_MULTICAST]=0, [DEVCONF_DROP_UNSOLICITED_NA]=0, [DEVCONF_KEEP_ADDR_ON_DOWN]=0, [DEVCONF_RTR_SOLICIT_MAX_INTERVAL]=3600000, [DEVCONF_SEG6_ENABLED]=0, [DEVCONF_SEG6_REQUIRE_HMAC]=0, [DEVCONF_ENHANCED_DAD]=1, [DEVCONF_ADDR_GEN_MODE]=0, [DEVCONF_DISABLE_POLICY]=0, [DEVCONF_ACCEPT_RA_RT_INFO_MIN_PLEN]=0, [DEVCONF_NDISC_TCLASS]=0, [DEVCONF_RPL_SEG_ENABLED]=0, [DEVCONF_RA_DEFRTR_METRIC]=1024, [DEVCONF_IOAM6_ENABLED]=0, [DEVCONF_IOAM6_ID]=65535, [DEVCONF_IOAM6_ID_WIDE]=-1, [DEVCONF_NDISC_EVICT_NOCARRIER]=1, [DEVCONF_ACCEPT_UNTRACKED_NA]=0, [DEVCONF_ACCEPT_RA_MIN_LFT]=0, [59 /* DEVCONF_??? */]=0]], [{nla_len=308, nla_type=IFLA_INET6_STATS}, [[IPSTATS_MIB_NUM]=38, [IPSTATS_MIB_INPKTS]=0, [IPSTATS_MIB_INOCTETS]=0, [IPSTATS_MIB_INDELIVERS]=0, [IPSTATS_MIB_OUTFORWDATAGRAMS]=0, [IPSTATS_MIB_OUTPKTS]=0, [IPSTATS_MIB_OUTOCTETS]=0, [IPSTATS_MIB_INHDRERRORS]=0, [IPSTATS_MIB_INTOOBIGERRORS]=0, [IPSTATS_MIB_INNOROUTES]=0, [IPSTATS_MIB_INADDRERRORS]=0, [IPSTATS_MIB_INUNKNOWNPROTOS]=0, [IPSTATS_MIB_INTRUNCATEDPKTS]=0, [IPSTATS_MIB_INDISCARDS]=0, [IPSTATS_MIB_OUTDISCARDS]=0, [IPSTATS_MIB_OUTNOROUTES]=0, [IPSTATS_MIB_REASMTIMEOUT]=0, [IPSTATS_MIB_REASMREQDS]=0, [IPSTATS_MIB_REASMOKS]=0, [IPSTATS_MIB_REASMFAILS]=0, [IPSTATS_MIB_FRAGOKS]=0, [IPSTATS_MIB_FRAGFAILS]=0, [IPSTATS_MIB_FRAGCREATES]=0, [IPSTATS_MIB_INMCASTPKTS]=0, [IPSTATS_MIB_OUTMCASTPKTS]=0, [IPSTATS_MIB_INBCASTPKTS]=0, [IPSTATS_MIB_OUTBCASTPKTS]=0, [IPSTATS_MIB_INMCASTOCTETS]=0, [IPSTATS_MIB_OUTMCASTOCTETS]=0, [IPSTATS_MIB_INBCASTOCTETS]=0, [IPSTATS_MIB_OUTBCASTOCTETS]=0, [IPSTATS_MIB_CSUMERRORS]=0, [IPSTATS_MIB_NOECTPKTS]=0, [IPSTATS_MIB_ECT1PKTS]=0, [IPSTATS_MIB_ECT0PKTS]=0, [IPSTATS_MIB_CEPKTS]=0, [IPSTATS_MIB_REASM_OVERLAPS]=0, [37 /* IPSTATS_MIB_??? */]=0]], [{nla_len=60, nla_type=IFLA_INET6_ICMP6STATS}, [[ICMP6_MIB_NUM]=7, [ICMP6_MIB_INMSGS]=0, [ICMP6_MIB_INERRORS]=0, [ICMP6_MIB_OUTMSGS]=0, [ICMP6_MIB_OUTERRORS]=0, [ICMP6_MIB_CSUMERRORS]=0, [6 /* ICMP6_MIB_??? */]=0]], [{nla_len=20, nla_type=IFLA_INET6_TOKEN}, inet_pton(AF_INET6, "::")], [{nla_len=5, nla_type=IFLA_INET6_ADDR_GEN_MODE}, IN6_ADDR_GEN_MODE_EUI64]]]]], [{nla_len=36, nla_type=IFLA_MAP}, {mem_start=0, mem_end=0, base_addr=0, irq=0, dma=0, port=0}], {nla_len=4, nla_type=NLA_F_NESTED|IFLA_DEVLINK_PORT}, {nla_len=4, nla_type=NLA_F_NESTED|0x41 /* IFLA_??? */}]], 8192, 0, NULL, NULL) = 1472
10534 recvfrom(32,  <unfinished ...>
10532 openat(AT_FDCWD, "/tmp/playwright_chromiumdev_profile-pi0Vs8/component_crx_cache", O_RDONLY|O_NONBLOCK|O_CLOEXEC|O_DIRECTORY <unfinished ...>
10534 <... recvfrom resumed>[{nlmsg_len=20, nlmsg_type=NLMSG_DONE, nlmsg_flags=NLM_F_MULTI, nlmsg_seq=0, nlmsg_pid=10509}, 0], 8192, MSG_DONTWAIT, NULL, NULL) = 20
10534 recvfrom(32,  <unfinished ...>
10532 <... openat resumed>)             = 33
10534 <... recvfrom resumed>0x56c001c0000, 8192, MSG_DONTWAIT, NULL, NULL) = -1 EAGAIN (Resource temporarily unavailable)
10534 openat(AT_FDCWD, "/tmp", O_RDONLY|O_NONBLOCK|O_CLOEXEC|O_DIRECTORY) = 34
10532 openat(AT_FDCWD, "/tmp/playwright_chromiumdev_profile-pi0Vs8/.com.google.Chrome.Local State.9QUeIw", O_RDWR|O_CREAT|O_EXCL, 0600) = 33
10530 openat(AT_FDCWD, "/etc/host.conf", O_RDONLY|O_CLOEXEC) = 34
10529 openat(AT_FDCWD, "/etc/fonts/conf.d", O_RDONLY|O_NONBLOCK|O_CLOEXEC|O_DIRECTORY) = 33
10532 openat(AT_FDCWD, "/etc/hosts", O_RDONLY|O_CLOEXEC) = 34
10530 openat(AT_FDCWD, "/etc/resolv.conf", O_RDONLY|O_CLOEXEC) = 35
10530 openat(AT_FDCWD, "/etc/nsswitch.conf", O_RDONLY|O_CLOEXEC) = 35
10529 openat(AT_FDCWD, "/usr/share/fontconfig/conf.avail/10-hinting-slight.conf", O_RDONLY|O_CLOEXEC) = 34
10509 openat(AT_FDCWD, "/proc/10509/stat", O_RDONLY|O_CLOEXEC) = 34
10529 openat(AT_FDCWD, "/usr/share/fontconfig/conf.avail/10-scale-bitmap-fonts.conf", O_RDONLY|O_CLOEXEC) = 35
10535 openat(AT_FDCWD, "/proc/10509/status", O_RDONLY|O_CLOEXEC) = 34
10529 openat(AT_FDCWD, "/usr/share/fontconfig/conf.avail/10-sub-pixel-rgb.conf", O_RDONLY|O_CLOEXEC) = 35
10535 openat(AT_FDCWD, "/proc/10509/status", O_RDONLY|O_CLOEXEC) = 34
10529 openat(AT_FDCWD, "/usr/share/fontconfig/conf.avail/10-yes-antialias.conf", O_RDONLY|O_CLOEXEC <unfinished ...>
10535 openat(AT_FDCWD, "/proc/10509/clear_refs", O_WRONLY <unfinished ...>
10529 <... openat resumed>)             = 34
10535 <... openat resumed>)             = 35
10509 openat(AT_FDCWD, "/tmp/.com.google.Chrome.rae8xj", O_RDWR|O_CREAT|O_EXCL, 0600) = 34
10529 openat(AT_FDCWD, "/usr/share/fontconfig/conf.avail/11-lcdfilter-default.conf", O_RDONLY|O_CLOEXEC) = 35
10529 openat(AT_FDCWD, "/etc/fonts/conf.avail/20-unhint-small-dejavu-lgc-sans-mono.conf", O_RDONLY|O_CLOEXEC) = 36
10542 socketpair(AF_UNIX, SOCK_STREAM, 0, [37, 38]) = 0
10542 openat(AT_FDCWD, "/tmp/.com.google.Chrome.peuvql", O_RDWR|O_CREAT|O_EXCL, 0600) = 36
10542 openat(AT_FDCWD, "/tmp/.com.google.Chrome.peuvql", O_RDONLY <unfinished ...>
10529 openat(AT_FDCWD, "/etc/fonts/conf.avail/20-unhint-small-dejavu-lgc-sans.conf", O_RDONLY|O_CLOEXEC <unfinished ...>
10542 <... openat resumed>)             = 39
10529 <... openat resumed>)             = 40
10530 openat(AT_FDCWD, "/tmp/playwright_chromiumdev_profile-pi0Vs8/GPUPersistentCache/GPUCache/EEIBDEGU7KLGTWEYN5DA3RDZE5GAWTES/cache.db", O_RDWR) = -1 ENOENT (No such file or directory)
10529 openat(AT_FDCWD, "/etc/fonts/conf.avail/20-unhint-small-dejavu-lgc-serif.conf", O_RDONLY|O_CLOEXEC <unfinished ...>
10530 openat(AT_FDCWD, "/tmp/playwright_chromiumdev_profile-pi0Vs8/GPUPersistentCache/GPUCache/EEIBDEGU7KLGTWEYN5DA3RDZE5GAWTES/cache.db", O_RDWR|O_CREAT, 0600 <unfinished ...>
10529 <... openat resumed>)             = 40
10530 <... openat resumed>)             = 41
10530 openat(AT_FDCWD, "/tmp/playwright_chromiumdev_profile-pi0Vs8/GPUPersistentCache/GPUCache/EEIBDEGU7KLGTWEYN5DA3RDZE5GAWTES/cache.journal", O_RDWR) = -1 ENOENT (No such file or directory)
10530 openat(AT_FDCWD, "/tmp/playwright_chromiumdev_profile-pi0Vs8/GPUPersistentCache/GPUCache/EEIBDEGU7KLGTWEYN5DA3RDZE5GAWTES/cache.journal", O_RDWR|O_CREAT, 0600) = 40
10530 openat(AT_FDCWD, "/tmp/playwright_chromiumdev_profile-pi0Vs8/GPUPersistentCache/GPUCache/EEIBDEGU7KLGTWEYN5DA3RDZE5GAWTES/cache.db-wal", O_RDWR) = -1 ENOENT (No such file or directory)
10542 openat(AT_FDCWD, "/tmp/.com.google.Chrome.ZlZdhX", O_RDWR|O_CREAT|O_EXCL, 0600 <unfinished ...>
10530 openat(AT_FDCWD, "/tmp/playwright_chromiumdev_profile-pi0Vs8/GPUPersistentCache/GPUCache/EEIBDEGU7KLGTWEYN5DA3RDZE5GAWTES/cache.db-wal", O_RDWR|O_CREAT, 0600 <unfinished ...>
10509 openat(AT_FDCWD, "/home/runner/work/deckrender-acceptance/deckrender-acceptance/benchmark/artifacts/acceptance/private/sandboxes/f2d0ead1671bca07b7bae471906b296bf75cb7245dc7dbbdf3a71dfa1ed41aff/config/user-dirs.dirs", O_RDONLY <unfinished ...>
10542 <... openat resumed>)             = 42
10530 <... openat resumed>)             = 43
10529 openat(AT_FDCWD, "/etc/fonts/conf.avail/20-unhint-small-dejavu-sans-mono.conf", O_RDONLY|O_CLOEXEC <unfinished ...>
10509 <... openat resumed>)             = -1 ENOENT (No such file or directory)
10542 openat(AT_FDCWD, "/tmp/.com.google.Chrome.ZlZdhX", O_RDONLY <unfinished ...>
10529 <... openat resumed>)             = 44
10542 <... openat resumed>)             = 45
10532 socket(AF_NETLINK, SOCK_RAW|SOCK_CLOEXEC|SOCK_NONBLOCK, NETLINK_KOBJECT_UEVENT <unfinished ...>
10530 openat(AT_FDCWD, "/tmp/playwright_chromiumdev_profile-pi0Vs8/GPUPersistentCache/GPUCache", O_RDONLY|O_NONBLOCK|O_CLOEXEC|O_DIRECTORY <unfinished ...>
10532 <... socket resumed>)             = 46
10530 <... openat resumed>)             = 47
10532 getsockopt(46, SOL_SOCKET, SO_RCVBUF, [1048576], [4]) = 0
10532 setsockopt(46, SOL_SOCKET, SO_RCVBUF, [134217728], 4) = 0
10532 getsockopt(46, SOL_SOCKET, SO_RCVBUF, [2097152], [4]) = 0
10532 setsockopt(46, SOL_SOCKET, SO_RCVBUFFORCE, [134217728], 4) = -1 EPERM (Operation not permitted)
10532 setsockopt(46, SOL_SOCKET, SO_ATTACH_FILTER, {len=11, filter=0x7f02b07f69f0}, 16) = 0
10532 setsockopt(46, SOL_SOCKET, SO_PASSCRED, [1], 4 <unfinished ...>
10542 socketpair(AF_UNIX, SOCK_SEQPACKET, 0,  <unfinished ...>
10532 <... setsockopt resumed>)         = 0
10542 <... socketpair resumed>[44, 47]) = 0
10532 bind(46, {sa_family=AF_NETLINK, nl_pid=0, nl_groups=0x000002}, 12 <unfinished ...>
10542 setsockopt(44, SOL_SOCKET, SO_PASSCRED, [1], 4 <unfinished ...>
10529 openat(AT_FDCWD, "/etc/fonts/conf.avail/20-unhint-small-dejavu-sans.conf", O_RDONLY|O_CLOEXEC <unfinished ...>
10542 <... setsockopt resumed>)         = 0
10532 <... bind resumed>)               = 0
10542 sendmsg(11, {msg_name=NULL, msg_namelen=0, msg_iov=[{iov_base="\224\4\0\0\0\0\0\0\v\0\0\0gpu-process\0\24\0\0\0\16\0\0\0/proc/self/exe\0\0\22\0\0\0--type=gpu-process\0\0\f\0\0\0--no-sandbox\27\0\0\0--disable-dev-shm-usage\0\22\0\0\0--disable-breakpad\0\0\n\0\0\0--headless\0\0\31\0\0\0--ozone-platform=headless\0\0\0\35\0\0\0--use-angle=swiftshader-webgl\0\0\0\34\0\0\0--crashpad-handler-pid=10517"..., iov_len=1176}], msg_iovlen=1, msg_control=[{cmsg_len=36, cmsg_level=SOL_SOCKET, cmsg_type=SCM_RIGHTS, cmsg_data=[47, 38, 6, 36, 42]}], msg_controllen=36, msg_flags=0}, MSG_NOSIGNAL <unfinished ...>
10529 <... openat resumed>)             = 48
10532 getsockname(46,  <unfinished ...>
10542 <... sendmsg resumed>)            = 1176
10532 <... getsockname resumed>{sa_family=AF_NETLINK, nl_pid=10509, nl_groups=0x000002}, [12]) = 0
10524 recvmsg(3,  <unfinished ...>
10542 recvmsg(44,  <unfinished ...>
10524 <... recvmsg resumed>{msg_name=NULL, msg_namelen=0, msg_iov=[{iov_base="\224\4\0\0\0\0\0\0\v\0\0\0gpu-process\0\24\0\0\0\16\0\0\0/proc/self/exe\0\0\22\0\0\0--type=gpu-process\0\0\f\0\0\0--no-sandbox\27\0\0\0--disable-dev-shm-usage\0\22\0\0\0--disable-breakpad\0\0\n\0\0\0--headless\0\0\31\0\0\0--ozone-platform=headless\0\0\0\35\0\0\0--use-angle=swiftshader-webgl\0\0\0\34\0\0\0--crashpad-handler-pid=10517"..., iov_len=65536}], msg_iovlen=1, msg_control=[{cmsg_len=36, cmsg_level=SOL_SOCKET, cmsg_type=SCM_RIGHTS, cmsg_data=[13, 14, 15, 16, 17]}], msg_controllen=40, msg_flags=0}, 0) = 1176
10529 openat(AT_FDCWD, "/etc/fonts/conf.avail/20-unhint-small-dejavu-serif.conf", O_RDONLY|O_CLOEXEC) = 47
10530 openat(AT_FDCWD, "/proc/cpuinfo", O_RDONLY|O_CLOEXEC) = 48
10529 openat(AT_FDCWD, "/usr/share/fontconfig/conf.avail/20-unhint-small-vera.conf", O_RDONLY|O_CLOEXEC) = 47
10529 openat(AT_FDCWD, "/usr/share/fontconfig/conf.avail/30-metric-aliases.conf", O_RDONLY|O_CLOEXEC) = 47
10524 recvmsg(3,  <unfinished ...>
10545 sendmsg(13, {msg_name=NULL, msg_namelen=0, msg_iov=[{iov_base="CHILD_PING\0", iov_len=11}], msg_iovlen=1, msg_controllen=0, msg_flags=0}, MSG_NOSIGNAL) = 11
10542 <... recvmsg resumed>{msg_name=NULL, msg_namelen=0, msg_iov=[{iov_base="CHILD_PING\0", iov_len=12}], msg_iovlen=1, msg_control=[{cmsg_len=28, cmsg_level=SOL_SOCKET, cmsg_type=SCM_CREDENTIALS, cmsg_data={pid=10545, uid=1001, gid=1001}}], msg_controllen=32, msg_flags=0}, 0) = 11
10542 sendmsg(11, {msg_name=NULL, msg_namelen=0, msg_iov=[{iov_base="\10\0\0\0\4\0\0\0001)\0\0", iov_len=12}], msg_iovlen=1, msg_controllen=0, msg_flags=0}, MSG_NOSIGNAL) = 12
10524 <... recvmsg resumed>{msg_name=NULL, msg_namelen=0, msg_iov=[{iov_base="\10\0\0\0\4\0\0\0001)\0\0", iov_len=65536}], msg_iovlen=1, msg_controllen=0, msg_flags=0}, 0) = 12
10542 openat(AT_FDCWD, "/selinux", O_RDONLY|O_NONBLOCK|O_CLOEXEC|O_DIRECTORY) = -1 ENOENT (No such file or directory)
10529 openat(AT_FDCWD, "/usr/share/fontconfig/conf.avail/40-nonlatin.conf", O_RDONLY|O_CLOEXEC) = 44
10529 openat(AT_FDCWD, "/usr/share/fontconfig/conf.avail/45-generic.conf", O_RDONLY|O_CLOEXEC) = 36
10542 openat(AT_FDCWD, "/tmp/.com.google.Chrome.XIWx33", O_RDWR|O_CREAT|O_EXCL, 0600) = 36
10529 openat(AT_FDCWD, "/usr/share/fontconfig/conf.avail/45-latin.conf", O_RDONLY|O_CLOEXEC) = 38
10529 openat(AT_FDCWD, "/usr/share/fontconfig/conf.avail/48-spacing.conf", O_RDONLY|O_CLOEXEC) = 38
10542 sendmsg(37, {msg_name=NULL, msg_namelen=0, msg_iov=[{iov_base="\20\0\1\0\270\0\0\09\270\16s\0\0\0\0\30\0\0\0\0\0\0\0\0\0\0\0\0\0\0\0h\0\0\0\0\0\0\0@\0\0\0\0\0\0\0u\0B\220bJj\370 \311\34?z\234\37\276\24\205\220*\5\6\4\374\263\24(\232\1\6N\222\0\0\0\0\4\0\0\0\0\0\0\0\0\0\0\0X\0\0\0\0\0\0\0\20\0\0\0\1\0\0\0\0\0\0\0\0\0\0\0\20\0\0\0\1\0\0\0x\0\0\0\0\0\1\0000\0\0\0(\0\0\0\10\0\0\0\1\0\0\0 \0\0\0\0\0\2\0\2\0\0\0\0\0\0\0\252\333\3306\177\230\24\374\5\304\7n\324\230\177+", iov_len=184}], msg_iovlen=1, msg_control=[{cmsg_len=20, cmsg_level=SOL_SOCKET, cmsg_type=SCM_RIGHTS, cmsg_data=[36]}], msg_controllen=20, msg_flags=0}, MSG_NOSIGNAL) = 184
10529 openat(AT_FDCWD, "/usr/share/fontconfig/conf.avail/49-sansserif.conf", O_RDONLY|O_CLOEXEC) = 36
10529 openat(AT_FDCWD, "/usr/share/fontconfig/conf.avail/50-user.conf", O_RDONLY|O_CLOEXEC) = 36
10529 openat(AT_FDCWD, "/usr/share/fontconfig/conf.avail/51-local.conf", O_RDONLY|O_CLOEXEC) = 36
10529 openat(AT_FDCWD, "/etc/fonts/conf.avail/57-dejavu-sans-mono.conf", O_RDONLY|O_CLOEXEC) = 36
10529 openat(AT_FDCWD, "/etc/fonts/conf.avail/57-dejavu-sans.conf", O_RDONLY|O_CLOEXEC) = 36
10529 openat(AT_FDCWD, "/etc/fonts/conf.avail/57-dejavu-serif.conf", O_RDONLY|O_CLOEXEC) = 36
10529 openat(AT_FDCWD, "/etc/fonts/conf.avail/58-dejavu-lgc-sans-mono.conf", O_RDONLY|O_CLOEXEC) = 36
10529 openat(AT_FDCWD, "/etc/fonts/conf.avail/58-dejavu-lgc-sans.conf", O_RDONLY|O_CLOEXEC) = 36
10529 openat(AT_FDCWD, "/etc/fonts/conf.avail/58-dejavu-lgc-serif.conf", O_RDONLY|O_CLOEXEC) = 36
10529 openat(AT_FDCWD, "/usr/share/fontconfig/conf.avail/60-generic.conf", O_RDONLY|O_CLOEXEC) = 36
10529 openat(AT_FDCWD, "/usr/share/fontconfig/conf.avail/60-latin.conf", O_RDONLY|O_CLOEXEC) = 36
10529 openat(AT_FDCWD, "/usr/share/fontconfig/conf.avail/65-fonts-persian.conf", O_RDONLY|O_CLOEXEC) = 36
10529 openat(AT_FDCWD, "/usr/share/fontconfig/conf.avail/65-nonlatin.conf", O_RDONLY|O_CLOEXEC) = 36
10529 openat(AT_FDCWD, "/usr/share/fontconfig/conf.avail/69-unifont.conf", O_RDONLY|O_CLOEXEC) = 36
10529 openat(AT_FDCWD, "/usr/share/fontconfig/conf.avail/70-fonts-noto-cjk.conf", O_RDONLY|O_CLOEXEC) = 36
10529 openat(AT_FDCWD, "/usr/share/fontconfig/conf.avail/70-no-bitmaps-except-emoji.conf", O_RDONLY|O_CLOEXEC) = 36
10529 openat(AT_FDCWD, "/usr/share/fontconfig/conf.avail/80-delicious.conf", O_RDONLY|O_CLOEXEC) = 36
10545 openat(AT_FDCWD, "/proc/self/cmdline", O_RDONLY|O_CLOEXEC) = 16
10529 openat(AT_FDCWD, "/usr/share/fontconfig/conf.avail/90-synthetic.conf", O_RDONLY|O_CLOEXEC) = 36
10529 openat(AT_FDCWD, "/usr/share/fontconfig/conf.avail", O_RDONLY|O_NONBLOCK|O_CLOEXEC|O_DIRECTORY) = 33
10529 openat(AT_FDCWD, "/usr/share/fontconfig/conf.avail/05-reset-dirs-sample.conf", O_RDONLY|O_CLOEXEC) = 36
10529 openat(AT_FDCWD, "/usr/share/fontconfig/conf.avail/09-autohint-if-no-hinting.conf", O_RDONLY|O_CLOEXEC) = 36
10545 openat(AT_FDCWD, "/opt/hostedtoolcache/Python/3.12.14/x64/lib/libpci.so.3", O_RDONLY|O_CLOEXEC) = -1 ENOENT (No such file or directory)
10545 openat(AT_FDCWD, "/etc/ld.so.cache", O_RDONLY|O_CLOEXEC) = 16
10529 openat(AT_FDCWD, "/usr/share/fontconfig/conf.avail/10-autohint.conf", O_RDONLY|O_CLOEXEC) = 36
10545 openat(AT_FDCWD, "/lib/x86_64-linux-gnu/libpci.so.3", O_RDONLY|O_CLOEXEC) = 16
10529 openat(AT_FDCWD, "/usr/share/fontconfig/conf.avail/10-hinting-full.conf", O_RDONLY|O_CLOEXEC) = 36
10529 openat(AT_FDCWD, "/usr/share/fontconfig/conf.avail/10-hinting-medium.conf", O_RDONLY|O_CLOEXEC) = 36
10545 openat(AT_FDCWD, "/sys/bus/pci/devices", O_RDONLY|O_NONBLOCK|O_CLOEXEC|O_DIRECTORY) = 16
10529 openat(AT_FDCWD, "/usr/share/fontconfig/conf.avail/10-hinting-none.conf", O_RDONLY|O_CLOEXEC) = 36
10545 openat(AT_FDCWD, "/sys/bus/pci/devices/c05b:00:00.0/vendor", O_RDONLY) = 16
10545 openat(AT_FDCWD, "/sys/bus/pci/devices/c05b:00:00.0/device", O_RDONLY) = 16
10545 openat(AT_FDCWD, "/sys/bus/pci/devices/c05b:00:00.0/class", O_RDONLY) = 16
10545 openat(AT_FDCWD, "/sys/bus/pci/devices/50e0:00:02.0/vendor", O_RDONLY) = 16
10529 openat(AT_FDCWD, "/usr/share/fontconfig/conf.avail/10-no-antialias.conf", O_RDONLY|O_CLOEXEC) = 36
10545 openat(AT_FDCWD, "/sys/bus/pci/devices/50e0:00:02.0/device", O_RDONLY) = 16
10545 openat(AT_FDCWD, "/sys/bus/pci/devices/50e0:00:02.0/class", O_RDONLY) = 16
10529 openat(AT_FDCWD, "/usr/share/fontconfig/conf.avail/10-sub-pixel-bgr.conf", O_RDONLY|O_CLOEXEC) = 36
10529 openat(AT_FDCWD, "/usr/share/fontconfig/conf.avail/10-sub-pixel-none.conf", O_RDONLY|O_CLOEXEC) = 36
10545 openat(AT_FDCWD, "/opt/google/chrome/libvulkan.so", O_RDONLY|O_CLOEXEC) = -1 ENOENT (No such file or directory)
10545 openat(AT_FDCWD, "/opt/google/chrome/libvulkan.so.1", O_RDONLY|O_CLOEXEC) = 16
10529 openat(AT_FDCWD, "/usr/share/fontconfig/conf.avail/10-sub-pixel-vbgr.conf", O_RDONLY|O_CLOEXEC) = 36
10529 openat(AT_FDCWD, "/usr/share/fontconfig/conf.avail/10-sub-pixel-vrgb.conf", O_RDONLY|O_CLOEXEC) = 36
10529 openat(AT_FDCWD, "/usr/share/fontconfig/conf.avail/10-unhinted.conf", O_RDONLY|O_CLOEXEC) = 36
10529 openat(AT_FDCWD, "/usr/share/fontconfig/conf.avail/11-lcdfilter-legacy.conf", O_RDONLY|O_CLOEXEC <unfinished ...>
10545 openat(AT_FDCWD, "/home/runner/work/deckrender-acceptance/deckrender-acceptance/benchmark/artifacts/acceptance/private/sandboxes/f2d0ead1671bca07b7bae471906b296bf75cb7245dc7dbbdf3a71dfa1ed41aff/config/vulkan/implicit_layer.d", O_RDONLY|O_NONBLOCK|O_CLOEXEC|O_DIRECTORY) = -1 ENOENT (No such file or directory)
10529 <... openat resumed>)             = 36
10545 openat(AT_FDCWD, "/etc/xdg/vulkan/implicit_layer.d", O_RDONLY|O_NONBLOCK|O_CLOEXEC|O_DIRECTORY) = -1 ENOENT (No such file or directory)
10545 openat(AT_FDCWD, "/etc/vulkan/implicit_layer.d", O_RDONLY|O_NONBLOCK|O_CLOEXEC|O_DIRECTORY) = 16
10529 openat(AT_FDCWD, "/usr/share/fontconfig/conf.avail/11-lcdfilter-light.conf", O_RDONLY|O_CLOEXEC <unfinished ...>
10545 openat(AT_FDCWD, "/home/runner/work/deckrender-acceptance/deckrender-acceptance/benchmark/artifacts/acceptance/private/sandboxes/f2d0ead1671bca07b7bae471906b296bf75cb7245dc7dbbdf3a71dfa1ed41aff/.local/share/vulkan/implicit_layer.d", O_RDONLY|O_NONBLOCK|O_CLOEXEC|O_DIRECTORY <unfinished ...>
10529 <... openat resumed>)             = 36
10545 <... openat resumed>)             = -1 ENOENT (No such file or directory)
10545 openat(AT_FDCWD, "/usr/local/share/vulkan/implicit_layer.d", O_RDONLY|O_NONBLOCK|O_CLOEXEC|O_DIRECTORY) = -1 ENOENT (No such file or directory)
10545 openat(AT_FDCWD, "/usr/share/vulkan/implicit_layer.d", O_RDONLY|O_NONBLOCK|O_CLOEXEC|O_DIRECTORY) = -1 ENOENT (No such file or directory)
10529 openat(AT_FDCWD, "/usr/share/fontconfig/conf.avail/11-lcdfilter-none.conf", O_RDONLY|O_CLOEXEC <unfinished ...>
10545 openat(AT_FDCWD, "/home/runner/work/deckrender-acceptance/deckrender-acceptance/benchmark/artifacts/acceptance/private/sandboxes/f2d0ead1671bca07b7bae471906b296bf75cb7245dc7dbbdf3a71dfa1ed41aff/config/vulkan/implicit_layer.d", O_RDONLY|O_NONBLOCK|O_CLOEXEC|O_DIRECTORY <unfinished ...>
10529 <... openat resumed>)             = 36
10545 <... openat resumed>)             = -1 ENOENT (No such file or directory)
10545 openat(AT_FDCWD, "/etc/xdg/vulkan/implicit_layer.d", O_RDONLY|O_NONBLOCK|O_CLOEXEC|O_DIRECTORY) = -1 ENOENT (No such file or directory)
10545 openat(AT_FDCWD, "/etc/vulkan/implicit_layer.d", O_RDONLY|O_NONBLOCK|O_CLOEXEC|O_DIRECTORY) = 16
10545 openat(AT_FDCWD, "/home/runner/work/deckrender-acceptance/deckrender-acceptance/benchmark/artifacts/acceptance/private/sandboxes/f2d0ead1671bca07b7bae471906b296bf75cb7245dc7dbbdf3a71dfa1ed41aff/.local/share/vulkan/implicit_layer.d", O_RDONLY|O_NONBLOCK|O_CLOEXEC|O_DIRECTORY) = -1 ENOENT (No such file or directory)
10545 openat(AT_FDCWD, "/usr/local/share/vulkan/implicit_layer.d", O_RDONLY|O_NONBLOCK|O_CLOEXEC|O_DIRECTORY) = -1 ENOENT (No such file or directory)
10545 openat(AT_FDCWD, "/usr/share/vulkan/implicit_layer.d", O_RDONLY|O_NONBLOCK|O_CLOEXEC|O_DIRECTORY) = -1 ENOENT (No such file or directory)
10529 openat(AT_FDCWD, "/usr/share/fontconfig/conf.avail/25-unhint-nonlatin.conf", O_RDONLY|O_CLOEXEC) = 36
10545 openat(AT_FDCWD, "/home/runner/work/deckrender-acceptance/deckrender-acceptance/benchmark/artifacts/acceptance/private/sandboxes/f2d0ead1671bca07b7bae471906b296bf75cb7245dc7dbbdf3a71dfa1ed41aff/config/vulkan/icd.d", O_RDONLY|O_NONBLOCK|O_CLOEXEC|O_DIRECTORY) = -1 ENOENT (No such file or directory)
10545 openat(AT_FDCWD, "/etc/xdg/vulkan/icd.d", O_RDONLY|O_NONBLOCK|O_CLOEXEC|O_DIRECTORY) = -1 ENOENT (No such file or directory)
10545 openat(AT_FDCWD, "/etc/vulkan/icd.d", O_RDONLY|O_NONBLOCK|O_CLOEXEC|O_DIRECTORY) = 16
10545 openat(AT_FDCWD, "/home/runner/work/deckrender-acceptance/deckrender-acceptance/benchmark/artifacts/acceptance/private/sandboxes/f2d0ead1671bca07b7bae471906b296bf75cb7245dc7dbbdf3a71dfa1ed41aff/.local/share/vulkan/icd.d", O_RDONLY|O_NONBLOCK|O_CLOEXEC|O_DIRECTORY) = -1 ENOENT (No such file or directory)
10545 openat(AT_FDCWD, "/usr/local/share/vulkan/icd.d", O_RDONLY|O_NONBLOCK|O_CLOEXEC|O_DIRECTORY) = -1 ENOENT (No such file or directory)
10545 openat(AT_FDCWD, "/usr/share/vulkan/icd.d", O_RDONLY|O_NONBLOCK|O_CLOEXEC|O_DIRECTORY) = -1 ENOENT (No such file or directory)
10545 openat(AT_FDCWD, "/home/runner/work/deckrender-acceptance/deckrender-acceptance/benchmark/artifacts/acceptance/private/sandboxes/f2d0ead1671bca07b7bae471906b296bf75cb7245dc7dbbdf3a71dfa1ed41aff/config/vulkan/icd.d", O_RDONLY|O_NONBLOCK|O_CLOEXEC|O_DIRECTORY) = -1 ENOENT (No such file or directory)
10529 openat(AT_FDCWD, "/usr/share/fontconfig/conf.avail/35-lang-normalize.conf", O_RDONLY|O_CLOEXEC <unfinished ...>
10545 openat(AT_FDCWD, "/etc/xdg/vulkan/icd.d", O_RDONLY|O_NONBLOCK|O_CLOEXEC|O_DIRECTORY) = -1 ENOENT (No such file or directory)
10529 <... openat resumed>)             = 36
10545 openat(AT_FDCWD, "/etc/vulkan/icd.d", O_RDONLY|O_NONBLOCK|O_CLOEXEC|O_DIRECTORY) = 16
10545 openat(AT_FDCWD, "/home/runner/work/deckrender-acceptance/deckrender-acceptance/benchmark/artifacts/acceptance/private/sandboxes/f2d0ead1671bca07b7bae471906b296bf75cb7245dc7dbbdf3a71dfa1ed41aff/.local/share/vulkan/icd.d", O_RDONLY|O_NONBLOCK|O_CLOEXEC|O_DIRECTORY) = -1 ENOENT (No such file or directory)
10545 openat(AT_FDCWD, "/usr/local/share/vulkan/icd.d", O_RDONLY|O_NONBLOCK|O_CLOEXEC|O_DIRECTORY) = -1 ENOENT (No such file or directory)
10545 openat(AT_FDCWD, "/usr/share/vulkan/icd.d", O_RDONLY|O_NONBLOCK|O_CLOEXEC|O_DIRECTORY) = -1 ENOENT (No such file or directory)
10545 openat(AT_FDCWD, "/home/runner/work/deckrender-acceptance/deckrender-acceptance/benchmark/artifacts/acceptance/private/sandboxes/f2d0ead1671bca07b7bae471906b296bf75cb7245dc7dbbdf3a71dfa1ed41aff/config/vulkan/implicit_layer.d", O_RDONLY|O_NONBLOCK|O_CLOEXEC|O_DIRECTORY) = -1 ENOENT (No such file or directory)
10545 openat(AT_FDCWD, "/etc/xdg/vulkan/implicit_layer.d", O_RDONLY|O_NONBLOCK|O_CLOEXEC|O_DIRECTORY) = -1 ENOENT (No such file or directory)
10545 openat(AT_FDCWD, "/etc/vulkan/implicit_layer.d", O_RDONLY|O_NONBLOCK|O_CLOEXEC|O_DIRECTORY) = 16
10545 openat(AT_FDCWD, "/home/runner/work/deckrender-acceptance/deckrender-acceptance/benchmark/artifacts/acceptance/private/sandboxes/f2d0ead1671bca07b7bae471906b296bf75cb7245dc7dbbdf3a71dfa1ed41aff/.local/share/vulkan/implicit_layer.d", O_RDONLY|O_NONBLOCK|O_CLOEXEC|O_DIRECTORY) = -1 ENOENT (No such file or directory)
10545 openat(AT_FDCWD, "/usr/local/share/vulkan/implicit_layer.d", O_RDONLY|O_NONBLOCK|O_CLOEXEC|O_DIRECTORY) = -1 ENOENT (No such file or directory)
10545 openat(AT_FDCWD, "/usr/share/vulkan/implicit_layer.d", O_RDONLY|O_NONBLOCK|O_CLOEXEC|O_DIRECTORY) = -1 ENOENT (No such file or directory)
10545 openat(AT_FDCWD, "/home/runner/work/deckrender-acceptance/deckrender-acceptance/benchmark/artifacts/acceptance/private/sandboxes/f2d0ead1671bca07b7bae471906b296bf75cb7245dc7dbbdf3a71dfa1ed41aff/config/vulkan/implicit_layer.d", O_RDONLY|O_NONBLOCK|O_CLOEXEC|O_DIRECTORY) = -1 ENOENT (No such file or directory)
10545 openat(AT_FDCWD, "/etc/xdg/vulkan/implicit_layer.d", O_RDONLY|O_NONBLOCK|O_CLOEXEC|O_DIRECTORY) = -1 ENOENT (No such file or directory)
10545 openat(AT_FDCWD, "/etc/vulkan/implicit_layer.d", O_RDONLY|O_NONBLOCK|O_CLOEXEC|O_DIRECTORY) = 16
10545 openat(AT_FDCWD, "/home/runner/work/deckrender-acceptance/deckrender-acceptance/benchmark/artifacts/acceptance/private/sandboxes/f2d0ead1671bca07b7bae471906b296bf75cb7245dc7dbbdf3a71dfa1ed41aff/.local/share/vulkan/implicit_layer.d", O_RDONLY|O_NONBLOCK|O_CLOEXEC|O_DIRECTORY) = -1 ENOENT (No such file or directory)
10545 openat(AT_FDCWD, "/usr/local/share/vulkan/implicit_layer.d", O_RDONLY|O_NONBLOCK|O_CLOEXEC|O_DIRECTORY) = -1 ENOENT (No such file or directory)
10545 openat(AT_FDCWD, "/usr/share/vulkan/implicit_layer.d", O_RDONLY|O_NONBLOCK|O_CLOEXEC|O_DIRECTORY) = -1 ENOENT (No such file or directory)
10545 openat(AT_FDCWD, "/home/runner/work/deckrender-acceptance/deckrender-acceptance/benchmark/artifacts/acceptance/private/sandboxes/f2d0ead1671bca07b7bae471906b296bf75cb7245dc7dbbdf3a71dfa1ed41aff/config/vulkan/icd.d", O_RDONLY|O_NONBLOCK|O_CLOEXEC|O_DIRECTORY) = -1 ENOENT (No such file or directory)
10545 openat(AT_FDCWD, "/etc/xdg/vulkan/icd.d", O_RDONLY|O_NONBLOCK|O_CLOEXEC|O_DIRECTORY) = -1 ENOENT (No such file or directory)
10545 openat(AT_FDCWD, "/etc/vulkan/icd.d", O_RDONLY|O_NONBLOCK|O_CLOEXEC|O_DIRECTORY) = 16
10545 openat(AT_FDCWD, "/home/runner/work/deckrender-acceptance/deckrender-acceptance/benchmark/artifacts/acceptance/private/sandboxes/f2d0ead1671bca07b7bae471906b296bf75cb7245dc7dbbdf3a71dfa1ed41aff/.local/share/vulkan/icd.d", O_RDONLY|O_NONBLOCK|O_CLOEXEC|O_DIRECTORY) = -1 ENOENT (No such file or directory)
10545 openat(AT_FDCWD, "/usr/local/share/vulkan/icd.d", O_RDONLY|O_NONBLOCK|O_CLOEXEC|O_DIRECTORY) = -1 ENOENT (No such file or directory)
10545 openat(AT_FDCWD, "/usr/share/vulkan/icd.d", O_RDONLY|O_NONBLOCK|O_CLOEXEC|O_DIRECTORY) = -1 ENOENT (No such file or directory)
10545 openat(AT_FDCWD, "/home/runner/work/deckrender-acceptance/deckrender-acceptance/benchmark/artifacts/acceptance/private/sandboxes/f2d0ead1671bca07b7bae471906b296bf75cb7245dc7dbbdf3a71dfa1ed41aff/config/vulkan/implicit_layer.d", O_RDONLY|O_NONBLOCK|O_CLOEXEC|O_DIRECTORY) = -1 ENOENT (No such file or directory)
10545 openat(AT_FDCWD, "/etc/xdg/vulkan/implicit_layer.d", O_RDONLY|O_NONBLOCK|O_CLOEXEC|O_DIRECTORY) = -1 ENOENT (No such file or directory)
10545 openat(AT_FDCWD, "/etc/vulkan/implicit_layer.d", O_RDONLY|O_NONBLOCK|O_CLOEXEC|O_DIRECTORY) = 16
10545 openat(AT_FDCWD, "/home/runner/work/deckrender-acceptance/deckrender-acceptance/benchmark/artifacts/acceptance/private/sandboxes/f2d0ead1671bca07b7bae471906b296bf75cb7245dc7dbbdf3a71dfa1ed41aff/.local/share/vulkan/implicit_layer.d", O_RDONLY|O_NONBLOCK|O_CLOEXEC|O_DIRECTORY) = -1 ENOENT (No such file or directory)
10545 openat(AT_FDCWD, "/usr/local/share/vulkan/implicit_layer.d", O_RDONLY|O_NONBLOCK|O_CLOEXEC|O_DIRECTORY) = -1 ENOENT (No such file or directory)
10545 openat(AT_FDCWD, "/usr/share/vulkan/implicit_layer.d", O_RDONLY|O_NONBLOCK|O_CLOEXEC|O_DIRECTORY) = -1 ENOENT (No such file or directory)
10529 openat(AT_FDCWD, "/usr/share/fontconfig/conf.avail/53-monospace-lcd-filter.conf", O_RDONLY|O_CLOEXEC <unfinished ...>
10545 openat(AT_FDCWD, "/home/runner/work/deckrender-acceptance/deckrender-acceptance/benchmark/artifacts/acceptance/private/sandboxes/f2d0ead1671bca07b7bae471906b296bf75cb7245dc7dbbdf3a71dfa1ed41aff/config/vulkan/implicit_layer.d", O_RDONLY|O_NONBLOCK|O_CLOEXEC|O_DIRECTORY <unfinished ...>
10529 <... openat resumed>)             = 36
10545 <... openat resumed>)             = -1 ENOENT (No such file or directory)
10545 openat(AT_FDCWD, "/etc/xdg/vulkan/implicit_layer.d", O_RDONLY|O_NONBLOCK|O_CLOEXEC|O_DIRECTORY) = -1 ENOENT (No such file or directory)
10545 openat(AT_FDCWD, "/etc/vulkan/implicit_layer.d", O_RDONLY|O_NONBLOCK|O_CLOEXEC|O_DIRECTORY) = 16
10545 openat(AT_FDCWD, "/home/runner/work/deckrender-acceptance/deckrender-acceptance/benchmark/artifacts/acceptance/private/sandboxes/f2d0ead1671bca07b7bae471906b296bf75cb7245dc7dbbdf3a71dfa1ed41aff/.local/share/vulkan/implicit_layer.d", O_RDONLY|O_NONBLOCK|O_CLOEXEC|O_DIRECTORY) = -1 ENOENT (No such file or directory)
10545 openat(AT_FDCWD, "/usr/local/share/vulkan/implicit_layer.d", O_RDONLY|O_NONBLOCK|O_CLOEXEC|O_DIRECTORY) = -1 ENOENT (No such file or directory)
10545 openat(AT_FDCWD, "/usr/share/vulkan/implicit_layer.d", O_RDONLY|O_NONBLOCK|O_CLOEXEC|O_DIRECTORY) = -1 ENOENT (No such file or directory)
10545 openat(AT_FDCWD, "/home/runner/work/deckrender-acceptance/deckrender-acceptance/benchmark/artifacts/acceptance/private/sandboxes/f2d0ead1671bca07b7bae471906b296bf75cb7245dc7dbbdf3a71dfa1ed41aff/config/vulkan/explicit_layer.d", O_RDONLY|O_NONBLOCK|O_CLOEXEC|O_DIRECTORY) = -1 ENOENT (No such file or directory)
10545 openat(AT_FDCWD, "/etc/xdg/vulkan/explicit_layer.d", O_RDONLY|O_NONBLOCK|O_CLOEXEC|O_DIRECTORY) = -1 ENOENT (No such file or directory)
10545 openat(AT_FDCWD, "/etc/vulkan/explicit_layer.d", O_RDONLY|O_NONBLOCK|O_CLOEXEC|O_DIRECTORY) = 16
10529 openat(AT_FDCWD, "/usr/share/fontconfig/conf.avail/65-khmer.conf", O_RDONLY|O_CLOEXEC <unfinished ...>
10545 openat(AT_FDCWD, "/home/runner/work/deckrender-acceptance/deckrender-acceptance/benchmark/artifacts/acceptance/private/sandboxes/f2d0ead1671bca07b7bae471906b296bf75cb7245dc7dbbdf3a71dfa1ed41aff/.local/share/vulkan/explicit_layer.d", O_RDONLY|O_NONBLOCK|O_CLOEXEC|O_DIRECTORY <unfinished ...>
10529 <... openat resumed>)             = 36
10545 <... openat resumed>)             = -1 ENOENT (No such file or directory)
10545 openat(AT_FDCWD, "/usr/local/share/vulkan/explicit_layer.d", O_RDONLY|O_NONBLOCK|O_CLOEXEC|O_DIRECTORY) = -1 ENOENT (No such file or directory)
10545 openat(AT_FDCWD, "/usr/share/vulkan/explicit_layer.d", O_RDONLY|O_NONBLOCK|O_CLOEXEC|O_DIRECTORY) = -1 ENOENT (No such file or directory)
10545 openat(AT_FDCWD, "/home/runner/work/deckrender-acceptance/deckrender-acceptance/benchmark/artifacts/acceptance/private/sandboxes/f2d0ead1671bca07b7bae471906b296bf75cb7245dc7dbbdf3a71dfa1ed41aff/config/vulkan/icd.d", O_RDONLY|O_NONBLOCK|O_CLOEXEC|O_DIRECTORY) = -1 ENOENT (No such file or directory)
10545 openat(AT_FDCWD, "/etc/xdg/vulkan/icd.d", O_RDONLY|O_NONBLOCK|O_CLOEXEC|O_DIRECTORY) = -1 ENOENT (No such file or directory)
10545 openat(AT_FDCWD, "/etc/vulkan/icd.d", O_RDONLY|O_NONBLOCK|O_CLOEXEC|O_DIRECTORY) = 16
10545 openat(AT_FDCWD, "/home/runner/work/deckrender-acceptance/deckrender-acceptance/benchmark/artifacts/acceptance/private/sandboxes/f2d0ead1671bca07b7bae471906b296bf75cb7245dc7dbbdf3a71dfa1ed41aff/.local/share/vulkan/icd.d", O_RDONLY|O_NONBLOCK|O_CLOEXEC|O_DIRECTORY) = -1 ENOENT (No such file or directory)
10545 openat(AT_FDCWD, "/usr/local/share/vulkan/icd.d", O_RDONLY|O_NONBLOCK|O_CLOEXEC|O_DIRECTORY) = -1 ENOENT (No such file or directory)
10545 openat(AT_FDCWD, "/usr/share/vulkan/icd.d", O_RDONLY|O_NONBLOCK|O_CLOEXEC|O_DIRECTORY) = -1 ENOENT (No such file or directory)
10529 openat(AT_FDCWD, "/usr/share/fontconfig/conf.avail/70-force-bitmaps.conf", O_RDONLY|O_CLOEXEC) = 36
10529 openat(AT_FDCWD, "/usr/share/fontconfig/conf.avail/70-no-bitmaps-and-emoji.conf", O_RDONLY|O_CLOEXEC) = 36
10545 openat(AT_FDCWD, "/opt/google/chrome/libvulkan.so", O_RDONLY|O_CLOEXEC) = -1 ENOENT (No such file or directory)
10529 openat(AT_FDCWD, "/usr/share/fontconfig/conf.avail/70-no-bitmaps.conf", O_RDONLY|O_CLOEXEC) = 36
10545 openat(AT_FDCWD, "/opt/google/chrome/libvulkan.so.1", O_RDONLY|O_CLOEXEC) = 16
10529 openat(AT_FDCWD, "/usr/share/fontconfig/conf.avail/70-yes-bitmaps.conf", O_RDONLY|O_CLOEXEC) = 36
10529 openat(AT_FDCWD, "/usr/local/share/fonts", O_RDONLY|O_CLOEXEC) = 33
10529 openat(AT_FDCWD, "/var/cache/fontconfig/4c599c202bc5c08e2d34565a40eac3b2-le64.cache-11", O_RDONLY|O_CLOEXEC) = -1 ENOENT (No such file or directory)
10529 openat(AT_FDCWD, "/usr/local/share/fonts/.uuid", O_RDONLY|O_CLOEXEC) = -1 ENOENT (No such file or directory)
10545 openat(AT_FDCWD, "/home/runner/work/deckrender-acceptance/deckrender-acceptance/benchmark/artifacts/acceptance/private/sandboxes/f2d0ead1671bca07b7bae471906b296bf75cb7245dc7dbbdf3a71dfa1ed41aff/config/vulkan/implicit_layer.d", O_RDONLY|O_NONBLOCK|O_CLOEXEC|O_DIRECTORY <unfinished ...>
10529 openat(AT_FDCWD, "/home/runner/work/deckrender-acceptance/deckrender-acceptance/benchmark/artifacts/acceptance/private/sandboxes/f2d0ead1671bca07b7bae471906b296bf75cb7245dc7dbbdf3a71dfa1ed41aff/.cache/fontconfig/4c599c202bc5c08e2d34565a40eac3b2-le64.cache-11", O_RDONLY|O_CLOEXEC <unfinished ...>
10545 <... openat resumed>)             = -1 ENOENT (No such file or directory)
10529 <... openat resumed>)             = -1 ENOENT (No such file or directory)
10545 openat(AT_FDCWD, "/etc/xdg/vulkan/implicit_layer.d", O_RDONLY|O_NONBLOCK|O_CLOEXEC|O_DIRECTORY) = -1 ENOENT (No such file or directory)
10529 openat(AT_FDCWD, "/usr/local/share/fonts/.uuid", O_RDONLY|O_CLOEXEC <unfinished ...>
10545 openat(AT_FDCWD, "/etc/vulkan/implicit_layer.d", O_RDONLY|O_NONBLOCK|O_CLOEXEC|O_DIRECTORY <unfinished ...>
10529 <... openat resumed>)             = -1 ENOENT (No such file or directory)
10545 <... openat resumed>)             = 16
10529 openat(AT_FDCWD, "/home/runner/work/deckrender-acceptance/deckrender-acceptance/benchmark/artifacts/acceptance/private/sandboxes/f2d0ead1671bca07b7bae471906b296bf75cb7245dc7dbbdf3a71dfa1ed41aff/.fontconfig/4c599c202bc5c08e2d34565a40eac3b2-le64.cache-11", O_RDONLY|O_CLOEXEC) = -1 ENOENT (No such file or directory)
10529 openat(AT_FDCWD, "/usr/local/share/fonts/.uuid", O_RDONLY|O_CLOEXEC) = -1 ENOENT (No such file or directory)
10545 openat(AT_FDCWD, "/home/runner/work/deckrender-acceptance/deckrender-acceptance/benchmark/artifacts/acceptance/private/sandboxes/f2d0ead1671bca07b7bae471906b296bf75cb7245dc7dbbdf3a71dfa1ed41aff/.local/share/vulkan/implicit_layer.d", O_RDONLY|O_NONBLOCK|O_CLOEXEC|O_DIRECTORY) = -1 ENOENT (No such file or directory)
10529 openat(AT_FDCWD, "/usr/local/share/fonts", O_RDONLY|O_CLOEXEC <unfinished ...>
10545 openat(AT_FDCWD, "/usr/local/share/vulkan/implicit_layer.d", O_RDONLY|O_NONBLOCK|O_CLOEXEC|O_DIRECTORY <unfinished ...>
10529 <... openat resumed>)             = 33
10545 <... openat resumed>)             = -1 ENOENT (No such file or directory)
10545 openat(AT_FDCWD, "/usr/share/vulkan/implicit_layer.d", O_RDONLY|O_NONBLOCK|O_CLOEXEC|O_DIRECTORY) = -1 ENOENT (No such file or directory)
10529 openat(AT_FDCWD, "/var/cache/fontconfig/4c599c202bc5c08e2d34565a40eac3b2-le64.cache-11", O_RDWR|O_CLOEXEC) = -1 ENOENT (No such file or directory)
10529 openat(AT_FDCWD, "/home/runner/work/deckrender-acceptance/deckrender-acceptance/benchmark/artifacts/acceptance/private/sandboxes/f2d0ead1671bca07b7bae471906b296bf75cb7245dc7dbbdf3a71dfa1ed41aff/.cache/fontconfig/4c599c202bc5c08e2d34565a40eac3b2-le64.cache-11", O_RDWR|O_CLOEXEC) = -1 ENOENT (No such file or directory)
10529 openat(AT_FDCWD, "/home/runner/work/deckrender-acceptance/deckrender-acceptance/benchmark/artifacts/acceptance/private/sandboxes/f2d0ead1671bca07b7bae471906b296bf75cb7245dc7dbbdf3a71dfa1ed41aff/.fontconfig/4c599c202bc5c08e2d34565a40eac3b2-le64.cache-11", O_RDWR|O_CLOEXEC) = -1 ENOENT (No such file or directory)
10529 openat(AT_FDCWD, "/usr/local/share/fonts", O_RDONLY|O_NONBLOCK|O_CLOEXEC|O_DIRECTORY) = 33
10545 openat(AT_FDCWD, "/home/runner/work/deckrender-acceptance/deckrender-acceptance/benchmark/artifacts/acceptance/private/sandboxes/f2d0ead1671bca07b7bae471906b296bf75cb7245dc7dbbdf3a71dfa1ed41aff/config/vulkan/implicit_layer.d", O_RDONLY|O_NONBLOCK|O_CLOEXEC|O_DIRECTORY) = -1 ENOENT (No such file or directory)
10545 openat(AT_FDCWD, "/etc/xdg/vulkan/implicit_layer.d", O_RDONLY|O_NONBLOCK|O_CLOEXEC|O_DIRECTORY) = -1 ENOENT (No such file or directory)
10545 openat(AT_FDCWD, "/etc/vulkan/implicit_layer.d", O_RDONLY|O_NONBLOCK|O_CLOEXEC|O_DIRECTORY) = 16
10545 openat(AT_FDCWD, "/home/runner/work/deckrender-acceptance/deckrender-acceptance/benchmark/artifacts/acceptance/private/sandboxes/f2d0ead1671bca07b7bae471906b296bf75cb7245dc7dbbdf3a71dfa1ed41aff/.local/share/vulkan/implicit_layer.d", O_RDONLY|O_NONBLOCK|O_CLOEXEC|O_DIRECTORY) = -1 ENOENT (No such file or directory)
10545 openat(AT_FDCWD, "/usr/local/share/vulkan/implicit_layer.d", O_RDONLY|O_NONBLOCK|O_CLOEXEC|O_DIRECTORY) = -1 ENOENT (No such file or directory)
10545 openat(AT_FDCWD, "/usr/share/vulkan/implicit_layer.d", O_RDONLY|O_NONBLOCK|O_CLOEXEC|O_DIRECTORY) = -1 ENOENT (No such file or directory)
10545 openat(AT_FDCWD, "/home/runner/work/deckrender-acceptance/deckrender-acceptance/benchmark/artifacts/acceptance/private/sandboxes/f2d0ead1671bca07b7bae471906b296bf75cb7245dc7dbbdf3a71dfa1ed41aff/config/vulkan/implicit_layer.d", O_RDONLY|O_NONBLOCK|O_CLOEXEC|O_DIRECTORY) = -1 ENOENT (No such file or directory)
10545 openat(AT_FDCWD, "/etc/xdg/vulkan/implicit_layer.d", O_RDONLY|O_NONBLOCK|O_CLOEXEC|O_DIRECTORY) = -1 ENOENT (No such file or directory)
10529 openat(AT_FDCWD, "/home/runner/work/deckrender-acceptance/deckrender-acceptance/benchmark/artifacts/acceptance/private/sandboxes/f2d0ead1671bca07b7bae471906b296bf75cb7245dc7dbbdf3a71dfa1ed41aff/.cache/fontconfig/CACHEDIR.TAG.TMP-5YEEOT", O_RDWR|O_CREAT|O_EXCL, 0600 <unfinished ...>
10545 openat(AT_FDCWD, "/etc/vulkan/implicit_layer.d", O_RDONLY|O_NONBLOCK|O_CLOEXEC|O_DIRECTORY) = 16
10529 <... openat resumed>)             = 33
10545 openat(AT_FDCWD, "/home/runner/work/deckrender-acceptance/deckrender-acceptance/benchmark/artifacts/acceptance/private/sandboxes/f2d0ead1671bca07b7bae471906b296bf75cb7245dc7dbbdf3a71dfa1ed41aff/.local/share/vulkan/implicit_layer.d", O_RDONLY|O_NONBLOCK|O_CLOEXEC|O_DIRECTORY) = -1 ENOENT (No such file or directory)
10545 openat(AT_FDCWD, "/usr/local/share/vulkan/implicit_layer.d", O_RDONLY|O_NONBLOCK|O_CLOEXEC|O_DIRECTORY) = -1 ENOENT (No such file or directory)
10545 openat(AT_FDCWD, "/usr/share/vulkan/implicit_layer.d", O_RDONLY|O_NONBLOCK|O_CLOEXEC|O_DIRECTORY) = -1 ENOENT (No such file or directory)
10545 openat(AT_FDCWD, "/home/runner/work/deckrender-acceptance/deckrender-acceptance/benchmark/artifacts/acceptance/private/sandboxes/f2d0ead1671bca07b7bae471906b296bf75cb7245dc7dbbdf3a71dfa1ed41aff/config/vulkan/explicit_layer.d", O_RDONLY|O_NONBLOCK|O_CLOEXEC|O_DIRECTORY) = -1 ENOENT (No such file or directory)
10545 openat(AT_FDCWD, "/etc/xdg/vulkan/explicit_layer.d", O_RDONLY|O_NONBLOCK|O_CLOEXEC|O_DIRECTORY <unfinished ...>
10529 openat(AT_FDCWD, "/home/runner/work/deckrender-acceptance/deckrender-acceptance/benchmark/artifacts/acceptance/private/sandboxes/f2d0ead1671bca07b7bae471906b296bf75cb7245dc7dbbdf3a71dfa1ed41aff/.cache/fontconfig/CACHEDIR.TAG.NEW", O_RDWR|O_CREAT|O_CLOEXEC, 0644 <unfinished ...>
10545 <... openat resumed>)             = -1 ENOENT (No such file or directory)
10545 openat(AT_FDCWD, "/etc/vulkan/explicit_layer.d", O_RDONLY|O_NONBLOCK|O_CLOEXEC|O_DIRECTORY <unfinished ...>
10529 <... openat resumed>)             = 33
10545 <... openat resumed>)             = 16
10545 openat(AT_FDCWD, "/home/runner/work/deckrender-acceptance/deckrender-acceptance/benchmark/artifacts/acceptance/private/sandboxes/f2d0ead1671bca07b7bae471906b296bf75cb7245dc7dbbdf3a71dfa1ed41aff/.local/share/vulkan/explicit_layer.d", O_RDONLY|O_NONBLOCK|O_CLOEXEC|O_DIRECTORY) = -1 ENOENT (No such file or directory)
10545 openat(AT_FDCWD, "/usr/local/share/vulkan/explicit_layer.d", O_RDONLY|O_NONBLOCK|O_CLOEXEC|O_DIRECTORY) = -1 ENOENT (No such file or directory)
10529 openat(AT_FDCWD, "/home/runner/work/deckrender-acceptance/deckrender-acceptance/benchmark/artifacts/acceptance/private/sandboxes/f2d0ead1671bca07b7bae471906b296bf75cb7245dc7dbbdf3a71dfa1ed41aff/.cache/fontconfig/4c599c202bc5c08e2d34565a40eac3b2-le64.cache-11.TMP-MSroC2", O_RDWR|O_CREAT|O_EXCL, 0600 <unfinished ...>
10545 openat(AT_FDCWD, "/usr/share/vulkan/explicit_layer.d", O_RDONLY|O_NONBLOCK|O_CLOEXEC|O_DIRECTORY) = -1 ENOENT (No such file or directory)
10529 <... openat resumed>)             = 33
10545 openat(AT_FDCWD, "/home/runner/work/deckrender-acceptance/deckrender-acceptance/benchmark/artifacts/acceptance/private/sandboxes/f2d0ead1671bca07b7bae471906b296bf75cb7245dc7dbbdf3a71dfa1ed41aff/config/vulkan/implicit_layer.d", O_RDONLY|O_NONBLOCK|O_CLOEXEC|O_DIRECTORY) = -1 ENOENT (No such file or directory)
10545 openat(AT_FDCWD, "/etc/xdg/vulkan/implicit_layer.d", O_RDONLY|O_NONBLOCK|O_CLOEXEC|O_DIRECTORY) = -1 ENOENT (No such file or directory)
10545 openat(AT_FDCWD, "/etc/vulkan/implicit_layer.d", O_RDONLY|O_NONBLOCK|O_CLOEXEC|O_DIRECTORY) = 16
10529 openat(AT_FDCWD, "/home/runner/work/deckrender-acceptance/deckrender-acceptance/benchmark/artifacts/acceptance/private/sandboxes/f2d0ead1671bca07b7bae471906b296bf75cb7245dc7dbbdf3a71dfa1ed41aff/.cache/fontconfig/4c599c202bc5c08e2d34565a40eac3b2-le64.cache-11.NEW", O_RDWR|O_CREAT|O_CLOEXEC, 0666) = 33
10545 openat(AT_FDCWD, "/home/runner/work/deckrender-acceptance/deckrender-acceptance/benchmark/artifacts/acceptance/private/sandboxes/f2d0ead1671bca07b7bae471906b296bf75cb7245dc7dbbdf3a71dfa1ed41aff/.local/share/vulkan/implicit_layer.d", O_RDONLY|O_NONBLOCK|O_CLOEXEC|O_DIRECTORY) = -1 ENOENT (No such file or directory)
10545 openat(AT_FDCWD, "/usr/local/share/vulkan/implicit_layer.d", O_RDONLY|O_NONBLOCK|O_CLOEXEC|O_DIRECTORY) = -1 ENOENT (No such file or directory)
10545 openat(AT_FDCWD, "/usr/share/vulkan/implicit_layer.d", O_RDONLY|O_NONBLOCK|O_CLOEXEC|O_DIRECTORY) = -1 ENOENT (No such file or directory)
10529 openat(AT_FDCWD, "/usr/share/fonts", O_RDONLY|O_CLOEXEC) = 33
10529 openat(AT_FDCWD, "/var/cache/fontconfig/3830d5c3ddfd5cd38a049b759396e72e-le64.cache-11", O_RDONLY|O_CLOEXEC) = -1 ENOENT (No such file or directory)
10529 openat(AT_FDCWD, "/usr/share/fonts/.uuid", O_RDONLY|O_CLOEXEC <unfinished ...>
10545 openat(AT_FDCWD, "/home/runner/work/deckrender-acceptance/deckrender-acceptance/benchmark/artifacts/acceptance/private/sandboxes/f2d0ead1671bca07b7bae471906b296bf75cb7245dc7dbbdf3a71dfa1ed41aff/config/vulkan/implicit_layer.d", O_RDONLY|O_NONBLOCK|O_CLOEXEC|O_DIRECTORY <unfinished ...>
10529 <... openat resumed>)             = -1 ENOENT (No such file or directory)
10545 <... openat resumed>)             = -1 ENOENT (No such file or directory)
10529 openat(AT_FDCWD, "/home/runner/work/deckrender-acceptance/deckrender-acceptance/benchmark/artifacts/acceptance/private/sandboxes/f2d0ead1671bca07b7bae471906b296bf75cb7245dc7dbbdf3a71dfa1ed41aff/.cache/fontconfig/3830d5c3ddfd5cd38a049b759396e72e-le64.cache-11", O_RDONLY|O_CLOEXEC <unfinished ...>
10545 openat(AT_FDCWD, "/etc/xdg/vulkan/implicit_layer.d", O_RDONLY|O_NONBLOCK|O_CLOEXEC|O_DIRECTORY) = -1 ENOENT (No such file or directory)
10529 <... openat resumed>)             = -1 ENOENT (No such file or directory)
10545 openat(AT_FDCWD, "/etc/vulkan/implicit_layer.d", O_RDONLY|O_NONBLOCK|O_CLOEXEC|O_DIRECTORY <unfinished ...>
10529 openat(AT_FDCWD, "/usr/share/fonts/.uuid", O_RDONLY|O_CLOEXEC <unfinished ...>
10545 <... openat resumed>)             = 16
10529 <... openat resumed>)             = -1 ENOENT (No such file or directory)
10529 openat(AT_FDCWD, "/home/runner/work/deckrender-acceptance/deckrender-acceptance/benchmark/artifacts/acceptance/private/sandboxes/f2d0ead1671bca07b7bae471906b296bf75cb7245dc7dbbdf3a71dfa1ed41aff/.fontconfig/3830d5c3ddfd5cd38a049b759396e72e-le64.cache-11", O_RDONLY|O_CLOEXEC) = -1 ENOENT (No such file or directory)
10529 openat(AT_FDCWD, "/usr/share/fonts/.uuid", O_RDONLY|O_CLOEXEC) = -1 ENOENT (No such file or directory)
10529 openat(AT_FDCWD, "/usr/share/fonts", O_RDONLY|O_CLOEXEC <unfinished ...>
10545 openat(AT_FDCWD, "/home/runner/work/deckrender-acceptance/deckrender-acceptance/benchmark/artifacts/acceptance/private/sandboxes/f2d0ead1671bca07b7bae471906b296bf75cb7245dc7dbbdf3a71dfa1ed41aff/.local/share/vulkan/implicit_layer.d", O_RDONLY|O_NONBLOCK|O_CLOEXEC|O_DIRECTORY <unfinished ...>
10529 <... openat resumed>)             = 33
10545 <... openat resumed>)             = -1 ENOENT (No such file or directory)
10545 openat(AT_FDCWD, "/usr/local/share/vulkan/implicit_layer.d", O_RDONLY|O_NONBLOCK|O_CLOEXEC|O_DIRECTORY) = -1 ENOENT (No such file or directory)
10545 openat(AT_FDCWD, "/usr/share/vulkan/implicit_layer.d", O_RDONLY|O_NONBLOCK|O_CLOEXEC|O_DIRECTORY) = -1 ENOENT (No such file or directory)
10529 openat(AT_FDCWD, "/var/cache/fontconfig/3830d5c3ddfd5cd38a049b759396e72e-le64.cache-11", O_RDWR|O_CLOEXEC) = -1 ENOENT (No such file or directory)
10529 openat(AT_FDCWD, "/home/runner/work/deckrender-acceptance/deckrender-acceptance/benchmark/artifacts/acceptance/private/sandboxes/f2d0ead1671bca07b7bae471906b296bf75cb7245dc7dbbdf3a71dfa1ed41aff/.cache/fontconfig/3830d5c3ddfd5cd38a049b759396e72e-le64.cache-11", O_RDWR|O_CLOEXEC <unfinished ...>
10545 openat(AT_FDCWD, "/opt/google/chrome/./vk_swiftshader_icd.json", O_RDONLY <unfinished ...>
10529 <... openat resumed>)             = -1 ENOENT (No such file or directory)
10545 <... openat resumed>)             = 16
10529 openat(AT_FDCWD, "/home/runner/work/deckrender-acceptance/deckrender-acceptance/benchmark/artifacts/acceptance/private/sandboxes/f2d0ead1671bca07b7bae471906b296bf75cb7245dc7dbbdf3a71dfa1ed41aff/.fontconfig/3830d5c3ddfd5cd38a049b759396e72e-le64.cache-11", O_RDWR|O_CLOEXEC) = -1 ENOENT (No such file or directory)
10529 openat(AT_FDCWD, "/usr/share/fonts", O_RDONLY|O_NONBLOCK|O_CLOEXEC|O_DIRECTORY) = 33
10545 openat(AT_FDCWD, "/opt/google/chrome/././libvk_swiftshader.so", O_RDONLY|O_CLOEXEC) = 16
10529 openat(AT_FDCWD, "/home/runner/work/deckrender-acceptance/deckrender-acceptance/benchmark/artifacts/acceptance/private/sandboxes/f2d0ead1671bca07b7bae471906b296bf75cb7245dc7dbbdf3a71dfa1ed41aff/.cache/fontconfig/3830d5c3ddfd5cd38a049b759396e72e-le64.cache-11.TMP-EHpyHI", O_RDWR|O_CREAT|O_EXCL, 0600) = 33
10529 openat(AT_FDCWD, "/home/runner/work/deckrender-acceptance/deckrender-acceptance/benchmark/artifacts/acceptance/private/sandboxes/f2d0ead1671bca07b7bae471906b296bf75cb7245dc7dbbdf3a71dfa1ed41aff/.cache/fontconfig/3830d5c3ddfd5cd38a049b759396e72e-le64.cache-11.NEW", O_RDWR|O_CREAT|O_CLOEXEC, 0666) = 33
10545 openat(AT_FDCWD, "/opt/google/chrome/./vk_swiftshader_icd.json", O_RDONLY) = 16
10545 openat(AT_FDCWD, "/opt/hostedtoolcache/Python/3.12.14/x64/lib/libwayland-client.so.0", O_RDONLY|O_CLOEXEC) = -1 ENOENT (No such file or directory)
10545 openat(AT_FDCWD, "/etc/ld.so.cache", O_RDONLY|O_CLOEXEC <unfinished ...>
10529 openat(AT_FDCWD, "/usr/share/fonts/opentype", O_RDONLY|O_CLOEXEC <unfinished ...>
10545 <... openat resumed>)             = 16
10529 <... openat resumed>)             = 33
10529 openat(AT_FDCWD, "/var/cache/fontconfig/573ec803664ed168555e0e8b6d0f0c7f-le64.cache-11", O_RDONLY|O_CLOEXEC) = -1 ENOENT (No such file or directory)
10545 openat(AT_FDCWD, "/lib/x86_64-linux-gnu/libwayland-client.so.0", O_RDONLY|O_CLOEXEC <unfinished ...>
10529 openat(AT_FDCWD, "/usr/share/fonts/opentype/.uuid", O_RDONLY|O_CLOEXEC <unfinished ...>
10545 <... openat resumed>)             = 16
10529 <... openat resumed>)             = -1 ENOENT (No such file or directory)
10529 openat(AT_FDCWD, "/home/runner/work/deckrender-acceptance/deckrender-acceptance/benchmark/artifacts/acceptance/private/sandboxes/f2d0ead1671bca07b7bae471906b296bf75cb7245dc7dbbdf3a71dfa1ed41aff/.cache/fontconfig/573ec803664ed168555e0e8b6d0f0c7f-le64.cache-11", O_RDONLY|O_CLOEXEC) = -1 ENOENT (No such file or directory)
10529 openat(AT_FDCWD, "/usr/share/fonts/opentype/.uuid", O_RDONLY|O_CLOEXEC) = -1 ENOENT (No such file or directory)
10529 openat(AT_FDCWD, "/home/runner/work/deckrender-acceptance/deckrender-acceptance/benchmark/artifacts/acceptance/private/sandboxes/f2d0ead1671bca07b7bae471906b296bf75cb7245dc7dbbdf3a71dfa1ed41aff/.fontconfig/573ec803664ed168555e0e8b6d0f0c7f-le64.cache-11", O_RDONLY|O_CLOEXEC) = -1 ENOENT (No such file or directory)
10529 openat(AT_FDCWD, "/usr/share/fonts/opentype/.uuid", O_RDONLY|O_CLOEXEC) = -1 ENOENT (No such file or directory)
10529 openat(AT_FDCWD, "/usr/share/fonts/opentype", O_RDONLY|O_CLOEXEC) = 33
10545 openat(AT_FDCWD, "/home/runner/work/deckrender-acceptance/deckrender-acceptance/benchmark/artifacts/acceptance/private/sandboxes/f2d0ead1671bca07b7bae471906b296bf75cb7245dc7dbbdf3a71dfa1ed41aff/config/vulkan/implicit_layer.d", O_RDONLY|O_NONBLOCK|O_CLOEXEC|O_DIRECTORY) = -1 ENOENT (No such file or directory)
10545 openat(AT_FDCWD, "/etc/xdg/vulkan/implicit_layer.d", O_RDONLY|O_NONBLOCK|O_CLOEXEC|O_DIRECTORY) = -1 ENOENT (No such file or directory)
10545 openat(AT_FDCWD, "/etc/vulkan/implicit_layer.d", O_RDONLY|O_NONBLOCK|O_CLOEXEC|O_DIRECTORY <unfinished ...>
10529 openat(AT_FDCWD, "/var/cache/fontconfig/573ec803664ed168555e0e8b6d0f0c7f-le64.cache-11", O_RDWR|O_CLOEXEC <unfinished ...>
10545 <... openat resumed>)             = 16
10529 <... openat resumed>)             = -1 ENOENT (No such file or directory)
10529 openat(AT_FDCWD, "/home/runner/work/deckrender-acceptance/deckrender-acceptance/benchmark/artifacts/acceptance/private/sandboxes/f2d0ead1671bca07b7bae471906b296bf75cb7245dc7dbbdf3a71dfa1ed41aff/.cache/fontconfig/573ec803664ed168555e0e8b6d0f0c7f-le64.cache-11", O_RDWR|O_CLOEXEC) = -1 ENOENT (No such file or directory)
10529 openat(AT_FDCWD, "/home/runner/work/deckrender-acceptance/deckrender-acceptance/benchmark/artifacts/acceptance/private/sandboxes/f2d0ead1671bca07b7bae471906b296bf75cb7245dc7dbbdf3a71dfa1ed41aff/.fontconfig/573ec803664ed168555e0e8b6d0f0c7f-le64.cache-11", O_RDWR|O_CLOEXEC) = -1 ENOENT (No such file or directory)
10529 openat(AT_FDCWD, "/usr/share/fonts/opentype", O_RDONLY|O_NONBLOCK|O_CLOEXEC|O_DIRECTORY) = 33
10545 openat(AT_FDCWD, "/home/runner/work/deckrender-acceptance/deckrender-acceptance/benchmark/artifacts/acceptance/private/sandboxes/f2d0ead1671bca07b7bae471906b296bf75cb7245dc7dbbdf3a71dfa1ed41aff/.local/share/vulkan/implicit_layer.d", O_RDONLY|O_NONBLOCK|O_CLOEXEC|O_DIRECTORY) = -1 ENOENT (No such file or directory)
10545 openat(AT_FDCWD, "/usr/local/share/vulkan/implicit_layer.d", O_RDONLY|O_NONBLOCK|O_CLOEXEC|O_DIRECTORY) = -1 ENOENT (No such file or directory)
10545 openat(AT_FDCWD, "/usr/share/vulkan/implicit_layer.d", O_RDONLY|O_NONBLOCK|O_CLOEXEC|O_DIRECTORY) = -1 ENOENT (No such file or directory)
10529 openat(AT_FDCWD, "/home/runner/work/deckrender-acceptance/deckrender-acceptance/benchmark/artifacts/acceptance/private/sandboxes/f2d0ead1671bca07b7bae471906b296bf75cb7245dc7dbbdf3a71dfa1ed41aff/.cache/fontconfig/573ec803664ed168555e0e8b6d0f0c7f-le64.cache-11.TMP-xmuAly", O_RDWR|O_CREAT|O_EXCL, 0600) = 33
10545 openat(AT_FDCWD, "/home/runner/work/deckrender-acceptance/deckrender-acceptance/benchmark/artifacts/acceptance/private/sandboxes/f2d0ead1671bca07b7bae471906b296bf75cb7245dc7dbbdf3a71dfa1ed41aff/config/vulkan/implicit_layer.d", O_RDONLY|O_NONBLOCK|O_CLOEXEC|O_DIRECTORY) = -1 ENOENT (No such file or directory)
10545 openat(AT_FDCWD, "/etc/xdg/vulkan/implicit_layer.d", O_RDONLY|O_NONBLOCK|O_CLOEXEC|O_DIRECTORY) = -1 ENOENT (No such file or directory)
10545 openat(AT_FDCWD, "/etc/vulkan/implicit_layer.d", O_RDONLY|O_NONBLOCK|O_CLOEXEC|O_DIRECTORY) = 16
10545 openat(AT_FDCWD, "/home/runner/work/deckrender-acceptance/deckrender-acceptance/benchmark/artifacts/acceptance/private/sandboxes/f2d0ead1671bca07b7bae471906b296bf75cb7245dc7dbbdf3a71dfa1ed41aff/.local/share/vulkan/implicit_layer.d", O_RDONLY|O_NONBLOCK|O_CLOEXEC|O_DIRECTORY) = -1 ENOENT (No such file or directory)
10529 openat(AT_FDCWD, "/home/runner/work/deckrender-acceptance/deckrender-acceptance/benchmark/artifacts/acceptance/private/sandboxes/f2d0ead1671bca07b7bae471906b296bf75cb7245dc7dbbdf3a71dfa1ed41aff/.cache/fontconfig/573ec803664ed168555e0e8b6d0f0c7f-le64.cache-11.NEW", O_RDWR|O_CREAT|O_CLOEXEC, 0666 <unfinished ...>
10545 openat(AT_FDCWD, "/usr/local/share/vulkan/implicit_layer.d", O_RDONLY|O_NONBLOCK|O_CLOEXEC|O_DIRECTORY) = -1 ENOENT (No such file or directory)
10529 <... openat resumed>)             = 33
10545 openat(AT_FDCWD, "/usr/share/vulkan/implicit_layer.d", O_RDONLY|O_NONBLOCK|O_CLOEXEC|O_DIRECTORY) = -1 ENOENT (No such file or directory)
10545 openat(AT_FDCWD, "/opt/google/chrome/./vk_swiftshader_icd.json", O_RDONLY) = 16
10545 openat(AT_FDCWD, "/home/runner/work/deckrender-acceptance/deckrender-acceptance/benchmark/artifacts/acceptance/private/sandboxes/f2d0ead1671bca07b7bae471906b296bf75cb7245dc7dbbdf3a71dfa1ed41aff/config/vulkan/implicit_layer.d", O_RDONLY|O_NONBLOCK|O_CLOEXEC|O_DIRECTORY) = -1 ENOENT (No such file or directory)
10529 openat(AT_FDCWD, "/usr/share/fonts/truetype", O_RDONLY|O_CLOEXEC <unfinished ...>
10545 openat(AT_FDCWD, "/etc/xdg/vulkan/implicit_layer.d", O_RDONLY|O_NONBLOCK|O_CLOEXEC|O_DIRECTORY <unfinished ...>
10529 <... openat resumed>)             = 33
10545 <... openat resumed>)             = -1 ENOENT (No such file or directory)
10545 openat(AT_FDCWD, "/etc/vulkan/implicit_layer.d", O_RDONLY|O_NONBLOCK|O_CLOEXEC|O_DIRECTORY) = 16
10529 openat(AT_FDCWD, "/var/cache/fontconfig/7ef2298fde41cc6eeb7af42e48b7d293-le64.cache-11", O_RDONLY|O_CLOEXEC) = -1 ENOENT (No such file or directory)
10529 openat(AT_FDCWD, "/usr/share/fonts/truetype/.uuid", O_RDONLY|O_CLOEXEC) = -1 ENOENT (No such file or directory)
10529 openat(AT_FDCWD, "/home/runner/work/deckrender-acceptance/deckrender-acceptance/benchmark/artifacts/acceptance/private/sandboxes/f2d0ead1671bca07b7bae471906b296bf75cb7245dc7dbbdf3a71dfa1ed41aff/.cache/fontconfig/7ef2298fde41cc6eeb7af42e48b7d293-le64.cache-11", O_RDONLY|O_CLOEXEC) = -1 ENOENT (No such file or directory)
10529 openat(AT_FDCWD, "/usr/share/fonts/truetype/.uuid", O_RDONLY|O_CLOEXEC) = -1 ENOENT (No such file or directory)
10545 openat(AT_FDCWD, "/home/runner/work/deckrender-acceptance/deckrender-acceptance/benchmark/artifacts/acceptance/private/sandboxes/f2d0ead1671bca07b7bae471906b296bf75cb7245dc7dbbdf3a71dfa1ed41aff/.local/share/vulkan/implicit_layer.d", O_RDONLY|O_NONBLOCK|O_CLOEXEC|O_DIRECTORY <unfinished ...>
10529 openat(AT_FDCWD, "/home/runner/work/deckrender-acceptance/deckrender-acceptance/benchmark/artifacts/acceptance/private/sandboxes/f2d0ead1671bca07b7bae471906b296bf75cb7245dc7dbbdf3a71dfa1ed41aff/.fontconfig/7ef2298fde41cc6eeb7af42e48b7d293-le64.cache-11", O_RDONLY|O_CLOEXEC <unfinished ...>
10545 <... openat resumed>)             = -1 ENOENT (No such file or directory)
10529 <... openat resumed>)             = -1 ENOENT (No such file or directory)
10545 openat(AT_FDCWD, "/usr/local/share/vulkan/implicit_layer.d", O_RDONLY|O_NONBLOCK|O_CLOEXEC|O_DIRECTORY <unfinished ...>
10529 openat(AT_FDCWD, "/usr/share/fonts/truetype/.uuid", O_RDONLY|O_CLOEXEC <unfinished ...>
10545 <... openat resumed>)             = -1 ENOENT (No such file or directory)
10529 <... openat resumed>)             = -1 ENOENT (No such file or directory)
10545 openat(AT_FDCWD, "/usr/share/vulkan/implicit_layer.d", O_RDONLY|O_NONBLOCK|O_CLOEXEC|O_DIRECTORY) = -1 ENOENT (No such file or directory)
10529 openat(AT_FDCWD, "/usr/share/fonts/truetype", O_RDONLY|O_CLOEXEC) = 33
10529 openat(AT_FDCWD, "/var/cache/fontconfig/7ef2298fde41cc6eeb7af42e48b7d293-le64.cache-11", O_RDWR|O_CLOEXEC) = -1 ENOENT (No such file or directory)
10529 openat(AT_FDCWD, "/home/runner/work/deckrender-acceptance/deckrender-acceptance/benchmark/artifacts/acceptance/private/sandboxes/f2d0ead1671bca07b7bae471906b296bf75cb7245dc7dbbdf3a71dfa1ed41aff/.cache/fontconfig/7ef2298fde41cc6eeb7af42e48b7d293-le64.cache-11", O_RDWR|O_CLOEXEC) = -1 ENOENT (No such file or directory)
10545 openat(AT_FDCWD, "/home/runner/work/deckrender-acceptance/deckrender-acceptance/benchmark/artifacts/acceptance/private/sandboxes/f2d0ead1671bca07b7bae471906b296bf75cb7245dc7dbbdf3a71dfa1ed41aff/config/vulkan/implicit_layer.d", O_RDONLY|O_NONBLOCK|O_CLOEXEC|O_DIRECTORY <unfinished ...>
10529 openat(AT_FDCWD, "/home/runner/work/deckrender-acceptance/deckrender-acceptance/benchmark/artifacts/acceptance/private/sandboxes/f2d0ead1671bca07b7bae471906b296bf75cb7245dc7dbbdf3a71dfa1ed41aff/.fontconfig/7ef2298fde41cc6eeb7af42e48b7d293-le64.cache-11", O_RDWR|O_CLOEXEC <unfinished ...>
10545 <... openat resumed>)             = -1 ENOENT (No such file or directory)
10529 <... openat resumed>)             = -1 ENOENT (No such file or directory)
10545 openat(AT_FDCWD, "/etc/xdg/vulkan/implicit_layer.d", O_RDONLY|O_NONBLOCK|O_CLOEXEC|O_DIRECTORY <unfinished ...>
10529 openat(AT_FDCWD, "/usr/share/fonts/truetype", O_RDONLY|O_NONBLOCK|O_CLOEXEC|O_DIRECTORY <unfinished ...>
10545 <... openat resumed>)             = -1 ENOENT (No such file or directory)
10529 <... openat resumed>)             = 33
10545 openat(AT_FDCWD, "/etc/vulkan/implicit_layer.d", O_RDONLY|O_NONBLOCK|O_CLOEXEC|O_DIRECTORY) = 16
10545 openat(AT_FDCWD, "/home/runner/work/deckrender-acceptance/deckrender-acceptance/benchmark/artifacts/acceptance/private/sandboxes/f2d0ead1671bca07b7bae471906b296bf75cb7245dc7dbbdf3a71dfa1ed41aff/.local/share/vulkan/implicit_layer.d", O_RDONLY|O_NONBLOCK|O_CLOEXEC|O_DIRECTORY) = -1 ENOENT (No such file or directory)
10545 openat(AT_FDCWD, "/usr/local/share/vulkan/implicit_layer.d", O_RDONLY|O_NONBLOCK|O_CLOEXEC|O_DIRECTORY) = -1 ENOENT (No such file or directory)
10545 openat(AT_FDCWD, "/usr/share/vulkan/implicit_layer.d", O_RDONLY|O_NONBLOCK|O_CLOEXEC|O_DIRECTORY) = -1 ENOENT (No such file or directory)
10545 openat(AT_FDCWD, "/home/runner/work/deckrender-acceptance/deckrender-acceptance/benchmark/artifacts/acceptance/private/sandboxes/f2d0ead1671bca07b7bae471906b296bf75cb7245dc7dbbdf3a71dfa1ed41aff/config/vulkan/explicit_layer.d", O_RDONLY|O_NONBLOCK|O_CLOEXEC|O_DIRECTORY) = -1 ENOENT (No such file or directory)
10545 openat(AT_FDCWD, "/etc/xdg/vulkan/explicit_layer.d", O_RDONLY|O_NONBLOCK|O_CLOEXEC|O_DIRECTORY) = -1 ENOENT (No such file or directory)
10529 openat(AT_FDCWD, "/home/runner/work/deckrender-acceptance/deckrender-acceptance/benchmark/artifacts/acceptance/private/sandboxes/f2d0ead1671bca07b7bae471906b296bf75cb7245dc7dbbdf3a71dfa1ed41aff/.cache/fontconfig/7ef2298fde41cc6eeb7af42e48b7d293-le64.cache-11.TMP-XOTgxD", O_RDWR|O_CREAT|O_EXCL, 0600 <unfinished ...>
10545 openat(AT_FDCWD, "/etc/vulkan/explicit_layer.d", O_RDONLY|O_NONBLOCK|O_CLOEXEC|O_DIRECTORY) = 16
10529 <... openat resumed>)             = 33
10545 openat(AT_FDCWD, "/home/runner/work/deckrender-acceptance/deckrender-acceptance/benchmark/artifacts/acceptance/private/sandboxes/f2d0ead1671bca07b7bae471906b296bf75cb7245dc7dbbdf3a71dfa1ed41aff/.local/share/vulkan/explicit_layer.d", O_RDONLY|O_NONBLOCK|O_CLOEXEC|O_DIRECTORY) = -1 ENOENT (No such file or directory)
10545 openat(AT_FDCWD, "/usr/local/share/vulkan/explicit_layer.d", O_RDONLY|O_NONBLOCK|O_CLOEXEC|O_DIRECTORY) = -1 ENOENT (No such file or directory)
10545 openat(AT_FDCWD, "/usr/share/vulkan/explicit_layer.d", O_RDONLY|O_NONBLOCK|O_CLOEXEC|O_DIRECTORY) = -1 ENOENT (No such file or directory)
10545 openat(AT_FDCWD, "/opt/google/chrome/./vk_swiftshader_icd.json", O_RDONLY) = 16
10529 openat(AT_FDCWD, "/home/runner/work/deckrender-acceptance/deckrender-acceptance/benchmark/artifacts/acceptance/private/sandboxes/f2d0ead1671bca07b7bae471906b296bf75cb7245dc7dbbdf3a71dfa1ed41aff/.cache/fontconfig/7ef2298fde41cc6eeb7af42e48b7d293-le64.cache-11.NEW", O_RDWR|O_CREAT|O_CLOEXEC, 0666) = 33
10529 openat(AT_FDCWD, "/usr/share/fonts/opentype/noto", O_RDONLY|O_CLOEXEC) = 33
10529 openat(AT_FDCWD, "/var/cache/fontconfig/9b89f8e3dae116d678bbf48e5f21f69b-le64.cache-11", O_RDONLY|O_CLOEXEC) = -1 ENOENT (No such file or directory)
10529 openat(AT_FDCWD, "/usr/share/fonts/opentype/noto/.uuid", O_RDONLY|O_CLOEXEC) = -1 ENOENT (No such file or directory)
10529 openat(AT_FDCWD, "/home/runner/work/deckrender-acceptance/deckrender-acceptance/benchmark/artifacts/acceptance/private/sandboxes/f2d0ead1671bca07b7bae471906b296bf75cb7245dc7dbbdf3a71dfa1ed41aff/.cache/fontconfig/9b89f8e3dae116d678bbf48e5f21f69b-le64.cache-11", O_RDONLY|O_CLOEXEC) = -1 ENOENT (No such file or directory)
10529 openat(AT_FDCWD, "/usr/share/fonts/opentype/noto/.uuid", O_RDONLY|O_CLOEXEC) = -1 ENOENT (No such file or directory)
10529 openat(AT_FDCWD, "/home/runner/work/deckrender-acceptance/deckrender-acceptance/benchmark/artifacts/acceptance/private/sandboxes/f2d0ead1671bca07b7bae471906b296bf75cb7245dc7dbbdf3a71dfa1ed41aff/.fontconfig/9b89f8e3dae116d678bbf48e5f21f69b-le64.cache-11", O_RDONLY|O_CLOEXEC) = -1 ENOENT (No such file or directory)
10529 openat(AT_FDCWD, "/usr/share/fonts/opentype/noto/.uuid", O_RDONLY|O_CLOEXEC) = -1 ENOENT (No such file or directory)
10529 openat(AT_FDCWD, "/usr/share/fonts/opentype/noto", O_RDONLY|O_CLOEXEC) = 33
10529 openat(AT_FDCWD, "/var/cache/fontconfig/9b89f8e3dae116d678bbf48e5f21f69b-le64.cache-11", O_RDWR|O_CLOEXEC) = -1 ENOENT (No such file or directory)
10529 openat(AT_FDCWD, "/home/runner/work/deckrender-acceptance/deckrender-acceptance/benchmark/artifacts/acceptance/private/sandboxes/f2d0ead1671bca07b7bae471906b296bf75cb7245dc7dbbdf3a71dfa1ed41aff/.cache/fontconfig/9b89f8e3dae116d678bbf48e5f21f69b-le64.cache-11", O_RDWR|O_CLOEXEC) = -1 ENOENT (No such file or directory)
10529 openat(AT_FDCWD, "/home/runner/work/deckrender-acceptance/deckrender-acceptance/benchmark/artifacts/acceptance/private/sandboxes/f2d0ead1671bca07b7bae471906b296bf75cb7245dc7dbbdf3a71dfa1ed41aff/.fontconfig/9b89f8e3dae116d678bbf48e5f21f69b-le64.cache-11", O_RDWR|O_CLOEXEC) = -1 ENOENT (No such file or directory)
10529 openat(AT_FDCWD, "/usr/share/fonts/opentype/noto", O_RDONLY|O_NONBLOCK|O_CLOEXEC|O_DIRECTORY) = 33
10529 openat(AT_FDCWD, "/usr/share/fonts/opentype/noto/NotoSansCJK-Bold.ttc", O_RDONLY|O_CLOEXEC) = 36
10545 openat(AT_FDCWD, "SwiftShader.ini", O_RDONLY) = -1 ENOENT (No such file or directory)
10545 openat(AT_FDCWD, "/sys/devices/system/cpu/online", O_RDONLY|O_CLOEXEC) = 16
10545 openat(AT_FDCWD, "/dev/dri", O_RDONLY|O_NONBLOCK|O_CLOEXEC|O_DIRECTORY) = 16
10545 socketpair(AF_UNIX, SOCK_SEQPACKET, 0, [16, 17]) = 0
10545 sendmsg(4, {msg_name=NULL, msg_namelen=0, msg_iov=[{iov_base="\20\0\0\0 \0\0\0\10\0\0\0\325\30\242j\0\0\0\0", iov_len=20}], msg_iovlen=1, msg_control=[{cmsg_len=20, cmsg_level=SOL_SOCKET, cmsg_type=SCM_RIGHTS, cmsg_data=[17]}], msg_controllen=20, msg_flags=0}, MSG_NOSIGNAL) = 20
10523 recvmsg(8,  <unfinished ...>
10545 recvmsg(16,  <unfinished ...>
10523 <... recvmsg resumed>{msg_name=NULL, msg_namelen=0, msg_iov=[{iov_base="\20\0\0\0 \0\0\0\10\0\0\0\325\30\242j\0\0\0\0", iov_len=192}], msg_iovlen=1, msg_control=[{cmsg_len=20, cmsg_level=SOL_SOCKET, cmsg_type=SCM_RIGHTS, cmsg_data=[36]}], msg_controllen=24, msg_flags=0}, 0) = 20
10523 sendmsg(36, {msg_name=NULL, msg_namelen=0, msg_iov=[{iov_base="0\0\0\0\31\0\0\0)\0\0\0\2\0\0\0\n\0\0\0\10\0\0\0~\0\0\0\4\0\0\0\374\0\0\0\0\0\0\0\0\0\0\0\3\0\0\0UTC\0", iov_len=52}], msg_iovlen=1, msg_controllen=0, msg_flags=0}, MSG_DONTWAIT <unfinished ...>
10545 <... recvmsg resumed>{msg_name=NULL, msg_namelen=0, msg_iov=[{iov_base="0\0\0\0\31\0\0\0)\0\0\0\2\0\0\0\n\0\0\0\10\0\0\0~\0\0\0\4\0\0\0\374\0\0\0\0\0\0\0\0\0\0\0\3\0\0\0UTC\0", iov_len=512}], msg_iovlen=1, msg_controllen=0, msg_flags=0}, 0) = 52
10523 <... sendmsg resumed>)            = 52
10545 openat(AT_FDCWD, "/opt/hostedtoolcache/Python/3.12.14/x64/lib/libva.so.2", O_RDONLY|O_CLOEXEC) = -1 ENOENT (No such file or directory)
10545 openat(AT_FDCWD, "/etc/ld.so.cache", O_RDONLY|O_CLOEXEC) = 16
10545 openat(AT_FDCWD, "/lib/x86_64-linux-gnu/libva.so.2", O_RDONLY|O_CLOEXEC) = 16
10545 openat(AT_FDCWD, "/opt/hostedtoolcache/Python/3.12.14/x64/lib/libva-drm.so.2", O_RDONLY|O_CLOEXEC) = -1 ENOENT (No such file or directory)
10545 openat(AT_FDCWD, "/etc/ld.so.cache", O_RDONLY|O_CLOEXEC) = 16
10545 openat(AT_FDCWD, "/lib/x86_64-linux-gnu/libva-drm.so.2", O_RDONLY|O_CLOEXEC) = 16
10545 openat(AT_FDCWD, "/opt/google/chrome/libLiteRtWebGpuAccelerator.so", O_RDONLY|O_CLOEXEC) = 16
10545 openat(AT_FDCWD, "/proc/", O_RDONLY|O_CLOEXEC|O_DIRECTORY) = 16
10545 openat(AT_FDCWD, "/proc/", O_RDONLY|O_CLOEXEC|O_DIRECTORY) = 3
10545 socketpair(AF_UNIX, SOCK_SEQPACKET, 0, [3, 13]) = 0
10545 sendmsg(4, {msg_name=NULL, msg_namelen=0, msg_iov=[{iov_base="\20\0\0\0 \0\0\0\10\0\0\0\325\30\242j\0\0\0\0", iov_len=20}], msg_iovlen=1, msg_control=[{cmsg_len=20, cmsg_level=SOL_SOCKET, cmsg_type=SCM_RIGHTS, cmsg_data=[13]}], msg_controllen=20, msg_flags=0}, MSG_NOSIGNAL) = 20
10523 recvmsg(8,  <unfinished ...>
10545 recvmsg(3,  <unfinished ...>
10523 <... recvmsg resumed>{msg_name=NULL, msg_namelen=0, msg_iov=[{iov_base="\20\0\0\0 \0\0\0\10\0\0\0\325\30\242j\0\0\0\0", iov_len=192}], msg_iovlen=1, msg_control=[{cmsg_len=20, cmsg_level=SOL_SOCKET, cmsg_type=SCM_RIGHTS, cmsg_data=[36]}], msg_controllen=24, msg_flags=0}, 0) = 20
10523 sendmsg(36, {msg_name=NULL, msg_namelen=0, msg_iov=[{iov_base="0\0\0\0\31\0\0\0)\0\0\0\2\0\0\0\n\0\0\0\10\0\0\0~\0\0\0\4\0\0\0\374\0\0\0\0\0\0\0\0\0\0\0\3\0\0\0UTC\0", iov_len=52}], msg_iovlen=1, msg_controllen=0, msg_flags=0}, MSG_DONTWAIT <unfinished ...>
10545 <... recvmsg resumed>{msg_name=NULL, msg_namelen=0, msg_iov=[{iov_base="0\0\0\0\31\0\0\0)\0\0\0\2\0\0\0\n\0\0\0\10\0\0\0~\0\0\0\4\0\0\0\374\0\0\0\0\0\0\0\0\0\0\0\3\0\0\0UTC\0", iov_len=512}], msg_iovlen=1, msg_controllen=0, msg_flags=0}, 0) = 52
10523 <... sendmsg resumed>)            = 52
10529 openat(AT_FDCWD, "/usr/share/fonts/opentype/noto/NotoSansCJK-Regular.ttc", O_RDONLY|O_CLOEXEC) = 36
10545 sendto(14, "\20\0\0\0P\0\0\0\211t\17s\0\0\0\0\30\0\1\0\0\0\0\0\0\0\0\0\0\0\0\0\0\0\0\0\0\0\0\0\30\0\0\0\0\0\0\0\0\0\0\0\10\0\0\0000\0\0\0\0\0\0\0\20\0\0\0\1\0\0\0\0\0\0\0\0\0\0\0", 80, MSG_NOSIGNAL, NULL, 0) = 80
10545 socketpair(AF_UNIX, SOCK_STREAM, 0,  <unfinished ...>
10533 recvmsg(37,  <unfinished ...>
10545 <... socketpair resumed>[18, 19]) = 0
10533 <... recvmsg resumed>{msg_name=NULL, msg_namelen=0, msg_iov=[{iov_base="\20\0\0\0P\0\0\0\211t\17s\0\0\0\0\30\0\1\0\0\0\0\0\0\0\0\0\0\0\0\0\0\0\0\0\0\0\0\0\30\0\0\0\0\0\0\0\0\0\0\0\10\0\0\0000\0\0\0\0\0\0\0\20\0\0\0\1\0\0\0\0\0\0\0\0\0\0\0", iov_len=4096}], msg_iovlen=1, msg_controllen=0, msg_flags=0}, MSG_DONTWAIT) = 80
10533 sendto(37, "\20\0\0\0\210\1\0\0=u\17s\0\0\0\0\30\0\24\0\0\0\0\0\0\0\0\0\0\0\0\0\0\0\0\0\0\0\0\0H\0\0\0\0\0\0\0\1\0\0\0\0\0\0\0\0\0\0\0\0\0\0\0\0\0\0\0\1\0\0\0\377\377\377\377\377\377\377\377\0\0\0\0\0\0\0\0`\0\0\0\0\1\0\0\20\1\0\0\0\0\0\0\0\0\0\0\0\0\0\0\240\0\0\0\230\0\0\08\0\0\0\3\0\0\0\0\0\0\0000-ju\0\0\0\0003\370\267\220\0\0\0\0\0\0\0\0\30\0\0\0\0\0\0\0\0\0\0\0\0\0\0\0\0\0\0\0\0\0\0\0\20\0\0\0\0\0\0\0\10\0\0\0\0\0\0\0\30\0\0\0\0\0\0\0\20\0\0\0\0\0\0\0\0\0\0\0\0\0\0\0002\0\0\0*\0\0\0metrics.mojom.ChildHistogramFetc"..., 392, MSG_NOSIGNAL, NULL, 0) = 392
10533 sendto(37, "\20\0\0\0@\1\0\0vu\17s\0\0\0\0\30\0\24\0\0\0\0\0\1\0\0\0\0\0\0\0\0\0\0\0\0\0\0\0H\0\0\0\0\0\0\0\f\0\0\0\0\0\0\0\0\0\0\0\0\0\0\0\0\0\0\0\1\0\0\0\377\377\377\377\377\377\377\377\0\0\0\0\0\0\0\0`\0\0\0\270\0\0\0\310\0\0\0\0\0\0\0\0\0\0\0\0\0\0\0X\0\0\0P\0\0\08\0\0\0\3\0\0\0\0\0\0\0_>WP\0\0\0\0000\370\267\220\0\0\0\0\0\0\0\0\30\0\0\0\0\0\0\0\0\0\0\0\0\0\0\0\0\0\0\0\0\0\0\0\30\0\0\0\0\0\0\0\0\0\0\0\0\0\0\0\0\0\0\0\0\0\0\0\20\0\0\0\1\0\0\0\0\0\0\0\0\0\0\0h\0\0\0\1\0\0\0\0\0\0\0\0\0\0\0\r\0\0\0\0\0\0\0\0\0\0\0\0\0\0\0@\4\0\0@\0\0\0"..., 320, MSG_NOSIGNAL, NULL, 0) = 320
10533 sendto(37, "\20\0\0\0\300\0\0\0\242u\17s\0\0\0\0\30\0\24\0\0\0\0\0\2\0\0\0\0\0\0\0\0\0\0\0\0\0\0\0H\0\0\0\0\0\0\0\16\0\0\0\0\0\0\0\0\0\0\0\0\0\0\0\0\0\0\0\1\0\0\0\377\377\377\377\377\377\377\377\0\0\0\0\0\0\0\0`\0\0\0\0\0\0\0\0\0\0\0\0\0\0\0\0\0\0\0\0\0\0\0P\0\0\0H\0\0\08\0\0\0\3\0\0\0\0\0\0\0\352\237\0\33\1\0\0\0001\370\267\220\1\0\0\0\0\0\0\0\30\0\0\0\0\0\0\0\0\0\0\0\0\0\0\0\0\0\0\0\0\0\0\0\20\0\0\0\0\0\0\0\1\0\0\0\0\0\0\0", 192, MSG_NOSIGNAL, NULL, 0) = 192
10533 sendto(37, "\20\0\0\0p\1\0\0\357u\17s\0\0\0\0\30\0\24\0\0\0\0\0\3\0\0\0\0\0\0\0\0\0\0\0\0\0\0\0H\0\0\0\0\0\0\0\1\0\0\0\0\0\0\0\1\0\0\0\0\0\0\0\0\0\0\0\1\0\0\0\377\377\377\377\377\377\377\377\0\0\0\0\0\0\0\0`\0\0\0\350\0\0\0\370\0\0\0\0\0\0\0\0\0\0\0\0\0\0\0\210\0\0\0\200\0\0\08\0\0\0\3\0\0\0\0\0\0\0z\367o_\0\0\0\0006\370\267\220\0\0\0\0\0\0\0\0\30\0\0\0\0\0\0\0\0\0\0\0\0\0\0\0\0\0\0\0\0\0\0\0\20\0\0\0\0\0\0\0\10\0\0\0\0\0\0\0\30\0\0\0\0\0\0\0\20\0\0\0\0\0\0\0\0\0\0\0\0\0\0\0\31\0\0\0\21\0\0\0viz.mojom.VizMain\0\0\0\0\0\0\0\20\0\0\0\1\0\0\0"..., 368, MSG_NOSIGNAL, NULL, 0) = 368
10533 sendmsg(37, {msg_name=NULL, msg_namelen=0, msg_iov=[{iov_base="\20\0\1\0\360\2\0\0007v\17s\0\0\0\0\30\0\24\0\0\0\0\0\4\0\0\0\0\0\0\0\240\2\0\0\0\0\0\0H\0\0\0\0\0\0\0\20\0\0\0\0\0\0\0\0\0\0\0\0\0\0\0\0\0\0\0\1\0\0\0\377\377\377\377\377\377\377\377\0\0\0\0\0\0\0\0`\0\0\0\370\0\0\0\30\1\0\0\0\0\0\0\0\0\0\0\1\0\0\0\230\0\0\0\220\0\0\08\0\0\0\3\0\0\0\0\0\0\0k}\227Q\0\0\0\0007\370\267\220\0\0\0\0\0\0\0\0\30\0\0\0\0\0\0\0\0\0\0\0\0\0\0\0\0\0\0\0\0\0\0\08\0\0\0\0\0\0\0\0\0\0\0\1\0\0\0\0\0\0\0\2\0\0\0\0\0\0\0\3\0\0\0\0\0\0\0\0\0\0\0\20\0\0\0\0\0\0\0\30\0\0\0\0\0\0\0\20\0\0\0\0\0\0\0\4\0\0\0\0\0\0\0\20\0\0\0\0\0\0\0"..., iov_len=752}], msg_iovlen=1, msg_control=[{cmsg_len=20, cmsg_level=SOL_SOCKET, cmsg_type=SCM_RIGHTS, cmsg_data=[35]}], msg_controllen=20, msg_flags=0}, MSG_NOSIGNAL) = 752
10533 sendto(37, "\20\0\0\0H\1\0\0\223v\17s\0\0\0\0\30\0\24\0\0\0\0\0\5\0\0\0\0\0\0\0\0\0\0\0\0\0\0\0H\0\0\0\0\0\0\0\22\0\0\0\0\0\0\0\0\0\0\0\0\0\0\0\0\0\0\0\1\0\0\0\377\377\377\377\377\377\377\377\0\0\0\0\0\0\0\0`\0\0\0\300\0\0\0\320\0\0\0\0\0\0\0\0\0\0\0\0\0\0\0`\0\0\0X\0\0\08\0\0\0\3\0\0\0\0\0\0\0\2659\273G\1\0\0\0004\370\267\220\1\0\0\0\0\0\0\0\30\0\0\0\0\0\0\0\0\0\0\0\0\0\0\0\0\0\0\0\0\0\0\0 \0\0\0\0\0\0\0\1\0\0\0\1\0\0\0\377\377\377\377\377\377\377\377\0\0\0\0\0\0\0\0\20\0\0\0\1\0\0\0\0\0\0\0\0\0\0\0h\0\0\0\1\0\0\0\0\0\0\0\0\0\0\0\31\0\0\0\0\0\0\0\0\0\0\0\0\0\0\0"..., 328, MSG_NOSIGNAL, NULL, 0) = 328
10533 sendto(37, "\20\0\0\0\330\0\0\0\313v\17s\0\0\0\0\30\0\24\0\0\0\0\0\6\0\0\0\0\0\0\0\0\0\0\0\0\0\0\0H\0\0\0\0\0\0\0\22\0\0\0\0\0\0\0\1\0\0\0\0\0\0\0\0\0\0\0\1\0\0\0\377\377\377\377\377\377\377\377\0\0\0\0\0\0\0\0`\0\0\0\0\0\0\0\0\0\0\0\0\0\0\0\0\0\0\0\0\0\0\0h\0\0\0`\0\0\08\0\0\0\3\0\0\0\0\0\0\0007\302\276o\0\0\0\0005\370\267\220\0\0\0\0\0\0\0\0\30\0\0\0\0\0\0\0\0\0\0\0\0\0\0\0\0\0\0\0\0\0\0\0\30\0\0\0\0\0\0\0\1\0\0\0\0\0\0\0\10\0\0\0\0\0\0\0\20\0\0\0\0\0\0\0\r)\0\0\0\0\0\0", 216, MSG_NOSIGNAL, NULL, 0) = 216
10533 sendto(37, "\20\0\0\0\320\1\0\0\367v\17s\0\0\0\0\30\0\24\0\0\0\0\0\7\0\0\0\0\0\0\0\0\0\0\0\0\0\0\0H\0\0\0\0\0\0\0\20\0\0\0\0\0\0\0\1\0\0\0\0\0\0\0\0\0\0\0\1\0\0\0\377\377\377\377\377\377\377\377\0\0\0\0\0\0\0\0`\0\0\0\350\0\0\0\370\0\0\0\0\0\0\0\0\0\0\0\0\0\0\0\210\0\0\0\200\0\0\08\0\0\0\3\0\0\0\0\0\0\0aK\\A\0\0\0\0*\370\267\220\0\0\0\0\0\0\0\0\30\0\0\0\0\0\0\0\0\0\0\0\0\0\0\0\0\0\0\0\0\0\0\0\20\0\0\0\0\0\0\0\10\0\0\0\0\0\0\0(\0\0\0\0\0\0\0\1\0\0\0\1\0\0\0\4\0\0\0\0\0\0\0\1\0\0\0\0\0\0\0\10\0\0\0\0\0\0\0\20\0\0\0\0\0\0\0\0\0\0\0\0\0\0\0\20\0\0\0\2\0\0\0"..., 464, MSG_NOSIGNAL, NULL, 0 <unfinished ...>
10557 recvmsg(14,  <unfinished ...>
10533 <... sendto resumed>)             = 464
10557 <... recvmsg resumed>{msg_name=NULL, msg_namelen=0, msg_iov=[{iov_base="\20\0\1\0\270\0\0\09\270\16s\0\0\0\0\30\0\0\0\0\0\0\0\0\0\0\0\0\0\0\0h\0\0\0\0\0\0\0@\0\0\0\0\0\0\0u\0B\220bJj\370 \311\34?z\234\37\276\24\205\220*\5\6\4\374\263\24(\232\1\6N\222\0\0\0\0\4\0\0\0\0\0\0\0\0\0\0\0X\0\0\0\0\0\0\0\20\0\0\0\1\0\0\0\0\0\0\0\0\0\0\0\20\0\0\0\1\0\0\0x\0\0\0\0\0\1\0000\0\0\0(\0\0\0\10\0\0\0\1\0\0\0 \0\0\0\0\0\2\0\2\0\0\0\0\0\0\0\252\333\3306\177\230\24\374\5\304\7n\324\230\177+", iov_len=4096}], msg_iovlen=1, msg_control=[{cmsg_len=20, cmsg_level=SOL_SOCKET, cmsg_type=SCM_RIGHTS, cmsg_data=[22]}], msg_controllen=24, msg_flags=0}, MSG_DONTWAIT) = 184
10533 sendto(37, "\20\0\0\0\300\0\0\0000w\17s\0\0\0\0\30\0\24\0\0\0\0\0\10\0\0\0\0\0\0\0\0\0\0\0\0\0\0\0H\0\0\0\0\0\0\0\3\0\0\0\0\0\0\0\0\0\0\0\0\0\0\0\0\0\0\0\1\0\0\0\377\377\377\377\377\377\377\377\0\0\0\0\0\0\0\0`\0\0\0\0\0\0\0\0\0\0\0\0\0\0\0\0\0\0\0\0\0\0\0P\0\0\0H\0\0\08\0\0\0\3\0\0\0\1\0\0\200\357\t\t_\0\0\0\0?\370\267\220\0\0\0\0\0\0\0\0\30\0\0\0\0\0\0\0\0\0\0\0\0\0\0\0\0\0\0\0\0\0\0\0\20\0\0\0\0\0\0\0\r)\0\0\0\0\0\0", 192, MSG_NOSIGNAL, NULL, 0) = 192
10557 sendto(14, "\20\0\0\08\0\0\0\316w\17s\0\0\0\0\30\0$\0\0\0\0\0\0\0\0\0\0\0\0\0\0\0\0\0\0\0\0\0\20\0\0\0\0\0\0\0\1\0\0\0\0\0\0\0", 56, MSG_NOSIGNAL, NULL, 0) = 56
10557 sendto(14, "\20\0\0\08\0\0\0\5x\17s\0\0\0\0\30\0$\0\0\0\0\0\1\0\0\0\0\0\0\0\0\0\0\0\0\0\0\0\20\0\0\0\0\0\0\0\2\0\0\0\0\0\0\0", 56, MSG_NOSIGNAL, NULL, 0 <unfinished ...>
10533 recvmsg(37,  <unfinished ...>
10557 <... sendto resumed>)             = 56
10533 <... recvmsg resumed>{msg_name=NULL, msg_namelen=0, msg_iov=[{iov_base="\20\0\0\08\0\0\0\316w\17s\0\0\0\0\30\0$\0\0\0\0\0\0\0\0\0\0\0\0\0\0\0\0\0\0\0\0\0\20\0\0\0\0\0\0\0\1\0\0\0\0\0\0\0\20\0\0\08\0\0\0\5x\17s\0\0\0\0\30\0$\0\0\0\0\0\1\0\0\0\0\0\0\0\0\0\0\0\0\0\0\0\20\0\0\0\0\0\0\0\2\0\0\0\0\0\0\0", iov_len=4096}], msg_iovlen=1, msg_controllen=0, msg_flags=0}, MSG_DONTWAIT) = 112
10557 sendto(14, "\20\0\0\08\0\0\0001x\17s\0\0\0\0\30\0$\0\0\0\0\0\2\0\0\0\0\0\0\0\0\0\0\0\0\0\0\0\20\0\0\0\0\0\0\0\3\0\0\0\0\0\0\0", 56, MSG_NOSIGNAL, NULL, 0 <unfinished ...>
10533 sendto(37, "\20\0\0\0X\0\0\0Gx\17s\0\0\0\0\30\0\"\0\0\0\0\0\t\0\0\0\0\0\0\0\0\0\0\0\0\0\0\0000\0\0\0\0\0\0\0\1\0\0\0\0\0\0\0\37\0\0\0\0\0\0\0\0\0\0\0\0\0\0\0\200\6\0\0@\0\0\0\2\0\0\0\0\0\0\0", 88, MSG_NOSIGNAL, NULL, 0 <unfinished ...>
10557 <... sendto resumed>)             = 56
10533 <... sendto resumed>)             = 88
10533 sendto(37, "\20\0\0\0X\0\0\0sx\17s\0\0\0\0\30\0\"\0\0\0\0\0\n\0\0\0\0\0\0\0\0\0\0\0\0\0\0\0000\0\0\0\0\0\0\0\2\0\0\0\0\0\0\0 \0\0\0\0\0\0\0\0\0\0\0\0\0\0\0\300\6\0\0@\0\0\0\0\0\0\0\0\0\0\0", 88, MSG_NOSIGNAL, NULL, 0 <unfinished ...>
10557 recvmsg(14,  <unfinished ...>
10533 <... sendto resumed>)             = 88
10557 <... recvmsg resumed>{msg_name=NULL, msg_namelen=0, msg_iov=[{iov_base="\20\0\0\0\210\1\0\0=u\17s\0\0\0\0\30\0\24\0\0\0\0\0\0\0\0\0\0\0\0\0\0\0\0\0\0\0\0\0H\0\0\0\0\0\0\0\1\0\0\0\0\0\0\0\0\0\0\0\0\0\0\0\0\0\0\0\1\0\0\0\377\377\377\377\377\377\377\377\0\0\0\0\0\0\0\0`\0\0\0\0\1\0\0\20\1\0\0\0\0\0\0\0\0\0\0\0\0\0\0\240\0\0\0\230\0\0\08\0\0\0\3\0\0\0\0\0\0\0000-ju\0\0\0\0003\370\267\220\0\0\0\0\0\0\0\0\30\0\0\0\0\0\0\0\0\0\0\0\0\0\0\0\0\0\0\0\0\0\0\0\20\0\0\0\0\0\0\0\10\0\0\0\0\0\0\0\30\0\0\0\0\0\0\0\20\0\0\0\0\0\0\0\0\0\0\0\0\0\0\0002\0\0\0*\0\0\0metrics.mojom.ChildHistogramFetc"..., iov_len=4096}], msg_iovlen=1, msg_control=[{cmsg_len=20, cmsg_level=SOL_SOCKET, cmsg_type=SCM_RIGHTS, cmsg_data=[22]}], msg_controllen=24, msg_flags=0}, MSG_DONTWAIT) = 2024
10533 recvmsg(37, {msg_name=NULL, msg_namelen=0, msg_iov=[{iov_base="\20\0\0\08\0\0\0001x\17s\0\0\0\0\30\0$\0\0\0\0\0\2\0\0\0\0\0\0\0\0\0\0\0\0\0\0\0\20\0\0\0\0\0\0\0\3\0\0\0\0\0\0\0", iov_len=4096}], msg_iovlen=1, msg_controllen=0, msg_flags=0}, MSG_DONTWAIT) = 56
10533 sendto(37, "\20\0\0\0X\0\0\0\24y\17s\0\0\0\0\30\0\"\0\0\0\0\0\v\0\0\0\0\0\0\0\0\0\0\0\0\0\0\0000\0\0\0\0\0\0\0\3\0\0\0\0\0\0\0!\0\0\0\0\0\0\0\0\0\0\0\0\0\0\0\0\7\0\0@\0\0\0\1\0\0\0\0\0\0\0", 88, MSG_NOSIGNAL, NULL, 0 <unfinished ...>
10557 recvmsg(14,  <unfinished ...>
10533 <... sendto resumed>)             = 88
10557 <... recvmsg resumed>{msg_name=NULL, msg_namelen=0, msg_iov=[{iov_base="\20\0\0\0H\1\0\0\223v\17s\0\0\0\0\30\0\24\0\0\0\0\0\5\0\0\0\0\0\0\0\0\0\0\0\0\0\0\0H\0\0\0\0\0\0\0\22\0\0\0\0\0\0\0\0\0\0\0\0\0\0\0\0\0\0\0\1\0\0\0\377\377\377\377\377\377\377\377\0\0\0\0\0\0\0\0`\0\0\0\300\0\0\0\320\0\0\0\0\0\0\0\0\0\0\0\0\0\0\0`\0\0\0X\0\0\08\0\0\0\3\0\0\0\0\0\0\0\2659\273G\1\0\0\0004\370\267\220\1\0\0\0\0\0\0\0\30\0\0\0\0\0\0\0\0\0\0\0\0\0\0\0\0\0\0\0\0\0\0\0 \0\0\0\0\0\0\0\1\0\0\0\1\0\0\0\377\377\377\377\377\377\377\377\0\0\0\0\0\0\0\0\20\0\0\0\1\0\0\0\0\0\0\0\0\0\0\0h\0\0\0\1\0\0\0\0\0\0\0\0\0\0\0\31\0\0\0\0\0\0\0\0\0\0\0\0\0\0\0"..., iov_len=4096}], msg_iovlen=1, msg_controllen=0, msg_flags=0}, MSG_DONTWAIT) = 1464
10557 sendto(14, "\20\0\0\0@\0\0\0]y\17s\0\0\0\0\30\0#\0\0\0\0\0\3\0\0\0\0\0\0\0\0\0\0\0\0\0\0\0\30\0\0\0\0\0\0\0\1\0\0\0\0\0\0\0\0\0\0\0\0\0\0\0", 64, MSG_NOSIGNAL, NULL, 0) = 64
10557 sendto(14, "\20\0\0\0@\0\0\0\214y\17s\0\0\0\0\30\0#\0\0\0\0\0\4\0\0\0\0\0\0\0\0\0\0\0\0\0\0\0\30\0\0\0\0\0\0\0\2\0\0\0\0\0\0\0\0\0\0\0\0\0\0\0", 64, MSG_NOSIGNAL, NULL, 0) = 64
10533 recvmsg(37,  <unfinished ...>
10557 sendto(14, "\20\0\0\0@\0\0\0\316y\17s\0\0\0\0\30\0#\0\0\0\0\0\6\0\0\0\0\0\0\0\0\0\0\0\0\0\0\0\30\0\0\0\0\0\0\0\3\0\0\0\0\0\0\0\0\0\0\0\0\0\0\0", 64, MSG_NOSIGNAL, NULL, 0 <unfinished ...>
10533 <... recvmsg resumed>{msg_name=NULL, msg_namelen=0, msg_iov=[{iov_base="\20\0\0\0@\0\0\0]y\17s\0\0\0\0\30\0#\0\0\0\0\0\3\0\0\0\0\0\0\0\0\0\0\0\0\0\0\0\30\0\0\0\0\0\0\0\1\0\0\0\0\0\0\0\0\0\0\0\0\0\0\0\20\0\0\0@\0\0\0\214y\17s\0\0\0\0\30\0#\0\0\0\0\0\4\0\0\0\0\0\0\0\0\0\0\0\0\0\0\0\30\0\0\0\0\0\0\0\2\0\0\0\0\0\0\0\0\0\0\0\0\0\0\0", iov_len=4096}], msg_iovlen=1, msg_controllen=0, msg_flags=0}, MSG_DONTWAIT) = 128
10557 <... sendto resumed>)             = 64
10545 sendmsg(14, {msg_name=NULL, msg_namelen=0, msg_iov=[{iov_base="\20\0\1\0\250\0\0\0\356y\17s\0\0\0\0\30\0\24\0\0\0\0\0\5\0\0\0\0\0\0\0p\0\0\0\0\0\0\0H\0\0\0\0\0\0\0\0\0\0\0\0\0\0\0\0\0\0\0\0\0\0\0\0\0\0\0\1\0\0\0\377\377\377\377\377\377\377\377\0\0\0\0\0\0\0\0\0\0\0\0`\0\0\0\0\0\0\0\0\0\0\0\0\0\0\0\1\0\0\0\20\0\0\0\1\0\0\0\1\0\0\0\0\0\0\0\20\0\0\0\1\0\0\0\200\0\0\0\0\0\1\0\30\0\0\0\20\0\0\0\10\0\0\0\0\0\0\0\1\0\0\0\0\0\0\0", iov_len=168}], msg_iovlen=1, msg_control=[{cmsg_len=20, cmsg_level=SOL_SOCKET, cmsg_type=SCM_RIGHTS, cmsg_data=[19]}], msg_controllen=20, msg_flags=0}, MSG_NOSIGNAL <unfinished ...>
10533 recvmsg(37,  <unfinished ...>
10545 <... sendmsg resumed>)            = 168
10533 <... recvmsg resumed>{msg_name=NULL, msg_namelen=0, msg_iov=[{iov_base="\20\0\0\0@\0\0\0\316y\17s\0\0\0\0\30\0#\0\0\0\0\0\6\0\0\0\0\0\0\0\0\0\0\0\0\0\0\0\30\0\0\0\0\0\0\0\3\0\0\0\0\0\0\0\0\0\0\0\0\0\0\0\20\0\1\0\250\0\0\0\356y\17s\0\0\0\0\30\0\24\0\0\0\0\0\5\0\0\0\0\0\0\0p\0\0\0\0\0\0\0H\0\0\0\0\0\0\0\0\0\0\0\0\0\0\0\0\0\0\0\0\0\0\0\0\0\0\0\1\0\0\0\377\377\377\377\377\377\377\377\0\0\0\0\0\0\0\0\0\0\0\0`\0\0\0\0\0\0\0\0\0\0\0\0\0\0\0\1\0\0\0\20\0\0\0\1\0\0\0\1\0\0\0\0\0\0\0\20\0\0\0\1\0\0\0\200\0\0\0\0\0\1\0\30\0\0\0\20\0\0\0\10\0\0\0\0\0\0\0\1\0\0\0\0\0\0\0", iov_len=4096}], msg_iovlen=1, msg_control=[{cmsg_len=20, cmsg_level=SOL_SOCKET, cmsg_type=SCM_RIGHTS, cmsg_data=[35]}], msg_controllen=24, msg_flags=0}, MSG_DONTWAIT) = 232
10533 sendto(37, "\20\0\0\0@\0\0\0\214z\17s\0\0\0\0\30\0\26\0\0\0\0\0\f\0\0\0\0\0\0\0\0\0\0\0\0\0\0\0\30\0\0\0\0\0\0\0\0\0\0\0\0\0\0\0\0\0\0\0\0\0\0\0", 64, MSG_NOSIGNAL, NULL, 0) = 64
10557 recvmsg(14, {msg_name=NULL, msg_namelen=0, msg_iov=[{iov_base="\20\0\0\0@\0\0\0\214z\17s\0\0\0\0\30\0\26\0\0\0\0\0\f\0\0\0\0\0\0\0\0\0\0\0\0\0\0\0\30\0\0\0\0\0\0\0\0\0\0\0\0\0\0\0\0\0\0\0\0\0\0\0", iov_len=4096}], msg_iovlen=1, msg_controllen=0, msg_flags=0}, MSG_DONTWAIT) = 64
10545 sendto(14, "\20\0\0\0X\0\0\0\v{\17s\0\0\0\0\30\0\"\0\0\0\0\0\7\0\0\0\0\0\0\0\0\0\0\0\0\0\0\0000\0\0\0\0\0\0\0\37\0\0\0\0\0\0\0\"\0\0\0\0\0\0\0\0\0\0\0\0\0\0\0@\7\0\0@\0\0\0\0\0\0\0\0\0\0\0", 88, MSG_NOSIGNAL, NULL, 0) = 88
10545 sendto(14, "\20\0\0\0X\0\0\0;{\17s\0\0\0\0\30\0\"\0\0\0\0\0\10\0\0\0\0\0\0\0\0\0\0\0\0\0\0\0000\0\0\0\0\0\0\0 \0\0\0\0\0\0\0#\0\0\0\0\0\0\0\0\0\0\0\0\0\0\0\200\7\0\0@\0\0\0\0\0\0\0\0\0\0\0", 88, MSG_NOSIGNAL, NULL, 0) = 88
10533 recvmsg(37,  <unfinished ...>
10545 sendto(14, "\20\0\0\0X\0\0\0c{\17s\0\0\0\0\30\0\"\0\0\0\0\0\t\0\0\0\0\0\0\0\0\0\0\0\0\0\0\0000\0\0\0\0\0\0\0!\0\0\0\0\0\0\0$\0\0\0\0\0\0\0\0\0\0\0\0\0\0\0\300\7\0\0@\0\0\0\0\0\0\0\0\0\0\0", 88, MSG_NOSIGNAL, NULL, 0 <unfinished ...>
10533 <... recvmsg resumed>{msg_name=NULL, msg_namelen=0, msg_iov=[{iov_base="\20\0\0\0X\0\0\0\v{\17s\0\0\0\0\30\0\"\0\0\0\0\0\7\0\0\0\0\0\0\0\0\0\0\0\0\0\0\0000\0\0\0\0\0\0\0\37\0\0\0\0\0\0\0\"\0\0\0\0\0\0\0\0\0\0\0\0\0\0\0@\7\0\0@\0\0\0\0\0\0\0\0\0\0\0\20\0\0\0X\0\0\0;{\17s\0\0\0\0\30\0\"\0\0\0\0\0\10\0\0\0\0\0\0\0\0\0\0\0\0\0\0\0000\0\0\0\0\0\0\0 \0\0\0\0\0\0\0#\0\0\0\0\0\0\0\0\0\0\0\0\0\0\0\200\7\0\0@\0\0\0\0\0\0\0\0\0\0\0", iov_len=4096}], msg_iovlen=1, msg_controllen=0, msg_flags=0}, MSG_DONTWAIT) = 176
10545 <... sendto resumed>)             = 88
10533 sendto(37, "\20\0\0\0@\0\0\0\221{\17s\0\0\0\0\30\0#\0\0\0\0\0\r\0\0\0\0\0\0\0\0\0\0\0\0\0\0\0\30\0\0\0\0\0\0\0\37\0\0\0\0\0\0\0\2\0\0\0\0\0\0\0", 64, MSG_NOSIGNAL, NULL, 0) = 64
10533 sendto(37, "\20\0\0\0@\0\0\0\327{\17s\0\0\0\0\30\0#\0\0\0\0\0\16\0\0\0\0\0\0\0\0\0\0\0\0\0\0\0\30\0\0\0\0\0\0\0 \0\0\0\0\0\0\0\0\0\0\0\0\0\0\0", 64, MSG_NOSIGNAL, NULL, 0 <unfinished ...>
10557 recvmsg(14,  <unfinished ...>
10533 <... sendto resumed>)             = 64
10557 <... recvmsg resumed>{msg_name=NULL, msg_namelen=0, msg_iov=[{iov_base="\20\0\0\0@\0\0\0\221{\17s\0\0\0\0\30\0#\0\0\0\0\0\r\0\0\0\0\0\0\0\0\0\0\0\0\0\0\0\30\0\0\0\0\0\0\0\37\0\0\0\0\0\0\0\2\0\0\0\0\0\0\0\20\0\0\0@\0\0\0\327{\17s\0\0\0\0\30\0#\0\0\0\0\0\16\0\0\0\0\0\0\0\0\0\0\0\0\0\0\0\30\0\0\0\0\0\0\0 \0\0\0\0\0\0\0\0\0\0\0\0\0\0\0", iov_len=4096}], msg_iovlen=1, msg_controllen=0, msg_flags=0}, MSG_DONTWAIT) = 128
10533 recvmsg(37, {msg_name=NULL, msg_namelen=0, msg_iov=[{iov_base="\20\0\0\0X\0\0\0c{\17s\0\0\0\0\30\0\"\0\0\0\0\0\t\0\0\0\0\0\0\0\0\0\0\0\0\0\0\0000\0\0\0\0\0\0\0!\0\0\0\0\0\0\0$\0\0\0\0\0\0\0\0\0\0\0\0\0\0\0\300\7\0\0@\0\0\0\0\0\0\0\0\0\0\0", iov_len=4096}], msg_iovlen=1, msg_controllen=0, msg_flags=0}, MSG_DONTWAIT) = 88
10533 sendto(37, "\20\0\0\0@\0\0\0\223|\17s\0\0\0\0\30\0#\0\0\0\0\0\17\0\0\0\0\0\0\0\0\0\0\0\0\0\0\0\30\0\0\0\0\0\0\0!\0\0\0\0\0\0\0\1\0\0\0\0\0\0\0", 64, MSG_NOSIGNAL, NULL, 0) = 64
10557 recvmsg(14, {msg_name=NULL, msg_namelen=0, msg_iov=[{iov_base="\20\0\0\0@\0\0\0\223|\17s\0\0\0\0\30\0#\0\0\0\0\0\17\0\0\0\0\0\0\0\0\0\0\0\0\0\0\0\30\0\0\0\0\0\0\0!\0\0\0\0\0\0\0\1\0\0\0\0\0\0\0", iov_len=4096}], msg_iovlen=1, msg_controllen=0, msg_flags=0}, MSG_DONTWAIT) = 64
10557 sendto(14, "\20\0\0\0p\0\0\0i~\17s\0\0\0\0\30\0\24\0\0\0\0\0\n\0\0\0\0\0\0\0\0\0\0\0\0\0\0\0H\0\0\0\0\0\0\0$\0\0\0\0\0\0\0\0\0\0\0\0\0\0\0\0\0\0\0\1\0\0\0\0\0\0\0\0\0\0\0\0x\1\0\0\1\0\0\0\0\0\0\0\0\0\0\0\0\0\0\0\0\0\0\0\0\0\0\0\0\0\0", 112, MSG_NOSIGNAL, NULL, 0) = 112
10533 recvmsg(37, {msg_name=NULL, msg_namelen=0, msg_iov=[{iov_base="\20\0\0\0p\0\0\0i~\17s\0\0\0\0\30\0\24\0\0\0\0\0\n\0\0\0\0\0\0\0\0\0\0\0\0\0\0\0H\0\0\0\0\0\0\0$\0\0\0\0\0\0\0\0\0\0\0\0\0\0\0\0\0\0\0\1\0\0\0\0\0\0\0\0\0\0\0\0x\1\0\0\1\0\0\0\0\0\0\0\0\0\0\0\0\0\0\0\0\0\0\0\0\0\0\0\0\0\0", iov_len=4096}], msg_iovlen=1, msg_controllen=0, msg_flags=0}, MSG_DONTWAIT) = 112
10557 sendto(14, "\20\0\0\0\350\0\0\0003\177\17s\0\0\0\0\30\0\24\0\0\0\0\0\v\0\0\0\0\0\0\0\0\0\0\0\0\0\0\0H\0\0\0\0\0\0\0#\0\0\0\0\0\0\0\0\0\0\0\0\0\0\0\0\0\0\0\1\0\0\0\0\0\0\0\0\0\0\0\0y\1\0\0\1\0\0\0\0\0\0`\0\0\0p\0\0\0\0\0\0\0\0\0\0\0\0\0\0\0\20\0\0\0\1\0\0\0\0\0\0\0\0\0\0\0h\0\0\0\1\0\0\0\1\0\0\0\0\0\0\0%\0\0\0\0\0\0\0\377\377\377\377\377\377\377\377\0\0\0\0\0\0\0\0\0\0\0\0\0\0\0\0\0\0\0\0\0\0\0\0\0\0\0\0\0\0\0\0\0\0\0\0\0\0\0\0\1\0\0\0\0\0\0\0\0\0\0\0\0\0\0\0\0\0\0\0\0\0\0\0\0\0\0\0\0\0\0\0", 232, MSG_NOSIGNAL, NULL, 0) = 232
10557 sendto(14, "\20\0\0\0@\1\0\0w\177\17s\0\0\0\0\30\0\24\0\0\0\0\0\f\0\0\0\0\0\0\0\0\0\0\0\0\0\0\0H\0\0\0\0\0\0\0%\0\0\0\0\0\0\0\0\0\0\0\0\0\0\0\0\0\0\0\1\0\0\0\377\377\377\377\377\377\377\377\0\0\0\0\0\0\0\0`\0\0\0\270\0\0\0\310\0\0\0\0\0\0\0\0\0\0\0\0\0\0\0X\0\0\0P\0\0\08\0\0\0\3\0\0\0\0\0\0\0)Vd(\0\0\0\0\274\353\313\227\0\0\0\0\0\0\0\0\30\0\0\0\0\0\0\0\0\0\0\0\0\0\0\0\0\0\0\0\0\0\0\0\30\0\0\0\0\0\0\0\0\0\0\0\377\377\377\377\0\0\0\0\0\0\0\0\20\0\0\0\1\0\0\0\0\0\0\0\0\0\0\0h\0\0\0\1\0\0\0\0\0\0\0\0\0\0\0&\0\0\0\0\0\0\0\0\0\0\0\0\0\0\0\0\7\0\0@\0\0\0"..., 320, MSG_NOSIGNAL, NULL, 0 <unfinished ...>
10533 recvmsg(37,  <unfinished ...>
10557 <... sendto resumed>)             = 320
10533 <... recvmsg resumed>{msg_name=NULL, msg_namelen=0, msg_iov=[{iov_base="\20\0\0\0\350\0\0\0003\177\17s\0\0\0\0\30\0\24\0\0\0\0\0\v\0\0\0\0\0\0\0\0\0\0\0\0\0\0\0H\0\0\0\0\0\0\0#\0\0\0\0\0\0\0\0\0\0\0\0\0\0\0\0\0\0\0\1\0\0\0\0\0\0\0\0\0\0\0\0y\1\0\0\1\0\0\0\0\0\0`\0\0\0p\0\0\0\0\0\0\0\0\0\0\0\0\0\0\0\20\0\0\0\1\0\0\0\0\0\0\0\0\0\0\0h\0\0\0\1\0\0\0\1\0\0\0\0\0\0\0%\0\0\0\0\0\0\0\377\377\377\377\377\377\377\377\0\0\0\0\0\0\0\0\0\0\0\0\0\0\0\0\0\0\0\0\0\0\0\0\0\0\0\0\0\0\0\0\0\0\0\0\0\0\0\0\1\0\0\0\0\0\0\0\0\0\0\0\0\0\0\0\0\0\0\0\0\0\0\0\0\0\0\0\0\0\0\0\20\0\0\0@\1\0\0w\177\17s\0\0\0\0\30\0\24\0\0\0\0\0"..., iov_len=4096}], msg_iovlen=1, msg_controllen=0, msg_flags=0}, MSG_DONTWAIT) = 552
10557 sendto(14, "\20\0\0\0\330\2\0\0\224\200\17s\0\0\0\0\30\0\24\0\0\0\0\0\r\0\0\0\0\0\0\0\0\0\0\0\0\0\0\0H\0\0\0\0\0\0\0#\0\0\0\0\0\0\0\1\0\0\0\0\0\0\0\0\0\0\0\1\0\0\0\0\0\0\0\0\0\0\0\0\224\1\0\0\4\0\0\0\0\0\0`\0\0\0\200\0\0\0\0\0\0\0\0\0\0\0\0\0\0\0 \0\0\0\6\0\0\0\0\0\0\0\0\0\0\0\0\0\0\0\0\0\0\0\0\0\0\0\0\0\0\0H\2\0\0\6\0\0\0\1\0\0\0\0\0\0\0(\0\0\0\0\0\0\0\377\377\377\377\377\377\377\377\0\0\0\0\0\0\0\0\0\0\0\0\0\0\0\0\0\0\0\0\0\0\0\0\0\0\0\0\0\0\0\0\0\0\0\0\0\0\0\0\1\0\0\0\0\0\0\0\0\0\0\0\0\0\0\0\0\0\0\0\0\0\0\0\0\0\0\0\0\0\0\0\1\0\0\0\0\0\0\0"..., 728, MSG_NOSIGNAL, NULL, 0) = 728
10557 sendto(14, "\20\0\0\0\240\1\0\0\325\200\17s\0\0\0\0\30\0\24\0\0\0\0\0\16\0\0\0\0\0\0\0\0\0\0\0\0\0\0\0H\0\0\0\0\0\0\0(\0\0\0\0\0\0\0\0\0\0\0\0\0\0\0\0\0\0\0\1\0\0\0\377\377\377\377\377\377\377\377\0\0\0\0\0\0\0\0`\0\0\0\270\0\0\0\310\0\0\0\0\0\0\0\0\0\0\0\0\0\0\0X\0\0\0P\0\0\08\0\0\0\3\0\0\0\0\0\0\0\263\241\267o\0\0\0\0\271\353\313\227\0\0\0\0\0\0\0\0\30\0\0\0\0\0\0\0\0\0\0\0\0\0\0\0\0\0\0\0\0\0\0\0\30\0\0\0\0\0\0\0\0\0\0\0\1\0\0\0\0\0\0\0\0\0\0\0\20\0\0\0\2\0\0\0\0\0\0\0\0\0\0\0\310\0\0\0\2\0\0\0\0\0\0\0\0\0\0\0002\0\0\0\0\0\0\0\377\377\377\377\377\377\377\377\0\0\0\0\0\0\0\0"..., 416, MSG_NOSIGNAL, NULL, 0 <unfinished ...>
10533 recvmsg(37,  <unfinished ...>
10557 <... sendto resumed>)             = 416
10533 <... recvmsg resumed>{msg_name=NULL, msg_namelen=0, msg_iov=[{iov_base="\20\0\0\0\330\2\0\0\224\200\17s\0\0\0\0\30\0\24\0\0\0\0\0\r\0\0\0\0\0\0\0\0\0\0\0\0\0\0\0H\0\0\0\0\0\0\0#\0\0\0\0\0\0\0\1\0\0\0\0\0\0\0\0\0\0\0\1\0\0\0\0\0\0\0\0\0\0\0\0\224\1\0\0\4\0\0\0\0\0\0`\0\0\0\200\0\0\0\0\0\0\0\0\0\0\0\0\0\0\0 \0\0\0\6\0\0\0\0\0\0\0\0\0\0\0\0\0\0\0\0\0\0\0\0\0\0\0\0\0\0\0H\2\0\0\6\0\0\0\1\0\0\0\0\0\0\0(\0\0\0\0\0\0\0\377\377\377\377\377\377\377\377\0\0\0\0\0\0\0\0\0\0\0\0\0\0\0\0\0\0\0\0\0\0\0\0\0\0\0\0\0\0\0\0\0\0\0\0\0\0\0\0\1\0\0\0\0\0\0\0\0\0\0\0\0\0\0\0\0\0\0\0\0\0\0\0\0\0\0\0\0\0\0\0\1\0\0\0\0\0\0\0"..., iov_len=4096}], msg_iovlen=1, msg_controllen=0, msg_flags=0}, MSG_DONTWAIT) = 1144
10557 sendto(14, "\20\0\0\08\1\0\0\10\201\17s\0\0\0\0\30\0\24\0\0\0\0\0\17\0\0\0\0\0\0\0\0\0\0\0\0\0\0\0H\0\0\0\0\0\0\0)\0\0\0\0\0\0\0\0\0\0\0\0\0\0\0\0\0\0\0\1\0\0\0\377\377\377\377\377\377\377\377\0\0\0\0\0\0\0\0`\0\0\0\260\0\0\0\300\0\0\0\0\0\0\0\0\0\0\0\0\0\0\0P\0\0\0H\0\0\08\0\0\0\3\0\0\0\0\0\0\0\367\320\262m\0\0\0\0\272\353\313\227\0\0\0\0\0\0\0\0\30\0\0\0\0\0\0\0\0\0\0\0\0\0\0\0\0\0\0\0\0\0\0\0\20\0\0\0\0\0\0\0\0\0\0\0\0\0\0\0\20\0\0\0\1\0\0\0\0\0\0\0\0\0\0\0h\0\0\0\1\0\0\0\0\0\0\0\0\0\0\0005\0\0\0\0\0\0\0\0\0\0\0\0\0\0\0\300\10\0\0@\0\0\0006\0\0\0\0\0\0\0"..., 312, MSG_NOSIGNAL, NULL, 0) = 312
10557 sendto(14, "\20\0\0\0\270\0\0\0G\201\17s\0\0\0\0\30\0\24\0\0\0\0\0\20\0\0\0\0\0\0\0\0\0\0\0\0\0\0\0H\0\0\0\0\0\0\0+\0\0\0\0\0\0\0\0\0\0\0\0\0\0\0\0\0\0\0\1\0\0\0\377\377\377\377\377\377\377\377\0\0\0\0\0\0\0\0`\0\0\0\0\0\0\0\0\0\0\0\0\0\0\0\0\0\0\0\0\0\0\0H\0\0\0@\0\0\08\0\0\0\3\0\0\0\0\0\0\0\177\240\334e\1\0\0\0\270\353\313\227\1\0\0\0\0\0\0\0\30\0\0\0\0\0\0\0\0\0\0\0\0\0\0\0\0\0\0\0\0\0\0\0\10\0\0\0\0\0\0\0", 184, MSG_NOSIGNAL, NULL, 0 <unfinished ...>
10533 recvmsg(37,  <unfinished ...>
10557 <... sendto resumed>)             = 184
10533 <... recvmsg resumed>{msg_name=NULL, msg_namelen=0, msg_iov=[{iov_base="\20\0\0\08\1\0\0\10\201\17s\0\0\0\0\30\0\24\0\0\0\0\0\17\0\0\0\0\0\0\0\0\0\0\0\0\0\0\0H\0\0\0\0\0\0\0)\0\0\0\0\0\0\0\0\0\0\0\0\0\0\0\0\0\0\0\1\0\0\0\377\377\377\377\377\377\377\377\0\0\0\0\0\0\0\0`\0\0\0\260\0\0\0\300\0\0\0\0\0\0\0\0\0\0\0\0\0\0\0P\0\0\0H\0\0\08\0\0\0\3\0\0\0\0\0\0\0\367\320\262m\0\0\0\0\272\353\313\227\0\0\0\0\0\0\0\0\30\0\0\0\0\0\0\0\0\0\0\0\0\0\0\0\0\0\0\0\0\0\0\0\20\0\0\0\0\0\0\0\0\0\0\0\0\0\0\0\20\0\0\0\1\0\0\0\0\0\0\0\0\0\0\0h\0\0\0\1\0\0\0\0\0\0\0\0\0\0\0005\0\0\0\0\0\0\0\0\0\0\0\0\0\0\0\300\10\0\0@\0\0\0006\0\0\0\0\0\0\0"..., iov_len=4096}], msg_iovlen=1, msg_controllen=0, msg_flags=0}, MSG_DONTWAIT) = 496
10557 sendto(14, "\20\0\0\08\1\0\0\234\201\17s\0\0\0\0\30\0\24\0\0\0\0\0\21\0\0\0\0\0\0\0\0\0\0\0\0\0\0\0H\0\0\0\0\0\0\0-\0\0\0\0\0\0\0\0\0\0\0\0\0\0\0\0\0\0\0\1\0\0\0\377\377\377\377\377\377\377\377\0\0\0\0\0\0\0\0`\0\0\0\260\0\0\0\300\0\0\0\0\0\0\0\0\0\0\0\0\0\0\0P\0\0\0H\0\0\08\0\0\0\3\0\0\0\0\0\0\0\326R\267M\0\0\0\0\273\353\313\227\0\0\0\0\0\0\0\0\30\0\0\0\0\0\0\0\0\0\0\0\0\0\0\0\0\0\0\0\0\0\0\0\20\0\0\0\0\0\0\0\0\0\0\0\0\0\0\0\20\0\0\0\1\0\0\0\0\0\0\0\0\0\0\0h\0\0\0\1\0\0\0\0\0\0\0\0\0\0\0007\0\0\0\0\0\0\0\0\0\0\0\0\0\0\0\0\t\0\0@\0\0\08\0\0\0\0\0\0\0"..., 312, MSG_NOSIGNAL, NULL, 0) = 312
10557 sendto(14, "\20\0\0\0X\1\0\0\355\201\17s\0\0\0\0\30\0\24\0\0\0\0\0\22\0\0\0\0\0\0\0\0\0\0\0\0\0\0\0H\0\0\0\0\0\0\0001\0\0\0\0\0\0\0\0\0\0\0\0\0\0\0\0\0\0\0\1\0\0\0\377\377\377\377\377\377\377\377\0\0\0\0\0\0\0\0`\0\0\0\0\0\0\0\0\0\0\0\0\0\0\0\0\0\0\0\0\0\0\0\350\0\0\0\340\0\0\08\0\0\0\3\0\0\0\0\0\0\0\240\355'g\0\0\0\0\261\353\313\227\0\0\0\0\0\0\0\0\30\0\0\0\0\0\0\0\0\0\0\0\0\0\0\0F\200\17s\0\0\0\0\20\0\0\0\0\0\0\0\10\0\0\0\0\0\0\08\0\0\0\6\0\0\0000\0\0\0\0\0\0\08\0\0\0\0\0\0\0@\0\0\0\0\0\0\0H\0\0\0\0\0\0\0P\0\0\0\0\0\0\0X\0\0\0\0\0\0\0\20\0\0\0\0\0\0\0"..., 344, MSG_NOSIGNAL, NULL, 0 <unfinished ...>
10533 recvmsg(37,  <unfinished ...>
10557 <... sendto resumed>)             = 344
10533 <... recvmsg resumed>{msg_name=NULL, msg_namelen=0, msg_iov=[{iov_base="\20\0\0\08\1\0\0\234\201\17s\0\0\0\0\30\0\24\0\0\0\0\0\21\0\0\0\0\0\0\0\0\0\0\0\0\0\0\0H\0\0\0\0\0\0\0-\0\0\0\0\0\0\0\0\0\0\0\0\0\0\0\0\0\0\0\1\0\0\0\377\377\377\377\377\377\377\377\0\0\0\0\0\0\0\0`\0\0\0\260\0\0\0\300\0\0\0\0\0\0\0\0\0\0\0\0\0\0\0P\0\0\0H\0\0\08\0\0\0\3\0\0\0\0\0\0\0\326R\267M\0\0\0\0\273\353\313\227\0\0\0\0\0\0\0\0\30\0\0\0\0\0\0\0\0\0\0\0\0\0\0\0\0\0\0\0\0\0\0\0\20\0\0\0\0\0\0\0\0\0\0\0\0\0\0\0\20\0\0\0\1\0\0\0\0\0\0\0\0\0\0\0h\0\0\0\1\0\0\0\0\0\0\0\0\0\0\0007\0\0\0\0\0\0\0\0\0\0\0\0\0\0\0\0\t\0\0@\0\0\08\0\0\0\0\0\0\0"..., iov_len=4096}], msg_iovlen=1, msg_controllen=0, msg_flags=0}, MSG_DONTWAIT) = 656
10557 sendto(14, "\20\0\0\0p\0\0\0\244\203\17s\0\0\0\0\30\0\24\0\0\0\0\0\23\0\0\0\0\0\0\0\0\0\0\0\0\0\0\0H\0\0\0\0\0\0\0\25\0\0\0\0\0\0\0\0\0\0\0\0\0\0\0\0\0\0\0\1\0\0\0\0\0\0\0\0\0\0\0\0z\1\0\0\1\0\0\0\0\0\0\0\0\0\0\0\0\0\0\0\0\0\0\0\0\0\0\0\0\0\0", 112, MSG_NOSIGNAL, NULL, 0) = 112
10557 sendto(14, "\20\0\0\0p\0\0\0\340\203\17s\0\0\0\0\30\0\24\0\0\0\0\0\24\0\0\0\0\0\0\0\0\0\0\0\0\0\0\0H\0\0\0\0\0\0\0\25\0\0\0\0\0\0\0\1\0\0\0\0\0\0\0\0\0\0\0\1\0\0\0\0\0\0\0\0\0\0\0\0\202\1\0\0\2\0\0\0\0\0\0\0\0\0\0\0\0\0\0\0\0\0\0\0\0\0\0\0\0\0\0", 112, MSG_NOSIGNAL, NULL, 0 <unfinished ...>
10533 recvmsg(37,  <unfinished ...>
10557 <... sendto resumed>)             = 112
10533 <... recvmsg resumed>{msg_name=NULL, msg_namelen=0, msg_iov=[{iov_base="\20\0\0\0p\0\0\0\244\203\17s\0\0\0\0\30\0\24\0\0\0\0\0\23\0\0\0\0\0\0\0\0\0\0\0\0\0\0\0H\0\0\0\0\0\0\0\25\0\0\0\0\0\0\0\0\0\0\0\0\0\0\0\0\0\0\0\1\0\0\0\0\0\0\0\0\0\0\0\0z\1\0\0\1\0\0\0\0\0\0\0\0\0\0\0\0\0\0\0\0\0\0\0\0\0\0\0\0\0\0\20\0\0\0p\0\0\0\340\203\17s\0\0\0\0\30\0\24\0\0\0\0\0\24\0\0\0\0\0\0\0\0\0\0\0\0\0\0\0H\0\0\0\0\0\0\0\25\0\0\0\0\0\0\0\1\0\0\0\0\0\0\0\0\0\0\0\1\0\0\0\0\0\0\0\0\0\0\0\0\202\1\0\0\2\0\0\0\0\0\0\0\0\0\0\0\0\0\0\0\0\0\0\0\0\0\0\0\0\0\0", iov_len=4096}], msg_iovlen=1, msg_controllen=0, msg_flags=0}, MSG_DONTWAIT) = 224
10545 sendto(14, "\20\0\0\0P\264\0\0\242\205\17s\0\0\0\0\30\0\24\0\0\0\0\0\25\0\0\0\0\0\0\0\0\0\0\0\0\0\0\0H\0\0\0\0\0\0\0\23\0\0\0\0\0\0\0\0\0\0\0\0\0\0\0\0\0\0\0\1\0\0\0\377\377\377\377\377\377\377\377\0\0\0\0\0\0\0\0`\0\0\0\0\0\0\0\0\0\0\0\0\0\0\0\0\0\0\0\0\0\0\0\340\263\0\0\330\263\0\08\0\0\0\3\0\0\0\0\0\0\0\240Kb}\0\0\0\0\262\353\313\227\0\0\0\0\0\0\0\0\30\0\0\0\0\0\0\0\0\0\0\0\0\0\0\0\0\0\0\0\0\0\0\0000\0\0\0\0\0\0\0(\0\0\0\0\0\0\0\360\30\0\0\0\0\0\0\0\0\0\0\0\0\0\0\0\0\0\0\0\0\0\0x\31\0\0\0\0\0\0\310\0\0\0\0\0\0\0\300\0\0\0\0\0\0\0\220\0\0\0\1\0\0\0\300\0\0\0\0\0\0\0"..., 46160, MSG_NOSIGNAL, NULL, 0) = 46160
10533 recvmsg(37, {msg_name=NULL, msg_namelen=0, msg_iov=[{iov_base="\20\0\0\0P\264\0\0\242\205\17s\0\0\0\0\30\0\24\0\0\0\0\0\25\0\0\0\0\0\0\0\0\0\0\0\0\0\0\0H\0\0\0\0\0\0\0\23\0\0\0\0\0\0\0\0\0\0\0\0\0\0\0\0\0\0\0\1\0\0\0\377\377\377\377\377\377\377\377\0\0\0\0\0\0\0\0`\0\0\0\0\0\0\0\0\0\0\0\0\0\0\0\0\0\0\0\0\0\0\0\340\263\0\0\330\263\0\08\0\0\0\3\0\0\0\0\0\0\0\240Kb}\0\0\0\0\262\353\313\227\0\0\0\0\0\0\0\0\30\0\0\0\0\0\0\0\0\0\0\0\0\0\0\0\0\0\0\0\0\0\0\0000\0\0\0\0\0\0\0(\0\0\0\0\0\0\0\360\30\0\0\0\0\0\0\0\0\0\0\0\0\0\0\0\0\0\0\0\0\0\0x\31\0\0\0\0\0\0\310\0\0\0\0\0\0\0\300\0\0\0\0\0\0\0\220\0\0\0\1\0\0\0\300\0\0\0\0\0\0\0"..., iov_len=4096}], msg_iovlen=1, msg_controllen=0, msg_flags=0}, MSG_DONTWAIT) = 4096
10533 recvmsg(37, {msg_name=NULL, msg_namelen=0, msg_iov=[{iov_base="tc_ldr GL_NV_fence GL_NV_framebuffer_blit GL_NV_pack_subimage GL_NV_pixel_buffer_object GL_NV_polygon_mode GL_NV_read_depth GL_NV_read_depth_stencil GL_NV_read_stencil GL_NV_shader_noperspective_interpolation GL_OES_EGL_image GL_OES_EGL_image_external GL_O"..., iov_len=42064}], msg_iovlen=1, msg_controllen=0, msg_flags=0}, MSG_DONTWAIT) = 42064
10545 openat(AT_FDCWD, "/tmp/.com.google.Chrome.aKL1Kb", O_RDWR|O_CREAT|O_EXCL, 0600) = 19
10545 openat(AT_FDCWD, "/tmp/.com.google.Chrome.aKL1Kb", O_RDONLY <unfinished ...>
10557 sendto(14, "\20\0\0\0p\0\0\0\303\211\17s\0\0\0\0\30\0\24\0\0\0\0\0\26\0\0\0\0\0\0\0\0\0\0\0\0\0\0\0H\0\0\0\0\0\0\0\r\0\0\0\0\0\0\0\0\0\0\0\0\0\0\0\0\0\0\0\1\0\0\0\0\0\0\0\0\0\0\0\0{\1\0\0\1\0\0\0\0\0\0\0\0\0\0\0\0\0\0\0\0\0\0\0\0\0\0\0\0\0\0", 112, MSG_NOSIGNAL, NULL, 0 <unfinished ...>
10545 <... openat resumed>)             = 23
10557 <... sendto resumed>)             = 112
10533 recvmsg(37, {msg_name=NULL, msg_namelen=0, msg_iov=[{iov_base="\20\0\0\0p\0\0\0\303\211\17s\0\0\0\0\30\0\24\0\0\0\0\0\26\0\0\0\0\0\0\0\0\0\0\0\0\0\0\0H\0\0\0\0\0\0\0\r\0\0\0\0\0\0\0\0\0\0\0\0\0\0\0\0\0\0\0\1\0\0\0\0\0\0\0\0\0\0\0\0{\1\0\0\1\0\0\0\0\0\0\0\0\0\0\0\0\0\0\0\0\0\0\0\0\0\0\0\0\0\0", iov_len=4096}], msg_iovlen=1, msg_controllen=0, msg_flags=0}, MSG_DONTWAIT) = 112
10557 sendto(14, "\20\0\0\0p\0\0\0p\217\17s\0\0\0\0\30\0\24\0\0\0\0\0\27\0\0\0\0\0\0\0\0\0\0\0\0\0\0\0H\0\0\0\0\0\0\0\31\0\0\0\0\0\0\0\0\0\0\0\0\0\0\0\0\0\0\0\1\0\0\0\0\0\0\0\0\0\0\0\0|\1\0\0\1\0\0\0\0\0\0\0\0\0\0\0\0\0\0\0\0\0\0\0\0\0\0\0\0\0\0", 112, MSG_NOSIGNAL, NULL, 0) = 112
10545 sendto(14, "\20\0\0\0p\0\0\0\245\217\17s\0\0\0\0\30\0\24\0\0\0\0\0\30\0\0\0\0\0\0\0\0\0\0\0\0\0\0\0H\0\0\0\0\0\0\0,\0\0\0\0\0\0\0\1\0\0\0\0\0\0\0\0\0\0\0\1\0\0\0\0\0\0\0\0\0\0\0\0\204\1\0\0\2\0\0\0\0\0\0\0\0\0\0\0\0\0\0\0\0\0\0\0\0\0\0\0\0\0\0", 112, MSG_NOSIGNAL, NULL, 0 <unfinished ...>
10533 recvmsg(37,  <unfinished ...>
10545 <... sendto resumed>)             = 112
10533 <... recvmsg resumed>{msg_name=NULL, msg_namelen=0, msg_iov=[{iov_base="\20\0\0\0p\0\0\0p\217\17s\0\0\0\0\30\0\24\0\0\0\0\0\27\0\0\0\0\0\0\0\0\0\0\0\0\0\0\0H\0\0\0\0\0\0\0\31\0\0\0\0\0\0\0\0\0\0\0\0\0\0\0\0\0\0\0\1\0\0\0\0\0\0\0\0\0\0\0\0|\1\0\0\1\0\0\0\0\0\0\0\0\0\0\0\0\0\0\0\0\0\0\0\0\0\0\0\0\0\0\20\0\0\0p\0\0\0\245\217\17s\0\0\0\0\30\0\24\0\0\0\0\0\30\0\0\0\0\0\0\0\0\0\0\0\0\0\0\0H\0\0\0\0\0\0\0,\0\0\0\0\0\0\0\1\0\0\0\0\0\0\0\0\0\0\0\1\0\0\0\0\0\0\0\0\0\0\0\0\204\1\0\0\2\0\0\0\0\0\0\0\0\0\0\0\0\0\0\0\0\0\0\0\0\0\0\0\0\0\0", iov_len=4096}], msg_iovlen=1, msg_controllen=0, msg_flags=0}, MSG_DONTWAIT) = 224
10557 sendto(14, "\20\0\0\0X\32\0\0\353\217\17s\0\0\0\0\30\0\24\0\0\0\0\0\31\0\0\0\0\0\0\0\0\0\0\0\0\0\0\0H\0\0\0\0\0\0\0\21\0\0\0\0\0\0\0\0\0\0\0\0\0\0\0\0\0\0\0\1\0\0\0\377\377\377\377\377\377\377\377\0\0\0\0\0\0\0\0`\0\0\0\0\0\0\0\0\0\0\0\0\0\0\0\0\0\0\0\0\0\0\0\350\31\0\0\340\31\0\08\0\0\0\3\0\0\0\0\0\0\0\2659\273G\2\0\0\0004\370\267\220\1\0\0\0\0\0\0\0\30\0\0\0\0\0\0\0\0\0\0\0\0\0\0\0\0\0\0\0\0\0\0\0(\0\0\0\0\0\0\0\1\0\0\0\0\0\0\0\30\0\0\0\0\0\0\0\340\30\0\0\0\0\0\0x\31\0\0\0\0\0\0\310\0\0\0\0\0\0\0\300\0\0\0\0\0\0\0\220\0\0\0\1\0\0\0\300\0\0\0\0\0\0\0\240\1\0\0\0\0\0\0"..., 6744, MSG_NOSIGNAL, NULL, 0) = 6744
10533 recvmsg(37, {msg_name=NULL, msg_namelen=0, msg_iov=[{iov_base="\20\0\0\0X\32\0\0\353\217\17s\0\0\0\0\30\0\24\0\0\0\0\0\31\0\0\0\0\0\0\0\0\0\0\0\0\0\0\0H\0\0\0\0\0\0\0\21\0\0\0\0\0\0\0\0\0\0\0\0\0\0\0\0\0\0\0\1\0\0\0\377\377\377\377\377\377\377\377\0\0\0\0\0\0\0\0`\0\0\0\0\0\0\0\0\0\0\0\0\0\0\0\0\0\0\0\0\0\0\0\350\31\0\0\340\31\0\08\0\0\0\3\0\0\0\0\0\0\0\2659\273G\2\0\0\0004\370\267\220\1\0\0\0\0\0\0\0\30\0\0\0\0\0\0\0\0\0\0\0\0\0\0\0\0\0\0\0\0\0\0\0(\0\0\0\0\0\0\0\1\0\0\0\0\0\0\0\30\0\0\0\0\0\0\0\340\30\0\0\0\0\0\0x\31\0\0\0\0\0\0\310\0\0\0\0\0\0\0\300\0\0\0\0\0\0\0\220\0\0\0\1\0\0\0\300\0\0\0\0\0\0\0\240\1\0\0\0\0\0\0"..., iov_len=4096}], msg_iovlen=1, msg_controllen=0, msg_flags=0}, MSG_DONTWAIT) = 4096
10533 recvmsg(37, {msg_name=NULL, msg_namelen=0, msg_iov=[{iov_base="L_NV_fence GL_NV_framebuffer_blit GL_NV_pack_subimage GL_NV_pixel_buffer_object GL_NV_polygon_mode GL_NV_read_depth GL_NV_read_depth_stencil GL_NV_read_stencil GL_NV_shader_noperspective_interpolation GL_OES_EGL_image GL_OES_EGL_image_external GL_OES_EGL_i"..., iov_len=2648}], msg_iovlen=1, msg_controllen=0, msg_flags=0}, MSG_DONTWAIT) = 2648
10529 openat(AT_FDCWD, "/usr/share/fonts/opentype/noto/NotoSerifCJK-Bold.ttc", O_RDONLY|O_CLOEXEC) = 36
10529 openat(AT_FDCWD, "/usr/share/fonts/opentype/noto/NotoSerifCJK-Regular.ttc", O_RDONLY|O_CLOEXEC) = 36
10529 openat(AT_FDCWD, "/home/runner/work/deckrender-acceptance/deckrender-acceptance/benchmark/artifacts/acceptance/private/sandboxes/f2d0ead1671bca07b7bae471906b296bf75cb7245dc7dbbdf3a71dfa1ed41aff/.cache/fontconfig/9b89f8e3dae116d678bbf48e5f21f69b-le64.cache-11.TMP-ySNhEf", O_RDWR|O_CREAT|O_EXCL, 0600) = 33
10529 openat(AT_FDCWD, "/home/runner/work/deckrender-acceptance/deckrender-acceptance/benchmark/artifacts/acceptance/private/sandboxes/f2d0ead1671bca07b7bae471906b296bf75cb7245dc7dbbdf3a71dfa1ed41aff/.cache/fontconfig/9b89f8e3dae116d678bbf48e5f21f69b-le64.cache-11.NEW", O_RDWR|O_CREAT|O_CLOEXEC, 0666) = 33
10529 openat(AT_FDCWD, "/usr/share/fonts/truetype/dejavu", O_RDONLY|O_CLOEXEC) = 33
10529 openat(AT_FDCWD, "/var/cache/fontconfig/d589a48862398ed80a3d6066f4f56f4c-le64.cache-11", O_RDONLY|O_CLOEXEC) = -1 ENOENT (No such file or directory)
10529 openat(AT_FDCWD, "/usr/share/fonts/truetype/dejavu/.uuid", O_RDONLY|O_CLOEXEC) = -1 ENOENT (No such file or directory)
10529 openat(AT_FDCWD, "/home/runner/work/deckrender-acceptance/deckrender-acceptance/benchmark/artifacts/acceptance/private/sandboxes/f2d0ead1671bca07b7bae471906b296bf75cb7245dc7dbbdf3a71dfa1ed41aff/.cache/fontconfig/d589a48862398ed80a3d6066f4f56f4c-le64.cache-11", O_RDONLY|O_CLOEXEC) = -1 ENOENT (No such file or directory)
10529 openat(AT_FDCWD, "/usr/share/fonts/truetype/dejavu/.uuid", O_RDONLY|O_CLOEXEC) = -1 ENOENT (No such file or directory)
10529 openat(AT_FDCWD, "/home/runner/work/deckrender-acceptance/deckrender-acceptance/benchmark/artifacts/acceptance/private/sandboxes/f2d0ead1671bca07b7bae471906b296bf75cb7245dc7dbbdf3a71dfa1ed41aff/.fontconfig/d589a48862398ed80a3d6066f4f56f4c-le64.cache-11", O_RDONLY|O_CLOEXEC) = -1 ENOENT (No such file or directory)
10529 openat(AT_FDCWD, "/usr/share/fonts/truetype/dejavu/.uuid", O_RDONLY|O_CLOEXEC) = -1 ENOENT (No such file or directory)
10529 openat(AT_FDCWD, "/usr/share/fonts/truetype/dejavu", O_RDONLY|O_CLOEXEC) = 33
10529 openat(AT_FDCWD, "/var/cache/fontconfig/d589a48862398ed80a3d6066f4f56f4c-le64.cache-11", O_RDWR|O_CLOEXEC) = -1 ENOENT (No such file or directory)
10529 openat(AT_FDCWD, "/home/runner/work/deckrender-acceptance/deckrender-acceptance/benchmark/artifacts/acceptance/private/sandboxes/f2d0ead1671bca07b7bae471906b296bf75cb7245dc7dbbdf3a71dfa1ed41aff/.cache/fontconfig/d589a48862398ed80a3d6066f4f56f4c-le64.cache-11", O_RDWR|O_CLOEXEC) = -1 ENOENT (No such file or directory)
10529 openat(AT_FDCWD, "/home/runner/work/deckrender-acceptance/deckrender-acceptance/benchmark/artifacts/acceptance/private/sandboxes/f2d0ead1671bca07b7bae471906b296bf75cb7245dc7dbbdf3a71dfa1ed41aff/.fontconfig/d589a48862398ed80a3d6066f4f56f4c-le64.cache-11", O_RDWR|O_CLOEXEC) = -1 ENOENT (No such file or directory)
10529 openat(AT_FDCWD, "/usr/share/fonts/truetype/dejavu", O_RDONLY|O_NONBLOCK|O_CLOEXEC|O_DIRECTORY) = 33
10529 openat(AT_FDCWD, "/usr/share/fonts/truetype/dejavu/DejaVuMathTeXGyre.ttf", O_RDONLY|O_CLOEXEC) = 36
10529 openat(AT_FDCWD, "/usr/share/fonts/truetype/dejavu/DejaVuSans-Bold.ttf", O_RDONLY|O_CLOEXEC) = 36
10529 openat(AT_FDCWD, "/usr/share/fonts/truetype/dejavu/DejaVuSans-BoldOblique.ttf", O_RDONLY|O_CLOEXEC) = 36
10529 openat(AT_FDCWD, "/usr/share/fonts/truetype/dejavu/DejaVuSans-ExtraLight.ttf", O_RDONLY|O_CLOEXEC) = 36
10529 openat(AT_FDCWD, "/usr/share/fonts/truetype/dejavu/DejaVuSans-Oblique.ttf", O_RDONLY|O_CLOEXEC) = 36
10529 openat(AT_FDCWD, "/usr/share/fonts/truetype/dejavu/DejaVuSans.ttf", O_RDONLY|O_CLOEXEC) = 36
10529 openat(AT_FDCWD, "/usr/share/fonts/truetype/dejavu/DejaVuSansCondensed-Bold.ttf", O_RDONLY|O_CLOEXEC) = 36
10529 openat(AT_FDCWD, "/usr/share/fonts/truetype/dejavu/DejaVuSansCondensed-BoldOblique.ttf", O_RDONLY|O_CLOEXEC) = 36
10529 openat(AT_FDCWD, "/usr/share/fonts/truetype/dejavu/DejaVuSansCondensed-Oblique.ttf", O_RDONLY|O_CLOEXEC) = 36
10529 openat(AT_FDCWD, "/usr/share/fonts/truetype/dejavu/DejaVuSansCondensed.ttf", O_RDONLY|O_CLOEXEC) = 36
10529 openat(AT_FDCWD, "/usr/share/fonts/truetype/dejavu/DejaVuSansMono-Bold.ttf", O_RDONLY|O_CLOEXEC) = 36
10529 openat(AT_FDCWD, "/usr/share/fonts/truetype/dejavu/DejaVuSansMono-BoldOblique.ttf", O_RDONLY|O_CLOEXEC) = 36
10529 openat(AT_FDCWD, "/usr/share/fonts/truetype/dejavu/DejaVuSansMono-Oblique.ttf", O_RDONLY|O_CLOEXEC) = 36
10529 openat(AT_FDCWD, "/usr/share/fonts/truetype/dejavu/DejaVuSansMono.ttf", O_RDONLY|O_CLOEXEC) = 36
10529 openat(AT_FDCWD, "/usr/share/fonts/truetype/dejavu/DejaVuSerif-Bold.ttf", O_RDONLY|O_CLOEXEC) = 36
10529 openat(AT_FDCWD, "/usr/share/fonts/truetype/dejavu/DejaVuSerif-BoldItalic.ttf", O_RDONLY|O_CLOEXEC) = 36
10529 openat(AT_FDCWD, "/usr/share/fonts/truetype/dejavu/DejaVuSerif-Italic.ttf", O_RDONLY|O_CLOEXEC) = 36
10529 openat(AT_FDCWD, "/usr/share/fonts/truetype/dejavu/DejaVuSerif.ttf", O_RDONLY|O_CLOEXEC) = 36
10529 openat(AT_FDCWD, "/usr/share/fonts/truetype/dejavu/DejaVuSerifCondensed-Bold.ttf", O_RDONLY|O_CLOEXEC) = 36
10529 openat(AT_FDCWD, "/usr/share/fonts/truetype/dejavu/DejaVuSerifCondensed-BoldItalic.ttf", O_RDONLY|O_CLOEXEC) = 36
10529 openat(AT_FDCWD, "/usr/share/fonts/truetype/dejavu/DejaVuSerifCondensed-Italic.ttf", O_RDONLY|O_CLOEXEC) = 36
10529 openat(AT_FDCWD, "/usr/share/fonts/truetype/dejavu/DejaVuSerifCondensed.ttf", O_RDONLY|O_CLOEXEC) = 36
10529 openat(AT_FDCWD, "/home/runner/work/deckrender-acceptance/deckrender-acceptance/benchmark/artifacts/acceptance/private/sandboxes/f2d0ead1671bca07b7bae471906b296bf75cb7245dc7dbbdf3a71dfa1ed41aff/.cache/fontconfig/d589a48862398ed80a3d6066f4f56f4c-le64.cache-11.TMP-lG6Mme", O_RDWR|O_CREAT|O_EXCL, 0600) = 33
10529 openat(AT_FDCWD, "/home/runner/work/deckrender-acceptance/deckrender-acceptance/benchmark/artifacts/acceptance/private/sandboxes/f2d0ead1671bca07b7bae471906b296bf75cb7245dc7dbbdf3a71dfa1ed41aff/.cache/fontconfig/d589a48862398ed80a3d6066f4f56f4c-le64.cache-11.NEW", O_RDWR|O_CREAT|O_CLOEXEC, 0666) = 33
10529 openat(AT_FDCWD, "/usr/share/fonts/truetype/lato", O_RDONLY|O_CLOEXEC) = 33
10529 openat(AT_FDCWD, "/var/cache/fontconfig/bf3b770c553c462765856025a94f1ce6-le64.cache-11", O_RDONLY|O_CLOEXEC) = -1 ENOENT (No such file or directory)
10529 openat(AT_FDCWD, "/usr/share/fonts/truetype/lato/.uuid", O_RDONLY|O_CLOEXEC) = -1 ENOENT (No such file or directory)
10529 openat(AT_FDCWD, "/home/runner/work/deckrender-acceptance/deckrender-acceptance/benchmark/artifacts/acceptance/private/sandboxes/f2d0ead1671bca07b7bae471906b296bf75cb7245dc7dbbdf3a71dfa1ed41aff/.cache/fontconfig/bf3b770c553c462765856025a94f1ce6-le64.cache-11", O_RDONLY|O_CLOEXEC) = -1 ENOENT (No such file or directory)
10529 openat(AT_FDCWD, "/usr/share/fonts/truetype/lato/.uuid", O_RDONLY|O_CLOEXEC) = -1 ENOENT (No such file or directory)
10529 openat(AT_FDCWD, "/home/runner/work/deckrender-acceptance/deckrender-acceptance/benchmark/artifacts/acceptance/private/sandboxes/f2d0ead1671bca07b7bae471906b296bf75cb7245dc7dbbdf3a71dfa1ed41aff/.fontconfig/bf3b770c553c462765856025a94f1ce6-le64.cache-11", O_RDONLY|O_CLOEXEC) = -1 ENOENT (No such file or directory)
10529 openat(AT_FDCWD, "/usr/share/fonts/truetype/lato/.uuid", O_RDONLY|O_CLOEXEC) = -1 ENOENT (No such file or directory)
10529 openat(AT_FDCWD, "/usr/share/fonts/truetype/lato", O_RDONLY|O_CLOEXEC) = 33
10529 openat(AT_FDCWD, "/var/cache/fontconfig/bf3b770c553c462765856025a94f1ce6-le64.cache-11", O_RDWR|O_CLOEXEC) = -1 ENOENT (No such file or directory)
10529 openat(AT_FDCWD, "/home/runner/work/deckrender-acceptance/deckrender-acceptance/benchmark/artifacts/acceptance/private/sandboxes/f2d0ead1671bca07b7bae471906b296bf75cb7245dc7dbbdf3a71dfa1ed41aff/.cache/fontconfig/bf3b770c553c462765856025a94f1ce6-le64.cache-11", O_RDWR|O_CLOEXEC) = -1 ENOENT (No such file or directory)
10529 openat(AT_FDCWD, "/home/runner/work/deckrender-acceptance/deckrender-acceptance/benchmark/artifacts/acceptance/private/sandboxes/f2d0ead1671bca07b7bae471906b296bf75cb7245dc7dbbdf3a71dfa1ed41aff/.fontconfig/bf3b770c553c462765856025a94f1ce6-le64.cache-11", O_RDWR|O_CLOEXEC) = -1 ENOENT (No such file or directory)
10529 openat(AT_FDCWD, "/usr/share/fonts/truetype/lato", O_RDONLY|O_NONBLOCK|O_CLOEXEC|O_DIRECTORY) = 33
10529 openat(AT_FDCWD, "/usr/share/fonts/truetype/lato/Lato-Black.ttf", O_RDONLY|O_CLOEXEC) = 36
10529 openat(AT_FDCWD, "/usr/share/fonts/truetype/lato/Lato-BlackItalic.ttf", O_RDONLY|O_CLOEXEC) = 36
10529 openat(AT_FDCWD, "/usr/share/fonts/truetype/lato/Lato-Bold.ttf", O_RDONLY|O_CLOEXEC) = 36
10529 openat(AT_FDCWD, "/usr/share/fonts/truetype/lato/Lato-BoldItalic.ttf", O_RDONLY|O_CLOEXEC) = 36
10529 openat(AT_FDCWD, "/usr/share/fonts/truetype/lato/Lato-Hairline.ttf", O_RDONLY|O_CLOEXEC) = 36
10529 openat(AT_FDCWD, "/usr/share/fonts/truetype/lato/Lato-HairlineItalic.ttf", O_RDONLY|O_CLOEXEC) = 36
10529 openat(AT_FDCWD, "/usr/share/fonts/truetype/lato/Lato-Heavy.ttf", O_RDONLY|O_CLOEXEC) = 36
10529 openat(AT_FDCWD, "/usr/share/fonts/truetype/lato/Lato-HeavyItalic.ttf", O_RDONLY|O_CLOEXEC) = 36
10529 openat(AT_FDCWD, "/usr/share/fonts/truetype/lato/Lato-Italic.ttf", O_RDONLY|O_CLOEXEC) = 36
10529 openat(AT_FDCWD, "/usr/share/fonts/truetype/lato/Lato-Light.ttf", O_RDONLY|O_CLOEXEC) = 36
10529 openat(AT_FDCWD, "/usr/share/fonts/truetype/lato/Lato-LightItalic.ttf", O_RDONLY|O_CLOEXEC) = 36
10529 openat(AT_FDCWD, "/usr/share/fonts/truetype/lato/Lato-Medium.ttf", O_RDONLY|O_CLOEXEC) = 36
10529 openat(AT_FDCWD, "/usr/share/fonts/truetype/lato/Lato-MediumItalic.ttf", O_RDONLY|O_CLOEXEC) = 36
10529 openat(AT_FDCWD, "/usr/share/fonts/truetype/lato/Lato-Regular.ttf", O_RDONLY|O_CLOEXEC) = 36
10529 openat(AT_FDCWD, "/usr/share/fonts/truetype/lato/Lato-Semibold.ttf", O_RDONLY|O_CLOEXEC) = 36
10529 openat(AT_FDCWD, "/usr/share/fonts/truetype/lato/Lato-SemiboldItalic.ttf", O_RDONLY|O_CLOEXEC) = 36
10529 openat(AT_FDCWD, "/usr/share/fonts/truetype/lato/Lato-Thin.ttf", O_RDONLY|O_CLOEXEC) = 36
10529 openat(AT_FDCWD, "/usr/share/fonts/truetype/lato/Lato-ThinItalic.ttf", O_RDONLY|O_CLOEXEC) = 36
10529 openat(AT_FDCWD, "/home/runner/work/deckrender-acceptance/deckrender-acceptance/benchmark/artifacts/acceptance/private/sandboxes/f2d0ead1671bca07b7bae471906b296bf75cb7245dc7dbbdf3a71dfa1ed41aff/.cache/fontconfig/bf3b770c553c462765856025a94f1ce6-le64.cache-11.TMP-5e84l9", O_RDWR|O_CREAT|O_EXCL, 0600) = 33
10529 openat(AT_FDCWD, "/home/runner/work/deckrender-acceptance/deckrender-acceptance/benchmark/artifacts/acceptance/private/sandboxes/f2d0ead1671bca07b7bae471906b296bf75cb7245dc7dbbdf3a71dfa1ed41aff/.cache/fontconfig/bf3b770c553c462765856025a94f1ce6-le64.cache-11.NEW", O_RDWR|O_CREAT|O_CLOEXEC, 0666) = 33
10529 openat(AT_FDCWD, "/usr/share/fonts/truetype/liberation", O_RDONLY|O_CLOEXEC) = 33
10529 openat(AT_FDCWD, "/var/cache/fontconfig/3047814df9a2f067bd2d96a2b9c36e5a-le64.cache-11", O_RDONLY|O_CLOEXEC) = -1 ENOENT (No such file or directory)
10529 openat(AT_FDCWD, "/usr/share/fonts/truetype/liberation/.uuid", O_RDONLY|O_CLOEXEC) = -1 ENOENT (No such file or directory)
10529 openat(AT_FDCWD, "/home/runner/work/deckrender-acceptance/deckrender-acceptance/benchmark/artifacts/acceptance/private/sandboxes/f2d0ead1671bca07b7bae471906b296bf75cb7245dc7dbbdf3a71dfa1ed41aff/.cache/fontconfig/3047814df9a2f067bd2d96a2b9c36e5a-le64.cache-11", O_RDONLY|O_CLOEXEC) = -1 ENOENT (No such file or directory)
10529 openat(AT_FDCWD, "/usr/share/fonts/truetype/liberation/.uuid", O_RDONLY|O_CLOEXEC) = -1 ENOENT (No such file or directory)
10529 openat(AT_FDCWD, "/home/runner/work/deckrender-acceptance/deckrender-acceptance/benchmark/artifacts/acceptance/private/sandboxes/f2d0ead1671bca07b7bae471906b296bf75cb7245dc7dbbdf3a71dfa1ed41aff/.fontconfig/3047814df9a2f067bd2d96a2b9c36e5a-le64.cache-11", O_RDONLY|O_CLOEXEC) = -1 ENOENT (No such file or directory)
10529 openat(AT_FDCWD, "/usr/share/fonts/truetype/liberation/.uuid", O_RDONLY|O_CLOEXEC) = -1 ENOENT (No such file or directory)
10529 openat(AT_FDCWD, "/usr/share/fonts/truetype/liberation", O_RDONLY|O_CLOEXEC) = 33
10529 openat(AT_FDCWD, "/var/cache/fontconfig/3047814df9a2f067bd2d96a2b9c36e5a-le64.cache-11", O_RDWR|O_CLOEXEC) = -1 ENOENT (No such file or directory)
10529 openat(AT_FDCWD, "/home/runner/work/deckrender-acceptance/deckrender-acceptance/benchmark/artifacts/acceptance/private/sandboxes/f2d0ead1671bca07b7bae471906b296bf75cb7245dc7dbbdf3a71dfa1ed41aff/.cache/fontconfig/3047814df9a2f067bd2d96a2b9c36e5a-le64.cache-11", O_RDWR|O_CLOEXEC) = -1 ENOENT (No such file or directory)
10529 openat(AT_FDCWD, "/home/runner/work/deckrender-acceptance/deckrender-acceptance/benchmark/artifacts/acceptance/private/sandboxes/f2d0ead1671bca07b7bae471906b296bf75cb7245dc7dbbdf3a71dfa1ed41aff/.fontconfig/3047814df9a2f067bd2d96a2b9c36e5a-le64.cache-11", O_RDWR|O_CLOEXEC) = -1 ENOENT (No such file or directory)
10529 openat(AT_FDCWD, "/usr/share/fonts/truetype/liberation", O_RDONLY|O_NONBLOCK|O_CLOEXEC|O_DIRECTORY) = 33
10529 openat(AT_FDCWD, "/usr/share/fonts/truetype/liberation/LiberationMono-Bold.ttf", O_RDONLY|O_CLOEXEC) = 36
10529 openat(AT_FDCWD, "/usr/share/fonts/truetype/liberation/LiberationMono-BoldItalic.ttf", O_RDONLY|O_CLOEXEC) = 36
10529 openat(AT_FDCWD, "/usr/share/fonts/truetype/liberation/LiberationMono-Italic.ttf", O_RDONLY|O_CLOEXEC) = 36
10529 openat(AT_FDCWD, "/usr/share/fonts/truetype/liberation/LiberationMono-Regular.ttf", O_RDONLY|O_CLOEXEC) = 36
10529 openat(AT_FDCWD, "/usr/share/fonts/truetype/liberation/LiberationSans-Bold.ttf", O_RDONLY|O_CLOEXEC) = 36
10529 openat(AT_FDCWD, "/usr/share/fonts/truetype/liberation/LiberationSans-BoldItalic.ttf", O_RDONLY|O_CLOEXEC) = 36
10529 openat(AT_FDCWD, "/usr/share/fonts/truetype/liberation/LiberationSans-Italic.ttf", O_RDONLY|O_CLOEXEC) = 36
10529 openat(AT_FDCWD, "/usr/share/fonts/truetype/liberation/LiberationSans-Regular.ttf", O_RDONLY|O_CLOEXEC) = 36
10529 openat(AT_FDCWD, "/usr/share/fonts/truetype/liberation/LiberationSerif-Bold.ttf", O_RDONLY|O_CLOEXEC) = 36
10529 openat(AT_FDCWD, "/usr/share/fonts/truetype/liberation/LiberationSerif-BoldItalic.ttf", O_RDONLY|O_CLOEXEC) = 36
10529 openat(AT_FDCWD, "/usr/share/fonts/truetype/liberation/LiberationSerif-Italic.ttf", O_RDONLY|O_CLOEXEC) = 36
10529 openat(AT_FDCWD, "/usr/share/fonts/truetype/liberation/LiberationSerif-Regular.ttf", O_RDONLY|O_CLOEXEC) = 36
10529 openat(AT_FDCWD, "/home/runner/work/deckrender-acceptance/deckrender-acceptance/benchmark/artifacts/acceptance/private/sandboxes/f2d0ead1671bca07b7bae471906b296bf75cb7245dc7dbbdf3a71dfa1ed41aff/.cache/fontconfig/3047814df9a2f067bd2d96a2b9c36e5a-le64.cache-11.TMP-c44ozT", O_RDWR|O_CREAT|O_EXCL, 0600) = 33
10529 openat(AT_FDCWD, "/home/runner/work/deckrender-acceptance/deckrender-acceptance/benchmark/artifacts/acceptance/private/sandboxes/f2d0ead1671bca07b7bae471906b296bf75cb7245dc7dbbdf3a71dfa1ed41aff/.cache/fontconfig/3047814df9a2f067bd2d96a2b9c36e5a-le64.cache-11.NEW", O_RDWR|O_CREAT|O_CLOEXEC, 0666) = 33
10529 openat(AT_FDCWD, "/usr/share/fonts/truetype/noto", O_RDONLY|O_CLOEXEC) = 33
10529 openat(AT_FDCWD, "/var/cache/fontconfig/0bd3dc0958fa2205aaaa8ebb13e2872b-le64.cache-11", O_RDONLY|O_CLOEXEC) = -1 ENOENT (No such file or directory)
10529 openat(AT_FDCWD, "/usr/share/fonts/truetype/noto/.uuid", O_RDONLY|O_CLOEXEC) = -1 ENOENT (No such file or directory)
10529 openat(AT_FDCWD, "/home/runner/work/deckrender-acceptance/deckrender-acceptance/benchmark/artifacts/acceptance/private/sandboxes/f2d0ead1671bca07b7bae471906b296bf75cb7245dc7dbbdf3a71dfa1ed41aff/.cache/fontconfig/0bd3dc0958fa2205aaaa8ebb13e2872b-le64.cache-11", O_RDONLY|O_CLOEXEC) = -1 ENOENT (No such file or directory)
10529 openat(AT_FDCWD, "/usr/share/fonts/truetype/noto/.uuid", O_RDONLY|O_CLOEXEC) = -1 ENOENT (No such file or directory)
10529 openat(AT_FDCWD, "/home/runner/work/deckrender-acceptance/deckrender-acceptance/benchmark/artifacts/acceptance/private/sandboxes/f2d0ead1671bca07b7bae471906b296bf75cb7245dc7dbbdf3a71dfa1ed41aff/.fontconfig/0bd3dc0958fa2205aaaa8ebb13e2872b-le64.cache-11", O_RDONLY|O_CLOEXEC) = -1 ENOENT (No such file or directory)
10529 openat(AT_FDCWD, "/usr/share/fonts/truetype/noto/.uuid", O_RDONLY|O_CLOEXEC) = -1 ENOENT (No such file or directory)
10529 openat(AT_FDCWD, "/usr/share/fonts/truetype/noto", O_RDONLY|O_CLOEXEC) = 33
10529 openat(AT_FDCWD, "/var/cache/fontconfig/0bd3dc0958fa2205aaaa8ebb13e2872b-le64.cache-11", O_RDWR|O_CLOEXEC) = -1 ENOENT (No such file or directory)
10529 openat(AT_FDCWD, "/home/runner/work/deckrender-acceptance/deckrender-acceptance/benchmark/artifacts/acceptance/private/sandboxes/f2d0ead1671bca07b7bae471906b296bf75cb7245dc7dbbdf3a71dfa1ed41aff/.cache/fontconfig/0bd3dc0958fa2205aaaa8ebb13e2872b-le64.cache-11", O_RDWR|O_CLOEXEC) = -1 ENOENT (No such file or directory)
10529 openat(AT_FDCWD, "/home/runner/work/deckrender-acceptance/deckrender-acceptance/benchmark/artifacts/acceptance/private/sandboxes/f2d0ead1671bca07b7bae471906b296bf75cb7245dc7dbbdf3a71dfa1ed41aff/.fontconfig/0bd3dc0958fa2205aaaa8ebb13e2872b-le64.cache-11", O_RDWR|O_CLOEXEC) = -1 ENOENT (No such file or directory)
10529 openat(AT_FDCWD, "/usr/share/fonts/truetype/noto", O_RDONLY|O_NONBLOCK|O_CLOEXEC|O_DIRECTORY) = 33
10529 openat(AT_FDCWD, "/usr/share/fonts/truetype/noto/NotoColorEmoji.ttf", O_RDONLY|O_CLOEXEC) = 36
10529 openat(AT_FDCWD, "/home/runner/work/deckrender-acceptance/deckrender-acceptance/benchmark/artifacts/acceptance/private/sandboxes/f2d0ead1671bca07b7bae471906b296bf75cb7245dc7dbbdf3a71dfa1ed41aff/.cache/fontconfig/0bd3dc0958fa2205aaaa8ebb13e2872b-le64.cache-11.TMP-DVetcY", O_RDWR|O_CREAT|O_EXCL, 0600) = 33
10529 openat(AT_FDCWD, "/home/runner/work/deckrender-acceptance/deckrender-acceptance/benchmark/artifacts/acceptance/private/sandboxes/f2d0ead1671bca07b7bae471906b296bf75cb7245dc7dbbdf3a71dfa1ed41aff/.cache/fontconfig/0bd3dc0958fa2205aaaa8ebb13e2872b-le64.cache-11.NEW", O_RDWR|O_CREAT|O_CLOEXEC, 0666) = 33
10509 sendto(37, "\20\0\0\0p\0\0\0 \233\20s\0\0\0\0\30\0\24\0\0\0\0\0\20\0\0\0\0\0\0\0\0\0\0\0\0\0\0\0H\0\0\0\0\0\0\0\17\0\0\0\0\0\0\0\2\0\0\0\0\0\0\0\0\0\0\0\1\0\0\0\0\0\0\0\0\0\0\0\0}\1\0\0\1\0\0\0\0\0\0\0\0\0\0\0\0\0\0\0\0\0\0\0\0\0\0\0\0\0\0", 112, MSG_NOSIGNAL, NULL, 0) = 112
10557 recvmsg(14, {msg_name=NULL, msg_namelen=0, msg_iov=[{iov_base="\20\0\0\0p\0\0\0 \233\20s\0\0\0\0\30\0\24\0\0\0\0\0\20\0\0\0\0\0\0\0\0\0\0\0\0\0\0\0H\0\0\0\0\0\0\0\17\0\0\0\0\0\0\0\2\0\0\0\0\0\0\0\0\0\0\0\1\0\0\0\0\0\0\0\0\0\0\0\0}\1\0\0\1\0\0\0\0\0\0\0\0\0\0\0\0\0\0\0\0\0\0\0\0\0\0\0\0\0\0", iov_len=4096}], msg_iovlen=1, msg_controllen=0, msg_flags=0}, MSG_DONTWAIT) = 112
10529 openat(AT_FDCWD, "/tmp/playwright_chromiumdev_profile-pi0Vs8/Consent To Send Stats", O_RDONLY|O_CLOEXEC) = -1 ENOENT (No such file or directory)
10529 openat(AT_FDCWD, "/home/runner/work/deckrender-acceptance/deckrender-acceptance/benchmark/artifacts/acceptance/private/sandboxes/f2d0ead1671bca07b7bae471906b296bf75cb7245dc7dbbdf3a71dfa1ed41aff/config/google-chrome/Crash Reports/settings.dat", O_RDWR|O_CREAT|O_NOCTTY|O_CLOEXEC, 0600) = 33
10542 socketpair(AF_UNIX, SOCK_STREAM, 0, [36, 38]) = 0
10542 openat(AT_FDCWD, "/opt/google/chrome/v8_context_snapshot.bin", O_RDONLY) = 33
10529 openat(AT_FDCWD, "/tmp/playwright_chromiumdev_profile-pi0Vs8/Consent To Send Stats", O_RDONLY|O_CLOEXEC) = -1 ENOENT (No such file or directory)
10559 openat(AT_FDCWD, "/dev/null", O_RDONLY) = 47
10542 openat(AT_FDCWD, "/tmp/.com.google.Chrome.Je1cJQ", O_RDWR|O_CREAT|O_EXCL, 0600) = 38
10542 sendmsg(36, {msg_name=NULL, msg_namelen=0, msg_iov=[{iov_base="\20\0\1\0\270\0\0\0\377\251\20s\0\0\0\0\30\0\0\0\0\0\0\0\0\0\0\0\0\0\0\0h\0\0\0\0\0\0\0@\0\0\0\0\0\0\0u\0B\220bJj\370 \311\34?z\234\37\276\235{\365\276\227\335P\"Z\310\243j\253GEn\0\0\0\0\3\0\0\0\0\0\0\0\0\0\0\0X\0\0\0\0\0\0\0\20\0\0\0\1\0\0\0\0\0\0\0\0\0\0\0\20\0\0\0\1\0\0\0x\0\0\0\0\0\1\0000\0\0\0(\0\0\0\10\0\0\0\1\0\0\0 \0\0\0\0\0\2\0\2\0\0\0\0\0\0\0\204\31\3224L7\245\30\"\257\212\333)\236\333i", iov_len=184}], msg_iovlen=1, msg_control=[{cmsg_len=20, cmsg_level=SOL_SOCKET, cmsg_type=SCM_RIGHTS, cmsg_data=[38]}], msg_controllen=20, msg_flags=0}, MSG_NOSIGNAL) = 184
10509 openat(AT_FDCWD, "/tmp/playwright_chromiumdev_profile-pi0Vs8/Last Version", O_RDONLY|O_CLOEXEC) = -1 ENOENT (No such file or directory)
10559 openat(AT_FDCWD, "/proc/self/fd", O_RDONLY|O_DIRECTORY) = 47
10559 openat(AT_FDCWD, "/opt/hostedtoolcache/Python/3.12.14/x64/lib/glibc-hwcaps/x86-64-v4/libdl.so.2", O_RDONLY|O_CLOEXEC) = -1 ENOENT (No such file or directory)
10559 openat(AT_FDCWD, "/opt/hostedtoolcache/Python/3.12.14/x64/lib/glibc-hwcaps/x86-64-v3/libdl.so.2", O_RDONLY|O_CLOEXEC) = -1 ENOENT (No such file or directory)
10559 openat(AT_FDCWD, "/opt/hostedtoolcache/Python/3.12.14/x64/lib/glibc-hwcaps/x86-64-v2/libdl.so.2", O_RDONLY|O_CLOEXEC) = -1 ENOENT (No such file or directory)
10559 openat(AT_FDCWD, "/opt/hostedtoolcache/Python/3.12.14/x64/lib/libdl.so.2", O_RDONLY|O_CLOEXEC) = -1 ENOENT (No such file or directory)
10559 openat(AT_FDCWD, "/etc/ld.so.cache", O_RDONLY|O_CLOEXEC) = 4
10559 openat(AT_FDCWD, "/lib/x86_64-linux-gnu/libdl.so.2", O_RDONLY|O_CLOEXEC) = 4
10559 openat(AT_FDCWD, "/opt/hostedtoolcache/Python/3.12.14/x64/lib/libpthread.so.0", O_RDONLY|O_CLOEXEC) = -1 ENOENT (No such file or directory)
10559 openat(AT_FDCWD, "/lib/x86_64-linux-gnu/libpthread.so.0", O_RDONLY|O_CLOEXEC) = 4
10559 openat(AT_FDCWD, "/opt/hostedtoolcache/Python/3.12.14/x64/lib/libglib-2.0.so.0", O_RDONLY|O_CLOEXEC) = -1 ENOENT (No such file or directory)
10559 openat(AT_FDCWD, "/lib/x86_64-linux-gnu/libglib-2.0.so.0", O_RDONLY|O_CLOEXEC) = 4
10559 openat(AT_FDCWD, "/opt/hostedtoolcache/Python/3.12.14/x64/lib/libgobject-2.0.so.0", O_RDONLY|O_CLOEXEC) = -1 ENOENT (No such file or directory)
10559 openat(AT_FDCWD, "/lib/x86_64-linux-gnu/libgobject-2.0.so.0", O_RDONLY|O_CLOEXEC) = 4
10559 openat(AT_FDCWD, "/opt/hostedtoolcache/Python/3.12.14/x64/lib/libnspr4.so", O_RDONLY|O_CLOEXEC) = -1 ENOENT (No such file or directory)
10559 openat(AT_FDCWD, "/lib/x86_64-linux-gnu/libnspr4.so", O_RDONLY|O_CLOEXEC) = 4
10559 openat(AT_FDCWD, "/opt/hostedtoolcache/Python/3.12.14/x64/lib/libnss3.so", O_RDONLY|O_CLOEXEC) = -1 ENOENT (No such file or directory)
10559 openat(AT_FDCWD, "/lib/x86_64-linux-gnu/libnss3.so", O_RDONLY|O_CLOEXEC) = 4
10559 openat(AT_FDCWD, "/opt/hostedtoolcache/Python/3.12.14/x64/lib/libnssutil3.so", O_RDONLY|O_CLOEXEC) = -1 ENOENT (No such file or directory)
10559 openat(AT_FDCWD, "/lib/x86_64-linux-gnu/libnssutil3.so", O_RDONLY|O_CLOEXEC) = 4
10559 openat(AT_FDCWD, "/opt/hostedtoolcache/Python/3.12.14/x64/lib/libsmime3.so", O_RDONLY|O_CLOEXEC) = -1 ENOENT (No such file or directory)
10559 openat(AT_FDCWD, "/lib/x86_64-linux-gnu/libsmime3.so", O_RDONLY|O_CLOEXEC) = 4
10559 openat(AT_FDCWD, "/opt/hostedtoolcache/Python/3.12.14/x64/lib/libgio-2.0.so.0", O_RDONLY|O_CLOEXEC) = -1 ENOENT (No such file or directory)
10559 openat(AT_FDCWD, "/lib/x86_64-linux-gnu/libgio-2.0.so.0", O_RDONLY|O_CLOEXEC) = 4
10559 openat(AT_FDCWD, "/opt/hostedtoolcache/Python/3.12.14/x64/lib/libatk-1.0.so.0", O_RDONLY|O_CLOEXEC) = -1 ENOENT (No such file or directory)
10559 openat(AT_FDCWD, "/lib/x86_64-linux-gnu/libatk-1.0.so.0", O_RDONLY|O_CLOEXEC) = 4
10559 openat(AT_FDCWD, "/opt/hostedtoolcache/Python/3.12.14/x64/lib/libatk-bridge-2.0.so.0", O_RDONLY|O_CLOEXEC) = -1 ENOENT (No such file or directory)
10559 openat(AT_FDCWD, "/lib/x86_64-linux-gnu/libatk-bridge-2.0.so.0", O_RDONLY|O_CLOEXEC) = 4
10559 openat(AT_FDCWD, "/opt/hostedtoolcache/Python/3.12.14/x64/lib/libdbus-1.so.3", O_RDONLY|O_CLOEXEC) = -1 ENOENT (No such file or directory)
10559 openat(AT_FDCWD, "/lib/x86_64-linux-gnu/libdbus-1.so.3", O_RDONLY|O_CLOEXEC) = 4
10559 openat(AT_FDCWD, "/opt/hostedtoolcache/Python/3.12.14/x64/lib/libcups.so.2", O_RDONLY|O_CLOEXEC) = -1 ENOENT (No such file or directory)
10559 openat(AT_FDCWD, "/lib/x86_64-linux-gnu/libcups.so.2", O_RDONLY|O_CLOEXEC) = 4
10559 openat(AT_FDCWD, "/opt/hostedtoolcache/Python/3.12.14/x64/lib/libexpat.so.1", O_RDONLY|O_CLOEXEC) = -1 ENOENT (No such file or directory)
10559 openat(AT_FDCWD, "/lib/x86_64-linux-gnu/libexpat.so.1", O_RDONLY|O_CLOEXEC) = 4
10559 openat(AT_FDCWD, "/opt/hostedtoolcache/Python/3.12.14/x64/lib/libxcb.so.1", O_RDONLY|O_CLOEXEC) = -1 ENOENT (No such file or directory)
10559 openat(AT_FDCWD, "/lib/x86_64-linux-gnu/libxcb.so.1", O_RDONLY|O_CLOEXEC) = 4
10559 openat(AT_FDCWD, "/opt/hostedtoolcache/Python/3.12.14/x64/lib/libxkbcommon.so.0", O_RDONLY|O_CLOEXEC) = -1 ENOENT (No such file or directory)
10559 openat(AT_FDCWD, "/lib/x86_64-linux-gnu/libxkbcommon.so.0", O_RDONLY|O_CLOEXEC) = 4
10559 openat(AT_FDCWD, "/opt/hostedtoolcache/Python/3.12.14/x64/lib/libasound.so.2", O_RDONLY|O_CLOEXEC) = -1 ENOENT (No such file or directory)
10559 openat(AT_FDCWD, "/lib/x86_64-linux-gnu/libasound.so.2", O_RDONLY|O_CLOEXEC) = 4
10559 openat(AT_FDCWD, "/opt/hostedtoolcache/Python/3.12.14/x64/lib/libgbm.so.1", O_RDONLY|O_CLOEXEC) = -1 ENOENT (No such file or directory)
10559 openat(AT_FDCWD, "/lib/x86_64-linux-gnu/libgbm.so.1", O_RDONLY|O_CLOEXEC) = 4
10559 openat(AT_FDCWD, "/opt/hostedtoolcache/Python/3.12.14/x64/lib/libX11.so.6", O_RDONLY|O_CLOEXEC) = -1 ENOENT (No such file or directory)
10559 openat(AT_FDCWD, "/lib/x86_64-linux-gnu/libX11.so.6", O_RDONLY|O_CLOEXEC) = 4
10559 openat(AT_FDCWD, "/opt/hostedtoolcache/Python/3.12.14/x64/lib/libXext.so.6", O_RDONLY|O_CLOEXEC) = -1 ENOENT (No such file or directory)
10559 openat(AT_FDCWD, "/lib/x86_64-linux-gnu/libXext.so.6", O_RDONLY|O_CLOEXEC) = 4
10559 openat(AT_FDCWD, "/opt/hostedtoolcache/Python/3.12.14/x64/lib/libcairo.so.2", O_RDONLY|O_CLOEXEC) = -1 ENOENT (No such file or directory)
10559 openat(AT_FDCWD, "/lib/x86_64-linux-gnu/libcairo.so.2", O_RDONLY|O_CLOEXEC) = 4
10559 openat(AT_FDCWD, "/opt/hostedtoolcache/Python/3.12.14/x64/lib/libpango-1.0.so.0", O_RDONLY|O_CLOEXEC) = -1 ENOENT (No such file or directory)
10559 openat(AT_FDCWD, "/lib/x86_64-linux-gnu/libpango-1.0.so.0", O_RDONLY|O_CLOEXEC) = 4
10559 openat(AT_FDCWD, "/opt/hostedtoolcache/Python/3.12.14/x64/lib/libudev.so.1", O_RDONLY|O_CLOEXEC) = -1 ENOENT (No such file or directory)
10559 openat(AT_FDCWD, "/lib/x86_64-linux-gnu/libudev.so.1", O_RDONLY|O_CLOEXEC) = 4
10559 openat(AT_FDCWD, "/opt/hostedtoolcache/Python/3.12.14/x64/lib/libm.so.6", O_RDONLY|O_CLOEXEC) = -1 ENOENT (No such file or directory)
10559 openat(AT_FDCWD, "/lib/x86_64-linux-gnu/libm.so.6", O_RDONLY|O_CLOEXEC) = 4
10559 openat(AT_FDCWD, "/opt/hostedtoolcache/Python/3.12.14/x64/lib/libXcomposite.so.1", O_RDONLY|O_CLOEXEC) = -1 ENOENT (No such file or directory)
10559 openat(AT_FDCWD, "/lib/x86_64-linux-gnu/libXcomposite.so.1", O_RDONLY|O_CLOEXEC) = 4
10559 openat(AT_FDCWD, "/opt/hostedtoolcache/Python/3.12.14/x64/lib/libXdamage.so.1", O_RDONLY|O_CLOEXEC) = -1 ENOENT (No such file or directory)
10559 openat(AT_FDCWD, "/lib/x86_64-linux-gnu/libXdamage.so.1", O_RDONLY|O_CLOEXEC) = 4
10559 openat(AT_FDCWD, "/opt/hostedtoolcache/Python/3.12.14/x64/lib/libXfixes.so.3", O_RDONLY|O_CLOEXEC) = -1 ENOENT (No such file or directory)
10559 openat(AT_FDCWD, "/lib/x86_64-linux-gnu/libXfixes.so.3", O_RDONLY|O_CLOEXEC) = 4
10559 openat(AT_FDCWD, "/opt/hostedtoolcache/Python/3.12.14/x64/lib/libXrandr.so.2", O_RDONLY|O_CLOEXEC) = -1 ENOENT (No such file or directory)
10559 openat(AT_FDCWD, "/lib/x86_64-linux-gnu/libXrandr.so.2", O_RDONLY|O_CLOEXEC) = 4
10559 openat(AT_FDCWD, "/opt/hostedtoolcache/Python/3.12.14/x64/lib/libatspi.so.0", O_RDONLY|O_CLOEXEC) = -1 ENOENT (No such file or directory)
10559 openat(AT_FDCWD, "/lib/x86_64-linux-gnu/libatspi.so.0", O_RDONLY|O_CLOEXEC) = 4
10559 openat(AT_FDCWD, "/opt/hostedtoolcache/Python/3.12.14/x64/lib/libgcc_s.so.1", O_RDONLY|O_CLOEXEC) = -1 ENOENT (No such file or directory)
10559 openat(AT_FDCWD, "/lib/x86_64-linux-gnu/libgcc_s.so.1", O_RDONLY|O_CLOEXEC) = 4
10559 openat(AT_FDCWD, "/opt/hostedtoolcache/Python/3.12.14/x64/lib/libc.so.6", O_RDONLY|O_CLOEXEC) = -1 ENOENT (No such file or directory)
10559 openat(AT_FDCWD, "/lib/x86_64-linux-gnu/libc.so.6", O_RDONLY|O_CLOEXEC) = 4
10559 openat(AT_FDCWD, "/opt/hostedtoolcache/Python/3.12.14/x64/lib/libpcre2-8.so.0", O_RDONLY|O_CLOEXEC) = -1 ENOENT (No such file or directory)
10559 openat(AT_FDCWD, "/lib/x86_64-linux-gnu/libpcre2-8.so.0", O_RDONLY|O_CLOEXEC) = 4
10559 openat(AT_FDCWD, "/opt/hostedtoolcache/Python/3.12.14/x64/lib/libffi.so.8", O_RDONLY|O_CLOEXEC) = -1 ENOENT (No such file or directory)
10559 openat(AT_FDCWD, "/lib/x86_64-linux-gnu/libffi.so.8", O_RDONLY|O_CLOEXEC) = 4
10559 openat(AT_FDCWD, "/opt/hostedtoolcache/Python/3.12.14/x64/lib/libplc4.so", O_RDONLY|O_CLOEXEC) = -1 ENOENT (No such file or directory)
10559 openat(AT_FDCWD, "/lib/x86_64-linux-gnu/libplc4.so", O_RDONLY|O_CLOEXEC) = 4
10559 openat(AT_FDCWD, "/opt/hostedtoolcache/Python/3.12.14/x64/lib/libplds4.so", O_RDONLY|O_CLOEXEC) = -1 ENOENT (No such file or directory)
10559 openat(AT_FDCWD, "/lib/x86_64-linux-gnu/libplds4.so", O_RDONLY|O_CLOEXEC) = 4
10559 openat(AT_FDCWD, "/opt/hostedtoolcache/Python/3.12.14/x64/lib/libgmodule-2.0.so.0", O_RDONLY|O_CLOEXEC) = -1 ENOENT (No such file or directory)
10559 openat(AT_FDCWD, "/lib/x86_64-linux-gnu/libgmodule-2.0.so.0", O_RDONLY|O_CLOEXEC) = 4
10559 openat(AT_FDCWD, "/opt/hostedtoolcache/Python/3.12.14/x64/lib/libz.so.1", O_RDONLY|O_CLOEXEC) = -1 ENOENT (No such file or directory)
10559 openat(AT_FDCWD, "/lib/x86_64-linux-gnu/libz.so.1", O_RDONLY|O_CLOEXEC) = 4
10559 openat(AT_FDCWD, "/opt/hostedtoolcache/Python/3.12.14/x64/lib/libmount.so.1", O_RDONLY|O_CLOEXEC) = -1 ENOENT (No such file or directory)
10559 openat(AT_FDCWD, "/lib/x86_64-linux-gnu/libmount.so.1", O_RDONLY|O_CLOEXEC) = 4
10559 openat(AT_FDCWD, "/opt/hostedtoolcache/Python/3.12.14/x64/lib/libselinux.so.1", O_RDONLY|O_CLOEXEC) = -1 ENOENT (No such file or directory)
10559 openat(AT_FDCWD, "/lib/x86_64-linux-gnu/libselinux.so.1", O_RDONLY|O_CLOEXEC) = 4
10559 openat(AT_FDCWD, "/opt/hostedtoolcache/Python/3.12.14/x64/lib/libsystemd.so.0", O_RDONLY|O_CLOEXEC) = -1 ENOENT (No such file or directory)
10559 openat(AT_FDCWD, "/lib/x86_64-linux-gnu/libsystemd.so.0", O_RDONLY|O_CLOEXEC) = 4
10559 openat(AT_FDCWD, "/opt/hostedtoolcache/Python/3.12.14/x64/lib/libgssapi_krb5.so.2", O_RDONLY|O_CLOEXEC) = -1 ENOENT (No such file or directory)
10559 openat(AT_FDCWD, "/lib/x86_64-linux-gnu/libgssapi_krb5.so.2", O_RDONLY|O_CLOEXEC) = 4
10529 openat(AT_FDCWD, "/tmp/playwright_chromiumdev_profile-pi0Vs8/segmentation_platform/ukm_db", O_RDWR|O_CREAT|O_NOFOLLOW|O_CLOEXEC, 0600) = 42
10559 openat(AT_FDCWD, "/opt/hostedtoolcache/Python/3.12.14/x64/lib/libavahi-common.so.3", O_RDONLY|O_CLOEXEC) = -1 ENOENT (No such file or directory)
10559 openat(AT_FDCWD, "/lib/x86_64-linux-gnu/libavahi-common.so.3", O_RDONLY|O_CLOEXEC) = 4
10559 openat(AT_FDCWD, "/opt/hostedtoolcache/Python/3.12.14/x64/lib/libavahi-client.so.3", O_RDONLY|O_CLOEXEC) = -1 ENOENT (No such file or directory)
10559 openat(AT_FDCWD, "/lib/x86_64-linux-gnu/libavahi-client.so.3", O_RDONLY|O_CLOEXEC) = 4
10559 openat(AT_FDCWD, "/opt/hostedtoolcache/Python/3.12.14/x64/lib/libgnutls.so.30", O_RDONLY|O_CLOEXEC) = -1 ENOENT (No such file or directory)
10559 openat(AT_FDCWD, "/lib/x86_64-linux-gnu/libgnutls.so.30", O_RDONLY|O_CLOEXEC) = 4
10559 openat(AT_FDCWD, "/opt/hostedtoolcache/Python/3.12.14/x64/lib/libXau.so.6", O_RDONLY|O_CLOEXEC) = -1 ENOENT (No such file or directory)
10559 openat(AT_FDCWD, "/lib/x86_64-linux-gnu/libXau.so.6", O_RDONLY|O_CLOEXEC) = 4
10529 openat(AT_FDCWD, "/tmp/playwright_chromiumdev_profile-pi0Vs8/segmentation_platform/ukm_db-journal", O_RDWR|O_CREAT|O_NOFOLLOW|O_CLOEXEC, 0600) = 38
10529 openat(AT_FDCWD, "/dev/urandom", O_RDONLY|O_CLOEXEC) = 44
10559 openat(AT_FDCWD, "/opt/hostedtoolcache/Python/3.12.14/x64/lib/libXdmcp.so.6", O_RDONLY|O_CLOEXEC) = -1 ENOENT (No such file or directory)
10559 openat(AT_FDCWD, "/lib/x86_64-linux-gnu/libXdmcp.so.6", O_RDONLY|O_CLOEXEC) = 4
10559 openat(AT_FDCWD, "/opt/hostedtoolcache/Python/3.12.14/x64/lib/libdrm.so.2", O_RDONLY|O_CLOEXEC) = -1 ENOENT (No such file or directory)
10559 openat(AT_FDCWD, "/lib/x86_64-linux-gnu/libdrm.so.2", O_RDONLY|O_CLOEXEC) = 4
10559 openat(AT_FDCWD, "/opt/hostedtoolcache/Python/3.12.14/x64/lib/libpng16.so.16", O_RDONLY|O_CLOEXEC) = -1 ENOENT (No such file or directory)
10559 openat(AT_FDCWD, "/lib/x86_64-linux-gnu/libpng16.so.16", O_RDONLY|O_CLOEXEC <unfinished ...>
10529 openat(AT_FDCWD, "/tmp/playwright_chromiumdev_profile-pi0Vs8/segmentation_platform", O_RDONLY|O_CLOEXEC <unfinished ...>
10559 <... openat resumed>)             = 4
10529 <... openat resumed>)             = 44
10559 openat(AT_FDCWD, "/opt/hostedtoolcache/Python/3.12.14/x64/lib/libfontconfig.so.1", O_RDONLY|O_CLOEXEC) = -1 ENOENT (No such file or directory)
10559 openat(AT_FDCWD, "/lib/x86_64-linux-gnu/libfontconfig.so.1", O_RDONLY|O_CLOEXEC) = 4
10559 openat(AT_FDCWD, "/opt/hostedtoolcache/Python/3.12.14/x64/lib/libfreetype.so.6", O_RDONLY|O_CLOEXEC) = -1 ENOENT (No such file or directory)
10559 openat(AT_FDCWD, "/lib/x86_64-linux-gnu/libfreetype.so.6", O_RDONLY|O_CLOEXEC) = 4
10529 openat(AT_FDCWD, "/tmp/playwright_chromiumdev_profile-pi0Vs8/segmentation_platform/ukm_db-wal", O_RDWR|O_CREAT|O_NOFOLLOW|O_CLOEXEC, 0600) = 38
10559 openat(AT_FDCWD, "/opt/hostedtoolcache/Python/3.12.14/x64/lib/libXrender.so.1", O_RDONLY|O_CLOEXEC) = -1 ENOENT (No such file or directory)
10559 openat(AT_FDCWD, "/lib/x86_64-linux-gnu/libXrender.so.1", O_RDONLY|O_CLOEXEC) = 4
10559 openat(AT_FDCWD, "/opt/hostedtoolcache/Python/3.12.14/x64/lib/libxcb-render.so.0", O_RDONLY|O_CLOEXEC) = -1 ENOENT (No such file or directory)
10559 openat(AT_FDCWD, "/lib/x86_64-linux-gnu/libxcb-render.so.0", O_RDONLY|O_CLOEXEC) = 4
10559 openat(AT_FDCWD, "/opt/hostedtoolcache/Python/3.12.14/x64/lib/libxcb-shm.so.0", O_RDONLY|O_CLOEXEC) = -1 ENOENT (No such file or directory)
10559 openat(AT_FDCWD, "/lib/x86_64-linux-gnu/libxcb-shm.so.0", O_RDONLY|O_CLOEXEC) = 4
10559 openat(AT_FDCWD, "/opt/hostedtoolcache/Python/3.12.14/x64/lib/libpixman-1.so.0", O_RDONLY|O_CLOEXEC) = -1 ENOENT (No such file or directory)
10559 openat(AT_FDCWD, "/lib/x86_64-linux-gnu/libpixman-1.so.0", O_RDONLY|O_CLOEXEC) = 4
10529 openat(AT_FDCWD, "/tmp/playwright_chromiumdev_profile-pi0Vs8/segmentation_platform", O_RDONLY|O_CLOEXEC) = 44
10559 openat(AT_FDCWD, "/opt/hostedtoolcache/Python/3.12.14/x64/lib/libfribidi.so.0", O_RDONLY|O_CLOEXEC) = -1 ENOENT (No such file or directory)
10559 openat(AT_FDCWD, "/lib/x86_64-linux-gnu/libfribidi.so.0", O_RDONLY|O_CLOEXEC) = 4
10559 openat(AT_FDCWD, "/opt/hostedtoolcache/Python/3.12.14/x64/lib/libthai.so.0", O_RDONLY|O_CLOEXEC) = -1 ENOENT (No such file or directory)
10559 openat(AT_FDCWD, "/lib/x86_64-linux-gnu/libthai.so.0", O_RDONLY|O_CLOEXEC) = 4
10559 openat(AT_FDCWD, "/opt/hostedtoolcache/Python/3.12.14/x64/lib/libharfbuzz.so.0", O_RDONLY|O_CLOEXEC) = -1 ENOENT (No such file or directory)
10559 openat(AT_FDCWD, "/lib/x86_64-linux-gnu/libharfbuzz.so.0", O_RDONLY|O_CLOEXEC) = 4
10559 openat(AT_FDCWD, "/opt/hostedtoolcache/Python/3.12.14/x64/lib/libcap.so.2", O_RDONLY|O_CLOEXEC) = -1 ENOENT (No such file or directory)
10559 openat(AT_FDCWD, "/lib/x86_64-linux-gnu/libcap.so.2", O_RDONLY|O_CLOEXEC) = 4
10559 openat(AT_FDCWD, "/opt/hostedtoolcache/Python/3.12.14/x64/lib/libXi.so.6", O_RDONLY|O_CLOEXEC) = -1 ENOENT (No such file or directory)
10559 openat(AT_FDCWD, "/lib/x86_64-linux-gnu/libXi.so.6", O_RDONLY|O_CLOEXEC) = 4
10559 openat(AT_FDCWD, "/opt/hostedtoolcache/Python/3.12.14/x64/lib/libblkid.so.1", O_RDONLY|O_CLOEXEC) = -1 ENOENT (No such file or directory)
10559 openat(AT_FDCWD, "/lib/x86_64-linux-gnu/libblkid.so.1", O_RDONLY|O_CLOEXEC) = 4
10559 openat(AT_FDCWD, "/opt/hostedtoolcache/Python/3.12.14/x64/lib/libgcrypt.so.20", O_RDONLY|O_CLOEXEC) = -1 ENOENT (No such file or directory)
10559 openat(AT_FDCWD, "/lib/x86_64-linux-gnu/libgcrypt.so.20", O_RDONLY|O_CLOEXEC) = 4
10559 openat(AT_FDCWD, "/opt/hostedtoolcache/Python/3.12.14/x64/lib/liblz4.so.1", O_RDONLY|O_CLOEXEC) = -1 ENOENT (No such file or directory)
10559 openat(AT_FDCWD, "/lib/x86_64-linux-gnu/liblz4.so.1", O_RDONLY|O_CLOEXEC) = 4
10559 openat(AT_FDCWD, "/opt/hostedtoolcache/Python/3.12.14/x64/lib/liblzma.so.5", O_RDONLY|O_CLOEXEC) = -1 ENOENT (No such file or directory)
10559 openat(AT_FDCWD, "/lib/x86_64-linux-gnu/liblzma.so.5", O_RDONLY|O_CLOEXEC) = 4
10559 openat(AT_FDCWD, "/opt/hostedtoolcache/Python/3.12.14/x64/lib/libzstd.so.1", O_RDONLY|O_CLOEXEC) = -1 ENOENT (No such file or directory)
10559 openat(AT_FDCWD, "/lib/x86_64-linux-gnu/libzstd.so.1", O_RDONLY|O_CLOEXEC) = 4
10559 openat(AT_FDCWD, "/opt/hostedtoolcache/Python/3.12.14/x64/lib/libkrb5.so.3", O_RDONLY|O_CLOEXEC) = -1 ENOENT (No such file or directory)
10559 openat(AT_FDCWD, "/lib/x86_64-linux-gnu/libkrb5.so.3", O_RDONLY|O_CLOEXEC) = 4
10559 openat(AT_FDCWD, "/opt/hostedtoolcache/Python/3.12.14/x64/lib/libk5crypto.so.3", O_RDONLY|O_CLOEXEC) = -1 ENOENT (No such file or directory)
10559 openat(AT_FDCWD, "/lib/x86_64-linux-gnu/libk5crypto.so.3", O_RDONLY|O_CLOEXEC) = 4
10559 openat(AT_FDCWD, "/opt/hostedtoolcache/Python/3.12.14/x64/lib/libcom_err.so.2", O_RDONLY|O_CLOEXEC) = -1 ENOENT (No such file or directory)
10559 openat(AT_FDCWD, "/lib/x86_64-linux-gnu/libcom_err.so.2", O_RDONLY|O_CLOEXEC) = 4
10559 openat(AT_FDCWD, "/opt/hostedtoolcache/Python/3.12.14/x64/lib/libkrb5support.so.0", O_RDONLY|O_CLOEXEC) = -1 ENOENT (No such file or directory)
10559 openat(AT_FDCWD, "/lib/x86_64-linux-gnu/libkrb5support.so.0", O_RDONLY|O_CLOEXEC) = 4
10559 openat(AT_FDCWD, "/opt/hostedtoolcache/Python/3.12.14/x64/lib/libp11-kit.so.0", O_RDONLY|O_CLOEXEC) = -1 ENOENT (No such file or directory)
10559 openat(AT_FDCWD, "/lib/x86_64-linux-gnu/libp11-kit.so.0", O_RDONLY|O_CLOEXEC) = 4
10559 openat(AT_FDCWD, "/opt/hostedtoolcache/Python/3.12.14/x64/lib/libidn2.so.0", O_RDONLY|O_CLOEXEC) = -1 ENOENT (No such file or directory)
10559 openat(AT_FDCWD, "/lib/x86_64-linux-gnu/libidn2.so.0", O_RDONLY|O_CLOEXEC) = 4
10559 openat(AT_FDCWD, "/opt/hostedtoolcache/Python/3.12.14/x64/lib/libunistring.so.5", O_RDONLY|O_CLOEXEC) = -1 ENOENT (No such file or directory)
10559 openat(AT_FDCWD, "/lib/x86_64-linux-gnu/libunistring.so.5", O_RDONLY|O_CLOEXEC) = 4
10559 openat(AT_FDCWD, "/opt/hostedtoolcache/Python/3.12.14/x64/lib/libtasn1.so.6", O_RDONLY|O_CLOEXEC) = -1 ENOENT (No such file or directory)
10559 openat(AT_FDCWD, "/lib/x86_64-linux-gnu/libtasn1.so.6", O_RDONLY|O_CLOEXEC) = 4
10559 openat(AT_FDCWD, "/opt/hostedtoolcache/Python/3.12.14/x64/lib/libnettle.so.8", O_RDONLY|O_CLOEXEC) = -1 ENOENT (No such file or directory)
10559 openat(AT_FDCWD, "/lib/x86_64-linux-gnu/libnettle.so.8", O_RDONLY|O_CLOEXEC) = 4
10559 openat(AT_FDCWD, "/opt/hostedtoolcache/Python/3.12.14/x64/lib/libhogweed.so.6", O_RDONLY|O_CLOEXEC) = -1 ENOENT (No such file or directory)
10559 openat(AT_FDCWD, "/lib/x86_64-linux-gnu/libhogweed.so.6", O_RDONLY|O_CLOEXEC) = 4
10559 openat(AT_FDCWD, "/opt/hostedtoolcache/Python/3.12.14/x64/lib/libgmp.so.10", O_RDONLY|O_CLOEXEC) = -1 ENOENT (No such file or directory)
10559 openat(AT_FDCWD, "/lib/x86_64-linux-gnu/libgmp.so.10", O_RDONLY|O_CLOEXEC) = 4
10559 openat(AT_FDCWD, "/opt/hostedtoolcache/Python/3.12.14/x64/lib/libbsd.so.0", O_RDONLY|O_CLOEXEC) = -1 ENOENT (No such file or directory)
10559 openat(AT_FDCWD, "/lib/x86_64-linux-gnu/libbsd.so.0", O_RDONLY|O_CLOEXEC) = 4
10559 openat(AT_FDCWD, "/opt/hostedtoolcache/Python/3.12.14/x64/lib/libbz2.so.1.0", O_RDONLY|O_CLOEXEC) = -1 ENOENT (No such file or directory)
10559 openat(AT_FDCWD, "/lib/x86_64-linux-gnu/libbz2.so.1.0", O_RDONLY|O_CLOEXEC) = 4
10559 openat(AT_FDCWD, "/opt/hostedtoolcache/Python/3.12.14/x64/lib/libbrotlidec.so.1", O_RDONLY|O_CLOEXEC) = -1 ENOENT (No such file or directory)
10559 openat(AT_FDCWD, "/lib/x86_64-linux-gnu/libbrotlidec.so.1", O_RDONLY|O_CLOEXEC) = 4
10559 openat(AT_FDCWD, "/opt/hostedtoolcache/Python/3.12.14/x64/lib/libdatrie.so.1", O_RDONLY|O_CLOEXEC) = -1 ENOENT (No such file or directory)
10559 openat(AT_FDCWD, "/lib/x86_64-linux-gnu/libdatrie.so.1", O_RDONLY|O_CLOEXEC) = 4
10509 openat(AT_FDCWD, "/usr/share/fonts/opentype/noto/NotoSansCJK-Regular.ttc", O_RDONLY) = 44
10559 openat(AT_FDCWD, "/opt/hostedtoolcache/Python/3.12.14/x64/lib/libgraphite2.so.3", O_RDONLY|O_CLOEXEC) = -1 ENOENT (No such file or directory)
10559 openat(AT_FDCWD, "/lib/x86_64-linux-gnu/libgraphite2.so.3", O_RDONLY|O_CLOEXEC) = 4
10559 openat(AT_FDCWD, "/opt/hostedtoolcache/Python/3.12.14/x64/lib/libgpg-error.so.0", O_RDONLY|O_CLOEXEC) = -1 ENOENT (No such file or directory)
10559 openat(AT_FDCWD, "/lib/x86_64-linux-gnu/libgpg-error.so.0", O_RDONLY|O_CLOEXEC) = 4
10509 openat(AT_FDCWD, "/usr/share/fonts/opentype/noto/NotoSerifCJK-Regular.ttc", O_RDONLY) = 44
10559 openat(AT_FDCWD, "/opt/hostedtoolcache/Python/3.12.14/x64/lib/libkeyutils.so.1", O_RDONLY|O_CLOEXEC) = -1 ENOENT (No such file or directory)
10559 openat(AT_FDCWD, "/lib/x86_64-linux-gnu/libkeyutils.so.1", O_RDONLY|O_CLOEXEC) = 4
10559 openat(AT_FDCWD, "/opt/hostedtoolcache/Python/3.12.14/x64/lib/libresolv.so.2", O_RDONLY|O_CLOEXEC) = -1 ENOENT (No such file or directory)
10559 openat(AT_FDCWD, "/lib/x86_64-linux-gnu/libresolv.so.2", O_RDONLY|O_CLOEXEC) = 4
10559 openat(AT_FDCWD, "/opt/hostedtoolcache/Python/3.12.14/x64/lib/libmd.so.0", O_RDONLY|O_CLOEXEC) = -1 ENOENT (No such file or directory)
10559 openat(AT_FDCWD, "/lib/x86_64-linux-gnu/libmd.so.0", O_RDONLY|O_CLOEXEC) = 4
10509 openat(AT_FDCWD, "/usr/share/fonts/opentype/noto/NotoSansCJK-Regular.ttc", O_RDONLY) = 44
10559 openat(AT_FDCWD, "/opt/hostedtoolcache/Python/3.12.14/x64/lib/libbrotlicommon.so.1", O_RDONLY|O_CLOEXEC) = -1 ENOENT (No such file or directory)
10559 openat(AT_FDCWD, "/lib/x86_64-linux-gnu/libbrotlicommon.so.1", O_RDONLY|O_CLOEXEC) = 4
10509 openat(AT_FDCWD, "/usr/share/fonts/opentype/noto/NotoSerifCJK-Regular.ttc", O_RDONLY) = 44
10509 openat(AT_FDCWD, "/usr/share/fonts/opentype/noto/NotoSansCJK-Regular.ttc", O_RDONLY) = 44
10509 openat(AT_FDCWD, "/usr/share/fonts/opentype/noto/NotoSerifCJK-Regular.ttc", O_RDONLY) = 44
10509 openat(AT_FDCWD, "/usr/share/fonts/opentype/noto/NotoSansCJK-Regular.ttc", O_RDONLY) = 44
10509 openat(AT_FDCWD, "/usr/share/fonts/opentype/noto/NotoSerifCJK-Regular.ttc", O_RDONLY) = 44
10509 openat(AT_FDCWD, "/tmp/playwright_chromiumdev_profile-pi0Vs8/Default/Managed Mode Settings", O_RDONLY|O_CLOEXEC) = -1 ENOENT (No such file or directory)
10509 openat(AT_FDCWD, "/tmp/playwright_chromiumdev_profile-pi0Vs8/Default/Preferences", O_RDONLY|O_CLOEXEC) = -1 ENOENT (No such file or directory)
10509 openat(AT_FDCWD, "/tmp/playwright_chromiumdev_profile-pi0Vs8/Default/Secure Preferences", O_RDONLY|O_CLOEXEC) = -1 ENOENT (No such file or directory)
10542 socketpair(AF_UNIX, SOCK_STREAM, 0, [44, 47]) = 0
10542 socketpair(AF_UNIX, SOCK_SEQPACKET, 0, [50, 51]) = 0
10542 setsockopt(50, SOL_SOCKET, SO_PASSCRED, [1], 4) = 0
10542 sendmsg(12, {msg_name=NULL, msg_namelen=0, msg_iov=[{iov_base="\f\4\0\0\0\0\0\0\7\0\0\0utility\0\24\0\0\0\16\0\0\0/proc/self/exe\0\0\16\0\0\0--type=utility\0\0/\0\0\0--utility-sub-type=storage.mojom.StorageService\0\f\0\0\0--lang=en-US\36\0\0\0--service-sandbox-type=utility\0\0\f\0\0\0--no-sandbox\27\0\0\0--disable-dev-shm-usage\0\35\0\0\0--use-angle=swiftshader-webgl\0\0\0\f\0\0\0--mu"..., iov_len=1040}], msg_iovlen=1, msg_control=[{cmsg_len=40, cmsg_level=SOL_SOCKET, cmsg_type=SCM_RIGHTS, cmsg_data=[51, 47, 6, 33, 48, 49]}], msg_controllen=40, msg_flags=0}, MSG_NOSIGNAL) = 1040
10525 recvmsg(3,  <unfinished ...>
10542 recvmsg(50,  <unfinished ...>
10525 <... recvmsg resumed>{msg_name=NULL, msg_namelen=0, msg_iov=[{iov_base="\f\4\0\0\0\0\0\0\7\0\0\0utility\0\24\0\0\0\16\0\0\0/proc/self/exe\0\0\16\0\0\0--type=utility\0\0/\0\0\0--utility-sub-type=storage.mojom.StorageService\0\f\0\0\0--lang=en-US\36\0\0\0--service-sandbox-type=utility\0\0\f\0\0\0--no-sandbox\27\0\0\0--disable-dev-shm-usage\0\35\0\0\0--use-angle=swiftshader-webgl\0\0\0\f\0\0\0--mu"..., iov_len=65536}], msg_iovlen=1, msg_control=[{cmsg_len=40, cmsg_level=SOL_SOCKET, cmsg_type=SCM_RIGHTS, cmsg_data=[13, 14, 15, 16, 17, 18]}], msg_controllen=40, msg_flags=0}, 0) = 1040
10560 sendmsg(13, {msg_name=NULL, msg_namelen=0, msg_iov=[{iov_base="CHILD_PING\0", iov_len=11}], msg_iovlen=1, msg_controllen=0, msg_flags=0}, MSG_NOSIGNAL <unfinished ...>
10525 recvmsg(3,  <unfinished ...>
10560 <... sendmsg resumed>)            = 11
10542 <... recvmsg resumed>{msg_name=NULL, msg_namelen=0, msg_iov=[{iov_base="CHILD_PING\0", iov_len=12}], msg_iovlen=1, msg_control=[{cmsg_len=28, cmsg_level=SOL_SOCKET, cmsg_type=SCM_CREDENTIALS, cmsg_data={pid=10560, uid=1001, gid=1001}}], msg_controllen=32, msg_flags=0}, 0) = 11
10542 sendmsg(12, {msg_name=NULL, msg_namelen=0, msg_iov=[{iov_base="\10\0\0\0\4\0\0\0@)\0\0", iov_len=12}], msg_iovlen=1, msg_controllen=0, msg_flags=0}, MSG_NOSIGNAL) = 12
10525 <... recvmsg resumed>{msg_name=NULL, msg_namelen=0, msg_iov=[{iov_base="\10\0\0\0\4\0\0\0@)\0\0", iov_len=65536}], msg_iovlen=1, msg_controllen=0, msg_flags=0}, 0) = 12
10529 openat(AT_FDCWD, "/tmp/playwright_chromiumdev_profile-pi0Vs8/Default/Sync Data/LevelDB/LOG", O_WRONLY|O_CREAT|O_TRUNC, 0600) = 50
10509 openat(AT_FDCWD, "/tmp/.com.google.Chrome.rtRXO9", O_RDWR|O_CREAT|O_EXCL, 0600) = 51
10529 openat(AT_FDCWD, "/tmp/playwright_chromiumdev_profile-pi0Vs8/Default/Sync Data/LevelDB/LOCK", O_RDWR <unfinished ...>
10509 openat(AT_FDCWD, "/tmp/.com.google.Chrome.rtRXO9", O_RDONLY <unfinished ...>
10529 <... openat resumed>)             = -1 ENOENT (No such file or directory)
10529 openat(AT_FDCWD, "/tmp/playwright_chromiumdev_profile-pi0Vs8/Default/Sync Data/LevelDB/LOCK", O_RDWR|O_CREAT, 0600 <unfinished ...>
10509 <... openat resumed>)             = 53
10529 <... openat resumed>)             = 54
10530 openat(AT_FDCWD, "/tmp/playwright_chromiumdev_profile-pi0Vs8/Default/History", O_RDWR|O_CREAT|O_NOFOLLOW|O_CLOEXEC, 0600) = 47
10542 openat(AT_FDCWD, "/tmp/.com.google.Chrome.tmwRRX", O_RDWR|O_CREAT|O_EXCL, 0600) = 48
10542 sendmsg(44, {msg_name=NULL, msg_namelen=0, msg_iov=[{iov_base="\20\0\1\0\270\0\0\0\256\216\21s\0\0\0\0\30\0\0\0\0\0\0\0\0\0\0\0\0\0\0\0h\0\0\0\0\0\0\0@\0\0\0\0\0\0\0u\0B\220bJj\370 \311\34?z\234\37\276,\370v\250\300P2\250\351\375\330\nJ\337F2\0\0\0\0\3\0\0\0\0\0\0\0\0\0\0\0X\0\0\0\0\0\0\0\20\0\0\0\1\0\0\0\0\0\0\0\0\0\0\0\20\0\0\0\1\0\0\0x\0\0\0\0\0\1\0000\0\0\0(\0\0\0\10\0\0\0\1\0\0\0 \0\0\0\0\0\2\0\2\0\0\0\0\0\0\0\304\214\355\255\261\351\302\323^\3034tpPf\231", iov_len=184}], msg_iovlen=1, msg_control=[{cmsg_len=20, cmsg_level=SOL_SOCKET, cmsg_type=SCM_RIGHTS, cmsg_data=[48]}], msg_controllen=20, msg_flags=0}, MSG_NOSIGNAL) = 184
10529 openat(AT_FDCWD, "/tmp/playwright_chromiumdev_profile-pi0Vs8/Default/Sync Data/LevelDB/MANIFEST-000001", O_WRONLY|O_CREAT|O_TRUNC, 0600 <unfinished ...>
10530 openat(AT_FDCWD, "/tmp/playwright_chromiumdev_profile-pi0Vs8/Default/History-journal", O_RDWR|O_CREAT|O_NOFOLLOW|O_CLOEXEC, 0600 <unfinished ...>
10529 <... openat resumed>)             = 48
10530 <... openat resumed>)             = 51
10529 openat(AT_FDCWD, "/tmp/playwright_chromiumdev_profile-pi0Vs8/Default/Sync Data/LevelDB", O_RDONLY) = 52
10532 openat(AT_FDCWD, "/tmp/playwright_chromiumdev_profile-pi0Vs8/Default/ServerCertificate", O_RDWR|O_CREAT|O_NOFOLLOW|O_CLOEXEC, 0600 <unfinished ...>
10534 openat(AT_FDCWD, "/tmp/playwright_chromiumdev_profile-pi0Vs8/Default/Web Data", O_RDWR|O_CREAT|O_NOFOLLOW|O_CLOEXEC, 0600 <unfinished ...>
10532 <... openat resumed>)             = 52
10534 <... openat resumed>)             = 55
10529 openat(AT_FDCWD, "/tmp/playwright_chromiumdev_profile-pi0Vs8/Default/Sync Data/LevelDB/000001.dbtmp", O_WRONLY|O_CREAT|O_TRUNC, 0600) = 48
10529 openat(AT_FDCWD, "/tmp/playwright_chromiumdev_profile-pi0Vs8/Default/Sync Data/LevelDB/CURRENT", O_RDONLY) = 48
10529 openat(AT_FDCWD, "/tmp/playwright_chromiumdev_profile-pi0Vs8/Default/Sync Data/LevelDB/MANIFEST-000001", O_RDONLY) = 48
10529 openat(AT_FDCWD, "/tmp/playwright_chromiumdev_profile-pi0Vs8/Default/Sync Data/LevelDB/MANIFEST-000001", O_WRONLY|O_APPEND) = 48
10529 openat(AT_FDCWD, "/tmp/playwright_chromiumdev_profile-pi0Vs8/Default/Sync Data/LevelDB", O_RDONLY|O_NONBLOCK|O_CLOEXEC|O_DIRECTORY) = 56
10529 openat(AT_FDCWD, "/tmp/playwright_chromiumdev_profile-pi0Vs8/Default/Sync Data/LevelDB", O_RDONLY|O_NONBLOCK|O_CLOEXEC|O_DIRECTORY) = 56
10532 openat(AT_FDCWD, "/tmp/playwright_chromiumdev_profile-pi0Vs8/Default/ServerCertificate-journal", O_RDWR|O_CREAT|O_NOFOLLOW|O_CLOEXEC, 0600) = 57
10529 openat(AT_FDCWD, "/tmp/playwright_chromiumdev_profile-pi0Vs8/Default/Sync Data/LevelDB/000003.log", O_WRONLY|O_CREAT|O_TRUNC, 0600) = 56
10529 openat(AT_FDCWD, "/tmp/playwright_chromiumdev_profile-pi0Vs8/Default/Sync Data/LevelDB", O_RDONLY|O_NONBLOCK|O_CLOEXEC|O_DIRECTORY) = 58
10534 openat(AT_FDCWD, "/tmp/playwright_chromiumdev_profile-pi0Vs8/Default/Web Data-journal", O_RDWR|O_CREAT|O_NOFOLLOW|O_CLOEXEC, 0600) = 59
10529 openat(AT_FDCWD, "/tmp/playwright_chromiumdev_profile-pi0Vs8/Default/Sync Data/LevelDB", O_RDONLY|O_NONBLOCK|O_CLOEXEC|O_DIRECTORY <unfinished ...>
10538 openat(AT_FDCWD, "/tmp/playwright_chromiumdev_profile-pi0Vs8/Default/Affiliation Database", O_RDWR|O_CREAT|O_NOFOLLOW|O_CLOEXEC, 0600 <unfinished ...>
10529 <... openat resumed>)             = 58
10532 openat(AT_FDCWD, "/tmp/playwright_chromiumdev_profile-pi0Vs8/Default", O_RDONLY|O_CLOEXEC) = 61
10538 <... openat resumed>)             = 60
10534 openat(AT_FDCWD, "/tmp/playwright_chromiumdev_profile-pi0Vs8/Default", O_RDONLY|O_CLOEXEC) = 62
10559 openat(AT_FDCWD, "/etc/gnutls/config", O_RDONLY|O_CLOEXEC) = 4
10529 openat(AT_FDCWD, "/tmp/playwright_chromiumdev_profile-pi0Vs8/Default/Code Cache/wasm/index", O_RDONLY) = -1 ENOENT (No such file or directory)
10529 openat(AT_FDCWD, "/tmp/playwright_chromiumdev_profile-pi0Vs8/Default/Code Cache/wasm/index", O_WRONLY|O_CREAT|O_EXCL, 0600) = 58
10559 openat(AT_FDCWD, "/proc/filesystems", O_RDONLY|O_CLOEXEC) = 4
10539 openat(AT_FDCWD, "/tmp/playwright_chromiumdev_profile-pi0Vs8/Default/Code Cache/js/index", O_RDONLY) = -1 ENOENT (No such file or directory)
10539 openat(AT_FDCWD, "/tmp/playwright_chromiumdev_profile-pi0Vs8/Default/Code Cache/js/index", O_WRONLY|O_CREAT|O_EXCL, 0600) = 58
10540 openat(AT_FDCWD, "/tmp/playwright_chromiumdev_profile-pi0Vs8/Default/Code Cache/wasm/index-dir/the-real-index", O_RDONLY) = -1 ENOENT (No such file or directory)
10538 openat(AT_FDCWD, "/tmp/playwright_chromiumdev_profile-pi0Vs8/Default/Affiliation Database-journal", O_RDWR|O_CREAT|O_NOFOLLOW|O_CLOEXEC, 0600) = 58
10540 openat(AT_FDCWD, "/tmp/playwright_chromiumdev_profile-pi0Vs8/Default/Code Cache/wasm", O_RDONLY|O_NONBLOCK|O_CLOEXEC|O_DIRECTORY) = 61
10529 openat(AT_FDCWD, "/tmp/playwright_chromiumdev_profile-pi0Vs8/Default/Code Cache/js/index-dir/the-real-index", O_RDONLY) = -1 ENOENT (No such file or directory)
10529 openat(AT_FDCWD, "/tmp/playwright_chromiumdev_profile-pi0Vs8/Default/Code Cache/js", O_RDONLY|O_NONBLOCK|O_CLOEXEC|O_DIRECTORY) = 61
10532 openat(AT_FDCWD, "/tmp/playwright_chromiumdev_profile-pi0Vs8/Default/Code Cache/wasm/index-dir/temp-index", O_WRONLY|O_CREAT|O_TRUNC, 0600) = 61
10532 openat(AT_FDCWD, "/tmp/playwright_chromiumdev_profile-pi0Vs8/Default/Custom Dictionary.txt", O_RDONLY|O_CLOEXEC) = -1 ENOENT (No such file or directory)
10529 openat(AT_FDCWD, "/tmp/playwright_chromiumdev_profile-pi0Vs8/Default/Code Cache/js/index-dir/temp-index", O_WRONLY|O_CREAT|O_TRUNC, 0600) = 61
10559 openat(AT_FDCWD, "/proc/self/stat", O_RDONLY|O_CLOEXEC) = 4
10559 openat(AT_FDCWD, "/proc/stat", O_RDONLY|O_CLOEXEC) = 4
10529 openat(AT_FDCWD, "/tmp/playwright_chromiumdev_profile-pi0Vs8/Dictionaries/en-US-10-1.bdic", O_RDONLY) = -1 ENOENT (No such file or directory)
10560 sendto(14, "\20\0\0\0P\0\0\0\221\320\21s\0\0\0\0\30\0\1\0\0\0\0\0\0\0\0\0\0\0\0\0\0\0\0\0\0\0\0\0\30\0\0\0\0\0\0\0\0\0\0\0\10\0\0\0000\0\0\0\0\0\0\0\20\0\0\0\1\0\0\0\0\0\0\0\0\0\0\0", 80, MSG_NOSIGNAL, NULL, 0) = 80
10539 openat(AT_FDCWD, "/tmp/playwright_chromiumdev_profile-pi0Vs8/Default/Login Data", O_RDWR|O_CREAT|O_NOFOLLOW|O_CLOEXEC, 0600 <unfinished ...>
10533 recvmsg(44,  <unfinished ...>
10560 socketpair(AF_UNIX, SOCK_STREAM, 0,  <unfinished ...>
10533 <... recvmsg resumed>{msg_name=NULL, msg_namelen=0, msg_iov=[{iov_base="\20\0\0\0P\0\0\0\221\320\21s\0\0\0\0\30\0\1\0\0\0\0\0\0\0\0\0\0\0\0\0\0\0\0\0\0\0\0\0\30\0\0\0\0\0\0\0\0\0\0\0\10\0\0\0000\0\0\0\0\0\0\0\20\0\0\0\1\0\0\0\0\0\0\0\0\0\0\0", iov_len=4096}], msg_iovlen=1, msg_controllen=0, msg_flags=0}, MSG_DONTWAIT) = 80
10560 <... socketpair resumed>[17, 18]) = 0
10539 <... openat resumed>)             = 61
10533 sendto(44, "\20\0\0\0\210\1\0\0\263\321\21s\0\0\0\0\30\0\24\0\0\0\0\0\0\0\0\0\0\0\0\0\0\0\0\0\0\0\0\0H\0\0\0\0\0\0\0\1\0\0\0\0\0\0\0\0\0\0\0\0\0\0\0\0\0\0\0\1\0\0\0\377\377\377\377\377\377\377\377\0\0\0\0\0\0\0\0`\0\0\0\0\1\0\0\20\1\0\0\0\0\0\0\0\0\0\0\0\0\0\0\240\0\0\0\230\0\0\08\0\0\0\3\0\0\0\0\0\0\0000-ju\0\0\0\0s\370\267\220\0\0\0\0\0\0\0\0\30\0\0\0\0\0\0\0\0\0\0\0\0\0\0\0\0\0\0\0\0\0\0\0\20\0\0\0\0\0\0\0\10\0\0\0\0\0\0\0\30\0\0\0\0\0\0\0\20\0\0\0\0\0\0\0\0\0\0\0\0\0\0\0002\0\0\0*\0\0\0metrics.mojom.ChildHistogramFetc"..., 392, MSG_NOSIGNAL, NULL, 0 <unfinished ...>
10559 openat(AT_FDCWD, "/proc/self/cmdline", O_RDONLY|O_CLOEXEC <unfinished ...>
10533 <... sendto resumed>)             = 392
10559 <... openat resumed>)             = 4
10533 sendto(44, "\20\0\0\0@\1\0\0\325\325\21s\0\0\0\0\30\0\24\0\0\0\0\0\1\0\0\0\0\0\0\0\0\0\0\0\0\0\0\0H\0\0\0\0\0\0\0\f\0\0\0\0\0\0\0\0\0\0\0\0\0\0\0\0\0\0\0\1\0\0\0\377\377\377\377\377\377\377\377\0\0\0\0\0\0\0\0`\0\0\0\270\0\0\0\310\0\0\0\0\0\0\0\0\0\0\0\0\0\0\0X\0\0\0P\0\0\08\0\0\0\3\0\0\0\0\0\0\0_>WP\0\0\0\0p\370\267\220\0\0\0\0\0\0\0\0\30\0\0\0\0\0\0\0\0\0\0\0\0\0\0\0\0\0\0\0\0\0\0\0\30\0\0\0\0\0\0\0\0\0\0\0\0\0\0\0\0\0\0\0\0\0\0\0\20\0\0\0\1\0\0\0\0\0\0\0\0\0\0\0h\0\0\0\1\0\0\0\0\0\0\0\0\0\0\0\r\0\0\0\0\0\0\0\0\0\0\0\0\0\0\0@\4\0\0@\0\0\0"..., 320, MSG_NOSIGNAL, NULL, 0) = 320
10533 sendto(44, "\20\0\0\0\300\0\0\0n\326\21s\0\0\0\0\30\0\24\0\0\0\0\0\2\0\0\0\0\0\0\0\0\0\0\0\0\0\0\0H\0\0\0\0\0\0\0\16\0\0\0\0\0\0\0\0\0\0\0\0\0\0\0\0\0\0\0\1\0\0\0\377\377\377\377\377\377\377\377\0\0\0\0\0\0\0\0`\0\0\0\0\0\0\0\0\0\0\0\0\0\0\0\0\0\0\0\0\0\0\0P\0\0\0H\0\0\08\0\0\0\3\0\0\0\0\0\0\0\352\237\0\33\1\0\0\0q\370\267\220\1\0\0\0\0\0\0\0\30\0\0\0\0\0\0\0\0\0\0\0\0\0\0\0\0\0\0\0\0\0\0\0\20\0\0\0\0\0\0\0\1\0\0\0\0\0\0\0", 192, MSG_NOSIGNAL, NULL, 0) = 192
10533 sendto(44, "\20\0\0\0x\1\0\0\302\327\21s\0\0\0\0\30\0\24\0\0\0\0\0\3\0\0\0\0\0\0\0\0\0\0\0\0\0\0\0H\0\0\0\0\0\0\0\1\0\0\0\0\0\0\0\1\0\0\0\0\0\0\0\0\0\0\0\1\0\0\0\377\377\377\377\377\377\377\377\0\0\0\0\0\0\0\0`\0\0\0\360\0\0\0\0\1\0\0\0\0\0\0\0\0\0\0\0\0\0\0\220\0\0\0\210\0\0\08\0\0\0\3\0\0\0\0\0\0\0z\367o_\0\0\0\0v\370\267\220\0\0\0\0\0\0\0\0\30\0\0\0\0\0\0\0\0\0\0\0\0\0\0\0\0\0\0\0\0\0\0\0\20\0\0\0\0\0\0\0\10\0\0\0\0\0\0\0\30\0\0\0\0\0\0\0\20\0\0\0\0\0\0\0\0\0\0\0\0\0\0\0$\0\0\0\34\0\0\0storage.mojom.StorageService\0\0\0\0"..., 376, MSG_NOSIGNAL, NULL, 0 <unfinished ...>
10541 openat(AT_FDCWD, "/tmp/playwright_chromiumdev_profile-pi0Vs8/Default/Login Data For Account", O_RDWR|O_CREAT|O_NOFOLLOW|O_CLOEXEC, 0600 <unfinished ...>
10533 <... sendto resumed>)             = 376
10541 <... openat resumed>)             = 62
10533 sendto(44, "\20\0\0\0\210\1\0\0:\330\21s\0\0\0\0\30\0\24\0\0\0\0\0\4\0\0\0\0\0\0\0\0\0\0\0\0\0\0\0H\0\0\0\0\0\0\0\20\0\0\0\0\0\0\0\0\0\0\0\0\0\0\0\0\0\0\0\1\0\0\0\377\377\377\377\377\377\377\377\0\0\0\0\0\0\0\0`\0\0\0\0\1\0\0\20\1\0\0\0\0\0\0\0\0\0\0\0\0\0\0\240\0\0\0\230\0\0\08\0\0\0\3\0\0\0\0\0\0\0\23\262pV\0\0\0\0w\370\267\220\0\0\0\0\0\0\0\0\30\0\0\0\0\0\0\0\0\0\0\0\0\0\0\0\0\0\0\0\0\0\0\0\30\0\0\0\0\0\0\0\20\0\0\0\0\0\0\0\0\0\0\0\0\0\0\0\20\0\0\0\0\0\0\0\10\0\0\0\0\0\0\0002\0\0\0*\0\0\0/tmp/playwright_chromiumdev_prof"..., 392, MSG_NOSIGNAL, NULL, 0 <unfinished ...>
10559 openat(AT_FDCWD, "/usr/lib/locale/locale-archive", O_RDONLY|O_CLOEXEC <unfinished ...>
10533 <... sendto resumed>)             = 392
10559 <... openat resumed>)             = 4
10567 recvmsg(14, {msg_name=NULL, msg_namelen=0, msg_iov=[{iov_base="\20\0\1\0\270\0\0\0\256\216\21s\0\0\0\0\30\0\0\0\0\0\0\0\0\0\0\0\0\0\0\0h\0\0\0\0\0\0\0@\0\0\0\0\0\0\0u\0B\220bJj\370 \311\34?z\234\37\276,\370v\250\300P2\250\351\375\330\nJ\337F2\0\0\0\0\3\0\0\0\0\0\0\0\0\0\0\0X\0\0\0\0\0\0\0\20\0\0\0\1\0\0\0\0\0\0\0\0\0\0\0\20\0\0\0\1\0\0\0x\0\0\0\0\0\1\0000\0\0\0(\0\0\0\10\0\0\0\1\0\0\0 \0\0\0\0\0\2\0\2\0\0\0\0\0\0\0\304\214\355\255\261\351\302\323^\3034tpPf\231", iov_len=4096}], msg_iovlen=1, msg_control=[{cmsg_len=20, cmsg_level=SOL_SOCKET, cmsg_type=SCM_RIGHTS, cmsg_data=[21]}], msg_controllen=24, msg_flags=0}, MSG_DONTWAIT) = 184
10559 openat(AT_FDCWD, "/usr/share/locale/locale.alias", O_RDONLY|O_CLOEXEC) = 4
10533 sendto(44, "\20\0\0\0\220\1\0\0\214\332\21s\0\0\0\0\30\0\24\0\0\0\0\0\5\0\0\0\0\0\0\0\0\0\0\0\0\0\0\0H\0\0\0\0\0\0\0\20\0\0\0\0\0\0\0\1\0\0\0\0\0\0\0\0\0\0\0\1\0\0\0\377\377\377\377\377\377\377\377\0\0\0\0\0\0\0\0`\0\0\0\10\1\0\0\30\1\0\0\0\0\0\0\0\0\0\0\0\0\0\0\250\0\0\0\240\0\0\08\0\0\0\3\0\0\0\0\0\0\0n\231\266\10\0\0\0\0t\370\267\220\0\0\0\0\0\0\0\0\30\0\0\0\0\0\0\0\0\0\0\0\0\0\0\0\0\0\0\0\0\0\0\0\30\0\0\0\0\0\0\0\20\0\0\0\0\0\0\0\1\0\0\0\0\0\0\0\20\0\0\0\0\0\0\0\10\0\0\0\0\0\0\0:\0\0\0002\0\0\0/tmp/playwright_chromiumdev_prof"..., 400, MSG_NOSIGNAL, NULL, 0 <unfinished ...>
10532 openat(AT_FDCWD, "/tmp/playwright_chromiumdev_profile-pi0Vs8/Default/ClientCertificates/LOG", O_WRONLY|O_CREAT|O_TRUNC, 0600 <unfinished ...>
10533 <... sendto resumed>)             = 400
10533 sendto(44, "\20\0\0\0\220\1\0\0\30\333\21s\0\0\0\0\30\0\24\0\0\0\0\0\6\0\0\0\0\0\0\0\0\0\0\0\0\0\0\0H\0\0\0\0\0\0\0\20\0\0\0\0\0\0\0\2\0\0\0\0\0\0\0\0\0\0\0\1\0\0\0\377\377\377\377\377\377\377\377\0\0\0\0\0\0\0\0`\0\0\0\10\1\0\0\30\1\0\0\0\0\0\0\0\0\0\0\0\0\0\0\250\0\0\0\240\0\0\08\0\0\0\3\0\0\0\0\0\0\0K\2:.\0\0\0\0u\370\267\220\0\0\0\0\0\0\0\0\30\0\0\0\0\0\0\0\0\0\0\0\0\0\0\0\0\0\0\0\0\0\0\0\30\0\0\0\0\0\0\0\20\0\0\0\0\0\0\0\0\0\0\0\0\0\0\0\20\0\0\0\0\0\0\0\10\0\0\0\0\0\0\0:\0\0\0002\0\0\0/tmp/playwright_chromiumdev_prof"..., 400, MSG_NOSIGNAL, NULL, 0 <unfinished ...>
10532 <... openat resumed>)             = 63
10533 <... sendto resumed>)             = 400
10533 sendto(44, "\20\0\0\0\270\0\0\0\234\333\21s\0\0\0\0\30\0\24\0\0\0\0\0\7\0\0\0\0\0\0\0\0\0\0\0\0\0\0\0H\0\0\0\0\0\0\0\26\0\0\0\0\0\0\0\0\0\0\0\0\0\0\0\0\0\0\0\1\0\0\0\377\377\377\377\377\377\377\377\0\0\0\0\0\0\0\0`\0\0\0\0\0\0\0\0\0\0\0\0\0\0\0\0\0\0\0\0\0\0\0H\0\0\0@\0\0\08\0\0\0\3\0\0\0\0\0\0\0\3660\327a\1\0\0\0j\370\267\220\1\0\0\0\0\0\0\0\30\0\0\0\0\0\0\0\0\0\0\0\0\0\0\0\0\0\0\0\0\0\0\0\10\0\0\0\0\0\0\0", 184, MSG_NOSIGNAL, NULL, 0) = 184
10529 openat(AT_FDCWD, "/tmp/playwright_chromiumdev_profile-pi0Vs8/Default/Site Characteristics Database/LOG", O_WRONLY|O_CREAT|O_TRUNC, 0600) = 64
10559 openat(AT_FDCWD, "/usr/lib/locale/C.UTF-8/LC_IDENTIFICATION", O_RDONLY|O_CLOEXEC <unfinished ...>
10532 openat(AT_FDCWD, "/tmp/playwright_chromiumdev_profile-pi0Vs8/Default/ClientCertificates/LOCK", O_RDWR <unfinished ...>
10559 <... openat resumed>)             = -1 ENOENT (No such file or directory)
10559 openat(AT_FDCWD, "/usr/lib/locale/C.utf8/LC_IDENTIFICATION", O_RDONLY|O_CLOEXEC <unfinished ...>
10532 <... openat resumed>)             = -1 ENOENT (No such file or directory)
10559 <... openat resumed>)             = 4
10532 openat(AT_FDCWD, "/tmp/playwright_chromiumdev_profile-pi0Vs8/Default/ClientCertificates/LOCK", O_RDWR|O_CREAT, 0600 <unfinished ...>
10529 openat(AT_FDCWD, "/tmp/playwright_chromiumdev_profile-pi0Vs8/Default/Site Characteristics Database/LOCK", O_RDWR <unfinished ...>
10532 <... openat resumed>)             = 65
10529 <... openat resumed>)             = -1 ENOENT (No such file or directory)
10529 openat(AT_FDCWD, "/tmp/playwright_chromiumdev_profile-pi0Vs8/Default/Site Characteristics Database/LOCK", O_RDWR|O_CREAT, 0600) = 66
10559 openat(AT_FDCWD, "/usr/lib/x86_64-linux-gnu/gconv/gconv-modules.cache", O_RDONLY|O_CLOEXEC <unfinished ...>
10567 sendmsg(14, {msg_name=NULL, msg_namelen=0, msg_iov=[{iov_base="\20\0\1\0\250\0\0\0\7\337\21s\0\0\0\0\30\0\24\0\0\0\0\0\0\0\0\0\0\0\0\0p\0\0\0\0\0\0\0H\0\0\0\0\0\0\0\0\0\0\0\0\0\0\0\0\0\0\0\0\0\0\0\0\0\0\0\1\0\0\0\377\377\377\377\377\377\377\377\0\0\0\0\0\0\0\0\0\0\0\0`\0\0\0\0\0\0\0\0\0\0\0\0\0\0\0\1\0\0\0\20\0\0\0\1\0\0\0\1\0\0\0\0\0\0\0\20\0\0\0\1\0\0\0\200\0\0\0\0\0\1\0\30\0\0\0\20\0\0\0\10\0\0\0\0\0\0\0\1\0\0\0\0\0\0\0", iov_len=168}], msg_iovlen=1, msg_control=[{cmsg_len=20, cmsg_level=SOL_SOCKET, cmsg_type=SCM_RIGHTS, cmsg_data=[18]}], msg_controllen=20, msg_flags=0}, MSG_NOSIGNAL <unfinished ...>
10559 <... openat resumed>)             = 4
10567 <... sendmsg resumed>)            = 168
10533 recvmsg(44, {msg_name=NULL, msg_namelen=0, msg_iov=[{iov_base="\20\0\1\0\250\0\0\0\7\337\21s\0\0\0\0\30\0\24\0\0\0\0\0\0\0\0\0\0\0\0\0p\0\0\0\0\0\0\0H\0\0\0\0\0\0\0\0\0\0\0\0\0\0\0\0\0\0\0\0\0\0\0\0\0\0\0\1\0\0\0\377\377\377\377\377\377\377\377\0\0\0\0\0\0\0\0\0\0\0\0`\0\0\0\0\0\0\0\0\0\0\0\0\0\0\0\1\0\0\0\20\0\0\0\1\0\0\0\1\0\0\0\0\0\0\0\20\0\0\0\1\0\0\0\200\0\0\0\0\0\1\0\30\0\0\0\20\0\0\0\10\0\0\0\0\0\0\0\1\0\0\0\0\0\0\0", iov_len=4096}], msg_iovlen=1, msg_control=[{cmsg_len=20, cmsg_level=SOL_SOCKET, cmsg_type=SCM_RIGHTS, cmsg_data=[67]}], msg_controllen=24, msg_flags=0}, MSG_DONTWAIT) = 168
10559 openat(AT_FDCWD, "/usr/lib/locale/C.UTF-8/LC_MEASUREMENT", O_RDONLY|O_CLOEXEC) = -1 ENOENT (No such file or directory)
10559 openat(AT_FDCWD, "/usr/lib/locale/C.utf8/LC_MEASUREMENT", O_RDONLY|O_CLOEXEC) = 4
10567 sendto(14, "\20\0\0\0@\0\0\0\"\341\21s\0\0\0\0\30\0\26\0\0\0\0\0\1\0\0\0\0\0\0\0\0\0\0\0\0\0\0\0\30\0\0\0\0\0\0\0\0\0\0\0\0\0\0\0\1\0\0\0\0\0\0\0", 64, MSG_NOSIGNAL, NULL, 0) = 64
10559 openat(AT_FDCWD, "/usr/lib/locale/C.UTF-8/LC_TELEPHONE", O_RDONLY|O_CLOEXEC) = -1 ENOENT (No such file or directory)
10529 openat(AT_FDCWD, "/tmp/playwright_chromiumdev_profile-pi0Vs8/Default/Site Characteristics Database/MANIFEST-000001", O_WRONLY|O_CREAT|O_TRUNC, 0600 <unfinished ...>
10559 openat(AT_FDCWD, "/usr/lib/locale/C.utf8/LC_TELEPHONE", O_RDONLY|O_CLOEXEC <unfinished ...>
10533 recvmsg(44,  <unfinished ...>
10529 <... openat resumed>)             = 63
10559 <... openat resumed>)             = 4
10533 <... recvmsg resumed>{msg_name=NULL, msg_namelen=0, msg_iov=[{iov_base="\20\0\0\0@\0\0\0\"\341\21s\0\0\0\0\30\0\26\0\0\0\0\0\1\0\0\0\0\0\0\0\0\0\0\0\0\0\0\0\30\0\0\0\0\0\0\0\0\0\0\0\0\0\0\0\1\0\0\0\0\0\0\0", iov_len=4096}], msg_iovlen=1, msg_controllen=0, msg_flags=0}, MSG_DONTWAIT) = 64
10529 openat(AT_FDCWD, "/tmp/playwright_chromiumdev_profile-pi0Vs8/Default/Site Characteristics Database", O_RDONLY <unfinished ...>
10559 openat(AT_FDCWD, "/usr/lib/locale/C.UTF-8/LC_ADDRESS", O_RDONLY|O_CLOEXEC <unfinished ...>
10529 <... openat resumed>)             = 65
10559 <... openat resumed>)             = -1 ENOENT (No such file or directory)
10559 openat(AT_FDCWD, "/usr/lib/locale/C.utf8/LC_ADDRESS", O_RDONLY|O_CLOEXEC) = 4
10567 sendto(14, "\20\0\0\0X\0\0\0\10\343\21s\0\0\0\0\30\0\"\0\0\0\0\0\2\0\0\0\0\0\0\0\0\0\0\0\0\0\0\0000\0\0\0\0\0\0\0\1\0\0\0\0\0\0\0\27\0\0\0\0\0\0\0\0\0\0\0\0\0\0\0\200\5\0\0@\0\0\0\0\0\0\0\0\0\0\0", 88, MSG_NOSIGNAL, NULL, 0) = 88
10533 recvmsg(44,  <unfinished ...>
10559 openat(AT_FDCWD, "/usr/lib/locale/C.UTF-8/LC_NAME", O_RDONLY|O_CLOEXEC) = -1 ENOENT (No such file or directory)
10533 <... recvmsg resumed>{msg_name=NULL, msg_namelen=0, msg_iov=[{iov_base="\20\0\0\0X\0\0\0\10\343\21s\0\0\0\0\30\0\"\0\0\0\0\0\2\0\0\0\0\0\0\0\0\0\0\0\0\0\0\0000\0\0\0\0\0\0\0\1\0\0\0\0\0\0\0\27\0\0\0\0\0\0\0\0\0\0\0\0\0\0\0\200\5\0\0@\0\0\0\0\0\0\0\0\0\0\0", iov_len=4096}], msg_iovlen=1, msg_controllen=0, msg_flags=0}, MSG_DONTWAIT) = 88
10559 openat(AT_FDCWD, "/usr/lib/locale/C.utf8/LC_NAME", O_RDONLY|O_CLOEXEC) = 4
10533 sendto(44, "\20\0\0\0@\0\0\0\262\343\21s\0\0\0\0\30\0#\0\0\0\0\0\10\0\0\0\0\0\0\0\0\0\0\0\0\0\0\0\30\0\0\0\0\0\0\0\1\0\0\0\0\0\0\0\2\0\0\0\0\0\0\0", 64, MSG_NOSIGNAL, NULL, 0) = 64
10559 openat(AT_FDCWD, "/usr/lib/locale/C.UTF-8/LC_PAPER", O_RDONLY|O_CLOEXEC) = -1 ENOENT (No such file or directory)
10567 sendto(14, "\20\0\0\0X\0\0\0\203\344\21s\0\0\0\0\30\0\"\0\0\0\0\0\3\0\0\0\0\0\0\0\0\0\0\0\0\0\0\0000\0\0\0\0\0\0\0\2\0\0\0\0\0\0\0\30\0\0\0\0\0\0\0\0\0\0\0\0\0\0\0\300\5\0\0@\0\0\0\0\0\0\0\0\0\0\0", 88, MSG_NOSIGNAL, NULL, 0 <unfinished ...>
10559 openat(AT_FDCWD, "/usr/lib/locale/C.utf8/LC_PAPER", O_RDONLY|O_CLOEXEC <unfinished ...>
10567 <... sendto resumed>)             = 88
10559 <... openat resumed>)             = 4
10533 recvmsg(44, {msg_name=NULL, msg_namelen=0, msg_iov=[{iov_base="\20\0\0\0X\0\0\0\203\344\21s\0\0\0\0\30\0\"\0\0\0\0\0\3\0\0\0\0\0\0\0\0\0\0\0\0\0\0\0000\0\0\0\0\0\0\0\2\0\0\0\0\0\0\0\30\0\0\0\0\0\0\0\0\0\0\0\0\0\0\0\300\5\0\0@\0\0\0\0\0\0\0\0\0\0\0", iov_len=4096}], msg_iovlen=1, msg_controllen=0, msg_flags=0}, MSG_DONTWAIT) = 88
10533 sendto(44, "\20\0\0\0@\0\0\0.\345\21s\0\0\0\0\30\0#\0\0\0\0\0\t\0\0\0\0\0\0\0\0\0\0\0\0\0\0\0\30\0\0\0\0\0\0\0\2\0\0\0\0\0\0\0\0\0\0\0\0\0\0\0", 64, MSG_NOSIGNAL, NULL, 0 <unfinished ...>
10559 openat(AT_FDCWD, "/usr/lib/locale/C.UTF-8/LC_MESSAGES", O_RDONLY|O_CLOEXEC) = -1 ENOENT (No such file or directory)
10533 <... sendto resumed>)             = 64
10559 openat(AT_FDCWD, "/usr/lib/locale/C.utf8/LC_MESSAGES", O_RDONLY|O_CLOEXEC) = 4
10529 openat(AT_FDCWD, "/tmp/playwright_chromiumdev_profile-pi0Vs8/Default/Site Characteristics Database/000001.dbtmp", O_WRONLY|O_CREAT|O_TRUNC, 0600 <unfinished ...>
10559 openat(AT_FDCWD, "/usr/lib/locale/C.utf8/LC_MESSAGES/SYS_LC_MESSAGES", O_RDONLY|O_CLOEXEC) = 4
10529 <... openat resumed>)             = 63
10567 recvmsg(14, {msg_name=NULL, msg_namelen=0, msg_iov=[{iov_base="\20\0\0\0\210\1\0\0\263\321\21s\0\0\0\0\30\0\24\0\0\0\0\0\0\0\0\0\0\0\0\0\0\0\0\0\0\0\0\0H\0\0\0\0\0\0\0\1\0\0\0\0\0\0\0\0\0\0\0\0\0\0\0\0\0\0\0\1\0\0\0\377\377\377\377\377\377\377\377\0\0\0\0\0\0\0\0`\0\0\0\0\1\0\0\20\1\0\0\0\0\0\0\0\0\0\0\0\0\0\0\240\0\0\0\230\0\0\08\0\0\0\3\0\0\0\0\0\0\0000-ju\0\0\0\0s\370\267\220\0\0\0\0\0\0\0\0\30\0\0\0\0\0\0\0\0\0\0\0\0\0\0\0\0\0\0\0\0\0\0\0\20\0\0\0\0\0\0\0\10\0\0\0\0\0\0\0\30\0\0\0\0\0\0\0\20\0\0\0\0\0\0\0\0\0\0\0\0\0\0\0002\0\0\0*\0\0\0metrics.mojom.ChildHistogramFetc"..., iov_len=4096}], msg_iovlen=1, msg_controllen=0, msg_flags=0}, MSG_DONTWAIT) = 2784
10559 openat(AT_FDCWD, "/usr/lib/locale/C.UTF-8/LC_MONETARY", O_RDONLY|O_CLOEXEC) = -1 ENOENT (No such file or directory)
10538 openat(AT_FDCWD, "/tmp/playwright_chromiumdev_profile-pi0Vs8/Default", O_RDONLY|O_CLOEXEC <unfinished ...>
10559 openat(AT_FDCWD, "/usr/lib/locale/C.utf8/LC_MONETARY", O_RDONLY|O_CLOEXEC <unfinished ...>
10538 <... openat resumed>)             = 65
10559 <... openat resumed>)             = 4
10567 sendto(14, "\20\0\0\08\0\0\0\327\347\21s\0\0\0\0\30\0$\0\0\0\0\0\4\0\0\0\0\0\0\0\0\0\0\0\0\0\0\0\20\0\0\0\0\0\0\0\27\0\0\0\0\0\0\0", 56, MSG_NOSIGNAL, NULL, 0 <unfinished ...>
10559 openat(AT_FDCWD, "/usr/lib/locale/C.UTF-8/LC_COLLATE", O_RDONLY|O_CLOEXEC) = -1 ENOENT (No such file or directory)
10559 openat(AT_FDCWD, "/usr/lib/locale/C.utf8/LC_COLLATE", O_RDONLY|O_CLOEXEC) = 4
10567 <... sendto resumed>)             = 56
10533 recvmsg(44, {msg_name=NULL, msg_namelen=0, msg_iov=[{iov_base="\20\0\0\08\0\0\0\327\347\21s\0\0\0\0\30\0$\0\0\0\0\0\4\0\0\0\0\0\0\0\0\0\0\0\0\0\0\0\20\0\0\0\0\0\0\0\27\0\0\0\0\0\0\0", iov_len=4096}], msg_iovlen=1, msg_controllen=0, msg_flags=0}, MSG_DONTWAIT) = 56
10567 sendto(14, "\20\0\0\08\0\0\0\335\350\21s\0\0\0\0\30\0$\0\0\0\0\0\5\0\0\0\0\0\0\0\0\0\0\0\0\0\0\0\20\0\0\0\0\0\0\0\30\0\0\0\0\0\0\0", 56, MSG_NOSIGNAL, NULL, 0 <unfinished ...>
10559 openat(AT_FDCWD, "/usr/lib/locale/C.UTF-8/LC_TIME", O_RDONLY|O_CLOEXEC <unfinished ...>
10533 sendto(44, "\20\0\0\0X\0\0\0\326\350\21s\0\0\0\0\30\0\"\0\0\0\0\0\n\0\0\0\0\0\0\0\0\0\0\0\0\0\0\0000\0\0\0\0\0\0\0\27\0\0\0\0\0\0\0\31\0\0\0\0\0\0\0\0\0\0\0\0\0\0\0\0\6\0\0@\0\0\0\2\0\0\0\0\0\0\0", 88, MSG_NOSIGNAL, NULL, 0 <unfinished ...>
10567 <... sendto resumed>)             = 56
10559 <... openat resumed>)             = -1 ENOENT (No such file or directory)
10533 <... sendto resumed>)             = 88
10529 openat(AT_FDCWD, "/tmp/playwright_chromiumdev_profile-pi0Vs8/Default/Site Characteristics Database/CURRENT", O_RDONLY <unfinished ...>
10559 openat(AT_FDCWD, "/usr/lib/locale/C.utf8/LC_TIME", O_RDONLY|O_CLOEXEC <unfinished ...>
10529 <... openat resumed>)             = 63
10567 recvmsg(14,  <unfinished ...>
10559 <... openat resumed>)             = 4
10533 recvmsg(44,  <unfinished ...>
10567 <... recvmsg resumed>{msg_name=NULL, msg_namelen=0, msg_iov=[{iov_base="\20\0\0\0X\0\0\0\326\350\21s\0\0\0\0\30\0\"\0\0\0\0\0\n\0\0\0\0\0\0\0\0\0\0\0\0\0\0\0000\0\0\0\0\0\0\0\27\0\0\0\0\0\0\0\31\0\0\0\0\0\0\0\0\0\0\0\0\0\0\0\0\6\0\0@\0\0\0\2\0\0\0\0\0\0\0", iov_len=4096}], msg_iovlen=1, msg_controllen=0, msg_flags=0}, MSG_DONTWAIT) = 88
10533 <... recvmsg resumed>{msg_name=NULL, msg_namelen=0, msg_iov=[{iov_base="\20\0\0\08\0\0\0\335\350\21s\0\0\0\0\30\0$\0\0\0\0\0\5\0\0\0\0\0\0\0\0\0\0\0\0\0\0\0\20\0\0\0\0\0\0\0\30\0\0\0\0\0\0\0", iov_len=4096}], msg_iovlen=1, msg_controllen=0, msg_flags=0}, MSG_DONTWAIT) = 56
10567 sendto(14, "\20\0\0\0@\0\0\0\374\351\21s\0\0\0\0\30\0#\0\0\0\0\0\6\0\0\0\0\0\0\0\0\0\0\0\0\0\0\0\30\0\0\0\0\0\0\0\27\0\0\0\0\0\0\0\0\0\0\0\0\0\0\0", 64, MSG_NOSIGNAL, NULL, 0 <unfinished ...>
10533 sendto(44, "\20\0\0\0X\0\0\0\34\352\21s\0\0\0\0\30\0\"\0\0\0\0\0\v\0\0\0\0\0\0\0\0\0\0\0\0\0\0\0000\0\0\0\0\0\0\0\30\0\0\0\0\0\0\0\32\0\0\0\0\0\0\0\0\0\0\0\0\0\0\0@\6\0\0@\0\0\0\0\0\0\0\0\0\0\0", 88, MSG_NOSIGNAL, NULL, 0 <unfinished ...>
10567 <... sendto resumed>)             = 64
10533 <... sendto resumed>)             = 88
10533 recvmsg(44,  <unfinished ...>
10559 openat(AT_FDCWD, "/usr/lib/locale/C.UTF-8/LC_NUMERIC", O_RDONLY|O_CLOEXEC <unfinished ...>
10533 <... recvmsg resumed>{msg_name=NULL, msg_namelen=0, msg_iov=[{iov_base="\20\0\0\0@\0\0\0\374\351\21s\0\0\0\0\30\0#\0\0\0\0\0\6\0\0\0\0\0\0\0\0\0\0\0\0\0\0\0\30\0\0\0\0\0\0\0\27\0\0\0\0\0\0\0\0\0\0\0\0\0\0\0", iov_len=4096}], msg_iovlen=1, msg_controllen=0, msg_flags=0}, MSG_DONTWAIT) = 64
10567 recvmsg(14,  <unfinished ...>
10559 <... openat resumed>)             = -1 ENOENT (No such file or directory)
10567 <... recvmsg resumed>{msg_name=NULL, msg_namelen=0, msg_iov=[{iov_base="\20\0\0\0X\0\0\0\34\352\21s\0\0\0\0\30\0\"\0\0\0\0\0\v\0\0\0\0\0\0\0\0\0\0\0\0\0\0\0000\0\0\0\0\0\0\0\30\0\0\0\0\0\0\0\32\0\0\0\0\0\0\0\0\0\0\0\0\0\0\0@\6\0\0@\0\0\0\0\0\0\0\0\0\0\0", iov_len=4096}], msg_iovlen=1, msg_controllen=0, msg_flags=0}, MSG_DONTWAIT) = 88
10559 openat(AT_FDCWD, "/usr/lib/locale/C.utf8/LC_NUMERIC", O_RDONLY|O_CLOEXEC <unfinished ...>
10567 sendto(14, "\20\0\0\0@\0\0\0n\353\21s\0\0\0\0\30\0#\0\0\0\0\0\7\0\0\0\0\0\0\0\0\0\0\0\0\0\0\0\30\0\0\0\0\0\0\0\30\0\0\0\0\0\0\0\0\0\0\0\0\0\0\0", 64, MSG_NOSIGNAL, NULL, 0 <unfinished ...>
10559 <... openat resumed>)             = 4
10567 <... sendto resumed>)             = 64
10533 recvmsg(44, {msg_name=NULL, msg_namelen=0, msg_iov=[{iov_base="\20\0\0\0@\0\0\0n\353\21s\0\0\0\0\30\0#\0\0\0\0\0\7\0\0\0\0\0\0\0\0\0\0\0\0\0\0\0\30\0\0\0\0\0\0\0\30\0\0\0\0\0\0\0\0\0\0\0\0\0\0\0", iov_len=4096}], msg_iovlen=1, msg_controllen=0, msg_flags=0}, MSG_DONTWAIT) = 64
10567 sendto(14, "\20\0\0\0p\0\0\0r\354\21s\0\0\0\0\30\0\24\0\0\0\0\0\10\0\0\0\0\0\0\0\0\0\0\0\0\0\0\0H\0\0\0\0\0\0\0\32\0\0\0\0\0\0\0\0\0\0\0\0\0\0\0\0\0\0\0\1\0\0\0\0\0\0\0\0\0\0\0\0x\1\0\0\1\0\0\0\0\0\0\0\0\0\0\0\0\0\0\0\0\0\0\0\0\0\0\0\0\0\0", 112, MSG_NOSIGNAL, NULL, 0 <unfinished ...>
10559 openat(AT_FDCWD, "/usr/lib/locale/C.UTF-8/LC_CTYPE", O_RDONLY|O_CLOEXEC) = -1 ENOENT (No such file or directory)
10559 openat(AT_FDCWD, "/usr/lib/locale/C.utf8/LC_CTYPE", O_RDONLY|O_CLOEXEC) = 4
10567 <... sendto resumed>)             = 112
10533 recvmsg(44, {msg_name=NULL, msg_namelen=0, msg_iov=[{iov_base="\20\0\0\0p\0\0\0r\354\21s\0\0\0\0\30\0\24\0\0\0\0\0\10\0\0\0\0\0\0\0\0\0\0\0\0\0\0\0H\0\0\0\0\0\0\0\32\0\0\0\0\0\0\0\0\0\0\0\0\0\0\0\0\0\0\0\1\0\0\0\0\0\0\0\0\0\0\0\0x\1\0\0\1\0\0\0\0\0\0\0\0\0\0\0\0\0\0\0\0\0\0\0\0\0\0\0\0\0\0", iov_len=4096}], msg_iovlen=1, msg_controllen=0, msg_flags=0}, MSG_DONTWAIT) = 112
10529 openat(AT_FDCWD, "/tmp/playwright_chromiumdev_profile-pi0Vs8/Default/Site Characteristics Database/MANIFEST-000001", O_RDONLY <unfinished ...>
10567 sendto(14, "\20\0\0\0\330\2\0\0000\356\21s\0\0\0\0\30\0\24\0\0\0\0\0\t\0\0\0\0\0\0\0\0\0\0\0\0\0\0\0H\0\0\0\0\0\0\0\32\0\0\0\0\0\0\0\1\0\0\0\0\0\0\0\0\0\0\0\1\0\0\0\0\0\0\0\0\0\0\0\0\224\1\0\0\4\0\0\0\0\0\0`\0\0\0\200\0\0\0\0\0\0\0\0\0\0\0\0\0\0\0 \0\0\0\6\0\0\0\0\0\0\0\0\0\0\0\0\0\0\0\0\0\0\0\0\0\0\0\0\0\0\0H\2\0\0\6\0\0\0\1\0\0\0\0\0\0\0\33\0\0\0\0\0\0\0\377\377\377\377\377\377\377\377\0\0\0\0\0\0\0\0\0\0\0\0\0\0\0\0\0\0\0\0\0\0\0\0\0\0\0\0\0\0\0\0\0\0\0\0\0\0\0\0\1\0\0\0\0\0\0\0\0\0\0\0\0\0\0\0\0\0\0\0\0\0\0\0\0\0\0\0\0\0\0\0\1\0\0\0\0\0\0\0"..., 728, MSG_NOSIGNAL, NULL, 0 <unfinished ...>
10529 <... openat resumed>)             = 63
10567 <... sendto resumed>)             = 728
10567 sendto(14, "\20\0\0\0\240\1\0\0\267\356\21s\0\0\0\0\30\0\24\0\0\0\0\0\n\0\0\0\0\0\0\0\0\0\0\0\0\0\0\0H\0\0\0\0\0\0\0\33\0\0\0\0\0\0\0\0\0\0\0\0\0\0\0\0\0\0\0\1\0\0\0\377\377\377\377\377\377\377\377\0\0\0\0\0\0\0\0`\0\0\0\270\0\0\0\310\0\0\0\0\0\0\0\0\0\0\0\0\0\0\0X\0\0\0P\0\0\08\0\0\0\3\0\0\0\0\0\0\0\263\241\267o\0\0\0\0\31\202\274\270\0\0\0\0\0\0\0\0\30\0\0\0\0\0\0\0\0\0\0\0\0\0\0\0\0\0\0\0\0\0\0\0\30\0\0\0\0\0\0\0\0\0\0\0\1\0\0\0\0\0\0\0\0\0\0\0\20\0\0\0\2\0\0\0\0\0\0\0\0\0\0\0\310\0\0\0\2\0\0\0\0\0\0\0\0\0\0\0%\0\0\0\0\0\0\0\377\377\377\377\377\377\377\377\0\0\0\0\0\0\0\0"..., 416, MSG_NOSIGNAL, NULL, 0 <unfinished ...>
10533 recvmsg(44,  <unfinished ...>
10567 <... sendto resumed>)             = 416
10533 <... recvmsg resumed>{msg_name=NULL, msg_namelen=0, msg_iov=[{iov_base="\20\0\0\0\330\2\0\0000\356\21s\0\0\0\0\30\0\24\0\0\0\0\0\t\0\0\0\0\0\0\0\0\0\0\0\0\0\0\0H\0\0\0\0\0\0\0\32\0\0\0\0\0\0\0\1\0\0\0\0\0\0\0\0\0\0\0\1\0\0\0\0\0\0\0\0\0\0\0\0\224\1\0\0\4\0\0\0\0\0\0`\0\0\0\200\0\0\0\0\0\0\0\0\0\0\0\0\0\0\0 \0\0\0\6\0\0\0\0\0\0\0\0\0\0\0\0\0\0\0\0\0\0\0\0\0\0\0\0\0\0\0H\2\0\0\6\0\0\0\1\0\0\0\0\0\0\0\33\0\0\0\0\0\0\0\377\377\377\377\377\377\377\377\0\0\0\0\0\0\0\0\0\0\0\0\0\0\0\0\0\0\0\0\0\0\0\0\0\0\0\0\0\0\0\0\0\0\0\0\0\0\0\0\1\0\0\0\0\0\0\0\0\0\0\0\0\0\0\0\0\0\0\0\0\0\0\0\0\0\0\0\0\0\0\0\1\0\0\0\0\0\0\0"..., iov_len=4096}], msg_iovlen=1, msg_controllen=0, msg_flags=0}, MSG_DONTWAIT) = 1144
10567 sendto(14, "\20\0\0\08\1\0\0E\357\21s\0\0\0\0\30\0\24\0\0\0\0\0\v\0\0\0\0\0\0\0\0\0\0\0\0\0\0\0H\0\0\0\0\0\0\0\34\0\0\0\0\0\0\0\0\0\0\0\0\0\0\0\0\0\0\0\1\0\0\0\377\377\377\377\377\377\377\377\0\0\0\0\0\0\0\0`\0\0\0\260\0\0\0\300\0\0\0\0\0\0\0\0\0\0\0\0\0\0\0P\0\0\0H\0\0\08\0\0\0\3\0\0\0\0\0\0\0\367\320\262m\0\0\0\0\37\202\274\270\0\0\0\0\0\0\0\0\30\0\0\0\0\0\0\0\0\0\0\0\0\0\0\0\0\0\0\0\0\0\0\0\20\0\0\0\0\0\0\0\0\0\0\0\0\0\0\0\20\0\0\0\1\0\0\0\0\0\0\0\0\0\0\0h\0\0\0\1\0\0\0\0\0\0\0\0\0\0\0(\0\0\0\0\0\0\0\0\0\0\0\0\0\0\0@\7\0\0@\0\0\0)\0\0\0\0\0\0\0"..., 312, MSG_NOSIGNAL, NULL, 0) = 312
10567 sendto(14, "\20\0\0\0\270\0\0\0\303\357\21s\0\0\0\0\30\0\24\0\0\0\0\0\f\0\0\0\0\0\0\0\0\0\0\0\0\0\0\0H\0\0\0\0\0\0\0\36\0\0\0\0\0\0\0\0\0\0\0\0\0\0\0\0\0\0\0\1\0\0\0\377\377\377\377\377\377\377\377\0\0\0\0\0\0\0\0`\0\0\0\0\0\0\0\0\0\0\0\0\0\0\0\0\0\0\0\0\0\0\0H\0\0\0@\0\0\08\0\0\0\3\0\0\0\0\0\0\0\177\240\334e\1\0\0\0\30\202\274\270\1\0\0\0\0\0\0\0\30\0\0\0\0\0\0\0\0\0\0\0\0\0\0\0\0\0\0\0\0\0\0\0\10\0\0\0\0\0\0\0", 184, MSG_NOSIGNAL, NULL, 0 <unfinished ...>
10533 recvmsg(44,  <unfinished ...>
10567 <... sendto resumed>)             = 184
10533 <... recvmsg resumed>{msg_name=NULL, msg_namelen=0, msg_iov=[{iov_base="\20\0\0\08\1\0\0E\357\21s\0\0\0\0\30\0\24\0\0\0\0\0\v\0\0\0\0\0\0\0\0\0\0\0\0\0\0\0H\0\0\0\0\0\0\0\34\0\0\0\0\0\0\0\0\0\0\0\0\0\0\0\0\0\0\0\1\0\0\0\377\377\377\377\377\377\377\377\0\0\0\0\0\0\0\0`\0\0\0\260\0\0\0\300\0\0\0\0\0\0\0\0\0\0\0\0\0\0\0P\0\0\0H\0\0\08\0\0\0\3\0\0\0\0\0\0\0\367\320\262m\0\0\0\0\37\202\274\270\0\0\0\0\0\0\0\0\30\0\0\0\0\0\0\0\0\0\0\0\0\0\0\0\0\0\0\0\0\0\0\0\20\0\0\0\0\0\0\0\0\0\0\0\0\0\0\0\20\0\0\0\1\0\0\0\0\0\0\0\0\0\0\0h\0\0\0\1\0\0\0\0\0\0\0\0\0\0\0(\0\0\0\0\0\0\0\0\0\0\0\0\0\0\0@\7\0\0@\0\0\0)\0\0\0\0\0\0\0"..., iov_len=4096}], msg_iovlen=1, msg_controllen=0, msg_flags=0}, MSG_DONTWAIT) = 496
10567 sendto(14, "\20\0\0\08\1\0\0006\360\21s\0\0\0\0\30\0\24\0\0\0\0\0\r\0\0\0\0\0\0\0\0\0\0\0\0\0\0\0H\0\0\0\0\0\0\0 \0\0\0\0\0\0\0\0\0\0\0\0\0\0\0\0\0\0\0\1\0\0\0\377\377\377\377\377\377\377\377\0\0\0\0\0\0\0\0`\0\0\0\260\0\0\0\300\0\0\0\0\0\0\0\0\0\0\0\0\0\0\0P\0\0\0H\0\0\08\0\0\0\3\0\0\0\0\0\0\0\326R\267M\0\0\0\0\33\202\274\270\0\0\0\0\0\0\0\0\30\0\0\0\0\0\0\0\0\0\0\0\0\0\0\0\0\0\0\0\0\0\0\0\20\0\0\0\0\0\0\0\0\0\0\0\0\0\0\0\20\0\0\0\1\0\0\0\0\0\0\0\0\0\0\0h\0\0\0\1\0\0\0\0\0\0\0\0\0\0\0*\0\0\0\0\0\0\0\0\0\0\0\0\0\0\0\200\7\0\0@\0\0\0+\0\0\0\0\0\0\0"..., 312, MSG_NOSIGNAL, NULL, 0) = 312
10567 sendto(14, "\20\0\0\0(\1\0\0\306\360\21s\0\0\0\0\30\0\24\0\0\0\0\0\16\0\0\0\0\0\0\0\0\0\0\0\0\0\0\0H\0\0\0\0\0\0\0$\0\0\0\0\0\0\0\0\0\0\0\0\0\0\0\0\0\0\0\1\0\0\0\377\377\377\377\377\377\377\377\0\0\0\0\0\0\0\0`\0\0\0\0\0\0\0\0\0\0\0\0\0\0\0\0\0\0\0\0\0\0\0\270\0\0\0\260\0\0\08\0\0\0\3\0\0\0\0\0\0\0\240\355'g\0\0\0\0\34\202\274\270\0\0\0\0\0\0\0\0\30\0\0\0\0\0\0\0\0\0\0\0\0\0\0\0\0\0\0\0\0\0\0\0\20\0\0\0\0\0\0\0\10\0\0\0\0\0\0\0(\0\0\0\4\0\0\0 \0\0\0\0\0\0\0(\0\0\0\0\0\0\0000\0\0\0\0\0\0\08\0\0\0\0\0\0\0\20\0\0\0\0\0\0\0C)\0\0\2\0\0\0\20\0\0\0\0\0\0\0"..., 296, MSG_NOSIGNAL, NULL, 0 <unfinished ...>
10533 recvmsg(44,  <unfinished ...>
10567 <... sendto resumed>)             = 296
10533 <... recvmsg resumed>{msg_name=NULL, msg_namelen=0, msg_iov=[{iov_base="\20\0\0\08\1\0\0006\360\21s\0\0\0\0\30\0\24\0\0\0\0\0\r\0\0\0\0\0\0\0\0\0\0\0\0\0\0\0H\0\0\0\0\0\0\0 \0\0\0\0\0\0\0\0\0\0\0\0\0\0\0\0\0\0\0\1\0\0\0\377\377\377\377\377\377\377\377\0\0\0\0\0\0\0\0`\0\0\0\260\0\0\0\300\0\0\0\0\0\0\0\0\0\0\0\0\0\0\0P\0\0\0H\0\0\08\0\0\0\3\0\0\0\0\0\0\0\326R\267M\0\0\0\0\33\202\274\270\0\0\0\0\0\0\0\0\30\0\0\0\0\0\0\0\0\0\0\0\0\0\0\0\0\0\0\0\0\0\0\0\20\0\0\0\0\0\0\0\0\0\0\0\0\0\0\0\20\0\0\0\1\0\0\0\0\0\0\0\0\0\0\0h\0\0\0\1\0\0\0\0\0\0\0\0\0\0\0*\0\0\0\0\0\0\0\0\0\0\0\0\0\0\0\200\7\0\0@\0\0\0+\0\0\0\0\0\0\0"..., iov_len=4096}], msg_iovlen=1, msg_controllen=0, msg_flags=0}, MSG_DONTWAIT) = 608
10539 openat(AT_FDCWD, "/tmp/playwright_chromiumdev_profile-pi0Vs8/Default/Login Data-journal", O_RDWR|O_CREAT|O_NOFOLLOW|O_CLOEXEC, 0600 <unfinished ...>
10529 openat(AT_FDCWD, "/tmp/playwright_chromiumdev_profile-pi0Vs8/Default/Site Characteristics Database/MANIFEST-000001", O_WRONLY|O_APPEND <unfinished ...>
10539 <... openat resumed>)             = 63
10529 <... openat resumed>)             = 65
10540 openat(AT_FDCWD, "/tmp/playwright_chromiumdev_profile-pi0Vs8/Default/commerce_subscription_db/LOG", O_WRONLY|O_CREAT|O_TRUNC, 0600) = 68
10540 openat(AT_FDCWD, "/tmp/playwright_chromiumdev_profile-pi0Vs8/Default/commerce_subscription_db/LOCK", O_RDWR <unfinished ...>
10529 openat(AT_FDCWD, "/tmp/playwright_chromiumdev_profile-pi0Vs8/Default/Site Characteristics Database", O_RDONLY|O_NONBLOCK|O_CLOEXEC|O_DIRECTORY <unfinished ...>
10540 <... openat resumed>)             = -1 ENOENT (No such file or directory)
10529 <... openat resumed>)             = 69
10540 openat(AT_FDCWD, "/tmp/playwright_chromiumdev_profile-pi0Vs8/Default/commerce_subscription_db/LOCK", O_RDWR|O_CREAT, 0600) = 70
10564 openat(AT_FDCWD, "/tmp/playwright_chromiumdev_profile-pi0Vs8/Default/discounts_db/LOG", O_WRONLY|O_CREAT|O_TRUNC, 0600) = 70
10532 openat(AT_FDCWD, "/tmp/playwright_chromiumdev_profile-pi0Vs8/Default/discount_infos_db/LOG", O_WRONLY|O_CREAT|O_TRUNC, 0600 <unfinished ...>
10564 openat(AT_FDCWD, "/tmp/playwright_chromiumdev_profile-pi0Vs8/Default/discounts_db/LOCK", O_RDWR <unfinished ...>
10532 <... openat resumed>)             = 68
10564 <... openat resumed>)             = -1 ENOENT (No such file or directory)
10564 openat(AT_FDCWD, "/tmp/playwright_chromiumdev_profile-pi0Vs8/Default/discounts_db/LOCK", O_RDWR|O_CREAT, 0600) = 71
10532 openat(AT_FDCWD, "/tmp/playwright_chromiumdev_profile-pi0Vs8/Default/discount_infos_db/LOCK", O_RDWR) = -1 ENOENT (No such file or directory)
10532 openat(AT_FDCWD, "/tmp/playwright_chromiumdev_profile-pi0Vs8/Default/discount_infos_db/LOCK", O_RDWR|O_CREAT, 0600 <unfinished ...>
10567 openat(AT_FDCWD, "/proc/self/cmdline", O_RDONLY|O_CLOEXEC) = 22
10532 <... openat resumed>)             = 69
10529 openat(AT_FDCWD, "/tmp/playwright_chromiumdev_profile-pi0Vs8/Default/Site Characteristics Database", O_RDONLY|O_NONBLOCK|O_CLOEXEC|O_DIRECTORY) = 72
10559 openat(AT_FDCWD, "/proc/self/status", O_RDONLY) = 4
10567 sendto(14, "\20\0\0\0p\0\0\0\223\376\21s\0\0\0\0\30\0\24\0\0\0\0\0\17\0\0\0\0\0\0\0\0\0\0\0\0\0\0\0H\0\0\0\0\0\0\0\r\0\0\0\0\0\0\0\0\0\0\0\0\0\0\0\0\0\0\0\1\0\0\0\0\0\0\0\0\0\0\0\0y\1\0\0\1\0\0\0\0\0\0\0\0\0\0\0\0\0\0\0\0\0\0\0\0\0\0\0\0\0\0", 112, MSG_NOSIGNAL, NULL, 0) = 112
10559 openat(AT_FDCWD, "/opt/google/chrome/icudtl.dat", O_RDONLY <unfinished ...>
10533 recvmsg(44,  <unfinished ...>
10559 <... openat resumed>)             = 4
10533 <... recvmsg resumed>{msg_name=NULL, msg_namelen=0, msg_iov=[{iov_base="\20\0\0\0p\0\0\0\223\376\21s\0\0\0\0\30\0\24\0\0\0\0\0\17\0\0\0\0\0\0\0\0\0\0\0\0\0\0\0H\0\0\0\0\0\0\0\r\0\0\0\0\0\0\0\0\0\0\0\0\0\0\0\0\0\0\0\1\0\0\0\0\0\0\0\0\0\0\0\0y\1\0\0\1\0\0\0\0\0\0\0\0\0\0\0\0\0\0\0\0\0\0\0\0\0\0\0\0\0\0", iov_len=4096}], msg_iovlen=1, msg_controllen=0, msg_flags=0}, MSG_DONTWAIT) = 112
10564 openat(AT_FDCWD, "/tmp/playwright_chromiumdev_profile-pi0Vs8/Default/chrome_cart_db/LOG", O_WRONLY|O_CREAT|O_TRUNC, 0600 <unfinished ...>
10559 openat(AT_FDCWD, "/etc/localtime", O_RDONLY|O_CLOEXEC <unfinished ...>
10540 openat(AT_FDCWD, "/tmp/playwright_chromiumdev_profile-pi0Vs8/Default/parcel_tracking_db/LOG", O_WRONLY|O_CREAT|O_TRUNC, 0600 <unfinished ...>
10564 <... openat resumed>)             = 68
10559 <... openat resumed>)             = 7
10540 <... openat resumed>)             = 69
10529 openat(AT_FDCWD, "/tmp/playwright_chromiumdev_profile-pi0Vs8/Default/Site Characteristics Database/000003.log", O_WRONLY|O_CREAT|O_TRUNC, 0600 <unfinished ...>
10560 sendto(14, "\20\0\0\0\350\0\0\0\33\2\22s\0\0\0\0\30\0\24\0\0\0\0\0\20\0\0\0\0\0\0\0\0\0\0\0\0\0\0\0H\0\0\0\0\0\0\0\21\0\0\0\0\0\0\0\0\0\0\0\0\0\0\0\0\0\0\0\1\0\0\0\0\0\0\0\0\0\0\0\0z\1\0\0\1\0\0\0\0\0\0`\0\0\0p\0\0\0\0\0\0\0\0\0\0\0\0\0\0\0\20\0\0\0\1\0\0\0\0\0\0\0\0\0\0\0h\0\0\0\1\0\0\0\0\0\0\0\0\0\0\0,\0\0\0\0\0\0\0\0\0\0\0\0\0\0\0\300\7\0\0@\0\0\0-\0\0\0\0\0\0\0\0\0\0\0\0\0\0\0\0\0\0\0\0\0\0\0\0\0\0\0\0\0\0\0\2\0\0\0\0\0\0\0\0\0\0\0\0\0\0\0\0\0\0\0\0\0\0\0\0\0\0\0\0\0\0\0", 232, MSG_NOSIGNAL, NULL, 0 <unfinished ...>
10529 <... openat resumed>)             = 70
10564 openat(AT_FDCWD, "/tmp/playwright_chromiumdev_profile-pi0Vs8/Default/chrome_cart_db/LOCK", O_RDWR <unfinished ...>
10560 <... sendto resumed>)             = 232
10529 openat(AT_FDCWD, "/tmp/playwright_chromiumdev_profile-pi0Vs8/Default/Site Characteristics Database", O_RDONLY|O_NONBLOCK|O_CLOEXEC|O_DIRECTORY <unfinished ...>
10564 <... openat resumed>)             = -1 ENOENT (No such file or directory)
10529 <... openat resumed>)             = 71
10533 recvmsg(44, {msg_name=NULL, msg_namelen=0, msg_iov=[{iov_base="\20\0\0\0\350\0\0\0\33\2\22s\0\0\0\0\30\0\24\0\0\0\0\0\20\0\0\0\0\0\0\0\0\0\0\0\0\0\0\0H\0\0\0\0\0\0\0\21\0\0\0\0\0\0\0\0\0\0\0\0\0\0\0\0\0\0\0\1\0\0\0\0\0\0\0\0\0\0\0\0z\1\0\0\1\0\0\0\0\0\0`\0\0\0p\0\0\0\0\0\0\0\0\0\0\0\0\0\0\0\20\0\0\0\1\0\0\0\0\0\0\0\0\0\0\0h\0\0\0\1\0\0\0\0\0\0\0\0\0\0\0,\0\0\0\0\0\0\0\0\0\0\0\0\0\0\0\300\7\0\0@\0\0\0-\0\0\0\0\0\0\0\0\0\0\0\0\0\0\0\0\0\0\0\0\0\0\0\0\0\0\0\0\0\0\0\2\0\0\0\0\0\0\0\0\0\0\0\0\0\0\0\0\0\0\0\0\0\0\0\0\0\0\0\0\0\0\0", iov_len=4096}], msg_iovlen=1, msg_controllen=0, msg_flags=0}, MSG_DONTWAIT) = 232
10564 openat(AT_FDCWD, "/tmp/playwright_chromiumdev_profile-pi0Vs8/Default/chrome_cart_db/LOCK", O_RDWR|O_CREAT, 0600) = 72
10540 openat(AT_FDCWD, "/tmp/playwright_chromiumdev_profile-pi0Vs8/Default/parcel_tracking_db/LOCK", O_RDWR) = -1 ENOENT (No such file or directory)
10540 openat(AT_FDCWD, "/tmp/playwright_chromiumdev_profile-pi0Vs8/Default/parcel_tracking_db/LOCK", O_RDWR|O_CREAT, 0600) = 73
10532 openat(AT_FDCWD, "/tmp/playwright_chromiumdev_profile-pi0Vs8/Default/Segmentation Platform/SegmentInfoDB/LOG", O_WRONLY|O_CREAT|O_TRUNC, 0600) = 68
10532 openat(AT_FDCWD, "/tmp/playwright_chromiumdev_profile-pi0Vs8/Default/Segmentation Platform/SegmentInfoDB/LOCK", O_RDWR) = -1 ENOENT (No such file or directory)
10532 openat(AT_FDCWD, "/tmp/playwright_chromiumdev_profile-pi0Vs8/Default/Segmentation Platform/SegmentInfoDB/LOCK", O_RDWR|O_CREAT, 0600) = 69
10529 openat(AT_FDCWD, "/tmp/playwright_chromiumdev_profile-pi0Vs8/Default/Site Characteristics Database", O_RDONLY|O_NONBLOCK|O_CLOEXEC|O_DIRECTORY) = 71
10559 openat(AT_FDCWD, "/opt/google/chrome/chrome_100_percent.pak", O_RDONLY) = 7
10559 openat(AT_FDCWD, "/opt/google/chrome/chrome_200_percent.pak", O_RDONLY) = 8
10559 openat(AT_FDCWD, "/usr/share/locale/locale.alias", O_RDONLY|O_CLOEXEC) = 9
10560 sendto(14, "\20\0\0\0\350\0\0\0\374\20\22s\0\0\0\0\30\0\24\0\0\0\0\0\21\0\0\0\0\0\0\0\0\0\0\0\0\0\0\0H\0\0\0\0\0\0\0\21\0\0\0\0\0\0\0\1\0\0\0\0\0\0\0\0\0\0\0\1\0\0\0\0\0\0\0\0\0\0\0\0z\1\0\0\1\0\0\0\0\0\0`\0\0\0p\0\0\0\0\0\0\0\0\0\0\0\0\0\0\0\20\0\0\0\1\0\0\0\0\0\0\0\0\0\0\0h\0\0\0\1\0\0\0\0\0\0\0\0\0\0\0.\0\0\0\0\0\0\0\0\0\0\0\0\0\0\0\0\10\0\0@\0\0\0/\0\0\0\0\0\0\0\0\0\0\0\0\0\0\0\0\0\0\0\0\0\0\0\0\0\0\0\0\0\0\0\2\0\0\0\0\0\0\0\0\0\0\0\0\0\0\0\0\0\0\0\0\0\0\0\0\0\0\0\0\0\0\0", 232, MSG_NOSIGNAL, NULL, 0) = 232
10533 recvmsg(44, {msg_name=NULL, msg_namelen=0, msg_iov=[{iov_base="\20\0\0\0\350\0\0\0\374\20\22s\0\0\0\0\30\0\24\0\0\0\0\0\21\0\0\0\0\0\0\0\0\0\0\0\0\0\0\0H\0\0\0\0\0\0\0\21\0\0\0\0\0\0\0\1\0\0\0\0\0\0\0\0\0\0\0\1\0\0\0\0\0\0\0\0\0\0\0\0z\1\0\0\1\0\0\0\0\0\0`\0\0\0p\0\0\0\0\0\0\0\0\0\0\0\0\0\0\0\20\0\0\0\1\0\0\0\0\0\0\0\0\0\0\0h\0\0\0\1\0\0\0\0\0\0\0\0\0\0\0.\0\0\0\0\0\0\0\0\0\0\0\0\0\0\0\0\10\0\0@\0\0\0/\0\0\0\0\0\0\0\0\0\0\0\0\0\0\0\0\0\0\0\0\0\0\0\0\0\0\0\0\0\0\0\2\0\0\0\0\0\0\0\0\0\0\0\0\0\0\0\0\0\0\0\0\0\0\0\0\0\0\0\0\0\0\0", iov_len=4096}], msg_iovlen=1, msg_controllen=0, msg_flags=0}, MSG_DONTWAIT) = 232
10559 openat(AT_FDCWD, "/opt/google/chrome/locales/en-US.pak", O_RDONLY) = 9
10560 sendto(14, "\20\0\0\0p\0\0\0B\22\22s\0\0\0\0\30\0\24\0\0\0\0\0\22\0\0\0\0\0\0\0\0\0\0\0\0\0\0\0H\0\0\0\0\0\0\0#\0\0\0\0\0\0\0\1\0\0\0\0\0\0\0\0\0\0\0\1\0\0\0\0\0\0\0\0\0\0\0\0{\1\0\0\1\0\0\0\0\0\0\0\0\0\0\0\0\0\0\0\0\0\0\0\0\0\0\0\0\0\0", 112, MSG_NOSIGNAL, NULL, 0) = 112
10559 openat(AT_FDCWD, "/opt/google/chrome/resources.pak", O_RDONLY) = 11
10533 recvmsg(44, {msg_name=NULL, msg_namelen=0, msg_iov=[{iov_base="\20\0\0\0p\0\0\0B\22\22s\0\0\0\0\30\0\24\0\0\0\0\0\22\0\0\0\0\0\0\0\0\0\0\0\0\0\0\0H\0\0\0\0\0\0\0#\0\0\0\0\0\0\0\1\0\0\0\0\0\0\0\0\0\0\0\1\0\0\0\0\0\0\0\0\0\0\0\0{\1\0\0\1\0\0\0\0\0\0\0\0\0\0\0\0\0\0\0\0\0\0\0\0\0\0\0\0\0\0", iov_len=4096}], msg_iovlen=1, msg_controllen=0, msg_flags=0}, MSG_DONTWAIT) = 112
10532 openat(AT_FDCWD, "/tmp/playwright_chromiumdev_profile-pi0Vs8/Default/Segmentation Platform/SignalDB/LOG", O_WRONLY|O_CREAT|O_TRUNC, 0600) = 68
10532 openat(AT_FDCWD, "/tmp/playwright_chromiumdev_profile-pi0Vs8/Default/Segmentation Platform/SignalDB/LOCK", O_RDWR <unfinished ...>
10567 sendto(14, "\20\0\0\0p\0\0\0\246\25\22s\0\0\0\0\30\0\24\0\0\0\0\0\23\0\0\0\0\0\0\0\0\0\0\0\0\0\0\0H\0\0\0\0\0\0\0.\0\0\0\0\0\0\0\0\0\0\0\0\0\0\0\0\0\0\0\1\0\0\0\0\0\0\0\0\0\0\0\0z\1\0\0\1\0\0\0\0\0\0\0\0\0\0\0\0\0\0\0\0\0\0\0\0\0\0\0\0\0\0", 112, MSG_NOSIGNAL, NULL, 0 <unfinished ...>
10532 <... openat resumed>)             = -1 ENOENT (No such file or directory)
10567 <... sendto resumed>)             = 112
10532 openat(AT_FDCWD, "/tmp/playwright_chromiumdev_profile-pi0Vs8/Default/Segmentation Platform/SignalDB/LOCK", O_RDWR|O_CREAT, 0600) = 69
10533 recvmsg(44, {msg_name=NULL, msg_namelen=0, msg_iov=[{iov_base="\20\0\0\0p\0\0\0\246\25\22s\0\0\0\0\30\0\24\0\0\0\0\0\23\0\0\0\0\0\0\0\0\0\0\0\0\0\0\0H\0\0\0\0\0\0\0.\0\0\0\0\0\0\0\0\0\0\0\0\0\0\0\0\0\0\0\1\0\0\0\0\0\0\0\0\0\0\0\0z\1\0\0\1\0\0\0\0\0\0\0\0\0\0\0\0\0\0\0\0\0\0\0\0\0\0\0\0\0\0", iov_len=4096}], msg_iovlen=1, msg_controllen=0, msg_flags=0}, MSG_DONTWAIT) = 112
10529 openat(AT_FDCWD, "/tmp/playwright_chromiumdev_profile-pi0Vs8/Default/LOG", O_WRONLY|O_CREAT|O_TRUNC, 0600) = 68
10532 openat(AT_FDCWD, "/tmp/playwright_chromiumdev_profile-pi0Vs8/Default/Segmentation Platform/SignalStorageConfigDB/LOG", O_WRONLY|O_CREAT|O_TRUNC, 0600 <unfinished ...>
10529 openat(AT_FDCWD, "/tmp/playwright_chromiumdev_profile-pi0Vs8/Default/LOCK", O_RDWR <unfinished ...>
10532 <... openat resumed>)             = 69
10529 <... openat resumed>)             = -1 ENOENT (No such file or directory)
10529 openat(AT_FDCWD, "/tmp/playwright_chromiumdev_profile-pi0Vs8/Default/LOCK", O_RDWR|O_CREAT, 0600 <unfinished ...>
10532 openat(AT_FDCWD, "/tmp/playwright_chromiumdev_profile-pi0Vs8/Default/Segmentation Platform/SignalStorageConfigDB/LOCK", O_RDWR) = -1 ENOENT (No such file or directory)
10529 <... openat resumed>)             = 71
10532 openat(AT_FDCWD, "/tmp/playwright_chromiumdev_profile-pi0Vs8/Default/Segmentation Platform/SignalStorageConfigDB/LOCK", O_RDWR|O_CREAT, 0600) = 72
10540 sendto(44, "\20\0\0\0p\0\0\0\254&\22s\0\0\0\0\30\0\24\0\0\0\0\0\f\0\0\0\0\0\0\0\0\0\0\0\0\0\0\0H\0\0\0\0\0\0\0.\0\0\0\0\0\0\0\0\0\0\0\0\0\0\0\0\0\0\0\1\0\0\0\0\0\0\0\0\0\0\0\0|\1\0\0\1\0\0\0\0\0\0\0\0\0\0\0\0\0\0\0\0\0\0\0\0\0\0\0\0\0\0", 112, MSG_NOSIGNAL, NULL, 0 <unfinished ...>
10541 openat(AT_FDCWD, "/tmp/playwright_chromiumdev_profile-pi0Vs8/Default/Login Data For Account-journal", O_RDWR|O_CREAT|O_NOFOLLOW|O_CLOEXEC, 0600 <unfinished ...>
10540 <... sendto resumed>)             = 112
10567 recvmsg(14,  <unfinished ...>
10541 <... openat resumed>)             = 69
10567 <... recvmsg resumed>{msg_name=NULL, msg_namelen=0, msg_iov=[{iov_base="\20\0\0\0p\0\0\0\254&\22s\0\0\0\0\30\0\24\0\0\0\0\0\f\0\0\0\0\0\0\0\0\0\0\0\0\0\0\0H\0\0\0\0\0\0\0.\0\0\0\0\0\0\0\0\0\0\0\0\0\0\0\0\0\0\0\1\0\0\0\0\0\0\0\0\0\0\0\0|\1\0\0\1\0\0\0\0\0\0\0\0\0\0\0\0\0\0\0\0\0\0\0\0\0\0\0\0\0\0", iov_len=4096}], msg_iovlen=1, msg_controllen=0, msg_flags=0}, MSG_DONTWAIT) = 112
10564 openat(AT_FDCWD, "/tmp/playwright_chromiumdev_profile-pi0Vs8/Default/PersistentOriginTrials/LOG", O_WRONLY|O_CREAT|O_TRUNC, 0600) = 68
10567 sendto(14, "\20\0\0\0p\0\0\0\267+\22s\0\0\0\0\30\0\24\0\0\0\0\0\24\0\0\0\0\0\0\0\0\0\0\0\0\0\0\0H\0\0\0\0\0\0\0.\0\0\0\0\0\0\0\1\0\0\0\0\0\0\0\0\0\0\0\1\0\0\0\0\0\0\0\0\0\0\0\0|\1\0\0\1\0\0\0\0\0\0\0\0\0\0\0\0\0\0\0\0\0\0\0\0\0\0\0\0\0\0", 112, MSG_NOSIGNAL, NULL, 0) = 112
10533 recvmsg(44, {msg_name=NULL, msg_namelen=0, msg_iov=[{iov_base="\20\0\0\0p\0\0\0\267+\22s\0\0\0\0\30\0\24\0\0\0\0\0\24\0\0\0\0\0\0\0\0\0\0\0\0\0\0\0H\0\0\0\0\0\0\0.\0\0\0\0\0\0\0\1\0\0\0\0\0\0\0\0\0\0\0\1\0\0\0\0\0\0\0\0\0\0\0\0|\1\0\0\1\0\0\0\0\0\0\0\0\0\0\0\0\0\0\0\0\0\0\0\0\0\0\0\0\0\0", iov_len=4096}], msg_iovlen=1, msg_controllen=0, msg_flags=0}, MSG_DONTWAIT) = 112
10564 openat(AT_FDCWD, "/tmp/playwright_chromiumdev_profile-pi0Vs8/Default/PersistentOriginTrials/LOCK", O_RDWR) = -1 ENOENT (No such file or directory)
10564 openat(AT_FDCWD, "/tmp/playwright_chromiumdev_profile-pi0Vs8/Default/PersistentOriginTrials/LOCK", O_RDWR|O_CREAT, 0600) = 71
10529 sendto(44, "\20\0\0\0p\0\0\0\2540\22s\0\0\0\0\30\0\24\0\0\0\0\0\r\0\0\0\0\0\0\0\0\0\0\0\0\0\0\0H\0\0\0\0\0\0\0.\0\0\0\0\0\0\0\1\0\0\0\0\0\0\0\0\0\0\0\1\0\0\0\0\0\0\0\0\0\0\0\0z\1\0\0\1\0\0\0\0\0\0\0\0\0\0\0\0\0\0\0\0\0\0\0\0\0\0\0\0\0\0", 112, MSG_NOSIGNAL, NULL, 0) = 112
10567 recvmsg(14, {msg_name=NULL, msg_namelen=0, msg_iov=[{iov_base="\20\0\0\0p\0\0\0\2540\22s\0\0\0\0\30\0\24\0\0\0\0\0\r\0\0\0\0\0\0\0\0\0\0\0\0\0\0\0H\0\0\0\0\0\0\0.\0\0\0\0\0\0\0\1\0\0\0\0\0\0\0\0\0\0\0\1\0\0\0\0\0\0\0\0\0\0\0\0z\1\0\0\1\0\0\0\0\0\0\0\0\0\0\0\0\0\0\0\0\0\0\0\0\0\0\0\0\0\0", iov_len=4096}], msg_iovlen=1, msg_controllen=0, msg_flags=0}, MSG_DONTWAIT) = 112
10567 sendto(14, "\20\0\0\0p\0\0\0.4\22s\0\0\0\0\30\0\24\0\0\0\0\0\25\0\0\0\0\0\0\0\0\0\0\0\0\0\0\0H\0\0\0\0\0\0\0.\0\0\0\0\0\0\0\2\0\0\0\0\0\0\0\0\0\0\0\1\0\0\0\0\0\0\0\0\0\0\0\0z\1\0\0\1\0\0\0\0\0\0\0\0\0\0\0\0\0\0\0\0\0\0\0\0\0\0\0\0\0\0", 112, MSG_NOSIGNAL, NULL, 0) = 112
10533 recvmsg(44, {msg_name=NULL, msg_namelen=0, msg_iov=[{iov_base="\20\0\0\0p\0\0\0.4\22s\0\0\0\0\30\0\24\0\0\0\0\0\25\0\0\0\0\0\0\0\0\0\0\0\0\0\0\0H\0\0\0\0\0\0\0.\0\0\0\0\0\0\0\2\0\0\0\0\0\0\0\0\0\0\0\1\0\0\0\0\0\0\0\0\0\0\0\0z\1\0\0\1\0\0\0\0\0\0\0\0\0\0\0\0\0\0\0\0\0\0\0\0\0\0\0\0\0\0", iov_len=4096}], msg_iovlen=1, msg_controllen=0, msg_flags=0}, MSG_DONTWAIT) = 112
10529 sendto(44, "\20\0\0\0p\0\0\0_6\22s\0\0\0\0\30\0\24\0\0\0\0\0\16\0\0\0\0\0\0\0\0\0\0\0\0\0\0\0H\0\0\0\0\0\0\0.\0\0\0\0\0\0\0\2\0\0\0\0\0\0\0\0\0\0\0\1\0\0\0\0\0\0\0\0\0\0\0\0|\1\0\0\1\0\0\0\0\0\0\0\0\0\0\0\0\0\0\0\0\0\0\0\0\0\0\0\0\0\0", 112, MSG_NOSIGNAL, NULL, 0) = 112
10567 recvmsg(14, {msg_name=NULL, msg_namelen=0, msg_iov=[{iov_base="\20\0\0\0p\0\0\0_6\22s\0\0\0\0\30\0\24\0\0\0\0\0\16\0\0\0\0\0\0\0\0\0\0\0\0\0\0\0H\0\0\0\0\0\0\0.\0\0\0\0\0\0\0\2\0\0\0\0\0\0\0\0\0\0\0\1\0\0\0\0\0\0\0\0\0\0\0\0|\1\0\0\1\0\0\0\0\0\0\0\0\0\0\0\0\0\0\0\0\0\0\0\0\0\0\0\0\0\0", iov_len=4096}], msg_iovlen=1, msg_controllen=0, msg_flags=0}, MSG_DONTWAIT) = 112
10567 sendto(14, "\20\0\0\0p\0\0\0j8\22s\0\0\0\0\30\0\24\0\0\0\0\0\26\0\0\0\0\0\0\0\0\0\0\0\0\0\0\0H\0\0\0\0\0\0\0.\0\0\0\0\0\0\0\3\0\0\0\0\0\0\0\0\0\0\0\1\0\0\0\0\0\0\0\0\0\0\0\0|\1\0\0\1\0\0\0\0\0\0\0\0\0\0\0\0\0\0\0\0\0\0\0\0\0\0\0\0\0\0", 112, MSG_NOSIGNAL, NULL, 0) = 112
10533 recvmsg(44, {msg_name=NULL, msg_namelen=0, msg_iov=[{iov_base="\20\0\0\0p\0\0\0j8\22s\0\0\0\0\30\0\24\0\0\0\0\0\26\0\0\0\0\0\0\0\0\0\0\0\0\0\0\0H\0\0\0\0\0\0\0.\0\0\0\0\0\0\0\3\0\0\0\0\0\0\0\0\0\0\0\1\0\0\0\0\0\0\0\0\0\0\0\0|\1\0\0\1\0\0\0\0\0\0\0\0\0\0\0\0\0\0\0\0\0\0\0\0\0\0\0\0\0\0", iov_len=4096}], msg_iovlen=1, msg_controllen=0, msg_flags=0}, MSG_DONTWAIT) = 112
10529 openat(AT_FDCWD, "/tmp/playwright_chromiumdev_profile-pi0Vs8/Default/Extension Rules/LOG", O_WRONLY|O_CREAT|O_TRUNC, 0600) = 68
10532 openat(AT_FDCWD, "/tmp/playwright_chromiumdev_profile-pi0Vs8/Default/Local Storage/leveldb/LOG", O_WRONLY|O_CREAT|O_TRUNC, 0600) = 71
10529 openat(AT_FDCWD, "/tmp/playwright_chromiumdev_profile-pi0Vs8/Default/Extension Rules/LOCK", O_RDWR) = -1 ENOENT (No such file or directory)
10529 openat(AT_FDCWD, "/tmp/playwright_chromiumdev_profile-pi0Vs8/Default/Extension Rules/LOCK", O_RDWR|O_CREAT, 0600 <unfinished ...>
10532 sendmsg(44, {msg_name=NULL, msg_namelen=0, msg_iov=[{iov_base="\20\0\1\0\250\0\0\0\253;\22s\0\0\0\0\30\0\24\0\0\0\0\0\17\0\0\0\0\0\0\0p\0\0\0\0\0\0\0H\0\0\0\0\0\0\0.\0\0\0\0\0\0\0\3\0\0\0\0\0\0\0\0\0\0\0\1\0\0\0\0\0\0\0\0\0\0\0\0z\1\0\0\1\0\0\0\0\0\0`\0\0\0\0\0\0\0\0\0\0\0\0\0\0\0\1\0\0\0\20\0\0\0\1\0\0\0\1\0\0\0\0\0\0\0\20\0\0\0\1\0\0\0\200\0\0\0\0\0\1\0\30\0\0\0\20\0\0\0\10\0\0\0\4\0\0\0\10\0\0\0\0\0\0\0", iov_len=168}], msg_iovlen=1, msg_control=[{cmsg_len=20, cmsg_level=SOL_SOCKET, cmsg_type=SCM_RIGHTS, cmsg_data=[71]}], msg_controllen=20, msg_flags=0}, MSG_NOSIGNAL <unfinished ...>
10529 <... openat resumed>)             = 72
10532 <... sendmsg resumed>)            = 168
10567 recvmsg(14, {msg_name=NULL, msg_namelen=0, msg_iov=[{iov_base="\20\0\1\0\250\0\0\0\253;\22s\0\0\0\0\30\0\24\0\0\0\0\0\17\0\0\0\0\0\0\0p\0\0\0\0\0\0\0H\0\0\0\0\0\0\0.\0\0\0\0\0\0\0\3\0\0\0\0\0\0\0\0\0\0\0\1\0\0\0\0\0\0\0\0\0\0\0\0z\1\0\0\1\0\0\0\0\0\0`\0\0\0\0\0\0\0\0\0\0\0\0\0\0\0\1\0\0\0\20\0\0\0\1\0\0\0\1\0\0\0\0\0\0\0\20\0\0\0\1\0\0\0\200\0\0\0\0\0\1\0\30\0\0\0\20\0\0\0\10\0\0\0\4\0\0\0\10\0\0\0\0\0\0\0", iov_len=4096}], msg_iovlen=1, msg_control=[{cmsg_len=20, cmsg_level=SOL_SOCKET, cmsg_type=SCM_RIGHTS, cmsg_data=[22]}], msg_controllen=24, msg_flags=0}, MSG_DONTWAIT) = 168
10529 openat(AT_FDCWD, "/tmp/playwright_chromiumdev_profile-pi0Vs8/Default/Extension Rules/MANIFEST-000001", O_WRONLY|O_CREAT|O_TRUNC, 0600) = 71
10567 sendto(14, "\20\0\0\0p\0\0\0\215?\22s\0\0\0\0\30\0\24\0\0\0\0\0\27\0\0\0\0\0\0\0\0\0\0\0\0\0\0\0H\0\0\0\0\0\0\0.\0\0\0\0\0\0\0\4\0\0\0\0\0\0\0\0\0\0\0\1\0\0\0\0\0\0\0\0\0\0\0\0z\1\0\0\1\0\0\0\0\0\0\0\0\0\0\0\0\0\0\0\0\0\0\0\0\0\0\0\0\0\0", 112, MSG_NOSIGNAL, NULL, 0) = 112
10529 openat(AT_FDCWD, "/tmp/playwright_chromiumdev_profile-pi0Vs8/Default/Extension Rules", O_RDONLY) = 73
10533 recvmsg(44, {msg_name=NULL, msg_namelen=0, msg_iov=[{iov_base="\20\0\0\0p\0\0\0\215?\22s\0\0\0\0\30\0\24\0\0\0\0\0\27\0\0\0\0\0\0\0\0\0\0\0\0\0\0\0H\0\0\0\0\0\0\0.\0\0\0\0\0\0\0\4\0\0\0\0\0\0\0\0\0\0\0\1\0\0\0\0\0\0\0\0\0\0\0\0z\1\0\0\1\0\0\0\0\0\0\0\0\0\0\0\0\0\0\0\0\0\0\0\0\0\0\0\0\0\0", iov_len=4096}], msg_iovlen=1, msg_controllen=0, msg_flags=0}, MSG_DONTWAIT) = 112
10532 sendto(44, "\20\0\0\0p\0\0\0\374C\22s\0\0\0\0\30\0\24\0\0\0\0\0\20\0\0\0\0\0\0\0\0\0\0\0\0\0\0\0H\0\0\0\0\0\0\0.\0\0\0\0\0\0\0\4\0\0\0\0\0\0\0\0\0\0\0\1\0\0\0\0\0\0\0\0\0\0\0\0|\1\0\0\1\0\0\0\0\0\0\0\0\0\0\0\0\0\0\0\0\0\0\0\0\0\0\0\0\0\0", 112, MSG_NOSIGNAL, NULL, 0) = 112
10567 recvmsg(14, {msg_name=NULL, msg_namelen=0, msg_iov=[{iov_base="\20\0\0\0p\0\0\0\374C\22s\0\0\0\0\30\0\24\0\0\0\0\0\20\0\0\0\0\0\0\0\0\0\0\0\0\0\0\0H\0\0\0\0\0\0\0.\0\0\0\0\0\0\0\4\0\0\0\0\0\0\0\0\0\0\0\1\0\0\0\0\0\0\0\0\0\0\0\0|\1\0\0\1\0\0\0\0\0\0\0\0\0\0\0\0\0\0\0\0\0\0\0\0\0\0\0\0\0\0", iov_len=4096}], msg_iovlen=1, msg_controllen=0, msg_flags=0}, MSG_DONTWAIT) = 112
10567 sendto(14, "\20\0\0\0p\0\0\0\205I\22s\0\0\0\0\30\0\24\0\0\0\0\0\30\0\0\0\0\0\0\0\0\0\0\0\0\0\0\0H\0\0\0\0\0\0\0.\0\0\0\0\0\0\0\5\0\0\0\0\0\0\0\0\0\0\0\1\0\0\0\0\0\0\0\0\0\0\0\0|\1\0\0\1\0\0\0\0\0\0\0\0\0\0\0\0\0\0\0\0\0\0\0\0\0\0\0\0\0\0", 112, MSG_NOSIGNAL, NULL, 0) = 112
10533 recvmsg(44, {msg_name=NULL, msg_namelen=0, msg_iov=[{iov_base="\20\0\0\0p\0\0\0\205I\22s\0\0\0\0\30\0\24\0\0\0\0\0\30\0\0\0\0\0\0\0\0\0\0\0\0\0\0\0H\0\0\0\0\0\0\0.\0\0\0\0\0\0\0\5\0\0\0\0\0\0\0\0\0\0\0\1\0\0\0\0\0\0\0\0\0\0\0\0|\1\0\0\1\0\0\0\0\0\0\0\0\0\0\0\0\0\0\0\0\0\0\0\0\0\0\0\0\0\0", iov_len=4096}], msg_iovlen=1, msg_controllen=0, msg_flags=0}, MSG_DONTWAIT) = 112
10529 openat(AT_FDCWD, "/tmp/playwright_chromiumdev_profile-pi0Vs8/Default/Extension Rules/000001.dbtmp", O_WRONLY|O_CREAT|O_TRUNC, 0600) = 71
10532 openat(AT_FDCWD, "/tmp/playwright_chromiumdev_profile-pi0Vs8/Default/Local Storage/leveldb/LOCK", O_RDWR) = -1 ENOENT (No such file or directory)
10532 openat(AT_FDCWD, "/tmp/playwright_chromiumdev_profile-pi0Vs8/Default/Local Storage/leveldb/LOCK", O_RDWR|O_CREAT, 0600) = 73
10532 sendto(44, "\20\0\0\0\350\0\0\0VL\22s\0\0\0\0\30\0\24\0\0\0\0\0\21\0\0\0\0\0\0\0\0\0\0\0\0\0\0\0H\0\0\0\0\0\0\0.\0\0\0\0\0\0\0\5\0\0\0\0\0\0\0\0\0\0\0\1\0\0\0\0\0\0\0\0\0\0\0\0z\1\0\0\1\0\0\0\0\0\0`\0\0\0p\0\0\0\0\0\0\0\0\0\0\0\0\0\0\0\20\0\0\0\1\0\0\0\0\0\0\0\0\0\0\0h\0\0\0\1\0\0\0\0\0\0\0\0\0\0\0000\0\0\0\0\0\0\0\0\0\0\0\0\0\0\0@\10\0\0@\0\0\0001\0\0\0\0\0\0\0\0\0\0\0\0\0\0\0\0\0\0\0\0\0\0\0\0\0\0\0\0\0\0\0\2\0\0\0\0\0\0\0\0\0\0\0\0\0\0\0\0\0\0\0\0\0\0\0\0\0\0\0\0\0\0\0", 232, MSG_NOSIGNAL, NULL, 0) = 232
10567 recvmsg(14, {msg_name=NULL, msg_namelen=0, msg_iov=[{iov_base="\20\0\0\0\350\0\0\0VL\22s\0\0\0\0\30\0\24\0\0\0\0\0\21\0\0\0\0\0\0\0\0\0\0\0\0\0\0\0H\0\0\0\0\0\0\0.\0\0\0\0\0\0\0\5\0\0\0\0\0\0\0\0\0\0\0\1\0\0\0\0\0\0\0\0\0\0\0\0z\1\0\0\1\0\0\0\0\0\0`\0\0\0p\0\0\0\0\0\0\0\0\0\0\0\0\0\0\0\20\0\0\0\1\0\0\0\0\0\0\0\0\0\0\0h\0\0\0\1\0\0\0\0\0\0\0\0\0\0\0000\0\0\0\0\0\0\0\0\0\0\0\0\0\0\0@\10\0\0@\0\0\0001\0\0\0\0\0\0\0\0\0\0\0\0\0\0\0\0\0\0\0\0\0\0\0\0\0\0\0\0\0\0\0\2\0\0\0\0\0\0\0\0\0\0\0\0\0\0\0\0\0\0\0\0\0\0\0\0\0\0\0\0\0\0\0", iov_len=4096}], msg_iovlen=1, msg_controllen=0, msg_flags=0}, MSG_DONTWAIT) = 232
10567 sendto(14, "\20\0\0\0p\0\0\0\356N\22s\0\0\0\0\30\0\24\0\0\0\0\0\31\0\0\0\0\0\0\0\0\0\0\0\0\0\0\0H\0\0\0\0\0\0\0.\0\0\0\0\0\0\0\6\0\0\0\0\0\0\0\0\0\0\0\1\0\0\0\0\0\0\0\0\0\0\0\0z\1\0\0\1\0\0\0\0\0\0\0\0\0\0\0\0\0\0\0\0\0\0\0\0\0\0\0\0\0\0", 112, MSG_NOSIGNAL, NULL, 0) = 112
10529 openat(AT_FDCWD, "/tmp/playwright_chromiumdev_profile-pi0Vs8/Default/Extension Rules/CURRENT", O_RDONLY <unfinished ...>
10533 recvmsg(44,  <unfinished ...>
10529 <... openat resumed>)             = 71
10533 <... recvmsg resumed>{msg_name=NULL, msg_namelen=0, msg_iov=[{iov_base="\20\0\0\0p\0\0\0\356N\22s\0\0\0\0\30\0\24\0\0\0\0\0\31\0\0\0\0\0\0\0\0\0\0\0\0\0\0\0H\0\0\0\0\0\0\0.\0\0\0\0\0\0\0\6\0\0\0\0\0\0\0\0\0\0\0\1\0\0\0\0\0\0\0\0\0\0\0\0z\1\0\0\1\0\0\0\0\0\0\0\0\0\0\0\0\0\0\0\0\0\0\0\0\0\0\0\0\0\0", iov_len=4096}], msg_iovlen=1, msg_controllen=0, msg_flags=0}, MSG_DONTWAIT) = 112
10540 sendto(44, "\20\0\0\0p\0\0\0xP\22s\0\0\0\0\30\0\24\0\0\0\0\0\22\0\0\0\0\0\0\0\0\0\0\0\0\0\0\0H\0\0\0\0\0\0\0.\0\0\0\0\0\0\0\6\0\0\0\0\0\0\0\0\0\0\0\1\0\0\0\0\0\0\0\0\0\0\0\0|\1\0\0\1\0\0\0\0\0\0\0\0\0\0\0\0\0\0\0\0\0\0\0\0\0\0\0\0\0\0", 112, MSG_NOSIGNAL, NULL, 0) = 112
10567 recvmsg(14, {msg_name=NULL, msg_namelen=0, msg_iov=[{iov_base="\20\0\0\0p\0\0\0xP\22s\0\0\0\0\30\0\24\0\0\0\0\0\22\0\0\0\0\0\0\0\0\0\0\0\0\0\0\0H\0\0\0\0\0\0\0.\0\0\0\0\0\0\0\6\0\0\0\0\0\0\0\0\0\0\0\1\0\0\0\0\0\0\0\0\0\0\0\0|\1\0\0\1\0\0\0\0\0\0\0\0\0\0\0\0\0\0\0\0\0\0\0\0\0\0\0\0\0\0", iov_len=4096}], msg_iovlen=1, msg_controllen=0, msg_flags=0}, MSG_DONTWAIT) = 112
10529 openat(AT_FDCWD, "/tmp/playwright_chromiumdev_profile-pi0Vs8/Default/Extension Rules/MANIFEST-000001", O_RDONLY) = 71
10529 openat(AT_FDCWD, "/tmp/playwright_chromiumdev_profile-pi0Vs8/Default/Extension Rules/MANIFEST-000001", O_WRONLY|O_APPEND) = 71
10529 openat(AT_FDCWD, "/tmp/playwright_chromiumdev_profile-pi0Vs8/Default/Extension Rules", O_RDONLY|O_NONBLOCK|O_CLOEXEC|O_DIRECTORY) = 74
10529 openat(AT_FDCWD, "/tmp/playwright_chromiumdev_profile-pi0Vs8/Default/Extension Rules", O_RDONLY|O_NONBLOCK|O_CLOEXEC|O_DIRECTORY) = 74
10559 openat(AT_FDCWD, "/sys/devices/system/cpu/possible", O_RDONLY|O_CLOEXEC <unfinished ...>
10530 openat(AT_FDCWD, "/tmp/playwright_chromiumdev_profile-pi0Vs8/Default", O_RDONLY|O_CLOEXEC <unfinished ...>
10559 <... openat resumed>)             = 12
10530 <... openat resumed>)             = 75
10532 openat(AT_FDCWD, "/tmp/playwright_chromiumdev_profile-pi0Vs8/Default/BookmarkMergedSurfaceOrdering", O_RDONLY|O_CLOEXEC) = -1 ENOENT (No such file or directory)
10559 openat(AT_FDCWD, "/sys/devices/system/cpu/cpu0/cpufreq/cpuinfo_max_freq", O_RDONLY|O_NOCTTY|O_NONBLOCK|O_CLOEXEC) = -1 ENOENT (No such file or directory)
10529 openat(AT_FDCWD, "/tmp/playwright_chromiumdev_profile-pi0Vs8/Default/Extension Rules/000003.log", O_WRONLY|O_CREAT|O_TRUNC, 0600 <unfinished ...>
10541 openat(AT_FDCWD, "/tmp/playwright_chromiumdev_profile-pi0Vs8/Default", O_RDONLY|O_CLOEXEC <unfinished ...>
10529 <... openat resumed>)             = 74
10541 <... openat resumed>)             = 75
10529 openat(AT_FDCWD, "/tmp/playwright_chromiumdev_profile-pi0Vs8/Default/Extension Rules", O_RDONLY|O_NONBLOCK|O_CLOEXEC|O_DIRECTORY) = 76
10539 openat(AT_FDCWD, "/tmp/playwright_chromiumdev_profile-pi0Vs8/Default", O_RDONLY|O_CLOEXEC) = 75
10529 openat(AT_FDCWD, "/tmp/playwright_chromiumdev_profile-pi0Vs8/Default/Extension Rules", O_RDONLY|O_NONBLOCK|O_CLOEXEC|O_DIRECTORY) = 76
10529 openat(AT_FDCWD, "/tmp/playwright_chromiumdev_profile-pi0Vs8/Default/Extension Scripts/LOG", O_WRONLY|O_CREAT|O_TRUNC, 0600) = 76
10559 sendto(5, "\20\0\0\0P\0\0\0\216n\22s\0\0\0\0\30\0\1\0\0\0\0\0\0\0\0\0\0\0\0\0\0\0\0\0\0\0\0\0\30\0\0\0\0\0\0\0\0\0\0\0\10\0\0\0000\0\0\0\0\0\0\0\20\0\0\0\1\0\0\0\0\0\0\0\0\0\0\0", 80, MSG_NOSIGNAL, NULL, 0 <unfinished ...>
10529 openat(AT_FDCWD, "/tmp/playwright_chromiumdev_profile-pi0Vs8/Default/Extension Scripts/LOCK", O_RDWR <unfinished ...>
10559 <... sendto resumed>)             = 80
10529 <... openat resumed>)             = -1 ENOENT (No such file or directory)
10559 socketpair(AF_UNIX, SOCK_STREAM, 0,  <unfinished ...>
10533 recvmsg(36,  <unfinished ...>
10529 openat(AT_FDCWD, "/tmp/playwright_chromiumdev_profile-pi0Vs8/Default/Extension Scripts/LOCK", O_RDWR|O_CREAT, 0600 <unfinished ...>
10559 <... socketpair resumed>[14, 15]) = 0
10533 <... recvmsg resumed>{msg_name=NULL, msg_namelen=0, msg_iov=[{iov_base="\20\0\0\0P\0\0\0\216n\22s\0\0\0\0\30\0\1\0\0\0\0\0\0\0\0\0\0\0\0\0\0\0\0\0\0\0\0\0\30\0\0\0\0\0\0\0\0\0\0\0\10\0\0\0000\0\0\0\0\0\0\0\20\0\0\0\1\0\0\0\0\0\0\0\0\0\0\0", iov_len=4096}], msg_iovlen=1, msg_controllen=0, msg_flags=0}, MSG_DONTWAIT) = 80
10529 <... openat resumed>)             = 80
10533 sendto(36, "\20\0\0\0\210\1\0\0$q\22s\0\0\0\0\30\0\24\0\0\0\0\0\0\0\0\0\0\0\0\0\0\0\0\0\0\0\0\0H\0\0\0\0\0\0\0\1\0\0\0\0\0\0\0\0\0\0\0\0\0\0\0\0\0\0\0\1\0\0\0\377\377\377\377\377\377\377\377\0\0\0\0\0\0\0\0`\0\0\0\0\1\0\0\20\1\0\0\0\0\0\0\0\0\0\0\0\0\0\0\240\0\0\0\230\0\0\08\0\0\0\3\0\0\0\0\0\0\0000-ju\0\0\0\0.\370\267\220\0\0\0\0\0\0\0\0\30\0\0\0\0\0\0\0\0\0\0\0\0\0\0\0\0\0\0\0\0\0\0\0\20\0\0\0\0\0\0\0\10\0\0\0\0\0\0\0\30\0\0\0\0\0\0\0\20\0\0\0\0\0\0\0\0\0\0\0\0\0\0\0002\0\0\0*\0\0\0metrics.mojom.ChildHistogramFetc"..., 392, MSG_NOSIGNAL, NULL, 0) = 392
10529 openat(AT_FDCWD, "/tmp/playwright_chromiumdev_profile-pi0Vs8/Default/Extension Scripts/MANIFEST-000001", O_WRONLY|O_CREAT|O_TRUNC, 0600) = 81
10533 sendto(36, "\20\0\0\0@\1\0\0!t\22s\0\0\0\0\30\0\24\0\0\0\0\0\1\0\0\0\0\0\0\0\0\0\0\0\0\0\0\0H\0\0\0\0\0\0\0\f\0\0\0\0\0\0\0\0\0\0\0\0\0\0\0\0\0\0\0\1\0\0\0\377\377\377\377\377\377\377\377\0\0\0\0\0\0\0\0`\0\0\0\270\0\0\0\310\0\0\0\0\0\0\0\0\0\0\0\0\0\0\0X\0\0\0P\0\0\08\0\0\0\3\0\0\0\0\0\0\0_>WP\0\0\0\0/\370\267\220\0\0\0\0\0\0\0\0\30\0\0\0\0\0\0\0\0\0\0\0\0\0\0\0\0\0\0\0\0\0\0\0\30\0\0\0\0\0\0\0\0\0\0\0\0\0\0\0\0\0\0\0\0\0\0\0\20\0\0\0\1\0\0\0\0\0\0\0\0\0\0\0h\0\0\0\1\0\0\0\0\0\0\0\0\0\0\0\r\0\0\0\0\0\0\0\0\0\0\0\0\0\0\0@\4\0\0@\0\0\0"..., 320, MSG_NOSIGNAL, NULL, 0) = 320
10533 sendto(36, "\20\0\0\0\300\0\0\0\302t\22s\0\0\0\0\30\0\24\0\0\0\0\0\2\0\0\0\0\0\0\0\0\0\0\0\0\0\0\0H\0\0\0\0\0\0\0\16\0\0\0\0\0\0\0\0\0\0\0\0\0\0\0\0\0\0\0\1\0\0\0\377\377\377\377\377\377\377\377\0\0\0\0\0\0\0\0`\0\0\0\0\0\0\0\0\0\0\0\0\0\0\0\0\0\0\0\0\0\0\0P\0\0\0H\0\0\08\0\0\0\3\0\0\0\0\0\0\0\352\237\0\33\1\0\0\0,\370\267\220\1\0\0\0\0\0\0\0\30\0\0\0\0\0\0\0\0\0\0\0\0\0\0\0\0\0\0\0\0\0\0\0\20\0\0\0\0\0\0\0\1\0\0\0\0\0\0\0", 192, MSG_NOSIGNAL, NULL, 0) = 192
10529 openat(AT_FDCWD, "/tmp/playwright_chromiumdev_profile-pi0Vs8/Default/Extension Scripts", O_RDONLY <unfinished ...>
10533 sendto(36, "\20\0\0\0x\1\0\0\261u\22s\0\0\0\0\30\0\24\0\0\0\0\0\3\0\0\0\0\0\0\0\0\0\0\0\0\0\0\0H\0\0\0\0\0\0\0\1\0\0\0\0\0\0\0\1\0\0\0\0\0\0\0\0\0\0\0\1\0\0\0\377\377\377\377\377\377\377\377\0\0\0\0\0\0\0\0`\0\0\0\360\0\0\0\0\1\0\0\0\0\0\0\0\0\0\0\0\0\0\0\220\0\0\0\210\0\0\08\0\0\0\3\0\0\0\0\0\0\0z\367o_\0\0\0\0-\370\267\220\0\0\0\0\0\0\0\0\30\0\0\0\0\0\0\0\0\0\0\0\0\0\0\0\0\0\0\0\0\0\0\0\20\0\0\0\0\0\0\0\10\0\0\0\0\0\0\0\30\0\0\0\0\0\0\0\20\0\0\0\0\0\0\0\0\0\0\0\0\0\0\0$\0\0\0\34\0\0\0network.mojom.NetworkService\0\0\0\0"..., 376, MSG_NOSIGNAL, NULL, 0 <unfinished ...>
10529 <... openat resumed>)             = 82
10533 <... sendto resumed>)             = 376
10533 sendto(36, "\20\0\0\0\310\2\0\09v\22s\0\0\0\0\30\0\24\0\0\0\0\0\4\0\0\0\0\0\0\0\0\0\0\0\0\0\0\0H\0\0\0\0\0\0\0\20\0\0\0\0\0\0\0\0\0\0\0\0\0\0\0\0\0\0\0\1\0\0\0\377\377\377\377\377\377\377\377\0\0\0\0\0\0\0\0`\0\0\0\340\1\0\0\360\1\0\0\0\0\0\0\0\0\0\0\0\0\0\0\200\1\0\0x\1\0\08\0\0\0\3\0\0\0\0\0\0\0\272\340#\33\0\0\0\0\"\370\267\220\0\0\0\0\0\0\0\0\30\0\0\0\0\0\0\0\0\0\0\0\0\0\0\0\0\0\0\0\0\0\0\0\20\0\0\0\0\0\0\0\10\0\0\0\0\0\0\08\0\0\0\0\0\0\0\6\0\0\0\0\0\0\0(\0\0\0\0\0\0\0\20\1\0\0\0\0\0\0\0\0\0\0\0\0\0\0\1\0\0\0\1\0\0\0\0\0\0\0\0\0\0\0\30\0\0\0\0\0\0\0"..., 712, MSG_NOSIGNAL, NULL, 0) = 712
10533 sendto(36, "\20\0\0\08\1\0\0Zw\22s\0\0\0\0\30\0\24\0\0\0\0\0\5\0\0\0\0\0\0\0\0\0\0\0\0\0\0\0H\0\0\0\0\0\0\0\20\0\0\0\0\0\0\0\1\0\0\0\0\0\0\0\0\0\0\0\1\0\0\0\377\377\377\377\377\377\377\377\0\0\0\0\0\0\0\0`\0\0\0\260\0\0\0\300\0\0\0\0\0\0\0\0\0\0\0\0\0\0\0P\0\0\0H\0\0\08\0\0\0\3\0\0\0\0\0\0\0\2236\332\35\0\0\0\0#\370\267\220\0\0\0\0\0\0\0\0\30\0\0\0\0\0\0\0\0\0\0\0\0\0\0\0\0\0\0\0\0\0\0\0\20\0\0\0\0\0\0\0\0\0\0\0\0\0\0\0\20\0\0\0\1\0\0\0\0\0\0\0\0\0\0\0h\0\0\0\1\0\0\0\0\0\0\0\0\0\0\0\25\0\0\0\0\0\0\0\0\0\0\0\0\0\0\0@\5\0\0@\0\0\0\26\0\0\0\0\0\0\0"..., 312, MSG_NOSIGNAL, NULL, 0) = 312
10533 sendto(36, "\20\0\0\0\320\0\0\0rx\22s\0\0\0\0\30\0\24\0\0\0\0\0\6\0\0\0\0\0\0\0\0\0\0\0\0\0\0\0H\0\0\0\0\0\0\0\26\0\0\0\0\0\0\0\0\0\0\0\0\0\0\0\0\0\0\0\1\0\0\0\377\377\377\377\377\377\377\377\0\0\0\0\0\0\0\0`\0\0\0\0\0\0\0\0\0\0\0\0\0\0\0\0\0\0\0\0\0\0\0`\0\0\0X\0\0\08\0\0\0\3\0\0\0\0\0\0\0:9\310\3\0\0\0\0 \370\267\220\0\0\0\0\0\0\0\0\30\0\0\0\0\0\0\0 \0\0\0\0\0\0\0\0\0\0\0\0\0\0\0\20\0\0\0\0\0\0\0\0\0\0\0\0\0\0\0\f\0\0\0\1\0\0\0\1\0\0\200\0\0\0\0", 208, MSG_NOSIGNAL, NULL, 0) = 208
10533 sendto(36, "\20\0\0\0\320\0\0\0\34y\22s\0\0\0\0\30\0\24\0\0\0\0\0\7\0\0\0\0\0\0\0\0\0\0\0\0\0\0\0H\0\0\0\0\0\0\0\20\0\0\0\0\0\0\0\2\0\0\0\0\0\0\0\0\0\0\0\1\0\0\0\377\377\377\377\377\377\377\377\0\0\0\0\0\0\0\0`\0\0\0\0\0\0\0\0\0\0\0\0\0\0\0\0\0\0\0\0\0\0\0`\0\0\0X\0\0\08\0\0\0\3\0\0\0\0\0\0\0\377\377\377\377\1\0\0\0&\370\267\220\1\0\0\0\0\0\0\0\30\0\0\0\0\0\0\0\0\0\0\0\0\0\0\0\0\0\0\0\0\0\0\0\30\0\0\0\0\0\0\0\20\0\0\0\0\0\0\0\10\0\0\0\0\0\0\0\10\0\0\0\0\0\0\0", 208, MSG_NOSIGNAL, NULL, 0) = 208
10579 recvmsg(5, {msg_name=NULL, msg_namelen=0, msg_iov=[{iov_base="\20\0\1\0\270\0\0\0\377\251\20s\0\0\0\0\30\0\0\0\0\0\0\0\0\0\0\0\0\0\0\0h\0\0\0\0\0\0\0@\0\0\0\0\0\0\0u\0B\220bJj\370 \311\34?z\234\37\276\235{\365\276\227\335P\"Z\310\243j\253GEn\0\0\0\0\3\0\0\0\0\0\0\0\0\0\0\0X\0\0\0\0\0\0\0\20\0\0\0\1\0\0\0\0\0\0\0\0\0\0\0\20\0\0\0\1\0\0\0x\0\0\0\0\0\1\0000\0\0\0(\0\0\0\10\0\0\0\1\0\0\0 \0\0\0\0\0\2\0\2\0\0\0\0\0\0\0\204\31\3224L7\245\30\"\257\212\333)\236\333i", iov_len=4096}], msg_iovlen=1, msg_control=[{cmsg_len=20, cmsg_level=SOL_SOCKET, cmsg_type=SCM_RIGHTS, cmsg_data=[18]}], msg_controllen=24, msg_flags=0}, MSG_DONTWAIT) = 184
10533 sendto(36, "\20\0\0\0\240\1\0\0\357y\22s\0\0\0\0\30\0\24\0\0\0\0\0\10\0\0\0\0\0\0\0\0\0\0\0\0\0\0\0H\0\0\0\0\0\0\0\20\0\0\0\0\0\0\0\3\0\0\0\0\0\0\0\0\0\0\0\1\0\0\0\377\377\377\377\377\377\377\377\0\0\0\0\0\0\0\0`\0\0\0\270\0\0\0\310\0\0\0\0\0\0\0\0\0\0\0\0\0\0\0X\0\0\0P\0\0\08\0\0\0\3\0\0\0\0\0\0\0f\245@/\0\0\0\0'\370\267\220\0\0\0\0\0\0\0\0\30\0\0\0\0\0\0\0\0\0\0\0\0\0\0\0\0\0\0\0\0\0\0\0\30\0\0\0\0\0\0\0\0\0\0\0\0\0\0\0\1\0\0\0\0\0\0\0\20\0\0\0\2\0\0\0\0\0\0\0\0\0\0\0\310\0\0\0\2\0\0\0\0\0\0\0\0\0\0\0\27\0\0\0\0\0\0\0\0\0\0\0\0\0\0\0\200\5\0\0@\0\0\0"..., 416, MSG_NOSIGNAL, NULL, 0) = 416
10533 sendto(36, "\20\0\0\0\330\0\0\0qz\22s\0\0\0\0\30\0\24\0\0\0\0\0\t\0\0\0\0\0\0\0\0\0\0\0\0\0\0\0H\0\0\0\0\0\0\0\20\0\0\0\0\0\0\0\4\0\0\0\0\0\0\0\0\0\0\0\1\0\0\0\377\377\377\377\377\377\377\377\0\0\0\0\0\0\0\0`\0\0\0\0\0\0\0\0\0\0\0\0\0\0\0\0\0\0\0\0\0\0\0h\0\0\0`\0\0\08\0\0\0\3\0\0\0\0\0\0\0\325\367&%\0\0\0\0$\370\267\220\0\0\0\0\0\0\0\0\30\0\0\0\0\0\0\0\0\0\0\0\0\0\0\0\0\0\0\0\0\0\0\0\20\0\0\0\0\0\0\0\10\0\0\0\0\0\0\0\20\0\0\0\0\0\0\0\10\0\0\0\0\0\0\0\10\0\0\0\0\0\0\0", 216, MSG_NOSIGNAL, NULL, 0) = 216
10533 sendto(36, "\20\0\0\0\210\1\0\0\345{\22s\0\0\0\0\30\0\24\0\0\0\0\0\n\0\0\0\0\0\0\0\0\0\0\0\0\0\0\0H\0\0\0\0\0\0\0\20\0\0\0\0\0\0\0\5\0\0\0\0\0\0\0\0\0\0\0\1\0\0\0\377\377\377\377\377\377\377\377\0\0\0\0\0\0\0\0`\0\0\0\0\0\0\0\0\0\0\0\0\0\0\0\0\0\0\0\0\0\0\0\30\1\0\0\20\1\0\08\0\0\0\3\0\0\0\0\0\0\0\240\270\301r\0\0\0\0%\370\267\220\0\0\0\0\0\0\0\0\30\0\0\0\0\0\0\0\0\0\0\0\0\0\0\0\0\0\0\0\0\0\0\0\20\0\0\0\0\0\0\0\10\0\0\0\0\0\0\08\0\0\0\0\0\0\0000\0\0\0\0\0\0\0\230\0\0\0\0\0\0\0\230\0\0\0\0\0\0\0\230\0\0\0\0\0\0\0(\0\0\0\0\0\0\0\220\0\0\0\0\0\0\0(\0\0\0\4\0\0\0"..., 392, MSG_NOSIGNAL, NULL, 0) = 392
10533 sendto(36, "\20\0\0\08\1\0\0I|\22s\0\0\0\0\30\0\24\0\0\0\0\0\v\0\0\0\0\0\0\0\0\0\0\0\0\0\0\0H\0\0\0\0\0\0\0\20\0\0\0\0\0\0\0\6\0\0\0\0\0\0\0\0\0\0\0\1\0\0\0\377\377\377\377\377\377\377\377\0\0\0\0\0\0\0\0`\0\0\0\260\0\0\0\300\0\0\0\0\0\0\0\0\0\0\0\0\0\0\0P\0\0\0H\0\0\08\0\0\0\3\0\0\0\0\0\0\0\25\204mK\0\0\0\0\32\370\267\220\0\0\0\0\0\0\0\0\30\0\0\0\0\0\0\0\0\0\0\0\0\0\0\0\0\0\0\0\0\0\0\0\20\0\0\0\0\0\0\0\0\0\0\0\0\0\0\0\20\0\0\0\1\0\0\0\0\0\0\0\0\0\0\0h\0\0\0\1\0\0\0\0\0\0\0\0\0\0\0\33\0\0\0\0\0\0\0\0\0\0\0\0\0\0\0\0\6\0\0@\0\0\0\34\0\0\0\0\0\0\0"..., 312, MSG_NOSIGNAL, NULL, 0) = 312
10579 sendmsg(5, {msg_name=NULL, msg_namelen=0, msg_iov=[{iov_base="\20\0\1\0\250\0\0\0005}\22s\0\0\0\0\30\0\24\0\0\0\0\0\0\0\0\0\0\0\0\0p\0\0\0\0\0\0\0H\0\0\0\0\0\0\0\0\0\0\0\0\0\0\0\0\0\0\0\0\0\0\0\0\0\0\0\1\0\0\0\377\377\377\377\377\377\377\377\0\0\0\0\0\0\0\0\0\0\0\0`\0\0\0\0\0\0\0\0\0\0\0\0\0\0\0\1\0\0\0\20\0\0\0\1\0\0\0\1\0\0\0\0\0\0\0\20\0\0\0\1\0\0\0\200\0\0\0\0\0\1\0\30\0\0\0\20\0\0\0\10\0\0\0\0\0\0\0\1\0\0\0\0\0\0\0", iov_len=168}], msg_iovlen=1, msg_control=[{cmsg_len=20, cmsg_level=SOL_SOCKET, cmsg_type=SCM_RIGHTS, cmsg_data=[15]}], msg_controllen=20, msg_flags=0}, MSG_NOSIGNAL) = 168
10533 sendto(36, "\20\0\0\0\0@\0\0\0~\22s\0\0\0\0\30\0\24\0\0\0\0\0\f\0\0\0\0\0\0\0\0\0\0\0\0\0\0\0H\0\0\0\0\0\0\0\20\0\0\0\0\0\0\0\7\0\0\0\0\0\0\0\0\0\0\0\1\0\0\0\377\377\377\377\377\377\377\377\0\0\0\0\0\0\0\0`\0\0\0\0\0\0\0\0\0\0\0\0\0\0\0\0\0\0\0\0\0\0\0\220?\0\0\210?\0\08\0\0\0\3\0\0\0\0\0\0\0\205K\3034\1\0\0\0\30\370\267\220\2\0\0\0\0\0\0\0\30\0\0\0\0\0\0\0\0\0\0\0\0\0\0\0\0\0\0\0\0\0\0\0\20\0\0\0\0\0\0\0\10\0\0\0\0\0\0\0\210\1\0\0000\0\0\0\200\1\0\0\0\0\0\0\270\2\0\0\0\0\0\0\360\3\0\0\0\0\0\0(\5\0\0\0\0\0\0`\6\0\0\0\0\0\0\240\7\0\0\0\0\0\0\340\10\0\0\0\0\0\0"..., 16384, MSG_NOSIGNAL, NULL, 0 <unfinished ...>
10529 openat(AT_FDCWD, "/tmp/playwright_chromiumdev_profile-pi0Vs8/Default/Extension Scripts/000001.dbtmp", O_WRONLY|O_CREAT|O_TRUNC, 0600 <unfinished ...>
10509 sendto(37, "\20\0\0\0\350\0\0\0h~\22s\0\0\0\0\30\0\24\0\0\0\0\0\21\0\0\0\0\0\0\0\0\0\0\0\0\0\0\0H\0\0\0\0\0\0\0\"\0\0\0\0\0\0\0\2\0\0\0\0\0\0\0\0\0\0\0\1\0\0\0\0\0\0\0\0\0\0\0\0}\1\0\0\1\0\0\0\0\0\0`\0\0\0p\0\0\0\0\0\0\0\0\0\0\0\0\0\0\0\20\0\0\0\1\0\0\0\0\0\0\0\0\0\0\0h\0\0\0\1\0\0\0\0\0\0\0\0\0\0\09\0\0\0\0\0\0\0\0\0\0\0\0\0\0\0@\t\0\0@\0\0\0:\0\0\0\0\0\0\0\0\0\0\0\0\0\0\0\0\0\0\0\0\0\0\0\0\0\0\0\0\0\0\0\2\0\0\0\0\0\0\0\0\0\0\0\0\0\0\0\0\0\0\0\0\0\0\0\0\0\0\0\0\0\0\0", 232, MSG_NOSIGNAL, NULL, 0 <unfinished ...>
10533 <... sendto resumed>)             = 16384
10509 <... sendto resumed>)             = 232
10579 sendto(5, "\20\0\0\0@\0\0\0\342~\22s\0\0\0\0\30\0\26\0\0\0\0\0\1\0\0\0\0\0\0\0\0\0\0\0\0\0\0\0\30\0\0\0\0\0\0\0\0\0\0\0\0\0\0\0\1\0\0\0\0\0\0\0", 64, MSG_NOSIGNAL, NULL, 0 <unfinished ...>
10557 recvmsg(14,  <unfinished ...>
10579 <... sendto resumed>)             = 64
10557 <... recvmsg resumed>{msg_name=NULL, msg_namelen=0, msg_iov=[{iov_base="\20\0\0\0\350\0\0\0h~\22s\0\0\0\0\30\0\24\0\0\0\0\0\21\0\0\0\0\0\0\0\0\0\0\0\0\0\0\0H\0\0\0\0\0\0\0\"\0\0\0\0\0\0\0\2\0\0\0\0\0\0\0\0\0\0\0\1\0\0\0\0\0\0\0\0\0\0\0\0}\1\0\0\1\0\0\0\0\0\0`\0\0\0p\0\0\0\0\0\0\0\0\0\0\0\0\0\0\0\20\0\0\0\1\0\0\0\0\0\0\0\0\0\0\0h\0\0\0\1\0\0\0\0\0\0\0\0\0\0\09\0\0\0\0\0\0\0\0\0\0\0\0\0\0\0@\t\0\0@\0\0\0:\0\0\0\0\0\0\0\0\0\0\0\0\0\0\0\0\0\0\0\0\0\0\0\0\0\0\0\0\0\0\0\2\0\0\0\0\0\0\0\0\0\0\0\0\0\0\0\0\0\0\0\0\0\0\0\0\0\0\0\0\0\0\0", iov_len=4096}], msg_iovlen=1, msg_controllen=0, msg_flags=0}, MSG_DONTWAIT) = 232
10529 <... openat resumed>)             = 81
10579 sendto(5, "\20\0\0\0X\0\0\0\251\177\22s\0\0\0\0\30\0\"\0\0\0\0\0\2\0\0\0\0\0\0\0\0\0\0\0\0\0\0\0000\0\0\0\0\0\0\0\1\0\0\0\0\0\0\0\35\0\0\0\0\0\0\0\0\0\0\0\0\0\0\0@\6\0\0@\0\0\0\0\0\0\0\0\0\0\0", 88, MSG_NOSIGNAL, NULL, 0) = 88
10579 recvmsg(5,  <unfinished ...>
10533 sendto(36, "\20\0\0\0\310\0\0\0i\200\22s\0\0\0\0\30\0\24\0\0\0\0\0\r\0\0\0\0\0\0\0\0\0\0\0\0\0\0\0H\0\0\0\0\0\0\0\20\0\0\0\0\0\0\0\10\0\0\0\0\0\0\0\0\0\0\0\1\0\0\0\377\377\377\377\377\377\377\377\0\0\0\0\0\0\0\0`\0\0\0\0\0\0\0\0\0\0\0\0\0\0\0\0\0\0\0\0\0\0\0X\0\0\0P\0\0\08\0\0\0\3\0\0\0\0\0\0\0AS\327q\0\0\0\0\31\370\267\220\0\0\0\0\0\0\0\0\30\0\0\0\0\0\0\0\0\0\0\0\0\0\0\0\0\0\0\0\0\0\0\0\30\0\0\0\0\0\0\0\4\0\0\0\0\0\0\0\0\0\0\0\0\0\0\0", 200, MSG_NOSIGNAL, NULL, 0 <unfinished ...>
10579 <... recvmsg resumed>{msg_name=NULL, msg_namelen=0, msg_iov=[{iov_base="\20\0\0\0\210\1\0\0$q\22s\0\0\0\0\30\0\24\0\0\0\0\0\0\0\0\0\0\0\0\0\0\0\0\0\0\0\0\0H\0\0\0\0\0\0\0\1\0\0\0\0\0\0\0\0\0\0\0\0\0\0\0\0\0\0\0\1\0\0\0\377\377\377\377\377\377\377\377\0\0\0\0\0\0\0\0`\0\0\0\0\1\0\0\20\1\0\0\0\0\0\0\0\0\0\0\0\0\0\0\240\0\0\0\230\0\0\08\0\0\0\3\0\0\0\0\0\0\0000-ju\0\0\0\0.\370\267\220\0\0\0\0\0\0\0\0\30\0\0\0\0\0\0\0\0\0\0\0\0\0\0\0\0\0\0\0\0\0\0\0\20\0\0\0\0\0\0\0\10\0\0\0\0\0\0\0\30\0\0\0\0\0\0\0\20\0\0\0\0\0\0\0\0\0\0\0\0\0\0\0002\0\0\0*\0\0\0metrics.mojom.ChildHistogramFetc"..., iov_len=4096}], msg_iovlen=1, msg_controllen=0, msg_flags=0}, MSG_DONTWAIT) = 4096
10533 <... sendto resumed>)             = 200
10509 sendto(37, "\20\0\0\0\350\0\0\0\323\200\22s\0\0\0\0\30\0\24\0\0\0\0\0\22\0\0\0\0\0\0\0\0\0\0\0\0\0\0\0H\0\0\0\0\0\0\0\"\0\0\0\0\0\0\0\3\0\0\0\0\0\0\0\0\0\0\0\1\0\0\0\0\0\0\0\0\0\0\0\0}\1\0\0\1\0\0\0\0\0\0`\0\0\0p\0\0\0\0\0\0\0\0\0\0\0\0\0\0\0\20\0\0\0\1\0\0\0\0\0\0\0\0\0\0\0h\0\0\0\1\0\0\0\0\0\0\0\0\0\0\0;\0\0\0\0\0\0\0\0\0\0\0\0\0\0\0\200\t\0\0@\0\0\0<\0\0\0\0\0\0\0\0\0\0\0\0\0\0\0\0\0\0\0\0\0\0\0\0\0\0\0\0\0\0\0\2\0\0\0\0\0\0\0\0\0\0\0\0\0\0\0\0\0\0\0\0\0\0\0\0\0\0\0\0\0\0\0", 232, MSG_NOSIGNAL, NULL, 0 <unfinished ...>
10533 sendto(36, "\20\0\0\0\360\0\0\0\350\200\22s\0\0\0\0\30\0\24\0\0\0\0\0\16\0\0\0\0\0\0\0\0\0\0\0\0\0\0\0H\0\0\0\0\0\0\0\20\0\0\0\0\0\0\0\t\0\0\0\0\0\0\0\0\0\0\0\1\0\0\0\377\377\377\377\377\377\377\377\0\0\0\0\0\0\0\0`\0\0\0\0\0\0\0\0\0\0\0\0\0\0\0\0\0\0\0\0\0\0\0\200\0\0\0x\0\0\08\0\0\0\3\0\0\0\0\0\0\0\335$\1r\0\0\0\0\34\370\267\220\0\0\0\0\0\0\0\0\30\0\0\0\0\0\0\0\0\0\0\0\0\0\0\0\0\0\0\0\0\0\0\0 \0\0\0\0\0\0\0\5\0\0\0\1\0\0\0\20\0\0\0\0\0\0\0 \0\0\0\0\0\0\0\20\0\0\0\0\0\0\0\10\0\0\0\0\0\0\0\10\0\0\0\0\0\0\0\10\0\0\0\0\0\0\0", 240, MSG_NOSIGNAL, NULL, 0 <unfinished ...>
10509 <... sendto resumed>)             = 232
10557 recvmsg(14, {msg_name=NULL, msg_namelen=0, msg_iov=[{iov_base="\20\0\0\0\350\0\0\0\323\200\22s\0\0\0\0\30\0\24\0\0\0\0\0\22\0\0\0\0\0\0\0\0\0\0\0\0\0\0\0H\0\0\0\0\0\0\0\"\0\0\0\0\0\0\0\3\0\0\0\0\0\0\0\0\0\0\0\1\0\0\0\0\0\0\0\0\0\0\0\0}\1\0\0\1\0\0\0\0\0\0`\0\0\0p\0\0\0\0\0\0\0\0\0\0\0\0\0\0\0\20\0\0\0\1\0\0\0\0\0\0\0\0\0\0\0h\0\0\0\1\0\0\0\0\0\0\0\0\0\0\0;\0\0\0\0\0\0\0\0\0\0\0\0\0\0\0\200\t\0\0@\0\0\0<\0\0\0\0\0\0\0\0\0\0\0\0\0\0\0\0\0\0\0\0\0\0\0\0\0\0\0\0\0\0\0\2\0\0\0\0\0\0\0\0\0\0\0\0\0\0\0\0\0\0\0\0\0\0\0\0\0\0\0\0\0\0\0", iov_len=4096}], msg_iovlen=1, msg_controllen=0, msg_flags=0}, MSG_DONTWAIT) = 232
10533 <... sendto resumed>)             = 240
10509 openat(AT_FDCWD, "/proc/10545/stat", O_RDONLY|O_CLOEXEC) = 82
10579 recvmsg(5, {msg_name=NULL, msg_namelen=0, msg_iov=[{iov_base="H\0\0\0\0\0\0\0\20\0\0\0\0\0\0\0\7\0\0\0\0\0\0\0\0\0\0\0\1\0\0\0\377\377\377\377\377\377\377\377\0\0\0\0\0\0\0\0`\0\0\0\0\0\0\0\0\0\0\0\0\0\0\0\0\0\0\0\0\0\0\0\220?\0\0\210?\0\08\0\0\0\3\0\0\0\0\0\0\0\205K\3034\1\0\0\0\30\370\267\220\2\0\0\0\0\0\0\0\30\0\0\0\0\0\0\0\0\0\0\0\0\0\0\0\0\0\0\0\0\0\0\0\20\0\0\0\0\0\0\0\10\0\0\0\0\0\0\0\210\1\0\0000\0\0\0\200\1\0\0\0\0\0\0\270\2\0\0\0\0\0\0\360\3\0\0\0\0\0\0(\5\0\0\0\0\0\0`\6\0\0\0\0\0\0\240\7\0\0\0\0\0\0\340\10\0\0\0\0\0\0 \n\0\0\0\0\0\0`\v\0\0\0\0\0\0\240\f\0\0\0\0\0\0\340\r\0\0\0\0\0\0 \17\0\0\0\0\0\0"..., iov_len=16344}], msg_iovlen=1, msg_controllen=0, msg_flags=0}, MSG_DONTWAIT) = 16344
10533 sendto(36, "\20\0\0\08\2\0\0\6\203\22s\0\0\0\0\30\0\24\0\0\0\0\0\17\0\0\0\0\0\0\0\0\0\0\0\0\0\0\0H\0\0\0\0\0\0\0\20\0\0\0\0\0\0\0\n\0\0\0\0\0\0\0\0\0\0\0\1\0\0\0\377\377\377\377\377\377\377\377\0\0\0\0\0\0\0\0`\0\0\0\0\0\0\0\0\0\0\0\0\0\0\0\0\0\0\0\0\0\0\0\310\1\0\0\300\1\0\08\0\0\0\3\0\0\0\0\0\0\0\3305qh\0\0\0\0\35\370\267\220\0\0\0\0\0\0\0\0\30\0\0\0\0\0\0\0\0\0\0\0\0\0\0\0\0\0\0\0\0\0\0\0\20\0\0\0\0\0\0\0\10\0\0\0\0\0\0\0@\0\0\0\0\0\0\0-C\34\353\3426\32?0\0\0\0\0\0\0\08\0\0\0\0\0\0\0@\0\0\0\0\0\0\0\240\0\0\0\0\0\0\0(\1\0\0\0\0\0\0000\1\0\0\0\0\0\0"..., 568, MSG_NOSIGNAL, NULL, 0) = 568
10533 sendto(36, "\20\0\0\0\310\0\0\0\221\203\22s\0\0\0\0\30\0\24\0\0\0\0\0\20\0\0\0\0\0\0\0\0\0\0\0\0\0\0\0H\0\0\0\0\0\0\0\20\0\0\0\0\0\0\0\v\0\0\0\0\0\0\0\0\0\0\0\1\0\0\0\377\377\377\377\377\377\377\377\0\0\0\0\0\0\0\0`\0\0\0\0\0\0\0\0\0\0\0\0\0\0\0\0\0\0\0\0\0\0\0X\0\0\0P\0\0\08\0\0\0\3\0\0\0\0\0\0\0{.pg\0\0\0\0\22\370\267\220\0\0\0\0\0\0\0\0\30\0\0\0\0\0\0\0\0\0\0\0\0\0\0\0\0\0\0\0\0\0\0\0\20\0\0\0\0\0\0\0\10\0\0\0\0\0\0\0\10\0\0\0\0\0\0\0", 200, MSG_NOSIGNAL, NULL, 0) = 200
10533 sendto(36, "\20\0\0\0\300\0\0\0\306\203\22s\0\0\0\0\30\0\24\0\0\0\0\0\21\0\0\0\0\0\0\0\0\0\0\0\0\0\0\0H\0\0\0\0\0\0\0\20\0\0\0\0\0\0\0\f\0\0\0\0\0\0\0\0\0\0\0\1\0\0\0\377\377\377\377\377\377\377\377\0\0\0\0\0\0\0\0`\0\0\0\0\0\0\0\0\0\0\0\0\0\0\0\0\0\0\0\0\0\0\0P\0\0\0H\0\0\08\0\0\0\3\0\0\0\0\0\0\0\306\213\373'\0\0\0\0\23\370\267\220\0\0\0\0\0\0\0\0\30\0\0\0\0\0\0\0\0\0\0\0\0\0\0\0\0\0\0\0\0\0\0\0\20\0\0\0\0\0\0\0\0\0\0\0\0\0\0\0", 192, MSG_NOSIGNAL, NULL, 0) = 192
10533 sendto(36, "\20\0\0\0\300\0\0\0\26\204\22s\0\0\0\0\30\0\24\0\0\0\0\0\22\0\0\0\0\0\0\0\0\0\0\0\0\0\0\0H\0\0\0\0\0\0\0\20\0\0\0\0\0\0\0\r\0\0\0\0\0\0\0\0\0\0\0\1\0\0\0\377\377\377\377\377\377\377\377\0\0\0\0\0\0\0\0`\0\0\0\0\0\0\0\0\0\0\0\0\0\0\0\0\0\0\0\0\0\0\0P\0\0\0H\0\0\08\0\0\0\3\0\0\0\0\0\0\0X\223\354\"\0\0\0\0\20\370\267\220\0\0\0\0\0\0\0\0\30\0\0\0\0\0\0\0\0\0\0\0\0\0\0\0\0\0\0\0\0\0\0\0\20\0\0\0\0\0\0\0\0\0\0\0\0\0\0\0", 192, MSG_NOSIGNAL, NULL, 0) = 192
10533 sendto(36, "\20\0\0\08\1\0\0Z\204\22s\0\0\0\0\30\0\24\0\0\0\0\0\23\0\0\0\0\0\0\0\0\0\0\0\0\0\0\0H\0\0\0\0\0\0\0\20\0\0\0\0\0\0\0\16\0\0\0\0\0\0\0\0\0\0\0\1\0\0\0\377\377\377\377\377\377\377\377\0\0\0\0\0\0\0\0`\0\0\0\260\0\0\0\300\0\0\0\0\0\0\0\0\0\0\0\0\0\0\0P\0\0\0H\0\0\08\0\0\0\3\0\0\0\0\0\0\0\367\\\321m\0\0\0\0\21\370\267\220\0\0\0\0\0\0\0\0\30\0\0\0\0\0\0\0\0\0\0\0\0\0\0\0\0\0\0\0\0\0\0\0\20\0\0\0\0\0\0\0\0\0\0\0\0\0\0\0\20\0\0\0\1\0\0\0\0\0\0\0\0\0\0\0h\0\0\0\1\0\0\0\1\0\0\0\0\0\0\0\36\0\0\0\0\0\0\0\377\377\377\377\377\377\377\377\0\0\0\0\0\0\0\0\0\0\0\0\0\0\0\0"..., 312, MSG_NOSIGNAL, NULL, 0) = 312
10533 sendto(36, "\20\0\0\08\1\0\0\243\204\22s\0\0\0\0\30\0\24\0\0\0\0\0\24\0\0\0\0\0\0\0\0\0\0\0\0\0\0\0H\0\0\0\0\0\0\0\36\0\0\0\0\0\0\0\0\0\0\0\0\0\0\0\0\0\0\0\1\0\0\0\377\377\377\377\377\377\377\377\0\0\0\0\0\0\0\0`\0\0\0\260\0\0\0\300\0\0\0\0\0\0\0\0\0\0\0\0\0\0\0P\0\0\0H\0\0\08\0\0\0\3\0\0\0\0\0\0\0006p\230\24\0\0\0\0\26\370\267\220\0\0\0\0\0\0\0\0\30\0\0\0\0\0\0\0\0\0\0\0\0\0\0\0\0\0\0\0\0\0\0\0\20\0\0\0\0\0\0\0\0\0\0\0\0\0\0\0\20\0\0\0\1\0\0\0\0\0\0\0\0\0\0\0h\0\0\0\1\0\0\0\0\0\0\0\0\0\0\0\37\0\0\0\0\0\0\0\0\0\0\0\0\0\0\0\200\6\0\0@\0\0\0 \0\0\0\0\0\0\0"..., 312, MSG_NOSIGNAL, NULL, 0 <unfinished ...>
10579 recvmsg(5,  <unfinished ...>
10533 <... sendto resumed>)             = 312
10579 <... recvmsg resumed>{msg_name=NULL, msg_namelen=0, msg_iov=[{iov_base="\20\0\0\0\310\0\0\0i\200\22s\0\0\0\0\30\0\24\0\0\0\0\0\r\0\0\0\0\0\0\0\0\0\0\0\0\0\0\0H\0\0\0\0\0\0\0\20\0\0\0\0\0\0\0\10\0\0\0\0\0\0\0\0\0\0\0\1\0\0\0\377\377\377\377\377\377\377\377\0\0\0\0\0\0\0\0`\0\0\0\0\0\0\0\0\0\0\0\0\0\0\0\0\0\0\0\0\0\0\0X\0\0\0P\0\0\08\0\0\0\3\0\0\0\0\0\0\0AS\327q\0\0\0\0\31\370\267\220\0\0\0\0\0\0\0\0\30\0\0\0\0\0\0\0\0\0\0\0\0\0\0\0\0\0\0\0\0\0\0\0\30\0\0\0\0\0\0\0\4\0\0\0\0\0\0\0\0\0\0\0\0\0\0\0\20\0\0\0\360\0\0\0\350\200\22s\0\0\0\0\30\0\24\0\0\0\0\0\16\0\0\0\0\0\0\0\0\0\0\0\0\0\0\0H\0\0\0\0\0\0\0\20\0\0\0\0\0\0\0"..., iov_len=4096}], msg_iovlen=1, msg_controllen=0, msg_flags=0}, MSG_DONTWAIT) = 2216
10533 sendto(36, "\20\0\0\08\1\0\0\363\204\22s\0\0\0\0\30\0\24\0\0\0\0\0\25\0\0\0\0\0\0\0\0\0\0\0\0\0\0\0H\0\0\0\0\0\0\0\20\0\0\0\0\0\0\0\17\0\0\0\0\0\0\0\0\0\0\0\1\0\0\0\377\377\377\377\377\377\377\377\0\0\0\0\0\0\0\0`\0\0\0\260\0\0\0\300\0\0\0\0\0\0\0\0\0\0\0\0\0\0\0P\0\0\0H\0\0\08\0\0\0\3\0\0\0\0\0\0\0\2236\332\35\0\0\0\0}\370\267\220\0\0\0\0\0\0\0\0\30\0\0\0\0\0\0\0\0\0\0\0\0\0\0\0\0\0\0\0\0\0\0\0\20\0\0\0\0\0\0\0\0\0\0\0\0\0\0\0\20\0\0\0\1\0\0\0\0\0\0\0\0\0\0\0h\0\0\0\1\0\0\0\1\0\0\0\0\0\0\0!\0\0\0\0\0\0\0\377\377\377\377\377\377\377\377\0\0\0\0\0\0\0\0\0\0\0\0\0\0\0\0"..., 312, MSG_NOSIGNAL, NULL, 0) = 312
10533 sendto(36, "\20\0\0\08\1\0\0>\205\22s\0\0\0\0\30\0\24\0\0\0\0\0\26\0\0\0\0\0\0\0\0\0\0\0\0\0\0\0H\0\0\0\0\0\0\0!\0\0\0\0\0\0\0\0\0\0\0\0\0\0\0\0\0\0\0\1\0\0\0\377\377\377\377\377\377\377\377\0\0\0\0\0\0\0\0`\0\0\0\260\0\0\0\300\0\0\0\0\0\0\0\0\0\0\0\0\0\0\0P\0\0\0H\0\0\08\0\0\0\3\0\0\0\0\0\0\0J\2447R\0\0\0\0r\370\267\220\0\0\0\0\0\0\0\0\30\0\0\0\0\0\0\0\0\0\0\0\0\0\0\0\0\0\0\0\0\0\0\0\20\0\0\0\0\0\0\0\0\0\0\0\0\0\0\0\20\0\0\0\1\0\0\0\0\0\0\0\0\0\0\0h\0\0\0\1\0\0\0\0\0\0\0\0\0\0\0\"\0\0\0\0\0\0\0\0\0\0\0\0\0\0\0\300\6\0\0@\0\0\0#\0\0\0\0\0\0\0"..., 312, MSG_NOSIGNAL, NULL, 0) = 312
10533 sendto(36, "\20\0\0\08\1\0\0m\205\22s\0\0\0\0\30\0\24\0\0\0\0\0\27\0\0\0\0\0\0\0\0\0\0\0\0\0\0\0H\0\0\0\0\0\0\0\20\0\0\0\0\0\0\0\20\0\0\0\0\0\0\0\0\0\0\0\1\0\0\0\377\377\377\377\377\377\377\377\0\0\0\0\0\0\0\0`\0\0\0\260\0\0\0\300\0\0\0\0\0\0\0\0\0\0\0\0\0\0\0P\0\0\0H\0\0\08\0\0\0\3\0\0\0\0\0\0\0\237\242\3o\0\0\0\0J\370\267\220\0\0\0\0\0\0\0\0\30\0\0\0\0\0\0\0\0\0\0\0\0\0\0\0\0\0\0\0\0\0\0\0\20\0\0\0\0\0\0\0\0\0\0\0\0\0\0\0\20\0\0\0\1\0\0\0\0\0\0\0\0\0\0\0h\0\0\0\1\0\0\0\1\0\0\0\0\0\0\0$\0\0\0\0\0\0\0\377\377\377\377\377\377\377\377\0\0\0\0\0\0\0\0\0\0\0\0\0\0\0\0"..., 312, MSG_NOSIGNAL, NULL, 0 <unfinished ...>
10509 openat(AT_FDCWD, "/proc/10545/status", O_RDONLY|O_CLOEXEC <unfinished ...>
10533 <... sendto resumed>)             = 312
10533 sendto(36, "\20\0\0\08\1\0\0\242\205\22s\0\0\0\0\30\0\24\0\0\0\0\0\30\0\0\0\0\0\0\0\0\0\0\0\0\0\0\0H\0\0\0\0\0\0\0$\0\0\0\0\0\0\0\0\0\0\0\0\0\0\0\0\0\0\0\1\0\0\0\377\377\377\377\377\377\377\377\0\0\0\0\0\0\0\0`\0\0\0\260\0\0\0\300\0\0\0\0\0\0\0\0\0\0\0\0\0\0\0P\0\0\0H\0\0\08\0\0\0\3\0\0\0\0\0\0\0\250\322\276]\0\0\0\0K\370\267\220\0\0\0\0\0\0\0\0\30\0\0\0\0\0\0\0\0\0\0\0\0\0\0\0\0\0\0\0\0\0\0\0\20\0\0\0\0\0\0\0\0\0\0\0\0\0\0\0\20\0\0\0\1\0\0\0\0\0\0\0\0\0\0\0h\0\0\0\1\0\0\0\0\0\0\0\0\0\0\0%\0\0\0\0\0\0\0\0\0\0\0\0\0\0\0\0\7\0\0@\0\0\0&\0\0\0\0\0\0\0"..., 312, MSG_NOSIGNAL, NULL, 0 <unfinished ...>
10529 openat(AT_FDCWD, "/tmp/playwright_chromiumdev_profile-pi0Vs8/Default/Extension Scripts/CURRENT", O_RDONLY <unfinished ...>
10509 <... openat resumed>)             = 81
10533 <... sendto resumed>)             = 312
10533 sendto(36, "\20\0\0\0\310\1\0\0\362\205\22s\0\0\0\0\30\0\24\0\0\0\0\0\31\0\0\0\0\0\0\0\0\0\0\0\0\0\0\0H\0\0\0\0\0\0\0\20\0\0\0\0\0\0\0\21\0\0\0\0\0\0\0\0\0\0\0\1\0\0\0\377\377\377\377\377\377\377\377\0\0\0\0\0\0\0\0`\0\0\0\0\0\0\0\0\0\0\0\0\0\0\0\0\0\0\0\0\0\0\0X\1\0\0P\1\0\08\0\0\0\3\0\0\0\0\0\0\0\344\221]\27\0\0\0\0I\370\267\220\0\0\0\0\0\0\0\0\30\0\0\0\0\0\0\0\0\0\0\0\0\0\0\0\0\0\0\0\0\0\0\0\20\0\0\0\0\0\0\0\10\0\0\0\0\0\0\0 \0\0\0\0\0\0\0\30\0\0\0\0\0\0\0(\0\0\0\0\0\0\0\210\0\0\0\0\0\0\0\20\0\0\0\0\0\0\0\10\0\0\0\0\0\0\0\10\0\0\0\0\0\0\0\30\0\0\0\0\0\0\0"..., 456, MSG_NOSIGNAL, NULL, 0 <unfinished ...>
10529 <... openat resumed>)             = 51
10579 recvmsg(5,  <unfinished ...>
10533 <... sendto resumed>)             = 456
10579 <... recvmsg resumed>{msg_name=NULL, msg_namelen=0, msg_iov=[{iov_base="\20\0\0\08\1\0\0\363\204\22s\0\0\0\0\30\0\24\0\0\0\0\0\25\0\0\0\0\0\0\0\0\0\0\0\0\0\0\0H\0\0\0\0\0\0\0\20\0\0\0\0\0\0\0\17\0\0\0\0\0\0\0\0\0\0\0\1\0\0\0\377\377\377\377\377\377\377\377\0\0\0\0\0\0\0\0`\0\0\0\260\0\0\0\300\0\0\0\0\0\0\0\0\0\0\0\0\0\0\0P\0\0\0H\0\0\08\0\0\0\3\0\0\0\0\0\0\0\2236\332\35\0\0\0\0}\370\267\220\0\0\0\0\0\0\0\0\30\0\0\0\0\0\0\0\0\0\0\0\0\0\0\0\0\0\0\0\0\0\0\0\20\0\0\0\0\0\0\0\0\0\0\0\0\0\0\0\20\0\0\0\1\0\0\0\0\0\0\0\0\0\0\0h\0\0\0\1\0\0\0\1\0\0\0\0\0\0\0!\0\0\0\0\0\0\0\377\377\377\377\377\377\377\377\0\0\0\0\0\0\0\0\0\0\0\0\0\0\0\0"..., iov_len=4096}], msg_iovlen=1, msg_controllen=0, msg_flags=0}, MSG_DONTWAIT) = 1704
10533 sendto(36, "\20\0\0\0X\0\0\0r\206\22s\0\0\0\0\30\0\"\0\0\0\0\0\32\0\0\0\0\0\0\0\0\0\0\0\0\0\0\0000\0\0\0\0\0\0\0\2\0\0\0\0\0\0\0'\0\0\0\0\0\0\0\0\0\0\0\0\0\0\0@\7\0\0@\0\0\0\0\0\0\0\0\0\0\0", 88, MSG_NOSIGNAL, NULL, 0) = 88
10579 recvmsg(5, {msg_name=NULL, msg_namelen=0, msg_iov=[{iov_base="\20\0\0\0X\0\0\0r\206\22s\0\0\0\0\30\0\"\0\0\0\0\0\32\0\0\0\0\0\0\0\0\0\0\0\0\0\0\0000\0\0\0\0\0\0\0\2\0\0\0\0\0\0\0'\0\0\0\0\0\0\0\0\0\0\0\0\0\0\0@\7\0\0@\0\0\0\0\0\0\0\0\0\0\0", iov_len=4096}], msg_iovlen=1, msg_controllen=0, msg_flags=0}, MSG_DONTWAIT) = 88
10533 recvmsg(36,  <unfinished ...>
10579 sendto(5, "\20\0\0\0@\0\0\0\220\207\22s\0\0\0\0\30\0#\0\0\0\0\0\3\0\0\0\0\0\0\0\0\0\0\0\0\0\0\0\30\0\0\0\0\0\0\0\2\0\0\0\0\0\0\0\0\0\0\0\0\0\0\0", 64, MSG_NOSIGNAL, NULL, 0 <unfinished ...>
10533 <... recvmsg resumed>{msg_name=NULL, msg_namelen=0, msg_iov=[{iov_base="\20\0\1\0\250\0\0\0005}\22s\0\0\0\0\30\0\24\0\0\0\0\0\0\0\0\0\0\0\0\0p\0\0\0\0\0\0\0H\0\0\0\0\0\0\0\0\0\0\0\0\0\0\0\0\0\0\0\0\0\0\0\0\0\0\0\1\0\0\0\377\377\377\377\377\377\377\377\0\0\0\0\0\0\0\0\0\0\0\0`\0\0\0\0\0\0\0\0\0\0\0\0\0\0\0\1\0\0\0\20\0\0\0\1\0\0\0\1\0\0\0\0\0\0\0\20\0\0\0\1\0\0\0\200\0\0\0\0\0\1\0\30\0\0\0\20\0\0\0\10\0\0\0\0\0\0\0\1\0\0\0\0\0\0\0", iov_len=4096}], msg_iovlen=1, msg_control=[{cmsg_len=20, cmsg_level=SOL_SOCKET, cmsg_type=SCM_RIGHTS, cmsg_data=[82]}], msg_controllen=24, msg_flags=0}, MSG_DONTWAIT) = 168
10579 <... sendto resumed>)             = 64
10529 openat(AT_FDCWD, "/tmp/playwright_chromiumdev_profile-pi0Vs8/Default/Extension Scripts/MANIFEST-000001", O_RDONLY <unfinished ...>
10579 sendto(5, "\20\0\0\0\270\0\0\0y\211\22s\0\0\0\0\30\0\24\0\0\0\0\0\4\0\0\0\0\0\0\0\0\0\0\0\0\0\0\0H\0\0\0\0\0\0\0'\0\0\0\0\0\0\0\0\0\0\0\0\0\0\0\0\0\0\0\1\0\0\0\377\377\377\377\377\377\377\377\0\0\0\0\0\0\0\0`\0\0\0\0\0\0\0\0\0\0\0\0\0\0\0\0\0\0\0\0\0\0\0H\0\0\0@\0\0\08\0\0\0\3\0\0\0\0\0\0\0\323Gg{\1\0\0\0\301\231~?\1\0\0\0\0\0\0\0\30\0\0\0\0\0\0\0\0\0\0\0\0\0\0\0\0\0\0\0\0\0\0\0\10\0\0\0\0\0\0\0", 184, MSG_NOSIGNAL, NULL, 0) = 184
10533 recvmsg(36,  <unfinished ...>
10529 <... openat resumed>)             = 51
10509 sendto(37, "\20\0\0\0\350\0\0\0\357\211\22s\0\0\0\0\30\0\24\0\0\0\0\0\23\0\0\0\0\0\0\0\0\0\0\0\0\0\0\0H\0\0\0\0\0\0\0\"\0\0\0\0\0\0\0\4\0\0\0\0\0\0\0\0\0\0\0\1\0\0\0\0\0\0\0\0\0\0\0\0}\1\0\0\1\0\0\0\0\0\0`\0\0\0p\0\0\0\0\0\0\0\0\0\0\0\0\0\0\0\20\0\0\0\1\0\0\0\0\0\0\0\0\0\0\0h\0\0\0\1\0\0\0\0\0\0\0\0\0\0\0=\0\0\0\0\0\0\0\0\0\0\0\0\0\0\0\300\t\0\0@\0\0\0>\0\0\0\0\0\0\0\0\0\0\0\0\0\0\0\0\0\0\0\0\0\0\0\0\0\0\0\0\0\0\0\2\0\0\0\0\0\0\0\0\0\0\0\0\0\0\0\0\0\0\0\0\0\0\0\0\0\0\0\0\0\0\0", 232, MSG_NOSIGNAL, NULL, 0 <unfinished ...>
10533 <... recvmsg resumed>{msg_name=NULL, msg_namelen=0, msg_iov=[{iov_base="\20\0\0\0@\0\0\0\342~\22s\0\0\0\0\30\0\26\0\0\0\0\0\1\0\0\0\0\0\0\0\0\0\0\0\0\0\0\0\30\0\0\0\0\0\0\0\0\0\0\0\0\0\0\0\1\0\0\0\0\0\0\0\20\0\0\0X\0\0\0\251\177\22s\0\0\0\0\30\0\"\0\0\0\0\0\2\0\0\0\0\0\0\0\0\0\0\0\0\0\0\0000\0\0\0\0\0\0\0\1\0\0\0\0\0\0\0\35\0\0\0\0\0\0\0\0\0\0\0\0\0\0\0@\6\0\0@\0\0\0\0\0\0\0\0\0\0\0\20\0\0\0@\0\0\0\220\207\22s\0\0\0\0\30\0#\0\0\0\0\0\3\0\0\0\0\0\0\0\0\0\0\0\0\0\0\0\30\0\0\0\0\0\0\0\2\0\0\0\0\0\0\0\0\0\0\0\0\0\0\0\20\0\0\0\270\0\0\0y\211\22s\0\0\0\0\30\0\24\0\0\0\0\0\4\0\0\0\0\0\0\0\0\0\0\0\0\0\0\0"..., iov_len=4096}], msg_iovlen=1, msg_controllen=0, msg_flags=0}, MSG_DONTWAIT) = 400
10533 sendto(36, "\20\0\0\0@\0\0\0}\212\22s\0\0\0\0\30\0#\0\0\0\0\0\33\0\0\0\0\0\0\0\0\0\0\0\0\0\0\0\30\0\0\0\0\0\0\0\1\0\0\0\0\0\0\0\2\0\0\0\0\0\0\0", 64, MSG_NOSIGNAL, NULL, 0 <unfinished ...>
10509 <... sendto resumed>)             = 232
10557 recvmsg(14,  <unfinished ...>
10533 <... sendto resumed>)             = 64
10557 <... recvmsg resumed>{msg_name=NULL, msg_namelen=0, msg_iov=[{iov_base="\20\0\0\0\350\0\0\0\357\211\22s\0\0\0\0\30\0\24\0\0\0\0\0\23\0\0\0\0\0\0\0\0\0\0\0\0\0\0\0H\0\0\0\0\0\0\0\"\0\0\0\0\0\0\0\4\0\0\0\0\0\0\0\0\0\0\0\1\0\0\0\0\0\0\0\0\0\0\0\0}\1\0\0\1\0\0\0\0\0\0`\0\0\0p\0\0\0\0\0\0\0\0\0\0\0\0\0\0\0\20\0\0\0\1\0\0\0\0\0\0\0\0\0\0\0h\0\0\0\1\0\0\0\0\0\0\0\0\0\0\0=\0\0\0\0\0\0\0\0\0\0\0\0\0\0\0\300\t\0\0@\0\0\0>\0\0\0\0\0\0\0\0\0\0\0\0\0\0\0\0\0\0\0\0\0\0\0\0\0\0\0\0\0\0\0\2\0\0\0\0\0\0\0\0\0\0\0\0\0\0\0\0\0\0\0\0\0\0\0\0\0\0\0\0\0\0\0", iov_len=4096}], msg_iovlen=1, msg_controllen=0, msg_flags=0}, MSG_DONTWAIT) = 232
10533 sendto(36, "\20\0\0\08\0\0\0\24\213\22s\0\0\0\0\30\0$\0\0\0\0\0\34\0\0\0\0\0\0\0\0\0\0\0\0\0\0\0\20\0\0\0\0\0\0\0'\0\0\0\0\0\0\0", 56, MSG_NOSIGNAL, NULL, 0 <unfinished ...>
10509 sendto(37, "\20\0\0\0p\0\0\0\5\213\22s\0\0\0\0\30\0\24\0\0\0\0\0\24\0\0\0\0\0\0\0\0\0\0\0\0\0\0\0H\0\0\0\0\0\0\0=\0\0\0\0\0\0\0\0\0\0\0\0\0\0\0\0\0\0\0\1\0\0\0\0\0\0\0\0\0\0\0\0\250\1\0\0\10\0\0\0\0\0\0\0\0\0\0\0\0\0\0\0\0\0\0\0\0\0\0\0\0\0\0", 112, MSG_NOSIGNAL, NULL, 0 <unfinished ...>
10579 recvmsg(5,  <unfinished ...>
10533 <... sendto resumed>)             = 56
10579 <... recvmsg resumed>{msg_name=NULL, msg_namelen=0, msg_iov=[{iov_base="\20\0\0\0@\0\0\0}\212\22s\0\0\0\0\30\0#\0\0\0\0\0\33\0\0\0\0\0\0\0\0\0\0\0\0\0\0\0\30\0\0\0\0\0\0\0\1\0\0\0\0\0\0\0\2\0\0\0\0\0\0\0\20\0\0\08\0\0\0\24\213\22s\0\0\0\0\30\0$\0\0\0\0\0\34\0\0\0\0\0\0\0\0\0\0\0\0\0\0\0\20\0\0\0\0\0\0\0'\0\0\0\0\0\0\0", iov_len=4096}], msg_iovlen=1, msg_controllen=0, msg_flags=0}, MSG_DONTWAIT) = 120
10509 <... sendto resumed>)             = 112
10579 sendto(5, "\20\0\0\08\0\0\0\276\213\22s\0\0\0\0\30\0$\0\0\0\0\0\5\0\0\0\0\0\0\0\0\0\0\0\0\0\0\0\20\0\0\0\0\0\0\0\35\0\0\0\0\0\0\0", 56, MSG_NOSIGNAL, NULL, 0) = 56
10529 openat(AT_FDCWD, "/tmp/playwright_chromiumdev_profile-pi0Vs8/Default/Extension Scripts/MANIFEST-000001", O_WRONLY|O_APPEND <unfinished ...>
10579 sendto(5, "\20\0\0\0X\0\0\0\34\214\22s\0\0\0\0\30\0\"\0\0\0\0\0\6\0\0\0\0\0\0\0\0\0\0\0\0\0\0\0000\0\0\0\0\0\0\0'\0\0\0\0\0\0\0(\0\0\0\0\0\0\0\0\0\0\0\0\0\0\0\200\7\0\0@\0\0\0\1\0\0\0\0\0\0\0", 88, MSG_NOSIGNAL, NULL, 0 <unfinished ...>
10557 recvmsg(14,  <unfinished ...>
10529 <... openat resumed>)             = 51
10579 <... sendto resumed>)             = 88
10557 <... recvmsg resumed>{msg_name=NULL, msg_namelen=0, msg_iov=[{iov_base="\20\0\0\0p\0\0\0\5\213\22s\0\0\0\0\30\0\24\0\0\0\0\0\24\0\0\0\0\0\0\0\0\0\0\0\0\0\0\0H\0\0\0\0\0\0\0=\0\0\0\0\0\0\0\0\0\0\0\0\0\0\0\0\0\0\0\1\0\0\0\0\0\0\0\0\0\0\0\0\250\1\0\0\10\0\0\0\0\0\0\0\0\0\0\0\0\0\0\0\0\0\0\0\0\0\0\0\0\0\0", iov_len=4096}], msg_iovlen=1, msg_controllen=0, msg_flags=0}, MSG_DONTWAIT) = 112
10533 recvmsg(36,  <unfinished ...>
10509 openat(AT_FDCWD, "/proc/10545/stat", O_RDONLY|O_CLOEXEC <unfinished ...>
10579 sendto(5, "\20\0\0\0\330\2\0\0\324\214\22s\0\0\0\0\30\0\24\0\0\0\0\0\7\0\0\0\0\0\0\0\0\0\0\0\0\0\0\0H\0\0\0\0\0\0\0(\0\0\0\0\0\0\0\1\0\0\0\0\0\0\0\0\0\0\0\1\0\0\0\0\0\0\0\0\0\0\0\0\224\1\0\0\4\0\0\0\0\0\0`\0\0\0\200\0\0\0\0\0\0\0\0\0\0\0\0\0\0\0 \0\0\0\6\0\0\0\0\0\0\0\0\0\0\0\0\0\0\0\0\0\0\0\0\0\0\0\0\0\0\0H\2\0\0\6\0\0\0\1\0\0\0\0\0\0\0)\0\0\0\0\0\0\0\377\377\377\377\377\377\377\377\0\0\0\0\0\0\0\0\0\0\0\0\0\0\0\0\0\0\0\0\0\0\0\0\0\0\0\0\0\0\0\0\0\0\0\0\0\0\0\0\1\0\0\0\0\0\0\0\0\0\0\0\0\0\0\0\0\0\0\0\0\0\0\0\0\0\0\0\0\0\0\0\1\0\0\0\0\0\0\0"..., 728, MSG_NOSIGNAL, NULL, 0 <unfinished ...>
10533 <... recvmsg resumed>{msg_name=NULL, msg_namelen=0, msg_iov=[{iov_base="\20\0\0\08\0\0\0\276\213\22s\0\0\0\0\30\0$\0\0\0\0\0\5\0\0\0\0\0\0\0\0\0\0\0\0\0\0\0\20\0\0\0\0\0\0\0\35\0\0\0\0\0\0\0\20\0\0\0X\0\0\0\34\214\22s\0\0\0\0\30\0\"\0\0\0\0\0\6\0\0\0\0\0\0\0\0\0\0\0\0\0\0\0000\0\0\0\0\0\0\0'\0\0\0\0\0\0\0(\0\0\0\0\0\0\0\0\0\0\0\0\0\0\0\200\7\0\0@\0\0\0\1\0\0\0\0\0\0\0", iov_len=4096}], msg_iovlen=1, msg_controllen=0, msg_flags=0}, MSG_DONTWAIT) = 144
10579 <... sendto resumed>)             = 728
10533 sendto(36, "\20\0\0\0X\0\0\0K\215\22s\0\0\0\0\30\0\"\0\0\0\0\0\35\0\0\0\0\0\0\0\0\0\0\0\0\0\0\0000\0\0\0\0\0\0\0\35\0\0\0\0\0\0\0003\0\0\0\0\0\0\0\0\0\0\0\0\0\0\0\300\10\0\0@\0\0\0\2\0\0\0\0\0\0\0", 88, MSG_NOSIGNAL, NULL, 0 <unfinished ...>
10509 <... openat resumed>)             = 81
10579 sendto(5, "\20\0\0\0\240\1\0\0c\215\22s\0\0\0\0\30\0\24\0\0\0\0\0\10\0\0\0\0\0\0\0\0\0\0\0\0\0\0\0H\0\0\0\0\0\0\0)\0\0\0\0\0\0\0\0\0\0\0\0\0\0\0\0\0\0\0\1\0\0\0\377\377\377\377\377\377\377\377\0\0\0\0\0\0\0\0`\0\0\0\270\0\0\0\310\0\0\0\0\0\0\0\0\0\0\0\0\0\0\0X\0\0\0P\0\0\08\0\0\0\3\0\0\0\0\0\0\0\263\241\267o\0\0\0\0\302\231~?\0\0\0\0\0\0\0\0\30\0\0\0\0\0\0\0\0\0\0\0\0\0\0\0\0\0\0\0\0\0\0\0\30\0\0\0\0\0\0\0\0\0\0\0\1\0\0\0\0\0\0\0\0\0\0\0\20\0\0\0\2\0\0\0\0\0\0\0\0\0\0\0\310\0\0\0\2\0\0\0\0\0\0\0\0\0\0\0004\0\0\0\0\0\0\0\377\377\377\377\377\377\377\377\0\0\0\0\0\0\0\0"..., 416, MSG_NOSIGNAL, NULL, 0 <unfinished ...>
10533 <... sendto resumed>)             = 88
10529 openat(AT_FDCWD, "/tmp/playwright_chromiumdev_profile-pi0Vs8/Default/Extension Scripts", O_RDONLY|O_NONBLOCK|O_CLOEXEC|O_DIRECTORY <unfinished ...>
10579 <... sendto resumed>)             = 416
10533 sendto(36, "\20\0\0\0@\0\0\0\356\215\22s\0\0\0\0\30\0#\0\0\0\0\0\36\0\0\0\0\0\0\0\0\0\0\0\0\0\0\0\30\0\0\0\0\0\0\0'\0\0\0\0\0\0\0\0\0\0\0\0\0\0\0", 64, MSG_NOSIGNAL, NULL, 0 <unfinished ...>
10530 openat(AT_FDCWD, "/tmp/playwright_chromiumdev_profile-pi0Vs8/Default/History", O_RDWR|O_CREAT|O_NOFOLLOW|O_CLOEXEC, 0600 <unfinished ...>
10529 <... openat resumed>)             = 83
10579 sendto(5, "\20\0\0\08\1\0\0\5\216\22s\0\0\0\0\30\0\24\0\0\0\0\0\t\0\0\0\0\0\0\0\0\0\0\0\0\0\0\0H\0\0\0\0\0\0\0*\0\0\0\0\0\0\0\0\0\0\0\0\0\0\0\0\0\0\0\1\0\0\0\377\377\377\377\377\377\377\377\0\0\0\0\0\0\0\0`\0\0\0\260\0\0\0\300\0\0\0\0\0\0\0\0\0\0\0\0\0\0\0P\0\0\0H\0\0\08\0\0\0\3\0\0\0\0\0\0\0\367\320\262m\0\0\0\0\304\231~?\0\0\0\0\0\0\0\0\30\0\0\0\0\0\0\0\0\0\0\0\0\0\0\0\0\0\0\0\0\0\0\0\20\0\0\0\0\0\0\0\0\0\0\0\0\0\0\0\20\0\0\0\1\0\0\0\0\0\0\0\0\0\0\0h\0\0\0\1\0\0\0\0\0\0\0\0\0\0\0007\0\0\0\0\0\0\0\0\0\0\0\0\0\0\0@\t\0\0@\0\0\08\0\0\0\0\0\0\0"..., 312, MSG_NOSIGNAL, NULL, 0 <unfinished ...>
10533 <... sendto resumed>)             = 64
10530 <... openat resumed>)             = 84
10579 <... sendto resumed>)             = 312
10579 sendto(5, "\20\0\0\0\270\0\0\0\177\216\22s\0\0\0\0\30\0\24\0\0\0\0\0\n\0\0\0\0\0\0\0\0\0\0\0\0\0\0\0H\0\0\0\0\0\0\0,\0\0\0\0\0\0\0\0\0\0\0\0\0\0\0\0\0\0\0\1\0\0\0\377\377\377\377\377\377\377\377\0\0\0\0\0\0\0\0`\0\0\0\0\0\0\0\0\0\0\0\0\0\0\0\0\0\0\0\0\0\0\0H\0\0\0@\0\0\08\0\0\0\3\0\0\0\0\0\0\0\177\240\334e\1\0\0\0\303\231~?\1\0\0\0\0\0\0\0\30\0\0\0\0\0\0\0\0\0\0\0\0\0\0\0\0\0\0\0\0\0\0\0\10\0\0\0\0\0\0\0", 184, MSG_NOSIGNAL, NULL, 0) = 184
10533 recvmsg(36,  <unfinished ...>
10579 sendto(5, "\20\0\0\08\1\0\0\374\216\22s\0\0\0\0\30\0\24\0\0\0\0\0\v\0\0\0\0\0\0\0\0\0\0\0\0\0\0\0H\0\0\0\0\0\0\0.\0\0\0\0\0\0\0\0\0\0\0\0\0\0\0\0\0\0\0\1\0\0\0\377\377\377\377\377\377\377\377\0\0\0\0\0\0\0\0`\0\0\0\260\0\0\0\300\0\0\0\0\0\0\0\0\0\0\0\0\0\0\0P\0\0\0H\0\0\08\0\0\0\3\0\0\0\0\0\0\0\326R\267M\0\0\0\0\300\231~?\0\0\0\0\0\0\0\0\30\0\0\0\0\0\0\0\0\0\0\0\0\0\0\0\0\0\0\0\0\0\0\0\20\0\0\0\0\0\0\0\0\0\0\0\0\0\0\0\20\0\0\0\1\0\0\0\0\0\0\0\0\0\0\0h\0\0\0\1\0\0\0\0\0\0\0\0\0\0\09\0\0\0\0\0\0\0\0\0\0\0\0\0\0\0\200\t\0\0@\0\0\0:\0\0\0\0\0\0\0"..., 312, MSG_NOSIGNAL, NULL, 0 <unfinished ...>
10533 <... recvmsg resumed>{msg_name=NULL, msg_namelen=0, msg_iov=[{iov_base="\20\0\0\0\330\2\0\0\324\214\22s\0\0\0\0\30\0\24\0\0\0\0\0\7\0\0\0\0\0\0\0\0\0\0\0\0\0\0\0H\0\0\0\0\0\0\0(\0\0\0\0\0\0\0\1\0\0\0\0\0\0\0\0\0\0\0\1\0\0\0\0\0\0\0\0\0\0\0\0\224\1\0\0\4\0\0\0\0\0\0`\0\0\0\200\0\0\0\0\0\0\0\0\0\0\0\0\0\0\0 \0\0\0\6\0\0\0\0\0\0\0\0\0\0\0\0\0\0\0\0\0\0\0\0\0\0\0\0\0\0\0H\2\0\0\6\0\0\0\1\0\0\0\0\0\0\0)\0\0\0\0\0\0\0\377\377\377\377\377\377\377\377\0\0\0\0\0\0\0\0\0\0\0\0\0\0\0\0\0\0\0\0\0\0\0\0\0\0\0\0\0\0\0\0\0\0\0\0\0\0\0\0\1\0\0\0\0\0\0\0\0\0\0\0\0\0\0\0\0\0\0\0\0\0\0\0\0\0\0\0\0\0\0\0\1\0\0\0\0\0\0\0"..., iov_len=4096}], msg_iovlen=1, msg_controllen=0, msg_flags=0}, MSG_DONTWAIT) = 1640
10579 <... sendto resumed>)             = 312
10579 sendto(5, "\20\0\0\0(\1\0\0b\217\22s\0\0\0\0\30\0\24\0\0\0\0\0\f\0\0\0\0\0\0\0\0\0\0\0\0\0\0\0H\0\0\0\0\0\0\0002\0\0\0\0\0\0\0\0\0\0\0\0\0\0\0\0\0\0\0\1\0\0\0\377\377\377\377\377\377\377\377\0\0\0\0\0\0\0\0`\0\0\0\0\0\0\0\0\0\0\0\0\0\0\0\0\0\0\0\0\0\0\0\270\0\0\0\260\0\0\08\0\0\0\3\0\0\0\0\0\0\0\240\355'g\0\0\0\0\307\231~?\0\0\0\0\0\0\0\0\30\0\0\0\0\0\0\0\0\0\0\0\0\0\0\0\0\0\0\0\0\0\0\0\20\0\0\0\0\0\0\0\10\0\0\0\0\0\0\0(\0\0\0\4\0\0\0 \0\0\0\0\0\0\0(\0\0\0\0\0\0\0000\0\0\0\0\0\0\08\0\0\0\0\0\0\0\20\0\0\0\0\0\0\0N)\0\0\2\0\0\0\20\0\0\0\0\0\0\0"..., 296, MSG_NOSIGNAL, NULL, 0) = 296
10533 recvmsg(36, {msg_name=NULL, msg_namelen=0, msg_iov=[{iov_base="\20\0\0\08\1\0\0\374\216\22s\0\0\0\0\30\0\24\0\0\0\0\0\v\0\0\0\0\0\0\0\0\0\0\0\0\0\0\0H\0\0\0\0\0\0\0.\0\0\0\0\0\0\0\0\0\0\0\0\0\0\0\0\0\0\0\1\0\0\0\377\377\377\377\377\377\377\377\0\0\0\0\0\0\0\0`\0\0\0\260\0\0\0\300\0\0\0\0\0\0\0\0\0\0\0\0\0\0\0P\0\0\0H\0\0\08\0\0\0\3\0\0\0\0\0\0\0\326R\267M\0\0\0\0\300\231~?\0\0\0\0\0\0\0\0\30\0\0\0\0\0\0\0\0\0\0\0\0\0\0\0\0\0\0\0\0\0\0\0\20\0\0\0\0\0\0\0\0\0\0\0\0\0\0\0\20\0\0\0\1\0\0\0\0\0\0\0\0\0\0\0h\0\0\0\1\0\0\0\0\0\0\0\0\0\0\09\0\0\0\0\0\0\0\0\0\0\0\0\0\0\0\200\t\0\0@\0\0\0:\0\0\0\0\0\0\0"..., iov_len=4096}], msg_iovlen=1, msg_controllen=0, msg_flags=0}, MSG_DONTWAIT) = 608
10579 recvmsg(5, {msg_name=NULL, msg_namelen=0, msg_iov=[{iov_base="\20\0\0\0X\0\0\0K\215\22s\0\0\0\0\30\0\"\0\0\0\0\0\35\0\0\0\0\0\0\0\0\0\0\0\0\0\0\0000\0\0\0\0\0\0\0\35\0\0\0\0\0\0\0003\0\0\0\0\0\0\0\0\0\0\0\0\0\0\0\300\10\0\0@\0\0\0\2\0\0\0\0\0\0\0\20\0\0\0@\0\0\0\356\215\22s\0\0\0\0\30\0#\0\0\0\0\0\36\0\0\0\0\0\0\0\0\0\0\0\0\0\0\0\30\0\0\0\0\0\0\0'\0\0\0\0\0\0\0\0\0\0\0\0\0\0\0", iov_len=4096}], msg_iovlen=1, msg_controllen=0, msg_flags=0}, MSG_DONTWAIT) = 152
10579 sendto(5, "\20\0\0\0@\0\0\0\214\220\22s\0\0\0\0\30\0#\0\0\0\0\0\r\0\0\0\0\0\0\0\0\0\0\0\0\0\0\0\30\0\0\0\0\0\0\0\35\0\0\0\0\0\0\0\0\0\0\0\0\0\0\0", 64, MSG_NOSIGNAL, NULL, 0) = 64
10533 recvmsg(36, {msg_name=NULL, msg_namelen=0, msg_iov=[{iov_base="\20\0\0\0@\0\0\0\214\220\22s\0\0\0\0\30\0#\0\0\0\0\0\r\0\0\0\0\0\0\0\0\0\0\0\0\0\0\0\30\0\0\0\0\0\0\0\35\0\0\0\0\0\0\0\0\0\0\0\0\0\0\0", iov_len=4096}], msg_iovlen=1, msg_controllen=0, msg_flags=0}, MSG_DONTWAIT) = 64
10529 openat(AT_FDCWD, "/tmp/playwright_chromiumdev_profile-pi0Vs8/Default/Extension Scripts", O_RDONLY|O_NONBLOCK|O_CLOEXEC|O_DIRECTORY) = 81
10579 openat(AT_FDCWD, "/proc/self/cmdline", O_RDONLY|O_CLOEXEC) = 15
10529 openat(AT_FDCWD, "/tmp/playwright_chromiumdev_profile-pi0Vs8/Default/Extension Scripts/000003.log", O_WRONLY|O_CREAT|O_TRUNC, 0600) = 81
10509 sendmsg(37, {msg_name=NULL, msg_namelen=0, msg_iov=[{iov_base="\20\0\3\0\360\0\0\0\312\226\22s\0\0\0\0\30\0\24\0\0\0\0\0\25\0\0\0\0\0\0\0x\0\0\0\0\0\0\0H\0\0\0\0\0\0\0\21\0\0\0\0\0\0\0\2\0\0\0\0\0\0\0\0\0\0\0\1\0\0\0\0\0\0\0\0\0\0\0\0z\1\0\0\1\0\0\0\0\0\0`\0\0\0\0\0\0\0\0\0\0\0\0\0\0\0\3\0\0\0\30\0\0\0\3\0\0\0\1\0\0\0\1\0\0\0\1\0\0\0\0\0\0\0 \0\0\0\3\0\0\0\230\0\0\0\0\0\1\0\260\0\0\0\1\0\1\0\310\0\0\0\2\0\1\0\30\0\0\0\20\0\0\0\10\0\0\0\4\0\0\0\10\0\0\0\0\0\0\0\30\0\0\0\20\0\0\0\10\0\0\0\4\0\0\0\10\0\0\0\0\0\0\0\30\0\0\0\20\0\0\0\10\0\0\0\4\0\0\0\10\0\0\0\0\0\0\0", iov_len=240}], msg_iovlen=1, msg_control=[{cmsg_len=28, cmsg_level=SOL_SOCKET, cmsg_type=SCM_RIGHTS, cmsg_data=[41, 40, 43]}], msg_controllen=28, msg_flags=0}, MSG_NOSIGNAL) = 240
10529 openat(AT_FDCWD, "/tmp/playwright_chromiumdev_profile-pi0Vs8/Default/Extension Scripts", O_RDONLY|O_NONBLOCK|O_CLOEXEC|O_DIRECTORY <unfinished ...>
10557 recvmsg(14,  <unfinished ...>
10529 <... openat resumed>)             = 43
10557 <... recvmsg resumed>{msg_name=NULL, msg_namelen=0, msg_iov=[{iov_base="\20\0\3\0\360\0\0\0\312\226\22s\0\0\0\0\30\0\24\0\0\0\0\0\25\0\0\0\0\0\0\0x\0\0\0\0\0\0\0H\0\0\0\0\0\0\0\21\0\0\0\0\0\0\0\2\0\0\0\0\0\0\0\0\0\0\0\1\0\0\0\0\0\0\0\0\0\0\0\0z\1\0\0\1\0\0\0\0\0\0`\0\0\0\0\0\0\0\0\0\0\0\0\0\0\0\3\0\0\0\30\0\0\0\3\0\0\0\1\0\0\0\1\0\0\0\1\0\0\0\0\0\0\0 \0\0\0\3\0\0\0\230\0\0\0\0\0\1\0\260\0\0\0\1\0\1\0\310\0\0\0\2\0\1\0\30\0\0\0\20\0\0\0\10\0\0\0\4\0\0\0\10\0\0\0\0\0\0\0\30\0\0\0\20\0\0\0\10\0\0\0\4\0\0\0\10\0\0\0\0\0\0\0\30\0\0\0\20\0\0\0\10\0\0\0\4\0\0\0\10\0\0\0\0\0\0\0", iov_len=4096}], msg_iovlen=1, msg_control=[{cmsg_len=28, cmsg_level=SOL_SOCKET, cmsg_type=SCM_RIGHTS, cmsg_data=[19, 24, 25]}], msg_controllen=32, msg_flags=0}, MSG_DONTWAIT) = 240
10567 sendto(14, "\20\0\0\0p\0\0\0\6\230\22s\0\0\0\0\30\0\24\0\0\0\0\0\32\0\0\0\0\0\0\0\0\0\0\0\0\0\0\0H\0\0\0\0\0\0\0.\0\0\0\0\0\0\0\7\0\0\0\0\0\0\0\0\0\0\0\1\0\0\0\0\0\0\0\0\0\0\0\0|\1\0\0\1\0\0\0\0\0\0\0\0\0\0\0\0\0\0\0\0\0\0\0\0\0\0\0\0\0\0", 112, MSG_NOSIGNAL, NULL, 0) = 112
10533 recvmsg(44, {msg_name=NULL, msg_namelen=0, msg_iov=[{iov_base="\20\0\0\0p\0\0\0\6\230\22s\0\0\0\0\30\0\24\0\0\0\0\0\32\0\0\0\0\0\0\0\0\0\0\0\0\0\0\0H\0\0\0\0\0\0\0.\0\0\0\0\0\0\0\7\0\0\0\0\0\0\0\0\0\0\0\1\0\0\0\0\0\0\0\0\0\0\0\0|\1\0\0\1\0\0\0\0\0\0\0\0\0\0\0\0\0\0\0\0\0\0\0\0\0\0\0\0\0\0", iov_len=4096}], msg_iovlen=1, msg_controllen=0, msg_flags=0}, MSG_DONTWAIT) = 112
10532 openat(AT_FDCWD, "/tmp/playwright_chromiumdev_profile-pi0Vs8/Default/Local Storage/leveldb/MANIFEST-000001", O_WRONLY|O_CREAT|O_TRUNC, 0600) = 40
10532 sendmsg(44, {msg_name=NULL, msg_namelen=0, msg_iov=[{iov_base="\20\0\1\0\250\0\0\0\240\232\22s\0\0\0\0\30\0\24\0\0\0\0\0\23\0\0\0\0\0\0\0p\0\0\0\0\0\0\0H\0\0\0\0\0\0\0.\0\0\0\0\0\0\0\7\0\0\0\0\0\0\0\0\0\0\0\1\0\0\0\0\0\0\0\0\0\0\0\0z\1\0\0\1\0\0\0\0\0\0`\0\0\0\0\0\0\0\0\0\0\0\0\0\0\0\1\0\0\0\20\0\0\0\1\0\0\0\1\0\0\0\0\0\0\0\20\0\0\0\1\0\0\0\200\0\0\0\0\0\1\0\30\0\0\0\20\0\0\0\10\0\0\0\4\0\0\0\10\0\0\0\0\0\0\0", iov_len=168}], msg_iovlen=1, msg_control=[{cmsg_len=20, cmsg_level=SOL_SOCKET, cmsg_type=SCM_RIGHTS, cmsg_data=[40]}], msg_controllen=20, msg_flags=0}, MSG_NOSIGNAL) = 168
10567 recvmsg(14, {msg_name=NULL, msg_namelen=0, msg_iov=[{iov_base="\20\0\1\0\250\0\0\0\240\232\22s\0\0\0\0\30\0\24\0\0\0\0\0\23\0\0\0\0\0\0\0p\0\0\0\0\0\0\0H\0\0\0\0\0\0\0.\0\0\0\0\0\0\0\7\0\0\0\0\0\0\0\0\0\0\0\1\0\0\0\0\0\0\0\0\0\0\0\0z\1\0\0\1\0\0\0\0\0\0`\0\0\0\0\0\0\0\0\0\0\0\0\0\0\0\1\0\0\0\20\0\0\0\1\0\0\0\1\0\0\0\0\0\0\0\20\0\0\0\1\0\0\0\200\0\0\0\0\0\1\0\30\0\0\0\20\0\0\0\10\0\0\0\4\0\0\0\10\0\0\0\0\0\0\0", iov_len=4096}], msg_iovlen=1, msg_control=[{cmsg_len=20, cmsg_level=SOL_SOCKET, cmsg_type=SCM_RIGHTS, cmsg_data=[23]}], msg_controllen=24, msg_flags=0}, MSG_DONTWAIT) = 168
10529 openat(AT_FDCWD, "/tmp/playwright_chromiumdev_profile-pi0Vs8/Default/Extension Scripts", O_RDONLY|O_NONBLOCK|O_CLOEXEC|O_DIRECTORY) = 40
10557 openat(AT_FDCWD, "/dev/urandom", O_RDONLY|O_CLOEXEC <unfinished ...>
10533 sendto(37, "\20\0\0\0p\0\0\0\37\234\22s\0\0\0\0\30\0\24\0\0\0\0\0\26\0\0\0\0\0\0\0\0\0\0\0\0\0\0\0H\0\0\0\0\0\0\0\31\0\0\0\0\0\0\0\0\0\0\0\0\0\0\0\0\0\0\0\1\0\0\0\0\0\0\0\0\0\0\0\0{\1\0\0\1\0\0\0\0\0\0\0\0\0\0\0\0\0\0\0\0\0\0\0\0\0\0\0\0\0\0", 112, MSG_NOSIGNAL, NULL, 0 <unfinished ...>
10557 <... openat resumed>)             = 26
10533 <... sendto resumed>)             = 112
10533 sendto(37, "\20\0\0\0p\0\0\0t\235\22s\0\0\0\0\30\0\24\0\0\0\0\0\27\0\0\0\0\0\0\0\0\0\0\0\0\0\0\0H\0\0\0\0\0\0\0\31\0\0\0\0\0\0\0\1\0\0\0\0\0\0\0\0\0\0\0\1\0\0\0\0\0\0\0\0\0\0\0\0y\1\0\0\1\0\0\0\0\0\0\0\0\0\0\0\0\0\0\0\0\0\0\0\0\0\0\0\0\0\0", 112, MSG_NOSIGNAL, NULL, 0) = 112
10530 openat(AT_FDCWD, "/tmp/playwright_chromiumdev_profile-pi0Vs8/Default/Favicons", O_RDWR|O_CREAT|O_NOFOLLOW|O_CLOEXEC, 0600) = 41
10579 sendto(5, "\20\0\0\0p\0\0\0\r\237\22s\0\0\0\0\30\0\24\0\0\0\0\0\16\0\0\0\0\0\0\0\0\0\0\0\0\0\0\0H\0\0\0\0\0\0\0\r\0\0\0\0\0\0\0\0\0\0\0\0\0\0\0\0\0\0\0\1\0\0\0\0\0\0\0\0\0\0\0\0x\1\0\0\1\0\0\0\0\0\0\0\0\0\0\0\0\0\0\0\0\0\0\0\0\0\0\0\0\0\0", 112, MSG_NOSIGNAL, NULL, 0) = 112
10567 sendto(14, "\20\0\0\0p\0\0\0e\237\22s\0\0\0\0\30\0\24\0\0\0\0\0\33\0\0\0\0\0\0\0\0\0\0\0\0\0\0\0H\0\0\0\0\0\0\0.\0\0\0\0\0\0\0\10\0\0\0\0\0\0\0\0\0\0\0\1\0\0\0\0\0\0\0\0\0\0\0\0z\1\0\0\1\0\0\0\0\0\0\0\0\0\0\0\0\0\0\0\0\0\0\0\0\0\0\0\0\0\0", 112, MSG_NOSIGNAL, NULL, 0) = 112
10533 recvmsg(36, {msg_name=NULL, msg_namelen=0, msg_iov=[{iov_base="\20\0\0\0p\0\0\0\r\237\22s\0\0\0\0\30\0\24\0\0\0\0\0\16\0\0\0\0\0\0\0\0\0\0\0\0\0\0\0H\0\0\0\0\0\0\0\r\0\0\0\0\0\0\0\0\0\0\0\0\0\0\0\0\0\0\0\1\0\0\0\0\0\0\0\0\0\0\0\0x\1\0\0\1\0\0\0\0\0\0\0\0\0\0\0\0\0\0\0\0\0\0\0\0\0\0\0\0\0\0", iov_len=4096}], msg_iovlen=1, msg_controllen=0, msg_flags=0}, MSG_DONTWAIT) = 112
10533 recvmsg(44, {msg_name=NULL, msg_namelen=0, msg_iov=[{iov_base="\20\0\0\0p\0\0\0e\237\22s\0\0\0\0\30\0\24\0\0\0\0\0\33\0\0\0\0\0\0\0\0\0\0\0\0\0\0\0H\0\0\0\0\0\0\0.\0\0\0\0\0\0\0\10\0\0\0\0\0\0\0\0\0\0\0\1\0\0\0\0\0\0\0\0\0\0\0\0z\1\0\0\1\0\0\0\0\0\0\0\0\0\0\0\0\0\0\0\0\0\0\0\0\0\0\0\0\0\0", iov_len=4096}], msg_iovlen=1, msg_controllen=0, msg_flags=0}, MSG_DONTWAIT) = 112
10532 openat(AT_FDCWD, "/tmp/playwright_chromiumdev_profile-pi0Vs8/Default/Local Storage/leveldb", O_RDONLY) = 43
10532 sendmsg(44, {msg_name=NULL, msg_namelen=0, msg_iov=[{iov_base="\20\0\1\0\250\0\0\0f\242\22s\0\0\0\0\30\0\24\0\0\0\0\0\24\0\0\0\0\0\0\0p\0\0\0\0\0\0\0H\0\0\0\0\0\0\0.\0\0\0\0\0\0\0\10\0\0\0\0\0\0\0\0\0\0\0\1\0\0\0\0\0\0\0\0\0\0\0\0|\1\0\0\1\0\0\0\0\0\0`\0\0\0\0\0\0\0\0\0\0\0\0\0\0\0\1\0\0\0\20\0\0\0\1\0\0\0\1\0\0\0\0\0\0\0\20\0\0\0\1\0\0\0\200\0\0\0\0\0\1\0\30\0\0\0\20\0\0\0\10\0\0\0\4\0\0\0\10\0\0\0\0\0\0\0", iov_len=168}], msg_iovlen=1, msg_control=[{cmsg_len=20, cmsg_level=SOL_SOCKET, cmsg_type=SCM_RIGHTS, cmsg_data=[43]}], msg_controllen=20, msg_flags=0}, MSG_NOSIGNAL) = 168
10567 recvmsg(14, {msg_name=NULL, msg_namelen=0, msg_iov=[{iov_base="\20\0\1\0\250\0\0\0f\242\22s\0\0\0\0\30\0\24\0\0\0\0\0\24\0\0\0\0\0\0\0p\0\0\0\0\0\0\0H\0\0\0\0\0\0\0.\0\0\0\0\0\0\0\10\0\0\0\0\0\0\0\0\0\0\0\1\0\0\0\0\0\0\0\0\0\0\0\0|\1\0\0\1\0\0\0\0\0\0`\0\0\0\0\0\0\0\0\0\0\0\0\0\0\0\1\0\0\0\20\0\0\0\1\0\0\0\1\0\0\0\0\0\0\0\20\0\0\0\1\0\0\0\200\0\0\0\0\0\1\0\30\0\0\0\20\0\0\0\10\0\0\0\4\0\0\0\10\0\0\0\0\0\0\0", iov_len=4096}], msg_iovlen=1, msg_control=[{cmsg_len=20, cmsg_level=SOL_SOCKET, cmsg_type=SCM_RIGHTS, cmsg_data=[24]}], msg_controllen=24, msg_flags=0}, MSG_DONTWAIT) = 168
10509 openat(AT_FDCWD, "/proc/10559/stat", O_RDONLY|O_CLOEXEC <unfinished ...>
10578 openat(AT_FDCWD, "/proc/sys/fs/inotify/max_user_watches", O_RDONLY <unfinished ...>
10509 <... openat resumed>)             = 43
10578 <... openat resumed>)             = 18
10559 sendto(5, "\20\0\0\0p\0\0\0\341\244\22s\0\0\0\0\30\0\24\0\0\0\0\0\17\0\0\0\0\0\0\0\0\0\0\0\0\0\0\0H\0\0\0\0\0\0\0001\0\0\0\0\0\0\0\1\0\0\0\0\0\0\0\0\0\0\0\1\0\0\0\0\0\0\0\0\0\0\0\0y\1\0\0\1\0\0\0\0\0\0\0\0\0\0\0\0\0\0\0\0\0\0\0\0\0\0\0\0\0\0", 112, MSG_NOSIGNAL, NULL, 0) = 112
10559 sendto(5, "\20\0\0\0p\0\0\0C\245\22s\0\0\0\0\30\0\24\0\0\0\0\0\20\0\0\0\0\0\0\0\0\0\0\0\0\0\0\0H\0\0\0\0\0\0\0001\0\0\0\0\0\0\0\2\0\0\0\0\0\0\0\0\0\0\0\1\0\0\0\0\0\0\0\0\0\0\0\0z\1\0\0\1\0\0\0\0\0\0\0\0\0\0\0\0\0\0\0\0\0\0\0\0\0\0\0\0\0\0", 112, MSG_NOSIGNAL, NULL, 0) = 112
10533 recvmsg(36, {msg_name=NULL, msg_namelen=0, msg_iov=[{iov_base="\20\0\0\0p\0\0\0\341\244\22s\0\0\0\0\30\0\24\0\0\0\0\0\17\0\0\0\0\0\0\0\0\0\0\0\0\0\0\0H\0\0\0\0\0\0\0001\0\0\0\0\0\0\0\1\0\0\0\0\0\0\0\0\0\0\0\1\0\0\0\0\0\0\0\0\0\0\0\0y\1\0\0\1\0\0\0\0\0\0\0\0\0\0\0\0\0\0\0\0\0\0\0\0\0\0\0\0\0\0\20\0\0\0p\0\0\0C\245\22s\0\0\0\0\30\0\24\0\0\0\0\0\20\0\0\0\0\0\0\0\0\0\0\0\0\0\0\0H\0\0\0\0\0\0\0001\0\0\0\0\0\0\0\2\0\0\0\0\0\0\0\0\0\0\0\1\0\0\0\0\0\0\0\0\0\0\0\0z\1\0\0\1\0\0\0\0\0\0\0\0\0\0\0\0\0\0\0\0\0\0\0\0\0\0\0\0\0\0", iov_len=4096}], msg_iovlen=1, msg_controllen=0, msg_flags=0}, MSG_DONTWAIT) = 224
10579 sendto(5, "\20\0\0\0p\0\0\0\301\245\22s\0\0\0\0\30\0\24\0\0\0\0\0\21\0\0\0\0\0\0\0\0\0\0\0\0\0\0\0H\0\0\0\0\0\0\0\17\0\0\0\0\0\0\0\0\0\0\0\0\0\0\0\0\0\0\0\1\0\0\0\0\0\0\0\0\0\0\0\0{\1\0\0\1\0\0\0\0\0\0\0\0\0\0\0\0\0\0\0\0\0\0\0\0\0\0\0\0\0\0", 112, MSG_NOSIGNAL, NULL, 0) = 112
10529 openat(AT_FDCWD, "/opt/google/chrome/resources/pdf/_metadata/computed_hashes.json", O_RDONLY|O_CLOEXEC <unfinished ...>
10533 recvmsg(36,  <unfinished ...>
10529 <... openat resumed>)             = -1 ENOENT (No such file or directory)
10534 openat(AT_FDCWD, "/tmp/playwright_chromiumdev_profile-pi0Vs8/Default/Account Web Data", O_RDWR|O_CREAT|O_NOFOLLOW|O_CLOEXEC, 0600 <unfinished ...>
10533 <... recvmsg resumed>{msg_name=NULL, msg_namelen=0, msg_iov=[{iov_base="\20\0\0\0p\0\0\0\301\245\22s\0\0\0\0\30\0\24\0\0\0\0\0\21\0\0\0\0\0\0\0\0\0\0\0\0\0\0\0H\0\0\0\0\0\0\0\17\0\0\0\0\0\0\0\0\0\0\0\0\0\0\0\0\0\0\0\1\0\0\0\0\0\0\0\0\0\0\0\0{\1\0\0\1\0\0\0\0\0\0\0\0\0\0\0\0\0\0\0\0\0\0\0\0\0\0\0\0\0\0", iov_len=4096}], msg_iovlen=1, msg_controllen=0, msg_flags=0}, MSG_DONTWAIT) = 112
10509 openat(AT_FDCWD, "/proc/10559/status", O_RDONLY|O_CLOEXEC <unfinished ...>
10534 <... openat resumed>)             = 40
10509 <... openat resumed>)             = 43
10579 sendto(5, "\20\0\0\0p\0\0\0\365\247\22s\0\0\0\0\30\0\24\0\0\0\0\0\22\0\0\0\0\0\0\0\0\0\0\0\0\0\0\0H\0\0\0\0\0\0\0\27\0\0\0\0\0\0\0\0\0\0\0\0\0\0\0\0\0\0\0\1\0\0\0\0\0\0\0\0\0\0\0\0|\1\0\0\1\0\0\0\0\0\0\0\0\0\0\0\0\0\0\0\0\0\0\0\0\0\0\0\0\0\0", 112, MSG_NOSIGNAL, NULL, 0) = 112
10567 sendto(14, "\20\0\0\0p\0\0\0003\250\22s\0\0\0\0\30\0\24\0\0\0\0\0\34\0\0\0\0\0\0\0\0\0\0\0\0\0\0\0H\0\0\0\0\0\0\0.\0\0\0\0\0\0\0\t\0\0\0\0\0\0\0\0\0\0\0\1\0\0\0\0\0\0\0\0\0\0\0\0|\1\0\0\1\0\0\0\0\0\0\0\0\0\0\0\0\0\0\0\0\0\0\0\0\0\0\0\0\0\0", 112, MSG_NOSIGNAL, NULL, 0) = 112
10533 recvmsg(36, {msg_name=NULL, msg_namelen=0, msg_iov=[{iov_base="\20\0\0\0p\0\0\0\365\247\22s\0\0\0\0\30\0\24\0\0\0\0\0\22\0\0\0\0\0\0\0\0\0\0\0\0\0\0\0H\0\0\0\0\0\0\0\27\0\0\0\0\0\0\0\0\0\0\0\0\0\0\0\0\0\0\0\1\0\0\0\0\0\0\0\0\0\0\0\0|\1\0\0\1\0\0\0\0\0\0\0\0\0\0\0\0\0\0\0\0\0\0\0\0\0\0\0\0\0\0", iov_len=4096}], msg_iovlen=1, msg_controllen=0, msg_flags=0}, MSG_DONTWAIT) = 112
10533 recvmsg(44, {msg_name=NULL, msg_namelen=0, msg_iov=[{iov_base="\20\0\0\0p\0\0\0003\250\22s\0\0\0\0\30\0\24\0\0\0\0\0\34\0\0\0\0\0\0\0\0\0\0\0\0\0\0\0H\0\0\0\0\0\0\0.\0\0\0\0\0\0\0\t\0\0\0\0\0\0\0\0\0\0\0\1\0\0\0\0\0\0\0\0\0\0\0\0|\1\0\0\1\0\0\0\0\0\0\0\0\0\0\0\0\0\0\0\0\0\0\0\0\0\0\0\0\0\0", iov_len=4096}], msg_iovlen=1, msg_controllen=0, msg_flags=0}, MSG_DONTWAIT) = 112
10530 openat(AT_FDCWD, "/tmp/playwright_chromiumdev_profile-pi0Vs8/Default/Favicons-journal", O_RDWR|O_CREAT|O_NOFOLLOW|O_CLOEXEC, 0600 <unfinished ...>
10579 sendto(5, "\20\0\0\0p\0\0\0\313\252\22s\0\0\0\0\30\0\24\0\0\0\0\0\23\0\0\0\0\0\0\0\0\0\0\0\0\0\0\0H\0\0\0\0\0\0\0\17\0\0\0\0\0\0\0\1\0\0\0\0\0\0\0\0\0\0\0\1\0\0\0\0\0\0\0\0\0\0\0\0}\1\0\0\1\0\0\0\0\0\0\0\0\0\0\0\0\0\0\0\0\0\0\0\0\0\0\0\0\0\0", 112, MSG_NOSIGNAL, NULL, 0) = 112
10509 sendto(36, "\20\0\0\0\350\0\0\0\17\253\22s\0\0\0\0\30\0\24\0\0\0\0\0\37\0\0\0\0\0\0\0\0\0\0\0\0\0\0\0H\0\0\0\0\0\0\0003\0\0\0\0\0\0\0\2\0\0\0\0\0\0\0\0\0\0\0\1\0\0\0\0\0\0\0\0\0\0\0\0~\1\0\0\1\0\0\0\0\0\0`\0\0\0p\0\0\0\0\0\0\0\0\0\0\0\0\0\0\0\20\0\0\0\1\0\0\0\0\0\0\0\0\0\0\0h\0\0\0\1\0\0\0\0\0\0\0\0\0\0\0;\0\0\0\0\0\0\0\0\0\0\0\0\0\0\0@\6\0\0@\0\0\0<\0\0\0\0\0\0\0\0\0\0\0\0\0\0\0\0\0\0\0\0\0\0\0\0\0\0\0\0\0\0\0\2\0\0\0\0\0\0\0\0\0\0\0\0\0\0\0\0\0\0\0\0\0\0\0\0\0\0\0\0\0\0\0", 232, MSG_NOSIGNAL, NULL, 0 <unfinished ...>
10530 <... openat resumed>)             = 43
10533 recvmsg(36,  <unfinished ...>
10529 openat(AT_FDCWD, "/tmp/playwright_chromiumdev_profile-pi0Vs8/Default/Local Storage/leveldb/000001.dbtmp", O_WRONLY|O_CREAT|O_TRUNC, 0600 <unfinished ...>
10509 <... sendto resumed>)             = 232
10533 <... recvmsg resumed>{msg_name=NULL, msg_namelen=0, msg_iov=[{iov_base="\20\0\0\0p\0\0\0\313\252\22s\0\0\0\0\30\0\24\0\0\0\0\0\23\0\0\0\0\0\0\0\0\0\0\0\0\0\0\0H\0\0\0\0\0\0\0\17\0\0\0\0\0\0\0\1\0\0\0\0\0\0\0\0\0\0\0\1\0\0\0\0\0\0\0\0\0\0\0\0}\1\0\0\1\0\0\0\0\0\0\0\0\0\0\0\0\0\0\0\0\0\0\0\0\0\0\0\0\0\0", iov_len=4096}], msg_iovlen=1, msg_controllen=0, msg_flags=0}, MSG_DONTWAIT) = 112
10579 recvmsg(5,  <unfinished ...>
10529 <... openat resumed>)             = 83
10509 sendto(36, "\20\0\0\0p\0\0\0\206\253\22s\0\0\0\0\30\0\24\0\0\0\0\0 \0\0\0\0\0\0\0\0\0\0\0\0\0\0\0H\0\0\0\0\0\0\0;\0\0\0\0\0\0\0\0\0\0\0\0\0\0\0\0\0\0\0\1\0\0\0\0\0\0\0\0\0\0\0\0\250\1\0\0\10\0\0\0\0\0\0\0\0\0\0\0\0\0\0\0\0\0\0\0\0\0\0\0\0\0\0", 112, MSG_NOSIGNAL, NULL, 0 <unfinished ...>
10579 <... recvmsg resumed>{msg_name=NULL, msg_namelen=0, msg_iov=[{iov_base="\20\0\0\0\350\0\0\0\17\253\22s\0\0\0\0\30\0\24\0\0\0\0\0\37\0\0\0\0\0\0\0\0\0\0\0\0\0\0\0H\0\0\0\0\0\0\0003\0\0\0\0\0\0\0\2\0\0\0\0\0\0\0\0\0\0\0\1\0\0\0\0\0\0\0\0\0\0\0\0~\1\0\0\1\0\0\0\0\0\0`\0\0\0p\0\0\0\0\0\0\0\0\0\0\0\0\0\0\0\20\0\0\0\1\0\0\0\0\0\0\0\0\0\0\0h\0\0\0\1\0\0\0\0\0\0\0\0\0\0\0;\0\0\0\0\0\0\0\0\0\0\0\0\0\0\0@\6\0\0@\0\0\0<\0\0\0\0\0\0\0\0\0\0\0\0\0\0\0\0\0\0\0\0\0\0\0\0\0\0\0\0\0\0\0\2\0\0\0\0\0\0\0\0\0\0\0\0\0\0\0\0\0\0\0\0\0\0\0\0\0\0\0\0\0\0\0", iov_len=4096}], msg_iovlen=1, msg_controllen=0, msg_flags=0}, MSG_DONTWAIT) = 232
10529 sendmsg(44, {msg_name=NULL, msg_namelen=0, msg_iov=[{iov_base="\20\0\1\0\250\0\0\0\301\253\22s\0\0\0\0\30\0\24\0\0\0\0\0\25\0\0\0\0\0\0\0p\0\0\0\0\0\0\0H\0\0\0\0\0\0\0.\0\0\0\0\0\0\0\t\0\0\0\0\0\0\0\0\0\0\0\1\0\0\0\0\0\0\0\0\0\0\0\0z\1\0\0\1\0\0\0\0\0\0`\0\0\0\0\0\0\0\0\0\0\0\0\0\0\0\1\0\0\0\20\0\0\0\1\0\0\0\1\0\0\0\0\0\0\0\20\0\0\0\1\0\0\0\200\0\0\0\0\0\1\0\30\0\0\0\20\0\0\0\10\0\0\0\4\0\0\0\10\0\0\0\0\0\0\0", iov_len=168}], msg_iovlen=1, msg_control=[{cmsg_len=20, cmsg_level=SOL_SOCKET, cmsg_type=SCM_RIGHTS, cmsg_data=[83]}], msg_controllen=20, msg_flags=0}, MSG_NOSIGNAL <unfinished ...>
10509 <... sendto resumed>)             = 112
10529 <... sendmsg resumed>)            = 168
10567 recvmsg(14, {msg_name=NULL, msg_namelen=0, msg_iov=[{iov_base="\20\0\1\0\250\0\0\0\301\253\22s\0\0\0\0\30\0\24\0\0\0\0\0\25\0\0\0\0\0\0\0p\0\0\0\0\0\0\0H\0\0\0\0\0\0\0.\0\0\0\0\0\0\0\t\0\0\0\0\0\0\0\0\0\0\0\1\0\0\0\0\0\0\0\0\0\0\0\0z\1\0\0\1\0\0\0\0\0\0`\0\0\0\0\0\0\0\0\0\0\0\0\0\0\0\1\0\0\0\20\0\0\0\1\0\0\0\1\0\0\0\0\0\0\0\20\0\0\0\1\0\0\0\200\0\0\0\0\0\1\0\30\0\0\0\20\0\0\0\10\0\0\0\4\0\0\0\10\0\0\0\0\0\0\0", iov_len=4096}], msg_iovlen=1, msg_control=[{cmsg_len=20, cmsg_level=SOL_SOCKET, cmsg_type=SCM_RIGHTS, cmsg_data=[23]}], msg_controllen=24, msg_flags=0}, MSG_DONTWAIT) = 168
10579 recvmsg(5,  <unfinished ...>
10509 openat(AT_FDCWD, "/proc/10559/stat", O_RDONLY|O_CLOEXEC <unfinished ...>
10579 <... recvmsg resumed>{msg_name=NULL, msg_namelen=0, msg_iov=[{iov_base="\20\0\0\0p\0\0\0\206\253\22s\0\0\0\0\30\0\24\0\0\0\0\0 \0\0\0\0\0\0\0\0\0\0\0\0\0\0\0H\0\0\0\0\0\0\0;\0\0\0\0\0\0\0\0\0\0\0\0\0\0\0\0\0\0\0\1\0\0\0\0\0\0\0\0\0\0\0\0\250\1\0\0\10\0\0\0\0\0\0\0\0\0\0\0\0\0\0\0\0\0\0\0\0\0\0\0\0\0\0", iov_len=4096}], msg_iovlen=1, msg_controllen=0, msg_flags=0}, MSG_DONTWAIT) = 112
10509 <... openat resumed>)             = 83
10509 sendto(36, "\20\0\0\0\350\0\0\0\226\257\22s\0\0\0\0\30\0\24\0\0\0\0\0!\0\0\0\0\0\0\0\0\0\0\0\0\0\0\0H\0\0\0\0\0\0\0003\0\0\0\0\0\0\0\3\0\0\0\0\0\0\0\0\0\0\0\1\0\0\0\0\0\0\0\0\0\0\0\0~\1\0\0\1\0\0\0\0\0\0`\0\0\0p\0\0\0\0\0\0\0\0\0\0\0\0\0\0\0\20\0\0\0\1\0\0\0\0\0\0\0\0\0\0\0h\0\0\0\1\0\0\0\0\0\0\0\0\0\0\0=\0\0\0\0\0\0\0\0\0\0\0\0\0\0\0@\7\0\0@\0\0\0>\0\0\0\0\0\0\0\0\0\0\0\0\0\0\0\0\0\0\0\0\0\0\0\0\0\0\0\0\0\0\0\2\0\0\0\0\0\0\0\0\0\0\0\0\0\0\0\0\0\0\0\0\0\0\0\0\0\0\0\0\0\0\0", 232, MSG_NOSIGNAL, NULL, 0) = 232
10534 openat(AT_FDCWD, "/tmp/playwright_chromiumdev_profile-pi0Vs8/Default/Account Web Data-journal", O_RDWR|O_CREAT|O_NOFOLLOW|O_CLOEXEC, 0600 <unfinished ...>
10509 sendto(36, "\20\0\0\0\350\0\0\0\367\257\22s\0\0\0\0\30\0\24\0\0\0\0\0\"\0\0\0\0\0\0\0\0\0\0\0\0\0\0\0H\0\0\0\0\0\0\0003\0\0\0\0\0\0\0\4\0\0\0\0\0\0\0\0\0\0\0\1\0\0\0\0\0\0\0\0\0\0\0\0\177\1\0\0\1\0\0\0\0\0\0`\0\0\0p\0\0\0\0\0\0\0\0\0\0\0\0\0\0\0\20\0\0\0\1\0\0\0\0\0\0\0\0\0\0\0h\0\0\0\1\0\0\0\0\0\0\0\0\0\0\0?\0\0\0\0\0\0\0\0\0\0\0\0\0\0\0\300\t\0\0@\0\0\0@\0\0\0\0\0\0\0\0\0\0\0\0\0\0\0\0\0\0\0\0\0\0\0\0\0\0\0\0\0\0\0\2\0\0\0\0\0\0\0\0\0\0\0\0\0\0\0\0\0\0\0\0\0\0\0\0\0\0\0\0\0\0\0", 232, MSG_NOSIGNAL, NULL, 0 <unfinished ...>
10534 <... openat resumed>)             = 83
10509 <... sendto resumed>)             = 232
10579 recvmsg(5,  <unfinished ...>
10509 sendto(36, "\20\0\0\0@\3\0\0\215\260\22s\0\0\0\0\30\0\24\0\0\0\0\0#\0\0\0\0\0\0\0\0\0\0\0\0\0\0\0H\0\0\0\0\0\0\0\17\0\0\0\0\0\0\0\22\0\0\0\0\0\0\0\0\0\0\0\1\0\0\0\0\0\0\0\0\0\0\0\0\320\1\0\0\20\0\0\0\0\0\0`\0\0\0\210\0\0\0\0\0\0\0\0\0\0\0\0\0\0\0(\0\0\0\7\0\0\0\0\0\0\0\0\0\0\0\0\0\0\0\0\0\0\0\0\0\0\0\0\0\0\0\0\0\0\0\0\0\0\0\250\2\0\0\7\0\0\0\0\0\0\0\0\0\0\0A\0\0\0\0\0\0\0\0\0\0\0\0\0\0\0\0\n\0\0@\0\0\0B\0\0\0\0\0\0\0\0\0\0\0\0\0\0\0\0\0\0\0\0\0\0\0\2\0\0\0\0\0\0\0\2\0\0\0\0\0\0\0\0\0\0\0\0\0\0\0\0\0\0\0\0\0\0\0\0\0\0\0\0\0\0\0"..., 832, MSG_NOSIGNAL, NULL, 0 <unfinished ...>
10579 <... recvmsg resumed>{msg_name=NULL, msg_namelen=0, msg_iov=[{iov_base="\20\0\0\0\350\0\0\0\226\257\22s\0\0\0\0\30\0\24\0\0\0\0\0!\0\0\0\0\0\0\0\0\0\0\0\0\0\0\0H\0\0\0\0\0\0\0003\0\0\0\0\0\0\0\3\0\0\0\0\0\0\0\0\0\0\0\1\0\0\0\0\0\0\0\0\0\0\0\0~\1\0\0\1\0\0\0\0\0\0`\0\0\0p\0\0\0\0\0\0\0\0\0\0\0\0\0\0\0\20\0\0\0\1\0\0\0\0\0\0\0\0\0\0\0h\0\0\0\1\0\0\0\0\0\0\0\0\0\0\0=\0\0\0\0\0\0\0\0\0\0\0\0\0\0\0@\7\0\0@\0\0\0>\0\0\0\0\0\0\0\0\0\0\0\0\0\0\0\0\0\0\0\0\0\0\0\0\0\0\0\0\0\0\0\2\0\0\0\0\0\0\0\0\0\0\0\0\0\0\0\0\0\0\0\0\0\0\0\0\0\0\0\0\0\0\0\20\0\0\0\350\0\0\0\367\257\22s\0\0\0\0\30\0\24\0\0\0\0\0"..., iov_len=4096}], msg_iovlen=1, msg_controllen=0, msg_flags=0}, MSG_DONTWAIT) = 464
10509 <... sendto resumed>)             = 832
10509 sendto(36, "\20\0\0\08\1\0\0\5\261\22s\0\0\0\0\30\0\24\0\0\0\0\0$\0\0\0\0\0\0\0\0\0\0\0\0\0\0\0H\0\0\0\0\0\0\0B\0\0\0\0\0\0\0\0\0\0\0\0\0\0\0\0\0\0\0\1\0\0\0\377\377\377\377\377\377\377\377\0\0\0\0\0\0\0\0`\0\0\0\260\0\0\0\300\0\0\0\0\0\0\0\0\0\0\0\0\0\0\0P\0\0\0H\0\0\08\0\0\0\3\0\0\0\0\0\0\0\363U\264H\0\0\0\0\37\370\267\220\0\0\0\0\0\0\0\0\30\0\0\0\0\0\0\0\0\0\0\0\0\0\0\0\0\0\0\0\0\0\0\0\20\0\0\0\0\0\0\0\0\0\0\0\0\0\0\0\20\0\0\0\1\0\0\0\0\0\0\0\0\0\0\0h\0\0\0\1\0\0\0\0\0\0\0\0\0\0\0O\0\0\0\0\0\0\0\0\0\0\0\0\0\0\0\300\v\0\0@\0\0\0P\0\0\0\0\0\0\0"..., 312, MSG_NOSIGNAL, NULL, 0 <unfinished ...>
10557 recvmsg(14,  <unfinished ...>
10509 <... sendto resumed>)             = 312
10557 <... recvmsg resumed>{msg_name=NULL, msg_namelen=0, msg_iov=[{iov_base="\20\0\0\0p\0\0\0\37\234\22s\0\0\0\0\30\0\24\0\0\0\0\0\26\0\0\0\0\0\0\0\0\0\0\0\0\0\0\0H\0\0\0\0\0\0\0\31\0\0\0\0\0\0\0\0\0\0\0\0\0\0\0\0\0\0\0\1\0\0\0\0\0\0\0\0\0\0\0\0{\1\0\0\1\0\0\0\0\0\0\0\0\0\0\0\0\0\0\0\0\0\0\0\0\0\0\0\0\0\0\20\0\0\0p\0\0\0t\235\22s\0\0\0\0\30\0\24\0\0\0\0\0\27\0\0\0\0\0\0\0\0\0\0\0\0\0\0\0H\0\0\0\0\0\0\0\31\0\0\0\0\0\0\0\1\0\0\0\0\0\0\0\0\0\0\0\1\0\0\0\0\0\0\0\0\0\0\0\0y\1\0\0\1\0\0\0\0\0\0\0\0\0\0\0\0\0\0\0\0\0\0\0\0\0\0\0\0\0\0", iov_len=4096}], msg_iovlen=1, msg_controllen=0, msg_flags=0}, MSG_DONTWAIT) = 224
10567 sendto(14, "\20\0\0\0p\0\0\0\252\261\22s\0\0\0\0\30\0\24\0\0\0\0\0\35\0\0\0\0\0\0\0\0\0\0\0\0\0\0\0H\0\0\0\0\0\0\0.\0\0\0\0\0\0\0\n\0\0\0\0\0\0\0\0\0\0\0\1\0\0\0\0\0\0\0\0\0\0\0\0z\1\0\0\1\0\0\0\0\0\0\0\0\0\0\0\0\0\0\0\0\0\0\0\0\0\0\0\0\0\0", 112, MSG_NOSIGNAL, NULL, 0 <unfinished ...>
10509 sendto(36, "\20\0\0\0\330\2\0\0\222\261\22s\0\0\0\0\30\0\24\0\0\0\0\0%\0\0\0\0\0\0\0\0\0\0\0\0\0\0\0H\0\0\0\0\0\0\0B\0\0\0\0\0\0\0\1\0\0\0\0\0\0\0\0\0\0\0\1\0\0\0\377\377\377\377\377\377\377\377\0\0\0\0\0\0\0\0`\0\0\0P\2\0\0`\2\0\0\0\0\0\0\0\0\0\0\0\0\0\0\360\1\0\0\350\1\0\08\0\0\0\3\0\0\0\0\0\0\0`\5\312\17\0\0\0\0G\370\267\220\0\0\0\0\0\0\0\0\30\0\0\0\0\0\0\0\0\0\0\0\0\0\0\0\0\0\0\0\0\0\0\0\30\0\0\0\0\0\0\0\0\0\0\0\0\0\0\0\10\0\0\0\0\0\0\0\270\0\0\0\0\0\0\0\20\0\0\0\0\0\0\0\250\0\0\0\0\0\0\0\0\0\0\0\0\0\0\0\"\0\0\0\377\377\377\377\0\0\0\0\1\0\0\0\220\0\0\0\0\0\0\0"..., 728, MSG_NOSIGNAL, NULL, 0 <unfinished ...>
10580 openat(AT_FDCWD, "/etc/host.conf", O_RDONLY|O_CLOEXEC <unfinished ...>
10567 <... sendto resumed>)             = 112
10509 <... sendto resumed>)             = 728
10580 <... openat resumed>)             = 18
10533 recvmsg(44,  <unfinished ...>
10509 sendto(36, "\20\0\0\0\240\4\0\0W\262\22s\0\0\0\0\30\0\24\0\0\0\0\0&\0\0\0\0\0\0\0\0\0\0\0\0\0\0\0H\0\0\0\0\0\0\0R\0\0\0\0\0\0\0\0\0\0\0\0\0\0\0\0\0\0\0\1\0\0\0\377\377\377\377\377\377\377\377\0\0\0\0\0\0\0\0`\0\0\0\270\3\0\0\310\3\0\0\0\0\0\0\0\0\0\0\0\0\0\0X\3\0\0P\3\0\08\0\0\0\3\0\0\0\0\0\0\0\357\20\376Z\0\0\0\0D\370\267\220\0\0\0\0\0\0\0\0\30\0\0\0\0\0\0\0\0\0\0\0\0\0\0\0\0\0\0\0\0\0\0\0000\0\0\0\0\0\0\0\0\0\0\0\0\0\0\0\0\0\0\0\0\0\0\0\30\0\0\0\0\0\0\0\1\0\0\0\0\0\0\0\340\2\0\0\0\0\0\0 \1\0\0\0\0\0\0\30\1\0\0\0\0\0\0 \1\0\0\0\0\0\0\340\1\0\0\0\0\0\0"..., 1184, MSG_NOSIGNAL, NULL, 0 <unfinished ...>
10533 <... recvmsg resumed>{msg_name=NULL, msg_namelen=0, msg_iov=[{iov_base="\20\0\0\0p\0\0\0\252\261\22s\0\0\0\0\30\0\24\0\0\0\0\0\35\0\0\0\0\0\0\0\0\0\0\0\0\0\0\0H\0\0\0\0\0\0\0.\0\0\0\0\0\0\0\n\0\0\0\0\0\0\0\0\0\0\0\1\0\0\0\0\0\0\0\0\0\0\0\0z\1\0\0\1\0\0\0\0\0\0\0\0\0\0\0\0\0\0\0\0\0\0\0\0\0\0\0\0\0\0", iov_len=4096}], msg_iovlen=1, msg_controllen=0, msg_flags=0}, MSG_DONTWAIT) = 112
10509 <... sendto resumed>)             = 1184
10579 recvmsg(5, {msg_name=NULL, msg_namelen=0, msg_iov=[{iov_base="\20\0\0\0@\3\0\0\215\260\22s\0\0\0\0\30\0\24\0\0\0\0\0#\0\0\0\0\0\0\0\0\0\0\0\0\0\0\0H\0\0\0\0\0\0\0\17\0\0\0\0\0\0\0\22\0\0\0\0\0\0\0\0\0\0\0\1\0\0\0\0\0\0\0\0\0\0\0\0\320\1\0\0\20\0\0\0\0\0\0`\0\0\0\210\0\0\0\0\0\0\0\0\0\0\0\0\0\0\0(\0\0\0\7\0\0\0\0\0\0\0\0\0\0\0\0\0\0\0\0\0\0\0\0\0\0\0\0\0\0\0\0\0\0\0\0\0\0\0\250\2\0\0\7\0\0\0\0\0\0\0\0\0\0\0A\0\0\0\0\0\0\0\0\0\0\0\0\0\0\0\0\n\0\0@\0\0\0B\0\0\0\0\0\0\0\0\0\0\0\0\0\0\0\0\0\0\0\0\0\0\0\2\0\0\0\0\0\0\0\2\0\0\0\0\0\0\0\0\0\0\0\0\0\0\0\0\0\0\0\0\0\0\0\0\0\0\0\0\0\0\0"..., iov_len=4096}], msg_iovlen=1, msg_controllen=0, msg_flags=0}, MSG_DONTWAIT) = 3056
10534 openat(AT_FDCWD, "/tmp/playwright_chromiumdev_profile-pi0Vs8/Default", O_RDONLY|O_CLOEXEC) = 84
10580 openat(AT_FDCWD, "/etc/resolv.conf", O_RDONLY|O_CLOEXEC <unfinished ...>
10578 openat(AT_FDCWD, "/etc/hosts", O_RDONLY|O_CLOEXEC <unfinished ...>
10580 <... openat resumed>)             = 18
10578 <... openat resumed>)             = 19
10529 sendto(44, "\20\0\0\0p\0\0\0r\264\22s\0\0\0\0\30\0\24\0\0\0\0\0\26\0\0\0\0\0\0\0\0\0\0\0\0\0\0\0H\0\0\0\0\0\0\0.\0\0\0\0\0\0\0\n\0\0\0\0\0\0\0\0\0\0\0\1\0\0\0\0\0\0\0\0\0\0\0\0|\1\0\0\1\0\0\0\0\0\0\0\0\0\0\0\0\0\0\0\0\0\0\0\0\0\0\0\0\0\0", 112, MSG_NOSIGNAL, NULL, 0) = 112
10567 recvmsg(14, {msg_name=NULL, msg_namelen=0, msg_iov=[{iov_base="\20\0\0\0p\0\0\0r\264\22s\0\0\0\0\30\0\24\0\0\0\0\0\26\0\0\0\0\0\0\0\0\0\0\0\0\0\0\0H\0\0\0\0\0\0\0.\0\0\0\0\0\0\0\n\0\0\0\0\0\0\0\0\0\0\0\1\0\0\0\0\0\0\0\0\0\0\0\0|\1\0\0\1\0\0\0\0\0\0\0\0\0\0\0\0\0\0\0\0\0\0\0\0\0\0\0\0\0\0", iov_len=4096}], msg_iovlen=1, msg_controllen=0, msg_flags=0}, MSG_DONTWAIT) = 112
10580 openat(AT_FDCWD, "/etc/nsswitch.conf", O_RDONLY|O_CLOEXEC) = 18
10567 sendto(14, "\20\0\0\0p\0\0\0\16\267\22s\0\0\0\0\30\0\24\0\0\0\0\0\36\0\0\0\0\0\0\0\0\0\0\0\0\0\0\0H\0\0\0\0\0\0\0.\0\0\0\0\0\0\0\v\0\0\0\0\0\0\0\0\0\0\0\1\0\0\0\0\0\0\0\0\0\0\0\0|\1\0\0\1\0\0\0\0\0\0\0\0\0\0\0\0\0\0\0\0\0\0\0\0\0\0\0\0\0\0", 112, MSG_NOSIGNAL, NULL, 0) = 112
10533 recvmsg(44, {msg_name=NULL, msg_namelen=0, msg_iov=[{iov_base="\20\0\0\0p\0\0\0\16\267\22s\0\0\0\0\30\0\24\0\0\0\0\0\36\0\0\0\0\0\0\0\0\0\0\0\0\0\0\0H\0\0\0\0\0\0\0.\0\0\0\0\0\0\0\v\0\0\0\0\0\0\0\0\0\0\0\1\0\0\0\0\0\0\0\0\0\0\0\0|\1\0\0\1\0\0\0\0\0\0\0\0\0\0\0\0\0\0\0\0\0\0\0\0\0\0\0\0\0\0", iov_len=4096}], msg_iovlen=1, msg_controllen=0, msg_flags=0}, MSG_DONTWAIT) = 112
10530 openat(AT_FDCWD, "/tmp/playwright_chromiumdev_profile-pi0Vs8/Default", O_RDONLY|O_CLOEXEC) = 84
10529 sendto(44, "\20\0\0\0p\0\0\0\n\271\22s\0\0\0\0\30\0\24\0\0\0\0\0\27\0\0\0\0\0\0\0\0\0\0\0\0\0\0\0H\0\0\0\0\0\0\0.\0\0\0\0\0\0\0\v\0\0\0\0\0\0\0\0\0\0\0\1\0\0\0\0\0\0\0\0\0\0\0\0z\1\0\0\1\0\0\0\0\0\0\0\0\0\0\0\0\0\0\0\0\0\0\0\0\0\0\0\0\0\0", 112, MSG_NOSIGNAL, NULL, 0) = 112
10567 recvmsg(14,  <unfinished ...>
10579 sendto(5, "\20\0\0\0H\1\0\0o\271\22s\0\0\0\0\30\0\24\0\0\0\0\0\24\0\0\0\0\0\0\0\0\0\0\0\0\0\0\0H\0\0\0\0\0\0\0K\0\0\0\0\0\0\0\0\0\0\0\0\0\0\0\0\0\0\0\1\0\0\0\0\0\0\0\0\0\0\0\0\177\1\0\0\1\0\0\0\0\0\0`\0\0\0p\0\0\0\0\0\0\0\0\0\0\0\0\0\0\0\20\0\0\0\2\0\0\0\0\0\0\0\0\0\0\0\310\0\0\0\2\0\0\0\0\0\0\0\0\0\0\0W\0\0\0\0\0\0\0\0\0\0\0\0\0\0\0\300\f\0\0@\0\0\0X\0\0\0\0\0\0\0\0\0\0\0\0\0\0\0\0\0\0\0\0\0\0\0\0\0\0\0\0\0\0\0\2\0\0\0\0\0\0\0\0\0\0\0\0\0\0\0\0\0\0\0\0\0\0\0\0\0\0\0\0\0\0\0\0\0\0\0\0\0\0\0Y\0\0\0\0\0\0\0\0\0\0\0\0\0\0\0"..., 328, MSG_NOSIGNAL, NULL, 0 <unfinished ...>
10567 <... recvmsg resumed>{msg_name=NULL, msg_namelen=0, msg_iov=[{iov_base="\20\0\0\0p\0\0\0\n\271\22s\0\0\0\0\30\0\24\0\0\0\0\0\27\0\0\0\0\0\0\0\0\0\0\0\0\0\0\0H\0\0\0\0\0\0\0.\0\0\0\0\0\0\0\v\0\0\0\0\0\0\0\0\0\0\0\1\0\0\0\0\0\0\0\0\0\0\0\0z\1\0\0\1\0\0\0\0\0\0\0\0\0\0\0\0\0\0\0\0\0\0\0\0\0\0\0\0\0\0", iov_len=4096}], msg_iovlen=1, msg_controllen=0, msg_flags=0}, MSG_DONTWAIT) = 112
10579 <... sendto resumed>)             = 328
10533 recvmsg(36, {msg_name=NULL, msg_namelen=0, msg_iov=[{iov_base="\20\0\0\0H\1\0\0o\271\22s\0\0\0\0\30\0\24\0\0\0\0\0\24\0\0\0\0\0\0\0\0\0\0\0\0\0\0\0H\0\0\0\0\0\0\0K\0\0\0\0\0\0\0\0\0\0\0\0\0\0\0\0\0\0\0\1\0\0\0\0\0\0\0\0\0\0\0\0\177\1\0\0\1\0\0\0\0\0\0`\0\0\0p\0\0\0\0\0\0\0\0\0\0\0\0\0\0\0\20\0\0\0\2\0\0\0\0\0\0\0\0\0\0\0\310\0\0\0\2\0\0\0\0\0\0\0\0\0\0\0W\0\0\0\0\0\0\0\0\0\0\0\0\0\0\0\300\f\0\0@\0\0\0X\0\0\0\0\0\0\0\0\0\0\0\0\0\0\0\0\0\0\0\0\0\0\0\0\0\0\0\0\0\0\0\2\0\0\0\0\0\0\0\0\0\0\0\0\0\0\0\0\0\0\0\0\0\0\0\0\0\0\0\0\0\0\0\0\0\0\0\0\0\0\0Y\0\0\0\0\0\0\0\0\0\0\0\0\0\0\0"..., iov_len=4096}], msg_iovlen=1, msg_controllen=0, msg_flags=0}, MSG_DONTWAIT) = 328
10559 sendto(5, "\20\0\0\0p\0\0\0\233\272\22s\0\0\0\0\30\0\24\0\0\0\0\0\25\0\0\0\0\0\0\0\0\0\0\0\0\0\0\0H\0\0\0\0\0\0\0001\0\0\0\0\0\0\0\3\0\0\0\0\0\0\0\0\0\0\0\1\0\0\0\0\0\0\0\0\0\0\0\0~\1\0\0\1\0\0\0\0\0\0\0\0\0\0\0\0\0\0\0\0\0\0\0\0\0\0\0\0\0\0", 112, MSG_NOSIGNAL, NULL, 0) = 112
10533 recvmsg(36, {msg_name=NULL, msg_namelen=0, msg_iov=[{iov_base="\20\0\0\0p\0\0\0\233\272\22s\0\0\0\0\30\0\24\0\0\0\0\0\25\0\0\0\0\0\0\0\0\0\0\0\0\0\0\0H\0\0\0\0\0\0\0001\0\0\0\0\0\0\0\3\0\0\0\0\0\0\0\0\0\0\0\1\0\0\0\0\0\0\0\0\0\0\0\0~\1\0\0\1\0\0\0\0\0\0\0\0\0\0\0\0\0\0\0\0\0\0\0\0\0\0\0\0\0\0", iov_len=4096}], msg_iovlen=1, msg_controllen=0, msg_flags=0}, MSG_DONTWAIT) = 112
10567 sendto(14, "\20\0\0\0p\0\0\0\361\273\22s\0\0\0\0\30\0\24\0\0\0\0\0\37\0\0\0\0\0\0\0\0\0\0\0\0\0\0\0H\0\0\0\0\0\0\0.\0\0\0\0\0\0\0\f\0\0\0\0\0\0\0\0\0\0\0\1\0\0\0\0\0\0\0\0\0\0\0\0z\1\0\0\1\0\0\0\0\0\0\0\0\0\0\0\0\0\0\0\0\0\0\0\0\0\0\0\0\0\0", 112, MSG_NOSIGNAL, NULL, 0) = 112
10533 recvmsg(44, {msg_name=NULL, msg_namelen=0, msg_iov=[{iov_base="\20\0\0\0p\0\0\0\361\273\22s\0\0\0\0\30\0\24\0\0\0\0\0\37\0\0\0\0\0\0\0\0\0\0\0\0\0\0\0H\0\0\0\0\0\0\0.\0\0\0\0\0\0\0\f\0\0\0\0\0\0\0\0\0\0\0\1\0\0\0\0\0\0\0\0\0\0\0\0z\1\0\0\1\0\0\0\0\0\0\0\0\0\0\0\0\0\0\0\0\0\0\0\0\0\0\0\0\0\0", iov_len=4096}], msg_iovlen=1, msg_controllen=0, msg_flags=0}, MSG_DONTWAIT) = 112
10509 openat(AT_FDCWD, "/proc/10560/stat", O_RDONLY|O_CLOEXEC) = 84
10529 openat(AT_FDCWD, "/tmp/playwright_chromiumdev_profile-pi0Vs8/Default/Local Storage/leveldb/CURRENT", O_RDONLY) = 85
10529 sendmsg(44, {msg_name=NULL, msg_namelen=0, msg_iov=[{iov_base="\20\0\1\0\250\0\0\0\253\275\22s\0\0\0\0\30\0\24\0\0\0\0\0\30\0\0\0\0\0\0\0p\0\0\0\0\0\0\0H\0\0\0\0\0\0\0.\0\0\0\0\0\0\0\f\0\0\0\0\0\0\0\0\0\0\0\1\0\0\0\0\0\0\0\0\0\0\0\0|\1\0\0\1\0\0\0\0\0\0`\0\0\0\0\0\0\0\0\0\0\0\0\0\0\0\1\0\0\0\20\0\0\0\1\0\0\0\1\0\0\0\0\0\0\0\20\0\0\0\1\0\0\0\200\0\0\0\0\0\1\0\30\0\0\0\20\0\0\0\10\0\0\0\4\0\0\0\10\0\0\0\0\0\0\0", iov_len=168}], msg_iovlen=1, msg_control=[{cmsg_len=20, cmsg_level=SOL_SOCKET, cmsg_type=SCM_RIGHTS, cmsg_data=[85]}], msg_controllen=20, msg_flags=0}, MSG_NOSIGNAL) = 168
10567 recvmsg(14, {msg_name=NULL, msg_namelen=0, msg_iov=[{iov_base="\20\0\1\0\250\0\0\0\253\275\22s\0\0\0\0\30\0\24\0\0\0\0\0\30\0\0\0\0\0\0\0p\0\0\0\0\0\0\0H\0\0\0\0\0\0\0.\0\0\0\0\0\0\0\f\0\0\0\0\0\0\0\0\0\0\0\1\0\0\0\0\0\0\0\0\0\0\0\0|\1\0\0\1\0\0\0\0\0\0`\0\0\0\0\0\0\0\0\0\0\0\0\0\0\0\1\0\0\0\20\0\0\0\1\0\0\0\1\0\0\0\0\0\0\0\20\0\0\0\1\0\0\0\200\0\0\0\0\0\1\0\30\0\0\0\20\0\0\0\10\0\0\0\4\0\0\0\10\0\0\0\0\0\0\0", iov_len=4096}], msg_iovlen=1, msg_control=[{cmsg_len=20, cmsg_level=SOL_SOCKET, cmsg_type=SCM_RIGHTS, cmsg_data=[23]}], msg_controllen=24, msg_flags=0}, MSG_DONTWAIT) = 168
10579 sendto(5, "\20\0\0\0\320\0\0\0W\276\22s\0\0\0\0\30\0\24\0\0\0\0\0\26\0\0\0\0\0\0\0\0\0\0\0\0\0\0\0H\0\0\0\0\0\0\0K\0\0\0\0\0\0\0\1\0\0\0\0\0\0\0\0\0\0\0\1\0\0\0\377\377\377\377\377\377\377\377\0\0\0\0\0\0\0\0`\0\0\0\0\0\0\0\0\0\0\0\0\0\0\0\0\0\0\0\0\0\0\0`\0\0\0X\0\0\08\0\0\0\3\0\0\0\0\0\0\0\20Y/V\0\0\0\0\315\231~?\0\0\0\0\0\0\0\0\30\0\0\0\0\0\0\0\0\0\0\0\0\0\0\0\0\0\0\0\0\0\0\0\20\0\0\0\0\0\0\0\10\0\0\0\0\0\0\0\20\0\0\0\0\0\0\0\0\0\0\0\0\0\0\0", 208, MSG_NOSIGNAL, NULL, 0) = 208
10559 sendto(5, "\20\0\0\0(\1\0\0\323\276\22s\0\0\0\0\30\0\24\0\0\0\0\0\27\0\0\0\0\0\0\0\0\0\0\0\0\0\0\0H\0\0\0\0\0\0\0-\0\0\0\0\0\0\0\1\0\0\0\0\0\0\0\0\0\0\0\1\0\0\0\377\377\377\377\377\377\377\377\0\0\0\0\0\0\0\0`\0\0\0\0\0\0\0\0\0\0\0\0\0\0\0\0\0\0\0\0\0\0\0\270\0\0\0\260\0\0\08\0\0\0\3\0\0\0\0\0\0\0\\_UU\0\0\0\0\322\231~?\0\0\0\0\0\0\0\0\30\0\0\0\0\0\0\0\0\0\0\0\0\0\0\0\0\0\0\0\0\0\0\0\20\0\0\0\0\0\0\0\10\0\0\0\0\0\0\0\20\0\0\0\1\0\0\0\10\0\0\0\0\0\0\0 \0\0\0\0\0\0\0\370v\6\316\0\0\0\0\20\0\0\0\0\0\0\0(\0\0\0\0\0\0\0\35\0\0\0\25\0\0\0SSLClien"..., 296, MSG_NOSIGNAL, NULL, 0 <unfinished ...>
10533 recvmsg(36,  <unfinished ...>
10559 <... sendto resumed>)             = 296
10533 <... recvmsg resumed>{msg_name=NULL, msg_namelen=0, msg_iov=[{iov_base="\20\0\0\0\320\0\0\0W\276\22s\0\0\0\0\30\0\24\0\0\0\0\0\26\0\0\0\0\0\0\0\0\0\0\0\0\0\0\0H\0\0\0\0\0\0\0K\0\0\0\0\0\0\0\1\0\0\0\0\0\0\0\0\0\0\0\1\0\0\0\377\377\377\377\377\377\377\377\0\0\0\0\0\0\0\0`\0\0\0\0\0\0\0\0\0\0\0\0\0\0\0\0\0\0\0\0\0\0\0`\0\0\0X\0\0\08\0\0\0\3\0\0\0\0\0\0\0\20Y/V\0\0\0\0\315\231~?\0\0\0\0\0\0\0\0\30\0\0\0\0\0\0\0\0\0\0\0\0\0\0\0\0\0\0\0\0\0\0\0\20\0\0\0\0\0\0\0\10\0\0\0\0\0\0\0\20\0\0\0\0\0\0\0\0\0\0\0\0\0\0\0\20\0\0\0(\1\0\0\323\276\22s\0\0\0\0\30\0\24\0\0\0\0\0\27\0\0\0\0\0\0\0\0\0\0\0\0\0\0\0H\0\0\0\0\0\0\0"..., iov_len=4096}], msg_iovlen=1, msg_controllen=0, msg_flags=0}, MSG_DONTWAIT) = 504
10579 sendto(5, "\20\0\0\0\360\0\0\0/\277\22s\0\0\0\0\30\0\24\0\0\0\0\0\30\0\0\0\0\0\0\0\0\0\0\0\0\0\0\0H\0\0\0\0\0\0\0\37\0\0\0\0\0\0\0\0\0\0\0\0\0\0\0\0\0\0\0\1\0\0\0\377\377\377\377\377\377\377\377\0\0\0\0\0\0\0\0`\0\0\0\0\0\0\0\0\0\0\0\0\0\0\0\0\0\0\0\0\0\0\0\200\0\0\0x\0\0\08\0\0\0\3\0\0\0\0\0\0\0\245\2527e\0\0\0\0\323\231~?\0\0\0\0\0\0\0\0\30\0\0\0\0\0\0\0\0\0\0\0\0\0\0\0\0\0\0\0\0\0\0\0 \0\0\0\0\0\0\0\1\0\0\0\377\377\377\377\20\0\0\0\0\0\0\0\30\0\0\0\0\0\0\0\20\0\0\0\0\0\0\0\30\374\377\377\377\377\377\377\20\0\0\0\0\0\0\0\30\374\377\377\377\377\377\377", 240, MSG_NOSIGNAL, NULL, 0) = 240
10533 recvmsg(36,  <unfinished ...>
10579 sendto(5, "\20\0\0\0\300\0\0\0\245\277\22s\0\0\0\0\30\0\24\0\0\0\0\0\31\0\0\0\0\0\0\0\0\0\0\0\0\0\0\0H\0\0\0\0\0\0\0\"\0\0\0\0\0\0\0\0\0\0\0\0\0\0\0\0\0\0\0\1\0\0\0\377\377\377\377\377\377\377\377\0\0\0\0\0\0\0\0`\0\0\0\0\0\0\0\0\0\0\0\0\0\0\0\0\0\0\0\0\0\0\0P\0\0\0H\0\0\08\0\0\0\3\0\0\0\0\0\0\0\f2I\0\0\0\0\0\320\231~?\0\0\0\0\0\0\0\0\30\0\0\0\0\0\0\0\0\0\0\0\0\0\0\0\0\0\0\0\0\0\0\0\20\0\0\0\0\0\0\0\6\0\0\0\0\0\0\0", 192, MSG_NOSIGNAL, NULL, 0 <unfinished ...>
10509 openat(AT_FDCWD, "/proc/10560/status", O_RDONLY|O_CLOEXEC <unfinished ...>
10579 <... sendto resumed>)             = 192
10533 <... recvmsg resumed>{msg_name=NULL, msg_namelen=0, msg_iov=[{iov_base="\20\0\0\0\360\0\0\0/\277\22s\0\0\0\0\30\0\24\0\0\0\0\0\30\0\0\0\0\0\0\0\0\0\0\0\0\0\0\0H\0\0\0\0\0\0\0\37\0\0\0\0\0\0\0\0\0\0\0\0\0\0\0\0\0\0\0\1\0\0\0\377\377\377\377\377\377\377\377\0\0\0\0\0\0\0\0`\0\0\0\0\0\0\0\0\0\0\0\0\0\0\0\0\0\0\0\0\0\0\0\200\0\0\0x\0\0\08\0\0\0\3\0\0\0\0\0\0\0\245\2527e\0\0\0\0\323\231~?\0\0\0\0\0\0\0\0\30\0\0\0\0\0\0\0\0\0\0\0\0\0\0\0\0\0\0\0\0\0\0\0 \0\0\0\0\0\0\0\1\0\0\0\377\377\377\377\20\0\0\0\0\0\0\0\30\0\0\0\0\0\0\0\20\0\0\0\0\0\0\0\30\374\377\377\377\377\377\377\20\0\0\0\0\0\0\0\30\374\377\377\377\377\377\377", iov_len=4096}], msg_iovlen=1, msg_controllen=0, msg_flags=0}, MSG_DONTWAIT) = 240
10509 <... openat resumed>)             = 84
10533 recvmsg(36, {msg_name=NULL, msg_namelen=0, msg_iov=[{iov_base="\20\0\0\0\300\0\0\0\245\277\22s\0\0\0\0\30\0\24\0\0\0\0\0\31\0\0\0\0\0\0\0\0\0\0\0\0\0\0\0H\0\0\0\0\0\0\0\"\0\0\0\0\0\0\0\0\0\0\0\0\0\0\0\0\0\0\0\1\0\0\0\377\377\377\377\377\377\377\377\0\0\0\0\0\0\0\0`\0\0\0\0\0\0\0\0\0\0\0\0\0\0\0\0\0\0\0\0\0\0\0P\0\0\0H\0\0\08\0\0\0\3\0\0\0\0\0\0\0\f2I\0\0\0\0\0\320\231~?\0\0\0\0\0\0\0\0\30\0\0\0\0\0\0\0\0\0\0\0\0\0\0\0\0\0\0\0\0\0\0\0\20\0\0\0\0\0\0\0\6\0\0\0\0\0\0\0", iov_len=4096}], msg_iovlen=1, msg_controllen=0, msg_flags=0}, MSG_DONTWAIT) = 192
10567 sendto(14, "\20\0\0\0p\0\0\0m\300\22s\0\0\0\0\30\0\24\0\0\0\0\0 \0\0\0\0\0\0\0\0\0\0\0\0\0\0\0H\0\0\0\0\0\0\0.\0\0\0\0\0\0\0\r\0\0\0\0\0\0\0\0\0\0\0\1\0\0\0\0\0\0\0\0\0\0\0\0|\1\0\0\1\0\0\0\0\0\0\0\0\0\0\0\0\0\0\0\0\0\0\0\0\0\0\0\0\0\0", 112, MSG_NOSIGNAL, NULL, 0) = 112
10533 recvmsg(44, {msg_name=NULL, msg_namelen=0, msg_iov=[{iov_base="\20\0\0\0p\0\0\0m\300\22s\0\0\0\0\30\0\24\0\0\0\0\0 \0\0\0\0\0\0\0\0\0\0\0\0\0\0\0H\0\0\0\0\0\0\0.\0\0\0\0\0\0\0\r\0\0\0\0\0\0\0\0\0\0\0\1\0\0\0\0\0\0\0\0\0\0\0\0|\1\0\0\1\0\0\0\0\0\0\0\0\0\0\0\0\0\0\0\0\0\0\0\0\0\0\0\0\0\0", iov_len=4096}], msg_iovlen=1, msg_controllen=0, msg_flags=0}, MSG_DONTWAIT) = 112
10529 openat(AT_FDCWD, "/tmp/playwright_chromiumdev_profile-pi0Vs8/Default/Local Storage/leveldb/MANIFEST-000001", O_RDONLY) = 84
10509 sendto(44, "\20\0\0\0\350\0\0\0\277\301\22s\0\0\0\0\30\0\24\0\0\0\0\0\31\0\0\0\0\0\0\0\0\0\0\0\0\0\0\0H\0\0\0\0\0\0\0\31\0\0\0\0\0\0\0\2\0\0\0\0\0\0\0\0\0\0\0\1\0\0\0\0\0\0\0\0\0\0\0\0z\1\0\0\1\0\0\0\0\0\0`\0\0\0p\0\0\0\0\0\0\0\0\0\0\0\0\0\0\0\20\0\0\0\1\0\0\0\0\0\0\0\0\0\0\0h\0\0\0\1\0\0\0\0\0\0\0\0\0\0\0002\0\0\0\0\0\0\0\0\0\0\0\0\0\0\0\200\10\0\0@\0\0\0003\0\0\0\0\0\0\0\0\0\0\0\0\0\0\0\0\0\0\0\0\0\0\0\0\0\0\0\0\0\0\0\2\0\0\0\0\0\0\0\0\0\0\0\0\0\0\0\0\0\0\0\0\0\0\0\0\0\0\0\0\0\0\0", 232, MSG_NOSIGNAL, NULL, 0) = 232
10567 recvmsg(14, {msg_name=NULL, msg_namelen=0, msg_iov=[{iov_base="\20\0\0\0\350\0\0\0\277\301\22s\0\0\0\0\30\0\24\0\0\0\0\0\31\0\0\0\0\0\0\0\0\0\0\0\0\0\0\0H\0\0\0\0\0\0\0\31\0\0\0\0\0\0\0\2\0\0\0\0\0\0\0\0\0\0\0\1\0\0\0\0\0\0\0\0\0\0\0\0z\1\0\0\1\0\0\0\0\0\0`\0\0\0p\0\0\0\0\0\0\0\0\0\0\0\0\0\0\0\20\0\0\0\1\0\0\0\0\0\0\0\0\0\0\0h\0\0\0\1\0\0\0\0\0\0\0\0\0\0\0002\0\0\0\0\0\0\0\0\0\0\0\0\0\0\0\200\10\0\0@\0\0\0003\0\0\0\0\0\0\0\0\0\0\0\0\0\0\0\0\0\0\0\0\0\0\0\0\0\0\0\0\0\0\0\2\0\0\0\0\0\0\0\0\0\0\0\0\0\0\0\0\0\0\0\0\0\0\0\0\0\0\0\0\0\0\0", iov_len=4096}], msg_iovlen=1, msg_controllen=0, msg_flags=0}, MSG_DONTWAIT) = 232
10529 sendmsg(44, {msg_name=NULL, msg_namelen=0, msg_iov=[{iov_base="\20\0\1\0\250\0\0\0\306\301\22s\0\0\0\0\30\0\24\0\0\0\0\0\32\0\0\0\0\0\0\0p\0\0\0\0\0\0\0H\0\0\0\0\0\0\0.\0\0\0\0\0\0\0\r\0\0\0\0\0\0\0\0\0\0\0\1\0\0\0\0\0\0\0\0\0\0\0\0}\1\0\0\1\0\0\0\0\0\0`\0\0\0\0\0\0\0\0\0\0\0\0\0\0\0\1\0\0\0\20\0\0\0\1\0\0\0\1\0\0\0\0\0\0\0\20\0\0\0\1\0\0\0\200\0\0\0\0\0\1\0\30\0\0\0\20\0\0\0\10\0\0\0\4\0\0\0\10\0\0\0\0\0\0\0", iov_len=168}], msg_iovlen=1, msg_control=[{cmsg_len=20, cmsg_level=SOL_SOCKET, cmsg_type=SCM_RIGHTS, cmsg_data=[84]}], msg_controllen=20, msg_flags=0}, MSG_NOSIGNAL) = 168
10567 recvmsg(14, {msg_name=NULL, msg_namelen=0, msg_iov=[{iov_base="\20\0\1\0\250\0\0\0\306\301\22s\0\0\0\0\30\0\24\0\0\0\0\0\32\0\0\0\0\0\0\0p\0\0\0\0\0\0\0H\0\0\0\0\0\0\0.\0\0\0\0\0\0\0\r\0\0\0\0\0\0\0\0\0\0\0\1\0\0\0\0\0\0\0\0\0\0\0\0}\1\0\0\1\0\0\0\0\0\0`\0\0\0\0\0\0\0\0\0\0\0\0\0\0\0\1\0\0\0\20\0\0\0\1\0\0\0\1\0\0\0\0\0\0\0\20\0\0\0\1\0\0\0\200\0\0\0\0\0\1\0\30\0\0\0\20\0\0\0\10\0\0\0\4\0\0\0\10\0\0\0\0\0\0\0", iov_len=4096}], msg_iovlen=1, msg_control=[{cmsg_len=20, cmsg_level=SOL_SOCKET, cmsg_type=SCM_RIGHTS, cmsg_data=[23]}], msg_controllen=24, msg_flags=0}, MSG_DONTWAIT) = 168
10509 sendto(44, "\20\0\0\0p\0\0\0=\302\22s\0\0\0\0\30\0\24\0\0\0\0\0\33\0\0\0\0\0\0\0\0\0\0\0\0\0\0\0H\0\0\0\0\0\0\0002\0\0\0\0\0\0\0\0\0\0\0\0\0\0\0\0\0\0\0\1\0\0\0\0\0\0\0\0\0\0\0\0\250\1\0\0\10\0\0\0\0\0\0\0\0\0\0\0\0\0\0\0\0\0\0\0\0\0\0\0\0\0\0", 112, MSG_NOSIGNAL, NULL, 0) = 112
10567 recvmsg(14,  <unfinished ...>
10509 openat(AT_FDCWD, "/proc/10560/stat", O_RDONLY|O_CLOEXEC <unfinished ...>
10567 <... recvmsg resumed>{msg_name=NULL, msg_namelen=0, msg_iov=[{iov_base="\20\0\0\0p\0\0\0=\302\22s\0\0\0\0\30\0\24\0\0\0\0\0\33\0\0\0\0\0\0\0\0\0\0\0\0\0\0\0H\0\0\0\0\0\0\0002\0\0\0\0\0\0\0\0\0\0\0\0\0\0\0\0\0\0\0\1\0\0\0\0\0\0\0\0\0\0\0\0\250\1\0\0\10\0\0\0\0\0\0\0\0\0\0\0\0\0\0\0\0\0\0\0\0\0\0\0\0\0\0", iov_len=4096}], msg_iovlen=1, msg_controllen=0, msg_flags=0}, MSG_DONTWAIT) = 112
10509 <... openat resumed>)             = 84
10579 sendto(5, "\20\0\0\0\270\0\0\0D\304\22s\0\0\0\0\30\0\24\0\0\0\0\0\32\0\0\0\0\0\0\0\0\0\0\0\0\0\0\0H\0\0\0\0\0\0\0%\0\0\0\0\0\0\0\0\0\0\0\0\0\0\0\0\0\0\0\1\0\0\0\377\377\377\377\377\377\377\377\0\0\0\0\0\0\0\0`\0\0\0\0\0\0\0\0\0\0\0\0\0\0\0\0\0\0\0\0\0\0\0H\0\0\0@\0\0\08\0\0\0\3\0\0\0\0\0\0\0\310k]k\0\0\0\0\321\231~?\0\0\0\0\0\0\0\0\30\0\0\0\0\0\0\0\0\0\0\0\0\0\0\0\0\0\0\0\0\0\0\0\10\0\0\0\0\0\0\0", 184, MSG_NOSIGNAL, NULL, 0) = 184
10533 recvmsg(36, {msg_name=NULL, msg_namelen=0, msg_iov=[{iov_base="\20\0\0\0\270\0\0\0D\304\22s\0\0\0\0\30\0\24\0\0\0\0\0\32\0\0\0\0\0\0\0\0\0\0\0\0\0\0\0H\0\0\0\0\0\0\0%\0\0\0\0\0\0\0\0\0\0\0\0\0\0\0\0\0\0\0\1\0\0\0\377\377\377\377\377\377\377\377\0\0\0\0\0\0\0\0`\0\0\0\0\0\0\0\0\0\0\0\0\0\0\0\0\0\0\0\0\0\0\0H\0\0\0@\0\0\08\0\0\0\3\0\0\0\0\0\0\0\310k]k\0\0\0\0\321\231~?\0\0\0\0\0\0\0\0\30\0\0\0\0\0\0\0\0\0\0\0\0\0\0\0\0\0\0\0\0\0\0\0\10\0\0\0\0\0\0\0", iov_len=4096}], msg_iovlen=1, msg_controllen=0, msg_flags=0}, MSG_DONTWAIT) = 184
10567 sendto(14, "\20\0\0\0p\0\0\0\333\304\22s\0\0\0\0\30\0\24\0\0\0\0\0!\0\0\0\0\0\0\0\0\0\0\0\0\0\0\0H\0\0\0\0\0\0\0.\0\0\0\0\0\0\0\16\0\0\0\0\0\0\0\0\0\0\0\1\0\0\0\0\0\0\0\0\0\0\0\0}\1\0\0\1\0\0\0\0\0\0\0\0\0\0\0\0\0\0\0\0\0\0\0\0\0\0\0\0\0\0", 112, MSG_NOSIGNAL, NULL, 0) = 112
10533 recvmsg(44, {msg_name=NULL, msg_namelen=0, msg_iov=[{iov_base="\20\0\0\0p\0\0\0\333\304\22s\0\0\0\0\30\0\24\0\0\0\0\0!\0\0\0\0\0\0\0\0\0\0\0\0\0\0\0H\0\0\0\0\0\0\0.\0\0\0\0\0\0\0\16\0\0\0\0\0\0\0\0\0\0\0\1\0\0\0\0\0\0\0\0\0\0\0\0}\1\0\0\1\0\0\0\0\0\0\0\0\0\0\0\0\0\0\0\0\0\0\0\0\0\0\0\0\0\0", iov_len=4096}], msg_iovlen=1, msg_controllen=0, msg_flags=0}, MSG_DONTWAIT) = 112
10509 sendto(44, "\20\0\0\0\350\0\0\0\277\305\22s\0\0\0\0\30\0\24\0\0\0\0\0\34\0\0\0\0\0\0\0\0\0\0\0\0\0\0\0H\0\0\0\0\0\0\0\31\0\0\0\0\0\0\0\3\0\0\0\0\0\0\0\0\0\0\0\1\0\0\0\0\0\0\0\0\0\0\0\0|\1\0\0\1\0\0\0\0\0\0`\0\0\0p\0\0\0\0\0\0\0\0\0\0\0\0\0\0\0\20\0\0\0\1\0\0\0\0\0\0\0\0\0\0\0h\0\0\0\1\0\0\0\0\0\0\0\0\0\0\0004\0\0\0\0\0\0\0\0\0\0\0\0\0\0\0\300\10\0\0@\0\0\0005\0\0\0\0\0\0\0\0\0\0\0\0\0\0\0\0\0\0\0\0\0\0\0\0\0\0\0\0\0\0\0\2\0\0\0\0\0\0\0\0\0\0\0\0\0\0\0\0\0\0\0\0\0\0\0\0\0\0\0\0\0\0\0", 232, MSG_NOSIGNAL, NULL, 0) = 232
10567 recvmsg(14, {msg_name=NULL, msg_namelen=0, msg_iov=[{iov_base="\20\0\0\0\350\0\0\0\277\305\22s\0\0\0\0\30\0\24\0\0\0\0\0\34\0\0\0\0\0\0\0\0\0\0\0\0\0\0\0H\0\0\0\0\0\0\0\31\0\0\0\0\0\0\0\3\0\0\0\0\0\0\0\0\0\0\0\1\0\0\0\0\0\0\0\0\0\0\0\0|\1\0\0\1\0\0\0\0\0\0`\0\0\0p\0\0\0\0\0\0\0\0\0\0\0\0\0\0\0\20\0\0\0\1\0\0\0\0\0\0\0\0\0\0\0h\0\0\0\1\0\0\0\0\0\0\0\0\0\0\0004\0\0\0\0\0\0\0\0\0\0\0\0\0\0\0\300\10\0\0@\0\0\0005\0\0\0\0\0\0\0\0\0\0\0\0\0\0\0\0\0\0\0\0\0\0\0\0\0\0\0\0\0\0\0\2\0\0\0\0\0\0\0\0\0\0\0\0\0\0\0\0\0\0\0\0\0\0\0\0\0\0\0\0\0\0\0", iov_len=4096}], msg_iovlen=1, msg_controllen=0, msg_flags=0}, MSG_DONTWAIT) = 232
10529 sendto(44, "\20\0\0\0p\0\0\0\257\306\22s\0\0\0\0\30\0\24\0\0\0\0\0\35\0\0\0\0\0\0\0\0\0\0\0\0\0\0\0H\0\0\0\0\0\0\0.\0\0\0\0\0\0\0\16\0\0\0\0\0\0\0\0\0\0\0\1\0\0\0\0\0\0\0\0\0\0\0\0z\1\0\0\1\0\0\0\0\0\0\0\0\0\0\0\0\0\0\0\0\0\0\0\0\0\0\0\0\0\0", 112, MSG_NOSIGNAL, NULL, 0) = 112
10567 recvmsg(14, {msg_name=NULL, msg_namelen=0, msg_iov=[{iov_base="\20\0\0\0p\0\0\0\257\306\22s\0\0\0\0\30\0\24\0\0\0\0\0\35\0\0\0\0\0\0\0\0\0\0\0\0\0\0\0H\0\0\0\0\0\0\0.\0\0\0\0\0\0\0\16\0\0\0\0\0\0\0\0\0\0\0\1\0\0\0\0\0\0\0\0\0\0\0\0z\1\0\0\1\0\0\0\0\0\0\0\0\0\0\0\0\0\0\0\0\0\0\0\0\0\0\0\0\0\0", iov_len=4096}], msg_iovlen=1, msg_controllen=0, msg_flags=0}, MSG_DONTWAIT) = 112
10509 sendto(44, "\20\0\0\0\350\0\0\0\247\307\22s\0\0\0\0\30\0\24\0\0\0\0\0\36\0\0\0\0\0\0\0\0\0\0\0\0\0\0\0H\0\0\0\0\0\0\0\31\0\0\0\0\0\0\0\4\0\0\0\0\0\0\0\0\0\0\0\1\0\0\0\0\0\0\0\0\0\0\0\0|\1\0\0\1\0\0\0\0\0\0`\0\0\0p\0\0\0\0\0\0\0\0\0\0\0\0\0\0\0\20\0\0\0\1\0\0\0\0\0\0\0\0\0\0\0h\0\0\0\1\0\0\0\0\0\0\0\0\0\0\0006\0\0\0\0\0\0\0\0\0\0\0\0\0\0\0\0\t\0\0@\0\0\0007\0\0\0\0\0\0\0\0\0\0\0\0\0\0\0\0\0\0\0\0\0\0\0\0\0\0\0\0\0\0\0\2\0\0\0\0\0\0\0\0\0\0\0\0\0\0\0\0\0\0\0\0\0\0\0\0\0\0\0\0\0\0\0", 232, MSG_NOSIGNAL, NULL, 0) = 232
10567 recvmsg(14, {msg_name=NULL, msg_namelen=0, msg_iov=[{iov_base="\20\0\0\0\350\0\0\0\247\307\22s\0\0\0\0\30\0\24\0\0\0\0\0\36\0\0\0\0\0\0\0\0\0\0\0\0\0\0\0H\0\0\0\0\0\0\0\31\0\0\0\0\0\0\0\4\0\0\0\0\0\0\0\0\0\0\0\1\0\0\0\0\0\0\0\0\0\0\0\0|\1\0\0\1\0\0\0\0\0\0`\0\0\0p\0\0\0\0\0\0\0\0\0\0\0\0\0\0\0\20\0\0\0\1\0\0\0\0\0\0\0\0\0\0\0h\0\0\0\1\0\0\0\0\0\0\0\0\0\0\0006\0\0\0\0\0\0\0\0\0\0\0\0\0\0\0\0\t\0\0@\0\0\0007\0\0\0\0\0\0\0\0\0\0\0\0\0\0\0\0\0\0\0\0\0\0\0\0\0\0\0\0\0\0\0\2\0\0\0\0\0\0\0\0\0\0\0\0\0\0\0\0\0\0\0\0\0\0\0\0\0\0\0\0\0\0\0", iov_len=4096}], msg_iovlen=1, msg_controllen=0, msg_flags=0}, MSG_DONTWAIT) = 232
10567 sendto(14, "\20\0\0\0p\0\0\0\367\310\22s\0\0\0\0\30\0\24\0\0\0\0\0\"\0\0\0\0\0\0\0\0\0\0\0\0\0\0\0H\0\0\0\0\0\0\0.\0\0\0\0\0\0\0\17\0\0\0\0\0\0\0\0\0\0\0\1\0\0\0\0\0\0\0\0\0\0\0\0|\1\0\0\1\0\0\0\0\0\0\0\0\0\0\0\0\0\0\0\0\0\0\0\0\0\0\0\0\0\0", 112, MSG_NOSIGNAL, NULL, 0) = 112
10533 recvmsg(44,  <unfinished ...>
10509 sendto(36, "\20\0\0\0\300\33\0\0l\311\22s\0\0\0\0\30\0\24\0\0\0\0\0'\0\0\0\0\0\0\0\0\0\0\0\0\0\0\0H\0\0\0\0\0\0\0\17\0\0\0\0\0\0\0\23\0\0\0\0\0\0\0\0\0\0\0\1\0\0\0\377\377\377\377\377\377\377\377\0\0\0\0\0\0\0\0`\0\0\0\270\27\0\0\350\27\0\0\0\0\0\0\0\0\0\0\0\0\0\0X\27\0\0P\27\0\08\0\0\0\3\0\0\0\0\0\0\0W\n&\17\0\0\0\0\234\370\267\220\0\0\0\0\0\0\0\0\30\0\0\0\0\0\0\0\0\0\0\0\0\0\0\0\0\0\0\0\0\0\0\0\30\0\0\0\0\0\0\0\0\0\0\0\0\0\0\0\10\0\0\0\0\0\0\0\30\1\0\0\0\0\0\0\20\1\0\0\0\0\0\0\200\1\0\0\0\0\0\0\337\7\r\0\1\0\0\0\0\0\0\0\0\0\0\0\377\377\377\377\0\0\0\0\377\377\377\377\0\0\0\0"..., 7104, MSG_NOSIGNAL, NULL, 0 <unfinished ...>
10533 <... recvmsg resumed>{msg_name=NULL, msg_namelen=0, msg_iov=[{iov_base="\20\0\0\0p\0\0\0\367\310\22s\0\0\0\0\30\0\24\0\0\0\0\0\"\0\0\0\0\0\0\0\0\0\0\0\0\0\0\0H\0\0\0\0\0\0\0.\0\0\0\0\0\0\0\17\0\0\0\0\0\0\0\0\0\0\0\1\0\0\0\0\0\0\0\0\0\0\0\0|\1\0\0\1\0\0\0\0\0\0\0\0\0\0\0\0\0\0\0\0\0\0\0\0\0\0\0\0\0\0", iov_len=4096}], msg_iovlen=1, msg_controllen=0, msg_flags=0}, MSG_DONTWAIT) = 112
10509 <... sendto resumed>)             = 7104
10509 sendto(36, "\20\0\0\0\310\0\0\0\7\312\22s\0\0\0\0\30\0\24\0\0\0\0\0(\0\0\0\0\0\0\0\0\0\0\0\0\0\0\0H\0\0\0\0\0\0\0\\\0\0\0\0\0\0\0\0\0\0\0\0\0\0\0\0\0\0\0\1\0\0\0\377\377\377\377\377\377\377\377\0\0\0\0\0\0\0\0`\0\0\0\0\0\0\0\0\0\0\0\0\0\0\0\0\0\0\0\0\0\0\0X\0\0\0P\0\0\08\0\0\0\3\0\0\0\0\0\0\0\227&GT\1\0\0\0i\370\267\220\1\0\0\0\0\0\0\0\30\0\0\0\0\0\0\0\0\0\0\0\0\0\0\0\0\0\0\0\0\0\0\0\20\0\0\0\0\0\0\0\10\0\0\0\0\0\0\0\10\0\0\0\0\0\0\0", 200, MSG_NOSIGNAL, NULL, 0) = 200
10509 sendto(36, "\20\0\0\08\1\0\0I\312\22s\0\0\0\0\30\0\24\0\0\0\0\0)\0\0\0\0\0\0\0\0\0\0\0\0\0\0\0H\0\0\0\0\0\0\0\\\0\0\0\0\0\0\0\1\0\0\0\0\0\0\0\0\0\0\0\1\0\0\0\377\377\377\377\377\377\377\377\0\0\0\0\0\0\0\0`\0\0\0\260\0\0\0\300\0\0\0\0\0\0\0\0\0\0\0\0\0\0\0P\0\0\0H\0\0\08\0\0\0\3\0\0\0\0\0\0\0\363U\264H\0\0\0\0n\370\267\220\0\0\0\0\0\0\0\0\30\0\0\0\0\0\0\0\0\0\0\0\0\0\0\0\0\0\0\0\0\0\0\0\20\0\0\0\0\0\0\0\0\0\0\0\0\0\0\0\20\0\0\0\1\0\0\0\0\0\0\0\0\0\0\0h\0\0\0\1\0\0\0\0\0\0\0\0\0\0\0o\0\0\0\0\0\0\0\0\0\0\0\0\0\0\0\300\17\0\0@\0\0\0p\0\0\0\0\0\0\0"..., 312, MSG_NOSIGNAL, NULL, 0 <unfinished ...>
10579 socket(AF_INET6, SOCK_DGRAM, IPPROTO_IP <unfinished ...>
10509 <... sendto resumed>)             = 312
10579 <... socket resumed>)             = 18
10530 openat(AT_FDCWD, "/tmp/playwright_chromiumdev_profile-pi0Vs8/Default/Local Storage/leveldb/MANIFEST-000001", O_WRONLY|O_APPEND) = 84
10509 sendto(36, "\20\0\0\0P\3\0\0\270\312\22s\0\0\0\0\30\0\24\0\0\0\0\0*\0\0\0\0\0\0\0\0\0\0\0\0\0\0\0H\0\0\0\0\0\0\0\\\0\0\0\0\0\0\0\2\0\0\0\0\0\0\0\0\0\0\0\1\0\0\0\377\377\377\377\377\377\377\377\0\0\0\0\0\0\0\0`\0\0\0h\2\0\0x\2\0\0\0\0\0\0\0\0\0\0\0\0\0\0\10\2\0\0\0\2\0\08\0\0\0\3\0\0\0\0\0\0\0`\5\312\17\0\0\0\0o\370\267\220\0\0\0\0\0\0\0\0\30\0\0\0\0\0\0\0\0\0\0\0\0\0\0\0\0\0\0\0\0\0\0\0\30\0\0\0\0\0\0\0\0\0\0\0\0\0\0\0\10\0\0\0\0\0\0\0\270\0\0\0\0\0\0\0\20\0\0\0\0\0\0\0\250\0\0\0\0\0\0\0\0\0\0\0\0\0\0\0\242\0\0\0\377\377\377\377\0\0\0\0\1\0\0\0\220\0\0\0\0\0\0\0"..., 848, MSG_NOSIGNAL, NULL, 0 <unfinished ...>
10530 sendmsg(44, {msg_name=NULL, msg_namelen=0, msg_iov=[{iov_base="\20\0\1\0\250\0\0\0\351\312\22s\0\0\0\0\30\0\24\0\0\0\0\0\37\0\0\0\0\0\0\0p\0\0\0\0\0\0\0H\0\0\0\0\0\0\0.\0\0\0\0\0\0\0\17\0\0\0\0\0\0\0\0\0\0\0\1\0\0\0\0\0\0\0\0\0\0\0\0z\1\0\0\1\0\0\0\0\0\0`\0\0\0\0\0\0\0\0\0\0\0\0\0\0\0\1\0\0\0\20\0\0\0\1\0\0\0\1\0\0\0\0\0\0\0\20\0\0\0\1\0\0\0\200\0\0\0\0\0\1\0\30\0\0\0\20\0\0\0\10\0\0\0\4\0\0\0\10\0\0\0\0\0\0\0", iov_len=168}], msg_iovlen=1, msg_control=[{cmsg_len=20, cmsg_level=SOL_SOCKET, cmsg_type=SCM_RIGHTS, cmsg_data=[84]}], msg_controllen=20, msg_flags=0}, MSG_NOSIGNAL <unfinished ...>
10509 <... sendto resumed>)             = 848
10530 <... sendmsg resumed>)            = 168
10579 connect(18, {sa_family=AF_INET6, sin6_port=htons(443), sin6_flowinfo=htonl(0), inet_pton(AF_INET6, "2001:4860:4860::8888", &sin6_addr), sin6_scope_id=0}, 28 <unfinished ...>
10509 sendto(36, "\20\0\0\08\1\0\0001\313\22s\0\0\0\0\30\0\24\0\0\0\0\0+\0\0\0\0\0\0\0\0\0\0\0\0\0\0\0H\0\0\0\0\0\0\0\\\0\0\0\0\0\0\0\3\0\0\0\0\0\0\0\0\0\0\0\1\0\0\0\377\377\377\377\377\377\377\377\0\0\0\0\0\0\0\0`\0\0\0\260\0\0\0\300\0\0\0\0\0\0\0\0\0\0\0\0\0\0\0P\0\0\0H\0\0\08\0\0\0\3\0\0\0\0\0\0\0\36\16\375*\0\0\0\0`\370\267\220\0\0\0\0\0\0\0\0\30\0\0\0\0\0\0\0\0\0\0\0\0\0\0\0\0\0\0\0\0\0\0\0\20\0\0\0\0\0\0\0\0\0\0\0\0\0\0\0\20\0\0\0\1\0\0\0\0\0\0\0\0\0\0\0h\0\0\0\1\0\0\0\0\0\0\0\0\0\0\0u\0\0\0\0\0\0\0\0\0\0\0\0\0\0\0\200\20\0\0@\0\0\0v\0\0\0\0\0\0\0"..., 312, MSG_NOSIGNAL, NULL, 0 <unfinished ...>
10579 <... connect resumed>)            = -1 ENETUNREACH (Network is unreachable)
10567 recvmsg(14, {msg_name=NULL, msg_namelen=0, msg_iov=[{iov_base="\20\0\1\0\250\0\0\0\351\312\22s\0\0\0\0\30\0\24\0\0\0\0\0\37\0\0\0\0\0\0\0p\0\0\0\0\0\0\0H\0\0\0\0\0\0\0.\0\0\0\0\0\0\0\17\0\0\0\0\0\0\0\0\0\0\0\1\0\0\0\0\0\0\0\0\0\0\0\0z\1\0\0\1\0\0\0\0\0\0`\0\0\0\0\0\0\0\0\0\0\0\0\0\0\0\1\0\0\0\20\0\0\0\1\0\0\0\1\0\0\0\0\0\0\0\20\0\0\0\1\0\0\0\200\0\0\0\0\0\1\0\30\0\0\0\20\0\0\0\10\0\0\0\4\0\0\0\10\0\0\0\0\0\0\0", iov_len=4096}], msg_iovlen=1, msg_control=[{cmsg_len=20, cmsg_level=SOL_SOCKET, cmsg_type=SCM_RIGHTS, cmsg_data=[23]}], msg_controllen=24, msg_flags=0}, MSG_DONTWAIT) = 168
10509 <... sendto resumed>)             = 312
10509 sendto(36, "\20\0\0\08\1\0\0\266\313\22s\0\0\0\0\30\0\24\0\0\0\0\0,\0\0\0\0\0\0\0\0\0\0\0\0\0\0\0H\0\0\0\0\0\0\0v\0\0\0\0\0\0\0\0\0\0\0\0\0\0\0\0\0\0\0\1\0\0\0\377\377\377\377\377\377\377\377\0\0\0\0\0\0\0\0`\0\0\0\260\0\0\0\300\0\0\0\0\0\0\0\0\0\0\0\0\0\0\0P\0\0\0H\0\0\08\0\0\0\3\0\0\0\0\0\0\0\340G\206j\0\0\0\0a\370\267\220\0\0\0\0\0\0\0\0\30\0\0\0\0\0\0\0\0\0\0\0\0\0\0\0\0\0\0\0\0\0\0\0\20\0\0\0\0\0\0\0\0\0\0\0\0\0\0\0\20\0\0\0\1\0\0\0\0\0\0\0\0\0\0\0h\0\0\0\1\0\0\0\0\0\0\0\0\0\0\0w\0\0\0\0\0\0\0\0\0\0\0\0\0\0\0\300\20\0\0@\0\0\0x\0\0\0\0\0\0\0"..., 312, MSG_NOSIGNAL, NULL, 0) = 312
10509 sendto(36, "\20\0\0\0\300\2\0\0\377\313\22s\0\0\0\0\30\0\24\0\0\0\0\0-\0\0\0\0\0\0\0\0\0\0\0\0\0\0\0H\0\0\0\0\0\0\0\\\0\0\0\0\0\0\0\4\0\0\0\0\0\0\0\0\0\0\0\1\0\0\0\377\377\377\377\377\377\377\377\0\0\0\0\0\0\0\0`\0\0\0\0\0\0\0\0\0\0\0\0\0\0\0\0\0\0\0\0\0\0\0P\2\0\0H\2\0\08\0\0\0\3\0\0\0\0\0\0\0MgUX\1\0\0\0Y\370\267\220\2\0\0\0\0\0\0\0\30\0\0\0\0\0\0\0\0\0\0\0\0\0\0\0\0\0\0\0\0\0\0\0 \0\0\0\0\0\0\0\30\0\0\0\0\0\0\0x\0\0\0\0\0\0\0(\1\0\0\0\0\0\0(\0\0\0\0\0\0\0 \0\0\0\0\0\0\0000\0\0\0\0\0\0\0\0\0\0\0\0\0\0\0\0\0\0\0\0\0\0\0\30\0\0\0\20\0\0\0"..., 704, MSG_NOSIGNAL, NULL, 0) = 704
10509 sendto(36, "\20\0\0\0\300\2\0\0?\314\22s\0\0\0\0\30\0\24\0\0\0\0\0.\0\0\0\0\0\0\0\0\0\0\0\0\0\0\0H\0\0\0\0\0\0\0\\\0\0\0\0\0\0\0\5\0\0\0\0\0\0\0\0\0\0\0\1\0\0\0\377\377\377\377\377\377\377\377\0\0\0\0\0\0\0\0`\0\0\0\0\0\0\0\0\0\0\0\0\0\0\0\0\0\0\0\0\0\0\0P\2\0\0H\2\0\08\0\0\0\3\0\0\0\0\0\0\0MgUX\1\0\0\0_\370\267\220\3\0\0\0\0\0\0\0\30\0\0\0\0\0\0\0\0\0\0\0\0\0\0\0\0\0\0\0\0\0\0\0 \0\0\0\0\0\0\0\30\0\0\0\0\0\0\0x\0\0\0\0\0\0\0(\1\0\0\0\0\0\0(\0\0\0\0\0\0\0 \0\0\0\0\0\0\0000\0\0\0\0\0\0\0\0\0\0\0\0\0\0\0\0\0\0\0\0\0\0\0\30\0\0\0\20\0\0\0"..., 704, MSG_NOSIGNAL, NULL, 0 <unfinished ...>
10579 socket(AF_INET, SOCK_DGRAM, IPPROTO_IP) = 18
10509 <... sendto resumed>)             = 704
10509 sendto(36, "\20\0\0\0\300\2\0\0\260\314\22s\0\0\0\0\30\0\24\0\0\0\0\0/\0\0\0\0\0\0\0\0\0\0\0\0\0\0\0H\0\0\0\0\0\0\0\\\0\0\0\0\0\0\0\6\0\0\0\0\0\0\0\0\0\0\0\1\0\0\0\377\377\377\377\377\377\377\377\0\0\0\0\0\0\0\0`\0\0\0\0\0\0\0\0\0\0\0\0\0\0\0\0\0\0\0\0\0\0\0P\2\0\0H\2\0\08\0\0\0\3\0\0\0\0\0\0\0MgUX\1\0\0\0\\\370\267\220\4\0\0\0\0\0\0\0\30\0\0\0\0\0\0\0\0\0\0\0\0\0\0\0\0\0\0\0\0\0\0\0 \0\0\0\0\0\0\0\30\0\0\0\0\0\0\0x\0\0\0\0\0\0\0(\1\0\0\0\0\0\0(\0\0\0\0\0\0\0 \0\0\0\0\0\0\0000\0\0\0\0\0\0\0\0\0\0\0\0\0\0\0\0\0\0\0\0\0\0\0\30\0\0\0\20\0\0\0"..., 704, MSG_NOSIGNAL, NULL, 0) = 704
10579 bind(18, {sa_family=AF_INET, sin_port=htons(7804), sin_addr=inet_addr("0.0.0.0")}, 16 <unfinished ...>
10509 sendto(36, "\20\0\0\0\300\2\0\0\367\314\22s\0\0\0\0\30\0\24\0\0\0\0\0000\0\0\0\0\0\0\0\0\0\0\0\0\0\0\0H\0\0\0\0\0\0\0\\\0\0\0\0\0\0\0\7\0\0\0\0\0\0\0\0\0\0\0\1\0\0\0\377\377\377\377\377\377\377\377\0\0\0\0\0\0\0\0`\0\0\0\0\0\0\0\0\0\0\0\0\0\0\0\0\0\0\0\0\0\0\0P\2\0\0H\2\0\08\0\0\0\3\0\0\0\0\0\0\0MgUX\1\0\0\0]\370\267\220\5\0\0\0\0\0\0\0\30\0\0\0\0\0\0\0\0\0\0\0\0\0\0\0\0\0\0\0\0\0\0\0 \0\0\0\0\0\0\0\30\0\0\0\0\0\0\0x\0\0\0\0\0\0\0(\1\0\0\0\0\0\0(\0\0\0\0\0\0\0 \0\0\0\0\0\0\0000\0\0\0\0\0\0\0\0\0\0\0\0\0\0\0\0\0\0\0\0\0\0\0\30\0\0\0\20\0\0\0"..., 704, MSG_NOSIGNAL, NULL, 0 <unfinished ...>
10579 <... bind resumed>)               = 0
10509 <... sendto resumed>)             = 704
10579 connect(18, {sa_family=AF_INET, sin_port=htons(53), sin_addr=inet_addr("127.0.0.53")}, 16 <unfinished ...>
10509 sendto(36, "\20\0\0\0\300\2\0\0V\315\22s\0\0\0\0\30\0\24\0\0\0\0\0001\0\0\0\0\0\0\0\0\0\0\0\0\0\0\0H\0\0\0\0\0\0\0\\\0\0\0\0\0\0\0\10\0\0\0\0\0\0\0\0\0\0\0\1\0\0\0\377\377\377\377\377\377\377\377\0\0\0\0\0\0\0\0`\0\0\0\0\0\0\0\0\0\0\0\0\0\0\0\0\0\0\0\0\0\0\0P\2\0\0H\2\0\08\0\0\0\3\0\0\0\0\0\0\0MgUX\1\0\0\0R\370\267\220\6\0\0\0\0\0\0\0\30\0\0\0\0\0\0\0\0\0\0\0\0\0\0\0\0\0\0\0\0\0\0\0 \0\0\0\0\0\0\0\30\0\0\0\0\0\0\0x\0\0\0\0\0\0\0(\1\0\0\0\0\0\0(\0\0\0\0\0\0\0 \0\0\0\0\0\0\0000\0\0\0\0\0\0\0\0\0\0\0\0\0\0\0\0\0\0\0\0\0\0\0\30\0\0\0\20\0\0\0"..., 704, MSG_NOSIGNAL, NULL, 0 <unfinished ...>
10579 <... connect resumed>)            = 0
10567 sendto(14, "\20\0\0\0p\0\0\0e\315\22s\0\0\0\0\30\0\24\0\0\0\0\0#\0\0\0\0\0\0\0\0\0\0\0\0\0\0\0H\0\0\0\0\0\0\0.\0\0\0\0\0\0\0\20\0\0\0\0\0\0\0\0\0\0\0\1\0\0\0\0\0\0\0\0\0\0\0\0z\1\0\0\1\0\0\0\0\0\0\0\0\0\0\0\0\0\0\0\0\0\0\0\0\0\0\0\0\0\0", 112, MSG_NOSIGNAL, NULL, 0 <unfinished ...>
10579 getsockname(18,  <unfinished ...>
10509 <... sendto resumed>)             = 704
10579 <... getsockname resumed>{sa_family=AF_INET, sin_port=htons(7804), sin_addr=inet_addr("127.0.0.1")}, [128 => 16]) = 0
10567 <... sendto resumed>)             = 112
10509 sendto(36, "\20\0\0\0\300\2\0\0\246\315\22s\0\0\0\0\30\0\24\0\0\0\0\0002\0\0\0\0\0\0\0\0\0\0\0\0\0\0\0H\0\0\0\0\0\0\0\\\0\0\0\0\0\0\0\t\0\0\0\0\0\0\0\0\0\0\0\1\0\0\0\377\377\377\377\377\377\377\377\0\0\0\0\0\0\0\0`\0\0\0\0\0\0\0\0\0\0\0\0\0\0\0\0\0\0\0\0\0\0\0P\2\0\0H\2\0\08\0\0\0\3\0\0\0\0\0\0\0MgUX\1\0\0\0S\370\267\220\7\0\0\0\0\0\0\0\30\0\0\0\0\0\0\0\0\0\0\0\0\0\0\0\0\0\0\0\0\0\0\0 \0\0\0\0\0\0\0\30\0\0\0\0\0\0\0x\0\0\0\0\0\0\0(\1\0\0\0\0\0\0(\0\0\0\0\0\0\0 \0\0\0\0\0\0\0000\0\0\0\0\0\0\0\0\0\0\0\0\0\0\0\0\0\0\0\0\0\0\0\30\0\0\0\20\0\0\0"..., 704, MSG_NOSIGNAL, NULL, 0 <unfinished ...>
10579 sendto(18, "\233Y\1\0\0\1\0\0\0\0\0\0\10clients2\6google\3com\0\0A\0\1", 37, 0, NULL, 0 <unfinished ...>
10533 recvmsg(44,  <unfinished ...>
10509 <... sendto resumed>)             = 704
10533 <... recvmsg resumed>{msg_name=NULL, msg_namelen=0, msg_iov=[{iov_base="\20\0\0\0p\0\0\0e\315\22s\0\0\0\0\30\0\24\0\0\0\0\0#\0\0\0\0\0\0\0\0\0\0\0\0\0\0\0H\0\0\0\0\0\0\0.\0\0\0\0\0\0\0\20\0\0\0\0\0\0\0\0\0\0\0\1\0\0\0\0\0\0\0\0\0\0\0\0z\1\0\0\1\0\0\0\0\0\0\0\0\0\0\0\0\0\0\0\0\0\0\0\0\0\0\0\0\0\0", iov_len=4096}], msg_iovlen=1, msg_controllen=0, msg_flags=0}, MSG_DONTWAIT) = 112
10509 sendto(36, "\20\0\0\08\1\0\0\3\316\22s\0\0\0\0\30\0\24\0\0\0\0\0003\0\0\0\0\0\0\0\0\0\0\0\0\0\0\0H\0\0\0\0\0\0\0\\\0\0\0\0\0\0\0\n\0\0\0\0\0\0\0\0\0\0\0\1\0\0\0\377\377\377\377\377\377\377\377\0\0\0\0\0\0\0\0`\0\0\0\260\0\0\0\300\0\0\0\0\0\0\0\0\0\0\0\0\0\0\0P\0\0\0H\0\0\08\0\0\0\3\0\0\0\0\0\0\0\36\16\375*\0\0\0\0P\370\267\220\0\0\0\0\0\0\0\0\30\0\0\0\0\0\0\0\0\0\0\0\0\0\0\0\0\0\0\0\0\0\0\0\20\0\0\0\0\0\0\0\0\0\0\0\0\0\0\0\20\0\0\0\1\0\0\0\0\0\0\0\0\0\0\0h\0\0\0\1\0\0\0\0\0\0\0\0\0\0\0y\0\0\0\0\0\0\0\0\0\0\0\0\0\0\0\0\21\0\0@\0\0\0z\0\0\0\0\0\0\0"..., 312, MSG_NOSIGNAL, NULL, 0 <unfinished ...>
10579 <... sendto resumed>)             = 37
10509 <... sendto resumed>)             = 312
10509 sendto(36, "\20\0\0\0x\1\0\0K\316\22s\0\0\0\0\30\0\24\0\0\0\0\0004\0\0\0\0\0\0\0\0\0\0\0\0\0\0\0H\0\0\0\0\0\0\0z\0\0\0\0\0\0\0\0\0\0\0\0\0\0\0\0\0\0\0\1\0\0\0\377\377\377\377\377\377\377\377\0\0\0\0\0\0\0\0`\0\0\0\360\0\0\0\0\1\0\0\0\0\0\0\0\0\0\0\0\0\0\0\220\0\0\0\210\0\0\08\0\0\0\3\0\0\0\0\0\0\0005^\236p\0\0\0\0Q\370\267\220\0\0\0\0\0\0\0\0\30\0\0\0\0\0\0\0\0\0\0\0\0\0\0\0\0\0\0\0\0\0\0\0 \0\0\0\0\0\0\0\30\0\0\0\0\0\0\0\0\0\0\0\0\0\0\0\0\0\0\0\0\0\0\0\20\0\0\0\0\0\0\0\10\0\0\0\0\0\0\0\33\0\0\0\23\0\0\0https://google.com/\0\0\0\0\0"..., 376, MSG_NOSIGNAL, NULL, 0) = 376
10579 recvmsg(18,  <unfinished ...>
10509 sendto(36, "\20\0\0\0\300\0\0\0\177\316\22s\0\0\0\0\30\0\24\0\0\0\0\0005\0\0\0\0\0\0\0\0\0\0\0\0\0\0\0H\0\0\0\0\0\0\0\\\0\0\0\0\0\0\0\v\0\0\0\0\0\0\0\0\0\0\0\1\0\0\0\377\377\377\377\377\377\377\377\0\0\0\0\0\0\0\0`\0\0\0\0\0\0\0\0\0\0\0\0\0\0\0\0\0\0\0\0\0\0\0P\0\0\0H\0\0\08\0\0\0\3\0\0\0\0\0\0\0\345\274\5\4\0\0\0\0T\370\267\220\0\0\0\0\0\0\0\0\30\0\0\0\0\0\0\0\0\0\0\0\0\0\0\0\0\0\0\0\0\0\0\0\20\0\0\0\0\0\0\0\2\0\0\0\0\0\0\0", 192, MSG_NOSIGNAL, NULL, 0 <unfinished ...>
10579 <... recvmsg resumed>{msg_namelen=128}, 0) = -1 ECONNREFUSED (Connection refused)
10509 <... sendto resumed>)             = 192
10579 socket(AF_INET, SOCK_DGRAM, IPPROTO_IP <unfinished ...>
10509 sendto(36, "\20\0\0\0\300\0\0\0\316\316\22s\0\0\0\0\30\0\24\0\0\0\0\0006\0\0\0\0\0\0\0\0\0\0\0\0\0\0\0H\0\0\0\0\0\0\0j\0\0\0\0\0\0\0\0\0\0\0\0\0\0\0\0\0\0\0\1\0\0\0\377\377\377\377\377\377\377\377\0\0\0\0\0\0\0\0`\0\0\0\0\0\0\0\0\0\0\0\0\0\0\0\0\0\0\0\0\0\0\0P\0\0\0H\0\0\08\0\0\0\3\0\0\0\0\0\0\0\306\2779g\0\0\0\0k\370\267\220\0\0\0\0\0\0\0\0\30\0\0\0\0\0\0\0\0\0\0\0\0\0\0\0\0\0\0\0\0\0\0\0\20\0\0\0\0\0\0\0\1\0\0\0\0\0\0\0", 192, MSG_NOSIGNAL, NULL, 0 <unfinished ...>
10579 <... socket resumed>)             = 19
10529 openat(AT_FDCWD, "/tmp/playwright_chromiumdev_profile-pi0Vs8/Default/Local Storage/leveldb", O_RDONLY|O_NONBLOCK|O_CLOEXEC|O_DIRECTORY <unfinished ...>
10509 <... sendto resumed>)             = 192
10529 <... openat resumed>)             = 84
10579 bind(19, {sa_family=AF_INET, sin_port=htons(5266), sin_addr=inet_addr("0.0.0.0")}, 16) = 0
10579 connect(19, {sa_family=AF_INET, sin_port=htons(53), sin_addr=inet_addr("127.0.0.53")}, 16) = 0
10579 getsockname(19, {sa_family=AF_INET, sin_port=htons(5266), sin_addr=inet_addr("127.0.0.1")}, [128 => 16]) = 0
10579 sendto(19, "E\203\1\0\0\1\0\0\0\0\0\0\10clients2\6google\3com\0\0A\0\1", 37, 0, NULL, 0) = 37
10579 recvmsg(19, {msg_namelen=128}, 0) = -1 ECONNREFUSED (Connection refused)
10579 socket(AF_INET, SOCK_DGRAM, IPPROTO_IP) = 20
10579 bind(20, {sa_family=AF_INET, sin_port=htons(15022), sin_addr=inet_addr("0.0.0.0")}, 16 <unfinished ...>
10529 sendto(44, "\20\0\0\0p\0\0\0(\321\22s\0\0\0\0\30\0\24\0\0\0\0\0 \0\0\0\0\0\0\0\0\0\0\0\0\0\0\0H\0\0\0\0\0\0\0.\0\0\0\0\0\0\0\20\0\0\0\0\0\0\0\0\0\0\0\1\0\0\0\0\0\0\0\0\0\0\0\0\202\1\0\0\2\0\0\0\0\0\0\0\0\0\0\0\0\0\0\0\0\0\0\0\0\0\0\0\0\0\0", 112, MSG_NOSIGNAL, NULL, 0 <unfinished ...>
10579 <... bind resumed>)               = 0
10579 connect(20, {sa_family=AF_INET, sin_port=htons(53), sin_addr=inet_addr("127.0.0.53")}, 16 <unfinished ...>
10529 <... sendto resumed>)             = 112
10579 <... connect resumed>)            = 0
10567 recvmsg(14,  <unfinished ...>
10530 openat(AT_FDCWD, "/sys/devices/virtual/dmi/id/sys_vendor", O_RDONLY|O_CLOEXEC <unfinished ...>
10579 getsockname(20,  <unfinished ...>
10567 <... recvmsg resumed>{msg_name=NULL, msg_namelen=0, msg_iov=[{iov_base="\20\0\0\0p\0\0\0(\321\22s\0\0\0\0\30\0\24\0\0\0\0\0 \0\0\0\0\0\0\0\0\0\0\0\0\0\0\0H\0\0\0\0\0\0\0.\0\0\0\0\0\0\0\20\0\0\0\0\0\0\0\0\0\0\0\1\0\0\0\0\0\0\0\0\0\0\0\0\202\1\0\0\2\0\0\0\0\0\0\0\0\0\0\0\0\0\0\0\0\0\0\0\0\0\0\0\0\0\0", iov_len=4096}], msg_iovlen=1, msg_controllen=0, msg_flags=0}, MSG_DONTWAIT) = 112
10579 <... getsockname resumed>{sa_family=AF_INET, sin_port=htons(15022), sin_addr=inet_addr("127.0.0.1")}, [128 => 16]) = 0
10530 <... openat resumed>)             = 84
10579 sendto(20, "O&\1\0\0\1\0\0\0\0\0\0\10clients2\6google\3com\0\0\1\0\1", 37, 0, NULL, 0) = 37
10579 recvmsg(20, {msg_namelen=128}, 0) = -1 ECONNREFUSED (Connection refused)
10579 socket(AF_INET, SOCK_DGRAM, IPPROTO_IP) = 21
10567 sendto(14, "\20\0\0\0p\0\0\0<\323\22s\0\0\0\0\30\0\24\0\0\0\0\0$\0\0\0\0\0\0\0\0\0\0\0\0\0\0\0H\0\0\0\0\0\0\0.\0\0\0\0\0\0\0\21\0\0\0\0\0\0\0\0\0\0\0\1\0\0\0\0\0\0\0\0\0\0\0\0z\1\0\0\1\0\0\0\0\0\0\0\0\0\0\0\0\0\0\0\0\0\0\0\0\0\0\0\0\0\0", 112, MSG_NOSIGNAL, NULL, 0) = 112
10579 bind(21, {sa_family=AF_INET, sin_port=htons(9650), sin_addr=inet_addr("0.0.0.0")}, 16 <unfinished ...>
10533 recvmsg(44,  <unfinished ...>
10579 <... bind resumed>)               = 0
10533 <... recvmsg resumed>{msg_name=NULL, msg_namelen=0, msg_iov=[{iov_base="\20\0\0\0p\0\0\0<\323\22s\0\0\0\0\30\0\24\0\0\0\0\0$\0\0\0\0\0\0\0\0\0\0\0\0\0\0\0H\0\0\0\0\0\0\0.\0\0\0\0\0\0\0\21\0\0\0\0\0\0\0\0\0\0\0\1\0\0\0\0\0\0\0\0\0\0\0\0z\1\0\0\1\0\0\0\0\0\0\0\0\0\0\0\0\0\0\0\0\0\0\0\0\0\0\0\0\0\0", iov_len=4096}], msg_iovlen=1, msg_controllen=0, msg_flags=0}, MSG_DONTWAIT) = 112
10530 openat(AT_FDCWD, "/sys/devices/virtual/dmi/id/product_name", O_RDONLY|O_CLOEXEC <unfinished ...>
10579 connect(21, {sa_family=AF_INET, sin_port=htons(53), sin_addr=inet_addr("127.0.0.53")}, 16 <unfinished ...>
10530 <... openat resumed>)             = 84
10579 <... connect resumed>)            = 0
10579 getsockname(21, {sa_family=AF_INET, sin_port=htons(9650), sin_addr=inet_addr("127.0.0.1")}, [128 => 16]) = 0
10579 sendto(21, "\330\346\1\0\0\1\0\0\0\0\0\0\10clients2\6google\3com\0\0\1\0\1", 37, 0, NULL, 0 <unfinished ...>
10532 openat(AT_FDCWD, "/tmp/playwright_chromiumdev_profile-pi0Vs8/Default/Local Storage/leveldb", O_RDONLY|O_NONBLOCK|O_CLOEXEC|O_DIRECTORY <unfinished ...>
10579 <... sendto resumed>)             = 37
10532 <... openat resumed>)             = 85
10579 recvmsg(21, {msg_namelen=128}, 0) = -1 ECONNREFUSED (Connection refused)
10579 recvmsg(5, {msg_name=NULL, msg_namelen=0, msg_iov=[{iov_base="\20\0\0\0\300\33\0\0l\311\22s\0\0\0\0\30\0\24\0\0\0\0\0'\0\0\0\0\0\0\0\0\0\0\0\0\0\0\0H\0\0\0\0\0\0\0\17\0\0\0\0\0\0\0\23\0\0\0\0\0\0\0\0\0\0\0\1\0\0\0\377\377\377\377\377\377\377\377\0\0\0\0\0\0\0\0`\0\0\0\270\27\0\0\350\27\0\0\0\0\0\0\0\0\0\0\0\0\0\0X\27\0\0P\27\0\08\0\0\0\3\0\0\0\0\0\0\0W\n&\17\0\0\0\0\234\370\267\220\0\0\0\0\0\0\0\0\30\0\0\0\0\0\0\0\0\0\0\0\0\0\0\0\0\0\0\0\0\0\0\0\30\0\0\0\0\0\0\0\0\0\0\0\0\0\0\0\10\0\0\0\0\0\0\0\30\1\0\0\0\0\0\0\20\1\0\0\0\0\0\0\200\1\0\0\0\0\0\0\337\7\r\0\1\0\0\0\0\0\0\0\0\0\0\0\377\377\377\377\0\0\0\0\377\377\377\377\0\0\0\0"..., iov_len=4096}], msg_iovlen=1, msg_controllen=0, msg_flags=0}, MSG_DONTWAIT) = 4096
10579 recvmsg(5, {msg_name=NULL, msg_namelen=0, msg_iov=[{iov_base="P\0\0\0\0\0\0\0\0\0\0\0\0\0\0\0P\0\0\0\0\0\0\0\0\0\0\0\0\0\0\0\20\0\0\0\0\0\0\0\0\0\0\0\0\0\0\0\20\0\0\0\0\0\0\0\0\0\0\0\0\0\0\0\20\0\0\0\0\0\0\0\0\0\0\0\0\0\0\0\20\0\0\0\0\0\0\0\0\0\0\0\0\0\0\0\20\0\0\0\0\0\0\0\0\0\0\0\0\0\0\0\20\0\0\0\1\0\0\0\10\0\0\0\0\0\0\0\16\0\0\0\6\0\0\0chrome\0\0\20\0\0\0\1\0\0\0\10\0\0\0\0\0\0\0(\0\0\0\0\0\0\0 \0\0\0\0\0\0\0000\0\0\0\0\0\0\0\0\0\0\0\0\0\0\0\0\0\0\0\0\0\0\0\30\0\0\0\20\0\0\0chrome-untrusted\f\0\0\0\4\0\0\0lens\0\0\0\0\10\0\0\0\0\0\0\0\30\0\0\0\2\0\0\0"..., iov_len=3008}], msg_iovlen=1, msg_controllen=0, msg_flags=0}, MSG_DONTWAIT) = 3008
10532 sendto(44, "\20\0\0\0p\0\0\0F\327\22s\0\0\0\0\30\0\24\0\0\0\0\0!\0\0\0\0\0\0\0\0\0\0\0\0\0\0\0H\0\0\0\0\0\0\0.\0\0\0\0\0\0\0\21\0\0\0\0\0\0\0\0\0\0\0\1\0\0\0\0\0\0\0\0\0\0\0\0\202\1\0\0\2\0\0\0\0\0\0\0\0\0\0\0\0\0\0\0\0\0\0\0\0\0\0\0\0\0\0", 112, MSG_NOSIGNAL, NULL, 0 <unfinished ...>
10559 sendto(5, "\20\0\0\0000\1\0\0n\327\22s\0\0\0\0\30\0\24\0\0\0\0\0\33\0\0\0\0\0\0\0\0\0\0\0\0\0\0\0H\0\0\0\0\0\0\0-\0\0\0\0\0\0\0\2\0\0\0\0\0\0\0\0\0\0\0\1\0\0\0\377\377\377\377\377\377\377\377\0\0\0\0\0\0\0\0`\0\0\0\0\0\0\0\0\0\0\0\0\0\0\0\0\0\0\0\0\0\0\0\300\0\0\0\270\0\0\08\0\0\0\3\0\0\0\0\0\0\0\\_UU\0\0\0\0\326\231~?\0\0\0\0\0\0\0\0\30\0\0\0\0\0\0\0\0\0\0\0\0\0\0\0\0\0\0\0\0\0\0\0\20\0\0\0\0\0\0\0\10\0\0\0\0\0\0\0\20\0\0\0\1\0\0\0\10\0\0\0\0\0\0\0 \0\0\0\0\0\0\0\351wc\315\0\0\0\0\20\0\0\0\0\0\0\0000\0\0\0\0\0\0\0%\0\0\0\35\0\0\0SharedDi"..., 304, MSG_NOSIGNAL, NULL, 0) = 304
10532 <... sendto resumed>)             = 112
10567 recvmsg(14,  <unfinished ...>
10533 recvmsg(36,  <unfinished ...>
10567 <... recvmsg resumed>{msg_name=NULL, msg_namelen=0, msg_iov=[{iov_base="\20\0\0\0p\0\0\0F\327\22s\0\0\0\0\30\0\24\0\0\0\0\0!\0\0\0\0\0\0\0\0\0\0\0\0\0\0\0H\0\0\0\0\0\0\0.\0\0\0\0\0\0\0\21\0\0\0\0\0\0\0\0\0\0\0\1\0\0\0\0\0\0\0\0\0\0\0\0\202\1\0\0\2\0\0\0\0\0\0\0\0\0\0\0\0\0\0\0\0\0\0\0\0\0\0\0\0\0\0", iov_len=4096}], msg_iovlen=1, msg_controllen=0, msg_flags=0}, MSG_DONTWAIT) = 112
10533 <... recvmsg resumed>{msg_name=NULL, msg_namelen=0, msg_iov=[{iov_base="\20\0\0\0000\1\0\0n\327\22s\0\0\0\0\30\0\24\0\0\0\0\0\33\0\0\0\0\0\0\0\0\0\0\0\0\0\0\0H\0\0\0\0\0\0\0-\0\0\0\0\0\0\0\2\0\0\0\0\0\0\0\0\0\0\0\1\0\0\0\377\377\377\377\377\377\377\377\0\0\0\0\0\0\0\0`\0\0\0\0\0\0\0\0\0\0\0\0\0\0\0\0\0\0\0\0\0\0\0\300\0\0\0\270\0\0\08\0\0\0\3\0\0\0\0\0\0\0\\_UU\0\0\0\0\326\231~?\0\0\0\0\0\0\0\0\30\0\0\0\0\0\0\0\0\0\0\0\0\0\0\0\0\0\0\0\0\0\0\0\20\0\0\0\0\0\0\0\10\0\0\0\0\0\0\0\20\0\0\0\1\0\0\0\10\0\0\0\0\0\0\0 \0\0\0\0\0\0\0\351wc\315\0\0\0\0\20\0\0\0\0\0\0\0000\0\0\0\0\0\0\0%\0\0\0\35\0\0\0SharedDi"..., iov_len=4096}], msg_iovlen=1, msg_controllen=0, msg_flags=0}, MSG_DONTWAIT) = 304
10579 sendto(5, "\20\0\0\0\240\1\0\0\271\330\22s\0\0\0\0\30\0\24\0\0\0\0\0\34\0\0\0\0\0\0\0\0\0\0\0\0\0\0\0H\0\0\0\0\0\0\0e\0\0\0\0\0\0\0\0\0\0\0\0\0\0\0\0\0\0\0\1\0\0\0\377\377\377\377\377\377\377\377\0\0\0\0\0\0\0\0`\0\0\0\270\0\0\0\310\0\0\0\0\0\0\0\0\0\0\0\0\0\0\0X\0\0\0P\0\0\08\0\0\0\3\0\0\0\0\0\0\0S\17%i\0\0\0\0\327\231~?\0\0\0\0\0\0\0\0\30\0\0\0\0\0\0\0\0\0\0\0\0\0\0\0\0\0\0\0\0\0\0\0\30\0\0\0\0\0\0\0\0\0\0\0\0\0\0\0\1\0\0\0\0\0\0\0\20\0\0\0\2\0\0\0\0\0\0\0\0\0\0\0\310\0\0\0\2\0\0\0\0\0\0\0\0\0\0\0}\0\0\0\0\0\0\0\0\0\0\0\0\0\0\0\200\21\0\0@\0\0\0"..., 416, MSG_NOSIGNAL, NULL, 0) = 416
10533 recvmsg(36, {msg_name=NULL, msg_namelen=0, msg_iov=[{iov_base="\20\0\0\0\240\1\0\0\271\330\22s\0\0\0\0\30\0\24\0\0\0\0\0\34\0\0\0\0\0\0\0\0\0\0\0\0\0\0\0H\0\0\0\0\0\0\0e\0\0\0\0\0\0\0\0\0\0\0\0\0\0\0\0\0\0\0\1\0\0\0\377\377\377\377\377\377\377\377\0\0\0\0\0\0\0\0`\0\0\0\270\0\0\0\310\0\0\0\0\0\0\0\0\0\0\0\0\0\0\0X\0\0\0P\0\0\08\0\0\0\3\0\0\0\0\0\0\0S\17%i\0\0\0\0\327\231~?\0\0\0\0\0\0\0\0\30\0\0\0\0\0\0\0\0\0\0\0\0\0\0\0\0\0\0\0\0\0\0\0\30\0\0\0\0\0\0\0\0\0\0\0\0\0\0\0\1\0\0\0\0\0\0\0\20\0\0\0\2\0\0\0\0\0\0\0\0\0\0\0\310\0\0\0\2\0\0\0\0\0\0\0\0\0\0\0}\0\0\0\0\0\0\0\0\0\0\0\0\0\0\0\200\21\0\0@\0\0\0"..., iov_len=4096}], msg_iovlen=1, msg_controllen=0, msg_flags=0}, MSG_DONTWAIT) = 416
10567 sendto(14, "\20\0\0\0p\0\0\0\261\331\22s\0\0\0\0\30\0\24\0\0\0\0\0%\0\0\0\0\0\0\0\0\0\0\0\0\0\0\0H\0\0\0\0\0\0\0.\0\0\0\0\0\0\0\22\0\0\0\0\0\0\0\0\0\0\0\1\0\0\0\0\0\0\0\0\0\0\0\0z\1\0\0\1\0\0\0\0\0\0\0\0\0\0\0\0\0\0\0\0\0\0\0\0\0\0\0\0\0\0", 112, MSG_NOSIGNAL, NULL, 0) = 112
10533 recvmsg(44, {msg_name=NULL, msg_namelen=0, msg_iov=[{iov_base="\20\0\0\0p\0\0\0\261\331\22s\0\0\0\0\30\0\24\0\0\0\0\0%\0\0\0\0\0\0\0\0\0\0\0\0\0\0\0H\0\0\0\0\0\0\0.\0\0\0\0\0\0\0\22\0\0\0\0\0\0\0\0\0\0\0\1\0\0\0\0\0\0\0\0\0\0\0\0z\1\0\0\1\0\0\0\0\0\0\0\0\0\0\0\0\0\0\0\0\0\0\0\0\0\0\0\0\0\0", iov_len=4096}], msg_iovlen=1, msg_controllen=0, msg_flags=0}, MSG_DONTWAIT) = 112
10578 openat(AT_FDCWD, "/tmp/playwright_chromiumdev_profile-pi0Vs8/Default/Shared Dictionary/cache/index", O_RDONLY) = -1 ENOENT (No such file or directory)
10578 openat(AT_FDCWD, "/tmp/playwright_chromiumdev_profile-pi0Vs8/Default/Shared Dictionary/cache/index", O_WRONLY|O_CREAT|O_EXCL, 0600) = 22
10579 openat(AT_FDCWD, "/proc/self/stat", O_RDONLY|O_CLOEXEC) = 23
10530 openat(AT_FDCWD, "/tmp/playwright_chromiumdev_profile-pi0Vs8/Default/Local Storage/leveldb/000003.log", O_WRONLY|O_CREAT|O_TRUNC, 0600) = 84
10530 sendmsg(44, {msg_name=NULL, msg_namelen=0, msg_iov=[{iov_base="\20\0\1\0\250\0\0\0$\334\22s\0\0\0\0\30\0\24\0\0\0\0\0\"\0\0\0\0\0\0\0p\0\0\0\0\0\0\0H\0\0\0\0\0\0\0.\0\0\0\0\0\0\0\22\0\0\0\0\0\0\0\0\0\0\0\1\0\0\0\0\0\0\0\0\0\0\0\0|\1\0\0\1\0\0\0\0\0\0`\0\0\0\0\0\0\0\0\0\0\0\0\0\0\0\1\0\0\0\20\0\0\0\1\0\0\0\1\0\0\0\0\0\0\0\20\0\0\0\1\0\0\0\200\0\0\0\0\0\1\0\30\0\0\0\20\0\0\0\10\0\0\0\4\0\0\0\10\0\0\0\0\0\0\0", iov_len=168}], msg_iovlen=1, msg_control=[{cmsg_len=20, cmsg_level=SOL_SOCKET, cmsg_type=SCM_RIGHTS, cmsg_data=[84]}], msg_controllen=20, msg_flags=0}, MSG_NOSIGNAL) = 168
10567 recvmsg(14, {msg_name=NULL, msg_namelen=0, msg_iov=[{iov_base="\20\0\1\0\250\0\0\0$\334\22s\0\0\0\0\30\0\24\0\0\0\0\0\"\0\0\0\0\0\0\0p\0\0\0\0\0\0\0H\0\0\0\0\0\0\0.\0\0\0\0\0\0\0\22\0\0\0\0\0\0\0\0\0\0\0\1\0\0\0\0\0\0\0\0\0\0\0\0|\1\0\0\1\0\0\0\0\0\0`\0\0\0\0\0\0\0\0\0\0\0\0\0\0\0\1\0\0\0\20\0\0\0\1\0\0\0\1\0\0\0\0\0\0\0\20\0\0\0\1\0\0\0\200\0\0\0\0\0\1\0\30\0\0\0\20\0\0\0\10\0\0\0\4\0\0\0\10\0\0\0\0\0\0\0", iov_len=4096}], msg_iovlen=1, msg_control=[{cmsg_len=20, cmsg_level=SOL_SOCKET, cmsg_type=SCM_RIGHTS, cmsg_data=[24]}], msg_controllen=24, msg_flags=0}, MSG_DONTWAIT) = 168
10580 openat(AT_FDCWD, "/tmp/playwright_chromiumdev_profile-pi0Vs8/Default/Shared Dictionary/db", O_RDWR|O_CREAT|O_NOFOLLOW|O_CLOEXEC, 0600 <unfinished ...>
10582 openat(AT_FDCWD, "/tmp/playwright_chromiumdev_profile-pi0Vs8/Default/Trust Tokens", O_RDWR|O_CREAT|O_NOFOLLOW|O_CLOEXEC, 0600 <unfinished ...>
10580 <... openat resumed>)             = 22
10582 <... openat resumed>)             = 24
10579 openat(AT_FDCWD, "/proc/stat", O_RDONLY|O_CLOEXEC) = 23
10509 sendto(36, "\20\0\0\0H\1\0\0U\336\22s\0\0\0\0\30\0\24\0\0\0\0\0007\0\0\0\0\0\0\0\0\0\0\0\0\0\0\0H\0\0\0\0\0\0\0[\0\0\0\0\0\0\0\f\0\0\0\0\0\0\0\0\0\0\0\1\0\0\0\0\0\0\0\0\0\0\0\0\230\1\0\0\4\0\0\0\0\0\0`\0\0\0p\0\0\0\0\0\0\0\0\0\0\0\0\0\0\0\20\0\0\0\2\0\0\0\0\0\0\0\0\0\0\0\310\0\0\0\2\0\0\0\0\0\0\0\0\0\0\0\201\0\0\0\0\0\0\0\0\0\0\0\0\0\0\0\0\22\0\0@\0\0\0\202\0\0\0\0\0\0\0\0\0\0\0\0\0\0\0\0\0\0\0\0\0\0\0\0\0\0\0\0\0\0\0\2\0\0\0\0\0\0\0\0\0\0\0\0\0\0\0\0\0\0\0\0\0\0\0\0\0\0\0\0\0\0\0\0\0\0\0\0\0\0\0\203\0\0\0\0\0\0\0\0\0\0\0\0\0\0\0"..., 328, MSG_NOSIGNAL, NULL, 0 <unfinished ...>
10567 sendto(14, "\20\0\0\0p\0\0\0]\336\22s\0\0\0\0\30\0\24\0\0\0\0\0&\0\0\0\0\0\0\0\0\0\0\0\0\0\0\0H\0\0\0\0\0\0\0.\0\0\0\0\0\0\0\23\0\0\0\0\0\0\0\0\0\0\0\1\0\0\0\0\0\0\0\0\0\0\0\0|\1\0\0\1\0\0\0\0\0\0\0\0\0\0\0\0\0\0\0\0\0\0\0\0\0\0\0\0\0\0", 112, MSG_NOSIGNAL, NULL, 0 <unfinished ...>
10509 <... sendto resumed>)             = 328
10567 <... sendto resumed>)             = 112
10509 sendto(36, "\20\0\0\0H\1\0\0\237\336\22s\0\0\0\0\30\0\24\0\0\0\0\08\0\0\0\0\0\0\0\0\0\0\0\0\0\0\0H\0\0\0\0\0\0\0\201\0\0\0\0\0\0\0\0\0\0\0\0\0\0\0\0\0\0\0\1\0\0\0\0\0\0\0\0\0\0\0\0\234\1\0\0\4\0\0\0\0\0\0`\0\0\0p\0\0\0\0\0\0\0\0\0\0\0\0\0\0\0\20\0\0\0\2\0\0\0\0\0\0\0\0\0\0\0\310\0\0\0\2\0\0\0\0\0\0\0\0\0\0\0\205\0\0\0\0\0\0\0\0\0\0\0\0\0\0\0\200\22\0\0@\0\0\0\206\0\0\0\0\0\0\0\0\0\0\0\0\0\0\0\0\0\0\0\0\0\0\0\0\0\0\0\0\0\0\0\2\0\0\0\0\0\0\0\0\0\0\0\0\0\0\0\0\0\0\0\0\0\0\0\0\0\0\0\0\0\0\0\0\0\0\0\0\0\0\0\207\0\0\0\0\0\0\0\0\0\0\0\0\0\0\0"..., 328, MSG_NOSIGNAL, NULL, 0 <unfinished ...>
10533 recvmsg(44,  <unfinished ...>
10509 <... sendto resumed>)             = 328
10533 <... recvmsg resumed>{msg_name=NULL, msg_namelen=0, msg_iov=[{iov_base="\20\0\0\0p\0\0\0]\336\22s\0\0\0\0\30\0\24\0\0\0\0\0&\0\0\0\0\0\0\0\0\0\0\0\0\0\0\0H\0\0\0\0\0\0\0.\0\0\0\0\0\0\0\23\0\0\0\0\0\0\0\0\0\0\0\1\0\0\0\0\0\0\0\0\0\0\0\0|\1\0\0\1\0\0\0\0\0\0\0\0\0\0\0\0\0\0\0\0\0\0\0\0\0\0\0\0\0\0", iov_len=4096}], msg_iovlen=1, msg_controllen=0, msg_flags=0}, MSG_DONTWAIT) = 112
10529 openat(AT_FDCWD, "/tmp/playwright_chromiumdev_profile-pi0Vs8/Default/Local Storage/leveldb", O_RDONLY|O_NONBLOCK|O_CLOEXEC|O_DIRECTORY) = 84
10578 openat(AT_FDCWD, "/tmp/playwright_chromiumdev_profile-pi0Vs8/Default/Network Persistent State", O_RDONLY|O_CLOEXEC) = -1 ENOENT (No such file or directory)
10509 sendto(44, "\20\0\0\0p\0\0\0\r\342\22s\0\0\0\0\30\0\24\0\0\0\0\0#\0\0\0\0\0\0\0\0\0\0\0\0\0\0\0H\0\0\0\0\0\0\0\32\0\0\0\0\0\0\0\0\0\0\0\0\0\0\0\0\0\0\0\1\0\0\0\0\0\0\0\0\0\0\0\0z\1\0\0\1\0\0\0\0\0\0\0\0\0\0\0\0\0\0\0\0\0\0\0\0\0\0\0\0\0\0", 112, MSG_NOSIGNAL, NULL, 0) = 112
10567 recvmsg(14,  <unfinished ...>
10578 openat(AT_FDCWD, "/tmp/playwright_chromiumdev_profile-pi0Vs8/Default/TransportSecurity", O_RDONLY|O_CLOEXEC <unfinished ...>
10567 <... recvmsg resumed>{msg_name=NULL, msg_namelen=0, msg_iov=[{iov_base="\20\0\0\0p\0\0\0\r\342\22s\0\0\0\0\30\0\24\0\0\0\0\0#\0\0\0\0\0\0\0\0\0\0\0\0\0\0\0H\0\0\0\0\0\0\0\32\0\0\0\0\0\0\0\0\0\0\0\0\0\0\0\0\0\0\0\1\0\0\0\0\0\0\0\0\0\0\0\0z\1\0\0\1\0\0\0\0\0\0\0\0\0\0\0\0\0\0\0\0\0\0\0\0\0\0\0\0\0\0", iov_len=4096}], msg_iovlen=1, msg_controllen=0, msg_flags=0}, MSG_DONTWAIT) = 112
10578 <... openat resumed>)             = -1 ENOENT (No such file or directory)
10579 sendto(5, "\20\0\0\0\320\0\0\0\333\342\22s\0\0\0\0\30\0\24\0\0\0\0\0\35\0\0\0\0\0\0\0\0\0\0\0\0\0\0\0H\0\0\0\0\0\0\0e\0\0\0\0\0\0\0\1\0\0\0\0\0\0\0\0\0\0\0\1\0\0\0\377\377\377\377\377\377\377\377\0\0\0\0\0\0\0\0`\0\0\0\0\0\0\0\0\0\0\0\0\0\0\0\0\0\0\0\0\0\0\0`\0\0\0X\0\0\08\0\0\0\3\0\0\0\0\0\0\0\20Y/V\0\0\0\0\324\231~?\0\0\0\0\0\0\0\0\30\0\0\0\0\0\0\0\0\0\0\0\0\0\0\0\0\0\0\0\0\0\0\0\20\0\0\0\0\0\0\0\10\0\0\0\0\0\0\0\20\0\0\0\0\0\0\0\0\0\0\0\0\0\0\0", 208, MSG_NOSIGNAL, NULL, 0) = 208
10533 recvmsg(36, {msg_name=NULL, msg_namelen=0, msg_iov=[{iov_base="\20\0\0\0\320\0\0\0\333\342\22s\0\0\0\0\30\0\24\0\0\0\0\0\35\0\0\0\0\0\0\0\0\0\0\0\0\0\0\0H\0\0\0\0\0\0\0e\0\0\0\0\0\0\0\1\0\0\0\0\0\0\0\0\0\0\0\1\0\0\0\377\377\377\377\377\377\377\377\0\0\0\0\0\0\0\0`\0\0\0\0\0\0\0\0\0\0\0\0\0\0\0\0\0\0\0\0\0\0\0`\0\0\0X\0\0\08\0\0\0\3\0\0\0\0\0\0\0\20Y/V\0\0\0\0\324\231~?\0\0\0\0\0\0\0\0\30\0\0\0\0\0\0\0\0\0\0\0\0\0\0\0\0\0\0\0\0\0\0\0\20\0\0\0\0\0\0\0\10\0\0\0\0\0\0\0\20\0\0\0\0\0\0\0\0\0\0\0\0\0\0\0", iov_len=4096}], msg_iovlen=1, msg_controllen=0, msg_flags=0}, MSG_DONTWAIT) = 208
10529 sendto(44, "\20\0\0\0p\0\0\0\246\343\22s\0\0\0\0\30\0\24\0\0\0\0\0$\0\0\0\0\0\0\0\0\0\0\0\0\0\0\0H\0\0\0\0\0\0\0.\0\0\0\0\0\0\0\23\0\0\0\0\0\0\0\0\0\0\0\1\0\0\0\0\0\0\0\0\0\0\0\0\202\1\0\0\2\0\0\0\0\0\0\0\0\0\0\0\0\0\0\0\0\0\0\0\0\0\0\0\0\0\0", 112, MSG_NOSIGNAL, NULL, 0) = 112
10567 recvmsg(14, {msg_name=NULL, msg_namelen=0, msg_iov=[{iov_base="\20\0\0\0p\0\0\0\246\343\22s\0\0\0\0\30\0\24\0\0\0\0\0$\0\0\0\0\0\0\0\0\0\0\0\0\0\0\0H\0\0\0\0\0\0\0.\0\0\0\0\0\0\0\23\0\0\0\0\0\0\0\0\0\0\0\1\0\0\0\0\0\0\0\0\0\0\0\0\202\1\0\0\2\0\0\0\0\0\0\0\0\0\0\0\0\0\0\0\0\0\0\0\0\0\0\0\0\0\0", iov_len=4096}], msg_iovlen=1, msg_controllen=0, msg_flags=0}, MSG_DONTWAIT) = 112
10530 openat(AT_FDCWD, "/tmp/playwright_chromiumdev_profile-pi0Vs8/Default/shared_proto_db/metadata/LOG", O_WRONLY|O_CREAT|O_TRUNC, 0600) = 84
10579 recvmsg(5, {msg_name=NULL, msg_namelen=0, msg_iov=[{iov_base="\20\0\0\0\310\0\0\0\7\312\22s\0\0\0\0\30\0\24\0\0\0\0\0(\0\0\0\0\0\0\0\0\0\0\0\0\0\0\0H\0\0\0\0\0\0\0\\\0\0\0\0\0\0\0\0\0\0\0\0\0\0\0\0\0\0\0\1\0\0\0\377\377\377\377\377\377\377\377\0\0\0\0\0\0\0\0`\0\0\0\0\0\0\0\0\0\0\0\0\0\0\0\0\0\0\0\0\0\0\0X\0\0\0P\0\0\08\0\0\0\3\0\0\0\0\0\0\0\227&GT\1\0\0\0i\370\267\220\1\0\0\0\0\0\0\0\30\0\0\0\0\0\0\0\0\0\0\0\0\0\0\0\0\0\0\0\0\0\0\0\20\0\0\0\0\0\0\0\10\0\0\0\0\0\0\0\10\0\0\0\0\0\0\0\20\0\0\08\1\0\0I\312\22s\0\0\0\0\30\0\24\0\0\0\0\0)\0\0\0\0\0\0\0\0\0\0\0\0\0\0\0H\0\0\0\0\0\0\0\\\0\0\0\0\0\0\0"..., iov_len=4096}], msg_iovlen=1, msg_controllen=0, msg_flags=0}, MSG_DONTWAIT) = 4096
10579 sendto(5, "\20\0\0\0\270\0\0\0\223\345\22s\0\0\0\0\30\0\24\0\0\0\0\0\36\0\0\0\0\0\0\0\0\0\0\0\0\0\0\0H\0\0\0\0\0\0\0[\0\0\0\0\0\0\0\0\0\0\0\0\0\0\0\0\0\0\0\1\0\0\0\377\377\377\377\377\377\377\377\0\0\0\0\0\0\0\0`\0\0\0\0\0\0\0\0\0\0\0\0\0\0\0\0\0\0\0\0\0\0\0H\0\0\0@\0\0\08\0\0\0\3\0\0\0\0\0\0\0\227&GT\2\0\0\0i\370\267\220\1\0\0\0\0\0\0\0\30\0\0\0\0\0\0\0\0\0\0\0\0\0\0\0\0\0\0\0\0\0\0\0\10\0\0\0\0\0\0\0", 184, MSG_NOSIGNAL, NULL, 0) = 184
10567 sendto(14, "\20\0\0\0p\0\0\0\277\345\22s\0\0\0\0\30\0\24\0\0\0\0\0'\0\0\0\0\0\0\0\0\0\0\0\0\0\0\0H\0\0\0\0\0\0\0.\0\0\0\0\0\0\0\24\0\0\0\0\0\0\0\0\0\0\0\1\0\0\0\0\0\0\0\0\0\0\0\0y\1\0\0\1\0\0\0\0\0\0\0\0\0\0\0\0\0\0\0\0\0\0\0\0\0\0\0\0\0\0", 112, MSG_NOSIGNAL, NULL, 0) = 112
10533 recvmsg(36, {msg_name=NULL, msg_namelen=0, msg_iov=[{iov_base="\20\0\0\0\270\0\0\0\223\345\22s\0\0\0\0\30\0\24\0\0\0\0\0\36\0\0\0\0\0\0\0\0\0\0\0\0\0\0\0H\0\0\0\0\0\0\0[\0\0\0\0\0\0\0\0\0\0\0\0\0\0\0\0\0\0\0\1\0\0\0\377\377\377\377\377\377\377\377\0\0\0\0\0\0\0\0`\0\0\0\0\0\0\0\0\0\0\0\0\0\0\0\0\0\0\0\0\0\0\0H\0\0\0@\0\0\08\0\0\0\3\0\0\0\0\0\0\0\227&GT\2\0\0\0i\370\267\220\1\0\0\0\0\0\0\0\30\0\0\0\0\0\0\0\0\0\0\0\0\0\0\0\0\0\0\0\0\0\0\0\10\0\0\0\0\0\0\0", iov_len=4096}], msg_iovlen=1, msg_controllen=0, msg_flags=0}, MSG_DONTWAIT) = 184
10530 openat(AT_FDCWD, "/tmp/playwright_chromiumdev_profile-pi0Vs8/Default/shared_proto_db/metadata/LOCK", O_RDWR <unfinished ...>
10533 recvmsg(44,  <unfinished ...>
10530 <... openat resumed>)             = -1 ENOENT (No such file or directory)
10533 <... recvmsg resumed>{msg_name=NULL, msg_namelen=0, msg_iov=[{iov_base="\20\0\0\0p\0\0\0\277\345\22s\0\0\0\0\30\0\24\0\0\0\0\0'\0\0\0\0\0\0\0\0\0\0\0\0\0\0\0H\0\0\0\0\0\0\0.\0\0\0\0\0\0\0\24\0\0\0\0\0\0\0\0\0\0\0\1\0\0\0\0\0\0\0\0\0\0\0\0y\1\0\0\1\0\0\0\0\0\0\0\0\0\0\0\0\0\0\0\0\0\0\0\0\0\0\0\0\0\0", iov_len=4096}], msg_iovlen=1, msg_controllen=0, msg_flags=0}, MSG_DONTWAIT) = 112
10530 openat(AT_FDCWD, "/tmp/playwright_chromiumdev_profile-pi0Vs8/Default/shared_proto_db/metadata/LOCK", O_RDWR|O_CREAT, 0600) = 85
10529 openat(AT_FDCWD, "/tmp/playwright_chromiumdev_profile-pi0Vs8/Default/Local Storage/leveldb", O_RDONLY|O_NONBLOCK|O_CLOEXEC|O_DIRECTORY) = 86
10579 sendto(5, "\20\0\0\0\270\0\0\0\f\350\22s\0\0\0\0\30\0\24\0\0\0\0\0\37\0\0\0\0\0\0\0\0\0\0\0\0\0\0\0H\0\0\0\0\0\0\0[\0\0\0\0\0\0\0\1\0\0\0\0\0\0\0\0\0\0\0\1\0\0\0\377\377\377\377\377\377\377\377\0\0\0\0\0\0\0\0`\0\0\0\0\0\0\0\0\0\0\0\0\0\0\0\0\0\0\0\0\0\0\0H\0\0\0@\0\0\08\0\0\0\3\0\0\0\0\0\0\0MgUX\2\0\0\0Y\370\267\220\2\0\0\0\0\0\0\0\30\0\0\0\0\0\0\0\0\0\0\0\0\0\0\0\0\0\0\0\0\0\0\0\10\0\0\0\0\0\0\0", 184, MSG_NOSIGNAL, NULL, 0) = 184
10533 recvmsg(36,  <unfinished ...>
10530 openat(AT_FDCWD, "/tmp/playwright_chromiumdev_profile-pi0Vs8/Default/shared_proto_db/metadata/MANIFEST-000001", O_WRONLY|O_CREAT|O_TRUNC, 0600 <unfinished ...>
10533 <... recvmsg resumed>{msg_name=NULL, msg_namelen=0, msg_iov=[{iov_base="\20\0\0\0\270\0\0\0\f\350\22s\0\0\0\0\30\0\24\0\0\0\0\0\37\0\0\0\0\0\0\0\0\0\0\0\0\0\0\0H\0\0\0\0\0\0\0[\0\0\0\0\0\0\0\1\0\0\0\0\0\0\0\0\0\0\0\1\0\0\0\377\377\377\377\377\377\377\377\0\0\0\0\0\0\0\0`\0\0\0\0\0\0\0\0\0\0\0\0\0\0\0\0\0\0\0\0\0\0\0H\0\0\0@\0\0\08\0\0\0\3\0\0\0\0\0\0\0MgUX\2\0\0\0Y\370\267\220\2\0\0\0\0\0\0\0\30\0\0\0\0\0\0\0\0\0\0\0\0\0\0\0\0\0\0\0\0\0\0\0\10\0\0\0\0\0\0\0", iov_len=4096}], msg_iovlen=1, msg_controllen=0, msg_flags=0}, MSG_DONTWAIT) = 184
10530 <... openat resumed>)             = 87
10579 sendto(5, "\20\0\0\0\270\0\0\0\3\351\22s\0\0\0\0\30\0\24\0\0\0\0\0 \0\0\0\0\0\0\0\0\0\0\0\0\0\0\0H\0\0\0\0\0\0\0[\0\0\0\0\0\0\0\2\0\0\0\0\0\0\0\0\0\0\0\1\0\0\0\377\377\377\377\377\377\377\377\0\0\0\0\0\0\0\0`\0\0\0\0\0\0\0\0\0\0\0\0\0\0\0\0\0\0\0\0\0\0\0H\0\0\0@\0\0\08\0\0\0\3\0\0\0\0\0\0\0MgUX\2\0\0\0_\370\267\220\3\0\0\0\0\0\0\0\30\0\0\0\0\0\0\0\0\0\0\0\0\0\0\0\0\0\0\0\0\0\0\0\10\0\0\0\0\0\0\0", 184, MSG_NOSIGNAL, NULL, 0) = 184
10579 sendto(5, "\20\0\0\0\270\0\0\0\251\351\22s\0\0\0\0\30\0\24\0\0\0\0\0!\0\0\0\0\0\0\0\0\0\0\0\0\0\0\0H\0\0\0\0\0\0\0[\0\0\0\0\0\0\0\3\0\0\0\0\0\0\0\0\0\0\0\1\0\0\0\377\377\377\377\377\377\377\377\0\0\0\0\0\0\0\0`\0\0\0\0\0\0\0\0\0\0\0\0\0\0\0\0\0\0\0\0\0\0\0H\0\0\0@\0\0\08\0\0\0\3\0\0\0\0\0\0\0MgUX\2\0\0\0\\\370\267\220\4\0\0\0\0\0\0\0\30\0\0\0\0\0\0\0\0\0\0\0\0\0\0\0\0\0\0\0\0\0\0\0\10\0\0\0\0\0\0\0", 184, MSG_NOSIGNAL, NULL, 0 <unfinished ...>
10533 recvmsg(36,  <unfinished ...>
10579 <... sendto resumed>)             = 184
10533 <... recvmsg resumed>{msg_name=NULL, msg_namelen=0, msg_iov=[{iov_base="\20\0\0\0\270\0\0\0\3\351\22s\0\0\0\0\30\0\24\0\0\0\0\0 \0\0\0\0\0\0\0\0\0\0\0\0\0\0\0H\0\0\0\0\0\0\0[\0\0\0\0\0\0\0\2\0\0\0\0\0\0\0\0\0\0\0\1\0\0\0\377\377\377\377\377\377\377\377\0\0\0\0\0\0\0\0`\0\0\0\0\0\0\0\0\0\0\0\0\0\0\0\0\0\0\0\0\0\0\0H\0\0\0@\0\0\08\0\0\0\3\0\0\0\0\0\0\0MgUX\2\0\0\0_\370\267\220\3\0\0\0\0\0\0\0\30\0\0\0\0\0\0\0\0\0\0\0\0\0\0\0\0\0\0\0\0\0\0\0\10\0\0\0\0\0\0\0\20\0\0\0\270\0\0\0\251\351\22s\0\0\0\0\30\0\24\0\0\0\0\0!\0\0\0\0\0\0\0\0\0\0\0\0\0\0\0H\0\0\0\0\0\0\0[\0\0\0\0\0\0\0\3\0\0\0\0\0\0\0\0\0\0\0\1\0\0\0"..., iov_len=4096}], msg_iovlen=1, msg_controllen=0, msg_flags=0}, MSG_DONTWAIT) = 368
10530 openat(AT_FDCWD, "/tmp/playwright_chromiumdev_profile-pi0Vs8/Default/shared_proto_db/metadata", O_RDONLY) = 88
10529 sendto(44, "\20\0\0\0p\0\0\0}\352\22s\0\0\0\0\30\0\24\0\0\0\0\0%\0\0\0\0\0\0\0\0\0\0\0\0\0\0\0H\0\0\0\0\0\0\0.\0\0\0\0\0\0\0\24\0\0\0\0\0\0\0\0\0\0\0\1\0\0\0\0\0\0\0\0\0\0\0\0\202\1\0\0\2\0\0\0\0\0\0\0\0\0\0\0\0\0\0\0\0\0\0\0\0\0\0\0\0\0\0", 112, MSG_NOSIGNAL, NULL, 0) = 112
10567 recvmsg(14, {msg_name=NULL, msg_namelen=0, msg_iov=[{iov_base="\20\0\0\0p\0\0\0}\352\22s\0\0\0\0\30\0\24\0\0\0\0\0%\0\0\0\0\0\0\0\0\0\0\0\0\0\0\0H\0\0\0\0\0\0\0.\0\0\0\0\0\0\0\24\0\0\0\0\0\0\0\0\0\0\0\1\0\0\0\0\0\0\0\0\0\0\0\0\202\1\0\0\2\0\0\0\0\0\0\0\0\0\0\0\0\0\0\0\0\0\0\0\0\0\0\0\0\0\0", iov_len=4096}], msg_iovlen=1, msg_controllen=0, msg_flags=0}, MSG_DONTWAIT) = 112
10579 sendto(5, "\20\0\0\0\360\0\0\0?\353\22s\0\0\0\0\30\0\24\0\0\0\0\0\"\0\0\0\0\0\0\0\0\0\0\0\0\0\0\0H\0\0\0\0\0\0\0\23\0\0\0\0\0\0\0\0\0\0\0\0\0\0\0\0\0\0\0\1\0\0\0\377\377\377\377\377\377\377\377\0\0\0\0\0\0\0\0`\0\0\0\0\0\0\0\0\0\0\0\0\0\0\0\0\0\0\0\0\0\0\0\200\0\0\0x\0\0\08\0\0\0\3\0\0\0\0\0\0\0\\\1g\r\1\0\0\0\331\231~?\1\0\0\0\0\0\0\0\30\0\0\0\0\0\0\0\0\0\0\0\0\0\0\0\0\0\0\0\0\0\0\0 \0\0\0\0\0\0\0\30\0\0\0\0\0\0\0\1\0\0\0\6\0\0\0\377\377\377\377\377\377\377\377\33\0\0\0\23\0\0\0clients2.google.com\0\0\0\0\0", 240, MSG_NOSIGNAL, NULL, 0 <unfinished ...>
10582 openat(AT_FDCWD, "/tmp/playwright_chromiumdev_profile-pi0Vs8/Default/Trust Tokens-journal", O_RDWR|O_CREAT|O_NOFOLLOW|O_CLOEXEC, 0600 <unfinished ...>
10579 <... sendto resumed>)             = 240
10533 recvmsg(36,  <unfinished ...>
10582 <... openat resumed>)             = 18
10533 <... recvmsg resumed>{msg_name=NULL, msg_namelen=0, msg_iov=[{iov_base="\20\0\0\0\360\0\0\0?\353\22s\0\0\0\0\30\0\24\0\0\0\0\0\"\0\0\0\0\0\0\0\0\0\0\0\0\0\0\0H\0\0\0\0\0\0\0\23\0\0\0\0\0\0\0\0\0\0\0\0\0\0\0\0\0\0\0\1\0\0\0\377\377\377\377\377\377\377\377\0\0\0\0\0\0\0\0`\0\0\0\0\0\0\0\0\0\0\0\0\0\0\0\0\0\0\0\0\0\0\0\200\0\0\0x\0\0\08\0\0\0\3\0\0\0\0\0\0\0\\\1g\r\1\0\0\0\331\231~?\1\0\0\0\0\0\0\0\30\0\0\0\0\0\0\0\0\0\0\0\0\0\0\0\0\0\0\0\0\0\0\0 \0\0\0\0\0\0\0\30\0\0\0\0\0\0\0\1\0\0\0\6\0\0\0\377\377\377\377\377\377\377\377\33\0\0\0\23\0\0\0clients2.google.com\0\0\0\0\0", iov_len=4096}], msg_iovlen=1, msg_controllen=0, msg_flags=0}, MSG_DONTWAIT) = 240
10579 recvmsg(5,  <unfinished ...>
10567 sendto(14, "\20\0\0\0p\0\0\0\226\354\22s\0\0\0\0\30\0\24\0\0\0\0\0(\0\0\0\0\0\0\0\0\0\0\0\0\0\0\0H\0\0\0\0\0\0\0.\0\0\0\0\0\0\0\25\0\0\0\0\0\0\0\0\0\0\0\1\0\0\0\0\0\0\0\0\0\0\0\0y\1\0\0\1\0\0\0\0\0\0\0\0\0\0\0\0\0\0\0\0\0\0\0\0\0\0\0\0\0\0", 112, MSG_NOSIGNAL, NULL, 0 <unfinished ...>
10579 <... recvmsg resumed>{msg_name=NULL, msg_namelen=0, msg_iov=[{iov_base="\20\0\0\0\300\2\0\0\367\314\22s\0\0\0\0\30\0\24\0\0\0\0\0000\0\0\0\0\0\0\0\0\0\0\0\0\0\0\0H\0\0\0\0\0\0\0\\\0\0\0\0\0\0\0\7\0\0\0\0\0\0\0\0\0\0\0\1\0\0\0\377\377\377\377\377\377\377\377\0\0\0\0\0\0\0\0`\0\0\0\0\0\0\0\0\0\0\0\0\0\0\0\0\0\0\0\0\0\0\0P\2\0\0H\2\0\08\0\0\0\3\0\0\0\0\0\0\0MgUX\1\0\0\0]\370\267\220\5\0\0\0\0\0\0\0\30\0\0\0\0\0\0\0\0\0\0\0\0\0\0\0\0\0\0\0\0\0\0\0 \0\0\0\0\0\0\0\30\0\0\0\0\0\0\0x\0\0\0\0\0\0\0(\1\0\0\0\0\0\0(\0\0\0\0\0\0\0 \0\0\0\0\0\0\0000\0\0\0\0\0\0\0\0\0\0\0\0\0\0\0\0\0\0\0\0\0\0\0\30\0\0\0\20\0\0\0"..., iov_len=4096}], msg_iovlen=1, msg_controllen=0, msg_flags=0}, MSG_DONTWAIT) = 3840
10567 <... sendto resumed>)             = 112
10582 openat(AT_FDCWD, "/dev/urandom", O_RDONLY|O_CLOEXEC) = 19
10579 sendto(5, "\20\0\0\0\270\0\0\0\5\355\22s\0\0\0\0\30\0\24\0\0\0\0\0#\0\0\0\0\0\0\0\0\0\0\0\0\0\0\0H\0\0\0\0\0\0\0[\0\0\0\0\0\0\0\4\0\0\0\0\0\0\0\0\0\0\0\1\0\0\0\377\377\377\377\377\377\377\377\0\0\0\0\0\0\0\0`\0\0\0\0\0\0\0\0\0\0\0\0\0\0\0\0\0\0\0\0\0\0\0H\0\0\0@\0\0\08\0\0\0\3\0\0\0\0\0\0\0MgUX\2\0\0\0]\370\267\220\5\0\0\0\0\0\0\0\30\0\0\0\0\0\0\0\0\0\0\0\0\0\0\0\0\0\0\0\0\0\0\0\10\0\0\0\0\0\0\0", 184, MSG_NOSIGNAL, NULL, 0 <unfinished ...>
10533 recvmsg(44,  <unfinished ...>
10579 <... sendto resumed>)             = 184
10533 <... recvmsg resumed>{msg_name=NULL, msg_namelen=0, msg_iov=[{iov_base="\20\0\0\0p\0\0\0\226\354\22s\0\0\0\0\30\0\24\0\0\0\0\0(\0\0\0\0\0\0\0\0\0\0\0\0\0\0\0H\0\0\0\0\0\0\0.\0\0\0\0\0\0\0\25\0\0\0\0\0\0\0\0\0\0\0\1\0\0\0\0\0\0\0\0\0\0\0\0y\1\0\0\1\0\0\0\0\0\0\0\0\0\0\0\0\0\0\0\0\0\0\0\0\0\0\0\0\0\0", iov_len=4096}], msg_iovlen=1, msg_controllen=0, msg_flags=0}, MSG_DONTWAIT) = 112
10579 sendto(5, "\20\0\0\0\270\0\0\0r\355\22s\0\0\0\0\30\0\24\0\0\0\0\0$\0\0\0\0\0\0\0\0\0\0\0\0\0\0\0H\0\0\0\0\0\0\0[\0\0\0\0\0\0\0\5\0\0\0\0\0\0\0\0\0\0\0\1\0\0\0\377\377\377\377\377\377\377\377\0\0\0\0\0\0\0\0`\0\0\0\0\0\0\0\0\0\0\0\0\0\0\0\0\0\0\0\0\0\0\0H\0\0\0@\0\0\08\0\0\0\3\0\0\0\0\0\0\0MgUX\2\0\0\0R\370\267\220\6\0\0\0\0\0\0\0\30\0\0\0\0\0\0\0\0\0\0\0\0\0\0\0\0\0\0\0\0\0\0\0\10\0\0\0\0\0\0\0", 184, MSG_NOSIGNAL, NULL, 0 <unfinished ...>
10580 openat(AT_FDCWD, "/tmp/playwright_chromiumdev_profile-pi0Vs8/Default/Shared Dictionary/db-journal", O_RDWR|O_CREAT|O_NOFOLLOW|O_CLOEXEC, 0600 <unfinished ...>
10579 <... sendto resumed>)             = 184
10580 <... openat resumed>)             = 19
10579 sendto(5, "\20\0\0\0\270\0\0\0\346\355\22s\0\0\0\0\30\0\24\0\0\0\0\0%\0\0\0\0\0\0\0\0\0\0\0\0\0\0\0H\0\0\0\0\0\0\0[\0\0\0\0\0\0\0\6\0\0\0\0\0\0\0\0\0\0\0\1\0\0\0\377\377\377\377\377\377\377\377\0\0\0\0\0\0\0\0`\0\0\0\0\0\0\0\0\0\0\0\0\0\0\0\0\0\0\0\0\0\0\0H\0\0\0@\0\0\08\0\0\0\3\0\0\0\0\0\0\0MgUX\2\0\0\0S\370\267\220\7\0\0\0\0\0\0\0\30\0\0\0\0\0\0\0\0\0\0\0\0\0\0\0\0\0\0\0\0\0\0\0\10\0\0\0\0\0\0\0", 184, MSG_NOSIGNAL, NULL, 0) = 184
10533 recvmsg(36,  <unfinished ...>
10530 openat(AT_FDCWD, "/tmp/playwright_chromiumdev_profile-pi0Vs8/Default/shared_proto_db/metadata/000001.dbtmp", O_WRONLY|O_CREAT|O_TRUNC, 0600 <unfinished ...>
10533 <... recvmsg resumed>{msg_name=NULL, msg_namelen=0, msg_iov=[{iov_base="\20\0\0\0\270\0\0\0\5\355\22s\0\0\0\0\30\0\24\0\0\0\0\0#\0\0\0\0\0\0\0\0\0\0\0\0\0\0\0H\0\0\0\0\0\0\0[\0\0\0\0\0\0\0\4\0\0\0\0\0\0\0\0\0\0\0\1\0\0\0\377\377\377\377\377\377\377\377\0\0\0\0\0\0\0\0`\0\0\0\0\0\0\0\0\0\0\0\0\0\0\0\0\0\0\0\0\0\0\0H\0\0\0@\0\0\08\0\0\0\3\0\0\0\0\0\0\0MgUX\2\0\0\0]\370\267\220\5\0\0\0\0\0\0\0\30\0\0\0\0\0\0\0\0\0\0\0\0\0\0\0\0\0\0\0\0\0\0\0\10\0\0\0\0\0\0\0\20\0\0\0\270\0\0\0r\355\22s\0\0\0\0\30\0\24\0\0\0\0\0$\0\0\0\0\0\0\0\0\0\0\0\0\0\0\0H\0\0\0\0\0\0\0[\0\0\0\0\0\0\0\5\0\0\0\0\0\0\0\0\0\0\0\1\0\0\0"..., iov_len=4096}], msg_iovlen=1, msg_controllen=0, msg_flags=0}, MSG_DONTWAIT) = 552
10530 <... openat resumed>)             = 86
10534 sendto(44, "\20\0\0\0p\0\0\0\25\360\22s\0\0\0\0\30\0\24\0\0\0\0\0&\0\0\0\0\0\0\0\0\0\0\0\0\0\0\0H\0\0\0\0\0\0\0.\0\0\0\0\0\0\0\25\0\0\0\0\0\0\0\0\0\0\0\1\0\0\0\0\0\0\0\0\0\0\0\0|\1\0\0\1\0\0\0\0\0\0\0\0\0\0\0\0\0\0\0\0\0\0\0\0\0\0\0\0\0\0", 112, MSG_NOSIGNAL, NULL, 0 <unfinished ...>
10582 openat(AT_FDCWD, "/tmp/playwright_chromiumdev_profile-pi0Vs8/Default", O_RDONLY|O_CLOEXEC <unfinished ...>
10534 <... sendto resumed>)             = 112
10532 socket(AF_UNIX, SOCK_STREAM|SOCK_CLOEXEC|SOCK_NONBLOCK, 0 <unfinished ...>
10582 <... openat resumed>)             = 20
10567 recvmsg(14,  <unfinished ...>
10532 <... socket resumed>)             = 87
10567 <... recvmsg resumed>{msg_name=NULL, msg_namelen=0, msg_iov=[{iov_base="\20\0\0\0p\0\0\0\25\360\22s\0\0\0\0\30\0\24\0\0\0\0\0&\0\0\0\0\0\0\0\0\0\0\0\0\0\0\0H\0\0\0\0\0\0\0.\0\0\0\0\0\0\0\25\0\0\0\0\0\0\0\0\0\0\0\1\0\0\0\0\0\0\0\0\0\0\0\0|\1\0\0\1\0\0\0\0\0\0\0\0\0\0\0\0\0\0\0\0\0\0\0\0\0\0\0\0\0\0", iov_len=4096}], msg_iovlen=1, msg_controllen=0, msg_flags=0}, MSG_DONTWAIT) = 112
10532 connect(87, {sa_family=AF_UNIX, sun_path="/var/run/nscd/socket"}, 110) = -1 ENOENT (No such file or directory)
10578 openat(AT_FDCWD, "/tmp/playwright_chromiumdev_profile-pi0Vs8/Default/Cache/Cache_Data/index", O_RDONLY) = -1 ENOENT (No such file or directory)
10532 socket(AF_UNIX, SOCK_STREAM|SOCK_CLOEXEC|SOCK_NONBLOCK, 0 <unfinished ...>
10578 openat(AT_FDCWD, "/tmp/playwright_chromiumdev_profile-pi0Vs8/Default/Cache/Cache_Data/index", O_WRONLY|O_CREAT|O_EXCL, 0600 <unfinished ...>
10532 <... socket resumed>)             = 87
10532 connect(87, {sa_family=AF_UNIX, sun_path="/var/run/nscd/socket"}, 110 <unfinished ...>
10578 <... openat resumed>)             = 21
10532 <... connect resumed>)            = -1 ENOENT (No such file or directory)
10532 openat(AT_FDCWD, "/etc/nsswitch.conf", O_RDONLY|O_CLOEXEC <unfinished ...>
10580 openat(AT_FDCWD, "/tmp/playwright_chromiumdev_profile-pi0Vs8/Default/Shared Dictionary", O_RDONLY|O_CLOEXEC <unfinished ...>
10532 <... openat resumed>)             = 86
10580 <... openat resumed>)             = 20
10578 openat(AT_FDCWD, "/tmp/playwright_chromiumdev_profile-pi0Vs8/Default/Shared Dictionary/cache/index-dir/the-real-index", O_RDONLY <unfinished ...>
10530 openat(AT_FDCWD, "/tmp/playwright_chromiumdev_profile-pi0Vs8/Default/shared_proto_db/metadata/CURRENT", O_RDONLY) = 87
10578 <... openat resumed>)             = -1 ENOENT (No such file or directory)
10530 openat(AT_FDCWD, "/tmp/playwright_chromiumdev_profile-pi0Vs8/Default/shared_proto_db/metadata/MANIFEST-000001", O_RDONLY <unfinished ...>
10532 openat(AT_FDCWD, "/etc/hosts", O_RDONLY|O_CLOEXEC <unfinished ...>
10530 <... openat resumed>)             = 86
10532 <... openat resumed>)             = 87
10578 openat(AT_FDCWD, "/tmp/playwright_chromiumdev_profile-pi0Vs8/Default/Shared Dictionary/cache", O_RDONLY|O_NONBLOCK|O_CLOEXEC|O_DIRECTORY) = 20
10560 sendto(14, "\20\0\0\0\350\0\0\0\323\367\22s\0\0\0\0\30\0\24\0\0\0\0\0)\0\0\0\0\0\0\0\0\0\0\0\0\0\0\0H\0\0\0\0\0\0\0\21\0\0\0\0\0\0\0\2\0\0\0\0\0\0\0\0\0\0\0\1\0\0\0\0\0\0\0\0\0\0\0\0|\1\0\0\1\0\0\0\0\0\0`\0\0\0p\0\0\0\0\0\0\0\0\0\0\0\0\0\0\0\20\0\0\0\1\0\0\0\0\0\0\0\0\0\0\0h\0\0\0\1\0\0\0\0\0\0\0\0\0\0\08\0\0\0\0\0\0\0\0\0\0\0\0\0\0\0@\t\0\0@\0\0\09\0\0\0\0\0\0\0\0\0\0\0\0\0\0\0\0\0\0\0\0\0\0\0\1\0\0\0\0\0\0\0\2\0\0\0\0\0\0\0\0\0\0\0\0\0\0\0\0\0\0\0\0\0\0\0\0\0\0\0\0\0\0\0", 232, MSG_NOSIGNAL, NULL, 0) = 232
10530 openat(AT_FDCWD, "/tmp/playwright_chromiumdev_profile-pi0Vs8/Default/shared_proto_db/metadata/MANIFEST-000001", O_WRONLY|O_APPEND <unfinished ...>
10560 sendto(14, "\20\0\0\0\20\1\0\0h\370\22s\0\0\0\0\30\0\24\0\0\0\0\0*\0\0\0\0\0\0\0\0\0\0\0\0\0\0\0H\0\0\0\0\0\0\09\0\0\0\0\0\0\0\0\0\0\0\0\0\0\0\0\0\0\0\1\0\0\0\377\377\377\377\377\377\377\377\0\0\0\0\0\0\0\0`\0\0\0\0\0\0\0\0\0\0\0\0\0\0\0\0\0\0\0\0\0\0\0\240\0\0\0\230\0\0\08\0\0\0\3\0\0\0\0\0\0\0c\335\326z\5\0\0\08\202\274\270\1\0\0\0\0\0\0\0\30\0\0\0\0\0\0\0\0\0\0\0\0\0\0\0\0\0\0\0\0\0\0\0\30\0\0\0\0\0\0\0\20\0\0\0\0\0\0\0\0\0\0\0\0\0\0\0\20\0\0\0\0\0\0\0\10\0\0\0\0\0\0\0\20\0\0\0\0\0\0\0\10\0\0\0\0\0\0\0%\0\0\0\35\0\0\0Default/Local St"..., 272, MSG_NOSIGNAL, NULL, 0 <unfinished ...>
10533 recvmsg(44,  <unfinished ...>
10530 <... openat resumed>)             = 86
10560 <... sendto resumed>)             = 272
10533 <... recvmsg resumed>{msg_name=NULL, msg_namelen=0, msg_iov=[{iov_base="\20\0\0\0\350\0\0\0\323\367\22s\0\0\0\0\30\0\24\0\0\0\0\0)\0\0\0\0\0\0\0\0\0\0\0\0\0\0\0H\0\0\0\0\0\0\0\21\0\0\0\0\0\0\0\2\0\0\0\0\0\0\0\0\0\0\0\1\0\0\0\0\0\0\0\0\0\0\0\0|\1\0\0\1\0\0\0\0\0\0`\0\0\0p\0\0\0\0\0\0\0\0\0\0\0\0\0\0\0\20\0\0\0\1\0\0\0\0\0\0\0\0\0\0\0h\0\0\0\1\0\0\0\0\0\0\0\0\0\0\08\0\0\0\0\0\0\0\0\0\0\0\0\0\0\0@\t\0\0@\0\0\09\0\0\0\0\0\0\0\0\0\0\0\0\0\0\0\0\0\0\0\0\0\0\0\1\0\0\0\0\0\0\0\2\0\0\0\0\0\0\0\0\0\0\0\0\0\0\0\0\0\0\0\0\0\0\0\0\0\0\0\0\0\0\0\20\0\0\0\20\1\0\0h\370\22s\0\0\0\0\30\0\24\0\0\0\0\0"..., iov_len=4096}], msg_iovlen=1, msg_controllen=0, msg_flags=0}, MSG_DONTWAIT) = 504
10560 sendto(14, "\20\0\0\0p\0\0\0\376\370\22s\0\0\0\0\30\0\24\0\0\0\0\0+\0\0\0\0\0\0\0\0\0\0\0\0\0\0\0H\0\0\0\0\0\0\0\25\0\0\0\0\0\0\0\0\0\0\0\0\0\0\0\0\0\0\0\1\0\0\0\0\0\0\0\0\0\0\0\0y\1\0\0\1\0\0\0\0\0\0\0\0\0\0\0\0\0\0\0\0\0\0\0\0\0\0\0\0\0\0", 112, MSG_NOSIGNAL, NULL, 0 <unfinished ...>
10532 socket(AF_INET, SOCK_DGRAM|SOCK_CLOEXEC|SOCK_NONBLOCK, IPPROTO_IP <unfinished ...>
10531 sendmsg(25, {msg_name=NULL, msg_namelen=0, msg_iov=[{iov_base="l\1\0\1\246\0\0\0\t\0\0\0\177\0\0\0\1\1o\0\25\0\0\0/org/freedesktop/DBus\0\0\0\6\1s\0\24\0\0\0org.freedesktop.DBus\0\0\0\0\2\1s\0\24\0\0\0org.freedesktop.DBus\0\0\0\0\3\1s\0\10\0\0\0AddMatch\0\0\0\0\0\0\0\0\10\1g\0\1s\0\0", iov_len=144}, {iov_base="\241\0\0\0type='signal',interface='org.freedesktop.DBus',member='NameOwnerChanged',path='/org/freedesktop/DBus',sender='org.freedesktop.DBus',arg0='org.freedesktop.UPower'\0", iov_len=166}], msg_iovlen=2, msg_controllen=0, msg_flags=0}, MSG_NOSIGNAL <unfinished ...>
10560 <... sendto resumed>)             = 112
10532 <... socket resumed>)             = 87
10560 sendto(14, "\20\0\0\0p\0\0\0\271\371\22s\0\0\0\0\30\0\24\0\0\0\0\0,\0\0\0\0\0\0\0\0\0\0\0\0\0\0\0H\0\0\0\0\0\0\0#\0\0\0\0\0\0\0\2\0\0\0\0\0\0\0\0\0\0\0\1\0\0\0\0\0\0\0\0\0\0\0\0z\1\0\0\1\0\0\0\0\0\0\0\0\0\0\0\0\0\0\0\0\0\0\0\0\0\0\0\0\0\0", 112, MSG_NOSIGNAL, NULL, 0 <unfinished ...>
10532 setsockopt(87, SOL_IP, IP_RECVERR, [1], 4 <unfinished ...>
10530 openat(AT_FDCWD, "/tmp/playwright_chromiumdev_profile-pi0Vs8/Default/shared_proto_db/metadata", O_RDONLY|O_NONBLOCK|O_CLOEXEC|O_DIRECTORY <unfinished ...>
10560 <... sendto resumed>)             = 112
10532 <... setsockopt resumed>)         = 0
10531 <... sendmsg resumed>)            = 310
10530 <... openat resumed>)             = 88
10532 connect(87, {sa_family=AF_INET, sin_port=htons(53), sin_addr=inet_addr("127.0.0.53")}, 16) = 0
10533 recvmsg(44,  <unfinished ...>
10531 recvmsg(25,  <unfinished ...>
10529 openat(AT_FDCWD, "/tmp/playwright_chromiumdev_profile-pi0Vs8/Default/Local Storage/leveldb", O_RDONLY|O_NONBLOCK|O_CLOEXEC|O_DIRECTORY <unfinished ...>
10533 <... recvmsg resumed>{msg_name=NULL, msg_namelen=0, msg_iov=[{iov_base="\20\0\0\0p\0\0\0\376\370\22s\0\0\0\0\30\0\24\0\0\0\0\0+\0\0\0\0\0\0\0\0\0\0\0\0\0\0\0H\0\0\0\0\0\0\0\25\0\0\0\0\0\0\0\0\0\0\0\0\0\0\0\0\0\0\0\1\0\0\0\0\0\0\0\0\0\0\0\0y\1\0\0\1\0\0\0\0\0\0\0\0\0\0\0\0\0\0\0\0\0\0\0\0\0\0\0\0\0\0\20\0\0\0p\0\0\0\271\371\22s\0\0\0\0\30\0\24\0\0\0\0\0,\0\0\0\0\0\0\0\0\0\0\0\0\0\0\0H\0\0\0\0\0\0\0#\0\0\0\0\0\0\0\2\0\0\0\0\0\0\0\0\0\0\0\1\0\0\0\0\0\0\0\0\0\0\0\0z\1\0\0\1\0\0\0\0\0\0\0\0\0\0\0\0\0\0\0\0\0\0\0\0\0\0\0\0\0\0", iov_len=4096}], msg_iovlen=1, msg_controllen=0, msg_flags=0}, MSG_DONTWAIT) = 224
10532 sendto(87, "X \1 \0\1\0\0\0\0\0\1\10clients2\6google\3com\0\0\1\0\1\0\0)\4\260\0\0\0\0\0\0", 48, MSG_NOSIGNAL, NULL, 0 <unfinished ...>
10531 <... recvmsg resumed>{msg_name=NULL, msg_namelen=0, msg_iov=[{iov_base="l\2\1\1\0\0\0\0\n\0\0\0005\0\0\0\6\1s\0\5\0\0\0:1.55\0\0\0\5\1u\0\t\0\0\0\7\1s\0\24\0\0\0org.freedesktop.DBus\0\0\0\0", iov_len=2048}], msg_iovlen=1, msg_controllen=0, msg_flags=MSG_CMSG_CLOEXEC}, MSG_CMSG_CLOEXEC) = 72
10532 <... sendto resumed>)             = 48
10529 <... openat resumed>)             = 89
10531 recvmsg(25, {msg_namelen=0}, MSG_CMSG_CLOEXEC) = -1 EAGAIN (Resource temporarily unavailable)
10532 socket(AF_INET, SOCK_DGRAM|SOCK_CLOEXEC|SOCK_NONBLOCK, IPPROTO_IP <unfinished ...>
10578 openat(AT_FDCWD, "/tmp/playwright_chromiumdev_profile-pi0Vs8/Default/Cache/Cache_Data/index-dir/the-real-index", O_RDONLY <unfinished ...>
10532 <... socket resumed>)             = 87
10578 <... openat resumed>)             = -1 ENOENT (No such file or directory)
10532 setsockopt(87, SOL_IP, IP_RECVERR, [1], 4) = 0
10531 sendmsg(25, {msg_name=NULL, msg_namelen=0, msg_iov=[{iov_base="l\1\0\1\33\0\0\0\n\0\0\0~\0\0\0\2\1s\0\24\0\0\0org.freedesktop.DBus\0\0\0\0\3\1s\0\f\0\0\0GetNameOwner\0\0\0\0\10\1g\0\1s\0\0\6\1s\0\24\0\0\0org.freedesktop.DBus\0\0\0\0\1\1o\0\25\0\0\0/org/freedesktop/DBus\0\0\0", iov_len=144}, {iov_base="\26\0\0\0org.freedesktop.UPower\0", iov_len=27}], msg_iovlen=2, msg_controllen=0, msg_flags=0}, MSG_NOSIGNAL <unfinished ...>
10532 connect(87, {sa_family=AF_INET, sin_port=htons(53), sin_addr=inet_addr("127.0.0.53")}, 16) = 0
10531 <... sendmsg resumed>)            = 171
10578 openat(AT_FDCWD, "/tmp/playwright_chromiumdev_profile-pi0Vs8/Default/Cache/Cache_Data", O_RDONLY|O_NONBLOCK|O_CLOEXEC|O_DIRECTORY) = 20
10532 sendto(87, "X \1 \0\1\0\0\0\0\0\1\10clients2\6google\3com\0\0\1\0\1\0\0)\4\260\0\0\0\0\0\0", 48, MSG_NOSIGNAL, NULL, 0 <unfinished ...>
10531 recvmsg(25,  <unfinished ...>
10530 openat(AT_FDCWD, "/tmp/playwright_chromiumdev_profile-pi0Vs8/Default/shared_proto_db/metadata", O_RDONLY|O_NONBLOCK|O_CLOEXEC|O_DIRECTORY <unfinished ...>
10531 <... recvmsg resumed>{msg_name=NULL, msg_namelen=0, msg_iov=[{iov_base="l\3\1\1G\0\0\0\v\0\0\0u\0\0\0\6\1s\0\5\0\0\0:1.55\0\0\0\4\1s\0)\0\0\0org.freedesktop.DBus.Error.NameHasNoOwner\0\0\0\0\0\0\0\5\1u\0\n\0\0\0\10\1g\0\1s\0\0\7\1s\0\24\0\0\0org.freedesktop.DBus\0\0\0\0B\0\0\0Could not get owner of name 'org.freedesktop.UPower': no such name\0", iov_len=2048}], msg_iovlen=1, msg_controllen=0, msg_flags=MSG_CMSG_CLOEXEC}, MSG_CMSG_CLOEXEC) = 207
10532 <... sendto resumed>)             = 48
10530 <... openat resumed>)             = 88
10531 recvmsg(25, {msg_namelen=0}, MSG_CMSG_CLOEXEC) = -1 EAGAIN (Resource temporarily unavailable)
10531 sendmsg(25, {msg_name=NULL, msg_namelen=0, msg_iov=[{iov_base="l\1\0\1\226\0\0\0\v\0\0\0\177\0\0\0\1\1o\0\25\0\0\0/org/freedesktop/DBus\0\0\0\6\1s\0\24\0\0\0org.freedesktop.DBus\0\0\0\0\2\1s\0\24\0\0\0org.freedesktop.DBus\0\0\0\0\3\1s\0\10\0\0\0AddMatch\0\0\0\0\0\0\0\0\10\1g\0\1s\0\0", iov_len=144}, {iov_base="\221\0\0\0type='signal', sender='org.freedesktop.UPower', interface='org.freedesktop.DBus.Properties', path='/org/freedesktop/UPower/devices/DisplayDevice'\0", iov_len=150}], msg_iovlen=2, msg_controllen=0, msg_flags=0}, MSG_NOSIGNAL <unfinished ...>
10532 socket(AF_INET, SOCK_DGRAM|SOCK_CLOEXEC|SOCK_NONBLOCK, IPPROTO_IP <unfinished ...>
10531 <... sendmsg resumed>)            = 294
10532 <... socket resumed>)             = 87
10532 setsockopt(87, SOL_IP, IP_RECVERR, [1], 4) = 0
10532 connect(87, {sa_family=AF_INET, sin_port=htons(53), sin_addr=inet_addr("127.0.0.53")}, 16) = 0
10531 recvmsg(25,  <unfinished ...>
10509 sendto(36, "\20\0\0\0\270\0\0\0\333\0\23s\0\0\0\0\30\0\24\0\0\0\0\09\0\0\0\0\0\0\0\0\0\0\0\0\0\0\0H\0\0\0\0\0\0\0(\0\0\0\0\0\0\0\0\0\0\0\0\0\0\0\0\0\0\0\1\0\0\0\377\377\377\377\377\377\377\377\0\0\0\0\0\0\0\0`\0\0\0\0\0\0\0\0\0\0\0\0\0\0\0\0\0\0\0\0\0\0\0H\0\0\0@\0\0\08\0\0\0\3\0\0\0\0\0\0\0\323Gg{\2\0\0\0\301\231~?\1\0\0\0\0\0\0\0\30\0\0\0\0\0\0\0\0\0\0\0\0\0\0\0\0\0\0\0\0\0\0\0\10\0\0\0\0\0\0\0", 184, MSG_NOSIGNAL, NULL, 0 <unfinished ...>
10531 <... recvmsg resumed>{msg_name=NULL, msg_namelen=0, msg_iov=[{iov_base="l\2\1\1\0\0\0\0\f\0\0\0005\0\0\0\6\1s\0\5\0\0\0:1.55\0\0\0\5\1u\0\v\0\0\0\7\1s\0\24\0\0\0org.freedesktop.DBus\0\0\0\0", iov_len=2048}], msg_iovlen=1, msg_controllen=0, msg_flags=MSG_CMSG_CLOEXEC}, MSG_CMSG_CLOEXEC) = 72
10509 <... sendto resumed>)             = 184
10532 sendto(87, " \362\1 \0\1\0\0\0\0\0\1\10clients2\6google\3com\0320auhaxe53pruloeser5wrueatf\2bx\10internal\10cloudapp\3net\0\0\1\0\1\0\0)\4\260\0\0\0\0\0\0", 100, MSG_NOSIGNAL, NULL, 0 <unfinished ...>
10531 recvmsg(25,  <unfinished ...>
10579 recvmsg(5,  <unfinished ...>
10531 <... recvmsg resumed>{msg_namelen=0}, MSG_CMSG_CLOEXEC) = -1 EAGAIN (Resource temporarily unavailable)
10532 <... sendto resumed>)             = 100
10579 <... recvmsg resumed>{msg_name=NULL, msg_namelen=0, msg_iov=[{iov_base="\20\0\0\0\270\0\0\0\333\0\23s\0\0\0\0\30\0\24\0\0\0\0\09\0\0\0\0\0\0\0\0\0\0\0\0\0\0\0H\0\0\0\0\0\0\0(\0\0\0\0\0\0\0\0\0\0\0\0\0\0\0\0\0\0\0\1\0\0\0\377\377\377\377\377\377\377\377\0\0\0\0\0\0\0\0`\0\0\0\0\0\0\0\0\0\0\0\0\0\0\0\0\0\0\0\0\0\0\0H\0\0\0@\0\0\08\0\0\0\3\0\0\0\0\0\0\0\323Gg{\2\0\0\0\301\231~?\1\0\0\0\0\0\0\0\30\0\0\0\0\0\0\0\0\0\0\0\0\0\0\0\0\0\0\0\0\0\0\0\10\0\0\0\0\0\0\0", iov_len=4096}], msg_iovlen=1, msg_controllen=0, msg_flags=0}, MSG_DONTWAIT) = 184
10578 openat(AT_FDCWD, "/tmp/playwright_chromiumdev_profile-pi0Vs8/Default/Cache/Cache_Data/ed5152d08612b2ae_0", O_RDWR <unfinished ...>
10531 sendmsg(25, {msg_name=NULL, msg_namelen=0, msg_iov=[{iov_base="l\1\0\1\"\0\0\0\f\0\0\0\226\0\0\0\2\1s\0\37\0\0\0org.freedesktop.DBus.Properties\0\3\1s\0\6\0\0\0GetAll\0\0\10\1g\0\1s\0\0\6\1s\0\26\0\0\0org.freedesktop.UPower\0\0\1\1o\0-\0\0\0/org/freedesktop/UPower/devices/DisplayDevice\0\0\0", iov_len=168}, {iov_base="\35\0\0\0org.freedesktop.UPower.Device\0", iov_len=34}], msg_iovlen=2, msg_controllen=0, msg_flags=0}, MSG_NOSIGNAL <unfinished ...>
10578 <... openat resumed>)             = -1 ENOENT (No such file or directory)
10531 <... sendmsg resumed>)            = 202
10529 sendto(44, "\20\0\0\0p\0\0\0\305\1\23s\0\0\0\0\30\0\24\0\0\0\0\0'\0\0\0\0\0\0\0\0\0\0\0\0\0\0\0H\0\0\0\0\0\0\08\0\0\0\0\0\0\0\0\0\0\0\0\0\0\0\0\0\0\0\1\0\0\0\0\0\0\0\0\0\0\0\0\202\1\0\0\2\0\0\0\0\0\0\0\0\0\0\0\0\0\0\0\0\0\0\0\0\0\0\0\0\0\0", 112, MSG_NOSIGNAL, NULL, 0) = 112
10532 socket(AF_INET, SOCK_DGRAM|SOCK_CLOEXEC|SOCK_NONBLOCK, IPPROTO_IP <unfinished ...>
10567 recvmsg(14,  <unfinished ...>
10532 <... socket resumed>)             = 87
10567 <... recvmsg resumed>{msg_name=NULL, msg_namelen=0, msg_iov=[{iov_base="\20\0\0\0p\0\0\0\305\1\23s\0\0\0\0\30\0\24\0\0\0\0\0'\0\0\0\0\0\0\0\0\0\0\0\0\0\0\0H\0\0\0\0\0\0\08\0\0\0\0\0\0\0\0\0\0\0\0\0\0\0\0\0\0\0\1\0\0\0\0\0\0\0\0\0\0\0\0\202\1\0\0\2\0\0\0\0\0\0\0\0\0\0\0\0\0\0\0\0\0\0\0\0\0\0\0\0\0\0", iov_len=4096}], msg_iovlen=1, msg_controllen=0, msg_flags=0}, MSG_DONTWAIT) = 112
10532 setsockopt(87, SOL_IP, IP_RECVERR, [1], 4) = 0
10509 sendto(37, "\20\0\0\0@\0\0\0\341\2\23s\0\0\0\0\30\0\26\0\0\0\0\0\30\0\0\0\0\0\0\0\0\0\0\0\0\0\0\0\30\0\0\0\0\0\0\0,\0\0\0\0\0\0\0\0\0\0\0\0\0\0\0", 64, MSG_NOSIGNAL, NULL, 0 <unfinished ...>
10532 connect(87, {sa_family=AF_INET, sin_port=htons(53), sin_addr=inet_addr("127.0.0.53")}, 16 <unfinished ...>
10509 <... sendto resumed>)             = 64
10532 <... connect resumed>)            = 0
10530 openat(AT_FDCWD, "/tmp/playwright_chromiumdev_profile-pi0Vs8/Default/shared_proto_db/metadata/000003.log", O_WRONLY|O_CREAT|O_TRUNC, 0600 <unfinished ...>
10557 recvmsg(14,  <unfinished ...>
10531 recvmsg(25,  <unfinished ...>
10509 sendto(37, "\20\0\0\0@\0\0\0\210\3\23s\0\0\0\0\30\0\26\0\0\0\0\0\31\0\0\0\0\0\0\0\0\0\0\0\0\0\0\0\30\0\0\0\0\0\0\0007\0\0\0\0\0\0\0\0\0\0\0\0\0\0\0", 64, MSG_NOSIGNAL, NULL, 0 <unfinished ...>
10557 <... recvmsg resumed>{msg_name=NULL, msg_namelen=0, msg_iov=[{iov_base="\20\0\0\0@\0\0\0\341\2\23s\0\0\0\0\30\0\26\0\0\0\0\0\30\0\0\0\0\0\0\0\0\0\0\0\0\0\0\0\30\0\0\0\0\0\0\0,\0\0\0\0\0\0\0\0\0\0\0\0\0\0\0", iov_len=4096}], msg_iovlen=1, msg_controllen=0, msg_flags=0}, MSG_DONTWAIT) = 64
10531 <... recvmsg resumed>{msg_name=NULL, msg_namelen=0, msg_iov=[{iov_base="l\3\1\1K\0\0\0\r\0\0\0u\0\0\0\6\1s\0\5\0\0\0:1.55\0\0\0\4\1s\0)\0\0\0org.freedesktop.DBus.Error.ServiceUnknown\0\0\0\0\0\0\0\5\1u\0\f\0\0\0\10\1g\0\1s\0\0\7\1s\0\24\0\0\0org.freedesktop.DBus\0\0\0\0F\0\0\0The name org.freedesktop.UPower was not provided by any .service files\0", iov_len=2048}], msg_iovlen=1, msg_controllen=0, msg_flags=MSG_CMSG_CLOEXEC}, MSG_CMSG_CLOEXEC) = 211
10530 <... openat resumed>)             = 88
10509 <... sendto resumed>)             = 64
10578 openat(AT_FDCWD, "/tmp/playwright_chromiumdev_profile-pi0Vs8/Default/Cache/Cache_Data/ed5152d08612b2ae_0", O_RDWR|O_CREAT|O_EXCL, 0600 <unfinished ...>
10532 sendto(87, " \362\1 \0\1\0\0\0\0\0\1\10clients2\6google\3com\0320auhaxe53pruloeser5wrueatf\2bx\10internal\10cloudapp\3net\0\0\1\0\1\0\0)\4\260\0\0\0\0\0\0", 100, MSG_NOSIGNAL, NULL, 0 <unfinished ...>
10531 recvmsg(25,  <unfinished ...>
10578 <... openat resumed>)             = 19
10531 <... recvmsg resumed>{msg_namelen=0}, MSG_CMSG_CLOEXEC) = -1 EAGAIN (Resource temporarily unavailable)
10530 openat(AT_FDCWD, "/tmp/playwright_chromiumdev_profile-pi0Vs8/Default/shared_proto_db/metadata", O_RDONLY|O_NONBLOCK|O_CLOEXEC|O_DIRECTORY <unfinished ...>
10532 <... sendto resumed>)             = 100
10530 <... openat resumed>)             = 89
10567 sendto(14, "\20\0\0\0p\0\0\0\"\5\23s\0\0\0\0\30\0\24\0\0\0\0\0-\0\0\0\0\0\0\0\0\0\0\0\0\0\0\0H\0\0\0\0\0\0\08\0\0\0\0\0\0\0\1\0\0\0\0\0\0\0\0\0\0\0\1\0\0\0\0\0\0\0\0\0\0\0\0|\1\0\0\1\0\0\0\0\0\0\0\0\0\0\0\0\0\0\0\0\0\0\0\0\0\0\0\0\0\0", 112, MSG_NOSIGNAL, NULL, 0) = 112
10557 recvmsg(14,  <unfinished ...>
10509 sendto(37, "\20\0\0\0p\0\0\0L\5\23s\0\0\0\0\30\0\24\0\0\0\0\0\32\0\0\0\0\0\0\0\0\0\0\0\0\0\0\0H\0\0\0\0\0\0\0=\0\0\0\0\0\0\0\1\0\0\0\0\0\0\0\0\0\0\0\1\0\0\0\0\0\0\0\0\0\0\0\0y\1\0\0\1\0\0\0\0\0\0\0\0\0\0\0\0\0\0\0\0\0\0\0\0\0\0\0\0\0\0", 112, MSG_NOSIGNAL, NULL, 0 <unfinished ...>
10557 <... recvmsg resumed>{msg_name=NULL, msg_namelen=0, msg_iov=[{iov_base="\20\0\0\0@\0\0\0\210\3\23s\0\0\0\0\30\0\26\0\0\0\0\0\31\0\0\0\0\0\0\0\0\0\0\0\0\0\0\0\30\0\0\0\0\0\0\0007\0\0\0\0\0\0\0\0\0\0\0\0\0\0\0", iov_len=4096}], msg_iovlen=1, msg_controllen=0, msg_flags=0}, MSG_DONTWAIT) = 64
10533 recvmsg(44,  <unfinished ...>
10509 <... sendto resumed>)             = 112
10533 <... recvmsg resumed>{msg_name=NULL, msg_namelen=0, msg_iov=[{iov_base="\20\0\0\0p\0\0\0\"\5\23s\0\0\0\0\30\0\24\0\0\0\0\0-\0\0\0\0\0\0\0\0\0\0\0\0\0\0\0H\0\0\0\0\0\0\08\0\0\0\0\0\0\0\1\0\0\0\0\0\0\0\0\0\0\0\1\0\0\0\0\0\0\0\0\0\0\0\0|\1\0\0\1\0\0\0\0\0\0\0\0\0\0\0\0\0\0\0\0\0\0\0\0\0\0\0\0\0\0", iov_len=4096}], msg_iovlen=1, msg_controllen=0, msg_flags=0}, MSG_DONTWAIT) = 112
10509 sendto(36, "\20\0\0\0\20\1\0\0&\6\23s\0\0\0\0\30\0\24\0\0\0\0\0:\0\0\0\0\0\0\0\0\0\0\0\0\0\0\0H\0\0\0\0\0\0\0;\0\0\0\0\0\0\0\1\0\0\0\0\0\0\0\0\0\0\0\1\0\0\0\377\377\377\377\377\377\377\377\0\0\0\0\0\0\0\0`\0\0\0\0\0\0\0\0\0\0\0\0\0\0\0\0\0\0\0\0\0\0\0\240\0\0\0\230\0\0\08\0\0\0\3\0\0\0\0\0\0\0\256\303|~\0\0\0\0\373\370\267\220\0\0\0\0\0\0\0\0\30\0\0\0\0\0\0\0\0\0\0\0\0\0\0\0\0\0\0\0\0\0\0\0\20\0\0\0\0\0\0\0\10\0\0\0\0\0\0\0\20\0\0\0\1\0\0\0\10\0\0\0\0\0\0\0\30\0\0\0\0\0\0\0\20\0\0\0\0\0\0\0 \0\0\0\0\0\0\0\23\0\0\0\v\0\0\0SkiaBackend\0\0\0\0\0"..., 272, MSG_NOSIGNAL, NULL, 0) = 272
10579 recvmsg(5, {msg_name=NULL, msg_namelen=0, msg_iov=[{iov_base="\20\0\0\0\20\1\0\0&\6\23s\0\0\0\0\30\0\24\0\0\0\0\0:\0\0\0\0\0\0\0\0\0\0\0\0\0\0\0H\0\0\0\0\0\0\0;\0\0\0\0\0\0\0\1\0\0\0\0\0\0\0\0\0\0\0\1\0\0\0\377\377\377\377\377\377\377\377\0\0\0\0\0\0\0\0`\0\0\0\0\0\0\0\0\0\0\0\0\0\0\0\0\0\0\0\0\0\0\0\240\0\0\0\230\0\0\08\0\0\0\3\0\0\0\0\0\0\0\256\303|~\0\0\0\0\373\370\267\220\0\0\0\0\0\0\0\0\30\0\0\0\0\0\0\0\0\0\0\0\0\0\0\0\0\0\0\0\0\0\0\0\20\0\0\0\0\0\0\0\10\0\0\0\0\0\0\0\20\0\0\0\1\0\0\0\10\0\0\0\0\0\0\0\30\0\0\0\0\0\0\0\20\0\0\0\0\0\0\0 \0\0\0\0\0\0\0\23\0\0\0\v\0\0\0SkiaBackend\0\0\0\0\0"..., iov_len=4096}], msg_iovlen=1, msg_controllen=0, msg_flags=0}, MSG_DONTWAIT) = 272
10557 recvmsg(14, {msg_name=NULL, msg_namelen=0, msg_iov=[{iov_base="\20\0\0\0p\0\0\0L\5\23s\0\0\0\0\30\0\24\0\0\0\0\0\32\0\0\0\0\0\0\0\0\0\0\0\0\0\0\0H\0\0\0\0\0\0\0=\0\0\0\0\0\0\0\1\0\0\0\0\0\0\0\0\0\0\0\1\0\0\0\0\0\0\0\0\0\0\0\0y\1\0\0\1\0\0\0\0\0\0\0\0\0\0\0\0\0\0\0\0\0\0\0\0\0\0\0\0\0\0", iov_len=4096}], msg_iovlen=1, msg_controllen=0, msg_flags=0}, MSG_DONTWAIT) = 112
10532 sendto(36, "\20\0\0\0\360\0\0\0\177\6\23s\0\0\0\0\30\0\24\0\0\0\0\0;\0\0\0\0\0\0\0\0\0\0\0\0\0\0\0H\0\0\0\0\0\0\0\23\0\0\0\0\0\0\0\0\0\0\0\0\0\0\0\0\0\0\0\1\0\0\0\377\377\377\377\377\377\377\377\0\0\0\0\0\0\0\0`\0\0\0\0\0\0\0\0\0\0\0\0\0\0\0\0\0\0\0\0\0\0\0\200\0\0\0x\0\0\08\0\0\0\3\0\0\0\0\0\0\0\\\1g\r\2\0\0\0\331\231~?\1\0\0\0\0\0\0\0\30\0\0\0\0\0\0\0\0\0\0\0\0\0\0\0\0\0\0\0\0\0\0\0\30\0\0\0\0\0\0\0\20\0\0\0\0\0\0\0\375\377\377\377\226\377\377\377\30\0\0\0\0\0\0\0\20\0\0\0\0\0\0\0\20\0\0\0\0\0\0\0\10\0\0\0\0\0\0\0\10\0\0\0\0\0\0\0", 240, MSG_NOSIGNAL, NULL, 0 <unfinished ...>
10509 sendto(44, "\20\0\0\0p\0\0\0k\7\23s\0\0\0\0\30\0\24\0\0\0\0\0(\0\0\0\0\0\0\0\0\0\0\0\0\0\0\0H\0\0\0\0\0\0\0002\0\0\0\0\0\0\0\1\0\0\0\0\0\0\0\0\0\0\0\1\0\0\0\0\0\0\0\0\0\0\0\0x\1\0\0\1\0\0\0\0\0\0\0\0\0\0\0\0\0\0\0\0\0\0\0\0\0\0\0\0\0\0", 112, MSG_NOSIGNAL, NULL, 0 <unfinished ...>
10532 <... sendto resumed>)             = 240
10509 <... sendto resumed>)             = 112
10567 recvmsg(14, {msg_name=NULL, msg_namelen=0, msg_iov=[{iov_base="\20\0\0\0p\0\0\0k\7\23s\0\0\0\0\30\0\24\0\0\0\0\0(\0\0\0\0\0\0\0\0\0\0\0\0\0\0\0H\0\0\0\0\0\0\0002\0\0\0\0\0\0\0\1\0\0\0\0\0\0\0\0\0\0\0\1\0\0\0\0\0\0\0\0\0\0\0\0x\1\0\0\1\0\0\0\0\0\0\0\0\0\0\0\0\0\0\0\0\0\0\0\0\0\0\0\0\0\0", iov_len=4096}], msg_iovlen=1, msg_controllen=0, msg_flags=0}, MSG_DONTWAIT) = 112
10579 recvmsg(5,  <unfinished ...>
10529 sendto(44, "\20\0\0\0p\0\0\0\261\7\23s\0\0\0\0\30\0\24\0\0\0\0\0)\0\0\0\0\0\0\0\0\0\0\0\0\0\0\0H\0\0\0\0\0\0\08\0\0\0\0\0\0\0\1\0\0\0\0\0\0\0\0\0\0\0\1\0\0\0\0\0\0\0\0\0\0\0\0}\1\0\0\1\0\0\0\0\0\0\0\0\0\0\0\0\0\0\0\0\0\0\0\0\0\0\0\0\0\0", 112, MSG_NOSIGNAL, NULL, 0 <unfinished ...>
10579 <... recvmsg resumed>{msg_name=NULL, msg_namelen=0, msg_iov=[{iov_base="\20\0\0\0\360\0\0\0\177\6\23s\0\0\0\0\30\0\24\0\0\0\0\0;\0\0\0\0\0\0\0\0\0\0\0\0\0\0\0H\0\0\0\0\0\0\0\23\0\0\0\0\0\0\0\0\0\0\0\0\0\0\0\0\0\0\0\1\0\0\0\377\377\377\377\377\377\377\377\0\0\0\0\0\0\0\0`\0\0\0\0\0\0\0\0\0\0\0\0\0\0\0\0\0\0\0\0\0\0\0\200\0\0\0x\0\0\08\0\0\0\3\0\0\0\0\0\0\0\\\1g\r\2\0\0\0\331\231~?\1\0\0\0\0\0\0\0\30\0\0\0\0\0\0\0\0\0\0\0\0\0\0\0\0\0\0\0\0\0\0\0\30\0\0\0\0\0\0\0\20\0\0\0\0\0\0\0\375\377\377\377\226\377\377\377\30\0\0\0\0\0\0\0\20\0\0\0\0\0\0\0\20\0\0\0\0\0\0\0\10\0\0\0\0\0\0\0\10\0\0\0\0\0\0\0", iov_len=4096}], msg_iovlen=1, msg_controllen=0, msg_flags=0}, MSG_DONTWAIT) = 240
10529 <... sendto resumed>)             = 112
10509 sendto(37, "\20\0\0\0p\0\0\0\322\10\23s\0\0\0\0\30\0\24\0\0\0\0\0\33\0\0\0\0\0\0\0\0\0\0\0\0\0\0\0H\0\0\0\0\0\0\0=\0\0\0\0\0\0\0\2\0\0\0\0\0\0\0\0\0\0\0\1\0\0\0\0\0\0\0\0\0\0\0\0{\1\0\0\1\0\0\0\0\0\0\0\0\0\0\0\0\0\0\0\0\0\0\0\0\0\0\0\0\0\0", 112, MSG_NOSIGNAL, NULL, 0) = 112
10557 recvmsg(14,  <unfinished ...>
10509 sendto(36, "\20\0\0\0 \1\0\0\214\t\23s\0\0\0\0\30\0\24\0\0\0\0\0<\0\0\0\0\0\0\0\0\0\0\0\0\0\0\0H\0\0\0\0\0\0\0;\0\0\0\0\0\0\0\2\0\0\0\0\0\0\0\0\0\0\0\1\0\0\0\377\377\377\377\377\377\377\377\0\0\0\0\0\0\0\0`\0\0\0\0\0\0\0\0\0\0\0\0\0\0\0\0\0\0\0\0\0\0\0\260\0\0\0\250\0\0\08\0\0\0\3\0\0\0\0\0\0\0\256\303|~\0\0\0\0\374\370\267\220\0\0\0\0\0\0\0\0\30\0\0\0\0\0\0\0\0\0\0\0\0\0\0\0\0\0\0\0\0\0\0\0\20\0\0\0\0\0\0\0\10\0\0\0\0\0\0\0\20\0\0\0\1\0\0\0\10\0\0\0\0\0\0\0\30\0\0\0\0\0\0\0\20\0\0\0\0\0\0\0 \0\0\0\0\0\0\0\26\0\0\0\16\0\0\0EGLDisplayType\0\0"..., 288, MSG_NOSIGNAL, NULL, 0 <unfinished ...>
10567 recvmsg(14,  <unfinished ...>
10557 <... recvmsg resumed>{msg_name=NULL, msg_namelen=0, msg_iov=[{iov_base="\20\0\0\0p\0\0\0\322\10\23s\0\0\0\0\30\0\24\0\0\0\0\0\33\0\0\0\0\0\0\0\0\0\0\0\0\0\0\0H\0\0\0\0\0\0\0=\0\0\0\0\0\0\0\2\0\0\0\0\0\0\0\0\0\0\0\1\0\0\0\0\0\0\0\0\0\0\0\0{\1\0\0\1\0\0\0\0\0\0\0\0\0\0\0\0\0\0\0\0\0\0\0\0\0\0\0\0\0\0", iov_len=4096}], msg_iovlen=1, msg_controllen=0, msg_flags=0}, MSG_DONTWAIT) = 112
10509 <... sendto resumed>)             = 288
10567 <... recvmsg resumed>{msg_name=NULL, msg_namelen=0, msg_iov=[{iov_base="\20\0\0\0p\0\0\0\261\7\23s\0\0\0\0\30\0\24\0\0\0\0\0)\0\0\0\0\0\0\0\0\0\0\0\0\0\0\0H\0\0\0\0\0\0\08\0\0\0\0\0\0\0\1\0\0\0\0\0\0\0\0\0\0\0\1\0\0\0\0\0\0\0\0\0\0\0\0}\1\0\0\1\0\0\0\0\0\0\0\0\0\0\0\0\0\0\0\0\0\0\0\0\0\0\0\0\0\0", iov_len=4096}], msg_iovlen=1, msg_controllen=0, msg_flags=0}, MSG_DONTWAIT) = 112
10509 sendto(44, "\20\0\0\0p\0\0\0\4\n\23s\0\0\0\0\30\0\24\0\0\0\0\0*\0\0\0\0\0\0\0\0\0\0\0\0\0\0\0H\0\0\0\0\0\0\0002\0\0\0\0\0\0\0\2\0\0\0\0\0\0\0\0\0\0\0\1\0\0\0\0\0\0\0\0\0\0\0\0|\1\0\0\1\0\0\0\0\0\0\0\0\0\0\0\0\0\0\0\0\0\0\0\0\0\0\0\0\0\0", 112, MSG_NOSIGNAL, NULL, 0) = 112
10578 openat(AT_FDCWD, "/tmp/playwright_chromiumdev_profile-pi0Vs8/Default/Shared Dictionary/cache/index-dir/temp-index", O_WRONLY|O_CREAT|O_TRUNC, 0600 <unfinished ...>
10530 openat(AT_FDCWD, "/tmp/playwright_chromiumdev_profile-pi0Vs8/Default/shared_proto_db/metadata", O_RDONLY|O_NONBLOCK|O_CLOEXEC|O_DIRECTORY) = 87
10578 <... openat resumed>)             = 20
10567 recvmsg(14, {msg_name=NULL, msg_namelen=0, msg_iov=[{iov_base="\20\0\0\0p\0\0\0\4\n\23s\0\0\0\0\30\0\24\0\0\0\0\0*\0\0\0\0\0\0\0\0\0\0\0\0\0\0\0H\0\0\0\0\0\0\0002\0\0\0\0\0\0\0\2\0\0\0\0\0\0\0\0\0\0\0\1\0\0\0\0\0\0\0\0\0\0\0\0|\1\0\0\1\0\0\0\0\0\0\0\0\0\0\0\0\0\0\0\0\0\0\0\0\0\0\0\0\0\0", iov_len=4096}], msg_iovlen=1, msg_controllen=0, msg_flags=0}, MSG_DONTWAIT) = 112
10567 sendto(14, "\20\0\0\0p\0\0\0\3\f\23s\0\0\0\0\30\0\24\0\0\0\0\0.\0\0\0\0\0\0\0\0\0\0\0\0\0\0\0H\0\0\0\0\0\0\08\0\0\0\0\0\0\0\2\0\0\0\0\0\0\0\0\0\0\0\1\0\0\0\0\0\0\0\0\0\0\0\0}\1\0\0\1\0\0\0\0\0\0\0\0\0\0\0\0\0\0\0\0\0\0\0\0\0\0\0\0\0\0", 112, MSG_NOSIGNAL, NULL, 0 <unfinished ...>
10579 socket(AF_INET, SOCK_DGRAM, IPPROTO_IP <unfinished ...>
10567 <... sendto resumed>)             = 112
10579 <... socket resumed>)             = 20
10578 openat(AT_FDCWD, "/tmp/playwright_chromiumdev_profile-pi0Vs8/Default/SCT Auditing Pending Reports", O_RDONLY|O_CLOEXEC <unfinished ...>
10533 recvmsg(44,  <unfinished ...>
10578 <... openat resumed>)             = -1 ENOENT (No such file or directory)
10582 openat(AT_FDCWD, "/tmp/playwright_chromiumdev_profile-pi0Vs8/Default/Cache/Cache_Data/index-dir/temp-index", O_WRONLY|O_CREAT|O_TRUNC, 0600 <unfinished ...>
10533 <... recvmsg resumed>{msg_name=NULL, msg_namelen=0, msg_iov=[{iov_base="\20\0\0\0p\0\0\0\3\f\23s\0\0\0\0\30\0\24\0\0\0\0\0.\0\0\0\0\0\0\0\0\0\0\0\0\0\0\0H\0\0\0\0\0\0\08\0\0\0\0\0\0\0\2\0\0\0\0\0\0\0\0\0\0\0\1\0\0\0\0\0\0\0\0\0\0\0\0}\1\0\0\1\0\0\0\0\0\0\0\0\0\0\0\0\0\0\0\0\0\0\0\0\0\0\0\0\0\0", iov_len=4096}], msg_iovlen=1, msg_controllen=0, msg_flags=0}, MSG_DONTWAIT) = 112
10582 <... openat resumed>)             = 21
10579 bind(20, {sa_family=AF_INET, sin_port=htons(28155), sin_addr=inet_addr("0.0.0.0")}, 16) = 0
10579 connect(20, {sa_family=AF_INET, sin_port=htons(53), sin_addr=inet_addr("127.0.0.53")}, 16) = 0
10579 getsockname(20,  <unfinished ...>
10529 sendto(44, "\20\0\0\0p\0\0\0\355\r\23s\0\0\0\0\30\0\24\0\0\0\0\0+\0\0\0\0\0\0\0\0\0\0\0\0\0\0\0H\0\0\0\0\0\0\08\0\0\0\0\0\0\0\2\0\0\0\0\0\0\0\0\0\0\0\1\0\0\0\0\0\0\0\0\0\0\0\0|\1\0\0\1\0\0\0\0\0\0\0\0\0\0\0\0\0\0\0\0\0\0\0\0\0\0\0\0\0\0", 112, MSG_NOSIGNAL, NULL, 0 <unfinished ...>
10579 <... getsockname resumed>{sa_family=AF_INET, sin_port=htons(28155), sin_addr=inet_addr("127.0.0.1")}, [128 => 16]) = 0
10529 <... sendto resumed>)             = 112
10579 sendto(20, "\320\375\1\0\0\1\0\0\0\0\0\0\nredirector\4gvt1\3com\0\0A\0\1", 37, 0, NULL, 0 <unfinished ...>
10567 recvmsg(14,  <unfinished ...>
10579 <... sendto resumed>)             = 37
10567 <... recvmsg resumed>{msg_name=NULL, msg_namelen=0, msg_iov=[{iov_base="\20\0\0\0p\0\0\0\355\r\23s\0\0\0\0\30\0\24\0\0\0\0\0+\0\0\0\0\0\0\0\0\0\0\0\0\0\0\0H\0\0\0\0\0\0\08\0\0\0\0\0\0\0\2\0\0\0\0\0\0\0\0\0\0\0\1\0\0\0\0\0\0\0\0\0\0\0\0|\1\0\0\1\0\0\0\0\0\0\0\0\0\0\0\0\0\0\0\0\0\0\0\0\0\0\0\0\0\0", iov_len=4096}], msg_iovlen=1, msg_controllen=0, msg_flags=0}, MSG_DONTWAIT) = 112
10579 recvmsg(20, {msg_namelen=128}, 0) = -1 ECONNREFUSED (Connection refused)
10579 socket(AF_INET, SOCK_DGRAM, IPPROTO_IP) = 21
10578 openat(AT_FDCWD, "/tmp/playwright_chromiumdev_profile-pi0Vs8/Default/Cache/No_Vary_Search/snapshot.baf", O_RDONLY) = -1 ENOENT (No such file or directory)
10579 bind(21, {sa_family=AF_INET, sin_port=htons(60879), sin_addr=inet_addr("0.0.0.0")}, 16) = 0
10579 connect(21, {sa_family=AF_INET, sin_port=htons(53), sin_addr=inet_addr("127.0.0.53")}, 16 <unfinished ...>
10578 openat(AT_FDCWD, "/tmp/playwright_chromiumdev_profile-pi0Vs8/Default/Cache/No_Vary_Search/snapshot-new.baf", O_WRONLY|O_CREAT|O_TRUNC, 0600 <unfinished ...>
10579 <... connect resumed>)            = 0
10567 sendto(14, "\20\0\0\0p\0\0\0\360\17\23s\0\0\0\0\30\0\24\0\0\0\0\0/\0\0\0\0\0\0\0\0\0\0\0\0\0\0\0H\0\0\0\0\0\0\08\0\0\0\0\0\0\0\3\0\0\0\0\0\0\0\0\0\0\0\1\0\0\0\0\0\0\0\0\0\0\0\0|\1\0\0\1\0\0\0\0\0\0\0\0\0\0\0\0\0\0\0\0\0\0\0\0\0\0\0\0\0\0", 112, MSG_NOSIGNAL, NULL, 0 <unfinished ...>
10579 getsockname(21,  <unfinished ...>
10578 <... openat resumed>)             = 23
10579 <... getsockname resumed>{sa_family=AF_INET, sin_port=htons(60879), sin_addr=inet_addr("127.0.0.1")}, [128 => 16]) = 0
10567 <... sendto resumed>)             = 112
10579 sendto(21, "\302\367\1\0\0\1\0\0\0\0\0\0\nredirector\4gvt1\3com\0\0A\0\1", 37, 0, NULL, 0 <unfinished ...>
10533 recvmsg(44,  <unfinished ...>
10579 <... sendto resumed>)             = 37
10533 <... recvmsg resumed>{msg_name=NULL, msg_namelen=0, msg_iov=[{iov_base="\20\0\0\0p\0\0\0\360\17\23s\0\0\0\0\30\0\24\0\0\0\0\0/\0\0\0\0\0\0\0\0\0\0\0\0\0\0\0H\0\0\0\0\0\0\08\0\0\0\0\0\0\0\3\0\0\0\0\0\0\0\0\0\0\0\1\0\0\0\0\0\0\0\0\0\0\0\0|\1\0\0\1\0\0\0\0\0\0\0\0\0\0\0\0\0\0\0\0\0\0\0\0\0\0\0\0\0\0", iov_len=4096}], msg_iovlen=1, msg_controllen=0, msg_flags=0}, MSG_DONTWAIT) = 112
10579 recvmsg(21, {msg_namelen=128}, 0) = -1 ECONNREFUSED (Connection refused)
10579 socket(AF_INET, SOCK_DGRAM, IPPROTO_IP) = 25
10580 openat(AT_FDCWD, "/tmp/playwright_chromiumdev_profile-pi0Vs8/Default/Shared Dictionary/db-journal", O_RDWR|O_CREAT|O_NOFOLLOW|O_CLOEXEC, 0600) = 23
10579 bind(25, {sa_family=AF_INET, sin_port=htons(1850), sin_addr=inet_addr("0.0.0.0")}, 16) = 0
10579 connect(25, {sa_family=AF_INET, sin_port=htons(53), sin_addr=inet_addr("127.0.0.53")}, 16 <unfinished ...>
10578 openat(AT_FDCWD, "/tmp/playwright_chromiumdev_profile-pi0Vs8/Default/Cache/No_Vary_Search/journal.baj", O_WRONLY|O_CREAT|O_TRUNC, 0600 <unfinished ...>
10579 <... connect resumed>)            = 0
10529 sendto(44, "\20\0\0\0p\0\0\0\36\22\23s\0\0\0\0\30\0\24\0\0\0\0\0,\0\0\0\0\0\0\0\0\0\0\0\0\0\0\0H\0\0\0\0\0\0\08\0\0\0\0\0\0\0\3\0\0\0\0\0\0\0\0\0\0\0\1\0\0\0\0\0\0\0\0\0\0\0\0}\1\0\0\1\0\0\0\0\0\0\0\0\0\0\0\0\0\0\0\0\0\0\0\0\0\0\0\0\0\0", 112, MSG_NOSIGNAL, NULL, 0 <unfinished ...>
10578 <... openat resumed>)             = 26
10579 getsockname(25,  <unfinished ...>
10529 <... sendto resumed>)             = 112
10579 <... getsockname resumed>{sa_family=AF_INET, sin_port=htons(1850), sin_addr=inet_addr("127.0.0.1")}, [128 => 16]) = 0
10567 recvmsg(14,  <unfinished ...>
10579 sendto(25, "3\301\1\0\0\1\0\0\0\0\0\0\nredirector\4gvt1\3com\0\0\1\0\1", 37, 0, NULL, 0 <unfinished ...>
10567 <... recvmsg resumed>{msg_name=NULL, msg_namelen=0, msg_iov=[{iov_base="\20\0\0\0p\0\0\0\36\22\23s\0\0\0\0\30\0\24\0\0\0\0\0,\0\0\0\0\0\0\0\0\0\0\0\0\0\0\0H\0\0\0\0\0\0\08\0\0\0\0\0\0\0\3\0\0\0\0\0\0\0\0\0\0\0\1\0\0\0\0\0\0\0\0\0\0\0\0}\1\0\0\1\0\0\0\0\0\0\0\0\0\0\0\0\0\0\0\0\0\0\0\0\0\0\0\0\0\0", iov_len=4096}], msg_iovlen=1, msg_controllen=0, msg_flags=0}, MSG_DONTWAIT) = 112
10579 <... sendto resumed>)             = 37
10579 recvmsg(25,  <unfinished ...>
10567 sendto(14, "\20\0\0\0p\0\0\0\247\23\23s\0\0\0\0\30\0\24\0\0\0\0\0000\0\0\0\0\0\0\0\0\0\0\0\0\0\0\0H\0\0\0\0\0\0\08\0\0\0\0\0\0\0\4\0\0\0\0\0\0\0\0\0\0\0\1\0\0\0\0\0\0\0\0\0\0\0\0}\1\0\0\1\0\0\0\0\0\0\0\0\0\0\0\0\0\0\0\0\0\0\0\0\0\0\0\0\0\0", 112, MSG_NOSIGNAL, NULL, 0) = 112
10533 recvmsg(44,  <unfinished ...>
10579 <... recvmsg resumed>{msg_namelen=128}, 0) = -1 ECONNREFUSED (Connection refused)
10533 <... recvmsg resumed>{msg_name=NULL, msg_namelen=0, msg_iov=[{iov_base="\20\0\0\0p\0\0\0\247\23\23s\0\0\0\0\30\0\24\0\0\0\0\0000\0\0\0\0\0\0\0\0\0\0\0\0\0\0\0H\0\0\0\0\0\0\08\0\0\0\0\0\0\0\4\0\0\0\0\0\0\0\0\0\0\0\1\0\0\0\0\0\0\0\0\0\0\0\0}\1\0\0\1\0\0\0\0\0\0\0\0\0\0\0\0\0\0\0\0\0\0\0\0\0\0\0\0\0\0", iov_len=4096}], msg_iovlen=1, msg_controllen=0, msg_flags=0}, MSG_DONTWAIT) = 112
10579 socket(AF_INET, SOCK_DGRAM, IPPROTO_IP) = 27
10579 bind(27, {sa_family=AF_INET, sin_port=htons(4272), sin_addr=inet_addr("0.0.0.0")}, 16) = 0
10579 connect(27, {sa_family=AF_INET, sin_port=htons(53), sin_addr=inet_addr("127.0.0.53")}, 16 <unfinished ...>
10529 sendto(44, "\20\0\0\0p\0\0\0\v\25\23s\0\0\0\0\30\0\24\0\0\0\0\0-\0\0\0\0\0\0\0\0\0\0\0\0\0\0\0H\0\0\0\0\0\0\08\0\0\0\0\0\0\0\4\0\0\0\0\0\0\0\0\0\0\0\1\0\0\0\0\0\0\0\0\0\0\0\0|\1\0\0\1\0\0\0\0\0\0\0\0\0\0\0\0\0\0\0\0\0\0\0\0\0\0\0\0\0\0", 112, MSG_NOSIGNAL, NULL, 0 <unfinished ...>
10579 <... connect resumed>)            = 0
10529 <... sendto resumed>)             = 112
10579 getsockname(27,  <unfinished ...>
10567 recvmsg(14,  <unfinished ...>
10579 <... getsockname resumed>{sa_family=AF_INET, sin_port=htons(4272), sin_addr=inet_addr("127.0.0.1")}, [128 => 16]) = 0
10579 sendto(27, "\345\265\1\0\0\1\0\0\0\0\0\0\nredirector\4gvt1\3com\0\0\1\0\1", 37, 0, NULL, 0 <unfinished ...>
10567 <... recvmsg resumed>{msg_name=NULL, msg_namelen=0, msg_iov=[{iov_base="\20\0\0\0p\0\0\0\v\25\23s\0\0\0\0\30\0\24\0\0\0\0\0-\0\0\0\0\0\0\0\0\0\0\0\0\0\0\0H\0\0\0\0\0\0\08\0\0\0\0\0\0\0\4\0\0\0\0\0\0\0\0\0\0\0\1\0\0\0\0\0\0\0\0\0\0\0\0|\1\0\0\1\0\0\0\0\0\0\0\0\0\0\0\0\0\0\0\0\0\0\0\0\0\0\0\0\0\0", iov_len=4096}], msg_iovlen=1, msg_controllen=0, msg_flags=0}, MSG_DONTWAIT) = 112
10579 <... sendto resumed>)             = 37
10579 recvmsg(27, {msg_namelen=128}, 0) = -1 ECONNREFUSED (Connection refused)
10579 recvmsg(5, {msg_name=NULL, msg_namelen=0, msg_iov=[{iov_base="\20\0\0\0 \1\0\0\214\t\23s\0\0\0\0\30\0\24\0\0\0\0\0<\0\0\0\0\0\0\0\0\0\0\0\0\0\0\0H\0\0\0\0\0\0\0;\0\0\0\0\0\0\0\2\0\0\0\0\0\0\0\0\0\0\0\1\0\0\0\377\377\377\377\377\377\377\377\0\0\0\0\0\0\0\0`\0\0\0\0\0\0\0\0\0\0\0\0\0\0\0\0\0\0\0\0\0\0\0\260\0\0\0\250\0\0\08\0\0\0\3\0\0\0\0\0\0\0\256\303|~\0\0\0\0\374\370\267\220\0\0\0\0\0\0\0\0\30\0\0\0\0\0\0\0\0\0\0\0\0\0\0\0\0\0\0\0\0\0\0\0\20\0\0\0\0\0\0\0\10\0\0\0\0\0\0\0\20\0\0\0\1\0\0\0\10\0\0\0\0\0\0\0\30\0\0\0\0\0\0\0\20\0\0\0\0\0\0\0 \0\0\0\0\0\0\0\26\0\0\0\16\0\0\0EGLDisplayType\0\0"..., iov_len=4096}], msg_iovlen=1, msg_controllen=0, msg_flags=0}, MSG_DONTWAIT) = 288
10567 sendto(14, "\20\0\0\0p\0\0\0\224\26\23s\0\0\0\0\30\0\24\0\0\0\0\0001\0\0\0\0\0\0\0\0\0\0\0\0\0\0\0H\0\0\0\0\0\0\08\0\0\0\0\0\0\0\5\0\0\0\0\0\0\0\0\0\0\0\1\0\0\0\0\0\0\0\0\0\0\0\0|\1\0\0\1\0\0\0\0\0\0\0\0\0\0\0\0\0\0\0\0\0\0\0\0\0\0\0\0\0\0", 112, MSG_NOSIGNAL, NULL, 0) = 112
10533 recvmsg(44, {msg_name=NULL, msg_namelen=0, msg_iov=[{iov_base="\20\0\0\0p\0\0\0\224\26\23s\0\0\0\0\30\0\24\0\0\0\0\0001\0\0\0\0\0\0\0\0\0\0\0\0\0\0\0H\0\0\0\0\0\0\08\0\0\0\0\0\0\0\5\0\0\0\0\0\0\0\0\0\0\0\1\0\0\0\0\0\0\0\0\0\0\0\0|\1\0\0\1\0\0\0\0\0\0\0\0\0\0\0\0\0\0\0\0\0\0\0\0\0\0\0\0\0\0", iov_len=4096}], msg_iovlen=1, msg_controllen=0, msg_flags=0}, MSG_DONTWAIT) = 112
10580 openat(AT_FDCWD, "/tmp/playwright_chromiumdev_profile-pi0Vs8/Default/Shared Dictionary", O_RDONLY|O_CLOEXEC) = 28
10529 sendto(44, "\20\0\0\0p\0\0\0Y\30\23s\0\0\0\0\30\0\24\0\0\0\0\0.\0\0\0\0\0\0\0\0\0\0\0\0\0\0\0H\0\0\0\0\0\0\08\0\0\0\0\0\0\0\5\0\0\0\0\0\0\0\0\0\0\0\1\0\0\0\0\0\0\0\0\0\0\0\0}\1\0\0\1\0\0\0\0\0\0\0\0\0\0\0\0\0\0\0\0\0\0\0\0\0\0\0\0\0\0", 112, MSG_NOSIGNAL, NULL, 0) = 112
10567 recvmsg(14, {msg_name=NULL, msg_namelen=0, msg_iov=[{iov_base="\20\0\0\0p\0\0\0Y\30\23s\0\0\0\0\30\0\24\0\0\0\0\0.\0\0\0\0\0\0\0\0\0\0\0\0\0\0\0H\0\0\0\0\0\0\08\0\0\0\0\0\0\0\5\0\0\0\0\0\0\0\0\0\0\0\1\0\0\0\0\0\0\0\0\0\0\0\0}\1\0\0\1\0\0\0\0\0\0\0\0\0\0\0\0\0\0\0\0\0\0\0\0\0\0\0\0\0\0", iov_len=4096}], msg_iovlen=1, msg_controllen=0, msg_flags=0}, MSG_DONTWAIT) = 112
10579 sendto(5, "\20\0\0\0p\0\0\0\235\31\23s\0\0\0\0\30\0\24\0\0\0\0\0&\0\0\0\0\0\0\0\0\0\0\0\0\0\0\0H\0\0\0\0\0\0\0\23\0\0\0\0\0\0\0\1\0\0\0\0\0\0\0\0\0\0\0\1\0\0\0\0\0\0\0\0\0\0\0\0x\1\0\0\1\0\0\0\0\0\0\0\0\0\0\0\0\0\0\0\0\0\0\0\0\0\0\0\0\0\0", 112, MSG_NOSIGNAL, NULL, 0) = 112
10533 recvmsg(36, {msg_name=NULL, msg_namelen=0, msg_iov=[{iov_base="\20\0\0\0p\0\0\0\235\31\23s\0\0\0\0\30\0\24\0\0\0\0\0&\0\0\0\0\0\0\0\0\0\0\0\0\0\0\0H\0\0\0\0\0\0\0\23\0\0\0\0\0\0\0\1\0\0\0\0\0\0\0\0\0\0\0\1\0\0\0\0\0\0\0\0\0\0\0\0x\1\0\0\1\0\0\0\0\0\0\0\0\0\0\0\0\0\0\0\0\0\0\0\0\0\0\0\0\0\0", iov_len=4096}], msg_iovlen=1, msg_controllen=0, msg_flags=0}, MSG_DONTWAIT) = 112
10567 sendto(14, "\20\0\0\0@\0\0\0001\32\23s\0\0\0\0\30\0\26\0\0\0\0\0002\0\0\0\0\0\0\0\0\0\0\0\0\0\0\0\30\0\0\0\0\0\0\08\0\0\0\0\0\0\0\6\0\0\0\0\0\0\0", 64, MSG_NOSIGNAL, NULL, 0) = 64
10579 sendto(5, "\20\0\0\0h\1\0\0\256\32\23s\0\0\0\0\30\0\24\0\0\0\0\0'\0\0\0\0\0\0\0\0\0\0\0\0\0\0\0H\0\0\0\0\0\0\0U\0\0\0\0\0\0\0\0\0\0\0\0\0\0\0\0\0\0\0\1\0\0\0\377\377\377\377\377\377\377\377\0\0\0\0\0\0\0\0`\0\0\0\0\0\0\0\0\0\0\0\0\0\0\0\0\0\0\0\0\0\0\0\370\0\0\0\360\0\0\08\0\0\0\3\0\0\0\0\0\0\0\352\302k4\0\0\0\0\343\231~?\0\0\0\0\0\0\0\0\30\0\0\0\0\0\0\0\0\0\0\0\0\0\0\0\0\0\0\0\0\0\0\0\20\0\0\0\0\0\0\0\10\0\0\0\0\0\0\0X\0\0\0\0\0\0\0\226\377\377\377\0\0\0\0\0\0\0\0\0\0\0\0@\0\0\0\0\0\0\0H\0\0\0\0\0\0\0P\0\0\0\0\0\0\0X\0\0\0\0\0\0\0\0\0\0\0\0\0\0\0"..., 360, MSG_NOSIGNAL, NULL, 0) = 360
10533 recvmsg(44,  <unfinished ...>
10579 sendto(5, "\20\0\0\0@\0\0\0\374\32\23s\0\0\0\0\30\0\26\0\0\0\0\0(\0\0\0\0\0\0\0\0\0\0\0\0\0\0\0\30\0\0\0\0\0\0\0U\0\0\0\0\0\0\0\1\0\0\0\0\0\0\0", 64, MSG_NOSIGNAL, NULL, 0 <unfinished ...>
10533 <... recvmsg resumed>{msg_name=NULL, msg_namelen=0, msg_iov=[{iov_base="\20\0\0\0@\0\0\0001\32\23s\0\0\0\0\30\0\26\0\0\0\0\0002\0\0\0\0\0\0\0\0\0\0\0\0\0\0\0\30\0\0\0\0\0\0\08\0\0\0\0\0\0\0\6\0\0\0\0\0\0\0", iov_len=4096}], msg_iovlen=1, msg_controllen=0, msg_flags=0}, MSG_DONTWAIT) = 64
10579 <... sendto resumed>)             = 64
10579 sendto(5, "\20\0\0\0@\0\0\0O\33\23s\0\0\0\0\30\0\26\0\0\0\0\0)\0\0\0\0\0\0\0\0\0\0\0\0\0\0\0\30\0\0\0\0\0\0\0S\0\0\0\0\0\0\0\0\0\0\0\0\0\0\0", 64, MSG_NOSIGNAL, NULL, 0) = 64
10533 recvmsg(36, {msg_name=NULL, msg_namelen=0, msg_iov=[{iov_base="\20\0\0\0h\1\0\0\256\32\23s\0\0\0\0\30\0\24\0\0\0\0\0'\0\0\0\0\0\0\0\0\0\0\0\0\0\0\0H\0\0\0\0\0\0\0U\0\0\0\0\0\0\0\0\0\0\0\0\0\0\0\0\0\0\0\1\0\0\0\377\377\377\377\377\377\377\377\0\0\0\0\0\0\0\0`\0\0\0\0\0\0\0\0\0\0\0\0\0\0\0\0\0\0\0\0\0\0\0\370\0\0\0\360\0\0\08\0\0\0\3\0\0\0\0\0\0\0\352\302k4\0\0\0\0\343\231~?\0\0\0\0\0\0\0\0\30\0\0\0\0\0\0\0\0\0\0\0\0\0\0\0\0\0\0\0\0\0\0\0\20\0\0\0\0\0\0\0\10\0\0\0\0\0\0\0X\0\0\0\0\0\0\0\226\377\377\377\0\0\0\0\0\0\0\0\0\0\0\0@\0\0\0\0\0\0\0H\0\0\0\0\0\0\0P\0\0\0\0\0\0\0X\0\0\0\0\0\0\0\0\0\0\0\0\0\0\0"..., iov_len=4096}], msg_iovlen=1, msg_controllen=0, msg_flags=0}, MSG_DONTWAIT) = 488
10529 openat(AT_FDCWD, "/etc/hosts", O_RDONLY|O_CLOEXEC) = 87
10530 openat(AT_FDCWD, "/tmp/playwright_chromiumdev_profile-pi0Vs8/Default/shared_proto_db/LOG", O_WRONLY|O_CREAT|O_TRUNC, 0600) = 89
10530 openat(AT_FDCWD, "/tmp/playwright_chromiumdev_profile-pi0Vs8/Default/shared_proto_db/LOCK", O_RDWR) = -1 ENOENT (No such file or directory)
10530 openat(AT_FDCWD, "/tmp/playwright_chromiumdev_profile-pi0Vs8/Default/shared_proto_db/LOCK", O_RDWR|O_CREAT, 0600 <unfinished ...>
10529 socket(AF_INET, SOCK_DGRAM|SOCK_CLOEXEC|SOCK_NONBLOCK, IPPROTO_IP <unfinished ...>
10530 <... openat resumed>)             = 87
10529 <... socket resumed>)             = 90
10529 setsockopt(90, SOL_IP, IP_RECVERR, [1], 4) = 0
10529 connect(90, {sa_family=AF_INET, sin_port=htons(53), sin_addr=inet_addr("127.0.0.53")}, 16) = 0
10530 openat(AT_FDCWD, "/tmp/playwright_chromiumdev_profile-pi0Vs8/Default/shared_proto_db/MANIFEST-000001", O_WRONLY|O_CREAT|O_TRUNC, 0600) = 91
10529 sendto(90, "br\1 \0\1\0\0\0\0\0\1\nredirector\4gvt1\3com\0\0\1\0\1\0\0)\4\260\0\0\0\0\0\0", 48, MSG_NOSIGNAL, NULL, 0) = 48
10530 openat(AT_FDCWD, "/tmp/playwright_chromiumdev_profile-pi0Vs8/Default/shared_proto_db", O_RDONLY) = 92
10529 socket(AF_INET, SOCK_DGRAM|SOCK_CLOEXEC|SOCK_NONBLOCK, IPPROTO_IP) = 90
10529 setsockopt(90, SOL_IP, IP_RECVERR, [1], 4) = 0
10529 connect(90, {sa_family=AF_INET, sin_port=htons(53), sin_addr=inet_addr("127.0.0.53")}, 16) = 0
10529 sendto(90, "br\1 \0\1\0\0\0\0\0\1\nredirector\4gvt1\3com\0\0\1\0\1\0\0)\4\260\0\0\0\0\0\0", 48, MSG_NOSIGNAL, NULL, 0) = 48
10529 socket(AF_INET, SOCK_DGRAM|SOCK_CLOEXEC|SOCK_NONBLOCK, IPPROTO_IP) = 90
10529 setsockopt(90, SOL_IP, IP_RECVERR, [1], 4) = 0
10529 connect(90, {sa_family=AF_INET, sin_port=htons(53), sin_addr=inet_addr("127.0.0.53")}, 16) = 0
10529 sendto(90, "\223\16\1 \0\1\0\0\0\0\0\1\nredirector\4gvt1\3com\0320auhaxe53pruloeser5wrueatf\2bx\10internal\10cloudapp\3net\0\0\1\0\1\0\0)\4\260\0\0\0\0\0\0", 100, MSG_NOSIGNAL, NULL, 0) = 100
10509 openat(AT_FDCWD, "/tmp/.com.google.Chrome.jBfAXJ", O_RDWR|O_CREAT|O_EXCL, 0600) = 92
10509 openat(AT_FDCWD, "/tmp/.com.google.Chrome.jBfAXJ", O_RDONLY) = 90
10529 socket(AF_INET, SOCK_DGRAM|SOCK_CLOEXEC|SOCK_NONBLOCK, IPPROTO_IP <unfinished ...>
10530 openat(AT_FDCWD, "/tmp/playwright_chromiumdev_profile-pi0Vs8/Default/shared_proto_db/000001.dbtmp", O_WRONLY|O_CREAT|O_TRUNC, 0600 <unfinished ...>
10529 <... socket resumed>)             = 91
10529 setsockopt(91, SOL_IP, IP_RECVERR, [1], 4 <unfinished ...>
10530 <... openat resumed>)             = 93
10529 <... setsockopt resumed>)         = 0
10529 connect(91, {sa_family=AF_INET, sin_port=htons(53), sin_addr=inet_addr("127.0.0.53")}, 16) = 0
10529 sendto(91, "\223\16\1 \0\1\0\0\0\0\0\1\nredirector\4gvt1\3com\0320auhaxe53pruloeser5wrueatf\2bx\10internal\10cloudapp\3net\0\0\1\0\1\0\0)\4\260\0\0\0\0\0\0", 100, MSG_NOSIGNAL, NULL, 0) = 100
10529 sendto(36, "\20\0\0\0p\0\0\0\225%\23s\0\0\0\0\30\0\24\0\0\0\0\0=\0\0\0\0\0\0\0\0\0\0\0\0\0\0\0H\0\0\0\0\0\0\0\23\0\0\0\0\0\0\0\1\0\0\0\0\0\0\0\0\0\0\0\1\0\0\0\0\0\0\0\0\0\0\0\0|\1\0\0\1\0\0\0\0\0\0\0\0\0\0\0\0\0\0\0\0\0\0\0\0\0\0\0\0\0\0", 112, MSG_NOSIGNAL, NULL, 0) = 112
10579 recvmsg(5, {msg_name=NULL, msg_namelen=0, msg_iov=[{iov_base="\20\0\0\0p\0\0\0\225%\23s\0\0\0\0\30\0\24\0\0\0\0\0=\0\0\0\0\0\0\0\0\0\0\0\0\0\0\0H\0\0\0\0\0\0\0\23\0\0\0\0\0\0\0\1\0\0\0\0\0\0\0\0\0\0\0\1\0\0\0\0\0\0\0\0\0\0\0\0|\1\0\0\1\0\0\0\0\0\0\0\0\0\0\0\0\0\0\0\0\0\0\0\0\0\0\0\0\0\0", iov_len=4096}], msg_iovlen=1, msg_controllen=0, msg_flags=0}, MSG_DONTWAIT) = 112
10579 socket(AF_INET, SOCK_DGRAM, IPPROTO_IP) = 20
10530 openat(AT_FDCWD, "/tmp/playwright_chromiumdev_profile-pi0Vs8/Default/shared_proto_db/CURRENT", O_RDONLY) = 91
10579 bind(20, {sa_family=AF_INET, sin_port=htons(54931), sin_addr=inet_addr("0.0.0.0")}, 16) = 0
10579 connect(20, {sa_family=AF_INET, sin_port=htons(53), sin_addr=inet_addr("127.0.0.53")}, 16) = 0
10579 getsockname(20, {sa_family=AF_INET, sin_port=htons(54931), sin_addr=inet_addr("127.0.0.1")}, [128 => 16]) = 0
10579 sendto(20, "\3233\1\0\0\1\0\0\0\0\0\0\nredirector\4gvt1\3com\0\0A\0\1", 37, 0, NULL, 0 <unfinished ...>
10530 openat(AT_FDCWD, "/tmp/playwright_chromiumdev_profile-pi0Vs8/Default/shared_proto_db/MANIFEST-000001", O_RDONLY <unfinished ...>
10579 <... sendto resumed>)             = 37
10530 <... openat resumed>)             = 53
10579 recvmsg(20, {msg_namelen=128}, 0) = -1 ECONNREFUSED (Connection refused)
10579 socket(AF_INET, SOCK_DGRAM, IPPROTO_IP) = 21
10579 bind(21, {sa_family=AF_INET, sin_port=htons(59577), sin_addr=inet_addr("0.0.0.0")}, 16 <unfinished ...>
10530 openat(AT_FDCWD, "/tmp/playwright_chromiumdev_profile-pi0Vs8/Default/shared_proto_db/MANIFEST-000001", O_WRONLY|O_APPEND <unfinished ...>
10579 <... bind resumed>)               = 0
10530 <... openat resumed>)             = 49
10579 connect(21, {sa_family=AF_INET, sin_port=htons(53), sin_addr=inet_addr("127.0.0.53")}, 16) = 0
10579 getsockname(21, {sa_family=AF_INET, sin_port=htons(59577), sin_addr=inet_addr("127.0.0.1")}, [128 => 16]) = 0
10579 sendto(21, ",/\1\0\0\1\0\0\0\0\0\0\nredirector\4gvt1\3com\0\0A\0\1", 37, 0, NULL, 0 <unfinished ...>
10530 openat(AT_FDCWD, "/tmp/playwright_chromiumdev_profile-pi0Vs8/Default/shared_proto_db", O_RDONLY|O_NONBLOCK|O_CLOEXEC|O_DIRECTORY) = 53
10579 <... sendto resumed>)             = 37
10579 recvmsg(21, {msg_namelen=128}, 0) = -1 ECONNREFUSED (Connection refused)
10579 socket(AF_INET, SOCK_DGRAM, IPPROTO_IP) = 23
10579 bind(23, {sa_family=AF_INET, sin_port=htons(57956), sin_addr=inet_addr("0.0.0.0")}, 16) = 0
10579 connect(23, {sa_family=AF_INET, sin_port=htons(53), sin_addr=inet_addr("127.0.0.53")}, 16) = 0
10579 getsockname(23, {sa_family=AF_INET, sin_port=htons(57956), sin_addr=inet_addr("127.0.0.1")}, [128 => 16]) = 0
10579 sendto(23, "\204\226\1\0\0\1\0\0\0\0\0\0\nredirector\4gvt1\3com\0\0\1\0\1", 37, 0, NULL, 0) = 37
10579 recvmsg(23, {msg_namelen=128}, 0) = -1 ECONNREFUSED (Connection refused)
10579 socket(AF_INET, SOCK_DGRAM, IPPROTO_IP <unfinished ...>
10530 openat(AT_FDCWD, "/tmp/playwright_chromiumdev_profile-pi0Vs8/Default/shared_proto_db", O_RDONLY|O_NONBLOCK|O_CLOEXEC|O_DIRECTORY <unfinished ...>
10579 <... socket resumed>)             = 25
10530 <... openat resumed>)             = 53
10579 bind(25, {sa_family=AF_INET, sin_port=htons(16921), sin_addr=inet_addr("0.0.0.0")}, 16) = 0
10579 connect(25, {sa_family=AF_INET, sin_port=htons(53), sin_addr=inet_addr("127.0.0.53")}, 16) = 0
10579 getsockname(25, {sa_family=AF_INET, sin_port=htons(16921), sin_addr=inet_addr("127.0.0.1")}, [128 => 16]) = 0
10579 sendto(25, "LC\1\0\0\1\0\0\0\0\0\0\nredirector\4gvt1\3com\0\0\1\0\1", 37, 0, NULL, 0) = 37
10579 recvmsg(25, {msg_namelen=128}, 0) = -1 ECONNREFUSED (Connection refused)
10530 openat(AT_FDCWD, "/tmp/playwright_chromiumdev_profile-pi0Vs8/Default/shared_proto_db/000003.log", O_WRONLY|O_CREAT|O_TRUNC, 0600) = 53
10530 openat(AT_FDCWD, "/tmp/playwright_chromiumdev_profile-pi0Vs8/Default/shared_proto_db", O_RDONLY|O_NONBLOCK|O_CLOEXEC|O_DIRECTORY) = 92
10579 sendto(5, "\20\0\0\0p\0\0\0\331.\23s\0\0\0\0\30\0\24\0\0\0\0\0*\0\0\0\0\0\0\0\0\0\0\0\0\0\0\0H\0\0\0\0\0\0\0\23\0\0\0\0\0\0\0\2\0\0\0\0\0\0\0\0\0\0\0\1\0\0\0\0\0\0\0\0\0\0\0\0|\1\0\0\1\0\0\0\0\0\0\0\0\0\0\0\0\0\0\0\0\0\0\0\0\0\0\0\0\0\0", 112, MSG_NOSIGNAL, NULL, 0) = 112
10533 recvmsg(36, {msg_name=NULL, msg_namelen=0, msg_iov=[{iov_base="\20\0\0\0p\0\0\0\331.\23s\0\0\0\0\30\0\24\0\0\0\0\0*\0\0\0\0\0\0\0\0\0\0\0\0\0\0\0H\0\0\0\0\0\0\0\23\0\0\0\0\0\0\0\2\0\0\0\0\0\0\0\0\0\0\0\1\0\0\0\0\0\0\0\0\0\0\0\0|\1\0\0\1\0\0\0\0\0\0\0\0\0\0\0\0\0\0\0\0\0\0\0\0\0\0\0\0\0\0", iov_len=4096}], msg_iovlen=1, msg_controllen=0, msg_flags=0}, MSG_DONTWAIT) = 112
10534 openat(AT_FDCWD, "/etc/hosts", O_RDONLY|O_CLOEXEC <unfinished ...>
10530 openat(AT_FDCWD, "/tmp/playwright_chromiumdev_profile-pi0Vs8/Default/shared_proto_db", O_RDONLY|O_NONBLOCK|O_CLOEXEC|O_DIRECTORY <unfinished ...>
10534 <... openat resumed>)             = 92
10530 <... openat resumed>)             = 93
10534 socket(AF_INET, SOCK_DGRAM|SOCK_CLOEXEC|SOCK_NONBLOCK, IPPROTO_IP) = 92
10534 setsockopt(92, SOL_IP, IP_RECVERR, [1], 4) = 0
10534 connect(92, {sa_family=AF_INET, sin_port=htons(53), sin_addr=inet_addr("127.0.0.53")}, 16) = 0
10534 sendto(92, "\270\345\1 \0\1\0\0\0\0\0\1\nredirector\4gvt1\3com\0\0\1\0\1\0\0)\4\260\0\0\0\0\0\0", 48, MSG_NOSIGNAL, NULL, 0) = 48
10534 socket(AF_INET, SOCK_DGRAM|SOCK_CLOEXEC|SOCK_NONBLOCK, IPPROTO_IP) = 92
10534 setsockopt(92, SOL_IP, IP_RECVERR, [1], 4) = 0
10534 connect(92, {sa_family=AF_INET, sin_port=htons(53), sin_addr=inet_addr("127.0.0.53")}, 16) = 0
10534 sendto(92, "\270\345\1 \0\1\0\0\0\0\0\1\nredirector\4gvt1\3com\0\0\1\0\1\0\0)\4\260\0\0\0\0\0\0", 48, MSG_NOSIGNAL, NULL, 0) = 48
10534 socket(AF_INET, SOCK_DGRAM|SOCK_CLOEXEC|SOCK_NONBLOCK, IPPROTO_IP) = 92
10534 setsockopt(92, SOL_IP, IP_RECVERR, [1], 4) = 0
10534 connect(92, {sa_family=AF_INET, sin_port=htons(53), sin_addr=inet_addr("127.0.0.53")}, 16) = 0
10534 sendto(92, "\272C\1 \0\1\0\0\0\0\0\1\nredirector\4gvt1\3com\0320auhaxe53pruloeser5wrueatf\2bx\10internal\10cloudapp\3net\0\0\1\0\1\0\0)\4\260\0\0\0\0\0\0", 100, MSG_NOSIGNAL, NULL, 0) = 100
10534 socket(AF_INET, SOCK_DGRAM|SOCK_CLOEXEC|SOCK_NONBLOCK, IPPROTO_IP) = 92
10534 setsockopt(92, SOL_IP, IP_RECVERR, [1], 4) = 0
10534 connect(92, {sa_family=AF_INET, sin_port=htons(53), sin_addr=inet_addr("127.0.0.53")}, 16) = 0
10534 sendto(92, "\272C\1 \0\1\0\0\0\0\0\1\nredirector\4gvt1\3com\0320auhaxe53pruloeser5wrueatf\2bx\10internal\10cloudapp\3net\0\0\1\0\1\0\0)\4\260\0\0\0\0\0\0", 100, MSG_NOSIGNAL, NULL, 0) = 100
10530 sendto(36, "\20\0\0\0p\0\0\0->\23s\0\0\0\0\30\0\24\0\0\0\0\0>\0\0\0\0\0\0\0\0\0\0\0\0\0\0\0H\0\0\0\0\0\0\0\23\0\0\0\0\0\0\0\2\0\0\0\0\0\0\0\0\0\0\0\1\0\0\0\0\0\0\0\0\0\0\0\0|\1\0\0\1\0\0\0\0\0\0\0\0\0\0\0\0\0\0\0\0\0\0\0\0\0\0\0\0\0\0", 112, MSG_NOSIGNAL, NULL, 0) = 112
10579 recvmsg(5, {msg_name=NULL, msg_namelen=0, msg_iov=[{iov_base="\20\0\0\0p\0\0\0->\23s\0\0\0\0\30\0\24\0\0\0\0\0>\0\0\0\0\0\0\0\0\0\0\0\0\0\0\0H\0\0\0\0\0\0\0\23\0\0\0\0\0\0\0\2\0\0\0\0\0\0\0\0\0\0\0\1\0\0\0\0\0\0\0\0\0\0\0\0|\1\0\0\1\0\0\0\0\0\0\0\0\0\0\0\0\0\0\0\0\0\0\0\0\0\0\0\0\0\0", iov_len=4096}], msg_iovlen=1, msg_controllen=0, msg_flags=0}, MSG_DONTWAIT) = 112
10579 sendto(5, "\20\0\0\0p\0\0\0o?\23s\0\0\0\0\30\0\24\0\0\0\0\0+\0\0\0\0\0\0\0\0\0\0\0\0\0\0\0H\0\0\0\0\0\0\0\207\0\0\0\0\0\0\0\0\0\0\0\0\0\0\0\0\0\0\0\1\0\0\0\0\0\0\0\0\0\0\0\0|\1\0\0\1\0\0\0\0\0\0\0\0\0\0\0\0\0\0\0\0\0\0\0\0\0\0\0\0\0\0", 112, MSG_NOSIGNAL, NULL, 0) = 112
10579 sendto(5, "\20\0\0\0@\0\0\0\271?\23s\0\0\0\0\30\0\26\0\0\0\0\0,\0\0\0\0\0\0\0\0\0\0\0\0\0\0\0\30\0\0\0\0\0\0\0\207\0\0\0\0\0\0\0\1\0\0\0\0\0\0\0", 64, MSG_NOSIGNAL, NULL, 0) = 64
10533 recvmsg(36,  <unfinished ...>
10579 sendto(5, "\20\0\0\0@\0\0\0\363?\23s\0\0\0\0\30\0\26\0\0\0\0\0-\0\0\0\0\0\0\0\0\0\0\0\0\0\0\0\30\0\0\0\0\0\0\0\205\0\0\0\0\0\0\0\0\0\0\0\0\0\0\0", 64, MSG_NOSIGNAL, NULL, 0 <unfinished ...>
10533 <... recvmsg resumed>{msg_name=NULL, msg_namelen=0, msg_iov=[{iov_base="\20\0\0\0p\0\0\0o?\23s\0\0\0\0\30\0\24\0\0\0\0\0+\0\0\0\0\0\0\0\0\0\0\0\0\0\0\0H\0\0\0\0\0\0\0\207\0\0\0\0\0\0\0\0\0\0\0\0\0\0\0\0\0\0\0\1\0\0\0\0\0\0\0\0\0\0\0\0|\1\0\0\1\0\0\0\0\0\0\0\0\0\0\0\0\0\0\0\0\0\0\0\0\0\0\0\0\0\0\20\0\0\0@\0\0\0\271?\23s\0\0\0\0\30\0\26\0\0\0\0\0,\0\0\0\0\0\0\0\0\0\0\0\0\0\0\0\30\0\0\0\0\0\0\0\207\0\0\0\0\0\0\0\1\0\0\0\0\0\0\0", iov_len=4096}], msg_iovlen=1, msg_controllen=0, msg_flags=0}, MSG_DONTWAIT) = 176
10579 <... sendto resumed>)             = 64
10509 sendto(36, "\20\0\0\0@\3\0\0\267@\23s\0\0\0\0\30\0\24\0\0\0\0\0?\0\0\0\0\0\0\0\0\0\0\0\0\0\0\0H\0\0\0\0\0\0\0\17\0\0\0\0\0\0\0\24\0\0\0\0\0\0\0\0\0\0\0\1\0\0\0\0\0\0\0\0\0\0\0\0\320\1\0\0\20\0\0\0\0\0\0`\0\0\0\210\0\0\0\0\0\0\0\0\0\0\0\0\0\0\0(\0\0\0\7\0\0\0\0\0\0\0\0\0\0\0\0\0\0\0\0\0\0\0\0\0\0\0\0\0\0\0\0\0\0\0\0\0\0\0\250\2\0\0\7\0\0\0\0\0\0\0\0\0\0\0\211\0\0\0\0\0\0\0\0\0\0\0\0\0\0\0@\f\0\0@\0\0\0\212\0\0\0\0\0\0\0\0\0\0\0\0\0\0\0\0\0\0\0\0\0\0\0\2\0\0\0\0\0\0\0\2\0\0\0\0\0\0\0\0\0\0\0\0\0\0\0\0\0\0\0\0\0\0\0\0\0\0\0\0\0\0\0"..., 832, MSG_NOSIGNAL, NULL, 0) = 832
10509 sendto(36, "\20\0\0\08\1\0\08A\23s\0\0\0\0\30\0\24\0\0\0\0\0@\0\0\0\0\0\0\0\0\0\0\0\0\0\0\0H\0\0\0\0\0\0\0\212\0\0\0\0\0\0\0\0\0\0\0\0\0\0\0\0\0\0\0\1\0\0\0\377\377\377\377\377\377\377\377\0\0\0\0\0\0\0\0`\0\0\0\260\0\0\0\300\0\0\0\0\0\0\0\0\0\0\0\0\0\0\0P\0\0\0H\0\0\08\0\0\0\3\0\0\0\0\0\0\0\363U\264H\0\0\0\0\225\370\267\220\0\0\0\0\0\0\0\0\30\0\0\0\0\0\0\0\0\0\0\0\0\0\0\0\0\0\0\0\0\0\0\0\20\0\0\0\0\0\0\0\0\0\0\0\0\0\0\0\20\0\0\0\1\0\0\0\0\0\0\0\0\0\0\0h\0\0\0\1\0\0\0\0\0\0\0\0\0\0\0\227\0\0\0\0\0\0\0\0\0\0\0\0\0\0\0@\24\0\0@\0\0\0\230\0\0\0\0\0\0\0"..., 312, MSG_NOSIGNAL, NULL, 0 <unfinished ...>
10579 recvmsg(5, {msg_name=NULL, msg_namelen=0, msg_iov=[{iov_base="\20\0\0\0@\3\0\0\267@\23s\0\0\0\0\30\0\24\0\0\0\0\0?\0\0\0\0\0\0\0\0\0\0\0\0\0\0\0H\0\0\0\0\0\0\0\17\0\0\0\0\0\0\0\24\0\0\0\0\0\0\0\0\0\0\0\1\0\0\0\0\0\0\0\0\0\0\0\0\320\1\0\0\20\0\0\0\0\0\0`\0\0\0\210\0\0\0\0\0\0\0\0\0\0\0\0\0\0\0(\0\0\0\7\0\0\0\0\0\0\0\0\0\0\0\0\0\0\0\0\0\0\0\0\0\0\0\0\0\0\0\0\0\0\0\0\0\0\0\250\2\0\0\7\0\0\0\0\0\0\0\0\0\0\0\211\0\0\0\0\0\0\0\0\0\0\0\0\0\0\0@\f\0\0@\0\0\0\212\0\0\0\0\0\0\0\0\0\0\0\0\0\0\0\0\0\0\0\0\0\0\0\2\0\0\0\0\0\0\0\2\0\0\0\0\0\0\0\0\0\0\0\0\0\0\0\0\0\0\0\0\0\0\0\0\0\0\0\0\0\0\0"..., iov_len=4096}], msg_iovlen=1, msg_controllen=0, msg_flags=0}, MSG_DONTWAIT) = 1144
10509 <... sendto resumed>)             = 312
10509 sendto(36, "\20\0\0\0\330\2\0\0\251A\23s\0\0\0\0\30\0\24\0\0\0\0\0A\0\0\0\0\0\0\0\0\0\0\0\0\0\0\0H\0\0\0\0\0\0\0\212\0\0\0\0\0\0\0\1\0\0\0\0\0\0\0\0\0\0\0\1\0\0\0\377\377\377\377\377\377\377\377\0\0\0\0\0\0\0\0`\0\0\0P\2\0\0`\2\0\0\0\0\0\0\0\0\0\0\0\0\0\0\360\1\0\0\350\1\0\08\0\0\0\3\0\0\0\0\0\0\0`\5\312\17\0\0\0\0\212\370\267\220\0\0\0\0\0\0\0\0\30\0\0\0\0\0\0\0\0\0\0\0\0\0\0\0\0\0\0\0\0\0\0\0\30\0\0\0\0\0\0\0\0\0\0\0\0\0\0\0\10\0\0\0\0\0\0\0\270\0\0\0\0\0\0\0\20\0\0\0\0\0\0\0\250\0\0\0\0\0\0\0\0\0\0\0\0\0\0\0\"\0\0\0\377\377\377\377\0\0\0\0\1\0\0\0\220\0\0\0\0\0\0\0"..., 728, MSG_NOSIGNAL, NULL, 0 <unfinished ...>
10579 sendto(5, "\20\0\0\0H\1\0\0\273A\23s\0\0\0\0\30\0\24\0\0\0\0\0.\0\0\0\0\0\0\0\0\0\0\0\0\0\0\0H\0\0\0\0\0\0\0\223\0\0\0\0\0\0\0\0\0\0\0\0\0\0\0\0\0\0\0\1\0\0\0\0\0\0\0\0\0\0\0\0{\1\0\0\1\0\0\0\0\0\0`\0\0\0p\0\0\0\0\0\0\0\0\0\0\0\0\0\0\0\20\0\0\0\2\0\0\0\0\0\0\0\0\0\0\0\310\0\0\0\2\0\0\0\0\0\0\0\0\0\0\0\233\0\0\0\0\0\0\0\0\0\0\0\0\0\0\0\200\24\0\0@\0\0\0\234\0\0\0\0\0\0\0\0\0\0\0\0\0\0\0\0\0\0\0\0\0\0\0\0\0\0\0\0\0\0\0\2\0\0\0\0\0\0\0\0\0\0\0\0\0\0\0\0\0\0\0\0\0\0\0\0\0\0\0\0\0\0\0\0\0\0\0\0\0\0\0\235\0\0\0\0\0\0\0\0\0\0\0\0\0\0\0"..., 328, MSG_NOSIGNAL, NULL, 0 <unfinished ...>
10533 recvmsg(36,  <unfinished ...>
10578 openat(AT_FDCWD, "/tmp/playwright_chromiumdev_profile-pi0Vs8/Default/Reporting and NEL", O_RDWR|O_CREAT|O_NOFOLLOW|O_CLOEXEC, 0600 <unfinished ...>
10509 <... sendto resumed>)             = 728
10579 <... sendto resumed>)             = 328
10533 <... recvmsg resumed>{msg_name=NULL, msg_namelen=0, msg_iov=[{iov_base="\20\0\0\0@\0\0\0\363?\23s\0\0\0\0\30\0\26\0\0\0\0\0-\0\0\0\0\0\0\0\0\0\0\0\0\0\0\0\30\0\0\0\0\0\0\0\205\0\0\0\0\0\0\0\0\0\0\0\0\0\0\0\20\0\0\0H\1\0\0\273A\23s\0\0\0\0\30\0\24\0\0\0\0\0.\0\0\0\0\0\0\0\0\0\0\0\0\0\0\0H\0\0\0\0\0\0\0\223\0\0\0\0\0\0\0\0\0\0\0\0\0\0\0\0\0\0\0\1\0\0\0\0\0\0\0\0\0\0\0\0{\1\0\0\1\0\0\0\0\0\0`\0\0\0p\0\0\0\0\0\0\0\0\0\0\0\0\0\0\0\20\0\0\0\2\0\0\0\0\0\0\0\0\0\0\0\310\0\0\0\2\0\0\0\0\0\0\0\0\0\0\0\233\0\0\0\0\0\0\0\0\0\0\0\0\0\0\0\200\24\0\0@\0\0\0\234\0\0\0\0\0\0\0\0\0\0\0\0\0\0\0\0\0\0\0\0\0\0\0"..., iov_len=4096}], msg_iovlen=1, msg_controllen=0, msg_flags=0}, MSG_DONTWAIT) = 392
10578 <... openat resumed>)             = 20
10509 sendto(36, "\20\0\0\0 \5\0\0\367A\23s\0\0\0\0\30\0\24\0\0\0\0\0B\0\0\0\0\0\0\0\0\0\0\0\0\0\0\0H\0\0\0\0\0\0\0\232\0\0\0\0\0\0\0\0\0\0\0\0\0\0\0\0\0\0\0\1\0\0\0\377\377\377\377\377\377\377\377\0\0\0\0\0\0\0\0`\0\0\08\4\0\0H\4\0\0\0\0\0\0\0\0\0\0\0\0\0\0\330\3\0\0\320\3\0\08\0\0\0\3\0\0\0\0\0\0\0\357\20\376Z\0\0\0\0\213\370\267\220\0\0\0\0\0\0\0\0\30\0\0\0\0\0\0\0\0\0\0\0\0\0\0\0\0\0\0\0\0\0\0\0000\0\0\0\0\0\0\0\0\0\0\0\0\0\0\0\0\0\0\0\0\0\0\0\30\0\0\0\0\0\0\0\1\0\0\0\0\0\0\0`\3\0\0\0\0\0\0 \1\0\0\0\0\0\0\30\1\0\0\0\0\0\0 \1\0\0\0\0\0\0\240\1\0\0\0\0\0\0"..., 1312, MSG_NOSIGNAL, NULL, 0) = 1312
10579 sendto(5, "\20\0\0\0p\0\0\0\271B\23s\0\0\0\0\30\0\24\0\0\0\0\0/\0\0\0\0\0\0\0\0\0\0\0\0\0\0\0H\0\0\0\0\0\0\0\223\0\0\0\0\0\0\0\1\0\0\0\0\0\0\0\0\0\0\0\1\0\0\0\0\0\0\0\0\0\0\0\0x\1\0\0\1\0\0\0\0\0\0\0\0\0\0\0\0\0\0\0\0\0\0\0\0\0\0\0\0\0\0", 112, MSG_NOSIGNAL, NULL, 0) = 112
10533 recvmsg(36, {msg_name=NULL, msg_namelen=0, msg_iov=[{iov_base="\20\0\0\0p\0\0\0\271B\23s\0\0\0\0\30\0\24\0\0\0\0\0/\0\0\0\0\0\0\0\0\0\0\0\0\0\0\0H\0\0\0\0\0\0\0\223\0\0\0\0\0\0\0\1\0\0\0\0\0\0\0\0\0\0\0\1\0\0\0\0\0\0\0\0\0\0\0\0x\1\0\0\1\0\0\0\0\0\0\0\0\0\0\0\0\0\0\0\0\0\0\0\0\0\0\0\0\0\0", iov_len=4096}], msg_iovlen=1, msg_controllen=0, msg_flags=0}, MSG_DONTWAIT) = 112
10509 sendto(44, "\20\0\0\0@\0\0\0bC\23s\0\0\0\0\30\0\26\0\0\0\0\0/\0\0\0\0\0\0\0\0\0\0\0\0\0\0\0\30\0\0\0\0\0\0\0\37\0\0\0\0\0\0\0\0\0\0\0\0\0\0\0", 64, MSG_NOSIGNAL, NULL, 0) = 64
10567 recvmsg(14,  <unfinished ...>
10509 sendto(44, "\20\0\0\0@\0\0\0\300C\23s\0\0\0\0\30\0\26\0\0\0\0\0000\0\0\0\0\0\0\0\0\0\0\0\0\0\0\0\30\0\0\0\0\0\0\0*\0\0\0\0\0\0\0\0\0\0\0\0\0\0\0", 64, MSG_NOSIGNAL, NULL, 0 <unfinished ...>
10567 <... recvmsg resumed>{msg_name=NULL, msg_namelen=0, msg_iov=[{iov_base="\20\0\0\0@\0\0\0bC\23s\0\0\0\0\30\0\26\0\0\0\0\0/\0\0\0\0\0\0\0\0\0\0\0\0\0\0\0\30\0\0\0\0\0\0\0\37\0\0\0\0\0\0\0\0\0\0\0\0\0\0\0", iov_len=4096}], msg_iovlen=1, msg_controllen=0, msg_flags=0}, MSG_DONTWAIT) = 64
10509 <... sendto resumed>)             = 64
10567 recvmsg(14,  <unfinished ...>
10579 recvmsg(5,  <unfinished ...>
10567 <... recvmsg resumed>{msg_name=NULL, msg_namelen=0, msg_iov=[{iov_base="\20\0\0\0@\0\0\0\300C\23s\0\0\0\0\30\0\26\0\0\0\0\0000\0\0\0\0\0\0\0\0\0\0\0\0\0\0\0\30\0\0\0\0\0\0\0*\0\0\0\0\0\0\0\0\0\0\0\0\0\0\0", iov_len=4096}], msg_iovlen=1, msg_controllen=0, msg_flags=0}, MSG_DONTWAIT) = 64
10579 <... recvmsg resumed>{msg_name=NULL, msg_namelen=0, msg_iov=[{iov_base="\20\0\0\0\330\2\0\0\251A\23s\0\0\0\0\30\0\24\0\0\0\0\0A\0\0\0\0\0\0\0\0\0\0\0\0\0\0\0H\0\0\0\0\0\0\0\212\0\0\0\0\0\0\0\1\0\0\0\0\0\0\0\0\0\0\0\1\0\0\0\377\377\377\377\377\377\377\377\0\0\0\0\0\0\0\0`\0\0\0P\2\0\0`\2\0\0\0\0\0\0\0\0\0\0\0\0\0\0\360\1\0\0\350\1\0\08\0\0\0\3\0\0\0\0\0\0\0`\5\312\17\0\0\0\0\212\370\267\220\0\0\0\0\0\0\0\0\30\0\0\0\0\0\0\0\0\0\0\0\0\0\0\0\0\0\0\0\0\0\0\0\30\0\0\0\0\0\0\0\0\0\0\0\0\0\0\0\10\0\0\0\0\0\0\0\270\0\0\0\0\0\0\0\20\0\0\0\0\0\0\0\250\0\0\0\0\0\0\0\0\0\0\0\0\0\0\0\"\0\0\0\377\377\377\377\0\0\0\0\1\0\0\0\220\0\0\0\0\0\0\0"..., iov_len=4096}], msg_iovlen=1, msg_controllen=0, msg_flags=0}, MSG_DONTWAIT) = 2040
10579 socket(AF_INET, SOCK_DGRAM, IPPROTO_IP) = 21
10579 bind(21, {sa_family=AF_INET, sin_port=htons(34588), sin_addr=inet_addr("0.0.0.0")}, 16) = 0
10579 connect(21, {sa_family=AF_INET, sin_port=htons(53), sin_addr=inet_addr("127.0.0.53")}, 16) = 0
10579 getsockname(21, {sa_family=AF_INET, sin_port=htons(34588), sin_addr=inet_addr("127.0.0.1")}, [128 => 16]) = 0
10579 sendto(21, "\317\332\1\0\0\1\0\0\0\0\0\0\3www\7gstatic\3com\0\0A\0\1", 33, 0, NULL, 0) = 33
10579 recvmsg(21, {msg_namelen=128}, 0) = -1 ECONNREFUSED (Connection refused)
10579 socket(AF_INET, SOCK_DGRAM, IPPROTO_IP) = 19
10579 bind(19, {sa_family=AF_INET, sin_port=htons(30023), sin_addr=inet_addr("0.0.0.0")}, 16) = 0
10579 connect(19, {sa_family=AF_INET, sin_port=htons(53), sin_addr=inet_addr("127.0.0.53")}, 16) = 0
10579 getsockname(19, {sa_family=AF_INET, sin_port=htons(30023), sin_addr=inet_addr("127.0.0.1")}, [128 => 16]) = 0
10579 sendto(19, "\323D\1\0\0\1\0\0\0\0\0\0\3www\7gstatic\3com\0\0A\0\1", 33, 0, NULL, 0) = 33
10579 recvmsg(19,  <unfinished ...>
10578 openat(AT_FDCWD, "/tmp/playwright_chromiumdev_profile-pi0Vs8/Default/Reporting and NEL-journal", O_RDWR|O_CREAT|O_NOFOLLOW|O_CLOEXEC, 0600 <unfinished ...>
10579 <... recvmsg resumed>{msg_namelen=128}, 0) = -1 ECONNREFUSED (Connection refused)
10578 <... openat resumed>)             = 23
10509 sendto(36, "\20\0\0\0@\0\0\0]J\23s\0\0\0\0\30\0\26\0\0\0\0\0C\0\0\0\0\0\0\0\0\0\0\0\0\0\0\0\30\0\0\0\0\0\0\0-\0\0\0\0\0\0\0\0\0\0\0\0\0\0\0", 64, MSG_NOSIGNAL, NULL, 0 <unfinished ...>
10579 socket(AF_INET, SOCK_DGRAM, IPPROTO_IP <unfinished ...>
10509 <... sendto resumed>)             = 64
10579 <... socket resumed>)             = 25
10509 sendto(36, "\20\0\0\0@\0\0\0\306J\23s\0\0\0\0\30\0\26\0\0\0\0\0D\0\0\0\0\0\0\0\0\0\0\0\0\0\0\0\30\0\0\0\0\0\0\09\0\0\0\0\0\0\0\0\0\0\0\0\0\0\0", 64, MSG_NOSIGNAL, NULL, 0) = 64
10579 bind(25, {sa_family=AF_INET, sin_port=htons(20529), sin_addr=inet_addr("0.0.0.0")}, 16) = 0
10579 connect(25, {sa_family=AF_INET, sin_port=htons(53), sin_addr=inet_addr("127.0.0.53")}, 16) = 0
10579 getsockname(25, {sa_family=AF_INET, sin_port=htons(20529), sin_addr=inet_addr("127.0.0.1")}, [128 => 16]) = 0
10579 sendto(25, "\233~\1\0\0\1\0\0\0\0\0\0\3www\7gstatic\3com\0\0\1\0\1", 33, 0, NULL, 0) = 33
10579 recvmsg(25, {msg_namelen=128}, 0) = -1 ECONNREFUSED (Connection refused)
10509 openat(AT_FDCWD, "/tmp/.com.google.Chrome.BLHKEB", O_RDWR|O_CREAT|O_EXCL, 0600 <unfinished ...>
10579 socket(AF_INET, SOCK_DGRAM, IPPROTO_IP) = 27
10509 <... openat resumed>)             = 93
10509 openat(AT_FDCWD, "/tmp/.com.google.Chrome.BLHKEB", O_RDONLY) = 94
10579 bind(27, {sa_family=AF_INET, sin_port=htons(55979), sin_addr=inet_addr("0.0.0.0")}, 16) = 0
10579 connect(27, {sa_family=AF_INET, sin_port=htons(53), sin_addr=inet_addr("127.0.0.53")}, 16) = 0
10579 getsockname(27, {sa_family=AF_INET, sin_port=htons(55979), sin_addr=inet_addr("127.0.0.1")}, [128 => 16]) = 0
10579 sendto(27, "\203\330\1\0\0\1\0\0\0\0\0\0\3www\7gstatic\3com\0\0\1\0\1", 33, 0, NULL, 0) = 33
10579 recvmsg(27, {msg_namelen=128}, 0) = -1 ECONNREFUSED (Connection refused)
10578 openat(AT_FDCWD, "/tmp/playwright_chromiumdev_profile-pi0Vs8/Default", O_RDONLY|O_CLOEXEC) = 28
10579 recvmsg(5, {msg_name=NULL, msg_namelen=0, msg_iov=[{iov_base="\20\0\0\0@\0\0\0]J\23s\0\0\0\0\30\0\26\0\0\0\0\0C\0\0\0\0\0\0\0\0\0\0\0\0\0\0\0\30\0\0\0\0\0\0\0-\0\0\0\0\0\0\0\0\0\0\0\0\0\0\0\20\0\0\0@\0\0\0\306J\23s\0\0\0\0\30\0\26\0\0\0\0\0D\0\0\0\0\0\0\0\0\0\0\0\0\0\0\0\30\0\0\0\0\0\0\09\0\0\0\0\0\0\0\0\0\0\0\0\0\0\0", iov_len=4096}], msg_iovlen=1, msg_controllen=0, msg_flags=0}, MSG_DONTWAIT) = 128
10509 sendmsg(37, {msg_name=NULL, msg_namelen=0, msg_iov=[{iov_base="\20\0\2\0\370\0\0\0\377O\23s\0\0\0\0\30\0\24\0\0\0\0\0\34\0\0\0\0\0\0\0p\0\0\0\0\0\0\0H\0\0\0\0\0\0\0*\0\0\0\0\0\0\0\0\0\0\0\0\0\0\0\0\0\0\0\1\0\0\0\0\0\0\0\0\0\0\0\0{\1\0\0\1\0\0\0\0\0\0`\0\0\0\0\0\0\0\0\0\0\0\0\0\0\0\2\0\0\0\20\0\0\0\2\0\0\0\1\0\0\0\1\0\0\0\30\0\0\0\2\0\0\0\210\0\0\0\0\0\1\0\270\0\0\0\1\0\1\0000\0\0\0(\0\0\0\10\0\0\0\1\0\0\0 \0\0\0\10\0\0\0\0\0\0\0\0\0\0\0Gl\241\376?\257\335\342\20\232}\307z\233\346n0\0\0\0(\0\0\0\10\0\0\0\1\0\0\0 \0\0\0\10\0\0\0\0\0\0\0\0\0\0\0*1\223\363o\224M\273U\277\322]\243\10K\367", iov_len=248}], msg_iovlen=1, msg_control=[{cmsg_len=24, cmsg_level=SOL_SOCKET, cmsg_type=SCM_RIGHTS, cmsg_data=[92, 93]}], msg_controllen=24, msg_flags=0}, MSG_NOSIGNAL) = 248
10557 recvmsg(14, {msg_name=NULL, msg_namelen=0, msg_iov=[{iov_base="\20\0\2\0\370\0\0\0\377O\23s\0\0\0\0\30\0\24\0\0\0\0\0\34\0\0\0\0\0\0\0p\0\0\0\0\0\0\0H\0\0\0\0\0\0\0*\0\0\0\0\0\0\0\0\0\0\0\0\0\0\0\0\0\0\0\1\0\0\0\0\0\0\0\0\0\0\0\0{\1\0\0\1\0\0\0\0\0\0`\0\0\0\0\0\0\0\0\0\0\0\0\0\0\0\2\0\0\0\20\0\0\0\2\0\0\0\1\0\0\0\1\0\0\0\30\0\0\0\2\0\0\0\210\0\0\0\0\0\1\0\270\0\0\0\1\0\1\0000\0\0\0(\0\0\0\10\0\0\0\1\0\0\0 \0\0\0\10\0\0\0\0\0\0\0\0\0\0\0Gl\241\376?\257\335\342\20\232}\307z\233\346n0\0\0\0(\0\0\0\10\0\0\0\1\0\0\0 \0\0\0\10\0\0\0\0\0\0\0\0\0\0\0*1\223\363o\224M\273U\277\322]\243\10K\367", iov_len=4096}], msg_iovlen=1, msg_control=[{cmsg_len=24, cmsg_level=SOL_SOCKET, cmsg_type=SCM_RIGHTS, cmsg_data=[26, 27]}], msg_controllen=24, msg_flags=0}, MSG_DONTWAIT) = 248
10579 sendto(5, "\20\0\0\0\350\0\0\0\263Q\23s\0\0\0\0\30\0\24\0\0\0\0\0000\0\0\0\0\0\0\0\0\0\0\0\0\0\0\0H\0\0\0\0\0\0\0\23\0\0\0\0\0\0\0\3\0\0\0\0\0\0\0\0\0\0\0\1\0\0\0\377\377\377\377\377\377\377\377\0\0\0\0\0\0\0\0`\0\0\0\0\0\0\0\0\0\0\0\0\0\0\0\0\0\0\0\0\0\0\0x\0\0\0p\0\0\08\0\0\0\3\0\0\0\0\0\0\0\\\1g\r\1\0\0\0\344\231~?\4\0\0\0\0\0\0\0\30\0\0\0\0\0\0\0\0\0\0\0\0\0\0\0\0\0\0\0\0\0\0\0 \0\0\0\0\0\0\0\30\0\0\0\0\0\0\0\1\0\0\0\6\0\0\0\377\377\377\377\377\377\377\377\27\0\0\0\17\0\0\0www.gstatic.com\0", 232, MSG_NOSIGNAL, NULL, 0) = 232
10533 recvmsg(36, {msg_name=NULL, msg_namelen=0, msg_iov=[{iov_base="\20\0\0\0\350\0\0\0\263Q\23s\0\0\0\0\30\0\24\0\0\0\0\0000\0\0\0\0\0\0\0\0\0\0\0\0\0\0\0H\0\0\0\0\0\0\0\23\0\0\0\0\0\0\0\3\0\0\0\0\0\0\0\0\0\0\0\1\0\0\0\377\377\377\377\377\377\377\377\0\0\0\0\0\0\0\0`\0\0\0\0\0\0\0\0\0\0\0\0\0\0\0\0\0\0\0\0\0\0\0x\0\0\0p\0\0\08\0\0\0\3\0\0\0\0\0\0\0\\\1g\r\1\0\0\0\344\231~?\4\0\0\0\0\0\0\0\30\0\0\0\0\0\0\0\0\0\0\0\0\0\0\0\0\0\0\0\0\0\0\0 \0\0\0\0\0\0\0\30\0\0\0\0\0\0\0\1\0\0\0\6\0\0\0\377\377\377\377\377\377\377\377\27\0\0\0\17\0\0\0www.gstatic.com\0", iov_len=4096}], msg_iovlen=1, msg_controllen=0, msg_flags=0}, MSG_DONTWAIT) = 232
10499 openat(AT_FDCWD, "/tmp/deckrender-local-jtGFS7/office2html/slides/0000.html", O_RDONLY|O_CLOEXEC) = 22
10542 openat(AT_FDCWD, "/proc/10545/task", O_RDONLY|O_DIRECTORY) = 92
10542 openat(AT_FDCWD, "/proc/10545/task/10545/status", O_RDONLY|O_CLOEXEC <unfinished ...>
10529 openat(AT_FDCWD, "/etc/hosts", O_RDONLY|O_CLOEXEC <unfinished ...>
10542 <... openat resumed>)             = 92
10529 <... openat resumed>)             = 93
10529 socket(AF_INET, SOCK_DGRAM|SOCK_CLOEXEC|SOCK_NONBLOCK, IPPROTO_IP) = 92
10509 sendto(36, "\20\0\0\0p\0\0\0\366W\23s\0\0\0\0\30\0\24\0\0\0\0\0E\0\0\0\0\0\0\0\0\0\0\0\0\0\0\0H\0\0\0\0\0\0\0g\0\0\0\0\0\0\0\0\0\0\0\0\0\0\0\0\0\0\0\1\0\0\0\0\0\0\0\0\0\0\0\0\177\1\0\0\1\0\0\0\0\0\0\0\0\0\0\0\0\0\0\0\0\0\0\0\0\0\0\0\0\0\0", 112, MSG_NOSIGNAL, NULL, 0 <unfinished ...>
10529 setsockopt(92, SOL_IP, IP_RECVERR, [1], 4) = 0
10509 <... sendto resumed>)             = 112
10579 recvmsg(5,  <unfinished ...>
10529 connect(92, {sa_family=AF_INET, sin_port=htons(53), sin_addr=inet_addr("127.0.0.53")}, 16 <unfinished ...>
10579 <... recvmsg resumed>{msg_name=NULL, msg_namelen=0, msg_iov=[{iov_base="\20\0\0\0p\0\0\0\366W\23s\0\0\0\0\30\0\24\0\0\0\0\0E\0\0\0\0\0\0\0\0\0\0\0\0\0\0\0H\0\0\0\0\0\0\0g\0\0\0\0\0\0\0\0\0\0\0\0\0\0\0\0\0\0\0\1\0\0\0\0\0\0\0\0\0\0\0\0\177\1\0\0\1\0\0\0\0\0\0\0\0\0\0\0\0\0\0\0\0\0\0\0\0\0\0\0\0\0\0", iov_len=4096}], msg_iovlen=1, msg_controllen=0, msg_flags=0}, MSG_DONTWAIT) = 112
10529 <... connect resumed>)            = 0
10542 openat(AT_FDCWD, "/proc/10545/task", O_RDONLY|O_DIRECTORY) = 93
10529 sendto(92, "\245\322\1 \0\1\0\0\0\0\0\1\3www\7gstatic\3com\0\0\1\0\1\0\0)\4\260\0\0\0\0\0\0", 44, MSG_NOSIGNAL, NULL, 0) = 44
10542 openat(AT_FDCWD, "/proc/10545/task/10545/status", O_RDONLY|O_CLOEXEC) = 93
10529 socket(AF_INET, SOCK_DGRAM|SOCK_CLOEXEC|SOCK_NONBLOCK, IPPROTO_IP) = 92
10529 setsockopt(92, SOL_IP, IP_RECVERR, [1], 4) = 0
10529 connect(92, {sa_family=AF_INET, sin_port=htons(53), sin_addr=inet_addr("127.0.0.53")}, 16) = 0
10529 sendto(92, "\245\322\1 \0\1\0\0\0\0\0\1\3www\7gstatic\3com\0\0\1\0\1\0\0)\4\260\0\0\0\0\0\0", 44, MSG_NOSIGNAL, NULL, 0 <unfinished ...>
10542 openat(AT_FDCWD, "/proc/10545/task/10547/status", O_RDONLY|O_CLOEXEC) = 93
10529 <... sendto resumed>)             = 44
10529 socket(AF_INET, SOCK_DGRAM|SOCK_CLOEXEC|SOCK_NONBLOCK, IPPROTO_IP) = 92
10529 setsockopt(92, SOL_IP, IP_RECVERR, [1], 4) = 0
10542 openat(AT_FDCWD, "/proc/10545/task/10548/status", O_RDONLY|O_CLOEXEC <unfinished ...>
10529 connect(92, {sa_family=AF_INET, sin_port=htons(53), sin_addr=inet_addr("127.0.0.53")}, 16 <unfinished ...>
10542 <... openat resumed>)             = 93
10529 <... connect resumed>)            = 0
10529 sendto(92, "-\377\1 \0\1\0\0\0\0\0\1\3www\7gstatic\3com\0320auhaxe53pruloeser5wrueatf\2bx\10internal\10cloudapp\3net\0\0\1\0\1\0\0)\4\260\0\0\0\0\0\0", 96, MSG_NOSIGNAL, NULL, 0) = 96
10499 openat(AT_FDCWD, "/tmp/deckrender-local-jtGFS7/office2html/index.html", O_RDONLY|O_CLOEXEC) = 22
10542 openat(AT_FDCWD, "/proc/10545/task/10549/status", O_RDONLY|O_CLOEXEC) = 92
10578 openat(AT_FDCWD, "/tmp/playwright_chromiumdev_profile-pi0Vs8/Default/Reporting and NEL-journal", O_RDWR|O_CREAT|O_NOFOLLOW|O_CLOEXEC, 0600 <unfinished ...>
10529 socket(AF_INET, SOCK_DGRAM|SOCK_CLOEXEC|SOCK_NONBLOCK, IPPROTO_IP <unfinished ...>
10578 <... openat resumed>)             = 19
10529 <... socket resumed>)             = 93
10529 setsockopt(93, SOL_IP, IP_RECVERR, [1], 4) = 0
10529 connect(93, {sa_family=AF_INET, sin_port=htons(53), sin_addr=inet_addr("127.0.0.53")}, 16) = 0
10529 sendto(93, "-\377\1 \0\1\0\0\0\0\0\1\3www\7gstatic\3com\0320auhaxe53pruloeser5wrueatf\2bx\10internal\10cloudapp\3net\0\0\1\0\1\0\0)\4\260\0\0\0\0\0\0", 96, MSG_NOSIGNAL, NULL, 0 <unfinished ...>
10542 openat(AT_FDCWD, "/proc/10545/task/10550/status", O_RDONLY|O_CLOEXEC <unfinished ...>
10529 <... sendto resumed>)             = 96
10542 <... openat resumed>)             = 92
10529 sendto(36, "\20\0\0\0p\0\0\0#a\23s\0\0\0\0\30\0\24\0\0\0\0\0F\0\0\0\0\0\0\0\0\0\0\0\0\0\0\0H\0\0\0\0\0\0\0\23\0\0\0\0\0\0\0\3\0\0\0\0\0\0\0\0\0\0\0\1\0\0\0\0\0\0\0\0\0\0\0\0}\1\0\0\1\0\0\0\0\0\0\0\0\0\0\0\0\0\0\0\0\0\0\0\0\0\0\0\0\0\0", 112, MSG_NOSIGNAL, NULL, 0) = 112
10579 recvmsg(5, {msg_name=NULL, msg_namelen=0, msg_iov=[{iov_base="\20\0\0\0p\0\0\0#a\23s\0\0\0\0\30\0\24\0\0\0\0\0F\0\0\0\0\0\0\0\0\0\0\0\0\0\0\0H\0\0\0\0\0\0\0\23\0\0\0\0\0\0\0\3\0\0\0\0\0\0\0\0\0\0\0\1\0\0\0\0\0\0\0\0\0\0\0\0}\1\0\0\1\0\0\0\0\0\0\0\0\0\0\0\0\0\0\0\0\0\0\0\0\0\0\0\0\0\0", iov_len=4096}], msg_iovlen=1, msg_controllen=0, msg_flags=0}, MSG_DONTWAIT) = 112
10579 socket(AF_INET, SOCK_DGRAM, IPPROTO_IP <unfinished ...>
10542 openat(AT_FDCWD, "/proc/10545/task/10551/status", O_RDONLY|O_CLOEXEC <unfinished ...>
10579 <... socket resumed>)             = 21
10578 openat(AT_FDCWD, "/tmp/playwright_chromiumdev_profile-pi0Vs8/Default", O_RDONLY|O_CLOEXEC <unfinished ...>
10542 <... openat resumed>)             = 92
10578 <... openat resumed>)             = 23
10579 bind(21, {sa_family=AF_INET, sin_port=htons(63998), sin_addr=inet_addr("0.0.0.0")}, 16) = 0
10579 connect(21, {sa_family=AF_INET, sin_port=htons(53), sin_addr=inet_addr("127.0.0.53")}, 16) = 0
10579 getsockname(21, {sa_family=AF_INET, sin_port=htons(63998), sin_addr=inet_addr("127.0.0.1")}, [128 => 16]) = 0
10579 sendto(21, "\30\214\1\0\0\1\0\0\0\0\0\0\3www\7gstatic\3com\0\0A\0\1", 33, 0, NULL, 0) = 33
10579 recvmsg(21, {msg_namelen=128}, 0) = -1 ECONNREFUSED (Connection refused)
10579 socket(AF_INET, SOCK_DGRAM, IPPROTO_IP) = 25
10579 bind(25, {sa_family=AF_INET, sin_port=htons(30704), sin_addr=inet_addr("0.0.0.0")}, 16) = 0
10579 connect(25, {sa_family=AF_INET, sin_port=htons(53), sin_addr=inet_addr("127.0.0.53")}, 16) = 0
10579 getsockname(25, {sa_family=AF_INET, sin_port=htons(30704), sin_addr=inet_addr("127.0.0.1")}, [128 => 16]) = 0
10579 sendto(25, "D\n\1\0\0\1\0\0\0\0\0\0\3www\7gstatic\3com\0\0A\0\1", 33, 0, NULL, 0) = 33
10579 recvmsg(25, {msg_namelen=128}, 0) = -1 ECONNREFUSED (Connection refused)
10579 socket(AF_INET, SOCK_DGRAM, IPPROTO_IP) = 23
10579 bind(23, {sa_family=AF_INET, sin_port=htons(28529), sin_addr=inet_addr("0.0.0.0")}, 16) = 0
10542 openat(AT_FDCWD, "/proc/10545/task/10552/status", O_RDONLY|O_CLOEXEC <unfinished ...>
10579 connect(23, {sa_family=AF_INET, sin_port=htons(53), sin_addr=inet_addr("127.0.0.53")}, 16 <unfinished ...>
10542 <... openat resumed>)             = 92
10579 <... connect resumed>)            = 0
10579 getsockname(23, {sa_family=AF_INET, sin_port=htons(28529), sin_addr=inet_addr("127.0.0.1")}, [128 => 16]) = 0
10579 sendto(23, "\242>\1\0\0\1\0\0\0\0\0\0\3www\7gstatic\3com\0\0\1\0\1", 33, 0, NULL, 0) = 33
10579 recvmsg(23, {msg_namelen=128}, 0) = -1 ECONNREFUSED (Connection refused)
10579 socket(AF_INET, SOCK_DGRAM, IPPROTO_IP) = 27
10579 bind(27, {sa_family=AF_INET, sin_port=htons(21077), sin_addr=inet_addr("0.0.0.0")}, 16) = 0
10579 connect(27, {sa_family=AF_INET, sin_port=htons(53), sin_addr=inet_addr("127.0.0.53")}, 16 <unfinished ...>
10542 openat(AT_FDCWD, "/proc/10545/task/10553/status", O_RDONLY|O_CLOEXEC <unfinished ...>
10579 <... connect resumed>)            = 0
10579 getsockname(27,  <unfinished ...>
10542 <... openat resumed>)             = 92
10579 <... getsockname resumed>{sa_family=AF_INET, sin_port=htons(21077), sin_addr=inet_addr("127.0.0.1")}, [128 => 16]) = 0
10579 sendto(27, "(y\1\0\0\1\0\0\0\0\0\0\3www\7gstatic\3com\0\0\1\0\1", 33, 0, NULL, 0) = 33
10579 recvmsg(27, {msg_namelen=128}, 0) = -1 ECONNREFUSED (Connection refused)
10542 openat(AT_FDCWD, "/proc/10545/task/10554/status", O_RDONLY|O_CLOEXEC) = 92
10579 sendto(5, "\20\0\0\0p\0\0\0\374k\23s\0\0\0\0\30\0\24\0\0\0\0\0001\0\0\0\0\0\0\0\0\0\0\0\0\0\0\0H\0\0\0\0\0\0\0\23\0\0\0\0\0\0\0\4\0\0\0\0\0\0\0\0\0\0\0\1\0\0\0\0\0\0\0\0\0\0\0\0}\1\0\0\1\0\0\0\0\0\0\0\0\0\0\0\0\0\0\0\0\0\0\0\0\0\0\0\0\0\0", 112, MSG_NOSIGNAL, NULL, 0) = 112
10533 recvmsg(36, {msg_name=NULL, msg_namelen=0, msg_iov=[{iov_base="\20\0\0\0p\0\0\0\374k\23s\0\0\0\0\30\0\24\0\0\0\0\0001\0\0\0\0\0\0\0\0\0\0\0\0\0\0\0H\0\0\0\0\0\0\0\23\0\0\0\0\0\0\0\4\0\0\0\0\0\0\0\0\0\0\0\1\0\0\0\0\0\0\0\0\0\0\0\0}\1\0\0\1\0\0\0\0\0\0\0\0\0\0\0\0\0\0\0\0\0\0\0\0\0\0\0\0\0\0", iov_len=4096}], msg_iovlen=1, msg_controllen=0, msg_flags=0}, MSG_DONTWAIT) = 112
10529 openat(AT_FDCWD, "/etc/hosts", O_RDONLY|O_CLOEXEC) = 92
10542 openat(AT_FDCWD, "/proc/10545/task", O_RDONLY|O_DIRECTORY) = 93
10509 sendto(36, "\20\0\0\0H\1\0\0do\23s\0\0\0\0\30\0\24\0\0\0\0\0G\0\0\0\0\0\0\0\0\0\0\0\0\0\0\0H\0\0\0\0\0\0\0\201\0\0\0\0\0\0\0\1\0\0\0\0\0\0\0\0\0\0\0\1\0\0\0\0\0\0\0\0\0\0\0\0\224\1\0\0\4\0\0\0\0\0\0`\0\0\0p\0\0\0\0\0\0\0\0\0\0\0\0\0\0\0\20\0\0\0\2\0\0\0\0\0\0\0\0\0\0\0\310\0\0\0\2\0\0\0\0\0\0\0\0\0\0\0\243\0\0\0\0\0\0\0\0\0\0\0\0\0\0\0\200\t\0\0@\0\0\0\244\0\0\0\0\0\0\0\0\0\0\0\0\0\0\0\0\0\0\0\0\0\0\0\0\0\0\0\0\0\0\0\2\0\0\0\0\0\0\0\0\0\0\0\0\0\0\0\0\0\0\0\0\0\0\0\0\0\0\0\0\0\0\0\0\0\0\0\0\0\0\0\245\0\0\0\0\0\0\0\0\0\0\0\0\0\0\0"..., 328, MSG_NOSIGNAL, NULL, 0 <unfinished ...>
10542 openat(AT_FDCWD, "/proc/10545/task/10545/status", O_RDONLY|O_CLOEXEC <unfinished ...>
10529 socket(AF_INET, SOCK_DGRAM|SOCK_CLOEXEC|SOCK_NONBLOCK, IPPROTO_IP <unfinished ...>
10542 <... openat resumed>)             = 92
10509 <... sendto resumed>)             = 328
10579 recvmsg(5,  <unfinished ...>
10529 <... socket resumed>)             = 93
10579 <... recvmsg resumed>{msg_name=NULL, msg_namelen=0, msg_iov=[{iov_base="\20\0\0\0H\1\0\0do\23s\0\0\0\0\30\0\24\0\0\0\0\0G\0\0\0\0\0\0\0\0\0\0\0\0\0\0\0H\0\0\0\0\0\0\0\201\0\0\0\0\0\0\0\1\0\0\0\0\0\0\0\0\0\0\0\1\0\0\0\0\0\0\0\0\0\0\0\0\224\1\0\0\4\0\0\0\0\0\0`\0\0\0p\0\0\0\0\0\0\0\0\0\0\0\0\0\0\0\20\0\0\0\2\0\0\0\0\0\0\0\0\0\0\0\310\0\0\0\2\0\0\0\0\0\0\0\0\0\0\0\243\0\0\0\0\0\0\0\0\0\0\0\0\0\0\0\200\t\0\0@\0\0\0\244\0\0\0\0\0\0\0\0\0\0\0\0\0\0\0\0\0\0\0\0\0\0\0\0\0\0\0\0\0\0\0\2\0\0\0\0\0\0\0\0\0\0\0\0\0\0\0\0\0\0\0\0\0\0\0\0\0\0\0\0\0\0\0\0\0\0\0\0\0\0\0\245\0\0\0\0\0\0\0\0\0\0\0\0\0\0\0"..., iov_len=4096}], msg_iovlen=1, msg_controllen=0, msg_flags=0}, MSG_DONTWAIT) = 328
10529 setsockopt(93, SOL_IP, IP_RECVERR, [1], 4) = 0
10529 connect(93, {sa_family=AF_INET, sin_port=htons(53), sin_addr=inet_addr("127.0.0.53")}, 16) = 0
10529 sendto(93, "\346W\1 \0\1\0\0\0\0\0\1\3www\7gstatic\3com\0\0\1\0\1\0\0)\4\260\0\0\0\0\0\0", 44, MSG_NOSIGNAL, NULL, 0) = 44
10542 openat(AT_FDCWD, "/proc/10545/task/10547/status", O_RDONLY|O_CLOEXEC <unfinished ...>
10579 sendto(5, "\20\0\0\0p\0\0\0\215q\23s\0\0\0\0\30\0\24\0\0\0\0\0002\0\0\0\0\0\0\0\0\0\0\0\0\0\0\0H\0\0\0\0\0\0\0k\0\0\0\0\0\0\0\0\0\0\0\0\0\0\0\0\0\0\0\1\0\0\0\0\0\0\0\0\0\0\0\0|\1\0\0\1\0\0\0\0\0\0\0\0\0\0\0\0\0\0\0\0\0\0\0\0\0\0\0\0\0\0", 112, MSG_NOSIGNAL, NULL, 0 <unfinished ...>
10542 <... openat resumed>)             = 92
10579 <... sendto resumed>)             = 112
10529 socket(AF_INET, SOCK_DGRAM|SOCK_CLOEXEC|SOCK_NONBLOCK, IPPROTO_IP <unfinished ...>
10533 recvmsg(36, {msg_name=NULL, msg_namelen=0, msg_iov=[{iov_base="\20\0\0\0p\0\0\0\215q\23s\0\0\0\0\30\0\24\0\0\0\0\0002\0\0\0\0\0\0\0\0\0\0\0\0\0\0\0H\0\0\0\0\0\0\0k\0\0\0\0\0\0\0\0\0\0\0\0\0\0\0\0\0\0\0\1\0\0\0\0\0\0\0\0\0\0\0\0|\1\0\0\1\0\0\0\0\0\0\0\0\0\0\0\0\0\0\0\0\0\0\0\0\0\0\0\0\0\0", iov_len=4096}], msg_iovlen=1, msg_controllen=0, msg_flags=0}, MSG_DONTWAIT) = 112
10529 <... socket resumed>)             = 95
10509 openat(AT_FDCWD, "/tmp/.com.google.Chrome.zBHbyr", O_RDWR|O_CREAT|O_EXCL, 0600 <unfinished ...>
10529 setsockopt(95, SOL_IP, IP_RECVERR, [1], 4) = 0
10509 <... openat resumed>)             = 96
10578 openat(AT_FDCWD, "/tmp/playwright_chromiumdev_profile-pi0Vs8/Default/Reporting and NEL-journal", O_RDWR|O_CREAT|O_NOFOLLOW|O_CLOEXEC, 0600 <unfinished ...>
10529 connect(95, {sa_family=AF_INET, sin_port=htons(53), sin_addr=inet_addr("127.0.0.53")}, 16 <unfinished ...>
10509 openat(AT_FDCWD, "/tmp/.com.google.Chrome.zBHbyr", O_RDONLY <unfinished ...>
10578 <... openat resumed>)             = 19
10529 <... connect resumed>)            = 0
10509 <... openat resumed>)             = 97
10529 sendto(95, "\346W\1 \0\1\0\0\0\0\0\1\3www\7gstatic\3com\0\0\1\0\1\0\0)\4\260\0\0\0\0\0\0", 44, MSG_NOSIGNAL, NULL, 0) = 44
10542 openat(AT_FDCWD, "/proc/10545/task/10548/status", O_RDONLY|O_CLOEXEC) = 92
10529 socket(AF_INET, SOCK_DGRAM|SOCK_CLOEXEC|SOCK_NONBLOCK, IPPROTO_IP) = 95
10529 setsockopt(95, SOL_IP, IP_RECVERR, [1], 4) = 0
10529 connect(95, {sa_family=AF_INET, sin_port=htons(53), sin_addr=inet_addr("127.0.0.53")}, 16) = 0
10529 sendto(95, "\304\271\1 \0\1\0\0\0\0\0\1\3www\7gstatic\3com\0320auhaxe53pruloeser5wrueatf\2bx\10internal\10cloudapp\3net\0\0\1\0\1\0\0)\4\260\0\0\0\0\0\0", 96, MSG_NOSIGNAL, NULL, 0 <unfinished ...>
10542 openat(AT_FDCWD, "/proc/10545/task/10549/status", O_RDONLY|O_CLOEXEC <unfinished ...>
10529 <... sendto resumed>)             = 96
10542 <... openat resumed>)             = 92
10529 socket(AF_INET, SOCK_DGRAM|SOCK_CLOEXEC|SOCK_NONBLOCK, IPPROTO_IP) = 95
10529 setsockopt(95, SOL_IP, IP_RECVERR, [1], 4) = 0
10509 sendmsg(44, {msg_name=NULL, msg_namelen=0, msg_iov=[{iov_base="\20\0\2\0\370\0\0\0\366u\23s\0\0\0\0\30\0\24\0\0\0\0\0001\0\0\0\0\0\0\0p\0\0\0\0\0\0\0H\0\0\0\0\0\0\0\35\0\0\0\0\0\0\0\0\0\0\0\0\0\0\0\0\0\0\0\1\0\0\0\0\0\0\0\0\0\0\0\0y\1\0\0\1\0\0\0\0\0\0`\0\0\0\0\0\0\0\0\0\0\0\0\0\0\0\2\0\0\0\20\0\0\0\2\0\0\0\1\0\0\0\1\0\0\0\30\0\0\0\2\0\0\0\210\0\0\0\0\0\1\0\270\0\0\0\1\0\1\0000\0\0\0(\0\0\0\10\0\0\0\1\0\0\0 \0\0\0\10\0\0\0\0\0\0\0\0\0\0\0Gl\241\376?\257\335\342\20\232}\307z\233\346n0\0\0\0(\0\0\0\10\0\0\0\1\0\0\0 \0\0\0\10\0\0\0\0\0\0\0\0\0\0\0\35\226\266\252\264\346\320\372\300\34o^pX\26J", iov_len=248}], msg_iovlen=1, msg_control=[{cmsg_len=24, cmsg_level=SOL_SOCKET, cmsg_type=SCM_RIGHTS, cmsg_data=[93, 96]}], msg_controllen=24, msg_flags=0}, MSG_NOSIGNAL <unfinished ...>
10529 connect(95, {sa_family=AF_INET, sin_port=htons(53), sin_addr=inet_addr("127.0.0.53")}, 16 <unfinished ...>
10509 <... sendmsg resumed>)            = 248
10529 <... connect resumed>)            = 0
10567 recvmsg(14, {msg_name=NULL, msg_namelen=0, msg_iov=[{iov_base="\20\0\2\0\370\0\0\0\366u\23s\0\0\0\0\30\0\24\0\0\0\0\0001\0\0\0\0\0\0\0p\0\0\0\0\0\0\0H\0\0\0\0\0\0\0\35\0\0\0\0\0\0\0\0\0\0\0\0\0\0\0\0\0\0\0\1\0\0\0\0\0\0\0\0\0\0\0\0y\1\0\0\1\0\0\0\0\0\0`\0\0\0\0\0\0\0\0\0\0\0\0\0\0\0\2\0\0\0\20\0\0\0\2\0\0\0\1\0\0\0\1\0\0\0\30\0\0\0\2\0\0\0\210\0\0\0\0\0\1\0\270\0\0\0\1\0\1\0000\0\0\0(\0\0\0\10\0\0\0\1\0\0\0 \0\0\0\10\0\0\0\0\0\0\0\0\0\0\0Gl\241\376?\257\335\342\20\232}\307z\233\346n0\0\0\0(\0\0\0\10\0\0\0\1\0\0\0 \0\0\0\10\0\0\0\0\0\0\0\0\0\0\0\35\226\266\252\264\346\320\372\300\34o^pX\26J", iov_len=4096}], msg_iovlen=1, msg_control=[{cmsg_len=24, cmsg_level=SOL_SOCKET, cmsg_type=SCM_RIGHTS, cmsg_data=[25, 26]}], msg_controllen=24, msg_flags=0}, MSG_DONTWAIT) = 248
10542 openat(AT_FDCWD, "/proc/10545/task/10550/status", O_RDONLY|O_CLOEXEC <unfinished ...>
10578 openat(AT_FDCWD, "/tmp/playwright_chromiumdev_profile-pi0Vs8/Default", O_RDONLY|O_CLOEXEC <unfinished ...>
10529 sendto(95, "\304\271\1 \0\1\0\0\0\0\0\1\3www\7gstatic\3com\0320auhaxe53pruloeser5wrueatf\2bx\10internal\10cloudapp\3net\0\0\1\0\1\0\0)\4\260\0\0\0\0\0\0", 96, MSG_NOSIGNAL, NULL, 0 <unfinished ...>
10578 <... openat resumed>)             = 21
10542 <... openat resumed>)             = 92
10529 <... sendto resumed>)             = 96
10529 sendto(36, "\20\0\0\0p\0\0\0\355w\23s\0\0\0\0\30\0\24\0\0\0\0\0H\0\0\0\0\0\0\0\0\0\0\0\0\0\0\0H\0\0\0\0\0\0\0\23\0\0\0\0\0\0\0\4\0\0\0\0\0\0\0\0\0\0\0\1\0\0\0\0\0\0\0\0\0\0\0\0}\1\0\0\1\0\0\0\0\0\0\0\0\0\0\0\0\0\0\0\0\0\0\0\0\0\0\0\0\0\0", 112, MSG_NOSIGNAL, NULL, 0) = 112
10579 recvmsg(5, {msg_name=NULL, msg_namelen=0, msg_iov=[{iov_base="\20\0\0\0p\0\0\0\355w\23s\0\0\0\0\30\0\24\0\0\0\0\0H\0\0\0\0\0\0\0\0\0\0\0\0\0\0\0H\0\0\0\0\0\0\0\23\0\0\0\0\0\0\0\4\0\0\0\0\0\0\0\0\0\0\0\1\0\0\0\0\0\0\0\0\0\0\0\0}\1\0\0\1\0\0\0\0\0\0\0\0\0\0\0\0\0\0\0\0\0\0\0\0\0\0\0\0\0\0", iov_len=4096}], msg_iovlen=1, msg_controllen=0, msg_flags=0}, MSG_DONTWAIT) = 112
10542 openat(AT_FDCWD, "/proc/10545/task/10551/status", O_RDONLY|O_CLOEXEC) = 92
10509 sendto(36, "\20\0\0\0p\0\0\0\361x\23s\0\0\0\0\30\0\24\0\0\0\0\0I\0\0\0\0\0\0\0\0\0\0\0\0\0\0\0H\0\0\0\0\0\0\0[\0\0\0\0\0\0\0\r\0\0\0\0\0\0\0\0\0\0\0\1\0\0\0\0\0\0\0\0\0\0\0\0\224\1\0\0\4\0\0\0\0\0\0\0\0\0\0\0\0\0\0\0\0\0\0\0\0\0\0\0\0\0\0", 112, MSG_NOSIGNAL, NULL, 0) = 112
10579 sendto(5, "\20\0\0\0p\0\0\0*y\23s\0\0\0\0\30\0\24\0\0\0\0\0003\0\0\0\0\0\0\0\0\0\0\0\0\0\0\0H\0\0\0\0\0\0\0\241\0\0\0\0\0\0\0\0\0\0\0\0\0\0\0\0\0\0\0\1\0\0\0\0\0\0\0\0\0\0\0\0}\1\0\0\1\0\0\0\0\0\0\0\0\0\0\0\0\0\0\0\0\0\0\0\0\0\0\0\0\0\0", 112, MSG_NOSIGNAL, NULL, 0) = 112
10509 sendto(36, "\20\0\0\0p\0\0\0Sy\23s\0\0\0\0\30\0\24\0\0\0\0\0J\0\0\0\0\0\0\0\0\0\0\0\0\0\0\0H\0\0\0\0\0\0\0[\0\0\0\0\0\0\0\16\0\0\0\0\0\0\0\0\0\0\0\1\0\0\0\0\0\0\0\0\0\0\0\0\234\1\0\0\4\0\0\0\0\0\0\0\0\0\0\0\0\0\0\0\0\0\0\0\0\0\0\0\0\0\0", 112, MSG_NOSIGNAL, NULL, 0 <unfinished ...>
10579 sendto(5, "\20\0\0\0@\0\0\0\210y\23s\0\0\0\0\30\0\26\0\0\0\0\0004\0\0\0\0\0\0\0\0\0\0\0\0\0\0\0\30\0\0\0\0\0\0\0\241\0\0\0\0\0\0\0\1\0\0\0\0\0\0\0", 64, MSG_NOSIGNAL, NULL, 0 <unfinished ...>
10509 <... sendto resumed>)             = 112
10533 recvmsg(36,  <unfinished ...>
10579 <... sendto resumed>)             = 64
10533 <... recvmsg resumed>{msg_name=NULL, msg_namelen=0, msg_iov=[{iov_base="\20\0\0\0p\0\0\0*y\23s\0\0\0\0\30\0\24\0\0\0\0\0003\0\0\0\0\0\0\0\0\0\0\0\0\0\0\0H\0\0\0\0\0\0\0\241\0\0\0\0\0\0\0\0\0\0\0\0\0\0\0\0\0\0\0\1\0\0\0\0\0\0\0\0\0\0\0\0}\1\0\0\1\0\0\0\0\0\0\0\0\0\0\0\0\0\0\0\0\0\0\0\0\0\0\0\0\0\0\20\0\0\0@\0\0\0\210y\23s\0\0\0\0\30\0\26\0\0\0\0\0004\0\0\0\0\0\0\0\0\0\0\0\0\0\0\0\30\0\0\0\0\0\0\0\241\0\0\0\0\0\0\0\1\0\0\0\0\0\0\0", iov_len=4096}], msg_iovlen=1, msg_controllen=0, msg_flags=0}, MSG_DONTWAIT) = 176
10579 sendto(5, "\20\0\0\0@\0\0\0\322y\23s\0\0\0\0\30\0\26\0\0\0\0\0005\0\0\0\0\0\0\0\0\0\0\0\0\0\0\0\30\0\0\0\0\0\0\0\237\0\0\0\0\0\0\0\0\0\0\0\0\0\0\0", 64, MSG_NOSIGNAL, NULL, 0 <unfinished ...>
10509 sendto(36, "\20\0\0\0p\0\0\0\312y\23s\0\0\0\0\30\0\24\0\0\0\0\0K\0\0\0\0\0\0\0\0\0\0\0\0\0\0\0H\0\0\0\0\0\0\0[\0\0\0\0\0\0\0\17\0\0\0\0\0\0\0\0\0\0\0\1\0\0\0\0\0\0\0\0\0\0\0\0\230\1\0\0\4\0\0\0\0\0\0\0\0\0\0\0\0\0\0\0\0\0\0\0\0\0\0\0\0\0\0", 112, MSG_NOSIGNAL, NULL, 0 <unfinished ...>
10579 <... sendto resumed>)             = 64
10509 <... sendto resumed>)             = 112
10509 sendto(36, "\20\0\0\0\300\2\0\0>z\23s\0\0\0\0\30\0\24\0\0\0\0\0L\0\0\0\0\0\0\0\0\0\0\0\0\0\0\0H\0\0\0\0\0\0\0[\0\0\0\0\0\0\0\20\0\0\0\0\0\0\0\0\0\0\0\1\0\0\0\377\377\377\377\377\377\377\377\0\0\0\0\0\0\0\0`\0\0\0\0\0\0\0\0\0\0\0\0\0\0\0\0\0\0\0\0\0\0\0P\2\0\0H\2\0\08\0\0\0\3\0\0\0\0\0\0\0MgUX\1\0\0\0\340\370\267\220\v\0\0\0\0\0\0\0\30\0\0\0\0\0\0\0\0\0\0\0\0\0\0\0\0\0\0\0\0\0\0\0 \0\0\0\0\0\0\0\30\0\0\0\0\0\0\0x\0\0\0\0\0\0\0(\1\0\0\0\0\0\0(\0\0\0\0\0\0\0 \0\0\0\0\0\0\0000\0\0\0\0\0\0\0\0\0\0\0\0\0\0\0\0\0\0\0\0\0\0\0\30\0\0\0\20\0\0\0"..., 704, MSG_NOSIGNAL, NULL, 0) = 704
10533 recvmsg(36,  <unfinished ...>
10579 recvmsg(5, {msg_name=NULL, msg_namelen=0, msg_iov=[{iov_base="\20\0\0\0p\0\0\0\361x\23s\0\0\0\0\30\0\24\0\0\0\0\0I\0\0\0\0\0\0\0\0\0\0\0\0\0\0\0H\0\0\0\0\0\0\0[\0\0\0\0\0\0\0\r\0\0\0\0\0\0\0\0\0\0\0\1\0\0\0\0\0\0\0\0\0\0\0\0\224\1\0\0\4\0\0\0\0\0\0\0\0\0\0\0\0\0\0\0\0\0\0\0\0\0\0\0\0\0\0\20\0\0\0p\0\0\0Sy\23s\0\0\0\0\30\0\24\0\0\0\0\0J\0\0\0\0\0\0\0\0\0\0\0\0\0\0\0H\0\0\0\0\0\0\0[\0\0\0\0\0\0\0\16\0\0\0\0\0\0\0\0\0\0\0\1\0\0\0\0\0\0\0\0\0\0\0\0\234\1\0\0\4\0\0\0\0\0\0\0\0\0\0\0\0\0\0\0\0\0\0\0\0\0\0\0\0\0\0\20\0\0\0p\0\0\0\312y\23s\0\0\0\0\30\0\24\0\0\0\0\0K\0\0\0\0\0\0\0"..., iov_len=4096}], msg_iovlen=1, msg_controllen=0, msg_flags=0}, MSG_DONTWAIT) = 1040
10533 <... recvmsg resumed>{msg_name=NULL, msg_namelen=0, msg_iov=[{iov_base="\20\0\0\0@\0\0\0\322y\23s\0\0\0\0\30\0\26\0\0\0\0\0005\0\0\0\0\0\0\0\0\0\0\0\0\0\0\0\30\0\0\0\0\0\0\0\237\0\0\0\0\0\0\0\0\0\0\0\0\0\0\0", iov_len=4096}], msg_iovlen=1, msg_controllen=0, msg_flags=0}, MSG_DONTWAIT) = 64
10579 sendto(5, "\20\0\0\0p\0\0\0\362z\23s\0\0\0\0\30\0\24\0\0\0\0\0006\0\0\0\0\0\0\0\0\0\0\0\0\0\0\0H\0\0\0\0\0\0\0[\0\0\0\0\0\0\0\7\0\0\0\0\0\0\0\0\0\0\0\1\0\0\0\0\0\0\0\0\0\0\0\0\177\1\0\0\1\0\0\0\0\0\0\0\0\0\0\0\0\0\0\0\0\0\0\0\0\0\0\0\0\0\0", 112, MSG_NOSIGNAL, NULL, 0 <unfinished ...>
10542 openat(AT_FDCWD, "/proc/10545/task/10552/status", O_RDONLY|O_CLOEXEC <unfinished ...>
10579 <... sendto resumed>)             = 112
10542 <... openat resumed>)             = 92
10579 sendto(5, "\20\0\0\0\270\0\0\0A{\23s\0\0\0\0\30\0\24\0\0\0\0\0007\0\0\0\0\0\0\0\0\0\0\0\0\0\0\0H\0\0\0\0\0\0\0[\0\0\0\0\0\0\0\10\0\0\0\0\0\0\0\0\0\0\0\1\0\0\0\377\377\377\377\377\377\377\377\0\0\0\0\0\0\0\0`\0\0\0\0\0\0\0\0\0\0\0\0\0\0\0\0\0\0\0\0\0\0\0H\0\0\0@\0\0\08\0\0\0\3\0\0\0\0\0\0\0MgUX\2\0\0\0\342\370\267\220\t\0\0\0\0\0\0\0\30\0\0\0\0\0\0\0\0\0\0\0\0\0\0\0\0\0\0\0\0\0\0\0\10\0\0\0\0\0\0\0", 184, MSG_NOSIGNAL, NULL, 0 <unfinished ...>
10533 recvmsg(36,  <unfinished ...>
10579 <... sendto resumed>)             = 184
10533 <... recvmsg resumed>{msg_name=NULL, msg_namelen=0, msg_iov=[{iov_base="\20\0\0\0p\0\0\0\362z\23s\0\0\0\0\30\0\24\0\0\0\0\0006\0\0\0\0\0\0\0\0\0\0\0\0\0\0\0H\0\0\0\0\0\0\0[\0\0\0\0\0\0\0\7\0\0\0\0\0\0\0\0\0\0\0\1\0\0\0\0\0\0\0\0\0\0\0\0\177\1\0\0\1\0\0\0\0\0\0\0\0\0\0\0\0\0\0\0\0\0\0\0\0\0\0\0\0\0\0\20\0\0\0\270\0\0\0A{\23s\0\0\0\0\30\0\24\0\0\0\0\0007\0\0\0\0\0\0\0\0\0\0\0\0\0\0\0H\0\0\0\0\0\0\0[\0\0\0\0\0\0\0\10\0\0\0\0\0\0\0\0\0\0\0\1\0\0\0\377\377\377\377\377\377\377\377\0\0\0\0\0\0\0\0`\0\0\0\0\0\0\0\0\0\0\0\0\0\0\0\0\0\0\0\0\0\0\0H\0\0\0@\0\0\08\0\0\0\3\0\0\0\0\0\0\0MgUX\2\0\0\0\342\370\267\220"..., iov_len=4096}], msg_iovlen=1, msg_controllen=0, msg_flags=0}, MSG_DONTWAIT) = 296
10579 sendto(5, "\20\0\0\0\270\0\0\0\204{\23s\0\0\0\0\30\0\24\0\0\0\0\08\0\0\0\0\0\0\0\0\0\0\0\0\0\0\0H\0\0\0\0\0\0\0[\0\0\0\0\0\0\0\t\0\0\0\0\0\0\0\0\0\0\0\1\0\0\0\377\377\377\377\377\377\377\377\0\0\0\0\0\0\0\0`\0\0\0\0\0\0\0\0\0\0\0\0\0\0\0\0\0\0\0\0\0\0\0H\0\0\0@\0\0\08\0\0\0\3\0\0\0\0\0\0\0MgUX\2\0\0\0\343\370\267\220\n\0\0\0\0\0\0\0\30\0\0\0\0\0\0\0\0\0\0\0\0\0\0\0\0\0\0\0\0\0\0\0\10\0\0\0\0\0\0\0", 184, MSG_NOSIGNAL, NULL, 0) = 184
10579 sendto(5, "\20\0\0\0\270\0\0\0\334{\23s\0\0\0\0\30\0\24\0\0\0\0\09\0\0\0\0\0\0\0\0\0\0\0\0\0\0\0H\0\0\0\0\0\0\0[\0\0\0\0\0\0\0\n\0\0\0\0\0\0\0\0\0\0\0\1\0\0\0\377\377\377\377\377\377\377\377\0\0\0\0\0\0\0\0`\0\0\0\0\0\0\0\0\0\0\0\0\0\0\0\0\0\0\0\0\0\0\0H\0\0\0@\0\0\08\0\0\0\3\0\0\0\0\0\0\0MgUX\2\0\0\0\340\370\267\220\v\0\0\0\0\0\0\0\30\0\0\0\0\0\0\0\0\0\0\0\0\0\0\0\0\0\0\0\0\0\0\0\10\0\0\0\0\0\0\0", 184, MSG_NOSIGNAL, NULL, 0 <unfinished ...>
10533 recvmsg(36,  <unfinished ...>
10579 <... sendto resumed>)             = 184
10533 <... recvmsg resumed>{msg_name=NULL, msg_namelen=0, msg_iov=[{iov_base="\20\0\0\0\270\0\0\0\204{\23s\0\0\0\0\30\0\24\0\0\0\0\08\0\0\0\0\0\0\0\0\0\0\0\0\0\0\0H\0\0\0\0\0\0\0[\0\0\0\0\0\0\0\t\0\0\0\0\0\0\0\0\0\0\0\1\0\0\0\377\377\377\377\377\377\377\377\0\0\0\0\0\0\0\0`\0\0\0\0\0\0\0\0\0\0\0\0\0\0\0\0\0\0\0\0\0\0\0H\0\0\0@\0\0\08\0\0\0\3\0\0\0\0\0\0\0MgUX\2\0\0\0\343\370\267\220\n\0\0\0\0\0\0\0\30\0\0\0\0\0\0\0\0\0\0\0\0\0\0\0\0\0\0\0\0\0\0\0\10\0\0\0\0\0\0\0\20\0\0\0\270\0\0\0\334{\23s\0\0\0\0\30\0\24\0\0\0\0\09\0\0\0\0\0\0\0\0\0\0\0\0\0\0\0H\0\0\0\0\0\0\0[\0\0\0\0\0\0\0\n\0\0\0\0\0\0\0\0\0\0\0\1\0\0\0"..., iov_len=4096}], msg_iovlen=1, msg_controllen=0, msg_flags=0}, MSG_DONTWAIT) = 368
10542 openat(AT_FDCWD, "/proc/10545/task/10553/status", O_RDONLY|O_CLOEXEC) = 92
10509 openat(AT_FDCWD, "/tmp/.com.google.Chrome.g6pO4h", O_RDWR|O_CREAT|O_EXCL, 0600) = 95
10509 openat(AT_FDCWD, "/tmp/.com.google.Chrome.g6pO4h", O_RDONLY) = 96
10542 openat(AT_FDCWD, "/proc/10545/task/10554/status", O_RDONLY|O_CLOEXEC) = 92
10542 openat(AT_FDCWD, "/proc/10545/task/10555/status", O_RDONLY|O_CLOEXEC) = 92
10509 sendmsg(36, {msg_name=NULL, msg_namelen=0, msg_iov=[{iov_base="\20\0\2\0p\1\0\0\227\177\23s\0\0\0\0\30\0\24\0\0\0\0\0M\0\0\0\0\0\0\0\350\0\0\0\0\0\0\0H\0\0\0\0\0\0\0+\0\0\0\0\0\0\0\0\0\0\0\0\0\0\0\0\0\0\0\1\0\0\0\377\377\377\377\377\377\377\377\0\0\0\0\0\0\0\0`\0\0\0\330\0\0\0\0\0\0\0\0\0\0\0\0\0\0\0\2\0\0\0x\0\0\0p\0\0\08\0\0\0\3\0\0\0\0\0\0\0\177\240\334e\2\0\0\0\303\231~?\1\0\0\0\0\0\0\0\30\0\0\0\0\0\0\0\0\0\0\0\0\0\0\0\0\0\0\0\0\0\0\0\30\0\0\0\0\0\0\0\20\0\0\0\0\0\0\0\30\0\0\0\0\0\0\0\20\0\0\0\0\0\0\0\0\0\0\0\0\0\0\0\20\0\0\0\0\0\0\0\1\0\0\0\0\0\0\0\20\0\0\0\2\0\0\0\1\0\0\0\1\0\0\0\30\0\0\0\2\0\0\0"..., iov_len=368}], msg_iovlen=1, msg_control=[{cmsg_len=24, cmsg_level=SOL_SOCKET, cmsg_type=SCM_RIGHTS, cmsg_data=[93, 95]}], msg_controllen=24, msg_flags=0}, MSG_NOSIGNAL) = 368
10579 recvmsg(5, {msg_name=NULL, msg_namelen=0, msg_iov=[{iov_base="\20\0\2\0p\1\0\0\227\177\23s\0\0\0\0\30\0\24\0\0\0\0\0M\0\0\0\0\0\0\0\350\0\0\0\0\0\0\0H\0\0\0\0\0\0\0+\0\0\0\0\0\0\0\0\0\0\0\0\0\0\0\0\0\0\0\1\0\0\0\377\377\377\377\377\377\377\377\0\0\0\0\0\0\0\0`\0\0\0\330\0\0\0\0\0\0\0\0\0\0\0\0\0\0\0\2\0\0\0x\0\0\0p\0\0\08\0\0\0\3\0\0\0\0\0\0\0\177\240\334e\2\0\0\0\303\231~?\1\0\0\0\0\0\0\0\30\0\0\0\0\0\0\0\0\0\0\0\0\0\0\0\0\0\0\0\0\0\0\0\30\0\0\0\0\0\0\0\20\0\0\0\0\0\0\0\30\0\0\0\0\0\0\0\20\0\0\0\0\0\0\0\0\0\0\0\0\0\0\0\20\0\0\0\0\0\0\0\1\0\0\0\0\0\0\0\20\0\0\0\2\0\0\0\1\0\0\0\1\0\0\0\30\0\0\0\2\0\0\0"..., iov_len=4096}], msg_iovlen=1, msg_control=[{cmsg_len=24, cmsg_level=SOL_SOCKET, cmsg_type=SCM_RIGHTS, cmsg_data=[19, 21]}], msg_controllen=24, msg_flags=0}, MSG_DONTWAIT) = 368
10578 openat(AT_FDCWD, "/tmp/playwright_chromiumdev_profile-pi0Vs8/Default/Reporting and NEL-journal", O_RDWR|O_CREAT|O_NOFOLLOW|O_CLOEXEC, 0600) = 23
10542 openat(AT_FDCWD, "/proc/10545/task", O_RDONLY|O_DIRECTORY) = 92
10542 openat(AT_FDCWD, "/proc/10545/task/10545/status", O_RDONLY|O_CLOEXEC) = 92
10542 openat(AT_FDCWD, "/proc/10545/task/10547/status", O_RDONLY|O_CLOEXEC) = 92
10578 openat(AT_FDCWD, "/tmp/playwright_chromiumdev_profile-pi0Vs8/Default", O_RDONLY|O_CLOEXEC) = 19
10542 openat(AT_FDCWD, "/proc/10545/task/10548/status", O_RDONLY|O_CLOEXEC) = 92
10542 openat(AT_FDCWD, "/proc/10545/task/10549/status", O_RDONLY|O_CLOEXEC) = 92
10542 openat(AT_FDCWD, "/proc/10545/task/10550/status", O_RDONLY|O_CLOEXEC) = 92
10542 openat(AT_FDCWD, "/proc/10545/task/10551/status", O_RDONLY|O_CLOEXEC) = 92
10542 openat(AT_FDCWD, "/proc/10545/task/10552/status", O_RDONLY|O_CLOEXEC) = 92
10542 openat(AT_FDCWD, "/proc/10545/task/10553/status", O_RDONLY|O_CLOEXEC) = 92
10542 openat(AT_FDCWD, "/proc/10545/task/10554/status", O_RDONLY|O_CLOEXEC) = 92
10509 openat(AT_FDCWD, "/tmp/.com.google.Chrome.Yrt9Bc", O_RDWR|O_CREAT|O_EXCL, 0600) = 93
10542 openat(AT_FDCWD, "/proc/10545/task/10555/status", O_RDONLY|O_CLOEXEC) = 92
10542 openat(AT_FDCWD, "/proc/10545/task/10556/status", O_RDONLY|O_CLOEXEC) = 92
10509 sendmsg(36, {msg_name=NULL, msg_namelen=0, msg_iov=[{iov_base="\20\0\1\0\300\0\0\0*\222\23s\0\0\0\0\30\0\24\0\0\0\0\0N\0\0\0\0\0\0\0p\0\0\0\0\0\0\0H\0\0\0\0\0\0\0k\0\0\0\0\0\0\0\0\0\0\0\0\0\0\0\0\0\0\0\1\0\0\0\0\0\0\0\0\0\0\0\0{\1\0\0\1\0\0\0\0\0\0`\0\0\0\0\0\0\0\0\0\0\0\0\0\0\0\1\0\0\0\20\0\0\0\1\0\0\0\1\0\0\0\0\0\0\0\20\0\0\0\1\0\0\0\200\0\0\0\0\0\1\0000\0\0\0(\0\0\0\10\0\0\0\1\0\0\0 \0\0\0\20\0\0\0\2\0\0\0\0\0\0\0=B\247\277\356q\23v\201L\324\255\274\236\337\r", iov_len=192}], msg_iovlen=1, msg_control=[{cmsg_len=20, cmsg_level=SOL_SOCKET, cmsg_type=SCM_RIGHTS, cmsg_data=[93]}], msg_controllen=20, msg_flags=0}, MSG_NOSIGNAL) = 192
10579 recvmsg(5, {msg_name=NULL, msg_namelen=0, msg_iov=[{iov_base="\20\0\1\0\300\0\0\0*\222\23s\0\0\0\0\30\0\24\0\0\0\0\0N\0\0\0\0\0\0\0p\0\0\0\0\0\0\0H\0\0\0\0\0\0\0k\0\0\0\0\0\0\0\0\0\0\0\0\0\0\0\0\0\0\0\1\0\0\0\0\0\0\0\0\0\0\0\0{\1\0\0\1\0\0\0\0\0\0`\0\0\0\0\0\0\0\0\0\0\0\0\0\0\0\1\0\0\0\20\0\0\0\1\0\0\0\1\0\0\0\0\0\0\0\20\0\0\0\1\0\0\0\200\0\0\0\0\0\1\0000\0\0\0(\0\0\0\10\0\0\0\1\0\0\0 \0\0\0\20\0\0\0\2\0\0\0\0\0\0\0=B\247\277\356q\23v\201L\324\255\274\236\337\r", iov_len=4096}], msg_iovlen=1, msg_control=[{cmsg_len=20, cmsg_level=SOL_SOCKET, cmsg_type=SCM_RIGHTS, cmsg_data=[19]}], msg_controllen=24, msg_flags=0}, MSG_DONTWAIT) = 192
10542 openat(AT_FDCWD, "/proc/10545/task", O_RDONLY|O_DIRECTORY) = 92
10579 sendto(5, "\20\0\0\0@\0\0\0\273\224\23s\0\0\0\0\30\0\26\0\0\0\0\0:\0\0\0\0\0\0\0\0\0\0\0\0\0\0\0\30\0\0\0\0\0\0\0k\0\0\0\0\0\0\0\1\0\0\0\0\0\0\0", 64, MSG_NOSIGNAL, NULL, 0) = 64
10533 recvmsg(36,  <unfinished ...>
10542 openat(AT_FDCWD, "/proc/10545/task/10545/status", O_RDONLY|O_CLOEXEC) = 92
10533 <... recvmsg resumed>{msg_name=NULL, msg_namelen=0, msg_iov=[{iov_base="\20\0\0\0@\0\0\0\273\224\23s\0\0\0\0\30\0\26\0\0\0\0\0:\0\0\0\0\0\0\0\0\0\0\0\0\0\0\0\30\0\0\0\0\0\0\0k\0\0\0\0\0\0\0\1\0\0\0\0\0\0\0", iov_len=4096}], msg_iovlen=1, msg_controllen=0, msg_flags=0}, MSG_DONTWAIT) = 64
10542 openat(AT_FDCWD, "/proc/10545/task/10547/status", O_RDONLY|O_CLOEXEC) = 92
10580 openat(AT_FDCWD, "/tmp/playwright_chromiumdev_profile-pi0Vs8/Default/Cookies", O_RDWR|O_CREAT|O_NOFOLLOW|O_CLOEXEC, 0600) = 19
10542 openat(AT_FDCWD, "/proc/10545/task/10548/status", O_RDONLY|O_CLOEXEC) = 92
10542 openat(AT_FDCWD, "/proc/10545/task/10549/status", O_RDONLY|O_CLOEXEC) = 92
10542 openat(AT_FDCWD, "/proc/10545/task/10550/status", O_RDONLY|O_CLOEXEC) = 92
10580 openat(AT_FDCWD, "/tmp/playwright_chromiumdev_profile-pi0Vs8/Default/Cookies-journal", O_RDWR|O_CREAT|O_NOFOLLOW|O_CLOEXEC, 0600) = 21
10542 openat(AT_FDCWD, "/proc/10545/task/10551/status", O_RDONLY|O_CLOEXEC) = 92
10509 sendto(37, "\20\0\0\0p\0\0\0M\236\23s\0\0\0\0\30\0\24\0\0\0\0\0\35\0\0\0\0\0\0\0\0\0\0\0\0\0\0\0H\0\0\0\0\0\0\0=\0\0\0\0\0\0\0\3\0\0\0\0\0\0\0\0\0\0\0\1\0\0\0\0\0\0\0\0\0\0\0\0{\1\0\0\1\0\0\0\0\0\0\0\0\0\0\0\0\0\0\0\0\0\0\0\0\0\0\0\0\0\0", 112, MSG_NOSIGNAL, NULL, 0) = 112
10557 recvmsg(14,  <unfinished ...>
10509 sendto(36, "\20\0\0\0p\0\0\0\244\236\23s\0\0\0\0\30\0\24\0\0\0\0\0O\0\0\0\0\0\0\0\0\0\0\0\0\0\0\0H\0\0\0\0\0\0\0;\0\0\0\0\0\0\0\3\0\0\0\0\0\0\0\0\0\0\0\1\0\0\0\0\0\0\0\0\0\0\0\0x\1\0\0\1\0\0\0\0\0\0\0\0\0\0\0\0\0\0\0\0\0\0\0\0\0\0\0\0\0\0", 112, MSG_NOSIGNAL, NULL, 0 <unfinished ...>
10557 <... recvmsg resumed>{msg_name=NULL, msg_namelen=0, msg_iov=[{iov_base="\20\0\0\0p\0\0\0M\236\23s\0\0\0\0\30\0\24\0\0\0\0\0\35\0\0\0\0\0\0\0\0\0\0\0\0\0\0\0H\0\0\0\0\0\0\0=\0\0\0\0\0\0\0\3\0\0\0\0\0\0\0\0\0\0\0\1\0\0\0\0\0\0\0\0\0\0\0\0{\1\0\0\1\0\0\0\0\0\0\0\0\0\0\0\0\0\0\0\0\0\0\0\0\0\0\0\0\0\0", iov_len=4096}], msg_iovlen=1, msg_controllen=0, msg_flags=0}, MSG_DONTWAIT) = 112
10509 <... sendto resumed>)             = 112
10579 recvmsg(5, {msg_name=NULL, msg_namelen=0, msg_iov=[{iov_base="\20\0\0\0p\0\0\0\244\236\23s\0\0\0\0\30\0\24\0\0\0\0\0O\0\0\0\0\0\0\0\0\0\0\0\0\0\0\0H\0\0\0\0\0\0\0;\0\0\0\0\0\0\0\3\0\0\0\0\0\0\0\0\0\0\0\1\0\0\0\0\0\0\0\0\0\0\0\0x\1\0\0\1\0\0\0\0\0\0\0\0\0\0\0\0\0\0\0\0\0\0\0\0\0\0\0\0\0\0", iov_len=4096}], msg_iovlen=1, msg_controllen=0, msg_flags=0}, MSG_DONTWAIT) = 112
10509 sendto(44, "\20\0\0\0p\0\0\0\23\237\23s\0\0\0\0\30\0\24\0\0\0\0\0002\0\0\0\0\0\0\0\0\0\0\0\0\0\0\0H\0\0\0\0\0\0\0002\0\0\0\0\0\0\0\3\0\0\0\0\0\0\0\0\0\0\0\1\0\0\0\0\0\0\0\0\0\0\0\0z\1\0\0\1\0\0\0\0\0\0\0\0\0\0\0\0\0\0\0\0\0\0\0\0\0\0\0\0\0\0", 112, MSG_NOSIGNAL, NULL, 0) = 112
10567 recvmsg(14,  <unfinished ...>
10509 sendto(37, "\20\0\0\0p\0\0\0\253\237\23s\0\0\0\0\30\0\24\0\0\0\0\0\36\0\0\0\0\0\0\0\0\0\0\0\0\0\0\0H\0\0\0\0\0\0\0=\0\0\0\0\0\0\0\4\0\0\0\0\0\0\0\0\0\0\0\1\0\0\0\0\0\0\0\0\0\0\0\0y\1\0\0\1\0\0\0\0\0\0\0\0\0\0\0\0\0\0\0\0\0\0\0\0\0\0\0\0\0\0", 112, MSG_NOSIGNAL, NULL, 0 <unfinished ...>
10567 <... recvmsg resumed>{msg_name=NULL, msg_namelen=0, msg_iov=[{iov_base="\20\0\0\0p\0\0\0\23\237\23s\0\0\0\0\30\0\24\0\0\0\0\0002\0\0\0\0\0\0\0\0\0\0\0\0\0\0\0H\0\0\0\0\0\0\0002\0\0\0\0\0\0\0\3\0\0\0\0\0\0\0\0\0\0\0\1\0\0\0\0\0\0\0\0\0\0\0\0z\1\0\0\1\0\0\0\0\0\0\0\0\0\0\0\0\0\0\0\0\0\0\0\0\0\0\0\0\0\0", iov_len=4096}], msg_iovlen=1, msg_controllen=0, msg_flags=0}, MSG_DONTWAIT) = 112
10509 <... sendto resumed>)             = 112
10557 recvmsg(14,  <unfinished ...>
10509 sendto(36, "\20\0\0\0p\0\0\0004\240\23s\0\0\0\0\30\0\24\0\0\0\0\0P\0\0\0\0\0\0\0\0\0\0\0\0\0\0\0H\0\0\0\0\0\0\0;\0\0\0\0\0\0\0\4\0\0\0\0\0\0\0\0\0\0\0\1\0\0\0\0\0\0\0\0\0\0\0\0x\1\0\0\1\0\0\0\0\0\0\0\0\0\0\0\0\0\0\0\0\0\0\0\0\0\0\0\0\0\0", 112, MSG_NOSIGNAL, NULL, 0 <unfinished ...>
10557 <... recvmsg resumed>{msg_name=NULL, msg_namelen=0, msg_iov=[{iov_base="\20\0\0\0p\0\0\0\253\237\23s\0\0\0\0\30\0\24\0\0\0\0\0\36\0\0\0\0\0\0\0\0\0\0\0\0\0\0\0H\0\0\0\0\0\0\0=\0\0\0\0\0\0\0\4\0\0\0\0\0\0\0\0\0\0\0\1\0\0\0\0\0\0\0\0\0\0\0\0y\1\0\0\1\0\0\0\0\0\0\0\0\0\0\0\0\0\0\0\0\0\0\0\0\0\0\0\0\0\0", iov_len=4096}], msg_iovlen=1, msg_controllen=0, msg_flags=0}, MSG_DONTWAIT) = 112
10542 openat(AT_FDCWD, "/proc/10545/task/10552/status", O_RDONLY|O_CLOEXEC <unfinished ...>
10509 <... sendto resumed>)             = 112
10542 <... openat resumed>)             = 92
10579 recvmsg(5, {msg_name=NULL, msg_namelen=0, msg_iov=[{iov_base="\20\0\0\0p\0\0\0004\240\23s\0\0\0\0\30\0\24\0\0\0\0\0P\0\0\0\0\0\0\0\0\0\0\0\0\0\0\0H\0\0\0\0\0\0\0;\0\0\0\0\0\0\0\4\0\0\0\0\0\0\0\0\0\0\0\1\0\0\0\0\0\0\0\0\0\0\0\0x\1\0\0\1\0\0\0\0\0\0\0\0\0\0\0\0\0\0\0\0\0\0\0\0\0\0\0\0\0\0", iov_len=4096}], msg_iovlen=1, msg_controllen=0, msg_flags=0}, MSG_DONTWAIT) = 112
10509 sendto(44, "\20\0\0\0p\0\0\0\317\240\23s\0\0\0\0\30\0\24\0\0\0\0\0003\0\0\0\0\0\0\0\0\0\0\0\0\0\0\0H\0\0\0\0\0\0\0002\0\0\0\0\0\0\0\4\0\0\0\0\0\0\0\0\0\0\0\1\0\0\0\0\0\0\0\0\0\0\0\0z\1\0\0\1\0\0\0\0\0\0\0\0\0\0\0\0\0\0\0\0\0\0\0\0\0\0\0\0\0\0", 112, MSG_NOSIGNAL, NULL, 0) = 112
10567 recvmsg(14, {msg_name=NULL, msg_namelen=0, msg_iov=[{iov_base="\20\0\0\0p\0\0\0\317\240\23s\0\0\0\0\30\0\24\0\0\0\0\0003\0\0\0\0\0\0\0\0\0\0\0\0\0\0\0H\0\0\0\0\0\0\0002\0\0\0\0\0\0\0\4\0\0\0\0\0\0\0\0\0\0\0\1\0\0\0\0\0\0\0\0\0\0\0\0z\1\0\0\1\0\0\0\0\0\0\0\0\0\0\0\0\0\0\0\0\0\0\0\0\0\0\0\0\0\0", iov_len=4096}], msg_iovlen=1, msg_controllen=0, msg_flags=0}, MSG_DONTWAIT) = 112
10580 openat(AT_FDCWD, "/tmp/playwright_chromiumdev_profile-pi0Vs8/Default", O_RDONLY|O_CLOEXEC) = 23
10542 openat(AT_FDCWD, "/proc/10545/task/10553/status", O_RDONLY|O_CLOEXEC) = 92
10530 openat(AT_FDCWD, "/tmp/playwright_chromiumdev_profile-pi0Vs8/Default/Extension State/LOG", O_WRONLY|O_CREAT|O_TRUNC, 0600 <unfinished ...>
10542 openat(AT_FDCWD, "/proc/10545/task/10554/status", O_RDONLY|O_CLOEXEC) = 93
10530 <... openat resumed>)             = 92
10530 openat(AT_FDCWD, "/tmp/playwright_chromiumdev_profile-pi0Vs8/Default/Extension State/LOCK", O_RDWR) = -1 ENOENT (No such file or directory)
10530 openat(AT_FDCWD, "/tmp/playwright_chromiumdev_profile-pi0Vs8/Default/Extension State/LOCK", O_RDWR|O_CREAT, 0600 <unfinished ...>
10509 openat(AT_FDCWD, "/proc/10509/stat", O_RDONLY|O_CLOEXEC <unfinished ...>
10530 <... openat resumed>)             = 95
10509 <... openat resumed>)             = 98
10542 openat(AT_FDCWD, "/proc/10545/task/10555/status", O_RDONLY|O_CLOEXEC) = 93
10530 openat(AT_FDCWD, "/tmp/playwright_chromiumdev_profile-pi0Vs8/Default/Extension State/MANIFEST-000001", O_WRONLY|O_CREAT|O_TRUNC, 0600) = 99
10509 openat(AT_FDCWD, "/proc/10559/stat", O_RDONLY|O_CLOEXEC) = 98
10530 openat(AT_FDCWD, "/tmp/playwright_chromiumdev_profile-pi0Vs8/Default/Extension State", O_RDONLY) = 93
10542 openat(AT_FDCWD, "/proc/10545/task/10556/status", O_RDONLY|O_CLOEXEC) = 100
10542 openat(AT_FDCWD, "/proc/10545/task/10557/status", O_RDONLY|O_CLOEXEC) = 93
10509 openat(AT_FDCWD, "/proc/10560/stat", O_RDONLY|O_CLOEXEC) = 96
10530 openat(AT_FDCWD, "/tmp/playwright_chromiumdev_profile-pi0Vs8/Default/Extension State/000001.dbtmp", O_WRONLY|O_CREAT|O_TRUNC, 0600 <unfinished ...>
10542 openat(AT_FDCWD, "/proc/10545/task", O_RDONLY|O_DIRECTORY <unfinished ...>
10530 <... openat resumed>)             = 93
10542 <... openat resumed>)             = 96
10509 openat(AT_FDCWD, "/proc/10545/stat", O_RDONLY|O_CLOEXEC) = 97
10542 openat(AT_FDCWD, "/proc/10545/task/10545/status", O_RDONLY|O_CLOEXEC) = 96
10542 openat(AT_FDCWD, "/proc/10545/task/10547/status", O_RDONLY|O_CLOEXEC) = 96
10509 sendto(44, "\20\0\0\0@\0\0\0\324\256\23s\0\0\0\0\30\0\26\0\0\0\0\0004\0\0\0\0\0\0\0\0\0\0\0\0\0\0\0\30\0\0\0\0\0\0\0\35\0\0\0\0\0\0\0\1\0\0\0\0\0\0\0", 64, MSG_NOSIGNAL, NULL, 0) = 64
10567 recvmsg(14, {msg_name=NULL, msg_namelen=0, msg_iov=[{iov_base="\20\0\0\0@\0\0\0\324\256\23s\0\0\0\0\30\0\26\0\0\0\0\0004\0\0\0\0\0\0\0\0\0\0\0\0\0\0\0\30\0\0\0\0\0\0\0\35\0\0\0\0\0\0\0\1\0\0\0\0\0\0\0", iov_len=4096}], msg_iovlen=1, msg_controllen=0, msg_flags=0}, MSG_DONTWAIT) = 64
10509 sendto(36, "\20\0\0\0@\0\0\09\257\23s\0\0\0\0\30\0\26\0\0\0\0\0Q\0\0\0\0\0\0\0\0\0\0\0\0\0\0\0\30\0\0\0\0\0\0\0+\0\0\0\0\0\0\0\1\0\0\0\0\0\0\0", 64, MSG_NOSIGNAL, NULL, 0 <unfinished ...>
10530 openat(AT_FDCWD, "/tmp/playwright_chromiumdev_profile-pi0Vs8/Default/Extension State/CURRENT", O_RDONLY) = 93
10509 <... sendto resumed>)             = 64
10579 recvmsg(5, {msg_name=NULL, msg_namelen=0, msg_iov=[{iov_base="\20\0\0\0@\0\0\09\257\23s\0\0\0\0\30\0\26\0\0\0\0\0Q\0\0\0\0\0\0\0\0\0\0\0\0\0\0\0\30\0\0\0\0\0\0\0+\0\0\0\0\0\0\0\1\0\0\0\0\0\0\0", iov_len=4096}], msg_iovlen=1, msg_controllen=0, msg_flags=0}, MSG_DONTWAIT) = 64
10509 sendto(37, "\20\0\0\0@\0\0\0\356\257\23s\0\0\0\0\30\0\26\0\0\0\0\0\37\0\0\0\0\0\0\0\0\0\0\0\0\0\0\0\30\0\0\0\0\0\0\0*\0\0\0\0\0\0\0\1\0\0\0\0\0\0\0", 64, MSG_NOSIGNAL, NULL, 0 <unfinished ...>
10542 openat(AT_FDCWD, "/proc/10545/task/10548/status", O_RDONLY|O_CLOEXEC <unfinished ...>
10509 <... sendto resumed>)             = 64
10557 recvmsg(14,  <unfinished ...>
10542 <... openat resumed>)             = 94
10557 <... recvmsg resumed>{msg_name=NULL, msg_namelen=0, msg_iov=[{iov_base="\20\0\0\0@\0\0\0\356\257\23s\0\0\0\0\30\0\26\0\0\0\0\0\37\0\0\0\0\0\0\0\0\0\0\0\0\0\0\0\30\0\0\0\0\0\0\0*\0\0\0\0\0\0\0\1\0\0\0\0\0\0\0", iov_len=4096}], msg_iovlen=1, msg_controllen=0, msg_flags=0}, MSG_DONTWAIT) = 64
10530 openat(AT_FDCWD, "/tmp/playwright_chromiumdev_profile-pi0Vs8/Default/Extension State/MANIFEST-000001", O_RDONLY) = 93
10530 openat(AT_FDCWD, "/tmp/playwright_chromiumdev_profile-pi0Vs8/Default/Extension State/MANIFEST-000001", O_WRONLY|O_APPEND <unfinished ...>
10509 sendto(44, "\20\0\0\0@\0\0\0<\262\23s\0\0\0\0\30\0\26\0\0\0\0\0005\0\0\0\0\0\0\0\0\0\0\0\0\0\0\0\30\0\0\0\0\0\0\0002\0\0\0\0\0\0\0\5\0\0\0\0\0\0\0", 64, MSG_NOSIGNAL, NULL, 0 <unfinished ...>
10542 openat(AT_FDCWD, "/proc/10545/task/10549/status", O_RDONLY|O_CLOEXEC <unfinished ...>
10530 <... openat resumed>)             = 93
10542 <... openat resumed>)             = 94
10509 <... sendto resumed>)             = 64
10567 recvmsg(14, {msg_name=NULL, msg_namelen=0, msg_iov=[{iov_base="\20\0\0\0@\0\0\0<\262\23s\0\0\0\0\30\0\26\0\0\0\0\0005\0\0\0\0\0\0\0\0\0\0\0\0\0\0\0\30\0\0\0\0\0\0\0002\0\0\0\0\0\0\0\5\0\0\0\0\0\0\0", iov_len=4096}], msg_iovlen=1, msg_controllen=0, msg_flags=0}, MSG_DONTWAIT) = 64
10509 sendto(36, "\20\0\0\0@\0\0\0\302\262\23s\0\0\0\0\30\0\26\0\0\0\0\0R\0\0\0\0\0\0\0\0\0\0\0\0\0\0\0\30\0\0\0\0\0\0\0;\0\0\0\0\0\0\0\5\0\0\0\0\0\0\0", 64, MSG_NOSIGNAL, NULL, 0) = 64
10579 recvmsg(5,  <unfinished ...>
10530 openat(AT_FDCWD, "/tmp/playwright_chromiumdev_profile-pi0Vs8/Default/Extension State", O_RDONLY|O_NONBLOCK|O_CLOEXEC|O_DIRECTORY <unfinished ...>
10509 sendto(37, "\20\0\0\0@\0\0\0006\263\23s\0\0\0\0\30\0\26\0\0\0\0\0 \0\0\0\0\0\0\0\0\0\0\0\0\0\0\0\30\0\0\0\0\0\0\0=\0\0\0\0\0\0\0\5\0\0\0\0\0\0\0", 64, MSG_NOSIGNAL, NULL, 0 <unfinished ...>
10580 openat(AT_FDCWD, "/tmp/playwright_chromiumdev_profile-pi0Vs8/Default/Cookies-journal", O_RDWR|O_CREAT|O_NOFOLLOW|O_CLOEXEC, 0600 <unfinished ...>
10579 <... recvmsg resumed>{msg_name=NULL, msg_namelen=0, msg_iov=[{iov_base="\20\0\0\0@\0\0\0\302\262\23s\0\0\0\0\30\0\26\0\0\0\0\0R\0\0\0\0\0\0\0\0\0\0\0\0\0\0\0\30\0\0\0\0\0\0\0;\0\0\0\0\0\0\0\5\0\0\0\0\0\0\0", iov_len=4096}], msg_iovlen=1, msg_controllen=0, msg_flags=0}, MSG_DONTWAIT) = 64
10530 <... openat resumed>)             = 96
10580 <... openat resumed>)             = 21
10509 <... sendto resumed>)             = 64
10557 recvmsg(14, {msg_name=NULL, msg_namelen=0, msg_iov=[{iov_base="\20\0\0\0@\0\0\0006\263\23s\0\0\0\0\30\0\26\0\0\0\0\0 \0\0\0\0\0\0\0\0\0\0\0\0\0\0\0\30\0\0\0\0\0\0\0=\0\0\0\0\0\0\0\5\0\0\0\0\0\0\0", iov_len=4096}], msg_iovlen=1, msg_controllen=0, msg_flags=0}, MSG_DONTWAIT) = 64
10542 openat(AT_FDCWD, "/proc/10545/task/10550/status", O_RDONLY|O_CLOEXEC) = 94
10542 openat(AT_FDCWD, "/proc/10545/task/10551/status", O_RDONLY|O_CLOEXEC) = 94
10532 openat(AT_FDCWD, "/tmp/playwright_chromiumdev_profile-pi0Vs8/.com.google.Chrome.VariationsSeedV2.B7i1El", O_RDWR|O_CREAT|O_EXCL, 0600 <unfinished ...>
10530 openat(AT_FDCWD, "/tmp/playwright_chromiumdev_profile-pi0Vs8/Default/Extension State", O_RDONLY|O_NONBLOCK|O_CLOEXEC|O_DIRECTORY <unfinished ...>
10529 openat(AT_FDCWD, "/tmp/playwright_chromiumdev_profile-pi0Vs8/.com.google.Chrome.Local State.hV0Mtq", O_RDWR|O_CREAT|O_EXCL, 0600 <unfinished ...>
10532 <... openat resumed>)             = 96
10530 <... openat resumed>)             = 97
10529 <... openat resumed>)             = 98
10509 sendto(36, "\20\0\0\0@\0\0\0\317\267\23s\0\0\0\0\30\0\26\0\0\0\0\0S\0\0\0\0\0\0\0\0\0\0\0\0\0\0\0\30\0\0\0\0\0\0\0%\0\0\0\0\0\0\0\0\0\0\0\0\0\0\0", 64, MSG_NOSIGNAL, NULL, 0) = 64
10580 openat(AT_FDCWD, "/tmp/playwright_chromiumdev_profile-pi0Vs8/Default", O_RDONLY|O_CLOEXEC) = 23
10579 recvmsg(5, {msg_name=NULL, msg_namelen=0, msg_iov=[{iov_base="\20\0\0\0@\0\0\0\317\267\23s\0\0\0\0\30\0\26\0\0\0\0\0S\0\0\0\0\0\0\0\0\0\0\0\0\0\0\0\30\0\0\0\0\0\0\0%\0\0\0\0\0\0\0\0\0\0\0\0\0\0\0", iov_len=4096}], msg_iovlen=1, msg_controllen=0, msg_flags=0}, MSG_DONTWAIT) = 64
10542 openat(AT_FDCWD, "/proc/10545/task/10552/status", O_RDONLY|O_CLOEXEC) = 94
10509 shutdown(3, SHUT_RDWR)            = 0
10509 shutdown(4, SHUT_RDWR)            = 0
10530 openat(AT_FDCWD, "/tmp/playwright_chromiumdev_profile-pi0Vs8/Default/Extension State/000003.log", O_WRONLY|O_CREAT|O_TRUNC, 0600) = 96
10489 shutdown(25, SHUT_WR)             = 0
10530 openat(AT_FDCWD, "/tmp/playwright_chromiumdev_profile-pi0Vs8/Default/Extension State", O_RDONLY|O_NONBLOCK|O_CLOEXEC|O_DIRECTORY) = 97
10542 openat(AT_FDCWD, "/proc/10545/task/10553/status", O_RDONLY|O_CLOEXEC) = 94
10509 sendto(36, "\20\0\0\0@\0\0\0\177\274\23s\0\0\0\0\30\0\26\0\0\0\0\0T\0\0\0\0\0\0\0\0\0\0\0\0\0\0\0\30\0\0\0\0\0\0\0c\0\0\0\0\0\0\0\0\0\0\0\0\0\0\0", 64, MSG_NOSIGNAL, NULL, 0) = 64
10542 openat(AT_FDCWD, "/proc/10545/task/10554/status", O_RDONLY|O_CLOEXEC <unfinished ...>
10489 shutdown(27, SHUT_WR <unfinished ...>
10579 recvmsg(5,  <unfinished ...>
10542 <... openat resumed>)             = 94
10509 sendto(36, "\20\0\0\0@\0\0\0\315\274\23s\0\0\0\0\30\0\26\0\0\0\0\0U\0\0\0\0\0\0\0\0\0\0\0\0\0\0\0\30\0\0\0\0\0\0\0a\0\0\0\0\0\0\0\0\0\0\0\0\0\0\0", 64, MSG_NOSIGNAL, NULL, 0 <unfinished ...>
10489 <... shutdown resumed>)           = 0
10579 <... recvmsg resumed>{msg_name=NULL, msg_namelen=0, msg_iov=[{iov_base="\20\0\0\0@\0\0\0\177\274\23s\0\0\0\0\30\0\26\0\0\0\0\0T\0\0\0\0\0\0\0\0\0\0\0\0\0\0\0\30\0\0\0\0\0\0\0c\0\0\0\0\0\0\0\0\0\0\0\0\0\0\0", iov_len=4096}], msg_iovlen=1, msg_controllen=0, msg_flags=0}, MSG_DONTWAIT) = 64
10509 <... sendto resumed>)             = 64
10579 recvmsg(5,  <unfinished ...>
10530 openat(AT_FDCWD, "/tmp/playwright_chromiumdev_profile-pi0Vs8/Default/Extension State", O_RDONLY|O_NONBLOCK|O_CLOEXEC|O_DIRECTORY <unfinished ...>
10579 <... recvmsg resumed>{msg_name=NULL, msg_namelen=0, msg_iov=[{iov_base="\20\0\0\0@\0\0\0\315\274\23s\0\0\0\0\30\0\26\0\0\0\0\0U\0\0\0\0\0\0\0\0\0\0\0\0\0\0\0\30\0\0\0\0\0\0\0a\0\0\0\0\0\0\0\0\0\0\0\0\0\0\0", iov_len=4096}], msg_iovlen=1, msg_controllen=0, msg_flags=0}, MSG_DONTWAIT) = 64
10530 <... openat resumed>)             = 97
10542 openat(AT_FDCWD, "/proc/10545/task/10555/status", O_RDONLY|O_CLOEXEC) = 94
10509 sendto(36, "\20\0\0\0@\0\0\0c\277\23s\0\0\0\0\30\0\26\0\0\0\0\0V\0\0\0\0\0\0\0\0\0\0\0\0\0\0\0\30\0\0\0\0\0\0\0i\0\0\0\0\0\0\0\1\0\0\0\0\0\0\0", 64, MSG_NOSIGNAL, NULL, 0) = 64
10579 recvmsg(5, {msg_name=NULL, msg_namelen=0, msg_iov=[{iov_base="\20\0\0\0@\0\0\0c\277\23s\0\0\0\0\30\0\26\0\0\0\0\0V\0\0\0\0\0\0\0\0\0\0\0\0\0\0\0\30\0\0\0\0\0\0\0i\0\0\0\0\0\0\0\1\0\0\0\0\0\0\0", iov_len=4096}], msg_iovlen=1, msg_controllen=0, msg_flags=0}, MSG_DONTWAIT) = 64
10542 openat(AT_FDCWD, "/proc/10545/task/10556/status", O_RDONLY|O_CLOEXEC) = 94
10542 openat(AT_FDCWD, "/proc/10545/task/10557/status", O_RDONLY|O_CLOEXEC) = 94
10580 openat(AT_FDCWD, "/tmp/playwright_chromiumdev_profile-pi0Vs8/Default/Cookies-journal", O_RDWR|O_CREAT|O_NOFOLLOW|O_CLOEXEC, 0600) = 21
10509 sendto(36, "\20\0\0\0@\0\0\0\241\302\23s\0\0\0\0\30\0\26\0\0\0\0\0W\0\0\0\0\0\0\0\0\0\0\0\0\0\0\0\30\0\0\0\0\0\0\0{\0\0\0\0\0\0\0\0\0\0\0\0\0\0\0", 64, MSG_NOSIGNAL, NULL, 0) = 64
10579 recvmsg(5, {msg_name=NULL, msg_namelen=0, msg_iov=[{iov_base="\20\0\0\0@\0\0\0\241\302\23s\0\0\0\0\30\0\26\0\0\0\0\0W\0\0\0\0\0\0\0\0\0\0\0\0\0\0\0\30\0\0\0\0\0\0\0{\0\0\0\0\0\0\0\0\0\0\0\0\0\0\0", iov_len=4096}], msg_iovlen=1, msg_controllen=0, msg_flags=0}, MSG_DONTWAIT) = 64
10542 openat(AT_FDCWD, "/proc/10545/task/10558/status", O_RDONLY|O_CLOEXEC) = 94
10542 openat(AT_FDCWD, "/proc/10560/task", O_RDONLY|O_DIRECTORY) = 94
10580 openat(AT_FDCWD, "/tmp/playwright_chromiumdev_profile-pi0Vs8/Default", O_RDONLY|O_CLOEXEC <unfinished ...>
10509 sendto(36, "\20\0\0\0@\0\0\0v\306\23s\0\0\0\0\30\0\26\0\0\0\0\0X\0\0\0\0\0\0\0\0\0\0\0\0\0\0\0\30\0\0\0\0\0\0\0\231\0\0\0\0\0\0\0\1\0\0\0\0\0\0\0", 64, MSG_NOSIGNAL, NULL, 0 <unfinished ...>
10580 <... openat resumed>)             = 23
10542 openat(AT_FDCWD, "/proc/10560/task/10560/status", O_RDONLY|O_CLOEXEC <unfinished ...>
10509 <... sendto resumed>)             = 64
10579 recvmsg(5,  <unfinished ...>
10542 <... openat resumed>)             = 94
10509 sendto(36, "\20\0\0\0@\0\0\0\363\306\23s\0\0\0\0\30\0\26\0\0\0\0\0Y\0\0\0\0\0\0\0\0\0\0\0\0\0\0\0\30\0\0\0\0\0\0\0\211\0\0\0\0\0\0\0\2\0\0\0\0\0\0\0", 64, MSG_NOSIGNAL, NULL, 0 <unfinished ...>
10579 <... recvmsg resumed>{msg_name=NULL, msg_namelen=0, msg_iov=[{iov_base="\20\0\0\0@\0\0\0v\306\23s\0\0\0\0\30\0\26\0\0\0\0\0X\0\0\0\0\0\0\0\0\0\0\0\0\0\0\0\30\0\0\0\0\0\0\0\231\0\0\0\0\0\0\0\1\0\0\0\0\0\0\0", iov_len=4096}], msg_iovlen=1, msg_controllen=0, msg_flags=0}, MSG_DONTWAIT) = 64
10509 <... sendto resumed>)             = 64
10579 recvmsg(5, {msg_name=NULL, msg_namelen=0, msg_iov=[{iov_base="\20\0\0\0@\0\0\0\363\306\23s\0\0\0\0\30\0\26\0\0\0\0\0Y\0\0\0\0\0\0\0\0\0\0\0\0\0\0\0\30\0\0\0\0\0\0\0\211\0\0\0\0\0\0\0\2\0\0\0\0\0\0\0", iov_len=4096}], msg_iovlen=1, msg_controllen=0, msg_flags=0}, MSG_DONTWAIT) = 64
10579 sendto(5, "\20\0\0\0@\0\0\0\320\307\23s\0\0\0\0\30\0\26\0\0\0\0\0;\0\0\0\0\0\0\0\0\0\0\0\0\0\0\0\30\0\0\0\0\0\0\0\233\0\0\0\0\0\0\0\0\0\0\0\0\0\0\0", 64, MSG_NOSIGNAL, NULL, 0) = 64
10533 recvmsg(36, {msg_name=NULL, msg_namelen=0, msg_iov=[{iov_base="\20\0\0\0@\0\0\0\320\307\23s\0\0\0\0\30\0\26\0\0\0\0\0;\0\0\0\0\0\0\0\0\0\0\0\0\0\0\0\30\0\0\0\0\0\0\0\233\0\0\0\0\0\0\0\0\0\0\0\0\0\0\0", iov_len=4096}], msg_iovlen=1, msg_controllen=0, msg_flags=0}, MSG_DONTWAIT) = 64
10542 openat(AT_FDCWD, "/proc/10560/task/10562/status", O_RDONLY|O_CLOEXEC <unfinished ...>
10579 sendto(5, "\20\0\0\0@\0\0\0\200\311\23s\0\0\0\0\30\0\26\0\0\0\0\0<\0\0\0\0\0\0\0\0\0\0\0\0\0\0\0\30\0\0\0\0\0\0\0\215\0\0\0\0\0\0\0\0\0\0\0\0\0\0\0", 64, MSG_NOSIGNAL, NULL, 0 <unfinished ...>
10542 <... openat resumed>)             = 63
10579 <... sendto resumed>)             = 64
10533 recvmsg(36,  <unfinished ...>
10579 sendto(5, "\20\0\0\0@\0\0\0\3\312\23s\0\0\0\0\30\0\26\0\0\0\0\0=\0\0\0\0\0\0\0\0\0\0\0\0\0\0\0\30\0\0\0\0\0\0\0\213\0\0\0\0\0\0\0\0\0\0\0\0\0\0\0", 64, MSG_NOSIGNAL, NULL, 0 <unfinished ...>
10533 <... recvmsg resumed>{msg_name=NULL, msg_namelen=0, msg_iov=[{iov_base="\20\0\0\0@\0\0\0\200\311\23s\0\0\0\0\30\0\26\0\0\0\0\0<\0\0\0\0\0\0\0\0\0\0\0\0\0\0\0\30\0\0\0\0\0\0\0\215\0\0\0\0\0\0\0\0\0\0\0\0\0\0\0", iov_len=4096}], msg_iovlen=1, msg_controllen=0, msg_flags=0}, MSG_DONTWAIT) = 64
10579 <... sendto resumed>)             = 64
10579 sendto(5, "\20\0\0\0@\0\0\0\227\312\23s\0\0\0\0\30\0\26\0\0\0\0\0>\0\0\0\0\0\0\0\0\0\0\0\0\0\0\0\30\0\0\0\0\0\0\0\217\0\0\0\0\0\0\0\0\0\0\0\0\0\0\0", 64, MSG_NOSIGNAL, NULL, 0) = 64
10533 recvmsg(36,  <unfinished ...>
10579 sendto(5, "\20\0\0\0@\0\0\0\"\313\23s\0\0\0\0\30\0\26\0\0\0\0\0?\0\0\0\0\0\0\0\0\0\0\0\0\0\0\0\30\0\0\0\0\0\0\0\221\0\0\0\0\0\0\0\0\0\0\0\0\0\0\0", 64, MSG_NOSIGNAL, NULL, 0 <unfinished ...>
10533 <... recvmsg resumed>{msg_name=NULL, msg_namelen=0, msg_iov=[{iov_base="\20\0\0\0@\0\0\0\3\312\23s\0\0\0\0\30\0\26\0\0\0\0\0=\0\0\0\0\0\0\0\0\0\0\0\0\0\0\0\30\0\0\0\0\0\0\0\213\0\0\0\0\0\0\0\0\0\0\0\0\0\0\0\20\0\0\0@\0\0\0\227\312\23s\0\0\0\0\30\0\26\0\0\0\0\0>\0\0\0\0\0\0\0\0\0\0\0\0\0\0\0\30\0\0\0\0\0\0\0\217\0\0\0\0\0\0\0\0\0\0\0\0\0\0\0", iov_len=4096}], msg_iovlen=1, msg_controllen=0, msg_flags=0}, MSG_DONTWAIT) = 128
10579 <... sendto resumed>)             = 64
10579 sendto(5, "\20\0\0\0@\0\0\0\315\313\23s\0\0\0\0\30\0\26\0\0\0\0\0@\0\0\0\0\0\0\0\0\0\0\0\0\0\0\0\30\0\0\0\0\0\0\0\235\0\0\0\0\0\0\0\0\0\0\0\0\0\0\0", 64, MSG_NOSIGNAL, NULL, 0) = 64
10533 recvmsg(36,  <unfinished ...>
10579 sendto(5, "\20\0\0\0@\0\0\0003\314\23s\0\0\0\0\30\0\26\0\0\0\0\0A\0\0\0\0\0\0\0\0\0\0\0\0\0\0\0\30\0\0\0\0\0\0\0\225\0\0\0\0\0\0\0\0\0\0\0\0\0\0\0", 64, MSG_NOSIGNAL, NULL, 0 <unfinished ...>
10533 <... recvmsg resumed>{msg_name=NULL, msg_namelen=0, msg_iov=[{iov_base="\20\0\0\0@\0\0\0\"\313\23s\0\0\0\0\30\0\26\0\0\0\0\0?\0\0\0\0\0\0\0\0\0\0\0\0\0\0\0\30\0\0\0\0\0\0\0\221\0\0\0\0\0\0\0\0\0\0\0\0\0\0\0\20\0\0\0@\0\0\0\315\313\23s\0\0\0\0\30\0\26\0\0\0\0\0@\0\0\0\0\0\0\0\0\0\0\0\0\0\0\0\30\0\0\0\0\0\0\0\235\0\0\0\0\0\0\0\0\0\0\0\0\0\0\0", iov_len=4096}], msg_iovlen=1, msg_controllen=0, msg_flags=0}, MSG_DONTWAIT) = 128
10579 <... sendto resumed>)             = 64
10579 sendto(5, "\20\0\0\0@\0\0\0\310\314\23s\0\0\0\0\30\0\26\0\0\0\0\0B\0\0\0\0\0\0\0\0\0\0\0\0\0\0\0\30\0\0\0\0\0\0\0\223\0\0\0\0\0\0\0\2\0\0\0\0\0\0\0", 64, MSG_NOSIGNAL, NULL, 0) = 64
10542 openat(AT_FDCWD, "/proc/10560/task/10563/status", O_RDONLY|O_CLOEXEC <unfinished ...>
10533 recvmsg(36,  <unfinished ...>
10579 sendto(5, "\20\0\0\0@\0\0\0\\\315\23s\0\0\0\0\30\0\26\0\0\0\0\0C\0\0\0\0\0\0\0\0\0\0\0\0\0\0\0\30\0\0\0\0\0\0\0\227\0\0\0\0\0\0\0\0\0\0\0\0\0\0\0", 64, MSG_NOSIGNAL, NULL, 0 <unfinished ...>
10542 <... openat resumed>)             = 47
10533 <... recvmsg resumed>{msg_name=NULL, msg_namelen=0, msg_iov=[{iov_base="\20\0\0\0@\0\0\0003\314\23s\0\0\0\0\30\0\26\0\0\0\0\0A\0\0\0\0\0\0\0\0\0\0\0\0\0\0\0\30\0\0\0\0\0\0\0\225\0\0\0\0\0\0\0\0\0\0\0\0\0\0\0\20\0\0\0@\0\0\0\310\314\23s\0\0\0\0\30\0\26\0\0\0\0\0B\0\0\0\0\0\0\0\0\0\0\0\0\0\0\0\30\0\0\0\0\0\0\0\223\0\0\0\0\0\0\0\2\0\0\0\0\0\0\0", iov_len=4096}], msg_iovlen=1, msg_controllen=0, msg_flags=0}, MSG_DONTWAIT) = 128
10579 <... sendto resumed>)             = 64
10533 recvmsg(36, {msg_name=NULL, msg_namelen=0, msg_iov=[{iov_base="\20\0\0\0@\0\0\0\\\315\23s\0\0\0\0\30\0\26\0\0\0\0\0C\0\0\0\0\0\0\0\0\0\0\0\0\0\0\0\30\0\0\0\0\0\0\0\227\0\0\0\0\0\0\0\0\0\0\0\0\0\0\0", iov_len=4096}], msg_iovlen=1, msg_controllen=0, msg_flags=0}, MSG_DONTWAIT) = 64
10509 sendto(36, "\20\0\0\0@\0\0\0\201\317\23s\0\0\0\0\30\0\26\0\0\0\0\0Z\0\0\0\0\0\0\0\0\0\0\0\0\0\0\0\30\0\0\0\0\0\0\0\243\0\0\0\0\0\0\0\0\0\0\0\0\0\0\0", 64, MSG_NOSIGNAL, NULL, 0) = 64
10579 recvmsg(5,  <unfinished ...>
10509 sendto(36, "\20\0\0\0@\0\0\0\356\317\23s\0\0\0\0\30\0\26\0\0\0\0\0[\0\0\0\0\0\0\0\0\0\0\0\0\0\0\0\30\0\0\0\0\0\0\0\245\0\0\0\0\0\0\0\0\0\0\0\0\0\0\0", 64, MSG_NOSIGNAL, NULL, 0 <unfinished ...>
10579 <... recvmsg resumed>{msg_name=NULL, msg_namelen=0, msg_iov=[{iov_base="\20\0\0\0@\0\0\0\201\317\23s\0\0\0\0\30\0\26\0\0\0\0\0Z\0\0\0\0\0\0\0\0\0\0\0\0\0\0\0\30\0\0\0\0\0\0\0\243\0\0\0\0\0\0\0\0\0\0\0\0\0\0\0", iov_len=4096}], msg_iovlen=1, msg_controllen=0, msg_flags=0}, MSG_DONTWAIT) = 64
10579 sendto(5, "\20\0\0\0p\0\0\0\\\320\23s\0\0\0\0\30\0\24\0\0\0\0\0D\0\0\0\0\0\0\0\0\0\0\0\0\0\0\0H\0\0\0\0\0\0\0\245\0\0\0\0\0\0\0\0\0\0\0\0\0\0\0\0\0\0\0\1\0\0\0\0\0\0\0\0\0\0\0\0x\1\0\0\1\0\0\0\0\0\0\0\0\0\0\0\0\0\0\0\0\0\0\0\0\0\0\0\0\0\0", 112, MSG_NOSIGNAL, NULL, 0 <unfinished ...>
10509 <... sendto resumed>)             = 64
10579 <... sendto resumed>)             = 112
10533 recvmsg(36, {msg_name=NULL, msg_namelen=0, msg_iov=[{iov_base="\20\0\0\0p\0\0\0\\\320\23s\0\0\0\0\30\0\24\0\0\0\0\0D\0\0\0\0\0\0\0\0\0\0\0\0\0\0\0H\0\0\0\0\0\0\0\245\0\0\0\0\0\0\0\0\0\0\0\0\0\0\0\0\0\0\0\1\0\0\0\0\0\0\0\0\0\0\0\0x\1\0\0\1\0\0\0\0\0\0\0\0\0\0\0\0\0\0\0\0\0\0\0\0\0\0\0\0\0\0", iov_len=4096}], msg_iovlen=1, msg_controllen=0, msg_flags=0}, MSG_DONTWAIT) = 112
10579 recvmsg(5, {msg_name=NULL, msg_namelen=0, msg_iov=[{iov_base="\20\0\0\0@\0\0\0\356\317\23s\0\0\0\0\30\0\26\0\0\0\0\0[\0\0\0\0\0\0\0\0\0\0\0\0\0\0\0\30\0\0\0\0\0\0\0\245\0\0\0\0\0\0\0\0\0\0\0\0\0\0\0", iov_len=4096}], msg_iovlen=1, msg_controllen=0, msg_flags=0}, MSG_DONTWAIT) = 64
10542 openat(AT_FDCWD, "/proc/10560/task", O_RDONLY|O_DIRECTORY) = 47
10542 openat(AT_FDCWD, "/proc/10560/task/10560/status", O_RDONLY|O_CLOEXEC) = 43
10542 openat(AT_FDCWD, "/proc/10560/task/10562/status", O_RDONLY|O_CLOEXEC) = 41
10542 openat(AT_FDCWD, "/proc/10560/task/10563/status", O_RDONLY|O_CLOEXEC) = 41
10542 openat(AT_FDCWD, "/proc/10560/task/10565/status", O_RDONLY|O_CLOEXEC) = 41
10542 openat(AT_FDCWD, "/proc/10560/task", O_RDONLY|O_DIRECTORY) = 38
10542 openat(AT_FDCWD, "/proc/10560/task/10560/status", O_RDONLY|O_CLOEXEC) = 38
10542 openat(AT_FDCWD, "/proc/10560/task/10562/status", O_RDONLY|O_CLOEXEC) = 38
10509 sendto(44, "\20\0\0\0@\0\0\0\270\336\23s\0\0\0\0\30\0\26\0\0\0\0\0006\0\0\0\0\0\0\0\0\0\0\0\0\0\0\0\30\0\0\0\0\0\0\0\23\0\0\0\0\0\0\0\0\0\0\0\0\0\0\0", 64, MSG_NOSIGNAL, NULL, 0) = 64
10567 recvmsg(14,  <unfinished ...>
10509 sendto(44, "\20\0\0\0@\0\0\0D\337\23s\0\0\0\0\30\0\26\0\0\0\0\0007\0\0\0\0\0\0\0\0\0\0\0\0\0\0\0\30\0\0\0\0\0\0\0\25\0\0\0\0\0\0\0\1\0\0\0\0\0\0\0", 64, MSG_NOSIGNAL, NULL, 0 <unfinished ...>
10567 <... recvmsg resumed>{msg_name=NULL, msg_namelen=0, msg_iov=[{iov_base="\20\0\0\0@\0\0\0\270\336\23s\0\0\0\0\30\0\26\0\0\0\0\0006\0\0\0\0\0\0\0\0\0\0\0\0\0\0\0\30\0\0\0\0\0\0\0\23\0\0\0\0\0\0\0\0\0\0\0\0\0\0\0", iov_len=4096}], msg_iovlen=1, msg_controllen=0, msg_flags=0}, MSG_DONTWAIT) = 64
10509 <... sendto resumed>)             = 64
10542 openat(AT_FDCWD, "/proc/10560/task/10563/status", O_RDONLY|O_CLOEXEC) = 38
10567 recvmsg(14, {msg_name=NULL, msg_namelen=0, msg_iov=[{iov_base="\20\0\0\0@\0\0\0D\337\23s\0\0\0\0\30\0\26\0\0\0\0\0007\0\0\0\0\0\0\0\0\0\0\0\0\0\0\0\30\0\0\0\0\0\0\0\25\0\0\0\0\0\0\0\1\0\0\0\0\0\0\0", iov_len=4096}], msg_iovlen=1, msg_controllen=0, msg_flags=0}, MSG_DONTWAIT) = 64
10509 sendto(36, "\20\0\0\0@\0\0\0\313\340\23s\0\0\0\0\30\0\26\0\0\0\0\0\\\0\0\0\0\0\0\0\0\0\0\0\0\0\0\0\30\0\0\0\0\0\0\0\203\0\0\0\0\0\0\0\0\0\0\0\0\0\0\0", 64, MSG_NOSIGNAL, NULL, 0) = 64
10509 sendto(36, "\20\0\0\0@\0\0\0<\341\23s\0\0\0\0\30\0\26\0\0\0\0\0]\0\0\0\0\0\0\0\0\0\0\0\0\0\0\0\30\0\0\0\0\0\0\0m\0\0\0\0\0\0\0\0\0\0\0\0\0\0\0", 64, MSG_NOSIGNAL, NULL, 0 <unfinished ...>
10579 recvmsg(5,  <unfinished ...>
10509 <... sendto resumed>)             = 64
10579 <... recvmsg resumed>{msg_name=NULL, msg_namelen=0, msg_iov=[{iov_base="\20\0\0\0@\0\0\0\313\340\23s\0\0\0\0\30\0\26\0\0\0\0\0\\\0\0\0\0\0\0\0\0\0\0\0\0\0\0\0\30\0\0\0\0\0\0\0\203\0\0\0\0\0\0\0\0\0\0\0\0\0\0\0\20\0\0\0@\0\0\0<\341\23s\0\0\0\0\30\0\26\0\0\0\0\0]\0\0\0\0\0\0\0\0\0\0\0\0\0\0\0\30\0\0\0\0\0\0\0m\0\0\0\0\0\0\0\0\0\0\0\0\0\0\0", iov_len=4096}], msg_iovlen=1, msg_controllen=0, msg_flags=0}, MSG_DONTWAIT) = 128
10509 sendto(36, "\20\0\0\0@\0\0\0\243\341\23s\0\0\0\0\30\0\26\0\0\0\0\0^\0\0\0\0\0\0\0\0\0\0\0\0\0\0\0\30\0\0\0\0\0\0\0s\0\0\0\0\0\0\0\0\0\0\0\0\0\0\0", 64, MSG_NOSIGNAL, NULL, 0) = 64
10579 recvmsg(5,  <unfinished ...>
10509 sendto(36, "\20\0\0\0@\0\0\0\t\342\23s\0\0\0\0\30\0\26\0\0\0\0\0_\0\0\0\0\0\0\0\0\0\0\0\0\0\0\0\30\0\0\0\0\0\0\0y\0\0\0\0\0\0\0\1\0\0\0\0\0\0\0", 64, MSG_NOSIGNAL, NULL, 0 <unfinished ...>
10579 <... recvmsg resumed>{msg_name=NULL, msg_namelen=0, msg_iov=[{iov_base="\20\0\0\0@\0\0\0\243\341\23s\0\0\0\0\30\0\26\0\0\0\0\0^\0\0\0\0\0\0\0\0\0\0\0\0\0\0\0\30\0\0\0\0\0\0\0s\0\0\0\0\0\0\0\0\0\0\0\0\0\0\0", iov_len=4096}], msg_iovlen=1, msg_controllen=0, msg_flags=0}, MSG_DONTWAIT) = 64
10509 <... sendto resumed>)             = 64
10579 recvmsg(5, {msg_name=NULL, msg_namelen=0, msg_iov=[{iov_base="\20\0\0\0@\0\0\0\t\342\23s\0\0\0\0\30\0\26\0\0\0\0\0_\0\0\0\0\0\0\0\0\0\0\0\0\0\0\0\30\0\0\0\0\0\0\0y\0\0\0\0\0\0\0\1\0\0\0\0\0\0\0", iov_len=4096}], msg_iovlen=1, msg_controllen=0, msg_flags=0}, MSG_DONTWAIT) = 64
10509 sendto(36, "\20\0\0\0@\0\0\0\341\342\23s\0\0\0\0\30\0\26\0\0\0\0\0`\0\0\0\0\0\0\0\0\0\0\0\0\0\0\0\30\0\0\0\0\0\0\0o\0\0\0\0\0\0\0\0\0\0\0\0\0\0\0", 64, MSG_NOSIGNAL, NULL, 0) = 64
10579 recvmsg(5,  <unfinished ...>
10566 sendto(14, "\20\0\0\0p\0\0\0L\343\23s\0\0\0\0\30\0\24\0\0\0\0\0003\0\0\0\0\0\0\0\0\0\0\0\0\0\0\0H\0\0\0\0\0\0\0000\0\0\0\0\0\0\0\0\0\0\0\0\0\0\0\0\0\0\0\1\0\0\0\0\0\0\0\0\0\0\0\0z\1\0\0\1\0\0\0\0\0\0\0\0\0\0\0\0\0\0\0\0\0\0\0\0\0\0\0\0\0\0", 112, MSG_NOSIGNAL, NULL, 0 <unfinished ...>
10542 openat(AT_FDCWD, "/proc/10560/task/10565/status", O_RDONLY|O_CLOEXEC <unfinished ...>
10509 sendto(36, "\20\0\0\0@\0\0\0C\343\23s\0\0\0\0\30\0\26\0\0\0\0\0a\0\0\0\0\0\0\0\0\0\0\0\0\0\0\0\30\0\0\0\0\0\0\0[\0\0\0\0\0\0\0\21\0\0\0\0\0\0\0", 64, MSG_NOSIGNAL, NULL, 0 <unfinished ...>
10579 <... recvmsg resumed>{msg_name=NULL, msg_namelen=0, msg_iov=[{iov_base="\20\0\0\0@\0\0\0\341\342\23s\0\0\0\0\30\0\26\0\0\0\0\0`\0\0\0\0\0\0\0\0\0\0\0\0\0\0\0\30\0\0\0\0\0\0\0o\0\0\0\0\0\0\0\0\0\0\0\0\0\0\0", iov_len=4096}], msg_iovlen=1, msg_controllen=0, msg_flags=0}, MSG_DONTWAIT) = 64
10566 <... sendto resumed>)             = 112
10542 <... openat resumed>)             = 38
10509 <... sendto resumed>)             = 64
10579 recvmsg(5, {msg_name=NULL, msg_namelen=0, msg_iov=[{iov_base="\20\0\0\0@\0\0\0C\343\23s\0\0\0\0\30\0\26\0\0\0\0\0a\0\0\0\0\0\0\0\0\0\0\0\0\0\0\0\30\0\0\0\0\0\0\0[\0\0\0\0\0\0\0\21\0\0\0\0\0\0\0", iov_len=4096}], msg_iovlen=1, msg_controllen=0, msg_flags=0}, MSG_DONTWAIT) = 64
10533 sendto(36, "\20\0\0\0@\0\0\0W\343\23s\0\0\0\0\30\0\26\0\0\0\0\0b\0\0\0\0\0\0\0\0\0\0\0\0\0\0\0\30\0\0\0\0\0\0\0q\0\0\0\0\0\0\0\0\0\0\0\0\0\0\0", 64, MSG_NOSIGNAL, NULL, 0 <unfinished ...>
10579 sendto(5, "\20\0\0\0@\0\0\0,\344\23s\0\0\0\0\30\0\26\0\0\0\0\0E\0\0\0\0\0\0\0\0\0\0\0\0\0\0\0\30\0\0\0\0\0\0\0\201\0\0\0\0\0\0\0\0\0\0\0\0\0\0\0", 64, MSG_NOSIGNAL, NULL, 0 <unfinished ...>
10533 <... sendto resumed>)             = 64
10579 <... sendto resumed>)             = 64
10579 sendto(5, "\20\0\0\0@\0\0\0\177\344\23s\0\0\0\0\30\0\26\0\0\0\0\0F\0\0\0\0\0\0\0\0\0\0\0\0\0\0\0\30\0\0\0\0\0\0\0}\0\0\0\0\0\0\0\0\0\0\0\0\0\0\0", 64, MSG_NOSIGNAL, NULL, 0) = 64
10533 recvmsg(44, {msg_name=NULL, msg_namelen=0, msg_iov=[{iov_base="\20\0\0\0p\0\0\0L\343\23s\0\0\0\0\30\0\24\0\0\0\0\0003\0\0\0\0\0\0\0\0\0\0\0\0\0\0\0H\0\0\0\0\0\0\0000\0\0\0\0\0\0\0\0\0\0\0\0\0\0\0\0\0\0\0\1\0\0\0\0\0\0\0\0\0\0\0\0z\1\0\0\1\0\0\0\0\0\0\0\0\0\0\0\0\0\0\0\0\0\0\0\0\0\0\0\0\0\0", iov_len=4096}], msg_iovlen=1, msg_controllen=0, msg_flags=0}, MSG_DONTWAIT) = 112
10533 recvmsg(36, {msg_name=NULL, msg_namelen=0, msg_iov=[{iov_base="\20\0\0\0@\0\0\0,\344\23s\0\0\0\0\30\0\26\0\0\0\0\0E\0\0\0\0\0\0\0\0\0\0\0\0\0\0\0\30\0\0\0\0\0\0\0\201\0\0\0\0\0\0\0\0\0\0\0\0\0\0\0\20\0\0\0@\0\0\0\177\344\23s\0\0\0\0\30\0\26\0\0\0\0\0F\0\0\0\0\0\0\0\0\0\0\0\0\0\0\0\30\0\0\0\0\0\0\0}\0\0\0\0\0\0\0\0\0\0\0\0\0\0\0", iov_len=4096}], msg_iovlen=1, msg_controllen=0, msg_flags=0}, MSG_DONTWAIT) = 128
10579 sendto(5, "\20\0\0\0@\0\0\0005\345\23s\0\0\0\0\30\0\26\0\0\0\0\0G\0\0\0\0\0\0\0\0\0\0\0\0\0\0\0\30\0\0\0\0\0\0\0w\0\0\0\0\0\0\0\0\0\0\0\0\0\0\0", 64, MSG_NOSIGNAL, NULL, 0 <unfinished ...>
10542 openat(AT_FDCWD, "/proc/10560/task/10566/status", O_RDONLY|O_CLOEXEC <unfinished ...>
10579 <... sendto resumed>)             = 64
10542 <... openat resumed>)             = 38
10579 sendto(5, "\20\0\0\0@\0\0\0\235\345\23s\0\0\0\0\30\0\26\0\0\0\0\0H\0\0\0\0\0\0\0\0\0\0\0\0\0\0\0\30\0\0\0\0\0\0\0u\0\0\0\0\0\0\0\0\0\0\0\0\0\0\0", 64, MSG_NOSIGNAL, NULL, 0 <unfinished ...>
10533 recvmsg(36,  <unfinished ...>
10579 <... sendto resumed>)             = 64
10533 <... recvmsg resumed>{msg_name=NULL, msg_namelen=0, msg_iov=[{iov_base="\20\0\0\0@\0\0\0005\345\23s\0\0\0\0\30\0\26\0\0\0\0\0G\0\0\0\0\0\0\0\0\0\0\0\0\0\0\0\30\0\0\0\0\0\0\0w\0\0\0\0\0\0\0\0\0\0\0\0\0\0\0\20\0\0\0@\0\0\0\235\345\23s\0\0\0\0\30\0\26\0\0\0\0\0H\0\0\0\0\0\0\0\0\0\0\0\0\0\0\0\30\0\0\0\0\0\0\0u\0\0\0\0\0\0\0\0\0\0\0\0\0\0\0", iov_len=4096}], msg_iovlen=1, msg_controllen=0, msg_flags=0}, MSG_DONTWAIT) = 128
10530 sendto(44, "\20\0\0\0p\0\0\0\3\346\23s\0\0\0\0\30\0\24\0\0\0\0\08\0\0\0\0\0\0\0\0\0\0\0\0\0\0\0H\0\0\0\0\0\0\0000\0\0\0\0\0\0\0\0\0\0\0\0\0\0\0\0\0\0\0\1\0\0\0\0\0\0\0\0\0\0\0\0{\1\0\0\1\0\0\0\0\0\0\0\0\0\0\0\0\0\0\0\0\0\0\0\0\0\0\0\0\0\0", 112, MSG_NOSIGNAL, NULL, 0) = 112
10567 recvmsg(14, {msg_name=NULL, msg_namelen=0, msg_iov=[{iov_base="\20\0\0\0p\0\0\0\3\346\23s\0\0\0\0\30\0\24\0\0\0\0\08\0\0\0\0\0\0\0\0\0\0\0\0\0\0\0H\0\0\0\0\0\0\0000\0\0\0\0\0\0\0\0\0\0\0\0\0\0\0\0\0\0\0\1\0\0\0\0\0\0\0\0\0\0\0\0{\1\0\0\1\0\0\0\0\0\0\0\0\0\0\0\0\0\0\0\0\0\0\0\0\0\0\0\0\0\0", iov_len=4096}], msg_iovlen=1, msg_controllen=0, msg_flags=0}, MSG_DONTWAIT) = 112
10580 openat(AT_FDCWD, "/tmp/playwright_chromiumdev_profile-pi0Vs8/Default/Cache/Cache_Data/index-dir/temp-index", O_WRONLY|O_CREAT|O_TRUNC, 0600 <unfinished ...>
10566 sendto(14, "\20\0\0\0@\0\0\0\243\347\23s\0\0\0\0\30\0\26\0\0\0\0\0004\0\0\0\0\0\0\0\0\0\0\0\0\0\0\0\30\0\0\0\0\0\0\0000\0\0\0\0\0\0\0\1\0\0\0\0\0\0\0", 64, MSG_NOSIGNAL, NULL, 0 <unfinished ...>
10580 <... openat resumed>)             = 21
10579 sendto(5, "\20\0\0\0@\0\0\0\300\347\23s\0\0\0\0\30\0\26\0\0\0\0\0I\0\0\0\0\0\0\0\0\0\0\0\0\0\0\0\30\0\0\0\0\0\0\0_\0\0\0\0\0\0\0\0\0\0\0\0\0\0\0", 64, MSG_NOSIGNAL, NULL, 0 <unfinished ...>
10566 <... sendto resumed>)             = 64
10579 <... sendto resumed>)             = 64
10579 sendto(5, "\20\0\0\0@\0\0\0a\350\23s\0\0\0\0\30\0\26\0\0\0\0\0J\0\0\0\0\0\0\0\0\0\0\0\0\0\0\0\30\0\0\0\0\0\0\0]\0\0\0\0\0\0\0\0\0\0\0\0\0\0\0", 64, MSG_NOSIGNAL, NULL, 0) = 64
10579 sendto(5, "\20\0\0\0@\0\0\0\342\350\23s\0\0\0\0\30\0\26\0\0\0\0\0K\0\0\0\0\0\0\0\0\0\0\0\0\0\0\0\30\0\0\0\0\0\0\0\177\0\0\0\0\0\0\0\0\0\0\0\0\0\0\0", 64, MSG_NOSIGNAL, NULL, 0) = 64
10533 recvmsg(44,  <unfinished ...>
10579 sendto(5, "\20\0\0\0@\0\0\09\351\23s\0\0\0\0\30\0\26\0\0\0\0\0L\0\0\0\0\0\0\0\0\0\0\0\0\0\0\0\30\0\0\0\0\0\0\0g\0\0\0\0\0\0\0\0\0\0\0\0\0\0\0", 64, MSG_NOSIGNAL, NULL, 0 <unfinished ...>
10533 <... recvmsg resumed>{msg_name=NULL, msg_namelen=0, msg_iov=[{iov_base="\20\0\0\0@\0\0\0\243\347\23s\0\0\0\0\30\0\26\0\0\0\0\0004\0\0\0\0\0\0\0\0\0\0\0\0\0\0\0\30\0\0\0\0\0\0\0000\0\0\0\0\0\0\0\1\0\0\0\0\0\0\0", iov_len=4096}], msg_iovlen=1, msg_controllen=0, msg_flags=0}, MSG_DONTWAIT) = 64
10579 <... sendto resumed>)             = 64
10579 sendto(5, "\20\0\0\0@\0\0\0\261\351\23s\0\0\0\0\30\0\26\0\0\0\0\0M\0\0\0\0\0\0\0\0\0\0\0\0\0\0\0\30\0\0\0\0\0\0\0e\0\0\0\0\0\0\0\2\0\0\0\0\0\0\0", 64, MSG_NOSIGNAL, NULL, 0) = 64
10542 openat(AT_FDCWD, "/proc/10560/task", O_RDONLY|O_DIRECTORY <unfinished ...>
10533 recvmsg(36, {msg_name=NULL, msg_namelen=0, msg_iov=[{iov_base="\20\0\0\0@\0\0\0\300\347\23s\0\0\0\0\30\0\26\0\0\0\0\0I\0\0\0\0\0\0\0\0\0\0\0\0\0\0\0\30\0\0\0\0\0\0\0_\0\0\0\0\0\0\0\0\0\0\0\0\0\0\0\20\0\0\0@\0\0\0a\350\23s\0\0\0\0\30\0\26\0\0\0\0\0J\0\0\0\0\0\0\0\0\0\0\0\0\0\0\0\30\0\0\0\0\0\0\0]\0\0\0\0\0\0\0\0\0\0\0\0\0\0\0\20\0\0\0@\0\0\0\342\350\23s\0\0\0\0\30\0\26\0\0\0\0\0K\0\0\0\0\0\0\0\0\0\0\0\0\0\0\0\30\0\0\0\0\0\0\0\177\0\0\0\0\0\0\0\0\0\0\0\0\0\0\0\20\0\0\0@\0\0\09\351\23s\0\0\0\0\30\0\26\0\0\0\0\0L\0\0\0\0\0\0\0\0\0\0\0\0\0\0\0\30\0\0\0\0\0\0\0g\0\0\0\0\0\0\0\0\0\0\0\0\0\0\0"..., iov_len=4096}], msg_iovlen=1, msg_controllen=0, msg_flags=0}, MSG_DONTWAIT) = 320
10542 <... openat resumed>)             = 38
10542 openat(AT_FDCWD, "/proc/10560/task/10560/status", O_RDONLY|O_CLOEXEC) = 38
10579 recvmsg(5,  <unfinished ...>
10582 openat(AT_FDCWD, "/tmp/playwright_chromiumdev_profile-pi0Vs8/Default/.com.google.Chrome.Network Persistent State.Atu6IN", O_RDWR|O_CREAT|O_EXCL, 0600 <unfinished ...>
10579 <... recvmsg resumed>{msg_name=NULL, msg_namelen=0, msg_iov=[{iov_base="\20\0\0\0@\0\0\0W\343\23s\0\0\0\0\30\0\26\0\0\0\0\0b\0\0\0\0\0\0\0\0\0\0\0\0\0\0\0\30\0\0\0\0\0\0\0q\0\0\0\0\0\0\0\0\0\0\0\0\0\0\0", iov_len=4096}], msg_iovlen=1, msg_controllen=0, msg_flags=0}, MSG_DONTWAIT) = 64
10582 <... openat resumed>)             = 18
10542 openat(AT_FDCWD, "/proc/10560/task/10562/status", O_RDONLY|O_CLOEXEC) = 38
10542 openat(AT_FDCWD, "/proc/10560/task/10563/status", O_RDONLY|O_CLOEXEC) = 38
10529 openat(AT_FDCWD, "/tmp/playwright_chromiumdev_profile-pi0Vs8/Default/.com.google.Chrome.Secure Preferences.Jr44Ig", O_RDWR|O_CREAT|O_EXCL, 0600) = 40
10542 openat(AT_FDCWD, "/proc/10560/task/10565/status", O_RDONLY|O_CLOEXEC) = 38
10542 openat(AT_FDCWD, "/proc/10560/task/10566/status", O_RDONLY|O_CLOEXEC) = 38
10529 openat(AT_FDCWD, "/tmp/playwright_chromiumdev_profile-pi0Vs8/Default/.com.google.Chrome.Preferences.uo5o97", O_RDWR|O_CREAT|O_EXCL, 0600) = 40
10542 openat(AT_FDCWD, "/proc/10560/task/10567/status", O_RDONLY|O_CLOEXEC) = 38
10542 openat(AT_FDCWD, "/proc/10559/task", O_RDONLY|O_DIRECTORY) = 38
10542 openat(AT_FDCWD, "/proc/10559/task/10559/status", O_RDONLY|O_CLOEXEC) = 38
10542 openat(AT_FDCWD, "/proc/10559/task/10573/status", O_RDONLY|O_CLOEXEC) = 38
10542 openat(AT_FDCWD, "/proc/10559/task/10574/status", O_RDONLY|O_CLOEXEC) = 38
10509 sendto(36, "\20\0\0\0@\0\0\0\325\371\23s\0\0\0\0\30\0\26\0\0\0\0\0c\0\0\0\0\0\0\0\0\0\0\0\0\0\0\0\30\0\0\0\0\0\0\0\33\0\0\0\0\0\0\0\0\0\0\0\0\0\0\0", 64, MSG_NOSIGNAL, NULL, 0 <unfinished ...>
10530 openat(AT_FDCWD, "/tmp/playwright_chromiumdev_profile-pi0Vs8/.com.google.Chrome.Local State.hriWTb", O_RDWR|O_CREAT|O_EXCL, 0600 <unfinished ...>
10509 <... sendto resumed>)             = 64
10579 recvmsg(5,  <unfinished ...>
10530 <... openat resumed>)             = 38
10579 <... recvmsg resumed>{msg_name=NULL, msg_namelen=0, msg_iov=[{iov_base="\20\0\0\0@\0\0\0\325\371\23s\0\0\0\0\30\0\26\0\0\0\0\0c\0\0\0\0\0\0\0\0\0\0\0\0\0\0\0\30\0\0\0\0\0\0\0\33\0\0\0\0\0\0\0\0\0\0\0\0\0\0\0", iov_len=4096}], msg_iovlen=1, msg_controllen=0, msg_flags=0}, MSG_DONTWAIT) = 64
10542 openat(AT_FDCWD, "/proc/10559/task", O_RDONLY|O_DIRECTORY <unfinished ...>
10509 sendto(36, "\20\0\0\0@\0\0\0\\\372\23s\0\0\0\0\30\0\26\0\0\0\0\0d\0\0\0\0\0\0\0\0\0\0\0\0\0\0\0\30\0\0\0\0\0\0\0\31\0\0\0\0\0\0\0\0\0\0\0\0\0\0\0", 64, MSG_NOSIGNAL, NULL, 0 <unfinished ...>
10542 <... openat resumed>)             = 40
10509 <... sendto resumed>)             = 64
10579 recvmsg(5,  <unfinished ...>
10509 sendto(36, "\20\0\0\0@\0\0\0\322\372\23s\0\0\0\0\30\0\26\0\0\0\0\0e\0\0\0\0\0\0\0\0\0\0\0\0\0\0\0\30\0\0\0\0\0\0\0\27\0\0\0\0\0\0\0\0\0\0\0\0\0\0\0", 64, MSG_NOSIGNAL, NULL, 0 <unfinished ...>
10579 <... recvmsg resumed>{msg_name=NULL, msg_namelen=0, msg_iov=[{iov_base="\20\0\0\0@\0\0\0\\\372\23s\0\0\0\0\30\0\26\0\0\0\0\0d\0\0\0\0\0\0\0\0\0\0\0\0\0\0\0\30\0\0\0\0\0\0\0\31\0\0\0\0\0\0\0\0\0\0\0\0\0\0\0", iov_len=4096}], msg_iovlen=1, msg_controllen=0, msg_flags=0}, MSG_DONTWAIT) = 64
10509 <... sendto resumed>)             = 64
10579 recvmsg(5, {msg_name=NULL, msg_namelen=0, msg_iov=[{iov_base="\20\0\0\0@\0\0\0\322\372\23s\0\0\0\0\30\0\26\0\0\0\0\0e\0\0\0\0\0\0\0\0\0\0\0\0\0\0\0\30\0\0\0\0\0\0\0\27\0\0\0\0\0\0\0\0\0\0\0\0\0\0\0", iov_len=4096}], msg_iovlen=1, msg_controllen=0, msg_flags=0}, MSG_DONTWAIT) = 64
10542 openat(AT_FDCWD, "/proc/10559/task/10559/status", O_RDONLY|O_CLOEXEC <unfinished ...>
10509 sendto(36, "\20\0\0\0@\0\0\0u\373\23s\0\0\0\0\30\0\26\0\0\0\0\0f\0\0\0\0\0\0\0\0\0\0\0\0\0\0\0\30\0\0\0\0\0\0\0Q\0\0\0\0\0\0\0\1\0\0\0\0\0\0\0", 64, MSG_NOSIGNAL, NULL, 0 <unfinished ...>
10542 <... openat resumed>)             = 40
10509 <... sendto resumed>)             = 64
10579 recvmsg(5,  <unfinished ...>
10509 sendto(36, "\20\0\0\0@\0\0\0\306\373\23s\0\0\0\0\30\0\26\0\0\0\0\0g\0\0\0\0\0\0\0\0\0\0\0\0\0\0\0\30\0\0\0\0\0\0\0A\0\0\0\0\0\0\0\2\0\0\0\0\0\0\0", 64, MSG_NOSIGNAL, NULL, 0 <unfinished ...>
10579 <... recvmsg resumed>{msg_name=NULL, msg_namelen=0, msg_iov=[{iov_base="\20\0\0\0@\0\0\0u\373\23s\0\0\0\0\30\0\26\0\0\0\0\0f\0\0\0\0\0\0\0\0\0\0\0\0\0\0\0\30\0\0\0\0\0\0\0Q\0\0\0\0\0\0\0\1\0\0\0\0\0\0\0", iov_len=4096}], msg_iovlen=1, msg_controllen=0, msg_flags=0}, MSG_DONTWAIT) = 64
10509 <... sendto resumed>)             = 64
10509 sendto(36, "\20\0\0\0@\0\0\0+\374\23s\0\0\0\0\30\0\26\0\0\0\0\0h\0\0\0\0\0\0\0\0\0\0\0\0\0\0\0\30\0\0\0\0\0\0\0I\0\0\0\0\0\0\0\0\0\0\0\0\0\0\0", 64, MSG_NOSIGNAL, NULL, 0 <unfinished ...>
10579 recvmsg(5,  <unfinished ...>
10509 <... sendto resumed>)             = 64
10579 <... recvmsg resumed>{msg_name=NULL, msg_namelen=0, msg_iov=[{iov_base="\20\0\0\0@\0\0\0\306\373\23s\0\0\0\0\30\0\26\0\0\0\0\0g\0\0\0\0\0\0\0\0\0\0\0\0\0\0\0\30\0\0\0\0\0\0\0A\0\0\0\0\0\0\0\2\0\0\0\0\0\0\0\20\0\0\0@\0\0\0+\374\23s\0\0\0\0\30\0\26\0\0\0\0\0h\0\0\0\0\0\0\0\0\0\0\0\0\0\0\0\30\0\0\0\0\0\0\0I\0\0\0\0\0\0\0\0\0\0\0\0\0\0\0", iov_len=4096}], msg_iovlen=1, msg_controllen=0, msg_flags=0}, MSG_DONTWAIT) = 128
10509 sendto(36, "\20\0\0\0@\0\0\0x\374\23s\0\0\0\0\30\0\26\0\0\0\0\0i\0\0\0\0\0\0\0\0\0\0\0\0\0\0\0\30\0\0\0\0\0\0\0G\0\0\0\0\0\0\0\0\0\0\0\0\0\0\0", 64, MSG_NOSIGNAL, NULL, 0 <unfinished ...>
10579 sendto(5, "\20\0\0\0@\0\0\0\215\374\23s\0\0\0\0\30\0\26\0\0\0\0\0N\0\0\0\0\0\0\0\0\0\0\0\0\0\0\0\30\0\0\0\0\0\0\0W\0\0\0\0\0\0\0\0\0\0\0\0\0\0\0", 64, MSG_NOSIGNAL, NULL, 0 <unfinished ...>
10509 <... sendto resumed>)             = 64
10579 <... sendto resumed>)             = 64
10533 recvmsg(36,  <unfinished ...>
10509 sendto(36, "\20\0\0\0@\0\0\0\324\374\23s\0\0\0\0\30\0\26\0\0\0\0\0j\0\0\0\0\0\0\0\0\0\0\0\0\0\0\0\30\0\0\0\0\0\0\0E\0\0\0\0\0\0\0\0\0\0\0\0\0\0\0", 64, MSG_NOSIGNAL, NULL, 0 <unfinished ...>
10542 openat(AT_FDCWD, "/proc/10559/task/10573/status", O_RDONLY|O_CLOEXEC <unfinished ...>
10533 <... recvmsg resumed>{msg_name=NULL, msg_namelen=0, msg_iov=[{iov_base="\20\0\0\0@\0\0\0\215\374\23s\0\0\0\0\30\0\26\0\0\0\0\0N\0\0\0\0\0\0\0\0\0\0\0\0\0\0\0\30\0\0\0\0\0\0\0W\0\0\0\0\0\0\0\0\0\0\0\0\0\0\0", iov_len=4096}], msg_iovlen=1, msg_controllen=0, msg_flags=0}, MSG_DONTWAIT) = 64
10542 <... openat resumed>)             = 38
10509 <... sendto resumed>)             = 64
10579 sendto(5, "\20\0\0\0@\0\0\0e\375\23s\0\0\0\0\30\0\26\0\0\0\0\0O\0\0\0\0\0\0\0\0\0\0\0\0\0\0\0\30\0\0\0\0\0\0\0C\0\0\0\0\0\0\0\0\0\0\0\0\0\0\0", 64, MSG_NOSIGNAL, NULL, 0) = 64
10509 sendto(36, "\20\0\0\0@\0\0\0\245\375\23s\0\0\0\0\30\0\26\0\0\0\0\0k\0\0\0\0\0\0\0\0\0\0\0\0\0\0\0\30\0\0\0\0\0\0\0\17\0\0\0\0\0\0\0\25\0\0\0\0\0\0\0", 64, MSG_NOSIGNAL, NULL, 0 <unfinished ...>
10579 sendto(5, "\20\0\0\0@\0\0\0\301\375\23s\0\0\0\0\30\0\26\0\0\0\0\0P\0\0\0\0\0\0\0\0\0\0\0\0\0\0\0\30\0\0\0\0\0\0\0Y\0\0\0\0\0\0\0\0\0\0\0\0\0\0\0", 64, MSG_NOSIGNAL, NULL, 0 <unfinished ...>
10509 <... sendto resumed>)             = 64
10579 <... sendto resumed>)             = 64
10509 sendto(36, "\20\0\0\0@\0\0\0\32\376\23s\0\0\0\0\30\0\26\0\0\0\0\0l\0\0\0\0\0\0\0\0\0\0\0\0\0\0\0\30\0\0\0\0\0\0\0\21\0\0\0\0\0\0\0\0\0\0\0\0\0\0\0", 64, MSG_NOSIGNAL, NULL, 0 <unfinished ...>
10579 sendto(5, "\20\0\0\0@\0\0\0\36\376\23s\0\0\0\0\30\0\26\0\0\0\0\0Q\0\0\0\0\0\0\0\0\0\0\0\0\0\0\0\30\0\0\0\0\0\0\0M\0\0\0\0\0\0\0\0\0\0\0\0\0\0\0", 64, MSG_NOSIGNAL, NULL, 0 <unfinished ...>
10509 <... sendto resumed>)             = 64
10579 <... sendto resumed>)             = 64
10533 recvmsg(36,  <unfinished ...>
10579 sendto(5, "\20\0\0\0@\0\0\0a\376\23s\0\0\0\0\30\0\26\0\0\0\0\0R\0\0\0\0\0\0\0\0\0\0\0\0\0\0\0\30\0\0\0\0\0\0\0K\0\0\0\0\0\0\0\2\0\0\0\0\0\0\0", 64, MSG_NOSIGNAL, NULL, 0 <unfinished ...>
10509 sendto(36, "\20\0\0\0@\0\0\0[\376\23s\0\0\0\0\30\0\26\0\0\0\0\0m\0\0\0\0\0\0\0\0\0\0\0\0\0\0\0\30\0\0\0\0\0\0\0\25\0\0\0\0\0\0\0\1\0\0\0\0\0\0\0", 64, MSG_NOSIGNAL, NULL, 0 <unfinished ...>
10579 <... sendto resumed>)             = 64
10533 <... recvmsg resumed>{msg_name=NULL, msg_namelen=0, msg_iov=[{iov_base="\20\0\0\0@\0\0\0e\375\23s\0\0\0\0\30\0\26\0\0\0\0\0O\0\0\0\0\0\0\0\0\0\0\0\0\0\0\0\30\0\0\0\0\0\0\0C\0\0\0\0\0\0\0\0\0\0\0\0\0\0\0\20\0\0\0@\0\0\0\301\375\23s\0\0\0\0\30\0\26\0\0\0\0\0P\0\0\0\0\0\0\0\0\0\0\0\0\0\0\0\30\0\0\0\0\0\0\0Y\0\0\0\0\0\0\0\0\0\0\0\0\0\0\0\20\0\0\0@\0\0\0\36\376\23s\0\0\0\0\30\0\26\0\0\0\0\0Q\0\0\0\0\0\0\0\0\0\0\0\0\0\0\0\30\0\0\0\0\0\0\0M\0\0\0\0\0\0\0\0\0\0\0\0\0\0\0", iov_len=4096}], msg_iovlen=1, msg_controllen=0, msg_flags=0}, MSG_DONTWAIT) = 192
10509 <... sendto resumed>)             = 64
10579 sendto(5, "\20\0\0\0@\0\0\0\237\376\23s\0\0\0\0\30\0\26\0\0\0\0\0S\0\0\0\0\0\0\0\0\0\0\0\0\0\0\0\30\0\0\0\0\0\0\0O\0\0\0\0\0\0\0\0\0\0\0\0\0\0\0", 64, MSG_NOSIGNAL, NULL, 0) = 64
10542 openat(AT_FDCWD, "/proc/10559/task/10574/status", O_RDONLY|O_CLOEXEC <unfinished ...>
10533 recvmsg(36,  <unfinished ...>
10542 <... openat resumed>)             = 38
10533 <... recvmsg resumed>{msg_name=NULL, msg_namelen=0, msg_iov=[{iov_base="\20\0\0\0@\0\0\0a\376\23s\0\0\0\0\30\0\26\0\0\0\0\0R\0\0\0\0\0\0\0\0\0\0\0\0\0\0\0\30\0\0\0\0\0\0\0K\0\0\0\0\0\0\0\2\0\0\0\0\0\0\0\20\0\0\0@\0\0\0\237\376\23s\0\0\0\0\30\0\26\0\0\0\0\0S\0\0\0\0\0\0\0\0\0\0\0\0\0\0\0\30\0\0\0\0\0\0\0O\0\0\0\0\0\0\0\0\0\0\0\0\0\0\0", iov_len=4096}], msg_iovlen=1, msg_controllen=0, msg_flags=0}, MSG_DONTWAIT) = 128
10579 recvmsg(5, {msg_name=NULL, msg_namelen=0, msg_iov=[{iov_base="\20\0\0\0@\0\0\0x\374\23s\0\0\0\0\30\0\26\0\0\0\0\0i\0\0\0\0\0\0\0\0\0\0\0\0\0\0\0\30\0\0\0\0\0\0\0G\0\0\0\0\0\0\0\0\0\0\0\0\0\0\0\20\0\0\0@\0\0\0\324\374\23s\0\0\0\0\30\0\26\0\0\0\0\0j\0\0\0\0\0\0\0\0\0\0\0\0\0\0\0\30\0\0\0\0\0\0\0E\0\0\0\0\0\0\0\0\0\0\0\0\0\0\0\20\0\0\0@\0\0\0\245\375\23s\0\0\0\0\30\0\26\0\0\0\0\0k\0\0\0\0\0\0\0\0\0\0\0\0\0\0\0\30\0\0\0\0\0\0\0\17\0\0\0\0\0\0\0\25\0\0\0\0\0\0\0\20\0\0\0@\0\0\0\32\376\23s\0\0\0\0\30\0\26\0\0\0\0\0l\0\0\0\0\0\0\0\0\0\0\0\0\0\0\0\30\0\0\0\0\0\0\0\21\0\0\0\0\0\0\0\0\0\0\0\0\0\0\0"..., iov_len=4096}], msg_iovlen=1, msg_controllen=0, msg_flags=0}, MSG_DONTWAIT) = 320
10579 sendto(5, "\20\0\0\0@\0\0\0s\377\23s\0\0\0\0\30\0\26\0\0\0\0\0T\0\0\0\0\0\0\0\0\0\0\0\0\0\0\0\30\0\0\0\0\0\0\0\23\0\0\0\0\0\0\0\5\0\0\0\0\0\0\0", 64, MSG_NOSIGNAL, NULL, 0 <unfinished ...>
10509 openat(AT_FDCWD, "/proc/10559/stat", O_RDONLY|O_CLOEXEC <unfinished ...>
10579 <... sendto resumed>)             = 64
10509 <... openat resumed>)             = 40
10533 recvmsg(36, {msg_name=NULL, msg_namelen=0, msg_iov=[{iov_base="\20\0\0\0@\0\0\0s\377\23s\0\0\0\0\30\0\26\0\0\0\0\0T\0\0\0\0\0\0\0\0\0\0\0\0\0\0\0\30\0\0\0\0\0\0\0\23\0\0\0\0\0\0\0\5\0\0\0\0\0\0\0", iov_len=4096}], msg_iovlen=1, msg_controllen=0, msg_flags=0}, MSG_DONTWAIT) = 64
10579 sendto(5, "\20\0\0\0@\0\0\0\316\377\23s\0\0\0\0\30\0\26\0\0\0\0\0U\0\0\0\0\0\0\0\0\0\0\0\0\0\0\0\30\0\0\0\0\0\0\0\37\0\0\0\0\0\0\0\1\0\0\0\0\0\0\0", 64, MSG_NOSIGNAL, NULL, 0) = 64
10579 sendto(5, "\20\0\0\0@\0\0\0006\0\24s\0\0\0\0\30\0\26\0\0\0\0\0V\0\0\0\0\0\0\0\0\0\0\0\0\0\0\0\30\0\0\0\0\0\0\0\"\0\0\0\0\0\0\0\1\0\0\0\0\0\0\0", 64, MSG_NOSIGNAL, NULL, 0) = 64
10542 openat(AT_FDCWD, "/proc/10559/task/10577/status", O_RDONLY|O_CLOEXEC <unfinished ...>
10533 recvmsg(36,  <unfinished ...>
10579 sendto(5, "\20\0\0\0p\0\0\0r\0\24s\0\0\0\0\30\0\24\0\0\0\0\0W\0\0\0\0\0\0\0\0\0\0\0\0\0\0\0H\0\0\0\0\0\0\0\25\0\0\0\0\0\0\0\0\0\0\0\0\0\0\0\0\0\0\0\1\0\0\0\0\0\0\0\0\0\0\0\0x\1\0\0\1\0\0\0\0\0\0\0\0\0\0\0\0\0\0\0\0\0\0\0\0\0\0\0\0\0\0", 112, MSG_NOSIGNAL, NULL, 0 <unfinished ...>
10542 <... openat resumed>)             = 38
10533 <... recvmsg resumed>{msg_name=NULL, msg_namelen=0, msg_iov=[{iov_base="\20\0\0\0@\0\0\0\316\377\23s\0\0\0\0\30\0\26\0\0\0\0\0U\0\0\0\0\0\0\0\0\0\0\0\0\0\0\0\30\0\0\0\0\0\0\0\37\0\0\0\0\0\0\0\1\0\0\0\0\0\0\0\20\0\0\0@\0\0\0006\0\24s\0\0\0\0\30\0\26\0\0\0\0\0V\0\0\0\0\0\0\0\0\0\0\0\0\0\0\0\30\0\0\0\0\0\0\0\"\0\0\0\0\0\0\0\1\0\0\0\0\0\0\0", iov_len=4096}], msg_iovlen=1, msg_controllen=0, msg_flags=0}, MSG_DONTWAIT) = 128
10579 <... sendto resumed>)             = 112
10533 recvmsg(36, {msg_name=NULL, msg_namelen=0, msg_iov=[{iov_base="\20\0\0\0p\0\0\0r\0\24s\0\0\0\0\30\0\24\0\0\0\0\0W\0\0\0\0\0\0\0\0\0\0\0\0\0\0\0H\0\0\0\0\0\0\0\25\0\0\0\0\0\0\0\0\0\0\0\0\0\0\0\0\0\0\0\1\0\0\0\0\0\0\0\0\0\0\0\0x\1\0\0\1\0\0\0\0\0\0\0\0\0\0\0\0\0\0\0\0\0\0\0\0\0\0\0\0\0\0", iov_len=4096}], msg_iovlen=1, msg_controllen=0, msg_flags=0}, MSG_DONTWAIT) = 112
10579 sendto(5, "\20\0\0\0@\0\0\0\346\1\24s\0\0\0\0\30\0\26\0\0\0\0\0X\0\0\0\0\0\0\0\0\0\0\0\0\0\0\0\30\0\0\0\0\0\0\0003\0\0\0\0\0\0\0\0\0\0\0\0\0\0\0", 64, MSG_NOSIGNAL, NULL, 0) = 64
10533 recvmsg(36, {msg_name=NULL, msg_namelen=0, msg_iov=[{iov_base="\20\0\0\0@\0\0\0\346\1\24s\0\0\0\0\30\0\26\0\0\0\0\0X\0\0\0\0\0\0\0\0\0\0\0\0\0\0\0\30\0\0\0\0\0\0\0003\0\0\0\0\0\0\0\0\0\0\0\0\0\0\0", iov_len=4096}], msg_iovlen=1, msg_controllen=0, msg_flags=0}, MSG_DONTWAIT) = 64
10559 sendto(5, "\20\0\0\0@\0\0\0I\2\24s\0\0\0\0\30\0\26\0\0\0\0\0Y\0\0\0\0\0\0\0\0\0\0\0\0\0\0\0\30\0\0\0\0\0\0\0=\0\0\0\0\0\0\0\0\0\0\0\0\0\0\0", 64, MSG_NOSIGNAL, NULL, 0) = 64
10542 openat(AT_FDCWD, "/proc/10559/task", O_RDONLY|O_DIRECTORY <unfinished ...>
10533 recvmsg(36,  <unfinished ...>
10542 <... openat resumed>)             = 38
10533 <... recvmsg resumed>{msg_name=NULL, msg_namelen=0, msg_iov=[{iov_base="\20\0\0\0@\0\0\0I\2\24s\0\0\0\0\30\0\26\0\0\0\0\0Y\0\0\0\0\0\0\0\0\0\0\0\0\0\0\0\30\0\0\0\0\0\0\0=\0\0\0\0\0\0\0\0\0\0\0\0\0\0\0", iov_len=4096}], msg_iovlen=1, msg_controllen=0, msg_flags=0}, MSG_DONTWAIT) = 64
10542 openat(AT_FDCWD, "/proc/10559/task/10559/status", O_RDONLY|O_CLOEXEC) = 38
10542 openat(AT_FDCWD, "/proc/10559/task/10573/status", O_RDONLY|O_CLOEXEC) = 38
10542 openat(AT_FDCWD, "/proc/10559/task/10574/status", O_RDONLY|O_CLOEXEC) = 38
10542 openat(AT_FDCWD, "/proc/10559/task/10577/status", O_RDONLY|O_CLOEXEC) = -1 ENOENT (No such file or directory)
10542 openat(AT_FDCWD, "/proc/10559/task", O_RDONLY|O_DIRECTORY) = 38
10542 openat(AT_FDCWD, "/proc/10559/task/10559/status", O_RDONLY|O_CLOEXEC) = 38
10542 openat(AT_FDCWD, "/proc/10559/task/10573/status", O_RDONLY|O_CLOEXEC) = 38
10542 openat(AT_FDCWD, "/proc/10559/task/10574/status", O_RDONLY|O_CLOEXEC) = 38
10542 openat(AT_FDCWD, "/proc/10560/task", O_RDONLY|O_DIRECTORY) = 38
10542 openat(AT_FDCWD, "/proc/10560/task/10560/status", O_RDONLY|O_CLOEXEC) = 38
10542 openat(AT_FDCWD, "/proc/10560/task/10562/status", O_RDONLY|O_CLOEXEC) = 38
10542 openat(AT_FDCWD, "/proc/10560/task/10563/status", O_RDONLY|O_CLOEXEC) = 38
10542 openat(AT_FDCWD, "/proc/10560/task/10565/status", O_RDONLY|O_CLOEXEC) = 38
10542 openat(AT_FDCWD, "/proc/10560/task/10566/status", O_RDONLY|O_CLOEXEC) = 38
10542 openat(AT_FDCWD, "/proc/10560/task/10567/status", O_RDONLY|O_CLOEXEC) = 38
10542 openat(AT_FDCWD, "/proc/10560/task/10572/status", O_RDONLY|O_CLOEXEC) = 38
10542 openat(AT_FDCWD, "/proc/10560/task", O_RDONLY|O_DIRECTORY) = 38
10542 openat(AT_FDCWD, "/proc/10560/task/10560/status", O_RDONLY|O_CLOEXEC) = 38
10542 openat(AT_FDCWD, "/proc/10560/task/10562/status", O_RDONLY|O_CLOEXEC) = 38
10542 openat(AT_FDCWD, "/proc/10560/task/10563/status", O_RDONLY|O_CLOEXEC) = 38
10542 openat(AT_FDCWD, "/proc/10560/task/10565/status", O_RDONLY|O_CLOEXEC) = 38
10542 openat(AT_FDCWD, "/proc/10560/task/10566/status", O_RDONLY|O_CLOEXEC) = 38
10542 openat(AT_FDCWD, "/proc/10560/task/10567/status", O_RDONLY|O_CLOEXEC) = 38
10542 openat(AT_FDCWD, "/proc/10560/task/10572/status", O_RDONLY|O_CLOEXEC) = 38
10542 openat(AT_FDCWD, "/proc/10560/task/10583/status", O_RDONLY|O_CLOEXEC) = 38
10533 recvmsg(82, {msg_name=NULL, msg_namelen=0, msg_iov=[{iov_base="", iov_len=4096}], msg_iovlen=1, msg_controllen=0, msg_flags=0}, MSG_DONTWAIT) = 0
10542 openat(AT_FDCWD, "/proc/10559/task", O_RDONLY|O_DIRECTORY) = 38
10533 --- SIGCHLD {si_signo=SIGCHLD, si_code=CLD_EXITED, si_pid=10559, si_uid=1001, si_status=0, si_utime=1 /* 0.01 s */, si_stime=5 /* 0.05 s */} ---
10533 shutdown(82, SHUT_RDWR)           = 0
10542 openat(AT_FDCWD, "/proc/10559/task/10559/status", O_RDONLY|O_CLOEXEC) = 38
10533 recvmsg(36, {msg_name=NULL, msg_namelen=0, msg_iov=[{iov_base="", iov_len=4096}], msg_iovlen=1, msg_controllen=0, msg_flags=0}, MSG_DONTWAIT) = 0
10542 openat(AT_FDCWD, "/proc/10559/task", O_RDONLY|O_DIRECTORY) = 38
10533 shutdown(36, SHUT_RDWR)           = 0
10542 openat(AT_FDCWD, "/proc/10559/task", O_RDONLY|O_DIRECTORY) = -1 ENOENT (No such file or directory)
10509 openat(AT_FDCWD, "/proc/10545/stat", O_RDONLY|O_CLOEXEC) = 36
10509 sendmsg(11, {msg_name=NULL, msg_namelen=0, msg_iov=[{iov_base="\f\0\0\0\2\0\0\0\0\0\0\0001)\0\0", iov_len=16}], msg_iovlen=1, msg_controllen=0, msg_flags=0}, MSG_NOSIGNAL) = 16
10524 recvmsg(3, {msg_name=NULL, msg_namelen=0, msg_iov=[{iov_base="\f\0\0\0\2\0\0\0\0\0\0\0001)\0\0", iov_len=65536}], msg_iovlen=1, msg_controllen=0, msg_flags=0}, 0) = 16
10509 sendto(37, "\20\0\0\0@\0\0\0\366\"\24s\0\0\0\0\30\0\26\0\0\0\0\0!\0\0\0\0\0\0\0\0\0\0\0\0\0\0\0\30\0\0\0\0\0\0\0\25\0\0\0\0\0\0\0\0\0\0\0\0\0\0\0", 64, MSG_NOSIGNAL, NULL, 0) = 64
10557 recvmsg(14, {msg_name=NULL, msg_namelen=0, msg_iov=[{iov_base="\20\0\0\0@\0\0\0\366\"\24s\0\0\0\0\30\0\26\0\0\0\0\0!\0\0\0\0\0\0\0\0\0\0\0\0\0\0\0\30\0\0\0\0\0\0\0\25\0\0\0\0\0\0\0\0\0\0\0\0\0\0\0", iov_len=4096}], msg_iovlen=1, msg_controllen=0, msg_flags=0}, MSG_DONTWAIT) = 64
10509 sendto(37, "\20\0\0\0@\0\0\0A#\24s\0\0\0\0\30\0\26\0\0\0\0\0\"\0\0\0\0\0\0\0\0\0\0\0\0\0\0\0\30\0\0\0\0\0\0\0\23\0\0\0\0\0\0\0\0\0\0\0\0\0\0\0", 64, MSG_NOSIGNAL, NULL, 0) = 64
10557 recvmsg(14,  <unfinished ...>
10509 sendto(37, "\20\0\0\0@\0\0\0\226#\24s\0\0\0\0\30\0\26\0\0\0\0\0#\0\0\0\0\0\0\0\0\0\0\0\0\0\0\0\30\0\0\0\0\0\0\0\21\0\0\0\0\0\0\0\3\0\0\0\0\0\0\0", 64, MSG_NOSIGNAL, NULL, 0 <unfinished ...>
10557 <... recvmsg resumed>{msg_name=NULL, msg_namelen=0, msg_iov=[{iov_base="\20\0\0\0@\0\0\0A#\24s\0\0\0\0\30\0\26\0\0\0\0\0\"\0\0\0\0\0\0\0\0\0\0\0\0\0\0\0\30\0\0\0\0\0\0\0\23\0\0\0\0\0\0\0\0\0\0\0\0\0\0\0", iov_len=4096}], msg_iovlen=1, msg_controllen=0, msg_flags=0}, MSG_DONTWAIT) = 64
10509 <... sendto resumed>)             = 64
10509 sendto(37, "\20\0\0\0@\0\0\0\326#\24s\0\0\0\0\30\0\26\0\0\0\0\0$\0\0\0\0\0\0\0\0\0\0\0\0\0\0\0\30\0\0\0\0\0\0\0\17\0\0\0\0\0\0\0\3\0\0\0\0\0\0\0", 64, MSG_NOSIGNAL, NULL, 0 <unfinished ...>
10557 recvmsg(14,  <unfinished ...>
10509 <... sendto resumed>)             = 64
10557 <... recvmsg resumed>{msg_name=NULL, msg_namelen=0, msg_iov=[{iov_base="\20\0\0\0@\0\0\0\226#\24s\0\0\0\0\30\0\26\0\0\0\0\0#\0\0\0\0\0\0\0\0\0\0\0\0\0\0\0\30\0\0\0\0\0\0\0\21\0\0\0\0\0\0\0\3\0\0\0\0\0\0\0\20\0\0\0@\0\0\0\326#\24s\0\0\0\0\30\0\26\0\0\0\0\0$\0\0\0\0\0\0\0\0\0\0\0\0\0\0\0\30\0\0\0\0\0\0\0\17\0\0\0\0\0\0\0\3\0\0\0\0\0\0\0", iov_len=4096}], msg_iovlen=1, msg_controllen=0, msg_flags=0}, MSG_DONTWAIT) = 128
10509 openat(AT_FDCWD, "/proc/10545/stat", O_RDONLY|O_CLOEXEC) = 34
10509 sendmsg(11, {msg_name=NULL, msg_namelen=0, msg_iov=[{iov_base="\f\0\0\0\2\0\0\0\0\0\0\0001)\0\0", iov_len=16}], msg_iovlen=1, msg_controllen=0, msg_flags=0}, MSG_NOSIGNAL) = 16
10524 recvmsg(3, {msg_name=NULL, msg_namelen=0, msg_iov=[{iov_base="\f\0\0\0\2\0\0\0\0\0\0\0001)\0\0", iov_len=65536}], msg_iovlen=1, msg_controllen=0, msg_flags=0}, 0) = 16
10509 openat(AT_FDCWD, "/proc/10545/stat", O_RDONLY|O_CLOEXEC) = 34
10509 sendmsg(11, {msg_name=NULL, msg_namelen=0, msg_iov=[{iov_base="\f\0\0\0\2\0\0\0\0\0\0\0001)\0\0", iov_len=16}], msg_iovlen=1, msg_controllen=0, msg_flags=0}, MSG_NOSIGNAL) = 16
10524 recvmsg(3, {msg_name=NULL, msg_namelen=0, msg_iov=[{iov_base="\f\0\0\0\2\0\0\0\0\0\0\0001)\0\0", iov_len=65536}], msg_iovlen=1, msg_controllen=0, msg_flags=0}, 0) = 16
10509 sendto(37, "\20\0\0\0@\0\0\0\237'\24s\0\0\0\0\30\0\26\0\0\0\0\0%\0\0\0\0\0\0\0\0\0\0\0\0\0\0\0\30\0\0\0\0\0\0\0000\0\0\0\0\0\0\0\0\0\0\0\0\0\0\0", 64, MSG_NOSIGNAL, NULL, 0) = 64
10557 recvmsg(14,  <unfinished ...>
10509 sendto(37, "\20\0\0\0@\0\0\0\340'\24s\0\0\0\0\30\0\26\0\0\0\0\0&\0\0\0\0\0\0\0\0\0\0\0\0\0\0\0\30\0\0\0\0\0\0\0;\0\0\0\0\0\0\0\0\0\0\0\0\0\0\0", 64, MSG_NOSIGNAL, NULL, 0 <unfinished ...>
10557 <... recvmsg resumed>{msg_name=NULL, msg_namelen=0, msg_iov=[{iov_base="\20\0\0\0@\0\0\0\237'\24s\0\0\0\0\30\0\26\0\0\0\0\0%\0\0\0\0\0\0\0\0\0\0\0\0\0\0\0\30\0\0\0\0\0\0\0000\0\0\0\0\0\0\0\0\0\0\0\0\0\0\0", iov_len=4096}], msg_iovlen=1, msg_controllen=0, msg_flags=0}, MSG_DONTWAIT) = 64
10509 <... sendto resumed>)             = 64
10557 recvmsg(14, {msg_name=NULL, msg_namelen=0, msg_iov=[{iov_base="\20\0\0\0@\0\0\0\340'\24s\0\0\0\0\30\0\26\0\0\0\0\0&\0\0\0\0\0\0\0\0\0\0\0\0\0\0\0\30\0\0\0\0\0\0\0;\0\0\0\0\0\0\0\0\0\0\0\0\0\0\0", iov_len=4096}], msg_iovlen=1, msg_controllen=0, msg_flags=0}, MSG_DONTWAIT) = 64
10557 --- SIGTERM {si_signo=SIGTERM, si_code=SI_USER, si_pid=10509, si_uid=1001} ---
10542 sendmsg(11, {msg_name=NULL, msg_namelen=0, msg_iov=[{iov_base="\10\0\0\0\1\0\0\0001)\0\0", iov_len=12}], msg_iovlen=1, msg_controllen=0, msg_flags=0}, MSG_NOSIGNAL <unfinished ...>
10558 +++ killed by SIGTERM +++
10557 +++ killed by SIGTERM +++
10556 +++ killed by SIGTERM +++
10554 +++ killed by SIGTERM +++
10551 +++ killed by SIGTERM +++
10555 +++ killed by SIGTERM +++
10542 <... sendmsg resumed>)            = 12
10552 +++ killed by SIGTERM +++
10509 sendto(37, "\20\0\0\0@\0\0\0y)\24s\0\0\0\0\30\0\26\0\0\0\0\0'\0\0\0\0\0\0\0\0\0\0\0\0\0\0\0\30\0\0\0\0\0\0\0#\0\0\0\0\0\0\0\0\0\0\0\0\0\0\0", 64, MSG_NOSIGNAL, NULL, 0 <unfinished ...>
10524 recvmsg(3,  <unfinished ...>
10509 <... sendto resumed>)             = 64
10524 <... recvmsg resumed>{msg_name=NULL, msg_namelen=0, msg_iov=[{iov_base="\10\0\0\0\1\0\0\0001)\0\0", iov_len=65536}], msg_iovlen=1, msg_controllen=0, msg_flags=0}, 0) = 12
10548 +++ killed by SIGTERM +++
10549 +++ killed by SIGTERM +++
10550 +++ killed by SIGTERM +++
10547 +++ killed by SIGTERM +++
10509 sendto(37, "\20\0\0\0@\0\0\0\365)\24s\0\0\0\0\30\0\26\0\0\0\0\0(\0\0\0\0\0\0\0\0\0\0\0\0\0\0\0\30\0\0\0\0\0\0\0\"\0\0\0\0\0\0\0\5\0\0\0\0\0\0\0", 64, MSG_NOSIGNAL, NULL, 0) = 64
10509 sendto(37, "\20\0\0\0p\0\0\0b*\24s\0\0\0\0\30\0\24\0\0\0\0\0)\0\0\0\0\0\0\0\0\0\0\0\0\0\0\0H\0\0\0\0\0\0\0$\0\0\0\0\0\0\0\1\0\0\0\0\0\0\0\0\0\0\0\1\0\0\0\0\0\0\0\0\0\0\0\0y\1\0\0\1\0\0\0\0\0\0\0\0\0\0\0\0\0\0\0\0\0\0\0\0\0\0\0\0\0\0", 112, MSG_NOSIGNAL, NULL, 0) = 112
10509 sendto(37, "\20\0\0\0p\0\0\0\224*\24s\0\0\0\0\30\0\24\0\0\0\0\0*\0\0\0\0\0\0\0\0\0\0\0\0\0\0\0H\0\0\0\0\0\0\0$\0\0\0\0\0\0\0\2\0\0\0\0\0\0\0\0\0\0\0\1\0\0\0\0\0\0\0\0\0\0\0\0{\1\0\0\1\0\0\0\0\0\0\0\0\0\0\0\0\0\0\0\0\0\0\0\0\0\0\0\0\0\0", 112, MSG_NOSIGNAL, NULL, 0) = 112
10509 sendto(37, "\20\0\0\0@\0\0\0\304*\24s\0\0\0\0\30\0\26\0\0\0\0\0+\0\0\0\0\0\0\0\0\0\0\0\0\0\0\0\30\0\0\0\0\0\0\0$\0\0\0\0\0\0\0\3\0\0\0\0\0\0\0", 64, MSG_NOSIGNAL, NULL, 0) = 64
10509 openat(AT_FDCWD, "/proc/10559/stat", O_RDONLY|O_CLOEXEC) = -1 ENOENT (No such file or directory)
10509 openat(AT_FDCWD, "/proc/10560/stat", O_RDONLY|O_CLOEXEC) = 34
10509 sendmsg(12, {msg_name=NULL, msg_namelen=0, msg_iov=[{iov_base="\f\0\0\0\2\0\0\0\0\0\0\0@)\0\0", iov_len=16}], msg_iovlen=1, msg_controllen=0, msg_flags=0}, MSG_NOSIGNAL) = 16
10525 recvmsg(3, {msg_name=NULL, msg_namelen=0, msg_iov=[{iov_base="\f\0\0\0\2\0\0\0\0\0\0\0@)\0\0", iov_len=65536}], msg_iovlen=1, msg_controllen=0, msg_flags=0}, 0) = 16
10509 openat(AT_FDCWD, "/proc/10560/stat", O_RDONLY|O_CLOEXEC) = 34
10509 sendmsg(12, {msg_name=NULL, msg_namelen=0, msg_iov=[{iov_base="\f\0\0\0\2\0\0\0\0\0\0\0@)\0\0", iov_len=16}], msg_iovlen=1, msg_controllen=0, msg_flags=0}, MSG_NOSIGNAL) = 16
10525 recvmsg(3, {msg_name=NULL, msg_namelen=0, msg_iov=[{iov_base="\f\0\0\0\2\0\0\0\0\0\0\0@)\0\0", iov_len=65536}], msg_iovlen=1, msg_controllen=0, msg_flags=0}, 0) = 16
10509 sendto(44, "\20\0\0\0@\0\0\0\247/\24s\0\0\0\0\30\0\26\0\0\0\0\09\0\0\0\0\0\0\0\0\0\0\0\0\0\0\0\30\0\0\0\0\0\0\0#\0\0\0\0\0\0\0\0\0\0\0\0\0\0\0", 64, MSG_NOSIGNAL, NULL, 0) = 64
10567 recvmsg(14,  <unfinished ...>
10509 sendto(44, "\20\0\0\0@\0\0\0\354/\24s\0\0\0\0\30\0\26\0\0\0\0\0:\0\0\0\0\0\0\0\0\0\0\0\0\0\0\0\30\0\0\0\0\0\0\0006\0\0\0\0\0\0\0\0\0\0\0\0\0\0\0", 64, MSG_NOSIGNAL, NULL, 0 <unfinished ...>
10567 <... recvmsg resumed>{msg_name=NULL, msg_namelen=0, msg_iov=[{iov_base="\20\0\0\0@\0\0\0\247/\24s\0\0\0\0\30\0\26\0\0\0\0\09\0\0\0\0\0\0\0\0\0\0\0\0\0\0\0\30\0\0\0\0\0\0\0#\0\0\0\0\0\0\0\0\0\0\0\0\0\0\0", iov_len=4096}], msg_iovlen=1, msg_controllen=0, msg_flags=0}, MSG_DONTWAIT) = 64
10509 <... sendto resumed>)             = 64
10567 recvmsg(14, {msg_name=NULL, msg_namelen=0, msg_iov=[{iov_base="\20\0\0\0@\0\0\0\354/\24s\0\0\0\0\30\0\26\0\0\0\0\0:\0\0\0\0\0\0\0\0\0\0\0\0\0\0\0\30\0\0\0\0\0\0\0006\0\0\0\0\0\0\0\0\0\0\0\0\0\0\0", iov_len=4096}], msg_iovlen=1, msg_controllen=0, msg_flags=0}, MSG_DONTWAIT) = 64
10567 --- SIGTERM {si_signo=SIGTERM, si_code=SI_USER, si_pid=10509, si_uid=1001} ---
10542 sendmsg(12, {msg_name=NULL, msg_namelen=0, msg_iov=[{iov_base="\10\0\0\0\1\0\0\0@)\0\0", iov_len=12}], msg_iovlen=1, msg_controllen=0, msg_flags=0}, MSG_NOSIGNAL) = 12
10583 +++ killed by SIGTERM +++
10572 +++ killed by SIGTERM +++
10567 +++ killed by SIGTERM +++
10566 +++ killed by SIGTERM +++
10565 +++ killed by SIGTERM +++
10563 +++ killed by SIGTERM +++
10525 recvmsg(3,  <unfinished ...>
10509 sendto(44, "\20\0\0\0@\0\0\0\2001\24s\0\0\0\0\30\0\26\0\0\0\0\0;\0\0\0\0\0\0\0\0\0\0\0\0\0\0\0\30\0\0\0\0\0\0\0\32\0\0\0\0\0\0\0\1\0\0\0\0\0\0\0", 64, MSG_NOSIGNAL, NULL, 0 <unfinished ...>
10525 <... recvmsg resumed>{msg_name=NULL, msg_namelen=0, msg_iov=[{iov_base="\10\0\0\0\1\0\0\0@)\0\0", iov_len=65536}], msg_iovlen=1, msg_controllen=0, msg_flags=0}, 0) = 12
10509 <... sendto resumed>)             = 64
10509 sendto(44, "\20\0\0\0@\0\0\0\3231\24s\0\0\0\0\30\0\26\0\0\0\0\0<\0\0\0\0\0\0\0\0\0\0\0\0\0\0\0\30\0\0\0\0\0\0\0\31\0\0\0\0\0\0\0\5\0\0\0\0\0\0\0", 64, MSG_NOSIGNAL, NULL, 0) = 64
10509 sendto(37, "\20\0\0\0@\0\0\0K3\24s\0\0\0\0\30\0\26\0\0\0\0\0,\0\0\0\0\0\0\0\0\0\0\0\0\0\0\0\30\0\0\0\0\0\0\0\35\0\0\0\0\0\0\0\0\0\0\0\0\0\0\0", 64, MSG_NOSIGNAL, NULL, 0) = 64
10509 sendto(37, "\20\0\0\0@\0\0\0\2163\24s\0\0\0\0\30\0\26\0\0\0\0\0-\0\0\0\0\0\0\0\0\0\0\0\0\0\0\0\30\0\0\0\0\0\0\0\33\0\0\0\0\0\0\0\0\0\0\0\0\0\0\0", 64, MSG_NOSIGNAL, NULL, 0) = 64
10533 sendto(37, "\20\0\0\0p\0\0\0#4\24s\0\0\0\0\30\0\24\0\0\0\0\0.\0\0\0\0\0\0\0\0\0\0\0\0\0\0\0H\0\0\0\0\0\0\0\31\0\0\0\0\0\0\0\2\0\0\0\0\0\0\0\0\0\0\0\1\0\0\0\0\0\0\0\0\0\0\0\0z\1\0\0\1\0\0\0\0\0\0\0\0\0\0\0\0\0\0\0\0\0\0\0\0\0\0\0\0\0\0", 112, MSG_NOSIGNAL, NULL, 0) = 112
10533 sendto(37, "\20\0\0\0p\0\0\0\2744\24s\0\0\0\0\30\0\24\0\0\0\0\0/\0\0\0\0\0\0\0\0\0\0\0\0\0\0\0H\0\0\0\0\0\0\0\31\0\0\0\0\0\0\0\3\0\0\0\0\0\0\0\0\0\0\0\1\0\0\0\0\0\0\0\0\0\0\0\0|\1\0\0\1\0\0\0\0\0\0\0\0\0\0\0\0\0\0\0\0\0\0\0\0\0\0\0\0\0\0", 112, MSG_NOSIGNAL, NULL, 0) = 112
10533 sendto(37, "\20\0\0\0p\0\0\0\3634\24s\0\0\0\0\30\0\24\0\0\0\0\0000\0\0\0\0\0\0\0\0\0\0\0\0\0\0\0H\0\0\0\0\0\0\0\31\0\0\0\0\0\0\0\4\0\0\0\0\0\0\0\0\0\0\0\1\0\0\0\0\0\0\0\0\0\0\0\0x\1\0\0\1\0\0\0\0\0\0\0\0\0\0\0\0\0\0\0\0\0\0\0\0\0\0\0\0\0\0", 112, MSG_NOSIGNAL, NULL, 0) = 112
10533 sendto(37, "\20\0\0\0@\0\0\0,5\24s\0\0\0\0\30\0\26\0\0\0\0\0001\0\0\0\0\0\0\0\0\0\0\0\0\0\0\0\30\0\0\0\0\0\0\0\31\0\0\0\0\0\0\0\5\0\0\0\0\0\0\0", 64, MSG_NOSIGNAL, NULL, 0) = 64
10533 shutdown(37, SHUT_RDWR)           = 0
10533 shutdown(35, SHUT_RDWR)           = 0
10533 shutdown(44, SHUT_RDWR)           = 0
10533 shutdown(67, SHUT_RDWR)           = 0
10553 +++ killed by SIGTERM +++
10545 +++ killed by SIGTERM +++
10524 --- SIGCHLD {si_signo=SIGCHLD, si_code=CLD_KILLED, si_pid=10545, si_uid=1001, si_status=SIGTERM, si_utime=1 /* 0.01 s */, si_stime=1 /* 0.01 s */} ---
10562 +++ killed by SIGTERM +++
10560 +++ killed by SIGTERM +++
10525 --- SIGCHLD {si_signo=SIGCHLD, si_code=CLD_KILLED, si_pid=10560, si_uid=1001, si_status=SIGTERM, si_utime=1 /* 0.01 s */, si_stime=1 /* 0.01 s */} ---
10531 openat(AT_FDCWD, "/tmp/playwright_chromiumdev_profile-pi0Vs8/Default/Feedback Reports", O_RDONLY|O_NONBLOCK|O_CLOEXEC|O_DIRECTORY) = -1 ENOENT (No such file or directory)
10529 openat(AT_FDCWD, "/tmp/playwright_chromiumdev_profile-pi0Vs8/Default/declarative_performance_observer.db", O_RDWR|O_CREAT|O_NOFOLLOW|O_CLOEXEC, 0600) = 23
10530 openat(AT_FDCWD, "/tmp/playwright_chromiumdev_profile-pi0Vs8/first_party_sets.db", O_RDWR|O_CREAT|O_NOFOLLOW|O_CLOEXEC, 0600) = 24
10529 openat(AT_FDCWD, "/tmp/playwright_chromiumdev_profile-pi0Vs8/Default/declarative_performance_observer.db-journal", O_RDWR|O_CREAT|O_NOFOLLOW|O_CLOEXEC, 0600) = 28
10530 openat(AT_FDCWD, "/tmp/playwright_chromiumdev_profile-pi0Vs8/first_party_sets.db-journal", O_RDWR|O_CREAT|O_NOFOLLOW|O_CLOEXEC, 0600) = 29
10529 openat(AT_FDCWD, "/tmp/playwright_chromiumdev_profile-pi0Vs8/Default", O_RDONLY|O_CLOEXEC) = 34
10530 openat(AT_FDCWD, "/tmp/playwright_chromiumdev_profile-pi0Vs8", O_RDONLY|O_CLOEXEC) = 34
10530 openat(AT_FDCWD, "/tmp/playwright_chromiumdev_profile-pi0Vs8/Default/.com.google.Chrome.BookmarkMergedSurfaceOrdering.U2fTv6", O_RDWR|O_CREAT|O_EXCL, 0600) = 34
10509 openat(AT_FDCWD, "/tmp/com.google.Chrome.5eD2ma", O_RDONLY|O_NOFOLLOW|O_CLOEXEC|O_DIRECTORY) = 23
10525 recvmsg(3,  <unfinished ...>
10489 --- SIGCHLD {si_signo=SIGCHLD, si_code=CLD_EXITED, si_pid=10509, si_uid=1001, si_status=0, si_utime=13 /* 0.13 s */, si_stime=19 /* 0.19 s */} ---
10524 recvmsg(3,  <unfinished ...>
10517 recvmsg(7,  <unfinished ...>
10525 <... recvmsg resumed>{msg_name=NULL, msg_namelen=0, msg_iov=[{iov_base="", iov_len=65536}], msg_iovlen=1, msg_controllen=0, msg_flags=0}, 0) = 0
10524 <... recvmsg resumed>{msg_name=NULL, msg_namelen=0, msg_iov=[{iov_base="", iov_len=65536}], msg_iovlen=1, msg_controllen=0, msg_flags=0}, 0) = 0
10517 <... recvmsg resumed>{msg_name=NULL, msg_namelen=0, msg_iov=[{iov_base="", iov_len=40}], msg_iovlen=1, msg_controllen=0, msg_flags=0}, 0) = 0
10519 recvmsg(4, {msg_name=NULL, msg_namelen=0, msg_iov=[{iov_base="", iov_len=40}], msg_iovlen=1, msg_controllen=0, msg_flags=0}, 0) = 0
10489 shutdown(21, SHUT_WR)             = 0
10489 shutdown(23, SHUT_WR)             = 0
10497 openat(AT_FDCWD, "/tmp/playwright_chromiumdev_profile-pi0Vs8", O_RDONLY|O_NONBLOCK|O_CLOEXEC|O_DIRECTORY) = 21
10500 openat(AT_FDCWD, "/tmp/playwright_chromiumdev_profile-pi0Vs8/Default", O_RDONLY|O_NONBLOCK|O_CLOEXEC|O_DIRECTORY) = 21
10500 openat(AT_FDCWD, "/sys/devices/system/cpu/online", O_RDONLY|O_CLOEXEC) = 22
10499 openat(AT_FDCWD, "/tmp/playwright_chromiumdev_profile-pi0Vs8/GPUPersistentCache", O_RDONLY|O_NONBLOCK|O_CLOEXEC|O_DIRECTORY) = 23
10498 openat(AT_FDCWD, "/tmp/playwright_chromiumdev_profile-pi0Vs8/segmentation_platform", O_RDONLY|O_NONBLOCK|O_CLOEXEC|O_DIRECTORY) = 22
10497 openat(AT_FDCWD, "/tmp/playwright_chromiumdev_profile-pi0Vs8/GPUPersistentCache/GPUCache", O_RDONLY|O_NONBLOCK|O_CLOEXEC|O_DIRECTORY) = 21
10499 openat(AT_FDCWD, "/tmp/playwright_chromiumdev_profile-pi0Vs8/Default/Cache", O_RDONLY|O_NONBLOCK|O_CLOEXEC|O_DIRECTORY) = 22
10500 openat(AT_FDCWD, "/tmp/playwright_chromiumdev_profile-pi0Vs8/Default/Code Cache", O_RDONLY|O_NONBLOCK|O_CLOEXEC|O_DIRECTORY <unfinished ...>
10498 openat(AT_FDCWD, "/tmp/playwright_chromiumdev_profile-pi0Vs8/Default/ClientCertificates", O_RDONLY|O_NONBLOCK|O_CLOEXEC|O_DIRECTORY <unfinished ...>
10500 <... openat resumed>)             = 23
10498 <... openat resumed>)             = 24
10497 openat(AT_FDCWD, "/tmp/playwright_chromiumdev_profile-pi0Vs8/Default/Extension State", O_RDONLY|O_NONBLOCK|O_CLOEXEC|O_DIRECTORY) = 21
10499 openat(AT_FDCWD, "/tmp/playwright_chromiumdev_profile-pi0Vs8/Default/Extension Scripts", O_RDONLY|O_NONBLOCK|O_CLOEXEC|O_DIRECTORY) = 22
10500 openat(AT_FDCWD, "/tmp/playwright_chromiumdev_profile-pi0Vs8/Default/Local Storage", O_RDONLY|O_NONBLOCK|O_CLOEXEC|O_DIRECTORY <unfinished ...>
10498 openat(AT_FDCWD, "/tmp/playwright_chromiumdev_profile-pi0Vs8/Default/Extension Rules", O_RDONLY|O_NONBLOCK|O_CLOEXEC|O_DIRECTORY <unfinished ...>
10500 <... openat resumed>)             = 23
10498 <... openat resumed>)             = 24
10500 openat(AT_FDCWD, "/tmp/playwright_chromiumdev_profile-pi0Vs8/Default/PersistentOriginTrials", O_RDONLY|O_NONBLOCK|O_CLOEXEC|O_DIRECTORY) = 21
10497 openat(AT_FDCWD, "/tmp/playwright_chromiumdev_profile-pi0Vs8/Default/Shared Dictionary", O_RDONLY|O_NONBLOCK|O_CLOEXEC|O_DIRECTORY) = 22
10499 openat(AT_FDCWD, "/tmp/playwright_chromiumdev_profile-pi0Vs8/Default/Segmentation Platform", O_RDONLY|O_NONBLOCK|O_CLOEXEC|O_DIRECTORY) = 23
10498 openat(AT_FDCWD, "/tmp/playwright_chromiumdev_profile-pi0Vs8/Default/Sync Data", O_RDONLY|O_NONBLOCK|O_CLOEXEC|O_DIRECTORY) = 24
10500 openat(AT_FDCWD, "/tmp/playwright_chromiumdev_profile-pi0Vs8/Default/Site Characteristics Database", O_RDONLY|O_NONBLOCK|O_CLOEXEC|O_DIRECTORY) = 21
10500 openat(AT_FDCWD, "/tmp/playwright_chromiumdev_profile-pi0Vs8/Default/commerce_subscription_db", O_RDONLY|O_NONBLOCK|O_CLOEXEC|O_DIRECTORY <unfinished ...>
10498 openat(AT_FDCWD, "/tmp/playwright_chromiumdev_profile-pi0Vs8/Default/chrome_cart_db", O_RDONLY|O_NONBLOCK|O_CLOEXEC|O_DIRECTORY <unfinished ...>
10499 openat(AT_FDCWD, "/tmp/playwright_chromiumdev_profile-pi0Vs8/Default/discounts_db", O_RDONLY|O_NONBLOCK|O_CLOEXEC|O_DIRECTORY <unfinished ...>
10500 <... openat resumed>)             = 21
10498 <... openat resumed>)             = 22
10499 <... openat resumed>)             = 23
10497 openat(AT_FDCWD, "/tmp/playwright_chromiumdev_profile-pi0Vs8/Default/shared_proto_db", O_RDONLY|O_NONBLOCK|O_CLOEXEC|O_DIRECTORY) = 24
10500 openat(AT_FDCWD, "/tmp/playwright_chromiumdev_profile-pi0Vs8/Default/parcel_tracking_db", O_RDONLY|O_NONBLOCK|O_CLOEXEC|O_DIRECTORY) = 21
10500 openat(AT_FDCWD, "/tmp/playwright_chromiumdev_profile-pi0Vs8/Default/discount_infos_db", O_RDONLY|O_NONBLOCK|O_CLOEXEC|O_DIRECTORY) = 21
10498 openat(AT_FDCWD, "/tmp/playwright_chromiumdev_profile-pi0Vs8/Default/Cache/Cache_Data", O_RDONLY|O_NONBLOCK|O_CLOEXEC|O_DIRECTORY) = 21
10497 openat(AT_FDCWD, "/tmp/playwright_chromiumdev_profile-pi0Vs8/Default/Cache/No_Vary_Search", O_RDONLY|O_NONBLOCK|O_CLOEXEC|O_DIRECTORY <unfinished ...>
10499 openat(AT_FDCWD, "/tmp/playwright_chromiumdev_profile-pi0Vs8/GPUPersistentCache/GPUCache/EEIBDEGU7KLGTWEYN5DA3RDZE5GAWTES", O_RDONLY|O_NONBLOCK|O_CLOEXEC|O_DIRECTORY <unfinished ...>
10497 <... openat resumed>)             = 22
10500 openat(AT_FDCWD, "/tmp/playwright_chromiumdev_profile-pi0Vs8/Default/Code Cache/js", O_RDONLY|O_NONBLOCK|O_CLOEXEC|O_DIRECTORY <unfinished ...>
10499 <... openat resumed>)             = 23
10500 <... openat resumed>)             = 24
10498 openat(AT_FDCWD, "/tmp/playwright_chromiumdev_profile-pi0Vs8/Default/Code Cache/wasm", O_RDONLY|O_NONBLOCK|O_CLOEXEC|O_DIRECTORY) = 21
10499 openat(AT_FDCWD, "/tmp/playwright_chromiumdev_profile-pi0Vs8/Default/Local Storage/leveldb", O_RDONLY|O_NONBLOCK|O_CLOEXEC|O_DIRECTORY) = 22
10499 openat(AT_FDCWD, "/tmp/playwright_chromiumdev_profile-pi0Vs8/Default/Segmentation Platform/SignalStorageConfigDB", O_RDONLY|O_NONBLOCK|O_CLOEXEC|O_DIRECTORY) = 21
10498 openat(AT_FDCWD, "/tmp/playwright_chromiumdev_profile-pi0Vs8/Default/Segmentation Platform/SegmentInfoDB", O_RDONLY|O_NONBLOCK|O_CLOEXEC|O_DIRECTORY <unfinished ...>
10500 openat(AT_FDCWD, "/tmp/playwright_chromiumdev_profile-pi0Vs8/Default/Segmentation Platform/SignalDB", O_RDONLY|O_NONBLOCK|O_CLOEXEC|O_DIRECTORY <unfinished ...>
10498 <... openat resumed>)             = 22
10497 openat(AT_FDCWD, "/tmp/playwright_chromiumdev_profile-pi0Vs8/Default/Sync Data/LevelDB", O_RDONLY|O_NONBLOCK|O_CLOEXEC|O_DIRECTORY <unfinished ...>
10500 <... openat resumed>)             = 23
10497 <... openat resumed>)             = 24
10499 openat(AT_FDCWD, "/tmp/playwright_chromiumdev_profile-pi0Vs8/Default/Shared Dictionary/cache", O_RDONLY|O_NONBLOCK|O_CLOEXEC|O_DIRECTORY) = 21
10499 openat(AT_FDCWD, "/tmp/playwright_chromiumdev_profile-pi0Vs8/Default/shared_proto_db/metadata", O_RDONLY|O_NONBLOCK|O_CLOEXEC|O_DIRECTORY) = 21
10498 openat(AT_FDCWD, "/tmp/playwright_chromiumdev_profile-pi0Vs8/Default/Code Cache/js/index-dir", O_RDONLY|O_NONBLOCK|O_CLOEXEC|O_DIRECTORY) = 21
10499 openat(AT_FDCWD, "/tmp/playwright_chromiumdev_profile-pi0Vs8/Default/Cache/Cache_Data/index-dir", O_RDONLY|O_NONBLOCK|O_CLOEXEC|O_DIRECTORY) = 22
10498 openat(AT_FDCWD, "/tmp/playwright_chromiumdev_profile-pi0Vs8/Default/Code Cache/wasm/index-dir", O_RDONLY|O_NONBLOCK|O_CLOEXEC|O_DIRECTORY) = 21
10499 openat(AT_FDCWD, "/tmp/playwright_chromiumdev_profile-pi0Vs8/Default/Shared Dictionary/cache/index-dir", O_RDONLY|O_NONBLOCK|O_CLOEXEC|O_DIRECTORY) = 22
10497 openat(AT_FDCWD, "/tmp/deckrender-local-jtGFS7", O_RDONLY|O_NONBLOCK|O_CLOEXEC|O_DIRECTORY) = 21
10500 openat(AT_FDCWD, "/tmp/deckrender-local-jtGFS7/office2html", O_RDONLY|O_NONBLOCK|O_CLOEXEC|O_DIRECTORY) = 21
10498 openat(AT_FDCWD, "/tmp/deckrender-local-jtGFS7/office2html/slides", O_RDONLY|O_NONBLOCK|O_CLOEXEC|O_DIRECTORY) = 21
