5607  openat(AT_FDCWD, "/opt/hostedtoolcache/Python/3.12.14/x64/lib/glibc-hwcaps/x86-64-v3/libdl.so.2", O_RDONLY|O_CLOEXEC) = -1 ENOENT (No such file or directory)
5607  openat(AT_FDCWD, "/opt/hostedtoolcache/Python/3.12.14/x64/lib/glibc-hwcaps/x86-64-v2/libdl.so.2", O_RDONLY|O_CLOEXEC) = -1 ENOENT (No such file or directory)
5607  openat(AT_FDCWD, "/opt/hostedtoolcache/Python/3.12.14/x64/lib/libdl.so.2", O_RDONLY|O_CLOEXEC) = -1 ENOENT (No such file or directory)
5607  openat(AT_FDCWD, "/etc/ld.so.cache", O_RDONLY|O_CLOEXEC) = 3
5607  openat(AT_FDCWD, "/lib/x86_64-linux-gnu/libdl.so.2", O_RDONLY|O_CLOEXEC) = 3
5607  openat(AT_FDCWD, "/opt/hostedtoolcache/Python/3.12.14/x64/lib/libstdc++.so.6", O_RDONLY|O_CLOEXEC) = -1 ENOENT (No such file or directory)
5607  openat(AT_FDCWD, "/lib/x86_64-linux-gnu/libstdc++.so.6", O_RDONLY|O_CLOEXEC) = 3
5607  openat(AT_FDCWD, "/opt/hostedtoolcache/Python/3.12.14/x64/lib/libm.so.6", O_RDONLY|O_CLOEXEC) = -1 ENOENT (No such file or directory)
5607  openat(AT_FDCWD, "/lib/x86_64-linux-gnu/libm.so.6", O_RDONLY|O_CLOEXEC) = 3
5607  openat(AT_FDCWD, "/opt/hostedtoolcache/Python/3.12.14/x64/lib/libgcc_s.so.1", O_RDONLY|O_CLOEXEC) = -1 ENOENT (No such file or directory)
5607  openat(AT_FDCWD, "/lib/x86_64-linux-gnu/libgcc_s.so.1", O_RDONLY|O_CLOEXEC) = 3
5607  openat(AT_FDCWD, "/opt/hostedtoolcache/Python/3.12.14/x64/lib/libpthread.so.0", O_RDONLY|O_CLOEXEC) = -1 ENOENT (No such file or directory)
5607  openat(AT_FDCWD, "/lib/x86_64-linux-gnu/libpthread.so.0", O_RDONLY|O_CLOEXEC) = 3
5607  openat(AT_FDCWD, "/opt/hostedtoolcache/Python/3.12.14/x64/lib/libc.so.6", O_RDONLY|O_CLOEXEC) = -1 ENOENT (No such file or directory)
5607  openat(AT_FDCWD, "/lib/x86_64-linux-gnu/libc.so.6", O_RDONLY|O_CLOEXEC) = 3
5607  openat(AT_FDCWD, "/etc/ssl/openssl.cnf", O_RDONLY) = 3
5607  openat(AT_FDCWD, "/proc/version_signature", O_RDONLY|O_CLOEXEC) = 4
5607  openat(AT_FDCWD, "/proc/self/cgroup", O_RDONLY|O_CLOEXEC) = 20
5607  openat(AT_FDCWD, "/sys/fs/cgroup/system.slice/hosted-compute-agent.service/memory.max", O_RDONLY|O_CLOEXEC) = 20
5607  openat(AT_FDCWD, "/sys/fs/cgroup/system.slice/hosted-compute-agent.service/memory.high", O_RDONLY|O_CLOEXEC) = 20
5607  openat(AT_FDCWD, "/proc/meminfo", O_RDONLY|O_CLOEXEC) = 20
5607  openat(AT_FDCWD, "/proc/self/maps", O_RDONLY|O_CLOEXEC) = 20
5607  openat(AT_FDCWD, "/proc/self/maps", O_RDONLY) = 20
5607  openat(AT_FDCWD, "/proc/self/maps", O_RDONLY) = 20
5607  openat(AT_FDCWD, "/opt/hostedtoolcache/node/22.23.2/x64/bin/node", O_RDONLY) = 20
5607  openat(AT_FDCWD, "/home/runner/work/deckrender-acceptance/deckrender-acceptance/benchmark/adapters/credential-probe.cjs", O_RDONLY|O_CLOEXEC) = 20
5607  openat(AT_FDCWD, "/home/runner/work/deckrender-acceptance/deckrender-acceptance/benchmark/artifacts/acceptance/runs/34586780041-local/evidence/REN-R02-render-b15f27694033/credentials.jsonl", O_WRONLY|O_CREAT|O_APPEND|O_CLOEXEC, 0666) = 20
5607  openat(AT_FDCWD, "/home/runner/work/deckrender-acceptance/deckrender-acceptance/benchmark/artifacts/acceptance/runtimes/v0.3.1/node_modules/@deckflow/deckrender/dist/package.json", O_RDONLY|O_CLOEXEC) = -1 ENOENT (No such file or directory)
5607  openat(AT_FDCWD, "/home/runner/work/deckrender-acceptance/deckrender-acceptance/benchmark/artifacts/acceptance/runtimes/v0.3.1/node_modules/@deckflow/deckrender/package.json", O_RDONLY|O_CLOEXEC) = 20
5607  openat(AT_FDCWD, "/home/runner/work/deckrender-acceptance/deckrender-acceptance/benchmark/artifacts/acceptance/runtimes/v0.3.1/node_modules/@deckflow/deckrender/dist/package.json", O_RDONLY|O_CLOEXEC) = -1 ENOENT (No such file or directory)
5607  openat(AT_FDCWD, "/home/runner/work/deckrender-acceptance/deckrender-acceptance/benchmark/artifacts/acceptance/runtimes/v0.3.1/node_modules/@deckflow/deckrender/dist/cli.js", O_RDONLY|O_CLOEXEC) = 20
5607  openat(AT_FDCWD, "/home/runner/work/deckrender-acceptance/deckrender-acceptance/benchmark/artifacts/acceptance/runtimes/v0.3.1/node_modules/@deckflow/deckrender/dist/package.json", O_RDONLY|O_CLOEXEC) = -1 ENOENT (No such file or directory)
5607  openat(AT_FDCWD, "/home/runner/work/deckrender-acceptance/deckrender-acceptance/benchmark/artifacts/acceptance/runtimes/v0.3.1/node_modules/commander/package.json", O_RDONLY|O_CLOEXEC) = 20
5607  openat(AT_FDCWD, "/home/runner/work/deckrender-acceptance/deckrender-acceptance/benchmark/artifacts/acceptance/runtimes/v0.3.1/node_modules/@deckflow/deckrender/dist/package.json", O_RDONLY|O_CLOEXEC) = -1 ENOENT (No such file or directory)
5607  openat(AT_FDCWD, "/home/runner/work/deckrender-acceptance/deckrender-acceptance/benchmark/artifacts/acceptance/runtimes/v0.3.1/node_modules/chalk/package.json", O_RDONLY|O_CLOEXEC) = 20
5607  openat(AT_FDCWD, "/home/runner/work/deckrender-acceptance/deckrender-acceptance/benchmark/artifacts/acceptance/runtimes/v0.3.1/node_modules/chalk/source/package.json", O_RDONLY|O_CLOEXEC) = -1 ENOENT (No such file or directory)
5607  openat(AT_FDCWD, "/home/runner/work/deckrender-acceptance/deckrender-acceptance/benchmark/artifacts/acceptance/runtimes/v0.3.1/node_modules/@deckflow/deckrender/dist/package.json", O_RDONLY|O_CLOEXEC) = -1 ENOENT (No such file or directory)
5607  openat(AT_FDCWD, "/home/runner/work/deckrender-acceptance/deckrender-acceptance/benchmark/artifacts/acceptance/runtimes/v0.3.1/node_modules/@deckops/sdk/package.json", O_RDONLY|O_CLOEXEC) = 20
5607  openat(AT_FDCWD, "/home/runner/work/deckrender-acceptance/deckrender-acceptance/benchmark/artifacts/acceptance/runtimes/v0.3.1/node_modules/@deckops/sdk/dist/package.json", O_RDONLY|O_CLOEXEC) = -1 ENOENT (No such file or directory)
5607  openat(AT_FDCWD, "/home/runner/work/deckrender-acceptance/deckrender-acceptance/benchmark/artifacts/acceptance/runtimes/v0.3.1/node_modules/@deckflow/deckrender/dist/package.json", O_RDONLY|O_CLOEXEC) = -1 ENOENT (No such file or directory)
5607  openat(AT_FDCWD, "/home/runner/work/deckrender-acceptance/deckrender-acceptance/benchmark/artifacts/acceptance/runtimes/v0.3.1/node_modules/zod/package.json", O_RDONLY|O_CLOEXEC) = 20
5607  openat(AT_FDCWD, "/home/runner/work/deckrender-acceptance/deckrender-acceptance/benchmark/artifacts/acceptance/runtimes/v0.3.1/node_modules/@deckflow/deckrender/dist/package.json", O_RDONLY|O_CLOEXEC) = -1 ENOENT (No such file or directory)
5607  openat(AT_FDCWD, "/home/runner/work/deckrender-acceptance/deckrender-acceptance/benchmark/artifacts/acceptance/runtimes/v0.3.1/node_modules/ora/package.json", O_RDONLY|O_CLOEXEC) = 20
5607  openat(AT_FDCWD, "/home/runner/work/deckrender-acceptance/deckrender-acceptance/benchmark/artifacts/acceptance/runtimes/v0.3.1/node_modules/@deckflow/deckrender/dist/package.json", O_RDONLY|O_CLOEXEC) = -1 ENOENT (No such file or directory)
5607  openat(AT_FDCWD, "/home/runner/work/deckrender-acceptance/deckrender-acceptance/benchmark/artifacts/acceptance/runtimes/v0.3.1/node_modules/p-limit/package.json", O_RDONLY|O_CLOEXEC) = 20
5607  openat(AT_FDCWD, "/home/runner/work/deckrender-acceptance/deckrender-acceptance/benchmark/artifacts/acceptance/runtimes/v0.3.1/node_modules/commander/esm.mjs", O_RDONLY|O_CLOEXEC) = 20
5607  openat(AT_FDCWD, "/home/runner/work/deckrender-acceptance/deckrender-acceptance/benchmark/artifacts/acceptance/runtimes/v0.3.1/node_modules/chalk/source/index.js", O_RDONLY|O_CLOEXEC) = 20
5607  openat(AT_FDCWD, "/home/runner/work/deckrender-acceptance/deckrender-acceptance/benchmark/artifacts/acceptance/runtimes/v0.3.1/node_modules/@deckops/sdk/dist/index.js", O_RDONLY|O_CLOEXEC) = 20
5607  openat(AT_FDCWD, "/dev/null", O_RDONLY|O_CLOEXEC) = 20
5607  openat(AT_FDCWD, "/home/runner/work/deckrender-acceptance/deckrender-acceptance/benchmark/artifacts/acceptance/runtimes/v0.3.1/node_modules/zod/index.js", O_RDONLY|O_CLOEXEC) = 21
5607  openat(AT_FDCWD, "/home/runner/work/deckrender-acceptance/deckrender-acceptance/benchmark/artifacts/acceptance/runtimes/v0.3.1/node_modules/ora/index.js", O_RDONLY|O_CLOEXEC) = 21
5607  openat(AT_FDCWD, "/home/runner/work/deckrender-acceptance/deckrender-acceptance/benchmark/artifacts/acceptance/runtimes/v0.3.1/node_modules/p-limit/index.js", O_RDONLY|O_CLOEXEC) = 21
5607  openat(AT_FDCWD, "/home/runner/work/deckrender-acceptance/deckrender-acceptance/benchmark/artifacts/acceptance/runtimes/v0.3.1/node_modules/chalk/source/package.json", O_RDONLY|O_CLOEXEC) = -1 ENOENT (No such file or directory)
5607  openat(AT_FDCWD, "/home/runner/work/deckrender-acceptance/deckrender-acceptance/benchmark/artifacts/acceptance/runtimes/v0.3.1/node_modules/chalk/source/vendor/ansi-styles/package.json", O_RDONLY|O_CLOEXEC) = -1 ENOENT (No such file or directory)
5607  openat(AT_FDCWD, "/home/runner/work/deckrender-acceptance/deckrender-acceptance/benchmark/artifacts/acceptance/runtimes/v0.3.1/node_modules/chalk/source/vendor/package.json", O_RDONLY|O_CLOEXEC) = -1 ENOENT (No such file or directory)
5607  openat(AT_FDCWD, "/home/runner/work/deckrender-acceptance/deckrender-acceptance/benchmark/artifacts/acceptance/runtimes/v0.3.1/node_modules/chalk/source/package.json", O_RDONLY|O_CLOEXEC) = -1 ENOENT (No such file or directory)
5607  openat(AT_FDCWD, "/home/runner/work/deckrender-acceptance/deckrender-acceptance/benchmark/artifacts/acceptance/runtimes/v0.3.1/node_modules/chalk/source/package.json", O_RDONLY|O_CLOEXEC) = -1 ENOENT (No such file or directory)
5607  openat(AT_FDCWD, "/home/runner/work/deckrender-acceptance/deckrender-acceptance/benchmark/artifacts/acceptance/runtimes/v0.3.1/node_modules/chalk/source/vendor/supports-color/package.json", O_RDONLY|O_CLOEXEC) = -1 ENOENT (No such file or directory)
5607  openat(AT_FDCWD, "/home/runner/work/deckrender-acceptance/deckrender-acceptance/benchmark/artifacts/acceptance/runtimes/v0.3.1/node_modules/chalk/source/vendor/package.json", O_RDONLY|O_CLOEXEC) = -1 ENOENT (No such file or directory)
5607  openat(AT_FDCWD, "/home/runner/work/deckrender-acceptance/deckrender-acceptance/benchmark/artifacts/acceptance/runtimes/v0.3.1/node_modules/chalk/source/package.json", O_RDONLY|O_CLOEXEC) = -1 ENOENT (No such file or directory)
5607  openat(AT_FDCWD, "/home/runner/work/deckrender-acceptance/deckrender-acceptance/benchmark/artifacts/acceptance/runtimes/v0.3.1/node_modules/chalk/source/package.json", O_RDONLY|O_CLOEXEC) = -1 ENOENT (No such file or directory)
5607  openat(AT_FDCWD, "/home/runner/work/deckrender-acceptance/deckrender-acceptance/benchmark/artifacts/acceptance/runtimes/v0.3.1/node_modules/chalk/source/vendor/ansi-styles/package.json", O_RDONLY|O_CLOEXEC) = -1 ENOENT (No such file or directory)
5607  openat(AT_FDCWD, "/home/runner/work/deckrender-acceptance/deckrender-acceptance/benchmark/artifacts/acceptance/runtimes/v0.3.1/node_modules/chalk/source/vendor/package.json", O_RDONLY|O_CLOEXEC) = -1 ENOENT (No such file or directory)
5607  openat(AT_FDCWD, "/home/runner/work/deckrender-acceptance/deckrender-acceptance/benchmark/artifacts/acceptance/runtimes/v0.3.1/node_modules/chalk/source/package.json", O_RDONLY|O_CLOEXEC) = -1 ENOENT (No such file or directory)
5607  openat(AT_FDCWD, "/home/runner/work/deckrender-acceptance/deckrender-acceptance/benchmark/artifacts/acceptance/runtimes/v0.3.1/node_modules/@deckops/sdk/dist/package.json", O_RDONLY|O_CLOEXEC) = -1 ENOENT (No such file or directory)
5607  openat(AT_FDCWD, "/home/runner/work/deckrender-acceptance/deckrender-acceptance/benchmark/artifacts/acceptance/runtimes/v0.3.1/node_modules/axios/package.json", O_RDONLY|O_CLOEXEC) = 21
5607  openat(AT_FDCWD, "/home/runner/work/deckrender-acceptance/deckrender-acceptance/benchmark/artifacts/acceptance/runtimes/v0.3.1/node_modules/@deckops/sdk/dist/package.json", O_RDONLY|O_CLOEXEC) = -1 ENOENT (No such file or directory)
5607  openat(AT_FDCWD, "/home/runner/work/deckrender-acceptance/deckrender-acceptance/benchmark/artifacts/acceptance/runtimes/v0.3.1/node_modules/@deckops/sdk/dist/package.json", O_RDONLY|O_CLOEXEC) = -1 ENOENT (No such file or directory)
5607  openat(AT_FDCWD, "/home/runner/work/deckrender-acceptance/deckrender-acceptance/benchmark/artifacts/acceptance/runtimes/v0.3.1/node_modules/eventsource-parser/package.json", O_RDONLY|O_CLOEXEC) = 21
5607  openat(AT_FDCWD, "/home/runner/work/deckrender-acceptance/deckrender-acceptance/benchmark/artifacts/acceptance/runtimes/v0.3.1/node_modules/eventsource-parser/dist/package.json", O_RDONLY|O_CLOEXEC) = -1 ENOENT (No such file or directory)
5607  openat(AT_FDCWD, "/home/runner/work/deckrender-acceptance/deckrender-acceptance/benchmark/artifacts/acceptance/runtimes/v0.3.1/node_modules/zod/v3/package.json", O_RDONLY|O_CLOEXEC) = -1 ENOENT (No such file or directory)
5607  openat(AT_FDCWD, "/home/runner/work/deckrender-acceptance/deckrender-acceptance/benchmark/artifacts/acceptance/runtimes/v0.3.1/node_modules/chalk/source/package.json", O_RDONLY|O_CLOEXEC) = -1 ENOENT (No such file or directory)
5607  openat(AT_FDCWD, "/home/runner/work/deckrender-acceptance/deckrender-acceptance/benchmark/artifacts/acceptance/runtimes/v0.3.1/node_modules/cli-cursor/package.json", O_RDONLY|O_CLOEXEC) = 21
5607  openat(AT_FDCWD, "/home/runner/work/deckrender-acceptance/deckrender-acceptance/benchmark/artifacts/acceptance/runtimes/v0.3.1/node_modules/cli-spinners/package.json", O_RDONLY|O_CLOEXEC) = 21
5607  openat(AT_FDCWD, "/home/runner/work/deckrender-acceptance/deckrender-acceptance/benchmark/artifacts/acceptance/runtimes/v0.3.1/node_modules/log-symbols/package.json", O_RDONLY|O_CLOEXEC) = 21
5607  openat(AT_FDCWD, "/home/runner/work/deckrender-acceptance/deckrender-acceptance/benchmark/artifacts/acceptance/runtimes/v0.3.1/node_modules/strip-ansi/package.json", O_RDONLY|O_CLOEXEC) = 21
5607  openat(AT_FDCWD, "/home/runner/work/deckrender-acceptance/deckrender-acceptance/benchmark/artifacts/acceptance/runtimes/v0.3.1/node_modules/string-width/package.json", O_RDONLY|O_CLOEXEC) = 21
5607  openat(AT_FDCWD, "/home/runner/work/deckrender-acceptance/deckrender-acceptance/benchmark/artifacts/acceptance/runtimes/v0.3.1/node_modules/is-interactive/package.json", O_RDONLY|O_CLOEXEC) = 21
5607  openat(AT_FDCWD, "/home/runner/work/deckrender-acceptance/deckrender-acceptance/benchmark/artifacts/acceptance/runtimes/v0.3.1/node_modules/is-unicode-supported/package.json", O_RDONLY|O_CLOEXEC) = 21
5607  openat(AT_FDCWD, "/home/runner/work/deckrender-acceptance/deckrender-acceptance/benchmark/artifacts/acceptance/runtimes/v0.3.1/node_modules/stdin-discarder/package.json", O_RDONLY|O_CLOEXEC) = 21
5607  openat(AT_FDCWD, "/home/runner/work/deckrender-acceptance/deckrender-acceptance/benchmark/artifacts/acceptance/runtimes/v0.3.1/node_modules/yocto-queue/package.json", O_RDONLY|O_CLOEXEC) = 21
5607  openat(AT_FDCWD, "/home/runner/work/deckrender-acceptance/deckrender-acceptance/benchmark/artifacts/acceptance/runtimes/v0.3.1/node_modules/commander/index.js", O_RDONLY|O_CLOEXEC) = 21
5607  openat(AT_FDCWD, "/home/runner/work/deckrender-acceptance/deckrender-acceptance/benchmark/artifacts/acceptance/runtimes/v0.3.1/node_modules/chalk/source/vendor/ansi-styles/index.js", O_RDONLY|O_CLOEXEC) = 21
5607  openat(AT_FDCWD, "/home/runner/work/deckrender-acceptance/deckrender-acceptance/benchmark/artifacts/acceptance/runtimes/v0.3.1/node_modules/chalk/source/vendor/supports-color/index.js", O_RDONLY|O_CLOEXEC) = 21
5607  openat(AT_FDCWD, "/home/runner/work/deckrender-acceptance/deckrender-acceptance/benchmark/artifacts/acceptance/runtimes/v0.3.1/node_modules/chalk/source/utilities.js", O_RDONLY|O_CLOEXEC) = 21
5607  openat(AT_FDCWD, "/home/runner/work/deckrender-acceptance/deckrender-acceptance/benchmark/artifacts/acceptance/runtimes/v0.3.1/node_modules/axios/index.js", O_RDONLY|O_CLOEXEC) = 21
5607  openat(AT_FDCWD, "/home/runner/work/deckrender-acceptance/deckrender-acceptance/benchmark/artifacts/acceptance/runtimes/v0.3.1/node_modules/eventsource-parser/dist/index.js", O_RDONLY|O_CLOEXEC) = 21
5607  openat(AT_FDCWD, "/home/runner/work/deckrender-acceptance/deckrender-acceptance/benchmark/artifacts/acceptance/runtimes/v0.3.1/node_modules/zod/v3/external.js", O_RDONLY|O_CLOEXEC) = 21
5607  openat(AT_FDCWD, "/home/runner/work/deckrender-acceptance/deckrender-acceptance/benchmark/artifacts/acceptance/runtimes/v0.3.1/node_modules/cli-cursor/index.js", O_RDONLY|O_CLOEXEC) = 21
5607  openat(AT_FDCWD, "/home/runner/work/deckrender-acceptance/deckrender-acceptance/benchmark/artifacts/acceptance/runtimes/v0.3.1/node_modules/cli-spinners/index.js", O_RDONLY|O_CLOEXEC) = 21
5607  openat(AT_FDCWD, "/home/runner/work/deckrender-acceptance/deckrender-acceptance/benchmark/artifacts/acceptance/runtimes/v0.3.1/node_modules/log-symbols/index.js", O_RDONLY|O_CLOEXEC) = 21
5607  openat(AT_FDCWD, "/home/runner/work/deckrender-acceptance/deckrender-acceptance/benchmark/artifacts/acceptance/runtimes/v0.3.1/node_modules/strip-ansi/index.js", O_RDONLY|O_CLOEXEC) = 21
5607  openat(AT_FDCWD, "/home/runner/work/deckrender-acceptance/deckrender-acceptance/benchmark/artifacts/acceptance/runtimes/v0.3.1/node_modules/string-width/index.js", O_RDONLY|O_CLOEXEC) = 21
5607  openat(AT_FDCWD, "/home/runner/work/deckrender-acceptance/deckrender-acceptance/benchmark/artifacts/acceptance/runtimes/v0.3.1/node_modules/is-interactive/index.js", O_RDONLY|O_CLOEXEC) = 21
5607  openat(AT_FDCWD, "/home/runner/work/deckrender-acceptance/deckrender-acceptance/benchmark/artifacts/acceptance/runtimes/v0.3.1/node_modules/is-unicode-supported/index.js", O_RDONLY|O_CLOEXEC) = 21
5607  openat(AT_FDCWD, "/home/runner/work/deckrender-acceptance/deckrender-acceptance/benchmark/artifacts/acceptance/runtimes/v0.3.1/node_modules/stdin-discarder/index.js", O_RDONLY|O_CLOEXEC) = 21
5607  openat(AT_FDCWD, "/home/runner/work/deckrender-acceptance/deckrender-acceptance/benchmark/artifacts/acceptance/runtimes/v0.3.1/node_modules/yocto-queue/index.js", O_RDONLY|O_CLOEXEC) = 21
5607  openat(AT_FDCWD, "/home/runner/work/deckrender-acceptance/deckrender-acceptance/benchmark/artifacts/acceptance/runtimes/v0.3.1/node_modules/axios/lib/package.json", O_RDONLY|O_CLOEXEC) = -1 ENOENT (No such file or directory)
5607  openat(AT_FDCWD, "/home/runner/work/deckrender-acceptance/deckrender-acceptance/benchmark/artifacts/acceptance/runtimes/v0.3.1/node_modules/zod/v3/package.json", O_RDONLY|O_CLOEXEC) = -1 ENOENT (No such file or directory)
5607  openat(AT_FDCWD, "/home/runner/work/deckrender-acceptance/deckrender-acceptance/benchmark/artifacts/acceptance/runtimes/v0.3.1/node_modules/zod/v3/helpers/package.json", O_RDONLY|O_CLOEXEC) = -1 ENOENT (No such file or directory)
5607  openat(AT_FDCWD, "/home/runner/work/deckrender-acceptance/deckrender-acceptance/benchmark/artifacts/acceptance/runtimes/v0.3.1/node_modules/zod/v3/package.json", O_RDONLY|O_CLOEXEC) = -1 ENOENT (No such file or directory)
5607  openat(AT_FDCWD, "/home/runner/work/deckrender-acceptance/deckrender-acceptance/benchmark/artifacts/acceptance/runtimes/v0.3.1/node_modules/zod/v3/helpers/package.json", O_RDONLY|O_CLOEXEC) = -1 ENOENT (No such file or directory)
5607  openat(AT_FDCWD, "/home/runner/work/deckrender-acceptance/deckrender-acceptance/benchmark/artifacts/acceptance/runtimes/v0.3.1/node_modules/zod/v3/package.json", O_RDONLY|O_CLOEXEC) = -1 ENOENT (No such file or directory)
5607  openat(AT_FDCWD, "/home/runner/work/deckrender-acceptance/deckrender-acceptance/benchmark/artifacts/acceptance/runtimes/v0.3.1/node_modules/zod/v3/helpers/package.json", O_RDONLY|O_CLOEXEC) = -1 ENOENT (No such file or directory)
5607  openat(AT_FDCWD, "/home/runner/work/deckrender-acceptance/deckrender-acceptance/benchmark/artifacts/acceptance/runtimes/v0.3.1/node_modules/zod/v3/package.json", O_RDONLY|O_CLOEXEC) = -1 ENOENT (No such file or directory)
5607  openat(AT_FDCWD, "/home/runner/work/deckrender-acceptance/deckrender-acceptance/benchmark/artifacts/acceptance/runtimes/v0.3.1/node_modules/zod/v3/package.json", O_RDONLY|O_CLOEXEC) = -1 ENOENT (No such file or directory)
5607  openat(AT_FDCWD, "/home/runner/work/deckrender-acceptance/deckrender-acceptance/benchmark/artifacts/acceptance/runtimes/v0.3.1/node_modules/zod/v3/package.json", O_RDONLY|O_CLOEXEC) = -1 ENOENT (No such file or directory)
5607  openat(AT_FDCWD, "/home/runner/work/deckrender-acceptance/deckrender-acceptance/benchmark/artifacts/acceptance/runtimes/v0.3.1/node_modules/restore-cursor/package.json", O_RDONLY|O_CLOEXEC) = 21
5607  openat(AT_FDCWD, "/home/runner/work/deckrender-acceptance/deckrender-acceptance/benchmark/artifacts/acceptance/runtimes/v0.3.1/node_modules/chalk/source/package.json", O_RDONLY|O_CLOEXEC) = -1 ENOENT (No such file or directory)
5607  openat(AT_FDCWD, "/home/runner/work/deckrender-acceptance/deckrender-acceptance/benchmark/artifacts/acceptance/runtimes/v0.3.1/node_modules/ansi-regex/package.json", O_RDONLY|O_CLOEXEC) = 21
5607  openat(AT_FDCWD, "/home/runner/work/deckrender-acceptance/deckrender-acceptance/benchmark/artifacts/acceptance/runtimes/v0.3.1/node_modules/eastasianwidth/package.json", O_RDONLY|O_CLOEXEC) = 21
5607  openat(AT_FDCWD, "/home/runner/work/deckrender-acceptance/deckrender-acceptance/benchmark/artifacts/acceptance/runtimes/v0.3.1/node_modules/emoji-regex/package.json", O_RDONLY|O_CLOEXEC) = 21
5607  openat(AT_FDCWD, "/home/runner/work/deckrender-acceptance/deckrender-acceptance/benchmark/artifacts/acceptance/runtimes/v0.3.1/node_modules/bl/package.json", O_RDONLY|O_CLOEXEC) = 21
5607  openat(AT_FDCWD, "/home/runner/work/deckrender-acceptance/deckrender-acceptance/benchmark/artifacts/acceptance/runtimes/v0.3.1/node_modules/axios/lib/axios.js", O_RDONLY|O_CLOEXEC) = 21
5607  openat(AT_FDCWD, "/home/runner/work/deckrender-acceptance/deckrender-acceptance/benchmark/artifacts/acceptance/runtimes/v0.3.1/node_modules/zod/v3/errors.js", O_RDONLY|O_CLOEXEC) = 21
5607  openat(AT_FDCWD, "/home/runner/work/deckrender-acceptance/deckrender-acceptance/benchmark/artifacts/acceptance/runtimes/v0.3.1/node_modules/zod/v3/helpers/parseUtil.js", O_RDONLY|O_CLOEXEC) = 21
5607  openat(AT_FDCWD, "/home/runner/work/deckrender-acceptance/deckrender-acceptance/benchmark/artifacts/acceptance/runtimes/v0.3.1/node_modules/zod/v3/helpers/typeAliases.js", O_RDONLY|O_CLOEXEC) = 21
5607  openat(AT_FDCWD, "/home/runner/work/deckrender-acceptance/deckrender-acceptance/benchmark/artifacts/acceptance/runtimes/v0.3.1/node_modules/zod/v3/helpers/util.js", O_RDONLY|O_CLOEXEC) = 21
5607  openat(AT_FDCWD, "/home/runner/work/deckrender-acceptance/deckrender-acceptance/benchmark/artifacts/acceptance/runtimes/v0.3.1/node_modules/zod/v3/types.js", O_RDONLY|O_CLOEXEC) = 21
5607  openat(AT_FDCWD, "/home/runner/work/deckrender-acceptance/deckrender-acceptance/benchmark/artifacts/acceptance/runtimes/v0.3.1/node_modules/zod/v3/ZodError.js", O_RDONLY|O_CLOEXEC) = 21
5607  openat(AT_FDCWD, "/home/runner/work/deckrender-acceptance/deckrender-acceptance/benchmark/artifacts/acceptance/runtimes/v0.3.1/node_modules/restore-cursor/index.js", O_RDONLY|O_CLOEXEC) = 21
5607  openat(AT_FDCWD, "/home/runner/work/deckrender-acceptance/deckrender-acceptance/benchmark/artifacts/acceptance/runtimes/v0.3.1/node_modules/ansi-regex/index.js", O_RDONLY|O_CLOEXEC) = 21
5607  openat(AT_FDCWD, "/home/runner/work/deckrender-acceptance/deckrender-acceptance/benchmark/artifacts/acceptance/runtimes/v0.3.1/node_modules/eastasianwidth/eastasianwidth.js", O_RDONLY|O_CLOEXEC) = 21
5607  openat(AT_FDCWD, "/home/runner/work/deckrender-acceptance/deckrender-acceptance/benchmark/artifacts/acceptance/runtimes/v0.3.1/node_modules/emoji-regex/index.js", O_RDONLY|O_CLOEXEC) = 21
5607  openat(AT_FDCWD, "/home/runner/work/deckrender-acceptance/deckrender-acceptance/benchmark/artifacts/acceptance/runtimes/v0.3.1/node_modules/bl/bl.js", O_RDONLY|O_CLOEXEC) = 21
5607  openat(AT_FDCWD, "/home/runner/work/deckrender-acceptance/deckrender-acceptance/benchmark/artifacts/acceptance/runtimes/v0.3.1/node_modules/axios/lib/package.json", O_RDONLY|O_CLOEXEC) = -1 ENOENT (No such file or directory)
5607  openat(AT_FDCWD, "/home/runner/work/deckrender-acceptance/deckrender-acceptance/benchmark/artifacts/acceptance/runtimes/v0.3.1/node_modules/axios/lib/helpers/package.json", O_RDONLY|O_CLOEXEC) = -1 ENOENT (No such file or directory)
5607  openat(AT_FDCWD, "/home/runner/work/deckrender-acceptance/deckrender-acceptance/benchmark/artifacts/acceptance/runtimes/v0.3.1/node_modules/axios/lib/package.json", O_RDONLY|O_CLOEXEC) = -1 ENOENT (No such file or directory)
5607  openat(AT_FDCWD, "/home/runner/work/deckrender-acceptance/deckrender-acceptance/benchmark/artifacts/acceptance/runtimes/v0.3.1/node_modules/axios/lib/core/package.json", O_RDONLY|O_CLOEXEC) = -1 ENOENT (No such file or directory)
5607  openat(AT_FDCWD, "/home/runner/work/deckrender-acceptance/deckrender-acceptance/benchmark/artifacts/acceptance/runtimes/v0.3.1/node_modules/axios/lib/package.json", O_RDONLY|O_CLOEXEC) = -1 ENOENT (No such file or directory)
5607  openat(AT_FDCWD, "/home/runner/work/deckrender-acceptance/deckrender-acceptance/benchmark/artifacts/acceptance/runtimes/v0.3.1/node_modules/axios/lib/core/package.json", O_RDONLY|O_CLOEXEC) = -1 ENOENT (No such file or directory)
5607  openat(AT_FDCWD, "/home/runner/work/deckrender-acceptance/deckrender-acceptance/benchmark/artifacts/acceptance/runtimes/v0.3.1/node_modules/axios/lib/package.json", O_RDONLY|O_CLOEXEC) = -1 ENOENT (No such file or directory)
5607  openat(AT_FDCWD, "/home/runner/work/deckrender-acceptance/deckrender-acceptance/benchmark/artifacts/acceptance/runtimes/v0.3.1/node_modules/axios/lib/defaults/package.json", O_RDONLY|O_CLOEXEC) = -1 ENOENT (No such file or directory)
5607  openat(AT_FDCWD, "/home/runner/work/deckrender-acceptance/deckrender-acceptance/benchmark/artifacts/acceptance/runtimes/v0.3.1/node_modules/axios/lib/package.json", O_RDONLY|O_CLOEXEC) = -1 ENOENT (No such file or directory)
5607  openat(AT_FDCWD, "/home/runner/work/deckrender-acceptance/deckrender-acceptance/benchmark/artifacts/acceptance/runtimes/v0.3.1/node_modules/axios/lib/helpers/package.json", O_RDONLY|O_CLOEXEC) = -1 ENOENT (No such file or directory)
5607  openat(AT_FDCWD, "/home/runner/work/deckrender-acceptance/deckrender-acceptance/benchmark/artifacts/acceptance/runtimes/v0.3.1/node_modules/axios/lib/package.json", O_RDONLY|O_CLOEXEC) = -1 ENOENT (No such file or directory)
5607  openat(AT_FDCWD, "/home/runner/work/deckrender-acceptance/deckrender-acceptance/benchmark/artifacts/acceptance/runtimes/v0.3.1/node_modules/axios/lib/cancel/package.json", O_RDONLY|O_CLOEXEC) = -1 ENOENT (No such file or directory)
5607  openat(AT_FDCWD, "/home/runner/work/deckrender-acceptance/deckrender-acceptance/benchmark/artifacts/acceptance/runtimes/v0.3.1/node_modules/axios/lib/package.json", O_RDONLY|O_CLOEXEC) = -1 ENOENT (No such file or directory)
5607  openat(AT_FDCWD, "/home/runner/work/deckrender-acceptance/deckrender-acceptance/benchmark/artifacts/acceptance/runtimes/v0.3.1/node_modules/axios/lib/cancel/package.json", O_RDONLY|O_CLOEXEC) = -1 ENOENT (No such file or directory)
5607  openat(AT_FDCWD, "/home/runner/work/deckrender-acceptance/deckrender-acceptance/benchmark/artifacts/acceptance/runtimes/v0.3.1/node_modules/axios/lib/package.json", O_RDONLY|O_CLOEXEC) = -1 ENOENT (No such file or directory)
5607  openat(AT_FDCWD, "/home/runner/work/deckrender-acceptance/deckrender-acceptance/benchmark/artifacts/acceptance/runtimes/v0.3.1/node_modules/axios/lib/cancel/package.json", O_RDONLY|O_CLOEXEC) = -1 ENOENT (No such file or directory)
5607  openat(AT_FDCWD, "/home/runner/work/deckrender-acceptance/deckrender-acceptance/benchmark/artifacts/acceptance/runtimes/v0.3.1/node_modules/axios/lib/package.json", O_RDONLY|O_CLOEXEC) = -1 ENOENT (No such file or directory)
5607  openat(AT_FDCWD, "/home/runner/work/deckrender-acceptance/deckrender-acceptance/benchmark/artifacts/acceptance/runtimes/v0.3.1/node_modules/axios/lib/env/package.json", O_RDONLY|O_CLOEXEC) = -1 ENOENT (No such file or directory)
5607  openat(AT_FDCWD, "/home/runner/work/deckrender-acceptance/deckrender-acceptance/benchmark/artifacts/acceptance/runtimes/v0.3.1/node_modules/axios/lib/package.json", O_RDONLY|O_CLOEXEC) = -1 ENOENT (No such file or directory)
5607  openat(AT_FDCWD, "/home/runner/work/deckrender-acceptance/deckrender-acceptance/benchmark/artifacts/acceptance/runtimes/v0.3.1/node_modules/axios/lib/helpers/package.json", O_RDONLY|O_CLOEXEC) = -1 ENOENT (No such file or directory)
5607  openat(AT_FDCWD, "/home/runner/work/deckrender-acceptance/deckrender-acceptance/benchmark/artifacts/acceptance/runtimes/v0.3.1/node_modules/axios/lib/package.json", O_RDONLY|O_CLOEXEC) = -1 ENOENT (No such file or directory)
5607  openat(AT_FDCWD, "/home/runner/work/deckrender-acceptance/deckrender-acceptance/benchmark/artifacts/acceptance/runtimes/v0.3.1/node_modules/axios/lib/core/package.json", O_RDONLY|O_CLOEXEC) = -1 ENOENT (No such file or directory)
5607  openat(AT_FDCWD, "/home/runner/work/deckrender-acceptance/deckrender-acceptance/benchmark/artifacts/acceptance/runtimes/v0.3.1/node_modules/axios/lib/package.json", O_RDONLY|O_CLOEXEC) = -1 ENOENT (No such file or directory)
5607  openat(AT_FDCWD, "/home/runner/work/deckrender-acceptance/deckrender-acceptance/benchmark/artifacts/acceptance/runtimes/v0.3.1/node_modules/axios/lib/helpers/package.json", O_RDONLY|O_CLOEXEC) = -1 ENOENT (No such file or directory)
5607  openat(AT_FDCWD, "/home/runner/work/deckrender-acceptance/deckrender-acceptance/benchmark/artifacts/acceptance/runtimes/v0.3.1/node_modules/axios/lib/package.json", O_RDONLY|O_CLOEXEC) = -1 ENOENT (No such file or directory)
5607  openat(AT_FDCWD, "/home/runner/work/deckrender-acceptance/deckrender-acceptance/benchmark/artifacts/acceptance/runtimes/v0.3.1/node_modules/axios/lib/helpers/package.json", O_RDONLY|O_CLOEXEC) = -1 ENOENT (No such file or directory)
5607  openat(AT_FDCWD, "/home/runner/work/deckrender-acceptance/deckrender-acceptance/benchmark/artifacts/acceptance/runtimes/v0.3.1/node_modules/axios/lib/package.json", O_RDONLY|O_CLOEXEC) = -1 ENOENT (No such file or directory)
5607  openat(AT_FDCWD, "/home/runner/work/deckrender-acceptance/deckrender-acceptance/benchmark/artifacts/acceptance/runtimes/v0.3.1/node_modules/axios/lib/core/package.json", O_RDONLY|O_CLOEXEC) = -1 ENOENT (No such file or directory)
5607  openat(AT_FDCWD, "/home/runner/work/deckrender-acceptance/deckrender-acceptance/benchmark/artifacts/acceptance/runtimes/v0.3.1/node_modules/axios/lib/package.json", O_RDONLY|O_CLOEXEC) = -1 ENOENT (No such file or directory)
5607  openat(AT_FDCWD, "/home/runner/work/deckrender-acceptance/deckrender-acceptance/benchmark/artifacts/acceptance/runtimes/v0.3.1/node_modules/axios/lib/adapters/package.json", O_RDONLY|O_CLOEXEC) = -1 ENOENT (No such file or directory)
5607  openat(AT_FDCWD, "/home/runner/work/deckrender-acceptance/deckrender-acceptance/benchmark/artifacts/acceptance/runtimes/v0.3.1/node_modules/axios/lib/package.json", O_RDONLY|O_CLOEXEC) = -1 ENOENT (No such file or directory)
5607  openat(AT_FDCWD, "/home/runner/work/deckrender-acceptance/deckrender-acceptance/benchmark/artifacts/acceptance/runtimes/v0.3.1/node_modules/axios/lib/helpers/package.json", O_RDONLY|O_CLOEXEC) = -1 ENOENT (No such file or directory)
5607  openat(AT_FDCWD, "/home/runner/work/deckrender-acceptance/deckrender-acceptance/benchmark/artifacts/acceptance/runtimes/v0.3.1/node_modules/axios/lib/package.json", O_RDONLY|O_CLOEXEC) = -1 ENOENT (No such file or directory)
5607  openat(AT_FDCWD, "/home/runner/work/deckrender-acceptance/deckrender-acceptance/benchmark/artifacts/acceptance/runtimes/v0.3.1/node_modules/zod/v3/locales/package.json", O_RDONLY|O_CLOEXEC) = -1 ENOENT (No such file or directory)
5607  openat(AT_FDCWD, "/home/runner/work/deckrender-acceptance/deckrender-acceptance/benchmark/artifacts/acceptance/runtimes/v0.3.1/node_modules/zod/v3/package.json", O_RDONLY|O_CLOEXEC) = -1 ENOENT (No such file or directory)
5607  openat(AT_FDCWD, "/home/runner/work/deckrender-acceptance/deckrender-acceptance/benchmark/artifacts/acceptance/runtimes/v0.3.1/node_modules/zod/v3/package.json", O_RDONLY|O_CLOEXEC) = -1 ENOENT (No such file or directory)
5607  openat(AT_FDCWD, "/home/runner/work/deckrender-acceptance/deckrender-acceptance/benchmark/artifacts/acceptance/runtimes/v0.3.1/node_modules/zod/v3/locales/package.json", O_RDONLY|O_CLOEXEC) = -1 ENOENT (No such file or directory)
5607  openat(AT_FDCWD, "/home/runner/work/deckrender-acceptance/deckrender-acceptance/benchmark/artifacts/acceptance/runtimes/v0.3.1/node_modules/zod/v3/package.json", O_RDONLY|O_CLOEXEC) = -1 ENOENT (No such file or directory)
5607  openat(AT_FDCWD, "/home/runner/work/deckrender-acceptance/deckrender-acceptance/benchmark/artifacts/acceptance/runtimes/v0.3.1/node_modules/zod/v3/package.json", O_RDONLY|O_CLOEXEC) = -1 ENOENT (No such file or directory)
5607  openat(AT_FDCWD, "/home/runner/work/deckrender-acceptance/deckrender-acceptance/benchmark/artifacts/acceptance/runtimes/v0.3.1/node_modules/zod/v3/package.json", O_RDONLY|O_CLOEXEC) = -1 ENOENT (No such file or directory)
5607  openat(AT_FDCWD, "/home/runner/work/deckrender-acceptance/deckrender-acceptance/benchmark/artifacts/acceptance/runtimes/v0.3.1/node_modules/zod/v3/helpers/package.json", O_RDONLY|O_CLOEXEC) = -1 ENOENT (No such file or directory)
5607  openat(AT_FDCWD, "/home/runner/work/deckrender-acceptance/deckrender-acceptance/benchmark/artifacts/acceptance/runtimes/v0.3.1/node_modules/zod/v3/package.json", O_RDONLY|O_CLOEXEC) = -1 ENOENT (No such file or directory)
5607  openat(AT_FDCWD, "/home/runner/work/deckrender-acceptance/deckrender-acceptance/benchmark/artifacts/acceptance/runtimes/v0.3.1/node_modules/zod/v3/helpers/package.json", O_RDONLY|O_CLOEXEC) = -1 ENOENT (No such file or directory)
5607  openat(AT_FDCWD, "/home/runner/work/deckrender-acceptance/deckrender-acceptance/benchmark/artifacts/acceptance/runtimes/v0.3.1/node_modules/zod/v3/package.json", O_RDONLY|O_CLOEXEC) = -1 ENOENT (No such file or directory)
5607  openat(AT_FDCWD, "/home/runner/work/deckrender-acceptance/deckrender-acceptance/benchmark/artifacts/acceptance/runtimes/v0.3.1/node_modules/zod/v3/helpers/package.json", O_RDONLY|O_CLOEXEC) = -1 ENOENT (No such file or directory)
5607  openat(AT_FDCWD, "/home/runner/work/deckrender-acceptance/deckrender-acceptance/benchmark/artifacts/acceptance/runtimes/v0.3.1/node_modules/zod/v3/package.json", O_RDONLY|O_CLOEXEC) = -1 ENOENT (No such file or directory)
5607  openat(AT_FDCWD, "/home/runner/work/deckrender-acceptance/deckrender-acceptance/benchmark/artifacts/acceptance/runtimes/v0.3.1/node_modules/zod/v3/helpers/package.json", O_RDONLY|O_CLOEXEC) = -1 ENOENT (No such file or directory)
5607  openat(AT_FDCWD, "/home/runner/work/deckrender-acceptance/deckrender-acceptance/benchmark/artifacts/acceptance/runtimes/v0.3.1/node_modules/zod/v3/package.json", O_RDONLY|O_CLOEXEC) = -1 ENOENT (No such file or directory)
5607  openat(AT_FDCWD, "/home/runner/work/deckrender-acceptance/deckrender-acceptance/benchmark/artifacts/acceptance/runtimes/v0.3.1/node_modules/onetime/package.json", O_RDONLY|O_CLOEXEC) = 21
5607  openat(AT_FDCWD, "/home/runner/work/deckrender-acceptance/deckrender-acceptance/benchmark/artifacts/acceptance/runtimes/v0.3.1/node_modules/signal-exit/package.json", O_RDONLY|O_CLOEXEC) = 21
5607  openat(AT_FDCWD, "/home/runner/work/deckrender-acceptance/deckrender-acceptance/benchmark/artifacts/acceptance/runtimes/v0.3.1/node_modules/axios/lib/utils.js", O_RDONLY|O_CLOEXEC) = 21
5607  openat(AT_FDCWD, "/home/runner/work/deckrender-acceptance/deckrender-acceptance/benchmark/artifacts/acceptance/runtimes/v0.3.1/node_modules/axios/lib/helpers/bind.js", O_RDONLY|O_CLOEXEC) = 21
5607  openat(AT_FDCWD, "/home/runner/work/deckrender-acceptance/deckrender-acceptance/benchmark/artifacts/acceptance/runtimes/v0.3.1/node_modules/axios/lib/core/Axios.js", O_RDONLY|O_CLOEXEC) = 21
5611  openat(AT_FDCWD, "/proc/sys/vm/overcommit_memory", O_RDONLY|O_CLOEXEC) = 21
5607  openat(AT_FDCWD, "/home/runner/work/deckrender-acceptance/deckrender-acceptance/benchmark/artifacts/acceptance/runtimes/v0.3.1/node_modules/axios/lib/core/mergeConfig.js", O_RDONLY|O_CLOEXEC) = 21
5607  openat(AT_FDCWD, "/home/runner/work/deckrender-acceptance/deckrender-acceptance/benchmark/artifacts/acceptance/runtimes/v0.3.1/node_modules/axios/lib/defaults/index.js", O_RDONLY|O_CLOEXEC) = 21
5607  openat(AT_FDCWD, "/home/runner/work/deckrender-acceptance/deckrender-acceptance/benchmark/artifacts/acceptance/runtimes/v0.3.1/node_modules/axios/lib/helpers/formDataToJSON.js", O_RDONLY|O_CLOEXEC) = 21
5607  openat(AT_FDCWD, "/home/runner/work/deckrender-acceptance/deckrender-acceptance/benchmark/artifacts/acceptance/runtimes/v0.3.1/node_modules/axios/lib/cancel/CanceledError.js", O_RDONLY|O_CLOEXEC) = 21
5607  openat(AT_FDCWD, "/home/runner/work/deckrender-acceptance/deckrender-acceptance/benchmark/artifacts/acceptance/runtimes/v0.3.1/node_modules/axios/lib/cancel/CancelToken.js", O_RDONLY|O_CLOEXEC) = 21
5607  openat(AT_FDCWD, "/home/runner/work/deckrender-acceptance/deckrender-acceptance/benchmark/artifacts/acceptance/runtimes/v0.3.1/node_modules/axios/lib/cancel/isCancel.js", O_RDONLY|O_CLOEXEC) = 21
5607  openat(AT_FDCWD, "/home/runner/work/deckrender-acceptance/deckrender-acceptance/benchmark/artifacts/acceptance/runtimes/v0.3.1/node_modules/axios/lib/env/data.js", O_RDONLY|O_CLOEXEC) = 21
5607  openat(AT_FDCWD, "/home/runner/work/deckrender-acceptance/deckrender-acceptance/benchmark/artifacts/acceptance/runtimes/v0.3.1/node_modules/axios/lib/helpers/toFormData.js", O_RDONLY|O_CLOEXEC) = 21
5607  openat(AT_FDCWD, "/home/runner/work/deckrender-acceptance/deckrender-acceptance/benchmark/artifacts/acceptance/runtimes/v0.3.1/node_modules/axios/lib/core/AxiosError.js", O_RDONLY|O_CLOEXEC) = 21
5607  openat(AT_FDCWD, "/home/runner/work/deckrender-acceptance/deckrender-acceptance/benchmark/artifacts/acceptance/runtimes/v0.3.1/node_modules/axios/lib/helpers/spread.js", O_RDONLY|O_CLOEXEC) = 21
5607  openat(AT_FDCWD, "/home/runner/work/deckrender-acceptance/deckrender-acceptance/benchmark/artifacts/acceptance/runtimes/v0.3.1/node_modules/axios/lib/helpers/isAxiosError.js", O_RDONLY|O_CLOEXEC) = 21
5607  openat(AT_FDCWD, "/home/runner/work/deckrender-acceptance/deckrender-acceptance/benchmark/artifacts/acceptance/runtimes/v0.3.1/node_modules/axios/lib/core/AxiosHeaders.js", O_RDONLY|O_CLOEXEC) = 21
5607  openat(AT_FDCWD, "/home/runner/work/deckrender-acceptance/deckrender-acceptance/benchmark/artifacts/acceptance/runtimes/v0.3.1/node_modules/axios/lib/adapters/adapters.js", O_RDONLY|O_CLOEXEC) = 21
5607  openat(AT_FDCWD, "/home/runner/work/deckrender-acceptance/deckrender-acceptance/benchmark/artifacts/acceptance/runtimes/v0.3.1/node_modules/axios/lib/helpers/HttpStatusCode.js", O_RDONLY|O_CLOEXEC) = 21
5607  openat(AT_FDCWD, "/home/runner/work/deckrender-acceptance/deckrender-acceptance/benchmark/artifacts/acceptance/runtimes/v0.3.1/node_modules/zod/v3/locales/en.js", O_RDONLY|O_CLOEXEC) = 21
5607  openat(AT_FDCWD, "/home/runner/work/deckrender-acceptance/deckrender-acceptance/benchmark/artifacts/acceptance/runtimes/v0.3.1/node_modules/zod/v3/helpers/errorUtil.js", O_RDONLY|O_CLOEXEC) = 21
5607  openat(AT_FDCWD, "/home/runner/work/deckrender-acceptance/deckrender-acceptance/benchmark/artifacts/acceptance/runtimes/v0.3.1/node_modules/onetime/index.js", O_RDONLY|O_CLOEXEC) = 21
5607  openat(AT_FDCWD, "/home/runner/work/deckrender-acceptance/deckrender-acceptance/benchmark/artifacts/acceptance/runtimes/v0.3.1/node_modules/signal-exit/index.js", O_RDONLY|O_CLOEXEC) = 21
5607  openat(AT_FDCWD, "/home/runner/work/deckrender-acceptance/deckrender-acceptance/benchmark/artifacts/acceptance/runtimes/v0.3.1/node_modules/axios/lib/helpers/package.json", O_RDONLY|O_CLOEXEC) = -1 ENOENT (No such file or directory)
5607  openat(AT_FDCWD, "/home/runner/work/deckrender-acceptance/deckrender-acceptance/benchmark/artifacts/acceptance/runtimes/v0.3.1/node_modules/axios/lib/package.json", O_RDONLY|O_CLOEXEC) = -1 ENOENT (No such file or directory)
5607  openat(AT_FDCWD, "/home/runner/work/deckrender-acceptance/deckrender-acceptance/benchmark/artifacts/acceptance/runtimes/v0.3.1/node_modules/axios/lib/package.json", O_RDONLY|O_CLOEXEC) = -1 ENOENT (No such file or directory)
5607  openat(AT_FDCWD, "/home/runner/work/deckrender-acceptance/deckrender-acceptance/benchmark/artifacts/acceptance/runtimes/v0.3.1/node_modules/axios/lib/helpers/package.json", O_RDONLY|O_CLOEXEC) = -1 ENOENT (No such file or directory)
5607  openat(AT_FDCWD, "/home/runner/work/deckrender-acceptance/deckrender-acceptance/benchmark/artifacts/acceptance/runtimes/v0.3.1/node_modules/axios/lib/package.json", O_RDONLY|O_CLOEXEC) = -1 ENOENT (No such file or directory)
5607  openat(AT_FDCWD, "/home/runner/work/deckrender-acceptance/deckrender-acceptance/benchmark/artifacts/acceptance/runtimes/v0.3.1/node_modules/axios/lib/core/package.json", O_RDONLY|O_CLOEXEC) = -1 ENOENT (No such file or directory)
5607  openat(AT_FDCWD, "/home/runner/work/deckrender-acceptance/deckrender-acceptance/benchmark/artifacts/acceptance/runtimes/v0.3.1/node_modules/axios/lib/package.json", O_RDONLY|O_CLOEXEC) = -1 ENOENT (No such file or directory)
5607  openat(AT_FDCWD, "/home/runner/work/deckrender-acceptance/deckrender-acceptance/benchmark/artifacts/acceptance/runtimes/v0.3.1/node_modules/axios/lib/core/package.json", O_RDONLY|O_CLOEXEC) = -1 ENOENT (No such file or directory)
5607  openat(AT_FDCWD, "/home/runner/work/deckrender-acceptance/deckrender-acceptance/benchmark/artifacts/acceptance/runtimes/v0.3.1/node_modules/axios/lib/package.json", O_RDONLY|O_CLOEXEC) = -1 ENOENT (No such file or directory)
5607  openat(AT_FDCWD, "/home/runner/work/deckrender-acceptance/deckrender-acceptance/benchmark/artifacts/acceptance/runtimes/v0.3.1/node_modules/axios/lib/core/package.json", O_RDONLY|O_CLOEXEC) = -1 ENOENT (No such file or directory)
5607  openat(AT_FDCWD, "/home/runner/work/deckrender-acceptance/deckrender-acceptance/benchmark/artifacts/acceptance/runtimes/v0.3.1/node_modules/axios/lib/package.json", O_RDONLY|O_CLOEXEC) = -1 ENOENT (No such file or directory)
5607  openat(AT_FDCWD, "/home/runner/work/deckrender-acceptance/deckrender-acceptance/benchmark/artifacts/acceptance/runtimes/v0.3.1/node_modules/axios/lib/core/package.json", O_RDONLY|O_CLOEXEC) = -1 ENOENT (No such file or directory)
5607  openat(AT_FDCWD, "/home/runner/work/deckrender-acceptance/deckrender-acceptance/benchmark/artifacts/acceptance/runtimes/v0.3.1/node_modules/axios/lib/package.json", O_RDONLY|O_CLOEXEC) = -1 ENOENT (No such file or directory)
5607  openat(AT_FDCWD, "/home/runner/work/deckrender-acceptance/deckrender-acceptance/benchmark/artifacts/acceptance/runtimes/v0.3.1/node_modules/axios/lib/core/package.json", O_RDONLY|O_CLOEXEC) = -1 ENOENT (No such file or directory)
5607  openat(AT_FDCWD, "/home/runner/work/deckrender-acceptance/deckrender-acceptance/benchmark/artifacts/acceptance/runtimes/v0.3.1/node_modules/axios/lib/package.json", O_RDONLY|O_CLOEXEC) = -1 ENOENT (No such file or directory)
5607  openat(AT_FDCWD, "/home/runner/work/deckrender-acceptance/deckrender-acceptance/benchmark/artifacts/acceptance/runtimes/v0.3.1/node_modules/axios/lib/helpers/package.json", O_RDONLY|O_CLOEXEC) = -1 ENOENT (No such file or directory)
5607  openat(AT_FDCWD, "/home/runner/work/deckrender-acceptance/deckrender-acceptance/benchmark/artifacts/acceptance/runtimes/v0.3.1/node_modules/axios/lib/package.json", O_RDONLY|O_CLOEXEC) = -1 ENOENT (No such file or directory)
5607  openat(AT_FDCWD, "/home/runner/work/deckrender-acceptance/deckrender-acceptance/benchmark/artifacts/acceptance/runtimes/v0.3.1/node_modules/axios/lib/core/package.json", O_RDONLY|O_CLOEXEC) = -1 ENOENT (No such file or directory)
5607  openat(AT_FDCWD, "/home/runner/work/deckrender-acceptance/deckrender-acceptance/benchmark/artifacts/acceptance/runtimes/v0.3.1/node_modules/axios/lib/package.json", O_RDONLY|O_CLOEXEC) = -1 ENOENT (No such file or directory)
5607  openat(AT_FDCWD, "/home/runner/work/deckrender-acceptance/deckrender-acceptance/benchmark/artifacts/acceptance/runtimes/v0.3.1/node_modules/axios/lib/defaults/package.json", O_RDONLY|O_CLOEXEC) = -1 ENOENT (No such file or directory)
5607  openat(AT_FDCWD, "/home/runner/work/deckrender-acceptance/deckrender-acceptance/benchmark/artifacts/acceptance/runtimes/v0.3.1/node_modules/axios/lib/package.json", O_RDONLY|O_CLOEXEC) = -1 ENOENT (No such file or directory)
5607  openat(AT_FDCWD, "/home/runner/work/deckrender-acceptance/deckrender-acceptance/benchmark/artifacts/acceptance/runtimes/v0.3.1/node_modules/axios/lib/package.json", O_RDONLY|O_CLOEXEC) = -1 ENOENT (No such file or directory)
5607  openat(AT_FDCWD, "/home/runner/work/deckrender-acceptance/deckrender-acceptance/benchmark/artifacts/acceptance/runtimes/v0.3.1/node_modules/axios/lib/core/package.json", O_RDONLY|O_CLOEXEC) = -1 ENOENT (No such file or directory)
5607  openat(AT_FDCWD, "/home/runner/work/deckrender-acceptance/deckrender-acceptance/benchmark/artifacts/acceptance/runtimes/v0.3.1/node_modules/axios/lib/package.json", O_RDONLY|O_CLOEXEC) = -1 ENOENT (No such file or directory)
5607  openat(AT_FDCWD, "/home/runner/work/deckrender-acceptance/deckrender-acceptance/benchmark/artifacts/acceptance/runtimes/v0.3.1/node_modules/axios/lib/package.json", O_RDONLY|O_CLOEXEC) = -1 ENOENT (No such file or directory)
5607  openat(AT_FDCWD, "/home/runner/work/deckrender-acceptance/deckrender-acceptance/benchmark/artifacts/acceptance/runtimes/v0.3.1/node_modules/axios/lib/core/package.json", O_RDONLY|O_CLOEXEC) = -1 ENOENT (No such file or directory)
5607  openat(AT_FDCWD, "/home/runner/work/deckrender-acceptance/deckrender-acceptance/benchmark/artifacts/acceptance/runtimes/v0.3.1/node_modules/axios/lib/package.json", O_RDONLY|O_CLOEXEC) = -1 ENOENT (No such file or directory)
5607  openat(AT_FDCWD, "/home/runner/work/deckrender-acceptance/deckrender-acceptance/benchmark/artifacts/acceptance/runtimes/v0.3.1/node_modules/axios/lib/defaults/package.json", O_RDONLY|O_CLOEXEC) = -1 ENOENT (No such file or directory)
5607  openat(AT_FDCWD, "/home/runner/work/deckrender-acceptance/deckrender-acceptance/benchmark/artifacts/acceptance/runtimes/v0.3.1/node_modules/axios/lib/package.json", O_RDONLY|O_CLOEXEC) = -1 ENOENT (No such file or directory)
5607  openat(AT_FDCWD, "/home/runner/work/deckrender-acceptance/deckrender-acceptance/benchmark/artifacts/acceptance/runtimes/v0.3.1/node_modules/axios/lib/helpers/package.json", O_RDONLY|O_CLOEXEC) = -1 ENOENT (No such file or directory)
5607  openat(AT_FDCWD, "/home/runner/work/deckrender-acceptance/deckrender-acceptance/benchmark/artifacts/acceptance/runtimes/v0.3.1/node_modules/axios/lib/package.json", O_RDONLY|O_CLOEXEC) = -1 ENOENT (No such file or directory)
5607  openat(AT_FDCWD, "/home/runner/work/deckrender-acceptance/deckrender-acceptance/benchmark/artifacts/acceptance/runtimes/v0.3.1/node_modules/axios/lib/helpers/package.json", O_RDONLY|O_CLOEXEC) = -1 ENOENT (No such file or directory)
5607  openat(AT_FDCWD, "/home/runner/work/deckrender-acceptance/deckrender-acceptance/benchmark/artifacts/acceptance/runtimes/v0.3.1/node_modules/axios/lib/package.json", O_RDONLY|O_CLOEXEC) = -1 ENOENT (No such file or directory)
5607  openat(AT_FDCWD, "/home/runner/work/deckrender-acceptance/deckrender-acceptance/benchmark/artifacts/acceptance/runtimes/v0.3.1/node_modules/axios/lib/platform/package.json", O_RDONLY|O_CLOEXEC) = -1 ENOENT (No such file or directory)
5607  openat(AT_FDCWD, "/home/runner/work/deckrender-acceptance/deckrender-acceptance/benchmark/artifacts/acceptance/runtimes/v0.3.1/node_modules/axios/lib/package.json", O_RDONLY|O_CLOEXEC) = -1 ENOENT (No such file or directory)
5607  openat(AT_FDCWD, "/home/runner/work/deckrender-acceptance/deckrender-acceptance/benchmark/artifacts/acceptance/runtimes/v0.3.1/node_modules/axios/lib/helpers/package.json", O_RDONLY|O_CLOEXEC) = -1 ENOENT (No such file or directory)
5607  openat(AT_FDCWD, "/home/runner/work/deckrender-acceptance/deckrender-acceptance/benchmark/artifacts/acceptance/runtimes/v0.3.1/node_modules/axios/lib/package.json", O_RDONLY|O_CLOEXEC) = -1 ENOENT (No such file or directory)
5607  openat(AT_FDCWD, "/home/runner/work/deckrender-acceptance/deckrender-acceptance/benchmark/artifacts/acceptance/runtimes/v0.3.1/node_modules/axios/lib/core/package.json", O_RDONLY|O_CLOEXEC) = -1 ENOENT (No such file or directory)
5607  openat(AT_FDCWD, "/home/runner/work/deckrender-acceptance/deckrender-acceptance/benchmark/artifacts/acceptance/runtimes/v0.3.1/node_modules/axios/lib/package.json", O_RDONLY|O_CLOEXEC) = -1 ENOENT (No such file or directory)
5607  openat(AT_FDCWD, "/home/runner/work/deckrender-acceptance/deckrender-acceptance/benchmark/artifacts/acceptance/runtimes/v0.3.1/node_modules/axios/lib/package.json", O_RDONLY|O_CLOEXEC) = -1 ENOENT (No such file or directory)
5607  openat(AT_FDCWD, "/home/runner/work/deckrender-acceptance/deckrender-acceptance/benchmark/artifacts/acceptance/runtimes/v0.3.1/node_modules/axios/lib/core/package.json", O_RDONLY|O_CLOEXEC) = -1 ENOENT (No such file or directory)
5607  openat(AT_FDCWD, "/home/runner/work/deckrender-acceptance/deckrender-acceptance/benchmark/artifacts/acceptance/runtimes/v0.3.1/node_modules/axios/lib/package.json", O_RDONLY|O_CLOEXEC) = -1 ENOENT (No such file or directory)
5607  openat(AT_FDCWD, "/home/runner/work/deckrender-acceptance/deckrender-acceptance/benchmark/artifacts/acceptance/runtimes/v0.3.1/node_modules/axios/lib/helpers/package.json", O_RDONLY|O_CLOEXEC) = -1 ENOENT (No such file or directory)
5607  openat(AT_FDCWD, "/home/runner/work/deckrender-acceptance/deckrender-acceptance/benchmark/artifacts/acceptance/runtimes/v0.3.1/node_modules/axios/lib/package.json", O_RDONLY|O_CLOEXEC) = -1 ENOENT (No such file or directory)
5607  openat(AT_FDCWD, "/home/runner/work/deckrender-acceptance/deckrender-acceptance/benchmark/artifacts/acceptance/runtimes/v0.3.1/node_modules/axios/lib/core/package.json", O_RDONLY|O_CLOEXEC) = -1 ENOENT (No such file or directory)
5607  openat(AT_FDCWD, "/home/runner/work/deckrender-acceptance/deckrender-acceptance/benchmark/artifacts/acceptance/runtimes/v0.3.1/node_modules/axios/lib/package.json", O_RDONLY|O_CLOEXEC) = -1 ENOENT (No such file or directory)
5607  openat(AT_FDCWD, "/home/runner/work/deckrender-acceptance/deckrender-acceptance/benchmark/artifacts/acceptance/runtimes/v0.3.1/node_modules/axios/lib/cancel/package.json", O_RDONLY|O_CLOEXEC) = -1 ENOENT (No such file or directory)
5607  openat(AT_FDCWD, "/home/runner/work/deckrender-acceptance/deckrender-acceptance/benchmark/artifacts/acceptance/runtimes/v0.3.1/node_modules/axios/lib/package.json", O_RDONLY|O_CLOEXEC) = -1 ENOENT (No such file or directory)
5607  openat(AT_FDCWD, "/home/runner/work/deckrender-acceptance/deckrender-acceptance/benchmark/artifacts/acceptance/runtimes/v0.3.1/node_modules/axios/lib/package.json", O_RDONLY|O_CLOEXEC) = -1 ENOENT (No such file or directory)
5607  openat(AT_FDCWD, "/home/runner/work/deckrender-acceptance/deckrender-acceptance/benchmark/artifacts/acceptance/runtimes/v0.3.1/node_modules/axios/lib/core/package.json", O_RDONLY|O_CLOEXEC) = -1 ENOENT (No such file or directory)
5607  openat(AT_FDCWD, "/home/runner/work/deckrender-acceptance/deckrender-acceptance/benchmark/artifacts/acceptance/runtimes/v0.3.1/node_modules/axios/lib/package.json", O_RDONLY|O_CLOEXEC) = -1 ENOENT (No such file or directory)
5607  openat(AT_FDCWD, "/home/runner/work/deckrender-acceptance/deckrender-acceptance/benchmark/artifacts/acceptance/runtimes/v0.3.1/node_modules/axios/lib/platform/node/classes/package.json", O_RDONLY|O_CLOEXEC) = -1 ENOENT (No such file or directory)
5607  openat(AT_FDCWD, "/home/runner/work/deckrender-acceptance/deckrender-acceptance/benchmark/artifacts/acceptance/runtimes/v0.3.1/node_modules/axios/lib/platform/node/package.json", O_RDONLY|O_CLOEXEC) = -1 ENOENT (No such file or directory)
5607  openat(AT_FDCWD, "/home/runner/work/deckrender-acceptance/deckrender-acceptance/benchmark/artifacts/acceptance/runtimes/v0.3.1/node_modules/axios/lib/platform/package.json", O_RDONLY|O_CLOEXEC) = -1 ENOENT (No such file or directory)
5607  openat(AT_FDCWD, "/home/runner/work/deckrender-acceptance/deckrender-acceptance/benchmark/artifacts/acceptance/runtimes/v0.3.1/node_modules/axios/lib/package.json", O_RDONLY|O_CLOEXEC) = -1 ENOENT (No such file or directory)
5607  openat(AT_FDCWD, "/home/runner/work/deckrender-acceptance/deckrender-acceptance/benchmark/artifacts/acceptance/runtimes/v0.3.1/node_modules/axios/lib/platform/node/classes/package.json", O_RDONLY|O_CLOEXEC) = -1 ENOENT (No such file or directory)
5607  openat(AT_FDCWD, "/home/runner/work/deckrender-acceptance/deckrender-acceptance/benchmark/artifacts/acceptance/runtimes/v0.3.1/node_modules/axios/lib/platform/node/package.json", O_RDONLY|O_CLOEXEC) = -1 ENOENT (No such file or directory)
5607  openat(AT_FDCWD, "/home/runner/work/deckrender-acceptance/deckrender-acceptance/benchmark/artifacts/acceptance/runtimes/v0.3.1/node_modules/axios/lib/platform/package.json", O_RDONLY|O_CLOEXEC) = -1 ENOENT (No such file or directory)
5607  openat(AT_FDCWD, "/home/runner/work/deckrender-acceptance/deckrender-acceptance/benchmark/artifacts/acceptance/runtimes/v0.3.1/node_modules/axios/lib/package.json", O_RDONLY|O_CLOEXEC) = -1 ENOENT (No such file or directory)
5607  openat(AT_FDCWD, "/home/runner/work/deckrender-acceptance/deckrender-acceptance/benchmark/artifacts/acceptance/runtimes/v0.3.1/node_modules/axios/lib/package.json", O_RDONLY|O_CLOEXEC) = -1 ENOENT (No such file or directory)
5607  openat(AT_FDCWD, "/home/runner/work/deckrender-acceptance/deckrender-acceptance/benchmark/artifacts/acceptance/runtimes/v0.3.1/node_modules/axios/lib/core/package.json", O_RDONLY|O_CLOEXEC) = -1 ENOENT (No such file or directory)
5607  openat(AT_FDCWD, "/home/runner/work/deckrender-acceptance/deckrender-acceptance/benchmark/artifacts/acceptance/runtimes/v0.3.1/node_modules/axios/lib/package.json", O_RDONLY|O_CLOEXEC) = -1 ENOENT (No such file or directory)
5607  openat(AT_FDCWD, "/home/runner/work/deckrender-acceptance/deckrender-acceptance/benchmark/artifacts/acceptance/runtimes/v0.3.1/node_modules/axios/lib/package.json", O_RDONLY|O_CLOEXEC) = -1 ENOENT (No such file or directory)
5607  openat(AT_FDCWD, "/home/runner/work/deckrender-acceptance/deckrender-acceptance/benchmark/artifacts/acceptance/runtimes/v0.3.1/node_modules/axios/lib/package.json", O_RDONLY|O_CLOEXEC) = -1 ENOENT (No such file or directory)
5607  openat(AT_FDCWD, "/home/runner/work/deckrender-acceptance/deckrender-acceptance/benchmark/artifacts/acceptance/runtimes/v0.3.1/node_modules/axios/lib/helpers/package.json", O_RDONLY|O_CLOEXEC) = -1 ENOENT (No such file or directory)
5607  openat(AT_FDCWD, "/home/runner/work/deckrender-acceptance/deckrender-acceptance/benchmark/artifacts/acceptance/runtimes/v0.3.1/node_modules/axios/lib/package.json", O_RDONLY|O_CLOEXEC) = -1 ENOENT (No such file or directory)
5607  openat(AT_FDCWD, "/home/runner/work/deckrender-acceptance/deckrender-acceptance/benchmark/artifacts/acceptance/runtimes/v0.3.1/node_modules/axios/lib/helpers/package.json", O_RDONLY|O_CLOEXEC) = -1 ENOENT (No such file or directory)
5607  openat(AT_FDCWD, "/home/runner/work/deckrender-acceptance/deckrender-acceptance/benchmark/artifacts/acceptance/runtimes/v0.3.1/node_modules/axios/lib/package.json", O_RDONLY|O_CLOEXEC) = -1 ENOENT (No such file or directory)
5607  openat(AT_FDCWD, "/home/runner/work/deckrender-acceptance/deckrender-acceptance/benchmark/artifacts/acceptance/runtimes/v0.3.1/node_modules/axios/lib/package.json", O_RDONLY|O_CLOEXEC) = -1 ENOENT (No such file or directory)
5607  openat(AT_FDCWD, "/home/runner/work/deckrender-acceptance/deckrender-acceptance/benchmark/artifacts/acceptance/runtimes/v0.3.1/node_modules/axios/lib/adapters/package.json", O_RDONLY|O_CLOEXEC) = -1 ENOENT (No such file or directory)
5607  openat(AT_FDCWD, "/home/runner/work/deckrender-acceptance/deckrender-acceptance/benchmark/artifacts/acceptance/runtimes/v0.3.1/node_modules/axios/lib/package.json", O_RDONLY|O_CLOEXEC) = -1 ENOENT (No such file or directory)
5607  openat(AT_FDCWD, "/home/runner/work/deckrender-acceptance/deckrender-acceptance/benchmark/artifacts/acceptance/runtimes/v0.3.1/node_modules/axios/lib/adapters/package.json", O_RDONLY|O_CLOEXEC) = -1 ENOENT (No such file or directory)
5607  openat(AT_FDCWD, "/home/runner/work/deckrender-acceptance/deckrender-acceptance/benchmark/artifacts/acceptance/runtimes/v0.3.1/node_modules/axios/lib/package.json", O_RDONLY|O_CLOEXEC) = -1 ENOENT (No such file or directory)
5607  openat(AT_FDCWD, "/home/runner/work/deckrender-acceptance/deckrender-acceptance/benchmark/artifacts/acceptance/runtimes/v0.3.1/node_modules/axios/lib/adapters/package.json", O_RDONLY|O_CLOEXEC) = -1 ENOENT (No such file or directory)
5607  openat(AT_FDCWD, "/home/runner/work/deckrender-acceptance/deckrender-acceptance/benchmark/artifacts/acceptance/runtimes/v0.3.1/node_modules/axios/lib/package.json", O_RDONLY|O_CLOEXEC) = -1 ENOENT (No such file or directory)
5607  openat(AT_FDCWD, "/home/runner/work/deckrender-acceptance/deckrender-acceptance/benchmark/artifacts/acceptance/runtimes/v0.3.1/node_modules/axios/lib/core/package.json", O_RDONLY|O_CLOEXEC) = -1 ENOENT (No such file or directory)
5607  openat(AT_FDCWD, "/home/runner/work/deckrender-acceptance/deckrender-acceptance/benchmark/artifacts/acceptance/runtimes/v0.3.1/node_modules/axios/lib/package.json", O_RDONLY|O_CLOEXEC) = -1 ENOENT (No such file or directory)
5607  openat(AT_FDCWD, "/home/runner/work/deckrender-acceptance/deckrender-acceptance/benchmark/artifacts/acceptance/runtimes/v0.3.1/node_modules/zod/v3/package.json", O_RDONLY|O_CLOEXEC) = -1 ENOENT (No such file or directory)
5607  openat(AT_FDCWD, "/home/runner/work/deckrender-acceptance/deckrender-acceptance/benchmark/artifacts/acceptance/runtimes/v0.3.1/node_modules/zod/v3/helpers/package.json", O_RDONLY|O_CLOEXEC) = -1 ENOENT (No such file or directory)
5607  openat(AT_FDCWD, "/home/runner/work/deckrender-acceptance/deckrender-acceptance/benchmark/artifacts/acceptance/runtimes/v0.3.1/node_modules/zod/v3/package.json", O_RDONLY|O_CLOEXEC) = -1 ENOENT (No such file or directory)
5607  openat(AT_FDCWD, "/home/runner/work/deckrender-acceptance/deckrender-acceptance/benchmark/artifacts/acceptance/runtimes/v0.3.1/node_modules/axios/lib/helpers/buildURL.js", O_RDONLY|O_CLOEXEC) = 21
5607  openat(AT_FDCWD, "/home/runner/work/deckrender-acceptance/deckrender-acceptance/benchmark/artifacts/acceptance/runtimes/v0.3.1/node_modules/axios/lib/core/InterceptorManager.js", O_RDONLY|O_CLOEXEC) = 21
5607  openat(AT_FDCWD, "/home/runner/work/deckrender-acceptance/deckrender-acceptance/benchmark/artifacts/acceptance/runtimes/v0.3.1/node_modules/axios/lib/core/dispatchRequest.js", O_RDONLY|O_CLOEXEC) = 21
5607  openat(AT_FDCWD, "/home/runner/work/deckrender-acceptance/deckrender-acceptance/benchmark/artifacts/acceptance/runtimes/v0.3.1/node_modules/axios/lib/core/buildFullPath.js", O_RDONLY|O_CLOEXEC) = 21
5607  openat(AT_FDCWD, "/home/runner/work/deckrender-acceptance/deckrender-acceptance/benchmark/artifacts/acceptance/runtimes/v0.3.1/node_modules/axios/lib/core/methodList.js", O_RDONLY|O_CLOEXEC) = 21
5607  openat(AT_FDCWD, "/home/runner/work/deckrender-acceptance/deckrender-acceptance/benchmark/artifacts/acceptance/runtimes/v0.3.1/node_modules/axios/lib/helpers/validator.js", O_RDONLY|O_CLOEXEC) = 21
5607  openat(AT_FDCWD, "/home/runner/work/deckrender-acceptance/deckrender-acceptance/benchmark/artifacts/acceptance/runtimes/v0.3.1/node_modules/axios/lib/defaults/transitional.js", O_RDONLY|O_CLOEXEC) = 21
5607  openat(AT_FDCWD, "/home/runner/work/deckrender-acceptance/deckrender-acceptance/benchmark/artifacts/acceptance/runtimes/v0.3.1/node_modules/axios/lib/helpers/toURLEncodedForm.js", O_RDONLY|O_CLOEXEC) = 21
5607  openat(AT_FDCWD, "/home/runner/work/deckrender-acceptance/deckrender-acceptance/benchmark/artifacts/acceptance/runtimes/v0.3.1/node_modules/axios/lib/platform/index.js", O_RDONLY|O_CLOEXEC) = 21
5607  openat(AT_FDCWD, "/home/runner/work/deckrender-acceptance/deckrender-acceptance/benchmark/artifacts/acceptance/runtimes/v0.3.1/node_modules/axios/lib/platform/node/classes/FormData.js", O_RDONLY|O_CLOEXEC) = 21
5607  openat(AT_FDCWD, "/home/runner/work/deckrender-acceptance/deckrender-acceptance/benchmark/artifacts/acceptance/runtimes/v0.3.1/node_modules/axios/lib/platform/node/classes/Buffer.js", O_RDONLY|O_CLOEXEC) = 21
5607  openat(AT_FDCWD, "/home/runner/work/deckrender-acceptance/deckrender-acceptance/benchmark/artifacts/acceptance/runtimes/v0.3.1/node_modules/axios/lib/helpers/parseHeaders.js", O_RDONLY|O_CLOEXEC) = 21
5607  openat(AT_FDCWD, "/home/runner/work/deckrender-acceptance/deckrender-acceptance/benchmark/artifacts/acceptance/runtimes/v0.3.1/node_modules/axios/lib/helpers/sanitizeHeaderValue.js", O_RDONLY|O_CLOEXEC) = 21
5607  openat(AT_FDCWD, "/home/runner/work/deckrender-acceptance/deckrender-acceptance/benchmark/artifacts/acceptance/runtimes/v0.3.1/node_modules/axios/lib/adapters/http.js", O_RDONLY|O_CLOEXEC) = 21
5607  openat(AT_FDCWD, "/home/runner/work/deckrender-acceptance/deckrender-acceptance/benchmark/artifacts/acceptance/runtimes/v0.3.1/node_modules/axios/lib/adapters/xhr.js", O_RDONLY|O_CLOEXEC) = 21
5607  openat(AT_FDCWD, "/home/runner/work/deckrender-acceptance/deckrender-acceptance/benchmark/artifacts/acceptance/runtimes/v0.3.1/node_modules/axios/lib/adapters/fetch.js", O_RDONLY|O_CLOEXEC) = 21
5607  openat(AT_FDCWD, "/home/runner/work/deckrender-acceptance/deckrender-acceptance/benchmark/artifacts/acceptance/runtimes/v0.3.1/node_modules/axios/lib/package.json", O_RDONLY|O_CLOEXEC) = -1 ENOENT (No such file or directory)
5607  openat(AT_FDCWD, "/home/runner/work/deckrender-acceptance/deckrender-acceptance/benchmark/artifacts/acceptance/runtimes/v0.3.1/node_modules/axios/lib/helpers/package.json", O_RDONLY|O_CLOEXEC) = -1 ENOENT (No such file or directory)
5607  openat(AT_FDCWD, "/home/runner/work/deckrender-acceptance/deckrender-acceptance/benchmark/artifacts/acceptance/runtimes/v0.3.1/node_modules/axios/lib/package.json", O_RDONLY|O_CLOEXEC) = -1 ENOENT (No such file or directory)
5607  openat(AT_FDCWD, "/home/runner/work/deckrender-acceptance/deckrender-acceptance/benchmark/artifacts/acceptance/runtimes/v0.3.1/node_modules/axios/lib/package.json", O_RDONLY|O_CLOEXEC) = -1 ENOENT (No such file or directory)
5607  openat(AT_FDCWD, "/home/runner/work/deckrender-acceptance/deckrender-acceptance/benchmark/artifacts/acceptance/runtimes/v0.3.1/node_modules/axios/lib/core/package.json", O_RDONLY|O_CLOEXEC) = -1 ENOENT (No such file or directory)
5607  openat(AT_FDCWD, "/home/runner/work/deckrender-acceptance/deckrender-acceptance/benchmark/artifacts/acceptance/runtimes/v0.3.1/node_modules/axios/lib/package.json", O_RDONLY|O_CLOEXEC) = -1 ENOENT (No such file or directory)
5607  openat(AT_FDCWD, "/home/runner/work/deckrender-acceptance/deckrender-acceptance/benchmark/artifacts/acceptance/runtimes/v0.3.1/node_modules/axios/lib/cancel/package.json", O_RDONLY|O_CLOEXEC) = -1 ENOENT (No such file or directory)
5607  openat(AT_FDCWD, "/home/runner/work/deckrender-acceptance/deckrender-acceptance/benchmark/artifacts/acceptance/runtimes/v0.3.1/node_modules/axios/lib/package.json", O_RDONLY|O_CLOEXEC) = -1 ENOENT (No such file or directory)
5607  openat(AT_FDCWD, "/home/runner/work/deckrender-acceptance/deckrender-acceptance/benchmark/artifacts/acceptance/runtimes/v0.3.1/node_modules/axios/lib/defaults/package.json", O_RDONLY|O_CLOEXEC) = -1 ENOENT (No such file or directory)
5607  openat(AT_FDCWD, "/home/runner/work/deckrender-acceptance/deckrender-acceptance/benchmark/artifacts/acceptance/runtimes/v0.3.1/node_modules/axios/lib/package.json", O_RDONLY|O_CLOEXEC) = -1 ENOENT (No such file or directory)
5607  openat(AT_FDCWD, "/home/runner/work/deckrender-acceptance/deckrender-acceptance/benchmark/artifacts/acceptance/runtimes/v0.3.1/node_modules/axios/lib/cancel/package.json", O_RDONLY|O_CLOEXEC) = -1 ENOENT (No such file or directory)
5607  openat(AT_FDCWD, "/home/runner/work/deckrender-acceptance/deckrender-acceptance/benchmark/artifacts/acceptance/runtimes/v0.3.1/node_modules/axios/lib/package.json", O_RDONLY|O_CLOEXEC) = -1 ENOENT (No such file or directory)
5607  openat(AT_FDCWD, "/home/runner/work/deckrender-acceptance/deckrender-acceptance/benchmark/artifacts/acceptance/runtimes/v0.3.1/node_modules/axios/lib/core/package.json", O_RDONLY|O_CLOEXEC) = -1 ENOENT (No such file or directory)
5607  openat(AT_FDCWD, "/home/runner/work/deckrender-acceptance/deckrender-acceptance/benchmark/artifacts/acceptance/runtimes/v0.3.1/node_modules/axios/lib/package.json", O_RDONLY|O_CLOEXEC) = -1 ENOENT (No such file or directory)
5607  openat(AT_FDCWD, "/home/runner/work/deckrender-acceptance/deckrender-acceptance/benchmark/artifacts/acceptance/runtimes/v0.3.1/node_modules/axios/lib/adapters/package.json", O_RDONLY|O_CLOEXEC) = -1 ENOENT (No such file or directory)
5607  openat(AT_FDCWD, "/home/runner/work/deckrender-acceptance/deckrender-acceptance/benchmark/artifacts/acceptance/runtimes/v0.3.1/node_modules/axios/lib/package.json", O_RDONLY|O_CLOEXEC) = -1 ENOENT (No such file or directory)
5607  openat(AT_FDCWD, "/home/runner/work/deckrender-acceptance/deckrender-acceptance/benchmark/artifacts/acceptance/runtimes/v0.3.1/node_modules/axios/lib/package.json", O_RDONLY|O_CLOEXEC) = -1 ENOENT (No such file or directory)
5607  openat(AT_FDCWD, "/home/runner/work/deckrender-acceptance/deckrender-acceptance/benchmark/artifacts/acceptance/runtimes/v0.3.1/node_modules/axios/lib/core/package.json", O_RDONLY|O_CLOEXEC) = -1 ENOENT (No such file or directory)
5607  openat(AT_FDCWD, "/home/runner/work/deckrender-acceptance/deckrender-acceptance/benchmark/artifacts/acceptance/runtimes/v0.3.1/node_modules/axios/lib/package.json", O_RDONLY|O_CLOEXEC) = -1 ENOENT (No such file or directory)
5607  openat(AT_FDCWD, "/home/runner/work/deckrender-acceptance/deckrender-acceptance/benchmark/artifacts/acceptance/runtimes/v0.3.1/node_modules/axios/lib/helpers/package.json", O_RDONLY|O_CLOEXEC) = -1 ENOENT (No such file or directory)
5607  openat(AT_FDCWD, "/home/runner/work/deckrender-acceptance/deckrender-acceptance/benchmark/artifacts/acceptance/runtimes/v0.3.1/node_modules/axios/lib/package.json", O_RDONLY|O_CLOEXEC) = -1 ENOENT (No such file or directory)
5607  openat(AT_FDCWD, "/home/runner/work/deckrender-acceptance/deckrender-acceptance/benchmark/artifacts/acceptance/runtimes/v0.3.1/node_modules/axios/lib/helpers/package.json", O_RDONLY|O_CLOEXEC) = -1 ENOENT (No such file or directory)
5607  openat(AT_FDCWD, "/home/runner/work/deckrender-acceptance/deckrender-acceptance/benchmark/artifacts/acceptance/runtimes/v0.3.1/node_modules/axios/lib/package.json", O_RDONLY|O_CLOEXEC) = -1 ENOENT (No such file or directory)
5607  openat(AT_FDCWD, "/home/runner/work/deckrender-acceptance/deckrender-acceptance/benchmark/artifacts/acceptance/runtimes/v0.3.1/node_modules/axios/lib/helpers/package.json", O_RDONLY|O_CLOEXEC) = -1 ENOENT (No such file or directory)
5607  openat(AT_FDCWD, "/home/runner/work/deckrender-acceptance/deckrender-acceptance/benchmark/artifacts/acceptance/runtimes/v0.3.1/node_modules/axios/lib/package.json", O_RDONLY|O_CLOEXEC) = -1 ENOENT (No such file or directory)
5607  openat(AT_FDCWD, "/home/runner/work/deckrender-acceptance/deckrender-acceptance/benchmark/artifacts/acceptance/runtimes/v0.3.1/node_modules/axios/lib/env/package.json", O_RDONLY|O_CLOEXEC) = -1 ENOENT (No such file or directory)
5607  openat(AT_FDCWD, "/home/runner/work/deckrender-acceptance/deckrender-acceptance/benchmark/artifacts/acceptance/runtimes/v0.3.1/node_modules/axios/lib/package.json", O_RDONLY|O_CLOEXEC) = -1 ENOENT (No such file or directory)
5607  openat(AT_FDCWD, "/home/runner/work/deckrender-acceptance/deckrender-acceptance/benchmark/artifacts/acceptance/runtimes/v0.3.1/node_modules/axios/lib/core/package.json", O_RDONLY|O_CLOEXEC) = -1 ENOENT (No such file or directory)
5607  openat(AT_FDCWD, "/home/runner/work/deckrender-acceptance/deckrender-acceptance/benchmark/artifacts/acceptance/runtimes/v0.3.1/node_modules/axios/lib/package.json", O_RDONLY|O_CLOEXEC) = -1 ENOENT (No such file or directory)
5607  openat(AT_FDCWD, "/home/runner/work/deckrender-acceptance/deckrender-acceptance/benchmark/artifacts/acceptance/runtimes/v0.3.1/node_modules/axios/lib/package.json", O_RDONLY|O_CLOEXEC) = -1 ENOENT (No such file or directory)
5607  openat(AT_FDCWD, "/home/runner/work/deckrender-acceptance/deckrender-acceptance/benchmark/artifacts/acceptance/runtimes/v0.3.1/node_modules/axios/lib/helpers/package.json", O_RDONLY|O_CLOEXEC) = -1 ENOENT (No such file or directory)
5607  openat(AT_FDCWD, "/home/runner/work/deckrender-acceptance/deckrender-acceptance/benchmark/artifacts/acceptance/runtimes/v0.3.1/node_modules/axios/lib/package.json", O_RDONLY|O_CLOEXEC) = -1 ENOENT (No such file or directory)
5607  openat(AT_FDCWD, "/home/runner/work/deckrender-acceptance/deckrender-acceptance/benchmark/artifacts/acceptance/runtimes/v0.3.1/node_modules/axios/lib/platform/package.json", O_RDONLY|O_CLOEXEC) = -1 ENOENT (No such file or directory)
5607  openat(AT_FDCWD, "/home/runner/work/deckrender-acceptance/deckrender-acceptance/benchmark/artifacts/acceptance/runtimes/v0.3.1/node_modules/axios/lib/package.json", O_RDONLY|O_CLOEXEC) = -1 ENOENT (No such file or directory)
5607  openat(AT_FDCWD, "/home/runner/work/deckrender-acceptance/deckrender-acceptance/benchmark/artifacts/acceptance/runtimes/v0.3.1/node_modules/axios/lib/platform/node/package.json", O_RDONLY|O_CLOEXEC) = -1 ENOENT (No such file or directory)
5607  openat(AT_FDCWD, "/home/runner/work/deckrender-acceptance/deckrender-acceptance/benchmark/artifacts/acceptance/runtimes/v0.3.1/node_modules/axios/lib/platform/package.json", O_RDONLY|O_CLOEXEC) = -1 ENOENT (No such file or directory)
5607  openat(AT_FDCWD, "/home/runner/work/deckrender-acceptance/deckrender-acceptance/benchmark/artifacts/acceptance/runtimes/v0.3.1/node_modules/axios/lib/package.json", O_RDONLY|O_CLOEXEC) = -1 ENOENT (No such file or directory)
5607  openat(AT_FDCWD, "/home/runner/work/deckrender-acceptance/deckrender-acceptance/benchmark/artifacts/acceptance/runtimes/v0.3.1/node_modules/axios/lib/platform/common/package.json", O_RDONLY|O_CLOEXEC) = -1 ENOENT (No such file or directory)
5607  openat(AT_FDCWD, "/home/runner/work/deckrender-acceptance/deckrender-acceptance/benchmark/artifacts/acceptance/runtimes/v0.3.1/node_modules/axios/lib/platform/package.json", O_RDONLY|O_CLOEXEC) = -1 ENOENT (No such file or directory)
5607  openat(AT_FDCWD, "/home/runner/work/deckrender-acceptance/deckrender-acceptance/benchmark/artifacts/acceptance/runtimes/v0.3.1/node_modules/axios/lib/package.json", O_RDONLY|O_CLOEXEC) = -1 ENOENT (No such file or directory)
5607  openat(AT_FDCWD, "/home/runner/work/deckrender-acceptance/deckrender-acceptance/benchmark/artifacts/acceptance/runtimes/v0.3.1/node_modules/axios/lib/platform/node/classes/package.json", O_RDONLY|O_CLOEXEC) = -1 ENOENT (No such file or directory)
5607  openat(AT_FDCWD, "/home/runner/work/deckrender-acceptance/deckrender-acceptance/benchmark/artifacts/acceptance/runtimes/v0.3.1/node_modules/axios/lib/platform/node/package.json", O_RDONLY|O_CLOEXEC) = -1 ENOENT (No such file or directory)
5607  openat(AT_FDCWD, "/home/runner/work/deckrender-acceptance/deckrender-acceptance/benchmark/artifacts/acceptance/runtimes/v0.3.1/node_modules/axios/lib/platform/package.json", O_RDONLY|O_CLOEXEC) = -1 ENOENT (No such file or directory)
5607  openat(AT_FDCWD, "/home/runner/work/deckrender-acceptance/deckrender-acceptance/benchmark/artifacts/acceptance/runtimes/v0.3.1/node_modules/axios/lib/package.json", O_RDONLY|O_CLOEXEC) = -1 ENOENT (No such file or directory)
5607  openat(AT_FDCWD, "/home/runner/work/deckrender-acceptance/deckrender-acceptance/benchmark/artifacts/acceptance/runtimes/v0.3.1/node_modules/form-data/package.json", O_RDONLY|O_CLOEXEC) = 21
5607  openat(AT_FDCWD, "/home/runner/work/deckrender-acceptance/deckrender-acceptance/benchmark/artifacts/acceptance/runtimes/v0.3.1/node_modules/form-data/lib/package.json", O_RDONLY|O_CLOEXEC) = -1 ENOENT (No such file or directory)
5607  openat(AT_FDCWD, "/home/runner/work/deckrender-acceptance/deckrender-acceptance/benchmark/artifacts/acceptance/runtimes/v0.3.1/node_modules/form-data/lib/package.json", O_RDONLY|O_CLOEXEC) = -1 ENOENT (No such file or directory)
5607  openat(AT_FDCWD, "/home/runner/work/deckrender-acceptance/deckrender-acceptance/benchmark/artifacts/acceptance/runtimes/v0.3.1/node_modules/axios/lib/package.json", O_RDONLY|O_CLOEXEC) = -1 ENOENT (No such file or directory)
5607  openat(AT_FDCWD, "/home/runner/work/deckrender-acceptance/deckrender-acceptance/benchmark/artifacts/acceptance/runtimes/v0.3.1/node_modules/axios/lib/package.json", O_RDONLY|O_CLOEXEC) = -1 ENOENT (No such file or directory)
5607  openat(AT_FDCWD, "/home/runner/work/deckrender-acceptance/deckrender-acceptance/benchmark/artifacts/acceptance/runtimes/v0.3.1/node_modules/axios/lib/package.json", O_RDONLY|O_CLOEXEC) = -1 ENOENT (No such file or directory)
5607  openat(AT_FDCWD, "/home/runner/work/deckrender-acceptance/deckrender-acceptance/benchmark/artifacts/acceptance/runtimes/v0.3.1/node_modules/axios/lib/core/package.json", O_RDONLY|O_CLOEXEC) = -1 ENOENT (No such file or directory)
5607  openat(AT_FDCWD, "/home/runner/work/deckrender-acceptance/deckrender-acceptance/benchmark/artifacts/acceptance/runtimes/v0.3.1/node_modules/axios/lib/package.json", O_RDONLY|O_CLOEXEC) = -1 ENOENT (No such file or directory)
5607  openat(AT_FDCWD, "/home/runner/work/deckrender-acceptance/deckrender-acceptance/benchmark/artifacts/acceptance/runtimes/v0.3.1/node_modules/axios/lib/core/package.json", O_RDONLY|O_CLOEXEC) = -1 ENOENT (No such file or directory)
5607  openat(AT_FDCWD, "/home/runner/work/deckrender-acceptance/deckrender-acceptance/benchmark/artifacts/acceptance/runtimes/v0.3.1/node_modules/axios/lib/package.json", O_RDONLY|O_CLOEXEC) = -1 ENOENT (No such file or directory)
5607  openat(AT_FDCWD, "/home/runner/work/deckrender-acceptance/deckrender-acceptance/benchmark/artifacts/acceptance/runtimes/v0.3.1/node_modules/axios/lib/helpers/package.json", O_RDONLY|O_CLOEXEC) = -1 ENOENT (No such file or directory)
5607  openat(AT_FDCWD, "/home/runner/work/deckrender-acceptance/deckrender-acceptance/benchmark/artifacts/acceptance/runtimes/v0.3.1/node_modules/axios/lib/package.json", O_RDONLY|O_CLOEXEC) = -1 ENOENT (No such file or directory)
5607  openat(AT_FDCWD, "/home/runner/work/deckrender-acceptance/deckrender-acceptance/benchmark/artifacts/acceptance/runtimes/v0.3.1/node_modules/axios/lib/adapters/package.json", O_RDONLY|O_CLOEXEC) = -1 ENOENT (No such file or directory)
5607  openat(AT_FDCWD, "/home/runner/work/deckrender-acceptance/deckrender-acceptance/benchmark/artifacts/acceptance/runtimes/v0.3.1/node_modules/axios/lib/package.json", O_RDONLY|O_CLOEXEC) = -1 ENOENT (No such file or directory)
5607  openat(AT_FDCWD, "/home/runner/work/deckrender-acceptance/deckrender-acceptance/benchmark/artifacts/acceptance/runtimes/v0.3.1/node_modules/proxy-from-env/package.json", O_RDONLY|O_CLOEXEC) = 21
5607  openat(AT_FDCWD, "/home/runner/work/deckrender-acceptance/deckrender-acceptance/benchmark/artifacts/acceptance/runtimes/v0.3.1/node_modules/axios/lib/adapters/package.json", O_RDONLY|O_CLOEXEC) = -1 ENOENT (No such file or directory)
5607  openat(AT_FDCWD, "/home/runner/work/deckrender-acceptance/deckrender-acceptance/benchmark/artifacts/acceptance/runtimes/v0.3.1/node_modules/axios/lib/package.json", O_RDONLY|O_CLOEXEC) = -1 ENOENT (No such file or directory)
5607  openat(AT_FDCWD, "/home/runner/work/deckrender-acceptance/deckrender-acceptance/benchmark/artifacts/acceptance/runtimes/v0.3.1/node_modules/https-proxy-agent/package.json", O_RDONLY|O_CLOEXEC) = 21
5607  openat(AT_FDCWD, "/home/runner/work/deckrender-acceptance/deckrender-acceptance/benchmark/artifacts/acceptance/runtimes/v0.3.1/node_modules/https-proxy-agent/dist/package.json", O_RDONLY|O_CLOEXEC) = -1 ENOENT (No such file or directory)
5607  openat(AT_FDCWD, "/home/runner/work/deckrender-acceptance/deckrender-acceptance/benchmark/artifacts/acceptance/runtimes/v0.3.1/node_modules/https-proxy-agent/dist/package.json", O_RDONLY|O_CLOEXEC) = -1 ENOENT (No such file or directory)
5607  openat(AT_FDCWD, "/home/runner/work/deckrender-acceptance/deckrender-acceptance/benchmark/artifacts/acceptance/runtimes/v0.3.1/node_modules/axios/lib/adapters/package.json", O_RDONLY|O_CLOEXEC) = -1 ENOENT (No such file or directory)
5607  openat(AT_FDCWD, "/home/runner/work/deckrender-acceptance/deckrender-acceptance/benchmark/artifacts/acceptance/runtimes/v0.3.1/node_modules/axios/lib/package.json", O_RDONLY|O_CLOEXEC) = -1 ENOENT (No such file or directory)
5607  openat(AT_FDCWD, "/home/runner/work/deckrender-acceptance/deckrender-acceptance/benchmark/artifacts/acceptance/runtimes/v0.3.1/node_modules/follow-redirects/package.json", O_RDONLY|O_CLOEXEC) = 21
5607  openat(AT_FDCWD, "/home/runner/work/deckrender-acceptance/deckrender-acceptance/benchmark/artifacts/acceptance/runtimes/v0.3.1/node_modules/axios/lib/env/package.json", O_RDONLY|O_CLOEXEC) = -1 ENOENT (No such file or directory)
5607  openat(AT_FDCWD, "/home/runner/work/deckrender-acceptance/deckrender-acceptance/benchmark/artifacts/acceptance/runtimes/v0.3.1/node_modules/axios/lib/package.json", O_RDONLY|O_CLOEXEC) = -1 ENOENT (No such file or directory)
5607  openat(AT_FDCWD, "/home/runner/work/deckrender-acceptance/deckrender-acceptance/benchmark/artifacts/acceptance/runtimes/v0.3.1/node_modules/axios/lib/defaults/package.json", O_RDONLY|O_CLOEXEC) = -1 ENOENT (No such file or directory)
5607  openat(AT_FDCWD, "/home/runner/work/deckrender-acceptance/deckrender-acceptance/benchmark/artifacts/acceptance/runtimes/v0.3.1/node_modules/axios/lib/package.json", O_RDONLY|O_CLOEXEC) = -1 ENOENT (No such file or directory)
5607  openat(AT_FDCWD, "/home/runner/work/deckrender-acceptance/deckrender-acceptance/benchmark/artifacts/acceptance/runtimes/v0.3.1/node_modules/axios/lib/core/package.json", O_RDONLY|O_CLOEXEC) = -1 ENOENT (No such file or directory)
5607  openat(AT_FDCWD, "/home/runner/work/deckrender-acceptance/deckrender-acceptance/benchmark/artifacts/acceptance/runtimes/v0.3.1/node_modules/axios/lib/package.json", O_RDONLY|O_CLOEXEC) = -1 ENOENT (No such file or directory)
5607  openat(AT_FDCWD, "/home/runner/work/deckrender-acceptance/deckrender-acceptance/benchmark/artifacts/acceptance/runtimes/v0.3.1/node_modules/axios/lib/cancel/package.json", O_RDONLY|O_CLOEXEC) = -1 ENOENT (No such file or directory)
5607  openat(AT_FDCWD, "/home/runner/work/deckrender-acceptance/deckrender-acceptance/benchmark/artifacts/acceptance/runtimes/v0.3.1/node_modules/axios/lib/package.json", O_RDONLY|O_CLOEXEC) = -1 ENOENT (No such file or directory)
5607  openat(AT_FDCWD, "/home/runner/work/deckrender-acceptance/deckrender-acceptance/benchmark/artifacts/acceptance/runtimes/v0.3.1/node_modules/axios/lib/platform/package.json", O_RDONLY|O_CLOEXEC) = -1 ENOENT (No such file or directory)
5607  openat(AT_FDCWD, "/home/runner/work/deckrender-acceptance/deckrender-acceptance/benchmark/artifacts/acceptance/runtimes/v0.3.1/node_modules/axios/lib/package.json", O_RDONLY|O_CLOEXEC) = -1 ENOENT (No such file or directory)
5607  openat(AT_FDCWD, "/home/runner/work/deckrender-acceptance/deckrender-acceptance/benchmark/artifacts/acceptance/runtimes/v0.3.1/node_modules/axios/lib/helpers/package.json", O_RDONLY|O_CLOEXEC) = -1 ENOENT (No such file or directory)
5607  openat(AT_FDCWD, "/home/runner/work/deckrender-acceptance/deckrender-acceptance/benchmark/artifacts/acceptance/runtimes/v0.3.1/node_modules/axios/lib/package.json", O_RDONLY|O_CLOEXEC) = -1 ENOENT (No such file or directory)
5607  openat(AT_FDCWD, "/home/runner/work/deckrender-acceptance/deckrender-acceptance/benchmark/artifacts/acceptance/runtimes/v0.3.1/node_modules/axios/lib/core/package.json", O_RDONLY|O_CLOEXEC) = -1 ENOENT (No such file or directory)
5607  openat(AT_FDCWD, "/home/runner/work/deckrender-acceptance/deckrender-acceptance/benchmark/artifacts/acceptance/runtimes/v0.3.1/node_modules/axios/lib/package.json", O_RDONLY|O_CLOEXEC) = -1 ENOENT (No such file or directory)
5607  openat(AT_FDCWD, "/home/runner/work/deckrender-acceptance/deckrender-acceptance/benchmark/artifacts/acceptance/runtimes/v0.3.1/node_modules/axios/lib/core/package.json", O_RDONLY|O_CLOEXEC) = -1 ENOENT (No such file or directory)
5607  openat(AT_FDCWD, "/home/runner/work/deckrender-acceptance/deckrender-acceptance/benchmark/artifacts/acceptance/runtimes/v0.3.1/node_modules/axios/lib/package.json", O_RDONLY|O_CLOEXEC) = -1 ENOENT (No such file or directory)
5607  openat(AT_FDCWD, "/home/runner/work/deckrender-acceptance/deckrender-acceptance/benchmark/artifacts/acceptance/runtimes/v0.3.1/node_modules/axios/lib/helpers/package.json", O_RDONLY|O_CLOEXEC) = -1 ENOENT (No such file or directory)
5607  openat(AT_FDCWD, "/home/runner/work/deckrender-acceptance/deckrender-acceptance/benchmark/artifacts/acceptance/runtimes/v0.3.1/node_modules/axios/lib/package.json", O_RDONLY|O_CLOEXEC) = -1 ENOENT (No such file or directory)
5607  openat(AT_FDCWD, "/home/runner/work/deckrender-acceptance/deckrender-acceptance/benchmark/artifacts/acceptance/runtimes/v0.3.1/node_modules/axios/lib/helpers/package.json", O_RDONLY|O_CLOEXEC) = -1 ENOENT (No such file or directory)
5607  openat(AT_FDCWD, "/home/runner/work/deckrender-acceptance/deckrender-acceptance/benchmark/artifacts/acceptance/runtimes/v0.3.1/node_modules/axios/lib/package.json", O_RDONLY|O_CLOEXEC) = -1 ENOENT (No such file or directory)
5607  openat(AT_FDCWD, "/home/runner/work/deckrender-acceptance/deckrender-acceptance/benchmark/artifacts/acceptance/runtimes/v0.3.1/node_modules/axios/lib/helpers/package.json", O_RDONLY|O_CLOEXEC) = -1 ENOENT (No such file or directory)
5607  openat(AT_FDCWD, "/home/runner/work/deckrender-acceptance/deckrender-acceptance/benchmark/artifacts/acceptance/runtimes/v0.3.1/node_modules/axios/lib/package.json", O_RDONLY|O_CLOEXEC) = -1 ENOENT (No such file or directory)
5607  openat(AT_FDCWD, "/home/runner/work/deckrender-acceptance/deckrender-acceptance/benchmark/artifacts/acceptance/runtimes/v0.3.1/node_modules/axios/lib/helpers/package.json", O_RDONLY|O_CLOEXEC) = -1 ENOENT (No such file or directory)
5607  openat(AT_FDCWD, "/home/runner/work/deckrender-acceptance/deckrender-acceptance/benchmark/artifacts/acceptance/runtimes/v0.3.1/node_modules/axios/lib/package.json", O_RDONLY|O_CLOEXEC) = -1 ENOENT (No such file or directory)
5607  openat(AT_FDCWD, "/home/runner/work/deckrender-acceptance/deckrender-acceptance/benchmark/artifacts/acceptance/runtimes/v0.3.1/node_modules/axios/lib/helpers/package.json", O_RDONLY|O_CLOEXEC) = -1 ENOENT (No such file or directory)
5607  openat(AT_FDCWD, "/home/runner/work/deckrender-acceptance/deckrender-acceptance/benchmark/artifacts/acceptance/runtimes/v0.3.1/node_modules/axios/lib/package.json", O_RDONLY|O_CLOEXEC) = -1 ENOENT (No such file or directory)
5607  openat(AT_FDCWD, "/home/runner/work/deckrender-acceptance/deckrender-acceptance/benchmark/artifacts/acceptance/runtimes/v0.3.1/node_modules/axios/lib/helpers/package.json", O_RDONLY|O_CLOEXEC) = -1 ENOENT (No such file or directory)
5607  openat(AT_FDCWD, "/home/runner/work/deckrender-acceptance/deckrender-acceptance/benchmark/artifacts/acceptance/runtimes/v0.3.1/node_modules/axios/lib/package.json", O_RDONLY|O_CLOEXEC) = -1 ENOENT (No such file or directory)
5607  openat(AT_FDCWD, "/home/runner/work/deckrender-acceptance/deckrender-acceptance/benchmark/artifacts/acceptance/runtimes/v0.3.1/node_modules/axios/lib/helpers/package.json", O_RDONLY|O_CLOEXEC) = -1 ENOENT (No such file or directory)
5607  openat(AT_FDCWD, "/home/runner/work/deckrender-acceptance/deckrender-acceptance/benchmark/artifacts/acceptance/runtimes/v0.3.1/node_modules/axios/lib/package.json", O_RDONLY|O_CLOEXEC) = -1 ENOENT (No such file or directory)
5607  openat(AT_FDCWD, "/home/runner/work/deckrender-acceptance/deckrender-acceptance/benchmark/artifacts/acceptance/runtimes/v0.3.1/node_modules/axios/lib/helpers/package.json", O_RDONLY|O_CLOEXEC) = -1 ENOENT (No such file or directory)
5607  openat(AT_FDCWD, "/home/runner/work/deckrender-acceptance/deckrender-acceptance/benchmark/artifacts/acceptance/runtimes/v0.3.1/node_modules/axios/lib/package.json", O_RDONLY|O_CLOEXEC) = -1 ENOENT (No such file or directory)
5607  openat(AT_FDCWD, "/home/runner/work/deckrender-acceptance/deckrender-acceptance/benchmark/artifacts/acceptance/runtimes/v0.3.1/node_modules/axios/lib/helpers/package.json", O_RDONLY|O_CLOEXEC) = -1 ENOENT (No such file or directory)
5607  openat(AT_FDCWD, "/home/runner/work/deckrender-acceptance/deckrender-acceptance/benchmark/artifacts/acceptance/runtimes/v0.3.1/node_modules/axios/lib/package.json", O_RDONLY|O_CLOEXEC) = -1 ENOENT (No such file or directory)
5607  openat(AT_FDCWD, "/home/runner/work/deckrender-acceptance/deckrender-acceptance/benchmark/artifacts/acceptance/runtimes/v0.3.1/node_modules/axios/lib/helpers/package.json", O_RDONLY|O_CLOEXEC) = -1 ENOENT (No such file or directory)
5607  openat(AT_FDCWD, "/home/runner/work/deckrender-acceptance/deckrender-acceptance/benchmark/artifacts/acceptance/runtimes/v0.3.1/node_modules/axios/lib/package.json", O_RDONLY|O_CLOEXEC) = -1 ENOENT (No such file or directory)
5607  openat(AT_FDCWD, "/home/runner/work/deckrender-acceptance/deckrender-acceptance/benchmark/artifacts/acceptance/runtimes/v0.3.1/node_modules/axios/lib/package.json", O_RDONLY|O_CLOEXEC) = -1 ENOENT (No such file or directory)
5607  openat(AT_FDCWD, "/home/runner/work/deckrender-acceptance/deckrender-acceptance/benchmark/artifacts/acceptance/runtimes/v0.3.1/node_modules/axios/lib/core/package.json", O_RDONLY|O_CLOEXEC) = -1 ENOENT (No such file or directory)
5607  openat(AT_FDCWD, "/home/runner/work/deckrender-acceptance/deckrender-acceptance/benchmark/artifacts/acceptance/runtimes/v0.3.1/node_modules/axios/lib/package.json", O_RDONLY|O_CLOEXEC) = -1 ENOENT (No such file or directory)
5607  openat(AT_FDCWD, "/home/runner/work/deckrender-acceptance/deckrender-acceptance/benchmark/artifacts/acceptance/runtimes/v0.3.1/node_modules/axios/lib/defaults/package.json", O_RDONLY|O_CLOEXEC) = -1 ENOENT (No such file or directory)
5607  openat(AT_FDCWD, "/home/runner/work/deckrender-acceptance/deckrender-acceptance/benchmark/artifacts/acceptance/runtimes/v0.3.1/node_modules/axios/lib/package.json", O_RDONLY|O_CLOEXEC) = -1 ENOENT (No such file or directory)
5607  openat(AT_FDCWD, "/home/runner/work/deckrender-acceptance/deckrender-acceptance/benchmark/artifacts/acceptance/runtimes/v0.3.1/node_modules/axios/lib/core/package.json", O_RDONLY|O_CLOEXEC) = -1 ENOENT (No such file or directory)
5607  openat(AT_FDCWD, "/home/runner/work/deckrender-acceptance/deckrender-acceptance/benchmark/artifacts/acceptance/runtimes/v0.3.1/node_modules/axios/lib/package.json", O_RDONLY|O_CLOEXEC) = -1 ENOENT (No such file or directory)
5607  openat(AT_FDCWD, "/home/runner/work/deckrender-acceptance/deckrender-acceptance/benchmark/artifacts/acceptance/runtimes/v0.3.1/node_modules/axios/lib/cancel/package.json", O_RDONLY|O_CLOEXEC) = -1 ENOENT (No such file or directory)
5607  openat(AT_FDCWD, "/home/runner/work/deckrender-acceptance/deckrender-acceptance/benchmark/artifacts/acceptance/runtimes/v0.3.1/node_modules/axios/lib/package.json", O_RDONLY|O_CLOEXEC) = -1 ENOENT (No such file or directory)
5607  openat(AT_FDCWD, "/home/runner/work/deckrender-acceptance/deckrender-acceptance/benchmark/artifacts/acceptance/runtimes/v0.3.1/node_modules/axios/lib/helpers/package.json", O_RDONLY|O_CLOEXEC) = -1 ENOENT (No such file or directory)
5607  openat(AT_FDCWD, "/home/runner/work/deckrender-acceptance/deckrender-acceptance/benchmark/artifacts/acceptance/runtimes/v0.3.1/node_modules/axios/lib/package.json", O_RDONLY|O_CLOEXEC) = -1 ENOENT (No such file or directory)
5607  openat(AT_FDCWD, "/home/runner/work/deckrender-acceptance/deckrender-acceptance/benchmark/artifacts/acceptance/runtimes/v0.3.1/node_modules/axios/lib/helpers/package.json", O_RDONLY|O_CLOEXEC) = -1 ENOENT (No such file or directory)
5607  openat(AT_FDCWD, "/home/runner/work/deckrender-acceptance/deckrender-acceptance/benchmark/artifacts/acceptance/runtimes/v0.3.1/node_modules/axios/lib/package.json", O_RDONLY|O_CLOEXEC) = -1 ENOENT (No such file or directory)
5607  openat(AT_FDCWD, "/home/runner/work/deckrender-acceptance/deckrender-acceptance/benchmark/artifacts/acceptance/runtimes/v0.3.1/node_modules/axios/lib/platform/package.json", O_RDONLY|O_CLOEXEC) = -1 ENOENT (No such file or directory)
5607  openat(AT_FDCWD, "/home/runner/work/deckrender-acceptance/deckrender-acceptance/benchmark/artifacts/acceptance/runtimes/v0.3.1/node_modules/axios/lib/package.json", O_RDONLY|O_CLOEXEC) = -1 ENOENT (No such file or directory)
5607  openat(AT_FDCWD, "/home/runner/work/deckrender-acceptance/deckrender-acceptance/benchmark/artifacts/acceptance/runtimes/v0.3.1/node_modules/axios/lib/core/package.json", O_RDONLY|O_CLOEXEC) = -1 ENOENT (No such file or directory)
5607  openat(AT_FDCWD, "/home/runner/work/deckrender-acceptance/deckrender-acceptance/benchmark/artifacts/acceptance/runtimes/v0.3.1/node_modules/axios/lib/package.json", O_RDONLY|O_CLOEXEC) = -1 ENOENT (No such file or directory)
5607  openat(AT_FDCWD, "/home/runner/work/deckrender-acceptance/deckrender-acceptance/benchmark/artifacts/acceptance/runtimes/v0.3.1/node_modules/axios/lib/helpers/package.json", O_RDONLY|O_CLOEXEC) = -1 ENOENT (No such file or directory)
5607  openat(AT_FDCWD, "/home/runner/work/deckrender-acceptance/deckrender-acceptance/benchmark/artifacts/acceptance/runtimes/v0.3.1/node_modules/axios/lib/package.json", O_RDONLY|O_CLOEXEC) = -1 ENOENT (No such file or directory)
5607  openat(AT_FDCWD, "/home/runner/work/deckrender-acceptance/deckrender-acceptance/benchmark/artifacts/acceptance/runtimes/v0.3.1/node_modules/axios/lib/helpers/package.json", O_RDONLY|O_CLOEXEC) = -1 ENOENT (No such file or directory)
5607  openat(AT_FDCWD, "/home/runner/work/deckrender-acceptance/deckrender-acceptance/benchmark/artifacts/acceptance/runtimes/v0.3.1/node_modules/axios/lib/package.json", O_RDONLY|O_CLOEXEC) = -1 ENOENT (No such file or directory)
5607  openat(AT_FDCWD, "/home/runner/work/deckrender-acceptance/deckrender-acceptance/benchmark/artifacts/acceptance/runtimes/v0.3.1/node_modules/axios/lib/helpers/package.json", O_RDONLY|O_CLOEXEC) = -1 ENOENT (No such file or directory)
5607  openat(AT_FDCWD, "/home/runner/work/deckrender-acceptance/deckrender-acceptance/benchmark/artifacts/acceptance/runtimes/v0.3.1/node_modules/axios/lib/package.json", O_RDONLY|O_CLOEXEC) = -1 ENOENT (No such file or directory)
5607  openat(AT_FDCWD, "/home/runner/work/deckrender-acceptance/deckrender-acceptance/benchmark/artifacts/acceptance/runtimes/v0.3.1/node_modules/axios/lib/platform/package.json", O_RDONLY|O_CLOEXEC) = -1 ENOENT (No such file or directory)
5607  openat(AT_FDCWD, "/home/runner/work/deckrender-acceptance/deckrender-acceptance/benchmark/artifacts/acceptance/runtimes/v0.3.1/node_modules/axios/lib/package.json", O_RDONLY|O_CLOEXEC) = -1 ENOENT (No such file or directory)
5607  openat(AT_FDCWD, "/home/runner/work/deckrender-acceptance/deckrender-acceptance/benchmark/artifacts/acceptance/runtimes/v0.3.1/node_modules/axios/lib/package.json", O_RDONLY|O_CLOEXEC) = -1 ENOENT (No such file or directory)
5607  openat(AT_FDCWD, "/home/runner/work/deckrender-acceptance/deckrender-acceptance/benchmark/artifacts/acceptance/runtimes/v0.3.1/node_modules/axios/lib/core/package.json", O_RDONLY|O_CLOEXEC) = -1 ENOENT (No such file or directory)
5607  openat(AT_FDCWD, "/home/runner/work/deckrender-acceptance/deckrender-acceptance/benchmark/artifacts/acceptance/runtimes/v0.3.1/node_modules/axios/lib/package.json", O_RDONLY|O_CLOEXEC) = -1 ENOENT (No such file or directory)
5607  openat(AT_FDCWD, "/home/runner/work/deckrender-acceptance/deckrender-acceptance/benchmark/artifacts/acceptance/runtimes/v0.3.1/node_modules/axios/lib/helpers/package.json", O_RDONLY|O_CLOEXEC) = -1 ENOENT (No such file or directory)
5607  openat(AT_FDCWD, "/home/runner/work/deckrender-acceptance/deckrender-acceptance/benchmark/artifacts/acceptance/runtimes/v0.3.1/node_modules/axios/lib/package.json", O_RDONLY|O_CLOEXEC) = -1 ENOENT (No such file or directory)
5607  openat(AT_FDCWD, "/home/runner/work/deckrender-acceptance/deckrender-acceptance/benchmark/artifacts/acceptance/runtimes/v0.3.1/node_modules/axios/lib/helpers/package.json", O_RDONLY|O_CLOEXEC) = -1 ENOENT (No such file or directory)
5607  openat(AT_FDCWD, "/home/runner/work/deckrender-acceptance/deckrender-acceptance/benchmark/artifacts/acceptance/runtimes/v0.3.1/node_modules/axios/lib/package.json", O_RDONLY|O_CLOEXEC) = -1 ENOENT (No such file or directory)
5607  openat(AT_FDCWD, "/home/runner/work/deckrender-acceptance/deckrender-acceptance/benchmark/artifacts/acceptance/runtimes/v0.3.1/node_modules/axios/lib/core/package.json", O_RDONLY|O_CLOEXEC) = -1 ENOENT (No such file or directory)
5607  openat(AT_FDCWD, "/home/runner/work/deckrender-acceptance/deckrender-acceptance/benchmark/artifacts/acceptance/runtimes/v0.3.1/node_modules/axios/lib/package.json", O_RDONLY|O_CLOEXEC) = -1 ENOENT (No such file or directory)
5607  openat(AT_FDCWD, "/home/runner/work/deckrender-acceptance/deckrender-acceptance/benchmark/artifacts/acceptance/runtimes/v0.3.1/node_modules/axios/lib/helpers/package.json", O_RDONLY|O_CLOEXEC) = -1 ENOENT (No such file or directory)
5607  openat(AT_FDCWD, "/home/runner/work/deckrender-acceptance/deckrender-acceptance/benchmark/artifacts/acceptance/runtimes/v0.3.1/node_modules/axios/lib/package.json", O_RDONLY|O_CLOEXEC) = -1 ENOENT (No such file or directory)
5607  openat(AT_FDCWD, "/home/runner/work/deckrender-acceptance/deckrender-acceptance/benchmark/artifacts/acceptance/runtimes/v0.3.1/node_modules/axios/lib/helpers/package.json", O_RDONLY|O_CLOEXEC) = -1 ENOENT (No such file or directory)
5607  openat(AT_FDCWD, "/home/runner/work/deckrender-acceptance/deckrender-acceptance/benchmark/artifacts/acceptance/runtimes/v0.3.1/node_modules/axios/lib/package.json", O_RDONLY|O_CLOEXEC) = -1 ENOENT (No such file or directory)
5607  openat(AT_FDCWD, "/home/runner/work/deckrender-acceptance/deckrender-acceptance/benchmark/artifacts/acceptance/runtimes/v0.3.1/node_modules/axios/lib/core/package.json", O_RDONLY|O_CLOEXEC) = -1 ENOENT (No such file or directory)
5607  openat(AT_FDCWD, "/home/runner/work/deckrender-acceptance/deckrender-acceptance/benchmark/artifacts/acceptance/runtimes/v0.3.1/node_modules/axios/lib/package.json", O_RDONLY|O_CLOEXEC) = -1 ENOENT (No such file or directory)
5607  openat(AT_FDCWD, "/home/runner/work/deckrender-acceptance/deckrender-acceptance/benchmark/artifacts/acceptance/runtimes/v0.3.1/node_modules/axios/lib/helpers/package.json", O_RDONLY|O_CLOEXEC) = -1 ENOENT (No such file or directory)
5607  openat(AT_FDCWD, "/home/runner/work/deckrender-acceptance/deckrender-acceptance/benchmark/artifacts/acceptance/runtimes/v0.3.1/node_modules/axios/lib/package.json", O_RDONLY|O_CLOEXEC) = -1 ENOENT (No such file or directory)
5607  openat(AT_FDCWD, "/home/runner/work/deckrender-acceptance/deckrender-acceptance/benchmark/artifacts/acceptance/runtimes/v0.3.1/node_modules/axios/lib/env/package.json", O_RDONLY|O_CLOEXEC) = -1 ENOENT (No such file or directory)
5607  openat(AT_FDCWD, "/home/runner/work/deckrender-acceptance/deckrender-acceptance/benchmark/artifacts/acceptance/runtimes/v0.3.1/node_modules/axios/lib/package.json", O_RDONLY|O_CLOEXEC) = -1 ENOENT (No such file or directory)
5607  openat(AT_FDCWD, "/home/runner/work/deckrender-acceptance/deckrender-acceptance/benchmark/artifacts/acceptance/runtimes/v0.3.1/node_modules/axios/lib/helpers/package.json", O_RDONLY|O_CLOEXEC) = -1 ENOENT (No such file or directory)
5607  openat(AT_FDCWD, "/home/runner/work/deckrender-acceptance/deckrender-acceptance/benchmark/artifacts/acceptance/runtimes/v0.3.1/node_modules/axios/lib/package.json", O_RDONLY|O_CLOEXEC) = -1 ENOENT (No such file or directory)
5607  openat(AT_FDCWD, "/home/runner/work/deckrender-acceptance/deckrender-acceptance/benchmark/artifacts/acceptance/runtimes/v0.3.1/node_modules/axios/lib/helpers/AxiosURLSearchParams.js", O_RDONLY|O_CLOEXEC) = 21
5607  openat(AT_FDCWD, "/home/runner/work/deckrender-acceptance/deckrender-acceptance/benchmark/artifacts/acceptance/runtimes/v0.3.1/node_modules/axios/lib/core/transformData.js", O_RDONLY|O_CLOEXEC) = 21
5607  openat(AT_FDCWD, "/home/runner/work/deckrender-acceptance/deckrender-acceptance/benchmark/artifacts/acceptance/runtimes/v0.3.1/node_modules/axios/lib/helpers/isAbsoluteURL.js", O_RDONLY|O_CLOEXEC) = 21
5607  openat(AT_FDCWD, "/home/runner/work/deckrender-acceptance/deckrender-acceptance/benchmark/artifacts/acceptance/runtimes/v0.3.1/node_modules/axios/lib/helpers/combineURLs.js", O_RDONLY|O_CLOEXEC) = 21
5607  openat(AT_FDCWD, "/home/runner/work/deckrender-acceptance/deckrender-acceptance/benchmark/artifacts/acceptance/runtimes/v0.3.1/node_modules/axios/lib/helpers/normalizeURLForProtocolCheck.js", O_RDONLY|O_CLOEXEC) = 21
5607  openat(AT_FDCWD, "/home/runner/work/deckrender-acceptance/deckrender-acceptance/benchmark/artifacts/acceptance/runtimes/v0.3.1/node_modules/axios/lib/platform/node/index.js", O_RDONLY|O_CLOEXEC) = 21
5607  openat(AT_FDCWD, "/home/runner/work/deckrender-acceptance/deckrender-acceptance/benchmark/artifacts/acceptance/runtimes/v0.3.1/node_modules/axios/lib/platform/common/utils.js", O_RDONLY|O_CLOEXEC) = 21
5607  openat(AT_FDCWD, "/home/runner/work/deckrender-acceptance/deckrender-acceptance/benchmark/artifacts/acceptance/runtimes/v0.3.1/node_modules/form-data/lib/form_data.js", O_RDONLY|O_CLOEXEC) = 21
5607  openat(AT_FDCWD, "/home/runner/work/deckrender-acceptance/deckrender-acceptance/benchmark/artifacts/acceptance/runtimes/v0.3.1/node_modules/form-data/lib/package.json", O_RDONLY|O_CLOEXEC) = -1 ENOENT (No such file or directory)
5607  openat(AT_FDCWD, "/home/runner/work/deckrender-acceptance/deckrender-acceptance/benchmark/artifacts/acceptance/runtimes/v0.3.1/node_modules/axios/lib/core/settle.js", O_RDONLY|O_CLOEXEC) = 21
5607  openat(AT_FDCWD, "/home/runner/work/deckrender-acceptance/deckrender-acceptance/benchmark/artifacts/acceptance/runtimes/v0.3.1/node_modules/proxy-from-env/index.js", O_RDONLY|O_CLOEXEC) = 21
5607  openat(AT_FDCWD, "/home/runner/work/deckrender-acceptance/deckrender-acceptance/benchmark/artifacts/acceptance/runtimes/v0.3.1/node_modules/https-proxy-agent/dist/index.js", O_RDONLY|O_CLOEXEC) = 21
5607  openat(AT_FDCWD, "/home/runner/work/deckrender-acceptance/deckrender-acceptance/benchmark/artifacts/acceptance/runtimes/v0.3.1/node_modules/https-proxy-agent/dist/package.json", O_RDONLY|O_CLOEXEC) = -1 ENOENT (No such file or directory)
5607  openat(AT_FDCWD, "/home/runner/work/deckrender-acceptance/deckrender-acceptance/benchmark/artifacts/acceptance/runtimes/v0.3.1/node_modules/follow-redirects/index.js", O_RDONLY|O_CLOEXEC) = 21
5607  openat(AT_FDCWD, "/home/runner/work/deckrender-acceptance/deckrender-acceptance/benchmark/artifacts/acceptance/runtimes/v0.3.1/node_modules/axios/lib/helpers/fromDataURI.js", O_RDONLY|O_CLOEXEC) = 21
5607  openat(AT_FDCWD, "/home/runner/work/deckrender-acceptance/deckrender-acceptance/benchmark/artifacts/acceptance/runtimes/v0.3.1/node_modules/axios/lib/core/setFormDataHeaders.js", O_RDONLY|O_CLOEXEC) = 21
5607  openat(AT_FDCWD, "/home/runner/work/deckrender-acceptance/deckrender-acceptance/benchmark/artifacts/acceptance/runtimes/v0.3.1/node_modules/axios/lib/helpers/AxiosTransformStream.js", O_RDONLY|O_CLOEXEC) = 21
5607  openat(AT_FDCWD, "/home/runner/work/deckrender-acceptance/deckrender-acceptance/benchmark/artifacts/acceptance/runtimes/v0.3.1/node_modules/axios/lib/helpers/formDataToStream.js", O_RDONLY|O_CLOEXEC) = 21
5607  openat(AT_FDCWD, "/home/runner/work/deckrender-acceptance/deckrender-acceptance/benchmark/artifacts/acceptance/runtimes/v0.3.1/node_modules/axios/lib/helpers/readBlob.js", O_RDONLY|O_CLOEXEC) = 21
5607  openat(AT_FDCWD, "/home/runner/work/deckrender-acceptance/deckrender-acceptance/benchmark/artifacts/acceptance/runtimes/v0.3.1/node_modules/axios/lib/helpers/ZlibHeaderTransformStream.js", O_RDONLY|O_CLOEXEC) = 21
5607  openat(AT_FDCWD, "/home/runner/work/deckrender-acceptance/deckrender-acceptance/benchmark/artifacts/acceptance/runtimes/v0.3.1/node_modules/axios/lib/helpers/Http2Sessions.js", O_RDONLY|O_CLOEXEC) = 21
5607  openat(AT_FDCWD, "/home/runner/work/deckrender-acceptance/deckrender-acceptance/benchmark/artifacts/acceptance/runtimes/v0.3.1/node_modules/axios/lib/helpers/callbackify.js", O_RDONLY|O_CLOEXEC) = 21
5607  openat(AT_FDCWD, "/home/runner/work/deckrender-acceptance/deckrender-acceptance/benchmark/artifacts/acceptance/runtimes/v0.3.1/node_modules/axios/lib/helpers/shouldBypassProxy.js", O_RDONLY|O_CLOEXEC) = 21
5607  openat(AT_FDCWD, "/home/runner/work/deckrender-acceptance/deckrender-acceptance/benchmark/artifacts/acceptance/runtimes/v0.3.1/node_modules/axios/lib/helpers/progressEventReducer.js", O_RDONLY|O_CLOEXEC) = 21
5607  openat(AT_FDCWD, "/home/runner/work/deckrender-acceptance/deckrender-acceptance/benchmark/artifacts/acceptance/runtimes/v0.3.1/node_modules/axios/lib/helpers/estimateDataURLDecodedBytes.js", O_RDONLY|O_CLOEXEC) = 21
5607  openat(AT_FDCWD, "/home/runner/work/deckrender-acceptance/deckrender-acceptance/benchmark/artifacts/acceptance/runtimes/v0.3.1/node_modules/axios/lib/helpers/parseProtocol.js", O_RDONLY|O_CLOEXEC) = 21
5607  openat(AT_FDCWD, "/home/runner/work/deckrender-acceptance/deckrender-acceptance/benchmark/artifacts/acceptance/runtimes/v0.3.1/node_modules/axios/lib/helpers/resolveConfig.js", O_RDONLY|O_CLOEXEC) = 21
5607  openat(AT_FDCWD, "/home/runner/work/deckrender-acceptance/deckrender-acceptance/benchmark/artifacts/acceptance/runtimes/v0.3.1/node_modules/axios/lib/helpers/composeSignals.js", O_RDONLY|O_CLOEXEC) = 21
5607  openat(AT_FDCWD, "/home/runner/work/deckrender-acceptance/deckrender-acceptance/benchmark/artifacts/acceptance/runtimes/v0.3.1/node_modules/axios/lib/helpers/trackStream.js", O_RDONLY|O_CLOEXEC) = 21
5607  openat(AT_FDCWD, "/home/runner/work/deckrender-acceptance/deckrender-acceptance/benchmark/artifacts/acceptance/runtimes/v0.3.1/node_modules/axios/lib/helpers/package.json", O_RDONLY|O_CLOEXEC) = -1 ENOENT (No such file or directory)
5607  openat(AT_FDCWD, "/home/runner/work/deckrender-acceptance/deckrender-acceptance/benchmark/artifacts/acceptance/runtimes/v0.3.1/node_modules/axios/lib/package.json", O_RDONLY|O_CLOEXEC) = -1 ENOENT (No such file or directory)
5607  openat(AT_FDCWD, "/home/runner/work/deckrender-acceptance/deckrender-acceptance/benchmark/artifacts/acceptance/runtimes/v0.3.1/node_modules/axios/lib/package.json", O_RDONLY|O_CLOEXEC) = -1 ENOENT (No such file or directory)
5607  openat(AT_FDCWD, "/home/runner/work/deckrender-acceptance/deckrender-acceptance/benchmark/artifacts/acceptance/runtimes/v0.3.1/node_modules/axios/lib/defaults/package.json", O_RDONLY|O_CLOEXEC) = -1 ENOENT (No such file or directory)
5607  openat(AT_FDCWD, "/home/runner/work/deckrender-acceptance/deckrender-acceptance/benchmark/artifacts/acceptance/runtimes/v0.3.1/node_modules/axios/lib/package.json", O_RDONLY|O_CLOEXEC) = -1 ENOENT (No such file or directory)
5607  openat(AT_FDCWD, "/home/runner/work/deckrender-acceptance/deckrender-acceptance/benchmark/artifacts/acceptance/runtimes/v0.3.1/node_modules/axios/lib/core/package.json", O_RDONLY|O_CLOEXEC) = -1 ENOENT (No such file or directory)
5607  openat(AT_FDCWD, "/home/runner/work/deckrender-acceptance/deckrender-acceptance/benchmark/artifacts/acceptance/runtimes/v0.3.1/node_modules/axios/lib/package.json", O_RDONLY|O_CLOEXEC) = -1 ENOENT (No such file or directory)
5607  openat(AT_FDCWD, "/home/runner/work/deckrender-acceptance/deckrender-acceptance/benchmark/artifacts/acceptance/runtimes/v0.3.1/node_modules/axios/lib/platform/node/classes/package.json", O_RDONLY|O_CLOEXEC) = -1 ENOENT (No such file or directory)
5607  openat(AT_FDCWD, "/home/runner/work/deckrender-acceptance/deckrender-acceptance/benchmark/artifacts/acceptance/runtimes/v0.3.1/node_modules/axios/lib/platform/node/package.json", O_RDONLY|O_CLOEXEC) = -1 ENOENT (No such file or directory)
5607  openat(AT_FDCWD, "/home/runner/work/deckrender-acceptance/deckrender-acceptance/benchmark/artifacts/acceptance/runtimes/v0.3.1/node_modules/axios/lib/platform/package.json", O_RDONLY|O_CLOEXEC) = -1 ENOENT (No such file or directory)
5607  openat(AT_FDCWD, "/home/runner/work/deckrender-acceptance/deckrender-acceptance/benchmark/artifacts/acceptance/runtimes/v0.3.1/node_modules/axios/lib/package.json", O_RDONLY|O_CLOEXEC) = -1 ENOENT (No such file or directory)
5607  openat(AT_FDCWD, "/home/runner/work/deckrender-acceptance/deckrender-acceptance/benchmark/artifacts/acceptance/runtimes/v0.3.1/node_modules/axios/lib/platform/node/classes/package.json", O_RDONLY|O_CLOEXEC) = -1 ENOENT (No such file or directory)
5607  openat(AT_FDCWD, "/home/runner/work/deckrender-acceptance/deckrender-acceptance/benchmark/artifacts/acceptance/runtimes/v0.3.1/node_modules/axios/lib/platform/node/package.json", O_RDONLY|O_CLOEXEC) = -1 ENOENT (No such file or directory)
5607  openat(AT_FDCWD, "/home/runner/work/deckrender-acceptance/deckrender-acceptance/benchmark/artifacts/acceptance/runtimes/v0.3.1/node_modules/axios/lib/platform/package.json", O_RDONLY|O_CLOEXEC) = -1 ENOENT (No such file or directory)
5607  openat(AT_FDCWD, "/home/runner/work/deckrender-acceptance/deckrender-acceptance/benchmark/artifacts/acceptance/runtimes/v0.3.1/node_modules/axios/lib/package.json", O_RDONLY|O_CLOEXEC) = -1 ENOENT (No such file or directory)
5607  openat(AT_FDCWD, "/home/runner/work/deckrender-acceptance/deckrender-acceptance/benchmark/artifacts/acceptance/runtimes/v0.3.1/node_modules/axios/lib/core/package.json", O_RDONLY|O_CLOEXEC) = -1 ENOENT (No such file or directory)
5607  openat(AT_FDCWD, "/home/runner/work/deckrender-acceptance/deckrender-acceptance/benchmark/artifacts/acceptance/runtimes/v0.3.1/node_modules/axios/lib/package.json", O_RDONLY|O_CLOEXEC) = -1 ENOENT (No such file or directory)
5607  openat(AT_FDCWD, "/home/runner/work/deckrender-acceptance/deckrender-acceptance/benchmark/artifacts/acceptance/runtimes/v0.3.1/node_modules/axios/lib/core/package.json", O_RDONLY|O_CLOEXEC) = -1 ENOENT (No such file or directory)
5607  openat(AT_FDCWD, "/home/runner/work/deckrender-acceptance/deckrender-acceptance/benchmark/artifacts/acceptance/runtimes/v0.3.1/node_modules/axios/lib/package.json", O_RDONLY|O_CLOEXEC) = -1 ENOENT (No such file or directory)
5607  openat(AT_FDCWD, "/home/runner/work/deckrender-acceptance/deckrender-acceptance/benchmark/artifacts/acceptance/runtimes/v0.3.1/node_modules/axios/lib/helpers/package.json", O_RDONLY|O_CLOEXEC) = -1 ENOENT (No such file or directory)
5607  openat(AT_FDCWD, "/home/runner/work/deckrender-acceptance/deckrender-acceptance/benchmark/artifacts/acceptance/runtimes/v0.3.1/node_modules/axios/lib/package.json", O_RDONLY|O_CLOEXEC) = -1 ENOENT (No such file or directory)
5607  openat(AT_FDCWD, "/home/runner/work/deckrender-acceptance/deckrender-acceptance/benchmark/artifacts/acceptance/runtimes/v0.3.1/node_modules/axios/lib/platform/package.json", O_RDONLY|O_CLOEXEC) = -1 ENOENT (No such file or directory)
5607  openat(AT_FDCWD, "/home/runner/work/deckrender-acceptance/deckrender-acceptance/benchmark/artifacts/acceptance/runtimes/v0.3.1/node_modules/axios/lib/package.json", O_RDONLY|O_CLOEXEC) = -1 ENOENT (No such file or directory)
5607  openat(AT_FDCWD, "/home/runner/work/deckrender-acceptance/deckrender-acceptance/benchmark/artifacts/acceptance/runtimes/v0.3.1/node_modules/axios/lib/package.json", O_RDONLY|O_CLOEXEC) = -1 ENOENT (No such file or directory)
5607  openat(AT_FDCWD, "/home/runner/work/deckrender-acceptance/deckrender-acceptance/benchmark/artifacts/acceptance/runtimes/v0.3.1/node_modules/axios/lib/package.json", O_RDONLY|O_CLOEXEC) = -1 ENOENT (No such file or directory)
5607  openat(AT_FDCWD, "/home/runner/work/deckrender-acceptance/deckrender-acceptance/benchmark/artifacts/acceptance/runtimes/v0.3.1/node_modules/axios/lib/helpers/package.json", O_RDONLY|O_CLOEXEC) = -1 ENOENT (No such file or directory)
5607  openat(AT_FDCWD, "/home/runner/work/deckrender-acceptance/deckrender-acceptance/benchmark/artifacts/acceptance/runtimes/v0.3.1/node_modules/axios/lib/package.json", O_RDONLY|O_CLOEXEC) = -1 ENOENT (No such file or directory)
5607  openat(AT_FDCWD, "/home/runner/work/deckrender-acceptance/deckrender-acceptance/benchmark/artifacts/acceptance/runtimes/v0.3.1/node_modules/axios/lib/platform/package.json", O_RDONLY|O_CLOEXEC) = -1 ENOENT (No such file or directory)
5607  openat(AT_FDCWD, "/home/runner/work/deckrender-acceptance/deckrender-acceptance/benchmark/artifacts/acceptance/runtimes/v0.3.1/node_modules/axios/lib/package.json", O_RDONLY|O_CLOEXEC) = -1 ENOENT (No such file or directory)
5607  openat(AT_FDCWD, "/home/runner/work/deckrender-acceptance/deckrender-acceptance/benchmark/artifacts/acceptance/runtimes/v0.3.1/node_modules/axios/lib/package.json", O_RDONLY|O_CLOEXEC) = -1 ENOENT (No such file or directory)
5607  openat(AT_FDCWD, "/home/runner/work/deckrender-acceptance/deckrender-acceptance/benchmark/artifacts/acceptance/runtimes/v0.3.1/node_modules/axios/lib/helpers/package.json", O_RDONLY|O_CLOEXEC) = -1 ENOENT (No such file or directory)
5607  openat(AT_FDCWD, "/home/runner/work/deckrender-acceptance/deckrender-acceptance/benchmark/artifacts/acceptance/runtimes/v0.3.1/node_modules/axios/lib/package.json", O_RDONLY|O_CLOEXEC) = -1 ENOENT (No such file or directory)
5607  openat(AT_FDCWD, "/home/runner/work/deckrender-acceptance/deckrender-acceptance/benchmark/artifacts/acceptance/runtimes/v0.3.1/node_modules/axios/lib/helpers/package.json", O_RDONLY|O_CLOEXEC) = -1 ENOENT (No such file or directory)
5607  openat(AT_FDCWD, "/home/runner/work/deckrender-acceptance/deckrender-acceptance/benchmark/artifacts/acceptance/runtimes/v0.3.1/node_modules/axios/lib/package.json", O_RDONLY|O_CLOEXEC) = -1 ENOENT (No such file or directory)
5607  openat(AT_FDCWD, "/home/runner/work/deckrender-acceptance/deckrender-acceptance/benchmark/artifacts/acceptance/runtimes/v0.3.1/node_modules/axios/lib/package.json", O_RDONLY|O_CLOEXEC) = -1 ENOENT (No such file or directory)
5607  openat(AT_FDCWD, "/home/runner/work/deckrender-acceptance/deckrender-acceptance/benchmark/artifacts/acceptance/runtimes/v0.3.1/node_modules/axios/lib/platform/package.json", O_RDONLY|O_CLOEXEC) = -1 ENOENT (No such file or directory)
5607  openat(AT_FDCWD, "/home/runner/work/deckrender-acceptance/deckrender-acceptance/benchmark/artifacts/acceptance/runtimes/v0.3.1/node_modules/axios/lib/package.json", O_RDONLY|O_CLOEXEC) = -1 ENOENT (No such file or directory)
5607  openat(AT_FDCWD, "/home/runner/work/deckrender-acceptance/deckrender-acceptance/benchmark/artifacts/acceptance/runtimes/v0.3.1/node_modules/axios/lib/package.json", O_RDONLY|O_CLOEXEC) = -1 ENOENT (No such file or directory)
5607  openat(AT_FDCWD, "/home/runner/work/deckrender-acceptance/deckrender-acceptance/benchmark/artifacts/acceptance/runtimes/v0.3.1/node_modules/axios/lib/core/package.json", O_RDONLY|O_CLOEXEC) = -1 ENOENT (No such file or directory)
5607  openat(AT_FDCWD, "/home/runner/work/deckrender-acceptance/deckrender-acceptance/benchmark/artifacts/acceptance/runtimes/v0.3.1/node_modules/axios/lib/package.json", O_RDONLY|O_CLOEXEC) = -1 ENOENT (No such file or directory)
5607  openat(AT_FDCWD, "/home/runner/work/deckrender-acceptance/deckrender-acceptance/benchmark/artifacts/acceptance/runtimes/v0.3.1/node_modules/axios/lib/helpers/package.json", O_RDONLY|O_CLOEXEC) = -1 ENOENT (No such file or directory)
5607  openat(AT_FDCWD, "/home/runner/work/deckrender-acceptance/deckrender-acceptance/benchmark/artifacts/acceptance/runtimes/v0.3.1/node_modules/axios/lib/package.json", O_RDONLY|O_CLOEXEC) = -1 ENOENT (No such file or directory)
5607  openat(AT_FDCWD, "/home/runner/work/deckrender-acceptance/deckrender-acceptance/benchmark/artifacts/acceptance/runtimes/v0.3.1/node_modules/axios/lib/helpers/package.json", O_RDONLY|O_CLOEXEC) = -1 ENOENT (No such file or directory)
5607  openat(AT_FDCWD, "/home/runner/work/deckrender-acceptance/deckrender-acceptance/benchmark/artifacts/acceptance/runtimes/v0.3.1/node_modules/axios/lib/package.json", O_RDONLY|O_CLOEXEC) = -1 ENOENT (No such file or directory)
5607  openat(AT_FDCWD, "/home/runner/work/deckrender-acceptance/deckrender-acceptance/benchmark/artifacts/acceptance/runtimes/v0.3.1/node_modules/axios/lib/core/package.json", O_RDONLY|O_CLOEXEC) = -1 ENOENT (No such file or directory)
5607  openat(AT_FDCWD, "/home/runner/work/deckrender-acceptance/deckrender-acceptance/benchmark/artifacts/acceptance/runtimes/v0.3.1/node_modules/axios/lib/package.json", O_RDONLY|O_CLOEXEC) = -1 ENOENT (No such file or directory)
5607  openat(AT_FDCWD, "/home/runner/work/deckrender-acceptance/deckrender-acceptance/benchmark/artifacts/acceptance/runtimes/v0.3.1/node_modules/axios/lib/core/package.json", O_RDONLY|O_CLOEXEC) = -1 ENOENT (No such file or directory)
5607  openat(AT_FDCWD, "/home/runner/work/deckrender-acceptance/deckrender-acceptance/benchmark/artifacts/acceptance/runtimes/v0.3.1/node_modules/axios/lib/package.json", O_RDONLY|O_CLOEXEC) = -1 ENOENT (No such file or directory)
5607  openat(AT_FDCWD, "/home/runner/work/deckrender-acceptance/deckrender-acceptance/benchmark/artifacts/acceptance/runtimes/v0.3.1/node_modules/axios/lib/core/package.json", O_RDONLY|O_CLOEXEC) = -1 ENOENT (No such file or directory)
5607  openat(AT_FDCWD, "/home/runner/work/deckrender-acceptance/deckrender-acceptance/benchmark/artifacts/acceptance/runtimes/v0.3.1/node_modules/axios/lib/package.json", O_RDONLY|O_CLOEXEC) = -1 ENOENT (No such file or directory)
5607  openat(AT_FDCWD, "/home/runner/work/deckrender-acceptance/deckrender-acceptance/benchmark/artifacts/acceptance/runtimes/v0.3.1/node_modules/axios/lib/core/package.json", O_RDONLY|O_CLOEXEC) = -1 ENOENT (No such file or directory)
5607  openat(AT_FDCWD, "/home/runner/work/deckrender-acceptance/deckrender-acceptance/benchmark/artifacts/acceptance/runtimes/v0.3.1/node_modules/axios/lib/package.json", O_RDONLY|O_CLOEXEC) = -1 ENOENT (No such file or directory)
5607  openat(AT_FDCWD, "/home/runner/work/deckrender-acceptance/deckrender-acceptance/benchmark/artifacts/acceptance/runtimes/v0.3.1/node_modules/axios/lib/helpers/package.json", O_RDONLY|O_CLOEXEC) = -1 ENOENT (No such file or directory)
5607  openat(AT_FDCWD, "/home/runner/work/deckrender-acceptance/deckrender-acceptance/benchmark/artifacts/acceptance/runtimes/v0.3.1/node_modules/axios/lib/package.json", O_RDONLY|O_CLOEXEC) = -1 ENOENT (No such file or directory)
5607  openat(AT_FDCWD, "/home/runner/work/deckrender-acceptance/deckrender-acceptance/benchmark/artifacts/acceptance/runtimes/v0.3.1/node_modules/axios/lib/cancel/package.json", O_RDONLY|O_CLOEXEC) = -1 ENOENT (No such file or directory)
5607  openat(AT_FDCWD, "/home/runner/work/deckrender-acceptance/deckrender-acceptance/benchmark/artifacts/acceptance/runtimes/v0.3.1/node_modules/axios/lib/package.json", O_RDONLY|O_CLOEXEC) = -1 ENOENT (No such file or directory)
5607  openat(AT_FDCWD, "/home/runner/work/deckrender-acceptance/deckrender-acceptance/benchmark/artifacts/acceptance/runtimes/v0.3.1/node_modules/axios/lib/core/package.json", O_RDONLY|O_CLOEXEC) = -1 ENOENT (No such file or directory)
5607  openat(AT_FDCWD, "/home/runner/work/deckrender-acceptance/deckrender-acceptance/benchmark/artifacts/acceptance/runtimes/v0.3.1/node_modules/axios/lib/package.json", O_RDONLY|O_CLOEXEC) = -1 ENOENT (No such file or directory)
5607  openat(AT_FDCWD, "/home/runner/work/deckrender-acceptance/deckrender-acceptance/benchmark/artifacts/acceptance/runtimes/v0.3.1/node_modules/axios/lib/package.json", O_RDONLY|O_CLOEXEC) = -1 ENOENT (No such file or directory)
5607  openat(AT_FDCWD, "/home/runner/work/deckrender-acceptance/deckrender-acceptance/benchmark/artifacts/acceptance/runtimes/v0.3.1/node_modules/axios/lib/platform/node/classes/URLSearchParams.js", O_RDONLY|O_CLOEXEC) = 21
5607  openat(AT_FDCWD, "/home/runner/work/deckrender-acceptance/deckrender-acceptance/benchmark/artifacts/acceptance/runtimes/v0.3.1/node_modules/axios/lib/helpers/speedometer.js", O_RDONLY|O_CLOEXEC) = 21
5607  openat(AT_FDCWD, "/home/runner/work/deckrender-acceptance/deckrender-acceptance/benchmark/artifacts/acceptance/runtimes/v0.3.1/node_modules/axios/lib/helpers/throttle.js", O_RDONLY|O_CLOEXEC) = 21
5607  openat(AT_FDCWD, "/home/runner/work/deckrender-acceptance/deckrender-acceptance/benchmark/artifacts/acceptance/runtimes/v0.3.1/node_modules/axios/lib/helpers/isURLSameOrigin.js", O_RDONLY|O_CLOEXEC) = 21
5607  openat(AT_FDCWD, "/home/runner/work/deckrender-acceptance/deckrender-acceptance/benchmark/artifacts/acceptance/runtimes/v0.3.1/node_modules/axios/lib/helpers/cookies.js", O_RDONLY|O_CLOEXEC) = 21
5607  openat(AT_FDCWD, "/home/runner/work/deckrender-acceptance/deckrender-acceptance/benchmark/artifacts/acceptance/runtimes/v0.3.1/node_modules/axios/lib/platform/package.json", O_RDONLY|O_CLOEXEC) = -1 ENOENT (No such file or directory)
5607  openat(AT_FDCWD, "/home/runner/work/deckrender-acceptance/deckrender-acceptance/benchmark/artifacts/acceptance/runtimes/v0.3.1/node_modules/axios/lib/package.json", O_RDONLY|O_CLOEXEC) = -1 ENOENT (No such file or directory)
5607  openat(AT_FDCWD, "/home/runner/work/deckrender-acceptance/deckrender-acceptance/benchmark/artifacts/acceptance/runtimes/v0.3.1/node_modules/axios/lib/package.json", O_RDONLY|O_CLOEXEC) = -1 ENOENT (No such file or directory)
5607  openat(AT_FDCWD, "/home/runner/work/deckrender-acceptance/deckrender-acceptance/benchmark/artifacts/acceptance/runtimes/v0.3.1/node_modules/axios/lib/platform/package.json", O_RDONLY|O_CLOEXEC) = -1 ENOENT (No such file or directory)
5607  openat(AT_FDCWD, "/home/runner/work/deckrender-acceptance/deckrender-acceptance/benchmark/artifacts/acceptance/runtimes/v0.3.1/node_modules/axios/lib/package.json", O_RDONLY|O_CLOEXEC) = -1 ENOENT (No such file or directory)
5607  openat(AT_FDCWD, "/home/runner/work/deckrender-acceptance/deckrender-acceptance/benchmark/artifacts/acceptance/runtimes/v0.3.1/node_modules/commander/lib/argument.js", O_RDONLY|O_CLOEXEC) = 21
5607  openat(AT_FDCWD, "/home/runner/work/deckrender-acceptance/deckrender-acceptance/benchmark/artifacts/acceptance/runtimes/v0.3.1/node_modules/commander/lib/error.js", O_RDONLY|O_CLOEXEC) = 21
5607  openat(AT_FDCWD, "/home/runner/work/deckrender-acceptance/deckrender-acceptance/benchmark/artifacts/acceptance/runtimes/v0.3.1/node_modules/commander/lib/command.js", O_RDONLY|O_CLOEXEC) = 21
5607  openat(AT_FDCWD, "/home/runner/work/deckrender-acceptance/deckrender-acceptance/benchmark/artifacts/acceptance/runtimes/v0.3.1/node_modules/commander/lib/help.js", O_RDONLY|O_CLOEXEC) = 21
5607  openat(AT_FDCWD, "/home/runner/work/deckrender-acceptance/deckrender-acceptance/benchmark/artifacts/acceptance/runtimes/v0.3.1/node_modules/commander/lib/option.js", O_RDONLY|O_CLOEXEC) = 21
5607  openat(AT_FDCWD, "/home/runner/work/deckrender-acceptance/deckrender-acceptance/benchmark/artifacts/acceptance/runtimes/v0.3.1/node_modules/commander/lib/suggestSimilar.js", O_RDONLY|O_CLOEXEC) = 21
5607  openat(AT_FDCWD, "/home/runner/work/deckrender-acceptance/deckrender-acceptance/benchmark/artifacts/acceptance/runtimes/v0.3.1/node_modules/combined-stream/package.json", O_RDONLY|O_CLOEXEC) = 21
5607  openat(AT_FDCWD, "/home/runner/work/deckrender-acceptance/deckrender-acceptance/benchmark/artifacts/acceptance/runtimes/v0.3.1/node_modules/combined-stream/lib/combined_stream.js", O_RDONLY|O_CLOEXEC) = 21
5607  openat(AT_FDCWD, "/home/runner/work/deckrender-acceptance/deckrender-acceptance/benchmark/artifacts/acceptance/runtimes/v0.3.1/node_modules/delayed-stream/package.json", O_RDONLY|O_CLOEXEC) = 21
5607  openat(AT_FDCWD, "/home/runner/work/deckrender-acceptance/deckrender-acceptance/benchmark/artifacts/acceptance/runtimes/v0.3.1/node_modules/delayed-stream/lib/delayed_stream.js", O_RDONLY|O_CLOEXEC) = 21
5607  openat(AT_FDCWD, "/home/runner/work/deckrender-acceptance/deckrender-acceptance/benchmark/artifacts/acceptance/runtimes/v0.3.1/node_modules/mime-types/package.json", O_RDONLY|O_CLOEXEC) = 21
5607  openat(AT_FDCWD, "/home/runner/work/deckrender-acceptance/deckrender-acceptance/benchmark/artifacts/acceptance/runtimes/v0.3.1/node_modules/mime-types/index.js", O_RDONLY|O_CLOEXEC) = 21
5607  openat(AT_FDCWD, "/home/runner/work/deckrender-acceptance/deckrender-acceptance/benchmark/artifacts/acceptance/runtimes/v0.3.1/node_modules/mime-db/package.json", O_RDONLY|O_CLOEXEC) = 21
5607  openat(AT_FDCWD, "/home/runner/work/deckrender-acceptance/deckrender-acceptance/benchmark/artifacts/acceptance/runtimes/v0.3.1/node_modules/mime-db/index.js", O_RDONLY|O_CLOEXEC) = 21
5607  openat(AT_FDCWD, "/home/runner/work/deckrender-acceptance/deckrender-acceptance/benchmark/artifacts/acceptance/runtimes/v0.3.1/node_modules/mime-db/db.json", O_RDONLY|O_CLOEXEC) = 21
5607  openat(AT_FDCWD, "/home/runner/work/deckrender-acceptance/deckrender-acceptance/benchmark/artifacts/acceptance/runtimes/v0.3.1/node_modules/asynckit/package.json", O_RDONLY|O_CLOEXEC) = 21
5607  openat(AT_FDCWD, "/home/runner/work/deckrender-acceptance/deckrender-acceptance/benchmark/artifacts/acceptance/runtimes/v0.3.1/node_modules/asynckit/index.js", O_RDONLY|O_CLOEXEC) = 21
5607  openat(AT_FDCWD, "/home/runner/work/deckrender-acceptance/deckrender-acceptance/benchmark/artifacts/acceptance/runtimes/v0.3.1/node_modules/asynckit/parallel.js", O_RDONLY|O_CLOEXEC) = 21
5607  openat(AT_FDCWD, "/home/runner/work/deckrender-acceptance/deckrender-acceptance/benchmark/artifacts/acceptance/runtimes/v0.3.1/node_modules/asynckit/lib/iterate.js", O_RDONLY|O_CLOEXEC) = 21
5607  openat(AT_FDCWD, "/home/runner/work/deckrender-acceptance/deckrender-acceptance/benchmark/artifacts/acceptance/runtimes/v0.3.1/node_modules/asynckit/lib/async.js", O_RDONLY|O_CLOEXEC) = 21
5607  openat(AT_FDCWD, "/home/runner/work/deckrender-acceptance/deckrender-acceptance/benchmark/artifacts/acceptance/runtimes/v0.3.1/node_modules/asynckit/lib/defer.js", O_RDONLY|O_CLOEXEC) = 21
5607  openat(AT_FDCWD, "/home/runner/work/deckrender-acceptance/deckrender-acceptance/benchmark/artifacts/acceptance/runtimes/v0.3.1/node_modules/asynckit/lib/abort.js", O_RDONLY|O_CLOEXEC) = 21
5607  openat(AT_FDCWD, "/home/runner/work/deckrender-acceptance/deckrender-acceptance/benchmark/artifacts/acceptance/runtimes/v0.3.1/node_modules/asynckit/lib/state.js", O_RDONLY|O_CLOEXEC) = 21
5607  openat(AT_FDCWD, "/home/runner/work/deckrender-acceptance/deckrender-acceptance/benchmark/artifacts/acceptance/runtimes/v0.3.1/node_modules/asynckit/lib/terminator.js", O_RDONLY|O_CLOEXEC) = 21
5607  openat(AT_FDCWD, "/home/runner/work/deckrender-acceptance/deckrender-acceptance/benchmark/artifacts/acceptance/runtimes/v0.3.1/node_modules/asynckit/serial.js", O_RDONLY|O_CLOEXEC) = 21
5607  openat(AT_FDCWD, "/home/runner/work/deckrender-acceptance/deckrender-acceptance/benchmark/artifacts/acceptance/runtimes/v0.3.1/node_modules/asynckit/serialOrdered.js", O_RDONLY|O_CLOEXEC) = 21
5607  openat(AT_FDCWD, "/home/runner/work/deckrender-acceptance/deckrender-acceptance/benchmark/artifacts/acceptance/runtimes/v0.3.1/node_modules/es-set-tostringtag/package.json", O_RDONLY|O_CLOEXEC) = 21
5607  openat(AT_FDCWD, "/home/runner/work/deckrender-acceptance/deckrender-acceptance/benchmark/artifacts/acceptance/runtimes/v0.3.1/node_modules/es-set-tostringtag/index.js", O_RDONLY|O_CLOEXEC) = 21
5607  openat(AT_FDCWD, "/home/runner/work/deckrender-acceptance/deckrender-acceptance/benchmark/artifacts/acceptance/runtimes/v0.3.1/node_modules/get-intrinsic/package.json", O_RDONLY|O_CLOEXEC) = 21
5607  openat(AT_FDCWD, "/home/runner/work/deckrender-acceptance/deckrender-acceptance/benchmark/artifacts/acceptance/runtimes/v0.3.1/node_modules/get-intrinsic/index.js", O_RDONLY|O_CLOEXEC) = 21
5607  openat(AT_FDCWD, "/home/runner/work/deckrender-acceptance/deckrender-acceptance/benchmark/artifacts/acceptance/runtimes/v0.3.1/node_modules/es-object-atoms/package.json", O_RDONLY|O_CLOEXEC) = 21
5607  openat(AT_FDCWD, "/home/runner/work/deckrender-acceptance/deckrender-acceptance/benchmark/artifacts/acceptance/runtimes/v0.3.1/node_modules/es-object-atoms/index.js", O_RDONLY|O_CLOEXEC) = 21
5607  openat(AT_FDCWD, "/home/runner/work/deckrender-acceptance/deckrender-acceptance/benchmark/artifacts/acceptance/runtimes/v0.3.1/node_modules/es-errors/package.json", O_RDONLY|O_CLOEXEC) = 21
5607  openat(AT_FDCWD, "/home/runner/work/deckrender-acceptance/deckrender-acceptance/benchmark/artifacts/acceptance/runtimes/v0.3.1/node_modules/es-errors/index.js", O_RDONLY|O_CLOEXEC) = 21
5607  openat(AT_FDCWD, "/home/runner/work/deckrender-acceptance/deckrender-acceptance/benchmark/artifacts/acceptance/runtimes/v0.3.1/node_modules/es-errors/eval.js", O_RDONLY|O_CLOEXEC) = 21
5607  openat(AT_FDCWD, "/home/runner/work/deckrender-acceptance/deckrender-acceptance/benchmark/artifacts/acceptance/runtimes/v0.3.1/node_modules/es-errors/range.js", O_RDONLY|O_CLOEXEC) = 21
5607  openat(AT_FDCWD, "/home/runner/work/deckrender-acceptance/deckrender-acceptance/benchmark/artifacts/acceptance/runtimes/v0.3.1/node_modules/es-errors/ref.js", O_RDONLY|O_CLOEXEC) = 21
5607  openat(AT_FDCWD, "/home/runner/work/deckrender-acceptance/deckrender-acceptance/benchmark/artifacts/acceptance/runtimes/v0.3.1/node_modules/es-errors/syntax.js", O_RDONLY|O_CLOEXEC) = 21
5607  openat(AT_FDCWD, "/home/runner/work/deckrender-acceptance/deckrender-acceptance/benchmark/artifacts/acceptance/runtimes/v0.3.1/node_modules/es-errors/type.js", O_RDONLY|O_CLOEXEC) = 21
5607  openat(AT_FDCWD, "/home/runner/work/deckrender-acceptance/deckrender-acceptance/benchmark/artifacts/acceptance/runtimes/v0.3.1/node_modules/es-errors/uri.js", O_RDONLY|O_CLOEXEC) = 21
5607  openat(AT_FDCWD, "/home/runner/work/deckrender-acceptance/deckrender-acceptance/benchmark/artifacts/acceptance/runtimes/v0.3.1/node_modules/math-intrinsics/package.json", O_RDONLY|O_CLOEXEC) = 21
5607  openat(AT_FDCWD, "/home/runner/work/deckrender-acceptance/deckrender-acceptance/benchmark/artifacts/acceptance/runtimes/v0.3.1/node_modules/math-intrinsics/abs.js", O_RDONLY|O_CLOEXEC) = 21
5607  openat(AT_FDCWD, "/home/runner/work/deckrender-acceptance/deckrender-acceptance/benchmark/artifacts/acceptance/runtimes/v0.3.1/node_modules/math-intrinsics/floor.js", O_RDONLY|O_CLOEXEC) = 21
5607  openat(AT_FDCWD, "/home/runner/work/deckrender-acceptance/deckrender-acceptance/benchmark/artifacts/acceptance/runtimes/v0.3.1/node_modules/math-intrinsics/max.js", O_RDONLY|O_CLOEXEC) = 21
5607  openat(AT_FDCWD, "/home/runner/work/deckrender-acceptance/deckrender-acceptance/benchmark/artifacts/acceptance/runtimes/v0.3.1/node_modules/math-intrinsics/min.js", O_RDONLY|O_CLOEXEC) = 21
5607  openat(AT_FDCWD, "/home/runner/work/deckrender-acceptance/deckrender-acceptance/benchmark/artifacts/acceptance/runtimes/v0.3.1/node_modules/math-intrinsics/pow.js", O_RDONLY|O_CLOEXEC) = 21
5607  openat(AT_FDCWD, "/home/runner/work/deckrender-acceptance/deckrender-acceptance/benchmark/artifacts/acceptance/runtimes/v0.3.1/node_modules/math-intrinsics/round.js", O_RDONLY|O_CLOEXEC) = 21
5607  openat(AT_FDCWD, "/home/runner/work/deckrender-acceptance/deckrender-acceptance/benchmark/artifacts/acceptance/runtimes/v0.3.1/node_modules/math-intrinsics/sign.js", O_RDONLY|O_CLOEXEC) = 21
5607  openat(AT_FDCWD, "/home/runner/work/deckrender-acceptance/deckrender-acceptance/benchmark/artifacts/acceptance/runtimes/v0.3.1/node_modules/math-intrinsics/isNaN.js", O_RDONLY|O_CLOEXEC) = 21
5607  openat(AT_FDCWD, "/home/runner/work/deckrender-acceptance/deckrender-acceptance/benchmark/artifacts/acceptance/runtimes/v0.3.1/node_modules/gopd/package.json", O_RDONLY|O_CLOEXEC) = 21
5607  openat(AT_FDCWD, "/home/runner/work/deckrender-acceptance/deckrender-acceptance/benchmark/artifacts/acceptance/runtimes/v0.3.1/node_modules/gopd/index.js", O_RDONLY|O_CLOEXEC) = 21
5607  openat(AT_FDCWD, "/home/runner/work/deckrender-acceptance/deckrender-acceptance/benchmark/artifacts/acceptance/runtimes/v0.3.1/node_modules/gopd/gOPD.js", O_RDONLY|O_CLOEXEC) = 21
5607  openat(AT_FDCWD, "/home/runner/work/deckrender-acceptance/deckrender-acceptance/benchmark/artifacts/acceptance/runtimes/v0.3.1/node_modules/es-define-property/package.json", O_RDONLY|O_CLOEXEC) = 21
5607  openat(AT_FDCWD, "/home/runner/work/deckrender-acceptance/deckrender-acceptance/benchmark/artifacts/acceptance/runtimes/v0.3.1/node_modules/es-define-property/index.js", O_RDONLY|O_CLOEXEC) = 21
5607  openat(AT_FDCWD, "/home/runner/work/deckrender-acceptance/deckrender-acceptance/benchmark/artifacts/acceptance/runtimes/v0.3.1/node_modules/has-symbols/package.json", O_RDONLY|O_CLOEXEC) = 21
5607  openat(AT_FDCWD, "/home/runner/work/deckrender-acceptance/deckrender-acceptance/benchmark/artifacts/acceptance/runtimes/v0.3.1/node_modules/has-symbols/index.js", O_RDONLY|O_CLOEXEC) = 21
5607  openat(AT_FDCWD, "/home/runner/work/deckrender-acceptance/deckrender-acceptance/benchmark/artifacts/acceptance/runtimes/v0.3.1/node_modules/has-symbols/shams.js", O_RDONLY|O_CLOEXEC) = 21
5607  openat(AT_FDCWD, "/home/runner/work/deckrender-acceptance/deckrender-acceptance/benchmark/artifacts/acceptance/runtimes/v0.3.1/node_modules/get-proto/package.json", O_RDONLY|O_CLOEXEC) = 21
5607  openat(AT_FDCWD, "/home/runner/work/deckrender-acceptance/deckrender-acceptance/benchmark/artifacts/acceptance/runtimes/v0.3.1/node_modules/get-proto/index.js", O_RDONLY|O_CLOEXEC) = 21
5607  openat(AT_FDCWD, "/home/runner/work/deckrender-acceptance/deckrender-acceptance/benchmark/artifacts/acceptance/runtimes/v0.3.1/node_modules/get-proto/Reflect.getPrototypeOf.js", O_RDONLY|O_CLOEXEC) = 21
5607  openat(AT_FDCWD, "/home/runner/work/deckrender-acceptance/deckrender-acceptance/benchmark/artifacts/acceptance/runtimes/v0.3.1/node_modules/get-proto/Object.getPrototypeOf.js", O_RDONLY|O_CLOEXEC) = 21
5607  openat(AT_FDCWD, "/home/runner/work/deckrender-acceptance/deckrender-acceptance/benchmark/artifacts/acceptance/runtimes/v0.3.1/node_modules/dunder-proto/package.json", O_RDONLY|O_CLOEXEC) = 21
5607  openat(AT_FDCWD, "/home/runner/work/deckrender-acceptance/deckrender-acceptance/benchmark/artifacts/acceptance/runtimes/v0.3.1/node_modules/dunder-proto/get.js", O_RDONLY|O_CLOEXEC) = 21
5607  openat(AT_FDCWD, "/home/runner/work/deckrender-acceptance/deckrender-acceptance/benchmark/artifacts/acceptance/runtimes/v0.3.1/node_modules/call-bind-apply-helpers/package.json", O_RDONLY|O_CLOEXEC) = 21
5607  openat(AT_FDCWD, "/home/runner/work/deckrender-acceptance/deckrender-acceptance/benchmark/artifacts/acceptance/runtimes/v0.3.1/node_modules/call-bind-apply-helpers/index.js", O_RDONLY|O_CLOEXEC) = 21
5607  openat(AT_FDCWD, "/home/runner/work/deckrender-acceptance/deckrender-acceptance/benchmark/artifacts/acceptance/runtimes/v0.3.1/node_modules/function-bind/package.json", O_RDONLY|O_CLOEXEC) = 21
5607  openat(AT_FDCWD, "/home/runner/work/deckrender-acceptance/deckrender-acceptance/benchmark/artifacts/acceptance/runtimes/v0.3.1/node_modules/function-bind/index.js", O_RDONLY|O_CLOEXEC) = 21
5607  openat(AT_FDCWD, "/home/runner/work/deckrender-acceptance/deckrender-acceptance/benchmark/artifacts/acceptance/runtimes/v0.3.1/node_modules/function-bind/implementation.js", O_RDONLY|O_CLOEXEC) = 21
5607  openat(AT_FDCWD, "/home/runner/work/deckrender-acceptance/deckrender-acceptance/benchmark/artifacts/acceptance/runtimes/v0.3.1/node_modules/call-bind-apply-helpers/functionCall.js", O_RDONLY|O_CLOEXEC) = 21
5607  openat(AT_FDCWD, "/home/runner/work/deckrender-acceptance/deckrender-acceptance/benchmark/artifacts/acceptance/runtimes/v0.3.1/node_modules/call-bind-apply-helpers/actualApply.js", O_RDONLY|O_CLOEXEC) = 21
5607  openat(AT_FDCWD, "/home/runner/work/deckrender-acceptance/deckrender-acceptance/benchmark/artifacts/acceptance/runtimes/v0.3.1/node_modules/call-bind-apply-helpers/functionApply.js", O_RDONLY|O_CLOEXEC) = 21
5607  openat(AT_FDCWD, "/home/runner/work/deckrender-acceptance/deckrender-acceptance/benchmark/artifacts/acceptance/runtimes/v0.3.1/node_modules/call-bind-apply-helpers/reflectApply.js", O_RDONLY|O_CLOEXEC) = 21
5607  openat(AT_FDCWD, "/home/runner/work/deckrender-acceptance/deckrender-acceptance/benchmark/artifacts/acceptance/runtimes/v0.3.1/node_modules/hasown/package.json", O_RDONLY|O_CLOEXEC) = 21
5607  openat(AT_FDCWD, "/home/runner/work/deckrender-acceptance/deckrender-acceptance/benchmark/artifacts/acceptance/runtimes/v0.3.1/node_modules/hasown/index.js", O_RDONLY|O_CLOEXEC) = 21
5607  openat(AT_FDCWD, "/home/runner/work/deckrender-acceptance/deckrender-acceptance/benchmark/artifacts/acceptance/runtimes/v0.3.1/node_modules/has-tostringtag/package.json", O_RDONLY|O_CLOEXEC) = 21
5607  openat(AT_FDCWD, "/home/runner/work/deckrender-acceptance/deckrender-acceptance/benchmark/artifacts/acceptance/runtimes/v0.3.1/node_modules/has-tostringtag/shams.js", O_RDONLY|O_CLOEXEC) = 21
5607  openat(AT_FDCWD, "/home/runner/work/deckrender-acceptance/deckrender-acceptance/benchmark/artifacts/acceptance/runtimes/v0.3.1/node_modules/form-data/lib/populate.js", O_RDONLY|O_CLOEXEC) = 21
5607  openat(AT_FDCWD, "/home/runner/work/deckrender-acceptance/deckrender-acceptance/benchmark/artifacts/acceptance/runtimes/v0.3.1/node_modules/https-proxy-agent/dist/agent.js", O_RDONLY|O_CLOEXEC) = 21
5607  openat(AT_FDCWD, "/home/runner/work/deckrender-acceptance/deckrender-acceptance/benchmark/artifacts/acceptance/runtimes/v0.3.1/node_modules/debug/package.json", O_RDONLY|O_CLOEXEC) = 21
5607  openat(AT_FDCWD, "/home/runner/work/deckrender-acceptance/deckrender-acceptance/benchmark/artifacts/acceptance/runtimes/v0.3.1/node_modules/debug/src/index.js", O_RDONLY|O_CLOEXEC) = 21
5607  openat(AT_FDCWD, "/home/runner/work/deckrender-acceptance/deckrender-acceptance/benchmark/artifacts/acceptance/runtimes/v0.3.1/node_modules/debug/src/node.js", O_RDONLY|O_CLOEXEC) = 21
5607  openat(AT_FDCWD, "/home/runner/work/deckrender-acceptance/deckrender-acceptance/benchmark/artifacts/acceptance/runtimes/v0.3.1/node_modules/supports-color/package.json", O_RDONLY|O_CLOEXEC) = -1 ENOENT (No such file or directory)
5607  openat(AT_FDCWD, "/home/runner/work/deckrender-acceptance/deckrender-acceptance/benchmark/artifacts/acceptance/runtimes/v0.3.1/node_modules/debug/src/common.js", O_RDONLY|O_CLOEXEC) = 21
5607  openat(AT_FDCWD, "/home/runner/work/deckrender-acceptance/deckrender-acceptance/benchmark/artifacts/acceptance/runtimes/v0.3.1/node_modules/ms/package.json", O_RDONLY|O_CLOEXEC) = 21
5607  openat(AT_FDCWD, "/home/runner/work/deckrender-acceptance/deckrender-acceptance/benchmark/artifacts/acceptance/runtimes/v0.3.1/node_modules/ms/index.js", O_RDONLY|O_CLOEXEC) = 21
5607  openat(AT_FDCWD, "/home/runner/work/deckrender-acceptance/deckrender-acceptance/benchmark/artifacts/acceptance/runtimes/v0.3.1/node_modules/agent-base/package.json", O_RDONLY|O_CLOEXEC) = 21
5607  openat(AT_FDCWD, "/home/runner/work/deckrender-acceptance/deckrender-acceptance/benchmark/artifacts/acceptance/runtimes/v0.3.1/node_modules/agent-base/dist/src/index.js", O_RDONLY|O_CLOEXEC) = 21
5607  openat(AT_FDCWD, "/home/runner/work/deckrender-acceptance/deckrender-acceptance/benchmark/artifacts/acceptance/runtimes/v0.3.1/node_modules/agent-base/dist/src/promisify.js", O_RDONLY|O_CLOEXEC) = 21
5607  openat(AT_FDCWD, "/home/runner/work/deckrender-acceptance/deckrender-acceptance/benchmark/artifacts/acceptance/runtimes/v0.3.1/node_modules/https-proxy-agent/dist/parse-proxy-response.js", O_RDONLY|O_CLOEXEC) = 21
5607  openat(AT_FDCWD, "/home/runner/work/deckrender-acceptance/deckrender-acceptance/benchmark/artifacts/acceptance/runtimes/v0.3.1/node_modules/follow-redirects/debug.js", O_RDONLY|O_CLOEXEC) = 21
5607  openat(AT_FDCWD, "/home/runner/work/deckrender-acceptance/deckrender-acceptance/benchmark/artifacts/acceptance/runtimes/v0.3.1/node_modules/mimic-fn/package.json", O_RDONLY|O_CLOEXEC) = 21
5607  openat(AT_FDCWD, "/home/runner/work/deckrender-acceptance/deckrender-acceptance/benchmark/artifacts/acceptance/runtimes/v0.3.1/node_modules/mimic-fn/index.js", O_RDONLY|O_CLOEXEC) = 21
5607  openat(AT_FDCWD, "/home/runner/work/deckrender-acceptance/deckrender-acceptance/benchmark/artifacts/acceptance/runtimes/v0.3.1/node_modules/signal-exit/signals.js", O_RDONLY|O_CLOEXEC) = 21
5607  openat(AT_FDCWD, "/home/runner/work/deckrender-acceptance/deckrender-acceptance/benchmark/artifacts/acceptance/runtimes/v0.3.1/node_modules/cli-spinners/spinners.json", O_RDONLY|O_CLOEXEC) = 21
5607  openat(AT_FDCWD, "/home/runner/work/deckrender-acceptance/deckrender-acceptance/benchmark/artifacts/acceptance/runtimes/v0.3.1/node_modules/readable-stream/package.json", O_RDONLY|O_CLOEXEC) = 21
5607  openat(AT_FDCWD, "/home/runner/work/deckrender-acceptance/deckrender-acceptance/benchmark/artifacts/acceptance/runtimes/v0.3.1/node_modules/readable-stream/readable.js", O_RDONLY|O_CLOEXEC) = 21
5607  openat(AT_FDCWD, "/home/runner/work/deckrender-acceptance/deckrender-acceptance/benchmark/artifacts/acceptance/runtimes/v0.3.1/node_modules/readable-stream/lib/_stream_readable.js", O_RDONLY|O_CLOEXEC) = 21
5607  openat(AT_FDCWD, "/home/runner/work/deckrender-acceptance/deckrender-acceptance/benchmark/artifacts/acceptance/runtimes/v0.3.1/node_modules/readable-stream/lib/internal/streams/stream.js", O_RDONLY|O_CLOEXEC) = 21
5607  openat(AT_FDCWD, "/home/runner/work/deckrender-acceptance/deckrender-acceptance/benchmark/artifacts/acceptance/runtimes/v0.3.1/node_modules/readable-stream/lib/internal/streams/buffer_list.js", O_RDONLY|O_CLOEXEC) = 21
5607  openat(AT_FDCWD, "/home/runner/work/deckrender-acceptance/deckrender-acceptance/benchmark/artifacts/acceptance/runtimes/v0.3.1/node_modules/readable-stream/lib/internal/streams/destroy.js", O_RDONLY|O_CLOEXEC) = 21
5607  openat(AT_FDCWD, "/home/runner/work/deckrender-acceptance/deckrender-acceptance/benchmark/artifacts/acceptance/runtimes/v0.3.1/node_modules/readable-stream/lib/internal/streams/state.js", O_RDONLY|O_CLOEXEC) = 21
5607  openat(AT_FDCWD, "/home/runner/work/deckrender-acceptance/deckrender-acceptance/benchmark/artifacts/acceptance/runtimes/v0.3.1/node_modules/readable-stream/errors.js", O_RDONLY|O_CLOEXEC) = 21
5607  openat(AT_FDCWD, "/home/runner/work/deckrender-acceptance/deckrender-acceptance/benchmark/artifacts/acceptance/runtimes/v0.3.1/node_modules/inherits/package.json", O_RDONLY|O_CLOEXEC) = 21
5607  openat(AT_FDCWD, "/home/runner/work/deckrender-acceptance/deckrender-acceptance/benchmark/artifacts/acceptance/runtimes/v0.3.1/node_modules/inherits/inherits.js", O_RDONLY|O_CLOEXEC) = 21
5607  openat(AT_FDCWD, "/home/runner/work/deckrender-acceptance/deckrender-acceptance/benchmark/artifacts/acceptance/runtimes/v0.3.1/node_modules/readable-stream/lib/_stream_writable.js", O_RDONLY|O_CLOEXEC) = 21
5607  openat(AT_FDCWD, "/home/runner/work/deckrender-acceptance/deckrender-acceptance/benchmark/artifacts/acceptance/runtimes/v0.3.1/node_modules/util-deprecate/package.json", O_RDONLY|O_CLOEXEC) = 21
5607  openat(AT_FDCWD, "/home/runner/work/deckrender-acceptance/deckrender-acceptance/benchmark/artifacts/acceptance/runtimes/v0.3.1/node_modules/util-deprecate/node.js", O_RDONLY|O_CLOEXEC) = 21
5607  openat(AT_FDCWD, "/home/runner/work/deckrender-acceptance/deckrender-acceptance/benchmark/artifacts/acceptance/runtimes/v0.3.1/node_modules/readable-stream/lib/_stream_duplex.js", O_RDONLY|O_CLOEXEC) = 21
5607  openat(AT_FDCWD, "/home/runner/work/deckrender-acceptance/deckrender-acceptance/benchmark/artifacts/acceptance/runtimes/v0.3.1/node_modules/readable-stream/lib/_stream_transform.js", O_RDONLY|O_CLOEXEC) = 21
5607  openat(AT_FDCWD, "/home/runner/work/deckrender-acceptance/deckrender-acceptance/benchmark/artifacts/acceptance/runtimes/v0.3.1/node_modules/readable-stream/lib/_stream_passthrough.js", O_RDONLY|O_CLOEXEC) = 21
5607  openat(AT_FDCWD, "/home/runner/work/deckrender-acceptance/deckrender-acceptance/benchmark/artifacts/acceptance/runtimes/v0.3.1/node_modules/readable-stream/lib/internal/streams/end-of-stream.js", O_RDONLY|O_CLOEXEC) = 21
5607  openat(AT_FDCWD, "/home/runner/work/deckrender-acceptance/deckrender-acceptance/benchmark/artifacts/acceptance/runtimes/v0.3.1/node_modules/readable-stream/lib/internal/streams/pipeline.js", O_RDONLY|O_CLOEXEC) = 21
5607  openat(AT_FDCWD, "/home/runner/work/deckrender-acceptance/deckrender-acceptance/benchmark/artifacts/acceptance/runtimes/v0.3.1/node_modules/bl/BufferList.js", O_RDONLY|O_CLOEXEC) = 21
5615  openat(AT_FDCWD, "/home/runner/work/deckrender-acceptance/deckrender-acceptance/benchmark/artifacts/acceptance/private/sandboxes/8a8d6e2755b96ea7e402419a7f6480dae7d3e052badaf8c08ff2cffa6f79c2bf/.deckrender/config.json", O_RDONLY|O_CLOEXEC) = -1 ENOENT (No such file or directory)
