10614 openat(AT_FDCWD, "/opt/hostedtoolcache/Python/3.12.14/x64/lib/glibc-hwcaps/x86-64-v4/libdl.so.2", O_RDONLY|O_CLOEXEC) = -1 ENOENT (No such file or directory)
10614 openat(AT_FDCWD, "/opt/hostedtoolcache/Python/3.12.14/x64/lib/glibc-hwcaps/x86-64-v3/libdl.so.2", O_RDONLY|O_CLOEXEC) = -1 ENOENT (No such file or directory)
10614 openat(AT_FDCWD, "/opt/hostedtoolcache/Python/3.12.14/x64/lib/glibc-hwcaps/x86-64-v2/libdl.so.2", O_RDONLY|O_CLOEXEC) = -1 ENOENT (No such file or directory)
10614 openat(AT_FDCWD, "/opt/hostedtoolcache/Python/3.12.14/x64/lib/libdl.so.2", O_RDONLY|O_CLOEXEC) = -1 ENOENT (No such file or directory)
10614 openat(AT_FDCWD, "/etc/ld.so.cache", O_RDONLY|O_CLOEXEC) = 3
10614 openat(AT_FDCWD, "/lib/x86_64-linux-gnu/libdl.so.2", O_RDONLY|O_CLOEXEC) = 3
10614 openat(AT_FDCWD, "/opt/hostedtoolcache/Python/3.12.14/x64/lib/libstdc++.so.6", O_RDONLY|O_CLOEXEC) = -1 ENOENT (No such file or directory)
10614 openat(AT_FDCWD, "/lib/x86_64-linux-gnu/libstdc++.so.6", O_RDONLY|O_CLOEXEC) = 3
10614 openat(AT_FDCWD, "/opt/hostedtoolcache/Python/3.12.14/x64/lib/libm.so.6", O_RDONLY|O_CLOEXEC) = -1 ENOENT (No such file or directory)
10614 openat(AT_FDCWD, "/lib/x86_64-linux-gnu/libm.so.6", O_RDONLY|O_CLOEXEC) = 3
10614 openat(AT_FDCWD, "/opt/hostedtoolcache/Python/3.12.14/x64/lib/libgcc_s.so.1", O_RDONLY|O_CLOEXEC) = -1 ENOENT (No such file or directory)
10614 openat(AT_FDCWD, "/lib/x86_64-linux-gnu/libgcc_s.so.1", O_RDONLY|O_CLOEXEC) = 3
10614 openat(AT_FDCWD, "/opt/hostedtoolcache/Python/3.12.14/x64/lib/libpthread.so.0", O_RDONLY|O_CLOEXEC) = -1 ENOENT (No such file or directory)
10614 openat(AT_FDCWD, "/lib/x86_64-linux-gnu/libpthread.so.0", O_RDONLY|O_CLOEXEC) = 3
10614 openat(AT_FDCWD, "/opt/hostedtoolcache/Python/3.12.14/x64/lib/libc.so.6", O_RDONLY|O_CLOEXEC) = -1 ENOENT (No such file or directory)
10614 openat(AT_FDCWD, "/lib/x86_64-linux-gnu/libc.so.6", O_RDONLY|O_CLOEXEC) = 3
10614 openat(AT_FDCWD, "/etc/ssl/openssl.cnf", O_RDONLY) = 3
10614 openat(AT_FDCWD, "/proc/version_signature", O_RDONLY|O_CLOEXEC) = 4
10614 openat(AT_FDCWD, "/proc/self/cgroup", O_RDONLY|O_CLOEXEC) = 20
10614 openat(AT_FDCWD, "/sys/fs/cgroup/system.slice/hosted-compute-agent.service/memory.max", O_RDONLY|O_CLOEXEC) = 20
10614 openat(AT_FDCWD, "/sys/fs/cgroup/system.slice/hosted-compute-agent.service/memory.high", O_RDONLY|O_CLOEXEC) = 20
10614 openat(AT_FDCWD, "/proc/meminfo", O_RDONLY|O_CLOEXEC) = 20
10614 openat(AT_FDCWD, "/proc/self/maps", O_RDONLY|O_CLOEXEC) = 20
10614 openat(AT_FDCWD, "/proc/self/maps", O_RDONLY) = 20
10614 openat(AT_FDCWD, "/proc/self/maps", O_RDONLY) = 20
10614 openat(AT_FDCWD, "/opt/hostedtoolcache/node/22.23.2/x64/bin/node", O_RDONLY) = 20
10614 openat(AT_FDCWD, "/home/runner/work/deckrender-acceptance/deckrender-acceptance/benchmark/adapters/credential-probe.cjs", O_RDONLY|O_CLOEXEC) = 20
10614 openat(AT_FDCWD, "/home/runner/work/deckrender-acceptance/deckrender-acceptance/benchmark/artifacts/acceptance/runs/34426566778-local/evidence/REN-R07-render-ce97bc5e71bb/credentials.jsonl", O_WRONLY|O_CREAT|O_APPEND|O_CLOEXEC, 0666) = 20
10614 openat(AT_FDCWD, "/home/runner/work/deckrender-acceptance/deckrender-acceptance/benchmark/adapters/sdk.mjs", O_RDONLY|O_CLOEXEC) = 20
10614 openat(AT_FDCWD, "/home/runner/work/deckrender-acceptance/deckrender-acceptance/benchmark/artifacts/acceptance/runs/34426566778-local/evidence/REN-R07-render-ce97bc5e71bb/request.json", O_RDONLY|O_CLOEXEC) = 20
10614 openat(AT_FDCWD, "/home/runner/work/deckrender-acceptance/deckrender-acceptance/benchmark/artifacts/acceptance/runtimes/v0.3.1/node_modules/@deckflow/deckrender/dist/package.json", O_RDONLY|O_CLOEXEC) = -1 ENOENT (No such file or directory)
10614 openat(AT_FDCWD, "/home/runner/work/deckrender-acceptance/deckrender-acceptance/benchmark/artifacts/acceptance/runtimes/v0.3.1/node_modules/@deckflow/deckrender/package.json", O_RDONLY|O_CLOEXEC) = 20
10614 openat(AT_FDCWD, "/home/runner/work/deckrender-acceptance/deckrender-acceptance/benchmark/artifacts/acceptance/runtimes/v0.3.1/node_modules/@deckflow/deckrender/dist/index.js", O_RDONLY|O_CLOEXEC) = 20
10614 openat(AT_FDCWD, "/home/runner/work/deckrender-acceptance/deckrender-acceptance/benchmark/artifacts/acceptance/runtimes/v0.3.1/node_modules/@deckflow/deckrender/dist/package.json", O_RDONLY|O_CLOEXEC) = -1 ENOENT (No such file or directory)
10614 openat(AT_FDCWD, "/home/runner/work/deckrender-acceptance/deckrender-acceptance/benchmark/artifacts/acceptance/runtimes/v0.3.1/node_modules/@deckops/sdk/package.json", O_RDONLY|O_CLOEXEC) = 20
10614 openat(AT_FDCWD, "/home/runner/work/deckrender-acceptance/deckrender-acceptance/benchmark/artifacts/acceptance/runtimes/v0.3.1/node_modules/@deckops/sdk/dist/package.json", O_RDONLY|O_CLOEXEC) = -1 ENOENT (No such file or directory)
10614 openat(AT_FDCWD, "/home/runner/work/deckrender-acceptance/deckrender-acceptance/benchmark/artifacts/acceptance/runtimes/v0.3.1/node_modules/@deckflow/deckrender/dist/package.json", O_RDONLY|O_CLOEXEC) = -1 ENOENT (No such file or directory)
10614 openat(AT_FDCWD, "/home/runner/work/deckrender-acceptance/deckrender-acceptance/benchmark/artifacts/acceptance/runtimes/v0.3.1/node_modules/p-limit/package.json", O_RDONLY|O_CLOEXEC) = 20
10614 openat(AT_FDCWD, "/home/runner/work/deckrender-acceptance/deckrender-acceptance/benchmark/artifacts/acceptance/runtimes/v0.3.1/node_modules/@deckflow/deckrender/dist/package.json", O_RDONLY|O_CLOEXEC) = -1 ENOENT (No such file or directory)
10614 openat(AT_FDCWD, "/home/runner/work/deckrender-acceptance/deckrender-acceptance/benchmark/artifacts/acceptance/runtimes/v0.3.1/node_modules/zod/package.json", O_RDONLY|O_CLOEXEC) = 20
10614 openat(AT_FDCWD, "/home/runner/work/deckrender-acceptance/deckrender-acceptance/benchmark/artifacts/acceptance/runtimes/v0.3.1/node_modules/@deckops/sdk/dist/index.js", O_RDONLY|O_CLOEXEC) = 20
10614 openat(AT_FDCWD, "/home/runner/work/deckrender-acceptance/deckrender-acceptance/benchmark/artifacts/acceptance/runtimes/v0.3.1/node_modules/p-limit/index.js", O_RDONLY|O_CLOEXEC) = 20
10614 openat(AT_FDCWD, "/dev/null", O_RDONLY|O_CLOEXEC) = 20
10614 openat(AT_FDCWD, "/home/runner/work/deckrender-acceptance/deckrender-acceptance/benchmark/artifacts/acceptance/runtimes/v0.3.1/node_modules/zod/index.js", O_RDONLY|O_CLOEXEC) = 21
10614 openat(AT_FDCWD, "/home/runner/work/deckrender-acceptance/deckrender-acceptance/benchmark/artifacts/acceptance/runtimes/v0.3.1/node_modules/@deckops/sdk/dist/package.json", O_RDONLY|O_CLOEXEC) = -1 ENOENT (No such file or directory)
10614 openat(AT_FDCWD, "/home/runner/work/deckrender-acceptance/deckrender-acceptance/benchmark/artifacts/acceptance/runtimes/v0.3.1/node_modules/axios/package.json", O_RDONLY|O_CLOEXEC) = 21
10614 openat(AT_FDCWD, "/home/runner/work/deckrender-acceptance/deckrender-acceptance/benchmark/artifacts/acceptance/runtimes/v0.3.1/node_modules/@deckops/sdk/dist/package.json", O_RDONLY|O_CLOEXEC) = -1 ENOENT (No such file or directory)
10614 openat(AT_FDCWD, "/home/runner/work/deckrender-acceptance/deckrender-acceptance/benchmark/artifacts/acceptance/runtimes/v0.3.1/node_modules/@deckops/sdk/dist/package.json", O_RDONLY|O_CLOEXEC) = -1 ENOENT (No such file or directory)
10614 openat(AT_FDCWD, "/home/runner/work/deckrender-acceptance/deckrender-acceptance/benchmark/artifacts/acceptance/runtimes/v0.3.1/node_modules/eventsource-parser/package.json", O_RDONLY|O_CLOEXEC) = 21
10614 openat(AT_FDCWD, "/home/runner/work/deckrender-acceptance/deckrender-acceptance/benchmark/artifacts/acceptance/runtimes/v0.3.1/node_modules/eventsource-parser/dist/package.json", O_RDONLY|O_CLOEXEC) = -1 ENOENT (No such file or directory)
10614 openat(AT_FDCWD, "/home/runner/work/deckrender-acceptance/deckrender-acceptance/benchmark/artifacts/acceptance/runtimes/v0.3.1/node_modules/yocto-queue/package.json", O_RDONLY|O_CLOEXEC) = 21
10614 openat(AT_FDCWD, "/home/runner/work/deckrender-acceptance/deckrender-acceptance/benchmark/artifacts/acceptance/runtimes/v0.3.1/node_modules/zod/v3/package.json", O_RDONLY|O_CLOEXEC) = -1 ENOENT (No such file or directory)
10614 openat(AT_FDCWD, "/home/runner/work/deckrender-acceptance/deckrender-acceptance/benchmark/artifacts/acceptance/runtimes/v0.3.1/node_modules/axios/index.js", O_RDONLY|O_CLOEXEC) = 21
10614 openat(AT_FDCWD, "/home/runner/work/deckrender-acceptance/deckrender-acceptance/benchmark/artifacts/acceptance/runtimes/v0.3.1/node_modules/eventsource-parser/dist/index.js", O_RDONLY|O_CLOEXEC) = 21
10614 openat(AT_FDCWD, "/home/runner/work/deckrender-acceptance/deckrender-acceptance/benchmark/artifacts/acceptance/runtimes/v0.3.1/node_modules/yocto-queue/index.js", O_RDONLY|O_CLOEXEC) = 21
10614 openat(AT_FDCWD, "/home/runner/work/deckrender-acceptance/deckrender-acceptance/benchmark/artifacts/acceptance/runtimes/v0.3.1/node_modules/zod/v3/external.js", O_RDONLY|O_CLOEXEC) = 21
10614 openat(AT_FDCWD, "/home/runner/work/deckrender-acceptance/deckrender-acceptance/benchmark/artifacts/acceptance/runtimes/v0.3.1/node_modules/axios/lib/package.json", O_RDONLY|O_CLOEXEC) = -1 ENOENT (No such file or directory)
10614 openat(AT_FDCWD, "/home/runner/work/deckrender-acceptance/deckrender-acceptance/benchmark/artifacts/acceptance/runtimes/v0.3.1/node_modules/zod/v3/package.json", O_RDONLY|O_CLOEXEC) = -1 ENOENT (No such file or directory)
10614 openat(AT_FDCWD, "/home/runner/work/deckrender-acceptance/deckrender-acceptance/benchmark/artifacts/acceptance/runtimes/v0.3.1/node_modules/zod/v3/helpers/package.json", O_RDONLY|O_CLOEXEC) = -1 ENOENT (No such file or directory)
10614 openat(AT_FDCWD, "/home/runner/work/deckrender-acceptance/deckrender-acceptance/benchmark/artifacts/acceptance/runtimes/v0.3.1/node_modules/zod/v3/package.json", O_RDONLY|O_CLOEXEC) = -1 ENOENT (No such file or directory)
10614 openat(AT_FDCWD, "/home/runner/work/deckrender-acceptance/deckrender-acceptance/benchmark/artifacts/acceptance/runtimes/v0.3.1/node_modules/zod/v3/helpers/package.json", O_RDONLY|O_CLOEXEC) = -1 ENOENT (No such file or directory)
10614 openat(AT_FDCWD, "/home/runner/work/deckrender-acceptance/deckrender-acceptance/benchmark/artifacts/acceptance/runtimes/v0.3.1/node_modules/zod/v3/package.json", O_RDONLY|O_CLOEXEC) = -1 ENOENT (No such file or directory)
10614 openat(AT_FDCWD, "/home/runner/work/deckrender-acceptance/deckrender-acceptance/benchmark/artifacts/acceptance/runtimes/v0.3.1/node_modules/zod/v3/helpers/package.json", O_RDONLY|O_CLOEXEC) = -1 ENOENT (No such file or directory)
10614 openat(AT_FDCWD, "/home/runner/work/deckrender-acceptance/deckrender-acceptance/benchmark/artifacts/acceptance/runtimes/v0.3.1/node_modules/zod/v3/package.json", O_RDONLY|O_CLOEXEC) = -1 ENOENT (No such file or directory)
10614 openat(AT_FDCWD, "/home/runner/work/deckrender-acceptance/deckrender-acceptance/benchmark/artifacts/acceptance/runtimes/v0.3.1/node_modules/zod/v3/package.json", O_RDONLY|O_CLOEXEC) = -1 ENOENT (No such file or directory)
10614 openat(AT_FDCWD, "/home/runner/work/deckrender-acceptance/deckrender-acceptance/benchmark/artifacts/acceptance/runtimes/v0.3.1/node_modules/zod/v3/package.json", O_RDONLY|O_CLOEXEC) = -1 ENOENT (No such file or directory)
10614 openat(AT_FDCWD, "/home/runner/work/deckrender-acceptance/deckrender-acceptance/benchmark/artifacts/acceptance/runtimes/v0.3.1/node_modules/axios/lib/axios.js", O_RDONLY|O_CLOEXEC) = 21
10614 openat(AT_FDCWD, "/home/runner/work/deckrender-acceptance/deckrender-acceptance/benchmark/artifacts/acceptance/runtimes/v0.3.1/node_modules/zod/v3/errors.js", O_RDONLY|O_CLOEXEC) = 21
10614 openat(AT_FDCWD, "/home/runner/work/deckrender-acceptance/deckrender-acceptance/benchmark/artifacts/acceptance/runtimes/v0.3.1/node_modules/zod/v3/helpers/parseUtil.js", O_RDONLY|O_CLOEXEC) = 21
10614 openat(AT_FDCWD, "/home/runner/work/deckrender-acceptance/deckrender-acceptance/benchmark/artifacts/acceptance/runtimes/v0.3.1/node_modules/zod/v3/helpers/typeAliases.js", O_RDONLY|O_CLOEXEC) = 21
10614 openat(AT_FDCWD, "/home/runner/work/deckrender-acceptance/deckrender-acceptance/benchmark/artifacts/acceptance/runtimes/v0.3.1/node_modules/zod/v3/helpers/util.js", O_RDONLY|O_CLOEXEC) = 21
10614 openat(AT_FDCWD, "/home/runner/work/deckrender-acceptance/deckrender-acceptance/benchmark/artifacts/acceptance/runtimes/v0.3.1/node_modules/zod/v3/types.js", O_RDONLY|O_CLOEXEC) = 21
10614 openat(AT_FDCWD, "/home/runner/work/deckrender-acceptance/deckrender-acceptance/benchmark/artifacts/acceptance/runtimes/v0.3.1/node_modules/zod/v3/ZodError.js", O_RDONLY|O_CLOEXEC) = 21
10614 openat(AT_FDCWD, "/home/runner/work/deckrender-acceptance/deckrender-acceptance/benchmark/artifacts/acceptance/runtimes/v0.3.1/node_modules/axios/lib/package.json", O_RDONLY|O_CLOEXEC) = -1 ENOENT (No such file or directory)
10614 openat(AT_FDCWD, "/home/runner/work/deckrender-acceptance/deckrender-acceptance/benchmark/artifacts/acceptance/runtimes/v0.3.1/node_modules/axios/lib/helpers/package.json", O_RDONLY|O_CLOEXEC) = -1 ENOENT (No such file or directory)
10614 openat(AT_FDCWD, "/home/runner/work/deckrender-acceptance/deckrender-acceptance/benchmark/artifacts/acceptance/runtimes/v0.3.1/node_modules/axios/lib/package.json", O_RDONLY|O_CLOEXEC) = -1 ENOENT (No such file or directory)
10614 openat(AT_FDCWD, "/home/runner/work/deckrender-acceptance/deckrender-acceptance/benchmark/artifacts/acceptance/runtimes/v0.3.1/node_modules/axios/lib/core/package.json", O_RDONLY|O_CLOEXEC) = -1 ENOENT (No such file or directory)
10614 openat(AT_FDCWD, "/home/runner/work/deckrender-acceptance/deckrender-acceptance/benchmark/artifacts/acceptance/runtimes/v0.3.1/node_modules/axios/lib/package.json", O_RDONLY|O_CLOEXEC) = -1 ENOENT (No such file or directory)
10614 openat(AT_FDCWD, "/home/runner/work/deckrender-acceptance/deckrender-acceptance/benchmark/artifacts/acceptance/runtimes/v0.3.1/node_modules/axios/lib/core/package.json", O_RDONLY|O_CLOEXEC) = -1 ENOENT (No such file or directory)
10614 openat(AT_FDCWD, "/home/runner/work/deckrender-acceptance/deckrender-acceptance/benchmark/artifacts/acceptance/runtimes/v0.3.1/node_modules/axios/lib/package.json", O_RDONLY|O_CLOEXEC) = -1 ENOENT (No such file or directory)
10614 openat(AT_FDCWD, "/home/runner/work/deckrender-acceptance/deckrender-acceptance/benchmark/artifacts/acceptance/runtimes/v0.3.1/node_modules/axios/lib/defaults/package.json", O_RDONLY|O_CLOEXEC) = -1 ENOENT (No such file or directory)
10614 openat(AT_FDCWD, "/home/runner/work/deckrender-acceptance/deckrender-acceptance/benchmark/artifacts/acceptance/runtimes/v0.3.1/node_modules/axios/lib/package.json", O_RDONLY|O_CLOEXEC) = -1 ENOENT (No such file or directory)
10614 openat(AT_FDCWD, "/home/runner/work/deckrender-acceptance/deckrender-acceptance/benchmark/artifacts/acceptance/runtimes/v0.3.1/node_modules/axios/lib/helpers/package.json", O_RDONLY|O_CLOEXEC) = -1 ENOENT (No such file or directory)
10614 openat(AT_FDCWD, "/home/runner/work/deckrender-acceptance/deckrender-acceptance/benchmark/artifacts/acceptance/runtimes/v0.3.1/node_modules/axios/lib/package.json", O_RDONLY|O_CLOEXEC) = -1 ENOENT (No such file or directory)
10614 openat(AT_FDCWD, "/home/runner/work/deckrender-acceptance/deckrender-acceptance/benchmark/artifacts/acceptance/runtimes/v0.3.1/node_modules/axios/lib/cancel/package.json", O_RDONLY|O_CLOEXEC) = -1 ENOENT (No such file or directory)
10614 openat(AT_FDCWD, "/home/runner/work/deckrender-acceptance/deckrender-acceptance/benchmark/artifacts/acceptance/runtimes/v0.3.1/node_modules/axios/lib/package.json", O_RDONLY|O_CLOEXEC) = -1 ENOENT (No such file or directory)
10614 openat(AT_FDCWD, "/home/runner/work/deckrender-acceptance/deckrender-acceptance/benchmark/artifacts/acceptance/runtimes/v0.3.1/node_modules/axios/lib/cancel/package.json", O_RDONLY|O_CLOEXEC) = -1 ENOENT (No such file or directory)
10614 openat(AT_FDCWD, "/home/runner/work/deckrender-acceptance/deckrender-acceptance/benchmark/artifacts/acceptance/runtimes/v0.3.1/node_modules/axios/lib/package.json", O_RDONLY|O_CLOEXEC) = -1 ENOENT (No such file or directory)
10614 openat(AT_FDCWD, "/home/runner/work/deckrender-acceptance/deckrender-acceptance/benchmark/artifacts/acceptance/runtimes/v0.3.1/node_modules/axios/lib/cancel/package.json", O_RDONLY|O_CLOEXEC) = -1 ENOENT (No such file or directory)
10614 openat(AT_FDCWD, "/home/runner/work/deckrender-acceptance/deckrender-acceptance/benchmark/artifacts/acceptance/runtimes/v0.3.1/node_modules/axios/lib/package.json", O_RDONLY|O_CLOEXEC) = -1 ENOENT (No such file or directory)
10614 openat(AT_FDCWD, "/home/runner/work/deckrender-acceptance/deckrender-acceptance/benchmark/artifacts/acceptance/runtimes/v0.3.1/node_modules/axios/lib/env/package.json", O_RDONLY|O_CLOEXEC) = -1 ENOENT (No such file or directory)
10614 openat(AT_FDCWD, "/home/runner/work/deckrender-acceptance/deckrender-acceptance/benchmark/artifacts/acceptance/runtimes/v0.3.1/node_modules/axios/lib/package.json", O_RDONLY|O_CLOEXEC) = -1 ENOENT (No such file or directory)
10614 openat(AT_FDCWD, "/home/runner/work/deckrender-acceptance/deckrender-acceptance/benchmark/artifacts/acceptance/runtimes/v0.3.1/node_modules/axios/lib/helpers/package.json", O_RDONLY|O_CLOEXEC) = -1 ENOENT (No such file or directory)
10614 openat(AT_FDCWD, "/home/runner/work/deckrender-acceptance/deckrender-acceptance/benchmark/artifacts/acceptance/runtimes/v0.3.1/node_modules/axios/lib/package.json", O_RDONLY|O_CLOEXEC) = -1 ENOENT (No such file or directory)
10614 openat(AT_FDCWD, "/home/runner/work/deckrender-acceptance/deckrender-acceptance/benchmark/artifacts/acceptance/runtimes/v0.3.1/node_modules/axios/lib/core/package.json", O_RDONLY|O_CLOEXEC) = -1 ENOENT (No such file or directory)
10614 openat(AT_FDCWD, "/home/runner/work/deckrender-acceptance/deckrender-acceptance/benchmark/artifacts/acceptance/runtimes/v0.3.1/node_modules/axios/lib/package.json", O_RDONLY|O_CLOEXEC) = -1 ENOENT (No such file or directory)
10614 openat(AT_FDCWD, "/home/runner/work/deckrender-acceptance/deckrender-acceptance/benchmark/artifacts/acceptance/runtimes/v0.3.1/node_modules/axios/lib/helpers/package.json", O_RDONLY|O_CLOEXEC) = -1 ENOENT (No such file or directory)
10614 openat(AT_FDCWD, "/home/runner/work/deckrender-acceptance/deckrender-acceptance/benchmark/artifacts/acceptance/runtimes/v0.3.1/node_modules/axios/lib/package.json", O_RDONLY|O_CLOEXEC) = -1 ENOENT (No such file or directory)
10614 openat(AT_FDCWD, "/home/runner/work/deckrender-acceptance/deckrender-acceptance/benchmark/artifacts/acceptance/runtimes/v0.3.1/node_modules/axios/lib/helpers/package.json", O_RDONLY|O_CLOEXEC) = -1 ENOENT (No such file or directory)
10614 openat(AT_FDCWD, "/home/runner/work/deckrender-acceptance/deckrender-acceptance/benchmark/artifacts/acceptance/runtimes/v0.3.1/node_modules/axios/lib/package.json", O_RDONLY|O_CLOEXEC) = -1 ENOENT (No such file or directory)
10614 openat(AT_FDCWD, "/home/runner/work/deckrender-acceptance/deckrender-acceptance/benchmark/artifacts/acceptance/runtimes/v0.3.1/node_modules/axios/lib/core/package.json", O_RDONLY|O_CLOEXEC) = -1 ENOENT (No such file or directory)
10614 openat(AT_FDCWD, "/home/runner/work/deckrender-acceptance/deckrender-acceptance/benchmark/artifacts/acceptance/runtimes/v0.3.1/node_modules/axios/lib/package.json", O_RDONLY|O_CLOEXEC) = -1 ENOENT (No such file or directory)
10614 openat(AT_FDCWD, "/home/runner/work/deckrender-acceptance/deckrender-acceptance/benchmark/artifacts/acceptance/runtimes/v0.3.1/node_modules/axios/lib/adapters/package.json", O_RDONLY|O_CLOEXEC) = -1 ENOENT (No such file or directory)
10614 openat(AT_FDCWD, "/home/runner/work/deckrender-acceptance/deckrender-acceptance/benchmark/artifacts/acceptance/runtimes/v0.3.1/node_modules/axios/lib/package.json", O_RDONLY|O_CLOEXEC) = -1 ENOENT (No such file or directory)
10614 openat(AT_FDCWD, "/home/runner/work/deckrender-acceptance/deckrender-acceptance/benchmark/artifacts/acceptance/runtimes/v0.3.1/node_modules/axios/lib/helpers/package.json", O_RDONLY|O_CLOEXEC) = -1 ENOENT (No such file or directory)
10614 openat(AT_FDCWD, "/home/runner/work/deckrender-acceptance/deckrender-acceptance/benchmark/artifacts/acceptance/runtimes/v0.3.1/node_modules/axios/lib/package.json", O_RDONLY|O_CLOEXEC) = -1 ENOENT (No such file or directory)
10614 openat(AT_FDCWD, "/home/runner/work/deckrender-acceptance/deckrender-acceptance/benchmark/artifacts/acceptance/runtimes/v0.3.1/node_modules/zod/v3/locales/package.json", O_RDONLY|O_CLOEXEC) = -1 ENOENT (No such file or directory)
10614 openat(AT_FDCWD, "/home/runner/work/deckrender-acceptance/deckrender-acceptance/benchmark/artifacts/acceptance/runtimes/v0.3.1/node_modules/zod/v3/package.json", O_RDONLY|O_CLOEXEC) = -1 ENOENT (No such file or directory)
10614 openat(AT_FDCWD, "/home/runner/work/deckrender-acceptance/deckrender-acceptance/benchmark/artifacts/acceptance/runtimes/v0.3.1/node_modules/zod/v3/package.json", O_RDONLY|O_CLOEXEC) = -1 ENOENT (No such file or directory)
10614 openat(AT_FDCWD, "/home/runner/work/deckrender-acceptance/deckrender-acceptance/benchmark/artifacts/acceptance/runtimes/v0.3.1/node_modules/zod/v3/locales/package.json", O_RDONLY|O_CLOEXEC) = -1 ENOENT (No such file or directory)
10614 openat(AT_FDCWD, "/home/runner/work/deckrender-acceptance/deckrender-acceptance/benchmark/artifacts/acceptance/runtimes/v0.3.1/node_modules/zod/v3/package.json", O_RDONLY|O_CLOEXEC) = -1 ENOENT (No such file or directory)
10614 openat(AT_FDCWD, "/home/runner/work/deckrender-acceptance/deckrender-acceptance/benchmark/artifacts/acceptance/runtimes/v0.3.1/node_modules/zod/v3/package.json", O_RDONLY|O_CLOEXEC) = -1 ENOENT (No such file or directory)
10614 openat(AT_FDCWD, "/home/runner/work/deckrender-acceptance/deckrender-acceptance/benchmark/artifacts/acceptance/runtimes/v0.3.1/node_modules/zod/v3/package.json", O_RDONLY|O_CLOEXEC) = -1 ENOENT (No such file or directory)
10614 openat(AT_FDCWD, "/home/runner/work/deckrender-acceptance/deckrender-acceptance/benchmark/artifacts/acceptance/runtimes/v0.3.1/node_modules/zod/v3/helpers/package.json", O_RDONLY|O_CLOEXEC) = -1 ENOENT (No such file or directory)
10614 openat(AT_FDCWD, "/home/runner/work/deckrender-acceptance/deckrender-acceptance/benchmark/artifacts/acceptance/runtimes/v0.3.1/node_modules/zod/v3/package.json", O_RDONLY|O_CLOEXEC) = -1 ENOENT (No such file or directory)
10614 openat(AT_FDCWD, "/home/runner/work/deckrender-acceptance/deckrender-acceptance/benchmark/artifacts/acceptance/runtimes/v0.3.1/node_modules/zod/v3/helpers/package.json", O_RDONLY|O_CLOEXEC) = -1 ENOENT (No such file or directory)
10614 openat(AT_FDCWD, "/home/runner/work/deckrender-acceptance/deckrender-acceptance/benchmark/artifacts/acceptance/runtimes/v0.3.1/node_modules/zod/v3/package.json", O_RDONLY|O_CLOEXEC) = -1 ENOENT (No such file or directory)
10614 openat(AT_FDCWD, "/home/runner/work/deckrender-acceptance/deckrender-acceptance/benchmark/artifacts/acceptance/runtimes/v0.3.1/node_modules/zod/v3/helpers/package.json", O_RDONLY|O_CLOEXEC) = -1 ENOENT (No such file or directory)
10614 openat(AT_FDCWD, "/home/runner/work/deckrender-acceptance/deckrender-acceptance/benchmark/artifacts/acceptance/runtimes/v0.3.1/node_modules/zod/v3/package.json", O_RDONLY|O_CLOEXEC) = -1 ENOENT (No such file or directory)
10614 openat(AT_FDCWD, "/home/runner/work/deckrender-acceptance/deckrender-acceptance/benchmark/artifacts/acceptance/runtimes/v0.3.1/node_modules/zod/v3/helpers/package.json", O_RDONLY|O_CLOEXEC) = -1 ENOENT (No such file or directory)
10614 openat(AT_FDCWD, "/home/runner/work/deckrender-acceptance/deckrender-acceptance/benchmark/artifacts/acceptance/runtimes/v0.3.1/node_modules/zod/v3/package.json", O_RDONLY|O_CLOEXEC) = -1 ENOENT (No such file or directory)
10614 openat(AT_FDCWD, "/home/runner/work/deckrender-acceptance/deckrender-acceptance/benchmark/artifacts/acceptance/runtimes/v0.3.1/node_modules/axios/lib/utils.js", O_RDONLY|O_CLOEXEC) = 21
10614 openat(AT_FDCWD, "/home/runner/work/deckrender-acceptance/deckrender-acceptance/benchmark/artifacts/acceptance/runtimes/v0.3.1/node_modules/axios/lib/helpers/bind.js", O_RDONLY|O_CLOEXEC) = 21
10614 openat(AT_FDCWD, "/home/runner/work/deckrender-acceptance/deckrender-acceptance/benchmark/artifacts/acceptance/runtimes/v0.3.1/node_modules/axios/lib/core/Axios.js", O_RDONLY|O_CLOEXEC) = 21
10614 openat(AT_FDCWD, "/home/runner/work/deckrender-acceptance/deckrender-acceptance/benchmark/artifacts/acceptance/runtimes/v0.3.1/node_modules/axios/lib/core/mergeConfig.js", O_RDONLY|O_CLOEXEC) = 21
10614 openat(AT_FDCWD, "/home/runner/work/deckrender-acceptance/deckrender-acceptance/benchmark/artifacts/acceptance/runtimes/v0.3.1/node_modules/axios/lib/defaults/index.js", O_RDONLY|O_CLOEXEC) = 21
10614 openat(AT_FDCWD, "/home/runner/work/deckrender-acceptance/deckrender-acceptance/benchmark/artifacts/acceptance/runtimes/v0.3.1/node_modules/axios/lib/helpers/formDataToJSON.js", O_RDONLY|O_CLOEXEC) = 21
10614 openat(AT_FDCWD, "/home/runner/work/deckrender-acceptance/deckrender-acceptance/benchmark/artifacts/acceptance/runtimes/v0.3.1/node_modules/axios/lib/cancel/CanceledError.js", O_RDONLY|O_CLOEXEC) = 21
10614 openat(AT_FDCWD, "/home/runner/work/deckrender-acceptance/deckrender-acceptance/benchmark/artifacts/acceptance/runtimes/v0.3.1/node_modules/axios/lib/cancel/CancelToken.js", O_RDONLY|O_CLOEXEC) = 21
10614 openat(AT_FDCWD, "/home/runner/work/deckrender-acceptance/deckrender-acceptance/benchmark/artifacts/acceptance/runtimes/v0.3.1/node_modules/axios/lib/cancel/isCancel.js", O_RDONLY|O_CLOEXEC) = 21
10614 openat(AT_FDCWD, "/home/runner/work/deckrender-acceptance/deckrender-acceptance/benchmark/artifacts/acceptance/runtimes/v0.3.1/node_modules/axios/lib/env/data.js", O_RDONLY|O_CLOEXEC) = 21
10614 openat(AT_FDCWD, "/home/runner/work/deckrender-acceptance/deckrender-acceptance/benchmark/artifacts/acceptance/runtimes/v0.3.1/node_modules/axios/lib/helpers/toFormData.js", O_RDONLY|O_CLOEXEC) = 21
10614 openat(AT_FDCWD, "/home/runner/work/deckrender-acceptance/deckrender-acceptance/benchmark/artifacts/acceptance/runtimes/v0.3.1/node_modules/axios/lib/core/AxiosError.js", O_RDONLY|O_CLOEXEC) = 21
10614 openat(AT_FDCWD, "/home/runner/work/deckrender-acceptance/deckrender-acceptance/benchmark/artifacts/acceptance/runtimes/v0.3.1/node_modules/axios/lib/helpers/spread.js", O_RDONLY|O_CLOEXEC) = 21
10614 openat(AT_FDCWD, "/home/runner/work/deckrender-acceptance/deckrender-acceptance/benchmark/artifacts/acceptance/runtimes/v0.3.1/node_modules/axios/lib/helpers/isAxiosError.js", O_RDONLY|O_CLOEXEC) = 21
10614 openat(AT_FDCWD, "/home/runner/work/deckrender-acceptance/deckrender-acceptance/benchmark/artifacts/acceptance/runtimes/v0.3.1/node_modules/axios/lib/core/AxiosHeaders.js", O_RDONLY|O_CLOEXEC) = 21
10614 openat(AT_FDCWD, "/home/runner/work/deckrender-acceptance/deckrender-acceptance/benchmark/artifacts/acceptance/runtimes/v0.3.1/node_modules/axios/lib/adapters/adapters.js", O_RDONLY|O_CLOEXEC) = 21
10614 openat(AT_FDCWD, "/home/runner/work/deckrender-acceptance/deckrender-acceptance/benchmark/artifacts/acceptance/runtimes/v0.3.1/node_modules/axios/lib/helpers/HttpStatusCode.js", O_RDONLY|O_CLOEXEC) = 21
10614 openat(AT_FDCWD, "/home/runner/work/deckrender-acceptance/deckrender-acceptance/benchmark/artifacts/acceptance/runtimes/v0.3.1/node_modules/zod/v3/locales/en.js", O_RDONLY|O_CLOEXEC) = 21
10614 openat(AT_FDCWD, "/home/runner/work/deckrender-acceptance/deckrender-acceptance/benchmark/artifacts/acceptance/runtimes/v0.3.1/node_modules/zod/v3/helpers/errorUtil.js", O_RDONLY|O_CLOEXEC) = 21
10614 openat(AT_FDCWD, "/home/runner/work/deckrender-acceptance/deckrender-acceptance/benchmark/artifacts/acceptance/runtimes/v0.3.1/node_modules/axios/lib/helpers/package.json", O_RDONLY|O_CLOEXEC) = -1 ENOENT (No such file or directory)
10614 openat(AT_FDCWD, "/home/runner/work/deckrender-acceptance/deckrender-acceptance/benchmark/artifacts/acceptance/runtimes/v0.3.1/node_modules/axios/lib/package.json", O_RDONLY|O_CLOEXEC) = -1 ENOENT (No such file or directory)
10614 openat(AT_FDCWD, "/home/runner/work/deckrender-acceptance/deckrender-acceptance/benchmark/artifacts/acceptance/runtimes/v0.3.1/node_modules/axios/lib/package.json", O_RDONLY|O_CLOEXEC) = -1 ENOENT (No such file or directory)
10614 openat(AT_FDCWD, "/home/runner/work/deckrender-acceptance/deckrender-acceptance/benchmark/artifacts/acceptance/runtimes/v0.3.1/node_modules/axios/lib/helpers/package.json", O_RDONLY|O_CLOEXEC) = -1 ENOENT (No such file or directory)
10614 openat(AT_FDCWD, "/home/runner/work/deckrender-acceptance/deckrender-acceptance/benchmark/artifacts/acceptance/runtimes/v0.3.1/node_modules/axios/lib/package.json", O_RDONLY|O_CLOEXEC) = -1 ENOENT (No such file or directory)
10614 openat(AT_FDCWD, "/home/runner/work/deckrender-acceptance/deckrender-acceptance/benchmark/artifacts/acceptance/runtimes/v0.3.1/node_modules/axios/lib/core/package.json", O_RDONLY|O_CLOEXEC) = -1 ENOENT (No such file or directory)
10614 openat(AT_FDCWD, "/home/runner/work/deckrender-acceptance/deckrender-acceptance/benchmark/artifacts/acceptance/runtimes/v0.3.1/node_modules/axios/lib/package.json", O_RDONLY|O_CLOEXEC) = -1 ENOENT (No such file or directory)
10614 openat(AT_FDCWD, "/home/runner/work/deckrender-acceptance/deckrender-acceptance/benchmark/artifacts/acceptance/runtimes/v0.3.1/node_modules/axios/lib/core/package.json", O_RDONLY|O_CLOEXEC) = -1 ENOENT (No such file or directory)
10614 openat(AT_FDCWD, "/home/runner/work/deckrender-acceptance/deckrender-acceptance/benchmark/artifacts/acceptance/runtimes/v0.3.1/node_modules/axios/lib/package.json", O_RDONLY|O_CLOEXEC) = -1 ENOENT (No such file or directory)
10614 openat(AT_FDCWD, "/home/runner/work/deckrender-acceptance/deckrender-acceptance/benchmark/artifacts/acceptance/runtimes/v0.3.1/node_modules/axios/lib/core/package.json", O_RDONLY|O_CLOEXEC) = -1 ENOENT (No such file or directory)
10614 openat(AT_FDCWD, "/home/runner/work/deckrender-acceptance/deckrender-acceptance/benchmark/artifacts/acceptance/runtimes/v0.3.1/node_modules/axios/lib/package.json", O_RDONLY|O_CLOEXEC) = -1 ENOENT (No such file or directory)
10614 openat(AT_FDCWD, "/home/runner/work/deckrender-acceptance/deckrender-acceptance/benchmark/artifacts/acceptance/runtimes/v0.3.1/node_modules/axios/lib/core/package.json", O_RDONLY|O_CLOEXEC) = -1 ENOENT (No such file or directory)
10614 openat(AT_FDCWD, "/home/runner/work/deckrender-acceptance/deckrender-acceptance/benchmark/artifacts/acceptance/runtimes/v0.3.1/node_modules/axios/lib/package.json", O_RDONLY|O_CLOEXEC) = -1 ENOENT (No such file or directory)
10614 openat(AT_FDCWD, "/home/runner/work/deckrender-acceptance/deckrender-acceptance/benchmark/artifacts/acceptance/runtimes/v0.3.1/node_modules/axios/lib/core/package.json", O_RDONLY|O_CLOEXEC) = -1 ENOENT (No such file or directory)
10614 openat(AT_FDCWD, "/home/runner/work/deckrender-acceptance/deckrender-acceptance/benchmark/artifacts/acceptance/runtimes/v0.3.1/node_modules/axios/lib/package.json", O_RDONLY|O_CLOEXEC) = -1 ENOENT (No such file or directory)
10614 openat(AT_FDCWD, "/home/runner/work/deckrender-acceptance/deckrender-acceptance/benchmark/artifacts/acceptance/runtimes/v0.3.1/node_modules/axios/lib/helpers/package.json", O_RDONLY|O_CLOEXEC) = -1 ENOENT (No such file or directory)
10614 openat(AT_FDCWD, "/home/runner/work/deckrender-acceptance/deckrender-acceptance/benchmark/artifacts/acceptance/runtimes/v0.3.1/node_modules/axios/lib/package.json", O_RDONLY|O_CLOEXEC) = -1 ENOENT (No such file or directory)
10614 openat(AT_FDCWD, "/home/runner/work/deckrender-acceptance/deckrender-acceptance/benchmark/artifacts/acceptance/runtimes/v0.3.1/node_modules/axios/lib/core/package.json", O_RDONLY|O_CLOEXEC) = -1 ENOENT (No such file or directory)
10614 openat(AT_FDCWD, "/home/runner/work/deckrender-acceptance/deckrender-acceptance/benchmark/artifacts/acceptance/runtimes/v0.3.1/node_modules/axios/lib/package.json", O_RDONLY|O_CLOEXEC) = -1 ENOENT (No such file or directory)
10614 openat(AT_FDCWD, "/home/runner/work/deckrender-acceptance/deckrender-acceptance/benchmark/artifacts/acceptance/runtimes/v0.3.1/node_modules/axios/lib/defaults/package.json", O_RDONLY|O_CLOEXEC) = -1 ENOENT (No such file or directory)
10614 openat(AT_FDCWD, "/home/runner/work/deckrender-acceptance/deckrender-acceptance/benchmark/artifacts/acceptance/runtimes/v0.3.1/node_modules/axios/lib/package.json", O_RDONLY|O_CLOEXEC) = -1 ENOENT (No such file or directory)
10614 openat(AT_FDCWD, "/home/runner/work/deckrender-acceptance/deckrender-acceptance/benchmark/artifacts/acceptance/runtimes/v0.3.1/node_modules/axios/lib/package.json", O_RDONLY|O_CLOEXEC) = -1 ENOENT (No such file or directory)
10614 openat(AT_FDCWD, "/home/runner/work/deckrender-acceptance/deckrender-acceptance/benchmark/artifacts/acceptance/runtimes/v0.3.1/node_modules/axios/lib/core/package.json", O_RDONLY|O_CLOEXEC) = -1 ENOENT (No such file or directory)
10614 openat(AT_FDCWD, "/home/runner/work/deckrender-acceptance/deckrender-acceptance/benchmark/artifacts/acceptance/runtimes/v0.3.1/node_modules/axios/lib/package.json", O_RDONLY|O_CLOEXEC) = -1 ENOENT (No such file or directory)
10614 openat(AT_FDCWD, "/home/runner/work/deckrender-acceptance/deckrender-acceptance/benchmark/artifacts/acceptance/runtimes/v0.3.1/node_modules/axios/lib/package.json", O_RDONLY|O_CLOEXEC) = -1 ENOENT (No such file or directory)
10614 openat(AT_FDCWD, "/home/runner/work/deckrender-acceptance/deckrender-acceptance/benchmark/artifacts/acceptance/runtimes/v0.3.1/node_modules/axios/lib/core/package.json", O_RDONLY|O_CLOEXEC) = -1 ENOENT (No such file or directory)
10614 openat(AT_FDCWD, "/home/runner/work/deckrender-acceptance/deckrender-acceptance/benchmark/artifacts/acceptance/runtimes/v0.3.1/node_modules/axios/lib/package.json", O_RDONLY|O_CLOEXEC) = -1 ENOENT (No such file or directory)
10614 openat(AT_FDCWD, "/home/runner/work/deckrender-acceptance/deckrender-acceptance/benchmark/artifacts/acceptance/runtimes/v0.3.1/node_modules/axios/lib/defaults/package.json", O_RDONLY|O_CLOEXEC) = -1 ENOENT (No such file or directory)
10614 openat(AT_FDCWD, "/home/runner/work/deckrender-acceptance/deckrender-acceptance/benchmark/artifacts/acceptance/runtimes/v0.3.1/node_modules/axios/lib/package.json", O_RDONLY|O_CLOEXEC) = -1 ENOENT (No such file or directory)
10614 openat(AT_FDCWD, "/home/runner/work/deckrender-acceptance/deckrender-acceptance/benchmark/artifacts/acceptance/runtimes/v0.3.1/node_modules/axios/lib/helpers/package.json", O_RDONLY|O_CLOEXEC) = -1 ENOENT (No such file or directory)
10614 openat(AT_FDCWD, "/home/runner/work/deckrender-acceptance/deckrender-acceptance/benchmark/artifacts/acceptance/runtimes/v0.3.1/node_modules/axios/lib/package.json", O_RDONLY|O_CLOEXEC) = -1 ENOENT (No such file or directory)
10614 openat(AT_FDCWD, "/home/runner/work/deckrender-acceptance/deckrender-acceptance/benchmark/artifacts/acceptance/runtimes/v0.3.1/node_modules/axios/lib/helpers/package.json", O_RDONLY|O_CLOEXEC) = -1 ENOENT (No such file or directory)
10614 openat(AT_FDCWD, "/home/runner/work/deckrender-acceptance/deckrender-acceptance/benchmark/artifacts/acceptance/runtimes/v0.3.1/node_modules/axios/lib/package.json", O_RDONLY|O_CLOEXEC) = -1 ENOENT (No such file or directory)
10614 openat(AT_FDCWD, "/home/runner/work/deckrender-acceptance/deckrender-acceptance/benchmark/artifacts/acceptance/runtimes/v0.3.1/node_modules/axios/lib/platform/package.json", O_RDONLY|O_CLOEXEC) = -1 ENOENT (No such file or directory)
10614 openat(AT_FDCWD, "/home/runner/work/deckrender-acceptance/deckrender-acceptance/benchmark/artifacts/acceptance/runtimes/v0.3.1/node_modules/axios/lib/package.json", O_RDONLY|O_CLOEXEC) = -1 ENOENT (No such file or directory)
10614 openat(AT_FDCWD, "/home/runner/work/deckrender-acceptance/deckrender-acceptance/benchmark/artifacts/acceptance/runtimes/v0.3.1/node_modules/axios/lib/helpers/package.json", O_RDONLY|O_CLOEXEC) = -1 ENOENT (No such file or directory)
10614 openat(AT_FDCWD, "/home/runner/work/deckrender-acceptance/deckrender-acceptance/benchmark/artifacts/acceptance/runtimes/v0.3.1/node_modules/axios/lib/package.json", O_RDONLY|O_CLOEXEC) = -1 ENOENT (No such file or directory)
10614 openat(AT_FDCWD, "/home/runner/work/deckrender-acceptance/deckrender-acceptance/benchmark/artifacts/acceptance/runtimes/v0.3.1/node_modules/axios/lib/core/package.json", O_RDONLY|O_CLOEXEC) = -1 ENOENT (No such file or directory)
10614 openat(AT_FDCWD, "/home/runner/work/deckrender-acceptance/deckrender-acceptance/benchmark/artifacts/acceptance/runtimes/v0.3.1/node_modules/axios/lib/package.json", O_RDONLY|O_CLOEXEC) = -1 ENOENT (No such file or directory)
10614 openat(AT_FDCWD, "/home/runner/work/deckrender-acceptance/deckrender-acceptance/benchmark/artifacts/acceptance/runtimes/v0.3.1/node_modules/axios/lib/package.json", O_RDONLY|O_CLOEXEC) = -1 ENOENT (No such file or directory)
10614 openat(AT_FDCWD, "/home/runner/work/deckrender-acceptance/deckrender-acceptance/benchmark/artifacts/acceptance/runtimes/v0.3.1/node_modules/axios/lib/core/package.json", O_RDONLY|O_CLOEXEC) = -1 ENOENT (No such file or directory)
10614 openat(AT_FDCWD, "/home/runner/work/deckrender-acceptance/deckrender-acceptance/benchmark/artifacts/acceptance/runtimes/v0.3.1/node_modules/axios/lib/package.json", O_RDONLY|O_CLOEXEC) = -1 ENOENT (No such file or directory)
10614 openat(AT_FDCWD, "/home/runner/work/deckrender-acceptance/deckrender-acceptance/benchmark/artifacts/acceptance/runtimes/v0.3.1/node_modules/axios/lib/helpers/package.json", O_RDONLY|O_CLOEXEC) = -1 ENOENT (No such file or directory)
10614 openat(AT_FDCWD, "/home/runner/work/deckrender-acceptance/deckrender-acceptance/benchmark/artifacts/acceptance/runtimes/v0.3.1/node_modules/axios/lib/package.json", O_RDONLY|O_CLOEXEC) = -1 ENOENT (No such file or directory)
10614 openat(AT_FDCWD, "/home/runner/work/deckrender-acceptance/deckrender-acceptance/benchmark/artifacts/acceptance/runtimes/v0.3.1/node_modules/axios/lib/core/package.json", O_RDONLY|O_CLOEXEC) = -1 ENOENT (No such file or directory)
10614 openat(AT_FDCWD, "/home/runner/work/deckrender-acceptance/deckrender-acceptance/benchmark/artifacts/acceptance/runtimes/v0.3.1/node_modules/axios/lib/package.json", O_RDONLY|O_CLOEXEC) = -1 ENOENT (No such file or directory)
10614 openat(AT_FDCWD, "/home/runner/work/deckrender-acceptance/deckrender-acceptance/benchmark/artifacts/acceptance/runtimes/v0.3.1/node_modules/axios/lib/cancel/package.json", O_RDONLY|O_CLOEXEC) = -1 ENOENT (No such file or directory)
10614 openat(AT_FDCWD, "/home/runner/work/deckrender-acceptance/deckrender-acceptance/benchmark/artifacts/acceptance/runtimes/v0.3.1/node_modules/axios/lib/package.json", O_RDONLY|O_CLOEXEC) = -1 ENOENT (No such file or directory)
10614 openat(AT_FDCWD, "/home/runner/work/deckrender-acceptance/deckrender-acceptance/benchmark/artifacts/acceptance/runtimes/v0.3.1/node_modules/axios/lib/package.json", O_RDONLY|O_CLOEXEC) = -1 ENOENT (No such file or directory)
10614 openat(AT_FDCWD, "/home/runner/work/deckrender-acceptance/deckrender-acceptance/benchmark/artifacts/acceptance/runtimes/v0.3.1/node_modules/axios/lib/core/package.json", O_RDONLY|O_CLOEXEC) = -1 ENOENT (No such file or directory)
10614 openat(AT_FDCWD, "/home/runner/work/deckrender-acceptance/deckrender-acceptance/benchmark/artifacts/acceptance/runtimes/v0.3.1/node_modules/axios/lib/package.json", O_RDONLY|O_CLOEXEC) = -1 ENOENT (No such file or directory)
10614 openat(AT_FDCWD, "/home/runner/work/deckrender-acceptance/deckrender-acceptance/benchmark/artifacts/acceptance/runtimes/v0.3.1/node_modules/axios/lib/platform/node/classes/package.json", O_RDONLY|O_CLOEXEC) = -1 ENOENT (No such file or directory)
10614 openat(AT_FDCWD, "/home/runner/work/deckrender-acceptance/deckrender-acceptance/benchmark/artifacts/acceptance/runtimes/v0.3.1/node_modules/axios/lib/platform/node/package.json", O_RDONLY|O_CLOEXEC) = -1 ENOENT (No such file or directory)
10614 openat(AT_FDCWD, "/home/runner/work/deckrender-acceptance/deckrender-acceptance/benchmark/artifacts/acceptance/runtimes/v0.3.1/node_modules/axios/lib/platform/package.json", O_RDONLY|O_CLOEXEC) = -1 ENOENT (No such file or directory)
10614 openat(AT_FDCWD, "/home/runner/work/deckrender-acceptance/deckrender-acceptance/benchmark/artifacts/acceptance/runtimes/v0.3.1/node_modules/axios/lib/package.json", O_RDONLY|O_CLOEXEC) = -1 ENOENT (No such file or directory)
10614 openat(AT_FDCWD, "/home/runner/work/deckrender-acceptance/deckrender-acceptance/benchmark/artifacts/acceptance/runtimes/v0.3.1/node_modules/axios/lib/platform/node/classes/package.json", O_RDONLY|O_CLOEXEC) = -1 ENOENT (No such file or directory)
10614 openat(AT_FDCWD, "/home/runner/work/deckrender-acceptance/deckrender-acceptance/benchmark/artifacts/acceptance/runtimes/v0.3.1/node_modules/axios/lib/platform/node/package.json", O_RDONLY|O_CLOEXEC) = -1 ENOENT (No such file or directory)
10614 openat(AT_FDCWD, "/home/runner/work/deckrender-acceptance/deckrender-acceptance/benchmark/artifacts/acceptance/runtimes/v0.3.1/node_modules/axios/lib/platform/package.json", O_RDONLY|O_CLOEXEC) = -1 ENOENT (No such file or directory)
10614 openat(AT_FDCWD, "/home/runner/work/deckrender-acceptance/deckrender-acceptance/benchmark/artifacts/acceptance/runtimes/v0.3.1/node_modules/axios/lib/package.json", O_RDONLY|O_CLOEXEC) = -1 ENOENT (No such file or directory)
10614 openat(AT_FDCWD, "/home/runner/work/deckrender-acceptance/deckrender-acceptance/benchmark/artifacts/acceptance/runtimes/v0.3.1/node_modules/axios/lib/package.json", O_RDONLY|O_CLOEXEC) = -1 ENOENT (No such file or directory)
10614 openat(AT_FDCWD, "/home/runner/work/deckrender-acceptance/deckrender-acceptance/benchmark/artifacts/acceptance/runtimes/v0.3.1/node_modules/axios/lib/core/package.json", O_RDONLY|O_CLOEXEC) = -1 ENOENT (No such file or directory)
10614 openat(AT_FDCWD, "/home/runner/work/deckrender-acceptance/deckrender-acceptance/benchmark/artifacts/acceptance/runtimes/v0.3.1/node_modules/axios/lib/package.json", O_RDONLY|O_CLOEXEC) = -1 ENOENT (No such file or directory)
10614 openat(AT_FDCWD, "/home/runner/work/deckrender-acceptance/deckrender-acceptance/benchmark/artifacts/acceptance/runtimes/v0.3.1/node_modules/axios/lib/package.json", O_RDONLY|O_CLOEXEC) = -1 ENOENT (No such file or directory)
10614 openat(AT_FDCWD, "/home/runner/work/deckrender-acceptance/deckrender-acceptance/benchmark/artifacts/acceptance/runtimes/v0.3.1/node_modules/axios/lib/package.json", O_RDONLY|O_CLOEXEC) = -1 ENOENT (No such file or directory)
10614 openat(AT_FDCWD, "/home/runner/work/deckrender-acceptance/deckrender-acceptance/benchmark/artifacts/acceptance/runtimes/v0.3.1/node_modules/axios/lib/helpers/package.json", O_RDONLY|O_CLOEXEC) = -1 ENOENT (No such file or directory)
10614 openat(AT_FDCWD, "/home/runner/work/deckrender-acceptance/deckrender-acceptance/benchmark/artifacts/acceptance/runtimes/v0.3.1/node_modules/axios/lib/package.json", O_RDONLY|O_CLOEXEC) = -1 ENOENT (No such file or directory)
10614 openat(AT_FDCWD, "/home/runner/work/deckrender-acceptance/deckrender-acceptance/benchmark/artifacts/acceptance/runtimes/v0.3.1/node_modules/axios/lib/helpers/package.json", O_RDONLY|O_CLOEXEC) = -1 ENOENT (No such file or directory)
10614 openat(AT_FDCWD, "/home/runner/work/deckrender-acceptance/deckrender-acceptance/benchmark/artifacts/acceptance/runtimes/v0.3.1/node_modules/axios/lib/package.json", O_RDONLY|O_CLOEXEC) = -1 ENOENT (No such file or directory)
10614 openat(AT_FDCWD, "/home/runner/work/deckrender-acceptance/deckrender-acceptance/benchmark/artifacts/acceptance/runtimes/v0.3.1/node_modules/axios/lib/package.json", O_RDONLY|O_CLOEXEC) = -1 ENOENT (No such file or directory)
10614 openat(AT_FDCWD, "/home/runner/work/deckrender-acceptance/deckrender-acceptance/benchmark/artifacts/acceptance/runtimes/v0.3.1/node_modules/axios/lib/adapters/package.json", O_RDONLY|O_CLOEXEC) = -1 ENOENT (No such file or directory)
10614 openat(AT_FDCWD, "/home/runner/work/deckrender-acceptance/deckrender-acceptance/benchmark/artifacts/acceptance/runtimes/v0.3.1/node_modules/axios/lib/package.json", O_RDONLY|O_CLOEXEC) = -1 ENOENT (No such file or directory)
10614 openat(AT_FDCWD, "/home/runner/work/deckrender-acceptance/deckrender-acceptance/benchmark/artifacts/acceptance/runtimes/v0.3.1/node_modules/axios/lib/adapters/package.json", O_RDONLY|O_CLOEXEC) = -1 ENOENT (No such file or directory)
10614 openat(AT_FDCWD, "/home/runner/work/deckrender-acceptance/deckrender-acceptance/benchmark/artifacts/acceptance/runtimes/v0.3.1/node_modules/axios/lib/package.json", O_RDONLY|O_CLOEXEC) = -1 ENOENT (No such file or directory)
10614 openat(AT_FDCWD, "/home/runner/work/deckrender-acceptance/deckrender-acceptance/benchmark/artifacts/acceptance/runtimes/v0.3.1/node_modules/axios/lib/adapters/package.json", O_RDONLY|O_CLOEXEC) = -1 ENOENT (No such file or directory)
10614 openat(AT_FDCWD, "/home/runner/work/deckrender-acceptance/deckrender-acceptance/benchmark/artifacts/acceptance/runtimes/v0.3.1/node_modules/axios/lib/package.json", O_RDONLY|O_CLOEXEC) = -1 ENOENT (No such file or directory)
10614 openat(AT_FDCWD, "/home/runner/work/deckrender-acceptance/deckrender-acceptance/benchmark/artifacts/acceptance/runtimes/v0.3.1/node_modules/axios/lib/core/package.json", O_RDONLY|O_CLOEXEC) = -1 ENOENT (No such file or directory)
10614 openat(AT_FDCWD, "/home/runner/work/deckrender-acceptance/deckrender-acceptance/benchmark/artifacts/acceptance/runtimes/v0.3.1/node_modules/axios/lib/package.json", O_RDONLY|O_CLOEXEC) = -1 ENOENT (No such file or directory)
10614 openat(AT_FDCWD, "/home/runner/work/deckrender-acceptance/deckrender-acceptance/benchmark/artifacts/acceptance/runtimes/v0.3.1/node_modules/zod/v3/package.json", O_RDONLY|O_CLOEXEC) = -1 ENOENT (No such file or directory)
10614 openat(AT_FDCWD, "/home/runner/work/deckrender-acceptance/deckrender-acceptance/benchmark/artifacts/acceptance/runtimes/v0.3.1/node_modules/zod/v3/helpers/package.json", O_RDONLY|O_CLOEXEC) = -1 ENOENT (No such file or directory)
10614 openat(AT_FDCWD, "/home/runner/work/deckrender-acceptance/deckrender-acceptance/benchmark/artifacts/acceptance/runtimes/v0.3.1/node_modules/zod/v3/package.json", O_RDONLY|O_CLOEXEC) = -1 ENOENT (No such file or directory)
10614 openat(AT_FDCWD, "/home/runner/work/deckrender-acceptance/deckrender-acceptance/benchmark/artifacts/acceptance/runtimes/v0.3.1/node_modules/axios/lib/helpers/buildURL.js", O_RDONLY|O_CLOEXEC) = 21
10614 openat(AT_FDCWD, "/home/runner/work/deckrender-acceptance/deckrender-acceptance/benchmark/artifacts/acceptance/runtimes/v0.3.1/node_modules/axios/lib/core/InterceptorManager.js", O_RDONLY|O_CLOEXEC) = 21
10614 openat(AT_FDCWD, "/home/runner/work/deckrender-acceptance/deckrender-acceptance/benchmark/artifacts/acceptance/runtimes/v0.3.1/node_modules/axios/lib/core/dispatchRequest.js", O_RDONLY|O_CLOEXEC) = 21
10614 openat(AT_FDCWD, "/home/runner/work/deckrender-acceptance/deckrender-acceptance/benchmark/artifacts/acceptance/runtimes/v0.3.1/node_modules/axios/lib/core/buildFullPath.js", O_RDONLY|O_CLOEXEC) = 21
10614 openat(AT_FDCWD, "/home/runner/work/deckrender-acceptance/deckrender-acceptance/benchmark/artifacts/acceptance/runtimes/v0.3.1/node_modules/axios/lib/core/methodList.js", O_RDONLY|O_CLOEXEC) = 21
10614 openat(AT_FDCWD, "/home/runner/work/deckrender-acceptance/deckrender-acceptance/benchmark/artifacts/acceptance/runtimes/v0.3.1/node_modules/axios/lib/helpers/validator.js", O_RDONLY|O_CLOEXEC) = 21
10614 openat(AT_FDCWD, "/home/runner/work/deckrender-acceptance/deckrender-acceptance/benchmark/artifacts/acceptance/runtimes/v0.3.1/node_modules/axios/lib/defaults/transitional.js", O_RDONLY|O_CLOEXEC) = 21
10614 openat(AT_FDCWD, "/home/runner/work/deckrender-acceptance/deckrender-acceptance/benchmark/artifacts/acceptance/runtimes/v0.3.1/node_modules/axios/lib/helpers/toURLEncodedForm.js", O_RDONLY|O_CLOEXEC) = 21
10614 openat(AT_FDCWD, "/home/runner/work/deckrender-acceptance/deckrender-acceptance/benchmark/artifacts/acceptance/runtimes/v0.3.1/node_modules/axios/lib/platform/index.js", O_RDONLY|O_CLOEXEC) = 21
10614 openat(AT_FDCWD, "/home/runner/work/deckrender-acceptance/deckrender-acceptance/benchmark/artifacts/acceptance/runtimes/v0.3.1/node_modules/axios/lib/platform/node/classes/FormData.js", O_RDONLY|O_CLOEXEC) = 21
10614 openat(AT_FDCWD, "/home/runner/work/deckrender-acceptance/deckrender-acceptance/benchmark/artifacts/acceptance/runtimes/v0.3.1/node_modules/axios/lib/platform/node/classes/Buffer.js", O_RDONLY|O_CLOEXEC) = 21
10614 openat(AT_FDCWD, "/home/runner/work/deckrender-acceptance/deckrender-acceptance/benchmark/artifacts/acceptance/runtimes/v0.3.1/node_modules/axios/lib/helpers/parseHeaders.js", O_RDONLY|O_CLOEXEC) = 21
10614 openat(AT_FDCWD, "/home/runner/work/deckrender-acceptance/deckrender-acceptance/benchmark/artifacts/acceptance/runtimes/v0.3.1/node_modules/axios/lib/helpers/sanitizeHeaderValue.js", O_RDONLY|O_CLOEXEC) = 21
10614 openat(AT_FDCWD, "/home/runner/work/deckrender-acceptance/deckrender-acceptance/benchmark/artifacts/acceptance/runtimes/v0.3.1/node_modules/axios/lib/adapters/http.js", O_RDONLY|O_CLOEXEC) = 21
10614 openat(AT_FDCWD, "/home/runner/work/deckrender-acceptance/deckrender-acceptance/benchmark/artifacts/acceptance/runtimes/v0.3.1/node_modules/axios/lib/adapters/xhr.js", O_RDONLY|O_CLOEXEC) = 21
10614 openat(AT_FDCWD, "/home/runner/work/deckrender-acceptance/deckrender-acceptance/benchmark/artifacts/acceptance/runtimes/v0.3.1/node_modules/axios/lib/adapters/fetch.js", O_RDONLY|O_CLOEXEC) = 21
10614 openat(AT_FDCWD, "/home/runner/work/deckrender-acceptance/deckrender-acceptance/benchmark/artifacts/acceptance/runtimes/v0.3.1/node_modules/axios/lib/package.json", O_RDONLY|O_CLOEXEC) = -1 ENOENT (No such file or directory)
10614 openat(AT_FDCWD, "/home/runner/work/deckrender-acceptance/deckrender-acceptance/benchmark/artifacts/acceptance/runtimes/v0.3.1/node_modules/axios/lib/helpers/package.json", O_RDONLY|O_CLOEXEC) = -1 ENOENT (No such file or directory)
10614 openat(AT_FDCWD, "/home/runner/work/deckrender-acceptance/deckrender-acceptance/benchmark/artifacts/acceptance/runtimes/v0.3.1/node_modules/axios/lib/package.json", O_RDONLY|O_CLOEXEC) = -1 ENOENT (No such file or directory)
10614 openat(AT_FDCWD, "/home/runner/work/deckrender-acceptance/deckrender-acceptance/benchmark/artifacts/acceptance/runtimes/v0.3.1/node_modules/axios/lib/package.json", O_RDONLY|O_CLOEXEC) = -1 ENOENT (No such file or directory)
10614 openat(AT_FDCWD, "/home/runner/work/deckrender-acceptance/deckrender-acceptance/benchmark/artifacts/acceptance/runtimes/v0.3.1/node_modules/axios/lib/core/package.json", O_RDONLY|O_CLOEXEC) = -1 ENOENT (No such file or directory)
10614 openat(AT_FDCWD, "/home/runner/work/deckrender-acceptance/deckrender-acceptance/benchmark/artifacts/acceptance/runtimes/v0.3.1/node_modules/axios/lib/package.json", O_RDONLY|O_CLOEXEC) = -1 ENOENT (No such file or directory)
10614 openat(AT_FDCWD, "/home/runner/work/deckrender-acceptance/deckrender-acceptance/benchmark/artifacts/acceptance/runtimes/v0.3.1/node_modules/axios/lib/cancel/package.json", O_RDONLY|O_CLOEXEC) = -1 ENOENT (No such file or directory)
10614 openat(AT_FDCWD, "/home/runner/work/deckrender-acceptance/deckrender-acceptance/benchmark/artifacts/acceptance/runtimes/v0.3.1/node_modules/axios/lib/package.json", O_RDONLY|O_CLOEXEC) = -1 ENOENT (No such file or directory)
10614 openat(AT_FDCWD, "/home/runner/work/deckrender-acceptance/deckrender-acceptance/benchmark/artifacts/acceptance/runtimes/v0.3.1/node_modules/axios/lib/defaults/package.json", O_RDONLY|O_CLOEXEC) = -1 ENOENT (No such file or directory)
10614 openat(AT_FDCWD, "/home/runner/work/deckrender-acceptance/deckrender-acceptance/benchmark/artifacts/acceptance/runtimes/v0.3.1/node_modules/axios/lib/package.json", O_RDONLY|O_CLOEXEC) = -1 ENOENT (No such file or directory)
10614 openat(AT_FDCWD, "/home/runner/work/deckrender-acceptance/deckrender-acceptance/benchmark/artifacts/acceptance/runtimes/v0.3.1/node_modules/axios/lib/cancel/package.json", O_RDONLY|O_CLOEXEC) = -1 ENOENT (No such file or directory)
10614 openat(AT_FDCWD, "/home/runner/work/deckrender-acceptance/deckrender-acceptance/benchmark/artifacts/acceptance/runtimes/v0.3.1/node_modules/axios/lib/package.json", O_RDONLY|O_CLOEXEC) = -1 ENOENT (No such file or directory)
10614 openat(AT_FDCWD, "/home/runner/work/deckrender-acceptance/deckrender-acceptance/benchmark/artifacts/acceptance/runtimes/v0.3.1/node_modules/axios/lib/core/package.json", O_RDONLY|O_CLOEXEC) = -1 ENOENT (No such file or directory)
10614 openat(AT_FDCWD, "/home/runner/work/deckrender-acceptance/deckrender-acceptance/benchmark/artifacts/acceptance/runtimes/v0.3.1/node_modules/axios/lib/package.json", O_RDONLY|O_CLOEXEC) = -1 ENOENT (No such file or directory)
10614 openat(AT_FDCWD, "/home/runner/work/deckrender-acceptance/deckrender-acceptance/benchmark/artifacts/acceptance/runtimes/v0.3.1/node_modules/axios/lib/adapters/package.json", O_RDONLY|O_CLOEXEC) = -1 ENOENT (No such file or directory)
10614 openat(AT_FDCWD, "/home/runner/work/deckrender-acceptance/deckrender-acceptance/benchmark/artifacts/acceptance/runtimes/v0.3.1/node_modules/axios/lib/package.json", O_RDONLY|O_CLOEXEC) = -1 ENOENT (No such file or directory)
10614 openat(AT_FDCWD, "/home/runner/work/deckrender-acceptance/deckrender-acceptance/benchmark/artifacts/acceptance/runtimes/v0.3.1/node_modules/axios/lib/package.json", O_RDONLY|O_CLOEXEC) = -1 ENOENT (No such file or directory)
10614 openat(AT_FDCWD, "/home/runner/work/deckrender-acceptance/deckrender-acceptance/benchmark/artifacts/acceptance/runtimes/v0.3.1/node_modules/axios/lib/core/package.json", O_RDONLY|O_CLOEXEC) = -1 ENOENT (No such file or directory)
10614 openat(AT_FDCWD, "/home/runner/work/deckrender-acceptance/deckrender-acceptance/benchmark/artifacts/acceptance/runtimes/v0.3.1/node_modules/axios/lib/package.json", O_RDONLY|O_CLOEXEC) = -1 ENOENT (No such file or directory)
10614 openat(AT_FDCWD, "/home/runner/work/deckrender-acceptance/deckrender-acceptance/benchmark/artifacts/acceptance/runtimes/v0.3.1/node_modules/axios/lib/helpers/package.json", O_RDONLY|O_CLOEXEC) = -1 ENOENT (No such file or directory)
10614 openat(AT_FDCWD, "/home/runner/work/deckrender-acceptance/deckrender-acceptance/benchmark/artifacts/acceptance/runtimes/v0.3.1/node_modules/axios/lib/package.json", O_RDONLY|O_CLOEXEC) = -1 ENOENT (No such file or directory)
10614 openat(AT_FDCWD, "/home/runner/work/deckrender-acceptance/deckrender-acceptance/benchmark/artifacts/acceptance/runtimes/v0.3.1/node_modules/axios/lib/helpers/package.json", O_RDONLY|O_CLOEXEC) = -1 ENOENT (No such file or directory)
10614 openat(AT_FDCWD, "/home/runner/work/deckrender-acceptance/deckrender-acceptance/benchmark/artifacts/acceptance/runtimes/v0.3.1/node_modules/axios/lib/package.json", O_RDONLY|O_CLOEXEC) = -1 ENOENT (No such file or directory)
10614 openat(AT_FDCWD, "/home/runner/work/deckrender-acceptance/deckrender-acceptance/benchmark/artifacts/acceptance/runtimes/v0.3.1/node_modules/axios/lib/helpers/package.json", O_RDONLY|O_CLOEXEC) = -1 ENOENT (No such file or directory)
10614 openat(AT_FDCWD, "/home/runner/work/deckrender-acceptance/deckrender-acceptance/benchmark/artifacts/acceptance/runtimes/v0.3.1/node_modules/axios/lib/package.json", O_RDONLY|O_CLOEXEC) = -1 ENOENT (No such file or directory)
10614 openat(AT_FDCWD, "/home/runner/work/deckrender-acceptance/deckrender-acceptance/benchmark/artifacts/acceptance/runtimes/v0.3.1/node_modules/axios/lib/env/package.json", O_RDONLY|O_CLOEXEC) = -1 ENOENT (No such file or directory)
10614 openat(AT_FDCWD, "/home/runner/work/deckrender-acceptance/deckrender-acceptance/benchmark/artifacts/acceptance/runtimes/v0.3.1/node_modules/axios/lib/package.json", O_RDONLY|O_CLOEXEC) = -1 ENOENT (No such file or directory)
10614 openat(AT_FDCWD, "/home/runner/work/deckrender-acceptance/deckrender-acceptance/benchmark/artifacts/acceptance/runtimes/v0.3.1/node_modules/axios/lib/core/package.json", O_RDONLY|O_CLOEXEC) = -1 ENOENT (No such file or directory)
10614 openat(AT_FDCWD, "/home/runner/work/deckrender-acceptance/deckrender-acceptance/benchmark/artifacts/acceptance/runtimes/v0.3.1/node_modules/axios/lib/package.json", O_RDONLY|O_CLOEXEC) = -1 ENOENT (No such file or directory)
10614 openat(AT_FDCWD, "/home/runner/work/deckrender-acceptance/deckrender-acceptance/benchmark/artifacts/acceptance/runtimes/v0.3.1/node_modules/axios/lib/package.json", O_RDONLY|O_CLOEXEC) = -1 ENOENT (No such file or directory)
10614 openat(AT_FDCWD, "/home/runner/work/deckrender-acceptance/deckrender-acceptance/benchmark/artifacts/acceptance/runtimes/v0.3.1/node_modules/axios/lib/helpers/package.json", O_RDONLY|O_CLOEXEC) = -1 ENOENT (No such file or directory)
10614 openat(AT_FDCWD, "/home/runner/work/deckrender-acceptance/deckrender-acceptance/benchmark/artifacts/acceptance/runtimes/v0.3.1/node_modules/axios/lib/package.json", O_RDONLY|O_CLOEXEC) = -1 ENOENT (No such file or directory)
10614 openat(AT_FDCWD, "/home/runner/work/deckrender-acceptance/deckrender-acceptance/benchmark/artifacts/acceptance/runtimes/v0.3.1/node_modules/axios/lib/platform/package.json", O_RDONLY|O_CLOEXEC) = -1 ENOENT (No such file or directory)
10614 openat(AT_FDCWD, "/home/runner/work/deckrender-acceptance/deckrender-acceptance/benchmark/artifacts/acceptance/runtimes/v0.3.1/node_modules/axios/lib/package.json", O_RDONLY|O_CLOEXEC) = -1 ENOENT (No such file or directory)
10614 openat(AT_FDCWD, "/home/runner/work/deckrender-acceptance/deckrender-acceptance/benchmark/artifacts/acceptance/runtimes/v0.3.1/node_modules/axios/lib/platform/node/package.json", O_RDONLY|O_CLOEXEC) = -1 ENOENT (No such file or directory)
10614 openat(AT_FDCWD, "/home/runner/work/deckrender-acceptance/deckrender-acceptance/benchmark/artifacts/acceptance/runtimes/v0.3.1/node_modules/axios/lib/platform/package.json", O_RDONLY|O_CLOEXEC) = -1 ENOENT (No such file or directory)
10614 openat(AT_FDCWD, "/home/runner/work/deckrender-acceptance/deckrender-acceptance/benchmark/artifacts/acceptance/runtimes/v0.3.1/node_modules/axios/lib/package.json", O_RDONLY|O_CLOEXEC) = -1 ENOENT (No such file or directory)
10614 openat(AT_FDCWD, "/home/runner/work/deckrender-acceptance/deckrender-acceptance/benchmark/artifacts/acceptance/runtimes/v0.3.1/node_modules/axios/lib/platform/common/package.json", O_RDONLY|O_CLOEXEC) = -1 ENOENT (No such file or directory)
10614 openat(AT_FDCWD, "/home/runner/work/deckrender-acceptance/deckrender-acceptance/benchmark/artifacts/acceptance/runtimes/v0.3.1/node_modules/axios/lib/platform/package.json", O_RDONLY|O_CLOEXEC) = -1 ENOENT (No such file or directory)
10614 openat(AT_FDCWD, "/home/runner/work/deckrender-acceptance/deckrender-acceptance/benchmark/artifacts/acceptance/runtimes/v0.3.1/node_modules/axios/lib/package.json", O_RDONLY|O_CLOEXEC) = -1 ENOENT (No such file or directory)
10614 openat(AT_FDCWD, "/home/runner/work/deckrender-acceptance/deckrender-acceptance/benchmark/artifacts/acceptance/runtimes/v0.3.1/node_modules/axios/lib/platform/node/classes/package.json", O_RDONLY|O_CLOEXEC) = -1 ENOENT (No such file or directory)
10614 openat(AT_FDCWD, "/home/runner/work/deckrender-acceptance/deckrender-acceptance/benchmark/artifacts/acceptance/runtimes/v0.3.1/node_modules/axios/lib/platform/node/package.json", O_RDONLY|O_CLOEXEC) = -1 ENOENT (No such file or directory)
10614 openat(AT_FDCWD, "/home/runner/work/deckrender-acceptance/deckrender-acceptance/benchmark/artifacts/acceptance/runtimes/v0.3.1/node_modules/axios/lib/platform/package.json", O_RDONLY|O_CLOEXEC) = -1 ENOENT (No such file or directory)
10614 openat(AT_FDCWD, "/home/runner/work/deckrender-acceptance/deckrender-acceptance/benchmark/artifacts/acceptance/runtimes/v0.3.1/node_modules/axios/lib/package.json", O_RDONLY|O_CLOEXEC) = -1 ENOENT (No such file or directory)
10614 openat(AT_FDCWD, "/home/runner/work/deckrender-acceptance/deckrender-acceptance/benchmark/artifacts/acceptance/runtimes/v0.3.1/node_modules/form-data/package.json", O_RDONLY|O_CLOEXEC) = 21
10614 openat(AT_FDCWD, "/home/runner/work/deckrender-acceptance/deckrender-acceptance/benchmark/artifacts/acceptance/runtimes/v0.3.1/node_modules/form-data/lib/package.json", O_RDONLY|O_CLOEXEC) = -1 ENOENT (No such file or directory)
10614 openat(AT_FDCWD, "/home/runner/work/deckrender-acceptance/deckrender-acceptance/benchmark/artifacts/acceptance/runtimes/v0.3.1/node_modules/form-data/lib/package.json", O_RDONLY|O_CLOEXEC) = -1 ENOENT (No such file or directory)
10614 openat(AT_FDCWD, "/home/runner/work/deckrender-acceptance/deckrender-acceptance/benchmark/artifacts/acceptance/runtimes/v0.3.1/node_modules/axios/lib/package.json", O_RDONLY|O_CLOEXEC) = -1 ENOENT (No such file or directory)
10614 openat(AT_FDCWD, "/home/runner/work/deckrender-acceptance/deckrender-acceptance/benchmark/artifacts/acceptance/runtimes/v0.3.1/node_modules/axios/lib/package.json", O_RDONLY|O_CLOEXEC) = -1 ENOENT (No such file or directory)
10614 openat(AT_FDCWD, "/home/runner/work/deckrender-acceptance/deckrender-acceptance/benchmark/artifacts/acceptance/runtimes/v0.3.1/node_modules/axios/lib/package.json", O_RDONLY|O_CLOEXEC) = -1 ENOENT (No such file or directory)
10614 openat(AT_FDCWD, "/home/runner/work/deckrender-acceptance/deckrender-acceptance/benchmark/artifacts/acceptance/runtimes/v0.3.1/node_modules/axios/lib/core/package.json", O_RDONLY|O_CLOEXEC) = -1 ENOENT (No such file or directory)
10614 openat(AT_FDCWD, "/home/runner/work/deckrender-acceptance/deckrender-acceptance/benchmark/artifacts/acceptance/runtimes/v0.3.1/node_modules/axios/lib/package.json", O_RDONLY|O_CLOEXEC) = -1 ENOENT (No such file or directory)
10614 openat(AT_FDCWD, "/home/runner/work/deckrender-acceptance/deckrender-acceptance/benchmark/artifacts/acceptance/runtimes/v0.3.1/node_modules/axios/lib/core/package.json", O_RDONLY|O_CLOEXEC) = -1 ENOENT (No such file or directory)
10614 openat(AT_FDCWD, "/home/runner/work/deckrender-acceptance/deckrender-acceptance/benchmark/artifacts/acceptance/runtimes/v0.3.1/node_modules/axios/lib/package.json", O_RDONLY|O_CLOEXEC) = -1 ENOENT (No such file or directory)
10614 openat(AT_FDCWD, "/home/runner/work/deckrender-acceptance/deckrender-acceptance/benchmark/artifacts/acceptance/runtimes/v0.3.1/node_modules/axios/lib/helpers/package.json", O_RDONLY|O_CLOEXEC) = -1 ENOENT (No such file or directory)
10614 openat(AT_FDCWD, "/home/runner/work/deckrender-acceptance/deckrender-acceptance/benchmark/artifacts/acceptance/runtimes/v0.3.1/node_modules/axios/lib/package.json", O_RDONLY|O_CLOEXEC) = -1 ENOENT (No such file or directory)
10614 openat(AT_FDCWD, "/home/runner/work/deckrender-acceptance/deckrender-acceptance/benchmark/artifacts/acceptance/runtimes/v0.3.1/node_modules/axios/lib/adapters/package.json", O_RDONLY|O_CLOEXEC) = -1 ENOENT (No such file or directory)
10614 openat(AT_FDCWD, "/home/runner/work/deckrender-acceptance/deckrender-acceptance/benchmark/artifacts/acceptance/runtimes/v0.3.1/node_modules/axios/lib/package.json", O_RDONLY|O_CLOEXEC) = -1 ENOENT (No such file or directory)
10614 openat(AT_FDCWD, "/home/runner/work/deckrender-acceptance/deckrender-acceptance/benchmark/artifacts/acceptance/runtimes/v0.3.1/node_modules/proxy-from-env/package.json", O_RDONLY|O_CLOEXEC) = 21
10614 openat(AT_FDCWD, "/home/runner/work/deckrender-acceptance/deckrender-acceptance/benchmark/artifacts/acceptance/runtimes/v0.3.1/node_modules/axios/lib/adapters/package.json", O_RDONLY|O_CLOEXEC) = -1 ENOENT (No such file or directory)
10614 openat(AT_FDCWD, "/home/runner/work/deckrender-acceptance/deckrender-acceptance/benchmark/artifacts/acceptance/runtimes/v0.3.1/node_modules/axios/lib/package.json", O_RDONLY|O_CLOEXEC) = -1 ENOENT (No such file or directory)
10614 openat(AT_FDCWD, "/home/runner/work/deckrender-acceptance/deckrender-acceptance/benchmark/artifacts/acceptance/runtimes/v0.3.1/node_modules/https-proxy-agent/package.json", O_RDONLY|O_CLOEXEC) = 21
10614 openat(AT_FDCWD, "/home/runner/work/deckrender-acceptance/deckrender-acceptance/benchmark/artifacts/acceptance/runtimes/v0.3.1/node_modules/https-proxy-agent/dist/package.json", O_RDONLY|O_CLOEXEC) = -1 ENOENT (No such file or directory)
10614 openat(AT_FDCWD, "/home/runner/work/deckrender-acceptance/deckrender-acceptance/benchmark/artifacts/acceptance/runtimes/v0.3.1/node_modules/https-proxy-agent/dist/package.json", O_RDONLY|O_CLOEXEC) = -1 ENOENT (No such file or directory)
10614 openat(AT_FDCWD, "/home/runner/work/deckrender-acceptance/deckrender-acceptance/benchmark/artifacts/acceptance/runtimes/v0.3.1/node_modules/axios/lib/adapters/package.json", O_RDONLY|O_CLOEXEC) = -1 ENOENT (No such file or directory)
10614 openat(AT_FDCWD, "/home/runner/work/deckrender-acceptance/deckrender-acceptance/benchmark/artifacts/acceptance/runtimes/v0.3.1/node_modules/axios/lib/package.json", O_RDONLY|O_CLOEXEC) = -1 ENOENT (No such file or directory)
10614 openat(AT_FDCWD, "/home/runner/work/deckrender-acceptance/deckrender-acceptance/benchmark/artifacts/acceptance/runtimes/v0.3.1/node_modules/follow-redirects/package.json", O_RDONLY|O_CLOEXEC) = 21
10614 openat(AT_FDCWD, "/home/runner/work/deckrender-acceptance/deckrender-acceptance/benchmark/artifacts/acceptance/runtimes/v0.3.1/node_modules/axios/lib/env/package.json", O_RDONLY|O_CLOEXEC) = -1 ENOENT (No such file or directory)
10614 openat(AT_FDCWD, "/home/runner/work/deckrender-acceptance/deckrender-acceptance/benchmark/artifacts/acceptance/runtimes/v0.3.1/node_modules/axios/lib/package.json", O_RDONLY|O_CLOEXEC) = -1 ENOENT (No such file or directory)
10614 openat(AT_FDCWD, "/home/runner/work/deckrender-acceptance/deckrender-acceptance/benchmark/artifacts/acceptance/runtimes/v0.3.1/node_modules/axios/lib/defaults/package.json", O_RDONLY|O_CLOEXEC) = -1 ENOENT (No such file or directory)
10614 openat(AT_FDCWD, "/home/runner/work/deckrender-acceptance/deckrender-acceptance/benchmark/artifacts/acceptance/runtimes/v0.3.1/node_modules/axios/lib/package.json", O_RDONLY|O_CLOEXEC) = -1 ENOENT (No such file or directory)
10614 openat(AT_FDCWD, "/home/runner/work/deckrender-acceptance/deckrender-acceptance/benchmark/artifacts/acceptance/runtimes/v0.3.1/node_modules/axios/lib/core/package.json", O_RDONLY|O_CLOEXEC) = -1 ENOENT (No such file or directory)
10614 openat(AT_FDCWD, "/home/runner/work/deckrender-acceptance/deckrender-acceptance/benchmark/artifacts/acceptance/runtimes/v0.3.1/node_modules/axios/lib/package.json", O_RDONLY|O_CLOEXEC) = -1 ENOENT (No such file or directory)
10614 openat(AT_FDCWD, "/home/runner/work/deckrender-acceptance/deckrender-acceptance/benchmark/artifacts/acceptance/runtimes/v0.3.1/node_modules/axios/lib/cancel/package.json", O_RDONLY|O_CLOEXEC) = -1 ENOENT (No such file or directory)
10614 openat(AT_FDCWD, "/home/runner/work/deckrender-acceptance/deckrender-acceptance/benchmark/artifacts/acceptance/runtimes/v0.3.1/node_modules/axios/lib/package.json", O_RDONLY|O_CLOEXEC) = -1 ENOENT (No such file or directory)
10614 openat(AT_FDCWD, "/home/runner/work/deckrender-acceptance/deckrender-acceptance/benchmark/artifacts/acceptance/runtimes/v0.3.1/node_modules/axios/lib/platform/package.json", O_RDONLY|O_CLOEXEC) = -1 ENOENT (No such file or directory)
10614 openat(AT_FDCWD, "/home/runner/work/deckrender-acceptance/deckrender-acceptance/benchmark/artifacts/acceptance/runtimes/v0.3.1/node_modules/axios/lib/package.json", O_RDONLY|O_CLOEXEC) = -1 ENOENT (No such file or directory)
10614 openat(AT_FDCWD, "/home/runner/work/deckrender-acceptance/deckrender-acceptance/benchmark/artifacts/acceptance/runtimes/v0.3.1/node_modules/axios/lib/helpers/package.json", O_RDONLY|O_CLOEXEC) = -1 ENOENT (No such file or directory)
10614 openat(AT_FDCWD, "/home/runner/work/deckrender-acceptance/deckrender-acceptance/benchmark/artifacts/acceptance/runtimes/v0.3.1/node_modules/axios/lib/package.json", O_RDONLY|O_CLOEXEC) = -1 ENOENT (No such file or directory)
10614 openat(AT_FDCWD, "/home/runner/work/deckrender-acceptance/deckrender-acceptance/benchmark/artifacts/acceptance/runtimes/v0.3.1/node_modules/axios/lib/core/package.json", O_RDONLY|O_CLOEXEC) = -1 ENOENT (No such file or directory)
10614 openat(AT_FDCWD, "/home/runner/work/deckrender-acceptance/deckrender-acceptance/benchmark/artifacts/acceptance/runtimes/v0.3.1/node_modules/axios/lib/package.json", O_RDONLY|O_CLOEXEC) = -1 ENOENT (No such file or directory)
10614 openat(AT_FDCWD, "/home/runner/work/deckrender-acceptance/deckrender-acceptance/benchmark/artifacts/acceptance/runtimes/v0.3.1/node_modules/axios/lib/core/package.json", O_RDONLY|O_CLOEXEC) = -1 ENOENT (No such file or directory)
10614 openat(AT_FDCWD, "/home/runner/work/deckrender-acceptance/deckrender-acceptance/benchmark/artifacts/acceptance/runtimes/v0.3.1/node_modules/axios/lib/package.json", O_RDONLY|O_CLOEXEC) = -1 ENOENT (No such file or directory)
10614 openat(AT_FDCWD, "/home/runner/work/deckrender-acceptance/deckrender-acceptance/benchmark/artifacts/acceptance/runtimes/v0.3.1/node_modules/axios/lib/helpers/package.json", O_RDONLY|O_CLOEXEC) = -1 ENOENT (No such file or directory)
10614 openat(AT_FDCWD, "/home/runner/work/deckrender-acceptance/deckrender-acceptance/benchmark/artifacts/acceptance/runtimes/v0.3.1/node_modules/axios/lib/package.json", O_RDONLY|O_CLOEXEC) = -1 ENOENT (No such file or directory)
10614 openat(AT_FDCWD, "/home/runner/work/deckrender-acceptance/deckrender-acceptance/benchmark/artifacts/acceptance/runtimes/v0.3.1/node_modules/axios/lib/helpers/package.json", O_RDONLY|O_CLOEXEC) = -1 ENOENT (No such file or directory)
10614 openat(AT_FDCWD, "/home/runner/work/deckrender-acceptance/deckrender-acceptance/benchmark/artifacts/acceptance/runtimes/v0.3.1/node_modules/axios/lib/package.json", O_RDONLY|O_CLOEXEC) = -1 ENOENT (No such file or directory)
10614 openat(AT_FDCWD, "/home/runner/work/deckrender-acceptance/deckrender-acceptance/benchmark/artifacts/acceptance/runtimes/v0.3.1/node_modules/axios/lib/helpers/package.json", O_RDONLY|O_CLOEXEC) = -1 ENOENT (No such file or directory)
10614 openat(AT_FDCWD, "/home/runner/work/deckrender-acceptance/deckrender-acceptance/benchmark/artifacts/acceptance/runtimes/v0.3.1/node_modules/axios/lib/package.json", O_RDONLY|O_CLOEXEC) = -1 ENOENT (No such file or directory)
10614 openat(AT_FDCWD, "/home/runner/work/deckrender-acceptance/deckrender-acceptance/benchmark/artifacts/acceptance/runtimes/v0.3.1/node_modules/axios/lib/helpers/package.json", O_RDONLY|O_CLOEXEC) = -1 ENOENT (No such file or directory)
10614 openat(AT_FDCWD, "/home/runner/work/deckrender-acceptance/deckrender-acceptance/benchmark/artifacts/acceptance/runtimes/v0.3.1/node_modules/axios/lib/package.json", O_RDONLY|O_CLOEXEC) = -1 ENOENT (No such file or directory)
10614 openat(AT_FDCWD, "/home/runner/work/deckrender-acceptance/deckrender-acceptance/benchmark/artifacts/acceptance/runtimes/v0.3.1/node_modules/axios/lib/helpers/package.json", O_RDONLY|O_CLOEXEC) = -1 ENOENT (No such file or directory)
10614 openat(AT_FDCWD, "/home/runner/work/deckrender-acceptance/deckrender-acceptance/benchmark/artifacts/acceptance/runtimes/v0.3.1/node_modules/axios/lib/package.json", O_RDONLY|O_CLOEXEC) = -1 ENOENT (No such file or directory)
10614 openat(AT_FDCWD, "/home/runner/work/deckrender-acceptance/deckrender-acceptance/benchmark/artifacts/acceptance/runtimes/v0.3.1/node_modules/axios/lib/helpers/package.json", O_RDONLY|O_CLOEXEC) = -1 ENOENT (No such file or directory)
10614 openat(AT_FDCWD, "/home/runner/work/deckrender-acceptance/deckrender-acceptance/benchmark/artifacts/acceptance/runtimes/v0.3.1/node_modules/axios/lib/package.json", O_RDONLY|O_CLOEXEC) = -1 ENOENT (No such file or directory)
10614 openat(AT_FDCWD, "/home/runner/work/deckrender-acceptance/deckrender-acceptance/benchmark/artifacts/acceptance/runtimes/v0.3.1/node_modules/axios/lib/helpers/package.json", O_RDONLY|O_CLOEXEC) = -1 ENOENT (No such file or directory)
10614 openat(AT_FDCWD, "/home/runner/work/deckrender-acceptance/deckrender-acceptance/benchmark/artifacts/acceptance/runtimes/v0.3.1/node_modules/axios/lib/package.json", O_RDONLY|O_CLOEXEC) = -1 ENOENT (No such file or directory)
10614 openat(AT_FDCWD, "/home/runner/work/deckrender-acceptance/deckrender-acceptance/benchmark/artifacts/acceptance/runtimes/v0.3.1/node_modules/axios/lib/helpers/package.json", O_RDONLY|O_CLOEXEC) = -1 ENOENT (No such file or directory)
10614 openat(AT_FDCWD, "/home/runner/work/deckrender-acceptance/deckrender-acceptance/benchmark/artifacts/acceptance/runtimes/v0.3.1/node_modules/axios/lib/package.json", O_RDONLY|O_CLOEXEC) = -1 ENOENT (No such file or directory)
10614 openat(AT_FDCWD, "/home/runner/work/deckrender-acceptance/deckrender-acceptance/benchmark/artifacts/acceptance/runtimes/v0.3.1/node_modules/axios/lib/helpers/package.json", O_RDONLY|O_CLOEXEC) = -1 ENOENT (No such file or directory)
10614 openat(AT_FDCWD, "/home/runner/work/deckrender-acceptance/deckrender-acceptance/benchmark/artifacts/acceptance/runtimes/v0.3.1/node_modules/axios/lib/package.json", O_RDONLY|O_CLOEXEC) = -1 ENOENT (No such file or directory)
10614 openat(AT_FDCWD, "/home/runner/work/deckrender-acceptance/deckrender-acceptance/benchmark/artifacts/acceptance/runtimes/v0.3.1/node_modules/axios/lib/helpers/package.json", O_RDONLY|O_CLOEXEC) = -1 ENOENT (No such file or directory)
10614 openat(AT_FDCWD, "/home/runner/work/deckrender-acceptance/deckrender-acceptance/benchmark/artifacts/acceptance/runtimes/v0.3.1/node_modules/axios/lib/package.json", O_RDONLY|O_CLOEXEC) = -1 ENOENT (No such file or directory)
10614 openat(AT_FDCWD, "/home/runner/work/deckrender-acceptance/deckrender-acceptance/benchmark/artifacts/acceptance/runtimes/v0.3.1/node_modules/axios/lib/package.json", O_RDONLY|O_CLOEXEC) = -1 ENOENT (No such file or directory)
10614 openat(AT_FDCWD, "/home/runner/work/deckrender-acceptance/deckrender-acceptance/benchmark/artifacts/acceptance/runtimes/v0.3.1/node_modules/axios/lib/core/package.json", O_RDONLY|O_CLOEXEC) = -1 ENOENT (No such file or directory)
10614 openat(AT_FDCWD, "/home/runner/work/deckrender-acceptance/deckrender-acceptance/benchmark/artifacts/acceptance/runtimes/v0.3.1/node_modules/axios/lib/package.json", O_RDONLY|O_CLOEXEC) = -1 ENOENT (No such file or directory)
10614 openat(AT_FDCWD, "/home/runner/work/deckrender-acceptance/deckrender-acceptance/benchmark/artifacts/acceptance/runtimes/v0.3.1/node_modules/axios/lib/defaults/package.json", O_RDONLY|O_CLOEXEC) = -1 ENOENT (No such file or directory)
10614 openat(AT_FDCWD, "/home/runner/work/deckrender-acceptance/deckrender-acceptance/benchmark/artifacts/acceptance/runtimes/v0.3.1/node_modules/axios/lib/package.json", O_RDONLY|O_CLOEXEC) = -1 ENOENT (No such file or directory)
10614 openat(AT_FDCWD, "/home/runner/work/deckrender-acceptance/deckrender-acceptance/benchmark/artifacts/acceptance/runtimes/v0.3.1/node_modules/axios/lib/core/package.json", O_RDONLY|O_CLOEXEC) = -1 ENOENT (No such file or directory)
10614 openat(AT_FDCWD, "/home/runner/work/deckrender-acceptance/deckrender-acceptance/benchmark/artifacts/acceptance/runtimes/v0.3.1/node_modules/axios/lib/package.json", O_RDONLY|O_CLOEXEC) = -1 ENOENT (No such file or directory)
10614 openat(AT_FDCWD, "/home/runner/work/deckrender-acceptance/deckrender-acceptance/benchmark/artifacts/acceptance/runtimes/v0.3.1/node_modules/axios/lib/cancel/package.json", O_RDONLY|O_CLOEXEC) = -1 ENOENT (No such file or directory)
10614 openat(AT_FDCWD, "/home/runner/work/deckrender-acceptance/deckrender-acceptance/benchmark/artifacts/acceptance/runtimes/v0.3.1/node_modules/axios/lib/package.json", O_RDONLY|O_CLOEXEC) = -1 ENOENT (No such file or directory)
10614 openat(AT_FDCWD, "/home/runner/work/deckrender-acceptance/deckrender-acceptance/benchmark/artifacts/acceptance/runtimes/v0.3.1/node_modules/axios/lib/helpers/package.json", O_RDONLY|O_CLOEXEC) = -1 ENOENT (No such file or directory)
10614 openat(AT_FDCWD, "/home/runner/work/deckrender-acceptance/deckrender-acceptance/benchmark/artifacts/acceptance/runtimes/v0.3.1/node_modules/axios/lib/package.json", O_RDONLY|O_CLOEXEC) = -1 ENOENT (No such file or directory)
10614 openat(AT_FDCWD, "/home/runner/work/deckrender-acceptance/deckrender-acceptance/benchmark/artifacts/acceptance/runtimes/v0.3.1/node_modules/axios/lib/helpers/package.json", O_RDONLY|O_CLOEXEC) = -1 ENOENT (No such file or directory)
10614 openat(AT_FDCWD, "/home/runner/work/deckrender-acceptance/deckrender-acceptance/benchmark/artifacts/acceptance/runtimes/v0.3.1/node_modules/axios/lib/package.json", O_RDONLY|O_CLOEXEC) = -1 ENOENT (No such file or directory)
10614 openat(AT_FDCWD, "/home/runner/work/deckrender-acceptance/deckrender-acceptance/benchmark/artifacts/acceptance/runtimes/v0.3.1/node_modules/axios/lib/platform/package.json", O_RDONLY|O_CLOEXEC) = -1 ENOENT (No such file or directory)
10614 openat(AT_FDCWD, "/home/runner/work/deckrender-acceptance/deckrender-acceptance/benchmark/artifacts/acceptance/runtimes/v0.3.1/node_modules/axios/lib/package.json", O_RDONLY|O_CLOEXEC) = -1 ENOENT (No such file or directory)
10614 openat(AT_FDCWD, "/home/runner/work/deckrender-acceptance/deckrender-acceptance/benchmark/artifacts/acceptance/runtimes/v0.3.1/node_modules/axios/lib/core/package.json", O_RDONLY|O_CLOEXEC) = -1 ENOENT (No such file or directory)
10614 openat(AT_FDCWD, "/home/runner/work/deckrender-acceptance/deckrender-acceptance/benchmark/artifacts/acceptance/runtimes/v0.3.1/node_modules/axios/lib/package.json", O_RDONLY|O_CLOEXEC) = -1 ENOENT (No such file or directory)
10614 openat(AT_FDCWD, "/home/runner/work/deckrender-acceptance/deckrender-acceptance/benchmark/artifacts/acceptance/runtimes/v0.3.1/node_modules/axios/lib/helpers/package.json", O_RDONLY|O_CLOEXEC) = -1 ENOENT (No such file or directory)
10614 openat(AT_FDCWD, "/home/runner/work/deckrender-acceptance/deckrender-acceptance/benchmark/artifacts/acceptance/runtimes/v0.3.1/node_modules/axios/lib/package.json", O_RDONLY|O_CLOEXEC) = -1 ENOENT (No such file or directory)
10614 openat(AT_FDCWD, "/home/runner/work/deckrender-acceptance/deckrender-acceptance/benchmark/artifacts/acceptance/runtimes/v0.3.1/node_modules/axios/lib/helpers/package.json", O_RDONLY|O_CLOEXEC) = -1 ENOENT (No such file or directory)
10614 openat(AT_FDCWD, "/home/runner/work/deckrender-acceptance/deckrender-acceptance/benchmark/artifacts/acceptance/runtimes/v0.3.1/node_modules/axios/lib/package.json", O_RDONLY|O_CLOEXEC) = -1 ENOENT (No such file or directory)
10614 openat(AT_FDCWD, "/home/runner/work/deckrender-acceptance/deckrender-acceptance/benchmark/artifacts/acceptance/runtimes/v0.3.1/node_modules/axios/lib/helpers/package.json", O_RDONLY|O_CLOEXEC) = -1 ENOENT (No such file or directory)
10614 openat(AT_FDCWD, "/home/runner/work/deckrender-acceptance/deckrender-acceptance/benchmark/artifacts/acceptance/runtimes/v0.3.1/node_modules/axios/lib/package.json", O_RDONLY|O_CLOEXEC) = -1 ENOENT (No such file or directory)
10614 openat(AT_FDCWD, "/home/runner/work/deckrender-acceptance/deckrender-acceptance/benchmark/artifacts/acceptance/runtimes/v0.3.1/node_modules/axios/lib/platform/package.json", O_RDONLY|O_CLOEXEC) = -1 ENOENT (No such file or directory)
10614 openat(AT_FDCWD, "/home/runner/work/deckrender-acceptance/deckrender-acceptance/benchmark/artifacts/acceptance/runtimes/v0.3.1/node_modules/axios/lib/package.json", O_RDONLY|O_CLOEXEC) = -1 ENOENT (No such file or directory)
10614 openat(AT_FDCWD, "/home/runner/work/deckrender-acceptance/deckrender-acceptance/benchmark/artifacts/acceptance/runtimes/v0.3.1/node_modules/axios/lib/package.json", O_RDONLY|O_CLOEXEC) = -1 ENOENT (No such file or directory)
10614 openat(AT_FDCWD, "/home/runner/work/deckrender-acceptance/deckrender-acceptance/benchmark/artifacts/acceptance/runtimes/v0.3.1/node_modules/axios/lib/core/package.json", O_RDONLY|O_CLOEXEC) = -1 ENOENT (No such file or directory)
10614 openat(AT_FDCWD, "/home/runner/work/deckrender-acceptance/deckrender-acceptance/benchmark/artifacts/acceptance/runtimes/v0.3.1/node_modules/axios/lib/package.json", O_RDONLY|O_CLOEXEC) = -1 ENOENT (No such file or directory)
10614 openat(AT_FDCWD, "/home/runner/work/deckrender-acceptance/deckrender-acceptance/benchmark/artifacts/acceptance/runtimes/v0.3.1/node_modules/axios/lib/helpers/package.json", O_RDONLY|O_CLOEXEC) = -1 ENOENT (No such file or directory)
10614 openat(AT_FDCWD, "/home/runner/work/deckrender-acceptance/deckrender-acceptance/benchmark/artifacts/acceptance/runtimes/v0.3.1/node_modules/axios/lib/package.json", O_RDONLY|O_CLOEXEC) = -1 ENOENT (No such file or directory)
10614 openat(AT_FDCWD, "/home/runner/work/deckrender-acceptance/deckrender-acceptance/benchmark/artifacts/acceptance/runtimes/v0.3.1/node_modules/axios/lib/helpers/package.json", O_RDONLY|O_CLOEXEC) = -1 ENOENT (No such file or directory)
10614 openat(AT_FDCWD, "/home/runner/work/deckrender-acceptance/deckrender-acceptance/benchmark/artifacts/acceptance/runtimes/v0.3.1/node_modules/axios/lib/package.json", O_RDONLY|O_CLOEXEC) = -1 ENOENT (No such file or directory)
10614 openat(AT_FDCWD, "/home/runner/work/deckrender-acceptance/deckrender-acceptance/benchmark/artifacts/acceptance/runtimes/v0.3.1/node_modules/axios/lib/core/package.json", O_RDONLY|O_CLOEXEC) = -1 ENOENT (No such file or directory)
10614 openat(AT_FDCWD, "/home/runner/work/deckrender-acceptance/deckrender-acceptance/benchmark/artifacts/acceptance/runtimes/v0.3.1/node_modules/axios/lib/package.json", O_RDONLY|O_CLOEXEC) = -1 ENOENT (No such file or directory)
10614 openat(AT_FDCWD, "/home/runner/work/deckrender-acceptance/deckrender-acceptance/benchmark/artifacts/acceptance/runtimes/v0.3.1/node_modules/axios/lib/helpers/package.json", O_RDONLY|O_CLOEXEC) = -1 ENOENT (No such file or directory)
10614 openat(AT_FDCWD, "/home/runner/work/deckrender-acceptance/deckrender-acceptance/benchmark/artifacts/acceptance/runtimes/v0.3.1/node_modules/axios/lib/package.json", O_RDONLY|O_CLOEXEC) = -1 ENOENT (No such file or directory)
10614 openat(AT_FDCWD, "/home/runner/work/deckrender-acceptance/deckrender-acceptance/benchmark/artifacts/acceptance/runtimes/v0.3.1/node_modules/axios/lib/helpers/package.json", O_RDONLY|O_CLOEXEC) = -1 ENOENT (No such file or directory)
10614 openat(AT_FDCWD, "/home/runner/work/deckrender-acceptance/deckrender-acceptance/benchmark/artifacts/acceptance/runtimes/v0.3.1/node_modules/axios/lib/package.json", O_RDONLY|O_CLOEXEC) = -1 ENOENT (No such file or directory)
10614 openat(AT_FDCWD, "/home/runner/work/deckrender-acceptance/deckrender-acceptance/benchmark/artifacts/acceptance/runtimes/v0.3.1/node_modules/axios/lib/core/package.json", O_RDONLY|O_CLOEXEC) = -1 ENOENT (No such file or directory)
10614 openat(AT_FDCWD, "/home/runner/work/deckrender-acceptance/deckrender-acceptance/benchmark/artifacts/acceptance/runtimes/v0.3.1/node_modules/axios/lib/package.json", O_RDONLY|O_CLOEXEC) = -1 ENOENT (No such file or directory)
10614 openat(AT_FDCWD, "/home/runner/work/deckrender-acceptance/deckrender-acceptance/benchmark/artifacts/acceptance/runtimes/v0.3.1/node_modules/axios/lib/helpers/package.json", O_RDONLY|O_CLOEXEC) = -1 ENOENT (No such file or directory)
10614 openat(AT_FDCWD, "/home/runner/work/deckrender-acceptance/deckrender-acceptance/benchmark/artifacts/acceptance/runtimes/v0.3.1/node_modules/axios/lib/package.json", O_RDONLY|O_CLOEXEC) = -1 ENOENT (No such file or directory)
10614 openat(AT_FDCWD, "/home/runner/work/deckrender-acceptance/deckrender-acceptance/benchmark/artifacts/acceptance/runtimes/v0.3.1/node_modules/axios/lib/env/package.json", O_RDONLY|O_CLOEXEC) = -1 ENOENT (No such file or directory)
10614 openat(AT_FDCWD, "/home/runner/work/deckrender-acceptance/deckrender-acceptance/benchmark/artifacts/acceptance/runtimes/v0.3.1/node_modules/axios/lib/package.json", O_RDONLY|O_CLOEXEC) = -1 ENOENT (No such file or directory)
10614 openat(AT_FDCWD, "/home/runner/work/deckrender-acceptance/deckrender-acceptance/benchmark/artifacts/acceptance/runtimes/v0.3.1/node_modules/axios/lib/helpers/package.json", O_RDONLY|O_CLOEXEC) = -1 ENOENT (No such file or directory)
10614 openat(AT_FDCWD, "/home/runner/work/deckrender-acceptance/deckrender-acceptance/benchmark/artifacts/acceptance/runtimes/v0.3.1/node_modules/axios/lib/package.json", O_RDONLY|O_CLOEXEC) = -1 ENOENT (No such file or directory)
10614 openat(AT_FDCWD, "/home/runner/work/deckrender-acceptance/deckrender-acceptance/benchmark/artifacts/acceptance/runtimes/v0.3.1/node_modules/axios/lib/helpers/AxiosURLSearchParams.js", O_RDONLY|O_CLOEXEC) = 21
10614 openat(AT_FDCWD, "/home/runner/work/deckrender-acceptance/deckrender-acceptance/benchmark/artifacts/acceptance/runtimes/v0.3.1/node_modules/axios/lib/core/transformData.js", O_RDONLY|O_CLOEXEC) = 21
10614 openat(AT_FDCWD, "/home/runner/work/deckrender-acceptance/deckrender-acceptance/benchmark/artifacts/acceptance/runtimes/v0.3.1/node_modules/axios/lib/helpers/isAbsoluteURL.js", O_RDONLY|O_CLOEXEC) = 21
10614 openat(AT_FDCWD, "/home/runner/work/deckrender-acceptance/deckrender-acceptance/benchmark/artifacts/acceptance/runtimes/v0.3.1/node_modules/axios/lib/helpers/combineURLs.js", O_RDONLY|O_CLOEXEC) = 21
10614 openat(AT_FDCWD, "/home/runner/work/deckrender-acceptance/deckrender-acceptance/benchmark/artifacts/acceptance/runtimes/v0.3.1/node_modules/axios/lib/helpers/normalizeURLForProtocolCheck.js", O_RDONLY|O_CLOEXEC) = 21
10614 openat(AT_FDCWD, "/home/runner/work/deckrender-acceptance/deckrender-acceptance/benchmark/artifacts/acceptance/runtimes/v0.3.1/node_modules/axios/lib/platform/node/index.js", O_RDONLY|O_CLOEXEC) = 21
10614 openat(AT_FDCWD, "/home/runner/work/deckrender-acceptance/deckrender-acceptance/benchmark/artifacts/acceptance/runtimes/v0.3.1/node_modules/axios/lib/platform/common/utils.js", O_RDONLY|O_CLOEXEC) = 21
10614 openat(AT_FDCWD, "/home/runner/work/deckrender-acceptance/deckrender-acceptance/benchmark/artifacts/acceptance/runtimes/v0.3.1/node_modules/form-data/lib/form_data.js", O_RDONLY|O_CLOEXEC) = 21
10614 openat(AT_FDCWD, "/home/runner/work/deckrender-acceptance/deckrender-acceptance/benchmark/artifacts/acceptance/runtimes/v0.3.1/node_modules/form-data/lib/package.json", O_RDONLY|O_CLOEXEC) = -1 ENOENT (No such file or directory)
10614 openat(AT_FDCWD, "/home/runner/work/deckrender-acceptance/deckrender-acceptance/benchmark/artifacts/acceptance/runtimes/v0.3.1/node_modules/axios/lib/core/settle.js", O_RDONLY|O_CLOEXEC) = 21
10614 openat(AT_FDCWD, "/home/runner/work/deckrender-acceptance/deckrender-acceptance/benchmark/artifacts/acceptance/runtimes/v0.3.1/node_modules/proxy-from-env/index.js", O_RDONLY|O_CLOEXEC) = 21
10614 openat(AT_FDCWD, "/home/runner/work/deckrender-acceptance/deckrender-acceptance/benchmark/artifacts/acceptance/runtimes/v0.3.1/node_modules/https-proxy-agent/dist/index.js", O_RDONLY|O_CLOEXEC) = 21
10614 openat(AT_FDCWD, "/home/runner/work/deckrender-acceptance/deckrender-acceptance/benchmark/artifacts/acceptance/runtimes/v0.3.1/node_modules/https-proxy-agent/dist/package.json", O_RDONLY|O_CLOEXEC) = -1 ENOENT (No such file or directory)
10614 openat(AT_FDCWD, "/home/runner/work/deckrender-acceptance/deckrender-acceptance/benchmark/artifacts/acceptance/runtimes/v0.3.1/node_modules/follow-redirects/index.js", O_RDONLY|O_CLOEXEC) = 21
10614 openat(AT_FDCWD, "/home/runner/work/deckrender-acceptance/deckrender-acceptance/benchmark/artifacts/acceptance/runtimes/v0.3.1/node_modules/axios/lib/helpers/fromDataURI.js", O_RDONLY|O_CLOEXEC) = 21
10614 openat(AT_FDCWD, "/home/runner/work/deckrender-acceptance/deckrender-acceptance/benchmark/artifacts/acceptance/runtimes/v0.3.1/node_modules/axios/lib/core/setFormDataHeaders.js", O_RDONLY|O_CLOEXEC) = 21
10614 openat(AT_FDCWD, "/home/runner/work/deckrender-acceptance/deckrender-acceptance/benchmark/artifacts/acceptance/runtimes/v0.3.1/node_modules/axios/lib/helpers/AxiosTransformStream.js", O_RDONLY|O_CLOEXEC) = 21
10614 openat(AT_FDCWD, "/home/runner/work/deckrender-acceptance/deckrender-acceptance/benchmark/artifacts/acceptance/runtimes/v0.3.1/node_modules/axios/lib/helpers/formDataToStream.js", O_RDONLY|O_CLOEXEC) = 21
10614 openat(AT_FDCWD, "/home/runner/work/deckrender-acceptance/deckrender-acceptance/benchmark/artifacts/acceptance/runtimes/v0.3.1/node_modules/axios/lib/helpers/readBlob.js", O_RDONLY|O_CLOEXEC) = 21
10614 openat(AT_FDCWD, "/home/runner/work/deckrender-acceptance/deckrender-acceptance/benchmark/artifacts/acceptance/runtimes/v0.3.1/node_modules/axios/lib/helpers/ZlibHeaderTransformStream.js", O_RDONLY|O_CLOEXEC) = 21
10614 openat(AT_FDCWD, "/home/runner/work/deckrender-acceptance/deckrender-acceptance/benchmark/artifacts/acceptance/runtimes/v0.3.1/node_modules/axios/lib/helpers/Http2Sessions.js", O_RDONLY|O_CLOEXEC) = 21
10614 openat(AT_FDCWD, "/home/runner/work/deckrender-acceptance/deckrender-acceptance/benchmark/artifacts/acceptance/runtimes/v0.3.1/node_modules/axios/lib/helpers/callbackify.js", O_RDONLY|O_CLOEXEC) = 21
10614 openat(AT_FDCWD, "/home/runner/work/deckrender-acceptance/deckrender-acceptance/benchmark/artifacts/acceptance/runtimes/v0.3.1/node_modules/axios/lib/helpers/shouldBypassProxy.js", O_RDONLY|O_CLOEXEC) = 21
10614 openat(AT_FDCWD, "/home/runner/work/deckrender-acceptance/deckrender-acceptance/benchmark/artifacts/acceptance/runtimes/v0.3.1/node_modules/axios/lib/helpers/progressEventReducer.js", O_RDONLY|O_CLOEXEC) = 21
10614 openat(AT_FDCWD, "/home/runner/work/deckrender-acceptance/deckrender-acceptance/benchmark/artifacts/acceptance/runtimes/v0.3.1/node_modules/axios/lib/helpers/estimateDataURLDecodedBytes.js", O_RDONLY|O_CLOEXEC) = 21
10614 openat(AT_FDCWD, "/home/runner/work/deckrender-acceptance/deckrender-acceptance/benchmark/artifacts/acceptance/runtimes/v0.3.1/node_modules/axios/lib/helpers/parseProtocol.js", O_RDONLY|O_CLOEXEC) = 21
10614 openat(AT_FDCWD, "/home/runner/work/deckrender-acceptance/deckrender-acceptance/benchmark/artifacts/acceptance/runtimes/v0.3.1/node_modules/axios/lib/helpers/resolveConfig.js", O_RDONLY|O_CLOEXEC) = 21
10614 openat(AT_FDCWD, "/home/runner/work/deckrender-acceptance/deckrender-acceptance/benchmark/artifacts/acceptance/runtimes/v0.3.1/node_modules/axios/lib/helpers/composeSignals.js", O_RDONLY|O_CLOEXEC) = 21
10614 openat(AT_FDCWD, "/home/runner/work/deckrender-acceptance/deckrender-acceptance/benchmark/artifacts/acceptance/runtimes/v0.3.1/node_modules/axios/lib/helpers/trackStream.js", O_RDONLY|O_CLOEXEC) = 21
10614 openat(AT_FDCWD, "/home/runner/work/deckrender-acceptance/deckrender-acceptance/benchmark/artifacts/acceptance/runtimes/v0.3.1/node_modules/axios/lib/helpers/package.json", O_RDONLY|O_CLOEXEC) = -1 ENOENT (No such file or directory)
10614 openat(AT_FDCWD, "/home/runner/work/deckrender-acceptance/deckrender-acceptance/benchmark/artifacts/acceptance/runtimes/v0.3.1/node_modules/axios/lib/package.json", O_RDONLY|O_CLOEXEC) = -1 ENOENT (No such file or directory)
10614 openat(AT_FDCWD, "/home/runner/work/deckrender-acceptance/deckrender-acceptance/benchmark/artifacts/acceptance/runtimes/v0.3.1/node_modules/axios/lib/package.json", O_RDONLY|O_CLOEXEC) = -1 ENOENT (No such file or directory)
10614 openat(AT_FDCWD, "/home/runner/work/deckrender-acceptance/deckrender-acceptance/benchmark/artifacts/acceptance/runtimes/v0.3.1/node_modules/axios/lib/defaults/package.json", O_RDONLY|O_CLOEXEC) = -1 ENOENT (No such file or directory)
10614 openat(AT_FDCWD, "/home/runner/work/deckrender-acceptance/deckrender-acceptance/benchmark/artifacts/acceptance/runtimes/v0.3.1/node_modules/axios/lib/package.json", O_RDONLY|O_CLOEXEC) = -1 ENOENT (No such file or directory)
10614 openat(AT_FDCWD, "/home/runner/work/deckrender-acceptance/deckrender-acceptance/benchmark/artifacts/acceptance/runtimes/v0.3.1/node_modules/axios/lib/core/package.json", O_RDONLY|O_CLOEXEC) = -1 ENOENT (No such file or directory)
10614 openat(AT_FDCWD, "/home/runner/work/deckrender-acceptance/deckrender-acceptance/benchmark/artifacts/acceptance/runtimes/v0.3.1/node_modules/axios/lib/package.json", O_RDONLY|O_CLOEXEC) = -1 ENOENT (No such file or directory)
10614 openat(AT_FDCWD, "/home/runner/work/deckrender-acceptance/deckrender-acceptance/benchmark/artifacts/acceptance/runtimes/v0.3.1/node_modules/axios/lib/platform/node/classes/package.json", O_RDONLY|O_CLOEXEC) = -1 ENOENT (No such file or directory)
10614 openat(AT_FDCWD, "/home/runner/work/deckrender-acceptance/deckrender-acceptance/benchmark/artifacts/acceptance/runtimes/v0.3.1/node_modules/axios/lib/platform/node/package.json", O_RDONLY|O_CLOEXEC) = -1 ENOENT (No such file or directory)
10614 openat(AT_FDCWD, "/home/runner/work/deckrender-acceptance/deckrender-acceptance/benchmark/artifacts/acceptance/runtimes/v0.3.1/node_modules/axios/lib/platform/package.json", O_RDONLY|O_CLOEXEC) = -1 ENOENT (No such file or directory)
10614 openat(AT_FDCWD, "/home/runner/work/deckrender-acceptance/deckrender-acceptance/benchmark/artifacts/acceptance/runtimes/v0.3.1/node_modules/axios/lib/package.json", O_RDONLY|O_CLOEXEC) = -1 ENOENT (No such file or directory)
10614 openat(AT_FDCWD, "/home/runner/work/deckrender-acceptance/deckrender-acceptance/benchmark/artifacts/acceptance/runtimes/v0.3.1/node_modules/axios/lib/platform/node/classes/package.json", O_RDONLY|O_CLOEXEC) = -1 ENOENT (No such file or directory)
10614 openat(AT_FDCWD, "/home/runner/work/deckrender-acceptance/deckrender-acceptance/benchmark/artifacts/acceptance/runtimes/v0.3.1/node_modules/axios/lib/platform/node/package.json", O_RDONLY|O_CLOEXEC) = -1 ENOENT (No such file or directory)
10614 openat(AT_FDCWD, "/home/runner/work/deckrender-acceptance/deckrender-acceptance/benchmark/artifacts/acceptance/runtimes/v0.3.1/node_modules/axios/lib/platform/package.json", O_RDONLY|O_CLOEXEC) = -1 ENOENT (No such file or directory)
10614 openat(AT_FDCWD, "/home/runner/work/deckrender-acceptance/deckrender-acceptance/benchmark/artifacts/acceptance/runtimes/v0.3.1/node_modules/axios/lib/package.json", O_RDONLY|O_CLOEXEC) = -1 ENOENT (No such file or directory)
10614 openat(AT_FDCWD, "/home/runner/work/deckrender-acceptance/deckrender-acceptance/benchmark/artifacts/acceptance/runtimes/v0.3.1/node_modules/axios/lib/core/package.json", O_RDONLY|O_CLOEXEC) = -1 ENOENT (No such file or directory)
10614 openat(AT_FDCWD, "/home/runner/work/deckrender-acceptance/deckrender-acceptance/benchmark/artifacts/acceptance/runtimes/v0.3.1/node_modules/axios/lib/package.json", O_RDONLY|O_CLOEXEC) = -1 ENOENT (No such file or directory)
10614 openat(AT_FDCWD, "/home/runner/work/deckrender-acceptance/deckrender-acceptance/benchmark/artifacts/acceptance/runtimes/v0.3.1/node_modules/axios/lib/core/package.json", O_RDONLY|O_CLOEXEC) = -1 ENOENT (No such file or directory)
10614 openat(AT_FDCWD, "/home/runner/work/deckrender-acceptance/deckrender-acceptance/benchmark/artifacts/acceptance/runtimes/v0.3.1/node_modules/axios/lib/package.json", O_RDONLY|O_CLOEXEC) = -1 ENOENT (No such file or directory)
10614 openat(AT_FDCWD, "/home/runner/work/deckrender-acceptance/deckrender-acceptance/benchmark/artifacts/acceptance/runtimes/v0.3.1/node_modules/axios/lib/helpers/package.json", O_RDONLY|O_CLOEXEC) = -1 ENOENT (No such file or directory)
10614 openat(AT_FDCWD, "/home/runner/work/deckrender-acceptance/deckrender-acceptance/benchmark/artifacts/acceptance/runtimes/v0.3.1/node_modules/axios/lib/package.json", O_RDONLY|O_CLOEXEC) = -1 ENOENT (No such file or directory)
10614 openat(AT_FDCWD, "/home/runner/work/deckrender-acceptance/deckrender-acceptance/benchmark/artifacts/acceptance/runtimes/v0.3.1/node_modules/axios/lib/platform/package.json", O_RDONLY|O_CLOEXEC) = -1 ENOENT (No such file or directory)
10614 openat(AT_FDCWD, "/home/runner/work/deckrender-acceptance/deckrender-acceptance/benchmark/artifacts/acceptance/runtimes/v0.3.1/node_modules/axios/lib/package.json", O_RDONLY|O_CLOEXEC) = -1 ENOENT (No such file or directory)
10614 openat(AT_FDCWD, "/home/runner/work/deckrender-acceptance/deckrender-acceptance/benchmark/artifacts/acceptance/runtimes/v0.3.1/node_modules/axios/lib/package.json", O_RDONLY|O_CLOEXEC) = -1 ENOENT (No such file or directory)
10614 openat(AT_FDCWD, "/home/runner/work/deckrender-acceptance/deckrender-acceptance/benchmark/artifacts/acceptance/runtimes/v0.3.1/node_modules/axios/lib/package.json", O_RDONLY|O_CLOEXEC) = -1 ENOENT (No such file or directory)
10614 openat(AT_FDCWD, "/home/runner/work/deckrender-acceptance/deckrender-acceptance/benchmark/artifacts/acceptance/runtimes/v0.3.1/node_modules/axios/lib/helpers/package.json", O_RDONLY|O_CLOEXEC) = -1 ENOENT (No such file or directory)
10614 openat(AT_FDCWD, "/home/runner/work/deckrender-acceptance/deckrender-acceptance/benchmark/artifacts/acceptance/runtimes/v0.3.1/node_modules/axios/lib/package.json", O_RDONLY|O_CLOEXEC) = -1 ENOENT (No such file or directory)
10614 openat(AT_FDCWD, "/home/runner/work/deckrender-acceptance/deckrender-acceptance/benchmark/artifacts/acceptance/runtimes/v0.3.1/node_modules/axios/lib/platform/package.json", O_RDONLY|O_CLOEXEC) = -1 ENOENT (No such file or directory)
10614 openat(AT_FDCWD, "/home/runner/work/deckrender-acceptance/deckrender-acceptance/benchmark/artifacts/acceptance/runtimes/v0.3.1/node_modules/axios/lib/package.json", O_RDONLY|O_CLOEXEC) = -1 ENOENT (No such file or directory)
10614 openat(AT_FDCWD, "/home/runner/work/deckrender-acceptance/deckrender-acceptance/benchmark/artifacts/acceptance/runtimes/v0.3.1/node_modules/axios/lib/package.json", O_RDONLY|O_CLOEXEC) = -1 ENOENT (No such file or directory)
10614 openat(AT_FDCWD, "/home/runner/work/deckrender-acceptance/deckrender-acceptance/benchmark/artifacts/acceptance/runtimes/v0.3.1/node_modules/axios/lib/helpers/package.json", O_RDONLY|O_CLOEXEC) = -1 ENOENT (No such file or directory)
10614 openat(AT_FDCWD, "/home/runner/work/deckrender-acceptance/deckrender-acceptance/benchmark/artifacts/acceptance/runtimes/v0.3.1/node_modules/axios/lib/package.json", O_RDONLY|O_CLOEXEC) = -1 ENOENT (No such file or directory)
10614 openat(AT_FDCWD, "/home/runner/work/deckrender-acceptance/deckrender-acceptance/benchmark/artifacts/acceptance/runtimes/v0.3.1/node_modules/axios/lib/helpers/package.json", O_RDONLY|O_CLOEXEC) = -1 ENOENT (No such file or directory)
10614 openat(AT_FDCWD, "/home/runner/work/deckrender-acceptance/deckrender-acceptance/benchmark/artifacts/acceptance/runtimes/v0.3.1/node_modules/axios/lib/package.json", O_RDONLY|O_CLOEXEC) = -1 ENOENT (No such file or directory)
10614 openat(AT_FDCWD, "/home/runner/work/deckrender-acceptance/deckrender-acceptance/benchmark/artifacts/acceptance/runtimes/v0.3.1/node_modules/axios/lib/package.json", O_RDONLY|O_CLOEXEC) = -1 ENOENT (No such file or directory)
10614 openat(AT_FDCWD, "/home/runner/work/deckrender-acceptance/deckrender-acceptance/benchmark/artifacts/acceptance/runtimes/v0.3.1/node_modules/axios/lib/platform/package.json", O_RDONLY|O_CLOEXEC) = -1 ENOENT (No such file or directory)
10614 openat(AT_FDCWD, "/home/runner/work/deckrender-acceptance/deckrender-acceptance/benchmark/artifacts/acceptance/runtimes/v0.3.1/node_modules/axios/lib/package.json", O_RDONLY|O_CLOEXEC) = -1 ENOENT (No such file or directory)
10614 openat(AT_FDCWD, "/home/runner/work/deckrender-acceptance/deckrender-acceptance/benchmark/artifacts/acceptance/runtimes/v0.3.1/node_modules/axios/lib/package.json", O_RDONLY|O_CLOEXEC) = -1 ENOENT (No such file or directory)
10614 openat(AT_FDCWD, "/home/runner/work/deckrender-acceptance/deckrender-acceptance/benchmark/artifacts/acceptance/runtimes/v0.3.1/node_modules/axios/lib/core/package.json", O_RDONLY|O_CLOEXEC) = -1 ENOENT (No such file or directory)
10614 openat(AT_FDCWD, "/home/runner/work/deckrender-acceptance/deckrender-acceptance/benchmark/artifacts/acceptance/runtimes/v0.3.1/node_modules/axios/lib/package.json", O_RDONLY|O_CLOEXEC) = -1 ENOENT (No such file or directory)
10614 openat(AT_FDCWD, "/home/runner/work/deckrender-acceptance/deckrender-acceptance/benchmark/artifacts/acceptance/runtimes/v0.3.1/node_modules/axios/lib/helpers/package.json", O_RDONLY|O_CLOEXEC) = -1 ENOENT (No such file or directory)
10614 openat(AT_FDCWD, "/home/runner/work/deckrender-acceptance/deckrender-acceptance/benchmark/artifacts/acceptance/runtimes/v0.3.1/node_modules/axios/lib/package.json", O_RDONLY|O_CLOEXEC) = -1 ENOENT (No such file or directory)
10614 openat(AT_FDCWD, "/home/runner/work/deckrender-acceptance/deckrender-acceptance/benchmark/artifacts/acceptance/runtimes/v0.3.1/node_modules/axios/lib/helpers/package.json", O_RDONLY|O_CLOEXEC) = -1 ENOENT (No such file or directory)
10614 openat(AT_FDCWD, "/home/runner/work/deckrender-acceptance/deckrender-acceptance/benchmark/artifacts/acceptance/runtimes/v0.3.1/node_modules/axios/lib/package.json", O_RDONLY|O_CLOEXEC) = -1 ENOENT (No such file or directory)
10614 openat(AT_FDCWD, "/home/runner/work/deckrender-acceptance/deckrender-acceptance/benchmark/artifacts/acceptance/runtimes/v0.3.1/node_modules/axios/lib/core/package.json", O_RDONLY|O_CLOEXEC) = -1 ENOENT (No such file or directory)
10614 openat(AT_FDCWD, "/home/runner/work/deckrender-acceptance/deckrender-acceptance/benchmark/artifacts/acceptance/runtimes/v0.3.1/node_modules/axios/lib/package.json", O_RDONLY|O_CLOEXEC) = -1 ENOENT (No such file or directory)
10614 openat(AT_FDCWD, "/home/runner/work/deckrender-acceptance/deckrender-acceptance/benchmark/artifacts/acceptance/runtimes/v0.3.1/node_modules/axios/lib/core/package.json", O_RDONLY|O_CLOEXEC) = -1 ENOENT (No such file or directory)
10614 openat(AT_FDCWD, "/home/runner/work/deckrender-acceptance/deckrender-acceptance/benchmark/artifacts/acceptance/runtimes/v0.3.1/node_modules/axios/lib/package.json", O_RDONLY|O_CLOEXEC) = -1 ENOENT (No such file or directory)
10614 openat(AT_FDCWD, "/home/runner/work/deckrender-acceptance/deckrender-acceptance/benchmark/artifacts/acceptance/runtimes/v0.3.1/node_modules/axios/lib/core/package.json", O_RDONLY|O_CLOEXEC) = -1 ENOENT (No such file or directory)
10614 openat(AT_FDCWD, "/home/runner/work/deckrender-acceptance/deckrender-acceptance/benchmark/artifacts/acceptance/runtimes/v0.3.1/node_modules/axios/lib/package.json", O_RDONLY|O_CLOEXEC) = -1 ENOENT (No such file or directory)
10614 openat(AT_FDCWD, "/home/runner/work/deckrender-acceptance/deckrender-acceptance/benchmark/artifacts/acceptance/runtimes/v0.3.1/node_modules/axios/lib/core/package.json", O_RDONLY|O_CLOEXEC) = -1 ENOENT (No such file or directory)
10614 openat(AT_FDCWD, "/home/runner/work/deckrender-acceptance/deckrender-acceptance/benchmark/artifacts/acceptance/runtimes/v0.3.1/node_modules/axios/lib/package.json", O_RDONLY|O_CLOEXEC) = -1 ENOENT (No such file or directory)
10614 openat(AT_FDCWD, "/home/runner/work/deckrender-acceptance/deckrender-acceptance/benchmark/artifacts/acceptance/runtimes/v0.3.1/node_modules/axios/lib/helpers/package.json", O_RDONLY|O_CLOEXEC) = -1 ENOENT (No such file or directory)
10614 openat(AT_FDCWD, "/home/runner/work/deckrender-acceptance/deckrender-acceptance/benchmark/artifacts/acceptance/runtimes/v0.3.1/node_modules/axios/lib/package.json", O_RDONLY|O_CLOEXEC) = -1 ENOENT (No such file or directory)
10614 openat(AT_FDCWD, "/home/runner/work/deckrender-acceptance/deckrender-acceptance/benchmark/artifacts/acceptance/runtimes/v0.3.1/node_modules/axios/lib/cancel/package.json", O_RDONLY|O_CLOEXEC) = -1 ENOENT (No such file or directory)
10614 openat(AT_FDCWD, "/home/runner/work/deckrender-acceptance/deckrender-acceptance/benchmark/artifacts/acceptance/runtimes/v0.3.1/node_modules/axios/lib/package.json", O_RDONLY|O_CLOEXEC) = -1 ENOENT (No such file or directory)
10614 openat(AT_FDCWD, "/home/runner/work/deckrender-acceptance/deckrender-acceptance/benchmark/artifacts/acceptance/runtimes/v0.3.1/node_modules/axios/lib/core/package.json", O_RDONLY|O_CLOEXEC) = -1 ENOENT (No such file or directory)
10614 openat(AT_FDCWD, "/home/runner/work/deckrender-acceptance/deckrender-acceptance/benchmark/artifacts/acceptance/runtimes/v0.3.1/node_modules/axios/lib/package.json", O_RDONLY|O_CLOEXEC) = -1 ENOENT (No such file or directory)
10614 openat(AT_FDCWD, "/home/runner/work/deckrender-acceptance/deckrender-acceptance/benchmark/artifacts/acceptance/runtimes/v0.3.1/node_modules/axios/lib/package.json", O_RDONLY|O_CLOEXEC) = -1 ENOENT (No such file or directory)
10614 openat(AT_FDCWD, "/home/runner/work/deckrender-acceptance/deckrender-acceptance/benchmark/artifacts/acceptance/runtimes/v0.3.1/node_modules/axios/lib/platform/node/classes/URLSearchParams.js", O_RDONLY|O_CLOEXEC) = 21
10614 openat(AT_FDCWD, "/home/runner/work/deckrender-acceptance/deckrender-acceptance/benchmark/artifacts/acceptance/runtimes/v0.3.1/node_modules/axios/lib/helpers/speedometer.js", O_RDONLY|O_CLOEXEC) = 21
10614 openat(AT_FDCWD, "/proc/sys/vm/overcommit_memory", O_RDONLY|O_CLOEXEC) = 21
10614 openat(AT_FDCWD, "/home/runner/work/deckrender-acceptance/deckrender-acceptance/benchmark/artifacts/acceptance/runtimes/v0.3.1/node_modules/axios/lib/helpers/throttle.js", O_RDONLY|O_CLOEXEC) = 21
10614 openat(AT_FDCWD, "/home/runner/work/deckrender-acceptance/deckrender-acceptance/benchmark/artifacts/acceptance/runtimes/v0.3.1/node_modules/axios/lib/helpers/isURLSameOrigin.js", O_RDONLY|O_CLOEXEC) = 21
10614 openat(AT_FDCWD, "/home/runner/work/deckrender-acceptance/deckrender-acceptance/benchmark/artifacts/acceptance/runtimes/v0.3.1/node_modules/axios/lib/helpers/cookies.js", O_RDONLY|O_CLOEXEC) = 21
10614 openat(AT_FDCWD, "/home/runner/work/deckrender-acceptance/deckrender-acceptance/benchmark/artifacts/acceptance/runtimes/v0.3.1/node_modules/axios/lib/platform/package.json", O_RDONLY|O_CLOEXEC) = -1 ENOENT (No such file or directory)
10614 openat(AT_FDCWD, "/home/runner/work/deckrender-acceptance/deckrender-acceptance/benchmark/artifacts/acceptance/runtimes/v0.3.1/node_modules/axios/lib/package.json", O_RDONLY|O_CLOEXEC) = -1 ENOENT (No such file or directory)
10614 openat(AT_FDCWD, "/home/runner/work/deckrender-acceptance/deckrender-acceptance/benchmark/artifacts/acceptance/runtimes/v0.3.1/node_modules/axios/lib/package.json", O_RDONLY|O_CLOEXEC) = -1 ENOENT (No such file or directory)
10614 openat(AT_FDCWD, "/home/runner/work/deckrender-acceptance/deckrender-acceptance/benchmark/artifacts/acceptance/runtimes/v0.3.1/node_modules/axios/lib/platform/package.json", O_RDONLY|O_CLOEXEC) = -1 ENOENT (No such file or directory)
10614 openat(AT_FDCWD, "/home/runner/work/deckrender-acceptance/deckrender-acceptance/benchmark/artifacts/acceptance/runtimes/v0.3.1/node_modules/axios/lib/package.json", O_RDONLY|O_CLOEXEC) = -1 ENOENT (No such file or directory)
10614 openat(AT_FDCWD, "/home/runner/work/deckrender-acceptance/deckrender-acceptance/benchmark/artifacts/acceptance/runtimes/v0.3.1/node_modules/combined-stream/package.json", O_RDONLY|O_CLOEXEC) = 21
10614 openat(AT_FDCWD, "/home/runner/work/deckrender-acceptance/deckrender-acceptance/benchmark/artifacts/acceptance/runtimes/v0.3.1/node_modules/combined-stream/lib/combined_stream.js", O_RDONLY|O_CLOEXEC) = 21
10614 openat(AT_FDCWD, "/home/runner/work/deckrender-acceptance/deckrender-acceptance/benchmark/artifacts/acceptance/runtimes/v0.3.1/node_modules/delayed-stream/package.json", O_RDONLY|O_CLOEXEC) = 21
10614 openat(AT_FDCWD, "/home/runner/work/deckrender-acceptance/deckrender-acceptance/benchmark/artifacts/acceptance/runtimes/v0.3.1/node_modules/delayed-stream/lib/delayed_stream.js", O_RDONLY|O_CLOEXEC) = 21
10614 openat(AT_FDCWD, "/home/runner/work/deckrender-acceptance/deckrender-acceptance/benchmark/artifacts/acceptance/runtimes/v0.3.1/node_modules/mime-types/package.json", O_RDONLY|O_CLOEXEC) = 21
10614 openat(AT_FDCWD, "/home/runner/work/deckrender-acceptance/deckrender-acceptance/benchmark/artifacts/acceptance/runtimes/v0.3.1/node_modules/mime-types/index.js", O_RDONLY|O_CLOEXEC) = 21
10614 openat(AT_FDCWD, "/home/runner/work/deckrender-acceptance/deckrender-acceptance/benchmark/artifacts/acceptance/runtimes/v0.3.1/node_modules/mime-db/package.json", O_RDONLY|O_CLOEXEC) = 21
10614 openat(AT_FDCWD, "/home/runner/work/deckrender-acceptance/deckrender-acceptance/benchmark/artifacts/acceptance/runtimes/v0.3.1/node_modules/mime-db/index.js", O_RDONLY|O_CLOEXEC) = 21
10614 openat(AT_FDCWD, "/home/runner/work/deckrender-acceptance/deckrender-acceptance/benchmark/artifacts/acceptance/runtimes/v0.3.1/node_modules/mime-db/db.json", O_RDONLY|O_CLOEXEC) = 21
10614 openat(AT_FDCWD, "/home/runner/work/deckrender-acceptance/deckrender-acceptance/benchmark/artifacts/acceptance/runtimes/v0.3.1/node_modules/asynckit/package.json", O_RDONLY|O_CLOEXEC) = 21
10614 openat(AT_FDCWD, "/home/runner/work/deckrender-acceptance/deckrender-acceptance/benchmark/artifacts/acceptance/runtimes/v0.3.1/node_modules/asynckit/index.js", O_RDONLY|O_CLOEXEC) = 21
10614 openat(AT_FDCWD, "/home/runner/work/deckrender-acceptance/deckrender-acceptance/benchmark/artifacts/acceptance/runtimes/v0.3.1/node_modules/asynckit/parallel.js", O_RDONLY|O_CLOEXEC) = 21
10614 openat(AT_FDCWD, "/home/runner/work/deckrender-acceptance/deckrender-acceptance/benchmark/artifacts/acceptance/runtimes/v0.3.1/node_modules/asynckit/lib/iterate.js", O_RDONLY|O_CLOEXEC) = 21
10614 openat(AT_FDCWD, "/home/runner/work/deckrender-acceptance/deckrender-acceptance/benchmark/artifacts/acceptance/runtimes/v0.3.1/node_modules/asynckit/lib/async.js", O_RDONLY|O_CLOEXEC) = 21
10614 openat(AT_FDCWD, "/home/runner/work/deckrender-acceptance/deckrender-acceptance/benchmark/artifacts/acceptance/runtimes/v0.3.1/node_modules/asynckit/lib/defer.js", O_RDONLY|O_CLOEXEC) = 21
10614 openat(AT_FDCWD, "/home/runner/work/deckrender-acceptance/deckrender-acceptance/benchmark/artifacts/acceptance/runtimes/v0.3.1/node_modules/asynckit/lib/abort.js", O_RDONLY|O_CLOEXEC) = 21
10614 openat(AT_FDCWD, "/home/runner/work/deckrender-acceptance/deckrender-acceptance/benchmark/artifacts/acceptance/runtimes/v0.3.1/node_modules/asynckit/lib/state.js", O_RDONLY|O_CLOEXEC) = 21
10614 openat(AT_FDCWD, "/home/runner/work/deckrender-acceptance/deckrender-acceptance/benchmark/artifacts/acceptance/runtimes/v0.3.1/node_modules/asynckit/lib/terminator.js", O_RDONLY|O_CLOEXEC) = 21
10614 openat(AT_FDCWD, "/home/runner/work/deckrender-acceptance/deckrender-acceptance/benchmark/artifacts/acceptance/runtimes/v0.3.1/node_modules/asynckit/serial.js", O_RDONLY|O_CLOEXEC) = 21
10614 openat(AT_FDCWD, "/home/runner/work/deckrender-acceptance/deckrender-acceptance/benchmark/artifacts/acceptance/runtimes/v0.3.1/node_modules/asynckit/serialOrdered.js", O_RDONLY|O_CLOEXEC) = 21
10614 openat(AT_FDCWD, "/home/runner/work/deckrender-acceptance/deckrender-acceptance/benchmark/artifacts/acceptance/runtimes/v0.3.1/node_modules/es-set-tostringtag/package.json", O_RDONLY|O_CLOEXEC) = 21
10614 openat(AT_FDCWD, "/home/runner/work/deckrender-acceptance/deckrender-acceptance/benchmark/artifacts/acceptance/runtimes/v0.3.1/node_modules/es-set-tostringtag/index.js", O_RDONLY|O_CLOEXEC) = 21
10614 openat(AT_FDCWD, "/home/runner/work/deckrender-acceptance/deckrender-acceptance/benchmark/artifacts/acceptance/runtimes/v0.3.1/node_modules/get-intrinsic/package.json", O_RDONLY|O_CLOEXEC) = 21
10614 openat(AT_FDCWD, "/home/runner/work/deckrender-acceptance/deckrender-acceptance/benchmark/artifacts/acceptance/runtimes/v0.3.1/node_modules/get-intrinsic/index.js", O_RDONLY|O_CLOEXEC) = 21
10614 openat(AT_FDCWD, "/home/runner/work/deckrender-acceptance/deckrender-acceptance/benchmark/artifacts/acceptance/runtimes/v0.3.1/node_modules/es-object-atoms/package.json", O_RDONLY|O_CLOEXEC) = 21
10614 openat(AT_FDCWD, "/home/runner/work/deckrender-acceptance/deckrender-acceptance/benchmark/artifacts/acceptance/runtimes/v0.3.1/node_modules/es-object-atoms/index.js", O_RDONLY|O_CLOEXEC) = 21
10614 openat(AT_FDCWD, "/home/runner/work/deckrender-acceptance/deckrender-acceptance/benchmark/artifacts/acceptance/runtimes/v0.3.1/node_modules/es-errors/package.json", O_RDONLY|O_CLOEXEC) = 21
10614 openat(AT_FDCWD, "/home/runner/work/deckrender-acceptance/deckrender-acceptance/benchmark/artifacts/acceptance/runtimes/v0.3.1/node_modules/es-errors/index.js", O_RDONLY|O_CLOEXEC) = 21
10614 openat(AT_FDCWD, "/home/runner/work/deckrender-acceptance/deckrender-acceptance/benchmark/artifacts/acceptance/runtimes/v0.3.1/node_modules/es-errors/eval.js", O_RDONLY|O_CLOEXEC) = 21
10614 openat(AT_FDCWD, "/home/runner/work/deckrender-acceptance/deckrender-acceptance/benchmark/artifacts/acceptance/runtimes/v0.3.1/node_modules/es-errors/range.js", O_RDONLY|O_CLOEXEC) = 21
10614 openat(AT_FDCWD, "/home/runner/work/deckrender-acceptance/deckrender-acceptance/benchmark/artifacts/acceptance/runtimes/v0.3.1/node_modules/es-errors/ref.js", O_RDONLY|O_CLOEXEC) = 21
10614 openat(AT_FDCWD, "/home/runner/work/deckrender-acceptance/deckrender-acceptance/benchmark/artifacts/acceptance/runtimes/v0.3.1/node_modules/es-errors/syntax.js", O_RDONLY|O_CLOEXEC) = 21
10614 openat(AT_FDCWD, "/home/runner/work/deckrender-acceptance/deckrender-acceptance/benchmark/artifacts/acceptance/runtimes/v0.3.1/node_modules/es-errors/type.js", O_RDONLY|O_CLOEXEC) = 21
10614 openat(AT_FDCWD, "/home/runner/work/deckrender-acceptance/deckrender-acceptance/benchmark/artifacts/acceptance/runtimes/v0.3.1/node_modules/es-errors/uri.js", O_RDONLY|O_CLOEXEC) = 21
10614 openat(AT_FDCWD, "/home/runner/work/deckrender-acceptance/deckrender-acceptance/benchmark/artifacts/acceptance/runtimes/v0.3.1/node_modules/math-intrinsics/package.json", O_RDONLY|O_CLOEXEC) = 21
10614 openat(AT_FDCWD, "/home/runner/work/deckrender-acceptance/deckrender-acceptance/benchmark/artifacts/acceptance/runtimes/v0.3.1/node_modules/math-intrinsics/abs.js", O_RDONLY|O_CLOEXEC) = 21
10614 openat(AT_FDCWD, "/home/runner/work/deckrender-acceptance/deckrender-acceptance/benchmark/artifacts/acceptance/runtimes/v0.3.1/node_modules/math-intrinsics/floor.js", O_RDONLY|O_CLOEXEC) = 21
10614 openat(AT_FDCWD, "/home/runner/work/deckrender-acceptance/deckrender-acceptance/benchmark/artifacts/acceptance/runtimes/v0.3.1/node_modules/math-intrinsics/max.js", O_RDONLY|O_CLOEXEC) = 21
10614 openat(AT_FDCWD, "/home/runner/work/deckrender-acceptance/deckrender-acceptance/benchmark/artifacts/acceptance/runtimes/v0.3.1/node_modules/math-intrinsics/min.js", O_RDONLY|O_CLOEXEC) = 21
10614 openat(AT_FDCWD, "/home/runner/work/deckrender-acceptance/deckrender-acceptance/benchmark/artifacts/acceptance/runtimes/v0.3.1/node_modules/math-intrinsics/pow.js", O_RDONLY|O_CLOEXEC) = 21
10614 openat(AT_FDCWD, "/home/runner/work/deckrender-acceptance/deckrender-acceptance/benchmark/artifacts/acceptance/runtimes/v0.3.1/node_modules/math-intrinsics/round.js", O_RDONLY|O_CLOEXEC) = 21
10614 openat(AT_FDCWD, "/home/runner/work/deckrender-acceptance/deckrender-acceptance/benchmark/artifacts/acceptance/runtimes/v0.3.1/node_modules/math-intrinsics/sign.js", O_RDONLY|O_CLOEXEC) = 21
10614 openat(AT_FDCWD, "/home/runner/work/deckrender-acceptance/deckrender-acceptance/benchmark/artifacts/acceptance/runtimes/v0.3.1/node_modules/math-intrinsics/isNaN.js", O_RDONLY|O_CLOEXEC) = 21
10614 openat(AT_FDCWD, "/home/runner/work/deckrender-acceptance/deckrender-acceptance/benchmark/artifacts/acceptance/runtimes/v0.3.1/node_modules/gopd/package.json", O_RDONLY|O_CLOEXEC) = 21
10614 openat(AT_FDCWD, "/home/runner/work/deckrender-acceptance/deckrender-acceptance/benchmark/artifacts/acceptance/runtimes/v0.3.1/node_modules/gopd/index.js", O_RDONLY|O_CLOEXEC) = 21
10614 openat(AT_FDCWD, "/home/runner/work/deckrender-acceptance/deckrender-acceptance/benchmark/artifacts/acceptance/runtimes/v0.3.1/node_modules/gopd/gOPD.js", O_RDONLY|O_CLOEXEC) = 21
10614 openat(AT_FDCWD, "/home/runner/work/deckrender-acceptance/deckrender-acceptance/benchmark/artifacts/acceptance/runtimes/v0.3.1/node_modules/es-define-property/package.json", O_RDONLY|O_CLOEXEC) = 21
10614 openat(AT_FDCWD, "/home/runner/work/deckrender-acceptance/deckrender-acceptance/benchmark/artifacts/acceptance/runtimes/v0.3.1/node_modules/es-define-property/index.js", O_RDONLY|O_CLOEXEC) = 21
10614 openat(AT_FDCWD, "/home/runner/work/deckrender-acceptance/deckrender-acceptance/benchmark/artifacts/acceptance/runtimes/v0.3.1/node_modules/has-symbols/package.json", O_RDONLY|O_CLOEXEC) = 21
10614 openat(AT_FDCWD, "/home/runner/work/deckrender-acceptance/deckrender-acceptance/benchmark/artifacts/acceptance/runtimes/v0.3.1/node_modules/has-symbols/index.js", O_RDONLY|O_CLOEXEC) = 21
10614 openat(AT_FDCWD, "/home/runner/work/deckrender-acceptance/deckrender-acceptance/benchmark/artifacts/acceptance/runtimes/v0.3.1/node_modules/has-symbols/shams.js", O_RDONLY|O_CLOEXEC) = 21
10614 openat(AT_FDCWD, "/home/runner/work/deckrender-acceptance/deckrender-acceptance/benchmark/artifacts/acceptance/runtimes/v0.3.1/node_modules/get-proto/package.json", O_RDONLY|O_CLOEXEC) = 21
10614 openat(AT_FDCWD, "/home/runner/work/deckrender-acceptance/deckrender-acceptance/benchmark/artifacts/acceptance/runtimes/v0.3.1/node_modules/get-proto/index.js", O_RDONLY|O_CLOEXEC) = 21
10614 openat(AT_FDCWD, "/home/runner/work/deckrender-acceptance/deckrender-acceptance/benchmark/artifacts/acceptance/runtimes/v0.3.1/node_modules/get-proto/Reflect.getPrototypeOf.js", O_RDONLY|O_CLOEXEC) = 21
10614 openat(AT_FDCWD, "/home/runner/work/deckrender-acceptance/deckrender-acceptance/benchmark/artifacts/acceptance/runtimes/v0.3.1/node_modules/get-proto/Object.getPrototypeOf.js", O_RDONLY|O_CLOEXEC) = 21
10614 openat(AT_FDCWD, "/home/runner/work/deckrender-acceptance/deckrender-acceptance/benchmark/artifacts/acceptance/runtimes/v0.3.1/node_modules/dunder-proto/package.json", O_RDONLY|O_CLOEXEC) = 21
10614 openat(AT_FDCWD, "/home/runner/work/deckrender-acceptance/deckrender-acceptance/benchmark/artifacts/acceptance/runtimes/v0.3.1/node_modules/dunder-proto/get.js", O_RDONLY|O_CLOEXEC) = 21
10614 openat(AT_FDCWD, "/home/runner/work/deckrender-acceptance/deckrender-acceptance/benchmark/artifacts/acceptance/runtimes/v0.3.1/node_modules/call-bind-apply-helpers/package.json", O_RDONLY|O_CLOEXEC) = 21
10614 openat(AT_FDCWD, "/home/runner/work/deckrender-acceptance/deckrender-acceptance/benchmark/artifacts/acceptance/runtimes/v0.3.1/node_modules/call-bind-apply-helpers/index.js", O_RDONLY|O_CLOEXEC) = 21
10614 openat(AT_FDCWD, "/home/runner/work/deckrender-acceptance/deckrender-acceptance/benchmark/artifacts/acceptance/runtimes/v0.3.1/node_modules/function-bind/package.json", O_RDONLY|O_CLOEXEC) = 21
10614 openat(AT_FDCWD, "/home/runner/work/deckrender-acceptance/deckrender-acceptance/benchmark/artifacts/acceptance/runtimes/v0.3.1/node_modules/function-bind/index.js", O_RDONLY|O_CLOEXEC) = 21
10614 openat(AT_FDCWD, "/home/runner/work/deckrender-acceptance/deckrender-acceptance/benchmark/artifacts/acceptance/runtimes/v0.3.1/node_modules/function-bind/implementation.js", O_RDONLY|O_CLOEXEC) = 21
10614 openat(AT_FDCWD, "/home/runner/work/deckrender-acceptance/deckrender-acceptance/benchmark/artifacts/acceptance/runtimes/v0.3.1/node_modules/call-bind-apply-helpers/functionCall.js", O_RDONLY|O_CLOEXEC) = 21
10614 openat(AT_FDCWD, "/home/runner/work/deckrender-acceptance/deckrender-acceptance/benchmark/artifacts/acceptance/runtimes/v0.3.1/node_modules/call-bind-apply-helpers/actualApply.js", O_RDONLY|O_CLOEXEC) = 21
10614 openat(AT_FDCWD, "/home/runner/work/deckrender-acceptance/deckrender-acceptance/benchmark/artifacts/acceptance/runtimes/v0.3.1/node_modules/call-bind-apply-helpers/functionApply.js", O_RDONLY|O_CLOEXEC) = 21
10614 openat(AT_FDCWD, "/home/runner/work/deckrender-acceptance/deckrender-acceptance/benchmark/artifacts/acceptance/runtimes/v0.3.1/node_modules/call-bind-apply-helpers/reflectApply.js", O_RDONLY|O_CLOEXEC) = 21
10614 openat(AT_FDCWD, "/home/runner/work/deckrender-acceptance/deckrender-acceptance/benchmark/artifacts/acceptance/runtimes/v0.3.1/node_modules/hasown/package.json", O_RDONLY|O_CLOEXEC) = 21
10614 openat(AT_FDCWD, "/home/runner/work/deckrender-acceptance/deckrender-acceptance/benchmark/artifacts/acceptance/runtimes/v0.3.1/node_modules/hasown/index.js", O_RDONLY|O_CLOEXEC) = 21
10614 openat(AT_FDCWD, "/home/runner/work/deckrender-acceptance/deckrender-acceptance/benchmark/artifacts/acceptance/runtimes/v0.3.1/node_modules/has-tostringtag/package.json", O_RDONLY|O_CLOEXEC) = 21
10614 openat(AT_FDCWD, "/home/runner/work/deckrender-acceptance/deckrender-acceptance/benchmark/artifacts/acceptance/runtimes/v0.3.1/node_modules/has-tostringtag/shams.js", O_RDONLY|O_CLOEXEC) = 21
10614 openat(AT_FDCWD, "/home/runner/work/deckrender-acceptance/deckrender-acceptance/benchmark/artifacts/acceptance/runtimes/v0.3.1/node_modules/form-data/lib/populate.js", O_RDONLY|O_CLOEXEC) = 21
10614 openat(AT_FDCWD, "/home/runner/work/deckrender-acceptance/deckrender-acceptance/benchmark/artifacts/acceptance/runtimes/v0.3.1/node_modules/https-proxy-agent/dist/agent.js", O_RDONLY|O_CLOEXEC) = 21
10614 openat(AT_FDCWD, "/home/runner/work/deckrender-acceptance/deckrender-acceptance/benchmark/artifacts/acceptance/runtimes/v0.3.1/node_modules/debug/package.json", O_RDONLY|O_CLOEXEC) = 21
10614 openat(AT_FDCWD, "/home/runner/work/deckrender-acceptance/deckrender-acceptance/benchmark/artifacts/acceptance/runtimes/v0.3.1/node_modules/debug/src/index.js", O_RDONLY|O_CLOEXEC) = 21
10614 openat(AT_FDCWD, "/home/runner/work/deckrender-acceptance/deckrender-acceptance/benchmark/artifacts/acceptance/runtimes/v0.3.1/node_modules/debug/src/node.js", O_RDONLY|O_CLOEXEC) = 21
10614 openat(AT_FDCWD, "/home/runner/work/deckrender-acceptance/deckrender-acceptance/benchmark/artifacts/acceptance/runtimes/v0.3.1/node_modules/supports-color/package.json", O_RDONLY|O_CLOEXEC) = -1 ENOENT (No such file or directory)
10614 openat(AT_FDCWD, "/home/runner/work/deckrender-acceptance/deckrender-acceptance/benchmark/artifacts/acceptance/runtimes/v0.3.1/node_modules/debug/src/common.js", O_RDONLY|O_CLOEXEC) = 21
10614 openat(AT_FDCWD, "/home/runner/work/deckrender-acceptance/deckrender-acceptance/benchmark/artifacts/acceptance/runtimes/v0.3.1/node_modules/ms/package.json", O_RDONLY|O_CLOEXEC) = 21
10614 openat(AT_FDCWD, "/home/runner/work/deckrender-acceptance/deckrender-acceptance/benchmark/artifacts/acceptance/runtimes/v0.3.1/node_modules/ms/index.js", O_RDONLY|O_CLOEXEC) = 21
10614 openat(AT_FDCWD, "/home/runner/work/deckrender-acceptance/deckrender-acceptance/benchmark/artifacts/acceptance/runtimes/v0.3.1/node_modules/agent-base/package.json", O_RDONLY|O_CLOEXEC) = 21
10614 openat(AT_FDCWD, "/home/runner/work/deckrender-acceptance/deckrender-acceptance/benchmark/artifacts/acceptance/runtimes/v0.3.1/node_modules/agent-base/dist/src/index.js", O_RDONLY|O_CLOEXEC) = 21
10614 openat(AT_FDCWD, "/home/runner/work/deckrender-acceptance/deckrender-acceptance/benchmark/artifacts/acceptance/runtimes/v0.3.1/node_modules/agent-base/dist/src/promisify.js", O_RDONLY|O_CLOEXEC) = 21
10614 openat(AT_FDCWD, "/home/runner/work/deckrender-acceptance/deckrender-acceptance/benchmark/artifacts/acceptance/runtimes/v0.3.1/node_modules/https-proxy-agent/dist/parse-proxy-response.js", O_RDONLY|O_CLOEXEC) = 21
10614 openat(AT_FDCWD, "/home/runner/work/deckrender-acceptance/deckrender-acceptance/benchmark/artifacts/acceptance/runtimes/v0.3.1/node_modules/follow-redirects/debug.js", O_RDONLY|O_CLOEXEC) = 21
10614 openat(AT_FDCWD, "/etc/localtime", O_RDONLY|O_CLOEXEC) = 21
10614 openat(AT_FDCWD, "/home/runner/work/deckrender-acceptance/deckrender-acceptance/benchmark/artifacts/acceptance/runtimes/v0.3.1/node_modules/@deckflow/office2html/package.json", O_RDONLY|O_CLOEXEC) = 21
10614 openat(AT_FDCWD, "/home/runner/work/deckrender-acceptance/deckrender-acceptance/benchmark/artifacts/acceptance/runtimes/v0.3.1/node_modules/@deckflow/office2html/index.js", O_RDONLY|O_CLOEXEC) = 21
10614 openat(AT_FDCWD, "/home/runner/work/deckrender-acceptance/deckrender-acceptance/benchmark/artifacts/acceptance/runtimes/v0.3.1/node_modules/@deckflow/office2html-linux-x64/package.json", O_RDONLY|O_CLOEXEC) = 21
10614 openat(AT_FDCWD, "/home/runner/work/deckrender-acceptance/deckrender-acceptance/benchmark/artifacts/acceptance/runtimes/v0.3.1/node_modules/@deckflow/office2html-linux-x64/index.js", O_RDONLY|O_CLOEXEC) = 21
10614 openat(AT_FDCWD, "/home/runner/work/deckrender-acceptance/deckrender-acceptance/benchmark/artifacts/acceptance/runs/34426566778-local/evidence/REN-R07-render-ce97bc5e71bb/credentials.jsonl", O_WRONLY|O_CREAT|O_APPEND|O_CLOEXEC, 0666) = 21
10614 openat(AT_FDCWD, "/home/runner/work/deckrender-acceptance/deckrender-acceptance/benchmark/artifacts/acceptance/runs/34426566778-local/evidence/REN-R07-render-ce97bc5e71bb/credentials.jsonl", O_WRONLY|O_CREAT|O_APPEND|O_CLOEXEC, 0666) = 21
10614 openat(AT_FDCWD, "/home/runner/work/deckrender-acceptance/deckrender-acceptance/benchmark/artifacts/acceptance/runs/34426566778-local/evidence/REN-R07-render-ce97bc5e71bb/credentials.jsonl", O_WRONLY|O_CREAT|O_APPEND|O_CLOEXEC, 0666) = 21
10614 openat(AT_FDCWD, "/home/runner/work/deckrender-acceptance/deckrender-acceptance/benchmark/artifacts/acceptance/runs/34426566778-local/evidence/REN-R07-render-ce97bc5e71bb/credentials.jsonl", O_WRONLY|O_CREAT|O_APPEND|O_CLOEXEC, 0666) = 21
10614 openat(AT_FDCWD, "/home/runner/work/deckrender-acceptance/deckrender-acceptance/benchmark/artifacts/acceptance/runs/34426566778-local/evidence/REN-R07-render-ce97bc5e71bb/credentials.jsonl", O_WRONLY|O_CREAT|O_APPEND|O_CLOEXEC, 0666) = 21
10614 socketpair(AF_UNIX, SOCK_STREAM|SOCK_CLOEXEC, 0, [21, 22]) = 0
10614 setsockopt(21, SOL_SOCKET, SO_RCVBUF, [65536], 4) = 0
10614 setsockopt(21, SOL_SOCKET, SO_SNDBUF, [65536], 4) = 0
10614 setsockopt(22, SOL_SOCKET, SO_RCVBUF, [65536], 4) = 0
10614 setsockopt(22, SOL_SOCKET, SO_SNDBUF, [65536], 4) = 0
10614 socketpair(AF_UNIX, SOCK_STREAM|SOCK_CLOEXEC, 0, [23, 24]) = 0
10614 setsockopt(23, SOL_SOCKET, SO_RCVBUF, [65536], 4) = 0
10614 setsockopt(23, SOL_SOCKET, SO_SNDBUF, [65536], 4) = 0
10614 setsockopt(24, SOL_SOCKET, SO_RCVBUF, [65536], 4) = 0
10614 setsockopt(24, SOL_SOCKET, SO_SNDBUF, [65536], 4) = 0
10614 socketpair(AF_UNIX, SOCK_STREAM|SOCK_CLOEXEC, 0, [25, 26]) = 0
10614 setsockopt(25, SOL_SOCKET, SO_RCVBUF, [65536], 4) = 0
10614 setsockopt(25, SOL_SOCKET, SO_SNDBUF, [65536], 4) = 0
10614 setsockopt(26, SOL_SOCKET, SO_RCVBUF, [65536], 4) = 0
10614 setsockopt(26, SOL_SOCKET, SO_SNDBUF, [65536], 4) = 0
10626 openat(AT_FDCWD, "/home/runner/work/deckrender-acceptance/deckrender-acceptance/benchmark/artifacts/acceptance/runtimes/v0.3.1/node_modules/@deckflow/office2html-linux-x64/netcoredeps/glibc-hwcaps/x86-64-v4/libpthread.so.0", O_RDONLY|O_CLOEXEC) = -1 ENOENT (No such file or directory)
10626 openat(AT_FDCWD, "/home/runner/work/deckrender-acceptance/deckrender-acceptance/benchmark/artifacts/acceptance/runtimes/v0.3.1/node_modules/@deckflow/office2html-linux-x64/netcoredeps/glibc-hwcaps/x86-64-v3/libpthread.so.0", O_RDONLY|O_CLOEXEC) = -1 ENOENT (No such file or directory)
10626 openat(AT_FDCWD, "/home/runner/work/deckrender-acceptance/deckrender-acceptance/benchmark/artifacts/acceptance/runtimes/v0.3.1/node_modules/@deckflow/office2html-linux-x64/netcoredeps/glibc-hwcaps/x86-64-v2/libpthread.so.0", O_RDONLY|O_CLOEXEC) = -1 ENOENT (No such file or directory)
10626 openat(AT_FDCWD, "/home/runner/work/deckrender-acceptance/deckrender-acceptance/benchmark/artifacts/acceptance/runtimes/v0.3.1/node_modules/@deckflow/office2html-linux-x64/netcoredeps/libpthread.so.0", O_RDONLY|O_CLOEXEC) = -1 ENOENT (No such file or directory)
10626 openat(AT_FDCWD, "/opt/hostedtoolcache/Python/3.12.14/x64/lib/glibc-hwcaps/x86-64-v4/libpthread.so.0", O_RDONLY|O_CLOEXEC) = -1 ENOENT (No such file or directory)
10626 openat(AT_FDCWD, "/opt/hostedtoolcache/Python/3.12.14/x64/lib/glibc-hwcaps/x86-64-v3/libpthread.so.0", O_RDONLY|O_CLOEXEC) = -1 ENOENT (No such file or directory)
10626 openat(AT_FDCWD, "/opt/hostedtoolcache/Python/3.12.14/x64/lib/glibc-hwcaps/x86-64-v2/libpthread.so.0", O_RDONLY|O_CLOEXEC) = -1 ENOENT (No such file or directory)
10626 openat(AT_FDCWD, "/opt/hostedtoolcache/Python/3.12.14/x64/lib/libpthread.so.0", O_RDONLY|O_CLOEXEC) = -1 ENOENT (No such file or directory)
10626 openat(AT_FDCWD, "/etc/ld.so.cache", O_RDONLY|O_CLOEXEC) = 3
10626 openat(AT_FDCWD, "/lib/x86_64-linux-gnu/libpthread.so.0", O_RDONLY|O_CLOEXEC) = 3
10626 openat(AT_FDCWD, "/opt/hostedtoolcache/Python/3.12.14/x64/lib/libdl.so.2", O_RDONLY|O_CLOEXEC) = -1 ENOENT (No such file or directory)
10626 openat(AT_FDCWD, "/lib/x86_64-linux-gnu/libdl.so.2", O_RDONLY|O_CLOEXEC) = 3
10626 openat(AT_FDCWD, "/opt/hostedtoolcache/Python/3.12.14/x64/lib/libz.so.1", O_RDONLY|O_CLOEXEC) = -1 ENOENT (No such file or directory)
10626 openat(AT_FDCWD, "/lib/x86_64-linux-gnu/libz.so.1", O_RDONLY|O_CLOEXEC) = 3
10626 openat(AT_FDCWD, "/opt/hostedtoolcache/Python/3.12.14/x64/lib/librt.so.1", O_RDONLY|O_CLOEXEC) = -1 ENOENT (No such file or directory)
10626 openat(AT_FDCWD, "/lib/x86_64-linux-gnu/librt.so.1", O_RDONLY|O_CLOEXEC) = 3
10626 openat(AT_FDCWD, "/opt/hostedtoolcache/Python/3.12.14/x64/lib/libgcc_s.so.1", O_RDONLY|O_CLOEXEC) = -1 ENOENT (No such file or directory)
10626 openat(AT_FDCWD, "/lib/x86_64-linux-gnu/libgcc_s.so.1", O_RDONLY|O_CLOEXEC) = 3
10626 openat(AT_FDCWD, "/opt/hostedtoolcache/Python/3.12.14/x64/lib/libstdc++.so.6", O_RDONLY|O_CLOEXEC) = -1 ENOENT (No such file or directory)
10626 openat(AT_FDCWD, "/lib/x86_64-linux-gnu/libstdc++.so.6", O_RDONLY|O_CLOEXEC) = 3
10626 openat(AT_FDCWD, "/opt/hostedtoolcache/Python/3.12.14/x64/lib/libm.so.6", O_RDONLY|O_CLOEXEC) = -1 ENOENT (No such file or directory)
10626 openat(AT_FDCWD, "/lib/x86_64-linux-gnu/libm.so.6", O_RDONLY|O_CLOEXEC) = 3
10626 openat(AT_FDCWD, "/opt/hostedtoolcache/Python/3.12.14/x64/lib/libc.so.6", O_RDONLY|O_CLOEXEC) = -1 ENOENT (No such file or directory)
10626 openat(AT_FDCWD, "/lib/x86_64-linux-gnu/libc.so.6", O_RDONLY|O_CLOEXEC) = 3
10626 openat(AT_FDCWD, "/opt/hostedtoolcache/Python/3.12.14/x64/lib/liblttng-ust-tracepoint.so.0", O_RDONLY|O_CLOEXEC) = -1 ENOENT (No such file or directory)
10626 openat(AT_FDCWD, "/etc/ld.so.cache", O_RDONLY|O_CLOEXEC) = 3
10626 openat(AT_FDCWD, "/lib/x86_64-linux-gnu/glibc-hwcaps/x86-64-v4/liblttng-ust-tracepoint.so.0", O_RDONLY|O_CLOEXEC) = -1 ENOENT (No such file or directory)
10626 openat(AT_FDCWD, "/lib/x86_64-linux-gnu/glibc-hwcaps/x86-64-v3/liblttng-ust-tracepoint.so.0", O_RDONLY|O_CLOEXEC) = -1 ENOENT (No such file or directory)
10626 openat(AT_FDCWD, "/lib/x86_64-linux-gnu/glibc-hwcaps/x86-64-v2/liblttng-ust-tracepoint.so.0", O_RDONLY|O_CLOEXEC) = -1 ENOENT (No such file or directory)
10626 openat(AT_FDCWD, "/lib/x86_64-linux-gnu/liblttng-ust-tracepoint.so.0", O_RDONLY|O_CLOEXEC) = -1 ENOENT (No such file or directory)
10626 openat(AT_FDCWD, "/usr/lib/x86_64-linux-gnu/glibc-hwcaps/x86-64-v4/liblttng-ust-tracepoint.so.0", O_RDONLY|O_CLOEXEC) = -1 ENOENT (No such file or directory)
10626 openat(AT_FDCWD, "/usr/lib/x86_64-linux-gnu/glibc-hwcaps/x86-64-v3/liblttng-ust-tracepoint.so.0", O_RDONLY|O_CLOEXEC) = -1 ENOENT (No such file or directory)
10626 openat(AT_FDCWD, "/usr/lib/x86_64-linux-gnu/glibc-hwcaps/x86-64-v2/liblttng-ust-tracepoint.so.0", O_RDONLY|O_CLOEXEC) = -1 ENOENT (No such file or directory)
10626 openat(AT_FDCWD, "/usr/lib/x86_64-linux-gnu/liblttng-ust-tracepoint.so.0", O_RDONLY|O_CLOEXEC) = -1 ENOENT (No such file or directory)
10626 openat(AT_FDCWD, "/lib/glibc-hwcaps/x86-64-v4/liblttng-ust-tracepoint.so.0", O_RDONLY|O_CLOEXEC) = -1 ENOENT (No such file or directory)
10626 openat(AT_FDCWD, "/lib/glibc-hwcaps/x86-64-v3/liblttng-ust-tracepoint.so.0", O_RDONLY|O_CLOEXEC) = -1 ENOENT (No such file or directory)
10626 openat(AT_FDCWD, "/lib/glibc-hwcaps/x86-64-v2/liblttng-ust-tracepoint.so.0", O_RDONLY|O_CLOEXEC) = -1 ENOENT (No such file or directory)
10626 openat(AT_FDCWD, "/lib/liblttng-ust-tracepoint.so.0", O_RDONLY|O_CLOEXEC) = -1 ENOENT (No such file or directory)
10626 openat(AT_FDCWD, "/usr/lib/glibc-hwcaps/x86-64-v4/liblttng-ust-tracepoint.so.0", O_RDONLY|O_CLOEXEC) = -1 ENOENT (No such file or directory)
10626 openat(AT_FDCWD, "/usr/lib/glibc-hwcaps/x86-64-v3/liblttng-ust-tracepoint.so.0", O_RDONLY|O_CLOEXEC) = -1 ENOENT (No such file or directory)
10626 openat(AT_FDCWD, "/usr/lib/glibc-hwcaps/x86-64-v2/liblttng-ust-tracepoint.so.0", O_RDONLY|O_CLOEXEC) = -1 ENOENT (No such file or directory)
10626 openat(AT_FDCWD, "/usr/lib/liblttng-ust-tracepoint.so.0", O_RDONLY|O_CLOEXEC) = -1 ENOENT (No such file or directory)
10626 openat(AT_FDCWD, "/opt/hostedtoolcache/Python/3.12.14/x64/lib/liblttng-ust-tracepoint.so.0", O_RDONLY|O_CLOEXEC) = -1 ENOENT (No such file or directory)
10626 openat(AT_FDCWD, "/etc/ld.so.cache", O_RDONLY|O_CLOEXEC) = 3
10626 openat(AT_FDCWD, "/lib/x86_64-linux-gnu/liblttng-ust-tracepoint.so.0", O_RDONLY|O_CLOEXEC) = -1 ENOENT (No such file or directory)
10626 openat(AT_FDCWD, "/usr/lib/x86_64-linux-gnu/liblttng-ust-tracepoint.so.0", O_RDONLY|O_CLOEXEC) = -1 ENOENT (No such file or directory)
10626 openat(AT_FDCWD, "/lib/liblttng-ust-tracepoint.so.0", O_RDONLY|O_CLOEXEC) = -1 ENOENT (No such file or directory)
10626 openat(AT_FDCWD, "/usr/lib/liblttng-ust-tracepoint.so.0", O_RDONLY|O_CLOEXEC) = -1 ENOENT (No such file or directory)
10626 openat(AT_FDCWD, "/home/runner/work/deckrender-acceptance/deckrender-acceptance/benchmark/artifacts/acceptance/runtimes/v0.3.1/node_modules/@deckflow/office2html-linux-x64/office2html", O_RDONLY) = 3
10626 openat(AT_FDCWD, "/home/runner/work/deckrender-acceptance/deckrender-acceptance/benchmark/artifacts/acceptance/runtimes/v0.3.1/node_modules/@deckflow/office2html-linux-x64/office2html", O_RDONLY) = 3
10626 openat(AT_FDCWD, "/home/runner/work/deckrender-acceptance/deckrender-acceptance/benchmark/artifacts/acceptance/runtimes/v0.3.1/node_modules/@deckflow/office2html-linux-x64/office2html", O_RDONLY) = 3
10626 openat(AT_FDCWD, "/home/runner/work/deckrender-acceptance/deckrender-acceptance/benchmark/artifacts/acceptance/private/sandboxes/62743d5d51713ee9b031f5fa8a67eefdc7820e5ab7aa1da4c8c21dff31195054/.net/office2html/2982/Office2Html.Cli.runtimeconfig.json", O_WRONLY|O_CREAT|O_TRUNC, 0666) = 3
10626 openat(AT_FDCWD, "/home/runner/work/deckrender-acceptance/deckrender-acceptance/benchmark/artifacts/acceptance/private/sandboxes/62743d5d51713ee9b031f5fa8a67eefdc7820e5ab7aa1da4c8c21dff31195054/.net/office2html/2982/DocumentFormat.OpenXml.dll", O_WRONLY|O_CREAT|O_TRUNC, 0666) = 3
10626 openat(AT_FDCWD, "/home/runner/work/deckrender-acceptance/deckrender-acceptance/benchmark/artifacts/acceptance/private/sandboxes/62743d5d51713ee9b031f5fa8a67eefdc7820e5ab7aa1da4c8c21dff31195054/.net/office2html/2982/DocumentFormat.OpenXml.Framework.dll", O_WRONLY|O_CREAT|O_TRUNC, 0666) = 3
10626 openat(AT_FDCWD, "/home/runner/work/deckrender-acceptance/deckrender-acceptance/benchmark/artifacts/acceptance/private/sandboxes/62743d5d51713ee9b031f5fa8a67eefdc7820e5ab7aa1da4c8c21dff31195054/.net/office2html/2982/SixLabors.ImageSharp.dll", O_WRONLY|O_CREAT|O_TRUNC, 0666) = 3
10626 openat(AT_FDCWD, "/home/runner/work/deckrender-acceptance/deckrender-acceptance/benchmark/artifacts/acceptance/private/sandboxes/62743d5d51713ee9b031f5fa8a67eefdc7820e5ab7aa1da4c8c21dff31195054/.net/office2html/2982/System.IO.Packaging.dll", O_WRONLY|O_CREAT|O_TRUNC, 0666) = 3
10626 openat(AT_FDCWD, "/home/runner/work/deckrender-acceptance/deckrender-acceptance/benchmark/artifacts/acceptance/private/sandboxes/62743d5d51713ee9b031f5fa8a67eefdc7820e5ab7aa1da4c8c21dff31195054/.net/office2html/2982/Office2Html.dll", O_WRONLY|O_CREAT|O_TRUNC, 0666) = 3
10626 openat(AT_FDCWD, "/home/runner/work/deckrender-acceptance/deckrender-acceptance/benchmark/artifacts/acceptance/private/sandboxes/62743d5d51713ee9b031f5fa8a67eefdc7820e5ab7aa1da4c8c21dff31195054/.net/office2html/2982/Office2Html.Cli.dll", O_WRONLY|O_CREAT|O_TRUNC, 0666) = 3
10626 openat(AT_FDCWD, "/home/runner/work/deckrender-acceptance/deckrender-acceptance/benchmark/artifacts/acceptance/private/sandboxes/62743d5d51713ee9b031f5fa8a67eefdc7820e5ab7aa1da4c8c21dff31195054/.net/office2html/2982/Microsoft.Win32.Primitives.dll", O_WRONLY|O_CREAT|O_TRUNC, 0666) = 3
10626 openat(AT_FDCWD, "/home/runner/work/deckrender-acceptance/deckrender-acceptance/benchmark/artifacts/acceptance/private/sandboxes/62743d5d51713ee9b031f5fa8a67eefdc7820e5ab7aa1da4c8c21dff31195054/.net/office2html/2982/System.Collections.Concurrent.dll", O_WRONLY|O_CREAT|O_TRUNC, 0666) = 3
10626 openat(AT_FDCWD, "/home/runner/work/deckrender-acceptance/deckrender-acceptance/benchmark/artifacts/acceptance/private/sandboxes/62743d5d51713ee9b031f5fa8a67eefdc7820e5ab7aa1da4c8c21dff31195054/.net/office2html/2982/System.Collections.Immutable.dll", O_WRONLY|O_CREAT|O_TRUNC, 0666) = 3
10626 openat(AT_FDCWD, "/home/runner/work/deckrender-acceptance/deckrender-acceptance/benchmark/artifacts/acceptance/private/sandboxes/62743d5d51713ee9b031f5fa8a67eefdc7820e5ab7aa1da4c8c21dff31195054/.net/office2html/2982/System.Collections.NonGeneric.dll", O_WRONLY|O_CREAT|O_TRUNC, 0666) = 3
10626 openat(AT_FDCWD, "/home/runner/work/deckrender-acceptance/deckrender-acceptance/benchmark/artifacts/acceptance/private/sandboxes/62743d5d51713ee9b031f5fa8a67eefdc7820e5ab7aa1da4c8c21dff31195054/.net/office2html/2982/System.Collections.dll", O_WRONLY|O_CREAT|O_TRUNC, 0666) = 3
10626 openat(AT_FDCWD, "/home/runner/work/deckrender-acceptance/deckrender-acceptance/benchmark/artifacts/acceptance/private/sandboxes/62743d5d51713ee9b031f5fa8a67eefdc7820e5ab7aa1da4c8c21dff31195054/.net/office2html/2982/System.ComponentModel.TypeConverter.dll", O_WRONLY|O_CREAT|O_TRUNC, 0666) = 3
10626 openat(AT_FDCWD, "/home/runner/work/deckrender-acceptance/deckrender-acceptance/benchmark/artifacts/acceptance/private/sandboxes/62743d5d51713ee9b031f5fa8a67eefdc7820e5ab7aa1da4c8c21dff31195054/.net/office2html/2982/System.Console.dll", O_WRONLY|O_CREAT|O_TRUNC, 0666) = 3
10626 openat(AT_FDCWD, "/home/runner/work/deckrender-acceptance/deckrender-acceptance/benchmark/artifacts/acceptance/private/sandboxes/62743d5d51713ee9b031f5fa8a67eefdc7820e5ab7aa1da4c8c21dff31195054/.net/office2html/2982/System.Diagnostics.DiagnosticSource.dll", O_WRONLY|O_CREAT|O_TRUNC, 0666) = 3
10626 openat(AT_FDCWD, "/home/runner/work/deckrender-acceptance/deckrender-acceptance/benchmark/artifacts/acceptance/private/sandboxes/62743d5d51713ee9b031f5fa8a67eefdc7820e5ab7aa1da4c8c21dff31195054/.net/office2html/2982/System.Diagnostics.StackTrace.dll", O_WRONLY|O_CREAT|O_TRUNC, 0666) = 3
10626 openat(AT_FDCWD, "/home/runner/work/deckrender-acceptance/deckrender-acceptance/benchmark/artifacts/acceptance/private/sandboxes/62743d5d51713ee9b031f5fa8a67eefdc7820e5ab7aa1da4c8c21dff31195054/.net/office2html/2982/System.Formats.Asn1.dll", O_WRONLY|O_CREAT|O_TRUNC, 0666) = 3
10626 openat(AT_FDCWD, "/home/runner/work/deckrender-acceptance/deckrender-acceptance/benchmark/artifacts/acceptance/private/sandboxes/62743d5d51713ee9b031f5fa8a67eefdc7820e5ab7aa1da4c8c21dff31195054/.net/office2html/2982/System.IO.Compression.Brotli.dll", O_WRONLY|O_CREAT|O_TRUNC, 0666) = 3
10626 openat(AT_FDCWD, "/home/runner/work/deckrender-acceptance/deckrender-acceptance/benchmark/artifacts/acceptance/private/sandboxes/62743d5d51713ee9b031f5fa8a67eefdc7820e5ab7aa1da4c8c21dff31195054/.net/office2html/2982/System.IO.Compression.dll", O_WRONLY|O_CREAT|O_TRUNC, 0666) = 3
10626 openat(AT_FDCWD, "/home/runner/work/deckrender-acceptance/deckrender-acceptance/benchmark/artifacts/acceptance/private/sandboxes/62743d5d51713ee9b031f5fa8a67eefdc7820e5ab7aa1da4c8c21dff31195054/.net/office2html/2982/System.IO.MemoryMappedFiles.dll", O_WRONLY|O_CREAT|O_TRUNC, 0666) = 3
10626 openat(AT_FDCWD, "/home/runner/work/deckrender-acceptance/deckrender-acceptance/benchmark/artifacts/acceptance/private/sandboxes/62743d5d51713ee9b031f5fa8a67eefdc7820e5ab7aa1da4c8c21dff31195054/.net/office2html/2982/System.Linq.Expressions.dll", O_WRONLY|O_CREAT|O_TRUNC, 0666) = 3
10626 openat(AT_FDCWD, "/home/runner/work/deckrender-acceptance/deckrender-acceptance/benchmark/artifacts/acceptance/private/sandboxes/62743d5d51713ee9b031f5fa8a67eefdc7820e5ab7aa1da4c8c21dff31195054/.net/office2html/2982/System.Linq.dll", O_WRONLY|O_CREAT|O_TRUNC, 0666) = 3
10626 openat(AT_FDCWD, "/home/runner/work/deckrender-acceptance/deckrender-acceptance/benchmark/artifacts/acceptance/private/sandboxes/62743d5d51713ee9b031f5fa8a67eefdc7820e5ab7aa1da4c8c21dff31195054/.net/office2html/2982/System.Memory.dll", O_WRONLY|O_CREAT|O_TRUNC, 0666) = 3
10626 openat(AT_FDCWD, "/home/runner/work/deckrender-acceptance/deckrender-acceptance/benchmark/artifacts/acceptance/private/sandboxes/62743d5d51713ee9b031f5fa8a67eefdc7820e5ab7aa1da4c8c21dff31195054/.net/office2html/2982/System.Net.Http.dll", O_WRONLY|O_CREAT|O_TRUNC, 0666) = 3
10626 openat(AT_FDCWD, "/home/runner/work/deckrender-acceptance/deckrender-acceptance/benchmark/artifacts/acceptance/private/sandboxes/62743d5d51713ee9b031f5fa8a67eefdc7820e5ab7aa1da4c8c21dff31195054/.net/office2html/2982/System.Net.NameResolution.dll", O_WRONLY|O_CREAT|O_TRUNC, 0666) = 3
10626 openat(AT_FDCWD, "/home/runner/work/deckrender-acceptance/deckrender-acceptance/benchmark/artifacts/acceptance/private/sandboxes/62743d5d51713ee9b031f5fa8a67eefdc7820e5ab7aa1da4c8c21dff31195054/.net/office2html/2982/System.Net.NetworkInformation.dll", O_WRONLY|O_CREAT|O_TRUNC, 0666) = 3
10626 openat(AT_FDCWD, "/home/runner/work/deckrender-acceptance/deckrender-acceptance/benchmark/artifacts/acceptance/private/sandboxes/62743d5d51713ee9b031f5fa8a67eefdc7820e5ab7aa1da4c8c21dff31195054/.net/office2html/2982/System.Net.Primitives.dll", O_WRONLY|O_CREAT|O_TRUNC, 0666) = 3
10626 openat(AT_FDCWD, "/home/runner/work/deckrender-acceptance/deckrender-acceptance/benchmark/artifacts/acceptance/private/sandboxes/62743d5d51713ee9b031f5fa8a67eefdc7820e5ab7aa1da4c8c21dff31195054/.net/office2html/2982/System.Net.Quic.dll", O_WRONLY|O_CREAT|O_TRUNC, 0666) = 3
10626 openat(AT_FDCWD, "/home/runner/work/deckrender-acceptance/deckrender-acceptance/benchmark/artifacts/acceptance/private/sandboxes/62743d5d51713ee9b031f5fa8a67eefdc7820e5ab7aa1da4c8c21dff31195054/.net/office2html/2982/System.Net.Security.dll", O_WRONLY|O_CREAT|O_TRUNC, 0666) = 3
10626 openat(AT_FDCWD, "/home/runner/work/deckrender-acceptance/deckrender-acceptance/benchmark/artifacts/acceptance/private/sandboxes/62743d5d51713ee9b031f5fa8a67eefdc7820e5ab7aa1da4c8c21dff31195054/.net/office2html/2982/System.Net.Sockets.dll", O_WRONLY|O_CREAT|O_TRUNC, 0666) = 3
10626 openat(AT_FDCWD, "/home/runner/work/deckrender-acceptance/deckrender-acceptance/benchmark/artifacts/acceptance/private/sandboxes/62743d5d51713ee9b031f5fa8a67eefdc7820e5ab7aa1da4c8c21dff31195054/.net/office2html/2982/System.ObjectModel.dll", O_WRONLY|O_CREAT|O_TRUNC, 0666) = 3
10626 openat(AT_FDCWD, "/home/runner/work/deckrender-acceptance/deckrender-acceptance/benchmark/artifacts/acceptance/private/sandboxes/62743d5d51713ee9b031f5fa8a67eefdc7820e5ab7aa1da4c8c21dff31195054/.net/office2html/2982/System.Private.CoreLib.dll", O_WRONLY|O_CREAT|O_TRUNC, 0666) = 3
10626 openat(AT_FDCWD, "/home/runner/work/deckrender-acceptance/deckrender-acceptance/benchmark/artifacts/acceptance/private/sandboxes/62743d5d51713ee9b031f5fa8a67eefdc7820e5ab7aa1da4c8c21dff31195054/.net/office2html/2982/System.Private.Uri.dll", O_WRONLY|O_CREAT|O_TRUNC, 0666) = 3
10626 openat(AT_FDCWD, "/home/runner/work/deckrender-acceptance/deckrender-acceptance/benchmark/artifacts/acceptance/private/sandboxes/62743d5d51713ee9b031f5fa8a67eefdc7820e5ab7aa1da4c8c21dff31195054/.net/office2html/2982/System.Private.Xml.Linq.dll", O_WRONLY|O_CREAT|O_TRUNC, 0666) = 3
10626 openat(AT_FDCWD, "/home/runner/work/deckrender-acceptance/deckrender-acceptance/benchmark/artifacts/acceptance/private/sandboxes/62743d5d51713ee9b031f5fa8a67eefdc7820e5ab7aa1da4c8c21dff31195054/.net/office2html/2982/System.Private.Xml.dll", O_WRONLY|O_CREAT|O_TRUNC, 0666) = 3
10626 openat(AT_FDCWD, "/home/runner/work/deckrender-acceptance/deckrender-acceptance/benchmark/artifacts/acceptance/private/sandboxes/62743d5d51713ee9b031f5fa8a67eefdc7820e5ab7aa1da4c8c21dff31195054/.net/office2html/2982/System.Reflection.Metadata.dll", O_WRONLY|O_CREAT|O_TRUNC, 0666) = 3
10626 openat(AT_FDCWD, "/home/runner/work/deckrender-acceptance/deckrender-acceptance/benchmark/artifacts/acceptance/private/sandboxes/62743d5d51713ee9b031f5fa8a67eefdc7820e5ab7aa1da4c8c21dff31195054/.net/office2html/2982/System.Runtime.CompilerServices.Unsafe.dll", O_WRONLY|O_CREAT|O_TRUNC, 0666) = 3
10626 openat(AT_FDCWD, "/home/runner/work/deckrender-acceptance/deckrender-acceptance/benchmark/artifacts/acceptance/private/sandboxes/62743d5d51713ee9b031f5fa8a67eefdc7820e5ab7aa1da4c8c21dff31195054/.net/office2html/2982/System.Runtime.InteropServices.RuntimeInformation.dll", O_WRONLY|O_CREAT|O_TRUNC, 0666) = 3
10626 openat(AT_FDCWD, "/home/runner/work/deckrender-acceptance/deckrender-acceptance/benchmark/artifacts/acceptance/private/sandboxes/62743d5d51713ee9b031f5fa8a67eefdc7820e5ab7aa1da4c8c21dff31195054/.net/office2html/2982/System.Runtime.Numerics.dll", O_WRONLY|O_CREAT|O_TRUNC, 0666) = 3
10626 openat(AT_FDCWD, "/home/runner/work/deckrender-acceptance/deckrender-acceptance/benchmark/artifacts/acceptance/private/sandboxes/62743d5d51713ee9b031f5fa8a67eefdc7820e5ab7aa1da4c8c21dff31195054/.net/office2html/2982/System.Runtime.dll", O_WRONLY|O_CREAT|O_TRUNC, 0666) = 3
10626 openat(AT_FDCWD, "/home/runner/work/deckrender-acceptance/deckrender-acceptance/benchmark/artifacts/acceptance/private/sandboxes/62743d5d51713ee9b031f5fa8a67eefdc7820e5ab7aa1da4c8c21dff31195054/.net/office2html/2982/System.Security.Cryptography.Algorithms.dll", O_WRONLY|O_CREAT|O_TRUNC, 0666) = 3
10626 openat(AT_FDCWD, "/home/runner/work/deckrender-acceptance/deckrender-acceptance/benchmark/artifacts/acceptance/private/sandboxes/62743d5d51713ee9b031f5fa8a67eefdc7820e5ab7aa1da4c8c21dff31195054/.net/office2html/2982/System.Security.Cryptography.Encoding.dll", O_WRONLY|O_CREAT|O_TRUNC, 0666) = 3
10626 openat(AT_FDCWD, "/home/runner/work/deckrender-acceptance/deckrender-acceptance/benchmark/artifacts/acceptance/private/sandboxes/62743d5d51713ee9b031f5fa8a67eefdc7820e5ab7aa1da4c8c21dff31195054/.net/office2html/2982/System.Security.Cryptography.OpenSsl.dll", O_WRONLY|O_CREAT|O_TRUNC, 0666) = 3
10626 openat(AT_FDCWD, "/home/runner/work/deckrender-acceptance/deckrender-acceptance/benchmark/artifacts/acceptance/private/sandboxes/62743d5d51713ee9b031f5fa8a67eefdc7820e5ab7aa1da4c8c21dff31195054/.net/office2html/2982/System.Security.Cryptography.Primitives.dll", O_WRONLY|O_CREAT|O_TRUNC, 0666) = 3
10626 openat(AT_FDCWD, "/home/runner/work/deckrender-acceptance/deckrender-acceptance/benchmark/artifacts/acceptance/private/sandboxes/62743d5d51713ee9b031f5fa8a67eefdc7820e5ab7aa1da4c8c21dff31195054/.net/office2html/2982/System.Security.Cryptography.X509Certificates.dll", O_WRONLY|O_CREAT|O_TRUNC, 0666) = 3
10626 openat(AT_FDCWD, "/home/runner/work/deckrender-acceptance/deckrender-acceptance/benchmark/artifacts/acceptance/private/sandboxes/62743d5d51713ee9b031f5fa8a67eefdc7820e5ab7aa1da4c8c21dff31195054/.net/office2html/2982/System.Text.Encoding.CodePages.dll", O_WRONLY|O_CREAT|O_TRUNC, 0666) = 3
10626 openat(AT_FDCWD, "/home/runner/work/deckrender-acceptance/deckrender-acceptance/benchmark/artifacts/acceptance/private/sandboxes/62743d5d51713ee9b031f5fa8a67eefdc7820e5ab7aa1da4c8c21dff31195054/.net/office2html/2982/System.Text.Encoding.Extensions.dll", O_WRONLY|O_CREAT|O_TRUNC, 0666) = 3
10626 openat(AT_FDCWD, "/home/runner/work/deckrender-acceptance/deckrender-acceptance/benchmark/artifacts/acceptance/private/sandboxes/62743d5d51713ee9b031f5fa8a67eefdc7820e5ab7aa1da4c8c21dff31195054/.net/office2html/2982/System.Text.Encodings.Web.dll", O_WRONLY|O_CREAT|O_TRUNC, 0666) = 3
10626 openat(AT_FDCWD, "/home/runner/work/deckrender-acceptance/deckrender-acceptance/benchmark/artifacts/acceptance/private/sandboxes/62743d5d51713ee9b031f5fa8a67eefdc7820e5ab7aa1da4c8c21dff31195054/.net/office2html/2982/System.Text.Json.dll", O_WRONLY|O_CREAT|O_TRUNC, 0666) = 3
10626 openat(AT_FDCWD, "/home/runner/work/deckrender-acceptance/deckrender-acceptance/benchmark/artifacts/acceptance/private/sandboxes/62743d5d51713ee9b031f5fa8a67eefdc7820e5ab7aa1da4c8c21dff31195054/.net/office2html/2982/System.Text.RegularExpressions.dll", O_WRONLY|O_CREAT|O_TRUNC, 0666) = 3
10626 openat(AT_FDCWD, "/home/runner/work/deckrender-acceptance/deckrender-acceptance/benchmark/artifacts/acceptance/private/sandboxes/62743d5d51713ee9b031f5fa8a67eefdc7820e5ab7aa1da4c8c21dff31195054/.net/office2html/2982/System.Threading.Channels.dll", O_WRONLY|O_CREAT|O_TRUNC, 0666) = 3
10626 openat(AT_FDCWD, "/home/runner/work/deckrender-acceptance/deckrender-acceptance/benchmark/artifacts/acceptance/private/sandboxes/62743d5d51713ee9b031f5fa8a67eefdc7820e5ab7aa1da4c8c21dff31195054/.net/office2html/2982/System.Threading.Tasks.Parallel.dll", O_WRONLY|O_CREAT|O_TRUNC, 0666) = 3
10626 openat(AT_FDCWD, "/home/runner/work/deckrender-acceptance/deckrender-acceptance/benchmark/artifacts/acceptance/private/sandboxes/62743d5d51713ee9b031f5fa8a67eefdc7820e5ab7aa1da4c8c21dff31195054/.net/office2html/2982/System.Threading.dll", O_WRONLY|O_CREAT|O_TRUNC, 0666) = 3
10626 openat(AT_FDCWD, "/home/runner/work/deckrender-acceptance/deckrender-acceptance/benchmark/artifacts/acceptance/private/sandboxes/62743d5d51713ee9b031f5fa8a67eefdc7820e5ab7aa1da4c8c21dff31195054/.net/office2html/2982/System.Xml.XDocument.dll", O_WRONLY|O_CREAT|O_TRUNC, 0666) = 3
10626 openat(AT_FDCWD, "/home/runner/work/deckrender-acceptance/deckrender-acceptance/benchmark/artifacts/acceptance/private/sandboxes/62743d5d51713ee9b031f5fa8a67eefdc7820e5ab7aa1da4c8c21dff31195054/.net/office2html/2982/netstandard.dll", O_WRONLY|O_CREAT|O_TRUNC, 0666) = 3
10626 openat(AT_FDCWD, "/home/runner/work/deckrender-acceptance/deckrender-acceptance/benchmark/artifacts/acceptance/private/sandboxes/62743d5d51713ee9b031f5fa8a67eefdc7820e5ab7aa1da4c8c21dff31195054/.net/office2html/2982/Office2Html.Cli.deps.json", O_WRONLY|O_CREAT|O_TRUNC, 0666) = 3
10626 openat(AT_FDCWD, "/home/runner/work/deckrender-acceptance/deckrender-acceptance/benchmark/artifacts/acceptance/runtimes/v0.3.1/node_modules/@deckflow/office2html-linux-x64/office2html", O_RDONLY) = 3
10626 openat(AT_FDCWD, "/etc/os-release", O_RDONLY) = 3
10626 openat(AT_FDCWD, "/proc/self/mountinfo", O_RDONLY) = 3
10626 openat(AT_FDCWD, "/proc/self/cgroup", O_RDONLY) = 3
10626 openat(AT_FDCWD, "/proc/self/mountinfo", O_RDONLY) = 3
10626 openat(AT_FDCWD, "/proc/self/cgroup", O_RDONLY) = 3
10626 openat(AT_FDCWD, "/sys/devices/system/node/possible", O_RDONLY|O_CLOEXEC) = 8
10626 openat(AT_FDCWD, "/sys/fs/cgroup/system.slice/hosted-compute-agent.service/cpu.max", O_RDONLY) = 8
10626 openat(AT_FDCWD, "/dev/urandom", O_RDONLY|O_CLOEXEC) = 8
10626 openat(AT_FDCWD, "/proc/10626/stat", O_RDONLY) = 8
10626 socket(AF_UNIX, SOCK_STREAM|SOCK_CLOEXEC, 0) = 8
10626 bind(8, {sa_family=AF_UNIX, sun_path="/tmp/dotnet-diagnostic-10626-193151-socket"}, 110) = 0
10626 listen(8, 255)                    = 0
10626 openat(AT_FDCWD, "/sys/devices/system/cpu/online", O_RDONLY|O_CLOEXEC) = 9
10626 openat(AT_FDCWD, "/sys/devices/system/cpu/online", O_RDONLY|O_CLOEXEC) = 9
10626 openat(AT_FDCWD, "/sys/devices/system/cpu/online", O_RDONLY|O_CLOEXEC) = 9
10626 openat(AT_FDCWD, "/sys/devices/system/cpu/online", O_RDONLY|O_CLOEXEC) = 9
10626 openat(AT_FDCWD, "/proc/10626/stat", O_RDONLY) = 9
10626 openat(AT_FDCWD, "/proc/10626/stat", O_RDONLY) = 9
10629 openat(AT_FDCWD, "/tmp/clr-debug-pipe-10626-193151-in", O_RDONLY <unfinished ...>
10626 openat(AT_FDCWD, "/proc/10626/stat", O_RDONLY) = 12
10626 openat(AT_FDCWD, "/dev/shm/sem.clrst00002982000000000002f27f", O_RDWR|O_NOFOLLOW|O_CLOEXEC) = -1 ENOENT (No such file or directory)
10626 openat(AT_FDCWD, "/proc/self/maps", O_RDONLY|O_CLOEXEC) = 10
10626 openat(AT_FDCWD, "/proc/self/maps", O_RDONLY|O_CLOEXEC) = 10
10626 openat(AT_FDCWD, "/sys/devices/system/cpu/online", O_RDONLY|O_CLOEXEC) = 10
10626 openat(AT_FDCWD, "/sys/fs/cgroup/system.slice/hosted-compute-agent.service/memory.max", O_RDONLY) = 10
10626 openat(AT_FDCWD, "/proc/meminfo", O_RDONLY) = 10
10626 openat(AT_FDCWD, "/proc/meminfo", O_RDONLY) = 10
10626 openat(AT_FDCWD, "/proc/self/task/10631/comm", O_RDWR) = 12
10626 openat(AT_FDCWD, "/home/runner/work/deckrender-acceptance/deckrender-acceptance/benchmark/artifacts/acceptance/runtimes/v0.3.1/node_modules/@deckflow/office2html-linux-x64/System.Private.CoreLib.dll", O_RDONLY) = -1 ENOENT (No such file or directory)
10626 openat(AT_FDCWD, "/home/runner/work/deckrender-acceptance/deckrender-acceptance/benchmark/artifacts/acceptance/private/sandboxes/62743d5d51713ee9b031f5fa8a67eefdc7820e5ab7aa1da4c8c21dff31195054/.net/office2html/ggtZ8fZDRy7noAk68w+eSJMdDmVPrSw=/System.Private.CoreLib.dll", O_RDONLY) = 10
10626 openat(AT_FDCWD, "/proc/self/task/10632/comm", O_RDWR) = 14
10626 openat(AT_FDCWD, "/home/runner/work/deckrender-acceptance/deckrender-acceptance/benchmark/artifacts/acceptance/private/sandboxes/62743d5d51713ee9b031f5fa8a67eefdc7820e5ab7aa1da4c8c21dff31195054/.net/office2html/ggtZ8fZDRy7noAk68w+eSJMdDmVPrSw=/Office2Html.Cli.dll", O_RDONLY) = 12
10626 openat(AT_FDCWD, "/home/runner/work/deckrender-acceptance/deckrender-acceptance/benchmark/artifacts/acceptance/private/sandboxes/62743d5d51713ee9b031f5fa8a67eefdc7820e5ab7aa1da4c8c21dff31195054/.net/office2html/ggtZ8fZDRy7noAk68w+eSJMdDmVPrSw=/System.Runtime.dll", O_RDONLY) = 14
10626 openat(AT_FDCWD, "/home/runner/work/deckrender-acceptance/deckrender-acceptance/benchmark/artifacts/acceptance/private/sandboxes/62743d5d51713ee9b031f5fa8a67eefdc7820e5ab7aa1da4c8c21dff31195054/.net/office2html/ggtZ8fZDRy7noAk68w+eSJMdDmVPrSw=/System.Collections.dll", O_RDONLY) = 16
10626 openat(AT_FDCWD, "/home/runner/work/deckrender-acceptance/deckrender-acceptance/benchmark/artifacts/acceptance/private/sandboxes/62743d5d51713ee9b031f5fa8a67eefdc7820e5ab7aa1da4c8c21dff31195054/.net/office2html/ggtZ8fZDRy7noAk68w+eSJMdDmVPrSw=/Office2Html.dll", O_RDONLY) = 18
10626 openat(AT_FDCWD, "/home/runner/work/deckrender-acceptance/deckrender-acceptance/benchmark/artifacts/acceptance/private/sandboxes/62743d5d51713ee9b031f5fa8a67eefdc7820e5ab7aa1da4c8c21dff31195054/.net/office2html/ggtZ8fZDRy7noAk68w+eSJMdDmVPrSw=/System.Linq.dll", O_RDONLY) = 20
10626 openat(AT_FDCWD, "/home/runner/work/deckrender-acceptance/deckrender-acceptance/benchmark/artifacts/acceptance/private/sandboxes/62743d5d51713ee9b031f5fa8a67eefdc7820e5ab7aa1da4c8c21dff31195054/.net/office2html/ggtZ8fZDRy7noAk68w+eSJMdDmVPrSw=/System.Console.dll", O_RDONLY) = 22
10626 openat(AT_FDCWD, "/home/runner/work/deckrender-acceptance/deckrender-acceptance/ci-input/current/objects/a22ec2124a347e489d31d2a80148ba5ab14b3f895b1476cb3c1c9713394e06b4.pptx", O_RDONLY|O_CLOEXEC) = 24
10626 openat(AT_FDCWD, "/home/runner/work/deckrender-acceptance/deckrender-acceptance/benchmark/artifacts/acceptance/private/sandboxes/62743d5d51713ee9b031f5fa8a67eefdc7820e5ab7aa1da4c8c21dff31195054/.net/office2html/ggtZ8fZDRy7noAk68w+eSJMdDmVPrSw=/DocumentFormat.OpenXml.dll", O_RDONLY) = 24
10626 openat(AT_FDCWD, "/home/runner/work/deckrender-acceptance/deckrender-acceptance/benchmark/artifacts/acceptance/private/sandboxes/62743d5d51713ee9b031f5fa8a67eefdc7820e5ab7aa1da4c8c21dff31195054/.net/office2html/ggtZ8fZDRy7noAk68w+eSJMdDmVPrSw=/DocumentFormat.OpenXml.Framework.dll", O_RDONLY) = 26
10626 openat(AT_FDCWD, "/home/runner/work/deckrender-acceptance/deckrender-acceptance/benchmark/artifacts/acceptance/private/sandboxes/62743d5d51713ee9b031f5fa8a67eefdc7820e5ab7aa1da4c8c21dff31195054/.net/office2html/ggtZ8fZDRy7noAk68w+eSJMdDmVPrSw=/System.IO.Packaging.dll", O_RDONLY) = 28
10626 openat(AT_FDCWD, "/home/runner/work/deckrender-acceptance/deckrender-acceptance/benchmark/artifacts/acceptance/private/sandboxes/62743d5d51713ee9b031f5fa8a67eefdc7820e5ab7aa1da4c8c21dff31195054/.net/office2html/ggtZ8fZDRy7noAk68w+eSJMdDmVPrSw=/netstandard.dll", O_RDONLY) = 30
10626 openat(AT_FDCWD, "/home/runner/work/deckrender-acceptance/deckrender-acceptance/benchmark/artifacts/acceptance/private/sandboxes/62743d5d51713ee9b031f5fa8a67eefdc7820e5ab7aa1da4c8c21dff31195054/.net/office2html/ggtZ8fZDRy7noAk68w+eSJMdDmVPrSw=/System.IO.Compression.dll", O_RDONLY) = 32
10626 openat(AT_FDCWD, "/home/runner/work/deckrender-acceptance/deckrender-acceptance/benchmark/artifacts/acceptance/private/sandboxes/62743d5d51713ee9b031f5fa8a67eefdc7820e5ab7aa1da4c8c21dff31195054/.net/office2html/ggtZ8fZDRy7noAk68w+eSJMdDmVPrSw=/System.Private.Uri.dll", O_RDONLY) = 34
10626 openat(AT_FDCWD, "/etc/localtime", O_RDONLY|O_CLOEXEC) = 36
10626 openat(AT_FDCWD, "/home/runner/work/deckrender-acceptance/deckrender-acceptance/benchmark/artifacts/acceptance/private/sandboxes/62743d5d51713ee9b031f5fa8a67eefdc7820e5ab7aa1da4c8c21dff31195054/.net/office2html/ggtZ8fZDRy7noAk68w+eSJMdDmVPrSw=/System.Private.Xml.dll", O_RDONLY) = 36
10626 openat(AT_FDCWD, "/dev/urandom", O_RDONLY|O_CLOEXEC) = 38
10626 openat(AT_FDCWD, "/home/runner/work/deckrender-acceptance/deckrender-acceptance/benchmark/artifacts/acceptance/private/sandboxes/62743d5d51713ee9b031f5fa8a67eefdc7820e5ab7aa1da4c8c21dff31195054/.net/office2html/ggtZ8fZDRy7noAk68w+eSJMdDmVPrSw=/System.Runtime.CompilerServices.Unsafe.dll", O_RDONLY) = 39
10626 openat(AT_FDCWD, "/tmp/tmpA15AfW.tmp", O_RDWR|O_CREAT|O_EXCL, 0600) = 41
10626 openat(AT_FDCWD, "/tmp/tmpA15AfW.tmp", O_RDWR|O_CREAT|O_CLOEXEC, 0666) = 41
10626 openat(AT_FDCWD, "/home/runner/work/deckrender-acceptance/deckrender-acceptance/benchmark/artifacts/acceptance/private/sandboxes/62743d5d51713ee9b031f5fa8a67eefdc7820e5ab7aa1da4c8c21dff31195054/.net/office2html/ggtZ8fZDRy7noAk68w+eSJMdDmVPrSw=/System.Private.Xml.Linq.dll", O_RDONLY) = 42
10626 openat(AT_FDCWD, "/home/runner/work/deckrender-acceptance/deckrender-acceptance/benchmark/artifacts/acceptance/private/sandboxes/62743d5d51713ee9b031f5fa8a67eefdc7820e5ab7aa1da4c8c21dff31195054/.net/office2html/ggtZ8fZDRy7noAk68w+eSJMdDmVPrSw=/System.Collections.Concurrent.dll", O_RDONLY) = 44
10626 openat(AT_FDCWD, "/home/runner/work/deckrender-acceptance/deckrender-acceptance/benchmark/artifacts/acceptance/private/sandboxes/62743d5d51713ee9b031f5fa8a67eefdc7820e5ab7aa1da4c8c21dff31195054/.net/office2html/ggtZ8fZDRy7noAk68w+eSJMdDmVPrSw=/System.Linq.Expressions.dll", O_RDONLY) = 46
10626 openat(AT_FDCWD, "/tmp/tmpAtnek2.tmp", O_RDWR|O_CREAT|O_EXCL, 0600) = 41
10626 openat(AT_FDCWD, "/tmp/tmpAtnek2.tmp", O_RDWR|O_CREAT|O_CLOEXEC, 0666) = 41
10626 openat(AT_FDCWD, "/home/runner/work/deckrender-acceptance/deckrender-acceptance/benchmark/artifacts/acceptance/private/sandboxes/62743d5d51713ee9b031f5fa8a67eefdc7820e5ab7aa1da4c8c21dff31195054/.net/office2html/ggtZ8fZDRy7noAk68w+eSJMdDmVPrSw=/System.Xml.XDocument.dll", O_RDONLY) = 48
10626 openat(AT_FDCWD, "/home/runner/work/deckrender-acceptance/deckrender-acceptance/benchmark/artifacts/acceptance/private/sandboxes/62743d5d51713ee9b031f5fa8a67eefdc7820e5ab7aa1da4c8c21dff31195054/.net/office2html/ggtZ8fZDRy7noAk68w+eSJMdDmVPrSw=/System.Memory.dll", O_RDONLY) = 50
10626 openat(AT_FDCWD, "/home/runner/work/deckrender-acceptance/deckrender-acceptance/benchmark/artifacts/acceptance/private/sandboxes/62743d5d51713ee9b031f5fa8a67eefdc7820e5ab7aa1da4c8c21dff31195054/.net/office2html/ggtZ8fZDRy7noAk68w+eSJMdDmVPrSw=/System.Text.RegularExpressions.dll", O_RDONLY) = 52
10626 openat(AT_FDCWD, "/home/runner/work/deckrender-acceptance/deckrender-acceptance/benchmark/artifacts/acceptance/private/sandboxes/62743d5d51713ee9b031f5fa8a67eefdc7820e5ab7aa1da4c8c21dff31195054/.net/office2html/ggtZ8fZDRy7noAk68w+eSJMdDmVPrSw=/System.Text.Encoding.Extensions.dll", O_RDONLY) = 41
10626 openat(AT_FDCWD, "/tmp/deckrender-local-5uloqZ/office2html/player.css", O_WRONLY|O_CREAT|O_CLOEXEC, 0666) = 55
10626 openat(AT_FDCWD, "/tmp/deckrender-local-5uloqZ/office2html/player.js", O_WRONLY|O_CREAT|O_CLOEXEC, 0666) = 55
10626 openat(AT_FDCWD, "/tmp/deckrender-local-5uloqZ/office2html/slide.js", O_WRONLY|O_CREAT|O_CLOEXEC, 0666) = 55
10626 openat(AT_FDCWD, "/tmp/deckrender-local-5uloqZ/office2html/charts.js", O_WRONLY|O_CREAT|O_CLOEXEC, 0666) = 55
10626 openat(AT_FDCWD, "/home/runner/work/deckrender-acceptance/deckrender-acceptance/benchmark/artifacts/acceptance/private/sandboxes/62743d5d51713ee9b031f5fa8a67eefdc7820e5ab7aa1da4c8c21dff31195054/.net/office2html/ggtZ8fZDRy7noAk68w+eSJMdDmVPrSw=/System.Text.Json.dll", O_RDONLY) = 55
10626 openat(AT_FDCWD, "/home/runner/work/deckrender-acceptance/deckrender-acceptance/benchmark/artifacts/acceptance/private/sandboxes/62743d5d51713ee9b031f5fa8a67eefdc7820e5ab7aa1da4c8c21dff31195054/.net/office2html/ggtZ8fZDRy7noAk68w+eSJMdDmVPrSw=/System.Text.Encodings.Web.dll", O_RDONLY) = 57
10626 openat(AT_FDCWD, "/tmp/deckrender-local-5uloqZ/office2html/slides/0000.html", O_WRONLY|O_CREAT|O_CLOEXEC, 0666) = 59
10626 openat(AT_FDCWD, "/tmp/deckrender-local-5uloqZ/office2html/slides/0001.html", O_WRONLY|O_CREAT|O_CLOEXEC, 0666) = 59
10626 openat(AT_FDCWD, "/tmp/deckrender-local-5uloqZ/office2html/slides/0002.html", O_WRONLY|O_CREAT|O_CLOEXEC, 0666) = 59
10626 openat(AT_FDCWD, "/tmp/deckrender-local-5uloqZ/office2html/index.html", O_WRONLY|O_CREAT|O_CLOEXEC, 0666) = 59
10626 openat(AT_FDCWD, "/home/runner/work/deckrender-acceptance/deckrender-acceptance/benchmark/artifacts/acceptance/private/sandboxes/62743d5d51713ee9b031f5fa8a67eefdc7820e5ab7aa1da4c8c21dff31195054/.net/office2html/ggtZ8fZDRy7noAk68w+eSJMdDmVPrSw=/Microsoft.Win32.Primitives.dll", O_RDONLY) = 60
10629 <... openat resumed>)             = ?
10614 --- SIGCHLD {si_signo=SIGCHLD, si_code=CLD_EXITED, si_pid=10626, si_uid=1001, si_status=0, si_utime=110 /* 1.10 s */, si_stime=15 /* 0.15 s */} ---
10614 shutdown(23, SHUT_WR)             = 0
10614 shutdown(25, SHUT_WR)             = 0
10622 openat(AT_FDCWD, "/tmp/deckrender-local-5uloqZ/office2html/index.html", O_RDONLY|O_CLOEXEC) = 21
10614 openat(AT_FDCWD, "/home/runner/work/deckrender-acceptance/deckrender-acceptance/benchmark/artifacts/acceptance/runtimes/v0.3.1/node_modules/@deckflow/deckrender/dist/package.json", O_RDONLY|O_CLOEXEC) = -1 ENOENT (No such file or directory)
10614 openat(AT_FDCWD, "/home/runner/work/deckrender-acceptance/deckrender-acceptance/benchmark/artifacts/acceptance/runtimes/v0.3.1/node_modules/playwright-core/package.json", O_RDONLY|O_CLOEXEC) = 21
10614 openat(AT_FDCWD, "/home/runner/work/deckrender-acceptance/deckrender-acceptance/benchmark/artifacts/acceptance/runtimes/v0.3.1/node_modules/playwright-core/index.mjs", O_RDONLY|O_CLOEXEC) = 21
10614 openat(AT_FDCWD, "/home/runner/work/deckrender-acceptance/deckrender-acceptance/benchmark/artifacts/acceptance/runtimes/v0.3.1/node_modules/playwright-core/index.js", O_RDONLY|O_CLOEXEC) = 21
10614 openat(AT_FDCWD, "/home/runner/work/deckrender-acceptance/deckrender-acceptance/benchmark/artifacts/acceptance/runtimes/v0.3.1/node_modules/playwright-core/lib/inprocess.js", O_RDONLY|O_CLOEXEC) = 21
10614 openat(AT_FDCWD, "/home/runner/work/deckrender-acceptance/deckrender-acceptance/benchmark/artifacts/acceptance/runtimes/v0.3.1/node_modules/playwright-core/lib/inProcessFactory.js", O_RDONLY|O_CLOEXEC) = 21
10614 openat(AT_FDCWD, "/home/runner/work/deckrender-acceptance/deckrender-acceptance/benchmark/artifacts/acceptance/runtimes/v0.3.1/node_modules/playwright-core/lib/androidServerImpl.js", O_RDONLY|O_CLOEXEC) = 21
10614 openat(AT_FDCWD, "/home/runner/work/deckrender-acceptance/deckrender-acceptance/benchmark/artifacts/acceptance/runtimes/v0.3.1/node_modules/playwright-core/lib/remote/playwrightServer.js", O_RDONLY|O_CLOEXEC) = 21
10614 openat(AT_FDCWD, "/home/runner/work/deckrender-acceptance/deckrender-acceptance/benchmark/artifacts/acceptance/runtimes/v0.3.1/node_modules/playwright-core/lib/remote/playwrightConnection.js", O_RDONLY|O_CLOEXEC) = 21
10614 openat(AT_FDCWD, "/home/runner/work/deckrender-acceptance/deckrender-acceptance/benchmark/artifacts/acceptance/runtimes/v0.3.1/node_modules/playwright-core/lib/server/package.json", O_RDONLY|O_CLOEXEC) = -1 ENOENT (No such file or directory)
10614 openat(AT_FDCWD, "/home/runner/work/deckrender-acceptance/deckrender-acceptance/benchmark/artifacts/acceptance/runtimes/v0.3.1/node_modules/playwright-core/lib/server/index.js", O_RDONLY|O_CLOEXEC) = 21
10614 openat(AT_FDCWD, "/home/runner/work/deckrender-acceptance/deckrender-acceptance/benchmark/artifacts/acceptance/runtimes/v0.3.1/node_modules/playwright-core/lib/server/registry/package.json", O_RDONLY|O_CLOEXEC) = -1 ENOENT (No such file or directory)
10614 openat(AT_FDCWD, "/home/runner/work/deckrender-acceptance/deckrender-acceptance/benchmark/artifacts/acceptance/runtimes/v0.3.1/node_modules/playwright-core/lib/server/registry/index.js", O_RDONLY|O_CLOEXEC) = 21
10614 openat(AT_FDCWD, "/home/runner/work/deckrender-acceptance/deckrender-acceptance/benchmark/artifacts/acceptance/runtimes/v0.3.1/node_modules/playwright-core/lib/server/registry/browserFetcher.js", O_RDONLY|O_CLOEXEC) = 21
10614 openat(AT_FDCWD, "/home/runner/work/deckrender-acceptance/deckrender-acceptance/benchmark/artifacts/acceptance/runtimes/v0.3.1/node_modules/playwright-core/lib/server/utils/debugLogger.js", O_RDONLY|O_CLOEXEC) = 21
10614 openat(AT_FDCWD, "/home/runner/work/deckrender-acceptance/deckrender-acceptance/benchmark/artifacts/acceptance/runtimes/v0.3.1/node_modules/playwright-core/lib/utilsBundle.js", O_RDONLY|O_CLOEXEC) = 21
10614 openat(AT_FDCWD, "/home/runner/work/deckrender-acceptance/deckrender-acceptance/benchmark/artifacts/acceptance/runtimes/v0.3.1/node_modules/playwright-core/lib/utilsBundleImpl/package.json", O_RDONLY|O_CLOEXEC) = -1 ENOENT (No such file or directory)
10614 openat(AT_FDCWD, "/home/runner/work/deckrender-acceptance/deckrender-acceptance/benchmark/artifacts/acceptance/runtimes/v0.3.1/node_modules/playwright-core/lib/utilsBundleImpl/index.js", O_RDONLY|O_CLOEXEC) = 21
10614 openat(AT_FDCWD, "/proc/version", O_RDONLY|O_CLOEXEC) = 21
10614 openat(AT_FDCWD, "/etc/resolv.conf", O_RDONLY) = 21
10614 openat(AT_FDCWD, "/etc/nsswitch.conf", O_RDONLY) = 21
10614 openat(AT_FDCWD, "/etc/netsvc.conf", O_RDONLY) = -1 ENOENT (No such file or directory)
10614 openat(AT_FDCWD, "/etc/svc.conf", O_RDONLY) = -1 ENOENT (No such file or directory)
10614 openat(AT_FDCWD, "/home/runner/work/deckrender-acceptance/deckrender-acceptance/benchmark/artifacts/acceptance/runtimes/v0.3.1/node_modules/bufferutil/package.json", O_RDONLY|O_CLOEXEC) = -1 ENOENT (No such file or directory)
10614 openat(AT_FDCWD, "/home/runner/work/deckrender-acceptance/deckrender-acceptance/benchmark/artifacts/acceptance/runtimes/v0.3.1/node_modules/playwright-core/lib/utils/isomorphic/manualPromise.js", O_RDONLY|O_CLOEXEC) = 21
10614 openat(AT_FDCWD, "/home/runner/work/deckrender-acceptance/deckrender-acceptance/benchmark/artifacts/acceptance/runtimes/v0.3.1/node_modules/playwright-core/lib/utils/isomorphic/stackTrace.js", O_RDONLY|O_CLOEXEC) = 21
10614 openat(AT_FDCWD, "/home/runner/work/deckrender-acceptance/deckrender-acceptance/benchmark/artifacts/acceptance/runtimes/v0.3.1/node_modules/playwright-core/lib/server/utils/userAgent.js", O_RDONLY|O_CLOEXEC) = 21
10614 openat(AT_FDCWD, "/home/runner/work/deckrender-acceptance/deckrender-acceptance/benchmark/artifacts/acceptance/runtimes/v0.3.1/node_modules/playwright-core/lib/server/utils/linuxUtils.js", O_RDONLY|O_CLOEXEC) = 21
10614 openat(AT_FDCWD, "/home/runner/work/deckrender-acceptance/deckrender-acceptance/benchmark/artifacts/acceptance/runtimes/v0.3.1/node_modules/playwright-core/lib/server/utils/fileUtils.js", O_RDONLY|O_CLOEXEC) = 21
10614 openat(AT_FDCWD, "/home/runner/work/deckrender-acceptance/deckrender-acceptance/benchmark/artifacts/acceptance/runtimes/v0.3.1/node_modules/playwright-core/lib/zipBundle.js", O_RDONLY|O_CLOEXEC) = 21
10614 openat(AT_FDCWD, "/home/runner/work/deckrender-acceptance/deckrender-acceptance/benchmark/artifacts/acceptance/runtimes/v0.3.1/node_modules/playwright-core/lib/zipBundleImpl.js", O_RDONLY|O_CLOEXEC) = 21
10614 openat(AT_FDCWD, "/home/runner/work/deckrender-acceptance/deckrender-acceptance/benchmark/artifacts/acceptance/runtimes/v0.3.1/node_modules/playwright-core/lib/server/registry/package.json", O_RDONLY|O_CLOEXEC) = -1 ENOENT (No such file or directory)
10614 openat(AT_FDCWD, "/home/runner/work/deckrender-acceptance/deckrender-acceptance/benchmark/artifacts/acceptance/runtimes/v0.3.1/node_modules/playwright-core/lib/server/registry/dependencies.js", O_RDONLY|O_CLOEXEC) = 21
10614 openat(AT_FDCWD, "/home/runner/work/deckrender-acceptance/deckrender-acceptance/benchmark/artifacts/acceptance/runtimes/v0.3.1/node_modules/playwright-core/lib/server/registry/nativeDeps.js", O_RDONLY|O_CLOEXEC) = 21
10614 openat(AT_FDCWD, "/home/runner/work/deckrender-acceptance/deckrender-acceptance/benchmark/artifacts/acceptance/runtimes/v0.3.1/node_modules/playwright-core/lib/server/utils/ascii.js", O_RDONLY|O_CLOEXEC) = 21
10614 openat(AT_FDCWD, "/home/runner/work/deckrender-acceptance/deckrender-acceptance/benchmark/artifacts/acceptance/runtimes/v0.3.1/node_modules/playwright-core/lib/server/utils/hostPlatform.js", O_RDONLY|O_CLOEXEC) = 21
10614 openat(AT_FDCWD, "/etc/os-release", O_RDONLY|O_CLOEXEC) = 21
10614 openat(AT_FDCWD, "/home/runner/work/deckrender-acceptance/deckrender-acceptance/benchmark/artifacts/acceptance/runtimes/v0.3.1/node_modules/playwright-core/lib/server/utils/spawnAsync.js", O_RDONLY|O_CLOEXEC) = 21
10614 openat(AT_FDCWD, "/home/runner/work/deckrender-acceptance/deckrender-acceptance/benchmark/artifacts/acceptance/runtimes/v0.3.1/node_modules/playwright-core/package.json", O_RDONLY|O_CLOEXEC) = 21
10614 openat(AT_FDCWD, "/home/runner/work/deckrender-acceptance/deckrender-acceptance/benchmark/artifacts/acceptance/runtimes/v0.3.1/node_modules/playwright-core/lib/utils.js", O_RDONLY|O_CLOEXEC) = 21
10614 openat(AT_FDCWD, "/home/runner/work/deckrender-acceptance/deckrender-acceptance/benchmark/artifacts/acceptance/runtimes/v0.3.1/node_modules/playwright-core/lib/utils/isomorphic/ariaSnapshot.js", O_RDONLY|O_CLOEXEC) = 21
10614 openat(AT_FDCWD, "/home/runner/work/deckrender-acceptance/deckrender-acceptance/benchmark/artifacts/acceptance/runtimes/v0.3.1/node_modules/playwright-core/lib/utils/isomorphic/assert.js", O_RDONLY|O_CLOEXEC) = 21
10614 openat(AT_FDCWD, "/home/runner/work/deckrender-acceptance/deckrender-acceptance/benchmark/artifacts/acceptance/runtimes/v0.3.1/node_modules/playwright-core/lib/utils/isomorphic/colors.js", O_RDONLY|O_CLOEXEC) = 21
10614 openat(AT_FDCWD, "/home/runner/work/deckrender-acceptance/deckrender-acceptance/benchmark/artifacts/acceptance/runtimes/v0.3.1/node_modules/playwright-core/lib/utils/isomorphic/headers.js", O_RDONLY|O_CLOEXEC) = 21
10614 openat(AT_FDCWD, "/home/runner/work/deckrender-acceptance/deckrender-acceptance/benchmark/artifacts/acceptance/runtimes/v0.3.1/node_modules/playwright-core/lib/utils/isomorphic/locatorGenerators.js", O_RDONLY|O_CLOEXEC) = 21
10614 openat(AT_FDCWD, "/home/runner/work/deckrender-acceptance/deckrender-acceptance/benchmark/artifacts/acceptance/runtimes/v0.3.1/node_modules/playwright-core/lib/utils/isomorphic/selectorParser.js", O_RDONLY|O_CLOEXEC) = 21
10614 openat(AT_FDCWD, "/home/runner/work/deckrender-acceptance/deckrender-acceptance/benchmark/artifacts/acceptance/runtimes/v0.3.1/node_modules/playwright-core/lib/utils/isomorphic/cssParser.js", O_RDONLY|O_CLOEXEC) = 21
10614 openat(AT_FDCWD, "/home/runner/work/deckrender-acceptance/deckrender-acceptance/benchmark/artifacts/acceptance/runtimes/v0.3.1/node_modules/playwright-core/lib/utils/isomorphic/cssTokenizer.js", O_RDONLY|O_CLOEXEC) = 21
10614 openat(AT_FDCWD, "/home/runner/work/deckrender-acceptance/deckrender-acceptance/benchmark/artifacts/acceptance/runtimes/v0.3.1/node_modules/playwright-core/lib/utils/isomorphic/stringUtils.js", O_RDONLY|O_CLOEXEC) = 21
10614 openat(AT_FDCWD, "/home/runner/work/deckrender-acceptance/deckrender-acceptance/benchmark/artifacts/acceptance/runtimes/v0.3.1/node_modules/playwright-core/lib/utils/isomorphic/mimeType.js", O_RDONLY|O_CLOEXEC) = 21
10614 openat(AT_FDCWD, "/home/runner/work/deckrender-acceptance/deckrender-acceptance/benchmark/artifacts/acceptance/runtimes/v0.3.1/node_modules/playwright-core/lib/utils/isomorphic/multimap.js", O_RDONLY|O_CLOEXEC) = 21
10614 openat(AT_FDCWD, "/home/runner/work/deckrender-acceptance/deckrender-acceptance/benchmark/artifacts/acceptance/runtimes/v0.3.1/node_modules/playwright-core/lib/utils/isomorphic/protocolFormatter.js", O_RDONLY|O_CLOEXEC) = 21
10614 openat(AT_FDCWD, "/home/runner/work/deckrender-acceptance/deckrender-acceptance/benchmark/artifacts/acceptance/runtimes/v0.3.1/node_modules/playwright-core/lib/utils/isomorphic/protocolMetainfo.js", O_RDONLY|O_CLOEXEC) = 21
10614 openat(AT_FDCWD, "/home/runner/work/deckrender-acceptance/deckrender-acceptance/benchmark/artifacts/acceptance/runtimes/v0.3.1/node_modules/playwright-core/lib/utils/isomorphic/rtti.js", O_RDONLY|O_CLOEXEC) = 21
10614 openat(AT_FDCWD, "/home/runner/work/deckrender-acceptance/deckrender-acceptance/benchmark/artifacts/acceptance/runtimes/v0.3.1/node_modules/playwright-core/lib/utils/isomorphic/semaphore.js", O_RDONLY|O_CLOEXEC) = 21
10614 openat(AT_FDCWD, "/home/runner/work/deckrender-acceptance/deckrender-acceptance/benchmark/artifacts/acceptance/runtimes/v0.3.1/node_modules/playwright-core/lib/utils/isomorphic/time.js", O_RDONLY|O_CLOEXEC) = 21
10614 openat(AT_FDCWD, "/home/runner/work/deckrender-acceptance/deckrender-acceptance/benchmark/artifacts/acceptance/runtimes/v0.3.1/node_modules/playwright-core/lib/utils/isomorphic/timeoutRunner.js", O_RDONLY|O_CLOEXEC) = 21
10614 openat(AT_FDCWD, "/home/runner/work/deckrender-acceptance/deckrender-acceptance/benchmark/artifacts/acceptance/runtimes/v0.3.1/node_modules/playwright-core/lib/utils/isomorphic/urlMatch.js", O_RDONLY|O_CLOEXEC) = 21
10614 openat(AT_FDCWD, "/home/runner/work/deckrender-acceptance/deckrender-acceptance/benchmark/artifacts/acceptance/runtimes/v0.3.1/node_modules/playwright-core/lib/server/utils/comparators.js", O_RDONLY|O_CLOEXEC) = 21
10614 openat(AT_FDCWD, "/home/runner/work/deckrender-acceptance/deckrender-acceptance/benchmark/artifacts/acceptance/runtimes/v0.3.1/node_modules/playwright-core/lib/server/utils/image_tools/compare.js", O_RDONLY|O_CLOEXEC) = 21
10614 openat(AT_FDCWD, "/home/runner/work/deckrender-acceptance/deckrender-acceptance/benchmark/artifacts/acceptance/runtimes/v0.3.1/node_modules/playwright-core/lib/server/utils/image_tools/colorUtils.js", O_RDONLY|O_CLOEXEC) = 21
10614 openat(AT_FDCWD, "/home/runner/work/deckrender-acceptance/deckrender-acceptance/benchmark/artifacts/acceptance/runtimes/v0.3.1/node_modules/playwright-core/lib/server/utils/image_tools/imageChannel.js", O_RDONLY|O_CLOEXEC) = 21
10614 openat(AT_FDCWD, "/home/runner/work/deckrender-acceptance/deckrender-acceptance/benchmark/artifacts/acceptance/runtimes/v0.3.1/node_modules/playwright-core/lib/server/utils/image_tools/stats.js", O_RDONLY|O_CLOEXEC) = 21
10614 openat(AT_FDCWD, "/home/runner/work/deckrender-acceptance/deckrender-acceptance/benchmark/artifacts/acceptance/runtimes/v0.3.1/node_modules/playwright-core/lib/third_party/pixelmatch.js", O_RDONLY|O_CLOEXEC) = 21
10614 openat(AT_FDCWD, "/home/runner/work/deckrender-acceptance/deckrender-acceptance/benchmark/artifacts/acceptance/runtimes/v0.3.1/node_modules/playwright-core/lib/server/utils/crypto.js", O_RDONLY|O_CLOEXEC) = 21
10614 openat(AT_FDCWD, "/home/runner/work/deckrender-acceptance/deckrender-acceptance/benchmark/artifacts/acceptance/runtimes/v0.3.1/node_modules/playwright-core/lib/server/utils/debug.js", O_RDONLY|O_CLOEXEC) = 21
10614 openat(AT_FDCWD, "/home/runner/work/deckrender-acceptance/deckrender-acceptance/benchmark/artifacts/acceptance/runtimes/v0.3.1/node_modules/playwright-core/lib/server/utils/env.js", O_RDONLY|O_CLOEXEC) = 21
10614 openat(AT_FDCWD, "/home/runner/work/deckrender-acceptance/deckrender-acceptance/benchmark/artifacts/acceptance/runtimes/v0.3.1/node_modules/playwright-core/lib/server/utils/eventsHelper.js", O_RDONLY|O_CLOEXEC) = 21
10614 openat(AT_FDCWD, "/home/runner/work/deckrender-acceptance/deckrender-acceptance/benchmark/artifacts/acceptance/runtimes/v0.3.1/node_modules/playwright-core/lib/server/utils/expectUtils.js", O_RDONLY|O_CLOEXEC) = 21
10614 openat(AT_FDCWD, "/home/runner/work/deckrender-acceptance/deckrender-acceptance/benchmark/artifacts/acceptance/runtimes/v0.3.1/node_modules/playwright-core/lib/server/utils/httpServer.js", O_RDONLY|O_CLOEXEC) = 21
10614 openat(AT_FDCWD, "/home/runner/work/deckrender-acceptance/deckrender-acceptance/benchmark/artifacts/acceptance/runtimes/v0.3.1/node_modules/playwright-core/lib/server/utils/network.js", O_RDONLY|O_CLOEXEC) = 21
10614 openat(AT_FDCWD, "/home/runner/work/deckrender-acceptance/deckrender-acceptance/benchmark/artifacts/acceptance/runtimes/v0.3.1/node_modules/playwright-core/lib/server/utils/happyEyeballs.js", O_RDONLY|O_CLOEXEC) = 21
10614 openat(AT_FDCWD, "/home/runner/work/deckrender-acceptance/deckrender-acceptance/benchmark/artifacts/acceptance/runtimes/v0.3.1/node_modules/playwright-core/lib/server/utils/nodePlatform.js", O_RDONLY|O_CLOEXEC) = 21
10614 openat(AT_FDCWD, "/home/runner/work/deckrender-acceptance/deckrender-acceptance/benchmark/artifacts/acceptance/runtimes/v0.3.1/node_modules/playwright-core/lib/server/utils/zones.js", O_RDONLY|O_CLOEXEC) = 21
10614 openat(AT_FDCWD, "/home/runner/work/deckrender-acceptance/deckrender-acceptance/benchmark/artifacts/acceptance/runtimes/v0.3.1/node_modules/playwright-core/lib/server/utils/processLauncher.js", O_RDONLY|O_CLOEXEC) = 21
10614 openat(AT_FDCWD, "/home/runner/work/deckrender-acceptance/deckrender-acceptance/benchmark/artifacts/acceptance/runtimes/v0.3.1/node_modules/playwright-core/lib/server/utils/profiler.js", O_RDONLY|O_CLOEXEC) = 21
10614 openat(AT_FDCWD, "/home/runner/work/deckrender-acceptance/deckrender-acceptance/benchmark/artifacts/acceptance/runtimes/v0.3.1/node_modules/playwright-core/lib/server/utils/socksProxy.js", O_RDONLY|O_CLOEXEC) = 21
10614 openat(AT_FDCWD, "/home/runner/work/deckrender-acceptance/deckrender-acceptance/benchmark/artifacts/acceptance/runtimes/v0.3.1/node_modules/playwright-core/lib/server/utils/task.js", O_RDONLY|O_CLOEXEC) = 21
10614 openat(AT_FDCWD, "/home/runner/work/deckrender-acceptance/deckrender-acceptance/benchmark/artifacts/acceptance/runtimes/v0.3.1/node_modules/playwright-core/lib/server/utils/wsServer.js", O_RDONLY|O_CLOEXEC) = 21
10614 openat(AT_FDCWD, "/home/runner/work/deckrender-acceptance/deckrender-acceptance/benchmark/artifacts/acceptance/runtimes/v0.3.1/node_modules/playwright-core/lib/server/utils/zipFile.js", O_RDONLY|O_CLOEXEC) = 21
10614 openat(AT_FDCWD, "/home/runner/work/deckrender-acceptance/deckrender-acceptance/benchmark/artifacts/acceptance/runtimes/v0.3.1/node_modules/playwright-core/browsers.json", O_RDONLY|O_CLOEXEC) = 21
10614 openat(AT_FDCWD, "/home/runner/work/deckrender-acceptance/deckrender-acceptance/benchmark/artifacts/acceptance/runtimes/v0.3.1/node_modules/playwright-core/lib/server/dispatchers/dispatcher.js", O_RDONLY|O_CLOEXEC) = 21
10614 openat(AT_FDCWD, "/home/runner/work/deckrender-acceptance/deckrender-acceptance/benchmark/artifacts/acceptance/runtimes/v0.3.1/node_modules/playwright-core/lib/protocol/validator.js", O_RDONLY|O_CLOEXEC) = 21
10614 openat(AT_FDCWD, "/home/runner/work/deckrender-acceptance/deckrender-acceptance/benchmark/artifacts/acceptance/runtimes/v0.3.1/node_modules/playwright-core/lib/protocol/validatorPrimitives.js", O_RDONLY|O_CLOEXEC) = 21
10614 openat(AT_FDCWD, "/home/runner/work/deckrender-acceptance/deckrender-acceptance/benchmark/artifacts/acceptance/runtimes/v0.3.1/node_modules/playwright-core/lib/server/errors.js", O_RDONLY|O_CLOEXEC) = 21
10614 openat(AT_FDCWD, "/home/runner/work/deckrender-acceptance/deckrender-acceptance/benchmark/artifacts/acceptance/runtimes/v0.3.1/node_modules/playwright-core/lib/protocol/serializers.js", O_RDONLY|O_CLOEXEC) = 21
10614 openat(AT_FDCWD, "/home/runner/work/deckrender-acceptance/deckrender-acceptance/benchmark/artifacts/acceptance/runtimes/v0.3.1/node_modules/playwright-core/lib/server/instrumentation.js", O_RDONLY|O_CLOEXEC) = 21
10614 openat(AT_FDCWD, "/home/runner/work/deckrender-acceptance/deckrender-acceptance/benchmark/artifacts/acceptance/runtimes/v0.3.1/node_modules/playwright-core/lib/server/protocolError.js", O_RDONLY|O_CLOEXEC) = 21
10614 openat(AT_FDCWD, "/home/runner/work/deckrender-acceptance/deckrender-acceptance/benchmark/artifacts/acceptance/runtimes/v0.3.1/node_modules/playwright-core/lib/server/callLog.js", O_RDONLY|O_CLOEXEC) = 21
10614 openat(AT_FDCWD, "/home/runner/work/deckrender-acceptance/deckrender-acceptance/benchmark/artifacts/acceptance/runtimes/v0.3.1/node_modules/playwright-core/lib/server/progress.js", O_RDONLY|O_CLOEXEC) = 21
10614 openat(AT_FDCWD, "/home/runner/work/deckrender-acceptance/deckrender-acceptance/benchmark/artifacts/acceptance/runtimes/v0.3.1/node_modules/playwright-core/lib/server/dispatchers/playwrightDispatcher.js", O_RDONLY|O_CLOEXEC) = 21
10614 openat(AT_FDCWD, "/home/runner/work/deckrender-acceptance/deckrender-acceptance/benchmark/artifacts/acceptance/runtimes/v0.3.1/node_modules/playwright-core/lib/server/fetch.js", O_RDONLY|O_CLOEXEC) = 21
10614 openat(AT_FDCWD, "/home/runner/work/deckrender-acceptance/deckrender-acceptance/benchmark/artifacts/acceptance/runtimes/v0.3.1/node_modules/playwright-core/lib/server/browserContext.js", O_RDONLY|O_CLOEXEC) = 21
10614 openat(AT_FDCWD, "/home/runner/work/deckrender-acceptance/deckrender-acceptance/benchmark/artifacts/acceptance/runtimes/v0.3.1/node_modules/playwright-core/lib/server/clock.js", O_RDONLY|O_CLOEXEC) = 21
10614 openat(AT_FDCWD, "/home/runner/work/deckrender-acceptance/deckrender-acceptance/benchmark/artifacts/acceptance/runtimes/v0.3.1/node_modules/playwright-core/lib/generated/clockSource.js", O_RDONLY|O_CLOEXEC) = 21
10614 openat(AT_FDCWD, "/home/runner/work/deckrender-acceptance/deckrender-acceptance/benchmark/artifacts/acceptance/runtimes/v0.3.1/node_modules/playwright-core/lib/server/debugger.js", O_RDONLY|O_CLOEXEC) = 21
10614 openat(AT_FDCWD, "/home/runner/work/deckrender-acceptance/deckrender-acceptance/benchmark/artifacts/acceptance/runtimes/v0.3.1/node_modules/playwright-core/lib/server/dialog.js", O_RDONLY|O_CLOEXEC) = 21
10614 openat(AT_FDCWD, "/home/runner/work/deckrender-acceptance/deckrender-acceptance/benchmark/artifacts/acceptance/runtimes/v0.3.1/node_modules/playwright-core/lib/server/har/harRecorder.js", O_RDONLY|O_CLOEXEC) = 21
10614 openat(AT_FDCWD, "/home/runner/work/deckrender-acceptance/deckrender-acceptance/benchmark/artifacts/acceptance/runtimes/v0.3.1/node_modules/playwright-core/lib/server/artifact.js", O_RDONLY|O_CLOEXEC) = 21
10614 openat(AT_FDCWD, "/home/runner/work/deckrender-acceptance/deckrender-acceptance/benchmark/artifacts/acceptance/runtimes/v0.3.1/node_modules/playwright-core/lib/server/har/harTracer.js", O_RDONLY|O_CLOEXEC) = 21
10614 openat(AT_FDCWD, "/home/runner/work/deckrender-acceptance/deckrender-acceptance/benchmark/artifacts/acceptance/runtimes/v0.3.1/node_modules/playwright-core/lib/server/frames.js", O_RDONLY|O_CLOEXEC) = 21
10614 openat(AT_FDCWD, "/home/runner/work/deckrender-acceptance/deckrender-acceptance/benchmark/artifacts/acceptance/runtimes/v0.3.1/node_modules/playwright-core/lib/server/dom.js", O_RDONLY|O_CLOEXEC) = 21
10614 openat(AT_FDCWD, "/home/runner/work/deckrender-acceptance/deckrender-acceptance/benchmark/artifacts/acceptance/runtimes/v0.3.1/node_modules/playwright-core/lib/server/javascript.js", O_RDONLY|O_CLOEXEC) = 21
10614 openat(AT_FDCWD, "/home/runner/work/deckrender-acceptance/deckrender-acceptance/benchmark/artifacts/acceptance/runtimes/v0.3.1/node_modules/playwright-core/lib/generated/utilityScriptSource.js", O_RDONLY|O_CLOEXEC) = 21
10614 openat(AT_FDCWD, "/home/runner/work/deckrender-acceptance/deckrender-acceptance/benchmark/artifacts/acceptance/runtimes/v0.3.1/node_modules/playwright-core/lib/utils/isomorphic/utilityScriptSerializers.js", O_RDONLY|O_CLOEXEC) = 21
10614 openat(AT_FDCWD, "/home/runner/work/deckrender-acceptance/deckrender-acceptance/benchmark/artifacts/acceptance/runtimes/v0.3.1/node_modules/playwright-core/lib/server/fileUploadUtils.js", O_RDONLY|O_CLOEXEC) = 21
10614 openat(AT_FDCWD, "/home/runner/work/deckrender-acceptance/deckrender-acceptance/benchmark/artifacts/acceptance/runtimes/v0.3.1/node_modules/playwright-core/lib/generated/injectedScriptSource.js", O_RDONLY|O_CLOEXEC) = 21
10614 openat(AT_FDCWD, "/home/runner/work/deckrender-acceptance/deckrender-acceptance/benchmark/artifacts/acceptance/runtimes/v0.3.1/node_modules/playwright-core/lib/server/frameSelectors.js", O_RDONLY|O_CLOEXEC) = 21
10614 openat(AT_FDCWD, "/home/runner/work/deckrender-acceptance/deckrender-acceptance/benchmark/artifacts/acceptance/runtimes/v0.3.1/node_modules/playwright-core/lib/server/helper.js", O_RDONLY|O_CLOEXEC) = 21
10614 openat(AT_FDCWD, "/home/runner/work/deckrender-acceptance/deckrender-acceptance/benchmark/artifacts/acceptance/runtimes/v0.3.1/node_modules/playwright-core/lib/server/network.js", O_RDONLY|O_CLOEXEC) = 21
10614 openat(AT_FDCWD, "/home/runner/work/deckrender-acceptance/deckrender-acceptance/benchmark/artifacts/acceptance/runtimes/v0.3.1/node_modules/playwright-core/lib/server/page.js", O_RDONLY|O_CLOEXEC) = 21
10614 openat(AT_FDCWD, "/home/runner/work/deckrender-acceptance/deckrender-acceptance/benchmark/artifacts/acceptance/runtimes/v0.3.1/node_modules/playwright-core/lib/server/accessibility.js", O_RDONLY|O_CLOEXEC) = 21
10614 openat(AT_FDCWD, "/home/runner/work/deckrender-acceptance/deckrender-acceptance/benchmark/artifacts/acceptance/runtimes/v0.3.1/node_modules/playwright-core/lib/server/console.js", O_RDONLY|O_CLOEXEC) = 21
10614 openat(AT_FDCWD, "/home/runner/work/deckrender-acceptance/deckrender-acceptance/benchmark/artifacts/acceptance/runtimes/v0.3.1/node_modules/playwright-core/lib/server/fileChooser.js", O_RDONLY|O_CLOEXEC) = 21
10614 openat(AT_FDCWD, "/home/runner/work/deckrender-acceptance/deckrender-acceptance/benchmark/artifacts/acceptance/runtimes/v0.3.1/node_modules/playwright-core/lib/server/input.js", O_RDONLY|O_CLOEXEC) = 21
10614 openat(AT_FDCWD, "/home/runner/work/deckrender-acceptance/deckrender-acceptance/benchmark/artifacts/acceptance/runtimes/v0.3.1/node_modules/playwright-core/lib/server/usKeyboardLayout.js", O_RDONLY|O_CLOEXEC) = 21
10614 openat(AT_FDCWD, "/home/runner/work/deckrender-acceptance/deckrender-acceptance/benchmark/artifacts/acceptance/runtimes/v0.3.1/node_modules/playwright-core/lib/server/screenshotter.js", O_RDONLY|O_CLOEXEC) = 21
10614 openat(AT_FDCWD, "/home/runner/work/deckrender-acceptance/deckrender-acceptance/benchmark/artifacts/acceptance/runtimes/v0.3.1/node_modules/playwright-core/lib/generated/bindingsControllerSource.js", O_RDONLY|O_CLOEXEC) = 21
10614 openat(AT_FDCWD, "/home/runner/work/deckrender-acceptance/deckrender-acceptance/benchmark/artifacts/acceptance/runtimes/v0.3.1/node_modules/playwright-core/lib/server/types.js", O_RDONLY|O_CLOEXEC) = 21
10614 openat(AT_FDCWD, "/home/runner/work/deckrender-acceptance/deckrender-acceptance/benchmark/artifacts/acceptance/runtimes/v0.3.1/node_modules/playwright-core/lib/server/recorder/recorderApp.js", O_RDONLY|O_CLOEXEC) = 21
10614 openat(AT_FDCWD, "/home/runner/work/deckrender-acceptance/deckrender-acceptance/benchmark/artifacts/acceptance/runtimes/v0.3.1/node_modules/playwright-core/lib/server/launchApp.js", O_RDONLY|O_CLOEXEC) = 21
10614 openat(AT_FDCWD, "/home/runner/work/deckrender-acceptance/deckrender-acceptance/benchmark/artifacts/acceptance/runtimes/v0.3.1/node_modules/playwright-core/lib/server/recorder/throttledFile.js", O_RDONLY|O_CLOEXEC) = 21
10614 openat(AT_FDCWD, "/home/runner/work/deckrender-acceptance/deckrender-acceptance/benchmark/artifacts/acceptance/runtimes/v0.3.1/node_modules/playwright-core/lib/server/codegen/languages.js", O_RDONLY|O_CLOEXEC) = 21
10614 openat(AT_FDCWD, "/home/runner/work/deckrender-acceptance/deckrender-acceptance/benchmark/artifacts/acceptance/runtimes/v0.3.1/node_modules/playwright-core/lib/server/codegen/csharp.js", O_RDONLY|O_CLOEXEC) = 21
10614 openat(AT_FDCWD, "/home/runner/work/deckrender-acceptance/deckrender-acceptance/benchmark/artifacts/acceptance/runtimes/v0.3.1/node_modules/playwright-core/lib/server/codegen/language.js", O_RDONLY|O_CLOEXEC) = 21
10614 openat(AT_FDCWD, "/home/runner/work/deckrender-acceptance/deckrender-acceptance/benchmark/artifacts/acceptance/runtimes/v0.3.1/node_modules/playwright-core/lib/server/deviceDescriptors.js", O_RDONLY|O_CLOEXEC) = 21
10614 openat(AT_FDCWD, "/home/runner/work/deckrender-acceptance/deckrender-acceptance/benchmark/artifacts/acceptance/runtimes/v0.3.1/node_modules/playwright-core/lib/server/deviceDescriptorsSource.json", O_RDONLY|O_CLOEXEC) = 21
10614 openat(AT_FDCWD, "/home/runner/work/deckrender-acceptance/deckrender-acceptance/benchmark/artifacts/acceptance/runtimes/v0.3.1/node_modules/playwright-core/lib/server/codegen/java.js", O_RDONLY|O_CLOEXEC) = 21
10614 openat(AT_FDCWD, "/home/runner/work/deckrender-acceptance/deckrender-acceptance/benchmark/artifacts/acceptance/runtimes/v0.3.1/node_modules/playwright-core/lib/server/codegen/javascript.js", O_RDONLY|O_CLOEXEC) = 21
10614 openat(AT_FDCWD, "/home/runner/work/deckrender-acceptance/deckrender-acceptance/benchmark/artifacts/acceptance/runtimes/v0.3.1/node_modules/playwright-core/lib/server/codegen/jsonl.js", O_RDONLY|O_CLOEXEC) = 21
10614 openat(AT_FDCWD, "/home/runner/work/deckrender-acceptance/deckrender-acceptance/benchmark/artifacts/acceptance/runtimes/v0.3.1/node_modules/playwright-core/lib/server/codegen/python.js", O_RDONLY|O_CLOEXEC) = 21
10614 openat(AT_FDCWD, "/home/runner/work/deckrender-acceptance/deckrender-acceptance/benchmark/artifacts/acceptance/runtimes/v0.3.1/node_modules/playwright-core/lib/server/recorder/recorderUtils.js", O_RDONLY|O_CLOEXEC) = 21
10614 openat(AT_FDCWD, "/home/runner/work/deckrender-acceptance/deckrender-acceptance/benchmark/artifacts/acceptance/runtimes/v0.3.1/node_modules/playwright-core/lib/server/recorder.js", O_RDONLY|O_CLOEXEC) = 21
10614 openat(AT_FDCWD, "/home/runner/work/deckrender-acceptance/deckrender-acceptance/benchmark/artifacts/acceptance/runtimes/v0.3.1/node_modules/playwright-core/lib/utils/isomorphic/locatorParser.js", O_RDONLY|O_CLOEXEC) = 21
10614 openat(AT_FDCWD, "/home/runner/work/deckrender-acceptance/deckrender-acceptance/benchmark/artifacts/acceptance/runtimes/v0.3.1/node_modules/playwright-core/lib/server/recorder/recorderSignalProcessor.js", O_RDONLY|O_CLOEXEC) = 21
10614 openat(AT_FDCWD, "/home/runner/work/deckrender-acceptance/deckrender-acceptance/benchmark/artifacts/acceptance/runtimes/v0.3.1/node_modules/playwright-core/lib/generated/pollingRecorderSource.js", O_RDONLY|O_CLOEXEC) = 21
10614 openat(AT_FDCWD, "/home/runner/work/deckrender-acceptance/deckrender-acceptance/benchmark/artifacts/acceptance/runtimes/v0.3.1/node_modules/playwright-core/lib/server/recorder/recorderRunner.js", O_RDONLY|O_CLOEXEC) = 21
10614 openat(AT_FDCWD, "/home/runner/work/deckrender-acceptance/deckrender-acceptance/benchmark/artifacts/acceptance/runtimes/v0.3.1/node_modules/playwright-core/lib/server/selectors.js", O_RDONLY|O_CLOEXEC) = 21
10614 openat(AT_FDCWD, "/home/runner/work/deckrender-acceptance/deckrender-acceptance/benchmark/artifacts/acceptance/runtimes/v0.3.1/node_modules/playwright-core/lib/server/trace/recorder/tracing.js", O_RDONLY|O_CLOEXEC) = 21
10614 openat(AT_FDCWD, "/home/runner/work/deckrender-acceptance/deckrender-acceptance/benchmark/artifacts/acceptance/runtimes/v0.3.1/node_modules/playwright-core/lib/server/trace/recorder/snapshotter.js", O_RDONLY|O_CLOEXEC) = 21
10614 openat(AT_FDCWD, "/home/runner/work/deckrender-acceptance/deckrender-acceptance/benchmark/artifacts/acceptance/runtimes/v0.3.1/node_modules/playwright-core/lib/server/trace/recorder/snapshotterInjected.js", O_RDONLY|O_CLOEXEC) = 21
10614 openat(AT_FDCWD, "/home/runner/work/deckrender-acceptance/deckrender-acceptance/benchmark/artifacts/acceptance/runtimes/v0.3.1/node_modules/playwright-core/lib/generated/storageScriptSource.js", O_RDONLY|O_CLOEXEC) = 21
10614 openat(AT_FDCWD, "/home/runner/work/deckrender-acceptance/deckrender-acceptance/benchmark/artifacts/acceptance/runtimes/v0.3.1/node_modules/playwright-core/lib/server/cookieStore.js", O_RDONLY|O_CLOEXEC) = 21
10614 openat(AT_FDCWD, "/home/runner/work/deckrender-acceptance/deckrender-acceptance/benchmark/artifacts/acceptance/runtimes/v0.3.1/node_modules/playwright-core/lib/server/formData.js", O_RDONLY|O_CLOEXEC) = 21
10614 openat(AT_FDCWD, "/home/runner/work/deckrender-acceptance/deckrender-acceptance/benchmark/artifacts/acceptance/runtimes/v0.3.1/node_modules/playwright-core/lib/server/socksClientCertificatesInterceptor.js", O_RDONLY|O_CLOEXEC) = 21
10614 openat(AT_FDCWD, "/home/runner/work/deckrender-acceptance/deckrender-acceptance/benchmark/artifacts/acceptance/runtimes/v0.3.1/node_modules/playwright-core/lib/server/dispatchers/androidDispatcher.js", O_RDONLY|O_CLOEXEC) = 21
10614 openat(AT_FDCWD, "/home/runner/work/deckrender-acceptance/deckrender-acceptance/benchmark/artifacts/acceptance/runtimes/v0.3.1/node_modules/playwright-core/lib/server/dispatchers/browserContextDispatcher.js", O_RDONLY|O_CLOEXEC) = 21
10614 openat(AT_FDCWD, "/home/runner/work/deckrender-acceptance/deckrender-acceptance/benchmark/artifacts/acceptance/runtimes/v0.3.1/node_modules/playwright-core/lib/server/dispatchers/artifactDispatcher.js", O_RDONLY|O_CLOEXEC) = 21
10614 openat(AT_FDCWD, "/home/runner/work/deckrender-acceptance/deckrender-acceptance/benchmark/artifacts/acceptance/runtimes/v0.3.1/node_modules/playwright-core/lib/server/dispatchers/streamDispatcher.js", O_RDONLY|O_CLOEXEC) = 21
10614 openat(AT_FDCWD, "/home/runner/work/deckrender-acceptance/deckrender-acceptance/benchmark/artifacts/acceptance/runtimes/v0.3.1/node_modules/playwright-core/lib/server/dispatchers/cdpSessionDispatcher.js", O_RDONLY|O_CLOEXEC) = 21
10614 openat(AT_FDCWD, "/home/runner/work/deckrender-acceptance/deckrender-acceptance/benchmark/artifacts/acceptance/runtimes/v0.3.1/node_modules/playwright-core/lib/server/chromium/crConnection.js", O_RDONLY|O_CLOEXEC) = 21
10614 openat(AT_FDCWD, "/home/runner/work/deckrender-acceptance/deckrender-acceptance/benchmark/artifacts/acceptance/runtimes/v0.3.1/node_modules/playwright-core/lib/server/dispatchers/dialogDispatcher.js", O_RDONLY|O_CLOEXEC) = 21
10614 openat(AT_FDCWD, "/home/runner/work/deckrender-acceptance/deckrender-acceptance/benchmark/artifacts/acceptance/runtimes/v0.3.1/node_modules/playwright-core/lib/server/dispatchers/pageDispatcher.js", O_RDONLY|O_CLOEXEC) = 21
10614 openat(AT_FDCWD, "/home/runner/work/deckrender-acceptance/deckrender-acceptance/benchmark/artifacts/acceptance/runtimes/v0.3.1/node_modules/playwright-core/lib/server/dispatchers/elementHandlerDispatcher.js", O_RDONLY|O_CLOEXEC) = 21
10614 openat(AT_FDCWD, "/home/runner/work/deckrender-acceptance/deckrender-acceptance/benchmark/artifacts/acceptance/runtimes/v0.3.1/node_modules/playwright-core/lib/server/dispatchers/frameDispatcher.js", O_RDONLY|O_CLOEXEC) = 21
10614 openat(AT_FDCWD, "/home/runner/work/deckrender-acceptance/deckrender-acceptance/benchmark/artifacts/acceptance/runtimes/v0.3.1/node_modules/playwright-core/lib/server/dispatchers/jsHandleDispatcher.js", O_RDONLY|O_CLOEXEC) = 21
10614 openat(AT_FDCWD, "/home/runner/work/deckrender-acceptance/deckrender-acceptance/benchmark/artifacts/acceptance/runtimes/v0.3.1/node_modules/playwright-core/lib/server/dispatchers/networkDispatchers.js", O_RDONLY|O_CLOEXEC) = 21
10614 openat(AT_FDCWD, "/home/runner/work/deckrender-acceptance/deckrender-acceptance/benchmark/artifacts/acceptance/runtimes/v0.3.1/node_modules/playwright-core/lib/server/dispatchers/tracingDispatcher.js", O_RDONLY|O_CLOEXEC) = 21
10614 openat(AT_FDCWD, "/home/runner/work/deckrender-acceptance/deckrender-acceptance/benchmark/artifacts/acceptance/runtimes/v0.3.1/node_modules/playwright-core/lib/server/dispatchers/webSocketRouteDispatcher.js", O_RDONLY|O_CLOEXEC) = 21
10614 openat(AT_FDCWD, "/home/runner/work/deckrender-acceptance/deckrender-acceptance/benchmark/artifacts/acceptance/runtimes/v0.3.1/node_modules/playwright-core/lib/generated/webSocketMockSource.js", O_RDONLY|O_CLOEXEC) = 21
10614 openat(AT_FDCWD, "/home/runner/work/deckrender-acceptance/deckrender-acceptance/benchmark/artifacts/acceptance/runtimes/v0.3.1/node_modules/playwright-core/lib/server/chromium/crBrowser.js", O_RDONLY|O_CLOEXEC) = 21
10614 openat(AT_FDCWD, "/home/runner/work/deckrender-acceptance/deckrender-acceptance/benchmark/artifacts/acceptance/runtimes/v0.3.1/node_modules/playwright-core/lib/server/browser.js", O_RDONLY|O_CLOEXEC) = 21
10614 openat(AT_FDCWD, "/home/runner/work/deckrender-acceptance/deckrender-acceptance/benchmark/artifacts/acceptance/runtimes/v0.3.1/node_modules/playwright-core/lib/server/download.js", O_RDONLY|O_CLOEXEC) = 21
10614 openat(AT_FDCWD, "/home/runner/work/deckrender-acceptance/deckrender-acceptance/benchmark/artifacts/acceptance/runtimes/v0.3.1/node_modules/playwright-core/lib/server/chromium/crPage.js", O_RDONLY|O_CLOEXEC) = 21
10614 openat(AT_FDCWD, "/home/runner/work/deckrender-acceptance/deckrender-acceptance/benchmark/artifacts/acceptance/runtimes/v0.3.1/node_modules/playwright-core/lib/server/registry/package.json", O_RDONLY|O_CLOEXEC) = -1 ENOENT (No such file or directory)
10614 openat(AT_FDCWD, "/home/runner/work/deckrender-acceptance/deckrender-acceptance/benchmark/artifacts/acceptance/runtimes/v0.3.1/node_modules/playwright-core/lib/server/chromium/crAccessibility.js", O_RDONLY|O_CLOEXEC) = 21
10614 openat(AT_FDCWD, "/home/runner/work/deckrender-acceptance/deckrender-acceptance/benchmark/artifacts/acceptance/runtimes/v0.3.1/node_modules/playwright-core/lib/server/chromium/crCoverage.js", O_RDONLY|O_CLOEXEC) = 21
10614 openat(AT_FDCWD, "/home/runner/work/deckrender-acceptance/deckrender-acceptance/benchmark/artifacts/acceptance/runtimes/v0.3.1/node_modules/playwright-core/lib/server/chromium/crDragDrop.js", O_RDONLY|O_CLOEXEC) = 21
10614 openat(AT_FDCWD, "/home/runner/work/deckrender-acceptance/deckrender-acceptance/benchmark/artifacts/acceptance/runtimes/v0.3.1/node_modules/playwright-core/lib/server/chromium/crProtocolHelper.js", O_RDONLY|O_CLOEXEC) = 21
10614 openat(AT_FDCWD, "/home/runner/work/deckrender-acceptance/deckrender-acceptance/benchmark/artifacts/acceptance/runtimes/v0.3.1/node_modules/playwright-core/lib/server/chromium/crExecutionContext.js", O_RDONLY|O_CLOEXEC) = 21
10614 openat(AT_FDCWD, "/home/runner/work/deckrender-acceptance/deckrender-acceptance/benchmark/artifacts/acceptance/runtimes/v0.3.1/node_modules/playwright-core/lib/server/chromium/crInput.js", O_RDONLY|O_CLOEXEC) = 21
10614 openat(AT_FDCWD, "/home/runner/work/deckrender-acceptance/deckrender-acceptance/benchmark/artifacts/acceptance/runtimes/v0.3.1/node_modules/playwright-core/lib/server/macEditingCommands.js", O_RDONLY|O_CLOEXEC) = 21
10614 openat(AT_FDCWD, "/home/runner/work/deckrender-acceptance/deckrender-acceptance/benchmark/artifacts/acceptance/runtimes/v0.3.1/node_modules/playwright-core/lib/server/chromium/crNetworkManager.js", O_RDONLY|O_CLOEXEC) = 21
10614 openat(AT_FDCWD, "/home/runner/work/deckrender-acceptance/deckrender-acceptance/benchmark/artifacts/acceptance/runtimes/v0.3.1/node_modules/playwright-core/lib/server/chromium/crPdf.js", O_RDONLY|O_CLOEXEC) = 21
10614 openat(AT_FDCWD, "/home/runner/work/deckrender-acceptance/deckrender-acceptance/benchmark/artifacts/acceptance/runtimes/v0.3.1/node_modules/playwright-core/lib/server/chromium/defaultFontFamilies.js", O_RDONLY|O_CLOEXEC) = 21
10614 openat(AT_FDCWD, "/home/runner/work/deckrender-acceptance/deckrender-acceptance/benchmark/artifacts/acceptance/runtimes/v0.3.1/node_modules/playwright-core/lib/server/chromium/videoRecorder.js", O_RDONLY|O_CLOEXEC) = 21
10614 openat(AT_FDCWD, "/home/runner/work/deckrender-acceptance/deckrender-acceptance/benchmark/artifacts/acceptance/runtimes/v0.3.1/node_modules/playwright-core/lib/server/chromium/crServiceWorker.js", O_RDONLY|O_CLOEXEC) = 21
10614 openat(AT_FDCWD, "/home/runner/work/deckrender-acceptance/deckrender-acceptance/benchmark/artifacts/acceptance/runtimes/v0.3.1/node_modules/playwright-core/lib/server/dispatchers/writableStreamDispatcher.js", O_RDONLY|O_CLOEXEC) = 21
10614 openat(AT_FDCWD, "/home/runner/work/deckrender-acceptance/deckrender-acceptance/benchmark/artifacts/acceptance/runtimes/v0.3.1/node_modules/playwright-core/lib/server/android/android.js", O_RDONLY|O_CLOEXEC) = 21
10614 openat(AT_FDCWD, "/home/runner/work/deckrender-acceptance/deckrender-acceptance/benchmark/artifacts/acceptance/runtimes/v0.3.1/node_modules/playwright-core/lib/server/utils/pipeTransport.js", O_RDONLY|O_CLOEXEC) = 21
10614 openat(AT_FDCWD, "/home/runner/work/deckrender-acceptance/deckrender-acceptance/benchmark/artifacts/acceptance/runtimes/v0.3.1/node_modules/playwright-core/lib/server/chromium/chromiumSwitches.js", O_RDONLY|O_CLOEXEC) = 21
10614 openat(AT_FDCWD, "/home/runner/work/deckrender-acceptance/deckrender-acceptance/benchmark/artifacts/acceptance/runtimes/v0.3.1/node_modules/playwright-core/lib/server/registry/package.json", O_RDONLY|O_CLOEXEC) = -1 ENOENT (No such file or directory)
10614 openat(AT_FDCWD, "/home/runner/work/deckrender-acceptance/deckrender-acceptance/benchmark/artifacts/acceptance/runtimes/v0.3.1/node_modules/playwright-core/lib/server/dispatchers/browserDispatcher.js", O_RDONLY|O_CLOEXEC) = 21
10614 openat(AT_FDCWD, "/home/runner/work/deckrender-acceptance/deckrender-acceptance/benchmark/artifacts/acceptance/runtimes/v0.3.1/node_modules/playwright-core/lib/server/dispatchers/browserTypeDispatcher.js", O_RDONLY|O_CLOEXEC) = 21
10614 openat(AT_FDCWD, "/home/runner/work/deckrender-acceptance/deckrender-acceptance/benchmark/artifacts/acceptance/runtimes/v0.3.1/node_modules/playwright-core/lib/server/dispatchers/electronDispatcher.js", O_RDONLY|O_CLOEXEC) = 21
10614 openat(AT_FDCWD, "/home/runner/work/deckrender-acceptance/deckrender-acceptance/benchmark/artifacts/acceptance/runtimes/v0.3.1/node_modules/playwright-core/lib/server/electron/electron.js", O_RDONLY|O_CLOEXEC) = 21
10614 openat(AT_FDCWD, "/home/runner/work/deckrender-acceptance/deckrender-acceptance/benchmark/artifacts/acceptance/runtimes/v0.3.1/node_modules/playwright-core/lib/server/transport.js", O_RDONLY|O_CLOEXEC) = 21
10614 openat(AT_FDCWD, "/home/runner/work/deckrender-acceptance/deckrender-acceptance/benchmark/artifacts/acceptance/runtimes/v0.3.1/node_modules/playwright-core/lib/server/dispatchers/localUtilsDispatcher.js", O_RDONLY|O_CLOEXEC) = 21
10614 openat(AT_FDCWD, "/home/runner/work/deckrender-acceptance/deckrender-acceptance/benchmark/artifacts/acceptance/runtimes/v0.3.1/node_modules/playwright-core/lib/server/localUtils.js", O_RDONLY|O_CLOEXEC) = 21
10614 openat(AT_FDCWD, "/home/runner/work/deckrender-acceptance/deckrender-acceptance/benchmark/artifacts/acceptance/runtimes/v0.3.1/node_modules/playwright-core/lib/server/harBackend.js", O_RDONLY|O_CLOEXEC) = 21
10614 openat(AT_FDCWD, "/home/runner/work/deckrender-acceptance/deckrender-acceptance/benchmark/artifacts/acceptance/runtimes/v0.3.1/node_modules/playwright-core/lib/utils/isomorphic/traceUtils.js", O_RDONLY|O_CLOEXEC) = 21
10614 openat(AT_FDCWD, "/home/runner/work/deckrender-acceptance/deckrender-acceptance/benchmark/artifacts/acceptance/runtimes/v0.3.1/node_modules/playwright-core/lib/server/dispatchers/jsonPipeDispatcher.js", O_RDONLY|O_CLOEXEC) = 21
10614 openat(AT_FDCWD, "/home/runner/work/deckrender-acceptance/deckrender-acceptance/benchmark/artifacts/acceptance/runtimes/v0.3.1/node_modules/playwright-core/lib/server/socksInterceptor.js", O_RDONLY|O_CLOEXEC) = 21
10614 openat(AT_FDCWD, "/home/runner/work/deckrender-acceptance/deckrender-acceptance/benchmark/artifacts/acceptance/runtimes/v0.3.1/node_modules/playwright-core/lib/server/playwright.js", O_RDONLY|O_CLOEXEC) = 21
10614 openat(AT_FDCWD, "/home/runner/work/deckrender-acceptance/deckrender-acceptance/benchmark/artifacts/acceptance/runtimes/v0.3.1/node_modules/playwright-core/lib/server/android/backendAdb.js", O_RDONLY|O_CLOEXEC) = 21
10614 openat(AT_FDCWD, "/home/runner/work/deckrender-acceptance/deckrender-acceptance/benchmark/artifacts/acceptance/runtimes/v0.3.1/node_modules/playwright-core/lib/server/bidi/bidiChromium.js", O_RDONLY|O_CLOEXEC) = 21
10614 openat(AT_FDCWD, "/home/runner/work/deckrender-acceptance/deckrender-acceptance/benchmark/artifacts/acceptance/runtimes/v0.3.1/node_modules/playwright-core/lib/server/browserType.js", O_RDONLY|O_CLOEXEC) = 21
10614 openat(AT_FDCWD, "/home/runner/work/deckrender-acceptance/deckrender-acceptance/benchmark/artifacts/acceptance/runtimes/v0.3.1/node_modules/playwright-core/lib/server/pipeTransport.js", O_RDONLY|O_CLOEXEC) = 21
10614 openat(AT_FDCWD, "/home/runner/work/deckrender-acceptance/deckrender-acceptance/benchmark/artifacts/acceptance/runtimes/v0.3.1/node_modules/playwright-core/lib/server/bidi/bidiBrowser.js", O_RDONLY|O_CLOEXEC) = 21
10614 openat(AT_FDCWD, "/home/runner/work/deckrender-acceptance/deckrender-acceptance/benchmark/artifacts/acceptance/runtimes/v0.3.1/node_modules/playwright-core/lib/server/bidi/bidiConnection.js", O_RDONLY|O_CLOEXEC) = 21
10614 openat(AT_FDCWD, "/home/runner/work/deckrender-acceptance/deckrender-acceptance/benchmark/artifacts/acceptance/runtimes/v0.3.1/node_modules/playwright-core/lib/server/bidi/bidiNetworkManager.js", O_RDONLY|O_CLOEXEC) = 21
10614 openat(AT_FDCWD, "/home/runner/work/deckrender-acceptance/deckrender-acceptance/benchmark/artifacts/acceptance/runtimes/v0.3.1/node_modules/playwright-core/lib/server/bidi/third_party/bidiProtocol.js", O_RDONLY|O_CLOEXEC) = 21
10614 openat(AT_FDCWD, "/home/runner/work/deckrender-acceptance/deckrender-acceptance/benchmark/artifacts/acceptance/runtimes/v0.3.1/node_modules/playwright-core/lib/server/bidi/third_party/bidiProtocolCore.js", O_RDONLY|O_CLOEXEC) = 21
10614 openat(AT_FDCWD, "/home/runner/work/deckrender-acceptance/deckrender-acceptance/benchmark/artifacts/acceptance/runtimes/v0.3.1/node_modules/playwright-core/lib/server/bidi/third_party/bidiProtocolPermissions.js", O_RDONLY|O_CLOEXEC) = 21
10614 openat(AT_FDCWD, "/home/runner/work/deckrender-acceptance/deckrender-acceptance/benchmark/artifacts/acceptance/runtimes/v0.3.1/node_modules/playwright-core/lib/server/bidi/bidiPage.js", O_RDONLY|O_CLOEXEC) = 21
10614 openat(AT_FDCWD, "/home/runner/work/deckrender-acceptance/deckrender-acceptance/benchmark/artifacts/acceptance/runtimes/v0.3.1/node_modules/playwright-core/lib/server/bidi/bidiExecutionContext.js", O_RDONLY|O_CLOEXEC) = 21
10614 openat(AT_FDCWD, "/home/runner/work/deckrender-acceptance/deckrender-acceptance/benchmark/artifacts/acceptance/runtimes/v0.3.1/node_modules/playwright-core/lib/server/bidi/third_party/bidiDeserializer.js", O_RDONLY|O_CLOEXEC) = 21
10614 openat(AT_FDCWD, "/home/runner/work/deckrender-acceptance/deckrender-acceptance/benchmark/artifacts/acceptance/runtimes/v0.3.1/node_modules/playwright-core/lib/server/bidi/third_party/bidiSerializer.js", O_RDONLY|O_CLOEXEC) = 21
10614 openat(AT_FDCWD, "/home/runner/work/deckrender-acceptance/deckrender-acceptance/benchmark/artifacts/acceptance/runtimes/v0.3.1/node_modules/playwright-core/lib/server/bidi/bidiInput.js", O_RDONLY|O_CLOEXEC) = 21
10614 openat(AT_FDCWD, "/home/runner/work/deckrender-acceptance/deckrender-acceptance/benchmark/artifacts/acceptance/runtimes/v0.3.1/node_modules/playwright-core/lib/server/bidi/third_party/bidiKeyboard.js", O_RDONLY|O_CLOEXEC) = 21
10614 openat(AT_FDCWD, "/home/runner/work/deckrender-acceptance/deckrender-acceptance/benchmark/artifacts/acceptance/runtimes/v0.3.1/node_modules/playwright-core/lib/server/bidi/bidiPdf.js", O_RDONLY|O_CLOEXEC) = 21
10614 openat(AT_FDCWD, "/home/runner/work/deckrender-acceptance/deckrender-acceptance/benchmark/artifacts/acceptance/runtimes/v0.3.1/node_modules/playwright-core/lib/server/chromium/chromium.js", O_RDONLY|O_CLOEXEC) = 21
10614 openat(AT_FDCWD, "/home/runner/work/deckrender-acceptance/deckrender-acceptance/benchmark/artifacts/acceptance/runtimes/v0.3.1/node_modules/playwright-core/lib/server/chromium/crDevTools.js", O_RDONLY|O_CLOEXEC) = 21
10614 openat(AT_FDCWD, "/home/runner/work/deckrender-acceptance/deckrender-acceptance/benchmark/artifacts/acceptance/runtimes/v0.3.1/node_modules/playwright-core/lib/server/bidi/bidiFirefox.js", O_RDONLY|O_CLOEXEC) = 21
10614 openat(AT_FDCWD, "/home/runner/work/deckrender-acceptance/deckrender-acceptance/benchmark/artifacts/acceptance/runtimes/v0.3.1/node_modules/playwright-core/lib/server/bidi/third_party/firefoxPrefs.js", O_RDONLY|O_CLOEXEC) = 21
10614 openat(AT_FDCWD, "/home/runner/work/deckrender-acceptance/deckrender-acceptance/benchmark/artifacts/acceptance/runtimes/v0.3.1/node_modules/playwright-core/lib/server/debugController.js", O_RDONLY|O_CLOEXEC) = 21
10614 openat(AT_FDCWD, "/home/runner/work/deckrender-acceptance/deckrender-acceptance/benchmark/artifacts/acceptance/runtimes/v0.3.1/node_modules/playwright-core/lib/server/firefox/firefox.js", O_RDONLY|O_CLOEXEC) = 21
10614 openat(AT_FDCWD, "/home/runner/work/deckrender-acceptance/deckrender-acceptance/benchmark/artifacts/acceptance/runtimes/v0.3.1/node_modules/playwright-core/lib/server/firefox/ffBrowser.js", O_RDONLY|O_CLOEXEC) = 21
10614 openat(AT_FDCWD, "/home/runner/work/deckrender-acceptance/deckrender-acceptance/benchmark/artifacts/acceptance/runtimes/v0.3.1/node_modules/playwright-core/lib/server/firefox/ffConnection.js", O_RDONLY|O_CLOEXEC) = 21
10614 openat(AT_FDCWD, "/home/runner/work/deckrender-acceptance/deckrender-acceptance/benchmark/artifacts/acceptance/runtimes/v0.3.1/node_modules/playwright-core/lib/server/firefox/ffPage.js", O_RDONLY|O_CLOEXEC) = 21
10614 openat(AT_FDCWD, "/home/runner/work/deckrender-acceptance/deckrender-acceptance/benchmark/artifacts/acceptance/runtimes/v0.3.1/node_modules/playwright-core/lib/server/firefox/ffAccessibility.js", O_RDONLY|O_CLOEXEC) = 21
10614 openat(AT_FDCWD, "/home/runner/work/deckrender-acceptance/deckrender-acceptance/benchmark/artifacts/acceptance/runtimes/v0.3.1/node_modules/playwright-core/lib/server/firefox/ffExecutionContext.js", O_RDONLY|O_CLOEXEC) = 21
10614 openat(AT_FDCWD, "/home/runner/work/deckrender-acceptance/deckrender-acceptance/benchmark/artifacts/acceptance/runtimes/v0.3.1/node_modules/playwright-core/lib/server/firefox/ffInput.js", O_RDONLY|O_CLOEXEC) = 21
10614 openat(AT_FDCWD, "/home/runner/work/deckrender-acceptance/deckrender-acceptance/benchmark/artifacts/acceptance/runtimes/v0.3.1/node_modules/playwright-core/lib/server/firefox/ffNetworkManager.js", O_RDONLY|O_CLOEXEC) = 21
10614 openat(AT_FDCWD, "/home/runner/work/deckrender-acceptance/deckrender-acceptance/benchmark/artifacts/acceptance/runtimes/v0.3.1/node_modules/playwright-core/lib/server/webkit/webkit.js", O_RDONLY|O_CLOEXEC) = 21
10614 openat(AT_FDCWD, "/home/runner/work/deckrender-acceptance/deckrender-acceptance/benchmark/artifacts/acceptance/runtimes/v0.3.1/node_modules/playwright-core/lib/server/webkit/wkConnection.js", O_RDONLY|O_CLOEXEC) = 21
10614 openat(AT_FDCWD, "/home/runner/work/deckrender-acceptance/deckrender-acceptance/benchmark/artifacts/acceptance/runtimes/v0.3.1/node_modules/playwright-core/lib/server/webkit/wkBrowser.js", O_RDONLY|O_CLOEXEC) = 21
10614 openat(AT_FDCWD, "/home/runner/work/deckrender-acceptance/deckrender-acceptance/benchmark/artifacts/acceptance/runtimes/v0.3.1/node_modules/playwright-core/lib/server/webkit/wkPage.js", O_RDONLY|O_CLOEXEC) = 21
10614 openat(AT_FDCWD, "/home/runner/work/deckrender-acceptance/deckrender-acceptance/benchmark/artifacts/acceptance/runtimes/v0.3.1/node_modules/playwright-core/lib/server/webkit/wkAccessibility.js", O_RDONLY|O_CLOEXEC) = 21
10614 openat(AT_FDCWD, "/home/runner/work/deckrender-acceptance/deckrender-acceptance/benchmark/artifacts/acceptance/runtimes/v0.3.1/node_modules/playwright-core/lib/server/webkit/wkExecutionContext.js", O_RDONLY|O_CLOEXEC) = 21
10614 openat(AT_FDCWD, "/home/runner/work/deckrender-acceptance/deckrender-acceptance/benchmark/artifacts/acceptance/runtimes/v0.3.1/node_modules/playwright-core/lib/server/webkit/wkInput.js", O_RDONLY|O_CLOEXEC) = 21
10614 openat(AT_FDCWD, "/home/runner/work/deckrender-acceptance/deckrender-acceptance/benchmark/artifacts/acceptance/runtimes/v0.3.1/node_modules/playwright-core/lib/server/webkit/wkInterceptableRequest.js", O_RDONLY|O_CLOEXEC) = 21
10614 openat(AT_FDCWD, "/home/runner/work/deckrender-acceptance/deckrender-acceptance/benchmark/artifacts/acceptance/runtimes/v0.3.1/node_modules/playwright-core/lib/server/webkit/wkProvisionalPage.js", O_RDONLY|O_CLOEXEC) = 21
10614 openat(AT_FDCWD, "/home/runner/work/deckrender-acceptance/deckrender-acceptance/benchmark/artifacts/acceptance/runtimes/v0.3.1/node_modules/playwright-core/lib/server/webkit/wkWorkers.js", O_RDONLY|O_CLOEXEC) = 21
10614 openat(AT_FDCWD, "/home/runner/work/deckrender-acceptance/deckrender-acceptance/benchmark/artifacts/acceptance/runtimes/v0.3.1/node_modules/playwright-core/lib/server/trace/viewer/traceViewer.js", O_RDONLY|O_CLOEXEC) = 21
10614 openat(AT_FDCWD, "/home/runner/work/deckrender-acceptance/deckrender-acceptance/benchmark/artifacts/acceptance/runtimes/v0.3.1/node_modules/playwright-core/lib/server/dispatchers/debugControllerDispatcher.js", O_RDONLY|O_CLOEXEC) = 21
10614 openat(AT_FDCWD, "/home/runner/work/deckrender-acceptance/deckrender-acceptance/benchmark/artifacts/acceptance/runtimes/v0.3.1/node_modules/playwright-core/lib/browserServerImpl.js", O_RDONLY|O_CLOEXEC) = 21
10614 openat(AT_FDCWD, "/home/runner/work/deckrender-acceptance/deckrender-acceptance/benchmark/artifacts/acceptance/runtimes/v0.3.1/node_modules/playwright-core/lib/server/package.json", O_RDONLY|O_CLOEXEC) = -1 ENOENT (No such file or directory)
10614 openat(AT_FDCWD, "/home/runner/work/deckrender-acceptance/deckrender-acceptance/benchmark/artifacts/acceptance/runtimes/v0.3.1/node_modules/playwright-core/lib/client/connection.js", O_RDONLY|O_CLOEXEC) = 21
10614 openat(AT_FDCWD, "/home/runner/work/deckrender-acceptance/deckrender-acceptance/benchmark/artifacts/acceptance/runtimes/v0.3.1/node_modules/playwright-core/lib/client/eventEmitter.js", O_RDONLY|O_CLOEXEC) = 21
10614 openat(AT_FDCWD, "/home/runner/work/deckrender-acceptance/deckrender-acceptance/benchmark/artifacts/acceptance/runtimes/v0.3.1/node_modules/playwright-core/lib/client/android.js", O_RDONLY|O_CLOEXEC) = 21
10614 openat(AT_FDCWD, "/home/runner/work/deckrender-acceptance/deckrender-acceptance/benchmark/artifacts/acceptance/runtimes/v0.3.1/node_modules/playwright-core/lib/client/browserContext.js", O_RDONLY|O_CLOEXEC) = 21
10614 openat(AT_FDCWD, "/home/runner/work/deckrender-acceptance/deckrender-acceptance/benchmark/artifacts/acceptance/runtimes/v0.3.1/node_modules/playwright-core/lib/client/artifact.js", O_RDONLY|O_CLOEXEC) = 21
10614 openat(AT_FDCWD, "/home/runner/work/deckrender-acceptance/deckrender-acceptance/benchmark/artifacts/acceptance/runtimes/v0.3.1/node_modules/playwright-core/lib/client/channelOwner.js", O_RDONLY|O_CLOEXEC) = 21
10614 openat(AT_FDCWD, "/home/runner/work/deckrender-acceptance/deckrender-acceptance/benchmark/artifacts/acceptance/runtimes/v0.3.1/node_modules/playwright-core/lib/client/clientStackTrace.js", O_RDONLY|O_CLOEXEC) = 21
10614 openat(AT_FDCWD, "/home/runner/work/deckrender-acceptance/deckrender-acceptance/benchmark/artifacts/acceptance/runtimes/v0.3.1/node_modules/playwright-core/lib/client/stream.js", O_RDONLY|O_CLOEXEC) = 21
10614 openat(AT_FDCWD, "/home/runner/work/deckrender-acceptance/deckrender-acceptance/benchmark/artifacts/acceptance/runtimes/v0.3.1/node_modules/playwright-core/lib/client/fileUtils.js", O_RDONLY|O_CLOEXEC) = 21
10614 openat(AT_FDCWD, "/home/runner/work/deckrender-acceptance/deckrender-acceptance/benchmark/artifacts/acceptance/runtimes/v0.3.1/node_modules/playwright-core/lib/client/cdpSession.js", O_RDONLY|O_CLOEXEC) = 21
10614 openat(AT_FDCWD, "/home/runner/work/deckrender-acceptance/deckrender-acceptance/benchmark/artifacts/acceptance/runtimes/v0.3.1/node_modules/playwright-core/lib/client/clientHelper.js", O_RDONLY|O_CLOEXEC) = 21
10614 openat(AT_FDCWD, "/home/runner/work/deckrender-acceptance/deckrender-acceptance/benchmark/artifacts/acceptance/runtimes/v0.3.1/node_modules/playwright-core/lib/client/clock.js", O_RDONLY|O_CLOEXEC) = 21
10614 openat(AT_FDCWD, "/home/runner/work/deckrender-acceptance/deckrender-acceptance/benchmark/artifacts/acceptance/runtimes/v0.3.1/node_modules/playwright-core/lib/client/consoleMessage.js", O_RDONLY|O_CLOEXEC) = 21
10614 openat(AT_FDCWD, "/home/runner/work/deckrender-acceptance/deckrender-acceptance/benchmark/artifacts/acceptance/runtimes/v0.3.1/node_modules/playwright-core/lib/client/jsHandle.js", O_RDONLY|O_CLOEXEC) = 21
10614 openat(AT_FDCWD, "/home/runner/work/deckrender-acceptance/deckrender-acceptance/benchmark/artifacts/acceptance/runtimes/v0.3.1/node_modules/playwright-core/lib/client/errors.js", O_RDONLY|O_CLOEXEC) = 21
10614 openat(AT_FDCWD, "/home/runner/work/deckrender-acceptance/deckrender-acceptance/benchmark/artifacts/acceptance/runtimes/v0.3.1/node_modules/playwright-core/lib/client/page.js", O_RDONLY|O_CLOEXEC) = 21
10614 openat(AT_FDCWD, "/home/runner/work/deckrender-acceptance/deckrender-acceptance/benchmark/artifacts/acceptance/runtimes/v0.3.1/node_modules/playwright-core/lib/client/accessibility.js", O_RDONLY|O_CLOEXEC) = 21
10614 openat(AT_FDCWD, "/home/runner/work/deckrender-acceptance/deckrender-acceptance/benchmark/artifacts/acceptance/runtimes/v0.3.1/node_modules/playwright-core/lib/client/coverage.js", O_RDONLY|O_CLOEXEC) = 21
10614 openat(AT_FDCWD, "/home/runner/work/deckrender-acceptance/deckrender-acceptance/benchmark/artifacts/acceptance/runtimes/v0.3.1/node_modules/playwright-core/lib/client/download.js", O_RDONLY|O_CLOEXEC) = 21
10614 openat(AT_FDCWD, "/home/runner/work/deckrender-acceptance/deckrender-acceptance/benchmark/artifacts/acceptance/runtimes/v0.3.1/node_modules/playwright-core/lib/client/elementHandle.js", O_RDONLY|O_CLOEXEC) = 21
10614 openat(AT_FDCWD, "/home/runner/work/deckrender-acceptance/deckrender-acceptance/benchmark/artifacts/acceptance/runtimes/v0.3.1/node_modules/playwright-core/lib/client/frame.js", O_RDONLY|O_CLOEXEC) = 21
10614 openat(AT_FDCWD, "/home/runner/work/deckrender-acceptance/deckrender-acceptance/benchmark/artifacts/acceptance/runtimes/v0.3.1/node_modules/playwright-core/lib/client/events.js", O_RDONLY|O_CLOEXEC) = 21
10614 openat(AT_FDCWD, "/home/runner/work/deckrender-acceptance/deckrender-acceptance/benchmark/artifacts/acceptance/runtimes/v0.3.1/node_modules/playwright-core/lib/client/locator.js", O_RDONLY|O_CLOEXEC) = 21
10614 openat(AT_FDCWD, "/home/runner/work/deckrender-acceptance/deckrender-acceptance/benchmark/artifacts/acceptance/runtimes/v0.3.1/node_modules/playwright-core/lib/utils/isomorphic/locatorUtils.js", O_RDONLY|O_CLOEXEC) = 21
10614 openat(AT_FDCWD, "/home/runner/work/deckrender-acceptance/deckrender-acceptance/benchmark/artifacts/acceptance/runtimes/v0.3.1/node_modules/playwright-core/lib/client/network.js", O_RDONLY|O_CLOEXEC) = 21
10614 openat(AT_FDCWD, "/home/runner/work/deckrender-acceptance/deckrender-acceptance/benchmark/artifacts/acceptance/runtimes/v0.3.1/node_modules/playwright-core/lib/client/fetch.js", O_RDONLY|O_CLOEXEC) = 21
10614 openat(AT_FDCWD, "/home/runner/work/deckrender-acceptance/deckrender-acceptance/benchmark/artifacts/acceptance/runtimes/v0.3.1/node_modules/playwright-core/lib/client/tracing.js", O_RDONLY|O_CLOEXEC) = 21
10614 openat(AT_FDCWD, "/home/runner/work/deckrender-acceptance/deckrender-acceptance/benchmark/artifacts/acceptance/runtimes/v0.3.1/node_modules/playwright-core/lib/client/timeoutSettings.js", O_RDONLY|O_CLOEXEC) = 21
10614 openat(AT_FDCWD, "/home/runner/work/deckrender-acceptance/deckrender-acceptance/benchmark/artifacts/acceptance/runtimes/v0.3.1/node_modules/playwright-core/lib/client/waiter.js", O_RDONLY|O_CLOEXEC) = 21
10614 openat(AT_FDCWD, "/home/runner/work/deckrender-acceptance/deckrender-acceptance/benchmark/artifacts/acceptance/runtimes/v0.3.1/node_modules/playwright-core/lib/client/worker.js", O_RDONLY|O_CLOEXEC) = 21
10614 openat(AT_FDCWD, "/home/runner/work/deckrender-acceptance/deckrender-acceptance/benchmark/artifacts/acceptance/runtimes/v0.3.1/node_modules/playwright-core/lib/client/types.js", O_RDONLY|O_CLOEXEC) = 21
10614 openat(AT_FDCWD, "/home/runner/work/deckrender-acceptance/deckrender-acceptance/benchmark/artifacts/acceptance/runtimes/v0.3.1/node_modules/playwright-core/lib/client/writableStream.js", O_RDONLY|O_CLOEXEC) = 21
10614 openat(AT_FDCWD, "/home/runner/work/deckrender-acceptance/deckrender-acceptance/benchmark/artifacts/acceptance/runtimes/v0.3.1/node_modules/playwright-core/lib/client/fileChooser.js", O_RDONLY|O_CLOEXEC) = 21
10614 openat(AT_FDCWD, "/home/runner/work/deckrender-acceptance/deckrender-acceptance/benchmark/artifacts/acceptance/runtimes/v0.3.1/node_modules/playwright-core/lib/client/harRouter.js", O_RDONLY|O_CLOEXEC) = 21
10614 openat(AT_FDCWD, "/home/runner/work/deckrender-acceptance/deckrender-acceptance/benchmark/artifacts/acceptance/runtimes/v0.3.1/node_modules/playwright-core/lib/client/input.js", O_RDONLY|O_CLOEXEC) = 21
10614 openat(AT_FDCWD, "/home/runner/work/deckrender-acceptance/deckrender-acceptance/benchmark/artifacts/acceptance/runtimes/v0.3.1/node_modules/playwright-core/lib/client/video.js", O_RDONLY|O_CLOEXEC) = 21
10614 openat(AT_FDCWD, "/home/runner/work/deckrender-acceptance/deckrender-acceptance/benchmark/artifacts/acceptance/runtimes/v0.3.1/node_modules/playwright-core/lib/client/dialog.js", O_RDONLY|O_CLOEXEC) = 21
10614 openat(AT_FDCWD, "/home/runner/work/deckrender-acceptance/deckrender-acceptance/benchmark/artifacts/acceptance/runtimes/v0.3.1/node_modules/playwright-core/lib/client/webError.js", O_RDONLY|O_CLOEXEC) = 21
10614 openat(AT_FDCWD, "/home/runner/work/deckrender-acceptance/deckrender-acceptance/benchmark/artifacts/acceptance/runtimes/v0.3.1/node_modules/playwright-core/lib/client/webSocket.js", O_RDONLY|O_CLOEXEC) = 21
10614 openat(AT_FDCWD, "/home/runner/work/deckrender-acceptance/deckrender-acceptance/benchmark/artifacts/acceptance/runtimes/v0.3.1/node_modules/playwright-core/lib/client/browser.js", O_RDONLY|O_CLOEXEC) = 21
10614 openat(AT_FDCWD, "/home/runner/work/deckrender-acceptance/deckrender-acceptance/benchmark/artifacts/acceptance/runtimes/v0.3.1/node_modules/playwright-core/lib/client/browserType.js", O_RDONLY|O_CLOEXEC) = 21
10614 openat(AT_FDCWD, "/home/runner/work/deckrender-acceptance/deckrender-acceptance/benchmark/artifacts/acceptance/runtimes/v0.3.1/node_modules/playwright-core/lib/client/clientInstrumentation.js", O_RDONLY|O_CLOEXEC) = 21
10614 openat(AT_FDCWD, "/home/runner/work/deckrender-acceptance/deckrender-acceptance/benchmark/artifacts/acceptance/runtimes/v0.3.1/node_modules/playwright-core/lib/client/electron.js", O_RDONLY|O_CLOEXEC) = 21
10614 openat(AT_FDCWD, "/home/runner/work/deckrender-acceptance/deckrender-acceptance/benchmark/artifacts/acceptance/runtimes/v0.3.1/node_modules/playwright-core/lib/client/jsonPipe.js", O_RDONLY|O_CLOEXEC) = 21
10614 openat(AT_FDCWD, "/home/runner/work/deckrender-acceptance/deckrender-acceptance/benchmark/artifacts/acceptance/runtimes/v0.3.1/node_modules/playwright-core/lib/client/localUtils.js", O_RDONLY|O_CLOEXEC) = 21
10614 openat(AT_FDCWD, "/home/runner/work/deckrender-acceptance/deckrender-acceptance/benchmark/artifacts/acceptance/runtimes/v0.3.1/node_modules/playwright-core/lib/client/playwright.js", O_RDONLY|O_CLOEXEC) = 21
10614 openat(AT_FDCWD, "/home/runner/work/deckrender-acceptance/deckrender-acceptance/benchmark/artifacts/acceptance/runtimes/v0.3.1/node_modules/playwright-core/lib/client/selectors.js", O_RDONLY|O_CLOEXEC) = 21
10614 openat(AT_FDCWD, "/home/runner/work/deckrender-acceptance/deckrender-acceptance/benchmark/artifacts/acceptance/runs/34426566778-local/evidence/REN-R07-render-ce97bc5e71bb/credentials.jsonl", O_WRONLY|O_CREAT|O_APPEND|O_CLOEXEC, 0666) = 21
10614 openat(AT_FDCWD, "/home/runner/work/deckrender-acceptance/deckrender-acceptance/benchmark/artifacts/acceptance/runs/34426566778-local/evidence/REN-R07-render-ce97bc5e71bb/credentials.jsonl", O_WRONLY|O_CREAT|O_APPEND|O_CLOEXEC, 0666) = 21
10614 openat(AT_FDCWD, "/home/runner/work/deckrender-acceptance/deckrender-acceptance/benchmark/artifacts/acceptance/runs/34426566778-local/evidence/REN-R07-render-ce97bc5e71bb/credentials.jsonl", O_WRONLY|O_CREAT|O_APPEND|O_CLOEXEC, 0666) = 21
10614 openat(AT_FDCWD, "/home/runner/work/deckrender-acceptance/deckrender-acceptance/benchmark/artifacts/acceptance/runs/34426566778-local/evidence/REN-R07-render-ce97bc5e71bb/credentials.jsonl", O_WRONLY|O_CREAT|O_APPEND|O_CLOEXEC, 0666) = 21
10614 openat(AT_FDCWD, "/home/runner/work/deckrender-acceptance/deckrender-acceptance/benchmark/artifacts/acceptance/runs/34426566778-local/evidence/REN-R07-render-ce97bc5e71bb/credentials.jsonl", O_WRONLY|O_CREAT|O_APPEND|O_CLOEXEC, 0666) = 21
10614 socketpair(AF_UNIX, SOCK_STREAM|SOCK_CLOEXEC, 0, [21, 22]) = 0
10614 setsockopt(21, SOL_SOCKET, SO_RCVBUF, [65536], 4) = 0
10614 setsockopt(21, SOL_SOCKET, SO_SNDBUF, [65536], 4) = 0
10614 setsockopt(22, SOL_SOCKET, SO_RCVBUF, [65536], 4) = 0
10614 setsockopt(22, SOL_SOCKET, SO_SNDBUF, [65536], 4) = 0
10614 socketpair(AF_UNIX, SOCK_STREAM|SOCK_CLOEXEC, 0, [23, 24]) = 0
10614 setsockopt(23, SOL_SOCKET, SO_RCVBUF, [65536], 4) = 0
10614 setsockopt(23, SOL_SOCKET, SO_SNDBUF, [65536], 4) = 0
10614 setsockopt(24, SOL_SOCKET, SO_RCVBUF, [65536], 4) = 0
10614 setsockopt(24, SOL_SOCKET, SO_SNDBUF, [65536], 4) = 0
10614 socketpair(AF_UNIX, SOCK_STREAM|SOCK_CLOEXEC, 0, [25, 26]) = 0
10614 setsockopt(25, SOL_SOCKET, SO_RCVBUF, [65536], 4) = 0
10614 setsockopt(25, SOL_SOCKET, SO_SNDBUF, [65536], 4) = 0
10614 setsockopt(26, SOL_SOCKET, SO_RCVBUF, [65536], 4) = 0
10614 setsockopt(26, SOL_SOCKET, SO_SNDBUF, [65536], 4) = 0
10614 socketpair(AF_UNIX, SOCK_STREAM|SOCK_CLOEXEC, 0, [27, 28]) = 0
10614 setsockopt(27, SOL_SOCKET, SO_RCVBUF, [65536], 4) = 0
10614 setsockopt(27, SOL_SOCKET, SO_SNDBUF, [65536], 4) = 0
10614 setsockopt(28, SOL_SOCKET, SO_RCVBUF, [65536], 4) = 0
10614 setsockopt(28, SOL_SOCKET, SO_SNDBUF, [65536], 4) = 0
10634 openat(AT_FDCWD, "/dev/null", O_RDONLY) = 0
10634 openat(AT_FDCWD, "/opt/hostedtoolcache/Python/3.12.14/x64/lib/glibc-hwcaps/x86-64-v4/libtinfo.so.6", O_RDONLY|O_CLOEXEC) = -1 ENOENT (No such file or directory)
10634 openat(AT_FDCWD, "/opt/hostedtoolcache/Python/3.12.14/x64/lib/glibc-hwcaps/x86-64-v3/libtinfo.so.6", O_RDONLY|O_CLOEXEC) = -1 ENOENT (No such file or directory)
10634 openat(AT_FDCWD, "/opt/hostedtoolcache/Python/3.12.14/x64/lib/glibc-hwcaps/x86-64-v2/libtinfo.so.6", O_RDONLY|O_CLOEXEC) = -1 ENOENT (No such file or directory)
10634 openat(AT_FDCWD, "/opt/hostedtoolcache/Python/3.12.14/x64/lib/libtinfo.so.6", O_RDONLY|O_CLOEXEC) = -1 ENOENT (No such file or directory)
10634 openat(AT_FDCWD, "/etc/ld.so.cache", O_RDONLY|O_CLOEXEC) = 5
10634 openat(AT_FDCWD, "/lib/x86_64-linux-gnu/libtinfo.so.6", O_RDONLY|O_CLOEXEC) = 5
10634 openat(AT_FDCWD, "/opt/hostedtoolcache/Python/3.12.14/x64/lib/libc.so.6", O_RDONLY|O_CLOEXEC) = -1 ENOENT (No such file or directory)
10634 openat(AT_FDCWD, "/lib/x86_64-linux-gnu/libc.so.6", O_RDONLY|O_CLOEXEC) = 5
10634 openat(AT_FDCWD, "/dev/tty", O_RDWR|O_NONBLOCK) = -1 ENXIO (No such device or address)
10634 openat(AT_FDCWD, "/usr/lib/locale/locale-archive", O_RDONLY|O_CLOEXEC) = 5
10634 openat(AT_FDCWD, "/usr/share/locale/locale.alias", O_RDONLY|O_CLOEXEC) = 5
10634 openat(AT_FDCWD, "/usr/lib/locale/C.UTF-8/LC_IDENTIFICATION", O_RDONLY|O_CLOEXEC) = -1 ENOENT (No such file or directory)
10634 openat(AT_FDCWD, "/usr/lib/locale/C.utf8/LC_IDENTIFICATION", O_RDONLY|O_CLOEXEC) = 5
10634 openat(AT_FDCWD, "/usr/lib/x86_64-linux-gnu/gconv/gconv-modules.cache", O_RDONLY|O_CLOEXEC) = 5
10634 openat(AT_FDCWD, "/usr/lib/locale/C.UTF-8/LC_MEASUREMENT", O_RDONLY|O_CLOEXEC) = -1 ENOENT (No such file or directory)
10634 openat(AT_FDCWD, "/usr/lib/locale/C.utf8/LC_MEASUREMENT", O_RDONLY|O_CLOEXEC) = 5
10634 openat(AT_FDCWD, "/usr/lib/locale/C.UTF-8/LC_TELEPHONE", O_RDONLY|O_CLOEXEC) = -1 ENOENT (No such file or directory)
10634 openat(AT_FDCWD, "/usr/lib/locale/C.utf8/LC_TELEPHONE", O_RDONLY|O_CLOEXEC) = 5
10634 openat(AT_FDCWD, "/usr/lib/locale/C.UTF-8/LC_ADDRESS", O_RDONLY|O_CLOEXEC) = -1 ENOENT (No such file or directory)
10634 openat(AT_FDCWD, "/usr/lib/locale/C.utf8/LC_ADDRESS", O_RDONLY|O_CLOEXEC) = 5
10634 openat(AT_FDCWD, "/usr/lib/locale/C.UTF-8/LC_NAME", O_RDONLY|O_CLOEXEC) = -1 ENOENT (No such file or directory)
10634 openat(AT_FDCWD, "/usr/lib/locale/C.utf8/LC_NAME", O_RDONLY|O_CLOEXEC) = 5
10634 openat(AT_FDCWD, "/usr/lib/locale/C.UTF-8/LC_PAPER", O_RDONLY|O_CLOEXEC) = -1 ENOENT (No such file or directory)
10634 openat(AT_FDCWD, "/usr/lib/locale/C.utf8/LC_PAPER", O_RDONLY|O_CLOEXEC) = 5
10634 openat(AT_FDCWD, "/usr/lib/locale/C.UTF-8/LC_MESSAGES", O_RDONLY|O_CLOEXEC) = -1 ENOENT (No such file or directory)
10634 openat(AT_FDCWD, "/usr/lib/locale/C.utf8/LC_MESSAGES", O_RDONLY|O_CLOEXEC) = 5
10634 openat(AT_FDCWD, "/usr/lib/locale/C.utf8/LC_MESSAGES/SYS_LC_MESSAGES", O_RDONLY|O_CLOEXEC) = 5
10634 openat(AT_FDCWD, "/usr/lib/locale/C.UTF-8/LC_MONETARY", O_RDONLY|O_CLOEXEC) = -1 ENOENT (No such file or directory)
10634 openat(AT_FDCWD, "/usr/lib/locale/C.utf8/LC_MONETARY", O_RDONLY|O_CLOEXEC) = 5
10634 openat(AT_FDCWD, "/usr/lib/locale/C.UTF-8/LC_COLLATE", O_RDONLY|O_CLOEXEC) = -1 ENOENT (No such file or directory)
10634 openat(AT_FDCWD, "/usr/lib/locale/C.utf8/LC_COLLATE", O_RDONLY|O_CLOEXEC) = 5
10634 openat(AT_FDCWD, "/usr/lib/locale/C.UTF-8/LC_TIME", O_RDONLY|O_CLOEXEC) = -1 ENOENT (No such file or directory)
10634 openat(AT_FDCWD, "/usr/lib/locale/C.utf8/LC_TIME", O_RDONLY|O_CLOEXEC) = 5
10634 openat(AT_FDCWD, "/usr/lib/locale/C.UTF-8/LC_NUMERIC", O_RDONLY|O_CLOEXEC) = -1 ENOENT (No such file or directory)
10634 openat(AT_FDCWD, "/usr/lib/locale/C.utf8/LC_NUMERIC", O_RDONLY|O_CLOEXEC) = 5
10634 openat(AT_FDCWD, "/usr/lib/locale/C.UTF-8/LC_CTYPE", O_RDONLY|O_CLOEXEC) = -1 ENOENT (No such file or directory)
10634 openat(AT_FDCWD, "/usr/lib/locale/C.utf8/LC_CTYPE", O_RDONLY|O_CLOEXEC) = 5
10634 openat(AT_FDCWD, "/usr/bin/google-chrome", O_RDONLY) = 5
10635 openat(AT_FDCWD, "/opt/hostedtoolcache/Python/3.12.14/x64/lib/glibc-hwcaps/x86-64-v4/libc.so.6", O_RDONLY|O_CLOEXEC) = -1 ENOENT (No such file or directory)
10635 openat(AT_FDCWD, "/opt/hostedtoolcache/Python/3.12.14/x64/lib/glibc-hwcaps/x86-64-v3/libc.so.6", O_RDONLY|O_CLOEXEC) = -1 ENOENT (No such file or directory)
10635 openat(AT_FDCWD, "/opt/hostedtoolcache/Python/3.12.14/x64/lib/glibc-hwcaps/x86-64-v2/libc.so.6", O_RDONLY|O_CLOEXEC) = -1 ENOENT (No such file or directory)
10635 openat(AT_FDCWD, "/opt/hostedtoolcache/Python/3.12.14/x64/lib/libc.so.6", O_RDONLY|O_CLOEXEC) = -1 ENOENT (No such file or directory)
10635 openat(AT_FDCWD, "/etc/ld.so.cache", O_RDONLY|O_CLOEXEC) = 5
10635 openat(AT_FDCWD, "/lib/x86_64-linux-gnu/libc.so.6", O_RDONLY|O_CLOEXEC) = 5
10635 openat(AT_FDCWD, "/usr/lib/locale/locale-archive", O_RDONLY|O_CLOEXEC) = 5
10635 openat(AT_FDCWD, "/usr/share/locale/locale.alias", O_RDONLY|O_CLOEXEC) = 5
10635 openat(AT_FDCWD, "/usr/lib/locale/C.UTF-8/LC_IDENTIFICATION", O_RDONLY|O_CLOEXEC) = -1 ENOENT (No such file or directory)
10635 openat(AT_FDCWD, "/usr/lib/locale/C.utf8/LC_IDENTIFICATION", O_RDONLY|O_CLOEXEC) = 5
10635 openat(AT_FDCWD, "/usr/lib/x86_64-linux-gnu/gconv/gconv-modules.cache", O_RDONLY|O_CLOEXEC) = 5
10635 openat(AT_FDCWD, "/usr/lib/locale/C.UTF-8/LC_MEASUREMENT", O_RDONLY|O_CLOEXEC) = -1 ENOENT (No such file or directory)
10635 openat(AT_FDCWD, "/usr/lib/locale/C.utf8/LC_MEASUREMENT", O_RDONLY|O_CLOEXEC) = 5
10635 openat(AT_FDCWD, "/usr/lib/locale/C.UTF-8/LC_TELEPHONE", O_RDONLY|O_CLOEXEC) = -1 ENOENT (No such file or directory)
10635 openat(AT_FDCWD, "/usr/lib/locale/C.utf8/LC_TELEPHONE", O_RDONLY|O_CLOEXEC) = 5
10635 openat(AT_FDCWD, "/usr/lib/locale/C.UTF-8/LC_ADDRESS", O_RDONLY|O_CLOEXEC) = -1 ENOENT (No such file or directory)
10635 openat(AT_FDCWD, "/usr/lib/locale/C.utf8/LC_ADDRESS", O_RDONLY|O_CLOEXEC) = 5
10635 openat(AT_FDCWD, "/usr/lib/locale/C.UTF-8/LC_NAME", O_RDONLY|O_CLOEXEC) = -1 ENOENT (No such file or directory)
10635 openat(AT_FDCWD, "/usr/lib/locale/C.utf8/LC_NAME", O_RDONLY|O_CLOEXEC) = 5
10635 openat(AT_FDCWD, "/usr/lib/locale/C.UTF-8/LC_PAPER", O_RDONLY|O_CLOEXEC) = -1 ENOENT (No such file or directory)
10635 openat(AT_FDCWD, "/usr/lib/locale/C.utf8/LC_PAPER", O_RDONLY|O_CLOEXEC) = 5
10635 openat(AT_FDCWD, "/usr/lib/locale/C.UTF-8/LC_MESSAGES", O_RDONLY|O_CLOEXEC) = -1 ENOENT (No such file or directory)
10635 openat(AT_FDCWD, "/usr/lib/locale/C.utf8/LC_MESSAGES", O_RDONLY|O_CLOEXEC) = 5
10635 openat(AT_FDCWD, "/usr/lib/locale/C.utf8/LC_MESSAGES/SYS_LC_MESSAGES", O_RDONLY|O_CLOEXEC) = 5
10635 openat(AT_FDCWD, "/usr/lib/locale/C.UTF-8/LC_MONETARY", O_RDONLY|O_CLOEXEC) = -1 ENOENT (No such file or directory)
10635 openat(AT_FDCWD, "/usr/lib/locale/C.utf8/LC_MONETARY", O_RDONLY|O_CLOEXEC) = 5
10635 openat(AT_FDCWD, "/usr/lib/locale/C.UTF-8/LC_COLLATE", O_RDONLY|O_CLOEXEC) = -1 ENOENT (No such file or directory)
10635 openat(AT_FDCWD, "/usr/lib/locale/C.utf8/LC_COLLATE", O_RDONLY|O_CLOEXEC) = 5
10635 openat(AT_FDCWD, "/usr/lib/locale/C.UTF-8/LC_TIME", O_RDONLY|O_CLOEXEC) = -1 ENOENT (No such file or directory)
10635 openat(AT_FDCWD, "/usr/lib/locale/C.utf8/LC_TIME", O_RDONLY|O_CLOEXEC) = 5
10635 openat(AT_FDCWD, "/usr/lib/locale/C.UTF-8/LC_NUMERIC", O_RDONLY|O_CLOEXEC) = -1 ENOENT (No such file or directory)
10635 openat(AT_FDCWD, "/usr/lib/locale/C.utf8/LC_NUMERIC", O_RDONLY|O_CLOEXEC) = 5
10635 openat(AT_FDCWD, "/usr/lib/locale/C.UTF-8/LC_CTYPE", O_RDONLY|O_CLOEXEC) = -1 ENOENT (No such file or directory)
10635 openat(AT_FDCWD, "/usr/lib/locale/C.utf8/LC_CTYPE", O_RDONLY|O_CLOEXEC) = 5
10634 --- SIGCHLD {si_signo=SIGCHLD, si_code=CLD_EXITED, si_pid=10635, si_uid=1001, si_status=0, si_utime=0, si_stime=0} ---
10636 openat(AT_FDCWD, "/opt/hostedtoolcache/Python/3.12.14/x64/lib/glibc-hwcaps/x86-64-v4/libc.so.6", O_RDONLY|O_CLOEXEC) = -1 ENOENT (No such file or directory)
10636 openat(AT_FDCWD, "/opt/hostedtoolcache/Python/3.12.14/x64/lib/glibc-hwcaps/x86-64-v3/libc.so.6", O_RDONLY|O_CLOEXEC) = -1 ENOENT (No such file or directory)
10636 openat(AT_FDCWD, "/opt/hostedtoolcache/Python/3.12.14/x64/lib/glibc-hwcaps/x86-64-v2/libc.so.6", O_RDONLY|O_CLOEXEC) = -1 ENOENT (No such file or directory)
10636 openat(AT_FDCWD, "/opt/hostedtoolcache/Python/3.12.14/x64/lib/libc.so.6", O_RDONLY|O_CLOEXEC) = -1 ENOENT (No such file or directory)
10636 openat(AT_FDCWD, "/etc/ld.so.cache", O_RDONLY|O_CLOEXEC) = 5
10636 openat(AT_FDCWD, "/lib/x86_64-linux-gnu/libc.so.6", O_RDONLY|O_CLOEXEC) = 5
10636 openat(AT_FDCWD, "/usr/lib/locale/locale-archive", O_RDONLY|O_CLOEXEC) = 5
10636 openat(AT_FDCWD, "/usr/share/locale/locale.alias", O_RDONLY|O_CLOEXEC) = 5
10636 openat(AT_FDCWD, "/usr/lib/locale/C.UTF-8/LC_IDENTIFICATION", O_RDONLY|O_CLOEXEC) = -1 ENOENT (No such file or directory)
10636 openat(AT_FDCWD, "/usr/lib/locale/C.utf8/LC_IDENTIFICATION", O_RDONLY|O_CLOEXEC) = 5
10636 openat(AT_FDCWD, "/usr/lib/x86_64-linux-gnu/gconv/gconv-modules.cache", O_RDONLY|O_CLOEXEC) = 5
10636 openat(AT_FDCWD, "/usr/lib/locale/C.UTF-8/LC_MEASUREMENT", O_RDONLY|O_CLOEXEC) = -1 ENOENT (No such file or directory)
10636 openat(AT_FDCWD, "/usr/lib/locale/C.utf8/LC_MEASUREMENT", O_RDONLY|O_CLOEXEC) = 5
10636 openat(AT_FDCWD, "/usr/lib/locale/C.UTF-8/LC_TELEPHONE", O_RDONLY|O_CLOEXEC) = -1 ENOENT (No such file or directory)
10636 openat(AT_FDCWD, "/usr/lib/locale/C.utf8/LC_TELEPHONE", O_RDONLY|O_CLOEXEC) = 5
10636 openat(AT_FDCWD, "/usr/lib/locale/C.UTF-8/LC_ADDRESS", O_RDONLY|O_CLOEXEC) = -1 ENOENT (No such file or directory)
10636 openat(AT_FDCWD, "/usr/lib/locale/C.utf8/LC_ADDRESS", O_RDONLY|O_CLOEXEC) = 5
10636 openat(AT_FDCWD, "/usr/lib/locale/C.UTF-8/LC_NAME", O_RDONLY|O_CLOEXEC) = -1 ENOENT (No such file or directory)
10636 openat(AT_FDCWD, "/usr/lib/locale/C.utf8/LC_NAME", O_RDONLY|O_CLOEXEC) = 5
10636 openat(AT_FDCWD, "/usr/lib/locale/C.UTF-8/LC_PAPER", O_RDONLY|O_CLOEXEC) = -1 ENOENT (No such file or directory)
10636 openat(AT_FDCWD, "/usr/lib/locale/C.utf8/LC_PAPER", O_RDONLY|O_CLOEXEC) = 5
10636 openat(AT_FDCWD, "/usr/lib/locale/C.UTF-8/LC_MESSAGES", O_RDONLY|O_CLOEXEC) = -1 ENOENT (No such file or directory)
10636 openat(AT_FDCWD, "/usr/lib/locale/C.utf8/LC_MESSAGES", O_RDONLY|O_CLOEXEC) = 5
10636 openat(AT_FDCWD, "/usr/lib/locale/C.utf8/LC_MESSAGES/SYS_LC_MESSAGES", O_RDONLY|O_CLOEXEC) = 5
10636 openat(AT_FDCWD, "/usr/lib/locale/C.UTF-8/LC_MONETARY", O_RDONLY|O_CLOEXEC) = -1 ENOENT (No such file or directory)
10636 openat(AT_FDCWD, "/usr/lib/locale/C.utf8/LC_MONETARY", O_RDONLY|O_CLOEXEC) = 5
10636 openat(AT_FDCWD, "/usr/lib/locale/C.UTF-8/LC_COLLATE", O_RDONLY|O_CLOEXEC) = -1 ENOENT (No such file or directory)
10636 openat(AT_FDCWD, "/usr/lib/locale/C.utf8/LC_COLLATE", O_RDONLY|O_CLOEXEC) = 5
10636 openat(AT_FDCWD, "/usr/lib/locale/C.UTF-8/LC_TIME", O_RDONLY|O_CLOEXEC) = -1 ENOENT (No such file or directory)
10636 openat(AT_FDCWD, "/usr/lib/locale/C.utf8/LC_TIME", O_RDONLY|O_CLOEXEC) = 5
10636 openat(AT_FDCWD, "/usr/lib/locale/C.UTF-8/LC_NUMERIC", O_RDONLY|O_CLOEXEC) = -1 ENOENT (No such file or directory)
10636 openat(AT_FDCWD, "/usr/lib/locale/C.utf8/LC_NUMERIC", O_RDONLY|O_CLOEXEC) = 5
10636 openat(AT_FDCWD, "/usr/lib/locale/C.UTF-8/LC_CTYPE", O_RDONLY|O_CLOEXEC) = -1 ENOENT (No such file or directory)
10636 openat(AT_FDCWD, "/usr/lib/locale/C.utf8/LC_CTYPE", O_RDONLY|O_CLOEXEC) = 5
10634 --- SIGCHLD {si_signo=SIGCHLD, si_code=CLD_EXITED, si_pid=10636, si_uid=1001, si_status=0, si_utime=0, si_stime=0} ---
10637 openat(AT_FDCWD, "/opt/hostedtoolcache/Python/3.12.14/x64/lib/glibc-hwcaps/x86-64-v4/libselinux.so.1", O_RDONLY|O_CLOEXEC) = -1 ENOENT (No such file or directory)
10637 openat(AT_FDCWD, "/opt/hostedtoolcache/Python/3.12.14/x64/lib/glibc-hwcaps/x86-64-v3/libselinux.so.1", O_RDONLY|O_CLOEXEC) = -1 ENOENT (No such file or directory)
10637 openat(AT_FDCWD, "/opt/hostedtoolcache/Python/3.12.14/x64/lib/glibc-hwcaps/x86-64-v2/libselinux.so.1", O_RDONLY|O_CLOEXEC) = -1 ENOENT (No such file or directory)
10637 openat(AT_FDCWD, "/opt/hostedtoolcache/Python/3.12.14/x64/lib/libselinux.so.1", O_RDONLY|O_CLOEXEC) = -1 ENOENT (No such file or directory)
10637 openat(AT_FDCWD, "/etc/ld.so.cache", O_RDONLY|O_CLOEXEC) = 5
10637 openat(AT_FDCWD, "/lib/x86_64-linux-gnu/libselinux.so.1", O_RDONLY|O_CLOEXEC) = 5
10637 openat(AT_FDCWD, "/opt/hostedtoolcache/Python/3.12.14/x64/lib/libc.so.6", O_RDONLY|O_CLOEXEC) = -1 ENOENT (No such file or directory)
10637 openat(AT_FDCWD, "/lib/x86_64-linux-gnu/libc.so.6", O_RDONLY|O_CLOEXEC) = 5
10637 openat(AT_FDCWD, "/opt/hostedtoolcache/Python/3.12.14/x64/lib/libpcre2-8.so.0", O_RDONLY|O_CLOEXEC) = -1 ENOENT (No such file or directory)
10637 openat(AT_FDCWD, "/lib/x86_64-linux-gnu/libpcre2-8.so.0", O_RDONLY|O_CLOEXEC) = 5
10637 openat(AT_FDCWD, "/proc/filesystems", O_RDONLY|O_CLOEXEC) = 5
10637 openat(AT_FDCWD, "/usr/lib/locale/locale-archive", O_RDONLY|O_CLOEXEC) = 5
10637 openat(AT_FDCWD, "/usr/share/locale/locale.alias", O_RDONLY|O_CLOEXEC) = 5
10637 openat(AT_FDCWD, "/usr/lib/locale/C.UTF-8/LC_IDENTIFICATION", O_RDONLY|O_CLOEXEC) = -1 ENOENT (No such file or directory)
10637 openat(AT_FDCWD, "/usr/lib/locale/C.utf8/LC_IDENTIFICATION", O_RDONLY|O_CLOEXEC) = 5
10637 openat(AT_FDCWD, "/usr/lib/x86_64-linux-gnu/gconv/gconv-modules.cache", O_RDONLY|O_CLOEXEC) = 5
10637 openat(AT_FDCWD, "/usr/lib/locale/C.UTF-8/LC_MEASUREMENT", O_RDONLY|O_CLOEXEC) = -1 ENOENT (No such file or directory)
10637 openat(AT_FDCWD, "/usr/lib/locale/C.utf8/LC_MEASUREMENT", O_RDONLY|O_CLOEXEC) = 5
10637 openat(AT_FDCWD, "/usr/lib/locale/C.UTF-8/LC_TELEPHONE", O_RDONLY|O_CLOEXEC) = -1 ENOENT (No such file or directory)
10637 openat(AT_FDCWD, "/usr/lib/locale/C.utf8/LC_TELEPHONE", O_RDONLY|O_CLOEXEC) = 5
10637 openat(AT_FDCWD, "/usr/lib/locale/C.UTF-8/LC_ADDRESS", O_RDONLY|O_CLOEXEC) = -1 ENOENT (No such file or directory)
10637 openat(AT_FDCWD, "/usr/lib/locale/C.utf8/LC_ADDRESS", O_RDONLY|O_CLOEXEC) = 5
10637 openat(AT_FDCWD, "/usr/lib/locale/C.UTF-8/LC_NAME", O_RDONLY|O_CLOEXEC) = -1 ENOENT (No such file or directory)
10637 openat(AT_FDCWD, "/usr/lib/locale/C.utf8/LC_NAME", O_RDONLY|O_CLOEXEC) = 5
10637 openat(AT_FDCWD, "/usr/lib/locale/C.UTF-8/LC_PAPER", O_RDONLY|O_CLOEXEC) = -1 ENOENT (No such file or directory)
10637 openat(AT_FDCWD, "/usr/lib/locale/C.utf8/LC_PAPER", O_RDONLY|O_CLOEXEC) = 5
10637 openat(AT_FDCWD, "/usr/lib/locale/C.UTF-8/LC_MESSAGES", O_RDONLY|O_CLOEXEC) = -1 ENOENT (No such file or directory)
10637 openat(AT_FDCWD, "/usr/lib/locale/C.utf8/LC_MESSAGES", O_RDONLY|O_CLOEXEC) = 5
10637 openat(AT_FDCWD, "/usr/lib/locale/C.utf8/LC_MESSAGES/SYS_LC_MESSAGES", O_RDONLY|O_CLOEXEC) = 5
10637 openat(AT_FDCWD, "/usr/lib/locale/C.UTF-8/LC_MONETARY", O_RDONLY|O_CLOEXEC) = -1 ENOENT (No such file or directory)
10637 openat(AT_FDCWD, "/usr/lib/locale/C.utf8/LC_MONETARY", O_RDONLY|O_CLOEXEC) = 5
10637 openat(AT_FDCWD, "/usr/lib/locale/C.UTF-8/LC_COLLATE", O_RDONLY|O_CLOEXEC) = -1 ENOENT (No such file or directory)
10637 openat(AT_FDCWD, "/usr/lib/locale/C.utf8/LC_COLLATE", O_RDONLY|O_CLOEXEC) = 5
10637 openat(AT_FDCWD, "/usr/lib/locale/C.UTF-8/LC_TIME", O_RDONLY|O_CLOEXEC) = -1 ENOENT (No such file or directory)
10637 openat(AT_FDCWD, "/usr/lib/locale/C.utf8/LC_TIME", O_RDONLY|O_CLOEXEC) = 5
10637 openat(AT_FDCWD, "/usr/lib/locale/C.UTF-8/LC_NUMERIC", O_RDONLY|O_CLOEXEC) = -1 ENOENT (No such file or directory)
10637 openat(AT_FDCWD, "/usr/lib/locale/C.utf8/LC_NUMERIC", O_RDONLY|O_CLOEXEC) = 5
10637 openat(AT_FDCWD, "/usr/lib/locale/C.UTF-8/LC_CTYPE", O_RDONLY|O_CLOEXEC) = -1 ENOENT (No such file or directory)
10637 openat(AT_FDCWD, "/usr/lib/locale/C.utf8/LC_CTYPE", O_RDONLY|O_CLOEXEC) = 5
10637 openat(AT_FDCWD, ".local", O_RDONLY|O_NOCTTY|O_NONBLOCK|O_NOFOLLOW|O_DIRECTORY) = 5
10637 openat(AT_FDCWD, "share", O_RDONLY|O_NOCTTY|O_NONBLOCK|O_NOFOLLOW|O_DIRECTORY) = 5
10634 --- SIGCHLD {si_signo=SIGCHLD, si_code=CLD_EXITED, si_pid=10637, si_uid=1001, si_status=0, si_utime=0, si_stime=0} ---
10638 openat(AT_FDCWD, "/opt/hostedtoolcache/Python/3.12.14/x64/lib/glibc-hwcaps/x86-64-v4/libc.so.6", O_RDONLY|O_CLOEXEC) = -1 ENOENT (No such file or directory)
10638 openat(AT_FDCWD, "/opt/hostedtoolcache/Python/3.12.14/x64/lib/glibc-hwcaps/x86-64-v3/libc.so.6", O_RDONLY|O_CLOEXEC) = -1 ENOENT (No such file or directory)
10638 openat(AT_FDCWD, "/opt/hostedtoolcache/Python/3.12.14/x64/lib/glibc-hwcaps/x86-64-v2/libc.so.6", O_RDONLY|O_CLOEXEC) = -1 ENOENT (No such file or directory)
10638 openat(AT_FDCWD, "/opt/hostedtoolcache/Python/3.12.14/x64/lib/libc.so.6", O_RDONLY|O_CLOEXEC) = -1 ENOENT (No such file or directory)
10638 openat(AT_FDCWD, "/etc/ld.so.cache", O_RDONLY|O_CLOEXEC) = 5
10638 openat(AT_FDCWD, "/lib/x86_64-linux-gnu/libc.so.6", O_RDONLY|O_CLOEXEC) = 5
10638 openat(AT_FDCWD, "/usr/lib/locale/locale-archive", O_RDONLY|O_CLOEXEC) = 5
10638 openat(AT_FDCWD, "/usr/share/locale/locale.alias", O_RDONLY|O_CLOEXEC) = 5
10638 openat(AT_FDCWD, "/usr/lib/locale/C.UTF-8/LC_IDENTIFICATION", O_RDONLY|O_CLOEXEC) = -1 ENOENT (No such file or directory)
10638 openat(AT_FDCWD, "/usr/lib/locale/C.utf8/LC_IDENTIFICATION", O_RDONLY|O_CLOEXEC) = 5
10638 openat(AT_FDCWD, "/usr/lib/x86_64-linux-gnu/gconv/gconv-modules.cache", O_RDONLY|O_CLOEXEC) = 5
10638 openat(AT_FDCWD, "/usr/lib/locale/C.UTF-8/LC_MEASUREMENT", O_RDONLY|O_CLOEXEC) = -1 ENOENT (No such file or directory)
10638 openat(AT_FDCWD, "/usr/lib/locale/C.utf8/LC_MEASUREMENT", O_RDONLY|O_CLOEXEC) = 5
10638 openat(AT_FDCWD, "/usr/lib/locale/C.UTF-8/LC_TELEPHONE", O_RDONLY|O_CLOEXEC) = -1 ENOENT (No such file or directory)
10638 openat(AT_FDCWD, "/usr/lib/locale/C.utf8/LC_TELEPHONE", O_RDONLY|O_CLOEXEC) = 5
10638 openat(AT_FDCWD, "/usr/lib/locale/C.UTF-8/LC_ADDRESS", O_RDONLY|O_CLOEXEC) = -1 ENOENT (No such file or directory)
10638 openat(AT_FDCWD, "/usr/lib/locale/C.utf8/LC_ADDRESS", O_RDONLY|O_CLOEXEC) = 5
10638 openat(AT_FDCWD, "/usr/lib/locale/C.UTF-8/LC_NAME", O_RDONLY|O_CLOEXEC) = -1 ENOENT (No such file or directory)
10638 openat(AT_FDCWD, "/usr/lib/locale/C.utf8/LC_NAME", O_RDONLY|O_CLOEXEC) = 5
10638 openat(AT_FDCWD, "/usr/lib/locale/C.UTF-8/LC_PAPER", O_RDONLY|O_CLOEXEC) = -1 ENOENT (No such file or directory)
10638 openat(AT_FDCWD, "/usr/lib/locale/C.utf8/LC_PAPER", O_RDONLY|O_CLOEXEC) = 5
10638 openat(AT_FDCWD, "/usr/lib/locale/C.UTF-8/LC_MESSAGES", O_RDONLY|O_CLOEXEC) = -1 ENOENT (No such file or directory)
10638 openat(AT_FDCWD, "/usr/lib/locale/C.utf8/LC_MESSAGES", O_RDONLY|O_CLOEXEC) = 5
10638 openat(AT_FDCWD, "/usr/lib/locale/C.utf8/LC_MESSAGES/SYS_LC_MESSAGES", O_RDONLY|O_CLOEXEC) = 5
10638 openat(AT_FDCWD, "/usr/lib/locale/C.UTF-8/LC_MONETARY", O_RDONLY|O_CLOEXEC) = -1 ENOENT (No such file or directory)
10638 openat(AT_FDCWD, "/usr/lib/locale/C.utf8/LC_MONETARY", O_RDONLY|O_CLOEXEC) = 5
10638 openat(AT_FDCWD, "/usr/lib/locale/C.UTF-8/LC_COLLATE", O_RDONLY|O_CLOEXEC) = -1 ENOENT (No such file or directory)
10638 openat(AT_FDCWD, "/usr/lib/locale/C.utf8/LC_COLLATE", O_RDONLY|O_CLOEXEC) = 5
10638 openat(AT_FDCWD, "/usr/lib/locale/C.UTF-8/LC_TIME", O_RDONLY|O_CLOEXEC) = -1 ENOENT (No such file or directory)
10638 openat(AT_FDCWD, "/usr/lib/locale/C.utf8/LC_TIME", O_RDONLY|O_CLOEXEC) = 5
10638 openat(AT_FDCWD, "/usr/lib/locale/C.UTF-8/LC_NUMERIC", O_RDONLY|O_CLOEXEC) = -1 ENOENT (No such file or directory)
10638 openat(AT_FDCWD, "/usr/lib/locale/C.utf8/LC_NUMERIC", O_RDONLY|O_CLOEXEC) = 5
10638 openat(AT_FDCWD, "/usr/lib/locale/C.UTF-8/LC_CTYPE", O_RDONLY|O_CLOEXEC) = -1 ENOENT (No such file or directory)
10638 openat(AT_FDCWD, "/usr/lib/locale/C.utf8/LC_CTYPE", O_RDONLY|O_CLOEXEC) = 5
10638 openat(AT_FDCWD, "/home/runner/work/deckrender-acceptance/deckrender-acceptance/benchmark/artifacts/acceptance/private/sandboxes/62743d5d51713ee9b031f5fa8a67eefdc7820e5ab7aa1da4c8c21dff31195054/.local/share/applications/mimeapps.list", O_WRONLY|O_CREAT|O_NOCTTY|O_NONBLOCK, 0666) = 5
10634 --- SIGCHLD {si_signo=SIGCHLD, si_code=CLD_EXITED, si_pid=10638, si_uid=1001, si_status=0, si_utime=0, si_stime=0} ---
10634 openat(AT_FDCWD, "/dev/null", O_RDONLY) = 5
10634 openat(AT_FDCWD, "/dev/fd/63", O_WRONLY|O_CREAT|O_TRUNC, 0666) = 5
10634 openat(AT_FDCWD, "/dev/fd/63", O_WRONLY|O_CREAT|O_TRUNC, 0666) = 5
10639 openat(AT_FDCWD, "/opt/hostedtoolcache/Python/3.12.14/x64/lib/glibc-hwcaps/x86-64-v4/libc.so.6", O_RDONLY|O_CLOEXEC) = -1 ENOENT (No such file or directory)
10639 openat(AT_FDCWD, "/opt/hostedtoolcache/Python/3.12.14/x64/lib/glibc-hwcaps/x86-64-v3/libc.so.6", O_RDONLY|O_CLOEXEC) = -1 ENOENT (No such file or directory)
10639 openat(AT_FDCWD, "/opt/hostedtoolcache/Python/3.12.14/x64/lib/glibc-hwcaps/x86-64-v2/libc.so.6", O_RDONLY|O_CLOEXEC) = -1 ENOENT (No such file or directory)
10639 openat(AT_FDCWD, "/opt/hostedtoolcache/Python/3.12.14/x64/lib/libc.so.6", O_RDONLY|O_CLOEXEC) = -1 ENOENT (No such file or directory)
10639 openat(AT_FDCWD, "/etc/ld.so.cache", O_RDONLY|O_CLOEXEC) = 5
10639 openat(AT_FDCWD, "/lib/x86_64-linux-gnu/libc.so.6", O_RDONLY|O_CLOEXEC) = 5
10634 openat(AT_FDCWD, "/opt/hostedtoolcache/Python/3.12.14/x64/lib/glibc-hwcaps/x86-64-v4/libdl.so.2", O_RDONLY|O_CLOEXEC) = -1 ENOENT (No such file or directory)
10634 openat(AT_FDCWD, "/opt/hostedtoolcache/Python/3.12.14/x64/lib/glibc-hwcaps/x86-64-v3/libdl.so.2", O_RDONLY|O_CLOEXEC) = -1 ENOENT (No such file or directory)
10634 openat(AT_FDCWD, "/opt/hostedtoolcache/Python/3.12.14/x64/lib/glibc-hwcaps/x86-64-v2/libdl.so.2", O_RDONLY|O_CLOEXEC) = -1 ENOENT (No such file or directory)
10634 openat(AT_FDCWD, "/opt/hostedtoolcache/Python/3.12.14/x64/lib/libdl.so.2", O_RDONLY|O_CLOEXEC) = -1 ENOENT (No such file or directory)
10639 openat(AT_FDCWD, "/usr/lib/locale/locale-archive", O_RDONLY|O_CLOEXEC) = 5
10634 openat(AT_FDCWD, "/etc/ld.so.cache", O_RDONLY|O_CLOEXEC) = 5
10640 openat(AT_FDCWD, "/opt/hostedtoolcache/Python/3.12.14/x64/lib/glibc-hwcaps/x86-64-v4/libc.so.6", O_RDONLY|O_CLOEXEC) = -1 ENOENT (No such file or directory)
10639 openat(AT_FDCWD, "/usr/share/locale/locale.alias", O_RDONLY|O_CLOEXEC) = 5
10634 openat(AT_FDCWD, "/lib/x86_64-linux-gnu/libdl.so.2", O_RDONLY|O_CLOEXEC <unfinished ...>
10640 openat(AT_FDCWD, "/opt/hostedtoolcache/Python/3.12.14/x64/lib/glibc-hwcaps/x86-64-v3/libc.so.6", O_RDONLY|O_CLOEXEC <unfinished ...>
10634 <... openat resumed>)             = 5
10640 <... openat resumed>)             = -1 ENOENT (No such file or directory)
10640 openat(AT_FDCWD, "/opt/hostedtoolcache/Python/3.12.14/x64/lib/glibc-hwcaps/x86-64-v2/libc.so.6", O_RDONLY|O_CLOEXEC) = -1 ENOENT (No such file or directory)
10640 openat(AT_FDCWD, "/opt/hostedtoolcache/Python/3.12.14/x64/lib/libc.so.6", O_RDONLY|O_CLOEXEC <unfinished ...>
10639 openat(AT_FDCWD, "/usr/lib/locale/C.UTF-8/LC_IDENTIFICATION", O_RDONLY|O_CLOEXEC <unfinished ...>
10640 <... openat resumed>)             = -1 ENOENT (No such file or directory)
10639 <... openat resumed>)             = -1 ENOENT (No such file or directory)
10639 openat(AT_FDCWD, "/usr/lib/locale/C.utf8/LC_IDENTIFICATION", O_RDONLY|O_CLOEXEC) = 5
10640 openat(AT_FDCWD, "/etc/ld.so.cache", O_RDONLY|O_CLOEXEC) = 5
10639 openat(AT_FDCWD, "/usr/lib/x86_64-linux-gnu/gconv/gconv-modules.cache", O_RDONLY|O_CLOEXEC <unfinished ...>
10640 openat(AT_FDCWD, "/lib/x86_64-linux-gnu/libc.so.6", O_RDONLY|O_CLOEXEC <unfinished ...>
10634 openat(AT_FDCWD, "/opt/hostedtoolcache/Python/3.12.14/x64/lib/libpthread.so.0", O_RDONLY|O_CLOEXEC <unfinished ...>
10640 <... openat resumed>)             = 5
10639 <... openat resumed>)             = 5
10634 <... openat resumed>)             = -1 ENOENT (No such file or directory)
10634 openat(AT_FDCWD, "/lib/x86_64-linux-gnu/libpthread.so.0", O_RDONLY|O_CLOEXEC) = 5
10639 openat(AT_FDCWD, "/usr/lib/locale/C.UTF-8/LC_MEASUREMENT", O_RDONLY|O_CLOEXEC) = -1 ENOENT (No such file or directory)
10639 openat(AT_FDCWD, "/usr/lib/locale/C.utf8/LC_MEASUREMENT", O_RDONLY|O_CLOEXEC) = 5
10639 openat(AT_FDCWD, "/usr/lib/locale/C.UTF-8/LC_TELEPHONE", O_RDONLY|O_CLOEXEC) = -1 ENOENT (No such file or directory)
10639 openat(AT_FDCWD, "/usr/lib/locale/C.utf8/LC_TELEPHONE", O_RDONLY|O_CLOEXEC <unfinished ...>
10634 openat(AT_FDCWD, "/opt/hostedtoolcache/Python/3.12.14/x64/lib/libglib-2.0.so.0", O_RDONLY|O_CLOEXEC <unfinished ...>
10639 <... openat resumed>)             = 5
10634 <... openat resumed>)             = -1 ENOENT (No such file or directory)
10634 openat(AT_FDCWD, "/lib/x86_64-linux-gnu/libglib-2.0.so.0", O_RDONLY|O_CLOEXEC) = 5
10639 openat(AT_FDCWD, "/usr/lib/locale/C.UTF-8/LC_ADDRESS", O_RDONLY|O_CLOEXEC) = -1 ENOENT (No such file or directory)
10639 openat(AT_FDCWD, "/usr/lib/locale/C.utf8/LC_ADDRESS", O_RDONLY|O_CLOEXEC) = 5
10639 openat(AT_FDCWD, "/usr/lib/locale/C.UTF-8/LC_NAME", O_RDONLY|O_CLOEXEC) = -1 ENOENT (No such file or directory)
10639 openat(AT_FDCWD, "/usr/lib/locale/C.utf8/LC_NAME", O_RDONLY|O_CLOEXEC) = 5
10640 openat(AT_FDCWD, "/usr/lib/locale/locale-archive", O_RDONLY|O_CLOEXEC <unfinished ...>
10634 openat(AT_FDCWD, "/opt/hostedtoolcache/Python/3.12.14/x64/lib/libgobject-2.0.so.0", O_RDONLY|O_CLOEXEC <unfinished ...>
10640 <... openat resumed>)             = 5
10634 <... openat resumed>)             = -1 ENOENT (No such file or directory)
10634 openat(AT_FDCWD, "/lib/x86_64-linux-gnu/libgobject-2.0.so.0", O_RDONLY|O_CLOEXEC <unfinished ...>
10639 openat(AT_FDCWD, "/usr/lib/locale/C.UTF-8/LC_PAPER", O_RDONLY|O_CLOEXEC <unfinished ...>
10634 <... openat resumed>)             = 5
10639 <... openat resumed>)             = -1 ENOENT (No such file or directory)
10639 openat(AT_FDCWD, "/usr/lib/locale/C.utf8/LC_PAPER", O_RDONLY|O_CLOEXEC) = 5
10640 openat(AT_FDCWD, "/usr/share/locale/locale.alias", O_RDONLY|O_CLOEXEC) = 5
10639 openat(AT_FDCWD, "/usr/lib/locale/C.UTF-8/LC_MESSAGES", O_RDONLY|O_CLOEXEC) = -1 ENOENT (No such file or directory)
10639 openat(AT_FDCWD, "/usr/lib/locale/C.utf8/LC_MESSAGES", O_RDONLY|O_CLOEXEC) = 5
10640 openat(AT_FDCWD, "/usr/lib/locale/C.UTF-8/LC_IDENTIFICATION", O_RDONLY|O_CLOEXEC) = -1 ENOENT (No such file or directory)
10640 openat(AT_FDCWD, "/usr/lib/locale/C.utf8/LC_IDENTIFICATION", O_RDONLY|O_CLOEXEC) = 5
10639 openat(AT_FDCWD, "/usr/lib/locale/C.utf8/LC_MESSAGES/SYS_LC_MESSAGES", O_RDONLY|O_CLOEXEC <unfinished ...>
10634 openat(AT_FDCWD, "/opt/hostedtoolcache/Python/3.12.14/x64/lib/libnspr4.so", O_RDONLY|O_CLOEXEC <unfinished ...>
10639 <... openat resumed>)             = 5
10634 <... openat resumed>)             = -1 ENOENT (No such file or directory)
10634 openat(AT_FDCWD, "/lib/x86_64-linux-gnu/libnspr4.so", O_RDONLY|O_CLOEXEC) = 5
10640 openat(AT_FDCWD, "/usr/lib/x86_64-linux-gnu/gconv/gconv-modules.cache", O_RDONLY|O_CLOEXEC) = 5
10639 openat(AT_FDCWD, "/usr/lib/locale/C.UTF-8/LC_MONETARY", O_RDONLY|O_CLOEXEC) = -1 ENOENT (No such file or directory)
10639 openat(AT_FDCWD, "/usr/lib/locale/C.utf8/LC_MONETARY", O_RDONLY|O_CLOEXEC) = 5
10640 openat(AT_FDCWD, "/usr/lib/locale/C.UTF-8/LC_MEASUREMENT", O_RDONLY|O_CLOEXEC) = -1 ENOENT (No such file or directory)
10640 openat(AT_FDCWD, "/usr/lib/locale/C.utf8/LC_MEASUREMENT", O_RDONLY|O_CLOEXEC) = 5
10639 openat(AT_FDCWD, "/usr/lib/locale/C.UTF-8/LC_COLLATE", O_RDONLY|O_CLOEXEC) = -1 ENOENT (No such file or directory)
10639 openat(AT_FDCWD, "/usr/lib/locale/C.utf8/LC_COLLATE", O_RDONLY|O_CLOEXEC) = 5
10634 openat(AT_FDCWD, "/opt/hostedtoolcache/Python/3.12.14/x64/lib/libnss3.so", O_RDONLY|O_CLOEXEC <unfinished ...>
10640 openat(AT_FDCWD, "/usr/lib/locale/C.UTF-8/LC_TELEPHONE", O_RDONLY|O_CLOEXEC <unfinished ...>
10634 <... openat resumed>)             = -1 ENOENT (No such file or directory)
10640 <... openat resumed>)             = -1 ENOENT (No such file or directory)
10634 openat(AT_FDCWD, "/lib/x86_64-linux-gnu/libnss3.so", O_RDONLY|O_CLOEXEC <unfinished ...>
10640 openat(AT_FDCWD, "/usr/lib/locale/C.utf8/LC_TELEPHONE", O_RDONLY|O_CLOEXEC <unfinished ...>
10634 <... openat resumed>)             = 5
10640 <... openat resumed>)             = 5
10639 openat(AT_FDCWD, "/usr/lib/locale/C.UTF-8/LC_TIME", O_RDONLY|O_CLOEXEC) = -1 ENOENT (No such file or directory)
10639 openat(AT_FDCWD, "/usr/lib/locale/C.utf8/LC_TIME", O_RDONLY|O_CLOEXEC) = 5
10640 openat(AT_FDCWD, "/usr/lib/locale/C.UTF-8/LC_ADDRESS", O_RDONLY|O_CLOEXEC) = -1 ENOENT (No such file or directory)
10640 openat(AT_FDCWD, "/usr/lib/locale/C.utf8/LC_ADDRESS", O_RDONLY|O_CLOEXEC) = 5
10639 openat(AT_FDCWD, "/usr/lib/locale/C.UTF-8/LC_NUMERIC", O_RDONLY|O_CLOEXEC) = -1 ENOENT (No such file or directory)
10639 openat(AT_FDCWD, "/usr/lib/locale/C.utf8/LC_NUMERIC", O_RDONLY|O_CLOEXEC) = 5
10640 openat(AT_FDCWD, "/usr/lib/locale/C.UTF-8/LC_NAME", O_RDONLY|O_CLOEXEC) = -1 ENOENT (No such file or directory)
10640 openat(AT_FDCWD, "/usr/lib/locale/C.utf8/LC_NAME", O_RDONLY|O_CLOEXEC) = 5
10639 openat(AT_FDCWD, "/usr/lib/locale/C.UTF-8/LC_CTYPE", O_RDONLY|O_CLOEXEC) = -1 ENOENT (No such file or directory)
10634 openat(AT_FDCWD, "/opt/hostedtoolcache/Python/3.12.14/x64/lib/libnssutil3.so", O_RDONLY|O_CLOEXEC <unfinished ...>
10639 openat(AT_FDCWD, "/usr/lib/locale/C.utf8/LC_CTYPE", O_RDONLY|O_CLOEXEC <unfinished ...>
10634 <... openat resumed>)             = -1 ENOENT (No such file or directory)
10639 <... openat resumed>)             = 5
10634 openat(AT_FDCWD, "/lib/x86_64-linux-gnu/libnssutil3.so", O_RDONLY|O_CLOEXEC <unfinished ...>
10640 openat(AT_FDCWD, "/usr/lib/locale/C.UTF-8/LC_PAPER", O_RDONLY|O_CLOEXEC <unfinished ...>
10634 <... openat resumed>)             = 5
10640 <... openat resumed>)             = -1 ENOENT (No such file or directory)
10640 openat(AT_FDCWD, "/usr/lib/locale/C.utf8/LC_PAPER", O_RDONLY|O_CLOEXEC) = 5
10640 openat(AT_FDCWD, "/usr/lib/locale/C.UTF-8/LC_MESSAGES", O_RDONLY|O_CLOEXEC) = -1 ENOENT (No such file or directory)
10640 openat(AT_FDCWD, "/usr/lib/locale/C.utf8/LC_MESSAGES", O_RDONLY|O_CLOEXEC) = 5
10640 openat(AT_FDCWD, "/usr/lib/locale/C.utf8/LC_MESSAGES/SYS_LC_MESSAGES", O_RDONLY|O_CLOEXEC) = 5
10634 openat(AT_FDCWD, "/opt/hostedtoolcache/Python/3.12.14/x64/lib/libsmime3.so", O_RDONLY|O_CLOEXEC) = -1 ENOENT (No such file or directory)
10634 openat(AT_FDCWD, "/lib/x86_64-linux-gnu/libsmime3.so", O_RDONLY|O_CLOEXEC) = 5
10640 openat(AT_FDCWD, "/usr/lib/locale/C.UTF-8/LC_MONETARY", O_RDONLY|O_CLOEXEC) = -1 ENOENT (No such file or directory)
10640 openat(AT_FDCWD, "/usr/lib/locale/C.utf8/LC_MONETARY", O_RDONLY|O_CLOEXEC) = 5
10640 openat(AT_FDCWD, "/usr/lib/locale/C.UTF-8/LC_COLLATE", O_RDONLY|O_CLOEXEC) = -1 ENOENT (No such file or directory)
10640 openat(AT_FDCWD, "/usr/lib/locale/C.utf8/LC_COLLATE", O_RDONLY|O_CLOEXEC) = 5
10634 openat(AT_FDCWD, "/opt/hostedtoolcache/Python/3.12.14/x64/lib/libgio-2.0.so.0", O_RDONLY|O_CLOEXEC) = -1 ENOENT (No such file or directory)
10634 openat(AT_FDCWD, "/lib/x86_64-linux-gnu/libgio-2.0.so.0", O_RDONLY|O_CLOEXEC) = 5
10640 openat(AT_FDCWD, "/usr/lib/locale/C.UTF-8/LC_TIME", O_RDONLY|O_CLOEXEC) = -1 ENOENT (No such file or directory)
10640 openat(AT_FDCWD, "/usr/lib/locale/C.utf8/LC_TIME", O_RDONLY|O_CLOEXEC) = 5
10640 openat(AT_FDCWD, "/usr/lib/locale/C.UTF-8/LC_NUMERIC", O_RDONLY|O_CLOEXEC) = -1 ENOENT (No such file or directory)
10640 openat(AT_FDCWD, "/usr/lib/locale/C.utf8/LC_NUMERIC", O_RDONLY|O_CLOEXEC) = 5
10634 openat(AT_FDCWD, "/opt/hostedtoolcache/Python/3.12.14/x64/lib/libatk-1.0.so.0", O_RDONLY|O_CLOEXEC <unfinished ...>
10640 openat(AT_FDCWD, "/usr/lib/locale/C.UTF-8/LC_CTYPE", O_RDONLY|O_CLOEXEC <unfinished ...>
10634 <... openat resumed>)             = -1 ENOENT (No such file or directory)
10640 <... openat resumed>)             = -1 ENOENT (No such file or directory)
10634 openat(AT_FDCWD, "/lib/x86_64-linux-gnu/libatk-1.0.so.0", O_RDONLY|O_CLOEXEC <unfinished ...>
10640 openat(AT_FDCWD, "/usr/lib/locale/C.utf8/LC_CTYPE", O_RDONLY|O_CLOEXEC) = 5
10634 <... openat resumed>)             = 5
10634 openat(AT_FDCWD, "/opt/hostedtoolcache/Python/3.12.14/x64/lib/libatk-bridge-2.0.so.0", O_RDONLY|O_CLOEXEC) = -1 ENOENT (No such file or directory)
10634 openat(AT_FDCWD, "/lib/x86_64-linux-gnu/libatk-bridge-2.0.so.0", O_RDONLY|O_CLOEXEC) = 5
10634 openat(AT_FDCWD, "/opt/hostedtoolcache/Python/3.12.14/x64/lib/libdbus-1.so.3", O_RDONLY|O_CLOEXEC) = -1 ENOENT (No such file or directory)
10634 openat(AT_FDCWD, "/lib/x86_64-linux-gnu/libdbus-1.so.3", O_RDONLY|O_CLOEXEC) = 5
10634 openat(AT_FDCWD, "/opt/hostedtoolcache/Python/3.12.14/x64/lib/libcups.so.2", O_RDONLY|O_CLOEXEC) = -1 ENOENT (No such file or directory)
10634 openat(AT_FDCWD, "/lib/x86_64-linux-gnu/libcups.so.2", O_RDONLY|O_CLOEXEC) = 5
10634 openat(AT_FDCWD, "/opt/hostedtoolcache/Python/3.12.14/x64/lib/libexpat.so.1", O_RDONLY|O_CLOEXEC) = -1 ENOENT (No such file or directory)
10634 openat(AT_FDCWD, "/lib/x86_64-linux-gnu/libexpat.so.1", O_RDONLY|O_CLOEXEC) = 5
10634 openat(AT_FDCWD, "/opt/hostedtoolcache/Python/3.12.14/x64/lib/libxcb.so.1", O_RDONLY|O_CLOEXEC) = -1 ENOENT (No such file or directory)
10634 openat(AT_FDCWD, "/lib/x86_64-linux-gnu/libxcb.so.1", O_RDONLY|O_CLOEXEC) = 5
10634 openat(AT_FDCWD, "/opt/hostedtoolcache/Python/3.12.14/x64/lib/libxkbcommon.so.0", O_RDONLY|O_CLOEXEC) = -1 ENOENT (No such file or directory)
10634 openat(AT_FDCWD, "/lib/x86_64-linux-gnu/libxkbcommon.so.0", O_RDONLY|O_CLOEXEC) = 5
10634 openat(AT_FDCWD, "/opt/hostedtoolcache/Python/3.12.14/x64/lib/libasound.so.2", O_RDONLY|O_CLOEXEC) = -1 ENOENT (No such file or directory)
10634 openat(AT_FDCWD, "/lib/x86_64-linux-gnu/libasound.so.2", O_RDONLY|O_CLOEXEC) = 5
10634 openat(AT_FDCWD, "/opt/hostedtoolcache/Python/3.12.14/x64/lib/libgbm.so.1", O_RDONLY|O_CLOEXEC) = -1 ENOENT (No such file or directory)
10634 openat(AT_FDCWD, "/lib/x86_64-linux-gnu/libgbm.so.1", O_RDONLY|O_CLOEXEC) = 5
10634 openat(AT_FDCWD, "/opt/hostedtoolcache/Python/3.12.14/x64/lib/libX11.so.6", O_RDONLY|O_CLOEXEC) = -1 ENOENT (No such file or directory)
10634 openat(AT_FDCWD, "/lib/x86_64-linux-gnu/libX11.so.6", O_RDONLY|O_CLOEXEC) = 5
10634 openat(AT_FDCWD, "/opt/hostedtoolcache/Python/3.12.14/x64/lib/libXext.so.6", O_RDONLY|O_CLOEXEC) = -1 ENOENT (No such file or directory)
10634 openat(AT_FDCWD, "/lib/x86_64-linux-gnu/libXext.so.6", O_RDONLY|O_CLOEXEC) = 5
10634 openat(AT_FDCWD, "/opt/hostedtoolcache/Python/3.12.14/x64/lib/libcairo.so.2", O_RDONLY|O_CLOEXEC) = -1 ENOENT (No such file or directory)
10634 openat(AT_FDCWD, "/lib/x86_64-linux-gnu/libcairo.so.2", O_RDONLY|O_CLOEXEC) = 5
10634 openat(AT_FDCWD, "/opt/hostedtoolcache/Python/3.12.14/x64/lib/libpango-1.0.so.0", O_RDONLY|O_CLOEXEC) = -1 ENOENT (No such file or directory)
10634 openat(AT_FDCWD, "/lib/x86_64-linux-gnu/libpango-1.0.so.0", O_RDONLY|O_CLOEXEC) = 5
10634 openat(AT_FDCWD, "/opt/hostedtoolcache/Python/3.12.14/x64/lib/libudev.so.1", O_RDONLY|O_CLOEXEC) = -1 ENOENT (No such file or directory)
10634 openat(AT_FDCWD, "/lib/x86_64-linux-gnu/libudev.so.1", O_RDONLY|O_CLOEXEC) = 5
10634 openat(AT_FDCWD, "/opt/hostedtoolcache/Python/3.12.14/x64/lib/libm.so.6", O_RDONLY|O_CLOEXEC) = -1 ENOENT (No such file or directory)
10634 openat(AT_FDCWD, "/lib/x86_64-linux-gnu/libm.so.6", O_RDONLY|O_CLOEXEC) = 5
10634 openat(AT_FDCWD, "/opt/hostedtoolcache/Python/3.12.14/x64/lib/libXcomposite.so.1", O_RDONLY|O_CLOEXEC) = -1 ENOENT (No such file or directory)
10634 openat(AT_FDCWD, "/lib/x86_64-linux-gnu/libXcomposite.so.1", O_RDONLY|O_CLOEXEC) = 5
10634 openat(AT_FDCWD, "/opt/hostedtoolcache/Python/3.12.14/x64/lib/libXdamage.so.1", O_RDONLY|O_CLOEXEC) = -1 ENOENT (No such file or directory)
10634 openat(AT_FDCWD, "/lib/x86_64-linux-gnu/libXdamage.so.1", O_RDONLY|O_CLOEXEC) = 5
10634 openat(AT_FDCWD, "/opt/hostedtoolcache/Python/3.12.14/x64/lib/libXfixes.so.3", O_RDONLY|O_CLOEXEC) = -1 ENOENT (No such file or directory)
10634 openat(AT_FDCWD, "/lib/x86_64-linux-gnu/libXfixes.so.3", O_RDONLY|O_CLOEXEC) = 5
10634 openat(AT_FDCWD, "/opt/hostedtoolcache/Python/3.12.14/x64/lib/libXrandr.so.2", O_RDONLY|O_CLOEXEC) = -1 ENOENT (No such file or directory)
10634 openat(AT_FDCWD, "/lib/x86_64-linux-gnu/libXrandr.so.2", O_RDONLY|O_CLOEXEC) = 5
10634 openat(AT_FDCWD, "/opt/hostedtoolcache/Python/3.12.14/x64/lib/libatspi.so.0", O_RDONLY|O_CLOEXEC) = -1 ENOENT (No such file or directory)
10634 openat(AT_FDCWD, "/lib/x86_64-linux-gnu/libatspi.so.0", O_RDONLY|O_CLOEXEC) = 5
10634 openat(AT_FDCWD, "/opt/hostedtoolcache/Python/3.12.14/x64/lib/libgcc_s.so.1", O_RDONLY|O_CLOEXEC) = -1 ENOENT (No such file or directory)
10634 openat(AT_FDCWD, "/lib/x86_64-linux-gnu/libgcc_s.so.1", O_RDONLY|O_CLOEXEC) = 5
10634 openat(AT_FDCWD, "/opt/hostedtoolcache/Python/3.12.14/x64/lib/libc.so.6", O_RDONLY|O_CLOEXEC) = -1 ENOENT (No such file or directory)
10634 openat(AT_FDCWD, "/lib/x86_64-linux-gnu/libc.so.6", O_RDONLY|O_CLOEXEC) = 5
10634 openat(AT_FDCWD, "/opt/hostedtoolcache/Python/3.12.14/x64/lib/libpcre2-8.so.0", O_RDONLY|O_CLOEXEC) = -1 ENOENT (No such file or directory)
10634 openat(AT_FDCWD, "/lib/x86_64-linux-gnu/libpcre2-8.so.0", O_RDONLY|O_CLOEXEC) = 5
10634 openat(AT_FDCWD, "/opt/hostedtoolcache/Python/3.12.14/x64/lib/libffi.so.8", O_RDONLY|O_CLOEXEC) = -1 ENOENT (No such file or directory)
10634 openat(AT_FDCWD, "/lib/x86_64-linux-gnu/libffi.so.8", O_RDONLY|O_CLOEXEC) = 5
10634 openat(AT_FDCWD, "/opt/hostedtoolcache/Python/3.12.14/x64/lib/libplc4.so", O_RDONLY|O_CLOEXEC) = -1 ENOENT (No such file or directory)
10634 openat(AT_FDCWD, "/lib/x86_64-linux-gnu/libplc4.so", O_RDONLY|O_CLOEXEC) = 5
10634 openat(AT_FDCWD, "/opt/hostedtoolcache/Python/3.12.14/x64/lib/libplds4.so", O_RDONLY|O_CLOEXEC) = -1 ENOENT (No such file or directory)
10634 openat(AT_FDCWD, "/lib/x86_64-linux-gnu/libplds4.so", O_RDONLY|O_CLOEXEC) = 5
10634 openat(AT_FDCWD, "/opt/hostedtoolcache/Python/3.12.14/x64/lib/libgmodule-2.0.so.0", O_RDONLY|O_CLOEXEC) = -1 ENOENT (No such file or directory)
10634 openat(AT_FDCWD, "/lib/x86_64-linux-gnu/libgmodule-2.0.so.0", O_RDONLY|O_CLOEXEC) = 5
10634 openat(AT_FDCWD, "/opt/hostedtoolcache/Python/3.12.14/x64/lib/libz.so.1", O_RDONLY|O_CLOEXEC) = -1 ENOENT (No such file or directory)
10634 openat(AT_FDCWD, "/lib/x86_64-linux-gnu/libz.so.1", O_RDONLY|O_CLOEXEC) = 5
10634 openat(AT_FDCWD, "/opt/hostedtoolcache/Python/3.12.14/x64/lib/libmount.so.1", O_RDONLY|O_CLOEXEC) = -1 ENOENT (No such file or directory)
10634 openat(AT_FDCWD, "/lib/x86_64-linux-gnu/libmount.so.1", O_RDONLY|O_CLOEXEC) = 5
10634 openat(AT_FDCWD, "/opt/hostedtoolcache/Python/3.12.14/x64/lib/libselinux.so.1", O_RDONLY|O_CLOEXEC) = -1 ENOENT (No such file or directory)
10634 openat(AT_FDCWD, "/lib/x86_64-linux-gnu/libselinux.so.1", O_RDONLY|O_CLOEXEC) = 5
10634 openat(AT_FDCWD, "/opt/hostedtoolcache/Python/3.12.14/x64/lib/libsystemd.so.0", O_RDONLY|O_CLOEXEC) = -1 ENOENT (No such file or directory)
10634 openat(AT_FDCWD, "/lib/x86_64-linux-gnu/libsystemd.so.0", O_RDONLY|O_CLOEXEC) = 5
10634 openat(AT_FDCWD, "/opt/hostedtoolcache/Python/3.12.14/x64/lib/libgssapi_krb5.so.2", O_RDONLY|O_CLOEXEC) = -1 ENOENT (No such file or directory)
10634 openat(AT_FDCWD, "/lib/x86_64-linux-gnu/libgssapi_krb5.so.2", O_RDONLY|O_CLOEXEC) = 5
10634 openat(AT_FDCWD, "/opt/hostedtoolcache/Python/3.12.14/x64/lib/libavahi-common.so.3", O_RDONLY|O_CLOEXEC) = -1 ENOENT (No such file or directory)
10634 openat(AT_FDCWD, "/lib/x86_64-linux-gnu/libavahi-common.so.3", O_RDONLY|O_CLOEXEC) = 5
10634 openat(AT_FDCWD, "/opt/hostedtoolcache/Python/3.12.14/x64/lib/libavahi-client.so.3", O_RDONLY|O_CLOEXEC) = -1 ENOENT (No such file or directory)
10634 openat(AT_FDCWD, "/lib/x86_64-linux-gnu/libavahi-client.so.3", O_RDONLY|O_CLOEXEC) = 5
10634 openat(AT_FDCWD, "/opt/hostedtoolcache/Python/3.12.14/x64/lib/libgnutls.so.30", O_RDONLY|O_CLOEXEC) = -1 ENOENT (No such file or directory)
10634 openat(AT_FDCWD, "/lib/x86_64-linux-gnu/libgnutls.so.30", O_RDONLY|O_CLOEXEC) = 5
10634 openat(AT_FDCWD, "/opt/hostedtoolcache/Python/3.12.14/x64/lib/libXau.so.6", O_RDONLY|O_CLOEXEC) = -1 ENOENT (No such file or directory)
10634 openat(AT_FDCWD, "/lib/x86_64-linux-gnu/libXau.so.6", O_RDONLY|O_CLOEXEC) = 5
10634 openat(AT_FDCWD, "/opt/hostedtoolcache/Python/3.12.14/x64/lib/libXdmcp.so.6", O_RDONLY|O_CLOEXEC) = -1 ENOENT (No such file or directory)
10634 openat(AT_FDCWD, "/lib/x86_64-linux-gnu/libXdmcp.so.6", O_RDONLY|O_CLOEXEC) = 5
10634 openat(AT_FDCWD, "/opt/hostedtoolcache/Python/3.12.14/x64/lib/libdrm.so.2", O_RDONLY|O_CLOEXEC) = -1 ENOENT (No such file or directory)
10634 openat(AT_FDCWD, "/lib/x86_64-linux-gnu/libdrm.so.2", O_RDONLY|O_CLOEXEC) = 5
10634 openat(AT_FDCWD, "/opt/hostedtoolcache/Python/3.12.14/x64/lib/libpng16.so.16", O_RDONLY|O_CLOEXEC) = -1 ENOENT (No such file or directory)
10634 openat(AT_FDCWD, "/lib/x86_64-linux-gnu/libpng16.so.16", O_RDONLY|O_CLOEXEC) = 5
10634 openat(AT_FDCWD, "/opt/hostedtoolcache/Python/3.12.14/x64/lib/libfontconfig.so.1", O_RDONLY|O_CLOEXEC) = -1 ENOENT (No such file or directory)
10634 openat(AT_FDCWD, "/lib/x86_64-linux-gnu/libfontconfig.so.1", O_RDONLY|O_CLOEXEC) = 5
10634 openat(AT_FDCWD, "/opt/hostedtoolcache/Python/3.12.14/x64/lib/libfreetype.so.6", O_RDONLY|O_CLOEXEC) = -1 ENOENT (No such file or directory)
10634 openat(AT_FDCWD, "/lib/x86_64-linux-gnu/libfreetype.so.6", O_RDONLY|O_CLOEXEC) = 5
10634 openat(AT_FDCWD, "/opt/hostedtoolcache/Python/3.12.14/x64/lib/libXrender.so.1", O_RDONLY|O_CLOEXEC) = -1 ENOENT (No such file or directory)
10634 openat(AT_FDCWD, "/lib/x86_64-linux-gnu/libXrender.so.1", O_RDONLY|O_CLOEXEC) = 5
10634 openat(AT_FDCWD, "/opt/hostedtoolcache/Python/3.12.14/x64/lib/libxcb-render.so.0", O_RDONLY|O_CLOEXEC) = -1 ENOENT (No such file or directory)
10634 openat(AT_FDCWD, "/lib/x86_64-linux-gnu/libxcb-render.so.0", O_RDONLY|O_CLOEXEC) = 5
10634 openat(AT_FDCWD, "/opt/hostedtoolcache/Python/3.12.14/x64/lib/libxcb-shm.so.0", O_RDONLY|O_CLOEXEC) = -1 ENOENT (No such file or directory)
10634 openat(AT_FDCWD, "/lib/x86_64-linux-gnu/libxcb-shm.so.0", O_RDONLY|O_CLOEXEC) = 5
10634 openat(AT_FDCWD, "/opt/hostedtoolcache/Python/3.12.14/x64/lib/libpixman-1.so.0", O_RDONLY|O_CLOEXEC) = -1 ENOENT (No such file or directory)
10634 openat(AT_FDCWD, "/lib/x86_64-linux-gnu/libpixman-1.so.0", O_RDONLY|O_CLOEXEC) = 5
10634 openat(AT_FDCWD, "/opt/hostedtoolcache/Python/3.12.14/x64/lib/libfribidi.so.0", O_RDONLY|O_CLOEXEC) = -1 ENOENT (No such file or directory)
10634 openat(AT_FDCWD, "/lib/x86_64-linux-gnu/libfribidi.so.0", O_RDONLY|O_CLOEXEC) = 5
10634 openat(AT_FDCWD, "/opt/hostedtoolcache/Python/3.12.14/x64/lib/libthai.so.0", O_RDONLY|O_CLOEXEC) = -1 ENOENT (No such file or directory)
10634 openat(AT_FDCWD, "/lib/x86_64-linux-gnu/libthai.so.0", O_RDONLY|O_CLOEXEC) = 5
10634 openat(AT_FDCWD, "/opt/hostedtoolcache/Python/3.12.14/x64/lib/libharfbuzz.so.0", O_RDONLY|O_CLOEXEC) = -1 ENOENT (No such file or directory)
10634 openat(AT_FDCWD, "/lib/x86_64-linux-gnu/libharfbuzz.so.0", O_RDONLY|O_CLOEXEC) = 5
10634 openat(AT_FDCWD, "/opt/hostedtoolcache/Python/3.12.14/x64/lib/libcap.so.2", O_RDONLY|O_CLOEXEC) = -1 ENOENT (No such file or directory)
10634 openat(AT_FDCWD, "/lib/x86_64-linux-gnu/libcap.so.2", O_RDONLY|O_CLOEXEC) = 5
10634 openat(AT_FDCWD, "/opt/hostedtoolcache/Python/3.12.14/x64/lib/libXi.so.6", O_RDONLY|O_CLOEXEC) = -1 ENOENT (No such file or directory)
10634 openat(AT_FDCWD, "/lib/x86_64-linux-gnu/libXi.so.6", O_RDONLY|O_CLOEXEC) = 5
10634 openat(AT_FDCWD, "/opt/hostedtoolcache/Python/3.12.14/x64/lib/libblkid.so.1", O_RDONLY|O_CLOEXEC) = -1 ENOENT (No such file or directory)
10634 openat(AT_FDCWD, "/lib/x86_64-linux-gnu/libblkid.so.1", O_RDONLY|O_CLOEXEC) = 5
10634 openat(AT_FDCWD, "/opt/hostedtoolcache/Python/3.12.14/x64/lib/libgcrypt.so.20", O_RDONLY|O_CLOEXEC) = -1 ENOENT (No such file or directory)
10634 openat(AT_FDCWD, "/lib/x86_64-linux-gnu/libgcrypt.so.20", O_RDONLY|O_CLOEXEC) = 5
10634 openat(AT_FDCWD, "/opt/hostedtoolcache/Python/3.12.14/x64/lib/liblz4.so.1", O_RDONLY|O_CLOEXEC) = -1 ENOENT (No such file or directory)
10634 openat(AT_FDCWD, "/lib/x86_64-linux-gnu/liblz4.so.1", O_RDONLY|O_CLOEXEC) = 5
10634 openat(AT_FDCWD, "/opt/hostedtoolcache/Python/3.12.14/x64/lib/liblzma.so.5", O_RDONLY|O_CLOEXEC) = -1 ENOENT (No such file or directory)
10634 openat(AT_FDCWD, "/lib/x86_64-linux-gnu/liblzma.so.5", O_RDONLY|O_CLOEXEC) = 5
10634 openat(AT_FDCWD, "/opt/hostedtoolcache/Python/3.12.14/x64/lib/libzstd.so.1", O_RDONLY|O_CLOEXEC) = -1 ENOENT (No such file or directory)
10634 openat(AT_FDCWD, "/lib/x86_64-linux-gnu/libzstd.so.1", O_RDONLY|O_CLOEXEC) = 5
10634 openat(AT_FDCWD, "/opt/hostedtoolcache/Python/3.12.14/x64/lib/libkrb5.so.3", O_RDONLY|O_CLOEXEC) = -1 ENOENT (No such file or directory)
10634 openat(AT_FDCWD, "/lib/x86_64-linux-gnu/libkrb5.so.3", O_RDONLY|O_CLOEXEC) = 5
10634 openat(AT_FDCWD, "/opt/hostedtoolcache/Python/3.12.14/x64/lib/libk5crypto.so.3", O_RDONLY|O_CLOEXEC) = -1 ENOENT (No such file or directory)
10634 openat(AT_FDCWD, "/lib/x86_64-linux-gnu/libk5crypto.so.3", O_RDONLY|O_CLOEXEC) = 5
10634 openat(AT_FDCWD, "/opt/hostedtoolcache/Python/3.12.14/x64/lib/libcom_err.so.2", O_RDONLY|O_CLOEXEC) = -1 ENOENT (No such file or directory)
10634 openat(AT_FDCWD, "/lib/x86_64-linux-gnu/libcom_err.so.2", O_RDONLY|O_CLOEXEC) = 5
10634 openat(AT_FDCWD, "/opt/hostedtoolcache/Python/3.12.14/x64/lib/libkrb5support.so.0", O_RDONLY|O_CLOEXEC) = -1 ENOENT (No such file or directory)
10634 openat(AT_FDCWD, "/lib/x86_64-linux-gnu/libkrb5support.so.0", O_RDONLY|O_CLOEXEC) = 5
10634 openat(AT_FDCWD, "/opt/hostedtoolcache/Python/3.12.14/x64/lib/libp11-kit.so.0", O_RDONLY|O_CLOEXEC) = -1 ENOENT (No such file or directory)
10634 openat(AT_FDCWD, "/lib/x86_64-linux-gnu/libp11-kit.so.0", O_RDONLY|O_CLOEXEC) = 5
10634 openat(AT_FDCWD, "/opt/hostedtoolcache/Python/3.12.14/x64/lib/libidn2.so.0", O_RDONLY|O_CLOEXEC) = -1 ENOENT (No such file or directory)
10634 openat(AT_FDCWD, "/lib/x86_64-linux-gnu/libidn2.so.0", O_RDONLY|O_CLOEXEC) = 5
10634 openat(AT_FDCWD, "/opt/hostedtoolcache/Python/3.12.14/x64/lib/libunistring.so.5", O_RDONLY|O_CLOEXEC) = -1 ENOENT (No such file or directory)
10634 openat(AT_FDCWD, "/lib/x86_64-linux-gnu/libunistring.so.5", O_RDONLY|O_CLOEXEC) = 5
10634 openat(AT_FDCWD, "/opt/hostedtoolcache/Python/3.12.14/x64/lib/libtasn1.so.6", O_RDONLY|O_CLOEXEC) = -1 ENOENT (No such file or directory)
10634 openat(AT_FDCWD, "/lib/x86_64-linux-gnu/libtasn1.so.6", O_RDONLY|O_CLOEXEC) = 5
10634 openat(AT_FDCWD, "/opt/hostedtoolcache/Python/3.12.14/x64/lib/libnettle.so.8", O_RDONLY|O_CLOEXEC) = -1 ENOENT (No such file or directory)
10634 openat(AT_FDCWD, "/lib/x86_64-linux-gnu/libnettle.so.8", O_RDONLY|O_CLOEXEC) = 5
10634 openat(AT_FDCWD, "/opt/hostedtoolcache/Python/3.12.14/x64/lib/libhogweed.so.6", O_RDONLY|O_CLOEXEC) = -1 ENOENT (No such file or directory)
10634 openat(AT_FDCWD, "/lib/x86_64-linux-gnu/libhogweed.so.6", O_RDONLY|O_CLOEXEC) = 5
10634 openat(AT_FDCWD, "/opt/hostedtoolcache/Python/3.12.14/x64/lib/libgmp.so.10", O_RDONLY|O_CLOEXEC) = -1 ENOENT (No such file or directory)
10634 openat(AT_FDCWD, "/lib/x86_64-linux-gnu/libgmp.so.10", O_RDONLY|O_CLOEXEC) = 5
10634 openat(AT_FDCWD, "/opt/hostedtoolcache/Python/3.12.14/x64/lib/libbsd.so.0", O_RDONLY|O_CLOEXEC) = -1 ENOENT (No such file or directory)
10634 openat(AT_FDCWD, "/lib/x86_64-linux-gnu/libbsd.so.0", O_RDONLY|O_CLOEXEC) = 5
10634 openat(AT_FDCWD, "/opt/hostedtoolcache/Python/3.12.14/x64/lib/libbz2.so.1.0", O_RDONLY|O_CLOEXEC) = -1 ENOENT (No such file or directory)
10634 openat(AT_FDCWD, "/lib/x86_64-linux-gnu/libbz2.so.1.0", O_RDONLY|O_CLOEXEC) = 5
10634 openat(AT_FDCWD, "/opt/hostedtoolcache/Python/3.12.14/x64/lib/libbrotlidec.so.1", O_RDONLY|O_CLOEXEC) = -1 ENOENT (No such file or directory)
10634 openat(AT_FDCWD, "/lib/x86_64-linux-gnu/libbrotlidec.so.1", O_RDONLY|O_CLOEXEC) = 5
10634 openat(AT_FDCWD, "/opt/hostedtoolcache/Python/3.12.14/x64/lib/libdatrie.so.1", O_RDONLY|O_CLOEXEC) = -1 ENOENT (No such file or directory)
10634 openat(AT_FDCWD, "/lib/x86_64-linux-gnu/libdatrie.so.1", O_RDONLY|O_CLOEXEC) = 5
10634 openat(AT_FDCWD, "/opt/hostedtoolcache/Python/3.12.14/x64/lib/libgraphite2.so.3", O_RDONLY|O_CLOEXEC) = -1 ENOENT (No such file or directory)
10634 openat(AT_FDCWD, "/lib/x86_64-linux-gnu/libgraphite2.so.3", O_RDONLY|O_CLOEXEC) = 5
10634 openat(AT_FDCWD, "/opt/hostedtoolcache/Python/3.12.14/x64/lib/libgpg-error.so.0", O_RDONLY|O_CLOEXEC) = -1 ENOENT (No such file or directory)
10634 openat(AT_FDCWD, "/lib/x86_64-linux-gnu/libgpg-error.so.0", O_RDONLY|O_CLOEXEC) = 5
10634 openat(AT_FDCWD, "/opt/hostedtoolcache/Python/3.12.14/x64/lib/libkeyutils.so.1", O_RDONLY|O_CLOEXEC) = -1 ENOENT (No such file or directory)
10634 openat(AT_FDCWD, "/lib/x86_64-linux-gnu/libkeyutils.so.1", O_RDONLY|O_CLOEXEC) = 5
10634 openat(AT_FDCWD, "/opt/hostedtoolcache/Python/3.12.14/x64/lib/libresolv.so.2", O_RDONLY|O_CLOEXEC) = -1 ENOENT (No such file or directory)
10634 openat(AT_FDCWD, "/lib/x86_64-linux-gnu/libresolv.so.2", O_RDONLY|O_CLOEXEC) = 5
10634 openat(AT_FDCWD, "/opt/hostedtoolcache/Python/3.12.14/x64/lib/libmd.so.0", O_RDONLY|O_CLOEXEC) = -1 ENOENT (No such file or directory)
10634 openat(AT_FDCWD, "/lib/x86_64-linux-gnu/libmd.so.0", O_RDONLY|O_CLOEXEC) = 5
10634 openat(AT_FDCWD, "/opt/hostedtoolcache/Python/3.12.14/x64/lib/libbrotlicommon.so.1", O_RDONLY|O_CLOEXEC) = -1 ENOENT (No such file or directory)
10634 openat(AT_FDCWD, "/lib/x86_64-linux-gnu/libbrotlicommon.so.1", O_RDONLY|O_CLOEXEC) = 5
10634 openat(AT_FDCWD, "/etc/gnutls/config", O_RDONLY|O_CLOEXEC) = 5
10634 openat(AT_FDCWD, "/proc/filesystems", O_RDONLY|O_CLOEXEC) = 5
10634 openat(AT_FDCWD, "/proc/self/stat", O_RDONLY|O_CLOEXEC) = 5
10634 openat(AT_FDCWD, "/proc/stat", O_RDONLY|O_CLOEXEC) = 5
10634 openat(AT_FDCWD, "/usr/lib/locale/locale-archive", O_RDONLY|O_CLOEXEC) = 5
10634 openat(AT_FDCWD, "/usr/share/locale/locale.alias", O_RDONLY|O_CLOEXEC) = 5
10634 openat(AT_FDCWD, "/usr/lib/locale/C.UTF-8/LC_IDENTIFICATION", O_RDONLY|O_CLOEXEC) = -1 ENOENT (No such file or directory)
10634 openat(AT_FDCWD, "/usr/lib/locale/C.utf8/LC_IDENTIFICATION", O_RDONLY|O_CLOEXEC) = 5
10634 openat(AT_FDCWD, "/usr/lib/x86_64-linux-gnu/gconv/gconv-modules.cache", O_RDONLY|O_CLOEXEC) = 5
10634 openat(AT_FDCWD, "/usr/lib/locale/C.UTF-8/LC_MEASUREMENT", O_RDONLY|O_CLOEXEC) = -1 ENOENT (No such file or directory)
10634 openat(AT_FDCWD, "/usr/lib/locale/C.utf8/LC_MEASUREMENT", O_RDONLY|O_CLOEXEC) = 5
10634 openat(AT_FDCWD, "/usr/lib/locale/C.UTF-8/LC_TELEPHONE", O_RDONLY|O_CLOEXEC) = -1 ENOENT (No such file or directory)
10634 openat(AT_FDCWD, "/usr/lib/locale/C.utf8/LC_TELEPHONE", O_RDONLY|O_CLOEXEC) = 5
10634 openat(AT_FDCWD, "/usr/lib/locale/C.UTF-8/LC_ADDRESS", O_RDONLY|O_CLOEXEC) = -1 ENOENT (No such file or directory)
10634 openat(AT_FDCWD, "/usr/lib/locale/C.utf8/LC_ADDRESS", O_RDONLY|O_CLOEXEC) = 5
10634 openat(AT_FDCWD, "/usr/lib/locale/C.UTF-8/LC_NAME", O_RDONLY|O_CLOEXEC) = -1 ENOENT (No such file or directory)
10634 openat(AT_FDCWD, "/usr/lib/locale/C.utf8/LC_NAME", O_RDONLY|O_CLOEXEC) = 5
10634 openat(AT_FDCWD, "/usr/lib/locale/C.UTF-8/LC_PAPER", O_RDONLY|O_CLOEXEC) = -1 ENOENT (No such file or directory)
10634 openat(AT_FDCWD, "/usr/lib/locale/C.utf8/LC_PAPER", O_RDONLY|O_CLOEXEC) = 5
10634 openat(AT_FDCWD, "/usr/lib/locale/C.UTF-8/LC_MESSAGES", O_RDONLY|O_CLOEXEC) = -1 ENOENT (No such file or directory)
10634 openat(AT_FDCWD, "/usr/lib/locale/C.utf8/LC_MESSAGES", O_RDONLY|O_CLOEXEC) = 5
10634 openat(AT_FDCWD, "/usr/lib/locale/C.utf8/LC_MESSAGES/SYS_LC_MESSAGES", O_RDONLY|O_CLOEXEC) = 5
10634 openat(AT_FDCWD, "/usr/lib/locale/C.UTF-8/LC_MONETARY", O_RDONLY|O_CLOEXEC) = -1 ENOENT (No such file or directory)
10634 openat(AT_FDCWD, "/usr/lib/locale/C.utf8/LC_MONETARY", O_RDONLY|O_CLOEXEC) = 5
10634 openat(AT_FDCWD, "/usr/lib/locale/C.UTF-8/LC_COLLATE", O_RDONLY|O_CLOEXEC) = -1 ENOENT (No such file or directory)
10634 openat(AT_FDCWD, "/usr/lib/locale/C.utf8/LC_COLLATE", O_RDONLY|O_CLOEXEC) = 5
10634 openat(AT_FDCWD, "/usr/lib/locale/C.UTF-8/LC_TIME", O_RDONLY|O_CLOEXEC) = -1 ENOENT (No such file or directory)
10634 openat(AT_FDCWD, "/usr/lib/locale/C.utf8/LC_TIME", O_RDONLY|O_CLOEXEC) = 5
10634 openat(AT_FDCWD, "/usr/lib/locale/C.UTF-8/LC_NUMERIC", O_RDONLY|O_CLOEXEC) = -1 ENOENT (No such file or directory)
10634 openat(AT_FDCWD, "/usr/lib/locale/C.utf8/LC_NUMERIC", O_RDONLY|O_CLOEXEC) = 5
10634 openat(AT_FDCWD, "/usr/lib/locale/C.UTF-8/LC_CTYPE", O_RDONLY|O_CLOEXEC) = -1 ENOENT (No such file or directory)
10634 openat(AT_FDCWD, "/usr/lib/locale/C.utf8/LC_CTYPE", O_RDONLY|O_CLOEXEC) = 5
10634 openat(AT_FDCWD, "/opt/google/chrome/icudtl.dat", O_RDONLY) = 5
10634 openat(AT_FDCWD, "/etc/localtime", O_RDONLY|O_CLOEXEC) = 6
10634 openat(AT_FDCWD, "/tmp/playwright_chromiumdev_profile-Lvy8gD/Consent To Send Stats", O_RDONLY|O_CLOEXEC) = -1 ENOENT (No such file or directory)
10634 openat(AT_FDCWD, "/etc/os-release", O_RDONLY|O_CLOEXEC) = 6
10634 socketpair(AF_UNIX, SOCK_SEQPACKET, 0, [6, 7]) = 0
10634 setsockopt(6, SOL_SOCKET, SO_PASSCRED, [1], 4) = 0
10634 setsockopt(7, SOL_SOCKET, SO_PASSCRED, [1], 4) = 0
10641 openat(AT_FDCWD, "/proc/self/fd", O_RDONLY|O_NONBLOCK|O_CLOEXEC|O_DIRECTORY) = 8
10642 openat(AT_FDCWD, "/opt/hostedtoolcache/Python/3.12.14/x64/lib/glibc-hwcaps/x86-64-v4/libdl.so.2", O_RDONLY|O_CLOEXEC) = -1 ENOENT (No such file or directory)
10642 openat(AT_FDCWD, "/opt/hostedtoolcache/Python/3.12.14/x64/lib/glibc-hwcaps/x86-64-v3/libdl.so.2", O_RDONLY|O_CLOEXEC) = -1 ENOENT (No such file or directory)
10642 openat(AT_FDCWD, "/opt/hostedtoolcache/Python/3.12.14/x64/lib/glibc-hwcaps/x86-64-v2/libdl.so.2", O_RDONLY|O_CLOEXEC) = -1 ENOENT (No such file or directory)
10642 openat(AT_FDCWD, "/opt/hostedtoolcache/Python/3.12.14/x64/lib/libdl.so.2", O_RDONLY|O_CLOEXEC) = -1 ENOENT (No such file or directory)
10642 openat(AT_FDCWD, "/etc/ld.so.cache", O_RDONLY|O_CLOEXEC) = 3
10642 openat(AT_FDCWD, "/lib/x86_64-linux-gnu/libdl.so.2", O_RDONLY|O_CLOEXEC) = 3
10634 --- SIGCHLD {si_signo=SIGCHLD, si_code=CLD_EXITED, si_pid=10641, si_uid=1001, si_status=0, si_utime=0, si_stime=0} ---
10642 openat(AT_FDCWD, "/opt/hostedtoolcache/Python/3.12.14/x64/lib/libpthread.so.0", O_RDONLY|O_CLOEXEC) = -1 ENOENT (No such file or directory)
10642 openat(AT_FDCWD, "/lib/x86_64-linux-gnu/libpthread.so.0", O_RDONLY|O_CLOEXEC) = 3
10634 sendmsg(6, {msg_name=NULL, msg_namelen=0, msg_iov=[{iov_base="\1\0\0\0\0\0\0\0\0\0\0\0\0\0\0\0\0\0\0\0\0\0\0\0\0\0\0\0\0\0\0\0\0\0\0\0\0\0\0\0", iov_len=40}], msg_iovlen=1, msg_controllen=0, msg_flags=0}, MSG_NOSIGNAL) = 40
10634 recvmsg(6,  <unfinished ...>
10642 openat(AT_FDCWD, "/opt/hostedtoolcache/Python/3.12.14/x64/lib/libm.so.6", O_RDONLY|O_CLOEXEC) = -1 ENOENT (No such file or directory)
10642 openat(AT_FDCWD, "/lib/x86_64-linux-gnu/libm.so.6", O_RDONLY|O_CLOEXEC) = 3
10642 openat(AT_FDCWD, "/opt/hostedtoolcache/Python/3.12.14/x64/lib/libgcc_s.so.1", O_RDONLY|O_CLOEXEC) = -1 ENOENT (No such file or directory)
10642 openat(AT_FDCWD, "/lib/x86_64-linux-gnu/libgcc_s.so.1", O_RDONLY|O_CLOEXEC) = 3
10642 openat(AT_FDCWD, "/opt/hostedtoolcache/Python/3.12.14/x64/lib/libc.so.6", O_RDONLY|O_CLOEXEC) = -1 ENOENT (No such file or directory)
10642 openat(AT_FDCWD, "/lib/x86_64-linux-gnu/libc.so.6", O_RDONLY|O_CLOEXEC) = 3
10642 socketpair(AF_UNIX, SOCK_SEQPACKET, 0, [3, 4]) = 0
10642 setsockopt(3, SOL_SOCKET, SO_PASSCRED, [1], 4) = 0
10642 setsockopt(4, SOL_SOCKET, SO_PASSCRED, [1], 4) = 0
10643 openat(AT_FDCWD, "/proc/self/fd", O_RDONLY|O_NONBLOCK|O_CLOEXEC|O_DIRECTORY) = 5
10644 openat(AT_FDCWD, "/opt/hostedtoolcache/Python/3.12.14/x64/lib/glibc-hwcaps/x86-64-v4/libdl.so.2", O_RDONLY|O_CLOEXEC) = -1 ENOENT (No such file or directory)
10642 --- SIGCHLD {si_signo=SIGCHLD, si_code=CLD_EXITED, si_pid=10643, si_uid=1001, si_status=0, si_utime=0, si_stime=0} ---
10644 openat(AT_FDCWD, "/opt/hostedtoolcache/Python/3.12.14/x64/lib/glibc-hwcaps/x86-64-v3/libdl.so.2", O_RDONLY|O_CLOEXEC) = -1 ENOENT (No such file or directory)
10644 openat(AT_FDCWD, "/opt/hostedtoolcache/Python/3.12.14/x64/lib/glibc-hwcaps/x86-64-v2/libdl.so.2", O_RDONLY|O_CLOEXEC) = -1 ENOENT (No such file or directory)
10644 openat(AT_FDCWD, "/opt/hostedtoolcache/Python/3.12.14/x64/lib/libdl.so.2", O_RDONLY|O_CLOEXEC) = -1 ENOENT (No such file or directory)
10642 sendmsg(3, {msg_name=NULL, msg_namelen=0, msg_iov=[{iov_base="\1\0\0\0\0\0\0\0\0\0\0\0\0\0\0\0\0\0\0\0\0\0\0\0\0\0\0\0\0\0\0\0\0\0\0\0\0\0\0\0", iov_len=40}], msg_iovlen=1, msg_controllen=0, msg_flags=0}, MSG_NOSIGNAL) = 40
10644 openat(AT_FDCWD, "/etc/ld.so.cache", O_RDONLY|O_CLOEXEC <unfinished ...>
10642 recvmsg(3,  <unfinished ...>
10644 <... openat resumed>)             = 3
10644 openat(AT_FDCWD, "/lib/x86_64-linux-gnu/libdl.so.2", O_RDONLY|O_CLOEXEC) = 3
10644 openat(AT_FDCWD, "/opt/hostedtoolcache/Python/3.12.14/x64/lib/libpthread.so.0", O_RDONLY|O_CLOEXEC) = -1 ENOENT (No such file or directory)
10644 openat(AT_FDCWD, "/lib/x86_64-linux-gnu/libpthread.so.0", O_RDONLY|O_CLOEXEC) = 3
10644 openat(AT_FDCWD, "/opt/hostedtoolcache/Python/3.12.14/x64/lib/libm.so.6", O_RDONLY|O_CLOEXEC) = -1 ENOENT (No such file or directory)
10644 openat(AT_FDCWD, "/lib/x86_64-linux-gnu/libm.so.6", O_RDONLY|O_CLOEXEC) = 3
10644 openat(AT_FDCWD, "/opt/hostedtoolcache/Python/3.12.14/x64/lib/libgcc_s.so.1", O_RDONLY|O_CLOEXEC) = -1 ENOENT (No such file or directory)
10644 openat(AT_FDCWD, "/lib/x86_64-linux-gnu/libgcc_s.so.1", O_RDONLY|O_CLOEXEC) = 3
10644 openat(AT_FDCWD, "/opt/hostedtoolcache/Python/3.12.14/x64/lib/libc.so.6", O_RDONLY|O_CLOEXEC) = -1 ENOENT (No such file or directory)
10644 openat(AT_FDCWD, "/lib/x86_64-linux-gnu/libc.so.6", O_RDONLY|O_CLOEXEC) = 3
10644 getsockopt(4, SOL_SOCKET, SO_PASSCRED, [1], [4]) = 0
10644 recvmsg(4, {msg_name=NULL, msg_namelen=0, msg_iov=[{iov_base="\1\0\0\0\0\0\0\0\0\0\0\0\0\0\0\0\0\0\0\0\0\0\0\0\0\0\0\0\0\0\0\0\0\0\0\0\0\0\0\0", iov_len=40}], msg_iovlen=1, msg_control=[{cmsg_len=28, cmsg_level=SOL_SOCKET, cmsg_type=SCM_CREDENTIALS, cmsg_data={pid=10642, uid=1001, gid=1001}}], msg_controllen=32, msg_flags=0}, 0) = 40
10644 sendmsg(4, {msg_name=NULL, msg_namelen=0, msg_iov=[{iov_base="\0\0\0\0\0\0\0\0", iov_len=8}], msg_iovlen=1, msg_controllen=0, msg_flags=0}, MSG_NOSIGNAL) = 8
10642 <... recvmsg resumed>{msg_name=NULL, msg_namelen=0, msg_iov=[{iov_base="\0\0\0\0\0\0\0\0", iov_len=8}], msg_iovlen=1, msg_control=[{cmsg_len=28, cmsg_level=SOL_SOCKET, cmsg_type=SCM_CREDENTIALS, cmsg_data={pid=10644, uid=1001, gid=1001}}], msg_controllen=32, msg_flags=0}, 0) = 8
10646 openat(AT_FDCWD, "/home/runner/work/deckrender-acceptance/deckrender-acceptance/benchmark/artifacts/acceptance/private/sandboxes/62743d5d51713ee9b031f5fa8a67eefdc7820e5ab7aa1da4c8c21dff31195054/config/google-chrome/Crash Reports/pending", O_RDONLY|O_NONBLOCK|O_CLOEXEC|O_DIRECTORY) = 4
10642 getsockopt(7, SOL_SOCKET, SO_PASSCRED, [1], [4]) = 0
10642 recvmsg(7, {msg_name=NULL, msg_namelen=0, msg_iov=[{iov_base="\1\0\0\0\0\0\0\0\0\0\0\0\0\0\0\0\0\0\0\0\0\0\0\0\0\0\0\0\0\0\0\0\0\0\0\0\0\0\0\0", iov_len=40}], msg_iovlen=1, msg_control=[{cmsg_len=28, cmsg_level=SOL_SOCKET, cmsg_type=SCM_CREDENTIALS, cmsg_data={pid=10634, uid=1001, gid=1001}}], msg_controllen=32, msg_flags=0}, 0) = 40
10642 sendmsg(7, {msg_name=NULL, msg_namelen=0, msg_iov=[{iov_base="\0\0\0\0\0\0\0\0", iov_len=8}], msg_iovlen=1, msg_controllen=0, msg_flags=0}, MSG_NOSIGNAL) = 8
10634 <... recvmsg resumed>{msg_name=NULL, msg_namelen=0, msg_iov=[{iov_base="\0\0\0\0\0\0\0\0", iov_len=8}], msg_iovlen=1, msg_control=[{cmsg_len=28, cmsg_level=SOL_SOCKET, cmsg_type=SCM_CREDENTIALS, cmsg_data={pid=10642, uid=1001, gid=1001}}], msg_controllen=32, msg_flags=0}, 0) = 8
10634 openat(AT_FDCWD, "/tmp/playwright_chromiumdev_profile-Lvy8gD/Consent To Send Stats", O_RDONLY|O_CLOEXEC) = -1 ENOENT (No such file or directory)
10634 openat(AT_FDCWD, "/home/runner/work/deckrender-acceptance/deckrender-acceptance/benchmark/artifacts/acceptance/private/sandboxes/62743d5d51713ee9b031f5fa8a67eefdc7820e5ab7aa1da4c8c21dff31195054/config/google-chrome/Crash Reports/settings.dat", O_RDWR|O_NOCTTY|O_CLOEXEC) = -1 ENOENT (No such file or directory)
10634 openat(AT_FDCWD, "/home/runner/work/deckrender-acceptance/deckrender-acceptance/benchmark/artifacts/acceptance/private/sandboxes/62743d5d51713ee9b031f5fa8a67eefdc7820e5ab7aa1da4c8c21dff31195054/config/google-chrome/Crash Reports/settings.dat", O_RDWR|O_CREAT|O_EXCL|O_NOCTTY|O_CLOEXEC, 0600) = 7
10634 openat(AT_FDCWD, "/home/runner/work/deckrender-acceptance/deckrender-acceptance/benchmark/artifacts/acceptance/private/sandboxes/62743d5d51713ee9b031f5fa8a67eefdc7820e5ab7aa1da4c8c21dff31195054/config/google-chrome/Crash Reports/settings.dat", O_RDWR|O_CREAT|O_NOCTTY|O_CLOEXEC, 0600) = 7
10634 socketpair(AF_UNIX, SOCK_SEQPACKET, 0, [7, 8]) = 0
10634 shutdown(7, SHUT_RD)              = 0
10634 shutdown(8, SHUT_WR)              = 0
10634 socketpair(AF_UNIX, SOCK_SEQPACKET|SOCK_CLOEXEC, 0, [11, 12]) = 0
10634 setsockopt(11, SOL_SOCKET, SO_PASSCRED, [1], 4) = 0
10634 sendmsg(11, {msg_name=NULL, msg_namelen=0, msg_iov=[{iov_base="\4\0\0\0\3\0\0\0", iov_len=8}], msg_iovlen=1, msg_controllen=0, msg_flags=0}, MSG_NOSIGNAL <unfinished ...>
10649 openat(AT_FDCWD, "/dev/null", O_RDONLY <unfinished ...>
10634 <... sendmsg resumed>)            = 8
10649 <... openat resumed>)             = 13
10634 socketpair(AF_UNIX, SOCK_SEQPACKET|SOCK_CLOEXEC, 0, [12, 13]) = 0
10634 setsockopt(12, SOL_SOCKET, SO_PASSCRED, [1], 4) = 0
10634 sendmsg(12, {msg_name=NULL, msg_namelen=0, msg_iov=[{iov_base="\4\0\0\0\3\0\0\0", iov_len=8}], msg_iovlen=1, msg_controllen=0, msg_flags=0}, MSG_NOSIGNAL) = 8
10650 openat(AT_FDCWD, "/dev/null", O_RDONLY) = 14
10649 openat(AT_FDCWD, "/proc/self/fd", O_RDONLY|O_DIRECTORY) = 13
10650 openat(AT_FDCWD, "/proc/self/fd", O_RDONLY|O_DIRECTORY) = 14
10649 openat(AT_FDCWD, "/opt/hostedtoolcache/Python/3.12.14/x64/lib/glibc-hwcaps/x86-64-v4/libdl.so.2", O_RDONLY|O_CLOEXEC) = -1 ENOENT (No such file or directory)
10649 openat(AT_FDCWD, "/opt/hostedtoolcache/Python/3.12.14/x64/lib/glibc-hwcaps/x86-64-v3/libdl.so.2", O_RDONLY|O_CLOEXEC) = -1 ENOENT (No such file or directory)
10649 openat(AT_FDCWD, "/opt/hostedtoolcache/Python/3.12.14/x64/lib/glibc-hwcaps/x86-64-v2/libdl.so.2", O_RDONLY|O_CLOEXEC) = -1 ENOENT (No such file or directory)
10649 openat(AT_FDCWD, "/opt/hostedtoolcache/Python/3.12.14/x64/lib/libdl.so.2", O_RDONLY|O_CLOEXEC) = -1 ENOENT (No such file or directory)
10649 openat(AT_FDCWD, "/etc/ld.so.cache", O_RDONLY|O_CLOEXEC) = 5
10649 openat(AT_FDCWD, "/lib/x86_64-linux-gnu/libdl.so.2", O_RDONLY|O_CLOEXEC) = 5
10649 openat(AT_FDCWD, "/opt/hostedtoolcache/Python/3.12.14/x64/lib/libpthread.so.0", O_RDONLY|O_CLOEXEC) = -1 ENOENT (No such file or directory)
10649 openat(AT_FDCWD, "/lib/x86_64-linux-gnu/libpthread.so.0", O_RDONLY|O_CLOEXEC) = 5
10649 openat(AT_FDCWD, "/opt/hostedtoolcache/Python/3.12.14/x64/lib/libglib-2.0.so.0", O_RDONLY|O_CLOEXEC) = -1 ENOENT (No such file or directory)
10649 openat(AT_FDCWD, "/lib/x86_64-linux-gnu/libglib-2.0.so.0", O_RDONLY|O_CLOEXEC) = 5
10650 openat(AT_FDCWD, "/opt/hostedtoolcache/Python/3.12.14/x64/lib/glibc-hwcaps/x86-64-v4/libdl.so.2", O_RDONLY|O_CLOEXEC) = -1 ENOENT (No such file or directory)
10650 openat(AT_FDCWD, "/opt/hostedtoolcache/Python/3.12.14/x64/lib/glibc-hwcaps/x86-64-v3/libdl.so.2", O_RDONLY|O_CLOEXEC) = -1 ENOENT (No such file or directory)
10650 openat(AT_FDCWD, "/opt/hostedtoolcache/Python/3.12.14/x64/lib/glibc-hwcaps/x86-64-v2/libdl.so.2", O_RDONLY|O_CLOEXEC) = -1 ENOENT (No such file or directory)
10650 openat(AT_FDCWD, "/opt/hostedtoolcache/Python/3.12.14/x64/lib/libdl.so.2", O_RDONLY|O_CLOEXEC <unfinished ...>
10649 openat(AT_FDCWD, "/opt/hostedtoolcache/Python/3.12.14/x64/lib/libgobject-2.0.so.0", O_RDONLY|O_CLOEXEC <unfinished ...>
10650 <... openat resumed>)             = -1 ENOENT (No such file or directory)
10649 <... openat resumed>)             = -1 ENOENT (No such file or directory)
10649 openat(AT_FDCWD, "/lib/x86_64-linux-gnu/libgobject-2.0.so.0", O_RDONLY|O_CLOEXEC <unfinished ...>
10650 openat(AT_FDCWD, "/etc/ld.so.cache", O_RDONLY|O_CLOEXEC <unfinished ...>
10649 <... openat resumed>)             = 5
10650 <... openat resumed>)             = 5
10650 openat(AT_FDCWD, "/lib/x86_64-linux-gnu/libdl.so.2", O_RDONLY|O_CLOEXEC) = 5
10649 openat(AT_FDCWD, "/opt/hostedtoolcache/Python/3.12.14/x64/lib/libnspr4.so", O_RDONLY|O_CLOEXEC) = -1 ENOENT (No such file or directory)
10649 openat(AT_FDCWD, "/lib/x86_64-linux-gnu/libnspr4.so", O_RDONLY|O_CLOEXEC) = 5
10650 openat(AT_FDCWD, "/opt/hostedtoolcache/Python/3.12.14/x64/lib/libpthread.so.0", O_RDONLY|O_CLOEXEC) = -1 ENOENT (No such file or directory)
10650 openat(AT_FDCWD, "/lib/x86_64-linux-gnu/libpthread.so.0", O_RDONLY|O_CLOEXEC) = 5
10650 openat(AT_FDCWD, "/opt/hostedtoolcache/Python/3.12.14/x64/lib/libglib-2.0.so.0", O_RDONLY|O_CLOEXEC) = -1 ENOENT (No such file or directory)
10649 openat(AT_FDCWD, "/opt/hostedtoolcache/Python/3.12.14/x64/lib/libnss3.so", O_RDONLY|O_CLOEXEC <unfinished ...>
10650 openat(AT_FDCWD, "/lib/x86_64-linux-gnu/libglib-2.0.so.0", O_RDONLY|O_CLOEXEC <unfinished ...>
10649 <... openat resumed>)             = -1 ENOENT (No such file or directory)
10650 <... openat resumed>)             = 5
10649 openat(AT_FDCWD, "/lib/x86_64-linux-gnu/libnss3.so", O_RDONLY|O_CLOEXEC) = 5
10650 openat(AT_FDCWD, "/opt/hostedtoolcache/Python/3.12.14/x64/lib/libgobject-2.0.so.0", O_RDONLY|O_CLOEXEC) = -1 ENOENT (No such file or directory)
10650 openat(AT_FDCWD, "/lib/x86_64-linux-gnu/libgobject-2.0.so.0", O_RDONLY|O_CLOEXEC) = 5
10649 openat(AT_FDCWD, "/opt/hostedtoolcache/Python/3.12.14/x64/lib/libnssutil3.so", O_RDONLY|O_CLOEXEC) = -1 ENOENT (No such file or directory)
10649 openat(AT_FDCWD, "/lib/x86_64-linux-gnu/libnssutil3.so", O_RDONLY|O_CLOEXEC) = 5
10650 openat(AT_FDCWD, "/opt/hostedtoolcache/Python/3.12.14/x64/lib/libnspr4.so", O_RDONLY|O_CLOEXEC) = -1 ENOENT (No such file or directory)
10650 openat(AT_FDCWD, "/lib/x86_64-linux-gnu/libnspr4.so", O_RDONLY|O_CLOEXEC) = 5
10649 openat(AT_FDCWD, "/opt/hostedtoolcache/Python/3.12.14/x64/lib/libsmime3.so", O_RDONLY|O_CLOEXEC) = -1 ENOENT (No such file or directory)
10649 openat(AT_FDCWD, "/lib/x86_64-linux-gnu/libsmime3.so", O_RDONLY|O_CLOEXEC) = 5
10650 openat(AT_FDCWD, "/opt/hostedtoolcache/Python/3.12.14/x64/lib/libnss3.so", O_RDONLY|O_CLOEXEC) = -1 ENOENT (No such file or directory)
10650 openat(AT_FDCWD, "/lib/x86_64-linux-gnu/libnss3.so", O_RDONLY|O_CLOEXEC) = 5
10649 openat(AT_FDCWD, "/opt/hostedtoolcache/Python/3.12.14/x64/lib/libgio-2.0.so.0", O_RDONLY|O_CLOEXEC) = -1 ENOENT (No such file or directory)
10649 openat(AT_FDCWD, "/lib/x86_64-linux-gnu/libgio-2.0.so.0", O_RDONLY|O_CLOEXEC) = 5
10650 openat(AT_FDCWD, "/opt/hostedtoolcache/Python/3.12.14/x64/lib/libnssutil3.so", O_RDONLY|O_CLOEXEC) = -1 ENOENT (No such file or directory)
10650 openat(AT_FDCWD, "/lib/x86_64-linux-gnu/libnssutil3.so", O_RDONLY|O_CLOEXEC) = 5
10649 openat(AT_FDCWD, "/opt/hostedtoolcache/Python/3.12.14/x64/lib/libatk-1.0.so.0", O_RDONLY|O_CLOEXEC) = -1 ENOENT (No such file or directory)
10649 openat(AT_FDCWD, "/lib/x86_64-linux-gnu/libatk-1.0.so.0", O_RDONLY|O_CLOEXEC) = 5
10650 openat(AT_FDCWD, "/opt/hostedtoolcache/Python/3.12.14/x64/lib/libsmime3.so", O_RDONLY|O_CLOEXEC) = -1 ENOENT (No such file or directory)
10650 openat(AT_FDCWD, "/lib/x86_64-linux-gnu/libsmime3.so", O_RDONLY|O_CLOEXEC) = 5
10649 openat(AT_FDCWD, "/opt/hostedtoolcache/Python/3.12.14/x64/lib/libatk-bridge-2.0.so.0", O_RDONLY|O_CLOEXEC) = -1 ENOENT (No such file or directory)
10649 openat(AT_FDCWD, "/lib/x86_64-linux-gnu/libatk-bridge-2.0.so.0", O_RDONLY|O_CLOEXEC) = 5
10650 openat(AT_FDCWD, "/opt/hostedtoolcache/Python/3.12.14/x64/lib/libgio-2.0.so.0", O_RDONLY|O_CLOEXEC) = -1 ENOENT (No such file or directory)
10650 openat(AT_FDCWD, "/lib/x86_64-linux-gnu/libgio-2.0.so.0", O_RDONLY|O_CLOEXEC) = 5
10649 openat(AT_FDCWD, "/opt/hostedtoolcache/Python/3.12.14/x64/lib/libdbus-1.so.3", O_RDONLY|O_CLOEXEC) = -1 ENOENT (No such file or directory)
10649 openat(AT_FDCWD, "/lib/x86_64-linux-gnu/libdbus-1.so.3", O_RDONLY|O_CLOEXEC) = 5
10650 openat(AT_FDCWD, "/opt/hostedtoolcache/Python/3.12.14/x64/lib/libatk-1.0.so.0", O_RDONLY|O_CLOEXEC) = -1 ENOENT (No such file or directory)
10650 openat(AT_FDCWD, "/lib/x86_64-linux-gnu/libatk-1.0.so.0", O_RDONLY|O_CLOEXEC) = 5
10649 openat(AT_FDCWD, "/opt/hostedtoolcache/Python/3.12.14/x64/lib/libcups.so.2", O_RDONLY|O_CLOEXEC) = -1 ENOENT (No such file or directory)
10649 openat(AT_FDCWD, "/lib/x86_64-linux-gnu/libcups.so.2", O_RDONLY|O_CLOEXEC) = 5
10650 openat(AT_FDCWD, "/opt/hostedtoolcache/Python/3.12.14/x64/lib/libatk-bridge-2.0.so.0", O_RDONLY|O_CLOEXEC) = -1 ENOENT (No such file or directory)
10650 openat(AT_FDCWD, "/lib/x86_64-linux-gnu/libatk-bridge-2.0.so.0", O_RDONLY|O_CLOEXEC) = 5
10649 openat(AT_FDCWD, "/opt/hostedtoolcache/Python/3.12.14/x64/lib/libexpat.so.1", O_RDONLY|O_CLOEXEC) = -1 ENOENT (No such file or directory)
10649 openat(AT_FDCWD, "/lib/x86_64-linux-gnu/libexpat.so.1", O_RDONLY|O_CLOEXEC <unfinished ...>
10650 openat(AT_FDCWD, "/opt/hostedtoolcache/Python/3.12.14/x64/lib/libdbus-1.so.3", O_RDONLY|O_CLOEXEC <unfinished ...>
10649 <... openat resumed>)             = 5
10650 <... openat resumed>)             = -1 ENOENT (No such file or directory)
10650 openat(AT_FDCWD, "/lib/x86_64-linux-gnu/libdbus-1.so.3", O_RDONLY|O_CLOEXEC) = 5
10649 openat(AT_FDCWD, "/opt/hostedtoolcache/Python/3.12.14/x64/lib/libxcb.so.1", O_RDONLY|O_CLOEXEC) = -1 ENOENT (No such file or directory)
10649 openat(AT_FDCWD, "/lib/x86_64-linux-gnu/libxcb.so.1", O_RDONLY|O_CLOEXEC) = 5
10650 openat(AT_FDCWD, "/opt/hostedtoolcache/Python/3.12.14/x64/lib/libcups.so.2", O_RDONLY|O_CLOEXEC) = -1 ENOENT (No such file or directory)
10650 openat(AT_FDCWD, "/lib/x86_64-linux-gnu/libcups.so.2", O_RDONLY|O_CLOEXEC) = 5
10649 openat(AT_FDCWD, "/opt/hostedtoolcache/Python/3.12.14/x64/lib/libxkbcommon.so.0", O_RDONLY|O_CLOEXEC) = -1 ENOENT (No such file or directory)
10649 openat(AT_FDCWD, "/lib/x86_64-linux-gnu/libxkbcommon.so.0", O_RDONLY|O_CLOEXEC <unfinished ...>
10650 openat(AT_FDCWD, "/opt/hostedtoolcache/Python/3.12.14/x64/lib/libexpat.so.1", O_RDONLY|O_CLOEXEC <unfinished ...>
10649 <... openat resumed>)             = 5
10650 <... openat resumed>)             = -1 ENOENT (No such file or directory)
10650 openat(AT_FDCWD, "/lib/x86_64-linux-gnu/libexpat.so.1", O_RDONLY|O_CLOEXEC) = 5
10649 openat(AT_FDCWD, "/opt/hostedtoolcache/Python/3.12.14/x64/lib/libasound.so.2", O_RDONLY|O_CLOEXEC) = -1 ENOENT (No such file or directory)
10650 openat(AT_FDCWD, "/opt/hostedtoolcache/Python/3.12.14/x64/lib/libxcb.so.1", O_RDONLY|O_CLOEXEC <unfinished ...>
10649 openat(AT_FDCWD, "/lib/x86_64-linux-gnu/libasound.so.2", O_RDONLY|O_CLOEXEC <unfinished ...>
10650 <... openat resumed>)             = -1 ENOENT (No such file or directory)
10649 <... openat resumed>)             = 5
10650 openat(AT_FDCWD, "/lib/x86_64-linux-gnu/libxcb.so.1", O_RDONLY|O_CLOEXEC) = 5
10649 openat(AT_FDCWD, "/opt/hostedtoolcache/Python/3.12.14/x64/lib/libgbm.so.1", O_RDONLY|O_CLOEXEC <unfinished ...>
10650 openat(AT_FDCWD, "/opt/hostedtoolcache/Python/3.12.14/x64/lib/libxkbcommon.so.0", O_RDONLY|O_CLOEXEC <unfinished ...>
10649 <... openat resumed>)             = -1 ENOENT (No such file or directory)
10650 <... openat resumed>)             = -1 ENOENT (No such file or directory)
10649 openat(AT_FDCWD, "/lib/x86_64-linux-gnu/libgbm.so.1", O_RDONLY|O_CLOEXEC <unfinished ...>
10650 openat(AT_FDCWD, "/lib/x86_64-linux-gnu/libxkbcommon.so.0", O_RDONLY|O_CLOEXEC <unfinished ...>
10649 <... openat resumed>)             = 5
10650 <... openat resumed>)             = 5
10650 openat(AT_FDCWD, "/opt/hostedtoolcache/Python/3.12.14/x64/lib/libasound.so.2", O_RDONLY|O_CLOEXEC) = -1 ENOENT (No such file or directory)
10650 openat(AT_FDCWD, "/lib/x86_64-linux-gnu/libasound.so.2", O_RDONLY|O_CLOEXEC <unfinished ...>
10649 openat(AT_FDCWD, "/opt/hostedtoolcache/Python/3.12.14/x64/lib/libX11.so.6", O_RDONLY|O_CLOEXEC <unfinished ...>
10650 <... openat resumed>)             = 5
10649 <... openat resumed>)             = -1 ENOENT (No such file or directory)
10649 openat(AT_FDCWD, "/lib/x86_64-linux-gnu/libX11.so.6", O_RDONLY|O_CLOEXEC) = 5
10650 openat(AT_FDCWD, "/opt/hostedtoolcache/Python/3.12.14/x64/lib/libgbm.so.1", O_RDONLY|O_CLOEXEC) = -1 ENOENT (No such file or directory)
10650 openat(AT_FDCWD, "/lib/x86_64-linux-gnu/libgbm.so.1", O_RDONLY|O_CLOEXEC) = 5
10649 openat(AT_FDCWD, "/opt/hostedtoolcache/Python/3.12.14/x64/lib/libXext.so.6", O_RDONLY|O_CLOEXEC) = -1 ENOENT (No such file or directory)
10649 openat(AT_FDCWD, "/lib/x86_64-linux-gnu/libXext.so.6", O_RDONLY|O_CLOEXEC) = 5
10650 openat(AT_FDCWD, "/opt/hostedtoolcache/Python/3.12.14/x64/lib/libX11.so.6", O_RDONLY|O_CLOEXEC) = -1 ENOENT (No such file or directory)
10650 openat(AT_FDCWD, "/lib/x86_64-linux-gnu/libX11.so.6", O_RDONLY|O_CLOEXEC <unfinished ...>
10649 openat(AT_FDCWD, "/opt/hostedtoolcache/Python/3.12.14/x64/lib/libcairo.so.2", O_RDONLY|O_CLOEXEC <unfinished ...>
10650 <... openat resumed>)             = 5
10649 <... openat resumed>)             = -1 ENOENT (No such file or directory)
10649 openat(AT_FDCWD, "/lib/x86_64-linux-gnu/libcairo.so.2", O_RDONLY|O_CLOEXEC) = 5
10650 openat(AT_FDCWD, "/opt/hostedtoolcache/Python/3.12.14/x64/lib/libXext.so.6", O_RDONLY|O_CLOEXEC) = -1 ENOENT (No such file or directory)
10650 openat(AT_FDCWD, "/lib/x86_64-linux-gnu/libXext.so.6", O_RDONLY|O_CLOEXEC) = 5
10649 openat(AT_FDCWD, "/opt/hostedtoolcache/Python/3.12.14/x64/lib/libpango-1.0.so.0", O_RDONLY|O_CLOEXEC) = -1 ENOENT (No such file or directory)
10649 openat(AT_FDCWD, "/lib/x86_64-linux-gnu/libpango-1.0.so.0", O_RDONLY|O_CLOEXEC) = 5
10650 openat(AT_FDCWD, "/opt/hostedtoolcache/Python/3.12.14/x64/lib/libcairo.so.2", O_RDONLY|O_CLOEXEC) = -1 ENOENT (No such file or directory)
10650 openat(AT_FDCWD, "/lib/x86_64-linux-gnu/libcairo.so.2", O_RDONLY|O_CLOEXEC) = 5
10649 openat(AT_FDCWD, "/opt/hostedtoolcache/Python/3.12.14/x64/lib/libudev.so.1", O_RDONLY|O_CLOEXEC) = -1 ENOENT (No such file or directory)
10649 openat(AT_FDCWD, "/lib/x86_64-linux-gnu/libudev.so.1", O_RDONLY|O_CLOEXEC) = 5
10650 openat(AT_FDCWD, "/opt/hostedtoolcache/Python/3.12.14/x64/lib/libpango-1.0.so.0", O_RDONLY|O_CLOEXEC) = -1 ENOENT (No such file or directory)
10650 openat(AT_FDCWD, "/lib/x86_64-linux-gnu/libpango-1.0.so.0", O_RDONLY|O_CLOEXEC) = 5
10649 openat(AT_FDCWD, "/opt/hostedtoolcache/Python/3.12.14/x64/lib/libm.so.6", O_RDONLY|O_CLOEXEC) = -1 ENOENT (No such file or directory)
10649 openat(AT_FDCWD, "/lib/x86_64-linux-gnu/libm.so.6", O_RDONLY|O_CLOEXEC) = 5
10650 openat(AT_FDCWD, "/opt/hostedtoolcache/Python/3.12.14/x64/lib/libudev.so.1", O_RDONLY|O_CLOEXEC) = -1 ENOENT (No such file or directory)
10650 openat(AT_FDCWD, "/lib/x86_64-linux-gnu/libudev.so.1", O_RDONLY|O_CLOEXEC) = 5
10649 openat(AT_FDCWD, "/opt/hostedtoolcache/Python/3.12.14/x64/lib/libXcomposite.so.1", O_RDONLY|O_CLOEXEC) = -1 ENOENT (No such file or directory)
10649 openat(AT_FDCWD, "/lib/x86_64-linux-gnu/libXcomposite.so.1", O_RDONLY|O_CLOEXEC) = 5
10650 openat(AT_FDCWD, "/opt/hostedtoolcache/Python/3.12.14/x64/lib/libm.so.6", O_RDONLY|O_CLOEXEC) = -1 ENOENT (No such file or directory)
10650 openat(AT_FDCWD, "/lib/x86_64-linux-gnu/libm.so.6", O_RDONLY|O_CLOEXEC) = 5
10649 openat(AT_FDCWD, "/opt/hostedtoolcache/Python/3.12.14/x64/lib/libXdamage.so.1", O_RDONLY|O_CLOEXEC) = -1 ENOENT (No such file or directory)
10649 openat(AT_FDCWD, "/lib/x86_64-linux-gnu/libXdamage.so.1", O_RDONLY|O_CLOEXEC) = 5
10650 openat(AT_FDCWD, "/opt/hostedtoolcache/Python/3.12.14/x64/lib/libXcomposite.so.1", O_RDONLY|O_CLOEXEC) = -1 ENOENT (No such file or directory)
10650 openat(AT_FDCWD, "/lib/x86_64-linux-gnu/libXcomposite.so.1", O_RDONLY|O_CLOEXEC) = 5
10649 openat(AT_FDCWD, "/opt/hostedtoolcache/Python/3.12.14/x64/lib/libXfixes.so.3", O_RDONLY|O_CLOEXEC) = -1 ENOENT (No such file or directory)
10649 openat(AT_FDCWD, "/lib/x86_64-linux-gnu/libXfixes.so.3", O_RDONLY|O_CLOEXEC) = 5
10650 openat(AT_FDCWD, "/opt/hostedtoolcache/Python/3.12.14/x64/lib/libXdamage.so.1", O_RDONLY|O_CLOEXEC) = -1 ENOENT (No such file or directory)
10650 openat(AT_FDCWD, "/lib/x86_64-linux-gnu/libXdamage.so.1", O_RDONLY|O_CLOEXEC) = 5
10649 openat(AT_FDCWD, "/opt/hostedtoolcache/Python/3.12.14/x64/lib/libXrandr.so.2", O_RDONLY|O_CLOEXEC) = -1 ENOENT (No such file or directory)
10649 openat(AT_FDCWD, "/lib/x86_64-linux-gnu/libXrandr.so.2", O_RDONLY|O_CLOEXEC) = 5
10650 openat(AT_FDCWD, "/opt/hostedtoolcache/Python/3.12.14/x64/lib/libXfixes.so.3", O_RDONLY|O_CLOEXEC) = -1 ENOENT (No such file or directory)
10650 openat(AT_FDCWD, "/lib/x86_64-linux-gnu/libXfixes.so.3", O_RDONLY|O_CLOEXEC) = 5
10649 openat(AT_FDCWD, "/opt/hostedtoolcache/Python/3.12.14/x64/lib/libatspi.so.0", O_RDONLY|O_CLOEXEC) = -1 ENOENT (No such file or directory)
10649 openat(AT_FDCWD, "/lib/x86_64-linux-gnu/libatspi.so.0", O_RDONLY|O_CLOEXEC) = 5
10650 openat(AT_FDCWD, "/opt/hostedtoolcache/Python/3.12.14/x64/lib/libXrandr.so.2", O_RDONLY|O_CLOEXEC) = -1 ENOENT (No such file or directory)
10650 openat(AT_FDCWD, "/lib/x86_64-linux-gnu/libXrandr.so.2", O_RDONLY|O_CLOEXEC) = 5
10649 openat(AT_FDCWD, "/opt/hostedtoolcache/Python/3.12.14/x64/lib/libgcc_s.so.1", O_RDONLY|O_CLOEXEC) = -1 ENOENT (No such file or directory)
10649 openat(AT_FDCWD, "/lib/x86_64-linux-gnu/libgcc_s.so.1", O_RDONLY|O_CLOEXEC) = 5
10650 openat(AT_FDCWD, "/opt/hostedtoolcache/Python/3.12.14/x64/lib/libatspi.so.0", O_RDONLY|O_CLOEXEC) = -1 ENOENT (No such file or directory)
10650 openat(AT_FDCWD, "/lib/x86_64-linux-gnu/libatspi.so.0", O_RDONLY|O_CLOEXEC) = 5
10649 openat(AT_FDCWD, "/opt/hostedtoolcache/Python/3.12.14/x64/lib/libc.so.6", O_RDONLY|O_CLOEXEC) = -1 ENOENT (No such file or directory)
10649 openat(AT_FDCWD, "/lib/x86_64-linux-gnu/libc.so.6", O_RDONLY|O_CLOEXEC) = 5
10650 openat(AT_FDCWD, "/opt/hostedtoolcache/Python/3.12.14/x64/lib/libgcc_s.so.1", O_RDONLY|O_CLOEXEC) = -1 ENOENT (No such file or directory)
10650 openat(AT_FDCWD, "/lib/x86_64-linux-gnu/libgcc_s.so.1", O_RDONLY|O_CLOEXEC) = 5
10650 openat(AT_FDCWD, "/opt/hostedtoolcache/Python/3.12.14/x64/lib/libc.so.6", O_RDONLY|O_CLOEXEC) = -1 ENOENT (No such file or directory)
10650 openat(AT_FDCWD, "/lib/x86_64-linux-gnu/libc.so.6", O_RDONLY|O_CLOEXEC) = 5
10649 openat(AT_FDCWD, "/opt/hostedtoolcache/Python/3.12.14/x64/lib/libpcre2-8.so.0", O_RDONLY|O_CLOEXEC) = -1 ENOENT (No such file or directory)
10649 openat(AT_FDCWD, "/lib/x86_64-linux-gnu/libpcre2-8.so.0", O_RDONLY|O_CLOEXEC) = 5
10650 openat(AT_FDCWD, "/opt/hostedtoolcache/Python/3.12.14/x64/lib/libpcre2-8.so.0", O_RDONLY|O_CLOEXEC <unfinished ...>
10649 openat(AT_FDCWD, "/opt/hostedtoolcache/Python/3.12.14/x64/lib/libffi.so.8", O_RDONLY|O_CLOEXEC <unfinished ...>
10650 <... openat resumed>)             = -1 ENOENT (No such file or directory)
10649 <... openat resumed>)             = -1 ENOENT (No such file or directory)
10650 openat(AT_FDCWD, "/lib/x86_64-linux-gnu/libpcre2-8.so.0", O_RDONLY|O_CLOEXEC <unfinished ...>
10649 openat(AT_FDCWD, "/lib/x86_64-linux-gnu/libffi.so.8", O_RDONLY|O_CLOEXEC <unfinished ...>
10650 <... openat resumed>)             = 5
10649 <... openat resumed>)             = 5
10650 openat(AT_FDCWD, "/opt/hostedtoolcache/Python/3.12.14/x64/lib/libffi.so.8", O_RDONLY|O_CLOEXEC <unfinished ...>
10649 openat(AT_FDCWD, "/opt/hostedtoolcache/Python/3.12.14/x64/lib/libplc4.so", O_RDONLY|O_CLOEXEC <unfinished ...>
10650 <... openat resumed>)             = -1 ENOENT (No such file or directory)
10649 <... openat resumed>)             = -1 ENOENT (No such file or directory)
10650 openat(AT_FDCWD, "/lib/x86_64-linux-gnu/libffi.so.8", O_RDONLY|O_CLOEXEC <unfinished ...>
10649 openat(AT_FDCWD, "/lib/x86_64-linux-gnu/libplc4.so", O_RDONLY|O_CLOEXEC <unfinished ...>
10650 <... openat resumed>)             = 5
10649 <... openat resumed>)             = 5
10650 openat(AT_FDCWD, "/opt/hostedtoolcache/Python/3.12.14/x64/lib/libplc4.so", O_RDONLY|O_CLOEXEC <unfinished ...>
10649 openat(AT_FDCWD, "/opt/hostedtoolcache/Python/3.12.14/x64/lib/libplds4.so", O_RDONLY|O_CLOEXEC <unfinished ...>
10650 <... openat resumed>)             = -1 ENOENT (No such file or directory)
10649 <... openat resumed>)             = -1 ENOENT (No such file or directory)
10650 openat(AT_FDCWD, "/lib/x86_64-linux-gnu/libplc4.so", O_RDONLY|O_CLOEXEC <unfinished ...>
10649 openat(AT_FDCWD, "/lib/x86_64-linux-gnu/libplds4.so", O_RDONLY|O_CLOEXEC <unfinished ...>
10650 <... openat resumed>)             = 5
10649 <... openat resumed>)             = 5
10650 openat(AT_FDCWD, "/opt/hostedtoolcache/Python/3.12.14/x64/lib/libplds4.so", O_RDONLY|O_CLOEXEC) = -1 ENOENT (No such file or directory)
10650 openat(AT_FDCWD, "/lib/x86_64-linux-gnu/libplds4.so", O_RDONLY|O_CLOEXEC <unfinished ...>
10649 openat(AT_FDCWD, "/opt/hostedtoolcache/Python/3.12.14/x64/lib/libgmodule-2.0.so.0", O_RDONLY|O_CLOEXEC <unfinished ...>
10650 <... openat resumed>)             = 5
10649 <... openat resumed>)             = -1 ENOENT (No such file or directory)
10649 openat(AT_FDCWD, "/lib/x86_64-linux-gnu/libgmodule-2.0.so.0", O_RDONLY|O_CLOEXEC) = 5
10650 openat(AT_FDCWD, "/opt/hostedtoolcache/Python/3.12.14/x64/lib/libgmodule-2.0.so.0", O_RDONLY|O_CLOEXEC) = -1 ENOENT (No such file or directory)
10650 openat(AT_FDCWD, "/lib/x86_64-linux-gnu/libgmodule-2.0.so.0", O_RDONLY|O_CLOEXEC <unfinished ...>
10649 openat(AT_FDCWD, "/opt/hostedtoolcache/Python/3.12.14/x64/lib/libz.so.1", O_RDONLY|O_CLOEXEC <unfinished ...>
10650 <... openat resumed>)             = 5
10649 <... openat resumed>)             = -1 ENOENT (No such file or directory)
10649 openat(AT_FDCWD, "/lib/x86_64-linux-gnu/libz.so.1", O_RDONLY|O_CLOEXEC) = 5
10650 openat(AT_FDCWD, "/opt/hostedtoolcache/Python/3.12.14/x64/lib/libz.so.1", O_RDONLY|O_CLOEXEC) = -1 ENOENT (No such file or directory)
10650 openat(AT_FDCWD, "/lib/x86_64-linux-gnu/libz.so.1", O_RDONLY|O_CLOEXEC) = 5
10649 openat(AT_FDCWD, "/opt/hostedtoolcache/Python/3.12.14/x64/lib/libmount.so.1", O_RDONLY|O_CLOEXEC) = -1 ENOENT (No such file or directory)
10649 openat(AT_FDCWD, "/lib/x86_64-linux-gnu/libmount.so.1", O_RDONLY|O_CLOEXEC) = 5
10650 openat(AT_FDCWD, "/opt/hostedtoolcache/Python/3.12.14/x64/lib/libmount.so.1", O_RDONLY|O_CLOEXEC) = -1 ENOENT (No such file or directory)
10650 openat(AT_FDCWD, "/lib/x86_64-linux-gnu/libmount.so.1", O_RDONLY|O_CLOEXEC) = 5
10649 openat(AT_FDCWD, "/opt/hostedtoolcache/Python/3.12.14/x64/lib/libselinux.so.1", O_RDONLY|O_CLOEXEC) = -1 ENOENT (No such file or directory)
10649 openat(AT_FDCWD, "/lib/x86_64-linux-gnu/libselinux.so.1", O_RDONLY|O_CLOEXEC) = 5
10650 openat(AT_FDCWD, "/opt/hostedtoolcache/Python/3.12.14/x64/lib/libselinux.so.1", O_RDONLY|O_CLOEXEC) = -1 ENOENT (No such file or directory)
10650 openat(AT_FDCWD, "/lib/x86_64-linux-gnu/libselinux.so.1", O_RDONLY|O_CLOEXEC) = 5
10649 openat(AT_FDCWD, "/opt/hostedtoolcache/Python/3.12.14/x64/lib/libsystemd.so.0", O_RDONLY|O_CLOEXEC) = -1 ENOENT (No such file or directory)
10649 openat(AT_FDCWD, "/lib/x86_64-linux-gnu/libsystemd.so.0", O_RDONLY|O_CLOEXEC) = 5
10650 openat(AT_FDCWD, "/opt/hostedtoolcache/Python/3.12.14/x64/lib/libsystemd.so.0", O_RDONLY|O_CLOEXEC) = -1 ENOENT (No such file or directory)
10650 openat(AT_FDCWD, "/lib/x86_64-linux-gnu/libsystemd.so.0", O_RDONLY|O_CLOEXEC) = 5
10649 openat(AT_FDCWD, "/opt/hostedtoolcache/Python/3.12.14/x64/lib/libgssapi_krb5.so.2", O_RDONLY|O_CLOEXEC) = -1 ENOENT (No such file or directory)
10649 openat(AT_FDCWD, "/lib/x86_64-linux-gnu/libgssapi_krb5.so.2", O_RDONLY|O_CLOEXEC <unfinished ...>
10650 openat(AT_FDCWD, "/opt/hostedtoolcache/Python/3.12.14/x64/lib/libgssapi_krb5.so.2", O_RDONLY|O_CLOEXEC <unfinished ...>
10649 <... openat resumed>)             = 5
10650 <... openat resumed>)             = -1 ENOENT (No such file or directory)
10650 openat(AT_FDCWD, "/lib/x86_64-linux-gnu/libgssapi_krb5.so.2", O_RDONLY|O_CLOEXEC) = 5
10649 openat(AT_FDCWD, "/opt/hostedtoolcache/Python/3.12.14/x64/lib/libavahi-common.so.3", O_RDONLY|O_CLOEXEC) = -1 ENOENT (No such file or directory)
10649 openat(AT_FDCWD, "/lib/x86_64-linux-gnu/libavahi-common.so.3", O_RDONLY|O_CLOEXEC <unfinished ...>
10650 openat(AT_FDCWD, "/opt/hostedtoolcache/Python/3.12.14/x64/lib/libavahi-common.so.3", O_RDONLY|O_CLOEXEC <unfinished ...>
10649 <... openat resumed>)             = 5
10650 <... openat resumed>)             = -1 ENOENT (No such file or directory)
10650 openat(AT_FDCWD, "/lib/x86_64-linux-gnu/libavahi-common.so.3", O_RDONLY|O_CLOEXEC) = 5
10649 openat(AT_FDCWD, "/opt/hostedtoolcache/Python/3.12.14/x64/lib/libavahi-client.so.3", O_RDONLY|O_CLOEXEC <unfinished ...>
10650 openat(AT_FDCWD, "/opt/hostedtoolcache/Python/3.12.14/x64/lib/libavahi-client.so.3", O_RDONLY|O_CLOEXEC <unfinished ...>
10649 <... openat resumed>)             = -1 ENOENT (No such file or directory)
10650 <... openat resumed>)             = -1 ENOENT (No such file or directory)
10649 openat(AT_FDCWD, "/lib/x86_64-linux-gnu/libavahi-client.so.3", O_RDONLY|O_CLOEXEC <unfinished ...>
10650 openat(AT_FDCWD, "/lib/x86_64-linux-gnu/libavahi-client.so.3", O_RDONLY|O_CLOEXEC <unfinished ...>
10649 <... openat resumed>)             = 5
10650 <... openat resumed>)             = 5
10650 openat(AT_FDCWD, "/opt/hostedtoolcache/Python/3.12.14/x64/lib/libgnutls.so.30", O_RDONLY|O_CLOEXEC <unfinished ...>
10649 openat(AT_FDCWD, "/opt/hostedtoolcache/Python/3.12.14/x64/lib/libgnutls.so.30", O_RDONLY|O_CLOEXEC <unfinished ...>
10650 <... openat resumed>)             = -1 ENOENT (No such file or directory)
10649 <... openat resumed>)             = -1 ENOENT (No such file or directory)
10650 openat(AT_FDCWD, "/lib/x86_64-linux-gnu/libgnutls.so.30", O_RDONLY|O_CLOEXEC <unfinished ...>
10649 openat(AT_FDCWD, "/lib/x86_64-linux-gnu/libgnutls.so.30", O_RDONLY|O_CLOEXEC <unfinished ...>
10650 <... openat resumed>)             = 5
10649 <... openat resumed>)             = 5
10650 openat(AT_FDCWD, "/opt/hostedtoolcache/Python/3.12.14/x64/lib/libXau.so.6", O_RDONLY|O_CLOEXEC <unfinished ...>
10649 openat(AT_FDCWD, "/opt/hostedtoolcache/Python/3.12.14/x64/lib/libXau.so.6", O_RDONLY|O_CLOEXEC <unfinished ...>
10650 <... openat resumed>)             = -1 ENOENT (No such file or directory)
10649 <... openat resumed>)             = -1 ENOENT (No such file or directory)
10650 openat(AT_FDCWD, "/lib/x86_64-linux-gnu/libXau.so.6", O_RDONLY|O_CLOEXEC <unfinished ...>
10649 openat(AT_FDCWD, "/lib/x86_64-linux-gnu/libXau.so.6", O_RDONLY|O_CLOEXEC <unfinished ...>
10650 <... openat resumed>)             = 5
10649 <... openat resumed>)             = 5
10650 openat(AT_FDCWD, "/opt/hostedtoolcache/Python/3.12.14/x64/lib/libXdmcp.so.6", O_RDONLY|O_CLOEXEC <unfinished ...>
10649 openat(AT_FDCWD, "/opt/hostedtoolcache/Python/3.12.14/x64/lib/libXdmcp.so.6", O_RDONLY|O_CLOEXEC <unfinished ...>
10650 <... openat resumed>)             = -1 ENOENT (No such file or directory)
10649 <... openat resumed>)             = -1 ENOENT (No such file or directory)
10650 openat(AT_FDCWD, "/lib/x86_64-linux-gnu/libXdmcp.so.6", O_RDONLY|O_CLOEXEC <unfinished ...>
10649 openat(AT_FDCWD, "/lib/x86_64-linux-gnu/libXdmcp.so.6", O_RDONLY|O_CLOEXEC <unfinished ...>
10650 <... openat resumed>)             = 5
10649 <... openat resumed>)             = 5
10650 openat(AT_FDCWD, "/opt/hostedtoolcache/Python/3.12.14/x64/lib/libdrm.so.2", O_RDONLY|O_CLOEXEC <unfinished ...>
10649 openat(AT_FDCWD, "/opt/hostedtoolcache/Python/3.12.14/x64/lib/libdrm.so.2", O_RDONLY|O_CLOEXEC <unfinished ...>
10650 <... openat resumed>)             = -1 ENOENT (No such file or directory)
10649 <... openat resumed>)             = -1 ENOENT (No such file or directory)
10650 openat(AT_FDCWD, "/lib/x86_64-linux-gnu/libdrm.so.2", O_RDONLY|O_CLOEXEC <unfinished ...>
10649 openat(AT_FDCWD, "/lib/x86_64-linux-gnu/libdrm.so.2", O_RDONLY|O_CLOEXEC <unfinished ...>
10650 <... openat resumed>)             = 5
10649 <... openat resumed>)             = 5
10650 openat(AT_FDCWD, "/opt/hostedtoolcache/Python/3.12.14/x64/lib/libpng16.so.16", O_RDONLY|O_CLOEXEC <unfinished ...>
10649 openat(AT_FDCWD, "/opt/hostedtoolcache/Python/3.12.14/x64/lib/libpng16.so.16", O_RDONLY|O_CLOEXEC <unfinished ...>
10650 <... openat resumed>)             = -1 ENOENT (No such file or directory)
10649 <... openat resumed>)             = -1 ENOENT (No such file or directory)
10650 openat(AT_FDCWD, "/lib/x86_64-linux-gnu/libpng16.so.16", O_RDONLY|O_CLOEXEC <unfinished ...>
10649 openat(AT_FDCWD, "/lib/x86_64-linux-gnu/libpng16.so.16", O_RDONLY|O_CLOEXEC <unfinished ...>
10650 <... openat resumed>)             = 5
10649 <... openat resumed>)             = 5
10650 openat(AT_FDCWD, "/opt/hostedtoolcache/Python/3.12.14/x64/lib/libfontconfig.so.1", O_RDONLY|O_CLOEXEC <unfinished ...>
10649 openat(AT_FDCWD, "/opt/hostedtoolcache/Python/3.12.14/x64/lib/libfontconfig.so.1", O_RDONLY|O_CLOEXEC <unfinished ...>
10650 <... openat resumed>)             = -1 ENOENT (No such file or directory)
10649 <... openat resumed>)             = -1 ENOENT (No such file or directory)
10650 openat(AT_FDCWD, "/lib/x86_64-linux-gnu/libfontconfig.so.1", O_RDONLY|O_CLOEXEC <unfinished ...>
10649 openat(AT_FDCWD, "/lib/x86_64-linux-gnu/libfontconfig.so.1", O_RDONLY|O_CLOEXEC <unfinished ...>
10650 <... openat resumed>)             = 5
10649 <... openat resumed>)             = 5
10650 openat(AT_FDCWD, "/opt/hostedtoolcache/Python/3.12.14/x64/lib/libfreetype.so.6", O_RDONLY|O_CLOEXEC <unfinished ...>
10649 openat(AT_FDCWD, "/opt/hostedtoolcache/Python/3.12.14/x64/lib/libfreetype.so.6", O_RDONLY|O_CLOEXEC <unfinished ...>
10650 <... openat resumed>)             = -1 ENOENT (No such file or directory)
10649 <... openat resumed>)             = -1 ENOENT (No such file or directory)
10650 openat(AT_FDCWD, "/lib/x86_64-linux-gnu/libfreetype.so.6", O_RDONLY|O_CLOEXEC <unfinished ...>
10649 openat(AT_FDCWD, "/lib/x86_64-linux-gnu/libfreetype.so.6", O_RDONLY|O_CLOEXEC <unfinished ...>
10650 <... openat resumed>)             = 5
10649 <... openat resumed>)             = 5
10650 openat(AT_FDCWD, "/opt/hostedtoolcache/Python/3.12.14/x64/lib/libXrender.so.1", O_RDONLY|O_CLOEXEC <unfinished ...>
10649 openat(AT_FDCWD, "/opt/hostedtoolcache/Python/3.12.14/x64/lib/libXrender.so.1", O_RDONLY|O_CLOEXEC <unfinished ...>
10650 <... openat resumed>)             = -1 ENOENT (No such file or directory)
10649 <... openat resumed>)             = -1 ENOENT (No such file or directory)
10650 openat(AT_FDCWD, "/lib/x86_64-linux-gnu/libXrender.so.1", O_RDONLY|O_CLOEXEC <unfinished ...>
10649 openat(AT_FDCWD, "/lib/x86_64-linux-gnu/libXrender.so.1", O_RDONLY|O_CLOEXEC <unfinished ...>
10650 <... openat resumed>)             = 5
10649 <... openat resumed>)             = 5
10650 openat(AT_FDCWD, "/opt/hostedtoolcache/Python/3.12.14/x64/lib/libxcb-render.so.0", O_RDONLY|O_CLOEXEC <unfinished ...>
10649 openat(AT_FDCWD, "/opt/hostedtoolcache/Python/3.12.14/x64/lib/libxcb-render.so.0", O_RDONLY|O_CLOEXEC <unfinished ...>
10650 <... openat resumed>)             = -1 ENOENT (No such file or directory)
10649 <... openat resumed>)             = -1 ENOENT (No such file or directory)
10650 openat(AT_FDCWD, "/lib/x86_64-linux-gnu/libxcb-render.so.0", O_RDONLY|O_CLOEXEC <unfinished ...>
10649 openat(AT_FDCWD, "/lib/x86_64-linux-gnu/libxcb-render.so.0", O_RDONLY|O_CLOEXEC <unfinished ...>
10650 <... openat resumed>)             = 5
10649 <... openat resumed>)             = 5
10650 openat(AT_FDCWD, "/opt/hostedtoolcache/Python/3.12.14/x64/lib/libxcb-shm.so.0", O_RDONLY|O_CLOEXEC) = -1 ENOENT (No such file or directory)
10650 openat(AT_FDCWD, "/lib/x86_64-linux-gnu/libxcb-shm.so.0", O_RDONLY|O_CLOEXEC) = 5
10649 openat(AT_FDCWD, "/opt/hostedtoolcache/Python/3.12.14/x64/lib/libxcb-shm.so.0", O_RDONLY|O_CLOEXEC) = -1 ENOENT (No such file or directory)
10649 openat(AT_FDCWD, "/lib/x86_64-linux-gnu/libxcb-shm.so.0", O_RDONLY|O_CLOEXEC) = 5
10650 openat(AT_FDCWD, "/opt/hostedtoolcache/Python/3.12.14/x64/lib/libpixman-1.so.0", O_RDONLY|O_CLOEXEC) = -1 ENOENT (No such file or directory)
10650 openat(AT_FDCWD, "/lib/x86_64-linux-gnu/libpixman-1.so.0", O_RDONLY|O_CLOEXEC) = 5
10649 openat(AT_FDCWD, "/opt/hostedtoolcache/Python/3.12.14/x64/lib/libpixman-1.so.0", O_RDONLY|O_CLOEXEC) = -1 ENOENT (No such file or directory)
10649 openat(AT_FDCWD, "/lib/x86_64-linux-gnu/libpixman-1.so.0", O_RDONLY|O_CLOEXEC) = 5
10650 openat(AT_FDCWD, "/opt/hostedtoolcache/Python/3.12.14/x64/lib/libfribidi.so.0", O_RDONLY|O_CLOEXEC) = -1 ENOENT (No such file or directory)
10650 openat(AT_FDCWD, "/lib/x86_64-linux-gnu/libfribidi.so.0", O_RDONLY|O_CLOEXEC) = 5
10649 openat(AT_FDCWD, "/opt/hostedtoolcache/Python/3.12.14/x64/lib/libfribidi.so.0", O_RDONLY|O_CLOEXEC) = -1 ENOENT (No such file or directory)
10649 openat(AT_FDCWD, "/lib/x86_64-linux-gnu/libfribidi.so.0", O_RDONLY|O_CLOEXEC) = 5
10650 openat(AT_FDCWD, "/opt/hostedtoolcache/Python/3.12.14/x64/lib/libthai.so.0", O_RDONLY|O_CLOEXEC) = -1 ENOENT (No such file or directory)
10650 openat(AT_FDCWD, "/lib/x86_64-linux-gnu/libthai.so.0", O_RDONLY|O_CLOEXEC) = 5
10649 openat(AT_FDCWD, "/opt/hostedtoolcache/Python/3.12.14/x64/lib/libthai.so.0", O_RDONLY|O_CLOEXEC) = -1 ENOENT (No such file or directory)
10649 openat(AT_FDCWD, "/lib/x86_64-linux-gnu/libthai.so.0", O_RDONLY|O_CLOEXEC <unfinished ...>
10650 openat(AT_FDCWD, "/opt/hostedtoolcache/Python/3.12.14/x64/lib/libharfbuzz.so.0", O_RDONLY|O_CLOEXEC <unfinished ...>
10649 <... openat resumed>)             = 5
10650 <... openat resumed>)             = -1 ENOENT (No such file or directory)
10650 openat(AT_FDCWD, "/lib/x86_64-linux-gnu/libharfbuzz.so.0", O_RDONLY|O_CLOEXEC) = 5
10649 openat(AT_FDCWD, "/opt/hostedtoolcache/Python/3.12.14/x64/lib/libharfbuzz.so.0", O_RDONLY|O_CLOEXEC <unfinished ...>
10650 openat(AT_FDCWD, "/opt/hostedtoolcache/Python/3.12.14/x64/lib/libcap.so.2", O_RDONLY|O_CLOEXEC <unfinished ...>
10649 <... openat resumed>)             = -1 ENOENT (No such file or directory)
10650 <... openat resumed>)             = -1 ENOENT (No such file or directory)
10649 openat(AT_FDCWD, "/lib/x86_64-linux-gnu/libharfbuzz.so.0", O_RDONLY|O_CLOEXEC <unfinished ...>
10650 openat(AT_FDCWD, "/lib/x86_64-linux-gnu/libcap.so.2", O_RDONLY|O_CLOEXEC <unfinished ...>
10649 <... openat resumed>)             = 5
10650 <... openat resumed>)             = 5
10650 openat(AT_FDCWD, "/opt/hostedtoolcache/Python/3.12.14/x64/lib/libXi.so.6", O_RDONLY|O_CLOEXEC <unfinished ...>
10649 openat(AT_FDCWD, "/opt/hostedtoolcache/Python/3.12.14/x64/lib/libcap.so.2", O_RDONLY|O_CLOEXEC <unfinished ...>
10650 <... openat resumed>)             = -1 ENOENT (No such file or directory)
10649 <... openat resumed>)             = -1 ENOENT (No such file or directory)
10650 openat(AT_FDCWD, "/lib/x86_64-linux-gnu/libXi.so.6", O_RDONLY|O_CLOEXEC <unfinished ...>
10649 openat(AT_FDCWD, "/lib/x86_64-linux-gnu/libcap.so.2", O_RDONLY|O_CLOEXEC <unfinished ...>
10650 <... openat resumed>)             = 5
10649 <... openat resumed>)             = 5
10650 openat(AT_FDCWD, "/opt/hostedtoolcache/Python/3.12.14/x64/lib/libblkid.so.1", O_RDONLY|O_CLOEXEC <unfinished ...>
10649 openat(AT_FDCWD, "/opt/hostedtoolcache/Python/3.12.14/x64/lib/libXi.so.6", O_RDONLY|O_CLOEXEC <unfinished ...>
10650 <... openat resumed>)             = -1 ENOENT (No such file or directory)
10649 <... openat resumed>)             = -1 ENOENT (No such file or directory)
10650 openat(AT_FDCWD, "/lib/x86_64-linux-gnu/libblkid.so.1", O_RDONLY|O_CLOEXEC <unfinished ...>
10649 openat(AT_FDCWD, "/lib/x86_64-linux-gnu/libXi.so.6", O_RDONLY|O_CLOEXEC <unfinished ...>
10650 <... openat resumed>)             = 5
10649 <... openat resumed>)             = 5
10650 openat(AT_FDCWD, "/opt/hostedtoolcache/Python/3.12.14/x64/lib/libgcrypt.so.20", O_RDONLY|O_CLOEXEC <unfinished ...>
10649 openat(AT_FDCWD, "/opt/hostedtoolcache/Python/3.12.14/x64/lib/libblkid.so.1", O_RDONLY|O_CLOEXEC <unfinished ...>
10650 <... openat resumed>)             = -1 ENOENT (No such file or directory)
10649 <... openat resumed>)             = -1 ENOENT (No such file or directory)
10650 openat(AT_FDCWD, "/lib/x86_64-linux-gnu/libgcrypt.so.20", O_RDONLY|O_CLOEXEC <unfinished ...>
10649 openat(AT_FDCWD, "/lib/x86_64-linux-gnu/libblkid.so.1", O_RDONLY|O_CLOEXEC <unfinished ...>
10650 <... openat resumed>)             = 5
10649 <... openat resumed>)             = 5
10650 openat(AT_FDCWD, "/opt/hostedtoolcache/Python/3.12.14/x64/lib/liblz4.so.1", O_RDONLY|O_CLOEXEC <unfinished ...>
10649 openat(AT_FDCWD, "/opt/hostedtoolcache/Python/3.12.14/x64/lib/libgcrypt.so.20", O_RDONLY|O_CLOEXEC <unfinished ...>
10650 <... openat resumed>)             = -1 ENOENT (No such file or directory)
10649 <... openat resumed>)             = -1 ENOENT (No such file or directory)
10650 openat(AT_FDCWD, "/lib/x86_64-linux-gnu/liblz4.so.1", O_RDONLY|O_CLOEXEC <unfinished ...>
10649 openat(AT_FDCWD, "/lib/x86_64-linux-gnu/libgcrypt.so.20", O_RDONLY|O_CLOEXEC <unfinished ...>
10650 <... openat resumed>)             = 5
10649 <... openat resumed>)             = 5
10650 openat(AT_FDCWD, "/opt/hostedtoolcache/Python/3.12.14/x64/lib/liblzma.so.5", O_RDONLY|O_CLOEXEC) = -1 ENOENT (No such file or directory)
10650 openat(AT_FDCWD, "/lib/x86_64-linux-gnu/liblzma.so.5", O_RDONLY|O_CLOEXEC) = 5
10649 openat(AT_FDCWD, "/opt/hostedtoolcache/Python/3.12.14/x64/lib/liblz4.so.1", O_RDONLY|O_CLOEXEC) = -1 ENOENT (No such file or directory)
10649 openat(AT_FDCWD, "/lib/x86_64-linux-gnu/liblz4.so.1", O_RDONLY|O_CLOEXEC) = 5
10650 openat(AT_FDCWD, "/opt/hostedtoolcache/Python/3.12.14/x64/lib/libzstd.so.1", O_RDONLY|O_CLOEXEC) = -1 ENOENT (No such file or directory)
10650 openat(AT_FDCWD, "/lib/x86_64-linux-gnu/libzstd.so.1", O_RDONLY|O_CLOEXEC) = 5
10649 openat(AT_FDCWD, "/opt/hostedtoolcache/Python/3.12.14/x64/lib/liblzma.so.5", O_RDONLY|O_CLOEXEC) = -1 ENOENT (No such file or directory)
10649 openat(AT_FDCWD, "/lib/x86_64-linux-gnu/liblzma.so.5", O_RDONLY|O_CLOEXEC) = 5
10650 openat(AT_FDCWD, "/opt/hostedtoolcache/Python/3.12.14/x64/lib/libkrb5.so.3", O_RDONLY|O_CLOEXEC) = -1 ENOENT (No such file or directory)
10650 openat(AT_FDCWD, "/lib/x86_64-linux-gnu/libkrb5.so.3", O_RDONLY|O_CLOEXEC) = 5
10649 openat(AT_FDCWD, "/opt/hostedtoolcache/Python/3.12.14/x64/lib/libzstd.so.1", O_RDONLY|O_CLOEXEC) = -1 ENOENT (No such file or directory)
10649 openat(AT_FDCWD, "/lib/x86_64-linux-gnu/libzstd.so.1", O_RDONLY|O_CLOEXEC) = 5
10650 openat(AT_FDCWD, "/opt/hostedtoolcache/Python/3.12.14/x64/lib/libk5crypto.so.3", O_RDONLY|O_CLOEXEC) = -1 ENOENT (No such file or directory)
10650 openat(AT_FDCWD, "/lib/x86_64-linux-gnu/libk5crypto.so.3", O_RDONLY|O_CLOEXEC) = 5
10649 openat(AT_FDCWD, "/opt/hostedtoolcache/Python/3.12.14/x64/lib/libkrb5.so.3", O_RDONLY|O_CLOEXEC) = -1 ENOENT (No such file or directory)
10649 openat(AT_FDCWD, "/lib/x86_64-linux-gnu/libkrb5.so.3", O_RDONLY|O_CLOEXEC) = 5
10650 openat(AT_FDCWD, "/opt/hostedtoolcache/Python/3.12.14/x64/lib/libcom_err.so.2", O_RDONLY|O_CLOEXEC) = -1 ENOENT (No such file or directory)
10650 openat(AT_FDCWD, "/lib/x86_64-linux-gnu/libcom_err.so.2", O_RDONLY|O_CLOEXEC) = 5
10650 openat(AT_FDCWD, "/opt/hostedtoolcache/Python/3.12.14/x64/lib/libkrb5support.so.0", O_RDONLY|O_CLOEXEC <unfinished ...>
10649 openat(AT_FDCWD, "/opt/hostedtoolcache/Python/3.12.14/x64/lib/libk5crypto.so.3", O_RDONLY|O_CLOEXEC <unfinished ...>
10650 <... openat resumed>)             = -1 ENOENT (No such file or directory)
10650 openat(AT_FDCWD, "/lib/x86_64-linux-gnu/libkrb5support.so.0", O_RDONLY|O_CLOEXEC <unfinished ...>
10649 <... openat resumed>)             = -1 ENOENT (No such file or directory)
10650 <... openat resumed>)             = 5
10649 openat(AT_FDCWD, "/lib/x86_64-linux-gnu/libk5crypto.so.3", O_RDONLY|O_CLOEXEC) = 5
10650 openat(AT_FDCWD, "/opt/hostedtoolcache/Python/3.12.14/x64/lib/libp11-kit.so.0", O_RDONLY|O_CLOEXEC) = -1 ENOENT (No such file or directory)
10650 openat(AT_FDCWD, "/lib/x86_64-linux-gnu/libp11-kit.so.0", O_RDONLY|O_CLOEXEC <unfinished ...>
10649 openat(AT_FDCWD, "/opt/hostedtoolcache/Python/3.12.14/x64/lib/libcom_err.so.2", O_RDONLY|O_CLOEXEC <unfinished ...>
10650 <... openat resumed>)             = 5
10649 <... openat resumed>)             = -1 ENOENT (No such file or directory)
10649 openat(AT_FDCWD, "/lib/x86_64-linux-gnu/libcom_err.so.2", O_RDONLY|O_CLOEXEC) = 5
10650 openat(AT_FDCWD, "/opt/hostedtoolcache/Python/3.12.14/x64/lib/libidn2.so.0", O_RDONLY|O_CLOEXEC) = -1 ENOENT (No such file or directory)
10650 openat(AT_FDCWD, "/lib/x86_64-linux-gnu/libidn2.so.0", O_RDONLY|O_CLOEXEC) = 5
10649 openat(AT_FDCWD, "/opt/hostedtoolcache/Python/3.12.14/x64/lib/libkrb5support.so.0", O_RDONLY|O_CLOEXEC) = -1 ENOENT (No such file or directory)
10649 openat(AT_FDCWD, "/lib/x86_64-linux-gnu/libkrb5support.so.0", O_RDONLY|O_CLOEXEC <unfinished ...>
10650 openat(AT_FDCWD, "/opt/hostedtoolcache/Python/3.12.14/x64/lib/libunistring.so.5", O_RDONLY|O_CLOEXEC <unfinished ...>
10649 <... openat resumed>)             = 5
10650 <... openat resumed>)             = -1 ENOENT (No such file or directory)
10650 openat(AT_FDCWD, "/lib/x86_64-linux-gnu/libunistring.so.5", O_RDONLY|O_CLOEXEC) = 5
10650 openat(AT_FDCWD, "/opt/hostedtoolcache/Python/3.12.14/x64/lib/libtasn1.so.6", O_RDONLY|O_CLOEXEC <unfinished ...>
10649 openat(AT_FDCWD, "/opt/hostedtoolcache/Python/3.12.14/x64/lib/libp11-kit.so.0", O_RDONLY|O_CLOEXEC <unfinished ...>
10650 <... openat resumed>)             = -1 ENOENT (No such file or directory)
10649 <... openat resumed>)             = -1 ENOENT (No such file or directory)
10650 openat(AT_FDCWD, "/lib/x86_64-linux-gnu/libtasn1.so.6", O_RDONLY|O_CLOEXEC <unfinished ...>
10649 openat(AT_FDCWD, "/lib/x86_64-linux-gnu/libp11-kit.so.0", O_RDONLY|O_CLOEXEC <unfinished ...>
10650 <... openat resumed>)             = 5
10649 <... openat resumed>)             = 5
10650 openat(AT_FDCWD, "/opt/hostedtoolcache/Python/3.12.14/x64/lib/libnettle.so.8", O_RDONLY|O_CLOEXEC) = -1 ENOENT (No such file or directory)
10650 openat(AT_FDCWD, "/lib/x86_64-linux-gnu/libnettle.so.8", O_RDONLY|O_CLOEXEC) = 5
10649 openat(AT_FDCWD, "/opt/hostedtoolcache/Python/3.12.14/x64/lib/libidn2.so.0", O_RDONLY|O_CLOEXEC) = -1 ENOENT (No such file or directory)
10649 openat(AT_FDCWD, "/lib/x86_64-linux-gnu/libidn2.so.0", O_RDONLY|O_CLOEXEC) = 5
10650 openat(AT_FDCWD, "/opt/hostedtoolcache/Python/3.12.14/x64/lib/libhogweed.so.6", O_RDONLY|O_CLOEXEC) = -1 ENOENT (No such file or directory)
10650 openat(AT_FDCWD, "/lib/x86_64-linux-gnu/libhogweed.so.6", O_RDONLY|O_CLOEXEC) = 5
10650 openat(AT_FDCWD, "/opt/hostedtoolcache/Python/3.12.14/x64/lib/libgmp.so.10", O_RDONLY|O_CLOEXEC) = -1 ENOENT (No such file or directory)
10650 openat(AT_FDCWD, "/lib/x86_64-linux-gnu/libgmp.so.10", O_RDONLY|O_CLOEXEC) = 5
10649 openat(AT_FDCWD, "/opt/hostedtoolcache/Python/3.12.14/x64/lib/libunistring.so.5", O_RDONLY|O_CLOEXEC) = -1 ENOENT (No such file or directory)
10649 openat(AT_FDCWD, "/lib/x86_64-linux-gnu/libunistring.so.5", O_RDONLY|O_CLOEXEC) = 5
10649 openat(AT_FDCWD, "/opt/hostedtoolcache/Python/3.12.14/x64/lib/libtasn1.so.6", O_RDONLY|O_CLOEXEC) = -1 ENOENT (No such file or directory)
10649 openat(AT_FDCWD, "/lib/x86_64-linux-gnu/libtasn1.so.6", O_RDONLY|O_CLOEXEC) = 5
10650 openat(AT_FDCWD, "/opt/hostedtoolcache/Python/3.12.14/x64/lib/libbsd.so.0", O_RDONLY|O_CLOEXEC) = -1 ENOENT (No such file or directory)
10650 openat(AT_FDCWD, "/lib/x86_64-linux-gnu/libbsd.so.0", O_RDONLY|O_CLOEXEC) = 5
10649 openat(AT_FDCWD, "/opt/hostedtoolcache/Python/3.12.14/x64/lib/libnettle.so.8", O_RDONLY|O_CLOEXEC) = -1 ENOENT (No such file or directory)
10649 openat(AT_FDCWD, "/lib/x86_64-linux-gnu/libnettle.so.8", O_RDONLY|O_CLOEXEC) = 5
10650 openat(AT_FDCWD, "/opt/hostedtoolcache/Python/3.12.14/x64/lib/libbz2.so.1.0", O_RDONLY|O_CLOEXEC) = -1 ENOENT (No such file or directory)
10650 openat(AT_FDCWD, "/lib/x86_64-linux-gnu/libbz2.so.1.0", O_RDONLY|O_CLOEXEC) = 5
10650 openat(AT_FDCWD, "/opt/hostedtoolcache/Python/3.12.14/x64/lib/libbrotlidec.so.1", O_RDONLY|O_CLOEXEC) = -1 ENOENT (No such file or directory)
10650 openat(AT_FDCWD, "/lib/x86_64-linux-gnu/libbrotlidec.so.1", O_RDONLY|O_CLOEXEC) = 5
10649 openat(AT_FDCWD, "/opt/hostedtoolcache/Python/3.12.14/x64/lib/libhogweed.so.6", O_RDONLY|O_CLOEXEC) = -1 ENOENT (No such file or directory)
10649 openat(AT_FDCWD, "/lib/x86_64-linux-gnu/libhogweed.so.6", O_RDONLY|O_CLOEXEC) = 5
10650 openat(AT_FDCWD, "/opt/hostedtoolcache/Python/3.12.14/x64/lib/libdatrie.so.1", O_RDONLY|O_CLOEXEC) = -1 ENOENT (No such file or directory)
10650 openat(AT_FDCWD, "/lib/x86_64-linux-gnu/libdatrie.so.1", O_RDONLY|O_CLOEXEC) = 5
10649 openat(AT_FDCWD, "/opt/hostedtoolcache/Python/3.12.14/x64/lib/libgmp.so.10", O_RDONLY|O_CLOEXEC) = -1 ENOENT (No such file or directory)
10649 openat(AT_FDCWD, "/lib/x86_64-linux-gnu/libgmp.so.10", O_RDONLY|O_CLOEXEC) = 5
10650 openat(AT_FDCWD, "/opt/hostedtoolcache/Python/3.12.14/x64/lib/libgraphite2.so.3", O_RDONLY|O_CLOEXEC) = -1 ENOENT (No such file or directory)
10650 openat(AT_FDCWD, "/lib/x86_64-linux-gnu/libgraphite2.so.3", O_RDONLY|O_CLOEXEC) = 5
10650 openat(AT_FDCWD, "/opt/hostedtoolcache/Python/3.12.14/x64/lib/libgpg-error.so.0", O_RDONLY|O_CLOEXEC <unfinished ...>
10649 openat(AT_FDCWD, "/opt/hostedtoolcache/Python/3.12.14/x64/lib/libbsd.so.0", O_RDONLY|O_CLOEXEC <unfinished ...>
10650 <... openat resumed>)             = -1 ENOENT (No such file or directory)
10649 <... openat resumed>)             = -1 ENOENT (No such file or directory)
10650 openat(AT_FDCWD, "/lib/x86_64-linux-gnu/libgpg-error.so.0", O_RDONLY|O_CLOEXEC <unfinished ...>
10649 openat(AT_FDCWD, "/lib/x86_64-linux-gnu/libbsd.so.0", O_RDONLY|O_CLOEXEC <unfinished ...>
10650 <... openat resumed>)             = 5
10649 <... openat resumed>)             = 5
10650 openat(AT_FDCWD, "/opt/hostedtoolcache/Python/3.12.14/x64/lib/libkeyutils.so.1", O_RDONLY|O_CLOEXEC) = -1 ENOENT (No such file or directory)
10650 openat(AT_FDCWD, "/lib/x86_64-linux-gnu/libkeyutils.so.1", O_RDONLY|O_CLOEXEC) = 5
10649 openat(AT_FDCWD, "/opt/hostedtoolcache/Python/3.12.14/x64/lib/libbz2.so.1.0", O_RDONLY|O_CLOEXEC) = -1 ENOENT (No such file or directory)
10649 openat(AT_FDCWD, "/lib/x86_64-linux-gnu/libbz2.so.1.0", O_RDONLY|O_CLOEXEC) = 5
10650 openat(AT_FDCWD, "/opt/hostedtoolcache/Python/3.12.14/x64/lib/libresolv.so.2", O_RDONLY|O_CLOEXEC) = -1 ENOENT (No such file or directory)
10650 openat(AT_FDCWD, "/lib/x86_64-linux-gnu/libresolv.so.2", O_RDONLY|O_CLOEXEC) = 5
10649 openat(AT_FDCWD, "/opt/hostedtoolcache/Python/3.12.14/x64/lib/libbrotlidec.so.1", O_RDONLY|O_CLOEXEC) = -1 ENOENT (No such file or directory)
10649 openat(AT_FDCWD, "/lib/x86_64-linux-gnu/libbrotlidec.so.1", O_RDONLY|O_CLOEXEC) = 5
10650 openat(AT_FDCWD, "/opt/hostedtoolcache/Python/3.12.14/x64/lib/libmd.so.0", O_RDONLY|O_CLOEXEC) = -1 ENOENT (No such file or directory)
10650 openat(AT_FDCWD, "/lib/x86_64-linux-gnu/libmd.so.0", O_RDONLY|O_CLOEXEC) = 5
10649 openat(AT_FDCWD, "/opt/hostedtoolcache/Python/3.12.14/x64/lib/libdatrie.so.1", O_RDONLY|O_CLOEXEC) = -1 ENOENT (No such file or directory)
10649 openat(AT_FDCWD, "/lib/x86_64-linux-gnu/libdatrie.so.1", O_RDONLY|O_CLOEXEC <unfinished ...>
10650 openat(AT_FDCWD, "/opt/hostedtoolcache/Python/3.12.14/x64/lib/libbrotlicommon.so.1", O_RDONLY|O_CLOEXEC <unfinished ...>
10649 <... openat resumed>)             = 5
10650 <... openat resumed>)             = -1 ENOENT (No such file or directory)
10650 openat(AT_FDCWD, "/lib/x86_64-linux-gnu/libbrotlicommon.so.1", O_RDONLY|O_CLOEXEC) = 5
10649 openat(AT_FDCWD, "/opt/hostedtoolcache/Python/3.12.14/x64/lib/libgraphite2.so.3", O_RDONLY|O_CLOEXEC) = -1 ENOENT (No such file or directory)
10649 openat(AT_FDCWD, "/lib/x86_64-linux-gnu/libgraphite2.so.3", O_RDONLY|O_CLOEXEC) = 5
10649 openat(AT_FDCWD, "/opt/hostedtoolcache/Python/3.12.14/x64/lib/libgpg-error.so.0", O_RDONLY|O_CLOEXEC) = -1 ENOENT (No such file or directory)
10649 openat(AT_FDCWD, "/lib/x86_64-linux-gnu/libgpg-error.so.0", O_RDONLY|O_CLOEXEC) = 5
10649 openat(AT_FDCWD, "/opt/hostedtoolcache/Python/3.12.14/x64/lib/libkeyutils.so.1", O_RDONLY|O_CLOEXEC) = -1 ENOENT (No such file or directory)
10649 openat(AT_FDCWD, "/lib/x86_64-linux-gnu/libkeyutils.so.1", O_RDONLY|O_CLOEXEC) = 5
10649 openat(AT_FDCWD, "/opt/hostedtoolcache/Python/3.12.14/x64/lib/libresolv.so.2", O_RDONLY|O_CLOEXEC) = -1 ENOENT (No such file or directory)
10649 openat(AT_FDCWD, "/lib/x86_64-linux-gnu/libresolv.so.2", O_RDONLY|O_CLOEXEC) = 5
10649 openat(AT_FDCWD, "/opt/hostedtoolcache/Python/3.12.14/x64/lib/libmd.so.0", O_RDONLY|O_CLOEXEC) = -1 ENOENT (No such file or directory)
10649 openat(AT_FDCWD, "/lib/x86_64-linux-gnu/libmd.so.0", O_RDONLY|O_CLOEXEC) = 5
10649 openat(AT_FDCWD, "/opt/hostedtoolcache/Python/3.12.14/x64/lib/libbrotlicommon.so.1", O_RDONLY|O_CLOEXEC) = -1 ENOENT (No such file or directory)
10649 openat(AT_FDCWD, "/lib/x86_64-linux-gnu/libbrotlicommon.so.1", O_RDONLY|O_CLOEXEC) = 5
10649 openat(AT_FDCWD, "/etc/gnutls/config", O_RDONLY|O_CLOEXEC <unfinished ...>
10650 openat(AT_FDCWD, "/etc/gnutls/config", O_RDONLY|O_CLOEXEC <unfinished ...>
10649 <... openat resumed>)             = 5
10650 <... openat resumed>)             = 5
10650 openat(AT_FDCWD, "/proc/filesystems", O_RDONLY|O_CLOEXEC <unfinished ...>
10649 openat(AT_FDCWD, "/proc/filesystems", O_RDONLY|O_CLOEXEC <unfinished ...>
10650 <... openat resumed>)             = 5
10649 <... openat resumed>)             = 5
10650 openat(AT_FDCWD, "/proc/self/stat", O_RDONLY|O_CLOEXEC <unfinished ...>
10649 openat(AT_FDCWD, "/proc/self/stat", O_RDONLY|O_CLOEXEC <unfinished ...>
10650 <... openat resumed>)             = 5
10649 <... openat resumed>)             = 5
10650 openat(AT_FDCWD, "/proc/stat", O_RDONLY|O_CLOEXEC <unfinished ...>
10649 openat(AT_FDCWD, "/proc/stat", O_RDONLY|O_CLOEXEC <unfinished ...>
10650 <... openat resumed>)             = 5
10649 <... openat resumed>)             = 5
10650 openat(AT_FDCWD, "/proc/self/cmdline", O_RDONLY|O_CLOEXEC <unfinished ...>
10649 openat(AT_FDCWD, "/proc/self/cmdline", O_RDONLY|O_CLOEXEC <unfinished ...>
10650 <... openat resumed>)             = 5
10649 <... openat resumed>)             = 5
10650 openat(AT_FDCWD, "/usr/lib/locale/locale-archive", O_RDONLY|O_CLOEXEC <unfinished ...>
10649 openat(AT_FDCWD, "/usr/lib/locale/locale-archive", O_RDONLY|O_CLOEXEC <unfinished ...>
10650 <... openat resumed>)             = 5
10649 <... openat resumed>)             = 5
10650 openat(AT_FDCWD, "/usr/share/locale/locale.alias", O_RDONLY|O_CLOEXEC <unfinished ...>
10649 openat(AT_FDCWD, "/usr/share/locale/locale.alias", O_RDONLY|O_CLOEXEC <unfinished ...>
10650 <... openat resumed>)             = 5
10649 <... openat resumed>)             = 5
10650 openat(AT_FDCWD, "/usr/lib/locale/C.UTF-8/LC_IDENTIFICATION", O_RDONLY|O_CLOEXEC) = -1 ENOENT (No such file or directory)
10649 openat(AT_FDCWD, "/usr/lib/locale/C.UTF-8/LC_IDENTIFICATION", O_RDONLY|O_CLOEXEC <unfinished ...>
10650 openat(AT_FDCWD, "/usr/lib/locale/C.utf8/LC_IDENTIFICATION", O_RDONLY|O_CLOEXEC <unfinished ...>
10649 <... openat resumed>)             = -1 ENOENT (No such file or directory)
10650 <... openat resumed>)             = 5
10649 openat(AT_FDCWD, "/usr/lib/locale/C.utf8/LC_IDENTIFICATION", O_RDONLY|O_CLOEXEC) = 5
10650 openat(AT_FDCWD, "/usr/lib/x86_64-linux-gnu/gconv/gconv-modules.cache", O_RDONLY|O_CLOEXEC) = 5
10649 openat(AT_FDCWD, "/usr/lib/x86_64-linux-gnu/gconv/gconv-modules.cache", O_RDONLY|O_CLOEXEC) = 5
10650 openat(AT_FDCWD, "/usr/lib/locale/C.UTF-8/LC_MEASUREMENT", O_RDONLY|O_CLOEXEC) = -1 ENOENT (No such file or directory)
10649 openat(AT_FDCWD, "/usr/lib/locale/C.UTF-8/LC_MEASUREMENT", O_RDONLY|O_CLOEXEC <unfinished ...>
10650 openat(AT_FDCWD, "/usr/lib/locale/C.utf8/LC_MEASUREMENT", O_RDONLY|O_CLOEXEC <unfinished ...>
10649 <... openat resumed>)             = -1 ENOENT (No such file or directory)
10650 <... openat resumed>)             = 5
10649 openat(AT_FDCWD, "/usr/lib/locale/C.utf8/LC_MEASUREMENT", O_RDONLY|O_CLOEXEC) = 5
10650 openat(AT_FDCWD, "/usr/lib/locale/C.UTF-8/LC_TELEPHONE", O_RDONLY|O_CLOEXEC) = -1 ENOENT (No such file or directory)
10649 openat(AT_FDCWD, "/usr/lib/locale/C.UTF-8/LC_TELEPHONE", O_RDONLY|O_CLOEXEC <unfinished ...>
10650 openat(AT_FDCWD, "/usr/lib/locale/C.utf8/LC_TELEPHONE", O_RDONLY|O_CLOEXEC <unfinished ...>
10649 <... openat resumed>)             = -1 ENOENT (No such file or directory)
10650 <... openat resumed>)             = 5
10649 openat(AT_FDCWD, "/usr/lib/locale/C.utf8/LC_TELEPHONE", O_RDONLY|O_CLOEXEC) = 5
10650 openat(AT_FDCWD, "/usr/lib/locale/C.UTF-8/LC_ADDRESS", O_RDONLY|O_CLOEXEC) = -1 ENOENT (No such file or directory)
10650 openat(AT_FDCWD, "/usr/lib/locale/C.utf8/LC_ADDRESS", O_RDONLY|O_CLOEXEC <unfinished ...>
10649 openat(AT_FDCWD, "/usr/lib/locale/C.UTF-8/LC_ADDRESS", O_RDONLY|O_CLOEXEC <unfinished ...>
10650 <... openat resumed>)             = 5
10649 <... openat resumed>)             = -1 ENOENT (No such file or directory)
10649 openat(AT_FDCWD, "/usr/lib/locale/C.utf8/LC_ADDRESS", O_RDONLY|O_CLOEXEC) = 5
10650 openat(AT_FDCWD, "/usr/lib/locale/C.UTF-8/LC_NAME", O_RDONLY|O_CLOEXEC) = -1 ENOENT (No such file or directory)
10650 openat(AT_FDCWD, "/usr/lib/locale/C.utf8/LC_NAME", O_RDONLY|O_CLOEXEC) = 5
10649 openat(AT_FDCWD, "/usr/lib/locale/C.UTF-8/LC_NAME", O_RDONLY|O_CLOEXEC) = -1 ENOENT (No such file or directory)
10649 openat(AT_FDCWD, "/usr/lib/locale/C.utf8/LC_NAME", O_RDONLY|O_CLOEXEC) = 5
10650 openat(AT_FDCWD, "/usr/lib/locale/C.UTF-8/LC_PAPER", O_RDONLY|O_CLOEXEC) = -1 ENOENT (No such file or directory)
10650 openat(AT_FDCWD, "/usr/lib/locale/C.utf8/LC_PAPER", O_RDONLY|O_CLOEXEC) = 5
10649 openat(AT_FDCWD, "/usr/lib/locale/C.UTF-8/LC_PAPER", O_RDONLY|O_CLOEXEC) = -1 ENOENT (No such file or directory)
10649 openat(AT_FDCWD, "/usr/lib/locale/C.utf8/LC_PAPER", O_RDONLY|O_CLOEXEC) = 5
10650 openat(AT_FDCWD, "/usr/lib/locale/C.UTF-8/LC_MESSAGES", O_RDONLY|O_CLOEXEC) = -1 ENOENT (No such file or directory)
10650 openat(AT_FDCWD, "/usr/lib/locale/C.utf8/LC_MESSAGES", O_RDONLY|O_CLOEXEC) = 5
10649 openat(AT_FDCWD, "/usr/lib/locale/C.UTF-8/LC_MESSAGES", O_RDONLY|O_CLOEXEC) = -1 ENOENT (No such file or directory)
10649 openat(AT_FDCWD, "/usr/lib/locale/C.utf8/LC_MESSAGES", O_RDONLY|O_CLOEXEC) = 5
10650 openat(AT_FDCWD, "/usr/lib/locale/C.utf8/LC_MESSAGES/SYS_LC_MESSAGES", O_RDONLY|O_CLOEXEC) = 5
10649 openat(AT_FDCWD, "/usr/lib/locale/C.utf8/LC_MESSAGES/SYS_LC_MESSAGES", O_RDONLY|O_CLOEXEC) = 5
10650 openat(AT_FDCWD, "/usr/lib/locale/C.UTF-8/LC_MONETARY", O_RDONLY|O_CLOEXEC) = -1 ENOENT (No such file or directory)
10650 openat(AT_FDCWD, "/usr/lib/locale/C.utf8/LC_MONETARY", O_RDONLY|O_CLOEXEC) = 5
10649 openat(AT_FDCWD, "/usr/lib/locale/C.UTF-8/LC_MONETARY", O_RDONLY|O_CLOEXEC) = -1 ENOENT (No such file or directory)
10649 openat(AT_FDCWD, "/usr/lib/locale/C.utf8/LC_MONETARY", O_RDONLY|O_CLOEXEC) = 5
10650 openat(AT_FDCWD, "/usr/lib/locale/C.UTF-8/LC_COLLATE", O_RDONLY|O_CLOEXEC) = -1 ENOENT (No such file or directory)
10650 openat(AT_FDCWD, "/usr/lib/locale/C.utf8/LC_COLLATE", O_RDONLY|O_CLOEXEC) = 5
10649 openat(AT_FDCWD, "/usr/lib/locale/C.UTF-8/LC_COLLATE", O_RDONLY|O_CLOEXEC) = -1 ENOENT (No such file or directory)
10649 openat(AT_FDCWD, "/usr/lib/locale/C.utf8/LC_COLLATE", O_RDONLY|O_CLOEXEC) = 5
10650 openat(AT_FDCWD, "/usr/lib/locale/C.UTF-8/LC_TIME", O_RDONLY|O_CLOEXEC) = -1 ENOENT (No such file or directory)
10650 openat(AT_FDCWD, "/usr/lib/locale/C.utf8/LC_TIME", O_RDONLY|O_CLOEXEC) = 5
10649 openat(AT_FDCWD, "/usr/lib/locale/C.UTF-8/LC_TIME", O_RDONLY|O_CLOEXEC) = -1 ENOENT (No such file or directory)
10649 openat(AT_FDCWD, "/usr/lib/locale/C.utf8/LC_TIME", O_RDONLY|O_CLOEXEC) = 5
10650 openat(AT_FDCWD, "/usr/lib/locale/C.UTF-8/LC_NUMERIC", O_RDONLY|O_CLOEXEC) = -1 ENOENT (No such file or directory)
10650 openat(AT_FDCWD, "/usr/lib/locale/C.utf8/LC_NUMERIC", O_RDONLY|O_CLOEXEC) = 5
10649 openat(AT_FDCWD, "/usr/lib/locale/C.UTF-8/LC_NUMERIC", O_RDONLY|O_CLOEXEC) = -1 ENOENT (No such file or directory)
10649 openat(AT_FDCWD, "/usr/lib/locale/C.utf8/LC_NUMERIC", O_RDONLY|O_CLOEXEC) = 5
10650 openat(AT_FDCWD, "/usr/lib/locale/C.UTF-8/LC_CTYPE", O_RDONLY|O_CLOEXEC) = -1 ENOENT (No such file or directory)
10650 openat(AT_FDCWD, "/usr/lib/locale/C.utf8/LC_CTYPE", O_RDONLY|O_CLOEXEC) = 5
10649 openat(AT_FDCWD, "/usr/lib/locale/C.UTF-8/LC_CTYPE", O_RDONLY|O_CLOEXEC) = -1 ENOENT (No such file or directory)
10649 openat(AT_FDCWD, "/usr/lib/locale/C.utf8/LC_CTYPE", O_RDONLY|O_CLOEXEC) = 5
10650 openat(AT_FDCWD, "/proc/self/status", O_RDONLY) = 5
10649 openat(AT_FDCWD, "/proc/self/status", O_RDONLY) = 5
10650 openat(AT_FDCWD, "/opt/google/chrome/icudtl.dat", O_RDONLY) = 5
10649 openat(AT_FDCWD, "/opt/google/chrome/icudtl.dat", O_RDONLY) = 5
10650 openat(AT_FDCWD, "/etc/localtime", O_RDONLY|O_CLOEXEC) = 6
10649 openat(AT_FDCWD, "/etc/localtime", O_RDONLY|O_CLOEXEC) = 6
10650 openat(AT_FDCWD, "/opt/google/chrome/v8_context_snapshot.bin", O_RDONLY) = 6
10649 openat(AT_FDCWD, "/opt/google/chrome/v8_context_snapshot.bin", O_RDONLY) = 6
10650 openat(AT_FDCWD, "/opt/google/chrome/chrome_100_percent.pak", O_RDONLY) = 7
10649 openat(AT_FDCWD, "/opt/google/chrome/chrome_100_percent.pak", O_RDONLY <unfinished ...>
10650 openat(AT_FDCWD, "/opt/google/chrome/chrome_200_percent.pak", O_RDONLY <unfinished ...>
10649 <... openat resumed>)             = 7
10650 <... openat resumed>)             = 8
10650 openat(AT_FDCWD, "/usr/share/locale/locale.alias", O_RDONLY|O_CLOEXEC <unfinished ...>
10649 openat(AT_FDCWD, "/opt/google/chrome/chrome_200_percent.pak", O_RDONLY <unfinished ...>
10650 <... openat resumed>)             = 9
10649 <... openat resumed>)             = 8
10649 openat(AT_FDCWD, "/usr/share/locale/locale.alias", O_RDONLY|O_CLOEXEC) = 9
10650 openat(AT_FDCWD, "/opt/google/chrome/locales/en-US.pak", O_RDONLY) = 9
10649 openat(AT_FDCWD, "/opt/google/chrome/locales/en-US.pak", O_RDONLY <unfinished ...>
10650 openat(AT_FDCWD, "/opt/google/chrome/resources.pak", O_RDONLY <unfinished ...>
10649 <... openat resumed>)             = 9
10650 <... openat resumed>)             = 10
10649 openat(AT_FDCWD, "/opt/google/chrome/resources.pak", O_RDONLY) = 10
10650 openat(AT_FDCWD, "/dev/urandom", O_RDONLY|O_CLOEXEC) = 11
10650 openat(AT_FDCWD, "/sys/devices/system/cpu/possible", O_RDONLY|O_CLOEXEC) = 12
10649 openat(AT_FDCWD, "/dev/urandom", O_RDONLY|O_CLOEXEC) = 11
10649 openat(AT_FDCWD, "/sys/devices/system/cpu/possible", O_RDONLY|O_CLOEXEC <unfinished ...>
10650 openat(AT_FDCWD, "/sys/devices/system/cpu/cpu0/cpufreq/cpuinfo_max_freq", O_RDONLY|O_NOCTTY|O_NONBLOCK|O_CLOEXEC <unfinished ...>
10649 <... openat resumed>)             = 12
10650 <... openat resumed>)             = -1 ENOENT (No such file or directory)
10649 openat(AT_FDCWD, "/sys/devices/system/cpu/cpu0/cpufreq/cpuinfo_max_freq", O_RDONLY|O_NOCTTY|O_NONBLOCK|O_CLOEXEC) = -1 ENOENT (No such file or directory)
10650 openat(AT_FDCWD, "/proc/sys/fs/inotify/max_user_watches", O_RDONLY) = 12
10649 openat(AT_FDCWD, "/proc/sys/fs/inotify/max_user_watches", O_RDONLY <unfinished ...>
10650 openat(AT_FDCWD, "/opt/google/chrome/WidevineCdm/manifest.json", O_RDONLY|O_CLOEXEC <unfinished ...>
10649 <... openat resumed>)             = 12
10650 <... openat resumed>)             = 12
10649 openat(AT_FDCWD, "/opt/google/chrome/WidevineCdm/manifest.json", O_RDONLY|O_CLOEXEC) = 12
10650 openat(AT_FDCWD, "/opt/google/chrome/WidevineCdm/_platform_specific/linux_x64/libwidevinecdm.so", O_RDONLY|O_CLOEXEC) = 12
10649 openat(AT_FDCWD, "/opt/google/chrome/WidevineCdm/_platform_specific/linux_x64/libwidevinecdm.so", O_RDONLY|O_CLOEXEC) = 12
10650 openat(0, "/proc/self/maps", O_RDONLY) = 12
10649 openat(0, "/proc/self/maps", O_RDONLY) = 12
10650 openat(0, "/proc/self/maps", O_RDONLY) = 12
10649 openat(0, "/proc/self/maps", O_RDONLY) = 12
10650 openat(AT_FDCWD, "/dev/urandom", O_RDONLY|O_CLOEXEC) = 12
10650 openat(AT_FDCWD, "/sys/devices/system/cpu/online", O_RDONLY|O_CLOEXEC) = 13
10649 openat(AT_FDCWD, "/dev/urandom", O_RDONLY|O_CLOEXEC <unfinished ...>
10650 openat(AT_FDCWD, "/sys/devices/system/cpu/kernel_max", O_RDONLY <unfinished ...>
10649 <... openat resumed>)             = 12
10650 <... openat resumed>)             = 13
10649 openat(AT_FDCWD, "/sys/devices/system/cpu/online", O_RDONLY|O_CLOEXEC <unfinished ...>
10650 openat(AT_FDCWD, "/sys/devices/system/cpu/possible", O_RDONLY <unfinished ...>
10649 <... openat resumed>)             = 13
10650 <... openat resumed>)             = 13
10649 openat(AT_FDCWD, "/sys/devices/system/cpu/kernel_max", O_RDONLY <unfinished ...>
10650 openat(AT_FDCWD, "/sys/devices/system/cpu/present", O_RDONLY <unfinished ...>
10649 <... openat resumed>)             = 13
10650 <... openat resumed>)             = 13
10650 openat(AT_FDCWD, "/sys/devices/system/cpu/possible", O_RDONLY <unfinished ...>
10649 openat(AT_FDCWD, "/sys/devices/system/cpu/possible", O_RDONLY <unfinished ...>
10650 <... openat resumed>)             = 13
10649 <... openat resumed>)             = 13
10650 openat(AT_FDCWD, "/sys/devices/system/cpu/present", O_RDONLY <unfinished ...>
10649 openat(AT_FDCWD, "/sys/devices/system/cpu/present", O_RDONLY <unfinished ...>
10650 <... openat resumed>)             = 13
10649 <... openat resumed>)             = 13
10650 openat(AT_FDCWD, "/proc/cpuinfo", O_RDONLY <unfinished ...>
10649 openat(AT_FDCWD, "/sys/devices/system/cpu/possible", O_RDONLY <unfinished ...>
10650 <... openat resumed>)             = 13
10649 <... openat resumed>)             = 13
10649 openat(AT_FDCWD, "/sys/devices/system/cpu/present", O_RDONLY) = 13
10649 openat(AT_FDCWD, "/proc/cpuinfo", O_RDONLY) = 13
10650 openat(AT_FDCWD, "/proc/", O_RDONLY|O_CLOEXEC|O_DIRECTORY) = 13
10650 recvmsg(3, {msg_name=NULL, msg_namelen=0, msg_iov=[{iov_base="\4\0\0\0\3\0\0\0", iov_len=65536}], msg_iovlen=1, msg_controllen=0, msg_flags=0}, 0) = 8
10649 openat(AT_FDCWD, "/proc/", O_RDONLY|O_CLOEXEC|O_DIRECTORY) = 13
10649 recvmsg(3, {msg_name=NULL, msg_namelen=0, msg_iov=[{iov_base="\4\0\0\0\3\0\0\0", iov_len=65536}], msg_iovlen=1, msg_controllen=0, msg_flags=0}, 0) = 8
10634 socket(AF_UNIX, SOCK_STREAM, 0)   = 16
10634 socket(AF_UNIX, SOCK_STREAM, 0)   = 16
10634 bind(16, {sa_family=AF_UNIX, sun_path="/tmp/com.google.Chrome.BhJhoT/SingletonSocket"}, 110) = 0
10634 listen(16, 5)                     = 0
10634 openat(AT_FDCWD, "/tmp/playwright_chromiumdev_profile-Lvy8gD/Consent To Send Stats", O_RDONLY|O_CLOEXEC) = -1 ENOENT (No such file or directory)
10634 openat(AT_FDCWD, "/proc/self/stat", O_RDONLY|O_CLOEXEC) = 17
10634 openat(AT_FDCWD, "/proc/stat", O_RDONLY|O_CLOEXEC) = 17
10634 openat(AT_FDCWD, "/tmp/playwright_chromiumdev_profile-Lvy8gD/Local State", O_RDONLY|O_CLOEXEC) = -1 ENOENT (No such file or directory)
10634 openat(AT_FDCWD, "/etc/opt/chrome/policies/managed", O_RDONLY|O_NONBLOCK|O_CLOEXEC|O_DIRECTORY) = -1 ENOENT (No such file or directory)
10634 openat(AT_FDCWD, "/etc/opt/chrome/policies/recommended", O_RDONLY|O_NONBLOCK|O_CLOEXEC|O_DIRECTORY) = -1 ENOENT (No such file or directory)
10634 openat(AT_FDCWD, "/etc/machine-id", O_RDONLY|O_CLOEXEC) = 17
10634 openat(AT_FDCWD, "/etc/opt/chrome/policies/enrollment/CloudManagementEnrollmentToken", O_RDONLY|O_CLOEXEC) = -1 ENOENT (No such file or directory)
10634 openat(AT_FDCWD, "/tmp/playwright_chromiumdev_profile-Lvy8gD/Policy/Enrollment/uqPbnFokjouHbhAP0OKVQD7DjfM", O_RDONLY|O_CLOEXEC) = -1 ENOENT (No such file or directory)
10634 openat(AT_FDCWD, "/etc/opt/chrome/policies/enrollment/CloudManagementEnrollmentOptions", O_RDONLY|O_CLOEXEC) = -1 ENOENT (No such file or directory)
10634 openat(AT_FDCWD, "/tmp/playwright_chromiumdev_profile-Lvy8gD/Variations", O_RDONLY|O_CLOEXEC) = -1 ENOENT (No such file or directory)
10634 openat(AT_FDCWD, "/tmp/playwright_chromiumdev_profile-Lvy8gD/VariationsSafeSeedV2", O_RDONLY|O_CLOEXEC) = -1 ENOENT (No such file or directory)
10634 openat(AT_FDCWD, "/tmp/playwright_chromiumdev_profile-Lvy8gD/VariationsSafeSeedV1", O_RDONLY|O_CLOEXEC) = -1 ENOENT (No such file or directory)
10634 openat(AT_FDCWD, "/tmp/playwright_chromiumdev_profile-Lvy8gD/VariationsSeedV2", O_RDONLY|O_CLOEXEC) = -1 ENOENT (No such file or directory)
10634 openat(AT_FDCWD, "/tmp/playwright_chromiumdev_profile-Lvy8gD/VariationsSeedV1", O_RDONLY|O_CLOEXEC) = -1 ENOENT (No such file or directory)
10634 openat(AT_FDCWD, "/usr/share/locale/locale.alias", O_RDONLY|O_CLOEXEC) = 17
10634 openat(AT_FDCWD, "/opt/google/chrome/chrome_100_percent.pak", O_RDONLY) = 17
10634 openat(AT_FDCWD, "/opt/google/chrome/chrome_200_percent.pak", O_RDONLY) = 18
10634 openat(AT_FDCWD, "/opt/google/chrome/locales/en-US.pak", O_RDONLY) = 19
10634 openat(AT_FDCWD, "/opt/google/chrome/resources.pak", O_RDONLY) = 20
10634 openat(AT_FDCWD, "/sys/devices/system/cpu/possible", O_RDONLY|O_CLOEXEC) = 21
10634 openat(AT_FDCWD, "/sys/devices/system/cpu/cpu0/cpufreq/cpuinfo_max_freq", O_RDONLY|O_NOCTTY|O_NONBLOCK|O_CLOEXEC) = -1 ENOENT (No such file or directory)
10634 openat(AT_FDCWD, "/proc/self/stat", O_RDONLY|O_CLOEXEC) = 21
10654 openat(AT_FDCWD, "/tmp/playwright_chromiumdev_profile-Lvy8gD/.com.google.Chrome.VariationsSeedV2.qakAJl", O_RDWR|O_CREAT|O_EXCL, 0600 <unfinished ...>
10655 openat(AT_FDCWD, "/tmp/playwright_chromiumdev_profile-Lvy8gD/.com.google.Chrome.VariationsSafeSeedV2.truwqS", O_RDWR|O_CREAT|O_EXCL, 0600 <unfinished ...>
10654 <... openat resumed>)             = 25
10656 socket(AF_UNIX, SOCK_STREAM|SOCK_CLOEXEC, 0 <unfinished ...>
10655 <... openat resumed>)             = 26
10656 <... socket resumed>)             = 27
10656 connect(27, {sa_family=AF_UNIX, sun_path="/run/dbus/system_bus_socket"}, 29) = 0
10656 getsockname(27, {sa_family=AF_UNIX}, [128 => 2]) = 0
10656 sendto(27, "\0", 1, MSG_NOSIGNAL, NULL, 0) = 1
10656 sendto(27, "AUTH EXTERNAL 31303031\r\n", 24, MSG_NOSIGNAL, NULL, 0 <unfinished ...>
10657 openat(AT_FDCWD, "/proc/sys/fs/inotify/max_user_watches", O_RDONLY) = 31
10656 <... sendto resumed>)             = 24
10656 sendto(27, "NEGOTIATE_UNIX_FD\r\n", 19, MSG_NOSIGNAL, NULL, 0) = 19
10656 sendto(27, "BEGIN\r\n", 7, MSG_NOSIGNAL, NULL, 0) = 7
10656 sendmsg(27, {msg_name=NULL, msg_namelen=0, msg_iov=[{iov_base="l\1\0\1\0\0\0\0\1\0\0\0n\0\0\0\1\1o\0\25\0\0\0/org/freedesktop/DBus\0\0\0\6\1s\0\24\0\0\0org.freedesktop.DBus\0\0\0\0\2\1s\0\24\0\0\0org.freedesktop.DBus\0\0\0\0\3\1s\0\5\0\0\0Hello\0\0\0", iov_len=128}, {iov_base="", iov_len=0}], msg_iovlen=2, msg_controllen=0, msg_flags=0}, MSG_NOSIGNAL) = 128
10634 openat(AT_FDCWD, "/proc/self/cmdline", O_RDONLY|O_CLOEXEC) = 26
10656 recvmsg(27, {msg_name=NULL, msg_namelen=0, msg_iov=[{iov_base="l\2\1\1\n\0\0\0\1\0\0\0=\0\0\0\6\1s\0\5\0\0\0:1.56\0\0\0\5\1u\0\1\0\0\0\10\1g\0\1s\0\0\7\1s\0\24\0\0\0org.freedesktop.DBus\0\0\0\0\5\0\0\0:1.56\0l\4\1\1\n\0\0\0\2\0\0\0\215\0\0\0\1\1o\0\25\0\0\0/org/freedesktop/DBus\0\0\0\2\1s\0\24\0\0\0org.freedesktop.DBus\0\0\0\0\3\1s\0\f\0\0\0NameAcquired\0\0\0\0\6\1s\0\5\0\0\0:1.56\0\0\0\10\1g\0\1s\0\0\7\1s\0\24\0\0\0org.freedesktop.DBus\0\0\0\0\5\0\0\0:1"..., iov_len=2048}], msg_iovlen=1, msg_controllen=0, msg_flags=MSG_CMSG_CLOEXEC}, MSG_CMSG_CLOEXEC) = 260
10656 recvmsg(27, {msg_namelen=0}, MSG_CMSG_CLOEXEC) = -1 EAGAIN (Resource temporarily unavailable)
10656 sendmsg(27, {msg_name=NULL, msg_namelen=0, msg_iov=[{iov_base="l\1\0\1t\0\0\0\2\0\0\0\177\0\0\0\1\1o\0\25\0\0\0/org/freedesktop/DBus\0\0\0\6\1s\0\24\0\0\0org.freedesktop.DBus\0\0\0\0\2\1s\0\24\0\0\0org.freedesktop.DBus\0\0\0\0\3\1s\0\10\0\0\0AddMatch\0\0\0\0\0\0\0\0\10\1g\0\1s\0\0", iov_len=144}, {iov_base="o\0\0\0type='signal', path='/org/freedesktop/DBus/Local',interface='org.freedesktop.DBus.Local', member='Disconnected'\0", iov_len=116}], msg_iovlen=2, msg_controllen=0, msg_flags=0}, MSG_NOSIGNAL) = 260
10656 recvmsg(27, {msg_name=NULL, msg_namelen=0, msg_iov=[{iov_base="l\2\1\1\0\0\0\0\3\0\0\0005\0\0\0\6\1s\0\5\0\0\0:1.56\0\0\0\5\1u\0\2\0\0\0\7\1s\0\24\0\0\0org.freedesktop.DBus\0\0\0\0", iov_len=2048}], msg_iovlen=1, msg_controllen=0, msg_flags=MSG_CMSG_CLOEXEC}, MSG_CMSG_CLOEXEC) = 72
10656 recvmsg(27, {msg_namelen=0}, MSG_CMSG_CLOEXEC) = -1 EAGAIN (Resource temporarily unavailable)
10656 sendmsg(27, {msg_name=NULL, msg_namelen=0, msg_iov=[{iov_base="l\1\0\1\246\0\0\0\3\0\0\0\177\0\0\0\1\1o\0\25\0\0\0/org/freedesktop/DBus\0\0\0\6\1s\0\24\0\0\0org.freedesktop.DBus\0\0\0\0\2\1s\0\24\0\0\0org.freedesktop.DBus\0\0\0\0\3\1s\0\10\0\0\0AddMatch\0\0\0\0\0\0\0\0\10\1g\0\1s\0\0", iov_len=144}, {iov_base="\241\0\0\0type='signal',interface='org.freedesktop.DBus',member='NameOwnerChanged',path='/org/freedesktop/DBus',sender='org.freedesktop.DBus',arg0='org.freedesktop.login1'\0", iov_len=166}], msg_iovlen=2, msg_controllen=0, msg_flags=0}, MSG_NOSIGNAL) = 310
10656 recvmsg(27, {msg_name=NULL, msg_namelen=0, msg_iov=[{iov_base="l\2\1\1\0\0\0\0\4\0\0\0005\0\0\0\6\1s\0\5\0\0\0:1.56\0\0\0\5\1u\0\3\0\0\0\7\1s\0\24\0\0\0org.freedesktop.DBus\0\0\0\0", iov_len=2048}], msg_iovlen=1, msg_controllen=0, msg_flags=MSG_CMSG_CLOEXEC}, MSG_CMSG_CLOEXEC) = 72
10656 recvmsg(27, {msg_namelen=0}, MSG_CMSG_CLOEXEC) = -1 EAGAIN (Resource temporarily unavailable)
10656 sendmsg(27, {msg_name=NULL, msg_namelen=0, msg_iov=[{iov_base="l\1\0\1\33\0\0\0\4\0\0\0~\0\0\0\2\1s\0\24\0\0\0org.freedesktop.DBus\0\0\0\0\3\1s\0\f\0\0\0GetNameOwner\0\0\0\0\10\1g\0\1s\0\0\6\1s\0\24\0\0\0org.freedesktop.DBus\0\0\0\0\1\1o\0\25\0\0\0/org/freedesktop/DBus\0\0\0", iov_len=144}, {iov_base="\26\0\0\0org.freedesktop.login1\0", iov_len=27}], msg_iovlen=2, msg_controllen=0, msg_flags=0}, MSG_NOSIGNAL) = 171
10656 recvmsg(27, {msg_name=NULL, msg_namelen=0, msg_iov=[{iov_base="l\2\1\1\t\0\0\0\5\0\0\0=\0\0\0\6\1s\0\5\0\0\0:1.56\0\0\0\5\1u\0\4\0\0\0\10\1g\0\1s\0\0\7\1s\0\24\0\0\0org.freedesktop.DBus\0\0\0\0\4\0\0\0:1.6\0", iov_len=2048}], msg_iovlen=1, msg_controllen=0, msg_flags=MSG_CMSG_CLOEXEC}, MSG_CMSG_CLOEXEC) = 89
10656 recvmsg(27, {msg_namelen=0}, MSG_CMSG_CLOEXEC) = -1 EAGAIN (Resource temporarily unavailable)
10634 openat(AT_FDCWD, "/tmp/.com.google.Chrome.O8gWUa", O_RDWR|O_CREAT|O_EXCL, 0600) = 26
10634 openat(AT_FDCWD, "/tmp/.com.google.Chrome.O8gWUa", O_RDONLY <unfinished ...>
10656 sendmsg(27, {msg_name=NULL, msg_namelen=0, msg_iov=[{iov_base="l\1\0\1\177\0\0\0\5\0\0\0\177\0\0\0\1\1o\0\25\0\0\0/org/freedesktop/DBus\0\0\0\6\1s\0\24\0\0\0org.freedesktop.DBus\0\0\0\0\2\1s\0\24\0\0\0org.freedesktop.DBus\0\0\0\0\3\1s\0\10\0\0\0AddMatch\0\0\0\0\0\0\0\0\10\1g\0\1s\0\0", iov_len=144}, {iov_base="z\0\0\0type='signal', sender='org.freedesktop.login1', interface='org.freedesktop.login1.Manager', path='/org/freedesktop/login1'\0", iov_len=127}], msg_iovlen=2, msg_controllen=0, msg_flags=0}, MSG_NOSIGNAL <unfinished ...>
10634 <... openat resumed>)             = 31
10656 <... sendmsg resumed>)            = 271
10656 recvmsg(27, {msg_name=NULL, msg_namelen=0, msg_iov=[{iov_base="l\2\1\1\0\0\0\0\6\0\0\0005\0\0\0\6\1s\0\5\0\0\0:1.56\0\0\0\5\1u\0\5\0\0\0\7\1s\0\24\0\0\0org.freedesktop.DBus\0\0\0\0", iov_len=2048}], msg_iovlen=1, msg_controllen=0, msg_flags=MSG_CMSG_CLOEXEC}, MSG_CMSG_CLOEXEC) = 72
10656 recvmsg(27, {msg_namelen=0}, MSG_CMSG_CLOEXEC) = -1 EAGAIN (Resource temporarily unavailable)
10634 openat(AT_FDCWD, "/proc/10634/stat", O_RDONLY|O_CLOEXEC) = 26
10634 openat(AT_FDCWD, "/proc/10634/status", O_RDONLY|O_CLOEXEC) = 26
10634 openat(AT_FDCWD, "/opt/google/chrome/WidevineCdm/manifest.json", O_RDONLY|O_CLOEXEC) = 33
10656 recvmsg(27,  <unfinished ...>
10658 socket(AF_NETLINK, SOCK_RAW, NETLINK_ROUTE <unfinished ...>
10656 <... recvmsg resumed>{msg_namelen=0}, MSG_CMSG_CLOEXEC) = -1 EAGAIN (Resource temporarily unavailable)
10658 <... socket resumed>)             = 33
10658 bind(33, {sa_family=AF_NETLINK, nl_pid=0, nl_groups=0x000113}, 12) = 0
10658 sendto(33, [{nlmsg_len=17, nlmsg_type=RTM_GETADDR, nlmsg_flags=NLM_F_REQUEST|NLM_F_DUMP, nlmsg_seq=0, nlmsg_pid=0}, {ifa_family=AF_UNSPEC, ...}], 17, 0, {sa_family=AF_NETLINK, nl_pid=0, nl_groups=00000000}, 12) = 17
10658 recvfrom(33, [[{nlmsg_len=76, nlmsg_type=RTM_NEWADDR, nlmsg_flags=NLM_F_MULTI, nlmsg_seq=0, nlmsg_pid=10634}, {ifa_family=AF_INET, ifa_prefixlen=8, ifa_flags=IFA_F_PERMANENT, ifa_scope=RT_SCOPE_HOST, ifa_index=if_nametoindex("lo")}, [[{nla_len=8, nla_type=IFA_ADDRESS}, inet_addr("127.0.0.1")], [{nla_len=8, nla_type=IFA_LOCAL}, inet_addr("127.0.0.1")], [{nla_len=7, nla_type=IFA_LABEL}, "lo"], [{nla_len=8, nla_type=IFA_FLAGS}, IFA_F_PERMANENT], [{nla_len=20, nla_type=IFA_CACHEINFO}, {ifa_prefered=4294967295, ifa_valid=4294967295, cstamp=193093, tstamp=193093}]]], [{nlmsg_len=80, nlmsg_type=RTM_NEWADDR, nlmsg_flags=NLM_F_MULTI, nlmsg_seq=0, nlmsg_pid=10634}, {ifa_family=AF_INET6, ifa_prefixlen=128, ifa_flags=IFA_F_PERMANENT, ifa_scope=RT_SCOPE_HOST, ifa_index=if_nametoindex("lo")}, [[{nla_len=20, nla_type=IFA_ADDRESS}, inet_pton(AF_INET6, "::1")], [{nla_len=20, nla_type=IFA_CACHEINFO}, {ifa_prefered=4294967295, ifa_valid=4294967295, cstamp=193093, tstamp=193093}], [{nla_len=8, nla_type=IFA_FLAGS}, IFA_F_PERMANENT], [{nla_len=5, nla_type=IFA_PROTO}, "\x01"]]]], 8192, 0, NULL, NULL) = 156
10658 recvfrom(33, [{nlmsg_len=20, nlmsg_type=NLMSG_DONE, nlmsg_flags=NLM_F_MULTI, nlmsg_seq=0, nlmsg_pid=10634}, 0], 8192, MSG_DONTWAIT, NULL, NULL) = 20
10655 openat(AT_FDCWD, "/etc/fonts/fonts.conf", O_RDONLY|O_CLOEXEC) = 34
10658 recvfrom(33, 0x135c001c2400, 8192, MSG_DONTWAIT, NULL, NULL) = -1 EAGAIN (Resource temporarily unavailable)
10658 sendto(33, [{nlmsg_len=17, nlmsg_type=RTM_GETLINK, nlmsg_flags=NLM_F_REQUEST|NLM_F_DUMP, nlmsg_seq=0, nlmsg_pid=0}, {ifi_family=AF_UNSPEC, ...}], 17, 0, {sa_family=AF_NETLINK, nl_pid=0, nl_groups=00000000}, 12) = 17
10656 sendmsg(27, {msg_name=NULL, msg_namelen=0, msg_iov=[{iov_base="l\1\0\1\256\0\0\0\6\0\0\0\177\0\0\0\1\1o\0\25\0\0\0/org/freedesktop/DBus\0\0\0\6\1s\0\24\0\0\0org.freedesktop.DBus\0\0\0\0\2\1s\0\24\0\0\0org.freedesktop.DBus\0\0\0\0\3\1s\0\10\0\0\0AddMatch\0\0\0\0\0\0\0\0\10\1g\0\1s\0\0", iov_len=144}, {iov_base="\251\0\0\0type='signal',interface='org.freedesktop.DBus',member='NameOwnerChanged',path='/org/freedesktop/DBus',sender='org.freedesktop.DBus',arg0='org.chromium.bluetooth.Manager'\0", iov_len=174}], msg_iovlen=2, msg_controllen=0, msg_flags=0}, MSG_NOSIGNAL) = 318
10656 recvmsg(27, {msg_name=NULL, msg_namelen=0, msg_iov=[{iov_base="l\2\1\1\0\0\0\0\7\0\0\0005\0\0\0\6\1s\0\5\0\0\0:1.56\0\0\0\5\1u\0\6\0\0\0\7\1s\0\24\0\0\0org.freedesktop.DBus\0\0\0\0", iov_len=2048}], msg_iovlen=1, msg_controllen=0, msg_flags=MSG_CMSG_CLOEXEC}, MSG_CMSG_CLOEXEC) = 72
10656 recvmsg(27, {msg_namelen=0}, MSG_CMSG_CLOEXEC) = -1 EAGAIN (Resource temporarily unavailable)
10656 sendmsg(27, {msg_name=NULL, msg_namelen=0, msg_iov=[{iov_base="l\1\0\1#\0\0\0\7\0\0\0~\0\0\0\2\1s\0\24\0\0\0org.freedesktop.DBus\0\0\0\0\3\1s\0\f\0\0\0GetNameOwner\0\0\0\0\10\1g\0\1s\0\0\6\1s\0\24\0\0\0org.freedesktop.DBus\0\0\0\0\1\1o\0\25\0\0\0/org/freedesktop/DBus\0\0\0", iov_len=144}, {iov_base="\36\0\0\0org.chromium.bluetooth.Manager\0", iov_len=35}], msg_iovlen=2, msg_controllen=0, msg_flags=0}, MSG_NOSIGNAL) = 179
10658 recvfrom(33,  <unfinished ...>
10656 recvmsg(27,  <unfinished ...>
10658 <... recvfrom resumed>[{nlmsg_len=1472, nlmsg_type=RTM_NEWLINK, nlmsg_flags=NLM_F_MULTI, nlmsg_seq=0, nlmsg_pid=10634}, {ifi_family=AF_UNSPEC, ifi_type=ARPHRD_LOOPBACK, ifi_index=if_nametoindex("lo"), ifi_flags=IFF_UP|IFF_LOOPBACK|IFF_RUNNING|IFF_LOWER_UP, ifi_change=0}, [[{nla_len=7, nla_type=IFLA_IFNAME}, "lo"], [{nla_len=8, nla_type=IFLA_TXQLEN}, 1000], [{nla_len=5, nla_type=IFLA_OPERSTATE}, 0], [{nla_len=5, nla_type=IFLA_LINKMODE}, 0], [{nla_len=5, nla_type=0x43 /* IFLA_??? */}, "\x01"], [{nla_len=8, nla_type=IFLA_MTU}, 65536], [{nla_len=8, nla_type=IFLA_MIN_MTU}, 0], [{nla_len=8, nla_type=IFLA_MAX_MTU}, 0], [{nla_len=8, nla_type=IFLA_GROUP}, 0], [{nla_len=8, nla_type=IFLA_PROMISCUITY}, 0], [{nla_len=8, nla_type=IFLA_ALLMULTI}, 0], [{nla_len=8, nla_type=IFLA_NUM_TX_QUEUES}, 1], [{nla_len=8, nla_type=IFLA_GSO_MAX_SEGS}, 65535], [{nla_len=8, nla_type=IFLA_GSO_MAX_SIZE}, 65536], [{nla_len=8, nla_type=IFLA_GRO_MAX_SIZE}, 65536], [{nla_len=8, nla_type=IFLA_GSO_IPV4_MAX_SIZE}, 65536], [{nla_len=8, nla_type=IFLA_GRO_IPV4_MAX_SIZE}, 65536], [{nla_len=8, nla_type=IFLA_TSO_MAX_SIZE}, 524280], [{nla_len=8, nla_type=IFLA_TSO_MAX_SEGS}, 65535], [{nla_len=8, nla_type=0x42 /* IFLA_??? */}, "\x00\x00\x00\x00"], [{nla_len=8, nla_type=IFLA_NUM_RX_QUEUES}, 1], [{nla_len=5, nla_type=IFLA_CARRIER}, 1], [{nla_len=8, nla_type=IFLA_CARRIER_CHANGES}, 0], [{nla_len=8, nla_type=IFLA_CARRIER_UP_COUNT}, 0], [{nla_len=8, nla_type=IFLA_CARRIER_DOWN_COUNT}, 0], [{nla_len=5, nla_type=IFLA_PROTO_DOWN}, 0], [{nla_len=10, nla_type=IFLA_ADDRESS}, 00:00:00:00:00:00], [{nla_len=10, nla_type=IFLA_BROADCAST}, 00:00:00:00:00:00], [{nla_len=204, nla_type=IFLA_STATS64}, {rx_packets=0, tx_packets=0, rx_bytes=0, tx_bytes=0, rx_errors=0, tx_errors=0, rx_dropped=0, tx_dropped=0, multicast=0, collisions=0, rx_length_errors=0, rx_over_errors=0, rx_crc_errors=0, rx_frame_errors=0, rx_fifo_errors=0, rx_missed_errors=0, tx_aborted_errors=0, tx_carrier_errors=0, tx_fifo_errors=0, tx_heartbeat_errors=0, tx_window_errors=0, rx_compressed=0, tx_compressed=0, rx_nohandler=0, rx_otherhost_dropped=0}], [{nla_len=100, nla_type=IFLA_STATS}, {rx_packets=0, tx_packets=0, rx_bytes=0, tx_bytes=0, rx_errors=0, tx_errors=0, rx_dropped=0, tx_dropped=0, multicast=0, collisions=0, rx_length_errors=0, rx_over_errors=0, rx_crc_errors=0, rx_frame_errors=0, rx_fifo_errors=0, rx_missed_errors=0, tx_aborted_errors=0, tx_carrier_errors=0, tx_fifo_errors=0, tx_heartbeat_errors=0, tx_window_errors=0, rx_compressed=0, tx_compressed=0, rx_nohandler=0}], [{nla_len=12, nla_type=IFLA_XDP}, [{nla_len=5, nla_type=IFLA_XDP_ATTACHED}, XDP_ATTACHED_NONE]], [{nla_len=12, nla_type=IFLA_QDISC}, "noqueue"], [{nla_len=836, nla_type=IFLA_AF_SPEC}, [[{nla_len=20, nla_type=AF_MCTP}, [[{nla_len=8, nla_type=IFLA_MCTP_NET}, 1], [{nla_len=5, nla_type=0x2 /* IFLA_MCTP_??? */}, "\x00"]]], [{nla_len=140, nla_type=AF_INET}, [{nla_len=136, nla_type=IFLA_INET_CONF}, [[IPV4_DEVCONF_FORWARDING-1]=1, [IPV4_DEVCONF_MC_FORWARDING-1]=0, [IPV4_DEVCONF_PROXY_ARP-1]=0, [IPV4_DEVCONF_ACCEPT_REDIRECTS-1]=1, [IPV4_DEVCONF_SECURE_REDIRECTS-1]=1, [IPV4_DEVCONF_SEND_REDIRECTS-1]=1, [IPV4_DEVCONF_SHARED_MEDIA-1]=1, [IPV4_DEVCONF_RP_FILTER-1]=2, [IPV4_DEVCONF_ACCEPT_SOURCE_ROUTE-1]=1, [IPV4_DEVCONF_BOOTP_RELAY-1]=0, [IPV4_DEVCONF_LOG_MARTIANS-1]=0, [IPV4_DEVCONF_TAG-1]=0, [IPV4_DEVCONF_ARPFILTER-1]=0, [IPV4_DEVCONF_MEDIUM_ID-1]=0, [IPV4_DEVCONF_NOXFRM-1]=1, [IPV4_DEVCONF_NOPOLICY-1]=1, [IPV4_DEVCONF_FORCE_IGMP_VERSION-1]=0, [IPV4_DEVCONF_ARP_ANNOUNCE-1]=0, [IPV4_DEVCONF_ARP_IGNORE-1]=0, [IPV4_DEVCONF_PROMOTE_SECONDARIES-1]=0, [IPV4_DEVCONF_ARP_ACCEPT-1]=0, [IPV4_DEVCONF_ARP_NOTIFY-1]=0, [IPV4_DEVCONF_ACCEPT_LOCAL-1]=0, [IPV4_DEVCONF_SRC_VMARK-1]=0, [IPV4_DEVCONF_PROXY_ARP_PVLAN-1]=0, [IPV4_DEVCONF_ROUTE_LOCALNET-1]=0, [IPV4_DEVCONF_IGMPV2_UNSOLICITED_REPORT_INTERVAL-1]=10000, [IPV4_DEVCONF_IGMPV3_UNSOLICITED_REPORT_INTERVAL-1]=1000, [IPV4_DEVCONF_IGNORE_ROUTES_WITH_LINKDOWN-1]=0, [IPV4_DEVCONF_DROP_UNICAST_IN_L2_MULTICAST-1]=0, [IPV4_DEVCONF_DROP_GRATUITOUS_ARP-1]=0, [IPV4_DEVCONF_BC_FORWARDING-1]=0, [IPV4_DEVCONF_ARP_EVICT_NOCARRIER-1]=1]]], [{nla_len=672, nla_type=AF_INET6}, [[{nla_len=8, nla_type=IFLA_INET6_FLAGS}, IF_READY], [{nla_len=20, nla_type=IFLA_INET6_CACHEINFO}, {max_reasm_len=65535, tstamp=193093, reachable_time=37260, retrans_time=1000}], [{nla_len=244, nla_type=IFLA_INET6_CONF}, [[DEVCONF_FORWARDING]=0, [DEVCONF_HOPLIMIT]=64, [DEVCONF_MTU6]=65536, [DEVCONF_ACCEPT_RA]=1, [DEVCONF_ACCEPT_REDIRECTS]=1, [DEVCONF_AUTOCONF]=1, [DEVCONF_DAD_TRANSMITS]=1, [DEVCONF_RTR_SOLICITS]=-1, [DEVCONF_RTR_SOLICIT_INTERVAL]=4000, [DEVCONF_RTR_SOLICIT_DELAY]=1000, [DEVCONF_USE_TEMPADDR]=-1, [DEVCONF_TEMP_VALID_LFT]=604800, [DEVCONF_TEMP_PREFERED_LFT]=86400, [DEVCONF_REGEN_MAX_RETRY]=3, [DEVCONF_MAX_DESYNC_FACTOR]=600, [DEVCONF_MAX_ADDRESSES]=16, [DEVCONF_FORCE_MLD_VERSION]=0, [DEVCONF_ACCEPT_RA_DEFRTR]=1, [DEVCONF_ACCEPT_RA_PINFO]=1, [DEVCONF_ACCEPT_RA_RTR_PREF]=1, [DEVCONF_RTR_PROBE_INTERVAL]=60000, [DEVCONF_ACCEPT_RA_RT_INFO_MAX_PLEN]=0, [DEVCONF_PROXY_NDP]=0, [DEVCONF_OPTIMISTIC_DAD]=0, [DEVCONF_ACCEPT_SOURCE_ROUTE]=0, [DEVCONF_MC_FORWARDING]=0, [DEVCONF_DISABLE_IPV6]=0, [DEVCONF_ACCEPT_DAD]=-1, [DEVCONF_FORCE_TLLAO]=0, [DEVCONF_NDISC_NOTIFY]=0, [DEVCONF_MLDV1_UNSOLICITED_REPORT_INTERVAL]=10000, [DEVCONF_MLDV2_UNSOLICITED_REPORT_INTERVAL]=1000, [DEVCONF_SUPPRESS_FRAG_NDISC]=1, [DEVCONF_ACCEPT_RA_FROM_LOCAL]=0, [DEVCONF_USE_OPTIMISTIC]=0, [DEVCONF_ACCEPT_RA_MTU]=1, [DEVCONF_STABLE_SECRET]=0, [DEVCONF_USE_OIF_ADDRS_ONLY]=0, [DEVCONF_ACCEPT_RA_MIN_HOP_LIMIT]=1, [DEVCONF_IGNORE_ROUTES_WITH_LINKDOWN]=0, [DEVCONF_DROP_UNICAST_IN_L2_MULTICAST]=0, [DEVCONF_DROP_UNSOLICITED_NA]=0, [DEVCONF_KEEP_ADDR_ON_DOWN]=0, [DEVCONF_RTR_SOLICIT_MAX_INTERVAL]=3600000, [DEVCONF_SEG6_ENABLED]=0, [DEVCONF_SEG6_REQUIRE_HMAC]=0, [DEVCONF_ENHANCED_DAD]=1, [DEVCONF_ADDR_GEN_MODE]=0, [DEVCONF_DISABLE_POLICY]=0, [DEVCONF_ACCEPT_RA_RT_INFO_MIN_PLEN]=0, [DEVCONF_NDISC_TCLASS]=0, [DEVCONF_RPL_SEG_ENABLED]=0, [DEVCONF_RA_DEFRTR_METRIC]=1024, [DEVCONF_IOAM6_ENABLED]=0, [DEVCONF_IOAM6_ID]=65535, [DEVCONF_IOAM6_ID_WIDE]=-1, [DEVCONF_NDISC_EVICT_NOCARRIER]=1, [DEVCONF_ACCEPT_UNTRACKED_NA]=0, [DEVCONF_ACCEPT_RA_MIN_LFT]=0, [59 /* DEVCONF_??? */]=0]], [{nla_len=308, nla_type=IFLA_INET6_STATS}, [[IPSTATS_MIB_NUM]=38, [IPSTATS_MIB_INPKTS]=0, [IPSTATS_MIB_INOCTETS]=0, [IPSTATS_MIB_INDELIVERS]=0, [IPSTATS_MIB_OUTFORWDATAGRAMS]=0, [IPSTATS_MIB_OUTPKTS]=0, [IPSTATS_MIB_OUTOCTETS]=0, [IPSTATS_MIB_INHDRERRORS]=0, [IPSTATS_MIB_INTOOBIGERRORS]=0, [IPSTATS_MIB_INNOROUTES]=0, [IPSTATS_MIB_INADDRERRORS]=0, [IPSTATS_MIB_INUNKNOWNPROTOS]=0, [IPSTATS_MIB_INTRUNCATEDPKTS]=0, [IPSTATS_MIB_INDISCARDS]=0, [IPSTATS_MIB_OUTDISCARDS]=0, [IPSTATS_MIB_OUTNOROUTES]=0, [IPSTATS_MIB_REASMTIMEOUT]=0, [IPSTATS_MIB_REASMREQDS]=0, [IPSTATS_MIB_REASMOKS]=0, [IPSTATS_MIB_REASMFAILS]=0, [IPSTATS_MIB_FRAGOKS]=0, [IPSTATS_MIB_FRAGFAILS]=0, [IPSTATS_MIB_FRAGCREATES]=0, [IPSTATS_MIB_INMCASTPKTS]=0, [IPSTATS_MIB_OUTMCASTPKTS]=0, [IPSTATS_MIB_INBCASTPKTS]=0, [IPSTATS_MIB_OUTBCASTPKTS]=0, [IPSTATS_MIB_INMCASTOCTETS]=0, [IPSTATS_MIB_OUTMCASTOCTETS]=0, [IPSTATS_MIB_INBCASTOCTETS]=0, [IPSTATS_MIB_OUTBCASTOCTETS]=0, [IPSTATS_MIB_CSUMERRORS]=0, [IPSTATS_MIB_NOECTPKTS]=0, [IPSTATS_MIB_ECT1PKTS]=0, [IPSTATS_MIB_ECT0PKTS]=0, [IPSTATS_MIB_CEPKTS]=0, [IPSTATS_MIB_REASM_OVERLAPS]=0, [37 /* IPSTATS_MIB_??? */]=0]], [{nla_len=60, nla_type=IFLA_INET6_ICMP6STATS}, [[ICMP6_MIB_NUM]=7, [ICMP6_MIB_INMSGS]=0, [ICMP6_MIB_INERRORS]=0, [ICMP6_MIB_OUTMSGS]=0, [ICMP6_MIB_OUTERRORS]=0, [ICMP6_MIB_CSUMERRORS]=0, [6 /* ICMP6_MIB_??? */]=0]], [{nla_len=20, nla_type=IFLA_INET6_TOKEN}, inet_pton(AF_INET6, "::")], [{nla_len=5, nla_type=IFLA_INET6_ADDR_GEN_MODE}, IN6_ADDR_GEN_MODE_EUI64]]]]], [{nla_len=36, nla_type=IFLA_MAP}, {mem_start=0, mem_end=0, base_addr=0, irq=0, dma=0, port=0}], {nla_len=4, nla_type=NLA_F_NESTED|IFLA_DEVLINK_PORT}, {nla_len=4, nla_type=NLA_F_NESTED|0x41 /* IFLA_??? */}]], 8192, 0, NULL, NULL) = 1472
10656 <... recvmsg resumed>{msg_name=NULL, msg_namelen=0, msg_iov=[{iov_base="l\3\1\1O\0\0\0\10\0\0\0u\0\0\0\6\1s\0\5\0\0\0:1.56\0\0\0\4\1s\0)\0\0\0org.freedesktop.DBus.Error.NameHasNoOwner\0\0\0\0\0\0\0\5\1u\0\7\0\0\0\10\1g\0\1s\0\0\7\1s\0\24\0\0\0org.freedesktop.DBus\0\0\0\0J\0\0\0Could not get owner of name 'org.chromium.bluetooth.Manager': no such name\0", iov_len=2048}], msg_iovlen=1, msg_controllen=0, msg_flags=MSG_CMSG_CLOEXEC}, MSG_CMSG_CLOEXEC) = 215
10658 recvfrom(33,  <unfinished ...>
10656 recvmsg(27,  <unfinished ...>
10658 <... recvfrom resumed>[{nlmsg_len=20, nlmsg_type=NLMSG_DONE, nlmsg_flags=NLM_F_MULTI, nlmsg_seq=0, nlmsg_pid=10634}, 0], 8192, MSG_DONTWAIT, NULL, NULL) = 20
10656 <... recvmsg resumed>{msg_namelen=0}, MSG_CMSG_CLOEXEC) = -1 EAGAIN (Resource temporarily unavailable)
10658 recvfrom(33, 0x135c001c2400, 8192, MSG_DONTWAIT, NULL, NULL) = -1 EAGAIN (Resource temporarily unavailable)
10658 openat(AT_FDCWD, "/tmp", O_RDONLY|O_NONBLOCK|O_CLOEXEC|O_DIRECTORY) = 34
10656 sendmsg(27, {msg_name=NULL, msg_namelen=0, msg_iov=[{iov_base="l\1\0\1\0\0\0\0\10\0\0\0r\0\0\0\2\1s\0\"\0\0\0org.freedesktop.DBus.ObjectManager\0\0\0\0\0\0\3\1s\0\21\0\0\0GetManagedObjects\0\0\0\0\0\0\0\6\1s\0\t\0\0\0org.bluez\0\0\0\0\0\0\0\1\1o\0\1\0\0\0/\0\0\0\0\0\0\0", iov_len=136}, {iov_base="", iov_len=0}], msg_iovlen=2, msg_controllen=0, msg_flags=0}, MSG_NOSIGNAL) = 136
10658 openat(AT_FDCWD, "/tmp/playwright_chromiumdev_profile-Lvy8gD/.com.google.Chrome.Local State.DaEIyb", O_RDWR|O_CREAT|O_EXCL, 0600) = 34
10656 recvmsg(27,  <unfinished ...>
10663 openat(AT_FDCWD, "/tmp/playwright_chromiumdev_profile-Lvy8gD/component_crx_cache/metadata.json", O_RDONLY|O_CLOEXEC <unfinished ...>
10656 <... recvmsg resumed>{msg_name=NULL, msg_namelen=0, msg_iov=[{iov_base="l\3\1\1>\0\0\0\t\0\0\0u\0\0\0\6\1s\0\5\0\0\0:1.56\0\0\0\4\1s\0)\0\0\0org.freedesktop.DBus.Error.ServiceUnknown\0\0\0\0\0\0\0\5\1u\0\10\0\0\0\10\1g\0\1s\0\0\7\1s\0\24\0\0\0org.freedesktop.DBus\0\0\0\09\0\0\0The name org.bluez was not provided by any .service files\0", iov_len=2048}], msg_iovlen=1, msg_controllen=0, msg_flags=MSG_CMSG_CLOEXEC}, MSG_CMSG_CLOEXEC) = 198
10663 <... openat resumed>)             = -1 ENOENT (No such file or directory)
10656 recvmsg(27, {msg_namelen=0}, MSG_CMSG_CLOEXEC) = -1 EAGAIN (Resource temporarily unavailable)
10663 openat(AT_FDCWD, "/tmp/playwright_chromiumdev_profile-Lvy8gD/component_crx_cache", O_RDONLY|O_NONBLOCK|O_CLOEXEC|O_DIRECTORY) = 35
10657 openat(AT_FDCWD, "/etc/host.conf", O_RDONLY|O_CLOEXEC <unfinished ...>
10655 openat(AT_FDCWD, "/etc/fonts/conf.d", O_RDONLY|O_NONBLOCK|O_CLOEXEC|O_DIRECTORY <unfinished ...>
10657 <... openat resumed>)             = 34
10655 <... openat resumed>)             = 35
10663 openat(AT_FDCWD, "/etc/hosts", O_RDONLY|O_CLOEXEC) = 34
10657 openat(AT_FDCWD, "/etc/resolv.conf", O_RDONLY|O_CLOEXEC) = 36
10655 openat(AT_FDCWD, "/usr/share/fontconfig/conf.avail/10-hinting-slight.conf", O_RDONLY|O_CLOEXEC) = 36
10657 openat(AT_FDCWD, "/etc/nsswitch.conf", O_RDONLY|O_CLOEXEC) = 34
10634 openat(AT_FDCWD, "/proc/10634/stat", O_RDONLY|O_CLOEXEC) = 37
10655 openat(AT_FDCWD, "/usr/share/fontconfig/conf.avail/10-scale-bitmap-fonts.conf", O_RDONLY|O_CLOEXEC) = 34
10660 openat(AT_FDCWD, "/proc/10634/status", O_RDONLY|O_CLOEXEC) = 34
10655 openat(AT_FDCWD, "/usr/share/fontconfig/conf.avail/10-sub-pixel-rgb.conf", O_RDONLY|O_CLOEXEC) = 36
10660 openat(AT_FDCWD, "/proc/10634/status", O_RDONLY|O_CLOEXEC) = 34
10655 openat(AT_FDCWD, "/usr/share/fontconfig/conf.avail/10-yes-antialias.conf", O_RDONLY|O_CLOEXEC) = 36
10655 openat(AT_FDCWD, "/usr/share/fontconfig/conf.avail/11-lcdfilter-default.conf", O_RDONLY|O_CLOEXEC <unfinished ...>
10660 openat(AT_FDCWD, "/proc/10634/clear_refs", O_WRONLY <unfinished ...>
10655 <... openat resumed>)             = 34
10660 <... openat resumed>)             = 36
10634 openat(AT_FDCWD, "/tmp/.com.google.Chrome.DKWhSX", O_RDWR|O_CREAT|O_EXCL, 0600) = 37
10655 openat(AT_FDCWD, "/etc/fonts/conf.avail/20-unhint-small-dejavu-lgc-sans-mono.conf", O_RDONLY|O_CLOEXEC) = 34
10668 socketpair(AF_UNIX, SOCK_STREAM, 0, [36, 38]) = 0
10668 openat(AT_FDCWD, "/tmp/.com.google.Chrome.fPCULP", O_RDWR|O_CREAT|O_EXCL, 0600) = 34
10668 openat(AT_FDCWD, "/tmp/.com.google.Chrome.fPCULP", O_RDONLY) = 39
10655 openat(AT_FDCWD, "/etc/fonts/conf.avail/20-unhint-small-dejavu-lgc-sans.conf", O_RDONLY|O_CLOEXEC) = 41
10655 openat(AT_FDCWD, "/etc/fonts/conf.avail/20-unhint-small-dejavu-lgc-serif.conf", O_RDONLY|O_CLOEXEC) = 41
10668 openat(AT_FDCWD, "/tmp/.com.google.Chrome.i00pQB", O_RDWR|O_CREAT|O_EXCL, 0600 <unfinished ...>
10657 openat(AT_FDCWD, "/tmp/playwright_chromiumdev_profile-Lvy8gD/GPUPersistentCache/GPUCache/EEIBDEGU7KLGTWEYN5DA3RDZE5GAWTES/cache.db", O_RDWR <unfinished ...>
10668 <... openat resumed>)             = 41
10657 <... openat resumed>)             = -1 ENOENT (No such file or directory)
10668 openat(AT_FDCWD, "/tmp/.com.google.Chrome.i00pQB", O_RDONLY <unfinished ...>
10657 openat(AT_FDCWD, "/tmp/playwright_chromiumdev_profile-Lvy8gD/GPUPersistentCache/GPUCache/EEIBDEGU7KLGTWEYN5DA3RDZE5GAWTES/cache.db", O_RDWR|O_CREAT, 0600 <unfinished ...>
10668 <... openat resumed>)             = 42
10657 <... openat resumed>)             = 43
10657 openat(AT_FDCWD, "/tmp/playwright_chromiumdev_profile-Lvy8gD/GPUPersistentCache/GPUCache/EEIBDEGU7KLGTWEYN5DA3RDZE5GAWTES/cache.journal", O_RDWR) = -1 ENOENT (No such file or directory)
10657 openat(AT_FDCWD, "/tmp/playwright_chromiumdev_profile-Lvy8gD/GPUPersistentCache/GPUCache/EEIBDEGU7KLGTWEYN5DA3RDZE5GAWTES/cache.journal", O_RDWR|O_CREAT, 0600 <unfinished ...>
10655 openat(AT_FDCWD, "/etc/fonts/conf.avail/20-unhint-small-dejavu-sans-mono.conf", O_RDONLY|O_CLOEXEC <unfinished ...>
10657 <... openat resumed>)             = 44
10655 <... openat resumed>)             = 45
10657 openat(AT_FDCWD, "/tmp/playwright_chromiumdev_profile-Lvy8gD/GPUPersistentCache/GPUCache/EEIBDEGU7KLGTWEYN5DA3RDZE5GAWTES/cache.db-wal", O_RDWR) = -1 ENOENT (No such file or directory)
10658 socket(AF_NETLINK, SOCK_RAW|SOCK_CLOEXEC|SOCK_NONBLOCK, NETLINK_KOBJECT_UEVENT <unfinished ...>
10657 openat(AT_FDCWD, "/tmp/playwright_chromiumdev_profile-Lvy8gD/GPUPersistentCache/GPUCache/EEIBDEGU7KLGTWEYN5DA3RDZE5GAWTES/cache.db-wal", O_RDWR|O_CREAT, 0600 <unfinished ...>
10658 <... socket resumed>)             = 46
10657 <... openat resumed>)             = 47
10658 getsockopt(46, SOL_SOCKET, SO_RCVBUF, [1048576], [4]) = 0
10658 setsockopt(46, SOL_SOCKET, SO_RCVBUF, [134217728], 4) = 0
10658 getsockopt(46, SOL_SOCKET, SO_RCVBUF,  <unfinished ...>
10657 openat(AT_FDCWD, "/tmp/playwright_chromiumdev_profile-Lvy8gD/GPUPersistentCache/GPUCache", O_RDONLY|O_NONBLOCK|O_CLOEXEC|O_DIRECTORY <unfinished ...>
10658 <... getsockopt resumed>[2097152], [4]) = 0
10657 <... openat resumed>)             = 41
10658 setsockopt(46, SOL_SOCKET, SO_RCVBUFFORCE, [134217728], 4) = -1 EPERM (Operation not permitted)
10634 openat(AT_FDCWD, "/home/runner/work/deckrender-acceptance/deckrender-acceptance/benchmark/artifacts/acceptance/private/sandboxes/62743d5d51713ee9b031f5fa8a67eefdc7820e5ab7aa1da4c8c21dff31195054/config/user-dirs.dirs", O_RDONLY) = -1 ENOENT (No such file or directory)
10668 socketpair(AF_UNIX, SOCK_SEQPACKET, 0, [48, 49]) = 0
10668 setsockopt(48, SOL_SOCKET, SO_PASSCRED, [1], 4 <unfinished ...>
10655 openat(AT_FDCWD, "/etc/fonts/conf.avail/20-unhint-small-dejavu-sans.conf", O_RDONLY|O_CLOEXEC <unfinished ...>
10668 <... setsockopt resumed>)         = 0
10658 setsockopt(46, SOL_SOCKET, SO_ATTACH_FILTER, {len=11, filter=0x7f26415f59f0}, 16 <unfinished ...>
10668 sendmsg(11, {msg_name=NULL, msg_namelen=0, msg_iov=[{iov_base="\224\4\0\0\0\0\0\0\v\0\0\0gpu-process\0\24\0\0\0\16\0\0\0/proc/self/exe\0\0\22\0\0\0--type=gpu-process\0\0\f\0\0\0--no-sandbox\27\0\0\0--disable-dev-shm-usage\0\22\0\0\0--disable-breakpad\0\0\n\0\0\0--headless\0\0\31\0\0\0--ozone-platform=headless\0\0\0\35\0\0\0--use-angle=swiftshader-webgl\0\0\0\34\0\0\0--crashpad-handler-pid=10642"..., iov_len=1176}], msg_iovlen=1, msg_control=[{cmsg_len=36, cmsg_level=SOL_SOCKET, cmsg_type=SCM_RIGHTS, cmsg_data=[49, 38, 6, 34, 45]}], msg_controllen=36, msg_flags=0}, MSG_NOSIGNAL <unfinished ...>
10655 <... openat resumed>)             = 50
10668 <... sendmsg resumed>)            = 1176
10658 <... setsockopt resumed>)         = 0
10658 setsockopt(46, SOL_SOCKET, SO_PASSCRED, [1], 4 <unfinished ...>
10649 recvmsg(3,  <unfinished ...>
10658 <... setsockopt resumed>)         = 0
10649 <... recvmsg resumed>{msg_name=NULL, msg_namelen=0, msg_iov=[{iov_base="\224\4\0\0\0\0\0\0\v\0\0\0gpu-process\0\24\0\0\0\16\0\0\0/proc/self/exe\0\0\22\0\0\0--type=gpu-process\0\0\f\0\0\0--no-sandbox\27\0\0\0--disable-dev-shm-usage\0\22\0\0\0--disable-breakpad\0\0\n\0\0\0--headless\0\0\31\0\0\0--ozone-platform=headless\0\0\0\35\0\0\0--use-angle=swiftshader-webgl\0\0\0\34\0\0\0--crashpad-handler-pid=10642"..., iov_len=65536}], msg_iovlen=1, msg_control=[{cmsg_len=36, cmsg_level=SOL_SOCKET, cmsg_type=SCM_RIGHTS, cmsg_data=[13, 14, 15, 16, 17]}], msg_controllen=40, msg_flags=0}, 0) = 1176
10668 recvmsg(48,  <unfinished ...>
10658 bind(46, {sa_family=AF_NETLINK, nl_pid=0, nl_groups=0x000002}, 12) = 0
10658 getsockname(46, {sa_family=AF_NETLINK, nl_pid=10634, nl_groups=0x000002}, [12]) = 0
10655 openat(AT_FDCWD, "/etc/fonts/conf.avail/20-unhint-small-dejavu-serif.conf", O_RDONLY|O_CLOEXEC) = 41
10657 openat(AT_FDCWD, "/proc/cpuinfo", O_RDONLY|O_CLOEXEC) = 41
10655 openat(AT_FDCWD, "/usr/share/fontconfig/conf.avail/20-unhint-small-vera.conf", O_RDONLY|O_CLOEXEC) = 49
10649 recvmsg(3,  <unfinished ...>
10655 openat(AT_FDCWD, "/usr/share/fontconfig/conf.avail/30-metric-aliases.conf", O_RDONLY|O_CLOEXEC) = 41
10671 sendmsg(13, {msg_name=NULL, msg_namelen=0, msg_iov=[{iov_base="CHILD_PING\0", iov_len=11}], msg_iovlen=1, msg_controllen=0, msg_flags=0}, MSG_NOSIGNAL) = 11
10668 <... recvmsg resumed>{msg_name=NULL, msg_namelen=0, msg_iov=[{iov_base="CHILD_PING\0", iov_len=12}], msg_iovlen=1, msg_control=[{cmsg_len=28, cmsg_level=SOL_SOCKET, cmsg_type=SCM_CREDENTIALS, cmsg_data={pid=10671, uid=1001, gid=1001}}], msg_controllen=32, msg_flags=0}, 0) = 11
10668 sendmsg(11, {msg_name=NULL, msg_namelen=0, msg_iov=[{iov_base="\10\0\0\0\4\0\0\0\257)\0\0", iov_len=12}], msg_iovlen=1, msg_controllen=0, msg_flags=0}, MSG_NOSIGNAL) = 12
10649 <... recvmsg resumed>{msg_name=NULL, msg_namelen=0, msg_iov=[{iov_base="\10\0\0\0\4\0\0\0\257)\0\0", iov_len=65536}], msg_iovlen=1, msg_controllen=0, msg_flags=0}, 0) = 12
10655 openat(AT_FDCWD, "/usr/share/fontconfig/conf.avail/40-nonlatin.conf", O_RDONLY|O_CLOEXEC) = 41
10655 openat(AT_FDCWD, "/usr/share/fontconfig/conf.avail/45-generic.conf", O_RDONLY|O_CLOEXEC) = 41
10668 openat(AT_FDCWD, "/selinux", O_RDONLY|O_NONBLOCK|O_CLOEXEC|O_DIRECTORY) = -1 ENOENT (No such file or directory)
10655 openat(AT_FDCWD, "/usr/share/fontconfig/conf.avail/45-latin.conf", O_RDONLY|O_CLOEXEC) = 41
10668 openat(AT_FDCWD, "/tmp/.com.google.Chrome.JmG5Uo", O_RDWR|O_CREAT|O_EXCL, 0600) = 34
10655 openat(AT_FDCWD, "/usr/share/fontconfig/conf.avail/48-spacing.conf", O_RDONLY|O_CLOEXEC) = 38
10655 openat(AT_FDCWD, "/usr/share/fontconfig/conf.avail/49-sansserif.conf", O_RDONLY|O_CLOEXEC) = 38
10655 openat(AT_FDCWD, "/usr/share/fontconfig/conf.avail/50-user.conf", O_RDONLY|O_CLOEXEC) = 38
10668 sendmsg(36, {msg_name=NULL, msg_namelen=0, msg_iov=[{iov_base="\20\0\1\0\270\0\0\0\35>Ds\0\0\0\0\30\0\0\0\0\0\0\0\0\0\0\0\0\0\0\0h\0\0\0\0\0\0\0@\0\0\0\0\0\0\0\354\345\224\335`\25\365\314\317\313\30\303\303x\277\3/N\365Y\3139\325\225\206\246Y\20\370\372\0\207\0\0\0\0\4\0\0\0\0\0\0\0\0\0\0\0X\0\0\0\0\0\0\0\20\0\0\0\1\0\0\0\0\0\0\0\0\0\0\0\20\0\0\0\1\0\0\0x\0\0\0\0\0\1\0000\0\0\0(\0\0\0\10\0\0\0\1\0\0\0 \0\0\0\0\0\2\0\2\0\0\0\0\0\0\0\rd\257Q\266/\36l\220VA\275\342\236\340\244", iov_len=184}], msg_iovlen=1, msg_control=[{cmsg_len=20, cmsg_level=SOL_SOCKET, cmsg_type=SCM_RIGHTS, cmsg_data=[34]}], msg_controllen=20, msg_flags=0}, MSG_NOSIGNAL) = 184
10655 openat(AT_FDCWD, "/usr/share/fontconfig/conf.avail/51-local.conf", O_RDONLY|O_CLOEXEC) = 34
10655 openat(AT_FDCWD, "/etc/fonts/conf.avail/57-dejavu-sans-mono.conf", O_RDONLY|O_CLOEXEC) = 34
10655 openat(AT_FDCWD, "/etc/fonts/conf.avail/57-dejavu-sans.conf", O_RDONLY|O_CLOEXEC) = 34
10655 openat(AT_FDCWD, "/etc/fonts/conf.avail/57-dejavu-serif.conf", O_RDONLY|O_CLOEXEC) = 34
10655 openat(AT_FDCWD, "/etc/fonts/conf.avail/58-dejavu-lgc-sans-mono.conf", O_RDONLY|O_CLOEXEC) = 34
10655 openat(AT_FDCWD, "/etc/fonts/conf.avail/58-dejavu-lgc-sans.conf", O_RDONLY|O_CLOEXEC) = 34
10655 openat(AT_FDCWD, "/etc/fonts/conf.avail/58-dejavu-lgc-serif.conf", O_RDONLY|O_CLOEXEC) = 34
10655 openat(AT_FDCWD, "/usr/share/fontconfig/conf.avail/60-generic.conf", O_RDONLY|O_CLOEXEC) = 34
10655 openat(AT_FDCWD, "/usr/share/fontconfig/conf.avail/60-latin.conf", O_RDONLY|O_CLOEXEC) = 34
10655 openat(AT_FDCWD, "/usr/share/fontconfig/conf.avail/65-fonts-persian.conf", O_RDONLY|O_CLOEXEC) = 34
10655 openat(AT_FDCWD, "/usr/share/fontconfig/conf.avail/65-nonlatin.conf", O_RDONLY|O_CLOEXEC) = 34
10655 openat(AT_FDCWD, "/usr/share/fontconfig/conf.avail/69-unifont.conf", O_RDONLY|O_CLOEXEC) = 34
10655 openat(AT_FDCWD, "/usr/share/fontconfig/conf.avail/70-fonts-noto-cjk.conf", O_RDONLY|O_CLOEXEC) = 34
10655 openat(AT_FDCWD, "/usr/share/fontconfig/conf.avail/70-no-bitmaps-except-emoji.conf", O_RDONLY|O_CLOEXEC) = 34
10655 openat(AT_FDCWD, "/usr/share/fontconfig/conf.avail/80-delicious.conf", O_RDONLY|O_CLOEXEC) = 34
10671 openat(AT_FDCWD, "/proc/self/cmdline", O_RDONLY|O_CLOEXEC) = 16
10655 openat(AT_FDCWD, "/usr/share/fontconfig/conf.avail/90-synthetic.conf", O_RDONLY|O_CLOEXEC) = 34
10655 openat(AT_FDCWD, "/usr/share/fontconfig/conf.avail", O_RDONLY|O_NONBLOCK|O_CLOEXEC|O_DIRECTORY) = 34
10655 openat(AT_FDCWD, "/usr/share/fontconfig/conf.avail/05-reset-dirs-sample.conf", O_RDONLY|O_CLOEXEC) = 35
10671 openat(AT_FDCWD, "/opt/hostedtoolcache/Python/3.12.14/x64/lib/libpci.so.3", O_RDONLY|O_CLOEXEC) = -1 ENOENT (No such file or directory)
10671 openat(AT_FDCWD, "/etc/ld.so.cache", O_RDONLY|O_CLOEXEC) = 16
10655 openat(AT_FDCWD, "/usr/share/fontconfig/conf.avail/09-autohint-if-no-hinting.conf", O_RDONLY|O_CLOEXEC) = 35
10671 openat(AT_FDCWD, "/lib/x86_64-linux-gnu/libpci.so.3", O_RDONLY|O_CLOEXEC) = 16
10655 openat(AT_FDCWD, "/usr/share/fontconfig/conf.avail/10-autohint.conf", O_RDONLY|O_CLOEXEC) = 35
10655 openat(AT_FDCWD, "/usr/share/fontconfig/conf.avail/10-hinting-full.conf", O_RDONLY|O_CLOEXEC) = 35
10671 openat(AT_FDCWD, "/sys/bus/pci/devices", O_RDONLY|O_NONBLOCK|O_CLOEXEC|O_DIRECTORY) = 16
10671 openat(AT_FDCWD, "/sys/bus/pci/devices/c05b:00:00.0/vendor", O_RDONLY) = 16
10655 openat(AT_FDCWD, "/usr/share/fontconfig/conf.avail/10-hinting-medium.conf", O_RDONLY|O_CLOEXEC) = 35
10671 openat(AT_FDCWD, "/sys/bus/pci/devices/c05b:00:00.0/device", O_RDONLY) = 16
10671 openat(AT_FDCWD, "/sys/bus/pci/devices/c05b:00:00.0/class", O_RDONLY) = 16
10671 openat(AT_FDCWD, "/sys/bus/pci/devices/50e0:00:02.0/vendor", O_RDONLY <unfinished ...>
10655 openat(AT_FDCWD, "/usr/share/fontconfig/conf.avail/10-hinting-none.conf", O_RDONLY|O_CLOEXEC) = 35
10671 <... openat resumed>)             = 16
10671 openat(AT_FDCWD, "/sys/bus/pci/devices/50e0:00:02.0/device", O_RDONLY) = 16
10671 openat(AT_FDCWD, "/sys/bus/pci/devices/50e0:00:02.0/class", O_RDONLY) = 16
10655 openat(AT_FDCWD, "/usr/share/fontconfig/conf.avail/10-no-antialias.conf", O_RDONLY|O_CLOEXEC) = 35
10655 openat(AT_FDCWD, "/usr/share/fontconfig/conf.avail/10-sub-pixel-bgr.conf", O_RDONLY|O_CLOEXEC) = 35
10671 openat(AT_FDCWD, "/opt/google/chrome/libvulkan.so", O_RDONLY|O_CLOEXEC) = -1 ENOENT (No such file or directory)
10671 openat(AT_FDCWD, "/opt/google/chrome/libvulkan.so.1", O_RDONLY|O_CLOEXEC) = 16
10655 openat(AT_FDCWD, "/usr/share/fontconfig/conf.avail/10-sub-pixel-none.conf", O_RDONLY|O_CLOEXEC) = 35
10655 openat(AT_FDCWD, "/usr/share/fontconfig/conf.avail/10-sub-pixel-vbgr.conf", O_RDONLY|O_CLOEXEC) = 35
10671 openat(AT_FDCWD, "/home/runner/work/deckrender-acceptance/deckrender-acceptance/benchmark/artifacts/acceptance/private/sandboxes/62743d5d51713ee9b031f5fa8a67eefdc7820e5ab7aa1da4c8c21dff31195054/config/vulkan/implicit_layer.d", O_RDONLY|O_NONBLOCK|O_CLOEXEC|O_DIRECTORY) = -1 ENOENT (No such file or directory)
10655 openat(AT_FDCWD, "/usr/share/fontconfig/conf.avail/10-sub-pixel-vrgb.conf", O_RDONLY|O_CLOEXEC <unfinished ...>
10671 openat(AT_FDCWD, "/etc/xdg/vulkan/implicit_layer.d", O_RDONLY|O_NONBLOCK|O_CLOEXEC|O_DIRECTORY <unfinished ...>
10655 <... openat resumed>)             = 35
10671 <... openat resumed>)             = -1 ENOENT (No such file or directory)
10671 openat(AT_FDCWD, "/etc/vulkan/implicit_layer.d", O_RDONLY|O_NONBLOCK|O_CLOEXEC|O_DIRECTORY) = 16
10671 openat(AT_FDCWD, "/home/runner/work/deckrender-acceptance/deckrender-acceptance/benchmark/artifacts/acceptance/private/sandboxes/62743d5d51713ee9b031f5fa8a67eefdc7820e5ab7aa1da4c8c21dff31195054/.local/share/vulkan/implicit_layer.d", O_RDONLY|O_NONBLOCK|O_CLOEXEC|O_DIRECTORY) = -1 ENOENT (No such file or directory)
10655 openat(AT_FDCWD, "/usr/share/fontconfig/conf.avail/10-unhinted.conf", O_RDONLY|O_CLOEXEC <unfinished ...>
10671 openat(AT_FDCWD, "/usr/local/share/vulkan/implicit_layer.d", O_RDONLY|O_NONBLOCK|O_CLOEXEC|O_DIRECTORY <unfinished ...>
10655 <... openat resumed>)             = 35
10671 <... openat resumed>)             = -1 ENOENT (No such file or directory)
10671 openat(AT_FDCWD, "/usr/share/vulkan/implicit_layer.d", O_RDONLY|O_NONBLOCK|O_CLOEXEC|O_DIRECTORY) = -1 ENOENT (No such file or directory)
10671 openat(AT_FDCWD, "/home/runner/work/deckrender-acceptance/deckrender-acceptance/benchmark/artifacts/acceptance/private/sandboxes/62743d5d51713ee9b031f5fa8a67eefdc7820e5ab7aa1da4c8c21dff31195054/config/vulkan/implicit_layer.d", O_RDONLY|O_NONBLOCK|O_CLOEXEC|O_DIRECTORY) = -1 ENOENT (No such file or directory)
10671 openat(AT_FDCWD, "/etc/xdg/vulkan/implicit_layer.d", O_RDONLY|O_NONBLOCK|O_CLOEXEC|O_DIRECTORY) = -1 ENOENT (No such file or directory)
10671 openat(AT_FDCWD, "/etc/vulkan/implicit_layer.d", O_RDONLY|O_NONBLOCK|O_CLOEXEC|O_DIRECTORY) = 16
10655 openat(AT_FDCWD, "/usr/share/fontconfig/conf.avail/11-lcdfilter-legacy.conf", O_RDONLY|O_CLOEXEC) = 35
10671 openat(AT_FDCWD, "/home/runner/work/deckrender-acceptance/deckrender-acceptance/benchmark/artifacts/acceptance/private/sandboxes/62743d5d51713ee9b031f5fa8a67eefdc7820e5ab7aa1da4c8c21dff31195054/.local/share/vulkan/implicit_layer.d", O_RDONLY|O_NONBLOCK|O_CLOEXEC|O_DIRECTORY) = -1 ENOENT (No such file or directory)
10671 openat(AT_FDCWD, "/usr/local/share/vulkan/implicit_layer.d", O_RDONLY|O_NONBLOCK|O_CLOEXEC|O_DIRECTORY) = -1 ENOENT (No such file or directory)
10671 openat(AT_FDCWD, "/usr/share/vulkan/implicit_layer.d", O_RDONLY|O_NONBLOCK|O_CLOEXEC|O_DIRECTORY) = -1 ENOENT (No such file or directory)
10671 openat(AT_FDCWD, "/home/runner/work/deckrender-acceptance/deckrender-acceptance/benchmark/artifacts/acceptance/private/sandboxes/62743d5d51713ee9b031f5fa8a67eefdc7820e5ab7aa1da4c8c21dff31195054/config/vulkan/icd.d", O_RDONLY|O_NONBLOCK|O_CLOEXEC|O_DIRECTORY) = -1 ENOENT (No such file or directory)
10671 openat(AT_FDCWD, "/etc/xdg/vulkan/icd.d", O_RDONLY|O_NONBLOCK|O_CLOEXEC|O_DIRECTORY) = -1 ENOENT (No such file or directory)
10671 openat(AT_FDCWD, "/etc/vulkan/icd.d", O_RDONLY|O_NONBLOCK|O_CLOEXEC|O_DIRECTORY <unfinished ...>
10655 openat(AT_FDCWD, "/usr/share/fontconfig/conf.avail/11-lcdfilter-light.conf", O_RDONLY|O_CLOEXEC <unfinished ...>
10671 <... openat resumed>)             = 16
10655 <... openat resumed>)             = 35
10671 openat(AT_FDCWD, "/home/runner/work/deckrender-acceptance/deckrender-acceptance/benchmark/artifacts/acceptance/private/sandboxes/62743d5d51713ee9b031f5fa8a67eefdc7820e5ab7aa1da4c8c21dff31195054/.local/share/vulkan/icd.d", O_RDONLY|O_NONBLOCK|O_CLOEXEC|O_DIRECTORY) = -1 ENOENT (No such file or directory)
10671 openat(AT_FDCWD, "/usr/local/share/vulkan/icd.d", O_RDONLY|O_NONBLOCK|O_CLOEXEC|O_DIRECTORY) = -1 ENOENT (No such file or directory)
10655 openat(AT_FDCWD, "/usr/share/fontconfig/conf.avail/11-lcdfilter-none.conf", O_RDONLY|O_CLOEXEC <unfinished ...>
10671 openat(AT_FDCWD, "/usr/share/vulkan/icd.d", O_RDONLY|O_NONBLOCK|O_CLOEXEC|O_DIRECTORY <unfinished ...>
10655 <... openat resumed>)             = 35
10671 <... openat resumed>)             = -1 ENOENT (No such file or directory)
10671 openat(AT_FDCWD, "/home/runner/work/deckrender-acceptance/deckrender-acceptance/benchmark/artifacts/acceptance/private/sandboxes/62743d5d51713ee9b031f5fa8a67eefdc7820e5ab7aa1da4c8c21dff31195054/config/vulkan/icd.d", O_RDONLY|O_NONBLOCK|O_CLOEXEC|O_DIRECTORY) = -1 ENOENT (No such file or directory)
10671 openat(AT_FDCWD, "/etc/xdg/vulkan/icd.d", O_RDONLY|O_NONBLOCK|O_CLOEXEC|O_DIRECTORY) = -1 ENOENT (No such file or directory)
10671 openat(AT_FDCWD, "/etc/vulkan/icd.d", O_RDONLY|O_NONBLOCK|O_CLOEXEC|O_DIRECTORY) = 16
10671 openat(AT_FDCWD, "/home/runner/work/deckrender-acceptance/deckrender-acceptance/benchmark/artifacts/acceptance/private/sandboxes/62743d5d51713ee9b031f5fa8a67eefdc7820e5ab7aa1da4c8c21dff31195054/.local/share/vulkan/icd.d", O_RDONLY|O_NONBLOCK|O_CLOEXEC|O_DIRECTORY) = -1 ENOENT (No such file or directory)
10671 openat(AT_FDCWD, "/usr/local/share/vulkan/icd.d", O_RDONLY|O_NONBLOCK|O_CLOEXEC|O_DIRECTORY <unfinished ...>
10655 openat(AT_FDCWD, "/usr/share/fontconfig/conf.avail/25-unhint-nonlatin.conf", O_RDONLY|O_CLOEXEC <unfinished ...>
10671 <... openat resumed>)             = -1 ENOENT (No such file or directory)
10655 <... openat resumed>)             = 35
10671 openat(AT_FDCWD, "/usr/share/vulkan/icd.d", O_RDONLY|O_NONBLOCK|O_CLOEXEC|O_DIRECTORY) = -1 ENOENT (No such file or directory)
10671 openat(AT_FDCWD, "/home/runner/work/deckrender-acceptance/deckrender-acceptance/benchmark/artifacts/acceptance/private/sandboxes/62743d5d51713ee9b031f5fa8a67eefdc7820e5ab7aa1da4c8c21dff31195054/config/vulkan/implicit_layer.d", O_RDONLY|O_NONBLOCK|O_CLOEXEC|O_DIRECTORY) = -1 ENOENT (No such file or directory)
10671 openat(AT_FDCWD, "/etc/xdg/vulkan/implicit_layer.d", O_RDONLY|O_NONBLOCK|O_CLOEXEC|O_DIRECTORY) = -1 ENOENT (No such file or directory)
10671 openat(AT_FDCWD, "/etc/vulkan/implicit_layer.d", O_RDONLY|O_NONBLOCK|O_CLOEXEC|O_DIRECTORY) = 16
10671 openat(AT_FDCWD, "/home/runner/work/deckrender-acceptance/deckrender-acceptance/benchmark/artifacts/acceptance/private/sandboxes/62743d5d51713ee9b031f5fa8a67eefdc7820e5ab7aa1da4c8c21dff31195054/.local/share/vulkan/implicit_layer.d", O_RDONLY|O_NONBLOCK|O_CLOEXEC|O_DIRECTORY) = -1 ENOENT (No such file or directory)
10655 openat(AT_FDCWD, "/usr/share/fontconfig/conf.avail/35-lang-normalize.conf", O_RDONLY|O_CLOEXEC <unfinished ...>
10671 openat(AT_FDCWD, "/usr/local/share/vulkan/implicit_layer.d", O_RDONLY|O_NONBLOCK|O_CLOEXEC|O_DIRECTORY <unfinished ...>
10655 <... openat resumed>)             = 35
10671 <... openat resumed>)             = -1 ENOENT (No such file or directory)
10671 openat(AT_FDCWD, "/usr/share/vulkan/implicit_layer.d", O_RDONLY|O_NONBLOCK|O_CLOEXEC|O_DIRECTORY) = -1 ENOENT (No such file or directory)
10671 openat(AT_FDCWD, "/home/runner/work/deckrender-acceptance/deckrender-acceptance/benchmark/artifacts/acceptance/private/sandboxes/62743d5d51713ee9b031f5fa8a67eefdc7820e5ab7aa1da4c8c21dff31195054/config/vulkan/implicit_layer.d", O_RDONLY|O_NONBLOCK|O_CLOEXEC|O_DIRECTORY) = -1 ENOENT (No such file or directory)
10671 openat(AT_FDCWD, "/etc/xdg/vulkan/implicit_layer.d", O_RDONLY|O_NONBLOCK|O_CLOEXEC|O_DIRECTORY) = -1 ENOENT (No such file or directory)
10671 openat(AT_FDCWD, "/etc/vulkan/implicit_layer.d", O_RDONLY|O_NONBLOCK|O_CLOEXEC|O_DIRECTORY) = 16
10671 openat(AT_FDCWD, "/home/runner/work/deckrender-acceptance/deckrender-acceptance/benchmark/artifacts/acceptance/private/sandboxes/62743d5d51713ee9b031f5fa8a67eefdc7820e5ab7aa1da4c8c21dff31195054/.local/share/vulkan/implicit_layer.d", O_RDONLY|O_NONBLOCK|O_CLOEXEC|O_DIRECTORY) = -1 ENOENT (No such file or directory)
10671 openat(AT_FDCWD, "/usr/local/share/vulkan/implicit_layer.d", O_RDONLY|O_NONBLOCK|O_CLOEXEC|O_DIRECTORY) = -1 ENOENT (No such file or directory)
10671 openat(AT_FDCWD, "/usr/share/vulkan/implicit_layer.d", O_RDONLY|O_NONBLOCK|O_CLOEXEC|O_DIRECTORY) = -1 ENOENT (No such file or directory)
10671 openat(AT_FDCWD, "/home/runner/work/deckrender-acceptance/deckrender-acceptance/benchmark/artifacts/acceptance/private/sandboxes/62743d5d51713ee9b031f5fa8a67eefdc7820e5ab7aa1da4c8c21dff31195054/config/vulkan/icd.d", O_RDONLY|O_NONBLOCK|O_CLOEXEC|O_DIRECTORY) = -1 ENOENT (No such file or directory)
10671 openat(AT_FDCWD, "/etc/xdg/vulkan/icd.d", O_RDONLY|O_NONBLOCK|O_CLOEXEC|O_DIRECTORY) = -1 ENOENT (No such file or directory)
10671 openat(AT_FDCWD, "/etc/vulkan/icd.d", O_RDONLY|O_NONBLOCK|O_CLOEXEC|O_DIRECTORY) = 16
10671 openat(AT_FDCWD, "/home/runner/work/deckrender-acceptance/deckrender-acceptance/benchmark/artifacts/acceptance/private/sandboxes/62743d5d51713ee9b031f5fa8a67eefdc7820e5ab7aa1da4c8c21dff31195054/.local/share/vulkan/icd.d", O_RDONLY|O_NONBLOCK|O_CLOEXEC|O_DIRECTORY) = -1 ENOENT (No such file or directory)
10671 openat(AT_FDCWD, "/usr/local/share/vulkan/icd.d", O_RDONLY|O_NONBLOCK|O_CLOEXEC|O_DIRECTORY) = -1 ENOENT (No such file or directory)
10671 openat(AT_FDCWD, "/usr/share/vulkan/icd.d", O_RDONLY|O_NONBLOCK|O_CLOEXEC|O_DIRECTORY) = -1 ENOENT (No such file or directory)
10671 openat(AT_FDCWD, "/home/runner/work/deckrender-acceptance/deckrender-acceptance/benchmark/artifacts/acceptance/private/sandboxes/62743d5d51713ee9b031f5fa8a67eefdc7820e5ab7aa1da4c8c21dff31195054/config/vulkan/implicit_layer.d", O_RDONLY|O_NONBLOCK|O_CLOEXEC|O_DIRECTORY) = -1 ENOENT (No such file or directory)
10671 openat(AT_FDCWD, "/etc/xdg/vulkan/implicit_layer.d", O_RDONLY|O_NONBLOCK|O_CLOEXEC|O_DIRECTORY) = -1 ENOENT (No such file or directory)
10671 openat(AT_FDCWD, "/etc/vulkan/implicit_layer.d", O_RDONLY|O_NONBLOCK|O_CLOEXEC|O_DIRECTORY) = 16
10671 openat(AT_FDCWD, "/home/runner/work/deckrender-acceptance/deckrender-acceptance/benchmark/artifacts/acceptance/private/sandboxes/62743d5d51713ee9b031f5fa8a67eefdc7820e5ab7aa1da4c8c21dff31195054/.local/share/vulkan/implicit_layer.d", O_RDONLY|O_NONBLOCK|O_CLOEXEC|O_DIRECTORY) = -1 ENOENT (No such file or directory)
10671 openat(AT_FDCWD, "/usr/local/share/vulkan/implicit_layer.d", O_RDONLY|O_NONBLOCK|O_CLOEXEC|O_DIRECTORY) = -1 ENOENT (No such file or directory)
10671 openat(AT_FDCWD, "/usr/share/vulkan/implicit_layer.d", O_RDONLY|O_NONBLOCK|O_CLOEXEC|O_DIRECTORY) = -1 ENOENT (No such file or directory)
10655 openat(AT_FDCWD, "/usr/share/fontconfig/conf.avail/53-monospace-lcd-filter.conf", O_RDONLY|O_CLOEXEC) = 35
10671 openat(AT_FDCWD, "/home/runner/work/deckrender-acceptance/deckrender-acceptance/benchmark/artifacts/acceptance/private/sandboxes/62743d5d51713ee9b031f5fa8a67eefdc7820e5ab7aa1da4c8c21dff31195054/config/vulkan/implicit_layer.d", O_RDONLY|O_NONBLOCK|O_CLOEXEC|O_DIRECTORY) = -1 ENOENT (No such file or directory)
10671 openat(AT_FDCWD, "/etc/xdg/vulkan/implicit_layer.d", O_RDONLY|O_NONBLOCK|O_CLOEXEC|O_DIRECTORY) = -1 ENOENT (No such file or directory)
10671 openat(AT_FDCWD, "/etc/vulkan/implicit_layer.d", O_RDONLY|O_NONBLOCK|O_CLOEXEC|O_DIRECTORY) = 16
10671 openat(AT_FDCWD, "/home/runner/work/deckrender-acceptance/deckrender-acceptance/benchmark/artifacts/acceptance/private/sandboxes/62743d5d51713ee9b031f5fa8a67eefdc7820e5ab7aa1da4c8c21dff31195054/.local/share/vulkan/implicit_layer.d", O_RDONLY|O_NONBLOCK|O_CLOEXEC|O_DIRECTORY) = -1 ENOENT (No such file or directory)
10671 openat(AT_FDCWD, "/usr/local/share/vulkan/implicit_layer.d", O_RDONLY|O_NONBLOCK|O_CLOEXEC|O_DIRECTORY) = -1 ENOENT (No such file or directory)
10671 openat(AT_FDCWD, "/usr/share/vulkan/implicit_layer.d", O_RDONLY|O_NONBLOCK|O_CLOEXEC|O_DIRECTORY) = -1 ENOENT (No such file or directory)
10671 openat(AT_FDCWD, "/home/runner/work/deckrender-acceptance/deckrender-acceptance/benchmark/artifacts/acceptance/private/sandboxes/62743d5d51713ee9b031f5fa8a67eefdc7820e5ab7aa1da4c8c21dff31195054/config/vulkan/explicit_layer.d", O_RDONLY|O_NONBLOCK|O_CLOEXEC|O_DIRECTORY) = -1 ENOENT (No such file or directory)
10671 openat(AT_FDCWD, "/etc/xdg/vulkan/explicit_layer.d", O_RDONLY|O_NONBLOCK|O_CLOEXEC|O_DIRECTORY) = -1 ENOENT (No such file or directory)
10671 openat(AT_FDCWD, "/etc/vulkan/explicit_layer.d", O_RDONLY|O_NONBLOCK|O_CLOEXEC|O_DIRECTORY) = 16
10655 openat(AT_FDCWD, "/usr/share/fontconfig/conf.avail/65-khmer.conf", O_RDONLY|O_CLOEXEC) = 35
10671 openat(AT_FDCWD, "/home/runner/work/deckrender-acceptance/deckrender-acceptance/benchmark/artifacts/acceptance/private/sandboxes/62743d5d51713ee9b031f5fa8a67eefdc7820e5ab7aa1da4c8c21dff31195054/.local/share/vulkan/explicit_layer.d", O_RDONLY|O_NONBLOCK|O_CLOEXEC|O_DIRECTORY) = -1 ENOENT (No such file or directory)
10671 openat(AT_FDCWD, "/usr/local/share/vulkan/explicit_layer.d", O_RDONLY|O_NONBLOCK|O_CLOEXEC|O_DIRECTORY) = -1 ENOENT (No such file or directory)
10671 openat(AT_FDCWD, "/usr/share/vulkan/explicit_layer.d", O_RDONLY|O_NONBLOCK|O_CLOEXEC|O_DIRECTORY) = -1 ENOENT (No such file or directory)
10671 openat(AT_FDCWD, "/home/runner/work/deckrender-acceptance/deckrender-acceptance/benchmark/artifacts/acceptance/private/sandboxes/62743d5d51713ee9b031f5fa8a67eefdc7820e5ab7aa1da4c8c21dff31195054/config/vulkan/icd.d", O_RDONLY|O_NONBLOCK|O_CLOEXEC|O_DIRECTORY) = -1 ENOENT (No such file or directory)
10671 openat(AT_FDCWD, "/etc/xdg/vulkan/icd.d", O_RDONLY|O_NONBLOCK|O_CLOEXEC|O_DIRECTORY) = -1 ENOENT (No such file or directory)
10671 openat(AT_FDCWD, "/etc/vulkan/icd.d", O_RDONLY|O_NONBLOCK|O_CLOEXEC|O_DIRECTORY) = 16
10671 openat(AT_FDCWD, "/home/runner/work/deckrender-acceptance/deckrender-acceptance/benchmark/artifacts/acceptance/private/sandboxes/62743d5d51713ee9b031f5fa8a67eefdc7820e5ab7aa1da4c8c21dff31195054/.local/share/vulkan/icd.d", O_RDONLY|O_NONBLOCK|O_CLOEXEC|O_DIRECTORY) = -1 ENOENT (No such file or directory)
10671 openat(AT_FDCWD, "/usr/local/share/vulkan/icd.d", O_RDONLY|O_NONBLOCK|O_CLOEXEC|O_DIRECTORY) = -1 ENOENT (No such file or directory)
10671 openat(AT_FDCWD, "/usr/share/vulkan/icd.d", O_RDONLY|O_NONBLOCK|O_CLOEXEC|O_DIRECTORY) = -1 ENOENT (No such file or directory)
10655 openat(AT_FDCWD, "/usr/share/fontconfig/conf.avail/70-force-bitmaps.conf", O_RDONLY|O_CLOEXEC) = 35
10655 openat(AT_FDCWD, "/usr/share/fontconfig/conf.avail/70-no-bitmaps-and-emoji.conf", O_RDONLY|O_CLOEXEC) = 35
10655 openat(AT_FDCWD, "/usr/share/fontconfig/conf.avail/70-no-bitmaps.conf", O_RDONLY|O_CLOEXEC) = 35
10671 openat(AT_FDCWD, "/opt/google/chrome/libvulkan.so", O_RDONLY|O_CLOEXEC) = -1 ENOENT (No such file or directory)
10671 openat(AT_FDCWD, "/opt/google/chrome/libvulkan.so.1", O_RDONLY|O_CLOEXEC) = 16
10655 openat(AT_FDCWD, "/usr/share/fontconfig/conf.avail/70-yes-bitmaps.conf", O_RDONLY|O_CLOEXEC) = 35
10655 openat(AT_FDCWD, "/usr/local/share/fonts", O_RDONLY|O_CLOEXEC) = 34
10655 openat(AT_FDCWD, "/var/cache/fontconfig/4c599c202bc5c08e2d34565a40eac3b2-le64.cache-11", O_RDONLY|O_CLOEXEC) = -1 ENOENT (No such file or directory)
10655 openat(AT_FDCWD, "/usr/local/share/fonts/.uuid", O_RDONLY|O_CLOEXEC) = -1 ENOENT (No such file or directory)
10655 openat(AT_FDCWD, "/home/runner/work/deckrender-acceptance/deckrender-acceptance/benchmark/artifacts/acceptance/private/sandboxes/62743d5d51713ee9b031f5fa8a67eefdc7820e5ab7aa1da4c8c21dff31195054/.cache/fontconfig/4c599c202bc5c08e2d34565a40eac3b2-le64.cache-11", O_RDONLY|O_CLOEXEC) = -1 ENOENT (No such file or directory)
10655 openat(AT_FDCWD, "/usr/local/share/fonts/.uuid", O_RDONLY|O_CLOEXEC) = -1 ENOENT (No such file or directory)
10655 openat(AT_FDCWD, "/home/runner/work/deckrender-acceptance/deckrender-acceptance/benchmark/artifacts/acceptance/private/sandboxes/62743d5d51713ee9b031f5fa8a67eefdc7820e5ab7aa1da4c8c21dff31195054/.fontconfig/4c599c202bc5c08e2d34565a40eac3b2-le64.cache-11", O_RDONLY|O_CLOEXEC) = -1 ENOENT (No such file or directory)
10655 openat(AT_FDCWD, "/usr/local/share/fonts/.uuid", O_RDONLY|O_CLOEXEC) = -1 ENOENT (No such file or directory)
10671 openat(AT_FDCWD, "/home/runner/work/deckrender-acceptance/deckrender-acceptance/benchmark/artifacts/acceptance/private/sandboxes/62743d5d51713ee9b031f5fa8a67eefdc7820e5ab7aa1da4c8c21dff31195054/config/vulkan/implicit_layer.d", O_RDONLY|O_NONBLOCK|O_CLOEXEC|O_DIRECTORY) = -1 ENOENT (No such file or directory)
10671 openat(AT_FDCWD, "/etc/xdg/vulkan/implicit_layer.d", O_RDONLY|O_NONBLOCK|O_CLOEXEC|O_DIRECTORY <unfinished ...>
10655 openat(AT_FDCWD, "/usr/local/share/fonts", O_RDONLY|O_CLOEXEC <unfinished ...>
10671 <... openat resumed>)             = -1 ENOENT (No such file or directory)
10671 openat(AT_FDCWD, "/etc/vulkan/implicit_layer.d", O_RDONLY|O_NONBLOCK|O_CLOEXEC|O_DIRECTORY <unfinished ...>
10655 <... openat resumed>)             = 34
10671 <... openat resumed>)             = 16
10655 openat(AT_FDCWD, "/var/cache/fontconfig/4c599c202bc5c08e2d34565a40eac3b2-le64.cache-11", O_RDWR|O_CLOEXEC) = -1 ENOENT (No such file or directory)
10655 openat(AT_FDCWD, "/home/runner/work/deckrender-acceptance/deckrender-acceptance/benchmark/artifacts/acceptance/private/sandboxes/62743d5d51713ee9b031f5fa8a67eefdc7820e5ab7aa1da4c8c21dff31195054/.cache/fontconfig/4c599c202bc5c08e2d34565a40eac3b2-le64.cache-11", O_RDWR|O_CLOEXEC) = -1 ENOENT (No such file or directory)
10655 openat(AT_FDCWD, "/home/runner/work/deckrender-acceptance/deckrender-acceptance/benchmark/artifacts/acceptance/private/sandboxes/62743d5d51713ee9b031f5fa8a67eefdc7820e5ab7aa1da4c8c21dff31195054/.fontconfig/4c599c202bc5c08e2d34565a40eac3b2-le64.cache-11", O_RDWR|O_CLOEXEC) = -1 ENOENT (No such file or directory)
10671 openat(AT_FDCWD, "/home/runner/work/deckrender-acceptance/deckrender-acceptance/benchmark/artifacts/acceptance/private/sandboxes/62743d5d51713ee9b031f5fa8a67eefdc7820e5ab7aa1da4c8c21dff31195054/.local/share/vulkan/implicit_layer.d", O_RDONLY|O_NONBLOCK|O_CLOEXEC|O_DIRECTORY) = -1 ENOENT (No such file or directory)
10655 openat(AT_FDCWD, "/usr/local/share/fonts", O_RDONLY|O_NONBLOCK|O_CLOEXEC|O_DIRECTORY <unfinished ...>
10671 openat(AT_FDCWD, "/usr/local/share/vulkan/implicit_layer.d", O_RDONLY|O_NONBLOCK|O_CLOEXEC|O_DIRECTORY <unfinished ...>
10655 <... openat resumed>)             = 34
10671 <... openat resumed>)             = -1 ENOENT (No such file or directory)
10671 openat(AT_FDCWD, "/usr/share/vulkan/implicit_layer.d", O_RDONLY|O_NONBLOCK|O_CLOEXEC|O_DIRECTORY) = -1 ENOENT (No such file or directory)
10671 openat(AT_FDCWD, "/home/runner/work/deckrender-acceptance/deckrender-acceptance/benchmark/artifacts/acceptance/private/sandboxes/62743d5d51713ee9b031f5fa8a67eefdc7820e5ab7aa1da4c8c21dff31195054/config/vulkan/implicit_layer.d", O_RDONLY|O_NONBLOCK|O_CLOEXEC|O_DIRECTORY) = -1 ENOENT (No such file or directory)
10671 openat(AT_FDCWD, "/etc/xdg/vulkan/implicit_layer.d", O_RDONLY|O_NONBLOCK|O_CLOEXEC|O_DIRECTORY) = -1 ENOENT (No such file or directory)
10671 openat(AT_FDCWD, "/etc/vulkan/implicit_layer.d", O_RDONLY|O_NONBLOCK|O_CLOEXEC|O_DIRECTORY) = 16
10655 openat(AT_FDCWD, "/home/runner/work/deckrender-acceptance/deckrender-acceptance/benchmark/artifacts/acceptance/private/sandboxes/62743d5d51713ee9b031f5fa8a67eefdc7820e5ab7aa1da4c8c21dff31195054/.cache/fontconfig/CACHEDIR.TAG.TMP-c1nYfi", O_RDWR|O_CREAT|O_EXCL, 0600) = 34
10671 openat(AT_FDCWD, "/home/runner/work/deckrender-acceptance/deckrender-acceptance/benchmark/artifacts/acceptance/private/sandboxes/62743d5d51713ee9b031f5fa8a67eefdc7820e5ab7aa1da4c8c21dff31195054/.local/share/vulkan/implicit_layer.d", O_RDONLY|O_NONBLOCK|O_CLOEXEC|O_DIRECTORY) = -1 ENOENT (No such file or directory)
10671 openat(AT_FDCWD, "/usr/local/share/vulkan/implicit_layer.d", O_RDONLY|O_NONBLOCK|O_CLOEXEC|O_DIRECTORY) = -1 ENOENT (No such file or directory)
10671 openat(AT_FDCWD, "/usr/share/vulkan/implicit_layer.d", O_RDONLY|O_NONBLOCK|O_CLOEXEC|O_DIRECTORY) = -1 ENOENT (No such file or directory)
10671 openat(AT_FDCWD, "/home/runner/work/deckrender-acceptance/deckrender-acceptance/benchmark/artifacts/acceptance/private/sandboxes/62743d5d51713ee9b031f5fa8a67eefdc7820e5ab7aa1da4c8c21dff31195054/config/vulkan/implicit_layer.d", O_RDONLY|O_NONBLOCK|O_CLOEXEC|O_DIRECTORY) = -1 ENOENT (No such file or directory)
10671 openat(AT_FDCWD, "/etc/xdg/vulkan/implicit_layer.d", O_RDONLY|O_NONBLOCK|O_CLOEXEC|O_DIRECTORY) = -1 ENOENT (No such file or directory)
10671 openat(AT_FDCWD, "/etc/vulkan/implicit_layer.d", O_RDONLY|O_NONBLOCK|O_CLOEXEC|O_DIRECTORY) = 16
10655 openat(AT_FDCWD, "/home/runner/work/deckrender-acceptance/deckrender-acceptance/benchmark/artifacts/acceptance/private/sandboxes/62743d5d51713ee9b031f5fa8a67eefdc7820e5ab7aa1da4c8c21dff31195054/.cache/fontconfig/CACHEDIR.TAG.NEW", O_RDWR|O_CREAT|O_CLOEXEC, 0644) = 34
10671 openat(AT_FDCWD, "/home/runner/work/deckrender-acceptance/deckrender-acceptance/benchmark/artifacts/acceptance/private/sandboxes/62743d5d51713ee9b031f5fa8a67eefdc7820e5ab7aa1da4c8c21dff31195054/.local/share/vulkan/implicit_layer.d", O_RDONLY|O_NONBLOCK|O_CLOEXEC|O_DIRECTORY) = -1 ENOENT (No such file or directory)
10671 openat(AT_FDCWD, "/usr/local/share/vulkan/implicit_layer.d", O_RDONLY|O_NONBLOCK|O_CLOEXEC|O_DIRECTORY) = -1 ENOENT (No such file or directory)
10671 openat(AT_FDCWD, "/usr/share/vulkan/implicit_layer.d", O_RDONLY|O_NONBLOCK|O_CLOEXEC|O_DIRECTORY) = -1 ENOENT (No such file or directory)
10671 openat(AT_FDCWD, "/home/runner/work/deckrender-acceptance/deckrender-acceptance/benchmark/artifacts/acceptance/private/sandboxes/62743d5d51713ee9b031f5fa8a67eefdc7820e5ab7aa1da4c8c21dff31195054/config/vulkan/explicit_layer.d", O_RDONLY|O_NONBLOCK|O_CLOEXEC|O_DIRECTORY <unfinished ...>
10655 openat(AT_FDCWD, "/home/runner/work/deckrender-acceptance/deckrender-acceptance/benchmark/artifacts/acceptance/private/sandboxes/62743d5d51713ee9b031f5fa8a67eefdc7820e5ab7aa1da4c8c21dff31195054/.cache/fontconfig/4c599c202bc5c08e2d34565a40eac3b2-le64.cache-11.TMP-nhxayy", O_RDWR|O_CREAT|O_EXCL, 0600 <unfinished ...>
10671 <... openat resumed>)             = -1 ENOENT (No such file or directory)
10655 <... openat resumed>)             = 34
10671 openat(AT_FDCWD, "/etc/xdg/vulkan/explicit_layer.d", O_RDONLY|O_NONBLOCK|O_CLOEXEC|O_DIRECTORY) = -1 ENOENT (No such file or directory)
10671 openat(AT_FDCWD, "/etc/vulkan/explicit_layer.d", O_RDONLY|O_NONBLOCK|O_CLOEXEC|O_DIRECTORY) = 16
10671 openat(AT_FDCWD, "/home/runner/work/deckrender-acceptance/deckrender-acceptance/benchmark/artifacts/acceptance/private/sandboxes/62743d5d51713ee9b031f5fa8a67eefdc7820e5ab7aa1da4c8c21dff31195054/.local/share/vulkan/explicit_layer.d", O_RDONLY|O_NONBLOCK|O_CLOEXEC|O_DIRECTORY) = -1 ENOENT (No such file or directory)
10671 openat(AT_FDCWD, "/usr/local/share/vulkan/explicit_layer.d", O_RDONLY|O_NONBLOCK|O_CLOEXEC|O_DIRECTORY) = -1 ENOENT (No such file or directory)
10671 openat(AT_FDCWD, "/usr/share/vulkan/explicit_layer.d", O_RDONLY|O_NONBLOCK|O_CLOEXEC|O_DIRECTORY) = -1 ENOENT (No such file or directory)
10655 openat(AT_FDCWD, "/home/runner/work/deckrender-acceptance/deckrender-acceptance/benchmark/artifacts/acceptance/private/sandboxes/62743d5d51713ee9b031f5fa8a67eefdc7820e5ab7aa1da4c8c21dff31195054/.cache/fontconfig/4c599c202bc5c08e2d34565a40eac3b2-le64.cache-11.NEW", O_RDWR|O_CREAT|O_CLOEXEC, 0666) = 34
10671 openat(AT_FDCWD, "/home/runner/work/deckrender-acceptance/deckrender-acceptance/benchmark/artifacts/acceptance/private/sandboxes/62743d5d51713ee9b031f5fa8a67eefdc7820e5ab7aa1da4c8c21dff31195054/config/vulkan/implicit_layer.d", O_RDONLY|O_NONBLOCK|O_CLOEXEC|O_DIRECTORY) = -1 ENOENT (No such file or directory)
10671 openat(AT_FDCWD, "/etc/xdg/vulkan/implicit_layer.d", O_RDONLY|O_NONBLOCK|O_CLOEXEC|O_DIRECTORY <unfinished ...>
10655 openat(AT_FDCWD, "/usr/share/fonts", O_RDONLY|O_CLOEXEC <unfinished ...>
10671 <... openat resumed>)             = -1 ENOENT (No such file or directory)
10655 <... openat resumed>)             = 34
10671 openat(AT_FDCWD, "/etc/vulkan/implicit_layer.d", O_RDONLY|O_NONBLOCK|O_CLOEXEC|O_DIRECTORY) = 16
10655 openat(AT_FDCWD, "/var/cache/fontconfig/3830d5c3ddfd5cd38a049b759396e72e-le64.cache-11", O_RDONLY|O_CLOEXEC) = -1 ENOENT (No such file or directory)
10655 openat(AT_FDCWD, "/usr/share/fonts/.uuid", O_RDONLY|O_CLOEXEC) = -1 ENOENT (No such file or directory)
10655 openat(AT_FDCWD, "/home/runner/work/deckrender-acceptance/deckrender-acceptance/benchmark/artifacts/acceptance/private/sandboxes/62743d5d51713ee9b031f5fa8a67eefdc7820e5ab7aa1da4c8c21dff31195054/.cache/fontconfig/3830d5c3ddfd5cd38a049b759396e72e-le64.cache-11", O_RDONLY|O_CLOEXEC) = -1 ENOENT (No such file or directory)
10655 openat(AT_FDCWD, "/usr/share/fonts/.uuid", O_RDONLY|O_CLOEXEC) = -1 ENOENT (No such file or directory)
10655 openat(AT_FDCWD, "/home/runner/work/deckrender-acceptance/deckrender-acceptance/benchmark/artifacts/acceptance/private/sandboxes/62743d5d51713ee9b031f5fa8a67eefdc7820e5ab7aa1da4c8c21dff31195054/.fontconfig/3830d5c3ddfd5cd38a049b759396e72e-le64.cache-11", O_RDONLY|O_CLOEXEC <unfinished ...>
10671 openat(AT_FDCWD, "/home/runner/work/deckrender-acceptance/deckrender-acceptance/benchmark/artifacts/acceptance/private/sandboxes/62743d5d51713ee9b031f5fa8a67eefdc7820e5ab7aa1da4c8c21dff31195054/.local/share/vulkan/implicit_layer.d", O_RDONLY|O_NONBLOCK|O_CLOEXEC|O_DIRECTORY <unfinished ...>
10655 <... openat resumed>)             = -1 ENOENT (No such file or directory)
10671 <... openat resumed>)             = -1 ENOENT (No such file or directory)
10655 openat(AT_FDCWD, "/usr/share/fonts/.uuid", O_RDONLY|O_CLOEXEC <unfinished ...>
10671 openat(AT_FDCWD, "/usr/local/share/vulkan/implicit_layer.d", O_RDONLY|O_NONBLOCK|O_CLOEXEC|O_DIRECTORY <unfinished ...>
10655 <... openat resumed>)             = -1 ENOENT (No such file or directory)
10671 <... openat resumed>)             = -1 ENOENT (No such file or directory)
10671 openat(AT_FDCWD, "/usr/share/vulkan/implicit_layer.d", O_RDONLY|O_NONBLOCK|O_CLOEXEC|O_DIRECTORY) = -1 ENOENT (No such file or directory)
10655 openat(AT_FDCWD, "/usr/share/fonts", O_RDONLY|O_CLOEXEC) = 34
10655 openat(AT_FDCWD, "/var/cache/fontconfig/3830d5c3ddfd5cd38a049b759396e72e-le64.cache-11", O_RDWR|O_CLOEXEC) = -1 ENOENT (No such file or directory)
10655 openat(AT_FDCWD, "/home/runner/work/deckrender-acceptance/deckrender-acceptance/benchmark/artifacts/acceptance/private/sandboxes/62743d5d51713ee9b031f5fa8a67eefdc7820e5ab7aa1da4c8c21dff31195054/.cache/fontconfig/3830d5c3ddfd5cd38a049b759396e72e-le64.cache-11", O_RDWR|O_CLOEXEC) = -1 ENOENT (No such file or directory)
10655 openat(AT_FDCWD, "/home/runner/work/deckrender-acceptance/deckrender-acceptance/benchmark/artifacts/acceptance/private/sandboxes/62743d5d51713ee9b031f5fa8a67eefdc7820e5ab7aa1da4c8c21dff31195054/.fontconfig/3830d5c3ddfd5cd38a049b759396e72e-le64.cache-11", O_RDWR|O_CLOEXEC <unfinished ...>
10671 openat(AT_FDCWD, "/home/runner/work/deckrender-acceptance/deckrender-acceptance/benchmark/artifacts/acceptance/private/sandboxes/62743d5d51713ee9b031f5fa8a67eefdc7820e5ab7aa1da4c8c21dff31195054/config/vulkan/implicit_layer.d", O_RDONLY|O_NONBLOCK|O_CLOEXEC|O_DIRECTORY <unfinished ...>
10655 <... openat resumed>)             = -1 ENOENT (No such file or directory)
10671 <... openat resumed>)             = -1 ENOENT (No such file or directory)
10655 openat(AT_FDCWD, "/usr/share/fonts", O_RDONLY|O_NONBLOCK|O_CLOEXEC|O_DIRECTORY <unfinished ...>
10671 openat(AT_FDCWD, "/etc/xdg/vulkan/implicit_layer.d", O_RDONLY|O_NONBLOCK|O_CLOEXEC|O_DIRECTORY <unfinished ...>
10655 <... openat resumed>)             = 34
10671 <... openat resumed>)             = -1 ENOENT (No such file or directory)
10671 openat(AT_FDCWD, "/etc/vulkan/implicit_layer.d", O_RDONLY|O_NONBLOCK|O_CLOEXEC|O_DIRECTORY) = 16
10671 openat(AT_FDCWD, "/home/runner/work/deckrender-acceptance/deckrender-acceptance/benchmark/artifacts/acceptance/private/sandboxes/62743d5d51713ee9b031f5fa8a67eefdc7820e5ab7aa1da4c8c21dff31195054/.local/share/vulkan/implicit_layer.d", O_RDONLY|O_NONBLOCK|O_CLOEXEC|O_DIRECTORY) = -1 ENOENT (No such file or directory)
10671 openat(AT_FDCWD, "/usr/local/share/vulkan/implicit_layer.d", O_RDONLY|O_NONBLOCK|O_CLOEXEC|O_DIRECTORY) = -1 ENOENT (No such file or directory)
10671 openat(AT_FDCWD, "/usr/share/vulkan/implicit_layer.d", O_RDONLY|O_NONBLOCK|O_CLOEXEC|O_DIRECTORY) = -1 ENOENT (No such file or directory)
10655 openat(AT_FDCWD, "/home/runner/work/deckrender-acceptance/deckrender-acceptance/benchmark/artifacts/acceptance/private/sandboxes/62743d5d51713ee9b031f5fa8a67eefdc7820e5ab7aa1da4c8c21dff31195054/.cache/fontconfig/3830d5c3ddfd5cd38a049b759396e72e-le64.cache-11.TMP-mK55vq", O_RDWR|O_CREAT|O_EXCL, 0600) = 34
10671 openat(AT_FDCWD, "/opt/google/chrome/./vk_swiftshader_icd.json", O_RDONLY) = 16
10671 openat(AT_FDCWD, "/opt/google/chrome/././libvk_swiftshader.so", O_RDONLY|O_CLOEXEC) = 16
10655 openat(AT_FDCWD, "/home/runner/work/deckrender-acceptance/deckrender-acceptance/benchmark/artifacts/acceptance/private/sandboxes/62743d5d51713ee9b031f5fa8a67eefdc7820e5ab7aa1da4c8c21dff31195054/.cache/fontconfig/3830d5c3ddfd5cd38a049b759396e72e-le64.cache-11.NEW", O_RDWR|O_CREAT|O_CLOEXEC, 0666) = 34
10655 openat(AT_FDCWD, "/usr/share/fonts/opentype", O_RDONLY|O_CLOEXEC) = 34
10655 openat(AT_FDCWD, "/var/cache/fontconfig/573ec803664ed168555e0e8b6d0f0c7f-le64.cache-11", O_RDONLY|O_CLOEXEC) = -1 ENOENT (No such file or directory)
10655 openat(AT_FDCWD, "/usr/share/fonts/opentype/.uuid", O_RDONLY|O_CLOEXEC) = -1 ENOENT (No such file or directory)
10655 openat(AT_FDCWD, "/home/runner/work/deckrender-acceptance/deckrender-acceptance/benchmark/artifacts/acceptance/private/sandboxes/62743d5d51713ee9b031f5fa8a67eefdc7820e5ab7aa1da4c8c21dff31195054/.cache/fontconfig/573ec803664ed168555e0e8b6d0f0c7f-le64.cache-11", O_RDONLY|O_CLOEXEC) = -1 ENOENT (No such file or directory)
10655 openat(AT_FDCWD, "/usr/share/fonts/opentype/.uuid", O_RDONLY|O_CLOEXEC <unfinished ...>
10671 openat(AT_FDCWD, "/opt/google/chrome/./vk_swiftshader_icd.json", O_RDONLY <unfinished ...>
10655 <... openat resumed>)             = -1 ENOENT (No such file or directory)
10671 <... openat resumed>)             = 16
10655 openat(AT_FDCWD, "/home/runner/work/deckrender-acceptance/deckrender-acceptance/benchmark/artifacts/acceptance/private/sandboxes/62743d5d51713ee9b031f5fa8a67eefdc7820e5ab7aa1da4c8c21dff31195054/.fontconfig/573ec803664ed168555e0e8b6d0f0c7f-le64.cache-11", O_RDONLY|O_CLOEXEC) = -1 ENOENT (No such file or directory)
10655 openat(AT_FDCWD, "/usr/share/fonts/opentype/.uuid", O_RDONLY|O_CLOEXEC) = -1 ENOENT (No such file or directory)
10655 openat(AT_FDCWD, "/usr/share/fonts/opentype", O_RDONLY|O_CLOEXEC) = 34
10671 openat(AT_FDCWD, "/opt/hostedtoolcache/Python/3.12.14/x64/lib/libwayland-client.so.0", O_RDONLY|O_CLOEXEC) = -1 ENOENT (No such file or directory)
10671 openat(AT_FDCWD, "/etc/ld.so.cache", O_RDONLY|O_CLOEXEC) = 16
10655 openat(AT_FDCWD, "/var/cache/fontconfig/573ec803664ed168555e0e8b6d0f0c7f-le64.cache-11", O_RDWR|O_CLOEXEC) = -1 ENOENT (No such file or directory)
10655 openat(AT_FDCWD, "/home/runner/work/deckrender-acceptance/deckrender-acceptance/benchmark/artifacts/acceptance/private/sandboxes/62743d5d51713ee9b031f5fa8a67eefdc7820e5ab7aa1da4c8c21dff31195054/.cache/fontconfig/573ec803664ed168555e0e8b6d0f0c7f-le64.cache-11", O_RDWR|O_CLOEXEC) = -1 ENOENT (No such file or directory)
10655 openat(AT_FDCWD, "/home/runner/work/deckrender-acceptance/deckrender-acceptance/benchmark/artifacts/acceptance/private/sandboxes/62743d5d51713ee9b031f5fa8a67eefdc7820e5ab7aa1da4c8c21dff31195054/.fontconfig/573ec803664ed168555e0e8b6d0f0c7f-le64.cache-11", O_RDWR|O_CLOEXEC <unfinished ...>
10671 openat(AT_FDCWD, "/lib/x86_64-linux-gnu/libwayland-client.so.0", O_RDONLY|O_CLOEXEC <unfinished ...>
10655 <... openat resumed>)             = -1 ENOENT (No such file or directory)
10671 <... openat resumed>)             = 16
10655 openat(AT_FDCWD, "/usr/share/fonts/opentype", O_RDONLY|O_NONBLOCK|O_CLOEXEC|O_DIRECTORY) = 34
10655 openat(AT_FDCWD, "/home/runner/work/deckrender-acceptance/deckrender-acceptance/benchmark/artifacts/acceptance/private/sandboxes/62743d5d51713ee9b031f5fa8a67eefdc7820e5ab7aa1da4c8c21dff31195054/.cache/fontconfig/573ec803664ed168555e0e8b6d0f0c7f-le64.cache-11.TMP-g0kz9m", O_RDWR|O_CREAT|O_EXCL, 0600) = 34
10671 openat(AT_FDCWD, "/home/runner/work/deckrender-acceptance/deckrender-acceptance/benchmark/artifacts/acceptance/private/sandboxes/62743d5d51713ee9b031f5fa8a67eefdc7820e5ab7aa1da4c8c21dff31195054/config/vulkan/implicit_layer.d", O_RDONLY|O_NONBLOCK|O_CLOEXEC|O_DIRECTORY) = -1 ENOENT (No such file or directory)
10671 openat(AT_FDCWD, "/etc/xdg/vulkan/implicit_layer.d", O_RDONLY|O_NONBLOCK|O_CLOEXEC|O_DIRECTORY) = -1 ENOENT (No such file or directory)
10671 openat(AT_FDCWD, "/etc/vulkan/implicit_layer.d", O_RDONLY|O_NONBLOCK|O_CLOEXEC|O_DIRECTORY) = 16
10671 openat(AT_FDCWD, "/home/runner/work/deckrender-acceptance/deckrender-acceptance/benchmark/artifacts/acceptance/private/sandboxes/62743d5d51713ee9b031f5fa8a67eefdc7820e5ab7aa1da4c8c21dff31195054/.local/share/vulkan/implicit_layer.d", O_RDONLY|O_NONBLOCK|O_CLOEXEC|O_DIRECTORY) = -1 ENOENT (No such file or directory)
10671 openat(AT_FDCWD, "/usr/local/share/vulkan/implicit_layer.d", O_RDONLY|O_NONBLOCK|O_CLOEXEC|O_DIRECTORY) = -1 ENOENT (No such file or directory)
10671 openat(AT_FDCWD, "/usr/share/vulkan/implicit_layer.d", O_RDONLY|O_NONBLOCK|O_CLOEXEC|O_DIRECTORY) = -1 ENOENT (No such file or directory)
10655 openat(AT_FDCWD, "/home/runner/work/deckrender-acceptance/deckrender-acceptance/benchmark/artifacts/acceptance/private/sandboxes/62743d5d51713ee9b031f5fa8a67eefdc7820e5ab7aa1da4c8c21dff31195054/.cache/fontconfig/573ec803664ed168555e0e8b6d0f0c7f-le64.cache-11.NEW", O_RDWR|O_CREAT|O_CLOEXEC, 0666) = 34
10671 openat(AT_FDCWD, "/home/runner/work/deckrender-acceptance/deckrender-acceptance/benchmark/artifacts/acceptance/private/sandboxes/62743d5d51713ee9b031f5fa8a67eefdc7820e5ab7aa1da4c8c21dff31195054/config/vulkan/implicit_layer.d", O_RDONLY|O_NONBLOCK|O_CLOEXEC|O_DIRECTORY) = -1 ENOENT (No such file or directory)
10655 openat(AT_FDCWD, "/usr/share/fonts/truetype", O_RDONLY|O_CLOEXEC <unfinished ...>
10671 openat(AT_FDCWD, "/etc/xdg/vulkan/implicit_layer.d", O_RDONLY|O_NONBLOCK|O_CLOEXEC|O_DIRECTORY <unfinished ...>
10655 <... openat resumed>)             = 34
10671 <... openat resumed>)             = -1 ENOENT (No such file or directory)
10671 openat(AT_FDCWD, "/etc/vulkan/implicit_layer.d", O_RDONLY|O_NONBLOCK|O_CLOEXEC|O_DIRECTORY) = 16
10655 openat(AT_FDCWD, "/var/cache/fontconfig/7ef2298fde41cc6eeb7af42e48b7d293-le64.cache-11", O_RDONLY|O_CLOEXEC) = -1 ENOENT (No such file or directory)
10655 openat(AT_FDCWD, "/usr/share/fonts/truetype/.uuid", O_RDONLY|O_CLOEXEC) = -1 ENOENT (No such file or directory)
10655 openat(AT_FDCWD, "/home/runner/work/deckrender-acceptance/deckrender-acceptance/benchmark/artifacts/acceptance/private/sandboxes/62743d5d51713ee9b031f5fa8a67eefdc7820e5ab7aa1da4c8c21dff31195054/.cache/fontconfig/7ef2298fde41cc6eeb7af42e48b7d293-le64.cache-11", O_RDONLY|O_CLOEXEC) = -1 ENOENT (No such file or directory)
10655 openat(AT_FDCWD, "/usr/share/fonts/truetype/.uuid", O_RDONLY|O_CLOEXEC) = -1 ENOENT (No such file or directory)
10655 openat(AT_FDCWD, "/home/runner/work/deckrender-acceptance/deckrender-acceptance/benchmark/artifacts/acceptance/private/sandboxes/62743d5d51713ee9b031f5fa8a67eefdc7820e5ab7aa1da4c8c21dff31195054/.fontconfig/7ef2298fde41cc6eeb7af42e48b7d293-le64.cache-11", O_RDONLY|O_CLOEXEC) = -1 ENOENT (No such file or directory)
10655 openat(AT_FDCWD, "/usr/share/fonts/truetype/.uuid", O_RDONLY|O_CLOEXEC <unfinished ...>
10671 openat(AT_FDCWD, "/home/runner/work/deckrender-acceptance/deckrender-acceptance/benchmark/artifacts/acceptance/private/sandboxes/62743d5d51713ee9b031f5fa8a67eefdc7820e5ab7aa1da4c8c21dff31195054/.local/share/vulkan/implicit_layer.d", O_RDONLY|O_NONBLOCK|O_CLOEXEC|O_DIRECTORY <unfinished ...>
10655 <... openat resumed>)             = -1 ENOENT (No such file or directory)
10671 <... openat resumed>)             = -1 ENOENT (No such file or directory)
10671 openat(AT_FDCWD, "/usr/local/share/vulkan/implicit_layer.d", O_RDONLY|O_NONBLOCK|O_CLOEXEC|O_DIRECTORY) = -1 ENOENT (No such file or directory)
10671 openat(AT_FDCWD, "/usr/share/vulkan/implicit_layer.d", O_RDONLY|O_NONBLOCK|O_CLOEXEC|O_DIRECTORY) = -1 ENOENT (No such file or directory)
10655 openat(AT_FDCWD, "/usr/share/fonts/truetype", O_RDONLY|O_CLOEXEC <unfinished ...>
10671 openat(AT_FDCWD, "/opt/google/chrome/./vk_swiftshader_icd.json", O_RDONLY <unfinished ...>
10655 <... openat resumed>)             = 34
10671 <... openat resumed>)             = 16
10655 openat(AT_FDCWD, "/var/cache/fontconfig/7ef2298fde41cc6eeb7af42e48b7d293-le64.cache-11", O_RDWR|O_CLOEXEC) = -1 ENOENT (No such file or directory)
10655 openat(AT_FDCWD, "/home/runner/work/deckrender-acceptance/deckrender-acceptance/benchmark/artifacts/acceptance/private/sandboxes/62743d5d51713ee9b031f5fa8a67eefdc7820e5ab7aa1da4c8c21dff31195054/.cache/fontconfig/7ef2298fde41cc6eeb7af42e48b7d293-le64.cache-11", O_RDWR|O_CLOEXEC) = -1 ENOENT (No such file or directory)
10655 openat(AT_FDCWD, "/home/runner/work/deckrender-acceptance/deckrender-acceptance/benchmark/artifacts/acceptance/private/sandboxes/62743d5d51713ee9b031f5fa8a67eefdc7820e5ab7aa1da4c8c21dff31195054/.fontconfig/7ef2298fde41cc6eeb7af42e48b7d293-le64.cache-11", O_RDWR|O_CLOEXEC <unfinished ...>
10671 openat(AT_FDCWD, "/home/runner/work/deckrender-acceptance/deckrender-acceptance/benchmark/artifacts/acceptance/private/sandboxes/62743d5d51713ee9b031f5fa8a67eefdc7820e5ab7aa1da4c8c21dff31195054/config/vulkan/implicit_layer.d", O_RDONLY|O_NONBLOCK|O_CLOEXEC|O_DIRECTORY <unfinished ...>
10655 <... openat resumed>)             = -1 ENOENT (No such file or directory)
10671 <... openat resumed>)             = -1 ENOENT (No such file or directory)
10655 openat(AT_FDCWD, "/usr/share/fonts/truetype", O_RDONLY|O_NONBLOCK|O_CLOEXEC|O_DIRECTORY <unfinished ...>
10671 openat(AT_FDCWD, "/etc/xdg/vulkan/implicit_layer.d", O_RDONLY|O_NONBLOCK|O_CLOEXEC|O_DIRECTORY <unfinished ...>
10655 <... openat resumed>)             = 34
10671 <... openat resumed>)             = -1 ENOENT (No such file or directory)
10671 openat(AT_FDCWD, "/etc/vulkan/implicit_layer.d", O_RDONLY|O_NONBLOCK|O_CLOEXEC|O_DIRECTORY) = 16
10671 openat(AT_FDCWD, "/home/runner/work/deckrender-acceptance/deckrender-acceptance/benchmark/artifacts/acceptance/private/sandboxes/62743d5d51713ee9b031f5fa8a67eefdc7820e5ab7aa1da4c8c21dff31195054/.local/share/vulkan/implicit_layer.d", O_RDONLY|O_NONBLOCK|O_CLOEXEC|O_DIRECTORY) = -1 ENOENT (No such file or directory)
10671 openat(AT_FDCWD, "/usr/local/share/vulkan/implicit_layer.d", O_RDONLY|O_NONBLOCK|O_CLOEXEC|O_DIRECTORY) = -1 ENOENT (No such file or directory)
10671 openat(AT_FDCWD, "/usr/share/vulkan/implicit_layer.d", O_RDONLY|O_NONBLOCK|O_CLOEXEC|O_DIRECTORY) = -1 ENOENT (No such file or directory)
10655 openat(AT_FDCWD, "/home/runner/work/deckrender-acceptance/deckrender-acceptance/benchmark/artifacts/acceptance/private/sandboxes/62743d5d51713ee9b031f5fa8a67eefdc7820e5ab7aa1da4c8c21dff31195054/.cache/fontconfig/7ef2298fde41cc6eeb7af42e48b7d293-le64.cache-11.TMP-wr7i2B", O_RDWR|O_CREAT|O_EXCL, 0600) = 34
10671 openat(AT_FDCWD, "/home/runner/work/deckrender-acceptance/deckrender-acceptance/benchmark/artifacts/acceptance/private/sandboxes/62743d5d51713ee9b031f5fa8a67eefdc7820e5ab7aa1da4c8c21dff31195054/config/vulkan/implicit_layer.d", O_RDONLY|O_NONBLOCK|O_CLOEXEC|O_DIRECTORY) = -1 ENOENT (No such file or directory)
10671 openat(AT_FDCWD, "/etc/xdg/vulkan/implicit_layer.d", O_RDONLY|O_NONBLOCK|O_CLOEXEC|O_DIRECTORY) = -1 ENOENT (No such file or directory)
10671 openat(AT_FDCWD, "/etc/vulkan/implicit_layer.d", O_RDONLY|O_NONBLOCK|O_CLOEXEC|O_DIRECTORY) = 16
10655 openat(AT_FDCWD, "/home/runner/work/deckrender-acceptance/deckrender-acceptance/benchmark/artifacts/acceptance/private/sandboxes/62743d5d51713ee9b031f5fa8a67eefdc7820e5ab7aa1da4c8c21dff31195054/.cache/fontconfig/7ef2298fde41cc6eeb7af42e48b7d293-le64.cache-11.NEW", O_RDWR|O_CREAT|O_CLOEXEC, 0666) = 34
10671 openat(AT_FDCWD, "/home/runner/work/deckrender-acceptance/deckrender-acceptance/benchmark/artifacts/acceptance/private/sandboxes/62743d5d51713ee9b031f5fa8a67eefdc7820e5ab7aa1da4c8c21dff31195054/.local/share/vulkan/implicit_layer.d", O_RDONLY|O_NONBLOCK|O_CLOEXEC|O_DIRECTORY) = -1 ENOENT (No such file or directory)
10671 openat(AT_FDCWD, "/usr/local/share/vulkan/implicit_layer.d", O_RDONLY|O_NONBLOCK|O_CLOEXEC|O_DIRECTORY) = -1 ENOENT (No such file or directory)
10671 openat(AT_FDCWD, "/usr/share/vulkan/implicit_layer.d", O_RDONLY|O_NONBLOCK|O_CLOEXEC|O_DIRECTORY) = -1 ENOENT (No such file or directory)
10671 openat(AT_FDCWD, "/home/runner/work/deckrender-acceptance/deckrender-acceptance/benchmark/artifacts/acceptance/private/sandboxes/62743d5d51713ee9b031f5fa8a67eefdc7820e5ab7aa1da4c8c21dff31195054/config/vulkan/explicit_layer.d", O_RDONLY|O_NONBLOCK|O_CLOEXEC|O_DIRECTORY) = -1 ENOENT (No such file or directory)
10671 openat(AT_FDCWD, "/etc/xdg/vulkan/explicit_layer.d", O_RDONLY|O_NONBLOCK|O_CLOEXEC|O_DIRECTORY <unfinished ...>
10655 openat(AT_FDCWD, "/usr/share/fonts/opentype/noto", O_RDONLY|O_CLOEXEC <unfinished ...>
10671 <... openat resumed>)             = -1 ENOENT (No such file or directory)
10671 openat(AT_FDCWD, "/etc/vulkan/explicit_layer.d", O_RDONLY|O_NONBLOCK|O_CLOEXEC|O_DIRECTORY <unfinished ...>
10655 <... openat resumed>)             = 34
10671 <... openat resumed>)             = 16
10655 openat(AT_FDCWD, "/var/cache/fontconfig/9b89f8e3dae116d678bbf48e5f21f69b-le64.cache-11", O_RDONLY|O_CLOEXEC) = -1 ENOENT (No such file or directory)
10655 openat(AT_FDCWD, "/usr/share/fonts/opentype/noto/.uuid", O_RDONLY|O_CLOEXEC) = -1 ENOENT (No such file or directory)
10655 openat(AT_FDCWD, "/home/runner/work/deckrender-acceptance/deckrender-acceptance/benchmark/artifacts/acceptance/private/sandboxes/62743d5d51713ee9b031f5fa8a67eefdc7820e5ab7aa1da4c8c21dff31195054/.cache/fontconfig/9b89f8e3dae116d678bbf48e5f21f69b-le64.cache-11", O_RDONLY|O_CLOEXEC <unfinished ...>
10671 openat(AT_FDCWD, "/home/runner/work/deckrender-acceptance/deckrender-acceptance/benchmark/artifacts/acceptance/private/sandboxes/62743d5d51713ee9b031f5fa8a67eefdc7820e5ab7aa1da4c8c21dff31195054/.local/share/vulkan/explicit_layer.d", O_RDONLY|O_NONBLOCK|O_CLOEXEC|O_DIRECTORY <unfinished ...>
10655 <... openat resumed>)             = -1 ENOENT (No such file or directory)
10671 <... openat resumed>)             = -1 ENOENT (No such file or directory)
10655 openat(AT_FDCWD, "/usr/share/fonts/opentype/noto/.uuid", O_RDONLY|O_CLOEXEC <unfinished ...>
10671 openat(AT_FDCWD, "/usr/local/share/vulkan/explicit_layer.d", O_RDONLY|O_NONBLOCK|O_CLOEXEC|O_DIRECTORY <unfinished ...>
10655 <... openat resumed>)             = -1 ENOENT (No such file or directory)
10671 <... openat resumed>)             = -1 ENOENT (No such file or directory)
10655 openat(AT_FDCWD, "/home/runner/work/deckrender-acceptance/deckrender-acceptance/benchmark/artifacts/acceptance/private/sandboxes/62743d5d51713ee9b031f5fa8a67eefdc7820e5ab7aa1da4c8c21dff31195054/.fontconfig/9b89f8e3dae116d678bbf48e5f21f69b-le64.cache-11", O_RDONLY|O_CLOEXEC <unfinished ...>
10671 openat(AT_FDCWD, "/usr/share/vulkan/explicit_layer.d", O_RDONLY|O_NONBLOCK|O_CLOEXEC|O_DIRECTORY <unfinished ...>
10655 <... openat resumed>)             = -1 ENOENT (No such file or directory)
10671 <... openat resumed>)             = -1 ENOENT (No such file or directory)
10655 openat(AT_FDCWD, "/usr/share/fonts/opentype/noto/.uuid", O_RDONLY|O_CLOEXEC <unfinished ...>
10671 openat(AT_FDCWD, "/opt/google/chrome/./vk_swiftshader_icd.json", O_RDONLY <unfinished ...>
10655 <... openat resumed>)             = -1 ENOENT (No such file or directory)
10671 <... openat resumed>)             = 16
10655 openat(AT_FDCWD, "/usr/share/fonts/opentype/noto", O_RDONLY|O_CLOEXEC) = 34
10655 openat(AT_FDCWD, "/var/cache/fontconfig/9b89f8e3dae116d678bbf48e5f21f69b-le64.cache-11", O_RDWR|O_CLOEXEC) = -1 ENOENT (No such file or directory)
10655 openat(AT_FDCWD, "/home/runner/work/deckrender-acceptance/deckrender-acceptance/benchmark/artifacts/acceptance/private/sandboxes/62743d5d51713ee9b031f5fa8a67eefdc7820e5ab7aa1da4c8c21dff31195054/.cache/fontconfig/9b89f8e3dae116d678bbf48e5f21f69b-le64.cache-11", O_RDWR|O_CLOEXEC) = -1 ENOENT (No such file or directory)
10655 openat(AT_FDCWD, "/home/runner/work/deckrender-acceptance/deckrender-acceptance/benchmark/artifacts/acceptance/private/sandboxes/62743d5d51713ee9b031f5fa8a67eefdc7820e5ab7aa1da4c8c21dff31195054/.fontconfig/9b89f8e3dae116d678bbf48e5f21f69b-le64.cache-11", O_RDWR|O_CLOEXEC) = -1 ENOENT (No such file or directory)
10655 openat(AT_FDCWD, "/usr/share/fonts/opentype/noto", O_RDONLY|O_NONBLOCK|O_CLOEXEC|O_DIRECTORY) = 34
10655 openat(AT_FDCWD, "/usr/share/fonts/opentype/noto/NotoSansCJK-Bold.ttc", O_RDONLY|O_CLOEXEC) = 35
10671 openat(AT_FDCWD, "SwiftShader.ini", O_RDONLY) = -1 ENOENT (No such file or directory)
10671 openat(AT_FDCWD, "/sys/devices/system/cpu/online", O_RDONLY|O_CLOEXEC) = 16
10671 openat(AT_FDCWD, "/dev/dri", O_RDONLY|O_NONBLOCK|O_CLOEXEC|O_DIRECTORY) = 16
10671 socketpair(AF_UNIX, SOCK_SEQPACKET, 0, [16, 17]) = 0
10671 sendmsg(4, {msg_name=NULL, msg_namelen=0, msg_iov=[{iov_base="\20\0\0\0 \0\0\0\10\0\0\0\330\30\242j\0\0\0\0", iov_len=20}], msg_iovlen=1, msg_control=[{cmsg_len=20, cmsg_level=SOL_SOCKET, cmsg_type=SCM_RIGHTS, cmsg_data=[17]}], msg_controllen=20, msg_flags=0}, MSG_NOSIGNAL) = 20
10648 recvmsg(8,  <unfinished ...>
10671 recvmsg(16,  <unfinished ...>
10648 <... recvmsg resumed>{msg_name=NULL, msg_namelen=0, msg_iov=[{iov_base="\20\0\0\0 \0\0\0\10\0\0\0\330\30\242j\0\0\0\0", iov_len=192}], msg_iovlen=1, msg_control=[{cmsg_len=20, cmsg_level=SOL_SOCKET, cmsg_type=SCM_RIGHTS, cmsg_data=[35]}], msg_controllen=24, msg_flags=0}, 0) = 20
10648 sendmsg(35, {msg_name=NULL, msg_namelen=0, msg_iov=[{iov_base="0\0\0\0\34\0\0\0)\0\0\0\2\0\0\0\n\0\0\0\10\0\0\0~\0\0\0\4\0\0\0\374\0\0\0\0\0\0\0\0\0\0\0\3\0\0\0UTC\0", iov_len=52}], msg_iovlen=1, msg_controllen=0, msg_flags=0}, MSG_DONTWAIT) = 52
10671 <... recvmsg resumed>{msg_name=NULL, msg_namelen=0, msg_iov=[{iov_base="0\0\0\0\34\0\0\0)\0\0\0\2\0\0\0\n\0\0\0\10\0\0\0~\0\0\0\4\0\0\0\374\0\0\0\0\0\0\0\0\0\0\0\3\0\0\0UTC\0", iov_len=512}], msg_iovlen=1, msg_controllen=0, msg_flags=0}, 0) = 52
10671 openat(AT_FDCWD, "/opt/hostedtoolcache/Python/3.12.14/x64/lib/libva.so.2", O_RDONLY|O_CLOEXEC) = -1 ENOENT (No such file or directory)
10671 openat(AT_FDCWD, "/etc/ld.so.cache", O_RDONLY|O_CLOEXEC) = 16
10671 openat(AT_FDCWD, "/lib/x86_64-linux-gnu/libva.so.2", O_RDONLY|O_CLOEXEC) = 16
10671 openat(AT_FDCWD, "/opt/hostedtoolcache/Python/3.12.14/x64/lib/libva-drm.so.2", O_RDONLY|O_CLOEXEC) = -1 ENOENT (No such file or directory)
10671 openat(AT_FDCWD, "/etc/ld.so.cache", O_RDONLY|O_CLOEXEC) = 16
10671 openat(AT_FDCWD, "/lib/x86_64-linux-gnu/libva-drm.so.2", O_RDONLY|O_CLOEXEC) = 16
10671 openat(AT_FDCWD, "/opt/google/chrome/libLiteRtWebGpuAccelerator.so", O_RDONLY|O_CLOEXEC) = 16
10671 openat(AT_FDCWD, "/proc/", O_RDONLY|O_CLOEXEC|O_DIRECTORY) = 16
10671 openat(AT_FDCWD, "/proc/", O_RDONLY|O_CLOEXEC|O_DIRECTORY) = 3
10671 socketpair(AF_UNIX, SOCK_SEQPACKET, 0,  <unfinished ...>
10655 openat(AT_FDCWD, "/usr/share/fonts/opentype/noto/NotoSansCJK-Regular.ttc", O_RDONLY|O_CLOEXEC <unfinished ...>
10671 <... socketpair resumed>[3, 13])  = 0
10655 <... openat resumed>)             = 35
10671 sendmsg(4, {msg_name=NULL, msg_namelen=0, msg_iov=[{iov_base="\20\0\0\0 \0\0\0\10\0\0\0\330\30\242j\0\0\0\0", iov_len=20}], msg_iovlen=1, msg_control=[{cmsg_len=20, cmsg_level=SOL_SOCKET, cmsg_type=SCM_RIGHTS, cmsg_data=[13]}], msg_controllen=20, msg_flags=0}, MSG_NOSIGNAL) = 20
10648 recvmsg(8,  <unfinished ...>
10671 recvmsg(3,  <unfinished ...>
10648 <... recvmsg resumed>{msg_name=NULL, msg_namelen=0, msg_iov=[{iov_base="\20\0\0\0 \0\0\0\10\0\0\0\330\30\242j\0\0\0\0", iov_len=192}], msg_iovlen=1, msg_control=[{cmsg_len=20, cmsg_level=SOL_SOCKET, cmsg_type=SCM_RIGHTS, cmsg_data=[38]}], msg_controllen=24, msg_flags=0}, 0) = 20
10648 sendmsg(38, {msg_name=NULL, msg_namelen=0, msg_iov=[{iov_base="0\0\0\0\34\0\0\0)\0\0\0\2\0\0\0\n\0\0\0\10\0\0\0~\0\0\0\4\0\0\0\374\0\0\0\0\0\0\0\0\0\0\0\3\0\0\0UTC\0", iov_len=52}], msg_iovlen=1, msg_controllen=0, msg_flags=0}, MSG_DONTWAIT) = 52
10671 <... recvmsg resumed>{msg_name=NULL, msg_namelen=0, msg_iov=[{iov_base="0\0\0\0\34\0\0\0)\0\0\0\2\0\0\0\n\0\0\0\10\0\0\0~\0\0\0\4\0\0\0\374\0\0\0\0\0\0\0\0\0\0\0\3\0\0\0UTC\0", iov_len=512}], msg_iovlen=1, msg_controllen=0, msg_flags=0}, 0) = 52
10671 sendto(14, "\20\0\0\0P\0\0\0\365\362Ds\0\0\0\0\30\0\1\0\0\0\0\0\0\0\0\0\0\0\0\0\0\0\0\0\0\0\0\0\30\0\0\0\0\0\0\0\0\0\0\0\10\0\0\0000\0\0\0\0\0\0\0\20\0\0\0\1\0\0\0\0\0\0\0\0\0\0\0", 80, MSG_NOSIGNAL, NULL, 0) = 80
10671 socketpair(AF_UNIX, SOCK_STREAM, 0,  <unfinished ...>
10659 recvmsg(36,  <unfinished ...>
10671 <... socketpair resumed>[18, 19]) = 0
10659 <... recvmsg resumed>{msg_name=NULL, msg_namelen=0, msg_iov=[{iov_base="\20\0\0\0P\0\0\0\365\362Ds\0\0\0\0\30\0\1\0\0\0\0\0\0\0\0\0\0\0\0\0\0\0\0\0\0\0\0\0\30\0\0\0\0\0\0\0\0\0\0\0\10\0\0\0000\0\0\0\0\0\0\0\20\0\0\0\1\0\0\0\0\0\0\0\0\0\0\0", iov_len=4096}], msg_iovlen=1, msg_controllen=0, msg_flags=0}, MSG_DONTWAIT) = 80
10659 sendto(36, "\20\0\0\0\210\1\0\0\302\363Ds\0\0\0\0\30\0\24\0\0\0\0\0\0\0\0\0\0\0\0\0\0\0\0\0\0\0\0\0H\0\0\0\0\0\0\0\1\0\0\0\0\0\0\0\0\0\0\0\0\0\0\0\0\0\0\0\1\0\0\0\377\377\377\377\377\377\377\377\0\0\0\0\0\0\0\0`\0\0\0\0\1\0\0\20\1\0\0\0\0\0\0\0\0\0\0\0\0\0\0\240\0\0\0\230\0\0\08\0\0\0\3\0\0\0\0\0\0\0000-ju\0\0\0\0\35).\304\0\0\0\0\0\0\0\0\30\0\0\0\0\0\0\0\0\0\0\0\0\0\0\0\0\0\0\0\0\0\0\0\20\0\0\0\0\0\0\0\10\0\0\0\0\0\0\0\30\0\0\0\0\0\0\0\20\0\0\0\0\0\0\0\0\0\0\0\0\0\0\0002\0\0\0*\0\0\0metrics.mojom.ChildHistogramFetc"..., 392, MSG_NOSIGNAL, NULL, 0) = 392
10659 sendto(36, "\20\0\0\0@\1\0\0\374\363Ds\0\0\0\0\30\0\24\0\0\0\0\0\1\0\0\0\0\0\0\0\0\0\0\0\0\0\0\0H\0\0\0\0\0\0\0\f\0\0\0\0\0\0\0\0\0\0\0\0\0\0\0\0\0\0\0\1\0\0\0\377\377\377\377\377\377\377\377\0\0\0\0\0\0\0\0`\0\0\0\270\0\0\0\310\0\0\0\0\0\0\0\0\0\0\0\0\0\0\0X\0\0\0P\0\0\08\0\0\0\3\0\0\0\0\0\0\0_>WP\0\0\0\0\22).\304\0\0\0\0\0\0\0\0\30\0\0\0\0\0\0\0\0\0\0\0\0\0\0\0\0\0\0\0\0\0\0\0\30\0\0\0\0\0\0\0\0\0\0\0\0\0\0\0\0\0\0\0\0\0\0\0\20\0\0\0\1\0\0\0\0\0\0\0\0\0\0\0h\0\0\0\1\0\0\0\0\0\0\0\0\0\0\0\r\0\0\0\0\0\0\0\0\0\0\0\0\0\0\0@\4\0\0@\0\0\0"..., 320, MSG_NOSIGNAL, NULL, 0) = 320
10659 sendto(36, "\20\0\0\0\300\0\0\0>\364Ds\0\0\0\0\30\0\24\0\0\0\0\0\2\0\0\0\0\0\0\0\0\0\0\0\0\0\0\0H\0\0\0\0\0\0\0\16\0\0\0\0\0\0\0\0\0\0\0\0\0\0\0\0\0\0\0\1\0\0\0\377\377\377\377\377\377\377\377\0\0\0\0\0\0\0\0`\0\0\0\0\0\0\0\0\0\0\0\0\0\0\0\0\0\0\0\0\0\0\0P\0\0\0H\0\0\08\0\0\0\3\0\0\0\0\0\0\0\352\237\0\33\1\0\0\0\23).\304\1\0\0\0\0\0\0\0\30\0\0\0\0\0\0\0\0\0\0\0\0\0\0\0\0\0\0\0\0\0\0\0\20\0\0\0\0\0\0\0\1\0\0\0\0\0\0\0", 192, MSG_NOSIGNAL, NULL, 0) = 192
10659 sendto(36, "\20\0\0\0p\1\0\0q\364Ds\0\0\0\0\30\0\24\0\0\0\0\0\3\0\0\0\0\0\0\0\0\0\0\0\0\0\0\0H\0\0\0\0\0\0\0\1\0\0\0\0\0\0\0\1\0\0\0\0\0\0\0\0\0\0\0\1\0\0\0\377\377\377\377\377\377\377\377\0\0\0\0\0\0\0\0`\0\0\0\350\0\0\0\370\0\0\0\0\0\0\0\0\0\0\0\0\0\0\0\210\0\0\0\200\0\0\08\0\0\0\3\0\0\0\0\0\0\0z\367o_\0\0\0\0\20).\304\0\0\0\0\0\0\0\0\30\0\0\0\0\0\0\0\0\0\0\0\0\0\0\0\0\0\0\0\0\0\0\0\20\0\0\0\0\0\0\0\10\0\0\0\0\0\0\0\30\0\0\0\0\0\0\0\20\0\0\0\0\0\0\0\0\0\0\0\0\0\0\0\31\0\0\0\21\0\0\0viz.mojom.VizMain\0\0\0\0\0\0\0\20\0\0\0\1\0\0\0"..., 368, MSG_NOSIGNAL, NULL, 0) = 368
10659 sendmsg(36, {msg_name=NULL, msg_namelen=0, msg_iov=[{iov_base="\20\0\1\0\360\2\0\0\20\365Ds\0\0\0\0\30\0\24\0\0\0\0\0\4\0\0\0\0\0\0\0\240\2\0\0\0\0\0\0H\0\0\0\0\0\0\0\20\0\0\0\0\0\0\0\0\0\0\0\0\0\0\0\0\0\0\0\1\0\0\0\377\377\377\377\377\377\377\377\0\0\0\0\0\0\0\0`\0\0\0\370\0\0\0\30\1\0\0\0\0\0\0\0\0\0\0\1\0\0\0\230\0\0\0\220\0\0\08\0\0\0\3\0\0\0\0\0\0\0k}\227Q\0\0\0\0\27).\304\0\0\0\0\0\0\0\0\30\0\0\0\0\0\0\0\0\0\0\0\0\0\0\0\0\0\0\0\0\0\0\08\0\0\0\0\0\0\0\0\0\0\0\1\0\0\0\0\0\0\0\2\0\0\0\0\0\0\0\3\0\0\0\0\0\0\0\0\0\0\0\20\0\0\0\0\0\0\0\30\0\0\0\0\0\0\0\20\0\0\0\0\0\0\0\4\0\0\0\0\0\0\0\20\0\0\0\0\0\0\0"..., iov_len=752}], msg_iovlen=1, msg_control=[{cmsg_len=20, cmsg_level=SOL_SOCKET, cmsg_type=SCM_RIGHTS, cmsg_data=[40]}], msg_controllen=20, msg_flags=0}, MSG_NOSIGNAL) = 752
10659 sendto(36, "\20\0\0\0H\1\0\0\225\365Ds\0\0\0\0\30\0\24\0\0\0\0\0\5\0\0\0\0\0\0\0\0\0\0\0\0\0\0\0H\0\0\0\0\0\0\0\22\0\0\0\0\0\0\0\0\0\0\0\0\0\0\0\0\0\0\0\1\0\0\0\377\377\377\377\377\377\377\377\0\0\0\0\0\0\0\0`\0\0\0\300\0\0\0\320\0\0\0\0\0\0\0\0\0\0\0\0\0\0\0`\0\0\0X\0\0\08\0\0\0\3\0\0\0\0\0\0\0\2659\273G\1\0\0\0\24).\304\1\0\0\0\0\0\0\0\30\0\0\0\0\0\0\0\0\0\0\0\0\0\0\0\0\0\0\0\0\0\0\0 \0\0\0\0\0\0\0\1\0\0\0\1\0\0\0\377\377\377\377\377\377\377\377\0\0\0\0\0\0\0\0\20\0\0\0\1\0\0\0\0\0\0\0\0\0\0\0h\0\0\0\1\0\0\0\0\0\0\0\0\0\0\0\31\0\0\0\0\0\0\0\0\0\0\0\0\0\0\0"..., 328, MSG_NOSIGNAL, NULL, 0) = 328
10659 sendto(36, "\20\0\0\0\330\0\0\0\366\365Ds\0\0\0\0\30\0\24\0\0\0\0\0\6\0\0\0\0\0\0\0\0\0\0\0\0\0\0\0H\0\0\0\0\0\0\0\22\0\0\0\0\0\0\0\1\0\0\0\0\0\0\0\0\0\0\0\1\0\0\0\377\377\377\377\377\377\377\377\0\0\0\0\0\0\0\0`\0\0\0\0\0\0\0\0\0\0\0\0\0\0\0\0\0\0\0\0\0\0\0h\0\0\0`\0\0\08\0\0\0\3\0\0\0\0\0\0\0007\302\276o\0\0\0\0\25).\304\0\0\0\0\0\0\0\0\30\0\0\0\0\0\0\0\0\0\0\0\0\0\0\0\0\0\0\0\0\0\0\0\30\0\0\0\0\0\0\0\1\0\0\0\0\0\0\0\10\0\0\0\0\0\0\0\20\0\0\0\0\0\0\0\212)\0\0\0\0\0\0", 216, MSG_NOSIGNAL, NULL, 0) = 216
10683 recvmsg(14,  <unfinished ...>
10659 sendto(36, "\20\0\0\0\320\1\0\0C\366Ds\0\0\0\0\30\0\24\0\0\0\0\0\7\0\0\0\0\0\0\0\0\0\0\0\0\0\0\0H\0\0\0\0\0\0\0\20\0\0\0\0\0\0\0\1\0\0\0\0\0\0\0\0\0\0\0\1\0\0\0\377\377\377\377\377\377\377\377\0\0\0\0\0\0\0\0`\0\0\0\350\0\0\0\370\0\0\0\0\0\0\0\0\0\0\0\0\0\0\0\210\0\0\0\200\0\0\08\0\0\0\3\0\0\0\0\0\0\0aK\\A\0\0\0\0\n).\304\0\0\0\0\0\0\0\0\30\0\0\0\0\0\0\0\0\0\0\0\0\0\0\0\0\0\0\0\0\0\0\0\20\0\0\0\0\0\0\0\10\0\0\0\0\0\0\0(\0\0\0\0\0\0\0\1\0\0\0\1\0\0\0\4\0\0\0\0\0\0\0\1\0\0\0\0\0\0\0\10\0\0\0\0\0\0\0\20\0\0\0\0\0\0\0\0\0\0\0\0\0\0\0\20\0\0\0\2\0\0\0"..., 464, MSG_NOSIGNAL, NULL, 0 <unfinished ...>
10683 <... recvmsg resumed>{msg_name=NULL, msg_namelen=0, msg_iov=[{iov_base="\20\0\1\0\270\0\0\0\35>Ds\0\0\0\0\30\0\0\0\0\0\0\0\0\0\0\0\0\0\0\0h\0\0\0\0\0\0\0@\0\0\0\0\0\0\0\354\345\224\335`\25\365\314\317\313\30\303\303x\277\3/N\365Y\3139\325\225\206\246Y\20\370\372\0\207\0\0\0\0\4\0\0\0\0\0\0\0\0\0\0\0X\0\0\0\0\0\0\0\20\0\0\0\1\0\0\0\0\0\0\0\0\0\0\0\20\0\0\0\1\0\0\0x\0\0\0\0\0\1\0000\0\0\0(\0\0\0\10\0\0\0\1\0\0\0 \0\0\0\0\0\2\0\2\0\0\0\0\0\0\0\rd\257Q\266/\36l\220VA\275\342\236\340\244", iov_len=4096}], msg_iovlen=1, msg_control=[{cmsg_len=20, cmsg_level=SOL_SOCKET, cmsg_type=SCM_RIGHTS, cmsg_data=[22]}], msg_controllen=24, msg_flags=0}, MSG_DONTWAIT) = 184
10659 <... sendto resumed>)             = 464
10659 sendto(36, "\20\0\0\0\300\0\0\0\227\366Ds\0\0\0\0\30\0\24\0\0\0\0\0\10\0\0\0\0\0\0\0\0\0\0\0\0\0\0\0H\0\0\0\0\0\0\0\3\0\0\0\0\0\0\0\0\0\0\0\0\0\0\0\0\0\0\0\1\0\0\0\377\377\377\377\377\377\377\377\0\0\0\0\0\0\0\0`\0\0\0\0\0\0\0\0\0\0\0\0\0\0\0\0\0\0\0\0\0\0\0P\0\0\0H\0\0\08\0\0\0\3\0\0\0\1\0\0\200\357\t\t_\0\0\0\0\37).\304\0\0\0\0\0\0\0\0\30\0\0\0\0\0\0\0\0\0\0\0\0\0\0\0\0\0\0\0\0\0\0\0\20\0\0\0\0\0\0\0\212)\0\0\0\0\0\0", 192, MSG_NOSIGNAL, NULL, 0) = 192
10683 sendmsg(14, {msg_name=NULL, msg_namelen=0, msg_iov=[{iov_base="\20\0\1\0\250\0\0\0B\367Ds\0\0\0\0\30\0\24\0\0\0\0\0\0\0\0\0\0\0\0\0p\0\0\0\0\0\0\0H\0\0\0\0\0\0\0\0\0\0\0\0\0\0\0\0\0\0\0\0\0\0\0\0\0\0\0\1\0\0\0\377\377\377\377\377\377\377\377\0\0\0\0\0\0\0\0\0\0\0\0`\0\0\0\0\0\0\0\0\0\0\0\0\0\0\0\1\0\0\0\20\0\0\0\1\0\0\0\1\0\0\0\0\0\0\0\20\0\0\0\1\0\0\0\200\0\0\0\0\0\1\0\30\0\0\0\20\0\0\0\10\0\0\0\0\0\0\0\1\0\0\0\0\0\0\0", iov_len=168}], msg_iovlen=1, msg_control=[{cmsg_len=20, cmsg_level=SOL_SOCKET, cmsg_type=SCM_RIGHTS, cmsg_data=[19]}], msg_controllen=20, msg_flags=0}, MSG_NOSIGNAL) = 168
10659 recvmsg(36, {msg_name=NULL, msg_namelen=0, msg_iov=[{iov_base="\20\0\1\0\250\0\0\0B\367Ds\0\0\0\0\30\0\24\0\0\0\0\0\0\0\0\0\0\0\0\0p\0\0\0\0\0\0\0H\0\0\0\0\0\0\0\0\0\0\0\0\0\0\0\0\0\0\0\0\0\0\0\0\0\0\0\1\0\0\0\377\377\377\377\377\377\377\377\0\0\0\0\0\0\0\0\0\0\0\0`\0\0\0\0\0\0\0\0\0\0\0\0\0\0\0\1\0\0\0\20\0\0\0\1\0\0\0\1\0\0\0\0\0\0\0\20\0\0\0\1\0\0\0\200\0\0\0\0\0\1\0\30\0\0\0\20\0\0\0\10\0\0\0\0\0\0\0\1\0\0\0\0\0\0\0", iov_len=4096}], msg_iovlen=1, msg_control=[{cmsg_len=20, cmsg_level=SOL_SOCKET, cmsg_type=SCM_RIGHTS, cmsg_data=[35]}], msg_controllen=24, msg_flags=0}, MSG_DONTWAIT) = 168
10683 sendto(14, "\20\0\0\0@\0\0\0\263\367Ds\0\0\0\0\30\0\26\0\0\0\0\0\1\0\0\0\0\0\0\0\0\0\0\0\0\0\0\0\30\0\0\0\0\0\0\0\0\0\0\0\0\0\0\0\1\0\0\0\0\0\0\0", 64, MSG_NOSIGNAL, NULL, 0) = 64
10683 sendto(14, "\20\0\0\0X\0\0\0\366\367Ds\0\0\0\0\30\0\"\0\0\0\0\0\2\0\0\0\0\0\0\0\0\0\0\0\0\0\0\0000\0\0\0\0\0\0\0\1\0\0\0\0\0\0\0\37\0\0\0\0\0\0\0\0\0\0\0\0\0\0\0\200\6\0\0@\0\0\0\0\0\0\0\0\0\0\0", 88, MSG_NOSIGNAL, NULL, 0) = 88
10683 sendto(14, "\20\0\0\0X\0\0\0#\370Ds\0\0\0\0\30\0\"\0\0\0\0\0\3\0\0\0\0\0\0\0\0\0\0\0\0\0\0\0000\0\0\0\0\0\0\0\2\0\0\0\0\0\0\0 \0\0\0\0\0\0\0\0\0\0\0\0\0\0\0\300\6\0\0@\0\0\0\0\0\0\0\0\0\0\0", 88, MSG_NOSIGNAL, NULL, 0) = 88
10659 recvmsg(36,  <unfinished ...>
10683 sendto(14, "\20\0\0\0X\0\0\0Q\370Ds\0\0\0\0\30\0\"\0\0\0\0\0\4\0\0\0\0\0\0\0\0\0\0\0\0\0\0\0000\0\0\0\0\0\0\0\3\0\0\0\0\0\0\0!\0\0\0\0\0\0\0\0\0\0\0\0\0\0\0\0\7\0\0@\0\0\0\0\0\0\0\0\0\0\0", 88, MSG_NOSIGNAL, NULL, 0 <unfinished ...>
10659 <... recvmsg resumed>{msg_name=NULL, msg_namelen=0, msg_iov=[{iov_base="\20\0\0\0@\0\0\0\263\367Ds\0\0\0\0\30\0\26\0\0\0\0\0\1\0\0\0\0\0\0\0\0\0\0\0\0\0\0\0\30\0\0\0\0\0\0\0\0\0\0\0\0\0\0\0\1\0\0\0\0\0\0\0\20\0\0\0X\0\0\0\366\367Ds\0\0\0\0\30\0\"\0\0\0\0\0\2\0\0\0\0\0\0\0\0\0\0\0\0\0\0\0000\0\0\0\0\0\0\0\1\0\0\0\0\0\0\0\37\0\0\0\0\0\0\0\0\0\0\0\0\0\0\0\200\6\0\0@\0\0\0\0\0\0\0\0\0\0\0\20\0\0\0X\0\0\0#\370Ds\0\0\0\0\30\0\"\0\0\0\0\0\3\0\0\0\0\0\0\0\0\0\0\0\0\0\0\0000\0\0\0\0\0\0\0\2\0\0\0\0\0\0\0 \0\0\0\0\0\0\0\0\0\0\0\0\0\0\0\300\6\0\0@\0\0\0\0\0\0\0\0\0\0\0", iov_len=4096}], msg_iovlen=1, msg_controllen=0, msg_flags=0}, MSG_DONTWAIT) = 240
10683 <... sendto resumed>)             = 88
10659 sendto(36, "\20\0\0\0@\0\0\0\223\370Ds\0\0\0\0\30\0#\0\0\0\0\0\t\0\0\0\0\0\0\0\0\0\0\0\0\0\0\0\30\0\0\0\0\0\0\0\1\0\0\0\0\0\0\0\2\0\0\0\0\0\0\0", 64, MSG_NOSIGNAL, NULL, 0) = 64
10683 recvmsg(14,  <unfinished ...>
10659 sendto(36, "\20\0\0\0@\0\0\0\333\370Ds\0\0\0\0\30\0#\0\0\0\0\0\n\0\0\0\0\0\0\0\0\0\0\0\0\0\0\0\30\0\0\0\0\0\0\0\2\0\0\0\0\0\0\0\0\0\0\0\0\0\0\0", 64, MSG_NOSIGNAL, NULL, 0 <unfinished ...>
10683 <... recvmsg resumed>{msg_name=NULL, msg_namelen=0, msg_iov=[{iov_base="\20\0\0\0\210\1\0\0\302\363Ds\0\0\0\0\30\0\24\0\0\0\0\0\0\0\0\0\0\0\0\0\0\0\0\0\0\0\0\0H\0\0\0\0\0\0\0\1\0\0\0\0\0\0\0\0\0\0\0\0\0\0\0\0\0\0\0\1\0\0\0\377\377\377\377\377\377\377\377\0\0\0\0\0\0\0\0`\0\0\0\0\1\0\0\20\1\0\0\0\0\0\0\0\0\0\0\0\0\0\0\240\0\0\0\230\0\0\08\0\0\0\3\0\0\0\0\0\0\0000-ju\0\0\0\0\35).\304\0\0\0\0\0\0\0\0\30\0\0\0\0\0\0\0\0\0\0\0\0\0\0\0\0\0\0\0\0\0\0\0\20\0\0\0\0\0\0\0\10\0\0\0\0\0\0\0\30\0\0\0\0\0\0\0\20\0\0\0\0\0\0\0\0\0\0\0\0\0\0\0002\0\0\0*\0\0\0metrics.mojom.ChildHistogramFetc"..., iov_len=4096}], msg_iovlen=1, msg_control=[{cmsg_len=20, cmsg_level=SOL_SOCKET, cmsg_type=SCM_RIGHTS, cmsg_data=[19]}], msg_controllen=24, msg_flags=0}, MSG_DONTWAIT) = 2024
10659 <... sendto resumed>)             = 64
10659 recvmsg(36, {msg_name=NULL, msg_namelen=0, msg_iov=[{iov_base="\20\0\0\0X\0\0\0Q\370Ds\0\0\0\0\30\0\"\0\0\0\0\0\4\0\0\0\0\0\0\0\0\0\0\0\0\0\0\0000\0\0\0\0\0\0\0\3\0\0\0\0\0\0\0!\0\0\0\0\0\0\0\0\0\0\0\0\0\0\0\0\7\0\0@\0\0\0\0\0\0\0\0\0\0\0", iov_len=4096}], msg_iovlen=1, msg_controllen=0, msg_flags=0}, MSG_DONTWAIT) = 88
10683 recvmsg(14,  <unfinished ...>
10659 sendto(36, "\20\0\0\0@\0\0\0\272\371Ds\0\0\0\0\30\0#\0\0\0\0\0\v\0\0\0\0\0\0\0\0\0\0\0\0\0\0\0\30\0\0\0\0\0\0\0\3\0\0\0\0\0\0\0\1\0\0\0\0\0\0\0", 64, MSG_NOSIGNAL, NULL, 0 <unfinished ...>
10683 <... recvmsg resumed>{msg_name=NULL, msg_namelen=0, msg_iov=[{iov_base="\20\0\0\0H\1\0\0\225\365Ds\0\0\0\0\30\0\24\0\0\0\0\0\5\0\0\0\0\0\0\0\0\0\0\0\0\0\0\0H\0\0\0\0\0\0\0\22\0\0\0\0\0\0\0\0\0\0\0\0\0\0\0\0\0\0\0\1\0\0\0\377\377\377\377\377\377\377\377\0\0\0\0\0\0\0\0`\0\0\0\300\0\0\0\320\0\0\0\0\0\0\0\0\0\0\0\0\0\0\0`\0\0\0X\0\0\08\0\0\0\3\0\0\0\0\0\0\0\2659\273G\1\0\0\0\24).\304\1\0\0\0\0\0\0\0\30\0\0\0\0\0\0\0\0\0\0\0\0\0\0\0\0\0\0\0\0\0\0\0 \0\0\0\0\0\0\0\1\0\0\0\1\0\0\0\377\377\377\377\377\377\377\377\0\0\0\0\0\0\0\0\20\0\0\0\1\0\0\0\0\0\0\0\0\0\0\0h\0\0\0\1\0\0\0\0\0\0\0\0\0\0\0\31\0\0\0\0\0\0\0\0\0\0\0\0\0\0\0"..., iov_len=4096}], msg_iovlen=1, msg_controllen=0, msg_flags=0}, MSG_DONTWAIT) = 1328
10659 <... sendto resumed>)             = 64
10683 sendto(14, "\20\0\0\08\0\0\0\365\371Ds\0\0\0\0\30\0$\0\0\0\0\0\5\0\0\0\0\0\0\0\0\0\0\0\0\0\0\0\20\0\0\0\0\0\0\0\37\0\0\0\0\0\0\0", 56, MSG_NOSIGNAL, NULL, 0) = 56
10683 sendto(14, "\20\0\0\08\0\0\0.\372Ds\0\0\0\0\30\0$\0\0\0\0\0\6\0\0\0\0\0\0\0\0\0\0\0\0\0\0\0\20\0\0\0\0\0\0\0 \0\0\0\0\0\0\0", 56, MSG_NOSIGNAL, NULL, 0 <unfinished ...>
10659 recvmsg(36,  <unfinished ...>
10683 <... sendto resumed>)             = 56
10659 <... recvmsg resumed>{msg_name=NULL, msg_namelen=0, msg_iov=[{iov_base="\20\0\0\08\0\0\0\365\371Ds\0\0\0\0\30\0$\0\0\0\0\0\5\0\0\0\0\0\0\0\0\0\0\0\0\0\0\0\20\0\0\0\0\0\0\0\37\0\0\0\0\0\0\0\20\0\0\08\0\0\0.\372Ds\0\0\0\0\30\0$\0\0\0\0\0\6\0\0\0\0\0\0\0\0\0\0\0\0\0\0\0\20\0\0\0\0\0\0\0 \0\0\0\0\0\0\0", iov_len=4096}], msg_iovlen=1, msg_controllen=0, msg_flags=0}, MSG_DONTWAIT) = 112
10659 sendto(36, "\20\0\0\0X\0\0\0{\372Ds\0\0\0\0\30\0\"\0\0\0\0\0\f\0\0\0\0\0\0\0\0\0\0\0\0\0\0\0000\0\0\0\0\0\0\0\37\0\0\0\0\0\0\0\"\0\0\0\0\0\0\0\0\0\0\0\0\0\0\0@\7\0\0@\0\0\0\2\0\0\0\0\0\0\0", 88, MSG_NOSIGNAL, NULL, 0 <unfinished ...>
10683 recvmsg(14,  <unfinished ...>
10659 <... sendto resumed>)             = 88
10683 <... recvmsg resumed>{msg_name=NULL, msg_namelen=0, msg_iov=[{iov_base="\20\0\0\0@\0\0\0\272\371Ds\0\0\0\0\30\0#\0\0\0\0\0\v\0\0\0\0\0\0\0\0\0\0\0\0\0\0\0\30\0\0\0\0\0\0\0\3\0\0\0\0\0\0\0\1\0\0\0\0\0\0\0\20\0\0\0X\0\0\0{\372Ds\0\0\0\0\30\0\"\0\0\0\0\0\f\0\0\0\0\0\0\0\0\0\0\0\0\0\0\0000\0\0\0\0\0\0\0\37\0\0\0\0\0\0\0\"\0\0\0\0\0\0\0\0\0\0\0\0\0\0\0@\7\0\0@\0\0\0\2\0\0\0\0\0\0\0", iov_len=4096}], msg_iovlen=1, msg_controllen=0, msg_flags=0}, MSG_DONTWAIT) = 152
10659 sendto(36, "\20\0\0\0X\0\0\0\270\372Ds\0\0\0\0\30\0\"\0\0\0\0\0\r\0\0\0\0\0\0\0\0\0\0\0\0\0\0\0000\0\0\0\0\0\0\0 \0\0\0\0\0\0\0#\0\0\0\0\0\0\0\0\0\0\0\0\0\0\0\200\7\0\0@\0\0\0\0\0\0\0\0\0\0\0", 88, MSG_NOSIGNAL, NULL, 0 <unfinished ...>
10683 sendto(14, "\20\0\0\08\0\0\0\316\372Ds\0\0\0\0\30\0$\0\0\0\0\0\7\0\0\0\0\0\0\0\0\0\0\0\0\0\0\0\20\0\0\0\0\0\0\0!\0\0\0\0\0\0\0", 56, MSG_NOSIGNAL, NULL, 0 <unfinished ...>
10659 <... sendto resumed>)             = 88
10683 <... sendto resumed>)             = 56
10683 sendto(14, "\20\0\0\0@\0\0\0\21\373Ds\0\0\0\0\30\0#\0\0\0\0\0\10\0\0\0\0\0\0\0\0\0\0\0\0\0\0\0\30\0\0\0\0\0\0\0\37\0\0\0\0\0\0\0\0\0\0\0\0\0\0\0", 64, MSG_NOSIGNAL, NULL, 0) = 64
10659 recvmsg(36, {msg_name=NULL, msg_namelen=0, msg_iov=[{iov_base="\20\0\0\08\0\0\0\316\372Ds\0\0\0\0\30\0$\0\0\0\0\0\7\0\0\0\0\0\0\0\0\0\0\0\0\0\0\0\20\0\0\0\0\0\0\0!\0\0\0\0\0\0\0\20\0\0\0@\0\0\0\21\373Ds\0\0\0\0\30\0#\0\0\0\0\0\10\0\0\0\0\0\0\0\0\0\0\0\0\0\0\0\30\0\0\0\0\0\0\0\37\0\0\0\0\0\0\0\0\0\0\0\0\0\0\0", iov_len=4096}], msg_iovlen=1, msg_controllen=0, msg_flags=0}, MSG_DONTWAIT) = 120
10659 sendto(36, "\20\0\0\0X\0\0\0h\373Ds\0\0\0\0\30\0\"\0\0\0\0\0\16\0\0\0\0\0\0\0\0\0\0\0\0\0\0\0000\0\0\0\0\0\0\0!\0\0\0\0\0\0\0$\0\0\0\0\0\0\0\0\0\0\0\0\0\0\0\300\7\0\0@\0\0\0\1\0\0\0\0\0\0\0", 88, MSG_NOSIGNAL, NULL, 0 <unfinished ...>
10683 recvmsg(14,  <unfinished ...>
10659 <... sendto resumed>)             = 88
10683 <... recvmsg resumed>{msg_name=NULL, msg_namelen=0, msg_iov=[{iov_base="\20\0\0\0X\0\0\0\270\372Ds\0\0\0\0\30\0\"\0\0\0\0\0\r\0\0\0\0\0\0\0\0\0\0\0\0\0\0\0000\0\0\0\0\0\0\0 \0\0\0\0\0\0\0#\0\0\0\0\0\0\0\0\0\0\0\0\0\0\0\200\7\0\0@\0\0\0\0\0\0\0\0\0\0\0\20\0\0\0X\0\0\0h\373Ds\0\0\0\0\30\0\"\0\0\0\0\0\16\0\0\0\0\0\0\0\0\0\0\0\0\0\0\0000\0\0\0\0\0\0\0!\0\0\0\0\0\0\0$\0\0\0\0\0\0\0\0\0\0\0\0\0\0\0\300\7\0\0@\0\0\0\1\0\0\0\0\0\0\0", iov_len=4096}], msg_iovlen=1, msg_controllen=0, msg_flags=0}, MSG_DONTWAIT) = 176
10683 sendto(14, "\20\0\0\0@\0\0\0\310\373Ds\0\0\0\0\30\0#\0\0\0\0\0\t\0\0\0\0\0\0\0\0\0\0\0\0\0\0\0\30\0\0\0\0\0\0\0 \0\0\0\0\0\0\0\0\0\0\0\0\0\0\0", 64, MSG_NOSIGNAL, NULL, 0) = 64
10683 sendto(14, "\20\0\0\0@\0\0\0\356\373Ds\0\0\0\0\30\0#\0\0\0\0\0\n\0\0\0\0\0\0\0\0\0\0\0\0\0\0\0\30\0\0\0\0\0\0\0!\0\0\0\0\0\0\0\0\0\0\0\0\0\0\0", 64, MSG_NOSIGNAL, NULL, 0) = 64
10659 recvmsg(36, {msg_name=NULL, msg_namelen=0, msg_iov=[{iov_base="\20\0\0\0@\0\0\0\310\373Ds\0\0\0\0\30\0#\0\0\0\0\0\t\0\0\0\0\0\0\0\0\0\0\0\0\0\0\0\30\0\0\0\0\0\0\0 \0\0\0\0\0\0\0\0\0\0\0\0\0\0\0\20\0\0\0@\0\0\0\356\373Ds\0\0\0\0\30\0#\0\0\0\0\0\n\0\0\0\0\0\0\0\0\0\0\0\0\0\0\0\30\0\0\0\0\0\0\0!\0\0\0\0\0\0\0\0\0\0\0\0\0\0\0", iov_len=4096}], msg_iovlen=1, msg_controllen=0, msg_flags=0}, MSG_DONTWAIT) = 128
10683 sendto(14, "\20\0\0\0p\0\0\0l\374Ds\0\0\0\0\30\0\24\0\0\0\0\0\v\0\0\0\0\0\0\0\0\0\0\0\0\0\0\0H\0\0\0\0\0\0\0$\0\0\0\0\0\0\0\0\0\0\0\0\0\0\0\0\0\0\0\1\0\0\0\0\0\0\0\0\0\0\0\0x\1\0\0\1\0\0\0\0\0\0\0\0\0\0\0\0\0\0\0\0\0\0\0\0\0\0\0\0\0\0", 112, MSG_NOSIGNAL, NULL, 0) = 112
10659 recvmsg(36, {msg_name=NULL, msg_namelen=0, msg_iov=[{iov_base="\20\0\0\0p\0\0\0l\374Ds\0\0\0\0\30\0\24\0\0\0\0\0\v\0\0\0\0\0\0\0\0\0\0\0\0\0\0\0H\0\0\0\0\0\0\0$\0\0\0\0\0\0\0\0\0\0\0\0\0\0\0\0\0\0\0\1\0\0\0\0\0\0\0\0\0\0\0\0x\1\0\0\1\0\0\0\0\0\0\0\0\0\0\0\0\0\0\0\0\0\0\0\0\0\0\0\0\0\0", iov_len=4096}], msg_iovlen=1, msg_controllen=0, msg_flags=0}, MSG_DONTWAIT) = 112
10683 sendto(14, "\20\0\0\0\350\0\0\0\5\375Ds\0\0\0\0\30\0\24\0\0\0\0\0\f\0\0\0\0\0\0\0\0\0\0\0\0\0\0\0H\0\0\0\0\0\0\0#\0\0\0\0\0\0\0\0\0\0\0\0\0\0\0\0\0\0\0\1\0\0\0\0\0\0\0\0\0\0\0\0y\1\0\0\1\0\0\0\0\0\0`\0\0\0p\0\0\0\0\0\0\0\0\0\0\0\0\0\0\0\20\0\0\0\1\0\0\0\0\0\0\0\0\0\0\0h\0\0\0\1\0\0\0\1\0\0\0\0\0\0\0%\0\0\0\0\0\0\0\377\377\377\377\377\377\377\377\0\0\0\0\0\0\0\0\0\0\0\0\0\0\0\0\0\0\0\0\0\0\0\0\0\0\0\0\0\0\0\0\0\0\0\0\0\0\0\0\1\0\0\0\0\0\0\0\0\0\0\0\0\0\0\0\0\0\0\0\0\0\0\0\0\0\0\0\0\0\0\0", 232, MSG_NOSIGNAL, NULL, 0) = 232
10659 recvmsg(36,  <unfinished ...>
10683 sendto(14, "\20\0\0\0@\1\0\0`\375Ds\0\0\0\0\30\0\24\0\0\0\0\0\r\0\0\0\0\0\0\0\0\0\0\0\0\0\0\0H\0\0\0\0\0\0\0%\0\0\0\0\0\0\0\0\0\0\0\0\0\0\0\0\0\0\0\1\0\0\0\377\377\377\377\377\377\377\377\0\0\0\0\0\0\0\0`\0\0\0\270\0\0\0\310\0\0\0\0\0\0\0\0\0\0\0\0\0\0\0X\0\0\0P\0\0\08\0\0\0\3\0\0\0\0\0\0\0)Vd(\0\0\0\0u\227\243(\0\0\0\0\0\0\0\0\30\0\0\0\0\0\0\0\0\0\0\0\0\0\0\0\0\0\0\0\0\0\0\0\30\0\0\0\0\0\0\0\0\0\0\0\377\377\377\377\0\0\0\0\0\0\0\0\20\0\0\0\1\0\0\0\0\0\0\0\0\0\0\0h\0\0\0\1\0\0\0\0\0\0\0\0\0\0\0&\0\0\0\0\0\0\0\0\0\0\0\0\0\0\0\0\7\0\0@\0\0\0"..., 320, MSG_NOSIGNAL, NULL, 0 <unfinished ...>
10659 <... recvmsg resumed>{msg_name=NULL, msg_namelen=0, msg_iov=[{iov_base="\20\0\0\0\350\0\0\0\5\375Ds\0\0\0\0\30\0\24\0\0\0\0\0\f\0\0\0\0\0\0\0\0\0\0\0\0\0\0\0H\0\0\0\0\0\0\0#\0\0\0\0\0\0\0\0\0\0\0\0\0\0\0\0\0\0\0\1\0\0\0\0\0\0\0\0\0\0\0\0y\1\0\0\1\0\0\0\0\0\0`\0\0\0p\0\0\0\0\0\0\0\0\0\0\0\0\0\0\0\20\0\0\0\1\0\0\0\0\0\0\0\0\0\0\0h\0\0\0\1\0\0\0\1\0\0\0\0\0\0\0%\0\0\0\0\0\0\0\377\377\377\377\377\377\377\377\0\0\0\0\0\0\0\0\0\0\0\0\0\0\0\0\0\0\0\0\0\0\0\0\0\0\0\0\0\0\0\0\0\0\0\0\0\0\0\0\1\0\0\0\0\0\0\0\0\0\0\0\0\0\0\0\0\0\0\0\0\0\0\0\0\0\0\0\0\0\0\0", iov_len=4096}], msg_iovlen=1, msg_controllen=0, msg_flags=0}, MSG_DONTWAIT) = 232
10683 <... sendto resumed>)             = 320
10659 recvmsg(36, {msg_name=NULL, msg_namelen=0, msg_iov=[{iov_base="\20\0\0\0@\1\0\0`\375Ds\0\0\0\0\30\0\24\0\0\0\0\0\r\0\0\0\0\0\0\0\0\0\0\0\0\0\0\0H\0\0\0\0\0\0\0%\0\0\0\0\0\0\0\0\0\0\0\0\0\0\0\0\0\0\0\1\0\0\0\377\377\377\377\377\377\377\377\0\0\0\0\0\0\0\0`\0\0\0\270\0\0\0\310\0\0\0\0\0\0\0\0\0\0\0\0\0\0\0X\0\0\0P\0\0\08\0\0\0\3\0\0\0\0\0\0\0)Vd(\0\0\0\0u\227\243(\0\0\0\0\0\0\0\0\30\0\0\0\0\0\0\0\0\0\0\0\0\0\0\0\0\0\0\0\0\0\0\0\30\0\0\0\0\0\0\0\0\0\0\0\377\377\377\377\0\0\0\0\0\0\0\0\20\0\0\0\1\0\0\0\0\0\0\0\0\0\0\0h\0\0\0\1\0\0\0\0\0\0\0\0\0\0\0&\0\0\0\0\0\0\0\0\0\0\0\0\0\0\0\0\7\0\0@\0\0\0"..., iov_len=4096}], msg_iovlen=1, msg_controllen=0, msg_flags=0}, MSG_DONTWAIT) = 320
10683 sendto(14, "\20\0\0\0\330\2\0\0\260\375Ds\0\0\0\0\30\0\24\0\0\0\0\0\16\0\0\0\0\0\0\0\0\0\0\0\0\0\0\0H\0\0\0\0\0\0\0#\0\0\0\0\0\0\0\1\0\0\0\0\0\0\0\0\0\0\0\1\0\0\0\0\0\0\0\0\0\0\0\0\224\1\0\0\4\0\0\0\0\0\0`\0\0\0\200\0\0\0\0\0\0\0\0\0\0\0\0\0\0\0 \0\0\0\6\0\0\0\0\0\0\0\0\0\0\0\0\0\0\0\0\0\0\0\0\0\0\0\0\0\0\0H\2\0\0\6\0\0\0\1\0\0\0\0\0\0\0(\0\0\0\0\0\0\0\377\377\377\377\377\377\377\377\0\0\0\0\0\0\0\0\0\0\0\0\0\0\0\0\0\0\0\0\0\0\0\0\0\0\0\0\0\0\0\0\0\0\0\0\0\0\0\0\1\0\0\0\0\0\0\0\0\0\0\0\0\0\0\0\0\0\0\0\0\0\0\0\0\0\0\0\0\0\0\0\1\0\0\0\0\0\0\0"..., 728, MSG_NOSIGNAL, NULL, 0) = 728
10683 sendto(14, "\20\0\0\0\240\1\0\0\351\375Ds\0\0\0\0\30\0\24\0\0\0\0\0\17\0\0\0\0\0\0\0\0\0\0\0\0\0\0\0H\0\0\0\0\0\0\0(\0\0\0\0\0\0\0\0\0\0\0\0\0\0\0\0\0\0\0\1\0\0\0\377\377\377\377\377\377\377\377\0\0\0\0\0\0\0\0`\0\0\0\270\0\0\0\310\0\0\0\0\0\0\0\0\0\0\0\0\0\0\0X\0\0\0P\0\0\08\0\0\0\3\0\0\0\0\0\0\0\263\241\267o\0\0\0\0q\227\243(\0\0\0\0\0\0\0\0\30\0\0\0\0\0\0\0\0\0\0\0\0\0\0\0\0\0\0\0\0\0\0\0\30\0\0\0\0\0\0\0\0\0\0\0\1\0\0\0\0\0\0\0\0\0\0\0\20\0\0\0\2\0\0\0\0\0\0\0\0\0\0\0\310\0\0\0\2\0\0\0\0\0\0\0\0\0\0\0002\0\0\0\0\0\0\0\377\377\377\377\377\377\377\377\0\0\0\0\0\0\0\0"..., 416, MSG_NOSIGNAL, NULL, 0 <unfinished ...>
10659 recvmsg(36,  <unfinished ...>
10683 <... sendto resumed>)             = 416
10659 <... recvmsg resumed>{msg_name=NULL, msg_namelen=0, msg_iov=[{iov_base="\20\0\0\0\330\2\0\0\260\375Ds\0\0\0\0\30\0\24\0\0\0\0\0\16\0\0\0\0\0\0\0\0\0\0\0\0\0\0\0H\0\0\0\0\0\0\0#\0\0\0\0\0\0\0\1\0\0\0\0\0\0\0\0\0\0\0\1\0\0\0\0\0\0\0\0\0\0\0\0\224\1\0\0\4\0\0\0\0\0\0`\0\0\0\200\0\0\0\0\0\0\0\0\0\0\0\0\0\0\0 \0\0\0\6\0\0\0\0\0\0\0\0\0\0\0\0\0\0\0\0\0\0\0\0\0\0\0\0\0\0\0H\2\0\0\6\0\0\0\1\0\0\0\0\0\0\0(\0\0\0\0\0\0\0\377\377\377\377\377\377\377\377\0\0\0\0\0\0\0\0\0\0\0\0\0\0\0\0\0\0\0\0\0\0\0\0\0\0\0\0\0\0\0\0\0\0\0\0\0\0\0\0\1\0\0\0\0\0\0\0\0\0\0\0\0\0\0\0\0\0\0\0\0\0\0\0\0\0\0\0\0\0\0\0\1\0\0\0\0\0\0\0"..., iov_len=4096}], msg_iovlen=1, msg_controllen=0, msg_flags=0}, MSG_DONTWAIT) = 1144
10683 sendto(14, "\20\0\0\08\1\0\0\27\376Ds\0\0\0\0\30\0\24\0\0\0\0\0\20\0\0\0\0\0\0\0\0\0\0\0\0\0\0\0H\0\0\0\0\0\0\0)\0\0\0\0\0\0\0\0\0\0\0\0\0\0\0\0\0\0\0\1\0\0\0\377\377\377\377\377\377\377\377\0\0\0\0\0\0\0\0`\0\0\0\260\0\0\0\300\0\0\0\0\0\0\0\0\0\0\0\0\0\0\0P\0\0\0H\0\0\08\0\0\0\3\0\0\0\0\0\0\0\367\320\262m\0\0\0\0v\227\243(\0\0\0\0\0\0\0\0\30\0\0\0\0\0\0\0\0\0\0\0\0\0\0\0\0\0\0\0\0\0\0\0\20\0\0\0\0\0\0\0\0\0\0\0\0\0\0\0\20\0\0\0\1\0\0\0\0\0\0\0\0\0\0\0h\0\0\0\1\0\0\0\0\0\0\0\0\0\0\0005\0\0\0\0\0\0\0\0\0\0\0\0\0\0\0\300\10\0\0@\0\0\0006\0\0\0\0\0\0\0"..., 312, MSG_NOSIGNAL, NULL, 0) = 312
10683 sendto(14, "\20\0\0\0\270\0\0\0@\376Ds\0\0\0\0\30\0\24\0\0\0\0\0\21\0\0\0\0\0\0\0\0\0\0\0\0\0\0\0H\0\0\0\0\0\0\0+\0\0\0\0\0\0\0\0\0\0\0\0\0\0\0\0\0\0\0\1\0\0\0\377\377\377\377\377\377\377\377\0\0\0\0\0\0\0\0`\0\0\0\0\0\0\0\0\0\0\0\0\0\0\0\0\0\0\0\0\0\0\0H\0\0\0@\0\0\08\0\0\0\3\0\0\0\0\0\0\0\177\240\334e\1\0\0\0p\227\243(\1\0\0\0\0\0\0\0\30\0\0\0\0\0\0\0\0\0\0\0\0\0\0\0\0\0\0\0\0\0\0\0\10\0\0\0\0\0\0\0", 184, MSG_NOSIGNAL, NULL, 0 <unfinished ...>
10659 recvmsg(36,  <unfinished ...>
10683 <... sendto resumed>)             = 184
10659 <... recvmsg resumed>{msg_name=NULL, msg_namelen=0, msg_iov=[{iov_base="\20\0\0\08\1\0\0\27\376Ds\0\0\0\0\30\0\24\0\0\0\0\0\20\0\0\0\0\0\0\0\0\0\0\0\0\0\0\0H\0\0\0\0\0\0\0)\0\0\0\0\0\0\0\0\0\0\0\0\0\0\0\0\0\0\0\1\0\0\0\377\377\377\377\377\377\377\377\0\0\0\0\0\0\0\0`\0\0\0\260\0\0\0\300\0\0\0\0\0\0\0\0\0\0\0\0\0\0\0P\0\0\0H\0\0\08\0\0\0\3\0\0\0\0\0\0\0\367\320\262m\0\0\0\0v\227\243(\0\0\0\0\0\0\0\0\30\0\0\0\0\0\0\0\0\0\0\0\0\0\0\0\0\0\0\0\0\0\0\0\20\0\0\0\0\0\0\0\0\0\0\0\0\0\0\0\20\0\0\0\1\0\0\0\0\0\0\0\0\0\0\0h\0\0\0\1\0\0\0\0\0\0\0\0\0\0\0005\0\0\0\0\0\0\0\0\0\0\0\0\0\0\0\300\10\0\0@\0\0\0006\0\0\0\0\0\0\0"..., iov_len=4096}], msg_iovlen=1, msg_controllen=0, msg_flags=0}, MSG_DONTWAIT) = 496
10683 sendto(14, "\20\0\0\08\1\0\0h\376Ds\0\0\0\0\30\0\24\0\0\0\0\0\22\0\0\0\0\0\0\0\0\0\0\0\0\0\0\0H\0\0\0\0\0\0\0-\0\0\0\0\0\0\0\0\0\0\0\0\0\0\0\0\0\0\0\1\0\0\0\377\377\377\377\377\377\377\377\0\0\0\0\0\0\0\0`\0\0\0\260\0\0\0\300\0\0\0\0\0\0\0\0\0\0\0\0\0\0\0P\0\0\0H\0\0\08\0\0\0\3\0\0\0\0\0\0\0\326R\267M\0\0\0\0s\227\243(\0\0\0\0\0\0\0\0\30\0\0\0\0\0\0\0\0\0\0\0\0\0\0\0\0\0\0\0\0\0\0\0\20\0\0\0\0\0\0\0\0\0\0\0\0\0\0\0\20\0\0\0\1\0\0\0\0\0\0\0\0\0\0\0h\0\0\0\1\0\0\0\0\0\0\0\0\0\0\0007\0\0\0\0\0\0\0\0\0\0\0\0\0\0\0\0\t\0\0@\0\0\08\0\0\0\0\0\0\0"..., 312, MSG_NOSIGNAL, NULL, 0) = 312
10683 sendto(14, "\20\0\0\0X\1\0\0\223\376Ds\0\0\0\0\30\0\24\0\0\0\0\0\23\0\0\0\0\0\0\0\0\0\0\0\0\0\0\0H\0\0\0\0\0\0\0001\0\0\0\0\0\0\0\0\0\0\0\0\0\0\0\0\0\0\0\1\0\0\0\377\377\377\377\377\377\377\377\0\0\0\0\0\0\0\0`\0\0\0\0\0\0\0\0\0\0\0\0\0\0\0\0\0\0\0\0\0\0\0\350\0\0\0\340\0\0\08\0\0\0\3\0\0\0\0\0\0\0\240\355'g\0\0\0\0w\227\243(\0\0\0\0\0\0\0\0\30\0\0\0\0\0\0\0\0\0\0\0\0\0\0\0\0\0\0\0\0\0\0\0\20\0\0\0\0\0\0\0\10\0\0\0\0\0\0\08\0\0\0\6\0\0\0000\0\0\0\0\0\0\08\0\0\0\0\0\0\0@\0\0\0\0\0\0\0H\0\0\0\0\0\0\0P\0\0\0\0\0\0\0X\0\0\0\0\0\0\0\20\0\0\0\0\0\0\0"..., 344, MSG_NOSIGNAL, NULL, 0 <unfinished ...>
10659 recvmsg(36,  <unfinished ...>
10683 <... sendto resumed>)             = 344
10659 <... recvmsg resumed>{msg_name=NULL, msg_namelen=0, msg_iov=[{iov_base="\20\0\0\08\1\0\0h\376Ds\0\0\0\0\30\0\24\0\0\0\0\0\22\0\0\0\0\0\0\0\0\0\0\0\0\0\0\0H\0\0\0\0\0\0\0-\0\0\0\0\0\0\0\0\0\0\0\0\0\0\0\0\0\0\0\1\0\0\0\377\377\377\377\377\377\377\377\0\0\0\0\0\0\0\0`\0\0\0\260\0\0\0\300\0\0\0\0\0\0\0\0\0\0\0\0\0\0\0P\0\0\0H\0\0\08\0\0\0\3\0\0\0\0\0\0\0\326R\267M\0\0\0\0s\227\243(\0\0\0\0\0\0\0\0\30\0\0\0\0\0\0\0\0\0\0\0\0\0\0\0\0\0\0\0\0\0\0\0\20\0\0\0\0\0\0\0\0\0\0\0\0\0\0\0\20\0\0\0\1\0\0\0\0\0\0\0\0\0\0\0h\0\0\0\1\0\0\0\0\0\0\0\0\0\0\0007\0\0\0\0\0\0\0\0\0\0\0\0\0\0\0\0\t\0\0@\0\0\08\0\0\0\0\0\0\0"..., iov_len=4096}], msg_iovlen=1, msg_controllen=0, msg_flags=0}, MSG_DONTWAIT) = 656
10683 sendto(14, "\20\0\0\0p\0\0\0\357\0Es\0\0\0\0\30\0\24\0\0\0\0\0\24\0\0\0\0\0\0\0\0\0\0\0\0\0\0\0H\0\0\0\0\0\0\0\25\0\0\0\0\0\0\0\0\0\0\0\0\0\0\0\0\0\0\0\1\0\0\0\0\0\0\0\0\0\0\0\0z\1\0\0\1\0\0\0\0\0\0\0\0\0\0\0\0\0\0\0\0\0\0\0\0\0\0\0\0\0\0", 112, MSG_NOSIGNAL, NULL, 0) = 112
10683 sendto(14, "\20\0\0\0p\0\0\0007\1Es\0\0\0\0\30\0\24\0\0\0\0\0\25\0\0\0\0\0\0\0\0\0\0\0\0\0\0\0H\0\0\0\0\0\0\0\25\0\0\0\0\0\0\0\1\0\0\0\0\0\0\0\0\0\0\0\1\0\0\0\0\0\0\0\0\0\0\0\0\202\1\0\0\2\0\0\0\0\0\0\0\0\0\0\0\0\0\0\0\0\0\0\0\0\0\0\0\0\0\0", 112, MSG_NOSIGNAL, NULL, 0 <unfinished ...>
10659 recvmsg(36,  <unfinished ...>
10683 <... sendto resumed>)             = 112
10659 <... recvmsg resumed>{msg_name=NULL, msg_namelen=0, msg_iov=[{iov_base="\20\0\0\0p\0\0\0\357\0Es\0\0\0\0\30\0\24\0\0\0\0\0\24\0\0\0\0\0\0\0\0\0\0\0\0\0\0\0H\0\0\0\0\0\0\0\25\0\0\0\0\0\0\0\0\0\0\0\0\0\0\0\0\0\0\0\1\0\0\0\0\0\0\0\0\0\0\0\0z\1\0\0\1\0\0\0\0\0\0\0\0\0\0\0\0\0\0\0\0\0\0\0\0\0\0\0\0\0\0\20\0\0\0p\0\0\0007\1Es\0\0\0\0\30\0\24\0\0\0\0\0\25\0\0\0\0\0\0\0\0\0\0\0\0\0\0\0H\0\0\0\0\0\0\0\25\0\0\0\0\0\0\0\1\0\0\0\0\0\0\0\0\0\0\0\1\0\0\0\0\0\0\0\0\0\0\0\0\202\1\0\0\2\0\0\0\0\0\0\0\0\0\0\0\0\0\0\0\0\0\0\0\0\0\0\0\0\0\0", iov_len=4096}], msg_iovlen=1, msg_controllen=0, msg_flags=0}, MSG_DONTWAIT) = 224
10671 sendto(14, "\20\0\0\0P\264\0\0\305\2Es\0\0\0\0\30\0\24\0\0\0\0\0\26\0\0\0\0\0\0\0\0\0\0\0\0\0\0\0H\0\0\0\0\0\0\0\23\0\0\0\0\0\0\0\0\0\0\0\0\0\0\0\0\0\0\0\1\0\0\0\377\377\377\377\377\377\377\377\0\0\0\0\0\0\0\0`\0\0\0\0\0\0\0\0\0\0\0\0\0\0\0\0\0\0\0\0\0\0\0\340\263\0\0\330\263\0\08\0\0\0\3\0\0\0\0\0\0\0\240Kb}\0\0\0\0{\227\243(\0\0\0\0\0\0\0\0\30\0\0\0\0\0\0\0\0\0\0\0\0\0\0\0\0\0\0\0\0\0\0\0000\0\0\0\0\0\0\0(\0\0\0\0\0\0\0\360\30\0\0\0\0\0\0\0\0\0\0\0\0\0\0\0\0\0\0\0\0\0\0x\31\0\0\0\0\0\0\310\0\0\0\0\0\0\0\300\0\0\0\0\0\0\0\220\0\0\0\1\0\0\0\300\0\0\0\0\0\0\0"..., 46160, MSG_NOSIGNAL, NULL, 0) = 46160
10659 recvmsg(36, {msg_name=NULL, msg_namelen=0, msg_iov=[{iov_base="\20\0\0\0P\264\0\0\305\2Es\0\0\0\0\30\0\24\0\0\0\0\0\26\0\0\0\0\0\0\0\0\0\0\0\0\0\0\0H\0\0\0\0\0\0\0\23\0\0\0\0\0\0\0\0\0\0\0\0\0\0\0\0\0\0\0\1\0\0\0\377\377\377\377\377\377\377\377\0\0\0\0\0\0\0\0`\0\0\0\0\0\0\0\0\0\0\0\0\0\0\0\0\0\0\0\0\0\0\0\340\263\0\0\330\263\0\08\0\0\0\3\0\0\0\0\0\0\0\240Kb}\0\0\0\0{\227\243(\0\0\0\0\0\0\0\0\30\0\0\0\0\0\0\0\0\0\0\0\0\0\0\0\0\0\0\0\0\0\0\0000\0\0\0\0\0\0\0(\0\0\0\0\0\0\0\360\30\0\0\0\0\0\0\0\0\0\0\0\0\0\0\0\0\0\0\0\0\0\0x\31\0\0\0\0\0\0\310\0\0\0\0\0\0\0\300\0\0\0\0\0\0\0\220\0\0\0\1\0\0\0\300\0\0\0\0\0\0\0"..., iov_len=4096}], msg_iovlen=1, msg_controllen=0, msg_flags=0}, MSG_DONTWAIT) = 4096
10659 recvmsg(36, {msg_name=NULL, msg_namelen=0, msg_iov=[{iov_base="tc_ldr GL_NV_fence GL_NV_framebuffer_blit GL_NV_pack_subimage GL_NV_pixel_buffer_object GL_NV_polygon_mode GL_NV_read_depth GL_NV_read_depth_stencil GL_NV_read_stencil GL_NV_shader_noperspective_interpolation GL_OES_EGL_image GL_OES_EGL_image_external GL_O"..., iov_len=42064}], msg_iovlen=1, msg_controllen=0, msg_flags=0}, MSG_DONTWAIT) = 42064
10671 openat(AT_FDCWD, "/tmp/.com.google.Chrome.a57cTL", O_RDWR|O_CREAT|O_EXCL, 0600) = 22
10671 openat(AT_FDCWD, "/tmp/.com.google.Chrome.a57cTL", O_RDONLY) = 23
10683 sendto(14, "\20\0\0\0p\0\0\0\301\6Es\0\0\0\0\30\0\24\0\0\0\0\0\27\0\0\0\0\0\0\0\0\0\0\0\0\0\0\0H\0\0\0\0\0\0\0\r\0\0\0\0\0\0\0\0\0\0\0\0\0\0\0\0\0\0\0\1\0\0\0\0\0\0\0\0\0\0\0\0{\1\0\0\1\0\0\0\0\0\0\0\0\0\0\0\0\0\0\0\0\0\0\0\0\0\0\0\0\0\0", 112, MSG_NOSIGNAL, NULL, 0) = 112
10659 recvmsg(36, {msg_name=NULL, msg_namelen=0, msg_iov=[{iov_base="\20\0\0\0p\0\0\0\301\6Es\0\0\0\0\30\0\24\0\0\0\0\0\27\0\0\0\0\0\0\0\0\0\0\0\0\0\0\0H\0\0\0\0\0\0\0\r\0\0\0\0\0\0\0\0\0\0\0\0\0\0\0\0\0\0\0\1\0\0\0\0\0\0\0\0\0\0\0\0{\1\0\0\1\0\0\0\0\0\0\0\0\0\0\0\0\0\0\0\0\0\0\0\0\0\0\0\0\0\0", iov_len=4096}], msg_iovlen=1, msg_controllen=0, msg_flags=0}, MSG_DONTWAIT) = 112
10683 sendto(14, "\20\0\0\0p\0\0\0\30\fEs\0\0\0\0\30\0\24\0\0\0\0\0\30\0\0\0\0\0\0\0\0\0\0\0\0\0\0\0H\0\0\0\0\0\0\0\31\0\0\0\0\0\0\0\0\0\0\0\0\0\0\0\0\0\0\0\1\0\0\0\0\0\0\0\0\0\0\0\0|\1\0\0\1\0\0\0\0\0\0\0\0\0\0\0\0\0\0\0\0\0\0\0\0\0\0\0\0\0\0", 112, MSG_NOSIGNAL, NULL, 0) = 112
10659 recvmsg(36, {msg_name=NULL, msg_namelen=0, msg_iov=[{iov_base="\20\0\0\0p\0\0\0\30\fEs\0\0\0\0\30\0\24\0\0\0\0\0\30\0\0\0\0\0\0\0\0\0\0\0\0\0\0\0H\0\0\0\0\0\0\0\31\0\0\0\0\0\0\0\0\0\0\0\0\0\0\0\0\0\0\0\1\0\0\0\0\0\0\0\0\0\0\0\0|\1\0\0\1\0\0\0\0\0\0\0\0\0\0\0\0\0\0\0\0\0\0\0\0\0\0\0\0\0\0", iov_len=4096}], msg_iovlen=1, msg_controllen=0, msg_flags=0}, MSG_DONTWAIT) = 112
10671 sendto(14, "\20\0\0\0p\0\0\0.\fEs\0\0\0\0\30\0\24\0\0\0\0\0\31\0\0\0\0\0\0\0\0\0\0\0\0\0\0\0H\0\0\0\0\0\0\0,\0\0\0\0\0\0\0\1\0\0\0\0\0\0\0\0\0\0\0\1\0\0\0\0\0\0\0\0\0\0\0\0\204\1\0\0\2\0\0\0\0\0\0\0\0\0\0\0\0\0\0\0\0\0\0\0\0\0\0\0\0\0\0", 112, MSG_NOSIGNAL, NULL, 0) = 112
10683 sendto(14, "\20\0\0\0X\32\0\0\314\fEs\0\0\0\0\30\0\24\0\0\0\0\0\32\0\0\0\0\0\0\0\0\0\0\0\0\0\0\0H\0\0\0\0\0\0\0\21\0\0\0\0\0\0\0\0\0\0\0\0\0\0\0\0\0\0\0\1\0\0\0\377\377\377\377\377\377\377\377\0\0\0\0\0\0\0\0`\0\0\0\0\0\0\0\0\0\0\0\0\0\0\0\0\0\0\0\0\0\0\0\350\31\0\0\340\31\0\08\0\0\0\3\0\0\0\0\0\0\0\2659\273G\2\0\0\0\24).\304\1\0\0\0\0\0\0\0\30\0\0\0\0\0\0\0\0\0\0\0\0\0\0\0\0\0\0\0\0\0\0\0(\0\0\0\0\0\0\0\1\0\0\0\0\0\0\0\30\0\0\0\0\0\0\0\340\30\0\0\0\0\0\0x\31\0\0\0\0\0\0\310\0\0\0\0\0\0\0\300\0\0\0\0\0\0\0\220\0\0\0\1\0\0\0\300\0\0\0\0\0\0\0\240\1\0\0\0\0\0\0"..., 6744, MSG_NOSIGNAL, NULL, 0) = 6744
10659 recvmsg(36, {msg_name=NULL, msg_namelen=0, msg_iov=[{iov_base="\20\0\0\0p\0\0\0.\fEs\0\0\0\0\30\0\24\0\0\0\0\0\31\0\0\0\0\0\0\0\0\0\0\0\0\0\0\0H\0\0\0\0\0\0\0,\0\0\0\0\0\0\0\1\0\0\0\0\0\0\0\0\0\0\0\1\0\0\0\0\0\0\0\0\0\0\0\0\204\1\0\0\2\0\0\0\0\0\0\0\0\0\0\0\0\0\0\0\0\0\0\0\0\0\0\0\0\0\0\20\0\0\0X\32\0\0\314\fEs\0\0\0\0\30\0\24\0\0\0\0\0\32\0\0\0\0\0\0\0\0\0\0\0\0\0\0\0H\0\0\0\0\0\0\0\21\0\0\0\0\0\0\0\0\0\0\0\0\0\0\0\0\0\0\0\1\0\0\0\377\377\377\377\377\377\377\377\0\0\0\0\0\0\0\0`\0\0\0\0\0\0\0\0\0\0\0\0\0\0\0\0\0\0\0\0\0\0\0\350\31\0\0\340\31\0\08\0\0\0\3\0\0\0\0\0\0\0\2659\273G\2\0\0\0\24).\304"..., iov_len=4096}], msg_iovlen=1, msg_controllen=0, msg_flags=0}, MSG_DONTWAIT) = 4096
10659 recvmsg(36, {msg_name=NULL, msg_namelen=0, msg_iov=[{iov_base="vanced GL_KHR_debug GL_KHR_robust_buffer_access_behavior GL_KHR_robustness GL_KHR_texture_compression_astc_ldr GL_NV_fence GL_NV_framebuffer_blit GL_NV_pack_subimage GL_NV_pixel_buffer_object GL_NV_polygon_mode GL_NV_read_depth GL_NV_read_depth_stencil GL_"..., iov_len=2760}], msg_iovlen=1, msg_controllen=0, msg_flags=0}, MSG_DONTWAIT) = 2760
10655 openat(AT_FDCWD, "/usr/share/fonts/opentype/noto/NotoSerifCJK-Bold.ttc", O_RDONLY|O_CLOEXEC) = 38
10655 openat(AT_FDCWD, "/usr/share/fonts/opentype/noto/NotoSerifCJK-Regular.ttc", O_RDONLY|O_CLOEXEC) = 25
10655 openat(AT_FDCWD, "/home/runner/work/deckrender-acceptance/deckrender-acceptance/benchmark/artifacts/acceptance/private/sandboxes/62743d5d51713ee9b031f5fa8a67eefdc7820e5ab7aa1da4c8c21dff31195054/.cache/fontconfig/9b89f8e3dae116d678bbf48e5f21f69b-le64.cache-11.TMP-o3qJFL", O_RDWR|O_CREAT|O_EXCL, 0600) = 25
10655 openat(AT_FDCWD, "/home/runner/work/deckrender-acceptance/deckrender-acceptance/benchmark/artifacts/acceptance/private/sandboxes/62743d5d51713ee9b031f5fa8a67eefdc7820e5ab7aa1da4c8c21dff31195054/.cache/fontconfig/9b89f8e3dae116d678bbf48e5f21f69b-le64.cache-11.NEW", O_RDWR|O_CREAT|O_CLOEXEC, 0666) = 25
10655 openat(AT_FDCWD, "/usr/share/fonts/truetype/dejavu", O_RDONLY|O_CLOEXEC) = 25
10655 openat(AT_FDCWD, "/var/cache/fontconfig/d589a48862398ed80a3d6066f4f56f4c-le64.cache-11", O_RDONLY|O_CLOEXEC) = -1 ENOENT (No such file or directory)
10655 openat(AT_FDCWD, "/usr/share/fonts/truetype/dejavu/.uuid", O_RDONLY|O_CLOEXEC) = -1 ENOENT (No such file or directory)
10655 openat(AT_FDCWD, "/home/runner/work/deckrender-acceptance/deckrender-acceptance/benchmark/artifacts/acceptance/private/sandboxes/62743d5d51713ee9b031f5fa8a67eefdc7820e5ab7aa1da4c8c21dff31195054/.cache/fontconfig/d589a48862398ed80a3d6066f4f56f4c-le64.cache-11", O_RDONLY|O_CLOEXEC) = -1 ENOENT (No such file or directory)
10655 openat(AT_FDCWD, "/usr/share/fonts/truetype/dejavu/.uuid", O_RDONLY|O_CLOEXEC) = -1 ENOENT (No such file or directory)
10655 openat(AT_FDCWD, "/home/runner/work/deckrender-acceptance/deckrender-acceptance/benchmark/artifacts/acceptance/private/sandboxes/62743d5d51713ee9b031f5fa8a67eefdc7820e5ab7aa1da4c8c21dff31195054/.fontconfig/d589a48862398ed80a3d6066f4f56f4c-le64.cache-11", O_RDONLY|O_CLOEXEC) = -1 ENOENT (No such file or directory)
10655 openat(AT_FDCWD, "/usr/share/fonts/truetype/dejavu/.uuid", O_RDONLY|O_CLOEXEC) = -1 ENOENT (No such file or directory)
10655 openat(AT_FDCWD, "/usr/share/fonts/truetype/dejavu", O_RDONLY|O_CLOEXEC) = 25
10655 openat(AT_FDCWD, "/var/cache/fontconfig/d589a48862398ed80a3d6066f4f56f4c-le64.cache-11", O_RDWR|O_CLOEXEC) = -1 ENOENT (No such file or directory)
10655 openat(AT_FDCWD, "/home/runner/work/deckrender-acceptance/deckrender-acceptance/benchmark/artifacts/acceptance/private/sandboxes/62743d5d51713ee9b031f5fa8a67eefdc7820e5ab7aa1da4c8c21dff31195054/.cache/fontconfig/d589a48862398ed80a3d6066f4f56f4c-le64.cache-11", O_RDWR|O_CLOEXEC) = -1 ENOENT (No such file or directory)
10655 openat(AT_FDCWD, "/home/runner/work/deckrender-acceptance/deckrender-acceptance/benchmark/artifacts/acceptance/private/sandboxes/62743d5d51713ee9b031f5fa8a67eefdc7820e5ab7aa1da4c8c21dff31195054/.fontconfig/d589a48862398ed80a3d6066f4f56f4c-le64.cache-11", O_RDWR|O_CLOEXEC) = -1 ENOENT (No such file or directory)
10655 openat(AT_FDCWD, "/usr/share/fonts/truetype/dejavu", O_RDONLY|O_NONBLOCK|O_CLOEXEC|O_DIRECTORY) = 25
10655 openat(AT_FDCWD, "/usr/share/fonts/truetype/dejavu/DejaVuMathTeXGyre.ttf", O_RDONLY|O_CLOEXEC) = 34
10655 openat(AT_FDCWD, "/usr/share/fonts/truetype/dejavu/DejaVuSans-Bold.ttf", O_RDONLY|O_CLOEXEC) = 34
10655 openat(AT_FDCWD, "/usr/share/fonts/truetype/dejavu/DejaVuSans-BoldOblique.ttf", O_RDONLY|O_CLOEXEC) = 34
10655 openat(AT_FDCWD, "/usr/share/fonts/truetype/dejavu/DejaVuSans-ExtraLight.ttf", O_RDONLY|O_CLOEXEC) = 34
10655 openat(AT_FDCWD, "/usr/share/fonts/truetype/dejavu/DejaVuSans-Oblique.ttf", O_RDONLY|O_CLOEXEC) = 34
10655 openat(AT_FDCWD, "/usr/share/fonts/truetype/dejavu/DejaVuSans.ttf", O_RDONLY|O_CLOEXEC) = 34
10655 openat(AT_FDCWD, "/usr/share/fonts/truetype/dejavu/DejaVuSansCondensed-Bold.ttf", O_RDONLY|O_CLOEXEC) = 34
10655 openat(AT_FDCWD, "/usr/share/fonts/truetype/dejavu/DejaVuSansCondensed-BoldOblique.ttf", O_RDONLY|O_CLOEXEC) = 34
10655 openat(AT_FDCWD, "/usr/share/fonts/truetype/dejavu/DejaVuSansCondensed-Oblique.ttf", O_RDONLY|O_CLOEXEC) = 34
10655 openat(AT_FDCWD, "/usr/share/fonts/truetype/dejavu/DejaVuSansCondensed.ttf", O_RDONLY|O_CLOEXEC) = 34
10655 openat(AT_FDCWD, "/usr/share/fonts/truetype/dejavu/DejaVuSansMono-Bold.ttf", O_RDONLY|O_CLOEXEC) = 34
10655 openat(AT_FDCWD, "/usr/share/fonts/truetype/dejavu/DejaVuSansMono-BoldOblique.ttf", O_RDONLY|O_CLOEXEC) = 34
10655 openat(AT_FDCWD, "/usr/share/fonts/truetype/dejavu/DejaVuSansMono-Oblique.ttf", O_RDONLY|O_CLOEXEC) = 34
10655 openat(AT_FDCWD, "/usr/share/fonts/truetype/dejavu/DejaVuSansMono.ttf", O_RDONLY|O_CLOEXEC) = 34
10655 openat(AT_FDCWD, "/usr/share/fonts/truetype/dejavu/DejaVuSerif-Bold.ttf", O_RDONLY|O_CLOEXEC) = 34
10655 openat(AT_FDCWD, "/usr/share/fonts/truetype/dejavu/DejaVuSerif-BoldItalic.ttf", O_RDONLY|O_CLOEXEC) = 34
10655 openat(AT_FDCWD, "/usr/share/fonts/truetype/dejavu/DejaVuSerif-Italic.ttf", O_RDONLY|O_CLOEXEC) = 34
10655 openat(AT_FDCWD, "/usr/share/fonts/truetype/dejavu/DejaVuSerif.ttf", O_RDONLY|O_CLOEXEC) = 34
10655 openat(AT_FDCWD, "/usr/share/fonts/truetype/dejavu/DejaVuSerifCondensed-Bold.ttf", O_RDONLY|O_CLOEXEC) = 34
10655 openat(AT_FDCWD, "/usr/share/fonts/truetype/dejavu/DejaVuSerifCondensed-BoldItalic.ttf", O_RDONLY|O_CLOEXEC) = 34
10655 openat(AT_FDCWD, "/usr/share/fonts/truetype/dejavu/DejaVuSerifCondensed-Italic.ttf", O_RDONLY|O_CLOEXEC) = 34
10655 openat(AT_FDCWD, "/usr/share/fonts/truetype/dejavu/DejaVuSerifCondensed.ttf", O_RDONLY|O_CLOEXEC) = 34
10655 openat(AT_FDCWD, "/home/runner/work/deckrender-acceptance/deckrender-acceptance/benchmark/artifacts/acceptance/private/sandboxes/62743d5d51713ee9b031f5fa8a67eefdc7820e5ab7aa1da4c8c21dff31195054/.cache/fontconfig/d589a48862398ed80a3d6066f4f56f4c-le64.cache-11.TMP-Jba8NY", O_RDWR|O_CREAT|O_EXCL, 0600) = 25
10655 openat(AT_FDCWD, "/home/runner/work/deckrender-acceptance/deckrender-acceptance/benchmark/artifacts/acceptance/private/sandboxes/62743d5d51713ee9b031f5fa8a67eefdc7820e5ab7aa1da4c8c21dff31195054/.cache/fontconfig/d589a48862398ed80a3d6066f4f56f4c-le64.cache-11.NEW", O_RDWR|O_CREAT|O_CLOEXEC, 0666) = 25
10655 openat(AT_FDCWD, "/usr/share/fonts/truetype/lato", O_RDONLY|O_CLOEXEC) = 25
10655 openat(AT_FDCWD, "/var/cache/fontconfig/bf3b770c553c462765856025a94f1ce6-le64.cache-11", O_RDONLY|O_CLOEXEC) = -1 ENOENT (No such file or directory)
10655 openat(AT_FDCWD, "/usr/share/fonts/truetype/lato/.uuid", O_RDONLY|O_CLOEXEC) = -1 ENOENT (No such file or directory)
10655 openat(AT_FDCWD, "/home/runner/work/deckrender-acceptance/deckrender-acceptance/benchmark/artifacts/acceptance/private/sandboxes/62743d5d51713ee9b031f5fa8a67eefdc7820e5ab7aa1da4c8c21dff31195054/.cache/fontconfig/bf3b770c553c462765856025a94f1ce6-le64.cache-11", O_RDONLY|O_CLOEXEC) = -1 ENOENT (No such file or directory)
10655 openat(AT_FDCWD, "/usr/share/fonts/truetype/lato/.uuid", O_RDONLY|O_CLOEXEC) = -1 ENOENT (No such file or directory)
10655 openat(AT_FDCWD, "/home/runner/work/deckrender-acceptance/deckrender-acceptance/benchmark/artifacts/acceptance/private/sandboxes/62743d5d51713ee9b031f5fa8a67eefdc7820e5ab7aa1da4c8c21dff31195054/.fontconfig/bf3b770c553c462765856025a94f1ce6-le64.cache-11", O_RDONLY|O_CLOEXEC) = -1 ENOENT (No such file or directory)
10655 openat(AT_FDCWD, "/usr/share/fonts/truetype/lato/.uuid", O_RDONLY|O_CLOEXEC) = -1 ENOENT (No such file or directory)
10655 openat(AT_FDCWD, "/usr/share/fonts/truetype/lato", O_RDONLY|O_CLOEXEC) = 25
10655 openat(AT_FDCWD, "/var/cache/fontconfig/bf3b770c553c462765856025a94f1ce6-le64.cache-11", O_RDWR|O_CLOEXEC) = -1 ENOENT (No such file or directory)
10655 openat(AT_FDCWD, "/home/runner/work/deckrender-acceptance/deckrender-acceptance/benchmark/artifacts/acceptance/private/sandboxes/62743d5d51713ee9b031f5fa8a67eefdc7820e5ab7aa1da4c8c21dff31195054/.cache/fontconfig/bf3b770c553c462765856025a94f1ce6-le64.cache-11", O_RDWR|O_CLOEXEC) = -1 ENOENT (No such file or directory)
10655 openat(AT_FDCWD, "/home/runner/work/deckrender-acceptance/deckrender-acceptance/benchmark/artifacts/acceptance/private/sandboxes/62743d5d51713ee9b031f5fa8a67eefdc7820e5ab7aa1da4c8c21dff31195054/.fontconfig/bf3b770c553c462765856025a94f1ce6-le64.cache-11", O_RDWR|O_CLOEXEC) = -1 ENOENT (No such file or directory)
10655 openat(AT_FDCWD, "/usr/share/fonts/truetype/lato", O_RDONLY|O_NONBLOCK|O_CLOEXEC|O_DIRECTORY) = 25
10655 openat(AT_FDCWD, "/usr/share/fonts/truetype/lato/Lato-Black.ttf", O_RDONLY|O_CLOEXEC) = 34
10655 openat(AT_FDCWD, "/usr/share/fonts/truetype/lato/Lato-BlackItalic.ttf", O_RDONLY|O_CLOEXEC) = 34
10655 openat(AT_FDCWD, "/usr/share/fonts/truetype/lato/Lato-Bold.ttf", O_RDONLY|O_CLOEXEC) = 34
10655 openat(AT_FDCWD, "/usr/share/fonts/truetype/lato/Lato-BoldItalic.ttf", O_RDONLY|O_CLOEXEC) = 34
10655 openat(AT_FDCWD, "/usr/share/fonts/truetype/lato/Lato-Hairline.ttf", O_RDONLY|O_CLOEXEC) = 34
10655 openat(AT_FDCWD, "/usr/share/fonts/truetype/lato/Lato-HairlineItalic.ttf", O_RDONLY|O_CLOEXEC) = 34
10655 openat(AT_FDCWD, "/usr/share/fonts/truetype/lato/Lato-Heavy.ttf", O_RDONLY|O_CLOEXEC) = 34
10655 openat(AT_FDCWD, "/usr/share/fonts/truetype/lato/Lato-HeavyItalic.ttf", O_RDONLY|O_CLOEXEC) = 34
10655 openat(AT_FDCWD, "/usr/share/fonts/truetype/lato/Lato-Italic.ttf", O_RDONLY|O_CLOEXEC) = 34
10655 openat(AT_FDCWD, "/usr/share/fonts/truetype/lato/Lato-Light.ttf", O_RDONLY|O_CLOEXEC) = 34
10655 openat(AT_FDCWD, "/usr/share/fonts/truetype/lato/Lato-LightItalic.ttf", O_RDONLY|O_CLOEXEC) = 34
10655 openat(AT_FDCWD, "/usr/share/fonts/truetype/lato/Lato-Medium.ttf", O_RDONLY|O_CLOEXEC) = 34
10655 openat(AT_FDCWD, "/usr/share/fonts/truetype/lato/Lato-MediumItalic.ttf", O_RDONLY|O_CLOEXEC) = 34
10655 openat(AT_FDCWD, "/usr/share/fonts/truetype/lato/Lato-Regular.ttf", O_RDONLY|O_CLOEXEC) = 34
10655 openat(AT_FDCWD, "/usr/share/fonts/truetype/lato/Lato-Semibold.ttf", O_RDONLY|O_CLOEXEC) = 34
10655 openat(AT_FDCWD, "/usr/share/fonts/truetype/lato/Lato-SemiboldItalic.ttf", O_RDONLY|O_CLOEXEC) = 34
10655 openat(AT_FDCWD, "/usr/share/fonts/truetype/lato/Lato-Thin.ttf", O_RDONLY|O_CLOEXEC) = 34
10655 openat(AT_FDCWD, "/usr/share/fonts/truetype/lato/Lato-ThinItalic.ttf", O_RDONLY|O_CLOEXEC) = 34
10655 openat(AT_FDCWD, "/home/runner/work/deckrender-acceptance/deckrender-acceptance/benchmark/artifacts/acceptance/private/sandboxes/62743d5d51713ee9b031f5fa8a67eefdc7820e5ab7aa1da4c8c21dff31195054/.cache/fontconfig/bf3b770c553c462765856025a94f1ce6-le64.cache-11.TMP-ThkUKw", O_RDWR|O_CREAT|O_EXCL, 0600) = 25
10655 openat(AT_FDCWD, "/home/runner/work/deckrender-acceptance/deckrender-acceptance/benchmark/artifacts/acceptance/private/sandboxes/62743d5d51713ee9b031f5fa8a67eefdc7820e5ab7aa1da4c8c21dff31195054/.cache/fontconfig/bf3b770c553c462765856025a94f1ce6-le64.cache-11.NEW", O_RDWR|O_CREAT|O_CLOEXEC, 0666) = 25
10655 openat(AT_FDCWD, "/usr/share/fonts/truetype/liberation", O_RDONLY|O_CLOEXEC) = 25
10655 openat(AT_FDCWD, "/var/cache/fontconfig/3047814df9a2f067bd2d96a2b9c36e5a-le64.cache-11", O_RDONLY|O_CLOEXEC) = -1 ENOENT (No such file or directory)
10655 openat(AT_FDCWD, "/usr/share/fonts/truetype/liberation/.uuid", O_RDONLY|O_CLOEXEC) = -1 ENOENT (No such file or directory)
10655 openat(AT_FDCWD, "/home/runner/work/deckrender-acceptance/deckrender-acceptance/benchmark/artifacts/acceptance/private/sandboxes/62743d5d51713ee9b031f5fa8a67eefdc7820e5ab7aa1da4c8c21dff31195054/.cache/fontconfig/3047814df9a2f067bd2d96a2b9c36e5a-le64.cache-11", O_RDONLY|O_CLOEXEC) = -1 ENOENT (No such file or directory)
10655 openat(AT_FDCWD, "/usr/share/fonts/truetype/liberation/.uuid", O_RDONLY|O_CLOEXEC) = -1 ENOENT (No such file or directory)
10655 openat(AT_FDCWD, "/home/runner/work/deckrender-acceptance/deckrender-acceptance/benchmark/artifacts/acceptance/private/sandboxes/62743d5d51713ee9b031f5fa8a67eefdc7820e5ab7aa1da4c8c21dff31195054/.fontconfig/3047814df9a2f067bd2d96a2b9c36e5a-le64.cache-11", O_RDONLY|O_CLOEXEC) = -1 ENOENT (No such file or directory)
10655 openat(AT_FDCWD, "/usr/share/fonts/truetype/liberation/.uuid", O_RDONLY|O_CLOEXEC) = -1 ENOENT (No such file or directory)
10655 openat(AT_FDCWD, "/usr/share/fonts/truetype/liberation", O_RDONLY|O_CLOEXEC) = 25
10655 openat(AT_FDCWD, "/var/cache/fontconfig/3047814df9a2f067bd2d96a2b9c36e5a-le64.cache-11", O_RDWR|O_CLOEXEC) = -1 ENOENT (No such file or directory)
10655 openat(AT_FDCWD, "/home/runner/work/deckrender-acceptance/deckrender-acceptance/benchmark/artifacts/acceptance/private/sandboxes/62743d5d51713ee9b031f5fa8a67eefdc7820e5ab7aa1da4c8c21dff31195054/.cache/fontconfig/3047814df9a2f067bd2d96a2b9c36e5a-le64.cache-11", O_RDWR|O_CLOEXEC) = -1 ENOENT (No such file or directory)
10655 openat(AT_FDCWD, "/home/runner/work/deckrender-acceptance/deckrender-acceptance/benchmark/artifacts/acceptance/private/sandboxes/62743d5d51713ee9b031f5fa8a67eefdc7820e5ab7aa1da4c8c21dff31195054/.fontconfig/3047814df9a2f067bd2d96a2b9c36e5a-le64.cache-11", O_RDWR|O_CLOEXEC) = -1 ENOENT (No such file or directory)
10655 openat(AT_FDCWD, "/usr/share/fonts/truetype/liberation", O_RDONLY|O_NONBLOCK|O_CLOEXEC|O_DIRECTORY) = 25
10655 openat(AT_FDCWD, "/usr/share/fonts/truetype/liberation/LiberationMono-Bold.ttf", O_RDONLY|O_CLOEXEC) = 34
10655 openat(AT_FDCWD, "/usr/share/fonts/truetype/liberation/LiberationMono-BoldItalic.ttf", O_RDONLY|O_CLOEXEC) = 34
10655 openat(AT_FDCWD, "/usr/share/fonts/truetype/liberation/LiberationMono-Italic.ttf", O_RDONLY|O_CLOEXEC) = 34
10655 openat(AT_FDCWD, "/usr/share/fonts/truetype/liberation/LiberationMono-Regular.ttf", O_RDONLY|O_CLOEXEC) = 34
10655 openat(AT_FDCWD, "/usr/share/fonts/truetype/liberation/LiberationSans-Bold.ttf", O_RDONLY|O_CLOEXEC) = 34
10655 openat(AT_FDCWD, "/usr/share/fonts/truetype/liberation/LiberationSans-BoldItalic.ttf", O_RDONLY|O_CLOEXEC) = 34
10655 openat(AT_FDCWD, "/usr/share/fonts/truetype/liberation/LiberationSans-Italic.ttf", O_RDONLY|O_CLOEXEC) = 34
10655 openat(AT_FDCWD, "/usr/share/fonts/truetype/liberation/LiberationSans-Regular.ttf", O_RDONLY|O_CLOEXEC) = 34
10655 openat(AT_FDCWD, "/usr/share/fonts/truetype/liberation/LiberationSerif-Bold.ttf", O_RDONLY|O_CLOEXEC) = 34
10655 openat(AT_FDCWD, "/usr/share/fonts/truetype/liberation/LiberationSerif-BoldItalic.ttf", O_RDONLY|O_CLOEXEC) = 34
10655 openat(AT_FDCWD, "/usr/share/fonts/truetype/liberation/LiberationSerif-Italic.ttf", O_RDONLY|O_CLOEXEC) = 34
10655 openat(AT_FDCWD, "/usr/share/fonts/truetype/liberation/LiberationSerif-Regular.ttf", O_RDONLY|O_CLOEXEC) = 34
10655 openat(AT_FDCWD, "/home/runner/work/deckrender-acceptance/deckrender-acceptance/benchmark/artifacts/acceptance/private/sandboxes/62743d5d51713ee9b031f5fa8a67eefdc7820e5ab7aa1da4c8c21dff31195054/.cache/fontconfig/3047814df9a2f067bd2d96a2b9c36e5a-le64.cache-11.TMP-vtd9xu", O_RDWR|O_CREAT|O_EXCL, 0600) = 25
10655 openat(AT_FDCWD, "/home/runner/work/deckrender-acceptance/deckrender-acceptance/benchmark/artifacts/acceptance/private/sandboxes/62743d5d51713ee9b031f5fa8a67eefdc7820e5ab7aa1da4c8c21dff31195054/.cache/fontconfig/3047814df9a2f067bd2d96a2b9c36e5a-le64.cache-11.NEW", O_RDWR|O_CREAT|O_CLOEXEC, 0666) = 25
10655 openat(AT_FDCWD, "/usr/share/fonts/truetype/noto", O_RDONLY|O_CLOEXEC) = 25
10655 openat(AT_FDCWD, "/var/cache/fontconfig/0bd3dc0958fa2205aaaa8ebb13e2872b-le64.cache-11", O_RDONLY|O_CLOEXEC) = -1 ENOENT (No such file or directory)
10655 openat(AT_FDCWD, "/usr/share/fonts/truetype/noto/.uuid", O_RDONLY|O_CLOEXEC) = -1 ENOENT (No such file or directory)
10655 openat(AT_FDCWD, "/home/runner/work/deckrender-acceptance/deckrender-acceptance/benchmark/artifacts/acceptance/private/sandboxes/62743d5d51713ee9b031f5fa8a67eefdc7820e5ab7aa1da4c8c21dff31195054/.cache/fontconfig/0bd3dc0958fa2205aaaa8ebb13e2872b-le64.cache-11", O_RDONLY|O_CLOEXEC) = -1 ENOENT (No such file or directory)
10655 openat(AT_FDCWD, "/usr/share/fonts/truetype/noto/.uuid", O_RDONLY|O_CLOEXEC) = -1 ENOENT (No such file or directory)
10655 openat(AT_FDCWD, "/home/runner/work/deckrender-acceptance/deckrender-acceptance/benchmark/artifacts/acceptance/private/sandboxes/62743d5d51713ee9b031f5fa8a67eefdc7820e5ab7aa1da4c8c21dff31195054/.fontconfig/0bd3dc0958fa2205aaaa8ebb13e2872b-le64.cache-11", O_RDONLY|O_CLOEXEC) = -1 ENOENT (No such file or directory)
10655 openat(AT_FDCWD, "/usr/share/fonts/truetype/noto/.uuid", O_RDONLY|O_CLOEXEC) = -1 ENOENT (No such file or directory)
10655 openat(AT_FDCWD, "/usr/share/fonts/truetype/noto", O_RDONLY|O_CLOEXEC) = 25
10655 openat(AT_FDCWD, "/var/cache/fontconfig/0bd3dc0958fa2205aaaa8ebb13e2872b-le64.cache-11", O_RDWR|O_CLOEXEC) = -1 ENOENT (No such file or directory)
10655 openat(AT_FDCWD, "/home/runner/work/deckrender-acceptance/deckrender-acceptance/benchmark/artifacts/acceptance/private/sandboxes/62743d5d51713ee9b031f5fa8a67eefdc7820e5ab7aa1da4c8c21dff31195054/.cache/fontconfig/0bd3dc0958fa2205aaaa8ebb13e2872b-le64.cache-11", O_RDWR|O_CLOEXEC) = -1 ENOENT (No such file or directory)
10655 openat(AT_FDCWD, "/home/runner/work/deckrender-acceptance/deckrender-acceptance/benchmark/artifacts/acceptance/private/sandboxes/62743d5d51713ee9b031f5fa8a67eefdc7820e5ab7aa1da4c8c21dff31195054/.fontconfig/0bd3dc0958fa2205aaaa8ebb13e2872b-le64.cache-11", O_RDWR|O_CLOEXEC) = -1 ENOENT (No such file or directory)
10655 openat(AT_FDCWD, "/usr/share/fonts/truetype/noto", O_RDONLY|O_NONBLOCK|O_CLOEXEC|O_DIRECTORY) = 25
10655 openat(AT_FDCWD, "/usr/share/fonts/truetype/noto/NotoColorEmoji.ttf", O_RDONLY|O_CLOEXEC) = 34
10655 openat(AT_FDCWD, "/home/runner/work/deckrender-acceptance/deckrender-acceptance/benchmark/artifacts/acceptance/private/sandboxes/62743d5d51713ee9b031f5fa8a67eefdc7820e5ab7aa1da4c8c21dff31195054/.cache/fontconfig/0bd3dc0958fa2205aaaa8ebb13e2872b-le64.cache-11.TMP-1390XC", O_RDWR|O_CREAT|O_EXCL, 0600) = 25
10655 openat(AT_FDCWD, "/home/runner/work/deckrender-acceptance/deckrender-acceptance/benchmark/artifacts/acceptance/private/sandboxes/62743d5d51713ee9b031f5fa8a67eefdc7820e5ab7aa1da4c8c21dff31195054/.cache/fontconfig/0bd3dc0958fa2205aaaa8ebb13e2872b-le64.cache-11.NEW", O_RDWR|O_CREAT|O_CLOEXEC, 0666) = 25
10634 sendto(36, "\20\0\0\0p\0\0\0\36\26Fs\0\0\0\0\30\0\24\0\0\0\0\0\17\0\0\0\0\0\0\0\0\0\0\0\0\0\0\0H\0\0\0\0\0\0\0\17\0\0\0\0\0\0\0\2\0\0\0\0\0\0\0\0\0\0\0\1\0\0\0\0\0\0\0\0\0\0\0\0}\1\0\0\1\0\0\0\0\0\0\0\0\0\0\0\0\0\0\0\0\0\0\0\0\0\0\0\0\0\0", 112, MSG_NOSIGNAL, NULL, 0) = 112
10683 recvmsg(14, {msg_name=NULL, msg_namelen=0, msg_iov=[{iov_base="\20\0\0\0p\0\0\0\36\26Fs\0\0\0\0\30\0\24\0\0\0\0\0\17\0\0\0\0\0\0\0\0\0\0\0\0\0\0\0H\0\0\0\0\0\0\0\17\0\0\0\0\0\0\0\2\0\0\0\0\0\0\0\0\0\0\0\1\0\0\0\0\0\0\0\0\0\0\0\0}\1\0\0\1\0\0\0\0\0\0\0\0\0\0\0\0\0\0\0\0\0\0\0\0\0\0\0\0\0\0", iov_len=4096}], msg_iovlen=1, msg_controllen=0, msg_flags=0}, MSG_DONTWAIT) = 112
10654 openat(AT_FDCWD, "/tmp/playwright_chromiumdev_profile-Lvy8gD/Consent To Send Stats", O_RDONLY|O_CLOEXEC) = -1 ENOENT (No such file or directory)
10654 openat(AT_FDCWD, "/home/runner/work/deckrender-acceptance/deckrender-acceptance/benchmark/artifacts/acceptance/private/sandboxes/62743d5d51713ee9b031f5fa8a67eefdc7820e5ab7aa1da4c8c21dff31195054/config/google-chrome/Crash Reports/settings.dat", O_RDWR|O_CREAT|O_NOCTTY|O_CLOEXEC, 0600) = 25
10668 socketpair(AF_UNIX, SOCK_STREAM, 0, [34, 38]) = 0
10668 openat(AT_FDCWD, "/opt/google/chrome/v8_context_snapshot.bin", O_RDONLY) = 25
10654 openat(AT_FDCWD, "/tmp/playwright_chromiumdev_profile-Lvy8gD/Consent To Send Stats", O_RDONLY|O_CLOEXEC) = -1 ENOENT (No such file or directory)
10685 openat(AT_FDCWD, "/dev/null", O_RDONLY) = 45
10668 openat(AT_FDCWD, "/tmp/.com.google.Chrome.uy6yvL", O_RDWR|O_CREAT|O_EXCL, 0600) = 38
10668 sendmsg(34, {msg_name=NULL, msg_namelen=0, msg_iov=[{iov_base="\20\0\1\0\270\0\0\0\302%Fs\0\0\0\0\30\0\0\0\0\0\0\0\0\0\0\0\0\0\0\0h\0\0\0\0\0\0\0@\0\0\0\0\0\0\0\354\345\224\335`\25\365\314\317\313\30\303\303x\277\3\321-#\23\346Hf\320\300\350\210Y\202=X(\0\0\0\0\3\0\0\0\0\0\0\0\0\0\0\0X\0\0\0\0\0\0\0\20\0\0\0\1\0\0\0\0\0\0\0\0\0\0\0\20\0\0\0\1\0\0\0x\0\0\0\0\0\1\0000\0\0\0(\0\0\0\10\0\0\0\1\0\0\0 \0\0\0\0\0\2\0\2\0\0\0\0\0\0\0;y\340\351\37\317\367\364B\5\372\321~\366\3318", iov_len=184}], msg_iovlen=1, msg_control=[{cmsg_len=20, cmsg_level=SOL_SOCKET, cmsg_type=SCM_RIGHTS, cmsg_data=[38]}], msg_controllen=20, msg_flags=0}, MSG_NOSIGNAL) = 184
10634 openat(AT_FDCWD, "/tmp/playwright_chromiumdev_profile-Lvy8gD/Last Version", O_RDONLY|O_CLOEXEC) = -1 ENOENT (No such file or directory)
10685 openat(AT_FDCWD, "/proc/self/fd", O_RDONLY|O_DIRECTORY) = 45
10685 openat(AT_FDCWD, "/opt/hostedtoolcache/Python/3.12.14/x64/lib/glibc-hwcaps/x86-64-v4/libdl.so.2", O_RDONLY|O_CLOEXEC) = -1 ENOENT (No such file or directory)
10685 openat(AT_FDCWD, "/opt/hostedtoolcache/Python/3.12.14/x64/lib/glibc-hwcaps/x86-64-v3/libdl.so.2", O_RDONLY|O_CLOEXEC) = -1 ENOENT (No such file or directory)
10685 openat(AT_FDCWD, "/opt/hostedtoolcache/Python/3.12.14/x64/lib/glibc-hwcaps/x86-64-v2/libdl.so.2", O_RDONLY|O_CLOEXEC) = -1 ENOENT (No such file or directory)
10685 openat(AT_FDCWD, "/opt/hostedtoolcache/Python/3.12.14/x64/lib/libdl.so.2", O_RDONLY|O_CLOEXEC) = -1 ENOENT (No such file or directory)
10685 openat(AT_FDCWD, "/etc/ld.so.cache", O_RDONLY|O_CLOEXEC) = 4
10685 openat(AT_FDCWD, "/lib/x86_64-linux-gnu/libdl.so.2", O_RDONLY|O_CLOEXEC) = 4
10685 openat(AT_FDCWD, "/opt/hostedtoolcache/Python/3.12.14/x64/lib/libpthread.so.0", O_RDONLY|O_CLOEXEC) = -1 ENOENT (No such file or directory)
10685 openat(AT_FDCWD, "/lib/x86_64-linux-gnu/libpthread.so.0", O_RDONLY|O_CLOEXEC) = 4
10685 openat(AT_FDCWD, "/opt/hostedtoolcache/Python/3.12.14/x64/lib/libglib-2.0.so.0", O_RDONLY|O_CLOEXEC) = -1 ENOENT (No such file or directory)
10685 openat(AT_FDCWD, "/lib/x86_64-linux-gnu/libglib-2.0.so.0", O_RDONLY|O_CLOEXEC) = 4
10685 openat(AT_FDCWD, "/opt/hostedtoolcache/Python/3.12.14/x64/lib/libgobject-2.0.so.0", O_RDONLY|O_CLOEXEC) = -1 ENOENT (No such file or directory)
10685 openat(AT_FDCWD, "/lib/x86_64-linux-gnu/libgobject-2.0.so.0", O_RDONLY|O_CLOEXEC) = 4
10685 openat(AT_FDCWD, "/opt/hostedtoolcache/Python/3.12.14/x64/lib/libnspr4.so", O_RDONLY|O_CLOEXEC) = -1 ENOENT (No such file or directory)
10685 openat(AT_FDCWD, "/lib/x86_64-linux-gnu/libnspr4.so", O_RDONLY|O_CLOEXEC) = 4
10685 openat(AT_FDCWD, "/opt/hostedtoolcache/Python/3.12.14/x64/lib/libnss3.so", O_RDONLY|O_CLOEXEC) = -1 ENOENT (No such file or directory)
10685 openat(AT_FDCWD, "/lib/x86_64-linux-gnu/libnss3.so", O_RDONLY|O_CLOEXEC) = 4
10685 openat(AT_FDCWD, "/opt/hostedtoolcache/Python/3.12.14/x64/lib/libnssutil3.so", O_RDONLY|O_CLOEXEC) = -1 ENOENT (No such file or directory)
10685 openat(AT_FDCWD, "/lib/x86_64-linux-gnu/libnssutil3.so", O_RDONLY|O_CLOEXEC) = 4
10685 openat(AT_FDCWD, "/opt/hostedtoolcache/Python/3.12.14/x64/lib/libsmime3.so", O_RDONLY|O_CLOEXEC) = -1 ENOENT (No such file or directory)
10685 openat(AT_FDCWD, "/lib/x86_64-linux-gnu/libsmime3.so", O_RDONLY|O_CLOEXEC) = 4
10685 openat(AT_FDCWD, "/opt/hostedtoolcache/Python/3.12.14/x64/lib/libgio-2.0.so.0", O_RDONLY|O_CLOEXEC) = -1 ENOENT (No such file or directory)
10685 openat(AT_FDCWD, "/lib/x86_64-linux-gnu/libgio-2.0.so.0", O_RDONLY|O_CLOEXEC) = 4
10685 openat(AT_FDCWD, "/opt/hostedtoolcache/Python/3.12.14/x64/lib/libatk-1.0.so.0", O_RDONLY|O_CLOEXEC) = -1 ENOENT (No such file or directory)
10685 openat(AT_FDCWD, "/lib/x86_64-linux-gnu/libatk-1.0.so.0", O_RDONLY|O_CLOEXEC) = 4
10685 openat(AT_FDCWD, "/opt/hostedtoolcache/Python/3.12.14/x64/lib/libatk-bridge-2.0.so.0", O_RDONLY|O_CLOEXEC) = -1 ENOENT (No such file or directory)
10685 openat(AT_FDCWD, "/lib/x86_64-linux-gnu/libatk-bridge-2.0.so.0", O_RDONLY|O_CLOEXEC) = 4
10685 openat(AT_FDCWD, "/opt/hostedtoolcache/Python/3.12.14/x64/lib/libdbus-1.so.3", O_RDONLY|O_CLOEXEC) = -1 ENOENT (No such file or directory)
10685 openat(AT_FDCWD, "/lib/x86_64-linux-gnu/libdbus-1.so.3", O_RDONLY|O_CLOEXEC) = 4
10685 openat(AT_FDCWD, "/opt/hostedtoolcache/Python/3.12.14/x64/lib/libcups.so.2", O_RDONLY|O_CLOEXEC) = -1 ENOENT (No such file or directory)
10685 openat(AT_FDCWD, "/lib/x86_64-linux-gnu/libcups.so.2", O_RDONLY|O_CLOEXEC) = 4
10685 openat(AT_FDCWD, "/opt/hostedtoolcache/Python/3.12.14/x64/lib/libexpat.so.1", O_RDONLY|O_CLOEXEC) = -1 ENOENT (No such file or directory)
10685 openat(AT_FDCWD, "/lib/x86_64-linux-gnu/libexpat.so.1", O_RDONLY|O_CLOEXEC) = 4
10685 openat(AT_FDCWD, "/opt/hostedtoolcache/Python/3.12.14/x64/lib/libxcb.so.1", O_RDONLY|O_CLOEXEC) = -1 ENOENT (No such file or directory)
10685 openat(AT_FDCWD, "/lib/x86_64-linux-gnu/libxcb.so.1", O_RDONLY|O_CLOEXEC) = 4
10685 openat(AT_FDCWD, "/opt/hostedtoolcache/Python/3.12.14/x64/lib/libxkbcommon.so.0", O_RDONLY|O_CLOEXEC) = -1 ENOENT (No such file or directory)
10685 openat(AT_FDCWD, "/lib/x86_64-linux-gnu/libxkbcommon.so.0", O_RDONLY|O_CLOEXEC) = 4
10685 openat(AT_FDCWD, "/opt/hostedtoolcache/Python/3.12.14/x64/lib/libasound.so.2", O_RDONLY|O_CLOEXEC) = -1 ENOENT (No such file or directory)
10685 openat(AT_FDCWD, "/lib/x86_64-linux-gnu/libasound.so.2", O_RDONLY|O_CLOEXEC) = 4
10685 openat(AT_FDCWD, "/opt/hostedtoolcache/Python/3.12.14/x64/lib/libgbm.so.1", O_RDONLY|O_CLOEXEC) = -1 ENOENT (No such file or directory)
10685 openat(AT_FDCWD, "/lib/x86_64-linux-gnu/libgbm.so.1", O_RDONLY|O_CLOEXEC) = 4
10685 openat(AT_FDCWD, "/opt/hostedtoolcache/Python/3.12.14/x64/lib/libX11.so.6", O_RDONLY|O_CLOEXEC) = -1 ENOENT (No such file or directory)
10685 openat(AT_FDCWD, "/lib/x86_64-linux-gnu/libX11.so.6", O_RDONLY|O_CLOEXEC) = 4
10685 openat(AT_FDCWD, "/opt/hostedtoolcache/Python/3.12.14/x64/lib/libXext.so.6", O_RDONLY|O_CLOEXEC) = -1 ENOENT (No such file or directory)
10685 openat(AT_FDCWD, "/lib/x86_64-linux-gnu/libXext.so.6", O_RDONLY|O_CLOEXEC) = 4
10685 openat(AT_FDCWD, "/opt/hostedtoolcache/Python/3.12.14/x64/lib/libcairo.so.2", O_RDONLY|O_CLOEXEC) = -1 ENOENT (No such file or directory)
10685 openat(AT_FDCWD, "/lib/x86_64-linux-gnu/libcairo.so.2", O_RDONLY|O_CLOEXEC) = 4
10685 openat(AT_FDCWD, "/opt/hostedtoolcache/Python/3.12.14/x64/lib/libpango-1.0.so.0", O_RDONLY|O_CLOEXEC) = -1 ENOENT (No such file or directory)
10685 openat(AT_FDCWD, "/lib/x86_64-linux-gnu/libpango-1.0.so.0", O_RDONLY|O_CLOEXEC) = 4
10685 openat(AT_FDCWD, "/opt/hostedtoolcache/Python/3.12.14/x64/lib/libudev.so.1", O_RDONLY|O_CLOEXEC) = -1 ENOENT (No such file or directory)
10685 openat(AT_FDCWD, "/lib/x86_64-linux-gnu/libudev.so.1", O_RDONLY|O_CLOEXEC) = 4
10685 openat(AT_FDCWD, "/opt/hostedtoolcache/Python/3.12.14/x64/lib/libm.so.6", O_RDONLY|O_CLOEXEC) = -1 ENOENT (No such file or directory)
10685 openat(AT_FDCWD, "/lib/x86_64-linux-gnu/libm.so.6", O_RDONLY|O_CLOEXEC) = 4
10685 openat(AT_FDCWD, "/opt/hostedtoolcache/Python/3.12.14/x64/lib/libXcomposite.so.1", O_RDONLY|O_CLOEXEC) = -1 ENOENT (No such file or directory)
10685 openat(AT_FDCWD, "/lib/x86_64-linux-gnu/libXcomposite.so.1", O_RDONLY|O_CLOEXEC) = 4
10685 openat(AT_FDCWD, "/opt/hostedtoolcache/Python/3.12.14/x64/lib/libXdamage.so.1", O_RDONLY|O_CLOEXEC) = -1 ENOENT (No such file or directory)
10685 openat(AT_FDCWD, "/lib/x86_64-linux-gnu/libXdamage.so.1", O_RDONLY|O_CLOEXEC) = 4
10685 openat(AT_FDCWD, "/opt/hostedtoolcache/Python/3.12.14/x64/lib/libXfixes.so.3", O_RDONLY|O_CLOEXEC) = -1 ENOENT (No such file or directory)
10685 openat(AT_FDCWD, "/lib/x86_64-linux-gnu/libXfixes.so.3", O_RDONLY|O_CLOEXEC) = 4
10685 openat(AT_FDCWD, "/opt/hostedtoolcache/Python/3.12.14/x64/lib/libXrandr.so.2", O_RDONLY|O_CLOEXEC) = -1 ENOENT (No such file or directory)
10685 openat(AT_FDCWD, "/lib/x86_64-linux-gnu/libXrandr.so.2", O_RDONLY|O_CLOEXEC) = 4
10685 openat(AT_FDCWD, "/opt/hostedtoolcache/Python/3.12.14/x64/lib/libatspi.so.0", O_RDONLY|O_CLOEXEC) = -1 ENOENT (No such file or directory)
10685 openat(AT_FDCWD, "/lib/x86_64-linux-gnu/libatspi.so.0", O_RDONLY|O_CLOEXEC) = 4
10685 openat(AT_FDCWD, "/opt/hostedtoolcache/Python/3.12.14/x64/lib/libgcc_s.so.1", O_RDONLY|O_CLOEXEC) = -1 ENOENT (No such file or directory)
10685 openat(AT_FDCWD, "/lib/x86_64-linux-gnu/libgcc_s.so.1", O_RDONLY|O_CLOEXEC) = 4
10685 openat(AT_FDCWD, "/opt/hostedtoolcache/Python/3.12.14/x64/lib/libc.so.6", O_RDONLY|O_CLOEXEC) = -1 ENOENT (No such file or directory)
10685 openat(AT_FDCWD, "/lib/x86_64-linux-gnu/libc.so.6", O_RDONLY|O_CLOEXEC) = 4
10685 openat(AT_FDCWD, "/opt/hostedtoolcache/Python/3.12.14/x64/lib/libpcre2-8.so.0", O_RDONLY|O_CLOEXEC) = -1 ENOENT (No such file or directory)
10685 openat(AT_FDCWD, "/lib/x86_64-linux-gnu/libpcre2-8.so.0", O_RDONLY|O_CLOEXEC) = 4
10685 openat(AT_FDCWD, "/opt/hostedtoolcache/Python/3.12.14/x64/lib/libffi.so.8", O_RDONLY|O_CLOEXEC) = -1 ENOENT (No such file or directory)
10685 openat(AT_FDCWD, "/lib/x86_64-linux-gnu/libffi.so.8", O_RDONLY|O_CLOEXEC) = 4
10685 openat(AT_FDCWD, "/opt/hostedtoolcache/Python/3.12.14/x64/lib/libplc4.so", O_RDONLY|O_CLOEXEC) = -1 ENOENT (No such file or directory)
10685 openat(AT_FDCWD, "/lib/x86_64-linux-gnu/libplc4.so", O_RDONLY|O_CLOEXEC) = 4
10685 openat(AT_FDCWD, "/opt/hostedtoolcache/Python/3.12.14/x64/lib/libplds4.so", O_RDONLY|O_CLOEXEC) = -1 ENOENT (No such file or directory)
10685 openat(AT_FDCWD, "/lib/x86_64-linux-gnu/libplds4.so", O_RDONLY|O_CLOEXEC) = 4
10685 openat(AT_FDCWD, "/opt/hostedtoolcache/Python/3.12.14/x64/lib/libgmodule-2.0.so.0", O_RDONLY|O_CLOEXEC) = -1 ENOENT (No such file or directory)
10685 openat(AT_FDCWD, "/lib/x86_64-linux-gnu/libgmodule-2.0.so.0", O_RDONLY|O_CLOEXEC) = 4
10685 openat(AT_FDCWD, "/opt/hostedtoolcache/Python/3.12.14/x64/lib/libz.so.1", O_RDONLY|O_CLOEXEC) = -1 ENOENT (No such file or directory)
10685 openat(AT_FDCWD, "/lib/x86_64-linux-gnu/libz.so.1", O_RDONLY|O_CLOEXEC) = 4
10685 openat(AT_FDCWD, "/opt/hostedtoolcache/Python/3.12.14/x64/lib/libmount.so.1", O_RDONLY|O_CLOEXEC) = -1 ENOENT (No such file or directory)
10685 openat(AT_FDCWD, "/lib/x86_64-linux-gnu/libmount.so.1", O_RDONLY|O_CLOEXEC) = 4
10685 openat(AT_FDCWD, "/opt/hostedtoolcache/Python/3.12.14/x64/lib/libselinux.so.1", O_RDONLY|O_CLOEXEC) = -1 ENOENT (No such file or directory)
10685 openat(AT_FDCWD, "/lib/x86_64-linux-gnu/libselinux.so.1", O_RDONLY|O_CLOEXEC) = 4
10685 openat(AT_FDCWD, "/opt/hostedtoolcache/Python/3.12.14/x64/lib/libsystemd.so.0", O_RDONLY|O_CLOEXEC) = -1 ENOENT (No such file or directory)
10685 openat(AT_FDCWD, "/lib/x86_64-linux-gnu/libsystemd.so.0", O_RDONLY|O_CLOEXEC) = 4
10685 openat(AT_FDCWD, "/opt/hostedtoolcache/Python/3.12.14/x64/lib/libgssapi_krb5.so.2", O_RDONLY|O_CLOEXEC) = -1 ENOENT (No such file or directory)
10685 openat(AT_FDCWD, "/lib/x86_64-linux-gnu/libgssapi_krb5.so.2", O_RDONLY|O_CLOEXEC) = 4
10685 openat(AT_FDCWD, "/opt/hostedtoolcache/Python/3.12.14/x64/lib/libavahi-common.so.3", O_RDONLY|O_CLOEXEC) = -1 ENOENT (No such file or directory)
10685 openat(AT_FDCWD, "/lib/x86_64-linux-gnu/libavahi-common.so.3", O_RDONLY|O_CLOEXEC) = 4
10654 openat(AT_FDCWD, "/tmp/playwright_chromiumdev_profile-Lvy8gD/segmentation_platform/ukm_db", O_RDWR|O_CREAT|O_NOFOLLOW|O_CLOEXEC, 0600) = 38
10685 openat(AT_FDCWD, "/opt/hostedtoolcache/Python/3.12.14/x64/lib/libavahi-client.so.3", O_RDONLY|O_CLOEXEC) = -1 ENOENT (No such file or directory)
10685 openat(AT_FDCWD, "/lib/x86_64-linux-gnu/libavahi-client.so.3", O_RDONLY|O_CLOEXEC) = 4
10685 openat(AT_FDCWD, "/opt/hostedtoolcache/Python/3.12.14/x64/lib/libgnutls.so.30", O_RDONLY|O_CLOEXEC) = -1 ENOENT (No such file or directory)
10685 openat(AT_FDCWD, "/lib/x86_64-linux-gnu/libgnutls.so.30", O_RDONLY|O_CLOEXEC) = 4
10654 openat(AT_FDCWD, "/tmp/playwright_chromiumdev_profile-Lvy8gD/segmentation_platform/ukm_db-journal", O_RDWR|O_CREAT|O_NOFOLLOW|O_CLOEXEC, 0600 <unfinished ...>
10685 openat(AT_FDCWD, "/opt/hostedtoolcache/Python/3.12.14/x64/lib/libXau.so.6", O_RDONLY|O_CLOEXEC) = -1 ENOENT (No such file or directory)
10654 <... openat resumed>)             = 40
10685 openat(AT_FDCWD, "/lib/x86_64-linux-gnu/libXau.so.6", O_RDONLY|O_CLOEXEC) = 4
10654 openat(AT_FDCWD, "/dev/urandom", O_RDONLY|O_CLOEXEC) = 41
10685 openat(AT_FDCWD, "/opt/hostedtoolcache/Python/3.12.14/x64/lib/libXdmcp.so.6", O_RDONLY|O_CLOEXEC) = -1 ENOENT (No such file or directory)
10685 openat(AT_FDCWD, "/lib/x86_64-linux-gnu/libXdmcp.so.6", O_RDONLY|O_CLOEXEC) = 4
10685 openat(AT_FDCWD, "/opt/hostedtoolcache/Python/3.12.14/x64/lib/libdrm.so.2", O_RDONLY|O_CLOEXEC) = -1 ENOENT (No such file or directory)
10685 openat(AT_FDCWD, "/lib/x86_64-linux-gnu/libdrm.so.2", O_RDONLY|O_CLOEXEC) = 4
10654 openat(AT_FDCWD, "/tmp/playwright_chromiumdev_profile-Lvy8gD/segmentation_platform", O_RDONLY|O_CLOEXEC <unfinished ...>
10685 openat(AT_FDCWD, "/opt/hostedtoolcache/Python/3.12.14/x64/lib/libpng16.so.16", O_RDONLY|O_CLOEXEC <unfinished ...>
10654 <... openat resumed>)             = 41
10685 <... openat resumed>)             = -1 ENOENT (No such file or directory)
10685 openat(AT_FDCWD, "/lib/x86_64-linux-gnu/libpng16.so.16", O_RDONLY|O_CLOEXEC) = 4
10685 openat(AT_FDCWD, "/opt/hostedtoolcache/Python/3.12.14/x64/lib/libfontconfig.so.1", O_RDONLY|O_CLOEXEC) = -1 ENOENT (No such file or directory)
10685 openat(AT_FDCWD, "/lib/x86_64-linux-gnu/libfontconfig.so.1", O_RDONLY|O_CLOEXEC) = 4
10685 openat(AT_FDCWD, "/opt/hostedtoolcache/Python/3.12.14/x64/lib/libfreetype.so.6", O_RDONLY|O_CLOEXEC) = -1 ENOENT (No such file or directory)
10685 openat(AT_FDCWD, "/lib/x86_64-linux-gnu/libfreetype.so.6", O_RDONLY|O_CLOEXEC) = 4
10654 openat(AT_FDCWD, "/tmp/playwright_chromiumdev_profile-Lvy8gD/segmentation_platform/ukm_db-wal", O_RDWR|O_CREAT|O_NOFOLLOW|O_CLOEXEC, 0600 <unfinished ...>
10685 openat(AT_FDCWD, "/opt/hostedtoolcache/Python/3.12.14/x64/lib/libXrender.so.1", O_RDONLY|O_CLOEXEC <unfinished ...>
10654 <... openat resumed>)             = 40
10685 <... openat resumed>)             = -1 ENOENT (No such file or directory)
10685 openat(AT_FDCWD, "/lib/x86_64-linux-gnu/libXrender.so.1", O_RDONLY|O_CLOEXEC) = 4
10685 openat(AT_FDCWD, "/opt/hostedtoolcache/Python/3.12.14/x64/lib/libxcb-render.so.0", O_RDONLY|O_CLOEXEC) = -1 ENOENT (No such file or directory)
10685 openat(AT_FDCWD, "/lib/x86_64-linux-gnu/libxcb-render.so.0", O_RDONLY|O_CLOEXEC) = 4
10685 openat(AT_FDCWD, "/opt/hostedtoolcache/Python/3.12.14/x64/lib/libxcb-shm.so.0", O_RDONLY|O_CLOEXEC) = -1 ENOENT (No such file or directory)
10685 openat(AT_FDCWD, "/lib/x86_64-linux-gnu/libxcb-shm.so.0", O_RDONLY|O_CLOEXEC) = 4
10685 openat(AT_FDCWD, "/opt/hostedtoolcache/Python/3.12.14/x64/lib/libpixman-1.so.0", O_RDONLY|O_CLOEXEC) = -1 ENOENT (No such file or directory)
10685 openat(AT_FDCWD, "/lib/x86_64-linux-gnu/libpixman-1.so.0", O_RDONLY|O_CLOEXEC) = 4
10685 openat(AT_FDCWD, "/opt/hostedtoolcache/Python/3.12.14/x64/lib/libfribidi.so.0", O_RDONLY|O_CLOEXEC) = -1 ENOENT (No such file or directory)
10685 openat(AT_FDCWD, "/lib/x86_64-linux-gnu/libfribidi.so.0", O_RDONLY|O_CLOEXEC) = 4
10685 openat(AT_FDCWD, "/opt/hostedtoolcache/Python/3.12.14/x64/lib/libthai.so.0", O_RDONLY|O_CLOEXEC) = -1 ENOENT (No such file or directory)
10685 openat(AT_FDCWD, "/lib/x86_64-linux-gnu/libthai.so.0", O_RDONLY|O_CLOEXEC) = 4
10654 openat(AT_FDCWD, "/tmp/playwright_chromiumdev_profile-Lvy8gD/segmentation_platform", O_RDONLY|O_CLOEXEC) = 41
10685 openat(AT_FDCWD, "/opt/hostedtoolcache/Python/3.12.14/x64/lib/libharfbuzz.so.0", O_RDONLY|O_CLOEXEC) = -1 ENOENT (No such file or directory)
10685 openat(AT_FDCWD, "/lib/x86_64-linux-gnu/libharfbuzz.so.0", O_RDONLY|O_CLOEXEC) = 4
10685 openat(AT_FDCWD, "/opt/hostedtoolcache/Python/3.12.14/x64/lib/libcap.so.2", O_RDONLY|O_CLOEXEC) = -1 ENOENT (No such file or directory)
10685 openat(AT_FDCWD, "/lib/x86_64-linux-gnu/libcap.so.2", O_RDONLY|O_CLOEXEC) = 4
10685 openat(AT_FDCWD, "/opt/hostedtoolcache/Python/3.12.14/x64/lib/libXi.so.6", O_RDONLY|O_CLOEXEC) = -1 ENOENT (No such file or directory)
10685 openat(AT_FDCWD, "/lib/x86_64-linux-gnu/libXi.so.6", O_RDONLY|O_CLOEXEC) = 4
10685 openat(AT_FDCWD, "/opt/hostedtoolcache/Python/3.12.14/x64/lib/libblkid.so.1", O_RDONLY|O_CLOEXEC) = -1 ENOENT (No such file or directory)
10685 openat(AT_FDCWD, "/lib/x86_64-linux-gnu/libblkid.so.1", O_RDONLY|O_CLOEXEC) = 4
10685 openat(AT_FDCWD, "/opt/hostedtoolcache/Python/3.12.14/x64/lib/libgcrypt.so.20", O_RDONLY|O_CLOEXEC) = -1 ENOENT (No such file or directory)
10685 openat(AT_FDCWD, "/lib/x86_64-linux-gnu/libgcrypt.so.20", O_RDONLY|O_CLOEXEC) = 4
10685 openat(AT_FDCWD, "/opt/hostedtoolcache/Python/3.12.14/x64/lib/liblz4.so.1", O_RDONLY|O_CLOEXEC) = -1 ENOENT (No such file or directory)
10685 openat(AT_FDCWD, "/lib/x86_64-linux-gnu/liblz4.so.1", O_RDONLY|O_CLOEXEC) = 4
10685 openat(AT_FDCWD, "/opt/hostedtoolcache/Python/3.12.14/x64/lib/liblzma.so.5", O_RDONLY|O_CLOEXEC) = -1 ENOENT (No such file or directory)
10685 openat(AT_FDCWD, "/lib/x86_64-linux-gnu/liblzma.so.5", O_RDONLY|O_CLOEXEC) = 4
10685 openat(AT_FDCWD, "/opt/hostedtoolcache/Python/3.12.14/x64/lib/libzstd.so.1", O_RDONLY|O_CLOEXEC) = -1 ENOENT (No such file or directory)
10685 openat(AT_FDCWD, "/lib/x86_64-linux-gnu/libzstd.so.1", O_RDONLY|O_CLOEXEC) = 4
10685 openat(AT_FDCWD, "/opt/hostedtoolcache/Python/3.12.14/x64/lib/libkrb5.so.3", O_RDONLY|O_CLOEXEC) = -1 ENOENT (No such file or directory)
10685 openat(AT_FDCWD, "/lib/x86_64-linux-gnu/libkrb5.so.3", O_RDONLY|O_CLOEXEC) = 4
10685 openat(AT_FDCWD, "/opt/hostedtoolcache/Python/3.12.14/x64/lib/libk5crypto.so.3", O_RDONLY|O_CLOEXEC) = -1 ENOENT (No such file or directory)
10685 openat(AT_FDCWD, "/lib/x86_64-linux-gnu/libk5crypto.so.3", O_RDONLY|O_CLOEXEC) = 4
10685 openat(AT_FDCWD, "/opt/hostedtoolcache/Python/3.12.14/x64/lib/libcom_err.so.2", O_RDONLY|O_CLOEXEC) = -1 ENOENT (No such file or directory)
10685 openat(AT_FDCWD, "/lib/x86_64-linux-gnu/libcom_err.so.2", O_RDONLY|O_CLOEXEC) = 4
10685 openat(AT_FDCWD, "/opt/hostedtoolcache/Python/3.12.14/x64/lib/libkrb5support.so.0", O_RDONLY|O_CLOEXEC) = -1 ENOENT (No such file or directory)
10685 openat(AT_FDCWD, "/lib/x86_64-linux-gnu/libkrb5support.so.0", O_RDONLY|O_CLOEXEC) = 4
10685 openat(AT_FDCWD, "/opt/hostedtoolcache/Python/3.12.14/x64/lib/libp11-kit.so.0", O_RDONLY|O_CLOEXEC) = -1 ENOENT (No such file or directory)
10685 openat(AT_FDCWD, "/lib/x86_64-linux-gnu/libp11-kit.so.0", O_RDONLY|O_CLOEXEC) = 4
10685 openat(AT_FDCWD, "/opt/hostedtoolcache/Python/3.12.14/x64/lib/libidn2.so.0", O_RDONLY|O_CLOEXEC) = -1 ENOENT (No such file or directory)
10685 openat(AT_FDCWD, "/lib/x86_64-linux-gnu/libidn2.so.0", O_RDONLY|O_CLOEXEC) = 4
10685 openat(AT_FDCWD, "/opt/hostedtoolcache/Python/3.12.14/x64/lib/libunistring.so.5", O_RDONLY|O_CLOEXEC) = -1 ENOENT (No such file or directory)
10685 openat(AT_FDCWD, "/lib/x86_64-linux-gnu/libunistring.so.5", O_RDONLY|O_CLOEXEC) = 4
10685 openat(AT_FDCWD, "/opt/hostedtoolcache/Python/3.12.14/x64/lib/libtasn1.so.6", O_RDONLY|O_CLOEXEC) = -1 ENOENT (No such file or directory)
10685 openat(AT_FDCWD, "/lib/x86_64-linux-gnu/libtasn1.so.6", O_RDONLY|O_CLOEXEC) = 4
10685 openat(AT_FDCWD, "/opt/hostedtoolcache/Python/3.12.14/x64/lib/libnettle.so.8", O_RDONLY|O_CLOEXEC) = -1 ENOENT (No such file or directory)
10685 openat(AT_FDCWD, "/lib/x86_64-linux-gnu/libnettle.so.8", O_RDONLY|O_CLOEXEC) = 4
10685 openat(AT_FDCWD, "/opt/hostedtoolcache/Python/3.12.14/x64/lib/libhogweed.so.6", O_RDONLY|O_CLOEXEC) = -1 ENOENT (No such file or directory)
10685 openat(AT_FDCWD, "/lib/x86_64-linux-gnu/libhogweed.so.6", O_RDONLY|O_CLOEXEC) = 4
10685 openat(AT_FDCWD, "/opt/hostedtoolcache/Python/3.12.14/x64/lib/libgmp.so.10", O_RDONLY|O_CLOEXEC) = -1 ENOENT (No such file or directory)
10685 openat(AT_FDCWD, "/lib/x86_64-linux-gnu/libgmp.so.10", O_RDONLY|O_CLOEXEC) = 4
10685 openat(AT_FDCWD, "/opt/hostedtoolcache/Python/3.12.14/x64/lib/libbsd.so.0", O_RDONLY|O_CLOEXEC) = -1 ENOENT (No such file or directory)
10685 openat(AT_FDCWD, "/lib/x86_64-linux-gnu/libbsd.so.0", O_RDONLY|O_CLOEXEC) = 4
10685 openat(AT_FDCWD, "/opt/hostedtoolcache/Python/3.12.14/x64/lib/libbz2.so.1.0", O_RDONLY|O_CLOEXEC) = -1 ENOENT (No such file or directory)
10685 openat(AT_FDCWD, "/lib/x86_64-linux-gnu/libbz2.so.1.0", O_RDONLY|O_CLOEXEC) = 4
10685 openat(AT_FDCWD, "/opt/hostedtoolcache/Python/3.12.14/x64/lib/libbrotlidec.so.1", O_RDONLY|O_CLOEXEC) = -1 ENOENT (No such file or directory)
10685 openat(AT_FDCWD, "/lib/x86_64-linux-gnu/libbrotlidec.so.1", O_RDONLY|O_CLOEXEC) = 4
10685 openat(AT_FDCWD, "/opt/hostedtoolcache/Python/3.12.14/x64/lib/libdatrie.so.1", O_RDONLY|O_CLOEXEC) = -1 ENOENT (No such file or directory)
10685 openat(AT_FDCWD, "/lib/x86_64-linux-gnu/libdatrie.so.1", O_RDONLY|O_CLOEXEC) = 4
10685 openat(AT_FDCWD, "/opt/hostedtoolcache/Python/3.12.14/x64/lib/libgraphite2.so.3", O_RDONLY|O_CLOEXEC) = -1 ENOENT (No such file or directory)
10685 openat(AT_FDCWD, "/lib/x86_64-linux-gnu/libgraphite2.so.3", O_RDONLY|O_CLOEXEC) = 4
10634 openat(AT_FDCWD, "/usr/share/fonts/opentype/noto/NotoSansCJK-Regular.ttc", O_RDONLY) = 41
10685 openat(AT_FDCWD, "/opt/hostedtoolcache/Python/3.12.14/x64/lib/libgpg-error.so.0", O_RDONLY|O_CLOEXEC) = -1 ENOENT (No such file or directory)
10685 openat(AT_FDCWD, "/lib/x86_64-linux-gnu/libgpg-error.so.0", O_RDONLY|O_CLOEXEC) = 4
10685 openat(AT_FDCWD, "/opt/hostedtoolcache/Python/3.12.14/x64/lib/libkeyutils.so.1", O_RDONLY|O_CLOEXEC) = -1 ENOENT (No such file or directory)
10634 openat(AT_FDCWD, "/usr/share/fonts/opentype/noto/NotoSerifCJK-Regular.ttc", O_RDONLY <unfinished ...>
10685 openat(AT_FDCWD, "/lib/x86_64-linux-gnu/libkeyutils.so.1", O_RDONLY|O_CLOEXEC <unfinished ...>
10634 <... openat resumed>)             = 41
10685 <... openat resumed>)             = 4
10685 openat(AT_FDCWD, "/opt/hostedtoolcache/Python/3.12.14/x64/lib/libresolv.so.2", O_RDONLY|O_CLOEXEC) = -1 ENOENT (No such file or directory)
10685 openat(AT_FDCWD, "/lib/x86_64-linux-gnu/libresolv.so.2", O_RDONLY|O_CLOEXEC) = 4
10634 openat(AT_FDCWD, "/usr/share/fonts/opentype/noto/NotoSansCJK-Regular.ttc", O_RDONLY <unfinished ...>
10685 openat(AT_FDCWD, "/opt/hostedtoolcache/Python/3.12.14/x64/lib/libmd.so.0", O_RDONLY|O_CLOEXEC <unfinished ...>
10634 <... openat resumed>)             = 41
10685 <... openat resumed>)             = -1 ENOENT (No such file or directory)
10685 openat(AT_FDCWD, "/lib/x86_64-linux-gnu/libmd.so.0", O_RDONLY|O_CLOEXEC) = 4
10685 openat(AT_FDCWD, "/opt/hostedtoolcache/Python/3.12.14/x64/lib/libbrotlicommon.so.1", O_RDONLY|O_CLOEXEC) = -1 ENOENT (No such file or directory)
10685 openat(AT_FDCWD, "/lib/x86_64-linux-gnu/libbrotlicommon.so.1", O_RDONLY|O_CLOEXEC) = 4
10634 openat(AT_FDCWD, "/usr/share/fonts/opentype/noto/NotoSerifCJK-Regular.ttc", O_RDONLY) = 41
10634 openat(AT_FDCWD, "/usr/share/fonts/opentype/noto/NotoSansCJK-Regular.ttc", O_RDONLY) = 41
10634 openat(AT_FDCWD, "/usr/share/fonts/opentype/noto/NotoSerifCJK-Regular.ttc", O_RDONLY) = 41
10634 openat(AT_FDCWD, "/usr/share/fonts/opentype/noto/NotoSansCJK-Regular.ttc", O_RDONLY) = 41
10634 openat(AT_FDCWD, "/usr/share/fonts/opentype/noto/NotoSerifCJK-Regular.ttc", O_RDONLY) = 41
10634 openat(AT_FDCWD, "/tmp/playwright_chromiumdev_profile-Lvy8gD/Default/Managed Mode Settings", O_RDONLY|O_CLOEXEC) = -1 ENOENT (No such file or directory)
10634 openat(AT_FDCWD, "/tmp/playwright_chromiumdev_profile-Lvy8gD/Default/Preferences", O_RDONLY|O_CLOEXEC) = -1 ENOENT (No such file or directory)
10634 openat(AT_FDCWD, "/tmp/playwright_chromiumdev_profile-Lvy8gD/Default/Secure Preferences", O_RDONLY|O_CLOEXEC) = -1 ENOENT (No such file or directory)
10668 socketpair(AF_UNIX, SOCK_STREAM, 0, [41, 45]) = 0
10668 socketpair(AF_UNIX, SOCK_SEQPACKET, 0, [50, 51]) = 0
10668 setsockopt(50, SOL_SOCKET, SO_PASSCRED, [1], 4) = 0
10668 sendmsg(12, {msg_name=NULL, msg_namelen=0, msg_iov=[{iov_base="\f\4\0\0\0\0\0\0\7\0\0\0utility\0\24\0\0\0\16\0\0\0/proc/self/exe\0\0\16\0\0\0--type=utility\0\0/\0\0\0--utility-sub-type=storage.mojom.StorageService\0\f\0\0\0--lang=en-US\36\0\0\0--service-sandbox-type=utility\0\0\f\0\0\0--no-sandbox\27\0\0\0--disable-dev-shm-usage\0\35\0\0\0--use-angle=swiftshader-webgl\0\0\0\f\0\0\0--mu"..., iov_len=1040}], msg_iovlen=1, msg_control=[{cmsg_len=40, cmsg_level=SOL_SOCKET, cmsg_type=SCM_RIGHTS, cmsg_data=[51, 45, 6, 25, 48, 49]}], msg_controllen=40, msg_flags=0}, MSG_NOSIGNAL) = 1040
10650 recvmsg(3,  <unfinished ...>
10668 recvmsg(50,  <unfinished ...>
10650 <... recvmsg resumed>{msg_name=NULL, msg_namelen=0, msg_iov=[{iov_base="\f\4\0\0\0\0\0\0\7\0\0\0utility\0\24\0\0\0\16\0\0\0/proc/self/exe\0\0\16\0\0\0--type=utility\0\0/\0\0\0--utility-sub-type=storage.mojom.StorageService\0\f\0\0\0--lang=en-US\36\0\0\0--service-sandbox-type=utility\0\0\f\0\0\0--no-sandbox\27\0\0\0--disable-dev-shm-usage\0\35\0\0\0--use-angle=swiftshader-webgl\0\0\0\f\0\0\0--mu"..., iov_len=65536}], msg_iovlen=1, msg_control=[{cmsg_len=40, cmsg_level=SOL_SOCKET, cmsg_type=SCM_RIGHTS, cmsg_data=[13, 14, 15, 16, 17, 18]}], msg_controllen=40, msg_flags=0}, 0) = 1040
10655 openat(AT_FDCWD, "/tmp/playwright_chromiumdev_profile-Lvy8gD/Default/Sync Data/LevelDB/LOG", O_WRONLY|O_CREAT|O_TRUNC, 0600) = 51
10634 openat(AT_FDCWD, "/tmp/.com.google.Chrome.WdDmyX", O_RDWR|O_CREAT|O_EXCL, 0600) = 52
10634 openat(AT_FDCWD, "/tmp/.com.google.Chrome.WdDmyX", O_RDONLY) = 53
10655 openat(AT_FDCWD, "/tmp/playwright_chromiumdev_profile-Lvy8gD/Default/Sync Data/LevelDB/LOCK", O_RDWR) = -1 ENOENT (No such file or directory)
10655 openat(AT_FDCWD, "/tmp/playwright_chromiumdev_profile-Lvy8gD/Default/Sync Data/LevelDB/LOCK", O_RDWR|O_CREAT, 0600) = 54
10650 recvmsg(3,  <unfinished ...>
10686 sendmsg(13, {msg_name=NULL, msg_namelen=0, msg_iov=[{iov_base="CHILD_PING\0", iov_len=11}], msg_iovlen=1, msg_controllen=0, msg_flags=0}, MSG_NOSIGNAL) = 11
10668 <... recvmsg resumed>{msg_name=NULL, msg_namelen=0, msg_iov=[{iov_base="CHILD_PING\0", iov_len=12}], msg_iovlen=1, msg_control=[{cmsg_len=28, cmsg_level=SOL_SOCKET, cmsg_type=SCM_CREDENTIALS, cmsg_data={pid=10686, uid=1001, gid=1001}}], msg_controllen=32, msg_flags=0}, 0) = 11
10668 sendmsg(12, {msg_name=NULL, msg_namelen=0, msg_iov=[{iov_base="\10\0\0\0\4\0\0\0\276)\0\0", iov_len=12}], msg_iovlen=1, msg_controllen=0, msg_flags=0}, MSG_NOSIGNAL) = 12
10650 <... recvmsg resumed>{msg_name=NULL, msg_namelen=0, msg_iov=[{iov_base="\10\0\0\0\4\0\0\0\276)\0\0", iov_len=65536}], msg_iovlen=1, msg_controllen=0, msg_flags=0}, 0) = 12
10654 openat(AT_FDCWD, "/tmp/playwright_chromiumdev_profile-Lvy8gD/Default/History", O_RDWR|O_CREAT|O_NOFOLLOW|O_CLOEXEC, 0600) = 52
10655 openat(AT_FDCWD, "/tmp/playwright_chromiumdev_profile-Lvy8gD/Default/Sync Data/LevelDB/MANIFEST-000001", O_WRONLY|O_CREAT|O_TRUNC, 0600) = 55
10655 openat(AT_FDCWD, "/tmp/playwright_chromiumdev_profile-Lvy8gD/Default/Sync Data/LevelDB", O_RDONLY) = 49
10668 openat(AT_FDCWD, "/tmp/.com.google.Chrome.JMAjXJ", O_RDWR|O_CREAT|O_EXCL, 0600) = 45
10668 sendmsg(41, {msg_name=NULL, msg_namelen=0, msg_iov=[{iov_base="\20\0\1\0\270\0\0\0h\237Is\0\0\0\0\30\0\0\0\0\0\0\0\0\0\0\0\0\0\0\0h\0\0\0\0\0\0\0@\0\0\0\0\0\0\0\354\345\224\335`\25\365\314\317\313\30\303\303x\277\3K\3\48\371\31\255\251f\350\270\350x\374\206\t\0\0\0\0\3\0\0\0\0\0\0\0\0\0\0\0X\0\0\0\0\0\0\0\20\0\0\0\1\0\0\0\0\0\0\0\0\0\0\0\20\0\0\0\1\0\0\0x\0\0\0\0\0\1\0000\0\0\0(\0\0\0\10\0\0\0\1\0\0\0 \0\0\0\0\0\2\0\2\0\0\0\0\0\0\0?\232n\247\275O^\27\2W\37\330Z`\321\334", iov_len=184}], msg_iovlen=1, msg_control=[{cmsg_len=20, cmsg_level=SOL_SOCKET, cmsg_type=SCM_RIGHTS, cmsg_data=[45]}], msg_controllen=20, msg_flags=0}, MSG_NOSIGNAL) = 184
10658 openat(AT_FDCWD, "/tmp/playwright_chromiumdev_profile-Lvy8gD/Default/Web Data", O_RDWR|O_CREAT|O_NOFOLLOW|O_CLOEXEC, 0600) = 45
10657 openat(AT_FDCWD, "/tmp/playwright_chromiumdev_profile-Lvy8gD/Default/ServerCertificate", O_RDWR|O_CREAT|O_NOFOLLOW|O_CLOEXEC, 0600) = 48
10655 openat(AT_FDCWD, "/tmp/playwright_chromiumdev_profile-Lvy8gD/Default/Sync Data/LevelDB/000001.dbtmp", O_WRONLY|O_CREAT|O_TRUNC, 0600) = 49
10658 openat(AT_FDCWD, "/tmp/playwright_chromiumdev_profile-Lvy8gD/Default/Web Data-journal", O_RDWR|O_CREAT|O_NOFOLLOW|O_CLOEXEC, 0600) = 55
10654 openat(AT_FDCWD, "/tmp/playwright_chromiumdev_profile-Lvy8gD/Default/History-journal", O_RDWR|O_CREAT|O_NOFOLLOW|O_CLOEXEC, 0600) = 56
10657 openat(AT_FDCWD, "/tmp/playwright_chromiumdev_profile-Lvy8gD/Default/ServerCertificate-journal", O_RDWR|O_CREAT|O_NOFOLLOW|O_CLOEXEC, 0600) = 49
10655 openat(AT_FDCWD, "/tmp/playwright_chromiumdev_profile-Lvy8gD/Default/Sync Data/LevelDB/CURRENT", O_RDONLY) = 57
10655 openat(AT_FDCWD, "/tmp/playwright_chromiumdev_profile-Lvy8gD/Default/Sync Data/LevelDB/MANIFEST-000001", O_RDONLY) = 57
10655 openat(AT_FDCWD, "/tmp/playwright_chromiumdev_profile-Lvy8gD/Default/Sync Data/LevelDB/MANIFEST-000001", O_WRONLY|O_APPEND) = 57
10655 openat(AT_FDCWD, "/tmp/playwright_chromiumdev_profile-Lvy8gD/Default/Sync Data/LevelDB", O_RDONLY|O_NONBLOCK|O_CLOEXEC|O_DIRECTORY) = 58
10658 openat(AT_FDCWD, "/tmp/playwright_chromiumdev_profile-Lvy8gD/Default", O_RDONLY|O_CLOEXEC) = 59
10665 openat(AT_FDCWD, "/tmp/playwright_chromiumdev_profile-Lvy8gD/Default/Code Cache/wasm/index", O_RDONLY) = -1 ENOENT (No such file or directory)
10665 openat(AT_FDCWD, "/tmp/playwright_chromiumdev_profile-Lvy8gD/Default/Code Cache/wasm/index", O_WRONLY|O_CREAT|O_EXCL, 0600 <unfinished ...>
10663 openat(AT_FDCWD, "/tmp/playwright_chromiumdev_profile-Lvy8gD/Default/Code Cache/js/index", O_RDONLY) = -1 ENOENT (No such file or directory)
10663 openat(AT_FDCWD, "/tmp/playwright_chromiumdev_profile-Lvy8gD/Default/Code Cache/js/index", O_WRONLY|O_CREAT|O_EXCL, 0600 <unfinished ...>
10665 <... openat resumed>)             = 60
10663 <... openat resumed>)             = 59
10657 openat(AT_FDCWD, "/tmp/playwright_chromiumdev_profile-Lvy8gD/Default", O_RDONLY|O_CLOEXEC) = 58
10655 openat(AT_FDCWD, "/tmp/playwright_chromiumdev_profile-Lvy8gD/Default/Sync Data/LevelDB", O_RDONLY|O_NONBLOCK|O_CLOEXEC|O_DIRECTORY) = 60
10664 openat(AT_FDCWD, "/tmp/playwright_chromiumdev_profile-Lvy8gD/Default/Affiliation Database", O_RDWR|O_CREAT|O_NOFOLLOW|O_CLOEXEC, 0600) = 61
10665 openat(AT_FDCWD, "/tmp/playwright_chromiumdev_profile-Lvy8gD/Default/Code Cache/wasm/index-dir/the-real-index", O_RDONLY) = -1 ENOENT (No such file or directory)
10665 openat(AT_FDCWD, "/tmp/playwright_chromiumdev_profile-Lvy8gD/Default/Code Cache/wasm", O_RDONLY|O_NONBLOCK|O_CLOEXEC|O_DIRECTORY <unfinished ...>
10655 openat(AT_FDCWD, "/tmp/playwright_chromiumdev_profile-Lvy8gD/Default/Sync Data/LevelDB/000003.log", O_WRONLY|O_CREAT|O_TRUNC, 0600 <unfinished ...>
10665 <... openat resumed>)             = 58
10655 <... openat resumed>)             = 59
10655 openat(AT_FDCWD, "/tmp/playwright_chromiumdev_profile-Lvy8gD/Default/Sync Data/LevelDB", O_RDONLY|O_NONBLOCK|O_CLOEXEC|O_DIRECTORY) = 60
10663 openat(AT_FDCWD, "/tmp/playwright_chromiumdev_profile-Lvy8gD/Default/Code Cache/js/index-dir/the-real-index", O_RDONLY) = -1 ENOENT (No such file or directory)
10663 openat(AT_FDCWD, "/tmp/playwright_chromiumdev_profile-Lvy8gD/Default/Code Cache/js", O_RDONLY|O_NONBLOCK|O_CLOEXEC|O_DIRECTORY) = 58
10665 openat(AT_FDCWD, "/tmp/playwright_chromiumdev_profile-Lvy8gD/Default/Code Cache/wasm/index-dir/temp-index", O_WRONLY|O_CREAT|O_TRUNC, 0600) = 58
10655 openat(AT_FDCWD, "/tmp/playwright_chromiumdev_profile-Lvy8gD/Default/Sync Data/LevelDB", O_RDONLY|O_NONBLOCK|O_CLOEXEC|O_DIRECTORY) = 60
10657 openat(AT_FDCWD, "/tmp/playwright_chromiumdev_profile-Lvy8gD/Default/Code Cache/js/index-dir/temp-index", O_WRONLY|O_CREAT|O_TRUNC, 0600) = 58
10664 openat(AT_FDCWD, "/tmp/playwright_chromiumdev_profile-Lvy8gD/Default/Affiliation Database-journal", O_RDWR|O_CREAT|O_NOFOLLOW|O_CLOEXEC, 0600) = 62
10655 openat(AT_FDCWD, "/tmp/playwright_chromiumdev_profile-Lvy8gD/Default/Custom Dictionary.txt", O_RDONLY|O_CLOEXEC) = -1 ENOENT (No such file or directory)
10665 openat(AT_FDCWD, "/tmp/playwright_chromiumdev_profile-Lvy8gD/Default/Login Data", O_RDWR|O_CREAT|O_NOFOLLOW|O_CLOEXEC, 0600) = 58
10657 openat(AT_FDCWD, "/tmp/playwright_chromiumdev_profile-Lvy8gD/Dictionaries/en-US-10-1.bdic", O_RDONLY) = -1 ENOENT (No such file or directory)
10685 openat(AT_FDCWD, "/etc/gnutls/config", O_RDONLY|O_CLOEXEC) = 4
10664 openat(AT_FDCWD, "/tmp/playwright_chromiumdev_profile-Lvy8gD/Default", O_RDONLY|O_CLOEXEC) = 60
10663 openat(AT_FDCWD, "/tmp/playwright_chromiumdev_profile-Lvy8gD/Default/Login Data For Account", O_RDWR|O_CREAT|O_NOFOLLOW|O_CLOEXEC, 0600) = 60
10685 openat(AT_FDCWD, "/proc/filesystems", O_RDONLY|O_CLOEXEC) = 4
10655 openat(AT_FDCWD, "/tmp/playwright_chromiumdev_profile-Lvy8gD/Default/ClientCertificates/LOG", O_WRONLY|O_CREAT|O_TRUNC, 0600) = 63
10655 openat(AT_FDCWD, "/tmp/playwright_chromiumdev_profile-Lvy8gD/Default/ClientCertificates/LOCK", O_RDWR) = -1 ENOENT (No such file or directory)
10655 openat(AT_FDCWD, "/tmp/playwright_chromiumdev_profile-Lvy8gD/Default/ClientCertificates/LOCK", O_RDWR|O_CREAT, 0600) = 64
10657 openat(AT_FDCWD, "/tmp/playwright_chromiumdev_profile-Lvy8gD/Default/Site Characteristics Database/LOG", O_WRONLY|O_CREAT|O_TRUNC, 0600) = 63
10657 openat(AT_FDCWD, "/tmp/playwright_chromiumdev_profile-Lvy8gD/Default/Site Characteristics Database/LOCK", O_RDWR) = -1 ENOENT (No such file or directory)
10657 openat(AT_FDCWD, "/tmp/playwright_chromiumdev_profile-Lvy8gD/Default/Site Characteristics Database/LOCK", O_RDWR|O_CREAT, 0600) = 64
10686 sendto(14, "\20\0\0\0P\0\0\0\374\344Is\0\0\0\0\30\0\1\0\0\0\0\0\0\0\0\0\0\0\0\0\0\0\0\0\0\0\0\0\30\0\0\0\0\0\0\0\0\0\0\0\10\0\0\0000\0\0\0\0\0\0\0\20\0\0\0\1\0\0\0\0\0\0\0\0\0\0\0", 80, MSG_NOSIGNAL, NULL, 0) = 80
10686 socketpair(AF_UNIX, SOCK_STREAM, 0, [19, 20]) = 0
10659 recvmsg(41,  <unfinished ...>
10685 openat(AT_FDCWD, "/proc/self/stat", O_RDONLY|O_CLOEXEC <unfinished ...>
10659 <... recvmsg resumed>{msg_name=NULL, msg_namelen=0, msg_iov=[{iov_base="\20\0\0\0P\0\0\0\374\344Is\0\0\0\0\30\0\1\0\0\0\0\0\0\0\0\0\0\0\0\0\0\0\0\0\0\0\0\0\30\0\0\0\0\0\0\0\0\0\0\0\10\0\0\0000\0\0\0\0\0\0\0\20\0\0\0\1\0\0\0\0\0\0\0\0\0\0\0", iov_len=4096}], msg_iovlen=1, msg_controllen=0, msg_flags=0}, MSG_DONTWAIT) = 80
10685 <... openat resumed>)             = 4
10657 openat(AT_FDCWD, "/tmp/playwright_chromiumdev_profile-Lvy8gD/Default/Site Characteristics Database/MANIFEST-000001", O_WRONLY|O_CREAT|O_TRUNC, 0600 <unfinished ...>
10659 sendto(41, "\20\0\0\0\210\1\0\0]\346Is\0\0\0\0\30\0\24\0\0\0\0\0\0\0\0\0\0\0\0\0\0\0\0\0\0\0\0\0H\0\0\0\0\0\0\0\1\0\0\0\0\0\0\0\0\0\0\0\0\0\0\0\0\0\0\0\1\0\0\0\377\377\377\377\377\377\377\377\0\0\0\0\0\0\0\0`\0\0\0\0\1\0\0\20\1\0\0\0\0\0\0\0\0\0\0\0\0\0\0\240\0\0\0\230\0\0\08\0\0\0\3\0\0\0\0\0\0\0000-ju\0\0\0\0S).\304\0\0\0\0\0\0\0\0\30\0\0\0\0\0\0\0\0\0\0\0\0\0\0\0\0\0\0\0\0\0\0\0\20\0\0\0\0\0\0\0\10\0\0\0\0\0\0\0\30\0\0\0\0\0\0\0\20\0\0\0\0\0\0\0\0\0\0\0\0\0\0\0002\0\0\0*\0\0\0metrics.mojom.ChildHistogramFetc"..., 392, MSG_NOSIGNAL, NULL, 0 <unfinished ...>
10657 <... openat resumed>)             = 65
10659 <... sendto resumed>)             = 392
10659 sendto(41, "\20\0\0\0@\1\0\0\336\346Is\0\0\0\0\30\0\24\0\0\0\0\0\1\0\0\0\0\0\0\0\0\0\0\0\0\0\0\0H\0\0\0\0\0\0\0\f\0\0\0\0\0\0\0\0\0\0\0\0\0\0\0\0\0\0\0\1\0\0\0\377\377\377\377\377\377\377\377\0\0\0\0\0\0\0\0`\0\0\0\270\0\0\0\310\0\0\0\0\0\0\0\0\0\0\0\0\0\0\0X\0\0\0P\0\0\08\0\0\0\3\0\0\0\0\0\0\0_>WP\0\0\0\0P).\304\0\0\0\0\0\0\0\0\30\0\0\0\0\0\0\0\0\0\0\0\0\0\0\0\0\0\0\0\0\0\0\0\30\0\0\0\0\0\0\0\0\0\0\0\0\0\0\0\0\0\0\0\0\0\0\0\20\0\0\0\1\0\0\0\0\0\0\0\0\0\0\0h\0\0\0\1\0\0\0\0\0\0\0\0\0\0\0\r\0\0\0\0\0\0\0\0\0\0\0\0\0\0\0@\4\0\0@\0\0\0"..., 320, MSG_NOSIGNAL, NULL, 0) = 320
10659 sendto(41, "\20\0\0\0\300\0\0\0002\347Is\0\0\0\0\30\0\24\0\0\0\0\0\2\0\0\0\0\0\0\0\0\0\0\0\0\0\0\0H\0\0\0\0\0\0\0\16\0\0\0\0\0\0\0\0\0\0\0\0\0\0\0\0\0\0\0\1\0\0\0\377\377\377\377\377\377\377\377\0\0\0\0\0\0\0\0`\0\0\0\0\0\0\0\0\0\0\0\0\0\0\0\0\0\0\0\0\0\0\0P\0\0\0H\0\0\08\0\0\0\3\0\0\0\0\0\0\0\352\237\0\33\1\0\0\0Q).\304\1\0\0\0\0\0\0\0\30\0\0\0\0\0\0\0\0\0\0\0\0\0\0\0\0\0\0\0\0\0\0\0\20\0\0\0\0\0\0\0\1\0\0\0\0\0\0\0", 192, MSG_NOSIGNAL, NULL, 0) = 192
10657 openat(AT_FDCWD, "/tmp/playwright_chromiumdev_profile-Lvy8gD/Default/Site Characteristics Database", O_RDONLY) = 66
10659 sendto(41, "\20\0\0\0x\1\0\0\245\351Is\0\0\0\0\30\0\24\0\0\0\0\0\3\0\0\0\0\0\0\0\0\0\0\0\0\0\0\0H\0\0\0\0\0\0\0\1\0\0\0\0\0\0\0\1\0\0\0\0\0\0\0\0\0\0\0\1\0\0\0\377\377\377\377\377\377\377\377\0\0\0\0\0\0\0\0`\0\0\0\360\0\0\0\0\1\0\0\0\0\0\0\0\0\0\0\0\0\0\0\220\0\0\0\210\0\0\08\0\0\0\3\0\0\0\0\0\0\0z\367o_\0\0\0\0V).\304\0\0\0\0\0\0\0\0\30\0\0\0\0\0\0\0\0\0\0\0\0\0\0\0\0\0\0\0\0\0\0\0\20\0\0\0\0\0\0\0\10\0\0\0\0\0\0\0\30\0\0\0\0\0\0\0\20\0\0\0\0\0\0\0\0\0\0\0\0\0\0\0$\0\0\0\34\0\0\0storage.mojom.StorageService\0\0\0\0"..., 376, MSG_NOSIGNAL, NULL, 0) = 376
10685 openat(AT_FDCWD, "/proc/stat", O_RDONLY|O_CLOEXEC <unfinished ...>
10659 sendto(41, "\20\0\0\0\210\1\0\0\27\352Is\0\0\0\0\30\0\24\0\0\0\0\0\4\0\0\0\0\0\0\0\0\0\0\0\0\0\0\0H\0\0\0\0\0\0\0\20\0\0\0\0\0\0\0\0\0\0\0\0\0\0\0\0\0\0\0\1\0\0\0\377\377\377\377\377\377\377\377\0\0\0\0\0\0\0\0`\0\0\0\0\1\0\0\20\1\0\0\0\0\0\0\0\0\0\0\0\0\0\0\240\0\0\0\230\0\0\08\0\0\0\3\0\0\0\0\0\0\0\23\262pV\0\0\0\0W).\304\0\0\0\0\0\0\0\0\30\0\0\0\0\0\0\0\0\0\0\0\0\0\0\0\0\0\0\0\0\0\0\0\30\0\0\0\0\0\0\0\20\0\0\0\0\0\0\0\0\0\0\0\0\0\0\0\20\0\0\0\0\0\0\0\10\0\0\0\0\0\0\0002\0\0\0*\0\0\0/tmp/playwright_chromiumdev_prof"..., 392, MSG_NOSIGNAL, NULL, 0 <unfinished ...>
10685 <... openat resumed>)             = 4
10659 <... sendto resumed>)             = 392
10659 sendto(41, "\20\0\0\0\220\1\0\0\246\352Is\0\0\0\0\30\0\24\0\0\0\0\0\5\0\0\0\0\0\0\0\0\0\0\0\0\0\0\0H\0\0\0\0\0\0\0\20\0\0\0\0\0\0\0\1\0\0\0\0\0\0\0\0\0\0\0\1\0\0\0\377\377\377\377\377\377\377\377\0\0\0\0\0\0\0\0`\0\0\0\10\1\0\0\30\1\0\0\0\0\0\0\0\0\0\0\0\0\0\0\250\0\0\0\240\0\0\08\0\0\0\3\0\0\0\0\0\0\0n\231\266\10\0\0\0\0T).\304\0\0\0\0\0\0\0\0\30\0\0\0\0\0\0\0\0\0\0\0\0\0\0\0\0\0\0\0\0\0\0\0\30\0\0\0\0\0\0\0\20\0\0\0\0\0\0\0\1\0\0\0\0\0\0\0\20\0\0\0\0\0\0\0\10\0\0\0\0\0\0\0:\0\0\0002\0\0\0/tmp/playwright_chromiumdev_prof"..., 400, MSG_NOSIGNAL, NULL, 0) = 400
10659 sendto(41, "\20\0\0\0\220\1\0\0j\353Is\0\0\0\0\30\0\24\0\0\0\0\0\6\0\0\0\0\0\0\0\0\0\0\0\0\0\0\0H\0\0\0\0\0\0\0\20\0\0\0\0\0\0\0\2\0\0\0\0\0\0\0\0\0\0\0\1\0\0\0\377\377\377\377\377\377\377\377\0\0\0\0\0\0\0\0`\0\0\0\10\1\0\0\30\1\0\0\0\0\0\0\0\0\0\0\0\0\0\0\250\0\0\0\240\0\0\08\0\0\0\3\0\0\0\0\0\0\0K\2:.\0\0\0\0U).\304\0\0\0\0\0\0\0\0\30\0\0\0\0\0\0\0\0\0\0\0\0\0\0\0\0\0\0\0\0\0\0\0\30\0\0\0\0\0\0\0\20\0\0\0\0\0\0\0\0\0\0\0\0\0\0\0\20\0\0\0\0\0\0\0\10\0\0\0\0\0\0\0:\0\0\0002\0\0\0/tmp/playwright_chromiumdev_prof"..., 400, MSG_NOSIGNAL, NULL, 0) = 400
10659 sendto(41, "\20\0\0\0\270\0\0\0\24\354Is\0\0\0\0\30\0\24\0\0\0\0\0\7\0\0\0\0\0\0\0\0\0\0\0\0\0\0\0H\0\0\0\0\0\0\0\26\0\0\0\0\0\0\0\0\0\0\0\0\0\0\0\0\0\0\0\1\0\0\0\377\377\377\377\377\377\377\377\0\0\0\0\0\0\0\0`\0\0\0\0\0\0\0\0\0\0\0\0\0\0\0\0\0\0\0\0\0\0\0H\0\0\0@\0\0\08\0\0\0\3\0\0\0\0\0\0\0\3660\327a\1\0\0\0J).\304\1\0\0\0\0\0\0\0\30\0\0\0\0\0\0\0\0\0\0\0\0\0\0\0\0\0\0\0\0\0\0\0\10\0\0\0\0\0\0\0", 184, MSG_NOSIGNAL, NULL, 0) = 184
10657 openat(AT_FDCWD, "/tmp/playwright_chromiumdev_profile-Lvy8gD/Default/Site Characteristics Database/000001.dbtmp", O_WRONLY|O_CREAT|O_TRUNC, 0600) = 65
10692 recvmsg(14, {msg_name=NULL, msg_namelen=0, msg_iov=[{iov_base="\20\0\1\0\270\0\0\0h\237Is\0\0\0\0\30\0\0\0\0\0\0\0\0\0\0\0\0\0\0\0h\0\0\0\0\0\0\0@\0\0\0\0\0\0\0\354\345\224\335`\25\365\314\317\313\30\303\303x\277\3K\3\48\371\31\255\251f\350\270\350x\374\206\t\0\0\0\0\3\0\0\0\0\0\0\0\0\0\0\0X\0\0\0\0\0\0\0\20\0\0\0\1\0\0\0\0\0\0\0\0\0\0\0\20\0\0\0\1\0\0\0x\0\0\0\0\0\1\0000\0\0\0(\0\0\0\10\0\0\0\1\0\0\0 \0\0\0\0\0\2\0\2\0\0\0\0\0\0\0?\232n\247\275O^\27\2W\37\330Z`\321\334", iov_len=4096}], msg_iovlen=1, msg_control=[{cmsg_len=20, cmsg_level=SOL_SOCKET, cmsg_type=SCM_RIGHTS, cmsg_data=[23]}], msg_controllen=24, msg_flags=0}, MSG_DONTWAIT) = 184
10692 sendmsg(14, {msg_name=NULL, msg_namelen=0, msg_iov=[{iov_base="\20\0\1\0\250\0\0\0_\360Is\0\0\0\0\30\0\24\0\0\0\0\0\0\0\0\0\0\0\0\0p\0\0\0\0\0\0\0H\0\0\0\0\0\0\0\0\0\0\0\0\0\0\0\0\0\0\0\0\0\0\0\0\0\0\0\1\0\0\0\377\377\377\377\377\377\377\377\0\0\0\0\0\0\0\0\0\0\0\0`\0\0\0\0\0\0\0\0\0\0\0\0\0\0\0\1\0\0\0\20\0\0\0\1\0\0\0\1\0\0\0\0\0\0\0\20\0\0\0\1\0\0\0\200\0\0\0\0\0\1\0\30\0\0\0\20\0\0\0\10\0\0\0\0\0\0\0\1\0\0\0\0\0\0\0", iov_len=168}], msg_iovlen=1, msg_control=[{cmsg_len=20, cmsg_level=SOL_SOCKET, cmsg_type=SCM_RIGHTS, cmsg_data=[20]}], msg_controllen=20, msg_flags=0}, MSG_NOSIGNAL) = 168
10659 recvmsg(41, {msg_name=NULL, msg_namelen=0, msg_iov=[{iov_base="\20\0\1\0\250\0\0\0_\360Is\0\0\0\0\30\0\24\0\0\0\0\0\0\0\0\0\0\0\0\0p\0\0\0\0\0\0\0H\0\0\0\0\0\0\0\0\0\0\0\0\0\0\0\0\0\0\0\0\0\0\0\0\0\0\0\1\0\0\0\377\377\377\377\377\377\377\377\0\0\0\0\0\0\0\0\0\0\0\0`\0\0\0\0\0\0\0\0\0\0\0\0\0\0\0\1\0\0\0\20\0\0\0\1\0\0\0\1\0\0\0\0\0\0\0\20\0\0\0\1\0\0\0\200\0\0\0\0\0\1\0\30\0\0\0\20\0\0\0\10\0\0\0\0\0\0\0\1\0\0\0\0\0\0\0", iov_len=4096}], msg_iovlen=1, msg_control=[{cmsg_len=20, cmsg_level=SOL_SOCKET, cmsg_type=SCM_RIGHTS, cmsg_data=[65]}], msg_controllen=24, msg_flags=0}, MSG_DONTWAIT) = 168
10692 sendto(14, "\20\0\0\0@\0\0\0\\\361Is\0\0\0\0\30\0\26\0\0\0\0\0\1\0\0\0\0\0\0\0\0\0\0\0\0\0\0\0\30\0\0\0\0\0\0\0\0\0\0\0\0\0\0\0\1\0\0\0\0\0\0\0", 64, MSG_NOSIGNAL, NULL, 0) = 64
10692 sendto(14, "\20\0\0\0X\0\0\0=\362Is\0\0\0\0\30\0\"\0\0\0\0\0\2\0\0\0\0\0\0\0\0\0\0\0\0\0\0\0000\0\0\0\0\0\0\0\1\0\0\0\0\0\0\0\27\0\0\0\0\0\0\0\0\0\0\0\0\0\0\0\200\5\0\0@\0\0\0\0\0\0\0\0\0\0\0", 88, MSG_NOSIGNAL, NULL, 0 <unfinished ...>
10657 openat(AT_FDCWD, "/tmp/playwright_chromiumdev_profile-Lvy8gD/Default/Site Characteristics Database/CURRENT", O_RDONLY <unfinished ...>
10692 <... sendto resumed>)             = 88
10665 openat(AT_FDCWD, "/tmp/playwright_chromiumdev_profile-Lvy8gD/Default/Login Data-journal", O_RDWR|O_CREAT|O_NOFOLLOW|O_CLOEXEC, 0600 <unfinished ...>
10659 recvmsg(41,  <unfinished ...>
10657 <... openat resumed>)             = 66
10692 sendto(14, "\20\0\0\0X\0\0\0\266\362Is\0\0\0\0\30\0\"\0\0\0\0\0\3\0\0\0\0\0\0\0\0\0\0\0\0\0\0\0000\0\0\0\0\0\0\0\2\0\0\0\0\0\0\0\30\0\0\0\0\0\0\0\0\0\0\0\0\0\0\0\300\5\0\0@\0\0\0\0\0\0\0\0\0\0\0", 88, MSG_NOSIGNAL, NULL, 0 <unfinished ...>
10659 <... recvmsg resumed>{msg_name=NULL, msg_namelen=0, msg_iov=[{iov_base="\20\0\0\0@\0\0\0\\\361Is\0\0\0\0\30\0\26\0\0\0\0\0\1\0\0\0\0\0\0\0\0\0\0\0\0\0\0\0\30\0\0\0\0\0\0\0\0\0\0\0\0\0\0\0\1\0\0\0\0\0\0\0\20\0\0\0X\0\0\0=\362Is\0\0\0\0\30\0\"\0\0\0\0\0\2\0\0\0\0\0\0\0\0\0\0\0\0\0\0\0000\0\0\0\0\0\0\0\1\0\0\0\0\0\0\0\27\0\0\0\0\0\0\0\0\0\0\0\0\0\0\0\200\5\0\0@\0\0\0\0\0\0\0\0\0\0\0", iov_len=4096}], msg_iovlen=1, msg_controllen=0, msg_flags=0}, MSG_DONTWAIT) = 152
10692 <... sendto resumed>)             = 88
10665 <... openat resumed>)             = 67
10659 sendto(41, "\20\0\0\0@\0\0\0\7\363Is\0\0\0\0\30\0#\0\0\0\0\0\10\0\0\0\0\0\0\0\0\0\0\0\0\0\0\0\30\0\0\0\0\0\0\0\1\0\0\0\0\0\0\0\2\0\0\0\0\0\0\0", 64, MSG_NOSIGNAL, NULL, 0 <unfinished ...>
10692 recvmsg(14,  <unfinished ...>
10659 <... sendto resumed>)             = 64
10659 recvmsg(41,  <unfinished ...>
10692 <... recvmsg resumed>{msg_name=NULL, msg_namelen=0, msg_iov=[{iov_base="\20\0\0\0\210\1\0\0]\346Is\0\0\0\0\30\0\24\0\0\0\0\0\0\0\0\0\0\0\0\0\0\0\0\0\0\0\0\0H\0\0\0\0\0\0\0\1\0\0\0\0\0\0\0\0\0\0\0\0\0\0\0\0\0\0\0\1\0\0\0\377\377\377\377\377\377\377\377\0\0\0\0\0\0\0\0`\0\0\0\0\1\0\0\20\1\0\0\0\0\0\0\0\0\0\0\0\0\0\0\240\0\0\0\230\0\0\08\0\0\0\3\0\0\0\0\0\0\0000-ju\0\0\0\0S).\304\0\0\0\0\0\0\0\0\30\0\0\0\0\0\0\0\0\0\0\0\0\0\0\0\0\0\0\0\0\0\0\0\20\0\0\0\0\0\0\0\10\0\0\0\0\0\0\0\30\0\0\0\0\0\0\0\20\0\0\0\0\0\0\0\0\0\0\0\0\0\0\0002\0\0\0*\0\0\0metrics.mojom.ChildHistogramFetc"..., iov_len=4096}], msg_iovlen=1, msg_controllen=0, msg_flags=0}, MSG_DONTWAIT) = 2720
10659 <... recvmsg resumed>{msg_name=NULL, msg_namelen=0, msg_iov=[{iov_base="\20\0\0\0X\0\0\0\266\362Is\0\0\0\0\30\0\"\0\0\0\0\0\3\0\0\0\0\0\0\0\0\0\0\0\0\0\0\0000\0\0\0\0\0\0\0\2\0\0\0\0\0\0\0\30\0\0\0\0\0\0\0\0\0\0\0\0\0\0\0\300\5\0\0@\0\0\0\0\0\0\0\0\0\0\0", iov_len=4096}], msg_iovlen=1, msg_controllen=0, msg_flags=0}, MSG_DONTWAIT) = 88
10659 sendto(41, "\20\0\0\0@\0\0\0Y\364Is\0\0\0\0\30\0#\0\0\0\0\0\t\0\0\0\0\0\0\0\0\0\0\0\0\0\0\0\30\0\0\0\0\0\0\0\2\0\0\0\0\0\0\0\0\0\0\0\0\0\0\0", 64, MSG_NOSIGNAL, NULL, 0 <unfinished ...>
10692 sendto(14, "\20\0\0\08\0\0\0f\364Is\0\0\0\0\30\0$\0\0\0\0\0\4\0\0\0\0\0\0\0\0\0\0\0\0\0\0\0\20\0\0\0\0\0\0\0\27\0\0\0\0\0\0\0", 56, MSG_NOSIGNAL, NULL, 0 <unfinished ...>
10659 <... sendto resumed>)             = 64
10692 <... sendto resumed>)             = 56
10685 openat(AT_FDCWD, "/proc/self/cmdline", O_RDONLY|O_CLOEXEC <unfinished ...>
10692 recvmsg(14,  <unfinished ...>
10659 recvmsg(41,  <unfinished ...>
10685 <... openat resumed>)             = 4
10659 <... recvmsg resumed>{msg_name=NULL, msg_namelen=0, msg_iov=[{iov_base="\20\0\0\08\0\0\0f\364Is\0\0\0\0\30\0$\0\0\0\0\0\4\0\0\0\0\0\0\0\0\0\0\0\0\0\0\0\20\0\0\0\0\0\0\0\27\0\0\0\0\0\0\0", iov_len=4096}], msg_iovlen=1, msg_controllen=0, msg_flags=0}, MSG_DONTWAIT) = 56
10659 sendto(41, "\20\0\0\0X\0\0\0d\365Is\0\0\0\0\30\0\"\0\0\0\0\0\n\0\0\0\0\0\0\0\0\0\0\0\0\0\0\0000\0\0\0\0\0\0\0\27\0\0\0\0\0\0\0\31\0\0\0\0\0\0\0\0\0\0\0\0\0\0\0\0\6\0\0@\0\0\0\2\0\0\0\0\0\0\0", 88, MSG_NOSIGNAL, NULL, 0) = 88
10692 <... recvmsg resumed>{msg_name=NULL, msg_namelen=0, msg_iov=[{iov_base="\20\0\0\0@\0\0\0Y\364Is\0\0\0\0\30\0#\0\0\0\0\0\t\0\0\0\0\0\0\0\0\0\0\0\0\0\0\0\30\0\0\0\0\0\0\0\2\0\0\0\0\0\0\0\0\0\0\0\0\0\0\0\20\0\0\0X\0\0\0d\365Is\0\0\0\0\30\0\"\0\0\0\0\0\n\0\0\0\0\0\0\0\0\0\0\0\0\0\0\0000\0\0\0\0\0\0\0\27\0\0\0\0\0\0\0\31\0\0\0\0\0\0\0\0\0\0\0\0\0\0\0\0\6\0\0@\0\0\0\2\0\0\0\0\0\0\0", iov_len=4096}], msg_iovlen=1, msg_controllen=0, msg_flags=0}, MSG_DONTWAIT) = 152
10692 sendto(14, "\20\0\0\08\0\0\0\324\365Is\0\0\0\0\30\0$\0\0\0\0\0\5\0\0\0\0\0\0\0\0\0\0\0\0\0\0\0\20\0\0\0\0\0\0\0\30\0\0\0\0\0\0\0", 56, MSG_NOSIGNAL, NULL, 0) = 56
10692 sendto(14, "\20\0\0\0@\0\0\0\33\366Is\0\0\0\0\30\0#\0\0\0\0\0\6\0\0\0\0\0\0\0\0\0\0\0\0\0\0\0\30\0\0\0\0\0\0\0\27\0\0\0\0\0\0\0\0\0\0\0\0\0\0\0", 64, MSG_NOSIGNAL, NULL, 0) = 64
10659 recvmsg(41, {msg_name=NULL, msg_namelen=0, msg_iov=[{iov_base="\20\0\0\08\0\0\0\324\365Is\0\0\0\0\30\0$\0\0\0\0\0\5\0\0\0\0\0\0\0\0\0\0\0\0\0\0\0\20\0\0\0\0\0\0\0\30\0\0\0\0\0\0\0\20\0\0\0@\0\0\0\33\366Is\0\0\0\0\30\0#\0\0\0\0\0\6\0\0\0\0\0\0\0\0\0\0\0\0\0\0\0\30\0\0\0\0\0\0\0\27\0\0\0\0\0\0\0\0\0\0\0\0\0\0\0", iov_len=4096}], msg_iovlen=1, msg_controllen=0, msg_flags=0}, MSG_DONTWAIT) = 120
10659 sendto(41, "\20\0\0\0X\0\0\0\255\366Is\0\0\0\0\30\0\"\0\0\0\0\0\v\0\0\0\0\0\0\0\0\0\0\0\0\0\0\0000\0\0\0\0\0\0\0\30\0\0\0\0\0\0\0\32\0\0\0\0\0\0\0\0\0\0\0\0\0\0\0@\6\0\0@\0\0\0\0\0\0\0\0\0\0\0", 88, MSG_NOSIGNAL, NULL, 0) = 88
10692 recvmsg(14,  <unfinished ...>
10685 openat(AT_FDCWD, "/usr/lib/locale/locale-archive", O_RDONLY|O_CLOEXEC <unfinished ...>
10692 <... recvmsg resumed>{msg_name=NULL, msg_namelen=0, msg_iov=[{iov_base="\20\0\0\0X\0\0\0\255\366Is\0\0\0\0\30\0\"\0\0\0\0\0\v\0\0\0\0\0\0\0\0\0\0\0\0\0\0\0000\0\0\0\0\0\0\0\30\0\0\0\0\0\0\0\32\0\0\0\0\0\0\0\0\0\0\0\0\0\0\0@\6\0\0@\0\0\0\0\0\0\0\0\0\0\0", iov_len=4096}], msg_iovlen=1, msg_controllen=0, msg_flags=0}, MSG_DONTWAIT) = 88
10685 <... openat resumed>)             = 4
10692 sendto(14, "\20\0\0\0@\0\0\0i\367Is\0\0\0\0\30\0#\0\0\0\0\0\7\0\0\0\0\0\0\0\0\0\0\0\0\0\0\0\30\0\0\0\0\0\0\0\30\0\0\0\0\0\0\0\0\0\0\0\0\0\0\0", 64, MSG_NOSIGNAL, NULL, 0 <unfinished ...>
10657 openat(AT_FDCWD, "/tmp/playwright_chromiumdev_profile-Lvy8gD/Default/Site Characteristics Database/MANIFEST-000001", O_RDONLY <unfinished ...>
10692 <... sendto resumed>)             = 64
10657 <... openat resumed>)             = 66
10659 recvmsg(41,  <unfinished ...>
10692 sendto(14, "\20\0\0\0p\0\0\0d\370Is\0\0\0\0\30\0\24\0\0\0\0\0\10\0\0\0\0\0\0\0\0\0\0\0\0\0\0\0H\0\0\0\0\0\0\0\32\0\0\0\0\0\0\0\0\0\0\0\0\0\0\0\0\0\0\0\1\0\0\0\0\0\0\0\0\0\0\0\0x\1\0\0\1\0\0\0\0\0\0\0\0\0\0\0\0\0\0\0\0\0\0\0\0\0\0\0\0\0\0", 112, MSG_NOSIGNAL, NULL, 0) = 112
10659 <... recvmsg resumed>{msg_name=NULL, msg_namelen=0, msg_iov=[{iov_base="\20\0\0\0@\0\0\0i\367Is\0\0\0\0\30\0#\0\0\0\0\0\7\0\0\0\0\0\0\0\0\0\0\0\0\0\0\0\30\0\0\0\0\0\0\0\30\0\0\0\0\0\0\0\0\0\0\0\0\0\0\0", iov_len=4096}], msg_iovlen=1, msg_controllen=0, msg_flags=0}, MSG_DONTWAIT) = 64
10685 openat(AT_FDCWD, "/usr/share/locale/locale.alias", O_RDONLY|O_CLOEXEC <unfinished ...>
10657 openat(AT_FDCWD, "/tmp/playwright_chromiumdev_profile-Lvy8gD/Default/Site Characteristics Database/MANIFEST-000001", O_WRONLY|O_APPEND <unfinished ...>
10692 sendto(14, "\20\0\0\0\330\2\0\0`\371Is\0\0\0\0\30\0\24\0\0\0\0\0\t\0\0\0\0\0\0\0\0\0\0\0\0\0\0\0H\0\0\0\0\0\0\0\32\0\0\0\0\0\0\0\1\0\0\0\0\0\0\0\0\0\0\0\1\0\0\0\0\0\0\0\0\0\0\0\0\224\1\0\0\4\0\0\0\0\0\0`\0\0\0\200\0\0\0\0\0\0\0\0\0\0\0\0\0\0\0 \0\0\0\6\0\0\0\0\0\0\0\0\0\0\0\0\0\0\0\0\0\0\0\0\0\0\0\0\0\0\0H\2\0\0\6\0\0\0\1\0\0\0\0\0\0\0\33\0\0\0\0\0\0\0\377\377\377\377\377\377\377\377\0\0\0\0\0\0\0\0\0\0\0\0\0\0\0\0\0\0\0\0\0\0\0\0\0\0\0\0\0\0\0\0\0\0\0\0\0\0\0\0\1\0\0\0\0\0\0\0\0\0\0\0\0\0\0\0\0\0\0\0\0\0\0\0\0\0\0\0\0\0\0\0\1\0\0\0\0\0\0\0"..., 728, MSG_NOSIGNAL, NULL, 0 <unfinished ...>
10657 <... openat resumed>)             = 66
10692 <... sendto resumed>)             = 728
10685 <... openat resumed>)             = 4
10659 recvmsg(41,  <unfinished ...>
10692 sendto(14, "\20\0\0\0\240\1\0\0\5\372Is\0\0\0\0\30\0\24\0\0\0\0\0\n\0\0\0\0\0\0\0\0\0\0\0\0\0\0\0H\0\0\0\0\0\0\0\33\0\0\0\0\0\0\0\0\0\0\0\0\0\0\0\0\0\0\0\1\0\0\0\377\377\377\377\377\377\377\377\0\0\0\0\0\0\0\0`\0\0\0\270\0\0\0\310\0\0\0\0\0\0\0\0\0\0\0\0\0\0\0X\0\0\0P\0\0\08\0\0\0\3\0\0\0\0\0\0\0\263\241\267o\0\0\0\0k+C\340\0\0\0\0\0\0\0\0\30\0\0\0\0\0\0\0\0\0\0\0\0\0\0\0\0\0\0\0\0\0\0\0\30\0\0\0\0\0\0\0\0\0\0\0\1\0\0\0\0\0\0\0\0\0\0\0\20\0\0\0\2\0\0\0\0\0\0\0\0\0\0\0\310\0\0\0\2\0\0\0\0\0\0\0\0\0\0\0%\0\0\0\0\0\0\0\377\377\377\377\377\377\377\377\0\0\0\0\0\0\0\0"..., 416, MSG_NOSIGNAL, NULL, 0) = 416
10659 <... recvmsg resumed>{msg_name=NULL, msg_namelen=0, msg_iov=[{iov_base="\20\0\0\0p\0\0\0d\370Is\0\0\0\0\30\0\24\0\0\0\0\0\10\0\0\0\0\0\0\0\0\0\0\0\0\0\0\0H\0\0\0\0\0\0\0\32\0\0\0\0\0\0\0\0\0\0\0\0\0\0\0\0\0\0\0\1\0\0\0\0\0\0\0\0\0\0\0\0x\1\0\0\1\0\0\0\0\0\0\0\0\0\0\0\0\0\0\0\0\0\0\0\0\0\0\0\0\0\0\20\0\0\0\330\2\0\0`\371Is\0\0\0\0\30\0\24\0\0\0\0\0\t\0\0\0\0\0\0\0\0\0\0\0\0\0\0\0H\0\0\0\0\0\0\0\32\0\0\0\0\0\0\0\1\0\0\0\0\0\0\0\0\0\0\0\1\0\0\0\0\0\0\0\0\0\0\0\0\224\1\0\0\4\0\0\0\0\0\0`\0\0\0\200\0\0\0\0\0\0\0\0\0\0\0\0\0\0\0 \0\0\0\6\0\0\0\0\0\0\0\0\0\0\0\0\0\0\0\0\0\0\0\0\0\0\0\0\0\0\0"..., iov_len=4096}], msg_iovlen=1, msg_controllen=0, msg_flags=0}, MSG_DONTWAIT) = 1256
10692 sendto(14, "\20\0\0\08\1\0\0\214\372Is\0\0\0\0\30\0\24\0\0\0\0\0\v\0\0\0\0\0\0\0\0\0\0\0\0\0\0\0H\0\0\0\0\0\0\0\34\0\0\0\0\0\0\0\0\0\0\0\0\0\0\0\0\0\0\0\1\0\0\0\377\377\377\377\377\377\377\377\0\0\0\0\0\0\0\0`\0\0\0\260\0\0\0\300\0\0\0\0\0\0\0\0\0\0\0\0\0\0\0P\0\0\0H\0\0\08\0\0\0\3\0\0\0\0\0\0\0\367\320\262m\0\0\0\0m+C\340\0\0\0\0\0\0\0\0\30\0\0\0\0\0\0\0\0\0\0\0\0\0\0\0\0\0\0\0\0\0\0\0\20\0\0\0\0\0\0\0\0\0\0\0\0\0\0\0\20\0\0\0\1\0\0\0\0\0\0\0\0\0\0\0h\0\0\0\1\0\0\0\0\0\0\0\0\0\0\0(\0\0\0\0\0\0\0\0\0\0\0\0\0\0\0@\7\0\0@\0\0\0)\0\0\0\0\0\0\0"..., 312, MSG_NOSIGNAL, NULL, 0 <unfinished ...>
10657 openat(AT_FDCWD, "/tmp/playwright_chromiumdev_profile-Lvy8gD/Default/Site Characteristics Database", O_RDONLY|O_NONBLOCK|O_CLOEXEC|O_DIRECTORY <unfinished ...>
10692 <... sendto resumed>)             = 312
10657 <... openat resumed>)             = 68
10692 sendto(14, "\20\0\0\0\270\0\0\0007\373Is\0\0\0\0\30\0\24\0\0\0\0\0\f\0\0\0\0\0\0\0\0\0\0\0\0\0\0\0H\0\0\0\0\0\0\0\36\0\0\0\0\0\0\0\0\0\0\0\0\0\0\0\0\0\0\0\1\0\0\0\377\377\377\377\377\377\377\377\0\0\0\0\0\0\0\0`\0\0\0\0\0\0\0\0\0\0\0\0\0\0\0\0\0\0\0\0\0\0\0H\0\0\0@\0\0\08\0\0\0\3\0\0\0\0\0\0\0\177\240\334e\1\0\0\0j+C\340\1\0\0\0\0\0\0\0\30\0\0\0\0\0\0\0\0\0\0\0\0\0\0\0\0\0\0\0\0\0\0\0\10\0\0\0\0\0\0\0", 184, MSG_NOSIGNAL, NULL, 0 <unfinished ...>
10659 recvmsg(41,  <unfinished ...>
10692 <... sendto resumed>)             = 184
10659 <... recvmsg resumed>{msg_name=NULL, msg_namelen=0, msg_iov=[{iov_base="\20\0\0\08\1\0\0\214\372Is\0\0\0\0\30\0\24\0\0\0\0\0\v\0\0\0\0\0\0\0\0\0\0\0\0\0\0\0H\0\0\0\0\0\0\0\34\0\0\0\0\0\0\0\0\0\0\0\0\0\0\0\0\0\0\0\1\0\0\0\377\377\377\377\377\377\377\377\0\0\0\0\0\0\0\0`\0\0\0\260\0\0\0\300\0\0\0\0\0\0\0\0\0\0\0\0\0\0\0P\0\0\0H\0\0\08\0\0\0\3\0\0\0\0\0\0\0\367\320\262m\0\0\0\0m+C\340\0\0\0\0\0\0\0\0\30\0\0\0\0\0\0\0\0\0\0\0\0\0\0\0\0\0\0\0\0\0\0\0\20\0\0\0\0\0\0\0\0\0\0\0\0\0\0\0\20\0\0\0\1\0\0\0\0\0\0\0\0\0\0\0h\0\0\0\1\0\0\0\0\0\0\0\0\0\0\0(\0\0\0\0\0\0\0\0\0\0\0\0\0\0\0@\7\0\0@\0\0\0)\0\0\0\0\0\0\0"..., iov_len=4096}], msg_iovlen=1, msg_controllen=0, msg_flags=0}, MSG_DONTWAIT) = 496
10692 sendto(14, "\20\0\0\08\1\0\0\264\373Is\0\0\0\0\30\0\24\0\0\0\0\0\r\0\0\0\0\0\0\0\0\0\0\0\0\0\0\0H\0\0\0\0\0\0\0 \0\0\0\0\0\0\0\0\0\0\0\0\0\0\0\0\0\0\0\1\0\0\0\377\377\377\377\377\377\377\377\0\0\0\0\0\0\0\0`\0\0\0\260\0\0\0\300\0\0\0\0\0\0\0\0\0\0\0\0\0\0\0P\0\0\0H\0\0\08\0\0\0\3\0\0\0\0\0\0\0\326R\267M\0\0\0\0i+C\340\0\0\0\0\0\0\0\0\30\0\0\0\0\0\0\0\0\0\0\0\0\0\0\0\0\0\0\0\0\0\0\0\20\0\0\0\0\0\0\0\0\0\0\0\0\0\0\0\20\0\0\0\1\0\0\0\0\0\0\0\0\0\0\0h\0\0\0\1\0\0\0\0\0\0\0\0\0\0\0*\0\0\0\0\0\0\0\0\0\0\0\0\0\0\0\200\7\0\0@\0\0\0+\0\0\0\0\0\0\0"..., 312, MSG_NOSIGNAL, NULL, 0) = 312
10692 sendto(14, "\20\0\0\0(\1\0\0/\374Is\0\0\0\0\30\0\24\0\0\0\0\0\16\0\0\0\0\0\0\0\0\0\0\0\0\0\0\0H\0\0\0\0\0\0\0$\0\0\0\0\0\0\0\0\0\0\0\0\0\0\0\0\0\0\0\1\0\0\0\377\377\377\377\377\377\377\377\0\0\0\0\0\0\0\0`\0\0\0\0\0\0\0\0\0\0\0\0\0\0\0\0\0\0\0\0\0\0\0\270\0\0\0\260\0\0\08\0\0\0\3\0\0\0\0\0\0\0\240\355'g\0\0\0\0n+C\340\0\0\0\0\0\0\0\0\30\0\0\0\0\0\0\0\0\0\0\0\0\0\0\0\0\0\0\0\0\0\0\0\20\0\0\0\0\0\0\0\10\0\0\0\0\0\0\0(\0\0\0\4\0\0\0 \0\0\0\0\0\0\0(\0\0\0\0\0\0\0000\0\0\0\0\0\0\08\0\0\0\0\0\0\0\20\0\0\0\0\0\0\0\301)\0\0\2\0\0\0\20\0\0\0\0\0\0\0"..., 296, MSG_NOSIGNAL, NULL, 0) = 296
10659 recvmsg(41, {msg_name=NULL, msg_namelen=0, msg_iov=[{iov_base="\20\0\0\08\1\0\0\264\373Is\0\0\0\0\30\0\24\0\0\0\0\0\r\0\0\0\0\0\0\0\0\0\0\0\0\0\0\0H\0\0\0\0\0\0\0 \0\0\0\0\0\0\0\0\0\0\0\0\0\0\0\0\0\0\0\1\0\0\0\377\377\377\377\377\377\377\377\0\0\0\0\0\0\0\0`\0\0\0\260\0\0\0\300\0\0\0\0\0\0\0\0\0\0\0\0\0\0\0P\0\0\0H\0\0\08\0\0\0\3\0\0\0\0\0\0\0\326R\267M\0\0\0\0i+C\340\0\0\0\0\0\0\0\0\30\0\0\0\0\0\0\0\0\0\0\0\0\0\0\0\0\0\0\0\0\0\0\0\20\0\0\0\0\0\0\0\0\0\0\0\0\0\0\0\20\0\0\0\1\0\0\0\0\0\0\0\0\0\0\0h\0\0\0\1\0\0\0\0\0\0\0\0\0\0\0*\0\0\0\0\0\0\0\0\0\0\0\0\0\0\0\200\7\0\0@\0\0\0+\0\0\0\0\0\0\0"..., iov_len=4096}], msg_iovlen=1, msg_controllen=0, msg_flags=0}, MSG_DONTWAIT) = 608
10685 openat(AT_FDCWD, "/usr/lib/locale/C.UTF-8/LC_IDENTIFICATION", O_RDONLY|O_CLOEXEC) = -1 ENOENT (No such file or directory)
10655 openat(AT_FDCWD, "/tmp/playwright_chromiumdev_profile-Lvy8gD/Default/commerce_subscription_db/LOG", O_WRONLY|O_CREAT|O_TRUNC, 0600 <unfinished ...>
10685 openat(AT_FDCWD, "/usr/lib/locale/C.utf8/LC_IDENTIFICATION", O_RDONLY|O_CLOEXEC) = 4
10655 <... openat resumed>)             = 69
10657 openat(AT_FDCWD, "/tmp/playwright_chromiumdev_profile-Lvy8gD/Default/Site Characteristics Database", O_RDONLY|O_NONBLOCK|O_CLOEXEC|O_DIRECTORY) = 68
10685 openat(AT_FDCWD, "/usr/lib/x86_64-linux-gnu/gconv/gconv-modules.cache", O_RDONLY|O_CLOEXEC <unfinished ...>
10655 openat(AT_FDCWD, "/tmp/playwright_chromiumdev_profile-Lvy8gD/Default/commerce_subscription_db/LOCK", O_RDWR <unfinished ...>
10692 openat(AT_FDCWD, "/proc/self/cmdline", O_RDONLY|O_CLOEXEC <unfinished ...>
10685 <... openat resumed>)             = 4
10692 <... openat resumed>)             = 20
10655 <... openat resumed>)             = -1 ENOENT (No such file or directory)
10655 openat(AT_FDCWD, "/tmp/playwright_chromiumdev_profile-Lvy8gD/Default/commerce_subscription_db/LOCK", O_RDWR|O_CREAT, 0600) = 70
10685 openat(AT_FDCWD, "/usr/lib/locale/C.UTF-8/LC_MEASUREMENT", O_RDONLY|O_CLOEXEC) = -1 ENOENT (No such file or directory)
10685 openat(AT_FDCWD, "/usr/lib/locale/C.utf8/LC_MEASUREMENT", O_RDONLY|O_CLOEXEC) = 4
10666 openat(AT_FDCWD, "/tmp/playwright_chromiumdev_profile-Lvy8gD/Default/chrome_cart_db/LOG", O_WRONLY|O_CREAT|O_TRUNC, 0600) = 70
10685 openat(AT_FDCWD, "/usr/lib/locale/C.UTF-8/LC_TELEPHONE", O_RDONLY|O_CLOEXEC) = -1 ENOENT (No such file or directory)
10685 openat(AT_FDCWD, "/usr/lib/locale/C.utf8/LC_TELEPHONE", O_RDONLY|O_CLOEXEC <unfinished ...>
10667 openat(AT_FDCWD, "/tmp/playwright_chromiumdev_profile-Lvy8gD/Default/discounts_db/LOG", O_WRONLY|O_CREAT|O_TRUNC, 0600 <unfinished ...>
10685 <... openat resumed>)             = 4
10667 <... openat resumed>)             = 69
10667 openat(AT_FDCWD, "/tmp/playwright_chromiumdev_profile-Lvy8gD/Default/discounts_db/LOCK", O_RDWR) = -1 ENOENT (No such file or directory)
10667 openat(AT_FDCWD, "/tmp/playwright_chromiumdev_profile-Lvy8gD/Default/discounts_db/LOCK", O_RDWR|O_CREAT, 0600 <unfinished ...>
10666 openat(AT_FDCWD, "/tmp/playwright_chromiumdev_profile-Lvy8gD/Default/chrome_cart_db/LOCK", O_RDWR <unfinished ...>
10685 openat(AT_FDCWD, "/usr/lib/locale/C.UTF-8/LC_ADDRESS", O_RDONLY|O_CLOEXEC <unfinished ...>
10666 <... openat resumed>)             = -1 ENOENT (No such file or directory)
10667 <... openat resumed>)             = 71
10692 sendto(14, "\20\0\0\0p\0\0\0\255\tJs\0\0\0\0\30\0\24\0\0\0\0\0\17\0\0\0\0\0\0\0\0\0\0\0\0\0\0\0H\0\0\0\0\0\0\0\r\0\0\0\0\0\0\0\0\0\0\0\0\0\0\0\0\0\0\0\1\0\0\0\0\0\0\0\0\0\0\0\0y\1\0\0\1\0\0\0\0\0\0\0\0\0\0\0\0\0\0\0\0\0\0\0\0\0\0\0\0\0\0", 112, MSG_NOSIGNAL, NULL, 0 <unfinished ...>
10685 <... openat resumed>)             = -1 ENOENT (No such file or directory)
10666 openat(AT_FDCWD, "/tmp/playwright_chromiumdev_profile-Lvy8gD/Default/chrome_cart_db/LOCK", O_RDWR|O_CREAT, 0600 <unfinished ...>
10692 <... sendto resumed>)             = 112
10685 openat(AT_FDCWD, "/usr/lib/locale/C.utf8/LC_ADDRESS", O_RDONLY|O_CLOEXEC <unfinished ...>
10666 <... openat resumed>)             = 72
10659 recvmsg(41,  <unfinished ...>
10685 <... openat resumed>)             = 4
10659 <... recvmsg resumed>{msg_name=NULL, msg_namelen=0, msg_iov=[{iov_base="\20\0\0\0p\0\0\0\255\tJs\0\0\0\0\30\0\24\0\0\0\0\0\17\0\0\0\0\0\0\0\0\0\0\0\0\0\0\0H\0\0\0\0\0\0\0\r\0\0\0\0\0\0\0\0\0\0\0\0\0\0\0\0\0\0\0\1\0\0\0\0\0\0\0\0\0\0\0\0y\1\0\0\1\0\0\0\0\0\0\0\0\0\0\0\0\0\0\0\0\0\0\0\0\0\0\0\0\0\0", iov_len=4096}], msg_iovlen=1, msg_controllen=0, msg_flags=0}, MSG_DONTWAIT) = 112
10655 openat(AT_FDCWD, "/tmp/playwright_chromiumdev_profile-Lvy8gD/Default/parcel_tracking_db/LOG", O_WRONLY|O_CREAT|O_TRUNC, 0600) = 68
10686 sendto(14, "\20\0\0\0\350\0\0\0\260\vJs\0\0\0\0\30\0\24\0\0\0\0\0\20\0\0\0\0\0\0\0\0\0\0\0\0\0\0\0H\0\0\0\0\0\0\0\21\0\0\0\0\0\0\0\0\0\0\0\0\0\0\0\0\0\0\0\1\0\0\0\0\0\0\0\0\0\0\0\0z\1\0\0\1\0\0\0\0\0\0`\0\0\0p\0\0\0\0\0\0\0\0\0\0\0\0\0\0\0\20\0\0\0\1\0\0\0\0\0\0\0\0\0\0\0h\0\0\0\1\0\0\0\0\0\0\0\0\0\0\0,\0\0\0\0\0\0\0\0\0\0\0\0\0\0\0\300\7\0\0@\0\0\0-\0\0\0\0\0\0\0\0\0\0\0\0\0\0\0\0\0\0\0\0\0\0\0\0\0\0\0\0\0\0\0\2\0\0\0\0\0\0\0\0\0\0\0\0\0\0\0\0\0\0\0\0\0\0\0\0\0\0\0\0\0\0\0", 232, MSG_NOSIGNAL, NULL, 0 <unfinished ...>
10685 openat(AT_FDCWD, "/usr/lib/locale/C.UTF-8/LC_NAME", O_RDONLY|O_CLOEXEC <unfinished ...>
10686 <... sendto resumed>)             = 232
10685 <... openat resumed>)             = -1 ENOENT (No such file or directory)
10657 openat(AT_FDCWD, "/tmp/playwright_chromiumdev_profile-Lvy8gD/Default/Site Characteristics Database/000003.log", O_WRONLY|O_CREAT|O_TRUNC, 0600 <unfinished ...>
10659 recvmsg(41,  <unfinished ...>
10655 openat(AT_FDCWD, "/tmp/playwright_chromiumdev_profile-Lvy8gD/Default/parcel_tracking_db/LOCK", O_RDWR <unfinished ...>
10685 openat(AT_FDCWD, "/usr/lib/locale/C.utf8/LC_NAME", O_RDONLY|O_CLOEXEC <unfinished ...>
10657 <... openat resumed>)             = 73
10655 <... openat resumed>)             = -1 ENOENT (No such file or directory)
10685 <... openat resumed>)             = 4
10659 <... recvmsg resumed>{msg_name=NULL, msg_namelen=0, msg_iov=[{iov_base="\20\0\0\0\350\0\0\0\260\vJs\0\0\0\0\30\0\24\0\0\0\0\0\20\0\0\0\0\0\0\0\0\0\0\0\0\0\0\0H\0\0\0\0\0\0\0\21\0\0\0\0\0\0\0\0\0\0\0\0\0\0\0\0\0\0\0\1\0\0\0\0\0\0\0\0\0\0\0\0z\1\0\0\1\0\0\0\0\0\0`\0\0\0p\0\0\0\0\0\0\0\0\0\0\0\0\0\0\0\20\0\0\0\1\0\0\0\0\0\0\0\0\0\0\0h\0\0\0\1\0\0\0\0\0\0\0\0\0\0\0,\0\0\0\0\0\0\0\0\0\0\0\0\0\0\0\300\7\0\0@\0\0\0-\0\0\0\0\0\0\0\0\0\0\0\0\0\0\0\0\0\0\0\0\0\0\0\0\0\0\0\0\0\0\0\2\0\0\0\0\0\0\0\0\0\0\0\0\0\0\0\0\0\0\0\0\0\0\0\0\0\0\0\0\0\0\0", iov_len=4096}], msg_iovlen=1, msg_controllen=0, msg_flags=0}, MSG_DONTWAIT) = 232
10655 openat(AT_FDCWD, "/tmp/playwright_chromiumdev_profile-Lvy8gD/Default/parcel_tracking_db/LOCK", O_RDWR|O_CREAT, 0600) = 71
10685 openat(AT_FDCWD, "/usr/lib/locale/C.UTF-8/LC_PAPER", O_RDONLY|O_CLOEXEC) = -1 ENOENT (No such file or directory)
10657 openat(AT_FDCWD, "/tmp/playwright_chromiumdev_profile-Lvy8gD/Default/Site Characteristics Database", O_RDONLY|O_NONBLOCK|O_CLOEXEC|O_DIRECTORY <unfinished ...>
10685 openat(AT_FDCWD, "/usr/lib/locale/C.utf8/LC_PAPER", O_RDONLY|O_CLOEXEC <unfinished ...>
10657 <... openat resumed>)             = 70
10685 <... openat resumed>)             = 4
10695 openat(AT_FDCWD, "/tmp/playwright_chromiumdev_profile-Lvy8gD/Default/Segmentation Platform/SegmentInfoDB/LOG", O_WRONLY|O_CREAT|O_TRUNC, 0600) = 69
10695 openat(AT_FDCWD, "/tmp/playwright_chromiumdev_profile-Lvy8gD/Default/Segmentation Platform/SegmentInfoDB/LOCK", O_RDWR <unfinished ...>
10685 openat(AT_FDCWD, "/usr/lib/locale/C.UTF-8/LC_MESSAGES", O_RDONLY|O_CLOEXEC) = -1 ENOENT (No such file or directory)
10693 openat(AT_FDCWD, "/tmp/playwright_chromiumdev_profile-Lvy8gD/Default/discount_infos_db/LOG", O_WRONLY|O_CREAT|O_TRUNC, 0600 <unfinished ...>
10685 openat(AT_FDCWD, "/usr/lib/locale/C.utf8/LC_MESSAGES", O_RDONLY|O_CLOEXEC <unfinished ...>
10695 <... openat resumed>)             = -1 ENOENT (No such file or directory)
10693 <... openat resumed>)             = 71
10695 openat(AT_FDCWD, "/tmp/playwright_chromiumdev_profile-Lvy8gD/Default/Segmentation Platform/SegmentInfoDB/LOCK", O_RDWR|O_CREAT, 0600 <unfinished ...>
10685 <... openat resumed>)             = 4
10695 <... openat resumed>)             = 72
10685 openat(AT_FDCWD, "/usr/lib/locale/C.utf8/LC_MESSAGES/SYS_LC_MESSAGES", O_RDONLY|O_CLOEXEC) = 4
10663 openat(AT_FDCWD, "/tmp/playwright_chromiumdev_profile-Lvy8gD/Default/Login Data For Account-journal", O_RDWR|O_CREAT|O_NOFOLLOW|O_CLOEXEC, 0600) = 68
10685 openat(AT_FDCWD, "/usr/lib/locale/C.UTF-8/LC_MONETARY", O_RDONLY|O_CLOEXEC) = -1 ENOENT (No such file or directory)
10685 openat(AT_FDCWD, "/usr/lib/locale/C.utf8/LC_MONETARY", O_RDONLY|O_CLOEXEC) = 4
10686 sendto(14, "\20\0\0\0p\0\0\0\345\25Js\0\0\0\0\30\0\24\0\0\0\0\0\21\0\0\0\0\0\0\0\0\0\0\0\0\0\0\0H\0\0\0\0\0\0\0#\0\0\0\0\0\0\0\1\0\0\0\0\0\0\0\0\0\0\0\1\0\0\0\0\0\0\0\0\0\0\0\0{\1\0\0\1\0\0\0\0\0\0\0\0\0\0\0\0\0\0\0\0\0\0\0\0\0\0\0\0\0\0", 112, MSG_NOSIGNAL, NULL, 0) = 112
10686 sendto(14, "\20\0\0\0\350\0\0\0>\26Js\0\0\0\0\30\0\24\0\0\0\0\0\22\0\0\0\0\0\0\0\0\0\0\0\0\0\0\0H\0\0\0\0\0\0\0\21\0\0\0\0\0\0\0\1\0\0\0\0\0\0\0\0\0\0\0\1\0\0\0\0\0\0\0\0\0\0\0\0|\1\0\0\1\0\0\0\0\0\0`\0\0\0p\0\0\0\0\0\0\0\0\0\0\0\0\0\0\0\20\0\0\0\1\0\0\0\0\0\0\0\0\0\0\0h\0\0\0\1\0\0\0\0\0\0\0\0\0\0\0.\0\0\0\0\0\0\0\0\0\0\0\0\0\0\0\0\10\0\0@\0\0\0/\0\0\0\0\0\0\0\0\0\0\0\0\0\0\0\0\0\0\0\0\0\0\0\0\0\0\0\0\0\0\0\2\0\0\0\0\0\0\0\0\0\0\0\0\0\0\0\0\0\0\0\0\0\0\0\0\0\0\0\0\0\0\0", 232, MSG_NOSIGNAL, NULL, 0 <unfinished ...>
10659 recvmsg(41,  <unfinished ...>
10686 <... sendto resumed>)             = 232
10685 openat(AT_FDCWD, "/usr/lib/locale/C.UTF-8/LC_COLLATE", O_RDONLY|O_CLOEXEC) = -1 ENOENT (No such file or directory)
10659 <... recvmsg resumed>{msg_name=NULL, msg_namelen=0, msg_iov=[{iov_base="\20\0\0\0p\0\0\0\345\25Js\0\0\0\0\30\0\24\0\0\0\0\0\21\0\0\0\0\0\0\0\0\0\0\0\0\0\0\0H\0\0\0\0\0\0\0#\0\0\0\0\0\0\0\1\0\0\0\0\0\0\0\0\0\0\0\1\0\0\0\0\0\0\0\0\0\0\0\0{\1\0\0\1\0\0\0\0\0\0\0\0\0\0\0\0\0\0\0\0\0\0\0\0\0\0\0\0\0\0\20\0\0\0\350\0\0\0>\26Js\0\0\0\0\30\0\24\0\0\0\0\0\22\0\0\0\0\0\0\0\0\0\0\0\0\0\0\0H\0\0\0\0\0\0\0\21\0\0\0\0\0\0\0\1\0\0\0\0\0\0\0\0\0\0\0\1\0\0\0\0\0\0\0\0\0\0\0\0|\1\0\0\1\0\0\0\0\0\0`\0\0\0p\0\0\0\0\0\0\0\0\0\0\0\0\0\0\0\20\0\0\0\1\0\0\0\0\0\0\0\0\0\0\0h\0\0\0\1\0\0\0\0\0\0\0\0\0\0\0"..., iov_len=4096}], msg_iovlen=1, msg_controllen=0, msg_flags=0}, MSG_DONTWAIT) = 344
10685 openat(AT_FDCWD, "/usr/lib/locale/C.utf8/LC_COLLATE", O_RDONLY|O_CLOEXEC) = 4
10685 openat(AT_FDCWD, "/usr/lib/locale/C.UTF-8/LC_TIME", O_RDONLY|O_CLOEXEC <unfinished ...>
10692 sendto(14, "\20\0\0\0p\0\0\0)\30Js\0\0\0\0\30\0\24\0\0\0\0\0\23\0\0\0\0\0\0\0\0\0\0\0\0\0\0\0H\0\0\0\0\0\0\0.\0\0\0\0\0\0\0\0\0\0\0\0\0\0\0\0\0\0\0\1\0\0\0\0\0\0\0\0\0\0\0\0}\1\0\0\1\0\0\0\0\0\0\0\0\0\0\0\0\0\0\0\0\0\0\0\0\0\0\0\0\0\0", 112, MSG_NOSIGNAL, NULL, 0 <unfinished ...>
10685 <... openat resumed>)             = -1 ENOENT (No such file or directory)
10692 <... sendto resumed>)             = 112
10685 openat(AT_FDCWD, "/usr/lib/locale/C.utf8/LC_TIME", O_RDONLY|O_CLOEXEC <unfinished ...>
10659 recvmsg(41,  <unfinished ...>
10685 <... openat resumed>)             = 4
10659 <... recvmsg resumed>{msg_name=NULL, msg_namelen=0, msg_iov=[{iov_base="\20\0\0\0p\0\0\0)\30Js\0\0\0\0\30\0\24\0\0\0\0\0\23\0\0\0\0\0\0\0\0\0\0\0\0\0\0\0H\0\0\0\0\0\0\0.\0\0\0\0\0\0\0\0\0\0\0\0\0\0\0\0\0\0\0\1\0\0\0\0\0\0\0\0\0\0\0\0}\1\0\0\1\0\0\0\0\0\0\0\0\0\0\0\0\0\0\0\0\0\0\0\0\0\0\0\0\0\0", iov_len=4096}], msg_iovlen=1, msg_controllen=0, msg_flags=0}, MSG_DONTWAIT) = 112
10685 openat(AT_FDCWD, "/usr/lib/locale/C.UTF-8/LC_NUMERIC", O_RDONLY|O_CLOEXEC) = -1 ENOENT (No such file or directory)
10685 openat(AT_FDCWD, "/usr/lib/locale/C.utf8/LC_NUMERIC", O_RDONLY|O_CLOEXEC) = 4
10685 openat(AT_FDCWD, "/usr/lib/locale/C.UTF-8/LC_CTYPE", O_RDONLY|O_CLOEXEC) = -1 ENOENT (No such file or directory)
10685 openat(AT_FDCWD, "/usr/lib/locale/C.utf8/LC_CTYPE", O_RDONLY|O_CLOEXEC) = 4
10693 openat(AT_FDCWD, "/tmp/playwright_chromiumdev_profile-Lvy8gD/Default/discount_infos_db/LOCK", O_RDWR) = -1 ENOENT (No such file or directory)
10693 openat(AT_FDCWD, "/tmp/playwright_chromiumdev_profile-Lvy8gD/Default/discount_infos_db/LOCK", O_RDWR|O_CREAT, 0600) = 69
10657 openat(AT_FDCWD, "/tmp/playwright_chromiumdev_profile-Lvy8gD/Default/Site Characteristics Database", O_RDONLY|O_NONBLOCK|O_CLOEXEC|O_DIRECTORY) = 70
10695 openat(AT_FDCWD, "/tmp/playwright_chromiumdev_profile-Lvy8gD/Default/Segmentation Platform/SignalDB/LOG", O_WRONLY|O_CREAT|O_TRUNC, 0600) = 72
10666 sendto(41, "\20\0\0\0p\0\0\0\24 Js\0\0\0\0\30\0\24\0\0\0\0\0\f\0\0\0\0\0\0\0\0\0\0\0\0\0\0\0H\0\0\0\0\0\0\0.\0\0\0\0\0\0\0\0\0\0\0\0\0\0\0\0\0\0\0\1\0\0\0\0\0\0\0\0\0\0\0\0|\1\0\0\1\0\0\0\0\0\0\0\0\0\0\0\0\0\0\0\0\0\0\0\0\0\0\0\0\0\0", 112, MSG_NOSIGNAL, NULL, 0) = 112
10692 recvmsg(14, {msg_name=NULL, msg_namelen=0, msg_iov=[{iov_base="\20\0\0\0p\0\0\0\24 Js\0\0\0\0\30\0\24\0\0\0\0\0\f\0\0\0\0\0\0\0\0\0\0\0\0\0\0\0H\0\0\0\0\0\0\0.\0\0\0\0\0\0\0\0\0\0\0\0\0\0\0\0\0\0\0\1\0\0\0\0\0\0\0\0\0\0\0\0|\1\0\0\1\0\0\0\0\0\0\0\0\0\0\0\0\0\0\0\0\0\0\0\0\0\0\0\0\0\0", iov_len=4096}], msg_iovlen=1, msg_controllen=0, msg_flags=0}, MSG_DONTWAIT) = 112
10695 openat(AT_FDCWD, "/tmp/playwright_chromiumdev_profile-Lvy8gD/Default/Segmentation Platform/SignalDB/LOCK", O_RDWR) = -1 ENOENT (No such file or directory)
10695 openat(AT_FDCWD, "/tmp/playwright_chromiumdev_profile-Lvy8gD/Default/Segmentation Platform/SignalDB/LOCK", O_RDWR|O_CREAT, 0600) = 69
10685 openat(AT_FDCWD, "/proc/self/status", O_RDONLY) = 4
10692 sendto(14, "\20\0\0\0p\0\0\0\247\"Js\0\0\0\0\30\0\24\0\0\0\0\0\24\0\0\0\0\0\0\0\0\0\0\0\0\0\0\0H\0\0\0\0\0\0\0.\0\0\0\0\0\0\0\1\0\0\0\0\0\0\0\0\0\0\0\1\0\0\0\0\0\0\0\0\0\0\0\0|\1\0\0\1\0\0\0\0\0\0\0\0\0\0\0\0\0\0\0\0\0\0\0\0\0\0\0\0\0\0", 112, MSG_NOSIGNAL, NULL, 0) = 112
10659 recvmsg(41,  <unfinished ...>
10685 openat(AT_FDCWD, "/opt/google/chrome/icudtl.dat", O_RDONLY <unfinished ...>
10659 <... recvmsg resumed>{msg_name=NULL, msg_namelen=0, msg_iov=[{iov_base="\20\0\0\0p\0\0\0\247\"Js\0\0\0\0\30\0\24\0\0\0\0\0\24\0\0\0\0\0\0\0\0\0\0\0\0\0\0\0H\0\0\0\0\0\0\0.\0\0\0\0\0\0\0\1\0\0\0\0\0\0\0\0\0\0\0\1\0\0\0\0\0\0\0\0\0\0\0\0|\1\0\0\1\0\0\0\0\0\0\0\0\0\0\0\0\0\0\0\0\0\0\0\0\0\0\0\0\0\0", iov_len=4096}], msg_iovlen=1, msg_controllen=0, msg_flags=0}, MSG_DONTWAIT) = 112
10685 <... openat resumed>)             = 4
10685 openat(AT_FDCWD, "/etc/localtime", O_RDONLY|O_CLOEXEC) = 7
10657 openat(AT_FDCWD, "/tmp/playwright_chromiumdev_profile-Lvy8gD/Default/LOG", O_WRONLY|O_CREAT|O_TRUNC, 0600 <unfinished ...>
10685 openat(AT_FDCWD, "/opt/google/chrome/chrome_100_percent.pak", O_RDONLY) = 7
10657 <... openat resumed>)             = 69
10685 openat(AT_FDCWD, "/opt/google/chrome/chrome_200_percent.pak", O_RDONLY <unfinished ...>
10693 sendto(41, "\20\0\0\0p\0\0\0\\,Js\0\0\0\0\30\0\24\0\0\0\0\0\r\0\0\0\0\0\0\0\0\0\0\0\0\0\0\0H\0\0\0\0\0\0\0.\0\0\0\0\0\0\0\1\0\0\0\0\0\0\0\0\0\0\0\1\0\0\0\0\0\0\0\0\0\0\0\0}\1\0\0\1\0\0\0\0\0\0\0\0\0\0\0\0\0\0\0\0\0\0\0\0\0\0\0\0\0\0", 112, MSG_NOSIGNAL, NULL, 0 <unfinished ...>
10685 <... openat resumed>)             = 8
10693 <... sendto resumed>)             = 112
10692 recvmsg(14, {msg_name=NULL, msg_namelen=0, msg_iov=[{iov_base="\20\0\0\0p\0\0\0\\,Js\0\0\0\0\30\0\24\0\0\0\0\0\r\0\0\0\0\0\0\0\0\0\0\0\0\0\0\0H\0\0\0\0\0\0\0.\0\0\0\0\0\0\0\1\0\0\0\0\0\0\0\0\0\0\0\1\0\0\0\0\0\0\0\0\0\0\0\0}\1\0\0\1\0\0\0\0\0\0\0\0\0\0\0\0\0\0\0\0\0\0\0\0\0\0\0\0\0\0", iov_len=4096}], msg_iovlen=1, msg_controllen=0, msg_flags=0}, MSG_DONTWAIT) = 112
10657 openat(AT_FDCWD, "/tmp/playwright_chromiumdev_profile-Lvy8gD/Default/LOCK", O_RDWR) = -1 ENOENT (No such file or directory)
10685 openat(AT_FDCWD, "/usr/share/locale/locale.alias", O_RDONLY|O_CLOEXEC) = 9
10657 openat(AT_FDCWD, "/tmp/playwright_chromiumdev_profile-Lvy8gD/Default/LOCK", O_RDWR|O_CREAT, 0600) = 70
10695 openat(AT_FDCWD, "/tmp/playwright_chromiumdev_profile-Lvy8gD/Default/Segmentation Platform/SignalStorageConfigDB/LOG", O_WRONLY|O_CREAT|O_TRUNC, 0600) = 71
10693 openat(AT_FDCWD, "/tmp/playwright_chromiumdev_profile-Lvy8gD/Default/PersistentOriginTrials/LOG", O_WRONLY|O_CREAT|O_TRUNC, 0600 <unfinished ...>
10692 sendto(14, "\20\0\0\0p\0\0\0'0Js\0\0\0\0\30\0\24\0\0\0\0\0\25\0\0\0\0\0\0\0\0\0\0\0\0\0\0\0H\0\0\0\0\0\0\0.\0\0\0\0\0\0\0\2\0\0\0\0\0\0\0\0\0\0\0\1\0\0\0\0\0\0\0\0\0\0\0\0}\1\0\0\1\0\0\0\0\0\0\0\0\0\0\0\0\0\0\0\0\0\0\0\0\0\0\0\0\0\0", 112, MSG_NOSIGNAL, NULL, 0 <unfinished ...>
10693 <... openat resumed>)             = 72
10692 <... sendto resumed>)             = 112
10659 recvmsg(41,  <unfinished ...>
10693 openat(AT_FDCWD, "/tmp/playwright_chromiumdev_profile-Lvy8gD/Default/PersistentOriginTrials/LOCK", O_RDWR <unfinished ...>
10659 <... recvmsg resumed>{msg_name=NULL, msg_namelen=0, msg_iov=[{iov_base="\20\0\0\0p\0\0\0'0Js\0\0\0\0\30\0\24\0\0\0\0\0\25\0\0\0\0\0\0\0\0\0\0\0\0\0\0\0H\0\0\0\0\0\0\0.\0\0\0\0\0\0\0\2\0\0\0\0\0\0\0\0\0\0\0\1\0\0\0\0\0\0\0\0\0\0\0\0}\1\0\0\1\0\0\0\0\0\0\0\0\0\0\0\0\0\0\0\0\0\0\0\0\0\0\0\0\0\0", iov_len=4096}], msg_iovlen=1, msg_controllen=0, msg_flags=0}, MSG_DONTWAIT) = 112
10693 <... openat resumed>)             = -1 ENOENT (No such file or directory)
10693 openat(AT_FDCWD, "/tmp/playwright_chromiumdev_profile-Lvy8gD/Default/PersistentOriginTrials/LOCK", O_RDWR|O_CREAT, 0600) = 70
10695 openat(AT_FDCWD, "/tmp/playwright_chromiumdev_profile-Lvy8gD/Default/Segmentation Platform/SignalStorageConfigDB/LOCK", O_RDWR <unfinished ...>
10685 openat(AT_FDCWD, "/opt/google/chrome/locales/en-US.pak", O_RDONLY <unfinished ...>
10695 <... openat resumed>)             = -1 ENOENT (No such file or directory)
10685 <... openat resumed>)             = 9
10685 openat(AT_FDCWD, "/opt/google/chrome/resources.pak", O_RDONLY <unfinished ...>
10695 openat(AT_FDCWD, "/tmp/playwright_chromiumdev_profile-Lvy8gD/Default/Segmentation Platform/SignalStorageConfigDB/LOCK", O_RDWR|O_CREAT, 0600 <unfinished ...>
10685 <... openat resumed>)             = 11
10695 <... openat resumed>)             = 69
10655 sendto(41, "\20\0\0\0p\0\0\0\0305Js\0\0\0\0\30\0\24\0\0\0\0\0\16\0\0\0\0\0\0\0\0\0\0\0\0\0\0\0H\0\0\0\0\0\0\0.\0\0\0\0\0\0\0\2\0\0\0\0\0\0\0\0\0\0\0\1\0\0\0\0\0\0\0\0\0\0\0\0|\1\0\0\1\0\0\0\0\0\0\0\0\0\0\0\0\0\0\0\0\0\0\0\0\0\0\0\0\0\0", 112, MSG_NOSIGNAL, NULL, 0) = 112
10692 recvmsg(14, {msg_name=NULL, msg_namelen=0, msg_iov=[{iov_base="\20\0\0\0p\0\0\0\0305Js\0\0\0\0\30\0\24\0\0\0\0\0\16\0\0\0\0\0\0\0\0\0\0\0\0\0\0\0H\0\0\0\0\0\0\0.\0\0\0\0\0\0\0\2\0\0\0\0\0\0\0\0\0\0\0\1\0\0\0\0\0\0\0\0\0\0\0\0|\1\0\0\1\0\0\0\0\0\0\0\0\0\0\0\0\0\0\0\0\0\0\0\0\0\0\0\0\0\0", iov_len=4096}], msg_iovlen=1, msg_controllen=0, msg_flags=0}, MSG_DONTWAIT) = 112
10692 sendto(14, "\20\0\0\0p\0\0\0.9Js\0\0\0\0\30\0\24\0\0\0\0\0\26\0\0\0\0\0\0\0\0\0\0\0\0\0\0\0H\0\0\0\0\0\0\0.\0\0\0\0\0\0\0\3\0\0\0\0\0\0\0\0\0\0\0\1\0\0\0\0\0\0\0\0\0\0\0\0|\1\0\0\1\0\0\0\0\0\0\0\0\0\0\0\0\0\0\0\0\0\0\0\0\0\0\0\0\0\0", 112, MSG_NOSIGNAL, NULL, 0) = 112
10659 recvmsg(41, {msg_name=NULL, msg_namelen=0, msg_iov=[{iov_base="\20\0\0\0p\0\0\0.9Js\0\0\0\0\30\0\24\0\0\0\0\0\26\0\0\0\0\0\0\0\0\0\0\0\0\0\0\0H\0\0\0\0\0\0\0.\0\0\0\0\0\0\0\3\0\0\0\0\0\0\0\0\0\0\0\1\0\0\0\0\0\0\0\0\0\0\0\0|\1\0\0\1\0\0\0\0\0\0\0\0\0\0\0\0\0\0\0\0\0\0\0\0\0\0\0\0\0\0", iov_len=4096}], msg_iovlen=1, msg_controllen=0, msg_flags=0}, MSG_DONTWAIT) = 112
10695 openat(AT_FDCWD, "/tmp/playwright_chromiumdev_profile-Lvy8gD/Default/Local Storage/leveldb/LOG", O_WRONLY|O_CREAT|O_TRUNC, 0600) = 69
10695 sendmsg(41, {msg_name=NULL, msg_namelen=0, msg_iov=[{iov_base="\20\0\1\0\250\0\0\0\36<Js\0\0\0\0\30\0\24\0\0\0\0\0\17\0\0\0\0\0\0\0p\0\0\0\0\0\0\0H\0\0\0\0\0\0\0.\0\0\0\0\0\0\0\3\0\0\0\0\0\0\0\0\0\0\0\1\0\0\0\0\0\0\0\0\0\0\0\0}\1\0\0\1\0\0\0\0\0\0`\0\0\0\0\0\0\0\0\0\0\0\0\0\0\0\1\0\0\0\20\0\0\0\1\0\0\0\1\0\0\0\0\0\0\0\20\0\0\0\1\0\0\0\200\0\0\0\0\0\1\0\30\0\0\0\20\0\0\0\10\0\0\0\4\0\0\0\10\0\0\0\0\0\0\0", iov_len=168}], msg_iovlen=1, msg_control=[{cmsg_len=20, cmsg_level=SOL_SOCKET, cmsg_type=SCM_RIGHTS, cmsg_data=[69]}], msg_controllen=20, msg_flags=0}, MSG_NOSIGNAL) = 168
10692 recvmsg(14, {msg_name=NULL, msg_namelen=0, msg_iov=[{iov_base="\20\0\1\0\250\0\0\0\36<Js\0\0\0\0\30\0\24\0\0\0\0\0\17\0\0\0\0\0\0\0p\0\0\0\0\0\0\0H\0\0\0\0\0\0\0.\0\0\0\0\0\0\0\3\0\0\0\0\0\0\0\0\0\0\0\1\0\0\0\0\0\0\0\0\0\0\0\0}\1\0\0\1\0\0\0\0\0\0`\0\0\0\0\0\0\0\0\0\0\0\0\0\0\0\1\0\0\0\20\0\0\0\1\0\0\0\1\0\0\0\0\0\0\0\20\0\0\0\1\0\0\0\200\0\0\0\0\0\1\0\30\0\0\0\20\0\0\0\10\0\0\0\4\0\0\0\10\0\0\0\0\0\0\0", iov_len=4096}], msg_iovlen=1, msg_control=[{cmsg_len=20, cmsg_level=SOL_SOCKET, cmsg_type=SCM_RIGHTS, cmsg_data=[20]}], msg_controllen=24, msg_flags=0}, MSG_DONTWAIT) = 168
10692 sendto(14, "\20\0\0\0p\0\0\0\315>Js\0\0\0\0\30\0\24\0\0\0\0\0\27\0\0\0\0\0\0\0\0\0\0\0\0\0\0\0H\0\0\0\0\0\0\0.\0\0\0\0\0\0\0\4\0\0\0\0\0\0\0\0\0\0\0\1\0\0\0\0\0\0\0\0\0\0\0\0}\1\0\0\1\0\0\0\0\0\0\0\0\0\0\0\0\0\0\0\0\0\0\0\0\0\0\0\0\0\0", 112, MSG_NOSIGNAL, NULL, 0) = 112
10659 recvmsg(41,  <unfinished ...>
10655 openat(AT_FDCWD, "/tmp/playwright_chromiumdev_profile-Lvy8gD/Default/Extension Rules/LOG", O_WRONLY|O_CREAT|O_TRUNC, 0600 <unfinished ...>
10659 <... recvmsg resumed>{msg_name=NULL, msg_namelen=0, msg_iov=[{iov_base="\20\0\0\0p\0\0\0\315>Js\0\0\0\0\30\0\24\0\0\0\0\0\27\0\0\0\0\0\0\0\0\0\0\0\0\0\0\0H\0\0\0\0\0\0\0.\0\0\0\0\0\0\0\4\0\0\0\0\0\0\0\0\0\0\0\1\0\0\0\0\0\0\0\0\0\0\0\0}\1\0\0\1\0\0\0\0\0\0\0\0\0\0\0\0\0\0\0\0\0\0\0\0\0\0\0\0\0\0", iov_len=4096}], msg_iovlen=1, msg_controllen=0, msg_flags=0}, MSG_DONTWAIT) = 112
10655 <... openat resumed>)             = 69
10655 openat(AT_FDCWD, "/tmp/playwright_chromiumdev_profile-Lvy8gD/Default/Extension Rules/LOCK", O_RDWR) = -1 ENOENT (No such file or directory)
10655 openat(AT_FDCWD, "/tmp/playwright_chromiumdev_profile-Lvy8gD/Default/Extension Rules/LOCK", O_RDWR|O_CREAT, 0600) = 70
10657 sendto(41, "\20\0\0\0p\0\0\0}AJs\0\0\0\0\30\0\24\0\0\0\0\0\20\0\0\0\0\0\0\0\0\0\0\0\0\0\0\0H\0\0\0\0\0\0\0.\0\0\0\0\0\0\0\4\0\0\0\0\0\0\0\0\0\0\0\1\0\0\0\0\0\0\0\0\0\0\0\0|\1\0\0\1\0\0\0\0\0\0\0\0\0\0\0\0\0\0\0\0\0\0\0\0\0\0\0\0\0\0", 112, MSG_NOSIGNAL, NULL, 0) = 112
10692 recvmsg(14, {msg_name=NULL, msg_namelen=0, msg_iov=[{iov_base="\20\0\0\0p\0\0\0}AJs\0\0\0\0\30\0\24\0\0\0\0\0\20\0\0\0\0\0\0\0\0\0\0\0\0\0\0\0H\0\0\0\0\0\0\0.\0\0\0\0\0\0\0\4\0\0\0\0\0\0\0\0\0\0\0\1\0\0\0\0\0\0\0\0\0\0\0\0|\1\0\0\1\0\0\0\0\0\0\0\0\0\0\0\0\0\0\0\0\0\0\0\0\0\0\0\0\0\0", iov_len=4096}], msg_iovlen=1, msg_controllen=0, msg_flags=0}, MSG_DONTWAIT) = 112
10655 openat(AT_FDCWD, "/tmp/playwright_chromiumdev_profile-Lvy8gD/Default/Extension Rules/MANIFEST-000001", O_WRONLY|O_CREAT|O_TRUNC, 0600) = 71
10692 sendto(14, "\20\0\0\0p\0\0\0\0DJs\0\0\0\0\30\0\24\0\0\0\0\0\30\0\0\0\0\0\0\0\0\0\0\0\0\0\0\0H\0\0\0\0\0\0\0.\0\0\0\0\0\0\0\5\0\0\0\0\0\0\0\0\0\0\0\1\0\0\0\0\0\0\0\0\0\0\0\0|\1\0\0\1\0\0\0\0\0\0\0\0\0\0\0\0\0\0\0\0\0\0\0\0\0\0\0\0\0\0", 112, MSG_NOSIGNAL, NULL, 0) = 112
10659 recvmsg(41, {msg_name=NULL, msg_namelen=0, msg_iov=[{iov_base="\20\0\0\0p\0\0\0\0DJs\0\0\0\0\30\0\24\0\0\0\0\0\30\0\0\0\0\0\0\0\0\0\0\0\0\0\0\0H\0\0\0\0\0\0\0.\0\0\0\0\0\0\0\5\0\0\0\0\0\0\0\0\0\0\0\1\0\0\0\0\0\0\0\0\0\0\0\0|\1\0\0\1\0\0\0\0\0\0\0\0\0\0\0\0\0\0\0\0\0\0\0\0\0\0\0\0\0\0", iov_len=4096}], msg_iovlen=1, msg_controllen=0, msg_flags=0}, MSG_DONTWAIT) = 112
10655 openat(AT_FDCWD, "/tmp/playwright_chromiumdev_profile-Lvy8gD/Default/Extension Rules", O_RDONLY) = 72
10657 openat(AT_FDCWD, "/tmp/playwright_chromiumdev_profile-Lvy8gD/Default/Local Storage/leveldb/LOCK", O_RDWR) = -1 ENOENT (No such file or directory)
10657 openat(AT_FDCWD, "/tmp/playwright_chromiumdev_profile-Lvy8gD/Default/Local Storage/leveldb/LOCK", O_RDWR|O_CREAT, 0600) = 74
10657 sendto(41, "\20\0\0\0\350\0\0\0AJJs\0\0\0\0\30\0\24\0\0\0\0\0\21\0\0\0\0\0\0\0\0\0\0\0\0\0\0\0H\0\0\0\0\0\0\0.\0\0\0\0\0\0\0\5\0\0\0\0\0\0\0\0\0\0\0\1\0\0\0\0\0\0\0\0\0\0\0\0}\1\0\0\1\0\0\0\0\0\0`\0\0\0p\0\0\0\0\0\0\0\0\0\0\0\0\0\0\0\20\0\0\0\1\0\0\0\0\0\0\0\0\0\0\0h\0\0\0\1\0\0\0\0\0\0\0\0\0\0\0000\0\0\0\0\0\0\0\0\0\0\0\0\0\0\0@\10\0\0@\0\0\0001\0\0\0\0\0\0\0\0\0\0\0\0\0\0\0\0\0\0\0\0\0\0\0\0\0\0\0\0\0\0\0\2\0\0\0\0\0\0\0\0\0\0\0\0\0\0\0\0\0\0\0\0\0\0\0\0\0\0\0\0\0\0\0", 232, MSG_NOSIGNAL, NULL, 0) = 232
10692 recvmsg(14, {msg_name=NULL, msg_namelen=0, msg_iov=[{iov_base="\20\0\0\0\350\0\0\0AJJs\0\0\0\0\30\0\24\0\0\0\0\0\21\0\0\0\0\0\0\0\0\0\0\0\0\0\0\0H\0\0\0\0\0\0\0.\0\0\0\0\0\0\0\5\0\0\0\0\0\0\0\0\0\0\0\1\0\0\0\0\0\0\0\0\0\0\0\0}\1\0\0\1\0\0\0\0\0\0`\0\0\0p\0\0\0\0\0\0\0\0\0\0\0\0\0\0\0\20\0\0\0\1\0\0\0\0\0\0\0\0\0\0\0h\0\0\0\1\0\0\0\0\0\0\0\0\0\0\0000\0\0\0\0\0\0\0\0\0\0\0\0\0\0\0@\10\0\0@\0\0\0001\0\0\0\0\0\0\0\0\0\0\0\0\0\0\0\0\0\0\0\0\0\0\0\0\0\0\0\0\0\0\0\2\0\0\0\0\0\0\0\0\0\0\0\0\0\0\0\0\0\0\0\0\0\0\0\0\0\0\0\0\0\0\0", iov_len=4096}], msg_iovlen=1, msg_controllen=0, msg_flags=0}, MSG_DONTWAIT) = 232
10692 sendto(14, "\20\0\0\0p\0\0\0\367LJs\0\0\0\0\30\0\24\0\0\0\0\0\31\0\0\0\0\0\0\0\0\0\0\0\0\0\0\0H\0\0\0\0\0\0\0.\0\0\0\0\0\0\0\6\0\0\0\0\0\0\0\0\0\0\0\1\0\0\0\0\0\0\0\0\0\0\0\0}\1\0\0\1\0\0\0\0\0\0\0\0\0\0\0\0\0\0\0\0\0\0\0\0\0\0\0\0\0\0", 112, MSG_NOSIGNAL, NULL, 0) = 112
10659 recvmsg(41, {msg_name=NULL, msg_namelen=0, msg_iov=[{iov_base="\20\0\0\0p\0\0\0\367LJs\0\0\0\0\30\0\24\0\0\0\0\0\31\0\0\0\0\0\0\0\0\0\0\0\0\0\0\0H\0\0\0\0\0\0\0.\0\0\0\0\0\0\0\6\0\0\0\0\0\0\0\0\0\0\0\1\0\0\0\0\0\0\0\0\0\0\0\0}\1\0\0\1\0\0\0\0\0\0\0\0\0\0\0\0\0\0\0\0\0\0\0\0\0\0\0\0\0\0", iov_len=4096}], msg_iovlen=1, msg_controllen=0, msg_flags=0}, MSG_DONTWAIT) = 112
10655 openat(AT_FDCWD, "/tmp/playwright_chromiumdev_profile-Lvy8gD/Default/Extension Rules/000001.dbtmp", O_WRONLY|O_CREAT|O_TRUNC, 0600) = 71
10666 sendto(41, "\20\0\0\0p\0\0\0\374OJs\0\0\0\0\30\0\24\0\0\0\0\0\22\0\0\0\0\0\0\0\0\0\0\0\0\0\0\0H\0\0\0\0\0\0\0.\0\0\0\0\0\0\0\6\0\0\0\0\0\0\0\0\0\0\0\1\0\0\0\0\0\0\0\0\0\0\0\0|\1\0\0\1\0\0\0\0\0\0\0\0\0\0\0\0\0\0\0\0\0\0\0\0\0\0\0\0\0\0", 112, MSG_NOSIGNAL, NULL, 0) = 112
10692 recvmsg(14, {msg_name=NULL, msg_namelen=0, msg_iov=[{iov_base="\20\0\0\0p\0\0\0\374OJs\0\0\0\0\30\0\24\0\0\0\0\0\22\0\0\0\0\0\0\0\0\0\0\0\0\0\0\0H\0\0\0\0\0\0\0.\0\0\0\0\0\0\0\6\0\0\0\0\0\0\0\0\0\0\0\1\0\0\0\0\0\0\0\0\0\0\0\0|\1\0\0\1\0\0\0\0\0\0\0\0\0\0\0\0\0\0\0\0\0\0\0\0\0\0\0\0\0\0", iov_len=4096}], msg_iovlen=1, msg_controllen=0, msg_flags=0}, MSG_DONTWAIT) = 112
10655 openat(AT_FDCWD, "/tmp/playwright_chromiumdev_profile-Lvy8gD/Default/Extension Rules/CURRENT", O_RDONLY) = 71
10655 openat(AT_FDCWD, "/tmp/playwright_chromiumdev_profile-Lvy8gD/Default/Extension Rules/MANIFEST-000001", O_RDONLY) = 71
10655 openat(AT_FDCWD, "/tmp/playwright_chromiumdev_profile-Lvy8gD/Default/Extension Rules/MANIFEST-000001", O_WRONLY|O_APPEND) = 71
10655 openat(AT_FDCWD, "/tmp/playwright_chromiumdev_profile-Lvy8gD/Default/Extension Rules", O_RDONLY|O_NONBLOCK|O_CLOEXEC|O_DIRECTORY) = 72
10655 openat(AT_FDCWD, "/tmp/playwright_chromiumdev_profile-Lvy8gD/Default/Extension Rules", O_RDONLY|O_NONBLOCK|O_CLOEXEC|O_DIRECTORY) = 72
10655 openat(AT_FDCWD, "/tmp/playwright_chromiumdev_profile-Lvy8gD/Default/Extension Rules/000003.log", O_WRONLY|O_CREAT|O_TRUNC, 0600) = 72
10655 openat(AT_FDCWD, "/tmp/playwright_chromiumdev_profile-Lvy8gD/Default/Extension Rules", O_RDONLY|O_NONBLOCK|O_CLOEXEC|O_DIRECTORY) = 75
10657 openat(AT_FDCWD, "/tmp/playwright_chromiumdev_profile-Lvy8gD/Default/BookmarkMergedSurfaceOrdering", O_RDONLY|O_CLOEXEC) = -1 ENOENT (No such file or directory)
10655 openat(AT_FDCWD, "/tmp/playwright_chromiumdev_profile-Lvy8gD/Default/Extension Rules", O_RDONLY|O_NONBLOCK|O_CLOEXEC|O_DIRECTORY) = 75
10685 openat(AT_FDCWD, "/sys/devices/system/cpu/possible", O_RDONLY|O_CLOEXEC) = 12
10685 openat(AT_FDCWD, "/sys/devices/system/cpu/cpu0/cpufreq/cpuinfo_max_freq", O_RDONLY|O_NOCTTY|O_NONBLOCK|O_CLOEXEC) = -1 ENOENT (No such file or directory)
10655 openat(AT_FDCWD, "/tmp/playwright_chromiumdev_profile-Lvy8gD/Default/Extension Scripts/LOG", O_WRONLY|O_CREAT|O_TRUNC, 0600) = 79
10655 openat(AT_FDCWD, "/tmp/playwright_chromiumdev_profile-Lvy8gD/Default/Extension Scripts/LOCK", O_RDWR) = -1 ENOENT (No such file or directory)
10655 openat(AT_FDCWD, "/tmp/playwright_chromiumdev_profile-Lvy8gD/Default/Extension Scripts/LOCK", O_RDWR|O_CREAT, 0600) = 80
10655 openat(AT_FDCWD, "/tmp/playwright_chromiumdev_profile-Lvy8gD/Default/Extension Scripts/MANIFEST-000001", O_WRONLY|O_CREAT|O_TRUNC, 0600) = 81
10665 openat(AT_FDCWD, "/tmp/playwright_chromiumdev_profile-Lvy8gD/Default", O_RDONLY|O_CLOEXEC) = 82
10655 openat(AT_FDCWD, "/tmp/playwright_chromiumdev_profile-Lvy8gD/Default/Extension Scripts", O_RDONLY <unfinished ...>
10685 sendto(5, "\20\0\0\0P\0\0\0~rJs\0\0\0\0\30\0\1\0\0\0\0\0\0\0\0\0\0\0\0\0\0\0\0\0\0\0\0\0\30\0\0\0\0\0\0\0\0\0\0\0\10\0\0\0000\0\0\0\0\0\0\0\20\0\0\0\1\0\0\0\0\0\0\0\0\0\0\0", 80, MSG_NOSIGNAL, NULL, 0) = 80
10655 <... openat resumed>)             = 83
10654 openat(AT_FDCWD, "/tmp/playwright_chromiumdev_profile-Lvy8gD/Default", O_RDONLY|O_CLOEXEC) = 84
10685 socketpair(AF_UNIX, SOCK_STREAM, 0,  <unfinished ...>
10659 recvmsg(34,  <unfinished ...>
10685 <... socketpair resumed>[14, 15]) = 0
10659 <... recvmsg resumed>{msg_name=NULL, msg_namelen=0, msg_iov=[{iov_base="\20\0\0\0P\0\0\0~rJs\0\0\0\0\30\0\1\0\0\0\0\0\0\0\0\0\0\0\0\0\0\0\0\0\0\0\0\0\30\0\0\0\0\0\0\0\0\0\0\0\10\0\0\0000\0\0\0\0\0\0\0\20\0\0\0\1\0\0\0\0\0\0\0\0\0\0\0", iov_len=4096}], msg_iovlen=1, msg_controllen=0, msg_flags=0}, MSG_DONTWAIT) = 80
10659 sendto(34, "\20\0\0\0\210\1\0\0\363tJs\0\0\0\0\30\0\24\0\0\0\0\0\0\0\0\0\0\0\0\0\0\0\0\0\0\0\0\0H\0\0\0\0\0\0\0\1\0\0\0\0\0\0\0\0\0\0\0\0\0\0\0\0\0\0\0\1\0\0\0\377\377\377\377\377\377\377\377\0\0\0\0\0\0\0\0`\0\0\0\0\1\0\0\20\1\0\0\0\0\0\0\0\0\0\0\0\0\0\0\240\0\0\0\230\0\0\08\0\0\0\3\0\0\0\0\0\0\0000-ju\0\0\0\0\16).\304\0\0\0\0\0\0\0\0\30\0\0\0\0\0\0\0\0\0\0\0\0\0\0\0\0\0\0\0\0\0\0\0\20\0\0\0\0\0\0\0\10\0\0\0\0\0\0\0\30\0\0\0\0\0\0\0\20\0\0\0\0\0\0\0\0\0\0\0\0\0\0\0002\0\0\0*\0\0\0metrics.mojom.ChildHistogramFetc"..., 392, MSG_NOSIGNAL, NULL, 0) = 392
10659 sendto(34, "\20\0\0\0@\1\0\0euJs\0\0\0\0\30\0\24\0\0\0\0\0\1\0\0\0\0\0\0\0\0\0\0\0\0\0\0\0H\0\0\0\0\0\0\0\f\0\0\0\0\0\0\0\0\0\0\0\0\0\0\0\0\0\0\0\1\0\0\0\377\377\377\377\377\377\377\377\0\0\0\0\0\0\0\0`\0\0\0\270\0\0\0\310\0\0\0\0\0\0\0\0\0\0\0\0\0\0\0X\0\0\0P\0\0\08\0\0\0\3\0\0\0\0\0\0\0_>WP\0\0\0\0\17).\304\0\0\0\0\0\0\0\0\30\0\0\0\0\0\0\0\0\0\0\0\0\0\0\0\0\0\0\0\0\0\0\0\30\0\0\0\0\0\0\0\0\0\0\0\0\0\0\0\0\0\0\0\0\0\0\0\20\0\0\0\1\0\0\0\0\0\0\0\0\0\0\0h\0\0\0\1\0\0\0\0\0\0\0\0\0\0\0\r\0\0\0\0\0\0\0\0\0\0\0\0\0\0\0@\4\0\0@\0\0\0"..., 320, MSG_NOSIGNAL, NULL, 0) = 320
10659 sendto(34, "\20\0\0\0\300\0\0\0\272uJs\0\0\0\0\30\0\24\0\0\0\0\0\2\0\0\0\0\0\0\0\0\0\0\0\0\0\0\0H\0\0\0\0\0\0\0\16\0\0\0\0\0\0\0\0\0\0\0\0\0\0\0\0\0\0\0\1\0\0\0\377\377\377\377\377\377\377\377\0\0\0\0\0\0\0\0`\0\0\0\0\0\0\0\0\0\0\0\0\0\0\0\0\0\0\0\0\0\0\0P\0\0\0H\0\0\08\0\0\0\3\0\0\0\0\0\0\0\352\237\0\33\1\0\0\0\f).\304\1\0\0\0\0\0\0\0\30\0\0\0\0\0\0\0\0\0\0\0\0\0\0\0\0\0\0\0\0\0\0\0\20\0\0\0\0\0\0\0\1\0\0\0\0\0\0\0", 192, MSG_NOSIGNAL, NULL, 0) = 192
10659 sendto(34, "\20\0\0\0x\1\0\0\10vJs\0\0\0\0\30\0\24\0\0\0\0\0\3\0\0\0\0\0\0\0\0\0\0\0\0\0\0\0H\0\0\0\0\0\0\0\1\0\0\0\0\0\0\0\1\0\0\0\0\0\0\0\0\0\0\0\1\0\0\0\377\377\377\377\377\377\377\377\0\0\0\0\0\0\0\0`\0\0\0\360\0\0\0\0\1\0\0\0\0\0\0\0\0\0\0\0\0\0\0\220\0\0\0\210\0\0\08\0\0\0\3\0\0\0\0\0\0\0z\367o_\0\0\0\0\r).\304\0\0\0\0\0\0\0\0\30\0\0\0\0\0\0\0\0\0\0\0\0\0\0\0\0\0\0\0\0\0\0\0\20\0\0\0\0\0\0\0\10\0\0\0\0\0\0\0\30\0\0\0\0\0\0\0\20\0\0\0\0\0\0\0\0\0\0\0\0\0\0\0$\0\0\0\34\0\0\0network.mojom.NetworkService\0\0\0\0"..., 376, MSG_NOSIGNAL, NULL, 0) = 376
10659 sendto(34, "\20\0\0\0\310\2\0\0bvJs\0\0\0\0\30\0\24\0\0\0\0\0\4\0\0\0\0\0\0\0\0\0\0\0\0\0\0\0H\0\0\0\0\0\0\0\20\0\0\0\0\0\0\0\0\0\0\0\0\0\0\0\0\0\0\0\1\0\0\0\377\377\377\377\377\377\377\377\0\0\0\0\0\0\0\0`\0\0\0\340\1\0\0\360\1\0\0\0\0\0\0\0\0\0\0\0\0\0\0\200\1\0\0x\1\0\08\0\0\0\3\0\0\0\0\0\0\0\272\340#\33\0\0\0\0\2).\304\0\0\0\0\0\0\0\0\30\0\0\0\0\0\0\0\0\0\0\0\0\0\0\0\0\0\0\0\0\0\0\0\20\0\0\0\0\0\0\0\10\0\0\0\0\0\0\08\0\0\0\0\0\0\0\6\0\0\0\0\0\0\0(\0\0\0\0\0\0\0\20\1\0\0\0\0\0\0\0\0\0\0\0\0\0\0\1\0\0\0\1\0\0\0\0\0\0\0\0\0\0\0\30\0\0\0\0\0\0\0"..., 712, MSG_NOSIGNAL, NULL, 0) = 712
10659 sendto(34, "\20\0\0\08\1\0\0\243vJs\0\0\0\0\30\0\24\0\0\0\0\0\5\0\0\0\0\0\0\0\0\0\0\0\0\0\0\0H\0\0\0\0\0\0\0\20\0\0\0\0\0\0\0\1\0\0\0\0\0\0\0\0\0\0\0\1\0\0\0\377\377\377\377\377\377\377\377\0\0\0\0\0\0\0\0`\0\0\0\260\0\0\0\300\0\0\0\0\0\0\0\0\0\0\0\0\0\0\0P\0\0\0H\0\0\08\0\0\0\3\0\0\0\0\0\0\0\2236\332\35\0\0\0\0\3).\304\0\0\0\0\0\0\0\0\30\0\0\0\0\0\0\0\0\0\0\0\0\0\0\0\0\0\0\0\0\0\0\0\20\0\0\0\0\0\0\0\0\0\0\0\0\0\0\0\20\0\0\0\1\0\0\0\0\0\0\0\0\0\0\0h\0\0\0\1\0\0\0\0\0\0\0\0\0\0\0\25\0\0\0\0\0\0\0\0\0\0\0\0\0\0\0@\5\0\0@\0\0\0\26\0\0\0\0\0\0\0"..., 312, MSG_NOSIGNAL, NULL, 0 <unfinished ...>
10663 openat(AT_FDCWD, "/tmp/playwright_chromiumdev_profile-Lvy8gD/Default", O_RDONLY|O_CLOEXEC <unfinished ...>
10659 <... sendto resumed>)             = 312
10655 openat(AT_FDCWD, "/tmp/playwright_chromiumdev_profile-Lvy8gD/Default/Extension Scripts/000001.dbtmp", O_WRONLY|O_CREAT|O_TRUNC, 0600 <unfinished ...>
10663 <... openat resumed>)             = 81
10659 sendto(34, "\20\0\0\0\320\0\0\0\twJs\0\0\0\0\30\0\24\0\0\0\0\0\6\0\0\0\0\0\0\0\0\0\0\0\0\0\0\0H\0\0\0\0\0\0\0\26\0\0\0\0\0\0\0\0\0\0\0\0\0\0\0\0\0\0\0\1\0\0\0\377\377\377\377\377\377\377\377\0\0\0\0\0\0\0\0`\0\0\0\0\0\0\0\0\0\0\0\0\0\0\0\0\0\0\0\0\0\0\0`\0\0\0X\0\0\08\0\0\0\3\0\0\0\0\0\0\0:9\310\3\0\0\0\0\0).\304\0\0\0\0\0\0\0\0\30\0\0\0\0\0\0\0 \0\0\0\0\0\0\0\0\0\0\0\0\0\0\0\20\0\0\0\0\0\0\0\0\0\0\0\0\0\0\0\f\0\0\0\1\0\0\0\1\0\0\200\0\0\0\0", 208, MSG_NOSIGNAL, NULL, 0) = 208
10655 <... openat resumed>)             = 82
10659 sendto(34, "\20\0\0\0\320\0\0\0\201wJs\0\0\0\0\30\0\24\0\0\0\0\0\7\0\0\0\0\0\0\0\0\0\0\0\0\0\0\0H\0\0\0\0\0\0\0\20\0\0\0\0\0\0\0\2\0\0\0\0\0\0\0\0\0\0\0\1\0\0\0\377\377\377\377\377\377\377\377\0\0\0\0\0\0\0\0`\0\0\0\0\0\0\0\0\0\0\0\0\0\0\0\0\0\0\0\0\0\0\0`\0\0\0X\0\0\08\0\0\0\3\0\0\0\0\0\0\0\377\377\377\377\1\0\0\0\6).\304\1\0\0\0\0\0\0\0\30\0\0\0\0\0\0\0\0\0\0\0\0\0\0\0\0\0\0\0\0\0\0\0\30\0\0\0\0\0\0\0\20\0\0\0\0\0\0\0\10\0\0\0\0\0\0\0\10\0\0\0\0\0\0\0", 208, MSG_NOSIGNAL, NULL, 0) = 208
10659 sendto(34, "\20\0\0\0\240\1\0\0\361wJs\0\0\0\0\30\0\24\0\0\0\0\0\10\0\0\0\0\0\0\0\0\0\0\0\0\0\0\0H\0\0\0\0\0\0\0\20\0\0\0\0\0\0\0\3\0\0\0\0\0\0\0\0\0\0\0\1\0\0\0\377\377\377\377\377\377\377\377\0\0\0\0\0\0\0\0`\0\0\0\270\0\0\0\310\0\0\0\0\0\0\0\0\0\0\0\0\0\0\0X\0\0\0P\0\0\08\0\0\0\3\0\0\0\0\0\0\0f\245@/\0\0\0\0\7).\304\0\0\0\0\0\0\0\0\30\0\0\0\0\0\0\0\0\0\0\0\0\0\0\0\0\0\0\0\0\0\0\0\30\0\0\0\0\0\0\0\0\0\0\0\0\0\0\0\1\0\0\0\0\0\0\0\20\0\0\0\2\0\0\0\0\0\0\0\0\0\0\0\310\0\0\0\2\0\0\0\0\0\0\0\0\0\0\0\27\0\0\0\0\0\0\0\0\0\0\0\0\0\0\0\200\5\0\0@\0\0\0"..., 416, MSG_NOSIGNAL, NULL, 0) = 416
10659 sendto(34, "\20\0\0\0\330\0\0\0]xJs\0\0\0\0\30\0\24\0\0\0\0\0\t\0\0\0\0\0\0\0\0\0\0\0\0\0\0\0H\0\0\0\0\0\0\0\20\0\0\0\0\0\0\0\4\0\0\0\0\0\0\0\0\0\0\0\1\0\0\0\377\377\377\377\377\377\377\377\0\0\0\0\0\0\0\0`\0\0\0\0\0\0\0\0\0\0\0\0\0\0\0\0\0\0\0\0\0\0\0h\0\0\0`\0\0\08\0\0\0\3\0\0\0\0\0\0\0\325\367&%\0\0\0\0\4).\304\0\0\0\0\0\0\0\0\30\0\0\0\0\0\0\0\0\0\0\0\0\0\0\0\0\0\0\0\0\0\0\0\20\0\0\0\0\0\0\0\10\0\0\0\0\0\0\0\20\0\0\0\0\0\0\0\10\0\0\0\0\0\0\0\10\0\0\0\0\0\0\0", 216, MSG_NOSIGNAL, NULL, 0) = 216
10659 sendto(34, "\20\0\0\0\210\1\0\0\266xJs\0\0\0\0\30\0\24\0\0\0\0\0\n\0\0\0\0\0\0\0\0\0\0\0\0\0\0\0H\0\0\0\0\0\0\0\20\0\0\0\0\0\0\0\5\0\0\0\0\0\0\0\0\0\0\0\1\0\0\0\377\377\377\377\377\377\377\377\0\0\0\0\0\0\0\0`\0\0\0\0\0\0\0\0\0\0\0\0\0\0\0\0\0\0\0\0\0\0\0\30\1\0\0\20\1\0\08\0\0\0\3\0\0\0\0\0\0\0\240\270\301r\0\0\0\0\5).\304\0\0\0\0\0\0\0\0\30\0\0\0\0\0\0\0\0\0\0\0\0\0\0\0\0\0\0\0\0\0\0\0\20\0\0\0\0\0\0\0\10\0\0\0\0\0\0\08\0\0\0\0\0\0\0000\0\0\0\0\0\0\0\230\0\0\0\0\0\0\0\230\0\0\0\0\0\0\0\230\0\0\0\0\0\0\0(\0\0\0\0\0\0\0\220\0\0\0\0\0\0\0(\0\0\0\4\0\0\0"..., 392, MSG_NOSIGNAL, NULL, 0) = 392
10659 sendto(34, "\20\0\0\08\1\0\0\fyJs\0\0\0\0\30\0\24\0\0\0\0\0\v\0\0\0\0\0\0\0\0\0\0\0\0\0\0\0H\0\0\0\0\0\0\0\20\0\0\0\0\0\0\0\6\0\0\0\0\0\0\0\0\0\0\0\1\0\0\0\377\377\377\377\377\377\377\377\0\0\0\0\0\0\0\0`\0\0\0\260\0\0\0\300\0\0\0\0\0\0\0\0\0\0\0\0\0\0\0P\0\0\0H\0\0\08\0\0\0\3\0\0\0\0\0\0\0\25\204mK\0\0\0\0:).\304\0\0\0\0\0\0\0\0\30\0\0\0\0\0\0\0\0\0\0\0\0\0\0\0\0\0\0\0\0\0\0\0\20\0\0\0\0\0\0\0\0\0\0\0\0\0\0\0\20\0\0\0\1\0\0\0\0\0\0\0\0\0\0\0h\0\0\0\1\0\0\0\0\0\0\0\0\0\0\0\33\0\0\0\0\0\0\0\0\0\0\0\0\0\0\0\0\6\0\0@\0\0\0\34\0\0\0\0\0\0\0"..., 312, MSG_NOSIGNAL, NULL, 0) = 312
10659 sendto(34, "\20\0\0\0\0@\0\0\324zJs\0\0\0\0\30\0\24\0\0\0\0\0\f\0\0\0\0\0\0\0\0\0\0\0\0\0\0\0H\0\0\0\0\0\0\0\20\0\0\0\0\0\0\0\7\0\0\0\0\0\0\0\0\0\0\0\1\0\0\0\377\377\377\377\377\377\377\377\0\0\0\0\0\0\0\0`\0\0\0\0\0\0\0\0\0\0\0\0\0\0\0\0\0\0\0\0\0\0\0\220?\0\0\210?\0\08\0\0\0\3\0\0\0\0\0\0\0\205K\3034\1\0\0\08).\304\2\0\0\0\0\0\0\0\30\0\0\0\0\0\0\0\0\0\0\0\0\0\0\0\0\0\0\0\0\0\0\0\20\0\0\0\0\0\0\0\10\0\0\0\0\0\0\0\210\1\0\0000\0\0\0\200\1\0\0\0\0\0\0\270\2\0\0\0\0\0\0\360\3\0\0\0\0\0\0(\5\0\0\0\0\0\0`\6\0\0\0\0\0\0\240\7\0\0\0\0\0\0\340\10\0\0\0\0\0\0"..., 16384, MSG_NOSIGNAL, NULL, 0) = 16384
10659 sendto(34, "\20\0\0\0\310\0\0\0\270|Js\0\0\0\0\30\0\24\0\0\0\0\0\r\0\0\0\0\0\0\0\0\0\0\0\0\0\0\0H\0\0\0\0\0\0\0\20\0\0\0\0\0\0\0\10\0\0\0\0\0\0\0\0\0\0\0\1\0\0\0\377\377\377\377\377\377\377\377\0\0\0\0\0\0\0\0`\0\0\0\0\0\0\0\0\0\0\0\0\0\0\0\0\0\0\0\0\0\0\0X\0\0\0P\0\0\08\0\0\0\3\0\0\0\0\0\0\0AS\327q\0\0\0\09).\304\0\0\0\0\0\0\0\0\30\0\0\0\0\0\0\0\0\0\0\0\0\0\0\0\0\0\0\0\0\0\0\0\30\0\0\0\0\0\0\0\4\0\0\0\0\0\0\0\0\0\0\0\0\0\0\0", 200, MSG_NOSIGNAL, NULL, 0) = 200
10659 sendto(34, "\20\0\0\0\360\0\0\0\30}Js\0\0\0\0\30\0\24\0\0\0\0\0\16\0\0\0\0\0\0\0\0\0\0\0\0\0\0\0H\0\0\0\0\0\0\0\20\0\0\0\0\0\0\0\t\0\0\0\0\0\0\0\0\0\0\0\1\0\0\0\377\377\377\377\377\377\377\377\0\0\0\0\0\0\0\0`\0\0\0\0\0\0\0\0\0\0\0\0\0\0\0\0\0\0\0\0\0\0\0\200\0\0\0x\0\0\08\0\0\0\3\0\0\0\0\0\0\0\335$\1r\0\0\0\0<).\304\0\0\0\0\0\0\0\0\30\0\0\0\0\0\0\0\0\0\0\0\0\0\0\0\0\0\0\0\0\0\0\0 \0\0\0\0\0\0\0\5\0\0\0\1\0\0\0\20\0\0\0\0\0\0\0 \0\0\0\0\0\0\0\20\0\0\0\0\0\0\0\10\0\0\0\0\0\0\0\10\0\0\0\0\0\0\0\10\0\0\0\0\0\0\0", 240, MSG_NOSIGNAL, NULL, 0) = 240
10659 sendto(34, "\20\0\0\08\2\0\0\233}Js\0\0\0\0\30\0\24\0\0\0\0\0\17\0\0\0\0\0\0\0\0\0\0\0\0\0\0\0H\0\0\0\0\0\0\0\20\0\0\0\0\0\0\0\n\0\0\0\0\0\0\0\0\0\0\0\1\0\0\0\377\377\377\377\377\377\377\377\0\0\0\0\0\0\0\0`\0\0\0\0\0\0\0\0\0\0\0\0\0\0\0\0\0\0\0\0\0\0\0\310\1\0\0\300\1\0\08\0\0\0\3\0\0\0\0\0\0\0\3305qh\0\0\0\0=).\304\0\0\0\0\0\0\0\0\30\0\0\0\0\0\0\0\0\0\0\0\0\0\0\0\0\0\0\0\0\0\0\0\20\0\0\0\0\0\0\0\10\0\0\0\0\0\0\0@\0\0\0\0\0\0\0-C\34\353\3426\32?0\0\0\0\0\0\0\08\0\0\0\0\0\0\0@\0\0\0\0\0\0\0\240\0\0\0\0\0\0\0(\1\0\0\0\0\0\0000\1\0\0\0\0\0\0"..., 568, MSG_NOSIGNAL, NULL, 0 <unfinished ...>
10655 openat(AT_FDCWD, "/tmp/playwright_chromiumdev_profile-Lvy8gD/Default/Extension Scripts/CURRENT", O_RDONLY <unfinished ...>
10659 <... sendto resumed>)             = 568
10655 <... openat resumed>)             = 81
10704 recvmsg(5,  <unfinished ...>
10659 sendto(34, "\20\0\0\0\310\0\0\08~Js\0\0\0\0\30\0\24\0\0\0\0\0\20\0\0\0\0\0\0\0\0\0\0\0\0\0\0\0H\0\0\0\0\0\0\0\20\0\0\0\0\0\0\0\v\0\0\0\0\0\0\0\0\0\0\0\1\0\0\0\377\377\377\377\377\377\377\377\0\0\0\0\0\0\0\0`\0\0\0\0\0\0\0\0\0\0\0\0\0\0\0\0\0\0\0\0\0\0\0X\0\0\0P\0\0\08\0\0\0\3\0\0\0\0\0\0\0{.pg\0\0\0\0002).\304\0\0\0\0\0\0\0\0\30\0\0\0\0\0\0\0\0\0\0\0\0\0\0\0\0\0\0\0\0\0\0\0\20\0\0\0\0\0\0\0\10\0\0\0\0\0\0\0\10\0\0\0\0\0\0\0", 200, MSG_NOSIGNAL, NULL, 0 <unfinished ...>
10704 <... recvmsg resumed>{msg_name=NULL, msg_namelen=0, msg_iov=[{iov_base="\20\0\1\0\270\0\0\0\302%Fs\0\0\0\0\30\0\0\0\0\0\0\0\0\0\0\0\0\0\0\0h\0\0\0\0\0\0\0@\0\0\0\0\0\0\0\354\345\224\335`\25\365\314\317\313\30\303\303x\277\3\321-#\23\346Hf\320\300\350\210Y\202=X(\0\0\0\0\3\0\0\0\0\0\0\0\0\0\0\0X\0\0\0\0\0\0\0\20\0\0\0\1\0\0\0\0\0\0\0\0\0\0\0\20\0\0\0\1\0\0\0x\0\0\0\0\0\1\0000\0\0\0(\0\0\0\10\0\0\0\1\0\0\0 \0\0\0\0\0\2\0\2\0\0\0\0\0\0\0;y\340\351\37\317\367\364B\5\372\321~\366\3318", iov_len=4096}], msg_iovlen=1, msg_control=[{cmsg_len=20, cmsg_level=SOL_SOCKET, cmsg_type=SCM_RIGHTS, cmsg_data=[18]}], msg_controllen=24, msg_flags=0}, MSG_DONTWAIT) = 184
10659 <... sendto resumed>)             = 200
10659 sendto(34, "\20\0\0\0\300\0\0\0\314~Js\0\0\0\0\30\0\24\0\0\0\0\0\21\0\0\0\0\0\0\0\0\0\0\0\0\0\0\0H\0\0\0\0\0\0\0\20\0\0\0\0\0\0\0\f\0\0\0\0\0\0\0\0\0\0\0\1\0\0\0\377\377\377\377\377\377\377\377\0\0\0\0\0\0\0\0`\0\0\0\0\0\0\0\0\0\0\0\0\0\0\0\0\0\0\0\0\0\0\0P\0\0\0H\0\0\08\0\0\0\3\0\0\0\0\0\0\0\306\213\373'\0\0\0\0003).\304\0\0\0\0\0\0\0\0\30\0\0\0\0\0\0\0\0\0\0\0\0\0\0\0\0\0\0\0\0\0\0\0\20\0\0\0\0\0\0\0\0\0\0\0\0\0\0\0", 192, MSG_NOSIGNAL, NULL, 0) = 192
10659 sendto(34, "\20\0\0\0\300\0\0\0C\177Js\0\0\0\0\30\0\24\0\0\0\0\0\22\0\0\0\0\0\0\0\0\0\0\0\0\0\0\0H\0\0\0\0\0\0\0\20\0\0\0\0\0\0\0\r\0\0\0\0\0\0\0\0\0\0\0\1\0\0\0\377\377\377\377\377\377\377\377\0\0\0\0\0\0\0\0`\0\0\0\0\0\0\0\0\0\0\0\0\0\0\0\0\0\0\0\0\0\0\0P\0\0\0H\0\0\08\0\0\0\3\0\0\0\0\0\0\0X\223\354\"\0\0\0\0000).\304\0\0\0\0\0\0\0\0\30\0\0\0\0\0\0\0\0\0\0\0\0\0\0\0\0\0\0\0\0\0\0\0\20\0\0\0\0\0\0\0\0\0\0\0\0\0\0\0", 192, MSG_NOSIGNAL, NULL, 0) = 192
10659 sendto(34, "\20\0\0\08\1\0\0\4\200Js\0\0\0\0\30\0\24\0\0\0\0\0\23\0\0\0\0\0\0\0\0\0\0\0\0\0\0\0H\0\0\0\0\0\0\0\20\0\0\0\0\0\0\0\16\0\0\0\0\0\0\0\0\0\0\0\1\0\0\0\377\377\377\377\377\377\377\377\0\0\0\0\0\0\0\0`\0\0\0\260\0\0\0\300\0\0\0\0\0\0\0\0\0\0\0\0\0\0\0P\0\0\0H\0\0\08\0\0\0\3\0\0\0\0\0\0\0\367\\\321m\0\0\0\0001).\304\0\0\0\0\0\0\0\0\30\0\0\0\0\0\0\0\0\0\0\0\0\0\0\0\0\0\0\0\0\0\0\0\20\0\0\0\0\0\0\0\0\0\0\0\0\0\0\0\20\0\0\0\1\0\0\0\0\0\0\0\0\0\0\0h\0\0\0\1\0\0\0\1\0\0\0\0\0\0\0\35\0\0\0\0\0\0\0\377\377\377\377\377\377\377\377\0\0\0\0\0\0\0\0\0\0\0\0\0\0\0\0"..., 312, MSG_NOSIGNAL, NULL, 0) = 312
10659 sendto(34, "\20\0\0\08\1\0\0\213\200Js\0\0\0\0\30\0\24\0\0\0\0\0\24\0\0\0\0\0\0\0\0\0\0\0\0\0\0\0H\0\0\0\0\0\0\0\35\0\0\0\0\0\0\0\0\0\0\0\0\0\0\0\0\0\0\0\1\0\0\0\377\377\377\377\377\377\377\377\0\0\0\0\0\0\0\0`\0\0\0\260\0\0\0\300\0\0\0\0\0\0\0\0\0\0\0\0\0\0\0P\0\0\0H\0\0\08\0\0\0\3\0\0\0\0\0\0\0006p\230\24\0\0\0\0006).\304\0\0\0\0\0\0\0\0\30\0\0\0\0\0\0\0\0\0\0\0\0\0\0\0\0\0\0\0\0\0\0\0\20\0\0\0\0\0\0\0\0\0\0\0\0\0\0\0\20\0\0\0\1\0\0\0\0\0\0\0\0\0\0\0h\0\0\0\1\0\0\0\0\0\0\0\0\0\0\0\36\0\0\0\0\0\0\0\0\0\0\0\0\0\0\0@\6\0\0@\0\0\0\37\0\0\0\0\0\0\0"..., 312, MSG_NOSIGNAL, NULL, 0 <unfinished ...>
10655 openat(AT_FDCWD, "/tmp/playwright_chromiumdev_profile-Lvy8gD/Default/Extension Scripts/MANIFEST-000001", O_RDONLY <unfinished ...>
10704 sendmsg(5, {msg_name=NULL, msg_namelen=0, msg_iov=[{iov_base="\20\0\1\0\250\0\0\0\276\200Js\0\0\0\0\30\0\24\0\0\0\0\0\0\0\0\0\0\0\0\0p\0\0\0\0\0\0\0H\0\0\0\0\0\0\0\0\0\0\0\0\0\0\0\0\0\0\0\0\0\0\0\0\0\0\0\1\0\0\0\377\377\377\377\377\377\377\377\0\0\0\0\0\0\0\0\0\0\0\0`\0\0\0\0\0\0\0\0\0\0\0\0\0\0\0\1\0\0\0\20\0\0\0\1\0\0\0\1\0\0\0\0\0\0\0\20\0\0\0\1\0\0\0\200\0\0\0\0\0\1\0\30\0\0\0\20\0\0\0\10\0\0\0\0\0\0\0\1\0\0\0\0\0\0\0", iov_len=168}], msg_iovlen=1, msg_control=[{cmsg_len=20, cmsg_level=SOL_SOCKET, cmsg_type=SCM_RIGHTS, cmsg_data=[15]}], msg_controllen=20, msg_flags=0}, MSG_NOSIGNAL <unfinished ...>
10659 <... sendto resumed>)             = 312
10655 <... openat resumed>)             = 81
10704 <... sendmsg resumed>)            = 168
10659 sendto(34, "\20\0\0\08\1\0\0\36\201Js\0\0\0\0\30\0\24\0\0\0\0\0\25\0\0\0\0\0\0\0\0\0\0\0\0\0\0\0H\0\0\0\0\0\0\0\20\0\0\0\0\0\0\0\17\0\0\0\0\0\0\0\0\0\0\0\1\0\0\0\377\377\377\377\377\377\377\377\0\0\0\0\0\0\0\0`\0\0\0\260\0\0\0\300\0\0\0\0\0\0\0\0\0\0\0\0\0\0\0P\0\0\0H\0\0\08\0\0\0\3\0\0\0\0\0\0\0\2236\332\35\0\0\0\0]).\304\0\0\0\0\0\0\0\0\30\0\0\0\0\0\0\0\0\0\0\0\0\0\0\0\0\0\0\0\0\0\0\0\20\0\0\0\0\0\0\0\0\0\0\0\0\0\0\0\20\0\0\0\1\0\0\0\0\0\0\0\0\0\0\0h\0\0\0\1\0\0\0\1\0\0\0\0\0\0\0 \0\0\0\0\0\0\0\377\377\377\377\377\377\377\377\0\0\0\0\0\0\0\0\0\0\0\0\0\0\0\0"..., 312, MSG_NOSIGNAL, NULL, 0) = 312
10659 sendto(34, "\20\0\0\08\1\0\0\242\201Js\0\0\0\0\30\0\24\0\0\0\0\0\26\0\0\0\0\0\0\0\0\0\0\0\0\0\0\0H\0\0\0\0\0\0\0 \0\0\0\0\0\0\0\0\0\0\0\0\0\0\0\0\0\0\0\1\0\0\0\377\377\377\377\377\377\377\377\0\0\0\0\0\0\0\0`\0\0\0\260\0\0\0\300\0\0\0\0\0\0\0\0\0\0\0\0\0\0\0P\0\0\0H\0\0\08\0\0\0\3\0\0\0\0\0\0\0J\2447R\0\0\0\0R).\304\0\0\0\0\0\0\0\0\30\0\0\0\0\0\0\0\0\0\0\0\0\0\0\0\0\0\0\0\0\0\0\0\20\0\0\0\0\0\0\0\0\0\0\0\0\0\0\0\20\0\0\0\1\0\0\0\0\0\0\0\0\0\0\0h\0\0\0\1\0\0\0\0\0\0\0\0\0\0\0!\0\0\0\0\0\0\0\0\0\0\0\0\0\0\0\200\6\0\0@\0\0\0\"\0\0\0\0\0\0\0"..., 312, MSG_NOSIGNAL, NULL, 0 <unfinished ...>
10704 sendto(5, "\20\0\0\0@\0\0\0\310\201Js\0\0\0\0\30\0\26\0\0\0\0\0\1\0\0\0\0\0\0\0\0\0\0\0\0\0\0\0\30\0\0\0\0\0\0\0\0\0\0\0\0\0\0\0\1\0\0\0\0\0\0\0", 64, MSG_NOSIGNAL, NULL, 0) = 64
10659 <... sendto resumed>)             = 312
10704 sendto(5, "\20\0\0\0X\0\0\0A\202Js\0\0\0\0\30\0\"\0\0\0\0\0\2\0\0\0\0\0\0\0\0\0\0\0\0\0\0\0000\0\0\0\0\0\0\0\1\0\0\0\0\0\0\0$\0\0\0\0\0\0\0\0\0\0\0\0\0\0\0\300\6\0\0@\0\0\0\0\0\0\0\0\0\0\0", 88, MSG_NOSIGNAL, NULL, 0 <unfinished ...>
10659 sendto(34, "\20\0\0\08\1\0\0007\202Js\0\0\0\0\30\0\24\0\0\0\0\0\27\0\0\0\0\0\0\0\0\0\0\0\0\0\0\0H\0\0\0\0\0\0\0\20\0\0\0\0\0\0\0\20\0\0\0\0\0\0\0\0\0\0\0\1\0\0\0\377\377\377\377\377\377\377\377\0\0\0\0\0\0\0\0`\0\0\0\260\0\0\0\300\0\0\0\0\0\0\0\0\0\0\0\0\0\0\0P\0\0\0H\0\0\08\0\0\0\3\0\0\0\0\0\0\0\237\242\3o\0\0\0\0j).\304\0\0\0\0\0\0\0\0\30\0\0\0\0\0\0\0\0\0\0\0\0\0\0\0\0\0\0\0\0\0\0\0\20\0\0\0\0\0\0\0\0\0\0\0\0\0\0\0\20\0\0\0\1\0\0\0\0\0\0\0\0\0\0\0h\0\0\0\1\0\0\0\1\0\0\0\0\0\0\0#\0\0\0\0\0\0\0\377\377\377\377\377\377\377\377\0\0\0\0\0\0\0\0\0\0\0\0\0\0\0\0"..., 312, MSG_NOSIGNAL, NULL, 0 <unfinished ...>
10704 <... sendto resumed>)             = 88
10659 <... sendto resumed>)             = 312
10655 openat(AT_FDCWD, "/tmp/playwright_chromiumdev_profile-Lvy8gD/Default/Extension Scripts/MANIFEST-000001", O_WRONLY|O_APPEND <unfinished ...>
10659 sendto(34, "\20\0\0\08\1\0\0\266\202Js\0\0\0\0\30\0\24\0\0\0\0\0\30\0\0\0\0\0\0\0\0\0\0\0\0\0\0\0H\0\0\0\0\0\0\0#\0\0\0\0\0\0\0\0\0\0\0\0\0\0\0\0\0\0\0\1\0\0\0\377\377\377\377\377\377\377\377\0\0\0\0\0\0\0\0`\0\0\0\260\0\0\0\300\0\0\0\0\0\0\0\0\0\0\0\0\0\0\0P\0\0\0H\0\0\08\0\0\0\3\0\0\0\0\0\0\0\250\322\276]\0\0\0\0k).\304\0\0\0\0\0\0\0\0\30\0\0\0\0\0\0\0\0\0\0\0\0\0\0\0\0\0\0\0\0\0\0\0\20\0\0\0\0\0\0\0\0\0\0\0\0\0\0\0\20\0\0\0\1\0\0\0\0\0\0\0\0\0\0\0h\0\0\0\1\0\0\0\0\0\0\0\0\0\0\0%\0\0\0\0\0\0\0\0\0\0\0\0\0\0\0\0\7\0\0@\0\0\0&\0\0\0\0\0\0\0"..., 312, MSG_NOSIGNAL, NULL, 0 <unfinished ...>
10655 <... openat resumed>)             = 81
10659 <... sendto resumed>)             = 312
10704 recvmsg(5,  <unfinished ...>
10659 sendto(34, "\20\0\0\0\310\1\0\0=\203Js\0\0\0\0\30\0\24\0\0\0\0\0\31\0\0\0\0\0\0\0\0\0\0\0\0\0\0\0H\0\0\0\0\0\0\0\20\0\0\0\0\0\0\0\21\0\0\0\0\0\0\0\0\0\0\0\1\0\0\0\377\377\377\377\377\377\377\377\0\0\0\0\0\0\0\0`\0\0\0\0\0\0\0\0\0\0\0\0\0\0\0\0\0\0\0\0\0\0\0X\1\0\0P\1\0\08\0\0\0\3\0\0\0\0\0\0\0\344\221]\27\0\0\0\0i).\304\0\0\0\0\0\0\0\0\30\0\0\0\0\0\0\0\0\0\0\0\0\0\0\0\0\0\0\0\0\0\0\0\20\0\0\0\0\0\0\0\10\0\0\0\0\0\0\0 \0\0\0\0\0\0\0\30\0\0\0\0\0\0\0(\0\0\0\0\0\0\0\210\0\0\0\0\0\0\0\20\0\0\0\0\0\0\0\10\0\0\0\0\0\0\0\10\0\0\0\0\0\0\0\30\0\0\0\0\0\0\0"..., 456, MSG_NOSIGNAL, NULL, 0 <unfinished ...>
10704 <... recvmsg resumed>{msg_name=NULL, msg_namelen=0, msg_iov=[{iov_base="\20\0\0\0\210\1\0\0\363tJs\0\0\0\0\30\0\24\0\0\0\0\0\0\0\0\0\0\0\0\0\0\0\0\0\0\0\0\0H\0\0\0\0\0\0\0\1\0\0\0\0\0\0\0\0\0\0\0\0\0\0\0\0\0\0\0\1\0\0\0\377\377\377\377\377\377\377\377\0\0\0\0\0\0\0\0`\0\0\0\0\1\0\0\20\1\0\0\0\0\0\0\0\0\0\0\0\0\0\0\240\0\0\0\230\0\0\08\0\0\0\3\0\0\0\0\0\0\0000-ju\0\0\0\0\16).\304\0\0\0\0\0\0\0\0\30\0\0\0\0\0\0\0\0\0\0\0\0\0\0\0\0\0\0\0\0\0\0\0\20\0\0\0\0\0\0\0\10\0\0\0\0\0\0\0\30\0\0\0\0\0\0\0\20\0\0\0\0\0\0\0\0\0\0\0\0\0\0\0002\0\0\0*\0\0\0metrics.mojom.ChildHistogramFetc"..., iov_len=4096}], msg_iovlen=1, msg_controllen=0, msg_flags=0}, MSG_DONTWAIT) = 4096
10659 <... sendto resumed>)             = 456
10659 sendto(34, "\20\0\0\0X\0\0\0\272\203Js\0\0\0\0\30\0\"\0\0\0\0\0\32\0\0\0\0\0\0\0\0\0\0\0\0\0\0\0000\0\0\0\0\0\0\0\2\0\0\0\0\0\0\0'\0\0\0\0\0\0\0\0\0\0\0\0\0\0\0@\7\0\0@\0\0\0\0\0\0\0\0\0\0\0", 88, MSG_NOSIGNAL, NULL, 0) = 88
10655 openat(AT_FDCWD, "/tmp/playwright_chromiumdev_profile-Lvy8gD/Default/Extension Scripts", O_RDONLY|O_NONBLOCK|O_CLOEXEC|O_DIRECTORY <unfinished ...>
10704 recvmsg(5,  <unfinished ...>
10655 <... openat resumed>)             = 82
10704 <... recvmsg resumed>{msg_name=NULL, msg_namelen=0, msg_iov=[{iov_base="H\0\0\0\0\0\0\0\20\0\0\0\0\0\0\0\7\0\0\0\0\0\0\0\0\0\0\0\1\0\0\0\377\377\377\377\377\377\377\377\0\0\0\0\0\0\0\0`\0\0\0\0\0\0\0\0\0\0\0\0\0\0\0\0\0\0\0\0\0\0\0\220?\0\0\210?\0\08\0\0\0\3\0\0\0\0\0\0\0\205K\3034\1\0\0\08).\304\2\0\0\0\0\0\0\0\30\0\0\0\0\0\0\0\0\0\0\0\0\0\0\0\0\0\0\0\0\0\0\0\20\0\0\0\0\0\0\0\10\0\0\0\0\0\0\0\210\1\0\0000\0\0\0\200\1\0\0\0\0\0\0\270\2\0\0\0\0\0\0\360\3\0\0\0\0\0\0(\5\0\0\0\0\0\0`\6\0\0\0\0\0\0\240\7\0\0\0\0\0\0\340\10\0\0\0\0\0\0 \n\0\0\0\0\0\0`\v\0\0\0\0\0\0\240\f\0\0\0\0\0\0\340\r\0\0\0\0\0\0 \17\0\0\0\0\0\0"..., iov_len=16344}], msg_iovlen=1, msg_controllen=0, msg_flags=0}, MSG_DONTWAIT) = 16344
10659 recvmsg(34,  <unfinished ...>
10634 sendto(36, "\20\0\0\0\350\0\0\0\320\204Js\0\0\0\0\30\0\24\0\0\0\0\0\20\0\0\0\0\0\0\0\0\0\0\0\0\0\0\0H\0\0\0\0\0\0\0\"\0\0\0\0\0\0\0\2\0\0\0\0\0\0\0\0\0\0\0\1\0\0\0\0\0\0\0\0\0\0\0\0}\1\0\0\1\0\0\0\0\0\0`\0\0\0p\0\0\0\0\0\0\0\0\0\0\0\0\0\0\0\20\0\0\0\1\0\0\0\0\0\0\0\0\0\0\0h\0\0\0\1\0\0\0\0\0\0\0\0\0\0\09\0\0\0\0\0\0\0\0\0\0\0\0\0\0\0@\t\0\0@\0\0\0:\0\0\0\0\0\0\0\0\0\0\0\0\0\0\0\0\0\0\0\0\0\0\0\0\0\0\0\0\0\0\0\2\0\0\0\0\0\0\0\0\0\0\0\0\0\0\0\0\0\0\0\0\0\0\0\0\0\0\0\0\0\0\0", 232, MSG_NOSIGNAL, NULL, 0 <unfinished ...>
10659 <... recvmsg resumed>{msg_name=NULL, msg_namelen=0, msg_iov=[{iov_base="\20\0\1\0\250\0\0\0\276\200Js\0\0\0\0\30\0\24\0\0\0\0\0\0\0\0\0\0\0\0\0p\0\0\0\0\0\0\0H\0\0\0\0\0\0\0\0\0\0\0\0\0\0\0\0\0\0\0\0\0\0\0\0\0\0\0\1\0\0\0\377\377\377\377\377\377\377\377\0\0\0\0\0\0\0\0\0\0\0\0`\0\0\0\0\0\0\0\0\0\0\0\0\0\0\0\1\0\0\0\20\0\0\0\1\0\0\0\1\0\0\0\0\0\0\0\20\0\0\0\1\0\0\0\200\0\0\0\0\0\1\0\30\0\0\0\20\0\0\0\10\0\0\0\0\0\0\0\1\0\0\0\0\0\0\0", iov_len=4096}], msg_iovlen=1, msg_control=[{cmsg_len=20, cmsg_level=SOL_SOCKET, cmsg_type=SCM_RIGHTS, cmsg_data=[83]}], msg_controllen=24, msg_flags=0}, MSG_DONTWAIT) = 168
10634 <... sendto resumed>)             = 232
10704 recvmsg(5,  <unfinished ...>
10683 recvmsg(14,  <unfinished ...>
10704 <... recvmsg resumed>{msg_name=NULL, msg_namelen=0, msg_iov=[{iov_base="\20\0\0\0\310\0\0\0\270|Js\0\0\0\0\30\0\24\0\0\0\0\0\r\0\0\0\0\0\0\0\0\0\0\0\0\0\0\0H\0\0\0\0\0\0\0\20\0\0\0\0\0\0\0\10\0\0\0\0\0\0\0\0\0\0\0\1\0\0\0\377\377\377\377\377\377\377\377\0\0\0\0\0\0\0\0`\0\0\0\0\0\0\0\0\0\0\0\0\0\0\0\0\0\0\0\0\0\0\0X\0\0\0P\0\0\08\0\0\0\3\0\0\0\0\0\0\0AS\327q\0\0\0\09).\304\0\0\0\0\0\0\0\0\30\0\0\0\0\0\0\0\0\0\0\0\0\0\0\0\0\0\0\0\0\0\0\0\30\0\0\0\0\0\0\0\4\0\0\0\0\0\0\0\0\0\0\0\0\0\0\0\20\0\0\0\360\0\0\0\30}Js\0\0\0\0\30\0\24\0\0\0\0\0\16\0\0\0\0\0\0\0\0\0\0\0\0\0\0\0H\0\0\0\0\0\0\0\20\0\0\0\0\0\0\0"..., iov_len=4096}], msg_iovlen=1, msg_controllen=0, msg_flags=0}, MSG_DONTWAIT) = 4008
10683 <... recvmsg resumed>{msg_name=NULL, msg_namelen=0, msg_iov=[{iov_base="\20\0\0\0\350\0\0\0\320\204Js\0\0\0\0\30\0\24\0\0\0\0\0\20\0\0\0\0\0\0\0\0\0\0\0\0\0\0\0H\0\0\0\0\0\0\0\"\0\0\0\0\0\0\0\2\0\0\0\0\0\0\0\0\0\0\0\1\0\0\0\0\0\0\0\0\0\0\0\0}\1\0\0\1\0\0\0\0\0\0`\0\0\0p\0\0\0\0\0\0\0\0\0\0\0\0\0\0\0\20\0\0\0\1\0\0\0\0\0\0\0\0\0\0\0h\0\0\0\1\0\0\0\0\0\0\0\0\0\0\09\0\0\0\0\0\0\0\0\0\0\0\0\0\0\0@\t\0\0@\0\0\0:\0\0\0\0\0\0\0\0\0\0\0\0\0\0\0\0\0\0\0\0\0\0\0\0\0\0\0\0\0\0\0\2\0\0\0\0\0\0\0\0\0\0\0\0\0\0\0\0\0\0\0\0\0\0\0\0\0\0\0\0\0\0\0", iov_len=4096}], msg_iovlen=1, msg_controllen=0, msg_flags=0}, MSG_DONTWAIT) = 232
10704 sendto(5, "\20\0\0\0@\0\0\0\354\205Js\0\0\0\0\30\0#\0\0\0\0\0\3\0\0\0\0\0\0\0\0\0\0\0\0\0\0\0\30\0\0\0\0\0\0\0\2\0\0\0\0\0\0\0\0\0\0\0\0\0\0\0", 64, MSG_NOSIGNAL, NULL, 0) = 64
10634 sendto(36, "\20\0\0\0\350\0\0\0W\206Js\0\0\0\0\30\0\24\0\0\0\0\0\21\0\0\0\0\0\0\0\0\0\0\0\0\0\0\0H\0\0\0\0\0\0\0\"\0\0\0\0\0\0\0\3\0\0\0\0\0\0\0\0\0\0\0\1\0\0\0\0\0\0\0\0\0\0\0\0~\1\0\0\1\0\0\0\0\0\0`\0\0\0p\0\0\0\0\0\0\0\0\0\0\0\0\0\0\0\20\0\0\0\1\0\0\0\0\0\0\0\0\0\0\0h\0\0\0\1\0\0\0\0\0\0\0\0\0\0\0;\0\0\0\0\0\0\0\0\0\0\0\0\0\0\0\200\t\0\0@\0\0\0<\0\0\0\0\0\0\0\0\0\0\0\0\0\0\0\0\0\0\0\0\0\0\0\0\0\0\0\0\0\0\0\2\0\0\0\0\0\0\0\0\0\0\0\0\0\0\0\0\0\0\0\0\0\0\0\0\0\0\0\0\0\0\0", 232, MSG_NOSIGNAL, NULL, 0) = 232
10683 recvmsg(14, {msg_name=NULL, msg_namelen=0, msg_iov=[{iov_base="\20\0\0\0\350\0\0\0W\206Js\0\0\0\0\30\0\24\0\0\0\0\0\21\0\0\0\0\0\0\0\0\0\0\0\0\0\0\0H\0\0\0\0\0\0\0\"\0\0\0\0\0\0\0\3\0\0\0\0\0\0\0\0\0\0\0\1\0\0\0\0\0\0\0\0\0\0\0\0~\1\0\0\1\0\0\0\0\0\0`\0\0\0p\0\0\0\0\0\0\0\0\0\0\0\0\0\0\0\20\0\0\0\1\0\0\0\0\0\0\0\0\0\0\0h\0\0\0\1\0\0\0\0\0\0\0\0\0\0\0;\0\0\0\0\0\0\0\0\0\0\0\0\0\0\0\200\t\0\0@\0\0\0<\0\0\0\0\0\0\0\0\0\0\0\0\0\0\0\0\0\0\0\0\0\0\0\0\0\0\0\0\0\0\0\2\0\0\0\0\0\0\0\0\0\0\0\0\0\0\0\0\0\0\0\0\0\0\0\0\0\0\0\0\0\0\0", iov_len=4096}], msg_iovlen=1, msg_controllen=0, msg_flags=0}, MSG_DONTWAIT) = 232
10704 sendto(5, "\20\0\0\0\270\0\0\08\207Js\0\0\0\0\30\0\24\0\0\0\0\0\4\0\0\0\0\0\0\0\0\0\0\0\0\0\0\0H\0\0\0\0\0\0\0'\0\0\0\0\0\0\0\0\0\0\0\0\0\0\0\0\0\0\0\1\0\0\0\377\377\377\377\377\377\377\377\0\0\0\0\0\0\0\0`\0\0\0\0\0\0\0\0\0\0\0\0\0\0\0\0\0\0\0\0\0\0\0H\0\0\0@\0\0\08\0\0\0\3\0\0\0\0\0\0\0\323Gg{\1\0\0\0006\335A9\1\0\0\0\0\0\0\0\30\0\0\0\0\0\0\0\0\0\0\0\0\0\0\0\0\0\0\0\0\0\0\0\10\0\0\0\0\0\0\0", 184, MSG_NOSIGNAL, NULL, 0) = 184
10692 sendto(14, "\20\0\0\0p\0\0\0\337\207Js\0\0\0\0\30\0\24\0\0\0\0\0\32\0\0\0\0\0\0\0\0\0\0\0\0\0\0\0H\0\0\0\0\0\0\0.\0\0\0\0\0\0\0\7\0\0\0\0\0\0\0\0\0\0\0\1\0\0\0\0\0\0\0\0\0\0\0\0|\1\0\0\1\0\0\0\0\0\0\0\0\0\0\0\0\0\0\0\0\0\0\0\0\0\0\0\0\0\0", 112, MSG_NOSIGNAL, NULL, 0) = 112
10634 openat(AT_FDCWD, "/proc/10671/stat", O_RDONLY|O_CLOEXEC <unfinished ...>
10655 openat(AT_FDCWD, "/tmp/playwright_chromiumdev_profile-Lvy8gD/Default/Extension Scripts", O_RDONLY|O_NONBLOCK|O_CLOEXEC|O_DIRECTORY <unfinished ...>
10659 recvmsg(34,  <unfinished ...>
10634 <... openat resumed>)             = 82
10659 <... recvmsg resumed>{msg_name=NULL, msg_namelen=0, msg_iov=[{iov_base="\20\0\0\0@\0\0\0\310\201Js\0\0\0\0\30\0\26\0\0\0\0\0\1\0\0\0\0\0\0\0\0\0\0\0\0\0\0\0\30\0\0\0\0\0\0\0\0\0\0\0\0\0\0\0\1\0\0\0\0\0\0\0\20\0\0\0X\0\0\0A\202Js\0\0\0\0\30\0\"\0\0\0\0\0\2\0\0\0\0\0\0\0\0\0\0\0\0\0\0\0000\0\0\0\0\0\0\0\1\0\0\0\0\0\0\0$\0\0\0\0\0\0\0\0\0\0\0\0\0\0\0\300\6\0\0@\0\0\0\0\0\0\0\0\0\0\0\20\0\0\0@\0\0\0\354\205Js\0\0\0\0\30\0#\0\0\0\0\0\3\0\0\0\0\0\0\0\0\0\0\0\0\0\0\0\30\0\0\0\0\0\0\0\2\0\0\0\0\0\0\0\0\0\0\0\0\0\0\0\20\0\0\0\270\0\0\08\207Js\0\0\0\0\30\0\24\0\0\0\0\0\4\0\0\0\0\0\0\0\0\0\0\0\0\0\0\0"..., iov_len=4096}], msg_iovlen=1, msg_controllen=0, msg_flags=0}, MSG_DONTWAIT) = 400
10655 <... openat resumed>)             = 84
10704 sendto(5, "\20\0\0\0 \5\0\0\231\211Js\0\0\0\0\30\0\24\0\0\0\0\0\5\0\0\0\0\0\0\0\0\0\0\0\0\0\0\0H\0\0\0\0\0\0\0'\0\0\0\0\0\0\0\1\0\0\0\0\0\0\0\0\0\0\0\1\0\0\0\377\377\377\377\377\377\377\377\0\0\0\0\0\0\0\0`\0\0\0\250\2\0\0\310\2\0\0\0\0\0\0\0\0\0\0\0\0\0\0H\2\0\0@\2\0\08\0\0\0\3\0\0\0\0\0\0\0\21\206\336\31\0\0\0\0001\335A9\0\0\0\0\0\0\0\0\30\0\0\0\0\0\0\0\0\0\0\0\0\0\0\0\0\0\0\0\0\0\0\0\20\0\0\0\0\0\0\0\10\0\0\0\0\0\0\08\0\0\0\6\0\0\0000\0\0\0\0\0\0\0\200\0\0\0\0\0\0\0\270\0\0\0\0\0\0\0\10\1\0\0\0\0\0\0P\1\0\0\0\0\0\0\210\1\0\0\0\0\0\0\30\0\0\0\0\0\0\0"..., 1312, MSG_NOSIGNAL, NULL, 0) = 1312
10704 sendto(5, "\20\0\0\0\240\1\0\0\342\211Js\0\0\0\0\30\0\24\0\0\0\0\0\6\0\0\0\0\0\0\0\0\0\0\0\0\0\0\0H\0\0\0\0\0\0\0(\0\0\0\0\0\0\0\0\0\0\0\0\0\0\0\0\0\0\0\1\0\0\0\377\377\377\377\377\377\377\377\0\0\0\0\0\0\0\0`\0\0\0\270\0\0\0\310\0\0\0\0\0\0\0\0\0\0\0\0\0\0\0X\0\0\0P\0\0\08\0\0\0\3\0\0\0\0\0\0\0\263\241\267o\0\0\0\0005\335A9\0\0\0\0\0\0\0\0\30\0\0\0\0\0\0\0\0\0\0\0\0\0\0\0\0\0\0\0\0\0\0\0\30\0\0\0\0\0\0\0\0\0\0\0\1\0\0\0\0\0\0\0\0\0\0\0\20\0\0\0\2\0\0\0\0\0\0\0\0\0\0\0\310\0\0\0\2\0\0\0\0\0\0\0\0\0\0\0002\0\0\0\0\0\0\0\377\377\377\377\377\377\377\377\0\0\0\0\0\0\0\0"..., 416, MSG_NOSIGNAL, NULL, 0) = 416
10659 sendto(34, "\20\0\0\0@\0\0\0\1\212Js\0\0\0\0\30\0#\0\0\0\0\0\33\0\0\0\0\0\0\0\0\0\0\0\0\0\0\0\30\0\0\0\0\0\0\0\1\0\0\0\0\0\0\0\2\0\0\0\0\0\0\0", 64, MSG_NOSIGNAL, NULL, 0 <unfinished ...>
10704 sendto(5, "\20\0\0\08\1\0\0<\212Js\0\0\0\0\30\0\24\0\0\0\0\0\7\0\0\0\0\0\0\0\0\0\0\0\0\0\0\0H\0\0\0\0\0\0\0)\0\0\0\0\0\0\0\0\0\0\0\0\0\0\0\0\0\0\0\1\0\0\0\377\377\377\377\377\377\377\377\0\0\0\0\0\0\0\0`\0\0\0\260\0\0\0\300\0\0\0\0\0\0\0\0\0\0\0\0\0\0\0P\0\0\0H\0\0\08\0\0\0\3\0\0\0\0\0\0\0\367\320\262m\0\0\0\0003\335A9\0\0\0\0\0\0\0\0\30\0\0\0\0\0\0\0\0\0\0\0\0\0\0\0\0\0\0\0\0\0\0\0\20\0\0\0\0\0\0\0\0\0\0\0\0\0\0\0\20\0\0\0\1\0\0\0\0\0\0\0\0\0\0\0h\0\0\0\1\0\0\0\0\0\0\0\0\0\0\0005\0\0\0\0\0\0\0\0\0\0\0\0\0\0\0\300\10\0\0@\0\0\0006\0\0\0\0\0\0\0"..., 312, MSG_NOSIGNAL, NULL, 0 <unfinished ...>
10659 <... sendto resumed>)             = 64
10704 <... sendto resumed>)             = 312
10659 sendto(34, "\20\0\0\08\0\0\0\207\212Js\0\0\0\0\30\0$\0\0\0\0\0\34\0\0\0\0\0\0\0\0\0\0\0\0\0\0\0\20\0\0\0\0\0\0\0'\0\0\0\0\0\0\0", 56, MSG_NOSIGNAL, NULL, 0 <unfinished ...>
10704 sendto(5, "\20\0\0\0\270\0\0\0\227\212Js\0\0\0\0\30\0\24\0\0\0\0\0\10\0\0\0\0\0\0\0\0\0\0\0\0\0\0\0H\0\0\0\0\0\0\0+\0\0\0\0\0\0\0\0\0\0\0\0\0\0\0\0\0\0\0\1\0\0\0\377\377\377\377\377\377\377\377\0\0\0\0\0\0\0\0`\0\0\0\0\0\0\0\0\0\0\0\0\0\0\0\0\0\0\0\0\0\0\0H\0\0\0@\0\0\08\0\0\0\3\0\0\0\0\0\0\0\177\240\334e\1\0\0\0004\335A9\1\0\0\0\0\0\0\0\30\0\0\0\0\0\0\0\0\0\0\0\0\0\0\0\0\0\0\0\0\0\0\0\10\0\0\0\0\0\0\0", 184, MSG_NOSIGNAL, NULL, 0 <unfinished ...>
10659 <... sendto resumed>)             = 56
10704 <... sendto resumed>)             = 184
10659 recvmsg(41,  <unfinished ...>
10704 sendto(5, "\20\0\0\08\1\0\0\1\213Js\0\0\0\0\30\0\24\0\0\0\0\0\t\0\0\0\0\0\0\0\0\0\0\0\0\0\0\0H\0\0\0\0\0\0\0-\0\0\0\0\0\0\0\0\0\0\0\0\0\0\0\0\0\0\0\1\0\0\0\377\377\377\377\377\377\377\377\0\0\0\0\0\0\0\0`\0\0\0\260\0\0\0\300\0\0\0\0\0\0\0\0\0\0\0\0\0\0\0P\0\0\0H\0\0\08\0\0\0\3\0\0\0\0\0\0\0\326R\267M\0\0\0\0007\335A9\0\0\0\0\0\0\0\0\30\0\0\0\0\0\0\0\0\0\0\0\0\0\0\0\0\0\0\0\0\0\0\0\20\0\0\0\0\0\0\0\0\0\0\0\0\0\0\0\20\0\0\0\1\0\0\0\0\0\0\0\0\0\0\0h\0\0\0\1\0\0\0\0\0\0\0\0\0\0\0007\0\0\0\0\0\0\0\0\0\0\0\0\0\0\0\0\t\0\0@\0\0\08\0\0\0\0\0\0\0"..., 312, MSG_NOSIGNAL, NULL, 0 <unfinished ...>
10659 <... recvmsg resumed>{msg_name=NULL, msg_namelen=0, msg_iov=[{iov_base="\20\0\0\0p\0\0\0\337\207Js\0\0\0\0\30\0\24\0\0\0\0\0\32\0\0\0\0\0\0\0\0\0\0\0\0\0\0\0H\0\0\0\0\0\0\0.\0\0\0\0\0\0\0\7\0\0\0\0\0\0\0\0\0\0\0\1\0\0\0\0\0\0\0\0\0\0\0\0|\1\0\0\1\0\0\0\0\0\0\0\0\0\0\0\0\0\0\0\0\0\0\0\0\0\0\0\0\0\0", iov_len=4096}], msg_iovlen=1, msg_controllen=0, msg_flags=0}, MSG_DONTWAIT) = 112
10704 <... sendto resumed>)             = 312
10704 sendto(5, "\20\0\0\0(\1\0\0c\213Js\0\0\0\0\30\0\24\0\0\0\0\0\n\0\0\0\0\0\0\0\0\0\0\0\0\0\0\0H\0\0\0\0\0\0\0001\0\0\0\0\0\0\0\0\0\0\0\0\0\0\0\0\0\0\0\1\0\0\0\377\377\377\377\377\377\377\377\0\0\0\0\0\0\0\0`\0\0\0\0\0\0\0\0\0\0\0\0\0\0\0\0\0\0\0\0\0\0\0\270\0\0\0\260\0\0\08\0\0\0\3\0\0\0\0\0\0\0\240\355'g\0\0\0\0000\335A9\0\0\0\0\0\0\0\0\30\0\0\0\0\0\0\0\0\0\0\0\0\0\0\0\0\0\0\0\0\0\0\0\20\0\0\0\0\0\0\0\10\0\0\0\0\0\0\0(\0\0\0\4\0\0\0 \0\0\0\0\0\0\0(\0\0\0\0\0\0\0000\0\0\0\0\0\0\08\0\0\0\0\0\0\0\20\0\0\0\0\0\0\0\314)\0\0\2\0\0\0\20\0\0\0\0\0\0\0"..., 296, MSG_NOSIGNAL, NULL, 0) = 296
10704 sendto(5, "\20\0\0\0X\0\0\0\344\213Js\0\0\0\0\30\0\"\0\0\0\0\0\v\0\0\0\0\0\0\0\0\0\0\0\0\0\0\0000\0\0\0\0\0\0\0'\0\0\0\0\0\0\09\0\0\0\0\0\0\0\0\0\0\0\0\0\0\0@\t\0\0@\0\0\0\2\0\0\0\0\0\0\0", 88, MSG_NOSIGNAL, NULL, 0 <unfinished ...>
10659 recvmsg(34,  <unfinished ...>
10704 <... sendto resumed>)             = 88
10657 openat(AT_FDCWD, "/tmp/playwright_chromiumdev_profile-Lvy8gD/Default/Local Storage/leveldb/MANIFEST-000001", O_WRONLY|O_CREAT|O_TRUNC, 0600 <unfinished ...>
10655 openat(AT_FDCWD, "/tmp/playwright_chromiumdev_profile-Lvy8gD/Default/Extension Scripts/000003.log", O_WRONLY|O_CREAT|O_TRUNC, 0600 <unfinished ...>
10659 <... recvmsg resumed>{msg_name=NULL, msg_namelen=0, msg_iov=[{iov_base="\20\0\0\0 \5\0\0\231\211Js\0\0\0\0\30\0\24\0\0\0\0\0\5\0\0\0\0\0\0\0\0\0\0\0\0\0\0\0H\0\0\0\0\0\0\0'\0\0\0\0\0\0\0\1\0\0\0\0\0\0\0\0\0\0\0\1\0\0\0\377\377\377\377\377\377\377\377\0\0\0\0\0\0\0\0`\0\0\0\250\2\0\0\310\2\0\0\0\0\0\0\0\0\0\0\0\0\0\0H\2\0\0@\2\0\08\0\0\0\3\0\0\0\0\0\0\0\21\206\336\31\0\0\0\0001\335A9\0\0\0\0\0\0\0\0\30\0\0\0\0\0\0\0\0\0\0\0\0\0\0\0\0\0\0\0\0\0\0\0\20\0\0\0\0\0\0\0\10\0\0\0\0\0\0\08\0\0\0\6\0\0\0000\0\0\0\0\0\0\0\200\0\0\0\0\0\0\0\270\0\0\0\0\0\0\0\10\1\0\0\0\0\0\0P\1\0\0\0\0\0\0\210\1\0\0\0\0\0\0\30\0\0\0\0\0\0\0"..., iov_len=4096}], msg_iovlen=1, msg_controllen=0, msg_flags=0}, MSG_DONTWAIT) = 2920
10657 <... openat resumed>)             = 82
10655 <... openat resumed>)             = 84
10659 sendto(34, "\20\0\0\0@\0\0\0\273\214Js\0\0\0\0\30\0#\0\0\0\0\0\35\0\0\0\0\0\0\0\0\0\0\0\0\0\0\0\30\0\0\0\0\0\0\0'\0\0\0\0\0\0\0\0\0\0\0\0\0\0\0", 64, MSG_NOSIGNAL, NULL, 0 <unfinished ...>
10704 recvmsg(5, {msg_name=NULL, msg_namelen=0, msg_iov=[{iov_base="\20\0\0\0@\0\0\0\1\212Js\0\0\0\0\30\0#\0\0\0\0\0\33\0\0\0\0\0\0\0\0\0\0\0\0\0\0\0\30\0\0\0\0\0\0\0\1\0\0\0\0\0\0\0\2\0\0\0\0\0\0\0\20\0\0\08\0\0\0\207\212Js\0\0\0\0\30\0$\0\0\0\0\0\34\0\0\0\0\0\0\0\0\0\0\0\0\0\0\0\20\0\0\0\0\0\0\0'\0\0\0\0\0\0\0\20\0\0\0@\0\0\0\273\214Js\0\0\0\0\30\0#\0\0\0\0\0\35\0\0\0\0\0\0\0\0\0\0\0\0\0\0\0\30\0\0\0\0\0\0\0'\0\0\0\0\0\0\0\0\0\0\0\0\0\0\0", iov_len=4096}], msg_iovlen=1, msg_controllen=0, msg_flags=0}, MSG_DONTWAIT) = 184
10659 <... sendto resumed>)             = 64
10657 sendmsg(41, {msg_name=NULL, msg_namelen=0, msg_iov=[{iov_base="\20\0\1\0\250\0\0\0\315\214Js\0\0\0\0\30\0\24\0\0\0\0\0\23\0\0\0\0\0\0\0p\0\0\0\0\0\0\0H\0\0\0\0\0\0\0.\0\0\0\0\0\0\0\7\0\0\0\0\0\0\0\0\0\0\0\1\0\0\0\0\0\0\0\0\0\0\0\0}\1\0\0\1\0\0\0\0\0\0`\0\0\0\0\0\0\0\0\0\0\0\0\0\0\0\1\0\0\0\20\0\0\0\1\0\0\0\1\0\0\0\0\0\0\0\20\0\0\0\1\0\0\0\200\0\0\0\0\0\1\0\30\0\0\0\20\0\0\0\10\0\0\0\4\0\0\0\10\0\0\0\0\0\0\0", iov_len=168}], msg_iovlen=1, msg_control=[{cmsg_len=20, cmsg_level=SOL_SOCKET, cmsg_type=SCM_RIGHTS, cmsg_data=[82]}], msg_controllen=20, msg_flags=0}, MSG_NOSIGNAL <unfinished ...>
10704 sendto(5, "\20\0\0\08\0\0\0\24\215Js\0\0\0\0\30\0$\0\0\0\0\0\f\0\0\0\0\0\0\0\0\0\0\0\0\0\0\0\20\0\0\0\0\0\0\0$\0\0\0\0\0\0\0", 56, MSG_NOSIGNAL, NULL, 0 <unfinished ...>
10657 <... sendmsg resumed>)            = 168
10704 <... sendto resumed>)             = 56
10692 recvmsg(14, {msg_name=NULL, msg_namelen=0, msg_iov=[{iov_base="\20\0\1\0\250\0\0\0\315\214Js\0\0\0\0\30\0\24\0\0\0\0\0\23\0\0\0\0\0\0\0p\0\0\0\0\0\0\0H\0\0\0\0\0\0\0.\0\0\0\0\0\0\0\7\0\0\0\0\0\0\0\0\0\0\0\1\0\0\0\0\0\0\0\0\0\0\0\0}\1\0\0\1\0\0\0\0\0\0`\0\0\0\0\0\0\0\0\0\0\0\0\0\0\0\1\0\0\0\20\0\0\0\1\0\0\0\1\0\0\0\0\0\0\0\20\0\0\0\1\0\0\0\200\0\0\0\0\0\1\0\30\0\0\0\20\0\0\0\10\0\0\0\4\0\0\0\10\0\0\0\0\0\0\0", iov_len=4096}], msg_iovlen=1, msg_control=[{cmsg_len=20, cmsg_level=SOL_SOCKET, cmsg_type=SCM_RIGHTS, cmsg_data=[23]}], msg_controllen=24, msg_flags=0}, MSG_DONTWAIT) = 168
10634 openat(AT_FDCWD, "/proc/10671/status", O_RDONLY|O_CLOEXEC) = 82
10655 openat(AT_FDCWD, "/tmp/playwright_chromiumdev_profile-Lvy8gD/Default/Extension Scripts", O_RDONLY|O_NONBLOCK|O_CLOEXEC|O_DIRECTORY) = 85
10659 recvmsg(34, {msg_name=NULL, msg_namelen=0, msg_iov=[{iov_base="\20\0\0\08\0\0\0\24\215Js\0\0\0\0\30\0$\0\0\0\0\0\f\0\0\0\0\0\0\0\0\0\0\0\0\0\0\0\20\0\0\0\0\0\0\0$\0\0\0\0\0\0\0", iov_len=4096}], msg_iovlen=1, msg_controllen=0, msg_flags=0}, MSG_DONTWAIT) = 56
10659 sendto(34, "\20\0\0\0X\0\0\0\212\217Js\0\0\0\0\30\0\"\0\0\0\0\0\36\0\0\0\0\0\0\0\0\0\0\0\0\0\0\0000\0\0\0\0\0\0\0$\0\0\0\0\0\0\0:\0\0\0\0\0\0\0\0\0\0\0\0\0\0\0@\7\0\0@\0\0\0\2\0\0\0\0\0\0\0", 88, MSG_NOSIGNAL, NULL, 0) = 88
10634 sendto(36, "\20\0\0\0\350\0\0\0\37\220Js\0\0\0\0\30\0\24\0\0\0\0\0\22\0\0\0\0\0\0\0\0\0\0\0\0\0\0\0H\0\0\0\0\0\0\0\"\0\0\0\0\0\0\0\4\0\0\0\0\0\0\0\0\0\0\0\1\0\0\0\0\0\0\0\0\0\0\0\0~\1\0\0\1\0\0\0\0\0\0`\0\0\0p\0\0\0\0\0\0\0\0\0\0\0\0\0\0\0\20\0\0\0\1\0\0\0\0\0\0\0\0\0\0\0h\0\0\0\1\0\0\0\0\0\0\0\0\0\0\0=\0\0\0\0\0\0\0\0\0\0\0\0\0\0\0\300\t\0\0@\0\0\0>\0\0\0\0\0\0\0\0\0\0\0\0\0\0\0\0\0\0\0\0\0\0\0\0\0\0\0\0\0\0\0\2\0\0\0\0\0\0\0\0\0\0\0\0\0\0\0\0\0\0\0\0\0\0\0\0\0\0\0\0\0\0\0", 232, MSG_NOSIGNAL, NULL, 0) = 232
10683 recvmsg(14,  <unfinished ...>
10634 sendto(36, "\20\0\0\0p\0\0\0\204\220Js\0\0\0\0\30\0\24\0\0\0\0\0\23\0\0\0\0\0\0\0\0\0\0\0\0\0\0\0H\0\0\0\0\0\0\0=\0\0\0\0\0\0\0\0\0\0\0\0\0\0\0\0\0\0\0\1\0\0\0\0\0\0\0\0\0\0\0\0\250\1\0\0\10\0\0\0\0\0\0\0\0\0\0\0\0\0\0\0\0\0\0\0\0\0\0\0\0\0\0", 112, MSG_NOSIGNAL, NULL, 0 <unfinished ...>
10704 openat(AT_FDCWD, "/proc/self/cmdline", O_RDONLY|O_CLOEXEC <unfinished ...>
10683 <... recvmsg resumed>{msg_name=NULL, msg_namelen=0, msg_iov=[{iov_base="\20\0\0\0\350\0\0\0\37\220Js\0\0\0\0\30\0\24\0\0\0\0\0\22\0\0\0\0\0\0\0\0\0\0\0\0\0\0\0H\0\0\0\0\0\0\0\"\0\0\0\0\0\0\0\4\0\0\0\0\0\0\0\0\0\0\0\1\0\0\0\0\0\0\0\0\0\0\0\0~\1\0\0\1\0\0\0\0\0\0`\0\0\0p\0\0\0\0\0\0\0\0\0\0\0\0\0\0\0\20\0\0\0\1\0\0\0\0\0\0\0\0\0\0\0h\0\0\0\1\0\0\0\0\0\0\0\0\0\0\0=\0\0\0\0\0\0\0\0\0\0\0\0\0\0\0\300\t\0\0@\0\0\0>\0\0\0\0\0\0\0\0\0\0\0\0\0\0\0\0\0\0\0\0\0\0\0\0\0\0\0\0\0\0\0\2\0\0\0\0\0\0\0\0\0\0\0\0\0\0\0\0\0\0\0\0\0\0\0\0\0\0\0\0\0\0\0", iov_len=4096}], msg_iovlen=1, msg_controllen=0, msg_flags=0}, MSG_DONTWAIT) = 232
10634 <... sendto resumed>)             = 112
10704 <... openat resumed>)             = 15
10692 sendto(14, "\20\0\0\0p\0\0\0\10\221Js\0\0\0\0\30\0\24\0\0\0\0\0\33\0\0\0\0\0\0\0\0\0\0\0\0\0\0\0H\0\0\0\0\0\0\0.\0\0\0\0\0\0\0\10\0\0\0\0\0\0\0\0\0\0\0\1\0\0\0\0\0\0\0\0\0\0\0\0}\1\0\0\1\0\0\0\0\0\0\0\0\0\0\0\0\0\0\0\0\0\0\0\0\0\0\0\0\0\0", 112, MSG_NOSIGNAL, NULL, 0) = 112
10659 recvmsg(41,  <unfinished ...>
10634 openat(AT_FDCWD, "/proc/10671/stat", O_RDONLY|O_CLOEXEC <unfinished ...>
10683 recvmsg(14,  <unfinished ...>
10659 <... recvmsg resumed>{msg_name=NULL, msg_namelen=0, msg_iov=[{iov_base="\20\0\0\0p\0\0\0\10\221Js\0\0\0\0\30\0\24\0\0\0\0\0\33\0\0\0\0\0\0\0\0\0\0\0\0\0\0\0H\0\0\0\0\0\0\0.\0\0\0\0\0\0\0\10\0\0\0\0\0\0\0\0\0\0\0\1\0\0\0\0\0\0\0\0\0\0\0\0}\1\0\0\1\0\0\0\0\0\0\0\0\0\0\0\0\0\0\0\0\0\0\0\0\0\0\0\0\0\0", iov_len=4096}], msg_iovlen=1, msg_controllen=0, msg_flags=0}, MSG_DONTWAIT) = 112
10634 <... openat resumed>)             = 82
10683 <... recvmsg resumed>{msg_name=NULL, msg_namelen=0, msg_iov=[{iov_base="\20\0\0\0p\0\0\0\204\220Js\0\0\0\0\30\0\24\0\0\0\0\0\23\0\0\0\0\0\0\0\0\0\0\0\0\0\0\0H\0\0\0\0\0\0\0=\0\0\0\0\0\0\0\0\0\0\0\0\0\0\0\0\0\0\0\1\0\0\0\0\0\0\0\0\0\0\0\0\250\1\0\0\10\0\0\0\0\0\0\0\0\0\0\0\0\0\0\0\0\0\0\0\0\0\0\0\0\0\0", iov_len=4096}], msg_iovlen=1, msg_controllen=0, msg_flags=0}, MSG_DONTWAIT) = 112
10655 openat(AT_FDCWD, "/tmp/playwright_chromiumdev_profile-Lvy8gD/Default/Extension Scripts", O_RDONLY|O_NONBLOCK|O_CLOEXEC|O_DIRECTORY) = 85
10657 openat(AT_FDCWD, "/tmp/playwright_chromiumdev_profile-Lvy8gD/Default/Local Storage/leveldb", O_RDONLY) = 56
10657 sendmsg(41, {msg_name=NULL, msg_namelen=0, msg_iov=[{iov_base="\20\0\1\0\250\0\0\0\366\223Js\0\0\0\0\30\0\24\0\0\0\0\0\24\0\0\0\0\0\0\0p\0\0\0\0\0\0\0H\0\0\0\0\0\0\0.\0\0\0\0\0\0\0\10\0\0\0\0\0\0\0\0\0\0\0\1\0\0\0\0\0\0\0\0\0\0\0\0|\1\0\0\1\0\0\0\0\0\0`\0\0\0\0\0\0\0\0\0\0\0\0\0\0\0\1\0\0\0\20\0\0\0\1\0\0\0\1\0\0\0\0\0\0\0\20\0\0\0\1\0\0\0\200\0\0\0\0\0\1\0\30\0\0\0\20\0\0\0\10\0\0\0\4\0\0\0\10\0\0\0\0\0\0\0", iov_len=168}], msg_iovlen=1, msg_control=[{cmsg_len=20, cmsg_level=SOL_SOCKET, cmsg_type=SCM_RIGHTS, cmsg_data=[56]}], msg_controllen=20, msg_flags=0}, MSG_NOSIGNAL) = 168
10692 recvmsg(14, {msg_name=NULL, msg_namelen=0, msg_iov=[{iov_base="\20\0\1\0\250\0\0\0\366\223Js\0\0\0\0\30\0\24\0\0\0\0\0\24\0\0\0\0\0\0\0p\0\0\0\0\0\0\0H\0\0\0\0\0\0\0.\0\0\0\0\0\0\0\10\0\0\0\0\0\0\0\0\0\0\0\1\0\0\0\0\0\0\0\0\0\0\0\0|\1\0\0\1\0\0\0\0\0\0`\0\0\0\0\0\0\0\0\0\0\0\0\0\0\0\1\0\0\0\20\0\0\0\1\0\0\0\1\0\0\0\0\0\0\0\20\0\0\0\1\0\0\0\200\0\0\0\0\0\1\0\30\0\0\0\20\0\0\0\10\0\0\0\4\0\0\0\10\0\0\0\0\0\0\0", iov_len=4096}], msg_iovlen=1, msg_control=[{cmsg_len=20, cmsg_level=SOL_SOCKET, cmsg_type=SCM_RIGHTS, cmsg_data=[24]}], msg_controllen=24, msg_flags=0}, MSG_DONTWAIT) = 168
10704 recvmsg(5, {msg_name=NULL, msg_namelen=0, msg_iov=[{iov_base="\20\0\0\0X\0\0\0\212\217Js\0\0\0\0\30\0\"\0\0\0\0\0\36\0\0\0\0\0\0\0\0\0\0\0\0\0\0\0000\0\0\0\0\0\0\0$\0\0\0\0\0\0\0:\0\0\0\0\0\0\0\0\0\0\0\0\0\0\0@\7\0\0@\0\0\0\2\0\0\0\0\0\0\0", iov_len=4096}], msg_iovlen=1, msg_controllen=0, msg_flags=0}, MSG_DONTWAIT) = 88
10704 sendto(5, "\20\0\0\0@\0\0\0|\226Js\0\0\0\0\30\0#\0\0\0\0\0\r\0\0\0\0\0\0\0\0\0\0\0\0\0\0\0\30\0\0\0\0\0\0\0$\0\0\0\0\0\0\0\0\0\0\0\0\0\0\0", 64, MSG_NOSIGNAL, NULL, 0) = 64
10659 recvmsg(34,  <unfinished ...>
10634 sendmsg(36, {msg_name=NULL, msg_namelen=0, msg_iov=[{iov_base="\20\0\3\0\360\0\0\0W\227Js\0\0\0\0\30\0\24\0\0\0\0\0\24\0\0\0\0\0\0\0x\0\0\0\0\0\0\0H\0\0\0\0\0\0\0\21\0\0\0\0\0\0\0\2\0\0\0\0\0\0\0\0\0\0\0\1\0\0\0\0\0\0\0\0\0\0\0\0z\1\0\0\1\0\0\0\0\0\0`\0\0\0\0\0\0\0\0\0\0\0\0\0\0\0\3\0\0\0\30\0\0\0\3\0\0\0\1\0\0\0\1\0\0\0\1\0\0\0\0\0\0\0 \0\0\0\3\0\0\0\230\0\0\0\0\0\1\0\260\0\0\0\1\0\1\0\310\0\0\0\2\0\1\0\30\0\0\0\20\0\0\0\10\0\0\0\4\0\0\0\10\0\0\0\0\0\0\0\30\0\0\0\20\0\0\0\10\0\0\0\4\0\0\0\10\0\0\0\0\0\0\0\30\0\0\0\20\0\0\0\10\0\0\0\4\0\0\0\10\0\0\0\0\0\0\0", iov_len=240}], msg_iovlen=1, msg_control=[{cmsg_len=28, cmsg_level=SOL_SOCKET, cmsg_type=SCM_RIGHTS, cmsg_data=[43, 44, 47]}], msg_controllen=28, msg_flags=0}, MSG_NOSIGNAL <unfinished ...>
10659 <... recvmsg resumed>{msg_name=NULL, msg_namelen=0, msg_iov=[{iov_base="\20\0\0\0@\0\0\0|\226Js\0\0\0\0\30\0#\0\0\0\0\0\r\0\0\0\0\0\0\0\0\0\0\0\0\0\0\0\30\0\0\0\0\0\0\0$\0\0\0\0\0\0\0\0\0\0\0\0\0\0\0", iov_len=4096}], msg_iovlen=1, msg_controllen=0, msg_flags=0}, MSG_DONTWAIT) = 64
10634 <... sendmsg resumed>)            = 240
10683 recvmsg(14, {msg_name=NULL, msg_namelen=0, msg_iov=[{iov_base="\20\0\3\0\360\0\0\0W\227Js\0\0\0\0\30\0\24\0\0\0\0\0\24\0\0\0\0\0\0\0x\0\0\0\0\0\0\0H\0\0\0\0\0\0\0\21\0\0\0\0\0\0\0\2\0\0\0\0\0\0\0\0\0\0\0\1\0\0\0\0\0\0\0\0\0\0\0\0z\1\0\0\1\0\0\0\0\0\0`\0\0\0\0\0\0\0\0\0\0\0\0\0\0\0\3\0\0\0\30\0\0\0\3\0\0\0\1\0\0\0\1\0\0\0\1\0\0\0\0\0\0\0 \0\0\0\3\0\0\0\230\0\0\0\0\0\1\0\260\0\0\0\1\0\1\0\310\0\0\0\2\0\1\0\30\0\0\0\20\0\0\0\10\0\0\0\4\0\0\0\10\0\0\0\0\0\0\0\30\0\0\0\20\0\0\0\10\0\0\0\4\0\0\0\10\0\0\0\0\0\0\0\30\0\0\0\20\0\0\0\10\0\0\0\4\0\0\0\10\0\0\0\0\0\0\0", iov_len=4096}], msg_iovlen=1, msg_control=[{cmsg_len=28, cmsg_level=SOL_SOCKET, cmsg_type=SCM_RIGHTS, cmsg_data=[22, 24, 25]}], msg_controllen=32, msg_flags=0}, MSG_DONTWAIT) = 240
10655 openat(AT_FDCWD, "/opt/google/chrome/resources/pdf/_metadata/computed_hashes.json", O_RDONLY|O_CLOEXEC) = -1 ENOENT (No such file or directory)
10692 sendto(14, "\20\0\0\0p\0\0\0\212\231Js\0\0\0\0\30\0\24\0\0\0\0\0\34\0\0\0\0\0\0\0\0\0\0\0\0\0\0\0H\0\0\0\0\0\0\0.\0\0\0\0\0\0\0\t\0\0\0\0\0\0\0\0\0\0\0\1\0\0\0\0\0\0\0\0\0\0\0\0|\1\0\0\1\0\0\0\0\0\0\0\0\0\0\0\0\0\0\0\0\0\0\0\0\0\0\0\0\0\0", 112, MSG_NOSIGNAL, NULL, 0) = 112
10654 openat(AT_FDCWD, "/tmp/playwright_chromiumdev_profile-Lvy8gD/Default/History", O_RDWR|O_CREAT|O_NOFOLLOW|O_CLOEXEC, 0600) = 43
10659 recvmsg(41, {msg_name=NULL, msg_namelen=0, msg_iov=[{iov_base="\20\0\0\0p\0\0\0\212\231Js\0\0\0\0\30\0\24\0\0\0\0\0\34\0\0\0\0\0\0\0\0\0\0\0\0\0\0\0H\0\0\0\0\0\0\0.\0\0\0\0\0\0\0\t\0\0\0\0\0\0\0\0\0\0\0\1\0\0\0\0\0\0\0\0\0\0\0\0|\1\0\0\1\0\0\0\0\0\0\0\0\0\0\0\0\0\0\0\0\0\0\0\0\0\0\0\0\0\0", iov_len=4096}], msg_iovlen=1, msg_controllen=0, msg_flags=0}, MSG_DONTWAIT) = 112
10683 openat(AT_FDCWD, "/dev/urandom", O_RDONLY|O_CLOEXEC <unfinished ...>
10704 sendto(5, "\20\0\0\0p\0\0\0^\234Js\0\0\0\0\30\0\24\0\0\0\0\0\16\0\0\0\0\0\0\0\0\0\0\0\0\0\0\0H\0\0\0\0\0\0\0\r\0\0\0\0\0\0\0\0\0\0\0\0\0\0\0\0\0\0\0\1\0\0\0\0\0\0\0\0\0\0\0\0x\1\0\0\1\0\0\0\0\0\0\0\0\0\0\0\0\0\0\0\0\0\0\0\0\0\0\0\0\0\0", 112, MSG_NOSIGNAL, NULL, 0 <unfinished ...>
10683 <... openat resumed>)             = 26
10655 openat(AT_FDCWD, "/tmp/playwright_chromiumdev_profile-Lvy8gD/Default/Local Storage/leveldb/000001.dbtmp", O_WRONLY|O_CREAT|O_TRUNC, 0600 <unfinished ...>
10704 <... sendto resumed>)             = 112
10659 recvmsg(34,  <unfinished ...>
10655 <... openat resumed>)             = 44
10659 <... recvmsg resumed>{msg_name=NULL, msg_namelen=0, msg_iov=[{iov_base="\20\0\0\0p\0\0\0^\234Js\0\0\0\0\30\0\24\0\0\0\0\0\16\0\0\0\0\0\0\0\0\0\0\0\0\0\0\0H\0\0\0\0\0\0\0\r\0\0\0\0\0\0\0\0\0\0\0\0\0\0\0\0\0\0\0\1\0\0\0\0\0\0\0\0\0\0\0\0x\1\0\0\1\0\0\0\0\0\0\0\0\0\0\0\0\0\0\0\0\0\0\0\0\0\0\0\0\0\0", iov_len=4096}], msg_iovlen=1, msg_controllen=0, msg_flags=0}, MSG_DONTWAIT) = 112
10655 sendmsg(41, {msg_name=NULL, msg_namelen=0, msg_iov=[{iov_base="\20\0\1\0\250\0\0\0\24\235Js\0\0\0\0\30\0\24\0\0\0\0\0\25\0\0\0\0\0\0\0p\0\0\0\0\0\0\0H\0\0\0\0\0\0\0.\0\0\0\0\0\0\0\t\0\0\0\0\0\0\0\0\0\0\0\1\0\0\0\0\0\0\0\0\0\0\0\0}\1\0\0\1\0\0\0\0\0\0`\0\0\0\0\0\0\0\0\0\0\0\0\0\0\0\1\0\0\0\20\0\0\0\1\0\0\0\1\0\0\0\0\0\0\0\20\0\0\0\1\0\0\0\200\0\0\0\0\0\1\0\30\0\0\0\20\0\0\0\10\0\0\0\4\0\0\0\10\0\0\0\0\0\0\0", iov_len=168}], msg_iovlen=1, msg_control=[{cmsg_len=20, cmsg_level=SOL_SOCKET, cmsg_type=SCM_RIGHTS, cmsg_data=[44]}], msg_controllen=20, msg_flags=0}, MSG_NOSIGNAL) = 168
10692 recvmsg(14, {msg_name=NULL, msg_namelen=0, msg_iov=[{iov_base="\20\0\1\0\250\0\0\0\24\235Js\0\0\0\0\30\0\24\0\0\0\0\0\25\0\0\0\0\0\0\0p\0\0\0\0\0\0\0H\0\0\0\0\0\0\0.\0\0\0\0\0\0\0\t\0\0\0\0\0\0\0\0\0\0\0\1\0\0\0\0\0\0\0\0\0\0\0\0}\1\0\0\1\0\0\0\0\0\0`\0\0\0\0\0\0\0\0\0\0\0\0\0\0\0\1\0\0\0\20\0\0\0\1\0\0\0\1\0\0\0\0\0\0\0\20\0\0\0\1\0\0\0\200\0\0\0\0\0\1\0\30\0\0\0\20\0\0\0\10\0\0\0\4\0\0\0\10\0\0\0\0\0\0\0", iov_len=4096}], msg_iovlen=1, msg_control=[{cmsg_len=20, cmsg_level=SOL_SOCKET, cmsg_type=SCM_RIGHTS, cmsg_data=[23]}], msg_controllen=24, msg_flags=0}, MSG_DONTWAIT) = 168
10659 sendto(36, "\20\0\0\0p\0\0\0Z\236Js\0\0\0\0\30\0\24\0\0\0\0\0\25\0\0\0\0\0\0\0\0\0\0\0\0\0\0\0H\0\0\0\0\0\0\0\31\0\0\0\0\0\0\0\0\0\0\0\0\0\0\0\0\0\0\0\1\0\0\0\0\0\0\0\0\0\0\0\0{\1\0\0\1\0\0\0\0\0\0\0\0\0\0\0\0\0\0\0\0\0\0\0\0\0\0\0\0\0\0", 112, MSG_NOSIGNAL, NULL, 0) = 112
10659 sendto(36, "\20\0\0\0p\0\0\0\265\237Js\0\0\0\0\30\0\24\0\0\0\0\0\26\0\0\0\0\0\0\0\0\0\0\0\0\0\0\0H\0\0\0\0\0\0\0\31\0\0\0\0\0\0\0\1\0\0\0\0\0\0\0\0\0\0\0\1\0\0\0\0\0\0\0\0\0\0\0\0y\1\0\0\1\0\0\0\0\0\0\0\0\0\0\0\0\0\0\0\0\0\0\0\0\0\0\0\0\0\0", 112, MSG_NOSIGNAL, NULL, 0) = 112
10703 openat(AT_FDCWD, "/proc/sys/fs/inotify/max_user_watches", O_RDONLY <unfinished ...>
10704 sendto(5, "\20\0\0\0p\0\0\0\305\240Js\0\0\0\0\30\0\24\0\0\0\0\0\17\0\0\0\0\0\0\0\0\0\0\0\0\0\0\0H\0\0\0\0\0\0\0\17\0\0\0\0\0\0\0\0\0\0\0\0\0\0\0\0\0\0\0\1\0\0\0\0\0\0\0\0\0\0\0\0y\1\0\0\1\0\0\0\0\0\0\0\0\0\0\0\0\0\0\0\0\0\0\0\0\0\0\0\0\0\0", 112, MSG_NOSIGNAL, NULL, 0 <unfinished ...>
10703 <... openat resumed>)             = 18
10704 <... sendto resumed>)             = 112
10704 sendto(5, "\20\0\0\0p\0\0\0|\241Js\0\0\0\0\30\0\24\0\0\0\0\0\20\0\0\0\0\0\0\0\0\0\0\0\0\0\0\0H\0\0\0\0\0\0\0\27\0\0\0\0\0\0\0\0\0\0\0\0\0\0\0\0\0\0\0\1\0\0\0\0\0\0\0\0\0\0\0\0z\1\0\0\1\0\0\0\0\0\0\0\0\0\0\0\0\0\0\0\0\0\0\0\0\0\0\0\0\0\0", 112, MSG_NOSIGNAL, NULL, 0 <unfinished ...>
10659 recvmsg(34,  <unfinished ...>
10704 <... sendto resumed>)             = 112
10659 <... recvmsg resumed>{msg_name=NULL, msg_namelen=0, msg_iov=[{iov_base="\20\0\0\0p\0\0\0\305\240Js\0\0\0\0\30\0\24\0\0\0\0\0\17\0\0\0\0\0\0\0\0\0\0\0\0\0\0\0H\0\0\0\0\0\0\0\17\0\0\0\0\0\0\0\0\0\0\0\0\0\0\0\0\0\0\0\1\0\0\0\0\0\0\0\0\0\0\0\0y\1\0\0\1\0\0\0\0\0\0\0\0\0\0\0\0\0\0\0\0\0\0\0\0\0\0\0\0\0\0\20\0\0\0p\0\0\0|\241Js\0\0\0\0\30\0\24\0\0\0\0\0\20\0\0\0\0\0\0\0\0\0\0\0\0\0\0\0H\0\0\0\0\0\0\0\27\0\0\0\0\0\0\0\0\0\0\0\0\0\0\0\0\0\0\0\1\0\0\0\0\0\0\0\0\0\0\0\0z\1\0\0\1\0\0\0\0\0\0\0\0\0\0\0\0\0\0\0\0\0\0\0\0\0\0\0\0\0\0", iov_len=4096}], msg_iovlen=1, msg_controllen=0, msg_flags=0}, MSG_DONTWAIT) = 224
10634 openat(AT_FDCWD, "/proc/10685/stat", O_RDONLY|O_CLOEXEC <unfinished ...>
10685 sendto(5, "\20\0\0\0p\0\0\0\373\241Js\0\0\0\0\30\0\24\0\0\0\0\0\21\0\0\0\0\0\0\0\0\0\0\0\0\0\0\0H\0\0\0\0\0\0\0000\0\0\0\0\0\0\0\1\0\0\0\0\0\0\0\0\0\0\0\1\0\0\0\0\0\0\0\0\0\0\0\0{\1\0\0\1\0\0\0\0\0\0\0\0\0\0\0\0\0\0\0\0\0\0\0\0\0\0\0\0\0\0", 112, MSG_NOSIGNAL, NULL, 0 <unfinished ...>
10634 <... openat resumed>)             = 44
10685 <... sendto resumed>)             = 112
10659 recvmsg(34, {msg_name=NULL, msg_namelen=0, msg_iov=[{iov_base="\20\0\0\0p\0\0\0\373\241Js\0\0\0\0\30\0\24\0\0\0\0\0\21\0\0\0\0\0\0\0\0\0\0\0\0\0\0\0H\0\0\0\0\0\0\0000\0\0\0\0\0\0\0\1\0\0\0\0\0\0\0\0\0\0\0\1\0\0\0\0\0\0\0\0\0\0\0\0{\1\0\0\1\0\0\0\0\0\0\0\0\0\0\0\0\0\0\0\0\0\0\0\0\0\0\0\0\0\0", iov_len=4096}], msg_iovlen=1, msg_controllen=0, msg_flags=0}, MSG_DONTWAIT) = 112
10692 sendto(14, "\20\0\0\0p\0\0\0o\243Js\0\0\0\0\30\0\24\0\0\0\0\0\35\0\0\0\0\0\0\0\0\0\0\0\0\0\0\0H\0\0\0\0\0\0\0.\0\0\0\0\0\0\0\n\0\0\0\0\0\0\0\0\0\0\0\1\0\0\0\0\0\0\0\0\0\0\0\0}\1\0\0\1\0\0\0\0\0\0\0\0\0\0\0\0\0\0\0\0\0\0\0\0\0\0\0\0\0\0", 112, MSG_NOSIGNAL, NULL, 0) = 112
10659 recvmsg(41, {msg_name=NULL, msg_namelen=0, msg_iov=[{iov_base="\20\0\0\0p\0\0\0o\243Js\0\0\0\0\30\0\24\0\0\0\0\0\35\0\0\0\0\0\0\0\0\0\0\0\0\0\0\0H\0\0\0\0\0\0\0.\0\0\0\0\0\0\0\n\0\0\0\0\0\0\0\0\0\0\0\1\0\0\0\0\0\0\0\0\0\0\0\0}\1\0\0\1\0\0\0\0\0\0\0\0\0\0\0\0\0\0\0\0\0\0\0\0\0\0\0\0\0\0", iov_len=4096}], msg_iovlen=1, msg_controllen=0, msg_flags=0}, MSG_DONTWAIT) = 112
10634 openat(AT_FDCWD, "/proc/10685/status", O_RDONLY|O_CLOEXEC) = 44
10655 sendto(41, "\20\0\0\0p\0\0\0T\245Js\0\0\0\0\30\0\24\0\0\0\0\0\26\0\0\0\0\0\0\0\0\0\0\0\0\0\0\0H\0\0\0\0\0\0\0.\0\0\0\0\0\0\0\n\0\0\0\0\0\0\0\0\0\0\0\1\0\0\0\0\0\0\0\0\0\0\0\0|\1\0\0\1\0\0\0\0\0\0\0\0\0\0\0\0\0\0\0\0\0\0\0\0\0\0\0\0\0\0", 112, MSG_NOSIGNAL, NULL, 0) = 112
10692 recvmsg(14, {msg_name=NULL, msg_namelen=0, msg_iov=[{iov_base="\20\0\0\0p\0\0\0T\245Js\0\0\0\0\30\0\24\0\0\0\0\0\26\0\0\0\0\0\0\0\0\0\0\0\0\0\0\0H\0\0\0\0\0\0\0.\0\0\0\0\0\0\0\n\0\0\0\0\0\0\0\0\0\0\0\1\0\0\0\0\0\0\0\0\0\0\0\0|\1\0\0\1\0\0\0\0\0\0\0\0\0\0\0\0\0\0\0\0\0\0\0\0\0\0\0\0\0\0", iov_len=4096}], msg_iovlen=1, msg_controllen=0, msg_flags=0}, MSG_DONTWAIT) = 112
10634 sendto(34, "\20\0\0\0\350\0\0\0\216\246Js\0\0\0\0\30\0\24\0\0\0\0\0\37\0\0\0\0\0\0\0\0\0\0\0\0\0\0\0H\0\0\0\0\0\0\0:\0\0\0\0\0\0\0\2\0\0\0\0\0\0\0\0\0\0\0\1\0\0\0\0\0\0\0\0\0\0\0\0|\1\0\0\1\0\0\0\0\0\0`\0\0\0p\0\0\0\0\0\0\0\0\0\0\0\0\0\0\0\20\0\0\0\1\0\0\0\0\0\0\0\0\0\0\0h\0\0\0\1\0\0\0\0\0\0\0\0\0\0\0;\0\0\0\0\0\0\0\0\0\0\0\0\0\0\0\300\6\0\0@\0\0\0<\0\0\0\0\0\0\0\0\0\0\0\0\0\0\0\0\0\0\0\0\0\0\0\0\0\0\0\0\0\0\0\2\0\0\0\0\0\0\0\0\0\0\0\0\0\0\0\0\0\0\0\0\0\0\0\0\0\0\0\0\0\0\0", 232, MSG_NOSIGNAL, NULL, 0) = 232
10654 openat(AT_FDCWD, "/tmp/playwright_chromiumdev_profile-Lvy8gD/Default/Favicons", O_RDWR|O_CREAT|O_NOFOLLOW|O_CLOEXEC, 0600) = 43
10704 sendto(5, "\20\0\0\0p\0\0\0\240\247Js\0\0\0\0\30\0\24\0\0\0\0\0\22\0\0\0\0\0\0\0\0\0\0\0\0\0\0\0H\0\0\0\0\0\0\0\17\0\0\0\0\0\0\0\1\0\0\0\0\0\0\0\0\0\0\0\1\0\0\0\0\0\0\0\0\0\0\0\0}\1\0\0\1\0\0\0\0\0\0\0\0\0\0\0\0\0\0\0\0\0\0\0\0\0\0\0\0\0\0", 112, MSG_NOSIGNAL, NULL, 0 <unfinished ...>
10634 sendto(34, "\20\0\0\0p\0\0\0\254\247Js\0\0\0\0\30\0\24\0\0\0\0\0 \0\0\0\0\0\0\0\0\0\0\0\0\0\0\0H\0\0\0\0\0\0\0;\0\0\0\0\0\0\0\0\0\0\0\0\0\0\0\0\0\0\0\1\0\0\0\0\0\0\0\0\0\0\0\0\250\1\0\0\10\0\0\0\0\0\0\0\0\0\0\0\0\0\0\0\0\0\0\0\0\0\0\0\0\0\0", 112, MSG_NOSIGNAL, NULL, 0) = 112
10634 openat(AT_FDCWD, "/proc/10685/stat", O_RDONLY|O_CLOEXEC) = 44
10704 <... sendto resumed>)             = 112
10692 sendto(14, "\20\0\0\0p\0\0\0\345\250Js\0\0\0\0\30\0\24\0\0\0\0\0\36\0\0\0\0\0\0\0\0\0\0\0\0\0\0\0H\0\0\0\0\0\0\0.\0\0\0\0\0\0\0\v\0\0\0\0\0\0\0\0\0\0\0\1\0\0\0\0\0\0\0\0\0\0\0\0|\1\0\0\1\0\0\0\0\0\0\0\0\0\0\0\0\0\0\0\0\0\0\0\0\0\0\0\0\0\0", 112, MSG_NOSIGNAL, NULL, 0 <unfinished ...>
10659 recvmsg(34, {msg_name=NULL, msg_namelen=0, msg_iov=[{iov_base="\20\0\0\0p\0\0\0\240\247Js\0\0\0\0\30\0\24\0\0\0\0\0\22\0\0\0\0\0\0\0\0\0\0\0\0\0\0\0H\0\0\0\0\0\0\0\17\0\0\0\0\0\0\0\1\0\0\0\0\0\0\0\0\0\0\0\1\0\0\0\0\0\0\0\0\0\0\0\0}\1\0\0\1\0\0\0\0\0\0\0\0\0\0\0\0\0\0\0\0\0\0\0\0\0\0\0\0\0\0", iov_len=4096}], msg_iovlen=1, msg_controllen=0, msg_flags=0}, MSG_DONTWAIT) = 112
10692 <... sendto resumed>)             = 112
10704 recvmsg(5,  <unfinished ...>
10659 recvmsg(41,  <unfinished ...>
10634 sendto(34, "\20\0\0\0\350\0\0\0'\252Js\0\0\0\0\30\0\24\0\0\0\0\0!\0\0\0\0\0\0\0\0\0\0\0\0\0\0\0H\0\0\0\0\0\0\0:\0\0\0\0\0\0\0\3\0\0\0\0\0\0\0\0\0\0\0\1\0\0\0\0\0\0\0\0\0\0\0\0~\1\0\0\1\0\0\0\0\0\0`\0\0\0p\0\0\0\0\0\0\0\0\0\0\0\0\0\0\0\20\0\0\0\1\0\0\0\0\0\0\0\0\0\0\0h\0\0\0\1\0\0\0\0\0\0\0\0\0\0\0=\0\0\0\0\0\0\0\0\0\0\0\0\0\0\0\200\t\0\0@\0\0\0>\0\0\0\0\0\0\0\0\0\0\0\0\0\0\0\0\0\0\0\0\0\0\0\0\0\0\0\0\0\0\0\2\0\0\0\0\0\0\0\0\0\0\0\0\0\0\0\0\0\0\0\0\0\0\0\0\0\0\0\0\0\0\0", 232, MSG_NOSIGNAL, NULL, 0 <unfinished ...>
10704 <... recvmsg resumed>{msg_name=NULL, msg_namelen=0, msg_iov=[{iov_base="\20\0\0\0\350\0\0\0\216\246Js\0\0\0\0\30\0\24\0\0\0\0\0\37\0\0\0\0\0\0\0\0\0\0\0\0\0\0\0H\0\0\0\0\0\0\0:\0\0\0\0\0\0\0\2\0\0\0\0\0\0\0\0\0\0\0\1\0\0\0\0\0\0\0\0\0\0\0\0|\1\0\0\1\0\0\0\0\0\0`\0\0\0p\0\0\0\0\0\0\0\0\0\0\0\0\0\0\0\20\0\0\0\1\0\0\0\0\0\0\0\0\0\0\0h\0\0\0\1\0\0\0\0\0\0\0\0\0\0\0;\0\0\0\0\0\0\0\0\0\0\0\0\0\0\0\300\6\0\0@\0\0\0<\0\0\0\0\0\0\0\0\0\0\0\0\0\0\0\0\0\0\0\0\0\0\0\0\0\0\0\0\0\0\0\2\0\0\0\0\0\0\0\0\0\0\0\0\0\0\0\0\0\0\0\0\0\0\0\0\0\0\0\0\0\0\0\20\0\0\0p\0\0\0\254\247Js\0\0\0\0\30\0\24\0\0\0\0\0"..., iov_len=4096}], msg_iovlen=1, msg_controllen=0, msg_flags=0}, MSG_DONTWAIT) = 344
10659 <... recvmsg resumed>{msg_name=NULL, msg_namelen=0, msg_iov=[{iov_base="\20\0\0\0p\0\0\0\345\250Js\0\0\0\0\30\0\24\0\0\0\0\0\36\0\0\0\0\0\0\0\0\0\0\0\0\0\0\0H\0\0\0\0\0\0\0.\0\0\0\0\0\0\0\v\0\0\0\0\0\0\0\0\0\0\0\1\0\0\0\0\0\0\0\0\0\0\0\0|\1\0\0\1\0\0\0\0\0\0\0\0\0\0\0\0\0\0\0\0\0\0\0\0\0\0\0\0\0\0", iov_len=4096}], msg_iovlen=1, msg_controllen=0, msg_flags=0}, MSG_DONTWAIT) = 112
10634 <... sendto resumed>)             = 232
10634 sendto(34, "\20\0\0\0\350\0\0\0\332\252Js\0\0\0\0\30\0\24\0\0\0\0\0\"\0\0\0\0\0\0\0\0\0\0\0\0\0\0\0H\0\0\0\0\0\0\0:\0\0\0\0\0\0\0\4\0\0\0\0\0\0\0\0\0\0\0\1\0\0\0\0\0\0\0\0\0\0\0\0\177\1\0\0\1\0\0\0\0\0\0`\0\0\0p\0\0\0\0\0\0\0\0\0\0\0\0\0\0\0\20\0\0\0\1\0\0\0\0\0\0\0\0\0\0\0h\0\0\0\1\0\0\0\0\0\0\0\0\0\0\0?\0\0\0\0\0\0\0\0\0\0\0\0\0\0\0\300\t\0\0@\0\0\0@\0\0\0\0\0\0\0\0\0\0\0\0\0\0\0\0\0\0\0\0\0\0\0\0\0\0\0\0\0\0\0\2\0\0\0\0\0\0\0\0\0\0\0\0\0\0\0\0\0\0\0\0\0\0\0\0\0\0\0\0\0\0\0", 232, MSG_NOSIGNAL, NULL, 0) = 232
10704 recvmsg(5,  <unfinished ...>
10634 sendto(34, "\20\0\0\0@\3\0\0\330\253Js\0\0\0\0\30\0\24\0\0\0\0\0#\0\0\0\0\0\0\0\0\0\0\0\0\0\0\0H\0\0\0\0\0\0\0\17\0\0\0\0\0\0\0\22\0\0\0\0\0\0\0\0\0\0\0\1\0\0\0\0\0\0\0\0\0\0\0\0\320\1\0\0\20\0\0\0\0\0\0`\0\0\0\210\0\0\0\0\0\0\0\0\0\0\0\0\0\0\0(\0\0\0\7\0\0\0\0\0\0\0\0\0\0\0\0\0\0\0\0\0\0\0\0\0\0\0\0\0\0\0\0\0\0\0\0\0\0\0\250\2\0\0\7\0\0\0\0\0\0\0\0\0\0\0A\0\0\0\0\0\0\0\0\0\0\0\0\0\0\0\0\n\0\0@\0\0\0B\0\0\0\0\0\0\0\0\0\0\0\0\0\0\0\0\0\0\0\0\0\0\0\2\0\0\0\0\0\0\0\2\0\0\0\0\0\0\0\0\0\0\0\0\0\0\0\0\0\0\0\0\0\0\0\0\0\0\0\0\0\0\0"..., 832, MSG_NOSIGNAL, NULL, 0 <unfinished ...>
10704 <... recvmsg resumed>{msg_name=NULL, msg_namelen=0, msg_iov=[{iov_base="\20\0\0\0\350\0\0\0'\252Js\0\0\0\0\30\0\24\0\0\0\0\0!\0\0\0\0\0\0\0\0\0\0\0\0\0\0\0H\0\0\0\0\0\0\0:\0\0\0\0\0\0\0\3\0\0\0\0\0\0\0\0\0\0\0\1\0\0\0\0\0\0\0\0\0\0\0\0~\1\0\0\1\0\0\0\0\0\0`\0\0\0p\0\0\0\0\0\0\0\0\0\0\0\0\0\0\0\20\0\0\0\1\0\0\0\0\0\0\0\0\0\0\0h\0\0\0\1\0\0\0\0\0\0\0\0\0\0\0=\0\0\0\0\0\0\0\0\0\0\0\0\0\0\0\200\t\0\0@\0\0\0>\0\0\0\0\0\0\0\0\0\0\0\0\0\0\0\0\0\0\0\0\0\0\0\0\0\0\0\0\0\0\0\2\0\0\0\0\0\0\0\0\0\0\0\0\0\0\0\0\0\0\0\0\0\0\0\0\0\0\0\0\0\0\0\20\0\0\0\350\0\0\0\332\252Js\0\0\0\0\30\0\24\0\0\0\0\0"..., iov_len=4096}], msg_iovlen=1, msg_controllen=0, msg_flags=0}, MSG_DONTWAIT) = 464
10658 openat(AT_FDCWD, "/tmp/playwright_chromiumdev_profile-Lvy8gD/Default/Account Web Data", O_RDWR|O_CREAT|O_NOFOLLOW|O_CLOEXEC, 0600 <unfinished ...>
10634 <... sendto resumed>)             = 832
10655 sendto(41, "\20\0\0\0p\0\0\0Y\254Js\0\0\0\0\30\0\24\0\0\0\0\0\27\0\0\0\0\0\0\0\0\0\0\0\0\0\0\0H\0\0\0\0\0\0\0.\0\0\0\0\0\0\0\v\0\0\0\0\0\0\0\0\0\0\0\1\0\0\0\0\0\0\0\0\0\0\0\0}\1\0\0\1\0\0\0\0\0\0\0\0\0\0\0\0\0\0\0\0\0\0\0\0\0\0\0\0\0\0", 112, MSG_NOSIGNAL, NULL, 0 <unfinished ...>
10634 sendto(34, "\20\0\0\08\1\0\0e\254Js\0\0\0\0\30\0\24\0\0\0\0\0$\0\0\0\0\0\0\0\0\0\0\0\0\0\0\0H\0\0\0\0\0\0\0B\0\0\0\0\0\0\0\0\0\0\0\0\0\0\0\0\0\0\0\1\0\0\0\377\377\377\377\377\377\377\377\0\0\0\0\0\0\0\0`\0\0\0\260\0\0\0\300\0\0\0\0\0\0\0\0\0\0\0\0\0\0\0P\0\0\0H\0\0\08\0\0\0\3\0\0\0\0\0\0\0\363U\264H\0\0\0\0?).\304\0\0\0\0\0\0\0\0\30\0\0\0\0\0\0\0\0\0\0\0\0\0\0\0\0\0\0\0\0\0\0\0\20\0\0\0\0\0\0\0\0\0\0\0\0\0\0\0\20\0\0\0\1\0\0\0\0\0\0\0\0\0\0\0h\0\0\0\1\0\0\0\0\0\0\0\0\0\0\0O\0\0\0\0\0\0\0\0\0\0\0\0\0\0\0\300\v\0\0@\0\0\0P\0\0\0\0\0\0\0"..., 312, MSG_NOSIGNAL, NULL, 0 <unfinished ...>
10658 <... openat resumed>)             = 44
10655 <... sendto resumed>)             = 112
10654 openat(AT_FDCWD, "/tmp/playwright_chromiumdev_profile-Lvy8gD/Default/Favicons-journal", O_RDWR|O_CREAT|O_NOFOLLOW|O_CLOEXEC, 0600 <unfinished ...>
10634 <... sendto resumed>)             = 312
10692 recvmsg(14,  <unfinished ...>
10654 <... openat resumed>)             = 47
10634 sendto(34, "\20\0\0\0\330\2\0\0\355\254Js\0\0\0\0\30\0\24\0\0\0\0\0%\0\0\0\0\0\0\0\0\0\0\0\0\0\0\0H\0\0\0\0\0\0\0B\0\0\0\0\0\0\0\1\0\0\0\0\0\0\0\0\0\0\0\1\0\0\0\377\377\377\377\377\377\377\377\0\0\0\0\0\0\0\0`\0\0\0P\2\0\0`\2\0\0\0\0\0\0\0\0\0\0\0\0\0\0\360\1\0\0\350\1\0\08\0\0\0\3\0\0\0\0\0\0\0`\5\312\17\0\0\0\0d).\304\0\0\0\0\0\0\0\0\30\0\0\0\0\0\0\0\0\0\0\0\0\0\0\0\0\0\0\0\0\0\0\0\30\0\0\0\0\0\0\0\0\0\0\0\0\0\0\0\10\0\0\0\0\0\0\0\270\0\0\0\0\0\0\0\20\0\0\0\0\0\0\0\250\0\0\0\0\0\0\0\0\0\0\0\0\0\0\0\"\0\0\0\377\377\377\377\0\0\0\0\1\0\0\0\220\0\0\0\0\0\0\0"..., 728, MSG_NOSIGNAL, NULL, 0 <unfinished ...>
10705 openat(AT_FDCWD, "/etc/host.conf", O_RDONLY|O_CLOEXEC <unfinished ...>
10692 <... recvmsg resumed>{msg_name=NULL, msg_namelen=0, msg_iov=[{iov_base="\20\0\0\0p\0\0\0Y\254Js\0\0\0\0\30\0\24\0\0\0\0\0\27\0\0\0\0\0\0\0\0\0\0\0\0\0\0\0H\0\0\0\0\0\0\0.\0\0\0\0\0\0\0\v\0\0\0\0\0\0\0\0\0\0\0\1\0\0\0\0\0\0\0\0\0\0\0\0}\1\0\0\1\0\0\0\0\0\0\0\0\0\0\0\0\0\0\0\0\0\0\0\0\0\0\0\0\0\0", iov_len=4096}], msg_iovlen=1, msg_controllen=0, msg_flags=0}, MSG_DONTWAIT) = 112
10634 <... sendto resumed>)             = 728
10705 <... openat resumed>)             = 18
10634 sendto(34, "\20\0\0\0\240\4\0\0\217\255Js\0\0\0\0\30\0\24\0\0\0\0\0&\0\0\0\0\0\0\0\0\0\0\0\0\0\0\0H\0\0\0\0\0\0\0R\0\0\0\0\0\0\0\0\0\0\0\0\0\0\0\0\0\0\0\1\0\0\0\377\377\377\377\377\377\377\377\0\0\0\0\0\0\0\0`\0\0\0\270\3\0\0\310\3\0\0\0\0\0\0\0\0\0\0\0\0\0\0X\3\0\0P\3\0\08\0\0\0\3\0\0\0\0\0\0\0\357\20\376Z\0\0\0\0e).\304\0\0\0\0\0\0\0\0\30\0\0\0\0\0\0\0\0\0\0\0\0\0\0\0\0\0\0\0\0\0\0\0000\0\0\0\0\0\0\0\0\0\0\0\0\0\0\0\0\0\0\0\0\0\0\0\30\0\0\0\0\0\0\0\1\0\0\0\0\0\0\0\340\2\0\0\0\0\0\0 \1\0\0\0\0\0\0\30\1\0\0\0\0\0\0 \1\0\0\0\0\0\0\340\1\0\0\0\0\0\0"..., 1184, MSG_NOSIGNAL, NULL, 0) = 1184
10703 openat(AT_FDCWD, "/etc/hosts", O_RDONLY|O_CLOEXEC) = 19
10705 openat(AT_FDCWD, "/etc/resolv.conf", O_RDONLY|O_CLOEXEC) = 18
10692 sendto(14, "\20\0\0\0p\0\0\0D\260Js\0\0\0\0\30\0\24\0\0\0\0\0\37\0\0\0\0\0\0\0\0\0\0\0\0\0\0\0H\0\0\0\0\0\0\0.\0\0\0\0\0\0\0\f\0\0\0\0\0\0\0\0\0\0\0\1\0\0\0\0\0\0\0\0\0\0\0\0}\1\0\0\1\0\0\0\0\0\0\0\0\0\0\0\0\0\0\0\0\0\0\0\0\0\0\0\0\0\0", 112, MSG_NOSIGNAL, NULL, 0) = 112
10704 recvmsg(5,  <unfinished ...>
10659 recvmsg(41,  <unfinished ...>
10704 <... recvmsg resumed>{msg_name=NULL, msg_namelen=0, msg_iov=[{iov_base="\20\0\0\0@\3\0\0\330\253Js\0\0\0\0\30\0\24\0\0\0\0\0#\0\0\0\0\0\0\0\0\0\0\0\0\0\0\0H\0\0\0\0\0\0\0\17\0\0\0\0\0\0\0\22\0\0\0\0\0\0\0\0\0\0\0\1\0\0\0\0\0\0\0\0\0\0\0\0\320\1\0\0\20\0\0\0\0\0\0`\0\0\0\210\0\0\0\0\0\0\0\0\0\0\0\0\0\0\0(\0\0\0\7\0\0\0\0\0\0\0\0\0\0\0\0\0\0\0\0\0\0\0\0\0\0\0\0\0\0\0\0\0\0\0\0\0\0\0\250\2\0\0\7\0\0\0\0\0\0\0\0\0\0\0A\0\0\0\0\0\0\0\0\0\0\0\0\0\0\0\0\n\0\0@\0\0\0B\0\0\0\0\0\0\0\0\0\0\0\0\0\0\0\0\0\0\0\0\0\0\0\2\0\0\0\0\0\0\0\2\0\0\0\0\0\0\0\0\0\0\0\0\0\0\0\0\0\0\0\0\0\0\0\0\0\0\0\0\0\0\0"..., iov_len=4096}], msg_iovlen=1, msg_controllen=0, msg_flags=0}, MSG_DONTWAIT) = 3056
10659 <... recvmsg resumed>{msg_name=NULL, msg_namelen=0, msg_iov=[{iov_base="\20\0\0\0p\0\0\0D\260Js\0\0\0\0\30\0\24\0\0\0\0\0\37\0\0\0\0\0\0\0\0\0\0\0\0\0\0\0H\0\0\0\0\0\0\0.\0\0\0\0\0\0\0\f\0\0\0\0\0\0\0\0\0\0\0\1\0\0\0\0\0\0\0\0\0\0\0\0}\1\0\0\1\0\0\0\0\0\0\0\0\0\0\0\0\0\0\0\0\0\0\0\0\0\0\0\0\0\0", iov_len=4096}], msg_iovlen=1, msg_controllen=0, msg_flags=0}, MSG_DONTWAIT) = 112
10655 openat(AT_FDCWD, "/tmp/playwright_chromiumdev_profile-Lvy8gD/Default/Local Storage/leveldb/CURRENT", O_RDONLY) = 56
10685 sendto(5, "\20\0\0\0p\0\0\0\333\262Js\0\0\0\0\30\0\24\0\0\0\0\0\23\0\0\0\0\0\0\0\0\0\0\0\0\0\0\0H\0\0\0\0\0\0\0000\0\0\0\0\0\0\0\2\0\0\0\0\0\0\0\0\0\0\0\1\0\0\0\0\0\0\0\0\0\0\0\0\177\1\0\0\1\0\0\0\0\0\0\0\0\0\0\0\0\0\0\0\0\0\0\0\0\0\0\0\0\0\0", 112, MSG_NOSIGNAL, NULL, 0 <unfinished ...>
10705 openat(AT_FDCWD, "/etc/nsswitch.conf", O_RDONLY|O_CLOEXEC <unfinished ...>
10685 <... sendto resumed>)             = 112
10705 <... openat resumed>)             = 18
10683 recvmsg(14,  <unfinished ...>
10655 sendmsg(41, {msg_name=NULL, msg_namelen=0, msg_iov=[{iov_base="\20\0\1\0\250\0\0\0\376\262Js\0\0\0\0\30\0\24\0\0\0\0\0\30\0\0\0\0\0\0\0p\0\0\0\0\0\0\0H\0\0\0\0\0\0\0.\0\0\0\0\0\0\0\f\0\0\0\0\0\0\0\0\0\0\0\1\0\0\0\0\0\0\0\0\0\0\0\0|\1\0\0\1\0\0\0\0\0\0`\0\0\0\0\0\0\0\0\0\0\0\0\0\0\0\1\0\0\0\20\0\0\0\1\0\0\0\1\0\0\0\0\0\0\0\20\0\0\0\1\0\0\0\200\0\0\0\0\0\1\0\30\0\0\0\20\0\0\0\10\0\0\0\4\0\0\0\10\0\0\0\0\0\0\0", iov_len=168}], msg_iovlen=1, msg_control=[{cmsg_len=20, cmsg_level=SOL_SOCKET, cmsg_type=SCM_RIGHTS, cmsg_data=[56]}], msg_controllen=20, msg_flags=0}, MSG_NOSIGNAL <unfinished ...>
10683 <... recvmsg resumed>{msg_name=NULL, msg_namelen=0, msg_iov=[{iov_base="\20\0\0\0p\0\0\0Z\236Js\0\0\0\0\30\0\24\0\0\0\0\0\25\0\0\0\0\0\0\0\0\0\0\0\0\0\0\0H\0\0\0\0\0\0\0\31\0\0\0\0\0\0\0\0\0\0\0\0\0\0\0\0\0\0\0\1\0\0\0\0\0\0\0\0\0\0\0\0{\1\0\0\1\0\0\0\0\0\0\0\0\0\0\0\0\0\0\0\0\0\0\0\0\0\0\0\0\0\0\20\0\0\0p\0\0\0\265\237Js\0\0\0\0\30\0\24\0\0\0\0\0\26\0\0\0\0\0\0\0\0\0\0\0\0\0\0\0H\0\0\0\0\0\0\0\31\0\0\0\0\0\0\0\1\0\0\0\0\0\0\0\0\0\0\0\1\0\0\0\0\0\0\0\0\0\0\0\0y\1\0\0\1\0\0\0\0\0\0\0\0\0\0\0\0\0\0\0\0\0\0\0\0\0\0\0\0\0\0", iov_len=4096}], msg_iovlen=1, msg_controllen=0, msg_flags=0}, MSG_DONTWAIT) = 224
10659 recvmsg(34,  <unfinished ...>
10655 <... sendmsg resumed>)            = 168
10692 recvmsg(14,  <unfinished ...>
10659 <... recvmsg resumed>{msg_name=NULL, msg_namelen=0, msg_iov=[{iov_base="\20\0\0\0p\0\0\0\333\262Js\0\0\0\0\30\0\24\0\0\0\0\0\23\0\0\0\0\0\0\0\0\0\0\0\0\0\0\0H\0\0\0\0\0\0\0000\0\0\0\0\0\0\0\2\0\0\0\0\0\0\0\0\0\0\0\1\0\0\0\0\0\0\0\0\0\0\0\0\177\1\0\0\1\0\0\0\0\0\0\0\0\0\0\0\0\0\0\0\0\0\0\0\0\0\0\0\0\0\0", iov_len=4096}], msg_iovlen=1, msg_controllen=0, msg_flags=0}, MSG_DONTWAIT) = 112
10692 <... recvmsg resumed>{msg_name=NULL, msg_namelen=0, msg_iov=[{iov_base="\20\0\1\0\250\0\0\0\376\262Js\0\0\0\0\30\0\24\0\0\0\0\0\30\0\0\0\0\0\0\0p\0\0\0\0\0\0\0H\0\0\0\0\0\0\0.\0\0\0\0\0\0\0\f\0\0\0\0\0\0\0\0\0\0\0\1\0\0\0\0\0\0\0\0\0\0\0\0|\1\0\0\1\0\0\0\0\0\0`\0\0\0\0\0\0\0\0\0\0\0\0\0\0\0\1\0\0\0\20\0\0\0\1\0\0\0\1\0\0\0\0\0\0\0\20\0\0\0\1\0\0\0\200\0\0\0\0\0\1\0\30\0\0\0\20\0\0\0\10\0\0\0\4\0\0\0\10\0\0\0\0\0\0\0", iov_len=4096}], msg_iovlen=1, msg_control=[{cmsg_len=20, cmsg_level=SOL_SOCKET, cmsg_type=SCM_RIGHTS, cmsg_data=[23]}], msg_controllen=24, msg_flags=0}, MSG_DONTWAIT) = 168
10654 openat(AT_FDCWD, "/tmp/playwright_chromiumdev_profile-Lvy8gD/Default", O_RDONLY|O_CLOEXEC) = 56
10658 openat(AT_FDCWD, "/tmp/playwright_chromiumdev_profile-Lvy8gD/Default/Account Web Data-journal", O_RDWR|O_CREAT|O_NOFOLLOW|O_CLOEXEC, 0600 <unfinished ...>
10692 sendto(14, "\20\0\0\0p\0\0\0003\267Js\0\0\0\0\30\0\24\0\0\0\0\0 \0\0\0\0\0\0\0\0\0\0\0\0\0\0\0H\0\0\0\0\0\0\0.\0\0\0\0\0\0\0\r\0\0\0\0\0\0\0\0\0\0\0\1\0\0\0\0\0\0\0\0\0\0\0\0|\1\0\0\1\0\0\0\0\0\0\0\0\0\0\0\0\0\0\0\0\0\0\0\0\0\0\0\0\0\0", 112, MSG_NOSIGNAL, NULL, 0 <unfinished ...>
10658 <... openat resumed>)             = 82
10692 <... sendto resumed>)             = 112
10659 recvmsg(41, {msg_name=NULL, msg_namelen=0, msg_iov=[{iov_base="\20\0\0\0p\0\0\0003\267Js\0\0\0\0\30\0\24\0\0\0\0\0 \0\0\0\0\0\0\0\0\0\0\0\0\0\0\0H\0\0\0\0\0\0\0.\0\0\0\0\0\0\0\r\0\0\0\0\0\0\0\0\0\0\0\1\0\0\0\0\0\0\0\0\0\0\0\0|\1\0\0\1\0\0\0\0\0\0\0\0\0\0\0\0\0\0\0\0\0\0\0\0\0\0\0\0\0\0", iov_len=4096}], msg_iovlen=1, msg_controllen=0, msg_flags=0}, MSG_DONTWAIT) = 112
10655 openat(AT_FDCWD, "/tmp/playwright_chromiumdev_profile-Lvy8gD/Default/Local Storage/leveldb/MANIFEST-000001", O_RDONLY) = 85
10655 sendmsg(41, {msg_name=NULL, msg_namelen=0, msg_iov=[{iov_base="\20\0\1\0\250\0\0\0\312\270Js\0\0\0\0\30\0\24\0\0\0\0\0\31\0\0\0\0\0\0\0p\0\0\0\0\0\0\0H\0\0\0\0\0\0\0.\0\0\0\0\0\0\0\r\0\0\0\0\0\0\0\0\0\0\0\1\0\0\0\0\0\0\0\0\0\0\0\0}\1\0\0\1\0\0\0\0\0\0`\0\0\0\0\0\0\0\0\0\0\0\0\0\0\0\1\0\0\0\20\0\0\0\1\0\0\0\1\0\0\0\0\0\0\0\20\0\0\0\1\0\0\0\200\0\0\0\0\0\1\0\30\0\0\0\20\0\0\0\10\0\0\0\4\0\0\0\10\0\0\0\0\0\0\0", iov_len=168}], msg_iovlen=1, msg_control=[{cmsg_len=20, cmsg_level=SOL_SOCKET, cmsg_type=SCM_RIGHTS, cmsg_data=[85]}], msg_controllen=20, msg_flags=0}, MSG_NOSIGNAL) = 168
10634 openat(AT_FDCWD, "/proc/10686/stat", O_RDONLY|O_CLOEXEC <unfinished ...>
10692 recvmsg(14,  <unfinished ...>
10704 sendto(5, "\20\0\0\0H\1\0\0S\271Js\0\0\0\0\30\0\24\0\0\0\0\0\24\0\0\0\0\0\0\0\0\0\0\0\0\0\0\0H\0\0\0\0\0\0\0K\0\0\0\0\0\0\0\0\0\0\0\0\0\0\0\0\0\0\0\1\0\0\0\0\0\0\0\0\0\0\0\0~\1\0\0\1\0\0\0\0\0\0`\0\0\0p\0\0\0\0\0\0\0\0\0\0\0\0\0\0\0\20\0\0\0\2\0\0\0\0\0\0\0\0\0\0\0\310\0\0\0\2\0\0\0\0\0\0\0\0\0\0\0W\0\0\0\0\0\0\0\0\0\0\0\0\0\0\0\300\f\0\0@\0\0\0X\0\0\0\0\0\0\0\0\0\0\0\0\0\0\0\0\0\0\0\0\0\0\0\0\0\0\0\0\0\0\0\2\0\0\0\0\0\0\0\0\0\0\0\0\0\0\0\0\0\0\0\0\0\0\0\0\0\0\0\0\0\0\0\0\0\0\0\0\0\0\0Y\0\0\0\0\0\0\0\0\0\0\0\0\0\0\0"..., 328, MSG_NOSIGNAL, NULL, 0 <unfinished ...>
10692 <... recvmsg resumed>{msg_name=NULL, msg_namelen=0, msg_iov=[{iov_base="\20\0\1\0\250\0\0\0\312\270Js\0\0\0\0\30\0\24\0\0\0\0\0\31\0\0\0\0\0\0\0p\0\0\0\0\0\0\0H\0\0\0\0\0\0\0.\0\0\0\0\0\0\0\r\0\0\0\0\0\0\0\0\0\0\0\1\0\0\0\0\0\0\0\0\0\0\0\0}\1\0\0\1\0\0\0\0\0\0`\0\0\0\0\0\0\0\0\0\0\0\0\0\0\0\1\0\0\0\20\0\0\0\1\0\0\0\1\0\0\0\0\0\0\0\20\0\0\0\1\0\0\0\200\0\0\0\0\0\1\0\30\0\0\0\20\0\0\0\10\0\0\0\4\0\0\0\10\0\0\0\0\0\0\0", iov_len=4096}], msg_iovlen=1, msg_control=[{cmsg_len=20, cmsg_level=SOL_SOCKET, cmsg_type=SCM_RIGHTS, cmsg_data=[23]}], msg_controllen=24, msg_flags=0}, MSG_DONTWAIT) = 168
10634 <... openat resumed>)             = 56
10704 <... sendto resumed>)             = 328
10659 recvmsg(34, {msg_name=NULL, msg_namelen=0, msg_iov=[{iov_base="\20\0\0\0H\1\0\0S\271Js\0\0\0\0\30\0\24\0\0\0\0\0\24\0\0\0\0\0\0\0\0\0\0\0\0\0\0\0H\0\0\0\0\0\0\0K\0\0\0\0\0\0\0\0\0\0\0\0\0\0\0\0\0\0\0\1\0\0\0\0\0\0\0\0\0\0\0\0~\1\0\0\1\0\0\0\0\0\0`\0\0\0p\0\0\0\0\0\0\0\0\0\0\0\0\0\0\0\20\0\0\0\2\0\0\0\0\0\0\0\0\0\0\0\310\0\0\0\2\0\0\0\0\0\0\0\0\0\0\0W\0\0\0\0\0\0\0\0\0\0\0\0\0\0\0\300\f\0\0@\0\0\0X\0\0\0\0\0\0\0\0\0\0\0\0\0\0\0\0\0\0\0\0\0\0\0\0\0\0\0\0\0\0\0\2\0\0\0\0\0\0\0\0\0\0\0\0\0\0\0\0\0\0\0\0\0\0\0\0\0\0\0\0\0\0\0\0\0\0\0\0\0\0\0Y\0\0\0\0\0\0\0\0\0\0\0\0\0\0\0"..., iov_len=4096}], msg_iovlen=1, msg_controllen=0, msg_flags=0}, MSG_DONTWAIT) = 328
10658 openat(AT_FDCWD, "/tmp/playwright_chromiumdev_profile-Lvy8gD/Default", O_RDONLY|O_CLOEXEC <unfinished ...>
10634 openat(AT_FDCWD, "/proc/10686/status", O_RDONLY|O_CLOEXEC <unfinished ...>
10658 <... openat resumed>)             = 56
10634 <... openat resumed>)             = 85
10692 sendto(14, "\20\0\0\0p\0\0\0V\273Js\0\0\0\0\30\0\24\0\0\0\0\0!\0\0\0\0\0\0\0\0\0\0\0\0\0\0\0H\0\0\0\0\0\0\0.\0\0\0\0\0\0\0\16\0\0\0\0\0\0\0\0\0\0\0\1\0\0\0\0\0\0\0\0\0\0\0\0}\1\0\0\1\0\0\0\0\0\0\0\0\0\0\0\0\0\0\0\0\0\0\0\0\0\0\0\0\0\0", 112, MSG_NOSIGNAL, NULL, 0) = 112
10659 recvmsg(41, {msg_name=NULL, msg_namelen=0, msg_iov=[{iov_base="\20\0\0\0p\0\0\0V\273Js\0\0\0\0\30\0\24\0\0\0\0\0!\0\0\0\0\0\0\0\0\0\0\0\0\0\0\0H\0\0\0\0\0\0\0.\0\0\0\0\0\0\0\16\0\0\0\0\0\0\0\0\0\0\0\1\0\0\0\0\0\0\0\0\0\0\0\0}\1\0\0\1\0\0\0\0\0\0\0\0\0\0\0\0\0\0\0\0\0\0\0\0\0\0\0\0\0\0", iov_len=4096}], msg_iovlen=1, msg_controllen=0, msg_flags=0}, MSG_DONTWAIT) = 112
10655 sendto(41, "\20\0\0\0p\0\0\0\220\274Js\0\0\0\0\30\0\24\0\0\0\0\0\32\0\0\0\0\0\0\0\0\0\0\0\0\0\0\0H\0\0\0\0\0\0\0.\0\0\0\0\0\0\0\16\0\0\0\0\0\0\0\0\0\0\0\1\0\0\0\0\0\0\0\0\0\0\0\0|\1\0\0\1\0\0\0\0\0\0\0\0\0\0\0\0\0\0\0\0\0\0\0\0\0\0\0\0\0\0", 112, MSG_NOSIGNAL, NULL, 0) = 112
10692 recvmsg(14, {msg_name=NULL, msg_namelen=0, msg_iov=[{iov_base="\20\0\0\0p\0\0\0\220\274Js\0\0\0\0\30\0\24\0\0\0\0\0\32\0\0\0\0\0\0\0\0\0\0\0\0\0\0\0H\0\0\0\0\0\0\0.\0\0\0\0\0\0\0\16\0\0\0\0\0\0\0\0\0\0\0\1\0\0\0\0\0\0\0\0\0\0\0\0|\1\0\0\1\0\0\0\0\0\0\0\0\0\0\0\0\0\0\0\0\0\0\0\0\0\0\0\0\0\0", iov_len=4096}], msg_iovlen=1, msg_controllen=0, msg_flags=0}, MSG_DONTWAIT) = 112
10634 sendto(41, "\20\0\0\0\350\0\0\0\355\274Js\0\0\0\0\30\0\24\0\0\0\0\0\33\0\0\0\0\0\0\0\0\0\0\0\0\0\0\0H\0\0\0\0\0\0\0\31\0\0\0\0\0\0\0\2\0\0\0\0\0\0\0\0\0\0\0\1\0\0\0\0\0\0\0\0\0\0\0\0}\1\0\0\1\0\0\0\0\0\0`\0\0\0p\0\0\0\0\0\0\0\0\0\0\0\0\0\0\0\20\0\0\0\1\0\0\0\0\0\0\0\0\0\0\0h\0\0\0\1\0\0\0\0\0\0\0\0\0\0\0002\0\0\0\0\0\0\0\0\0\0\0\0\0\0\0\200\10\0\0@\0\0\0003\0\0\0\0\0\0\0\0\0\0\0\0\0\0\0\0\0\0\0\0\0\0\0\0\0\0\0\0\0\0\0\2\0\0\0\0\0\0\0\0\0\0\0\0\0\0\0\0\0\0\0\0\0\0\0\0\0\0\0\0\0\0\0", 232, MSG_NOSIGNAL, NULL, 0 <unfinished ...>
10704 sendto(5, "\20\0\0\0p\0\0\0%\275Js\0\0\0\0\30\0\24\0\0\0\0\0\25\0\0\0\0\0\0\0\0\0\0\0\0\0\0\0H\0\0\0\0\0\0\0K\0\0\0\0\0\0\0\1\0\0\0\0\0\0\0\0\0\0\0\1\0\0\0\0\0\0\0\0\0\0\0\0|\1\0\0\1\0\0\0\0\0\0\0\0\0\0\0\0\0\0\0\0\0\0\0\0\0\0\0\0\0\0", 112, MSG_NOSIGNAL, NULL, 0 <unfinished ...>
10634 <... sendto resumed>)             = 232
10704 <... sendto resumed>)             = 112
10685 sendto(5, "\20\0\0\0(\1\0\0n\275Js\0\0\0\0\30\0\24\0\0\0\0\0\26\0\0\0\0\0\0\0\0\0\0\0\0\0\0\0H\0\0\0\0\0\0\0,\0\0\0\0\0\0\0\1\0\0\0\0\0\0\0\0\0\0\0\1\0\0\0\377\377\377\377\377\377\377\377\0\0\0\0\0\0\0\0`\0\0\0\0\0\0\0\0\0\0\0\0\0\0\0\0\0\0\0\0\0\0\0\270\0\0\0\260\0\0\08\0\0\0\3\0\0\0\0\0\0\0\\_UU\0\0\0\0:\335A9\0\0\0\0\0\0\0\0\30\0\0\0\0\0\0\0\0\0\0\0\0\0\0\0\0\0\0\0\0\0\0\0\20\0\0\0\0\0\0\0\10\0\0\0\0\0\0\0\20\0\0\0\1\0\0\0\10\0\0\0\0\0\0\0 \0\0\0\0\0\0\0\370v\6\316\0\0\0\0\20\0\0\0\0\0\0\0(\0\0\0\0\0\0\0\35\0\0\0\25\0\0\0SSLClien"..., 296, MSG_NOSIGNAL, NULL, 0 <unfinished ...>
10634 sendto(41, "\20\0\0\0p\0\0\0g\275Js\0\0\0\0\30\0\24\0\0\0\0\0\34\0\0\0\0\0\0\0\0\0\0\0\0\0\0\0H\0\0\0\0\0\0\0002\0\0\0\0\0\0\0\0\0\0\0\0\0\0\0\0\0\0\0\1\0\0\0\0\0\0\0\0\0\0\0\0\250\1\0\0\10\0\0\0\0\0\0\0\0\0\0\0\0\0\0\0\0\0\0\0\0\0\0\0\0\0\0", 112, MSG_NOSIGNAL, NULL, 0 <unfinished ...>
10685 <... sendto resumed>)             = 296
10659 recvmsg(34,  <unfinished ...>
10634 <... sendto resumed>)             = 112
10659 <... recvmsg resumed>{msg_name=NULL, msg_namelen=0, msg_iov=[{iov_base="\20\0\0\0p\0\0\0%\275Js\0\0\0\0\30\0\24\0\0\0\0\0\25\0\0\0\0\0\0\0\0\0\0\0\0\0\0\0H\0\0\0\0\0\0\0K\0\0\0\0\0\0\0\1\0\0\0\0\0\0\0\0\0\0\0\1\0\0\0\0\0\0\0\0\0\0\0\0|\1\0\0\1\0\0\0\0\0\0\0\0\0\0\0\0\0\0\0\0\0\0\0\0\0\0\0\0\0\0\20\0\0\0(\1\0\0n\275Js\0\0\0\0\30\0\24\0\0\0\0\0\26\0\0\0\0\0\0\0\0\0\0\0\0\0\0\0H\0\0\0\0\0\0\0,\0\0\0\0\0\0\0\1\0\0\0\0\0\0\0\0\0\0\0\1\0\0\0\377\377\377\377\377\377\377\377\0\0\0\0\0\0\0\0`\0\0\0\0\0\0\0\0\0\0\0\0\0\0\0\0\0\0\0\0\0\0\0\270\0\0\0\260\0\0\08\0\0\0\3\0\0\0\0\0\0\0\\_UU\0\0\0\0:\335A9"..., iov_len=4096}], msg_iovlen=1, msg_controllen=0, msg_flags=0}, MSG_DONTWAIT) = 408
10704 sendto(5, "\20\0\0\0\360\0\0\0\22\276Js\0\0\0\0\30\0\24\0\0\0\0\0\27\0\0\0\0\0\0\0\0\0\0\0\0\0\0\0H\0\0\0\0\0\0\0\36\0\0\0\0\0\0\0\0\0\0\0\0\0\0\0\0\0\0\0\1\0\0\0\377\377\377\377\377\377\377\377\0\0\0\0\0\0\0\0`\0\0\0\0\0\0\0\0\0\0\0\0\0\0\0\0\0\0\0\0\0\0\0\200\0\0\0x\0\0\08\0\0\0\3\0\0\0\0\0\0\0\245\2527e\0\0\0\0%\335A9\0\0\0\0\0\0\0\0\30\0\0\0\0\0\0\0\0\0\0\0\0\0\0\0\0\0\0\0\0\0\0\0 \0\0\0\0\0\0\0\1\0\0\0\377\377\377\377\20\0\0\0\0\0\0\0\30\0\0\0\0\0\0\0\20\0\0\0\0\0\0\0\30\374\377\377\377\377\377\377\20\0\0\0\0\0\0\0\30\374\377\377\377\377\377\377", 240, MSG_NOSIGNAL, NULL, 0 <unfinished ...>
10692 recvmsg(14,  <unfinished ...>
10704 <... sendto resumed>)             = 240
10692 <... recvmsg resumed>{msg_name=NULL, msg_namelen=0, msg_iov=[{iov_base="\20\0\0\0\350\0\0\0\355\274Js\0\0\0\0\30\0\24\0\0\0\0\0\33\0\0\0\0\0\0\0\0\0\0\0\0\0\0\0H\0\0\0\0\0\0\0\31\0\0\0\0\0\0\0\2\0\0\0\0\0\0\0\0\0\0\0\1\0\0\0\0\0\0\0\0\0\0\0\0}\1\0\0\1\0\0\0\0\0\0`\0\0\0p\0\0\0\0\0\0\0\0\0\0\0\0\0\0\0\20\0\0\0\1\0\0\0\0\0\0\0\0\0\0\0h\0\0\0\1\0\0\0\0\0\0\0\0\0\0\0002\0\0\0\0\0\0\0\0\0\0\0\0\0\0\0\200\10\0\0@\0\0\0003\0\0\0\0\0\0\0\0\0\0\0\0\0\0\0\0\0\0\0\0\0\0\0\0\0\0\0\0\0\0\0\2\0\0\0\0\0\0\0\0\0\0\0\0\0\0\0\0\0\0\0\0\0\0\0\0\0\0\0\0\0\0\0\20\0\0\0p\0\0\0g\275Js\0\0\0\0\30\0\24\0\0\0\0\0"..., iov_len=4096}], msg_iovlen=1, msg_controllen=0, msg_flags=0}, MSG_DONTWAIT) = 344
10634 openat(AT_FDCWD, "/proc/10686/stat", O_RDONLY|O_CLOEXEC <unfinished ...>
10659 recvmsg(34,  <unfinished ...>
10634 <... openat resumed>)             = 56
10659 <... recvmsg resumed>{msg_name=NULL, msg_namelen=0, msg_iov=[{iov_base="\20\0\0\0\360\0\0\0\22\276Js\0\0\0\0\30\0\24\0\0\0\0\0\27\0\0\0\0\0\0\0\0\0\0\0\0\0\0\0H\0\0\0\0\0\0\0\36\0\0\0\0\0\0\0\0\0\0\0\0\0\0\0\0\0\0\0\1\0\0\0\377\377\377\377\377\377\377\377\0\0\0\0\0\0\0\0`\0\0\0\0\0\0\0\0\0\0\0\0\0\0\0\0\0\0\0\0\0\0\0\200\0\0\0x\0\0\08\0\0\0\3\0\0\0\0\0\0\0\245\2527e\0\0\0\0%\335A9\0\0\0\0\0\0\0\0\30\0\0\0\0\0\0\0\0\0\0\0\0\0\0\0\0\0\0\0\0\0\0\0 \0\0\0\0\0\0\0\1\0\0\0\377\377\377\377\20\0\0\0\0\0\0\0\30\0\0\0\0\0\0\0\20\0\0\0\0\0\0\0\30\374\377\377\377\377\377\377\20\0\0\0\0\0\0\0\30\374\377\377\377\377\377\377", iov_len=4096}], msg_iovlen=1, msg_controllen=0, msg_flags=0}, MSG_DONTWAIT) = 240
10704 sendto(5, "\20\0\0\0\300\0\0\0\332\276Js\0\0\0\0\30\0\24\0\0\0\0\0\30\0\0\0\0\0\0\0\0\0\0\0\0\0\0\0H\0\0\0\0\0\0\0!\0\0\0\0\0\0\0\0\0\0\0\0\0\0\0\0\0\0\0\1\0\0\0\377\377\377\377\377\377\377\377\0\0\0\0\0\0\0\0`\0\0\0\0\0\0\0\0\0\0\0\0\0\0\0\0\0\0\0\0\0\0\0P\0\0\0H\0\0\08\0\0\0\3\0\0\0\0\0\0\0\f2I\0\0\0\0\0$\335A9\0\0\0\0\0\0\0\0\30\0\0\0\0\0\0\0\0\0\0\0\0\0\0\0\0\0\0\0\0\0\0\0\20\0\0\0\0\0\0\0\6\0\0\0\0\0\0\0", 192, MSG_NOSIGNAL, NULL, 0 <unfinished ...>
10692 sendto(14, "\20\0\0\0p\0\0\0\327\276Js\0\0\0\0\30\0\24\0\0\0\0\0\"\0\0\0\0\0\0\0\0\0\0\0\0\0\0\0H\0\0\0\0\0\0\0.\0\0\0\0\0\0\0\17\0\0\0\0\0\0\0\0\0\0\0\1\0\0\0\0\0\0\0\0\0\0\0\0}\1\0\0\1\0\0\0\0\0\0\0\0\0\0\0\0\0\0\0\0\0\0\0\0\0\0\0\0\0\0", 112, MSG_NOSIGNAL, NULL, 0 <unfinished ...>
10704 <... sendto resumed>)             = 192
10692 <... sendto resumed>)             = 112
10659 recvmsg(34, {msg_name=NULL, msg_namelen=0, msg_iov=[{iov_base="\20\0\0\0\300\0\0\0\332\276Js\0\0\0\0\30\0\24\0\0\0\0\0\30\0\0\0\0\0\0\0\0\0\0\0\0\0\0\0H\0\0\0\0\0\0\0!\0\0\0\0\0\0\0\0\0\0\0\0\0\0\0\0\0\0\0\1\0\0\0\377\377\377\377\377\377\377\377\0\0\0\0\0\0\0\0`\0\0\0\0\0\0\0\0\0\0\0\0\0\0\0\0\0\0\0\0\0\0\0P\0\0\0H\0\0\08\0\0\0\3\0\0\0\0\0\0\0\f2I\0\0\0\0\0$\335A9\0\0\0\0\0\0\0\0\30\0\0\0\0\0\0\0\0\0\0\0\0\0\0\0\0\0\0\0\0\0\0\0\20\0\0\0\0\0\0\0\6\0\0\0\0\0\0\0", iov_len=4096}], msg_iovlen=1, msg_controllen=0, msg_flags=0}, MSG_DONTWAIT) = 192
10659 recvmsg(41, {msg_name=NULL, msg_namelen=0, msg_iov=[{iov_base="\20\0\0\0p\0\0\0\327\276Js\0\0\0\0\30\0\24\0\0\0\0\0\"\0\0\0\0\0\0\0\0\0\0\0\0\0\0\0H\0\0\0\0\0\0\0.\0\0\0\0\0\0\0\17\0\0\0\0\0\0\0\0\0\0\0\1\0\0\0\0\0\0\0\0\0\0\0\0}\1\0\0\1\0\0\0\0\0\0\0\0\0\0\0\0\0\0\0\0\0\0\0\0\0\0\0\0\0\0", iov_len=4096}], msg_iovlen=1, msg_controllen=0, msg_flags=0}, MSG_DONTWAIT) = 112
10634 sendto(41, "\20\0\0\0\350\0\0\0\277\300Js\0\0\0\0\30\0\24\0\0\0\0\0\35\0\0\0\0\0\0\0\0\0\0\0\0\0\0\0H\0\0\0\0\0\0\0\31\0\0\0\0\0\0\0\3\0\0\0\0\0\0\0\0\0\0\0\1\0\0\0\0\0\0\0\0\0\0\0\0|\1\0\0\1\0\0\0\0\0\0`\0\0\0p\0\0\0\0\0\0\0\0\0\0\0\0\0\0\0\20\0\0\0\1\0\0\0\0\0\0\0\0\0\0\0h\0\0\0\1\0\0\0\0\0\0\0\0\0\0\0004\0\0\0\0\0\0\0\0\0\0\0\0\0\0\0\300\10\0\0@\0\0\0005\0\0\0\0\0\0\0\0\0\0\0\0\0\0\0\0\0\0\0\0\0\0\0\0\0\0\0\0\0\0\0\2\0\0\0\0\0\0\0\0\0\0\0\0\0\0\0\0\0\0\0\0\0\0\0\0\0\0\0\0\0\0\0", 232, MSG_NOSIGNAL, NULL, 0 <unfinished ...>
10655 openat(AT_FDCWD, "/tmp/playwright_chromiumdev_profile-Lvy8gD/Default/Local Storage/leveldb/MANIFEST-000001", O_WRONLY|O_APPEND <unfinished ...>
10634 <... sendto resumed>)             = 232
10692 recvmsg(14,  <unfinished ...>
10655 <... openat resumed>)             = 56
10692 <... recvmsg resumed>{msg_name=NULL, msg_namelen=0, msg_iov=[{iov_base="\20\0\0\0\350\0\0\0\277\300Js\0\0\0\0\30\0\24\0\0\0\0\0\35\0\0\0\0\0\0\0\0\0\0\0\0\0\0\0H\0\0\0\0\0\0\0\31\0\0\0\0\0\0\0\3\0\0\0\0\0\0\0\0\0\0\0\1\0\0\0\0\0\0\0\0\0\0\0\0|\1\0\0\1\0\0\0\0\0\0`\0\0\0p\0\0\0\0\0\0\0\0\0\0\0\0\0\0\0\20\0\0\0\1\0\0\0\0\0\0\0\0\0\0\0h\0\0\0\1\0\0\0\0\0\0\0\0\0\0\0004\0\0\0\0\0\0\0\0\0\0\0\0\0\0\0\300\10\0\0@\0\0\0005\0\0\0\0\0\0\0\0\0\0\0\0\0\0\0\0\0\0\0\0\0\0\0\0\0\0\0\0\0\0\0\2\0\0\0\0\0\0\0\0\0\0\0\0\0\0\0\0\0\0\0\0\0\0\0\0\0\0\0\0\0\0\0", iov_len=4096}], msg_iovlen=1, msg_controllen=0, msg_flags=0}, MSG_DONTWAIT) = 232
10634 sendto(41, "\20\0\0\0\350\0\0\0'\301Js\0\0\0\0\30\0\24\0\0\0\0\0\36\0\0\0\0\0\0\0\0\0\0\0\0\0\0\0H\0\0\0\0\0\0\0\31\0\0\0\0\0\0\0\4\0\0\0\0\0\0\0\0\0\0\0\1\0\0\0\0\0\0\0\0\0\0\0\0z\1\0\0\1\0\0\0\0\0\0`\0\0\0p\0\0\0\0\0\0\0\0\0\0\0\0\0\0\0\20\0\0\0\1\0\0\0\0\0\0\0\0\0\0\0h\0\0\0\1\0\0\0\0\0\0\0\0\0\0\0006\0\0\0\0\0\0\0\0\0\0\0\0\0\0\0\0\t\0\0@\0\0\0007\0\0\0\0\0\0\0\0\0\0\0\0\0\0\0\0\0\0\0\0\0\0\0\0\0\0\0\0\0\0\0\2\0\0\0\0\0\0\0\0\0\0\0\0\0\0\0\0\0\0\0\0\0\0\0\0\0\0\0\0\0\0\0", 232, MSG_NOSIGNAL, NULL, 0) = 232
10655 sendmsg(41, {msg_name=NULL, msg_namelen=0, msg_iov=[{iov_base="\20\0\1\0\250\0\0\0?\301Js\0\0\0\0\30\0\24\0\0\0\0\0\37\0\0\0\0\0\0\0p\0\0\0\0\0\0\0H\0\0\0\0\0\0\0.\0\0\0\0\0\0\0\17\0\0\0\0\0\0\0\0\0\0\0\1\0\0\0\0\0\0\0\0\0\0\0\0~\1\0\0\1\0\0\0\0\0\0`\0\0\0\0\0\0\0\0\0\0\0\0\0\0\0\1\0\0\0\20\0\0\0\1\0\0\0\1\0\0\0\0\0\0\0\20\0\0\0\1\0\0\0\200\0\0\0\0\0\1\0\30\0\0\0\20\0\0\0\10\0\0\0\4\0\0\0\10\0\0\0\0\0\0\0", iov_len=168}], msg_iovlen=1, msg_control=[{cmsg_len=20, cmsg_level=SOL_SOCKET, cmsg_type=SCM_RIGHTS, cmsg_data=[56]}], msg_controllen=20, msg_flags=0}, MSG_NOSIGNAL <unfinished ...>
10692 recvmsg(14,  <unfinished ...>
10655 <... sendmsg resumed>)            = 168
10634 sendto(34, "\20\0\0\0\300\33\0\0y\302Js\0\0\0\0\30\0\24\0\0\0\0\0'\0\0\0\0\0\0\0\0\0\0\0\0\0\0\0H\0\0\0\0\0\0\0\17\0\0\0\0\0\0\0\23\0\0\0\0\0\0\0\0\0\0\0\1\0\0\0\377\377\377\377\377\377\377\377\0\0\0\0\0\0\0\0`\0\0\0\270\27\0\0\350\27\0\0\0\0\0\0\0\0\0\0\0\0\0\0X\27\0\0P\27\0\08\0\0\0\3\0\0\0\0\0\0\0W\n&\17\0\0\0\0\275).\304\0\0\0\0\0\0\0\0\30\0\0\0\0\0\0\0\0\0\0\0\0\0\0\0\0\0\0\0\0\0\0\0\30\0\0\0\0\0\0\0\0\0\0\0\0\0\0\0\10\0\0\0\0\0\0\0\30\1\0\0\0\0\0\0\20\1\0\0\0\0\0\0\200\1\0\0\0\0\0\0\337\7\r\0\1\0\0\0\0\0\0\0\0\0\0\0\377\377\377\377\0\0\0\0\377\377\377\377\0\0\0\0"..., 7104, MSG_NOSIGNAL, NULL, 0 <unfinished ...>
10692 <... recvmsg resumed>{msg_name=NULL, msg_namelen=0, msg_iov=[{iov_base="\20\0\0\0\350\0\0\0'\301Js\0\0\0\0\30\0\24\0\0\0\0\0\36\0\0\0\0\0\0\0\0\0\0\0\0\0\0\0H\0\0\0\0\0\0\0\31\0\0\0\0\0\0\0\4\0\0\0\0\0\0\0\0\0\0\0\1\0\0\0\0\0\0\0\0\0\0\0\0z\1\0\0\1\0\0\0\0\0\0`\0\0\0p\0\0\0\0\0\0\0\0\0\0\0\0\0\0\0\20\0\0\0\1\0\0\0\0\0\0\0\0\0\0\0h\0\0\0\1\0\0\0\0\0\0\0\0\0\0\0006\0\0\0\0\0\0\0\0\0\0\0\0\0\0\0\0\t\0\0@\0\0\0007\0\0\0\0\0\0\0\0\0\0\0\0\0\0\0\0\0\0\0\0\0\0\0\0\0\0\0\0\0\0\0\2\0\0\0\0\0\0\0\0\0\0\0\0\0\0\0\0\0\0\0\0\0\0\0\0\0\0\0\0\0\0\0\20\0\1\0\250\0\0\0?\301Js\0\0\0\0\30\0\24\0\0\0\0\0"..., iov_len=4096}], msg_iovlen=1, msg_control=[{cmsg_len=20, cmsg_level=SOL_SOCKET, cmsg_type=SCM_RIGHTS, cmsg_data=[23]}], msg_controllen=24, msg_flags=0}, MSG_DONTWAIT) = 400
10634 <... sendto resumed>)             = 7104
10634 sendto(34, "\20\0\0\0\310\0\0\0\314\302Js\0\0\0\0\30\0\24\0\0\0\0\0(\0\0\0\0\0\0\0\0\0\0\0\0\0\0\0H\0\0\0\0\0\0\0\\\0\0\0\0\0\0\0\0\0\0\0\0\0\0\0\0\0\0\0\1\0\0\0\377\377\377\377\377\377\377\377\0\0\0\0\0\0\0\0`\0\0\0\0\0\0\0\0\0\0\0\0\0\0\0\0\0\0\0\0\0\0\0X\0\0\0P\0\0\08\0\0\0\3\0\0\0\0\0\0\0\227&GT\1\0\0\0I).\304\1\0\0\0\0\0\0\0\30\0\0\0\0\0\0\0\0\0\0\0\0\0\0\0\0\0\0\0\0\0\0\0\20\0\0\0\0\0\0\0\10\0\0\0\0\0\0\0\10\0\0\0\0\0\0\0", 200, MSG_NOSIGNAL, NULL, 0) = 200
10634 sendto(34, "\20\0\0\08\1\0\0\v\303Js\0\0\0\0\30\0\24\0\0\0\0\0)\0\0\0\0\0\0\0\0\0\0\0\0\0\0\0H\0\0\0\0\0\0\0\\\0\0\0\0\0\0\0\1\0\0\0\0\0\0\0\0\0\0\0\1\0\0\0\377\377\377\377\377\377\377\377\0\0\0\0\0\0\0\0`\0\0\0\260\0\0\0\300\0\0\0\0\0\0\0\0\0\0\0\0\0\0\0P\0\0\0H\0\0\08\0\0\0\3\0\0\0\0\0\0\0\363U\264H\0\0\0\0N).\304\0\0\0\0\0\0\0\0\30\0\0\0\0\0\0\0\0\0\0\0\0\0\0\0\0\0\0\0\0\0\0\0\20\0\0\0\0\0\0\0\0\0\0\0\0\0\0\0\20\0\0\0\1\0\0\0\0\0\0\0\0\0\0\0h\0\0\0\1\0\0\0\0\0\0\0\0\0\0\0o\0\0\0\0\0\0\0\0\0\0\0\0\0\0\0\300\17\0\0@\0\0\0p\0\0\0\0\0\0\0"..., 312, MSG_NOSIGNAL, NULL, 0 <unfinished ...>
10704 recvmsg(5, {msg_name=NULL, msg_namelen=0, msg_iov=[{iov_base="\20\0\0\0\300\33\0\0y\302Js\0\0\0\0\30\0\24\0\0\0\0\0'\0\0\0\0\0\0\0\0\0\0\0\0\0\0\0H\0\0\0\0\0\0\0\17\0\0\0\0\0\0\0\23\0\0\0\0\0\0\0\0\0\0\0\1\0\0\0\377\377\377\377\377\377\377\377\0\0\0\0\0\0\0\0`\0\0\0\270\27\0\0\350\27\0\0\0\0\0\0\0\0\0\0\0\0\0\0X\27\0\0P\27\0\08\0\0\0\3\0\0\0\0\0\0\0W\n&\17\0\0\0\0\275).\304\0\0\0\0\0\0\0\0\30\0\0\0\0\0\0\0\0\0\0\0\0\0\0\0\0\0\0\0\0\0\0\0\30\0\0\0\0\0\0\0\0\0\0\0\0\0\0\0\10\0\0\0\0\0\0\0\30\1\0\0\0\0\0\0\20\1\0\0\0\0\0\0\200\1\0\0\0\0\0\0\337\7\r\0\1\0\0\0\0\0\0\0\0\0\0\0\377\377\377\377\0\0\0\0\377\377\377\377\0\0\0\0"..., iov_len=4096}], msg_iovlen=1, msg_controllen=0, msg_flags=0}, MSG_DONTWAIT) = 4096
10634 <... sendto resumed>)             = 312
10704 recvmsg(5,  <unfinished ...>
10634 sendto(34, "\20\0\0\0P\3\0\0v\303Js\0\0\0\0\30\0\24\0\0\0\0\0*\0\0\0\0\0\0\0\0\0\0\0\0\0\0\0H\0\0\0\0\0\0\0\\\0\0\0\0\0\0\0\2\0\0\0\0\0\0\0\0\0\0\0\1\0\0\0\377\377\377\377\377\377\377\377\0\0\0\0\0\0\0\0`\0\0\0h\2\0\0x\2\0\0\0\0\0\0\0\0\0\0\0\0\0\0\10\2\0\0\0\2\0\08\0\0\0\3\0\0\0\0\0\0\0`\5\312\17\0\0\0\0O).\304\0\0\0\0\0\0\0\0\30\0\0\0\0\0\0\0\0\0\0\0\0\0\0\0\0\0\0\0\0\0\0\0\30\0\0\0\0\0\0\0\0\0\0\0\0\0\0\0\10\0\0\0\0\0\0\0\270\0\0\0\0\0\0\0\20\0\0\0\0\0\0\0\250\0\0\0\0\0\0\0\0\0\0\0\0\0\0\0\242\0\0\0\377\377\377\377\0\0\0\0\1\0\0\0\220\0\0\0\0\0\0\0"..., 848, MSG_NOSIGNAL, NULL, 0) = 848
10704 <... recvmsg resumed>{msg_name=NULL, msg_namelen=0, msg_iov=[{iov_base="P\0\0\0\0\0\0\0\0\0\0\0\0\0\0\0P\0\0\0\0\0\0\0\0\0\0\0\0\0\0\0\20\0\0\0\0\0\0\0\0\0\0\0\0\0\0\0\20\0\0\0\0\0\0\0\0\0\0\0\0\0\0\0\20\0\0\0\0\0\0\0\0\0\0\0\0\0\0\0\20\0\0\0\0\0\0\0\0\0\0\0\0\0\0\0\20\0\0\0\0\0\0\0\0\0\0\0\0\0\0\0\20\0\0\0\1\0\0\0\10\0\0\0\0\0\0\0\16\0\0\0\6\0\0\0chrome\0\0\20\0\0\0\1\0\0\0\10\0\0\0\0\0\0\0(\0\0\0\0\0\0\0 \0\0\0\0\0\0\0000\0\0\0\0\0\0\0\0\0\0\0\0\0\0\0\0\0\0\0\0\0\0\0\30\0\0\0\20\0\0\0chrome-untrusted\f\0\0\0\4\0\0\0lens\0\0\0\0\10\0\0\0\0\0\0\0\30\0\0\0\2\0\0\0"..., iov_len=3008}], msg_iovlen=1, msg_controllen=0, msg_flags=0}, MSG_DONTWAIT) = 3008
10634 sendto(34, "\20\0\0\08\1\0\0\273\303Js\0\0\0\0\30\0\24\0\0\0\0\0+\0\0\0\0\0\0\0\0\0\0\0\0\0\0\0H\0\0\0\0\0\0\0\\\0\0\0\0\0\0\0\3\0\0\0\0\0\0\0\0\0\0\0\1\0\0\0\377\377\377\377\377\377\377\377\0\0\0\0\0\0\0\0`\0\0\0\260\0\0\0\300\0\0\0\0\0\0\0\0\0\0\0\0\0\0\0P\0\0\0H\0\0\08\0\0\0\3\0\0\0\0\0\0\0\36\16\375*\0\0\0\0@).\304\0\0\0\0\0\0\0\0\30\0\0\0\0\0\0\0\0\0\0\0\0\0\0\0\0\0\0\0\0\0\0\0\20\0\0\0\0\0\0\0\0\0\0\0\0\0\0\0\20\0\0\0\1\0\0\0\0\0\0\0\0\0\0\0h\0\0\0\1\0\0\0\0\0\0\0\0\0\0\0u\0\0\0\0\0\0\0\0\0\0\0\0\0\0\0\200\20\0\0@\0\0\0v\0\0\0\0\0\0\0"..., 312, MSG_NOSIGNAL, NULL, 0) = 312
10634 sendto(34, "\20\0\0\08\1\0\0X\304Js\0\0\0\0\30\0\24\0\0\0\0\0,\0\0\0\0\0\0\0\0\0\0\0\0\0\0\0H\0\0\0\0\0\0\0v\0\0\0\0\0\0\0\0\0\0\0\0\0\0\0\0\0\0\0\1\0\0\0\377\377\377\377\377\377\377\377\0\0\0\0\0\0\0\0`\0\0\0\260\0\0\0\300\0\0\0\0\0\0\0\0\0\0\0\0\0\0\0P\0\0\0H\0\0\08\0\0\0\3\0\0\0\0\0\0\0\340G\206j\0\0\0\0A).\304\0\0\0\0\0\0\0\0\30\0\0\0\0\0\0\0\0\0\0\0\0\0\0\0\0\0\0\0\0\0\0\0\20\0\0\0\0\0\0\0\0\0\0\0\0\0\0\0\20\0\0\0\1\0\0\0\0\0\0\0\0\0\0\0h\0\0\0\1\0\0\0\0\0\0\0\0\0\0\0w\0\0\0\0\0\0\0\0\0\0\0\0\0\0\0\300\20\0\0@\0\0\0x\0\0\0\0\0\0\0"..., 312, MSG_NOSIGNAL, NULL, 0) = 312
10634 sendto(34, "\20\0\0\0\300\2\0\0\263\304Js\0\0\0\0\30\0\24\0\0\0\0\0-\0\0\0\0\0\0\0\0\0\0\0\0\0\0\0H\0\0\0\0\0\0\0\\\0\0\0\0\0\0\0\4\0\0\0\0\0\0\0\0\0\0\0\1\0\0\0\377\377\377\377\377\377\377\377\0\0\0\0\0\0\0\0`\0\0\0\0\0\0\0\0\0\0\0\0\0\0\0\0\0\0\0\0\0\0\0P\2\0\0H\2\0\08\0\0\0\3\0\0\0\0\0\0\0MgUX\1\0\0\0~).\304\2\0\0\0\0\0\0\0\30\0\0\0\0\0\0\0\0\0\0\0\0\0\0\0\0\0\0\0\0\0\0\0 \0\0\0\0\0\0\0\30\0\0\0\0\0\0\0x\0\0\0\0\0\0\0(\1\0\0\0\0\0\0(\0\0\0\0\0\0\0 \0\0\0\0\0\0\0000\0\0\0\0\0\0\0\0\0\0\0\0\0\0\0\0\0\0\0\0\0\0\0\30\0\0\0\20\0\0\0"..., 704, MSG_NOSIGNAL, NULL, 0 <unfinished ...>
10692 sendto(14, "\20\0\0\0p\0\0\0\310\304Js\0\0\0\0\30\0\24\0\0\0\0\0#\0\0\0\0\0\0\0\0\0\0\0\0\0\0\0H\0\0\0\0\0\0\0.\0\0\0\0\0\0\0\20\0\0\0\0\0\0\0\0\0\0\0\1\0\0\0\0\0\0\0\0\0\0\0\0~\1\0\0\1\0\0\0\0\0\0\0\0\0\0\0\0\0\0\0\0\0\0\0\0\0\0\0\0\0\0", 112, MSG_NOSIGNAL, NULL, 0 <unfinished ...>
10634 <... sendto resumed>)             = 704
10692 <... sendto resumed>)             = 112
10634 sendto(34, "\20\0\0\0\300\2\0\0\4\305Js\0\0\0\0\30\0\24\0\0\0\0\0.\0\0\0\0\0\0\0\0\0\0\0\0\0\0\0H\0\0\0\0\0\0\0\\\0\0\0\0\0\0\0\5\0\0\0\0\0\0\0\0\0\0\0\1\0\0\0\377\377\377\377\377\377\377\377\0\0\0\0\0\0\0\0`\0\0\0\0\0\0\0\0\0\0\0\0\0\0\0\0\0\0\0\0\0\0\0P\2\0\0H\2\0\08\0\0\0\3\0\0\0\0\0\0\0MgUX\1\0\0\0|).\304\3\0\0\0\0\0\0\0\30\0\0\0\0\0\0\0\0\0\0\0\0\0\0\0\0\0\0\0\0\0\0\0 \0\0\0\0\0\0\0\30\0\0\0\0\0\0\0x\0\0\0\0\0\0\0(\1\0\0\0\0\0\0(\0\0\0\0\0\0\0 \0\0\0\0\0\0\0000\0\0\0\0\0\0\0\0\0\0\0\0\0\0\0\0\0\0\0\0\0\0\0\30\0\0\0\20\0\0\0"..., 704, MSG_NOSIGNAL, NULL, 0 <unfinished ...>
10659 recvmsg(41,  <unfinished ...>
10634 <... sendto resumed>)             = 704
10659 <... recvmsg resumed>{msg_name=NULL, msg_namelen=0, msg_iov=[{iov_base="\20\0\0\0p\0\0\0\310\304Js\0\0\0\0\30\0\24\0\0\0\0\0#\0\0\0\0\0\0\0\0\0\0\0\0\0\0\0H\0\0\0\0\0\0\0.\0\0\0\0\0\0\0\20\0\0\0\0\0\0\0\0\0\0\0\1\0\0\0\0\0\0\0\0\0\0\0\0~\1\0\0\1\0\0\0\0\0\0\0\0\0\0\0\0\0\0\0\0\0\0\0\0\0\0\0\0\0\0", iov_len=4096}], msg_iovlen=1, msg_controllen=0, msg_flags=0}, MSG_DONTWAIT) = 112
10634 sendto(34, "\20\0\0\0\300\2\0\0c\305Js\0\0\0\0\30\0\24\0\0\0\0\0/\0\0\0\0\0\0\0\0\0\0\0\0\0\0\0H\0\0\0\0\0\0\0\\\0\0\0\0\0\0\0\6\0\0\0\0\0\0\0\0\0\0\0\1\0\0\0\377\377\377\377\377\377\377\377\0\0\0\0\0\0\0\0`\0\0\0\0\0\0\0\0\0\0\0\0\0\0\0\0\0\0\0\0\0\0\0P\2\0\0H\2\0\08\0\0\0\3\0\0\0\0\0\0\0MgUX\1\0\0\0}).\304\4\0\0\0\0\0\0\0\30\0\0\0\0\0\0\0\0\0\0\0\0\0\0\0\0\0\0\0\0\0\0\0 \0\0\0\0\0\0\0\30\0\0\0\0\0\0\0x\0\0\0\0\0\0\0(\1\0\0\0\0\0\0(\0\0\0\0\0\0\0 \0\0\0\0\0\0\0000\0\0\0\0\0\0\0\0\0\0\0\0\0\0\0\0\0\0\0\0\0\0\0\30\0\0\0\20\0\0\0"..., 704, MSG_NOSIGNAL, NULL, 0) = 704
10634 sendto(34, "\20\0\0\0\300\2\0\0\316\305Js\0\0\0\0\30\0\24\0\0\0\0\0000\0\0\0\0\0\0\0\0\0\0\0\0\0\0\0H\0\0\0\0\0\0\0\\\0\0\0\0\0\0\0\7\0\0\0\0\0\0\0\0\0\0\0\1\0\0\0\377\377\377\377\377\377\377\377\0\0\0\0\0\0\0\0`\0\0\0\0\0\0\0\0\0\0\0\0\0\0\0\0\0\0\0\0\0\0\0P\2\0\0H\2\0\08\0\0\0\3\0\0\0\0\0\0\0MgUX\1\0\0\0r).\304\5\0\0\0\0\0\0\0\30\0\0\0\0\0\0\0\0\0\0\0\0\0\0\0\0\0\0\0\0\0\0\0 \0\0\0\0\0\0\0\30\0\0\0\0\0\0\0x\0\0\0\0\0\0\0(\1\0\0\0\0\0\0(\0\0\0\0\0\0\0 \0\0\0\0\0\0\0000\0\0\0\0\0\0\0\0\0\0\0\0\0\0\0\0\0\0\0\0\0\0\0\30\0\0\0\20\0\0\0"..., 704, MSG_NOSIGNAL, NULL, 0 <unfinished ...>
10685 sendto(5, "\20\0\0\0000\1\0\0\367\305Js\0\0\0\0\30\0\24\0\0\0\0\0\31\0\0\0\0\0\0\0\0\0\0\0\0\0\0\0H\0\0\0\0\0\0\0,\0\0\0\0\0\0\0\2\0\0\0\0\0\0\0\0\0\0\0\1\0\0\0\377\377\377\377\377\377\377\377\0\0\0\0\0\0\0\0`\0\0\0\0\0\0\0\0\0\0\0\0\0\0\0\0\0\0\0\0\0\0\0\300\0\0\0\270\0\0\08\0\0\0\3\0\0\0\0\0\0\0\\_UU\0\0\0\0'\335A9\0\0\0\0\0\0\0\0\30\0\0\0\0\0\0\0\0\0\0\0\0\0\0\0\0\0\0\0\0\0\0\0\20\0\0\0\0\0\0\0\10\0\0\0\0\0\0\0\20\0\0\0\1\0\0\0\10\0\0\0\0\0\0\0 \0\0\0\0\0\0\0\351wc\315\0\0\0\0\20\0\0\0\0\0\0\0000\0\0\0\0\0\0\0%\0\0\0\35\0\0\0SharedDi"..., 304, MSG_NOSIGNAL, NULL, 0 <unfinished ...>
10634 <... sendto resumed>)             = 704
10685 <... sendto resumed>)             = 304
10634 sendto(34, "\20\0\0\0\300\2\0\0*\306Js\0\0\0\0\30\0\24\0\0\0\0\0001\0\0\0\0\0\0\0\0\0\0\0\0\0\0\0H\0\0\0\0\0\0\0\\\0\0\0\0\0\0\0\10\0\0\0\0\0\0\0\0\0\0\0\1\0\0\0\377\377\377\377\377\377\377\377\0\0\0\0\0\0\0\0`\0\0\0\0\0\0\0\0\0\0\0\0\0\0\0\0\0\0\0\0\0\0\0P\2\0\0H\2\0\08\0\0\0\3\0\0\0\0\0\0\0MgUX\1\0\0\0s).\304\6\0\0\0\0\0\0\0\30\0\0\0\0\0\0\0\0\0\0\0\0\0\0\0\0\0\0\0\0\0\0\0 \0\0\0\0\0\0\0\30\0\0\0\0\0\0\0x\0\0\0\0\0\0\0(\1\0\0\0\0\0\0(\0\0\0\0\0\0\0 \0\0\0\0\0\0\0000\0\0\0\0\0\0\0\0\0\0\0\0\0\0\0\0\0\0\0\0\0\0\0\30\0\0\0\20\0\0\0"..., 704, MSG_NOSIGNAL, NULL, 0 <unfinished ...>
10659 recvmsg(34,  <unfinished ...>
10655 openat(AT_FDCWD, "/tmp/playwright_chromiumdev_profile-Lvy8gD/Default/Local Storage/leveldb", O_RDONLY|O_NONBLOCK|O_CLOEXEC|O_DIRECTORY <unfinished ...>
10634 <... sendto resumed>)             = 704
10659 <... recvmsg resumed>{msg_name=NULL, msg_namelen=0, msg_iov=[{iov_base="\20\0\0\0000\1\0\0\367\305Js\0\0\0\0\30\0\24\0\0\0\0\0\31\0\0\0\0\0\0\0\0\0\0\0\0\0\0\0H\0\0\0\0\0\0\0,\0\0\0\0\0\0\0\2\0\0\0\0\0\0\0\0\0\0\0\1\0\0\0\377\377\377\377\377\377\377\377\0\0\0\0\0\0\0\0`\0\0\0\0\0\0\0\0\0\0\0\0\0\0\0\0\0\0\0\0\0\0\0\300\0\0\0\270\0\0\08\0\0\0\3\0\0\0\0\0\0\0\\_UU\0\0\0\0'\335A9\0\0\0\0\0\0\0\0\30\0\0\0\0\0\0\0\0\0\0\0\0\0\0\0\0\0\0\0\0\0\0\0\20\0\0\0\0\0\0\0\10\0\0\0\0\0\0\0\20\0\0\0\1\0\0\0\10\0\0\0\0\0\0\0 \0\0\0\0\0\0\0\351wc\315\0\0\0\0\20\0\0\0\0\0\0\0000\0\0\0\0\0\0\0%\0\0\0\35\0\0\0SharedDi"..., iov_len=4096}], msg_iovlen=1, msg_controllen=0, msg_flags=0}, MSG_DONTWAIT) = 304
10655 <... openat resumed>)             = 56
10634 sendto(34, "\20\0\0\0\300\2\0\0\377\306Js\0\0\0\0\30\0\24\0\0\0\0\0002\0\0\0\0\0\0\0\0\0\0\0\0\0\0\0H\0\0\0\0\0\0\0\\\0\0\0\0\0\0\0\t\0\0\0\0\0\0\0\0\0\0\0\1\0\0\0\377\377\377\377\377\377\377\377\0\0\0\0\0\0\0\0`\0\0\0\0\0\0\0\0\0\0\0\0\0\0\0\0\0\0\0\0\0\0\0P\2\0\0H\2\0\08\0\0\0\3\0\0\0\0\0\0\0MgUX\1\0\0\0p).\304\7\0\0\0\0\0\0\0\30\0\0\0\0\0\0\0\0\0\0\0\0\0\0\0\0\0\0\0\0\0\0\0 \0\0\0\0\0\0\0\30\0\0\0\0\0\0\0x\0\0\0\0\0\0\0(\1\0\0\0\0\0\0(\0\0\0\0\0\0\0 \0\0\0\0\0\0\0000\0\0\0\0\0\0\0\0\0\0\0\0\0\0\0\0\0\0\0\0\0\0\0\30\0\0\0\20\0\0\0"..., 704, MSG_NOSIGNAL, NULL, 0) = 704
10634 sendto(34, "\20\0\0\08\1\0\0^\307Js\0\0\0\0\30\0\24\0\0\0\0\0003\0\0\0\0\0\0\0\0\0\0\0\0\0\0\0H\0\0\0\0\0\0\0\\\0\0\0\0\0\0\0\n\0\0\0\0\0\0\0\0\0\0\0\1\0\0\0\377\377\377\377\377\377\377\377\0\0\0\0\0\0\0\0`\0\0\0\260\0\0\0\300\0\0\0\0\0\0\0\0\0\0\0\0\0\0\0P\0\0\0H\0\0\08\0\0\0\3\0\0\0\0\0\0\0\36\16\375*\0\0\0\0q).\304\0\0\0\0\0\0\0\0\30\0\0\0\0\0\0\0\0\0\0\0\0\0\0\0\0\0\0\0\0\0\0\0\20\0\0\0\0\0\0\0\0\0\0\0\0\0\0\0\20\0\0\0\1\0\0\0\0\0\0\0\0\0\0\0h\0\0\0\1\0\0\0\0\0\0\0\0\0\0\0y\0\0\0\0\0\0\0\0\0\0\0\0\0\0\0\0\21\0\0@\0\0\0z\0\0\0\0\0\0\0"..., 312, MSG_NOSIGNAL, NULL, 0) = 312
10704 sendto(5, "\20\0\0\0\240\1\0\0\16\310Js\0\0\0\0\30\0\24\0\0\0\0\0\32\0\0\0\0\0\0\0\0\0\0\0\0\0\0\0H\0\0\0\0\0\0\0e\0\0\0\0\0\0\0\0\0\0\0\0\0\0\0\0\0\0\0\1\0\0\0\377\377\377\377\377\377\377\377\0\0\0\0\0\0\0\0`\0\0\0\270\0\0\0\310\0\0\0\0\0\0\0\0\0\0\0\0\0\0\0X\0\0\0P\0\0\08\0\0\0\3\0\0\0\0\0\0\0S\17%i\0\0\0\0&\335A9\0\0\0\0\0\0\0\0\30\0\0\0\0\0\0\0\0\0\0\0\0\0\0\0\0\0\0\0\0\0\0\0\30\0\0\0\0\0\0\0\0\0\0\0\0\0\0\0\1\0\0\0\0\0\0\0\20\0\0\0\2\0\0\0\0\0\0\0\0\0\0\0\310\0\0\0\2\0\0\0\0\0\0\0\0\0\0\0{\0\0\0\0\0\0\0\0\0\0\0\0\0\0\0@\21\0\0@\0\0\0"..., 416, MSG_NOSIGNAL, NULL, 0) = 416
10659 recvmsg(34, {msg_name=NULL, msg_namelen=0, msg_iov=[{iov_base="\20\0\0\0\240\1\0\0\16\310Js\0\0\0\0\30\0\24\0\0\0\0\0\32\0\0\0\0\0\0\0\0\0\0\0\0\0\0\0H\0\0\0\0\0\0\0e\0\0\0\0\0\0\0\0\0\0\0\0\0\0\0\0\0\0\0\1\0\0\0\377\377\377\377\377\377\377\377\0\0\0\0\0\0\0\0`\0\0\0\270\0\0\0\310\0\0\0\0\0\0\0\0\0\0\0\0\0\0\0X\0\0\0P\0\0\08\0\0\0\3\0\0\0\0\0\0\0S\17%i\0\0\0\0&\335A9\0\0\0\0\0\0\0\0\30\0\0\0\0\0\0\0\0\0\0\0\0\0\0\0\0\0\0\0\0\0\0\0\30\0\0\0\0\0\0\0\0\0\0\0\0\0\0\0\1\0\0\0\0\0\0\0\20\0\0\0\2\0\0\0\0\0\0\0\0\0\0\0\310\0\0\0\2\0\0\0\0\0\0\0\0\0\0\0{\0\0\0\0\0\0\0\0\0\0\0\0\0\0\0@\21\0\0@\0\0\0"..., iov_len=4096}], msg_iovlen=1, msg_controllen=0, msg_flags=0}, MSG_DONTWAIT) = 416
10634 sendto(34, "\20\0\0\0x\1\0\0\316\310Js\0\0\0\0\30\0\24\0\0\0\0\0004\0\0\0\0\0\0\0\0\0\0\0\0\0\0\0H\0\0\0\0\0\0\0z\0\0\0\0\0\0\0\0\0\0\0\0\0\0\0\0\0\0\0\1\0\0\0\377\377\377\377\377\377\377\377\0\0\0\0\0\0\0\0`\0\0\0\360\0\0\0\0\1\0\0\0\0\0\0\0\0\0\0\0\0\0\0\220\0\0\0\210\0\0\08\0\0\0\3\0\0\0\0\0\0\0005^\236p\0\0\0\0v).\304\0\0\0\0\0\0\0\0\30\0\0\0\0\0\0\0\0\0\0\0\0\0\0\0\0\0\0\0\0\0\0\0 \0\0\0\0\0\0\0\30\0\0\0\0\0\0\0\0\0\0\0\0\0\0\0\0\0\0\0\0\0\0\0\20\0\0\0\0\0\0\0\10\0\0\0\0\0\0\0\33\0\0\0\23\0\0\0https://google.com/\0\0\0\0\0"..., 376, MSG_NOSIGNAL, NULL, 0) = 376
10634 sendto(34, "\20\0\0\0\300\0\0\0\16\311Js\0\0\0\0\30\0\24\0\0\0\0\0005\0\0\0\0\0\0\0\0\0\0\0\0\0\0\0H\0\0\0\0\0\0\0\\\0\0\0\0\0\0\0\v\0\0\0\0\0\0\0\0\0\0\0\1\0\0\0\377\377\377\377\377\377\377\377\0\0\0\0\0\0\0\0`\0\0\0\0\0\0\0\0\0\0\0\0\0\0\0\0\0\0\0\0\0\0\0P\0\0\0H\0\0\08\0\0\0\3\0\0\0\0\0\0\0\345\274\5\4\0\0\0\0t).\304\0\0\0\0\0\0\0\0\30\0\0\0\0\0\0\0\0\0\0\0\0\0\0\0\0\0\0\0\0\0\0\0\20\0\0\0\0\0\0\0\2\0\0\0\0\0\0\0", 192, MSG_NOSIGNAL, NULL, 0) = 192
10634 sendto(34, "\20\0\0\0\300\0\0\0M\311Js\0\0\0\0\30\0\24\0\0\0\0\0006\0\0\0\0\0\0\0\0\0\0\0\0\0\0\0H\0\0\0\0\0\0\0j\0\0\0\0\0\0\0\0\0\0\0\0\0\0\0\0\0\0\0\1\0\0\0\377\377\377\377\377\377\377\377\0\0\0\0\0\0\0\0`\0\0\0\0\0\0\0\0\0\0\0\0\0\0\0\0\0\0\0\0\0\0\0P\0\0\0H\0\0\08\0\0\0\3\0\0\0\0\0\0\0\306\2779g\0\0\0\0K).\304\0\0\0\0\0\0\0\0\30\0\0\0\0\0\0\0\0\0\0\0\0\0\0\0\0\0\0\0\0\0\0\0\20\0\0\0\0\0\0\0\1\0\0\0\0\0\0\0", 192, MSG_NOSIGNAL, NULL, 0 <unfinished ...>
10703 openat(AT_FDCWD, "/tmp/playwright_chromiumdev_profile-Lvy8gD/Default/Shared Dictionary/cache/index", O_RDONLY <unfinished ...>
10634 <... sendto resumed>)             = 192
10703 <... openat resumed>)             = -1 ENOENT (No such file or directory)
10703 openat(AT_FDCWD, "/tmp/playwright_chromiumdev_profile-Lvy8gD/Default/Shared Dictionary/cache/index", O_WRONLY|O_CREAT|O_EXCL, 0600) = 18
10655 sendto(41, "\20\0\0\0p\0\0\0S\312Js\0\0\0\0\30\0\24\0\0\0\0\0 \0\0\0\0\0\0\0\0\0\0\0\0\0\0\0H\0\0\0\0\0\0\0.\0\0\0\0\0\0\0\20\0\0\0\0\0\0\0\0\0\0\0\1\0\0\0\0\0\0\0\0\0\0\0\0\202\1\0\0\2\0\0\0\0\0\0\0\0\0\0\0\0\0\0\0\0\0\0\0\0\0\0\0\0\0\0", 112, MSG_NOSIGNAL, NULL, 0) = 112
10692 recvmsg(14, {msg_name=NULL, msg_namelen=0, msg_iov=[{iov_base="\20\0\0\0p\0\0\0S\312Js\0\0\0\0\30\0\24\0\0\0\0\0 \0\0\0\0\0\0\0\0\0\0\0\0\0\0\0H\0\0\0\0\0\0\0.\0\0\0\0\0\0\0\20\0\0\0\0\0\0\0\0\0\0\0\1\0\0\0\0\0\0\0\0\0\0\0\0\202\1\0\0\2\0\0\0\0\0\0\0\0\0\0\0\0\0\0\0\0\0\0\0\0\0\0\0\0\0\0", iov_len=4096}], msg_iovlen=1, msg_controllen=0, msg_flags=0}, MSG_DONTWAIT) = 112
10704 openat(AT_FDCWD, "/proc/self/stat", O_RDONLY|O_CLOEXEC) = 18
10692 sendto(14, "\20\0\0\0p\0\0\0\227\314Js\0\0\0\0\30\0\24\0\0\0\0\0$\0\0\0\0\0\0\0\0\0\0\0\0\0\0\0H\0\0\0\0\0\0\0.\0\0\0\0\0\0\0\21\0\0\0\0\0\0\0\0\0\0\0\1\0\0\0\0\0\0\0\0\0\0\0\0~\1\0\0\1\0\0\0\0\0\0\0\0\0\0\0\0\0\0\0\0\0\0\0\0\0\0\0\0\0\0", 112, MSG_NOSIGNAL, NULL, 0 <unfinished ...>
10705 openat(AT_FDCWD, "/tmp/playwright_chromiumdev_profile-Lvy8gD/Default/Shared Dictionary/db", O_RDWR|O_CREAT|O_NOFOLLOW|O_CLOEXEC, 0600 <unfinished ...>
10692 <... sendto resumed>)             = 112
10659 recvmsg(41,  <unfinished ...>
10705 <... openat resumed>)             = 19
10654 openat(AT_FDCWD, "/sys/devices/virtual/dmi/id/sys_vendor", O_RDONLY|O_CLOEXEC <unfinished ...>
10659 <... recvmsg resumed>{msg_name=NULL, msg_namelen=0, msg_iov=[{iov_base="\20\0\0\0p\0\0\0\227\314Js\0\0\0\0\30\0\24\0\0\0\0\0$\0\0\0\0\0\0\0\0\0\0\0\0\0\0\0H\0\0\0\0\0\0\0.\0\0\0\0\0\0\0\21\0\0\0\0\0\0\0\0\0\0\0\1\0\0\0\0\0\0\0\0\0\0\0\0~\1\0\0\1\0\0\0\0\0\0\0\0\0\0\0\0\0\0\0\0\0\0\0\0\0\0\0\0\0\0", iov_len=4096}], msg_iovlen=1, msg_controllen=0, msg_flags=0}, MSG_DONTWAIT) = 112
10707 openat(AT_FDCWD, "/tmp/playwright_chromiumdev_profile-Lvy8gD/Default/Trust Tokens", O_RDWR|O_CREAT|O_NOFOLLOW|O_CLOEXEC, 0600 <unfinished ...>
10654 <... openat resumed>)             = 56
10707 <... openat resumed>)             = 20
10655 openat(AT_FDCWD, "/tmp/playwright_chromiumdev_profile-Lvy8gD/Default/Local Storage/leveldb", O_RDONLY|O_NONBLOCK|O_CLOEXEC|O_DIRECTORY) = 85
10654 openat(AT_FDCWD, "/sys/devices/virtual/dmi/id/product_name", O_RDONLY|O_CLOEXEC) = 56
10704 openat(AT_FDCWD, "/proc/stat", O_RDONLY|O_CLOEXEC) = 18
10655 sendto(41, "\20\0\0\0p\0\0\0c\322Js\0\0\0\0\30\0\24\0\0\0\0\0!\0\0\0\0\0\0\0\0\0\0\0\0\0\0\0H\0\0\0\0\0\0\0.\0\0\0\0\0\0\0\21\0\0\0\0\0\0\0\0\0\0\0\1\0\0\0\0\0\0\0\0\0\0\0\0\202\1\0\0\2\0\0\0\0\0\0\0\0\0\0\0\0\0\0\0\0\0\0\0\0\0\0\0\0\0\0", 112, MSG_NOSIGNAL, NULL, 0) = 112
10692 recvmsg(14, {msg_name=NULL, msg_namelen=0, msg_iov=[{iov_base="\20\0\0\0p\0\0\0c\322Js\0\0\0\0\30\0\24\0\0\0\0\0!\0\0\0\0\0\0\0\0\0\0\0\0\0\0\0H\0\0\0\0\0\0\0.\0\0\0\0\0\0\0\21\0\0\0\0\0\0\0\0\0\0\0\1\0\0\0\0\0\0\0\0\0\0\0\0\202\1\0\0\2\0\0\0\0\0\0\0\0\0\0\0\0\0\0\0\0\0\0\0\0\0\0\0\0\0\0", iov_len=4096}], msg_iovlen=1, msg_controllen=0, msg_flags=0}, MSG_DONTWAIT) = 112
10703 openat(AT_FDCWD, "/tmp/playwright_chromiumdev_profile-Lvy8gD/Default/Network Persistent State", O_RDONLY|O_CLOEXEC <unfinished ...>
10707 openat(AT_FDCWD, "/tmp/playwright_chromiumdev_profile-Lvy8gD/Default/Trust Tokens-journal", O_RDWR|O_CREAT|O_NOFOLLOW|O_CLOEXEC, 0600 <unfinished ...>
10703 <... openat resumed>)             = -1 ENOENT (No such file or directory)
10707 <... openat resumed>)             = 18
10704 sendto(5, "\20\0\0\0\320\0\0\0\32\324Js\0\0\0\0\30\0\24\0\0\0\0\0\33\0\0\0\0\0\0\0\0\0\0\0\0\0\0\0H\0\0\0\0\0\0\0e\0\0\0\0\0\0\0\1\0\0\0\0\0\0\0\0\0\0\0\1\0\0\0\377\377\377\377\377\377\377\377\0\0\0\0\0\0\0\0`\0\0\0\0\0\0\0\0\0\0\0\0\0\0\0\0\0\0\0\0\0\0\0`\0\0\0X\0\0\08\0\0\0\3\0\0\0\0\0\0\0\20Y/V\0\0\0\0!\335A9\0\0\0\0\0\0\0\0\30\0\0\0\0\0\0\0\0\0\0\0\0\0\0\0\0\0\0\0\0\0\0\0\20\0\0\0\0\0\0\0\10\0\0\0\0\0\0\0\20\0\0\0\0\0\0\0\0\0\0\0\0\0\0\0", 208, MSG_NOSIGNAL, NULL, 0 <unfinished ...>
10703 openat(AT_FDCWD, "/tmp/playwright_chromiumdev_profile-Lvy8gD/Default/TransportSecurity", O_RDONLY|O_CLOEXEC <unfinished ...>
10707 openat(AT_FDCWD, "/dev/urandom", O_RDONLY|O_CLOEXEC <unfinished ...>
10704 <... sendto resumed>)             = 208
10703 <... openat resumed>)             = -1 ENOENT (No such file or directory)
10707 <... openat resumed>)             = 21
10659 recvmsg(34,  <unfinished ...>
10692 sendto(14, "\20\0\0\0p\0\0\0\260\324Js\0\0\0\0\30\0\24\0\0\0\0\0%\0\0\0\0\0\0\0\0\0\0\0\0\0\0\0H\0\0\0\0\0\0\0.\0\0\0\0\0\0\0\22\0\0\0\0\0\0\0\0\0\0\0\1\0\0\0\0\0\0\0\0\0\0\0\0~\1\0\0\1\0\0\0\0\0\0\0\0\0\0\0\0\0\0\0\0\0\0\0\0\0\0\0\0\0\0", 112, MSG_NOSIGNAL, NULL, 0 <unfinished ...>
10659 <... recvmsg resumed>{msg_name=NULL, msg_namelen=0, msg_iov=[{iov_base="\20\0\0\0\320\0\0\0\32\324Js\0\0\0\0\30\0\24\0\0\0\0\0\33\0\0\0\0\0\0\0\0\0\0\0\0\0\0\0H\0\0\0\0\0\0\0e\0\0\0\0\0\0\0\1\0\0\0\0\0\0\0\0\0\0\0\1\0\0\0\377\377\377\377\377\377\377\377\0\0\0\0\0\0\0\0`\0\0\0\0\0\0\0\0\0\0\0\0\0\0\0\0\0\0\0\0\0\0\0`\0\0\0X\0\0\08\0\0\0\3\0\0\0\0\0\0\0\20Y/V\0\0\0\0!\335A9\0\0\0\0\0\0\0\0\30\0\0\0\0\0\0\0\0\0\0\0\0\0\0\0\0\0\0\0\0\0\0\0\20\0\0\0\0\0\0\0\10\0\0\0\0\0\0\0\20\0\0\0\0\0\0\0\0\0\0\0\0\0\0\0", iov_len=4096}], msg_iovlen=1, msg_controllen=0, msg_flags=0}, MSG_DONTWAIT) = 208
10692 <... sendto resumed>)             = 112
10659 recvmsg(41, {msg_name=NULL, msg_namelen=0, msg_iov=[{iov_base="\20\0\0\0p\0\0\0\260\324Js\0\0\0\0\30\0\24\0\0\0\0\0%\0\0\0\0\0\0\0\0\0\0\0\0\0\0\0H\0\0\0\0\0\0\0.\0\0\0\0\0\0\0\22\0\0\0\0\0\0\0\0\0\0\0\1\0\0\0\0\0\0\0\0\0\0\0\0~\1\0\0\1\0\0\0\0\0\0\0\0\0\0\0\0\0\0\0\0\0\0\0\0\0\0\0\0\0\0", iov_len=4096}], msg_iovlen=1, msg_controllen=0, msg_flags=0}, MSG_DONTWAIT) = 112
10704 recvmsg(5, {msg_name=NULL, msg_namelen=0, msg_iov=[{iov_base="\20\0\0\0\310\0\0\0\314\302Js\0\0\0\0\30\0\24\0\0\0\0\0(\0\0\0\0\0\0\0\0\0\0\0\0\0\0\0H\0\0\0\0\0\0\0\\\0\0\0\0\0\0\0\0\0\0\0\0\0\0\0\0\0\0\0\1\0\0\0\377\377\377\377\377\377\377\377\0\0\0\0\0\0\0\0`\0\0\0\0\0\0\0\0\0\0\0\0\0\0\0\0\0\0\0\0\0\0\0X\0\0\0P\0\0\08\0\0\0\3\0\0\0\0\0\0\0\227&GT\1\0\0\0I).\304\1\0\0\0\0\0\0\0\30\0\0\0\0\0\0\0\0\0\0\0\0\0\0\0\0\0\0\0\0\0\0\0\20\0\0\0\0\0\0\0\10\0\0\0\0\0\0\0\10\0\0\0\0\0\0\0\20\0\0\08\1\0\0\v\303Js\0\0\0\0\30\0\24\0\0\0\0\0)\0\0\0\0\0\0\0\0\0\0\0\0\0\0\0H\0\0\0\0\0\0\0\\\0\0\0\0\0\0\0"..., iov_len=4096}], msg_iovlen=1, msg_controllen=0, msg_flags=0}, MSG_DONTWAIT) = 4096
10704 sendto(5, "\20\0\0\0\270\0\0\0D\326Js\0\0\0\0\30\0\24\0\0\0\0\0\34\0\0\0\0\0\0\0\0\0\0\0\0\0\0\0H\0\0\0\0\0\0\0[\0\0\0\0\0\0\0\0\0\0\0\0\0\0\0\0\0\0\0\1\0\0\0\377\377\377\377\377\377\377\377\0\0\0\0\0\0\0\0`\0\0\0\0\0\0\0\0\0\0\0\0\0\0\0\0\0\0\0\0\0\0\0H\0\0\0@\0\0\08\0\0\0\3\0\0\0\0\0\0\0\227&GT\2\0\0\0I).\304\1\0\0\0\0\0\0\0\30\0\0\0\0\0\0\0\0\0\0\0\0\0\0\0\0\0\0\0\0\0\0\0\10\0\0\0\0\0\0\0", 184, MSG_NOSIGNAL, NULL, 0 <unfinished ...>
10654 openat(AT_FDCWD, "/tmp/playwright_chromiumdev_profile-Lvy8gD/Default/Local Storage/leveldb/000003.log", O_WRONLY|O_CREAT|O_TRUNC, 0600 <unfinished ...>
10704 <... sendto resumed>)             = 184
10654 <... openat resumed>)             = 56
10659 recvmsg(34,  <unfinished ...>
10654 sendmsg(41, {msg_name=NULL, msg_namelen=0, msg_iov=[{iov_base="\20\0\1\0\250\0\0\0\336\326Js\0\0\0\0\30\0\24\0\0\0\0\0\"\0\0\0\0\0\0\0p\0\0\0\0\0\0\0H\0\0\0\0\0\0\0.\0\0\0\0\0\0\0\22\0\0\0\0\0\0\0\0\0\0\0\1\0\0\0\0\0\0\0\0\0\0\0\0z\1\0\0\1\0\0\0\0\0\0`\0\0\0\0\0\0\0\0\0\0\0\0\0\0\0\1\0\0\0\20\0\0\0\1\0\0\0\1\0\0\0\0\0\0\0\20\0\0\0\1\0\0\0\200\0\0\0\0\0\1\0\30\0\0\0\20\0\0\0\10\0\0\0\4\0\0\0\10\0\0\0\0\0\0\0", iov_len=168}], msg_iovlen=1, msg_control=[{cmsg_len=20, cmsg_level=SOL_SOCKET, cmsg_type=SCM_RIGHTS, cmsg_data=[56]}], msg_controllen=20, msg_flags=0}, MSG_NOSIGNAL <unfinished ...>
10659 <... recvmsg resumed>{msg_name=NULL, msg_namelen=0, msg_iov=[{iov_base="\20\0\0\0\270\0\0\0D\326Js\0\0\0\0\30\0\24\0\0\0\0\0\34\0\0\0\0\0\0\0\0\0\0\0\0\0\0\0H\0\0\0\0\0\0\0[\0\0\0\0\0\0\0\0\0\0\0\0\0\0\0\0\0\0\0\1\0\0\0\377\377\377\377\377\377\377\377\0\0\0\0\0\0\0\0`\0\0\0\0\0\0\0\0\0\0\0\0\0\0\0\0\0\0\0\0\0\0\0H\0\0\0@\0\0\08\0\0\0\3\0\0\0\0\0\0\0\227&GT\2\0\0\0I).\304\1\0\0\0\0\0\0\0\30\0\0\0\0\0\0\0\0\0\0\0\0\0\0\0\0\0\0\0\0\0\0\0\10\0\0\0\0\0\0\0", iov_len=4096}], msg_iovlen=1, msg_controllen=0, msg_flags=0}, MSG_DONTWAIT) = 184
10654 <... sendmsg resumed>)            = 168
10692 recvmsg(14, {msg_name=NULL, msg_namelen=0, msg_iov=[{iov_base="\20\0\1\0\250\0\0\0\336\326Js\0\0\0\0\30\0\24\0\0\0\0\0\"\0\0\0\0\0\0\0p\0\0\0\0\0\0\0H\0\0\0\0\0\0\0.\0\0\0\0\0\0\0\22\0\0\0\0\0\0\0\0\0\0\0\1\0\0\0\0\0\0\0\0\0\0\0\0z\1\0\0\1\0\0\0\0\0\0`\0\0\0\0\0\0\0\0\0\0\0\0\0\0\0\1\0\0\0\20\0\0\0\1\0\0\0\1\0\0\0\0\0\0\0\20\0\0\0\1\0\0\0\200\0\0\0\0\0\1\0\30\0\0\0\20\0\0\0\10\0\0\0\4\0\0\0\10\0\0\0\0\0\0\0", iov_len=4096}], msg_iovlen=1, msg_control=[{cmsg_len=20, cmsg_level=SOL_SOCKET, cmsg_type=SCM_RIGHTS, cmsg_data=[24]}], msg_controllen=24, msg_flags=0}, MSG_DONTWAIT) = 168
10707 openat(AT_FDCWD, "/tmp/playwright_chromiumdev_profile-Lvy8gD/Default", O_RDONLY|O_CLOEXEC) = 21
10704 sendto(5, "\20\0\0\0\270\0\0\0\222\330Js\0\0\0\0\30\0\24\0\0\0\0\0\35\0\0\0\0\0\0\0\0\0\0\0\0\0\0\0H\0\0\0\0\0\0\0[\0\0\0\0\0\0\0\1\0\0\0\0\0\0\0\0\0\0\0\1\0\0\0\377\377\377\377\377\377\377\377\0\0\0\0\0\0\0\0`\0\0\0\0\0\0\0\0\0\0\0\0\0\0\0\0\0\0\0\0\0\0\0H\0\0\0@\0\0\08\0\0\0\3\0\0\0\0\0\0\0MgUX\2\0\0\0~).\304\2\0\0\0\0\0\0\0\30\0\0\0\0\0\0\0\0\0\0\0\0\0\0\0\0\0\0\0\0\0\0\0\10\0\0\0\0\0\0\0", 184, MSG_NOSIGNAL, NULL, 0) = 184
10704 sendto(5, "\20\0\0\0\270\0\0\0\v\331Js\0\0\0\0\30\0\24\0\0\0\0\0\36\0\0\0\0\0\0\0\0\0\0\0\0\0\0\0H\0\0\0\0\0\0\0[\0\0\0\0\0\0\0\2\0\0\0\0\0\0\0\0\0\0\0\1\0\0\0\377\377\377\377\377\377\377\377\0\0\0\0\0\0\0\0`\0\0\0\0\0\0\0\0\0\0\0\0\0\0\0\0\0\0\0\0\0\0\0H\0\0\0@\0\0\08\0\0\0\3\0\0\0\0\0\0\0MgUX\2\0\0\0|).\304\3\0\0\0\0\0\0\0\30\0\0\0\0\0\0\0\0\0\0\0\0\0\0\0\0\0\0\0\0\0\0\0\10\0\0\0\0\0\0\0", 184, MSG_NOSIGNAL, NULL, 0 <unfinished ...>
10659 recvmsg(34,  <unfinished ...>
10704 <... sendto resumed>)             = 184
10692 sendto(14, "\20\0\0\0p\0\0\09\331Js\0\0\0\0\30\0\24\0\0\0\0\0&\0\0\0\0\0\0\0\0\0\0\0\0\0\0\0H\0\0\0\0\0\0\0.\0\0\0\0\0\0\0\23\0\0\0\0\0\0\0\0\0\0\0\1\0\0\0\0\0\0\0\0\0\0\0\0z\1\0\0\1\0\0\0\0\0\0\0\0\0\0\0\0\0\0\0\0\0\0\0\0\0\0\0\0\0\0", 112, MSG_NOSIGNAL, NULL, 0 <unfinished ...>
10659 <... recvmsg resumed>{msg_name=NULL, msg_namelen=0, msg_iov=[{iov_base="\20\0\0\0\270\0\0\0\222\330Js\0\0\0\0\30\0\24\0\0\0\0\0\35\0\0\0\0\0\0\0\0\0\0\0\0\0\0\0H\0\0\0\0\0\0\0[\0\0\0\0\0\0\0\1\0\0\0\0\0\0\0\0\0\0\0\1\0\0\0\377\377\377\377\377\377\377\377\0\0\0\0\0\0\0\0`\0\0\0\0\0\0\0\0\0\0\0\0\0\0\0\0\0\0\0\0\0\0\0H\0\0\0@\0\0\08\0\0\0\3\0\0\0\0\0\0\0MgUX\2\0\0\0~).\304\2\0\0\0\0\0\0\0\30\0\0\0\0\0\0\0\0\0\0\0\0\0\0\0\0\0\0\0\0\0\0\0\10\0\0\0\0\0\0\0\20\0\0\0\270\0\0\0\v\331Js\0\0\0\0\30\0\24\0\0\0\0\0\36\0\0\0\0\0\0\0\0\0\0\0\0\0\0\0H\0\0\0\0\0\0\0[\0\0\0\0\0\0\0\2\0\0\0\0\0\0\0\0\0\0\0\1\0\0\0"..., iov_len=4096}], msg_iovlen=1, msg_controllen=0, msg_flags=0}, MSG_DONTWAIT) = 368
10704 sendto(5, "\20\0\0\0\270\0\0\0d\331Js\0\0\0\0\30\0\24\0\0\0\0\0\37\0\0\0\0\0\0\0\0\0\0\0\0\0\0\0H\0\0\0\0\0\0\0[\0\0\0\0\0\0\0\3\0\0\0\0\0\0\0\0\0\0\0\1\0\0\0\377\377\377\377\377\377\377\377\0\0\0\0\0\0\0\0`\0\0\0\0\0\0\0\0\0\0\0\0\0\0\0\0\0\0\0\0\0\0\0H\0\0\0@\0\0\08\0\0\0\3\0\0\0\0\0\0\0MgUX\2\0\0\0}).\304\4\0\0\0\0\0\0\0\30\0\0\0\0\0\0\0\0\0\0\0\0\0\0\0\0\0\0\0\0\0\0\0\10\0\0\0\0\0\0\0", 184, MSG_NOSIGNAL, NULL, 0 <unfinished ...>
10692 <... sendto resumed>)             = 112
10704 <... sendto resumed>)             = 184
10705 openat(AT_FDCWD, "/tmp/playwright_chromiumdev_profile-Lvy8gD/Default/Shared Dictionary/db-journal", O_RDWR|O_CREAT|O_NOFOLLOW|O_CLOEXEC, 0600 <unfinished ...>
10659 recvmsg(34,  <unfinished ...>
10705 <... openat resumed>)             = 22
10659 <... recvmsg resumed>{msg_name=NULL, msg_namelen=0, msg_iov=[{iov_base="\20\0\0\0\270\0\0\0d\331Js\0\0\0\0\30\0\24\0\0\0\0\0\37\0\0\0\0\0\0\0\0\0\0\0\0\0\0\0H\0\0\0\0\0\0\0[\0\0\0\0\0\0\0\3\0\0\0\0\0\0\0\0\0\0\0\1\0\0\0\377\377\377\377\377\377\377\377\0\0\0\0\0\0\0\0`\0\0\0\0\0\0\0\0\0\0\0\0\0\0\0\0\0\0\0\0\0\0\0H\0\0\0@\0\0\08\0\0\0\3\0\0\0\0\0\0\0MgUX\2\0\0\0}).\304\4\0\0\0\0\0\0\0\30\0\0\0\0\0\0\0\0\0\0\0\0\0\0\0\0\0\0\0\0\0\0\0\10\0\0\0\0\0\0\0", iov_len=4096}], msg_iovlen=1, msg_controllen=0, msg_flags=0}, MSG_DONTWAIT) = 184
10704 recvmsg(5,  <unfinished ...>
10659 recvmsg(41,  <unfinished ...>
10704 <... recvmsg resumed>{msg_name=NULL, msg_namelen=0, msg_iov=[{iov_base="\20\0\0\0\300\2\0\0\316\305Js\0\0\0\0\30\0\24\0\0\0\0\0000\0\0\0\0\0\0\0\0\0\0\0\0\0\0\0H\0\0\0\0\0\0\0\\\0\0\0\0\0\0\0\7\0\0\0\0\0\0\0\0\0\0\0\1\0\0\0\377\377\377\377\377\377\377\377\0\0\0\0\0\0\0\0`\0\0\0\0\0\0\0\0\0\0\0\0\0\0\0\0\0\0\0\0\0\0\0P\2\0\0H\2\0\08\0\0\0\3\0\0\0\0\0\0\0MgUX\1\0\0\0r).\304\5\0\0\0\0\0\0\0\30\0\0\0\0\0\0\0\0\0\0\0\0\0\0\0\0\0\0\0\0\0\0\0 \0\0\0\0\0\0\0\30\0\0\0\0\0\0\0x\0\0\0\0\0\0\0(\1\0\0\0\0\0\0(\0\0\0\0\0\0\0 \0\0\0\0\0\0\0000\0\0\0\0\0\0\0\0\0\0\0\0\0\0\0\0\0\0\0\0\0\0\0\30\0\0\0\20\0\0\0"..., iov_len=4096}], msg_iovlen=1, msg_controllen=0, msg_flags=0}, MSG_DONTWAIT) = 3184
10659 <... recvmsg resumed>{msg_name=NULL, msg_namelen=0, msg_iov=[{iov_base="\20\0\0\0p\0\0\09\331Js\0\0\0\0\30\0\24\0\0\0\0\0&\0\0\0\0\0\0\0\0\0\0\0\0\0\0\0H\0\0\0\0\0\0\0.\0\0\0\0\0\0\0\23\0\0\0\0\0\0\0\0\0\0\0\1\0\0\0\0\0\0\0\0\0\0\0\0z\1\0\0\1\0\0\0\0\0\0\0\0\0\0\0\0\0\0\0\0\0\0\0\0\0\0\0\0\0\0", iov_len=4096}], msg_iovlen=1, msg_controllen=0, msg_flags=0}, MSG_DONTWAIT) = 112
10704 sendto(5, "\20\0\0\0\270\0\0\0\234\332Js\0\0\0\0\30\0\24\0\0\0\0\0 \0\0\0\0\0\0\0\0\0\0\0\0\0\0\0H\0\0\0\0\0\0\0[\0\0\0\0\0\0\0\4\0\0\0\0\0\0\0\0\0\0\0\1\0\0\0\377\377\377\377\377\377\377\377\0\0\0\0\0\0\0\0`\0\0\0\0\0\0\0\0\0\0\0\0\0\0\0\0\0\0\0\0\0\0\0H\0\0\0@\0\0\08\0\0\0\3\0\0\0\0\0\0\0MgUX\2\0\0\0r).\304\5\0\0\0\0\0\0\0\30\0\0\0\0\0\0\0\0\0\0\0\0\0\0\0\0\0\0\0\0\0\0\0\10\0\0\0\0\0\0\0", 184, MSG_NOSIGNAL, NULL, 0) = 184
10704 sendto(5, "\20\0\0\0\270\0\0\0\351\332Js\0\0\0\0\30\0\24\0\0\0\0\0!\0\0\0\0\0\0\0\0\0\0\0\0\0\0\0H\0\0\0\0\0\0\0[\0\0\0\0\0\0\0\5\0\0\0\0\0\0\0\0\0\0\0\1\0\0\0\377\377\377\377\377\377\377\377\0\0\0\0\0\0\0\0`\0\0\0\0\0\0\0\0\0\0\0\0\0\0\0\0\0\0\0\0\0\0\0H\0\0\0@\0\0\08\0\0\0\3\0\0\0\0\0\0\0MgUX\2\0\0\0s).\304\6\0\0\0\0\0\0\0\30\0\0\0\0\0\0\0\0\0\0\0\0\0\0\0\0\0\0\0\0\0\0\0\10\0\0\0\0\0\0\0", 184, MSG_NOSIGNAL, NULL, 0) = 184
10634 sendto(34, "\20\0\0\0H\1\0\0\36\333Js\0\0\0\0\30\0\24\0\0\0\0\0007\0\0\0\0\0\0\0\0\0\0\0\0\0\0\0H\0\0\0\0\0\0\0[\0\0\0\0\0\0\0\f\0\0\0\0\0\0\0\0\0\0\0\1\0\0\0\0\0\0\0\0\0\0\0\0\224\1\0\0\4\0\0\0\0\0\0`\0\0\0p\0\0\0\0\0\0\0\0\0\0\0\0\0\0\0\20\0\0\0\2\0\0\0\0\0\0\0\0\0\0\0\310\0\0\0\2\0\0\0\0\0\0\0\0\0\0\0\201\0\0\0\0\0\0\0\0\0\0\0\0\0\0\0\0\22\0\0@\0\0\0\202\0\0\0\0\0\0\0\0\0\0\0\0\0\0\0\0\0\0\0\0\0\0\0\0\0\0\0\0\0\0\0\2\0\0\0\0\0\0\0\0\0\0\0\0\0\0\0\0\0\0\0\0\0\0\0\0\0\0\0\0\0\0\0\0\0\0\0\0\0\0\0\203\0\0\0\0\0\0\0\0\0\0\0\0\0\0\0"..., 328, MSG_NOSIGNAL, NULL, 0) = 328
10654 openat(AT_FDCWD, "/tmp/playwright_chromiumdev_profile-Lvy8gD/Default/Local Storage/leveldb", O_RDONLY|O_NONBLOCK|O_CLOEXEC|O_DIRECTORY <unfinished ...>
10634 sendto(34, "\20\0\0\0H\1\0\0~\333Js\0\0\0\0\30\0\24\0\0\0\0\08\0\0\0\0\0\0\0\0\0\0\0\0\0\0\0H\0\0\0\0\0\0\0\201\0\0\0\0\0\0\0\0\0\0\0\0\0\0\0\0\0\0\0\1\0\0\0\0\0\0\0\0\0\0\0\0\230\1\0\0\4\0\0\0\0\0\0`\0\0\0p\0\0\0\0\0\0\0\0\0\0\0\0\0\0\0\20\0\0\0\2\0\0\0\0\0\0\0\0\0\0\0\310\0\0\0\2\0\0\0\0\0\0\0\0\0\0\0\205\0\0\0\0\0\0\0\0\0\0\0\0\0\0\0\200\22\0\0@\0\0\0\206\0\0\0\0\0\0\0\0\0\0\0\0\0\0\0\0\0\0\0\0\0\0\0\0\0\0\0\0\0\0\0\2\0\0\0\0\0\0\0\0\0\0\0\0\0\0\0\0\0\0\0\0\0\0\0\0\0\0\0\0\0\0\0\0\0\0\0\0\0\0\0\207\0\0\0\0\0\0\0\0\0\0\0\0\0\0\0"..., 328, MSG_NOSIGNAL, NULL, 0 <unfinished ...>
10659 recvmsg(34,  <unfinished ...>
10654 <... openat resumed>)             = 56
10634 <... sendto resumed>)             = 328
10659 <... recvmsg resumed>{msg_name=NULL, msg_namelen=0, msg_iov=[{iov_base="\20\0\0\0\270\0\0\0\234\332Js\0\0\0\0\30\0\24\0\0\0\0\0 \0\0\0\0\0\0\0\0\0\0\0\0\0\0\0H\0\0\0\0\0\0\0[\0\0\0\0\0\0\0\4\0\0\0\0\0\0\0\0\0\0\0\1\0\0\0\377\377\377\377\377\377\377\377\0\0\0\0\0\0\0\0`\0\0\0\0\0\0\0\0\0\0\0\0\0\0\0\0\0\0\0\0\0\0\0H\0\0\0@\0\0\08\0\0\0\3\0\0\0\0\0\0\0MgUX\2\0\0\0r).\304\5\0\0\0\0\0\0\0\30\0\0\0\0\0\0\0\0\0\0\0\0\0\0\0\0\0\0\0\0\0\0\0\10\0\0\0\0\0\0\0\20\0\0\0\270\0\0\0\351\332Js\0\0\0\0\30\0\24\0\0\0\0\0!\0\0\0\0\0\0\0\0\0\0\0\0\0\0\0H\0\0\0\0\0\0\0[\0\0\0\0\0\0\0\5\0\0\0\0\0\0\0\0\0\0\0\1\0\0\0"..., iov_len=4096}], msg_iovlen=1, msg_controllen=0, msg_flags=0}, MSG_DONTWAIT) = 368
10704 sendto(5, "\20\0\0\0\270\0\0\0@\334Js\0\0\0\0\30\0\24\0\0\0\0\0\"\0\0\0\0\0\0\0\0\0\0\0\0\0\0\0H\0\0\0\0\0\0\0[\0\0\0\0\0\0\0\6\0\0\0\0\0\0\0\0\0\0\0\1\0\0\0\377\377\377\377\377\377\377\377\0\0\0\0\0\0\0\0`\0\0\0\0\0\0\0\0\0\0\0\0\0\0\0\0\0\0\0\0\0\0\0H\0\0\0@\0\0\08\0\0\0\3\0\0\0\0\0\0\0MgUX\2\0\0\0p).\304\7\0\0\0\0\0\0\0\30\0\0\0\0\0\0\0\0\0\0\0\0\0\0\0\0\0\0\0\0\0\0\0\10\0\0\0\0\0\0\0", 184, MSG_NOSIGNAL, NULL, 0) = 184
10659 recvmsg(34, {msg_name=NULL, msg_namelen=0, msg_iov=[{iov_base="\20\0\0\0\270\0\0\0@\334Js\0\0\0\0\30\0\24\0\0\0\0\0\"\0\0\0\0\0\0\0\0\0\0\0\0\0\0\0H\0\0\0\0\0\0\0[\0\0\0\0\0\0\0\6\0\0\0\0\0\0\0\0\0\0\0\1\0\0\0\377\377\377\377\377\377\377\377\0\0\0\0\0\0\0\0`\0\0\0\0\0\0\0\0\0\0\0\0\0\0\0\0\0\0\0\0\0\0\0H\0\0\0@\0\0\08\0\0\0\3\0\0\0\0\0\0\0MgUX\2\0\0\0p).\304\7\0\0\0\0\0\0\0\30\0\0\0\0\0\0\0\0\0\0\0\0\0\0\0\0\0\0\0\0\0\0\0\10\0\0\0\0\0\0\0", iov_len=4096}], msg_iovlen=1, msg_controllen=0, msg_flags=0}, MSG_DONTWAIT) = 184
10704 recvmsg(5, {msg_name=NULL, msg_namelen=0, msg_iov=[{iov_base="\20\0\0\0H\1\0\0\36\333Js\0\0\0\0\30\0\24\0\0\0\0\0007\0\0\0\0\0\0\0\0\0\0\0\0\0\0\0H\0\0\0\0\0\0\0[\0\0\0\0\0\0\0\f\0\0\0\0\0\0\0\0\0\0\0\1\0\0\0\0\0\0\0\0\0\0\0\0\224\1\0\0\4\0\0\0\0\0\0`\0\0\0p\0\0\0\0\0\0\0\0\0\0\0\0\0\0\0\20\0\0\0\2\0\0\0\0\0\0\0\0\0\0\0\310\0\0\0\2\0\0\0\0\0\0\0\0\0\0\0\201\0\0\0\0\0\0\0\0\0\0\0\0\0\0\0\0\22\0\0@\0\0\0\202\0\0\0\0\0\0\0\0\0\0\0\0\0\0\0\0\0\0\0\0\0\0\0\0\0\0\0\0\0\0\0\2\0\0\0\0\0\0\0\0\0\0\0\0\0\0\0\0\0\0\0\0\0\0\0\0\0\0\0\0\0\0\0\0\0\0\0\0\0\0\0\203\0\0\0\0\0\0\0\0\0\0\0\0\0\0\0"..., iov_len=4096}], msg_iovlen=1, msg_controllen=0, msg_flags=0}, MSG_DONTWAIT) = 656
10634 sendto(41, "\20\0\0\0p\0\0\0 \336Js\0\0\0\0\30\0\24\0\0\0\0\0#\0\0\0\0\0\0\0\0\0\0\0\0\0\0\0H\0\0\0\0\0\0\0\32\0\0\0\0\0\0\0\0\0\0\0\0\0\0\0\0\0\0\0\1\0\0\0\0\0\0\0\0\0\0\0\0~\1\0\0\1\0\0\0\0\0\0\0\0\0\0\0\0\0\0\0\0\0\0\0\0\0\0\0\0\0\0", 112, MSG_NOSIGNAL, NULL, 0) = 112
10705 openat(AT_FDCWD, "/tmp/playwright_chromiumdev_profile-Lvy8gD/Default/Shared Dictionary", O_RDONLY|O_CLOEXEC <unfinished ...>
10692 recvmsg(14,  <unfinished ...>
10705 <... openat resumed>)             = 21
10692 <... recvmsg resumed>{msg_name=NULL, msg_namelen=0, msg_iov=[{iov_base="\20\0\0\0p\0\0\0 \336Js\0\0\0\0\30\0\24\0\0\0\0\0#\0\0\0\0\0\0\0\0\0\0\0\0\0\0\0H\0\0\0\0\0\0\0\32\0\0\0\0\0\0\0\0\0\0\0\0\0\0\0\0\0\0\0\1\0\0\0\0\0\0\0\0\0\0\0\0~\1\0\0\1\0\0\0\0\0\0\0\0\0\0\0\0\0\0\0\0\0\0\0\0\0\0\0\0\0\0", iov_len=4096}], msg_iovlen=1, msg_controllen=0, msg_flags=0}, MSG_DONTWAIT) = 112
10654 sendto(41, "\20\0\0\0p\0\0\0\217\337Js\0\0\0\0\30\0\24\0\0\0\0\0$\0\0\0\0\0\0\0\0\0\0\0\0\0\0\0H\0\0\0\0\0\0\0.\0\0\0\0\0\0\0\23\0\0\0\0\0\0\0\0\0\0\0\1\0\0\0\0\0\0\0\0\0\0\0\0\202\1\0\0\2\0\0\0\0\0\0\0\0\0\0\0\0\0\0\0\0\0\0\0\0\0\0\0\0\0\0", 112, MSG_NOSIGNAL, NULL, 0) = 112
10655 openat(AT_FDCWD, "/tmp/playwright_chromiumdev_profile-Lvy8gD/Default/shared_proto_db/metadata/LOG", O_WRONLY|O_CREAT|O_TRUNC, 0600 <unfinished ...>
10692 recvmsg(14, {msg_name=NULL, msg_namelen=0, msg_iov=[{iov_base="\20\0\0\0p\0\0\0\217\337Js\0\0\0\0\30\0\24\0\0\0\0\0$\0\0\0\0\0\0\0\0\0\0\0\0\0\0\0H\0\0\0\0\0\0\0.\0\0\0\0\0\0\0\23\0\0\0\0\0\0\0\0\0\0\0\1\0\0\0\0\0\0\0\0\0\0\0\0\202\1\0\0\2\0\0\0\0\0\0\0\0\0\0\0\0\0\0\0\0\0\0\0\0\0\0\0\0\0\0", iov_len=4096}], msg_iovlen=1, msg_controllen=0, msg_flags=0}, MSG_DONTWAIT) = 112
10655 <... openat resumed>)             = 56
10655 openat(AT_FDCWD, "/tmp/playwright_chromiumdev_profile-Lvy8gD/Default/shared_proto_db/metadata/LOCK", O_RDWR) = -1 ENOENT (No such file or directory)
10655 openat(AT_FDCWD, "/tmp/playwright_chromiumdev_profile-Lvy8gD/Default/shared_proto_db/metadata/LOCK", O_RDWR|O_CREAT, 0600 <unfinished ...>
10703 openat(AT_FDCWD, "/tmp/playwright_chromiumdev_profile-Lvy8gD/Default/Cache/Cache_Data/index", O_RDONLY <unfinished ...>
10655 <... openat resumed>)             = 85
10703 <... openat resumed>)             = -1 ENOENT (No such file or directory)
10703 openat(AT_FDCWD, "/tmp/playwright_chromiumdev_profile-Lvy8gD/Default/Cache/Cache_Data/index", O_WRONLY|O_CREAT|O_EXCL, 0600) = 21
10692 sendto(14, "\20\0\0\0p\0\0\0h\342Js\0\0\0\0\30\0\24\0\0\0\0\0'\0\0\0\0\0\0\0\0\0\0\0\0\0\0\0H\0\0\0\0\0\0\0.\0\0\0\0\0\0\0\24\0\0\0\0\0\0\0\0\0\0\0\1\0\0\0\0\0\0\0\0\0\0\0\0~\1\0\0\1\0\0\0\0\0\0\0\0\0\0\0\0\0\0\0\0\0\0\0\0\0\0\0\0\0\0", 112, MSG_NOSIGNAL, NULL, 0) = 112
10704 sendto(5, "\20\0\0\0\270\0\0\0\266\342Js\0\0\0\0\30\0\24\0\0\0\0\0#\0\0\0\0\0\0\0\0\0\0\0\0\0\0\0H\0\0\0\0\0\0\0%\0\0\0\0\0\0\0\0\0\0\0\0\0\0\0\0\0\0\0\1\0\0\0\377\377\377\377\377\377\377\377\0\0\0\0\0\0\0\0`\0\0\0\0\0\0\0\0\0\0\0\0\0\0\0\0\0\0\0\0\0\0\0H\0\0\0@\0\0\08\0\0\0\3\0\0\0\0\0\0\0\310k]k\0\0\0\0(\335A9\0\0\0\0\0\0\0\0\30\0\0\0\0\0\0\0\0\0\0\0\0\0\0\0\0\0\0\0\0\0\0\0\10\0\0\0\0\0\0\0", 184, MSG_NOSIGNAL, NULL, 0) = 184
10659 recvmsg(41, {msg_name=NULL, msg_namelen=0, msg_iov=[{iov_base="\20\0\0\0p\0\0\0h\342Js\0\0\0\0\30\0\24\0\0\0\0\0'\0\0\0\0\0\0\0\0\0\0\0\0\0\0\0H\0\0\0\0\0\0\0.\0\0\0\0\0\0\0\24\0\0\0\0\0\0\0\0\0\0\0\1\0\0\0\0\0\0\0\0\0\0\0\0~\1\0\0\1\0\0\0\0\0\0\0\0\0\0\0\0\0\0\0\0\0\0\0\0\0\0\0\0\0\0", iov_len=4096}], msg_iovlen=1, msg_controllen=0, msg_flags=0}, MSG_DONTWAIT) = 112
10659 recvmsg(34, {msg_name=NULL, msg_namelen=0, msg_iov=[{iov_base="\20\0\0\0\270\0\0\0\266\342Js\0\0\0\0\30\0\24\0\0\0\0\0#\0\0\0\0\0\0\0\0\0\0\0\0\0\0\0H\0\0\0\0\0\0\0%\0\0\0\0\0\0\0\0\0\0\0\0\0\0\0\0\0\0\0\1\0\0\0\377\377\377\377\377\377\377\377\0\0\0\0\0\0\0\0`\0\0\0\0\0\0\0\0\0\0\0\0\0\0\0\0\0\0\0\0\0\0\0H\0\0\0@\0\0\08\0\0\0\3\0\0\0\0\0\0\0\310k]k\0\0\0\0(\335A9\0\0\0\0\0\0\0\0\30\0\0\0\0\0\0\0\0\0\0\0\0\0\0\0\0\0\0\0\0\0\0\0\10\0\0\0\0\0\0\0", iov_len=4096}], msg_iovlen=1, msg_controllen=0, msg_flags=0}, MSG_DONTWAIT) = 184
10654 openat(AT_FDCWD, "/tmp/playwright_chromiumdev_profile-Lvy8gD/Default/Local Storage/leveldb", O_RDONLY|O_NONBLOCK|O_CLOEXEC|O_DIRECTORY) = 86
10703 openat(AT_FDCWD, "/tmp/playwright_chromiumdev_profile-Lvy8gD/Default/Shared Dictionary/cache/index-dir/the-real-index", O_RDONLY <unfinished ...>
10655 openat(AT_FDCWD, "/tmp/playwright_chromiumdev_profile-Lvy8gD/Default/shared_proto_db/metadata/MANIFEST-000001", O_WRONLY|O_CREAT|O_TRUNC, 0600 <unfinished ...>
10703 <... openat resumed>)             = -1 ENOENT (No such file or directory)
10655 <... openat resumed>)             = 87
10703 openat(AT_FDCWD, "/tmp/playwright_chromiumdev_profile-Lvy8gD/Default/Shared Dictionary/cache", O_RDONLY|O_NONBLOCK|O_CLOEXEC|O_DIRECTORY) = 21
10655 openat(AT_FDCWD, "/tmp/playwright_chromiumdev_profile-Lvy8gD/Default/shared_proto_db/metadata", O_RDONLY) = 88
10654 sendto(41, "\20\0\0\0p\0\0\0001\350Js\0\0\0\0\30\0\24\0\0\0\0\0%\0\0\0\0\0\0\0\0\0\0\0\0\0\0\0H\0\0\0\0\0\0\0.\0\0\0\0\0\0\0\24\0\0\0\0\0\0\0\0\0\0\0\1\0\0\0\0\0\0\0\0\0\0\0\0\202\1\0\0\2\0\0\0\0\0\0\0\0\0\0\0\0\0\0\0\0\0\0\0\0\0\0\0\0\0\0", 112, MSG_NOSIGNAL, NULL, 0) = 112
10692 recvmsg(14, {msg_name=NULL, msg_namelen=0, msg_iov=[{iov_base="\20\0\0\0p\0\0\0001\350Js\0\0\0\0\30\0\24\0\0\0\0\0%\0\0\0\0\0\0\0\0\0\0\0\0\0\0\0H\0\0\0\0\0\0\0.\0\0\0\0\0\0\0\24\0\0\0\0\0\0\0\0\0\0\0\1\0\0\0\0\0\0\0\0\0\0\0\0\202\1\0\0\2\0\0\0\0\0\0\0\0\0\0\0\0\0\0\0\0\0\0\0\0\0\0\0\0\0\0", iov_len=4096}], msg_iovlen=1, msg_controllen=0, msg_flags=0}, MSG_DONTWAIT) = 112
10703 openat(AT_FDCWD, "/tmp/playwright_chromiumdev_profile-Lvy8gD/Default/Cache/Cache_Data/index-dir/the-real-index", O_RDONLY) = -1 ENOENT (No such file or directory)
10655 openat(AT_FDCWD, "/tmp/playwright_chromiumdev_profile-Lvy8gD/Default/shared_proto_db/metadata/000001.dbtmp", O_WRONLY|O_CREAT|O_TRUNC, 0600) = 86
10703 openat(AT_FDCWD, "/tmp/playwright_chromiumdev_profile-Lvy8gD/Default/Cache/Cache_Data", O_RDONLY|O_NONBLOCK|O_CLOEXEC|O_DIRECTORY) = 21
10692 sendto(14, "\20\0\0\0p\0\0\0\230\352Js\0\0\0\0\30\0\24\0\0\0\0\0(\0\0\0\0\0\0\0\0\0\0\0\0\0\0\0H\0\0\0\0\0\0\0.\0\0\0\0\0\0\0\25\0\0\0\0\0\0\0\0\0\0\0\1\0\0\0\0\0\0\0\0\0\0\0\0~\1\0\0\1\0\0\0\0\0\0\0\0\0\0\0\0\0\0\0\0\0\0\0\0\0\0\0\0\0\0", 112, MSG_NOSIGNAL, NULL, 0) = 112
10659 recvmsg(41, {msg_name=NULL, msg_namelen=0, msg_iov=[{iov_base="\20\0\0\0p\0\0\0\230\352Js\0\0\0\0\30\0\24\0\0\0\0\0(\0\0\0\0\0\0\0\0\0\0\0\0\0\0\0H\0\0\0\0\0\0\0.\0\0\0\0\0\0\0\25\0\0\0\0\0\0\0\0\0\0\0\1\0\0\0\0\0\0\0\0\0\0\0\0~\1\0\0\1\0\0\0\0\0\0\0\0\0\0\0\0\0\0\0\0\0\0\0\0\0\0\0\0\0\0", iov_len=4096}], msg_iovlen=1, msg_controllen=0, msg_flags=0}, MSG_DONTWAIT) = 112
10654 sendto(41, "\20\0\0\0p\0\0\0\232\354Js\0\0\0\0\30\0\24\0\0\0\0\0&\0\0\0\0\0\0\0\0\0\0\0\0\0\0\0H\0\0\0\0\0\0\0.\0\0\0\0\0\0\0\25\0\0\0\0\0\0\0\0\0\0\0\1\0\0\0\0\0\0\0\0\0\0\0\0y\1\0\0\1\0\0\0\0\0\0\0\0\0\0\0\0\0\0\0\0\0\0\0\0\0\0\0\0\0\0", 112, MSG_NOSIGNAL, NULL, 0) = 112
10692 recvmsg(14,  <unfinished ...>
10703 openat(AT_FDCWD, "/tmp/playwright_chromiumdev_profile-Lvy8gD/Default/SCT Auditing Pending Reports", O_RDONLY|O_CLOEXEC <unfinished ...>
10692 <... recvmsg resumed>{msg_name=NULL, msg_namelen=0, msg_iov=[{iov_base="\20\0\0\0p\0\0\0\232\354Js\0\0\0\0\30\0\24\0\0\0\0\0&\0\0\0\0\0\0\0\0\0\0\0\0\0\0\0H\0\0\0\0\0\0\0.\0\0\0\0\0\0\0\25\0\0\0\0\0\0\0\0\0\0\0\1\0\0\0\0\0\0\0\0\0\0\0\0y\1\0\0\1\0\0\0\0\0\0\0\0\0\0\0\0\0\0\0\0\0\0\0\0\0\0\0\0\0\0", iov_len=4096}], msg_iovlen=1, msg_controllen=0, msg_flags=0}, MSG_DONTWAIT) = 112
10703 <... openat resumed>)             = -1 ENOENT (No such file or directory)
10704 socket(AF_INET6, SOCK_DGRAM, IPPROTO_IP <unfinished ...>
10655 openat(AT_FDCWD, "/tmp/playwright_chromiumdev_profile-Lvy8gD/Default/shared_proto_db/metadata/CURRENT", O_RDONLY <unfinished ...>
10704 <... socket resumed>)             = 21
10655 <... openat resumed>)             = 86
10704 connect(21, {sa_family=AF_INET6, sin6_port=htons(443), sin6_flowinfo=htonl(0), inet_pton(AF_INET6, "2001:4860:4860::8888", &sin6_addr), sin6_scope_id=0}, 28) = -1 ENETUNREACH (Network is unreachable)
10655 openat(AT_FDCWD, "/tmp/playwright_chromiumdev_profile-Lvy8gD/Default/shared_proto_db/metadata/MANIFEST-000001", O_RDONLY) = 86
10703 openat(AT_FDCWD, "/tmp/playwright_chromiumdev_profile-Lvy8gD/Default/Cache/No_Vary_Search/snapshot.baf", O_RDONLY <unfinished ...>
10704 socket(AF_INET, SOCK_DGRAM, IPPROTO_IP <unfinished ...>
10703 <... openat resumed>)             = -1 ENOENT (No such file or directory)
10704 <... socket resumed>)             = 21
10703 openat(AT_FDCWD, "/tmp/playwright_chromiumdev_profile-Lvy8gD/Default/Cache/No_Vary_Search/snapshot-new.baf", O_WRONLY|O_CREAT|O_TRUNC, 0600) = 22
10704 bind(21, {sa_family=AF_INET, sin_port=htons(29327), sin_addr=inet_addr("0.0.0.0")}, 16) = 0
10655 openat(AT_FDCWD, "/tmp/playwright_chromiumdev_profile-Lvy8gD/Default/shared_proto_db/metadata/MANIFEST-000001", O_WRONLY|O_APPEND <unfinished ...>
10704 connect(21, {sa_family=AF_INET, sin_port=htons(53), sin_addr=inet_addr("127.0.0.53")}, 16 <unfinished ...>
10655 <... openat resumed>)             = 86
10704 <... connect resumed>)            = 0
10704 getsockname(21, {sa_family=AF_INET, sin_port=htons(29327), sin_addr=inet_addr("127.0.0.1")}, [128 => 16]) = 0
10655 openat(AT_FDCWD, "/tmp/playwright_chromiumdev_profile-Lvy8gD/Default/shared_proto_db/metadata", O_RDONLY|O_NONBLOCK|O_CLOEXEC|O_DIRECTORY <unfinished ...>
10704 sendto(21, "R\362\1\0\0\1\0\0\0\0\0\0\10clients2\6google\3com\0\0A\0\1", 37, 0, NULL, 0) = 37
10655 <... openat resumed>)             = 87
10704 recvmsg(21, {msg_namelen=128}, 0) = -1 ECONNREFUSED (Connection refused)
10704 socket(AF_INET, SOCK_DGRAM, IPPROTO_IP <unfinished ...>
10703 openat(AT_FDCWD, "/tmp/playwright_chromiumdev_profile-Lvy8gD/Default/Cache/No_Vary_Search/journal.baj", O_WRONLY|O_CREAT|O_TRUNC, 0600 <unfinished ...>
10686 sendto(14, "\20\0\0\0\350\0\0\0\241\365Js\0\0\0\0\30\0\24\0\0\0\0\0)\0\0\0\0\0\0\0\0\0\0\0\0\0\0\0H\0\0\0\0\0\0\0\21\0\0\0\0\0\0\0\2\0\0\0\0\0\0\0\0\0\0\0\1\0\0\0\0\0\0\0\0\0\0\0\0y\1\0\0\1\0\0\0\0\0\0`\0\0\0p\0\0\0\0\0\0\0\0\0\0\0\0\0\0\0\20\0\0\0\1\0\0\0\0\0\0\0\0\0\0\0h\0\0\0\1\0\0\0\0\0\0\0\0\0\0\08\0\0\0\0\0\0\0\0\0\0\0\0\0\0\0@\t\0\0@\0\0\09\0\0\0\0\0\0\0\0\0\0\0\0\0\0\0\0\0\0\0\0\0\0\0\0\0\0\0\0\0\0\0\2\0\0\0\0\0\0\0\0\0\0\0\0\0\0\0\0\0\0\0\0\0\0\0\0\0\0\0\0\0\0\0", 232, MSG_NOSIGNAL, NULL, 0 <unfinished ...>
10704 <... socket resumed>)             = 23
10703 <... openat resumed>)             = 22
10686 <... sendto resumed>)             = 232
10659 recvmsg(41,  <unfinished ...>
10686 sendto(14, "\20\0\0\0p\0\0\0V\366Js\0\0\0\0\30\0\24\0\0\0\0\0*\0\0\0\0\0\0\0\0\0\0\0\0\0\0\0H\0\0\0\0\0\0\0\25\0\0\0\0\0\0\0\0\0\0\0\0\0\0\0\0\0\0\0\1\0\0\0\0\0\0\0\0\0\0\0\0~\1\0\0\1\0\0\0\0\0\0\0\0\0\0\0\0\0\0\0\0\0\0\0\0\0\0\0\0\0\0", 112, MSG_NOSIGNAL, NULL, 0 <unfinished ...>
10659 <... recvmsg resumed>{msg_name=NULL, msg_namelen=0, msg_iov=[{iov_base="\20\0\0\0\350\0\0\0\241\365Js\0\0\0\0\30\0\24\0\0\0\0\0)\0\0\0\0\0\0\0\0\0\0\0\0\0\0\0H\0\0\0\0\0\0\0\21\0\0\0\0\0\0\0\2\0\0\0\0\0\0\0\0\0\0\0\1\0\0\0\0\0\0\0\0\0\0\0\0y\1\0\0\1\0\0\0\0\0\0`\0\0\0p\0\0\0\0\0\0\0\0\0\0\0\0\0\0\0\20\0\0\0\1\0\0\0\0\0\0\0\0\0\0\0h\0\0\0\1\0\0\0\0\0\0\0\0\0\0\08\0\0\0\0\0\0\0\0\0\0\0\0\0\0\0@\t\0\0@\0\0\09\0\0\0\0\0\0\0\0\0\0\0\0\0\0\0\0\0\0\0\0\0\0\0\0\0\0\0\0\0\0\0\2\0\0\0\0\0\0\0\0\0\0\0\0\0\0\0\0\0\0\0\0\0\0\0\0\0\0\0\0\0\0\0", iov_len=4096}], msg_iovlen=1, msg_controllen=0, msg_flags=0}, MSG_DONTWAIT) = 232
10686 <... sendto resumed>)             = 112
10704 bind(23, {sa_family=AF_INET, sin_port=htons(62132), sin_addr=inet_addr("0.0.0.0")}, 16 <unfinished ...>
10686 sendto(14, "\20\0\0\0p\0\0\0H\367Js\0\0\0\0\30\0\24\0\0\0\0\0+\0\0\0\0\0\0\0\0\0\0\0\0\0\0\0H\0\0\0\0\0\0\0#\0\0\0\0\0\0\0\2\0\0\0\0\0\0\0\0\0\0\0\1\0\0\0\0\0\0\0\0\0\0\0\0z\1\0\0\1\0\0\0\0\0\0\0\0\0\0\0\0\0\0\0\0\0\0\0\0\0\0\0\0\0\0", 112, MSG_NOSIGNAL, NULL, 0 <unfinished ...>
10704 <... bind resumed>)               = 0
10686 <... sendto resumed>)             = 112
10656 sendmsg(27, {msg_name=NULL, msg_namelen=0, msg_iov=[{iov_base="l\1\0\1\246\0\0\0\t\0\0\0\177\0\0\0\1\1o\0\25\0\0\0/org/freedesktop/DBus\0\0\0\6\1s\0\24\0\0\0org.freedesktop.DBus\0\0\0\0\2\1s\0\24\0\0\0org.freedesktop.DBus\0\0\0\0\3\1s\0\10\0\0\0AddMatch\0\0\0\0\0\0\0\0\10\1g\0\1s\0\0", iov_len=144}, {iov_base="\241\0\0\0type='signal',interface='org.freedesktop.DBus',member='NameOwnerChanged',path='/org/freedesktop/DBus',sender='org.freedesktop.DBus',arg0='org.freedesktop.UPower'\0", iov_len=166}], msg_iovlen=2, msg_controllen=0, msg_flags=0}, MSG_NOSIGNAL <unfinished ...>
10704 connect(23, {sa_family=AF_INET, sin_port=htons(53), sin_addr=inet_addr("127.0.0.53")}, 16) = 0
10656 <... sendmsg resumed>)            = 310
10704 getsockname(23,  <unfinished ...>
10659 recvmsg(41,  <unfinished ...>
10704 <... getsockname resumed>{sa_family=AF_INET, sin_port=htons(62132), sin_addr=inet_addr("127.0.0.1")}, [128 => 16]) = 0
10659 <... recvmsg resumed>{msg_name=NULL, msg_namelen=0, msg_iov=[{iov_base="\20\0\0\0p\0\0\0V\366Js\0\0\0\0\30\0\24\0\0\0\0\0*\0\0\0\0\0\0\0\0\0\0\0\0\0\0\0H\0\0\0\0\0\0\0\25\0\0\0\0\0\0\0\0\0\0\0\0\0\0\0\0\0\0\0\1\0\0\0\0\0\0\0\0\0\0\0\0~\1\0\0\1\0\0\0\0\0\0\0\0\0\0\0\0\0\0\0\0\0\0\0\0\0\0\0\0\0\0\20\0\0\0p\0\0\0H\367Js\0\0\0\0\30\0\24\0\0\0\0\0+\0\0\0\0\0\0\0\0\0\0\0\0\0\0\0H\0\0\0\0\0\0\0#\0\0\0\0\0\0\0\2\0\0\0\0\0\0\0\0\0\0\0\1\0\0\0\0\0\0\0\0\0\0\0\0z\1\0\0\1\0\0\0\0\0\0\0\0\0\0\0\0\0\0\0\0\0\0\0\0\0\0\0\0\0\0", iov_len=4096}], msg_iovlen=1, msg_controllen=0, msg_flags=0}, MSG_DONTWAIT) = 224
10704 sendto(23, "\261d\1\0\0\1\0\0\0\0\0\0\10clients2\6google\3com\0\0A\0\1", 37, 0, NULL, 0 <unfinished ...>
10692 sendto(14, "\20\0\0\0p\0\0\0\321\370Js\0\0\0\0\30\0\24\0\0\0\0\0,\0\0\0\0\0\0\0\0\0\0\0\0\0\0\0H\0\0\0\0\0\0\08\0\0\0\0\0\0\0\0\0\0\0\0\0\0\0\0\0\0\0\1\0\0\0\0\0\0\0\0\0\0\0\0y\1\0\0\1\0\0\0\0\0\0\0\0\0\0\0\0\0\0\0\0\0\0\0\0\0\0\0\0\0\0", 112, MSG_NOSIGNAL, NULL, 0 <unfinished ...>
10704 <... sendto resumed>)             = 37
10692 <... sendto resumed>)             = 112
10656 recvmsg(27, {msg_name=NULL, msg_namelen=0, msg_iov=[{iov_base="l\2\1\1\0\0\0\0\n\0\0\0005\0\0\0\6\1s\0\5\0\0\0:1.56\0\0\0\5\1u\0\t\0\0\0\7\1s\0\24\0\0\0org.freedesktop.DBus\0\0\0\0", iov_len=2048}], msg_iovlen=1, msg_controllen=0, msg_flags=MSG_CMSG_CLOEXEC}, MSG_CMSG_CLOEXEC) = 72
10656 recvmsg(27,  <unfinished ...>
10704 recvmsg(23,  <unfinished ...>
10656 <... recvmsg resumed>{msg_namelen=0}, MSG_CMSG_CLOEXEC) = -1 EAGAIN (Resource temporarily unavailable)
10704 <... recvmsg resumed>{msg_namelen=128}, 0) = -1 ECONNREFUSED (Connection refused)
10659 recvmsg(41,  <unfinished ...>
10704 socket(AF_INET, SOCK_DGRAM, IPPROTO_IP <unfinished ...>
10659 <... recvmsg resumed>{msg_name=NULL, msg_namelen=0, msg_iov=[{iov_base="\20\0\0\0p\0\0\0\321\370Js\0\0\0\0\30\0\24\0\0\0\0\0,\0\0\0\0\0\0\0\0\0\0\0\0\0\0\0H\0\0\0\0\0\0\08\0\0\0\0\0\0\0\0\0\0\0\0\0\0\0\0\0\0\0\1\0\0\0\0\0\0\0\0\0\0\0\0y\1\0\0\1\0\0\0\0\0\0\0\0\0\0\0\0\0\0\0\0\0\0\0\0\0\0\0\0\0\0", iov_len=4096}], msg_iovlen=1, msg_controllen=0, msg_flags=0}, MSG_DONTWAIT) = 112
10656 sendmsg(27, {msg_name=NULL, msg_namelen=0, msg_iov=[{iov_base="l\1\0\1\33\0\0\0\n\0\0\0~\0\0\0\2\1s\0\24\0\0\0org.freedesktop.DBus\0\0\0\0\3\1s\0\f\0\0\0GetNameOwner\0\0\0\0\10\1g\0\1s\0\0\6\1s\0\24\0\0\0org.freedesktop.DBus\0\0\0\0\1\1o\0\25\0\0\0/org/freedesktop/DBus\0\0\0", iov_len=144}, {iov_base="\26\0\0\0org.freedesktop.UPower\0", iov_len=27}], msg_iovlen=2, msg_controllen=0, msg_flags=0}, MSG_NOSIGNAL <unfinished ...>
10704 <... socket resumed>)             = 24
10656 <... sendmsg resumed>)            = 171
10655 openat(AT_FDCWD, "/tmp/playwright_chromiumdev_profile-Lvy8gD/Default/shared_proto_db/metadata", O_RDONLY|O_NONBLOCK|O_CLOEXEC|O_DIRECTORY) = 87
10656 recvmsg(27,  <unfinished ...>
10704 bind(24, {sa_family=AF_INET, sin_port=htons(31435), sin_addr=inet_addr("0.0.0.0")}, 16) = 0
10704 connect(24, {sa_family=AF_INET, sin_port=htons(53), sin_addr=inet_addr("127.0.0.53")}, 16 <unfinished ...>
10656 <... recvmsg resumed>{msg_name=NULL, msg_namelen=0, msg_iov=[{iov_base="l\3\1\1G\0\0\0\v\0\0\0u\0\0\0\6\1s\0\5\0\0\0:1.56\0\0\0\4\1s\0)\0\0\0org.freedesktop.DBus.Error.NameHasNoOwner\0\0\0\0\0\0\0\5\1u\0\n\0\0\0\10\1g\0\1s\0\0\7\1s\0\24\0\0\0org.freedesktop.DBus\0\0\0\0B\0\0\0Could not get owner of name 'org.freedesktop.UPower': no such name\0", iov_len=2048}], msg_iovlen=1, msg_controllen=0, msg_flags=MSG_CMSG_CLOEXEC}, MSG_CMSG_CLOEXEC) = 207
10654 openat(AT_FDCWD, "/tmp/playwright_chromiumdev_profile-Lvy8gD/Default/Local Storage/leveldb", O_RDONLY|O_NONBLOCK|O_CLOEXEC|O_DIRECTORY <unfinished ...>
10704 <... connect resumed>)            = 0
10704 getsockname(24,  <unfinished ...>
10656 recvmsg(27,  <unfinished ...>
10654 <... openat resumed>)             = 88
10704 <... getsockname resumed>{sa_family=AF_INET, sin_port=htons(31435), sin_addr=inet_addr("127.0.0.1")}, [128 => 16]) = 0
10656 <... recvmsg resumed>{msg_namelen=0}, MSG_CMSG_CLOEXEC) = -1 EAGAIN (Resource temporarily unavailable)
10704 sendto(24, "\204\346\1\0\0\1\0\0\0\0\0\0\10clients2\6google\3com\0\0\1\0\1", 37, 0, NULL, 0) = 37
10704 recvmsg(24, {msg_namelen=128}, 0) = -1 ECONNREFUSED (Connection refused)
10704 socket(AF_INET, SOCK_DGRAM, IPPROTO_IP) = 25
10705 openat(AT_FDCWD, "/tmp/playwright_chromiumdev_profile-Lvy8gD/Default/Shared Dictionary/db-journal", O_RDWR|O_CREAT|O_NOFOLLOW|O_CLOEXEC, 0600) = 26
10704 bind(25, {sa_family=AF_INET, sin_port=htons(8421), sin_addr=inet_addr("0.0.0.0")}, 16) = 0
10704 connect(25, {sa_family=AF_INET, sin_port=htons(53), sin_addr=inet_addr("127.0.0.53")}, 16) = 0
10704 getsockname(25, {sa_family=AF_INET, sin_port=htons(8421), sin_addr=inet_addr("127.0.0.1")}, [128 => 16]) = 0
10704 sendto(25, "\257\276\1\0\0\1\0\0\0\0\0\0\10clients2\6google\3com\0\0\1\0\1", 37, 0, NULL, 0 <unfinished ...>
10656 sendmsg(27, {msg_name=NULL, msg_namelen=0, msg_iov=[{iov_base="l\1\0\1\226\0\0\0\v\0\0\0\177\0\0\0\1\1o\0\25\0\0\0/org/freedesktop/DBus\0\0\0\6\1s\0\24\0\0\0org.freedesktop.DBus\0\0\0\0\2\1s\0\24\0\0\0org.freedesktop.DBus\0\0\0\0\3\1s\0\10\0\0\0AddMatch\0\0\0\0\0\0\0\0\10\1g\0\1s\0\0", iov_len=144}, {iov_base="\221\0\0\0type='signal', sender='org.freedesktop.UPower', interface='org.freedesktop.DBus.Properties', path='/org/freedesktop/UPower/devices/DisplayDevice'\0", iov_len=150}], msg_iovlen=2, msg_controllen=0, msg_flags=0}, MSG_NOSIGNAL) = 294
10634 sendto(34, "\20\0\0\0\270\0\0\0\377\377Js\0\0\0\0\30\0\24\0\0\0\0\09\0\0\0\0\0\0\0\0\0\0\0\0\0\0\0H\0\0\0\0\0\0\09\0\0\0\0\0\0\0\0\0\0\0\0\0\0\0\0\0\0\0\1\0\0\0\377\377\377\377\377\377\377\377\0\0\0\0\0\0\0\0`\0\0\0\0\0\0\0\0\0\0\0\0\0\0\0\0\0\0\0\0\0\0\0H\0\0\0@\0\0\08\0\0\0\3\0\0\0\0\0\0\0\323Gg{\2\0\0\0006\335A9\1\0\0\0\0\0\0\0\30\0\0\0\0\0\0\0\0\0\0\0\0\0\0\0\0\0\0\0\0\0\0\0\10\0\0\0\0\0\0\0", 184, MSG_NOSIGNAL, NULL, 0 <unfinished ...>
10655 openat(AT_FDCWD, "/tmp/playwright_chromiumdev_profile-Lvy8gD/Default/shared_proto_db/metadata/000003.log", O_WRONLY|O_CREAT|O_TRUNC, 0600 <unfinished ...>
10704 <... sendto resumed>)             = 37
10655 <... openat resumed>)             = 87
10634 <... sendto resumed>)             = 184
10704 recvmsg(25,  <unfinished ...>
10656 recvmsg(27,  <unfinished ...>
10704 <... recvmsg resumed>{msg_namelen=128}, 0) = -1 ECONNREFUSED (Connection refused)
10655 openat(AT_FDCWD, "/tmp/playwright_chromiumdev_profile-Lvy8gD/Default/shared_proto_db/metadata", O_RDONLY|O_NONBLOCK|O_CLOEXEC|O_DIRECTORY <unfinished ...>
10656 <... recvmsg resumed>{msg_name=NULL, msg_namelen=0, msg_iov=[{iov_base="l\2\1\1\0\0\0\0\f\0\0\0005\0\0\0\6\1s\0\5\0\0\0:1.56\0\0\0\5\1u\0\v\0\0\0\7\1s\0\24\0\0\0org.freedesktop.DBus\0\0\0\0", iov_len=2048}], msg_iovlen=1, msg_controllen=0, msg_flags=MSG_CMSG_CLOEXEC}, MSG_CMSG_CLOEXEC) = 72
10655 <... openat resumed>)             = 89
10656 recvmsg(27,  <unfinished ...>
10704 recvmsg(5,  <unfinished ...>
10656 <... recvmsg resumed>{msg_namelen=0}, MSG_CMSG_CLOEXEC) = -1 EAGAIN (Resource temporarily unavailable)
10704 <... recvmsg resumed>{msg_name=NULL, msg_namelen=0, msg_iov=[{iov_base="\20\0\0\0\270\0\0\0\377\377Js\0\0\0\0\30\0\24\0\0\0\0\09\0\0\0\0\0\0\0\0\0\0\0\0\0\0\0H\0\0\0\0\0\0\09\0\0\0\0\0\0\0\0\0\0\0\0\0\0\0\0\0\0\0\1\0\0\0\377\377\377\377\377\377\377\377\0\0\0\0\0\0\0\0`\0\0\0\0\0\0\0\0\0\0\0\0\0\0\0\0\0\0\0\0\0\0\0H\0\0\0@\0\0\08\0\0\0\3\0\0\0\0\0\0\0\323Gg{\2\0\0\0006\335A9\1\0\0\0\0\0\0\0\30\0\0\0\0\0\0\0\0\0\0\0\0\0\0\0\0\0\0\0\0\0\0\0\10\0\0\0\0\0\0\0", iov_len=4096}], msg_iovlen=1, msg_controllen=0, msg_flags=0}, MSG_DONTWAIT) = 184
10654 sendto(41, "\20\0\0\0p\0\0\0Y\3Ks\0\0\0\0\30\0\24\0\0\0\0\0'\0\0\0\0\0\0\0\0\0\0\0\0\0\0\0H\0\0\0\0\0\0\08\0\0\0\0\0\0\0\0\0\0\0\0\0\0\0\0\0\0\0\1\0\0\0\0\0\0\0\0\0\0\0\0\202\1\0\0\2\0\0\0\0\0\0\0\0\0\0\0\0\0\0\0\0\0\0\0\0\0\0\0\0\0\0", 112, MSG_NOSIGNAL, NULL, 0 <unfinished ...>
10707 openat(AT_FDCWD, "/tmp/playwright_chromiumdev_profile-Lvy8gD/Default/Cache/Cache_Data/ed5152d08612b2ae_0", O_RDWR <unfinished ...>
10654 <... sendto resumed>)             = 112
10707 <... openat resumed>)             = -1 ENOENT (No such file or directory)
10656 sendmsg(27, {msg_name=NULL, msg_namelen=0, msg_iov=[{iov_base="l\1\0\1\"\0\0\0\f\0\0\0\226\0\0\0\2\1s\0\37\0\0\0org.freedesktop.DBus.Properties\0\3\1s\0\6\0\0\0GetAll\0\0\10\1g\0\1s\0\0\6\1s\0\26\0\0\0org.freedesktop.UPower\0\0\1\1o\0-\0\0\0/org/freedesktop/UPower/devices/DisplayDevice\0\0\0", iov_len=168}, {iov_base="\35\0\0\0org.freedesktop.UPower.Device\0", iov_len=34}], msg_iovlen=2, msg_controllen=0, msg_flags=0}, MSG_NOSIGNAL <unfinished ...>
10692 recvmsg(14,  <unfinished ...>
10656 <... sendmsg resumed>)            = 202
10692 <... recvmsg resumed>{msg_name=NULL, msg_namelen=0, msg_iov=[{iov_base="\20\0\0\0p\0\0\0Y\3Ks\0\0\0\0\30\0\24\0\0\0\0\0'\0\0\0\0\0\0\0\0\0\0\0\0\0\0\0H\0\0\0\0\0\0\08\0\0\0\0\0\0\0\0\0\0\0\0\0\0\0\0\0\0\0\1\0\0\0\0\0\0\0\0\0\0\0\0\202\1\0\0\2\0\0\0\0\0\0\0\0\0\0\0\0\0\0\0\0\0\0\0\0\0\0\0\0\0\0", iov_len=4096}], msg_iovlen=1, msg_controllen=0, msg_flags=0}, MSG_DONTWAIT) = 112
10656 recvmsg(27, {msg_name=NULL, msg_namelen=0, msg_iov=[{iov_base="l\3\1\1K\0\0\0\r\0\0\0u\0\0\0\6\1s\0\5\0\0\0:1.56\0\0\0\4\1s\0)\0\0\0org.freedesktop.DBus.Error.ServiceUnknown\0\0\0\0\0\0\0\5\1u\0\f\0\0\0\10\1g\0\1s\0\0\7\1s\0\24\0\0\0org.freedesktop.DBus\0\0\0\0F\0\0\0The name org.freedesktop.UPower was not provided by any .service files\0", iov_len=2048}], msg_iovlen=1, msg_controllen=0, msg_flags=MSG_CMSG_CLOEXEC}, MSG_CMSG_CLOEXEC) = 211
10634 sendto(36, "\20\0\0\0@\0\0\0&\5Ks\0\0\0\0\30\0\26\0\0\0\0\0\27\0\0\0\0\0\0\0\0\0\0\0\0\0\0\0\30\0\0\0\0\0\0\0,\0\0\0\0\0\0\0\0\0\0\0\0\0\0\0", 64, MSG_NOSIGNAL, NULL, 0 <unfinished ...>
10703 openat(AT_FDCWD, "/tmp/playwright_chromiumdev_profile-Lvy8gD/Default/Shared Dictionary/cache/index-dir/temp-index", O_WRONLY|O_CREAT|O_TRUNC, 0600 <unfinished ...>
10656 recvmsg(27,  <unfinished ...>
10634 <... sendto resumed>)             = 64
10703 <... openat resumed>)             = 27
10656 <... recvmsg resumed>{msg_namelen=0}, MSG_CMSG_CLOEXEC) = -1 EAGAIN (Resource temporarily unavailable)
10634 sendto(36, "\20\0\0\0@\0\0\0\343\5Ks\0\0\0\0\30\0\26\0\0\0\0\0\30\0\0\0\0\0\0\0\0\0\0\0\0\0\0\0\30\0\0\0\0\0\0\0007\0\0\0\0\0\0\0\0\0\0\0\0\0\0\0", 64, MSG_NOSIGNAL, NULL, 0 <unfinished ...>
10707 openat(AT_FDCWD, "/tmp/playwright_chromiumdev_profile-Lvy8gD/Default/Cache/Cache_Data/ed5152d08612b2ae_0", O_RDWR|O_CREAT|O_EXCL, 0600 <unfinished ...>
10683 recvmsg(14,  <unfinished ...>
10634 <... sendto resumed>)             = 64
10707 <... openat resumed>)             = 28
10683 <... recvmsg resumed>{msg_name=NULL, msg_namelen=0, msg_iov=[{iov_base="\20\0\0\0@\0\0\0&\5Ks\0\0\0\0\30\0\26\0\0\0\0\0\27\0\0\0\0\0\0\0\0\0\0\0\0\0\0\0\30\0\0\0\0\0\0\0,\0\0\0\0\0\0\0\0\0\0\0\0\0\0\0\20\0\0\0@\0\0\0\343\5Ks\0\0\0\0\30\0\26\0\0\0\0\0\30\0\0\0\0\0\0\0\0\0\0\0\0\0\0\0\30\0\0\0\0\0\0\0007\0\0\0\0\0\0\0\0\0\0\0\0\0\0\0", iov_len=4096}], msg_iovlen=1, msg_controllen=0, msg_flags=0}, MSG_DONTWAIT) = 128
10705 openat(AT_FDCWD, "/tmp/playwright_chromiumdev_profile-Lvy8gD/Default/Shared Dictionary", O_RDONLY|O_CLOEXEC) = 23
10634 sendto(36, "\20\0\0\0p\0\0\0\372\6Ks\0\0\0\0\30\0\24\0\0\0\0\0\31\0\0\0\0\0\0\0\0\0\0\0\0\0\0\0H\0\0\0\0\0\0\0=\0\0\0\0\0\0\0\1\0\0\0\0\0\0\0\0\0\0\0\1\0\0\0\0\0\0\0\0\0\0\0\0y\1\0\0\1\0\0\0\0\0\0\0\0\0\0\0\0\0\0\0\0\0\0\0\0\0\0\0\0\0\0", 112, MSG_NOSIGNAL, NULL, 0 <unfinished ...>
10692 sendto(14, "\20\0\0\0p\0\0\0*\7Ks\0\0\0\0\30\0\24\0\0\0\0\0-\0\0\0\0\0\0\0\0\0\0\0\0\0\0\0H\0\0\0\0\0\0\08\0\0\0\0\0\0\0\1\0\0\0\0\0\0\0\0\0\0\0\1\0\0\0\0\0\0\0\0\0\0\0\0y\1\0\0\1\0\0\0\0\0\0\0\0\0\0\0\0\0\0\0\0\0\0\0\0\0\0\0\0\0\0", 112, MSG_NOSIGNAL, NULL, 0 <unfinished ...>
10634 <... sendto resumed>)             = 112
10692 <... sendto resumed>)             = 112
10659 recvmsg(41,  <unfinished ...>
10634 sendto(34, "\20\0\0\0\20\1\0\0\221\7Ks\0\0\0\0\30\0\24\0\0\0\0\0:\0\0\0\0\0\0\0\0\0\0\0\0\0\0\0H\0\0\0\0\0\0\0;\0\0\0\0\0\0\0\1\0\0\0\0\0\0\0\0\0\0\0\1\0\0\0\377\377\377\377\377\377\377\377\0\0\0\0\0\0\0\0`\0\0\0\0\0\0\0\0\0\0\0\0\0\0\0\0\0\0\0\0\0\0\0\240\0\0\0\230\0\0\08\0\0\0\3\0\0\0\0\0\0\0\256\303|~\0\0\0\0\333).\304\0\0\0\0\0\0\0\0\30\0\0\0\0\0\0\0\0\0\0\0\0\0\0\0\0\0\0\0\0\0\0\0\20\0\0\0\0\0\0\0\10\0\0\0\0\0\0\0\20\0\0\0\1\0\0\0\10\0\0\0\0\0\0\0\30\0\0\0\0\0\0\0\20\0\0\0\0\0\0\0 \0\0\0\0\0\0\0\23\0\0\0\v\0\0\0SkiaBackend\0\0\0\0\0"..., 272, MSG_NOSIGNAL, NULL, 0 <unfinished ...>
10704 sendto(5, "\20\0\0\0\360\0\0\0\237\7Ks\0\0\0\0\30\0\24\0\0\0\0\0$\0\0\0\0\0\0\0\0\0\0\0\0\0\0\0H\0\0\0\0\0\0\0\23\0\0\0\0\0\0\0\0\0\0\0\0\0\0\0\0\0\0\0\1\0\0\0\377\377\377\377\377\377\377\377\0\0\0\0\0\0\0\0`\0\0\0\0\0\0\0\0\0\0\0\0\0\0\0\0\0\0\0\0\0\0\0\200\0\0\0x\0\0\08\0\0\0\3\0\0\0\0\0\0\0\\\1g\r\1\0\0\0+\335A9\1\0\0\0\0\0\0\0\30\0\0\0\0\0\0\0\0\0\0\0\0\0\0\0\0\0\0\0\0\0\0\0 \0\0\0\0\0\0\0\30\0\0\0\0\0\0\0\1\0\0\0\6\0\0\0\377\377\377\377\377\377\377\377\33\0\0\0\23\0\0\0clients2.google.com\0\0\0\0\0", 240, MSG_NOSIGNAL, NULL, 0 <unfinished ...>
10683 recvmsg(14,  <unfinished ...>
10659 <... recvmsg resumed>{msg_name=NULL, msg_namelen=0, msg_iov=[{iov_base="\20\0\0\0p\0\0\0*\7Ks\0\0\0\0\30\0\24\0\0\0\0\0-\0\0\0\0\0\0\0\0\0\0\0\0\0\0\0H\0\0\0\0\0\0\08\0\0\0\0\0\0\0\1\0\0\0\0\0\0\0\0\0\0\0\1\0\0\0\0\0\0\0\0\0\0\0\0y\1\0\0\1\0\0\0\0\0\0\0\0\0\0\0\0\0\0\0\0\0\0\0\0\0\0\0\0\0\0", iov_len=4096}], msg_iovlen=1, msg_controllen=0, msg_flags=0}, MSG_DONTWAIT) = 112
10634 <... sendto resumed>)             = 272
10704 <... sendto resumed>)             = 240
10683 <... recvmsg resumed>{msg_name=NULL, msg_namelen=0, msg_iov=[{iov_base="\20\0\0\0p\0\0\0\372\6Ks\0\0\0\0\30\0\24\0\0\0\0\0\31\0\0\0\0\0\0\0\0\0\0\0\0\0\0\0H\0\0\0\0\0\0\0=\0\0\0\0\0\0\0\1\0\0\0\0\0\0\0\0\0\0\0\1\0\0\0\0\0\0\0\0\0\0\0\0y\1\0\0\1\0\0\0\0\0\0\0\0\0\0\0\0\0\0\0\0\0\0\0\0\0\0\0\0\0\0", iov_len=4096}], msg_iovlen=1, msg_controllen=0, msg_flags=0}, MSG_DONTWAIT) = 112
10655 openat(AT_FDCWD, "/tmp/playwright_chromiumdev_profile-Lvy8gD/Default/shared_proto_db/metadata", O_RDONLY|O_NONBLOCK|O_CLOEXEC|O_DIRECTORY <unfinished ...>
10634 sendto(41, "\20\0\0\0p\0\0\0<\10Ks\0\0\0\0\30\0\24\0\0\0\0\0(\0\0\0\0\0\0\0\0\0\0\0\0\0\0\0H\0\0\0\0\0\0\0002\0\0\0\0\0\0\0\1\0\0\0\0\0\0\0\0\0\0\0\1\0\0\0\0\0\0\0\0\0\0\0\0x\1\0\0\1\0\0\0\0\0\0\0\0\0\0\0\0\0\0\0\0\0\0\0\0\0\0\0\0\0\0", 112, MSG_NOSIGNAL, NULL, 0 <unfinished ...>
10655 <... openat resumed>)             = 88
10634 <... sendto resumed>)             = 112
10634 sendto(36, "\20\0\0\0p\0\0\0\331\10Ks\0\0\0\0\30\0\24\0\0\0\0\0\32\0\0\0\0\0\0\0\0\0\0\0\0\0\0\0H\0\0\0\0\0\0\0=\0\0\0\0\0\0\0\2\0\0\0\0\0\0\0\0\0\0\0\1\0\0\0\0\0\0\0\0\0\0\0\0{\1\0\0\1\0\0\0\0\0\0\0\0\0\0\0\0\0\0\0\0\0\0\0\0\0\0\0\0\0\0", 112, MSG_NOSIGNAL, NULL, 0 <unfinished ...>
10692 recvmsg(14,  <unfinished ...>
10634 <... sendto resumed>)             = 112
10692 <... recvmsg resumed>{msg_name=NULL, msg_namelen=0, msg_iov=[{iov_base="\20\0\0\0p\0\0\0<\10Ks\0\0\0\0\30\0\24\0\0\0\0\0(\0\0\0\0\0\0\0\0\0\0\0\0\0\0\0H\0\0\0\0\0\0\0002\0\0\0\0\0\0\0\1\0\0\0\0\0\0\0\0\0\0\0\1\0\0\0\0\0\0\0\0\0\0\0\0x\1\0\0\1\0\0\0\0\0\0\0\0\0\0\0\0\0\0\0\0\0\0\0\0\0\0\0\0\0\0", iov_len=4096}], msg_iovlen=1, msg_controllen=0, msg_flags=0}, MSG_DONTWAIT) = 112
10659 recvmsg(34,  <unfinished ...>
10634 sendto(34, "\20\0\0\0 \1\0\0P\tKs\0\0\0\0\30\0\24\0\0\0\0\0;\0\0\0\0\0\0\0\0\0\0\0\0\0\0\0H\0\0\0\0\0\0\0;\0\0\0\0\0\0\0\2\0\0\0\0\0\0\0\0\0\0\0\1\0\0\0\377\377\377\377\377\377\377\377\0\0\0\0\0\0\0\0`\0\0\0\0\0\0\0\0\0\0\0\0\0\0\0\0\0\0\0\0\0\0\0\260\0\0\0\250\0\0\08\0\0\0\3\0\0\0\0\0\0\0\256\303|~\0\0\0\0\336).\304\0\0\0\0\0\0\0\0\30\0\0\0\0\0\0\0\0\0\0\0\0\0\0\0\0\0\0\0\0\0\0\0\20\0\0\0\0\0\0\0\10\0\0\0\0\0\0\0\20\0\0\0\1\0\0\0\10\0\0\0\0\0\0\0\30\0\0\0\0\0\0\0\20\0\0\0\0\0\0\0 \0\0\0\0\0\0\0\26\0\0\0\16\0\0\0EGLDisplayType\0\0"..., 288, MSG_NOSIGNAL, NULL, 0 <unfinished ...>
10659 <... recvmsg resumed>{msg_name=NULL, msg_namelen=0, msg_iov=[{iov_base="\20\0\0\0\360\0\0\0\237\7Ks\0\0\0\0\30\0\24\0\0\0\0\0$\0\0\0\0\0\0\0\0\0\0\0\0\0\0\0H\0\0\0\0\0\0\0\23\0\0\0\0\0\0\0\0\0\0\0\0\0\0\0\0\0\0\0\1\0\0\0\377\377\377\377\377\377\377\377\0\0\0\0\0\0\0\0`\0\0\0\0\0\0\0\0\0\0\0\0\0\0\0\0\0\0\0\0\0\0\0\200\0\0\0x\0\0\08\0\0\0\3\0\0\0\0\0\0\0\\\1g\r\1\0\0\0+\335A9\1\0\0\0\0\0\0\0\30\0\0\0\0\0\0\0\0\0\0\0\0\0\0\0\0\0\0\0\0\0\0\0 \0\0\0\0\0\0\0\30\0\0\0\0\0\0\0\1\0\0\0\6\0\0\0\377\377\377\377\377\377\377\377\33\0\0\0\23\0\0\0clients2.google.com\0\0\0\0\0", iov_len=4096}], msg_iovlen=1, msg_controllen=0, msg_flags=0}, MSG_DONTWAIT) = 240
10634 <... sendto resumed>)             = 288
10654 sendto(41, "\20\0\0\0p\0\0\0\333\tKs\0\0\0\0\30\0\24\0\0\0\0\0)\0\0\0\0\0\0\0\0\0\0\0\0\0\0\0H\0\0\0\0\0\0\08\0\0\0\0\0\0\0\1\0\0\0\0\0\0\0\0\0\0\0\1\0\0\0\0\0\0\0\0\0\0\0\0}\1\0\0\1\0\0\0\0\0\0\0\0\0\0\0\0\0\0\0\0\0\0\0\0\0\0\0\0\0\0", 112, MSG_NOSIGNAL, NULL, 0 <unfinished ...>
10704 recvmsg(5,  <unfinished ...>
10683 recvmsg(14,  <unfinished ...>
10654 <... sendto resumed>)             = 112
10704 <... recvmsg resumed>{msg_name=NULL, msg_namelen=0, msg_iov=[{iov_base="\20\0\0\0\20\1\0\0\221\7Ks\0\0\0\0\30\0\24\0\0\0\0\0:\0\0\0\0\0\0\0\0\0\0\0\0\0\0\0H\0\0\0\0\0\0\0;\0\0\0\0\0\0\0\1\0\0\0\0\0\0\0\0\0\0\0\1\0\0\0\377\377\377\377\377\377\377\377\0\0\0\0\0\0\0\0`\0\0\0\0\0\0\0\0\0\0\0\0\0\0\0\0\0\0\0\0\0\0\0\240\0\0\0\230\0\0\08\0\0\0\3\0\0\0\0\0\0\0\256\303|~\0\0\0\0\333).\304\0\0\0\0\0\0\0\0\30\0\0\0\0\0\0\0\0\0\0\0\0\0\0\0\0\0\0\0\0\0\0\0\20\0\0\0\0\0\0\0\10\0\0\0\0\0\0\0\20\0\0\0\1\0\0\0\10\0\0\0\0\0\0\0\30\0\0\0\0\0\0\0\20\0\0\0\0\0\0\0 \0\0\0\0\0\0\0\23\0\0\0\v\0\0\0SkiaBackend\0\0\0\0\0"..., iov_len=4096}], msg_iovlen=1, msg_controllen=0, msg_flags=0}, MSG_DONTWAIT) = 560
10683 <... recvmsg resumed>{msg_name=NULL, msg_namelen=0, msg_iov=[{iov_base="\20\0\0\0p\0\0\0\331\10Ks\0\0\0\0\30\0\24\0\0\0\0\0\32\0\0\0\0\0\0\0\0\0\0\0\0\0\0\0H\0\0\0\0\0\0\0=\0\0\0\0\0\0\0\2\0\0\0\0\0\0\0\0\0\0\0\1\0\0\0\0\0\0\0\0\0\0\0\0{\1\0\0\1\0\0\0\0\0\0\0\0\0\0\0\0\0\0\0\0\0\0\0\0\0\0\0\0\0\0", iov_len=4096}], msg_iovlen=1, msg_controllen=0, msg_flags=0}, MSG_DONTWAIT) = 112
10707 openat(AT_FDCWD, "/tmp/playwright_chromiumdev_profile-Lvy8gD/Default/Cache/Cache_Data/index-dir/temp-index", O_WRONLY|O_CREAT|O_TRUNC, 0600) = 21
10692 recvmsg(14, {msg_name=NULL, msg_namelen=0, msg_iov=[{iov_base="\20\0\0\0p\0\0\0\333\tKs\0\0\0\0\30\0\24\0\0\0\0\0)\0\0\0\0\0\0\0\0\0\0\0\0\0\0\0H\0\0\0\0\0\0\08\0\0\0\0\0\0\0\1\0\0\0\0\0\0\0\0\0\0\0\1\0\0\0\0\0\0\0\0\0\0\0\0}\1\0\0\1\0\0\0\0\0\0\0\0\0\0\0\0\0\0\0\0\0\0\0\0\0\0\0\0\0\0", iov_len=4096}], msg_iovlen=1, msg_controllen=0, msg_flags=0}, MSG_DONTWAIT) = 112
10634 sendto(41, "\20\0\0\0p\0\0\0\333\tKs\0\0\0\0\30\0\24\0\0\0\0\0*\0\0\0\0\0\0\0\0\0\0\0\0\0\0\0H\0\0\0\0\0\0\0002\0\0\0\0\0\0\0\2\0\0\0\0\0\0\0\0\0\0\0\1\0\0\0\0\0\0\0\0\0\0\0\0|\1\0\0\1\0\0\0\0\0\0\0\0\0\0\0\0\0\0\0\0\0\0\0\0\0\0\0\0\0\0", 112, MSG_NOSIGNAL, NULL, 0) = 112
10692 recvmsg(14, {msg_name=NULL, msg_namelen=0, msg_iov=[{iov_base="\20\0\0\0p\0\0\0\333\tKs\0\0\0\0\30\0\24\0\0\0\0\0*\0\0\0\0\0\0\0\0\0\0\0\0\0\0\0H\0\0\0\0\0\0\0002\0\0\0\0\0\0\0\2\0\0\0\0\0\0\0\0\0\0\0\1\0\0\0\0\0\0\0\0\0\0\0\0|\1\0\0\1\0\0\0\0\0\0\0\0\0\0\0\0\0\0\0\0\0\0\0\0\0\0\0\0\0\0", iov_len=4096}], msg_iovlen=1, msg_controllen=0, msg_flags=0}, MSG_DONTWAIT) = 112
10692 sendto(14, "\20\0\0\0p\0\0\0d\rKs\0\0\0\0\30\0\24\0\0\0\0\0.\0\0\0\0\0\0\0\0\0\0\0\0\0\0\0H\0\0\0\0\0\0\08\0\0\0\0\0\0\0\2\0\0\0\0\0\0\0\0\0\0\0\1\0\0\0\0\0\0\0\0\0\0\0\0}\1\0\0\1\0\0\0\0\0\0\0\0\0\0\0\0\0\0\0\0\0\0\0\0\0\0\0\0\0\0", 112, MSG_NOSIGNAL, NULL, 0) = 112
10659 recvmsg(41, {msg_name=NULL, msg_namelen=0, msg_iov=[{iov_base="\20\0\0\0p\0\0\0d\rKs\0\0\0\0\30\0\24\0\0\0\0\0.\0\0\0\0\0\0\0\0\0\0\0\0\0\0\0H\0\0\0\0\0\0\08\0\0\0\0\0\0\0\2\0\0\0\0\0\0\0\0\0\0\0\1\0\0\0\0\0\0\0\0\0\0\0\0}\1\0\0\1\0\0\0\0\0\0\0\0\0\0\0\0\0\0\0\0\0\0\0\0\0\0\0\0\0\0", iov_len=4096}], msg_iovlen=1, msg_controllen=0, msg_flags=0}, MSG_DONTWAIT) = 112
10704 socket(AF_INET, SOCK_DGRAM, IPPROTO_IP <unfinished ...>
10654 socket(AF_UNIX, SOCK_STREAM|SOCK_CLOEXEC|SOCK_NONBLOCK, 0 <unfinished ...>
10704 <... socket resumed>)             = 21
10654 <... socket resumed>)             = 88
10654 connect(88, {sa_family=AF_UNIX, sun_path="/var/run/nscd/socket"}, 110 <unfinished ...>
10655 openat(AT_FDCWD, "/tmp/playwright_chromiumdev_profile-Lvy8gD/Default/shared_proto_db/LOG", O_WRONLY|O_CREAT|O_TRUNC, 0600 <unfinished ...>
10654 <... connect resumed>)            = -1 ENOENT (No such file or directory)
10655 <... openat resumed>)             = 89
10704 bind(21, {sa_family=AF_INET, sin_port=htons(52772), sin_addr=inet_addr("0.0.0.0")}, 16 <unfinished ...>
10654 socket(AF_UNIX, SOCK_STREAM|SOCK_CLOEXEC|SOCK_NONBLOCK, 0 <unfinished ...>
10704 <... bind resumed>)               = 0
10704 connect(21, {sa_family=AF_INET, sin_port=htons(53), sin_addr=inet_addr("127.0.0.53")}, 16 <unfinished ...>
10654 <... socket resumed>)             = 88
10657 sendto(41, "\20\0\0\0p\0\0\0\v\20Ks\0\0\0\0\30\0\24\0\0\0\0\0+\0\0\0\0\0\0\0\0\0\0\0\0\0\0\0H\0\0\0\0\0\0\08\0\0\0\0\0\0\0\2\0\0\0\0\0\0\0\0\0\0\0\1\0\0\0\0\0\0\0\0\0\0\0\0|\1\0\0\1\0\0\0\0\0\0\0\0\0\0\0\0\0\0\0\0\0\0\0\0\0\0\0\0\0\0", 112, MSG_NOSIGNAL, NULL, 0 <unfinished ...>
10704 <... connect resumed>)            = 0
10654 connect(88, {sa_family=AF_UNIX, sun_path="/var/run/nscd/socket"}, 110 <unfinished ...>
10704 getsockname(21,  <unfinished ...>
10654 <... connect resumed>)            = -1 ENOENT (No such file or directory)
10704 <... getsockname resumed>{sa_family=AF_INET, sin_port=htons(52772), sin_addr=inet_addr("127.0.0.1")}, [128 => 16]) = 0
10704 sendto(21, "\265]\1\0\0\1\0\0\0\0\0\0\nredirector\4gvt1\3com\0\0A\0\1", 37, 0, NULL, 0) = 37
10655 openat(AT_FDCWD, "/tmp/playwright_chromiumdev_profile-Lvy8gD/Default/shared_proto_db/LOCK", O_RDWR) = -1 ENOENT (No such file or directory)
10704 recvmsg(21,  <unfinished ...>
10655 openat(AT_FDCWD, "/tmp/playwright_chromiumdev_profile-Lvy8gD/Default/shared_proto_db/LOCK", O_RDWR|O_CREAT, 0600 <unfinished ...>
10704 <... recvmsg resumed>{msg_namelen=128}, 0) = -1 ECONNREFUSED (Connection refused)
10704 socket(AF_INET, SOCK_DGRAM, IPPROTO_IP) = 23
10657 <... sendto resumed>)             = 112
10654 openat(AT_FDCWD, "/etc/nsswitch.conf", O_RDONLY|O_CLOEXEC <unfinished ...>
10692 recvmsg(14,  <unfinished ...>
10655 <... openat resumed>)             = 88
10654 <... openat resumed>)             = 90
10704 bind(23, {sa_family=AF_INET, sin_port=htons(49750), sin_addr=inet_addr("0.0.0.0")}, 16 <unfinished ...>
10692 <... recvmsg resumed>{msg_name=NULL, msg_namelen=0, msg_iov=[{iov_base="\20\0\0\0p\0\0\0\v\20Ks\0\0\0\0\30\0\24\0\0\0\0\0+\0\0\0\0\0\0\0\0\0\0\0\0\0\0\0H\0\0\0\0\0\0\08\0\0\0\0\0\0\0\2\0\0\0\0\0\0\0\0\0\0\0\1\0\0\0\0\0\0\0\0\0\0\0\0|\1\0\0\1\0\0\0\0\0\0\0\0\0\0\0\0\0\0\0\0\0\0\0\0\0\0\0\0\0\0", iov_len=4096}], msg_iovlen=1, msg_controllen=0, msg_flags=0}, MSG_DONTWAIT) = 112
10704 <... bind resumed>)               = 0
10704 connect(23, {sa_family=AF_INET, sin_port=htons(53), sin_addr=inet_addr("127.0.0.53")}, 16) = 0
10704 getsockname(23, {sa_family=AF_INET, sin_port=htons(49750), sin_addr=inet_addr("127.0.0.1")}, [128 => 16]) = 0
10704 sendto(23, "\251\f\1\0\0\1\0\0\0\0\0\0\nredirector\4gvt1\3com\0\0A\0\1", 37, 0, NULL, 0 <unfinished ...>
10655 openat(AT_FDCWD, "/tmp/playwright_chromiumdev_profile-Lvy8gD/Default/shared_proto_db/MANIFEST-000001", O_WRONLY|O_CREAT|O_TRUNC, 0600 <unfinished ...>
10704 <... sendto resumed>)             = 37
10655 <... openat resumed>)             = 91
10704 recvmsg(23, {msg_namelen=128}, 0) = -1 ECONNREFUSED (Connection refused)
10704 socket(AF_INET, SOCK_DGRAM, IPPROTO_IP) = 24
10655 openat(AT_FDCWD, "/tmp/playwright_chromiumdev_profile-Lvy8gD/Default/shared_proto_db", O_RDONLY) = 92
10692 sendto(14, "\20\0\0\0p\0\0\0P\24Ks\0\0\0\0\30\0\24\0\0\0\0\0/\0\0\0\0\0\0\0\0\0\0\0\0\0\0\0H\0\0\0\0\0\0\08\0\0\0\0\0\0\0\3\0\0\0\0\0\0\0\0\0\0\0\1\0\0\0\0\0\0\0\0\0\0\0\0|\1\0\0\1\0\0\0\0\0\0\0\0\0\0\0\0\0\0\0\0\0\0\0\0\0\0\0\0\0\0", 112, MSG_NOSIGNAL, NULL, 0 <unfinished ...>
10704 bind(24, {sa_family=AF_INET, sin_port=htons(27692), sin_addr=inet_addr("0.0.0.0")}, 16 <unfinished ...>
10692 <... sendto resumed>)             = 112
10704 <... bind resumed>)               = 0
10704 connect(24, {sa_family=AF_INET, sin_port=htons(53), sin_addr=inet_addr("127.0.0.53")}, 16 <unfinished ...>
10659 recvmsg(41,  <unfinished ...>
10704 <... connect resumed>)            = 0
10659 <... recvmsg resumed>{msg_name=NULL, msg_namelen=0, msg_iov=[{iov_base="\20\0\0\0p\0\0\0P\24Ks\0\0\0\0\30\0\24\0\0\0\0\0/\0\0\0\0\0\0\0\0\0\0\0\0\0\0\0H\0\0\0\0\0\0\08\0\0\0\0\0\0\0\3\0\0\0\0\0\0\0\0\0\0\0\1\0\0\0\0\0\0\0\0\0\0\0\0|\1\0\0\1\0\0\0\0\0\0\0\0\0\0\0\0\0\0\0\0\0\0\0\0\0\0\0\0\0\0", iov_len=4096}], msg_iovlen=1, msg_controllen=0, msg_flags=0}, MSG_DONTWAIT) = 112
10704 getsockname(24, {sa_family=AF_INET, sin_port=htons(27692), sin_addr=inet_addr("127.0.0.1")}, [128 => 16]) = 0
10704 sendto(24, "\6\301\1\0\0\1\0\0\0\0\0\0\nredirector\4gvt1\3com\0\0\1\0\1", 37, 0, NULL, 0) = 37
10704 recvmsg(24,  <unfinished ...>
10654 openat(AT_FDCWD, "/etc/hosts", O_RDONLY|O_CLOEXEC <unfinished ...>
10704 <... recvmsg resumed>{msg_namelen=128}, 0) = -1 ECONNREFUSED (Connection refused)
10704 socket(AF_INET, SOCK_DGRAM, IPPROTO_IP <unfinished ...>
10654 <... openat resumed>)             = 90
10704 <... socket resumed>)             = 25
10657 sendto(41, "\20\0\0\0p\0\0\0o\26Ks\0\0\0\0\30\0\24\0\0\0\0\0,\0\0\0\0\0\0\0\0\0\0\0\0\0\0\0H\0\0\0\0\0\0\08\0\0\0\0\0\0\0\3\0\0\0\0\0\0\0\0\0\0\0\1\0\0\0\0\0\0\0\0\0\0\0\0}\1\0\0\1\0\0\0\0\0\0\0\0\0\0\0\0\0\0\0\0\0\0\0\0\0\0\0\0\0\0", 112, MSG_NOSIGNAL, NULL, 0) = 112
10692 recvmsg(14,  <unfinished ...>
10704 bind(25, {sa_family=AF_INET, sin_port=htons(58370), sin_addr=inet_addr("0.0.0.0")}, 16) = 0
10692 <... recvmsg resumed>{msg_name=NULL, msg_namelen=0, msg_iov=[{iov_base="\20\0\0\0p\0\0\0o\26Ks\0\0\0\0\30\0\24\0\0\0\0\0,\0\0\0\0\0\0\0\0\0\0\0\0\0\0\0H\0\0\0\0\0\0\08\0\0\0\0\0\0\0\3\0\0\0\0\0\0\0\0\0\0\0\1\0\0\0\0\0\0\0\0\0\0\0\0}\1\0\0\1\0\0\0\0\0\0\0\0\0\0\0\0\0\0\0\0\0\0\0\0\0\0\0\0\0\0", iov_len=4096}], msg_iovlen=1, msg_controllen=0, msg_flags=0}, MSG_DONTWAIT) = 112
10704 connect(25, {sa_family=AF_INET, sin_port=htons(53), sin_addr=inet_addr("127.0.0.53")}, 16) = 0
10704 getsockname(25, {sa_family=AF_INET, sin_port=htons(58370), sin_addr=inet_addr("127.0.0.1")}, [128 => 16]) = 0
10704 sendto(25, "|X\1\0\0\1\0\0\0\0\0\0\nredirector\4gvt1\3com\0\0\1\0\1", 37, 0, NULL, 0) = 37
10704 recvmsg(25, {msg_namelen=128}, 0) = -1 ECONNREFUSED (Connection refused)
10655 openat(AT_FDCWD, "/tmp/playwright_chromiumdev_profile-Lvy8gD/Default/shared_proto_db/000001.dbtmp", O_WRONLY|O_CREAT|O_TRUNC, 0600) = 91
10654 socket(AF_INET, SOCK_DGRAM|SOCK_CLOEXEC|SOCK_NONBLOCK, IPPROTO_IP) = 90
10654 setsockopt(90, SOL_IP, IP_RECVERR, [1], 4) = 0
10654 connect(90, {sa_family=AF_INET, sin_port=htons(53), sin_addr=inet_addr("127.0.0.53")}, 16) = 0
10704 sendto(5, "\20\0\0\0p\0\0\0p\31Ks\0\0\0\0\30\0\24\0\0\0\0\0%\0\0\0\0\0\0\0\0\0\0\0\0\0\0\0H\0\0\0\0\0\0\0\23\0\0\0\0\0\0\0\1\0\0\0\0\0\0\0\0\0\0\0\1\0\0\0\0\0\0\0\0\0\0\0\0x\1\0\0\1\0\0\0\0\0\0\0\0\0\0\0\0\0\0\0\0\0\0\0\0\0\0\0\0\0\0", 112, MSG_NOSIGNAL, NULL, 0 <unfinished ...>
10654 sendto(90, "\332F\1 \0\1\0\0\0\0\0\1\10clients2\6google\3com\0\0\1\0\1\0\0)\4\260\0\0\0\0\0\0", 48, MSG_NOSIGNAL, NULL, 0 <unfinished ...>
10704 <... sendto resumed>)             = 112
10654 <... sendto resumed>)             = 48
10659 recvmsg(34, {msg_name=NULL, msg_namelen=0, msg_iov=[{iov_base="\20\0\0\0p\0\0\0p\31Ks\0\0\0\0\30\0\24\0\0\0\0\0%\0\0\0\0\0\0\0\0\0\0\0\0\0\0\0H\0\0\0\0\0\0\0\23\0\0\0\0\0\0\0\1\0\0\0\0\0\0\0\0\0\0\0\1\0\0\0\0\0\0\0\0\0\0\0\0x\1\0\0\1\0\0\0\0\0\0\0\0\0\0\0\0\0\0\0\0\0\0\0\0\0\0\0\0\0\0", iov_len=4096}], msg_iovlen=1, msg_controllen=0, msg_flags=0}, MSG_DONTWAIT) = 112
10654 socket(AF_INET, SOCK_DGRAM|SOCK_CLOEXEC|SOCK_NONBLOCK, IPPROTO_IP) = 90
10654 setsockopt(90, SOL_IP, IP_RECVERR, [1], 4) = 0
10654 connect(90, {sa_family=AF_INET, sin_port=htons(53), sin_addr=inet_addr("127.0.0.53")}, 16) = 0
10692 sendto(14, "\20\0\0\0p\0\0\0S\33Ks\0\0\0\0\30\0\24\0\0\0\0\0000\0\0\0\0\0\0\0\0\0\0\0\0\0\0\0H\0\0\0\0\0\0\08\0\0\0\0\0\0\0\4\0\0\0\0\0\0\0\0\0\0\0\1\0\0\0\0\0\0\0\0\0\0\0\0}\1\0\0\1\0\0\0\0\0\0\0\0\0\0\0\0\0\0\0\0\0\0\0\0\0\0\0\0\0\0", 112, MSG_NOSIGNAL, NULL, 0 <unfinished ...>
10654 sendto(90, "\332F\1 \0\1\0\0\0\0\0\1\10clients2\6google\3com\0\0\1\0\1\0\0)\4\260\0\0\0\0\0\0", 48, MSG_NOSIGNAL, NULL, 0 <unfinished ...>
10692 <... sendto resumed>)             = 112
10655 openat(AT_FDCWD, "/tmp/playwright_chromiumdev_profile-Lvy8gD/Default/shared_proto_db/CURRENT", O_RDONLY <unfinished ...>
10654 <... sendto resumed>)             = 48
10659 recvmsg(41,  <unfinished ...>
10655 <... openat resumed>)             = 91
10659 <... recvmsg resumed>{msg_name=NULL, msg_namelen=0, msg_iov=[{iov_base="\20\0\0\0p\0\0\0S\33Ks\0\0\0\0\30\0\24\0\0\0\0\0000\0\0\0\0\0\0\0\0\0\0\0\0\0\0\0H\0\0\0\0\0\0\08\0\0\0\0\0\0\0\4\0\0\0\0\0\0\0\0\0\0\0\1\0\0\0\0\0\0\0\0\0\0\0\0}\1\0\0\1\0\0\0\0\0\0\0\0\0\0\0\0\0\0\0\0\0\0\0\0\0\0\0\0\0\0", iov_len=4096}], msg_iovlen=1, msg_controllen=0, msg_flags=0}, MSG_DONTWAIT) = 112
10654 socket(AF_INET, SOCK_DGRAM|SOCK_CLOEXEC|SOCK_NONBLOCK, IPPROTO_IP) = 90
10654 setsockopt(90, SOL_IP, IP_RECVERR, [1], 4) = 0
10655 openat(AT_FDCWD, "/tmp/playwright_chromiumdev_profile-Lvy8gD/Default/shared_proto_db/MANIFEST-000001", O_RDONLY <unfinished ...>
10654 connect(90, {sa_family=AF_INET, sin_port=htons(53), sin_addr=inet_addr("127.0.0.53")}, 16 <unfinished ...>
10655 <... openat resumed>)             = 91
10657 openat(AT_FDCWD, "/etc/hosts", O_RDONLY|O_CLOEXEC <unfinished ...>
10654 <... connect resumed>)            = 0
10658 sendto(41, "\20\0\0\0p\0\0\0i\35Ks\0\0\0\0\30\0\24\0\0\0\0\0-\0\0\0\0\0\0\0\0\0\0\0\0\0\0\0H\0\0\0\0\0\0\08\0\0\0\0\0\0\0\4\0\0\0\0\0\0\0\0\0\0\0\1\0\0\0\0\0\0\0\0\0\0\0\0|\1\0\0\1\0\0\0\0\0\0\0\0\0\0\0\0\0\0\0\0\0\0\0\0\0\0\0\0\0\0", 112, MSG_NOSIGNAL, NULL, 0 <unfinished ...>
10657 <... openat resumed>)             = 92
10658 <... sendto resumed>)             = 112
10692 recvmsg(14,  <unfinished ...>
10654 sendto(90, "\266\263\1 \0\1\0\0\0\0\0\1\10clients2\6google\3com\0320auhaxe53pruloeser5wrueatf\2bx\10internal\10cloudapp\3net\0\0\1\0\1\0\0)\4\260\0\0\0\0\0\0", 100, MSG_NOSIGNAL, NULL, 0 <unfinished ...>
10692 <... recvmsg resumed>{msg_name=NULL, msg_namelen=0, msg_iov=[{iov_base="\20\0\0\0p\0\0\0i\35Ks\0\0\0\0\30\0\24\0\0\0\0\0-\0\0\0\0\0\0\0\0\0\0\0\0\0\0\0H\0\0\0\0\0\0\08\0\0\0\0\0\0\0\4\0\0\0\0\0\0\0\0\0\0\0\1\0\0\0\0\0\0\0\0\0\0\0\0|\1\0\0\1\0\0\0\0\0\0\0\0\0\0\0\0\0\0\0\0\0\0\0\0\0\0\0\0\0\0", iov_len=4096}], msg_iovlen=1, msg_controllen=0, msg_flags=0}, MSG_DONTWAIT) = 112
10654 <... sendto resumed>)             = 100
10654 socket(AF_INET, SOCK_DGRAM|SOCK_CLOEXEC|SOCK_NONBLOCK, IPPROTO_IP) = 90
10657 socket(AF_INET, SOCK_DGRAM|SOCK_CLOEXEC|SOCK_NONBLOCK, IPPROTO_IP <unfinished ...>
10654 setsockopt(90, SOL_IP, IP_RECVERR, [1], 4 <unfinished ...>
10657 <... socket resumed>)             = 91
10655 openat(AT_FDCWD, "/tmp/playwright_chromiumdev_profile-Lvy8gD/Default/shared_proto_db/MANIFEST-000001", O_WRONLY|O_APPEND <unfinished ...>
10654 <... setsockopt resumed>)         = 0
10657 setsockopt(91, SOL_IP, IP_RECVERR, [1], 4 <unfinished ...>
10654 connect(90, {sa_family=AF_INET, sin_port=htons(53), sin_addr=inet_addr("127.0.0.53")}, 16 <unfinished ...>
10657 <... setsockopt resumed>)         = 0
10654 <... connect resumed>)            = 0
10657 connect(91, {sa_family=AF_INET, sin_port=htons(53), sin_addr=inet_addr("127.0.0.53")}, 16 <unfinished ...>
10692 sendto(14, "\20\0\0\0p\0\0\0\221\37Ks\0\0\0\0\30\0\24\0\0\0\0\0001\0\0\0\0\0\0\0\0\0\0\0\0\0\0\0H\0\0\0\0\0\0\08\0\0\0\0\0\0\0\5\0\0\0\0\0\0\0\0\0\0\0\1\0\0\0\0\0\0\0\0\0\0\0\0|\1\0\0\1\0\0\0\0\0\0\0\0\0\0\0\0\0\0\0\0\0\0\0\0\0\0\0\0\0\0", 112, MSG_NOSIGNAL, NULL, 0 <unfinished ...>
10655 <... openat resumed>)             = 92
10657 <... connect resumed>)            = 0
10692 <... sendto resumed>)             = 112
10659 recvmsg(41, {msg_name=NULL, msg_namelen=0, msg_iov=[{iov_base="\20\0\0\0p\0\0\0\221\37Ks\0\0\0\0\30\0\24\0\0\0\0\0001\0\0\0\0\0\0\0\0\0\0\0\0\0\0\0H\0\0\0\0\0\0\08\0\0\0\0\0\0\0\5\0\0\0\0\0\0\0\0\0\0\0\1\0\0\0\0\0\0\0\0\0\0\0\0|\1\0\0\1\0\0\0\0\0\0\0\0\0\0\0\0\0\0\0\0\0\0\0\0\0\0\0\0\0\0", iov_len=4096}], msg_iovlen=1, msg_controllen=0, msg_flags=0}, MSG_DONTWAIT) = 112
10657 sendto(91, "l\315\1 \0\1\0\0\0\0\0\1\nredirector\4gvt1\3com\0\0\1\0\1\0\0)\4\260\0\0\0\0\0\0", 48, MSG_NOSIGNAL, NULL, 0 <unfinished ...>
10654 sendto(90, "\266\263\1 \0\1\0\0\0\0\0\1\10clients2\6google\3com\0320auhaxe53pruloeser5wrueatf\2bx\10internal\10cloudapp\3net\0\0\1\0\1\0\0)\4\260\0\0\0\0\0\0", 100, MSG_NOSIGNAL, NULL, 0 <unfinished ...>
10657 <... sendto resumed>)             = 48
10654 <... sendto resumed>)             = 100
10655 openat(AT_FDCWD, "/tmp/playwright_chromiumdev_profile-Lvy8gD/Default/shared_proto_db", O_RDONLY|O_NONBLOCK|O_CLOEXEC|O_DIRECTORY <unfinished ...>
10657 socket(AF_INET, SOCK_DGRAM|SOCK_CLOEXEC|SOCK_NONBLOCK, IPPROTO_IP <unfinished ...>
10655 <... openat resumed>)             = 91
10657 <... socket resumed>)             = 90
10657 setsockopt(90, SOL_IP, IP_RECVERR, [1], 4) = 0
10658 sendto(34, "\20\0\0\0p\0\0\0O!Ks\0\0\0\0\30\0\24\0\0\0\0\0<\0\0\0\0\0\0\0\0\0\0\0\0\0\0\0H\0\0\0\0\0\0\0\23\0\0\0\0\0\0\0\0\0\0\0\0\0\0\0\0\0\0\0\1\0\0\0\0\0\0\0\0\0\0\0\0x\1\0\0\1\0\0\0\0\0\0\0\0\0\0\0\0\0\0\0\0\0\0\0\0\0\0\0\0\0\0", 112, MSG_NOSIGNAL, NULL, 0 <unfinished ...>
10657 connect(90, {sa_family=AF_INET, sin_port=htons(53), sin_addr=inet_addr("127.0.0.53")}, 16 <unfinished ...>
10658 <... sendto resumed>)             = 112
10657 <... connect resumed>)            = 0
10704 recvmsg(5, {msg_name=NULL, msg_namelen=0, msg_iov=[{iov_base="\20\0\0\0p\0\0\0O!Ks\0\0\0\0\30\0\24\0\0\0\0\0<\0\0\0\0\0\0\0\0\0\0\0\0\0\0\0H\0\0\0\0\0\0\0\23\0\0\0\0\0\0\0\0\0\0\0\0\0\0\0\0\0\0\0\1\0\0\0\0\0\0\0\0\0\0\0\0x\1\0\0\1\0\0\0\0\0\0\0\0\0\0\0\0\0\0\0\0\0\0\0\0\0\0\0\0\0\0", iov_len=4096}], msg_iovlen=1, msg_controllen=0, msg_flags=0}, MSG_DONTWAIT) = 112
10658 sendto(41, "\20\0\0\0p\0\0\0,\"Ks\0\0\0\0\30\0\24\0\0\0\0\0.\0\0\0\0\0\0\0\0\0\0\0\0\0\0\0H\0\0\0\0\0\0\08\0\0\0\0\0\0\0\5\0\0\0\0\0\0\0\0\0\0\0\1\0\0\0\0\0\0\0\0\0\0\0\0}\1\0\0\1\0\0\0\0\0\0\0\0\0\0\0\0\0\0\0\0\0\0\0\0\0\0\0\0\0\0", 112, MSG_NOSIGNAL, NULL, 0) = 112
10657 sendto(90, "l\315\1 \0\1\0\0\0\0\0\1\nredirector\4gvt1\3com\0\0\1\0\1\0\0)\4\260\0\0\0\0\0\0", 48, MSG_NOSIGNAL, NULL, 0 <unfinished ...>
10692 recvmsg(14,  <unfinished ...>
10657 <... sendto resumed>)             = 48
10692 <... recvmsg resumed>{msg_name=NULL, msg_namelen=0, msg_iov=[{iov_base="\20\0\0\0p\0\0\0,\"Ks\0\0\0\0\30\0\24\0\0\0\0\0.\0\0\0\0\0\0\0\0\0\0\0\0\0\0\0H\0\0\0\0\0\0\08\0\0\0\0\0\0\0\5\0\0\0\0\0\0\0\0\0\0\0\1\0\0\0\0\0\0\0\0\0\0\0\0}\1\0\0\1\0\0\0\0\0\0\0\0\0\0\0\0\0\0\0\0\0\0\0\0\0\0\0\0\0\0", iov_len=4096}], msg_iovlen=1, msg_controllen=0, msg_flags=0}, MSG_DONTWAIT) = 112
10704 sendto(5, "\20\0\0\0p\0\0\0006#Ks\0\0\0\0\30\0\24\0\0\0\0\0&\0\0\0\0\0\0\0\0\0\0\0\0\0\0\0H\0\0\0\0\0\0\0U\0\0\0\0\0\0\0\0\0\0\0\0\0\0\0\0\0\0\0\1\0\0\0\0\0\0\0\0\0\0\0\0x\1\0\0\1\0\0\0\0\0\0\0\0\0\0\0\0\0\0\0\0\0\0\0\0\0\0\0\0\0\0", 112, MSG_NOSIGNAL, NULL, 0) = 112
10704 sendto(5, "\20\0\0\0@\0\0\0\230#Ks\0\0\0\0\30\0\26\0\0\0\0\0'\0\0\0\0\0\0\0\0\0\0\0\0\0\0\0\30\0\0\0\0\0\0\0U\0\0\0\0\0\0\0\1\0\0\0\0\0\0\0", 64, MSG_NOSIGNAL, NULL, 0 <unfinished ...>
10659 recvmsg(34,  <unfinished ...>
10704 <... sendto resumed>)             = 64
10659 <... recvmsg resumed>{msg_name=NULL, msg_namelen=0, msg_iov=[{iov_base="\20\0\0\0p\0\0\0006#Ks\0\0\0\0\30\0\24\0\0\0\0\0&\0\0\0\0\0\0\0\0\0\0\0\0\0\0\0H\0\0\0\0\0\0\0U\0\0\0\0\0\0\0\0\0\0\0\0\0\0\0\0\0\0\0\1\0\0\0\0\0\0\0\0\0\0\0\0x\1\0\0\1\0\0\0\0\0\0\0\0\0\0\0\0\0\0\0\0\0\0\0\0\0\0\0\0\0\0\20\0\0\0@\0\0\0\230#Ks\0\0\0\0\30\0\26\0\0\0\0\0'\0\0\0\0\0\0\0\0\0\0\0\0\0\0\0\30\0\0\0\0\0\0\0U\0\0\0\0\0\0\0\1\0\0\0\0\0\0\0", iov_len=4096}], msg_iovlen=1, msg_controllen=0, msg_flags=0}, MSG_DONTWAIT) = 176
10657 socket(AF_INET, SOCK_DGRAM|SOCK_CLOEXEC|SOCK_NONBLOCK, IPPROTO_IP <unfinished ...>
10704 sendto(5, "\20\0\0\0@\0\0\0\0$Ks\0\0\0\0\30\0\26\0\0\0\0\0(\0\0\0\0\0\0\0\0\0\0\0\0\0\0\0\30\0\0\0\0\0\0\0S\0\0\0\0\0\0\0\0\0\0\0\0\0\0\0", 64, MSG_NOSIGNAL, NULL, 0 <unfinished ...>
10657 <... socket resumed>)             = 90
10704 <... sendto resumed>)             = 64
10657 setsockopt(90, SOL_IP, IP_RECVERR, [1], 4 <unfinished ...>
10659 recvmsg(34,  <unfinished ...>
10655 openat(AT_FDCWD, "/tmp/playwright_chromiumdev_profile-Lvy8gD/Default/shared_proto_db", O_RDONLY|O_NONBLOCK|O_CLOEXEC|O_DIRECTORY <unfinished ...>
10659 <... recvmsg resumed>{msg_name=NULL, msg_namelen=0, msg_iov=[{iov_base="\20\0\0\0@\0\0\0\0$Ks\0\0\0\0\30\0\26\0\0\0\0\0(\0\0\0\0\0\0\0\0\0\0\0\0\0\0\0\30\0\0\0\0\0\0\0S\0\0\0\0\0\0\0\0\0\0\0\0\0\0\0", iov_len=4096}], msg_iovlen=1, msg_controllen=0, msg_flags=0}, MSG_DONTWAIT) = 64
10692 sendto(14, "\20\0\0\0@\0\0\0\301$Ks\0\0\0\0\30\0\26\0\0\0\0\0002\0\0\0\0\0\0\0\0\0\0\0\0\0\0\0\30\0\0\0\0\0\0\08\0\0\0\0\0\0\0\6\0\0\0\0\0\0\0", 64, MSG_NOSIGNAL, NULL, 0 <unfinished ...>
10657 <... setsockopt resumed>)         = 0
10655 <... openat resumed>)             = 91
10692 <... sendto resumed>)             = 64
10657 connect(90, {sa_family=AF_INET, sin_port=htons(53), sin_addr=inet_addr("127.0.0.53")}, 16) = 0
10659 recvmsg(41, {msg_name=NULL, msg_namelen=0, msg_iov=[{iov_base="\20\0\0\0@\0\0\0\301$Ks\0\0\0\0\30\0\26\0\0\0\0\0002\0\0\0\0\0\0\0\0\0\0\0\0\0\0\0\30\0\0\0\0\0\0\08\0\0\0\0\0\0\0\6\0\0\0\0\0\0\0", iov_len=4096}], msg_iovlen=1, msg_controllen=0, msg_flags=0}, MSG_DONTWAIT) = 64
10657 sendto(90, "\2571\1 \0\1\0\0\0\0\0\1\nredirector\4gvt1\3com\0320auhaxe53pruloeser5wrueatf\2bx\10internal\10cloudapp\3net\0\0\1\0\1\0\0)\4\260\0\0\0\0\0\0", 100, MSG_NOSIGNAL, NULL, 0) = 100
10657 socket(AF_INET, SOCK_DGRAM|SOCK_CLOEXEC|SOCK_NONBLOCK, IPPROTO_IP) = 90
10657 setsockopt(90, SOL_IP, IP_RECVERR, [1], 4) = 0
10657 connect(90, {sa_family=AF_INET, sin_port=htons(53), sin_addr=inet_addr("127.0.0.53")}, 16) = 0
10657 sendto(90, "\2571\1 \0\1\0\0\0\0\0\1\nredirector\4gvt1\3com\0320auhaxe53pruloeser5wrueatf\2bx\10internal\10cloudapp\3net\0\0\1\0\1\0\0)\4\260\0\0\0\0\0\0", 100, MSG_NOSIGNAL, NULL, 0) = 100
10657 sendto(34, "\20\0\0\0p\0\0\0\364'Ks\0\0\0\0\30\0\24\0\0\0\0\0=\0\0\0\0\0\0\0\0\0\0\0\0\0\0\0H\0\0\0\0\0\0\0\23\0\0\0\0\0\0\0\1\0\0\0\0\0\0\0\0\0\0\0\1\0\0\0\0\0\0\0\0\0\0\0\0z\1\0\0\1\0\0\0\0\0\0\0\0\0\0\0\0\0\0\0\0\0\0\0\0\0\0\0\0\0\0", 112, MSG_NOSIGNAL, NULL, 0) = 112
10655 openat(AT_FDCWD, "/tmp/playwright_chromiumdev_profile-Lvy8gD/Default/shared_proto_db/000003.log", O_WRONLY|O_CREAT|O_TRUNC, 0600 <unfinished ...>
10704 recvmsg(5, {msg_name=NULL, msg_namelen=0, msg_iov=[{iov_base="\20\0\0\0p\0\0\0\364'Ks\0\0\0\0\30\0\24\0\0\0\0\0=\0\0\0\0\0\0\0\0\0\0\0\0\0\0\0H\0\0\0\0\0\0\0\23\0\0\0\0\0\0\0\1\0\0\0\0\0\0\0\0\0\0\0\1\0\0\0\0\0\0\0\0\0\0\0\0z\1\0\0\1\0\0\0\0\0\0\0\0\0\0\0\0\0\0\0\0\0\0\0\0\0\0\0\0\0\0", iov_len=4096}], msg_iovlen=1, msg_controllen=0, msg_flags=0}, MSG_DONTWAIT) = 112
10655 <... openat resumed>)             = 90
10655 openat(AT_FDCWD, "/tmp/playwright_chromiumdev_profile-Lvy8gD/Default/shared_proto_db", O_RDONLY|O_NONBLOCK|O_CLOEXEC|O_DIRECTORY) = 91
10704 socket(AF_INET, SOCK_DGRAM, IPPROTO_IP) = 21
10704 bind(21, {sa_family=AF_INET, sin_port=htons(9168), sin_addr=inet_addr("0.0.0.0")}, 16) = 0
10704 connect(21, {sa_family=AF_INET, sin_port=htons(53), sin_addr=inet_addr("127.0.0.53")}, 16) = 0
10704 getsockname(21, {sa_family=AF_INET, sin_port=htons(9168), sin_addr=inet_addr("127.0.0.1")}, [128 => 16]) = 0
10704 sendto(21, "o\374\1\0\0\1\0\0\0\0\0\0\nredirector\4gvt1\3com\0\0A\0\1", 37, 0, NULL, 0) = 37
10704 recvmsg(21, {msg_namelen=128}, 0) = -1 ECONNREFUSED (Connection refused)
10704 socket(AF_INET, SOCK_DGRAM, IPPROTO_IP) = 23
10704 bind(23, {sa_family=AF_INET, sin_port=htons(50267), sin_addr=inet_addr("0.0.0.0")}, 16) = 0
10655 openat(AT_FDCWD, "/tmp/playwright_chromiumdev_profile-Lvy8gD/Default/shared_proto_db", O_RDONLY|O_NONBLOCK|O_CLOEXEC|O_DIRECTORY <unfinished ...>
10704 connect(23, {sa_family=AF_INET, sin_port=htons(53), sin_addr=inet_addr("127.0.0.53")}, 16 <unfinished ...>
10655 <... openat resumed>)             = 91
10704 <... connect resumed>)            = 0
10704 getsockname(23, {sa_family=AF_INET, sin_port=htons(50267), sin_addr=inet_addr("127.0.0.1")}, [128 => 16]) = 0
10704 sendto(23, "\311\363\1\0\0\1\0\0\0\0\0\0\nredirector\4gvt1\3com\0\0A\0\1", 37, 0, NULL, 0) = 37
10704 recvmsg(23, {msg_namelen=128}, 0) = -1 ECONNREFUSED (Connection refused)
10634 openat(AT_FDCWD, "/tmp/.com.google.Chrome.jPLozl", O_RDWR|O_CREAT|O_EXCL, 0600 <unfinished ...>
10704 socket(AF_INET, SOCK_DGRAM, IPPROTO_IP) = 24
10634 <... openat resumed>)             = 93
10634 openat(AT_FDCWD, "/tmp/.com.google.Chrome.jPLozl", O_RDONLY) = 94
10704 bind(24, {sa_family=AF_INET, sin_port=htons(8675), sin_addr=inet_addr("0.0.0.0")}, 16) = 0
10704 connect(24, {sa_family=AF_INET, sin_port=htons(53), sin_addr=inet_addr("127.0.0.53")}, 16) = 0
10704 getsockname(24, {sa_family=AF_INET, sin_port=htons(8675), sin_addr=inet_addr("127.0.0.1")}, [128 => 16]) = 0
10704 sendto(24, "\31\216\1\0\0\1\0\0\0\0\0\0\nredirector\4gvt1\3com\0\0\1\0\1", 37, 0, NULL, 0) = 37
10704 recvmsg(24, {msg_namelen=128}, 0) = -1 ECONNREFUSED (Connection refused)
10704 socket(AF_INET, SOCK_DGRAM, IPPROTO_IP) = 25
10704 bind(25, {sa_family=AF_INET, sin_port=htons(43843), sin_addr=inet_addr("0.0.0.0")}, 16) = 0
10704 connect(25, {sa_family=AF_INET, sin_port=htons(53), sin_addr=inet_addr("127.0.0.53")}, 16) = 0
10704 getsockname(25, {sa_family=AF_INET, sin_port=htons(43843), sin_addr=inet_addr("127.0.0.1")}, [128 => 16]) = 0
10704 sendto(25, "\375C\1\0\0\1\0\0\0\0\0\0\nredirector\4gvt1\3com\0\0\1\0\1", 37, 0, NULL, 0) = 37
10704 recvmsg(25, {msg_namelen=128}, 0) = -1 ECONNREFUSED (Connection refused)
10704 sendto(5, "\20\0\0\0p\0\0\0\f0Ks\0\0\0\0\30\0\24\0\0\0\0\0)\0\0\0\0\0\0\0\0\0\0\0\0\0\0\0H\0\0\0\0\0\0\0\23\0\0\0\0\0\0\0\2\0\0\0\0\0\0\0\0\0\0\0\1\0\0\0\0\0\0\0\0\0\0\0\0z\1\0\0\1\0\0\0\0\0\0\0\0\0\0\0\0\0\0\0\0\0\0\0\0\0\0\0\0\0\0", 112, MSG_NOSIGNAL, NULL, 0) = 112
10659 recvmsg(34, {msg_name=NULL, msg_namelen=0, msg_iov=[{iov_base="\20\0\0\0p\0\0\0\f0Ks\0\0\0\0\30\0\24\0\0\0\0\0)\0\0\0\0\0\0\0\0\0\0\0\0\0\0\0H\0\0\0\0\0\0\0\23\0\0\0\0\0\0\0\2\0\0\0\0\0\0\0\0\0\0\0\1\0\0\0\0\0\0\0\0\0\0\0\0z\1\0\0\1\0\0\0\0\0\0\0\0\0\0\0\0\0\0\0\0\0\0\0\0\0\0\0\0\0\0", iov_len=4096}], msg_iovlen=1, msg_controllen=0, msg_flags=0}, MSG_DONTWAIT) = 112
10657 openat(AT_FDCWD, "/etc/hosts", O_RDONLY|O_CLOEXEC) = 50
10657 socket(AF_INET, SOCK_DGRAM|SOCK_CLOEXEC|SOCK_NONBLOCK, IPPROTO_IP) = 50
10657 setsockopt(50, SOL_IP, IP_RECVERR, [1], 4) = 0
10657 connect(50, {sa_family=AF_INET, sin_port=htons(53), sin_addr=inet_addr("127.0.0.53")}, 16) = 0
10657 sendto(50, "\24a\1 \0\1\0\0\0\0\0\1\nredirector\4gvt1\3com\0\0\1\0\1\0\0)\4\260\0\0\0\0\0\0", 48, MSG_NOSIGNAL, NULL, 0) = 48
10657 socket(AF_INET, SOCK_DGRAM|SOCK_CLOEXEC|SOCK_NONBLOCK, IPPROTO_IP) = 50
10657 setsockopt(50, SOL_IP, IP_RECVERR, [1], 4) = 0
10657 connect(50, {sa_family=AF_INET, sin_port=htons(53), sin_addr=inet_addr("127.0.0.53")}, 16) = 0
10657 sendto(50, "\24a\1 \0\1\0\0\0\0\0\1\nredirector\4gvt1\3com\0\0\1\0\1\0\0)\4\260\0\0\0\0\0\0", 48, MSG_NOSIGNAL, NULL, 0) = 48
10657 socket(AF_INET, SOCK_DGRAM|SOCK_CLOEXEC|SOCK_NONBLOCK, IPPROTO_IP) = 50
10657 setsockopt(50, SOL_IP, IP_RECVERR, [1], 4) = 0
10657 connect(50, {sa_family=AF_INET, sin_port=htons(53), sin_addr=inet_addr("127.0.0.53")}, 16) = 0
10657 sendto(50, "\257z\1 \0\1\0\0\0\0\0\1\nredirector\4gvt1\3com\0320auhaxe53pruloeser5wrueatf\2bx\10internal\10cloudapp\3net\0\0\1\0\1\0\0)\4\260\0\0\0\0\0\0", 100, MSG_NOSIGNAL, NULL, 0) = 100
10657 socket(AF_INET, SOCK_DGRAM|SOCK_CLOEXEC|SOCK_NONBLOCK, IPPROTO_IP) = 50
10657 setsockopt(50, SOL_IP, IP_RECVERR, [1], 4) = 0
10657 connect(50, {sa_family=AF_INET, sin_port=htons(53), sin_addr=inet_addr("127.0.0.53")}, 16) = 0
10657 sendto(50, "\257z\1 \0\1\0\0\0\0\0\1\nredirector\4gvt1\3com\0320auhaxe53pruloeser5wrueatf\2bx\10internal\10cloudapp\3net\0\0\1\0\1\0\0)\4\260\0\0\0\0\0\0", 100, MSG_NOSIGNAL, NULL, 0) = 100
10655 sendto(34, "\20\0\0\0p\0\0\0S9Ks\0\0\0\0\30\0\24\0\0\0\0\0>\0\0\0\0\0\0\0\0\0\0\0\0\0\0\0H\0\0\0\0\0\0\0\23\0\0\0\0\0\0\0\2\0\0\0\0\0\0\0\0\0\0\0\1\0\0\0\0\0\0\0\0\0\0\0\0z\1\0\0\1\0\0\0\0\0\0\0\0\0\0\0\0\0\0\0\0\0\0\0\0\0\0\0\0\0\0", 112, MSG_NOSIGNAL, NULL, 0) = 112
10704 recvmsg(5, {msg_name=NULL, msg_namelen=0, msg_iov=[{iov_base="\20\0\0\0p\0\0\0S9Ks\0\0\0\0\30\0\24\0\0\0\0\0>\0\0\0\0\0\0\0\0\0\0\0\0\0\0\0H\0\0\0\0\0\0\0\23\0\0\0\0\0\0\0\2\0\0\0\0\0\0\0\0\0\0\0\1\0\0\0\0\0\0\0\0\0\0\0\0z\1\0\0\1\0\0\0\0\0\0\0\0\0\0\0\0\0\0\0\0\0\0\0\0\0\0\0\0\0\0", iov_len=4096}], msg_iovlen=1, msg_controllen=0, msg_flags=0}, MSG_DONTWAIT) = 112
10704 sendto(5, "\20\0\0\0p\0\0\0\325:Ks\0\0\0\0\30\0\24\0\0\0\0\0*\0\0\0\0\0\0\0\0\0\0\0\0\0\0\0H\0\0\0\0\0\0\0\207\0\0\0\0\0\0\0\0\0\0\0\0\0\0\0\0\0\0\0\1\0\0\0\0\0\0\0\0\0\0\0\0z\1\0\0\1\0\0\0\0\0\0\0\0\0\0\0\0\0\0\0\0\0\0\0\0\0\0\0\0\0\0", 112, MSG_NOSIGNAL, NULL, 0) = 112
10704 sendto(5, "\20\0\0\0@\0\0\0006;Ks\0\0\0\0\30\0\26\0\0\0\0\0+\0\0\0\0\0\0\0\0\0\0\0\0\0\0\0\30\0\0\0\0\0\0\0\207\0\0\0\0\0\0\0\1\0\0\0\0\0\0\0", 64, MSG_NOSIGNAL, NULL, 0 <unfinished ...>
10659 recvmsg(34,  <unfinished ...>
10704 <... sendto resumed>)             = 64
10659 <... recvmsg resumed>{msg_name=NULL, msg_namelen=0, msg_iov=[{iov_base="\20\0\0\0p\0\0\0\325:Ks\0\0\0\0\30\0\24\0\0\0\0\0*\0\0\0\0\0\0\0\0\0\0\0\0\0\0\0H\0\0\0\0\0\0\0\207\0\0\0\0\0\0\0\0\0\0\0\0\0\0\0\0\0\0\0\1\0\0\0\0\0\0\0\0\0\0\0\0z\1\0\0\1\0\0\0\0\0\0\0\0\0\0\0\0\0\0\0\0\0\0\0\0\0\0\0\0\0\0\20\0\0\0@\0\0\0006;Ks\0\0\0\0\30\0\26\0\0\0\0\0+\0\0\0\0\0\0\0\0\0\0\0\0\0\0\0\30\0\0\0\0\0\0\0\207\0\0\0\0\0\0\0\1\0\0\0\0\0\0\0", iov_len=4096}], msg_iovlen=1, msg_controllen=0, msg_flags=0}, MSG_DONTWAIT) = 176
10704 sendto(5, "\20\0\0\0@\0\0\0\235;Ks\0\0\0\0\30\0\26\0\0\0\0\0,\0\0\0\0\0\0\0\0\0\0\0\0\0\0\0\30\0\0\0\0\0\0\0\205\0\0\0\0\0\0\0\0\0\0\0\0\0\0\0", 64, MSG_NOSIGNAL, NULL, 0) = 64
10659 recvmsg(34, {msg_name=NULL, msg_namelen=0, msg_iov=[{iov_base="\20\0\0\0@\0\0\0\235;Ks\0\0\0\0\30\0\26\0\0\0\0\0,\0\0\0\0\0\0\0\0\0\0\0\0\0\0\0\30\0\0\0\0\0\0\0\205\0\0\0\0\0\0\0\0\0\0\0\0\0\0\0", iov_len=4096}], msg_iovlen=1, msg_controllen=0, msg_flags=0}, MSG_DONTWAIT) = 64
10703 openat(AT_FDCWD, "/tmp/playwright_chromiumdev_profile-Lvy8gD/Default/Reporting and NEL", O_RDWR|O_CREAT|O_NOFOLLOW|O_CLOEXEC, 0600) = 21
10634 sendto(34, "\20\0\0\0@\3\0\0\4CKs\0\0\0\0\30\0\24\0\0\0\0\0?\0\0\0\0\0\0\0\0\0\0\0\0\0\0\0H\0\0\0\0\0\0\0\17\0\0\0\0\0\0\0\24\0\0\0\0\0\0\0\0\0\0\0\1\0\0\0\0\0\0\0\0\0\0\0\0\320\1\0\0\20\0\0\0\0\0\0`\0\0\0\210\0\0\0\0\0\0\0\0\0\0\0\0\0\0\0(\0\0\0\7\0\0\0\0\0\0\0\0\0\0\0\0\0\0\0\0\0\0\0\0\0\0\0\0\0\0\0\0\0\0\0\0\0\0\0\250\2\0\0\7\0\0\0\0\0\0\0\0\0\0\0\211\0\0\0\0\0\0\0\0\0\0\0\0\0\0\0\200\22\0\0@\0\0\0\212\0\0\0\0\0\0\0\0\0\0\0\0\0\0\0\0\0\0\0\0\0\0\0\2\0\0\0\0\0\0\0\2\0\0\0\0\0\0\0\0\0\0\0\0\0\0\0\0\0\0\0\0\0\0\0\0\0\0\0\0\0\0\0"..., 832, MSG_NOSIGNAL, NULL, 0) = 832
10704 recvmsg(5, {msg_name=NULL, msg_namelen=0, msg_iov=[{iov_base="\20\0\0\0@\3\0\0\4CKs\0\0\0\0\30\0\24\0\0\0\0\0?\0\0\0\0\0\0\0\0\0\0\0\0\0\0\0H\0\0\0\0\0\0\0\17\0\0\0\0\0\0\0\24\0\0\0\0\0\0\0\0\0\0\0\1\0\0\0\0\0\0\0\0\0\0\0\0\320\1\0\0\20\0\0\0\0\0\0`\0\0\0\210\0\0\0\0\0\0\0\0\0\0\0\0\0\0\0(\0\0\0\7\0\0\0\0\0\0\0\0\0\0\0\0\0\0\0\0\0\0\0\0\0\0\0\0\0\0\0\0\0\0\0\0\0\0\0\250\2\0\0\7\0\0\0\0\0\0\0\0\0\0\0\211\0\0\0\0\0\0\0\0\0\0\0\0\0\0\0\200\22\0\0@\0\0\0\212\0\0\0\0\0\0\0\0\0\0\0\0\0\0\0\0\0\0\0\0\0\0\0\2\0\0\0\0\0\0\0\2\0\0\0\0\0\0\0\0\0\0\0\0\0\0\0\0\0\0\0\0\0\0\0\0\0\0\0\0\0\0\0"..., iov_len=4096}], msg_iovlen=1, msg_controllen=0, msg_flags=0}, MSG_DONTWAIT) = 832
10634 sendto(34, "\20\0\0\08\1\0\0sCKs\0\0\0\0\30\0\24\0\0\0\0\0@\0\0\0\0\0\0\0\0\0\0\0\0\0\0\0H\0\0\0\0\0\0\0\212\0\0\0\0\0\0\0\0\0\0\0\0\0\0\0\0\0\0\0\1\0\0\0\377\377\377\377\377\377\377\377\0\0\0\0\0\0\0\0`\0\0\0\260\0\0\0\300\0\0\0\0\0\0\0\0\0\0\0\0\0\0\0P\0\0\0H\0\0\08\0\0\0\3\0\0\0\0\0\0\0\363U\264H\0\0\0\0\265).\304\0\0\0\0\0\0\0\0\30\0\0\0\0\0\0\0\0\0\0\0\0\0\0\0\0\0\0\0\0\0\0\0\20\0\0\0\0\0\0\0\0\0\0\0\0\0\0\0\20\0\0\0\1\0\0\0\0\0\0\0\0\0\0\0h\0\0\0\1\0\0\0\0\0\0\0\0\0\0\0\227\0\0\0\0\0\0\0\0\0\0\0\0\0\0\0\300\23\0\0@\0\0\0\230\0\0\0\0\0\0\0"..., 312, MSG_NOSIGNAL, NULL, 0) = 312
10634 sendto(34, "\20\0\0\0\330\2\0\0\316CKs\0\0\0\0\30\0\24\0\0\0\0\0A\0\0\0\0\0\0\0\0\0\0\0\0\0\0\0H\0\0\0\0\0\0\0\212\0\0\0\0\0\0\0\1\0\0\0\0\0\0\0\0\0\0\0\1\0\0\0\377\377\377\377\377\377\377\377\0\0\0\0\0\0\0\0`\0\0\0P\2\0\0`\2\0\0\0\0\0\0\0\0\0\0\0\0\0\0\360\1\0\0\350\1\0\08\0\0\0\3\0\0\0\0\0\0\0`\5\312\17\0\0\0\0\252).\304\0\0\0\0\0\0\0\0\30\0\0\0\0\0\0\0\0\0\0\0\0\0\0\0\0\0\0\0\0\0\0\0\30\0\0\0\0\0\0\0\0\0\0\0\0\0\0\0\10\0\0\0\0\0\0\0\270\0\0\0\0\0\0\0\20\0\0\0\0\0\0\0\250\0\0\0\0\0\0\0\0\0\0\0\0\0\0\0\"\0\0\0\377\377\377\377\0\0\0\0\1\0\0\0\220\0\0\0\0\0\0\0"..., 728, MSG_NOSIGNAL, NULL, 0) = 728
10704 sendto(5, "\20\0\0\0H\1\0\0007DKs\0\0\0\0\30\0\24\0\0\0\0\0-\0\0\0\0\0\0\0\0\0\0\0\0\0\0\0H\0\0\0\0\0\0\0\223\0\0\0\0\0\0\0\0\0\0\0\0\0\0\0\0\0\0\0\1\0\0\0\0\0\0\0\0\0\0\0\0y\1\0\0\1\0\0\0\0\0\0`\0\0\0p\0\0\0\0\0\0\0\0\0\0\0\0\0\0\0\20\0\0\0\2\0\0\0\0\0\0\0\0\0\0\0\310\0\0\0\2\0\0\0\0\0\0\0\0\0\0\0\233\0\0\0\0\0\0\0\0\0\0\0\0\0\0\0@\24\0\0@\0\0\0\234\0\0\0\0\0\0\0\0\0\0\0\0\0\0\0\0\0\0\0\0\0\0\0\0\0\0\0\0\0\0\0\2\0\0\0\0\0\0\0\0\0\0\0\0\0\0\0\0\0\0\0\0\0\0\0\0\0\0\0\0\0\0\0\0\0\0\0\0\0\0\0\235\0\0\0\0\0\0\0\0\0\0\0\0\0\0\0"..., 328, MSG_NOSIGNAL, NULL, 0 <unfinished ...>
10634 sendto(34, "\20\0\0\0 \5\0\0ADKs\0\0\0\0\30\0\24\0\0\0\0\0B\0\0\0\0\0\0\0\0\0\0\0\0\0\0\0H\0\0\0\0\0\0\0\232\0\0\0\0\0\0\0\0\0\0\0\0\0\0\0\0\0\0\0\1\0\0\0\377\377\377\377\377\377\377\377\0\0\0\0\0\0\0\0`\0\0\08\4\0\0H\4\0\0\0\0\0\0\0\0\0\0\0\0\0\0\330\3\0\0\320\3\0\08\0\0\0\3\0\0\0\0\0\0\0\357\20\376Z\0\0\0\0\253).\304\0\0\0\0\0\0\0\0\30\0\0\0\0\0\0\0\0\0\0\0\0\0\0\0\0\0\0\0\0\0\0\0000\0\0\0\0\0\0\0\0\0\0\0\0\0\0\0\0\0\0\0\0\0\0\0\30\0\0\0\0\0\0\0\1\0\0\0\0\0\0\0`\3\0\0\0\0\0\0 \1\0\0\0\0\0\0\30\1\0\0\0\0\0\0 \1\0\0\0\0\0\0\240\1\0\0\0\0\0\0"..., 1312, MSG_NOSIGNAL, NULL, 0 <unfinished ...>
10704 <... sendto resumed>)             = 328
10634 <... sendto resumed>)             = 1312
10703 openat(AT_FDCWD, "/tmp/playwright_chromiumdev_profile-Lvy8gD/Default/Reporting and NEL-journal", O_RDWR|O_CREAT|O_NOFOLLOW|O_CLOEXEC, 0600 <unfinished ...>
10704 sendto(5, "\20\0\0\0\320\0\0\0\31EKs\0\0\0\0\30\0\24\0\0\0\0\0.\0\0\0\0\0\0\0\0\0\0\0\0\0\0\0H\0\0\0\0\0\0\0\223\0\0\0\0\0\0\0\1\0\0\0\0\0\0\0\0\0\0\0\1\0\0\0\377\377\377\377\377\377\377\377\0\0\0\0\0\0\0\0`\0\0\0\0\0\0\0\0\0\0\0\0\0\0\0\0\0\0\0\0\0\0\0`\0\0\0X\0\0\08\0\0\0\3\0\0\0\0\0\0\0\20Y/V\0\0\0\0\21\335A9\0\0\0\0\0\0\0\0\30\0\0\0\0\0\0\0\0\0\0\0\0\0\0\0\0\0\0\0\0\0\0\0\20\0\0\0\0\0\0\0\10\0\0\0\0\0\0\0\20\0\0\0\0\0\0\0\0\0\0\0\0\0\0\0", 208, MSG_NOSIGNAL, NULL, 0 <unfinished ...>
10703 <... openat resumed>)             = 23
10659 recvmsg(34,  <unfinished ...>
10704 <... sendto resumed>)             = 208
10659 <... recvmsg resumed>{msg_name=NULL, msg_namelen=0, msg_iov=[{iov_base="\20\0\0\0H\1\0\0007DKs\0\0\0\0\30\0\24\0\0\0\0\0-\0\0\0\0\0\0\0\0\0\0\0\0\0\0\0H\0\0\0\0\0\0\0\223\0\0\0\0\0\0\0\0\0\0\0\0\0\0\0\0\0\0\0\1\0\0\0\0\0\0\0\0\0\0\0\0y\1\0\0\1\0\0\0\0\0\0`\0\0\0p\0\0\0\0\0\0\0\0\0\0\0\0\0\0\0\20\0\0\0\2\0\0\0\0\0\0\0\0\0\0\0\310\0\0\0\2\0\0\0\0\0\0\0\0\0\0\0\233\0\0\0\0\0\0\0\0\0\0\0\0\0\0\0@\24\0\0@\0\0\0\234\0\0\0\0\0\0\0\0\0\0\0\0\0\0\0\0\0\0\0\0\0\0\0\0\0\0\0\0\0\0\0\2\0\0\0\0\0\0\0\0\0\0\0\0\0\0\0\0\0\0\0\0\0\0\0\0\0\0\0\0\0\0\0\0\0\0\0\0\0\0\0\235\0\0\0\0\0\0\0\0\0\0\0\0\0\0\0"..., iov_len=4096}], msg_iovlen=1, msg_controllen=0, msg_flags=0}, MSG_DONTWAIT) = 536
10634 sendto(41, "\20\0\0\0@\0\0\0>EKs\0\0\0\0\30\0\26\0\0\0\0\0/\0\0\0\0\0\0\0\0\0\0\0\0\0\0\0\30\0\0\0\0\0\0\0\37\0\0\0\0\0\0\0\0\0\0\0\0\0\0\0", 64, MSG_NOSIGNAL, NULL, 0) = 64
10692 recvmsg(14,  <unfinished ...>
10704 recvmsg(5,  <unfinished ...>
10634 sendto(41, "\20\0\0\0@\0\0\0\vFKs\0\0\0\0\30\0\26\0\0\0\0\0000\0\0\0\0\0\0\0\0\0\0\0\0\0\0\0\30\0\0\0\0\0\0\0*\0\0\0\0\0\0\0\0\0\0\0\0\0\0\0", 64, MSG_NOSIGNAL, NULL, 0 <unfinished ...>
10704 <... recvmsg resumed>{msg_name=NULL, msg_namelen=0, msg_iov=[{iov_base="\20\0\0\08\1\0\0sCKs\0\0\0\0\30\0\24\0\0\0\0\0@\0\0\0\0\0\0\0\0\0\0\0\0\0\0\0H\0\0\0\0\0\0\0\212\0\0\0\0\0\0\0\0\0\0\0\0\0\0\0\0\0\0\0\1\0\0\0\377\377\377\377\377\377\377\377\0\0\0\0\0\0\0\0`\0\0\0\260\0\0\0\300\0\0\0\0\0\0\0\0\0\0\0\0\0\0\0P\0\0\0H\0\0\08\0\0\0\3\0\0\0\0\0\0\0\363U\264H\0\0\0\0\265).\304\0\0\0\0\0\0\0\0\30\0\0\0\0\0\0\0\0\0\0\0\0\0\0\0\0\0\0\0\0\0\0\0\20\0\0\0\0\0\0\0\0\0\0\0\0\0\0\0\20\0\0\0\1\0\0\0\0\0\0\0\0\0\0\0h\0\0\0\1\0\0\0\0\0\0\0\0\0\0\0\227\0\0\0\0\0\0\0\0\0\0\0\0\0\0\0\300\23\0\0@\0\0\0\230\0\0\0\0\0\0\0"..., iov_len=4096}], msg_iovlen=1, msg_controllen=0, msg_flags=0}, MSG_DONTWAIT) = 2352
10692 <... recvmsg resumed>{msg_name=NULL, msg_namelen=0, msg_iov=[{iov_base="\20\0\0\0@\0\0\0>EKs\0\0\0\0\30\0\26\0\0\0\0\0/\0\0\0\0\0\0\0\0\0\0\0\0\0\0\0\30\0\0\0\0\0\0\0\37\0\0\0\0\0\0\0\0\0\0\0\0\0\0\0", iov_len=4096}], msg_iovlen=1, msg_controllen=0, msg_flags=0}, MSG_DONTWAIT) = 64
10634 <... sendto resumed>)             = 64
10692 recvmsg(14, {msg_name=NULL, msg_namelen=0, msg_iov=[{iov_base="\20\0\0\0@\0\0\0\vFKs\0\0\0\0\30\0\26\0\0\0\0\0000\0\0\0\0\0\0\0\0\0\0\0\0\0\0\0\30\0\0\0\0\0\0\0*\0\0\0\0\0\0\0\0\0\0\0\0\0\0\0", iov_len=4096}], msg_iovlen=1, msg_controllen=0, msg_flags=0}, MSG_DONTWAIT) = 64
10704 socket(AF_INET, SOCK_DGRAM, IPPROTO_IP) = 24
10704 bind(24, {sa_family=AF_INET, sin_port=htons(47532), sin_addr=inet_addr("0.0.0.0")}, 16) = 0
10703 openat(AT_FDCWD, "/tmp/playwright_chromiumdev_profile-Lvy8gD/Default", O_RDONLY|O_CLOEXEC <unfinished ...>
10704 connect(24, {sa_family=AF_INET, sin_port=htons(53), sin_addr=inet_addr("127.0.0.53")}, 16 <unfinished ...>
10703 <... openat resumed>)             = 25
10704 <... connect resumed>)            = 0
10704 getsockname(24, {sa_family=AF_INET, sin_port=htons(47532), sin_addr=inet_addr("127.0.0.1")}, [128 => 16]) = 0
10704 sendto(24, "4\236\1\0\0\1\0\0\0\0\0\0\3www\7gstatic\3com\0\0A\0\1", 33, 0, NULL, 0) = 33
10704 recvmsg(24, {msg_namelen=128}, 0) = -1 ECONNREFUSED (Connection refused)
10704 socket(AF_INET, SOCK_DGRAM, IPPROTO_IP) = 26
10704 bind(26, {sa_family=AF_INET, sin_port=htons(38018), sin_addr=inet_addr("0.0.0.0")}, 16) = 0
10704 connect(26, {sa_family=AF_INET, sin_port=htons(53), sin_addr=inet_addr("127.0.0.53")}, 16) = 0
10704 getsockname(26, {sa_family=AF_INET, sin_port=htons(38018), sin_addr=inet_addr("127.0.0.1")}, [128 => 16]) = 0
10704 sendto(26, "\346\20\1\0\0\1\0\0\0\0\0\0\3www\7gstatic\3com\0\0A\0\1", 33, 0, NULL, 0) = 33
10704 recvmsg(26, {msg_namelen=128}, 0) = -1 ECONNREFUSED (Connection refused)
10704 socket(AF_INET, SOCK_DGRAM, IPPROTO_IP) = 25
10704 bind(25, {sa_family=AF_INET, sin_port=htons(3481), sin_addr=inet_addr("0.0.0.0")}, 16) = 0
10704 connect(25, {sa_family=AF_INET, sin_port=htons(53), sin_addr=inet_addr("127.0.0.53")}, 16) = 0
10704 getsockname(25, {sa_family=AF_INET, sin_port=htons(3481), sin_addr=inet_addr("127.0.0.1")}, [128 => 16]) = 0
10704 sendto(25, "\246\177\1\0\0\1\0\0\0\0\0\0\3www\7gstatic\3com\0\0\1\0\1", 33, 0, NULL, 0) = 33
10704 recvmsg(25, {msg_namelen=128}, 0) = -1 ECONNREFUSED (Connection refused)
10704 socket(AF_INET, SOCK_DGRAM, IPPROTO_IP) = 27
10704 bind(27, {sa_family=AF_INET, sin_port=htons(3864), sin_addr=inet_addr("0.0.0.0")}, 16) = 0
10704 connect(27, {sa_family=AF_INET, sin_port=htons(53), sin_addr=inet_addr("127.0.0.53")}, 16) = 0
10704 getsockname(27, {sa_family=AF_INET, sin_port=htons(3864), sin_addr=inet_addr("127.0.0.1")}, [128 => 16]) = 0
10704 sendto(27, "\362'\1\0\0\1\0\0\0\0\0\0\3www\7gstatic\3com\0\0\1\0\1", 33, 0, NULL, 0) = 33
10704 recvmsg(27, {msg_namelen=128}, 0) = -1 ECONNREFUSED (Connection refused)
10704 sendto(5, "\20\0\0\0\350\0\0\0ETKs\0\0\0\0\30\0\24\0\0\0\0\0/\0\0\0\0\0\0\0\0\0\0\0\0\0\0\0H\0\0\0\0\0\0\0\23\0\0\0\0\0\0\0\3\0\0\0\0\0\0\0\0\0\0\0\1\0\0\0\377\377\377\377\377\377\377\377\0\0\0\0\0\0\0\0`\0\0\0\0\0\0\0\0\0\0\0\0\0\0\0\0\0\0\0\0\0\0\0x\0\0\0p\0\0\08\0\0\0\3\0\0\0\0\0\0\0\\\1g\r\1\0\0\0\20\335A9\4\0\0\0\0\0\0\0\30\0\0\0\0\0\0\0\0\0\0\0\0\0\0\0\0\0\0\0\0\0\0\0 \0\0\0\0\0\0\0\30\0\0\0\0\0\0\0\1\0\0\0\6\0\0\0\377\377\377\377\377\377\377\377\27\0\0\0\17\0\0\0www.gstatic.com\0", 232, MSG_NOSIGNAL, NULL, 0) = 232
10659 recvmsg(34, {msg_name=NULL, msg_namelen=0, msg_iov=[{iov_base="\20\0\0\0\350\0\0\0ETKs\0\0\0\0\30\0\24\0\0\0\0\0/\0\0\0\0\0\0\0\0\0\0\0\0\0\0\0H\0\0\0\0\0\0\0\23\0\0\0\0\0\0\0\3\0\0\0\0\0\0\0\0\0\0\0\1\0\0\0\377\377\377\377\377\377\377\377\0\0\0\0\0\0\0\0`\0\0\0\0\0\0\0\0\0\0\0\0\0\0\0\0\0\0\0\0\0\0\0x\0\0\0p\0\0\08\0\0\0\3\0\0\0\0\0\0\0\\\1g\r\1\0\0\0\20\335A9\4\0\0\0\0\0\0\0\30\0\0\0\0\0\0\0\0\0\0\0\0\0\0\0\0\0\0\0\0\0\0\0 \0\0\0\0\0\0\0\30\0\0\0\0\0\0\0\1\0\0\0\6\0\0\0\377\377\377\377\377\377\377\377\27\0\0\0\17\0\0\0www.gstatic.com\0", iov_len=4096}], msg_iovlen=1, msg_controllen=0, msg_flags=0}, MSG_DONTWAIT) = 232
10634 sendto(34, "\20\0\0\0@\0\0\0?UKs\0\0\0\0\30\0\26\0\0\0\0\0C\0\0\0\0\0\0\0\0\0\0\0\0\0\0\0\30\0\0\0\0\0\0\0,\0\0\0\0\0\0\0\0\0\0\0\0\0\0\0", 64, MSG_NOSIGNAL, NULL, 0) = 64
10704 recvmsg(5,  <unfinished ...>
10634 sendto(34, "\20\0\0\0@\0\0\0\214UKs\0\0\0\0\30\0\26\0\0\0\0\0D\0\0\0\0\0\0\0\0\0\0\0\0\0\0\0\30\0\0\0\0\0\0\0007\0\0\0\0\0\0\0\0\0\0\0\0\0\0\0", 64, MSG_NOSIGNAL, NULL, 0 <unfinished ...>
10704 <... recvmsg resumed>{msg_name=NULL, msg_namelen=0, msg_iov=[{iov_base="\20\0\0\0@\0\0\0?UKs\0\0\0\0\30\0\26\0\0\0\0\0C\0\0\0\0\0\0\0\0\0\0\0\0\0\0\0\30\0\0\0\0\0\0\0,\0\0\0\0\0\0\0\0\0\0\0\0\0\0\0", iov_len=4096}], msg_iovlen=1, msg_controllen=0, msg_flags=0}, MSG_DONTWAIT) = 64
10634 <... sendto resumed>)             = 64
10704 recvmsg(5, {msg_name=NULL, msg_namelen=0, msg_iov=[{iov_base="\20\0\0\0@\0\0\0\214UKs\0\0\0\0\30\0\26\0\0\0\0\0D\0\0\0\0\0\0\0\0\0\0\0\0\0\0\0\30\0\0\0\0\0\0\0007\0\0\0\0\0\0\0\0\0\0\0\0\0\0\0", iov_len=4096}], msg_iovlen=1, msg_controllen=0, msg_flags=0}, MSG_DONTWAIT) = 64
10655 openat(AT_FDCWD, "/etc/hosts", O_RDONLY|O_CLOEXEC) = 50
10655 socket(AF_INET, SOCK_DGRAM|SOCK_CLOEXEC|SOCK_NONBLOCK, IPPROTO_IP) = 50
10655 setsockopt(50, SOL_IP, IP_RECVERR, [1], 4) = 0
10655 connect(50, {sa_family=AF_INET, sin_port=htons(53), sin_addr=inet_addr("127.0.0.53")}, 16) = 0
10655 sendto(50, "\2564\1 \0\1\0\0\0\0\0\1\3www\7gstatic\3com\0\0\1\0\1\0\0)\4\260\0\0\0\0\0\0", 44, MSG_NOSIGNAL, NULL, 0 <unfinished ...>
10634 openat(AT_FDCWD, "/tmp/.com.google.Chrome.lIK6kj", O_RDWR|O_CREAT|O_EXCL, 0600) = 93
10655 <... sendto resumed>)             = 44
10634 openat(AT_FDCWD, "/tmp/.com.google.Chrome.lIK6kj", O_RDONLY) = 95
10655 socket(AF_INET, SOCK_DGRAM|SOCK_CLOEXEC|SOCK_NONBLOCK, IPPROTO_IP) = 50
10655 setsockopt(50, SOL_IP, IP_RECVERR, [1], 4) = 0
10655 connect(50, {sa_family=AF_INET, sin_port=htons(53), sin_addr=inet_addr("127.0.0.53")}, 16) = 0
10655 sendto(50, "\2564\1 \0\1\0\0\0\0\0\1\3www\7gstatic\3com\0\0\1\0\1\0\0)\4\260\0\0\0\0\0\0", 44, MSG_NOSIGNAL, NULL, 0) = 44
10655 socket(AF_INET, SOCK_DGRAM|SOCK_CLOEXEC|SOCK_NONBLOCK, IPPROTO_IP) = 50
10655 setsockopt(50, SOL_IP, IP_RECVERR, [1], 4 <unfinished ...>
10623 openat(AT_FDCWD, "/tmp/deckrender-local-5uloqZ/office2html/slides/0000.html", O_RDONLY|O_CLOEXEC <unfinished ...>
10655 <... setsockopt resumed>)         = 0
10623 <... openat resumed>)             = 22
10655 connect(50, {sa_family=AF_INET, sin_port=htons(53), sin_addr=inet_addr("127.0.0.53")}, 16) = 0
10655 sendto(50, "\n\310\1 \0\1\0\0\0\0\0\1\3www\7gstatic\3com\0320auhaxe53pruloeser5wrueatf\2bx\10internal\10cloudapp\3net\0\0\1\0\1\0\0)\4\260\0\0\0\0\0\0", 96, MSG_NOSIGNAL, NULL, 0 <unfinished ...>
10634 sendmsg(36, {msg_name=NULL, msg_namelen=0, msg_iov=[{iov_base="\20\0\2\0\370\0\0\0\301^Ks\0\0\0\0\30\0\24\0\0\0\0\0\33\0\0\0\0\0\0\0p\0\0\0\0\0\0\0H\0\0\0\0\0\0\0*\0\0\0\0\0\0\0\0\0\0\0\0\0\0\0\0\0\0\0\1\0\0\0\0\0\0\0\0\0\0\0\0{\1\0\0\1\0\0\0\0\0\0`\0\0\0\0\0\0\0\0\0\0\0\0\0\0\0\2\0\0\0\20\0\0\0\2\0\0\0\1\0\0\0\1\0\0\0\30\0\0\0\2\0\0\0\210\0\0\0\0\0\1\0\270\0\0\0\1\0\1\0000\0\0\0(\0\0\0\10\0\0\0\1\0\0\0 \0\0\0\10\0\0\0\0\0\0\0\0\0\0\0\244@\263\252\336\n\201\36\32%14\240\256q\2420\0\0\0(\0\0\0\10\0\0\0\1\0\0\0 \0\0\0\10\0\0\0\0\0\0\0\0\0\0\0\2101-1\26\341\231\21\211\316]\335R\210x9", iov_len=248}], msg_iovlen=1, msg_control=[{cmsg_len=24, cmsg_level=SOL_SOCKET, cmsg_type=SCM_RIGHTS, cmsg_data=[91, 93]}], msg_controllen=24, msg_flags=0}, MSG_NOSIGNAL <unfinished ...>
10655 <... sendto resumed>)             = 96
10634 <... sendmsg resumed>)            = 248
10683 recvmsg(14, {msg_name=NULL, msg_namelen=0, msg_iov=[{iov_base="\20\0\2\0\370\0\0\0\301^Ks\0\0\0\0\30\0\24\0\0\0\0\0\33\0\0\0\0\0\0\0p\0\0\0\0\0\0\0H\0\0\0\0\0\0\0*\0\0\0\0\0\0\0\0\0\0\0\0\0\0\0\0\0\0\0\1\0\0\0\0\0\0\0\0\0\0\0\0{\1\0\0\1\0\0\0\0\0\0`\0\0\0\0\0\0\0\0\0\0\0\0\0\0\0\2\0\0\0\20\0\0\0\2\0\0\0\1\0\0\0\1\0\0\0\30\0\0\0\2\0\0\0\210\0\0\0\0\0\1\0\270\0\0\0\1\0\1\0000\0\0\0(\0\0\0\10\0\0\0\1\0\0\0 \0\0\0\10\0\0\0\0\0\0\0\0\0\0\0\244@\263\252\336\n\201\36\32%14\240\256q\2420\0\0\0(\0\0\0\10\0\0\0\1\0\0\0 \0\0\0\10\0\0\0\0\0\0\0\0\0\0\0\2101-1\26\341\231\21\211\316]\335R\210x9", iov_len=4096}], msg_iovlen=1, msg_control=[{cmsg_len=24, cmsg_level=SOL_SOCKET, cmsg_type=SCM_RIGHTS, cmsg_data=[26, 27]}], msg_controllen=24, msg_flags=0}, MSG_DONTWAIT) = 248
10703 openat(AT_FDCWD, "/tmp/playwright_chromiumdev_profile-Lvy8gD/Default/Reporting and NEL-journal", O_RDWR|O_CREAT|O_NOFOLLOW|O_CLOEXEC, 0600 <unfinished ...>
10655 socket(AF_INET, SOCK_DGRAM|SOCK_CLOEXEC|SOCK_NONBLOCK, IPPROTO_IP <unfinished ...>
10703 <... openat resumed>)             = 23
10655 <... socket resumed>)             = 50
10655 setsockopt(50, SOL_IP, IP_RECVERR, [1], 4) = 0
10655 connect(50, {sa_family=AF_INET, sin_port=htons(53), sin_addr=inet_addr("127.0.0.53")}, 16 <unfinished ...>
10668 openat(AT_FDCWD, "/proc/10671/task", O_RDONLY|O_DIRECTORY <unfinished ...>
10655 <... connect resumed>)            = 0
10668 <... openat resumed>)             = 91
10655 sendto(50, "\n\310\1 \0\1\0\0\0\0\0\1\3www\7gstatic\3com\0320auhaxe53pruloeser5wrueatf\2bx\10internal\10cloudapp\3net\0\0\1\0\1\0\0)\4\260\0\0\0\0\0\0", 96, MSG_NOSIGNAL, NULL, 0) = 96
10668 openat(AT_FDCWD, "/proc/10671/task/10671/status", O_RDONLY|O_CLOEXEC) = 91
10655 sendto(34, "\20\0\0\0\360\0\0\0{cKs\0\0\0\0\30\0\24\0\0\0\0\0E\0\0\0\0\0\0\0\0\0\0\0\0\0\0\0H\0\0\0\0\0\0\0\23\0\0\0\0\0\0\0\3\0\0\0\0\0\0\0\0\0\0\0\1\0\0\0\377\377\377\377\377\377\377\377\0\0\0\0\0\0\0\0`\0\0\0\0\0\0\0\0\0\0\0\0\0\0\0\0\0\0\0\0\0\0\0\200\0\0\0x\0\0\08\0\0\0\3\0\0\0\0\0\0\0\\\1g\r\2\0\0\0\20\335A9\4\0\0\0\0\0\0\0\30\0\0\0\0\0\0\0\0\0\0\0\0\0\0\0\0\0\0\0\0\0\0\0\30\0\0\0\0\0\0\0\20\0\0\0\0\0\0\0\375\377\377\377\226\377\377\377\30\0\0\0\0\0\0\0\20\0\0\0\0\0\0\0\20\0\0\0\0\0\0\0\10\0\0\0\0\0\0\0\10\0\0\0\0\0\0\0", 240, MSG_NOSIGNAL, NULL, 0) = 240
10704 recvmsg(5, {msg_name=NULL, msg_namelen=0, msg_iov=[{iov_base="\20\0\0\0\360\0\0\0{cKs\0\0\0\0\30\0\24\0\0\0\0\0E\0\0\0\0\0\0\0\0\0\0\0\0\0\0\0H\0\0\0\0\0\0\0\23\0\0\0\0\0\0\0\3\0\0\0\0\0\0\0\0\0\0\0\1\0\0\0\377\377\377\377\377\377\377\377\0\0\0\0\0\0\0\0`\0\0\0\0\0\0\0\0\0\0\0\0\0\0\0\0\0\0\0\0\0\0\0\200\0\0\0x\0\0\08\0\0\0\3\0\0\0\0\0\0\0\\\1g\r\2\0\0\0\20\335A9\4\0\0\0\0\0\0\0\30\0\0\0\0\0\0\0\0\0\0\0\0\0\0\0\0\0\0\0\0\0\0\0\30\0\0\0\0\0\0\0\20\0\0\0\0\0\0\0\375\377\377\377\226\377\377\377\30\0\0\0\0\0\0\0\20\0\0\0\0\0\0\0\20\0\0\0\0\0\0\0\10\0\0\0\0\0\0\0\10\0\0\0\0\0\0\0", iov_len=4096}], msg_iovlen=1, msg_controllen=0, msg_flags=0}, MSG_DONTWAIT) = 240
10704 socket(AF_INET, SOCK_DGRAM, IPPROTO_IP) = 24
10703 openat(AT_FDCWD, "/tmp/playwright_chromiumdev_profile-Lvy8gD/Default", O_RDONLY|O_CLOEXEC) = 25
10668 openat(AT_FDCWD, "/proc/10671/task", O_RDONLY|O_DIRECTORY) = 50
10704 bind(24, {sa_family=AF_INET, sin_port=htons(53333), sin_addr=inet_addr("0.0.0.0")}, 16) = 0
10704 connect(24, {sa_family=AF_INET, sin_port=htons(53), sin_addr=inet_addr("127.0.0.53")}, 16) = 0
10704 getsockname(24, {sa_family=AF_INET, sin_port=htons(53333), sin_addr=inet_addr("127.0.0.1")}, [128 => 16]) = 0
10668 openat(AT_FDCWD, "/proc/10671/task/10671/status", O_RDONLY|O_CLOEXEC <unfinished ...>
10704 sendto(24, "\345\323\1\0\0\1\0\0\0\0\0\0\3www\7gstatic\3com\0\0A\0\1", 33, 0, NULL, 0 <unfinished ...>
10668 <... openat resumed>)             = 50
10704 <... sendto resumed>)             = 33
10704 recvmsg(24, {msg_namelen=128}, 0) = -1 ECONNREFUSED (Connection refused)
10704 socket(AF_INET, SOCK_DGRAM, IPPROTO_IP) = 26
10704 bind(26, {sa_family=AF_INET, sin_port=htons(32820), sin_addr=inet_addr("0.0.0.0")}, 16) = 0
10704 connect(26, {sa_family=AF_INET, sin_port=htons(53), sin_addr=inet_addr("127.0.0.53")}, 16) = 0
10704 getsockname(26, {sa_family=AF_INET, sin_port=htons(32820), sin_addr=inet_addr("127.0.0.1")}, [128 => 16]) = 0
10704 sendto(26, "#&\1\0\0\1\0\0\0\0\0\0\3www\7gstatic\3com\0\0A\0\1", 33, 0, NULL, 0) = 33
10704 recvmsg(26, {msg_namelen=128}, 0) = -1 ECONNREFUSED (Connection refused)
10704 socket(AF_INET, SOCK_DGRAM, IPPROTO_IP) = 25
10668 openat(AT_FDCWD, "/proc/10671/task/10673/status", O_RDONLY|O_CLOEXEC <unfinished ...>
10623 openat(AT_FDCWD, "/tmp/deckrender-local-5uloqZ/office2html/index.html", O_RDONLY|O_CLOEXEC <unfinished ...>
10668 <... openat resumed>)             = 50
10634 sendto(34, "\20\0\0\0p\0\0\0khKs\0\0\0\0\30\0\24\0\0\0\0\0F\0\0\0\0\0\0\0\0\0\0\0\0\0\0\0H\0\0\0\0\0\0\0g\0\0\0\0\0\0\0\0\0\0\0\0\0\0\0\0\0\0\0\1\0\0\0\0\0\0\0\0\0\0\0\0~\1\0\0\1\0\0\0\0\0\0\0\0\0\0\0\0\0\0\0\0\0\0\0\0\0\0\0\0\0\0", 112, MSG_NOSIGNAL, NULL, 0 <unfinished ...>
10623 <... openat resumed>)             = 22
10634 <... sendto resumed>)             = 112
10704 bind(25, {sa_family=AF_INET, sin_port=htons(9310), sin_addr=inet_addr("0.0.0.0")}, 16) = 0
10704 connect(25, {sa_family=AF_INET, sin_port=htons(53), sin_addr=inet_addr("127.0.0.53")}, 16) = 0
10704 getsockname(25, {sa_family=AF_INET, sin_port=htons(9310), sin_addr=inet_addr("127.0.0.1")}, [128 => 16]) = 0
10704 sendto(25, "IM\1\0\0\1\0\0\0\0\0\0\3www\7gstatic\3com\0\0\1\0\1", 33, 0, NULL, 0) = 33
10704 recvmsg(25, {msg_namelen=128}, 0) = -1 ECONNREFUSED (Connection refused)
10704 socket(AF_INET, SOCK_DGRAM, IPPROTO_IP <unfinished ...>
10668 openat(AT_FDCWD, "/proc/10671/task/10674/status", O_RDONLY|O_CLOEXEC <unfinished ...>
10704 <... socket resumed>)             = 27
10668 <... openat resumed>)             = 50
10704 bind(27, {sa_family=AF_INET, sin_port=htons(26812), sin_addr=inet_addr("0.0.0.0")}, 16) = 0
10704 connect(27, {sa_family=AF_INET, sin_port=htons(53), sin_addr=inet_addr("127.0.0.53")}, 16) = 0
10704 getsockname(27, {sa_family=AF_INET, sin_port=htons(26812), sin_addr=inet_addr("127.0.0.1")}, [128 => 16]) = 0
10704 sendto(27, "w\265\1\0\0\1\0\0\0\0\0\0\3www\7gstatic\3com\0\0\1\0\1", 33, 0, NULL, 0) = 33
10704 recvmsg(27,  <unfinished ...>
10668 openat(AT_FDCWD, "/proc/10671/task/10675/status", O_RDONLY|O_CLOEXEC <unfinished ...>
10704 <... recvmsg resumed>{msg_namelen=128}, 0) = -1 ECONNREFUSED (Connection refused)
10668 <... openat resumed>)             = 50
10704 recvmsg(5, {msg_name=NULL, msg_namelen=0, msg_iov=[{iov_base="\20\0\0\0p\0\0\0khKs\0\0\0\0\30\0\24\0\0\0\0\0F\0\0\0\0\0\0\0\0\0\0\0\0\0\0\0H\0\0\0\0\0\0\0g\0\0\0\0\0\0\0\0\0\0\0\0\0\0\0\0\0\0\0\1\0\0\0\0\0\0\0\0\0\0\0\0~\1\0\0\1\0\0\0\0\0\0\0\0\0\0\0\0\0\0\0\0\0\0\0\0\0\0\0\0\0\0", iov_len=4096}], msg_iovlen=1, msg_controllen=0, msg_flags=0}, MSG_DONTWAIT) = 112
10704 sendto(5, "\20\0\0\0p\0\0\0\200mKs\0\0\0\0\30\0\24\0\0\0\0\0000\0\0\0\0\0\0\0\0\0\0\0\0\0\0\0H\0\0\0\0\0\0\0\23\0\0\0\0\0\0\0\4\0\0\0\0\0\0\0\0\0\0\0\1\0\0\0\0\0\0\0\0\0\0\0\0~\1\0\0\1\0\0\0\0\0\0\0\0\0\0\0\0\0\0\0\0\0\0\0\0\0\0\0\0\0\0", 112, MSG_NOSIGNAL, NULL, 0) = 112
10668 openat(AT_FDCWD, "/proc/10671/task/10676/status", O_RDONLY|O_CLOEXEC <unfinished ...>
10659 recvmsg(34,  <unfinished ...>
10668 <... openat resumed>)             = 50
10659 <... recvmsg resumed>{msg_name=NULL, msg_namelen=0, msg_iov=[{iov_base="\20\0\0\0p\0\0\0\200mKs\0\0\0\0\30\0\24\0\0\0\0\0000\0\0\0\0\0\0\0\0\0\0\0\0\0\0\0H\0\0\0\0\0\0\0\23\0\0\0\0\0\0\0\4\0\0\0\0\0\0\0\0\0\0\0\1\0\0\0\0\0\0\0\0\0\0\0\0~\1\0\0\1\0\0\0\0\0\0\0\0\0\0\0\0\0\0\0\0\0\0\0\0\0\0\0\0\0\0", iov_len=4096}], msg_iovlen=1, msg_controllen=0, msg_flags=0}, MSG_DONTWAIT) = 112
10668 openat(AT_FDCWD, "/proc/10671/task/10677/status", O_RDONLY|O_CLOEXEC <unfinished ...>
10654 openat(AT_FDCWD, "/etc/hosts", O_RDONLY|O_CLOEXEC <unfinished ...>
10668 <... openat resumed>)             = 50
10654 <... openat resumed>)             = 91
10668 openat(AT_FDCWD, "/proc/10671/task/10678/status", O_RDONLY|O_CLOEXEC) = 50
10654 socket(AF_INET, SOCK_DGRAM|SOCK_CLOEXEC|SOCK_NONBLOCK, IPPROTO_IP) = 91
10654 setsockopt(91, SOL_IP, IP_RECVERR, [1], 4) = 0
10654 connect(91, {sa_family=AF_INET, sin_port=htons(53), sin_addr=inet_addr("127.0.0.53")}, 16) = 0
10668 openat(AT_FDCWD, "/proc/10671/task/10679/status", O_RDONLY|O_CLOEXEC) = 50
10654 sendto(91, "6\366\1 \0\1\0\0\0\0\0\1\3www\7gstatic\3com\0\0\1\0\1\0\0)\4\260\0\0\0\0\0\0", 44, MSG_NOSIGNAL, NULL, 0) = 44
10703 openat(AT_FDCWD, "/tmp/playwright_chromiumdev_profile-Lvy8gD/Default/Reporting and NEL-journal", O_RDWR|O_CREAT|O_NOFOLLOW|O_CLOEXEC, 0600) = 23
10668 openat(AT_FDCWD, "/proc/10671/task/10680/status", O_RDONLY|O_CLOEXEC <unfinished ...>
10654 socket(AF_INET, SOCK_DGRAM|SOCK_CLOEXEC|SOCK_NONBLOCK, IPPROTO_IP <unfinished ...>
10668 <... openat resumed>)             = 50
10654 <... socket resumed>)             = 91
10654 setsockopt(91, SOL_IP, IP_RECVERR, [1], 4) = 0
10654 connect(91, {sa_family=AF_INET, sin_port=htons(53), sin_addr=inet_addr("127.0.0.53")}, 16) = 0
10654 sendto(91, "6\366\1 \0\1\0\0\0\0\0\1\3www\7gstatic\3com\0\0\1\0\1\0\0)\4\260\0\0\0\0\0\0", 44, MSG_NOSIGNAL, NULL, 0) = 44
10668 openat(AT_FDCWD, "/proc/10671/task", O_RDONLY|O_DIRECTORY) = 50
10654 socket(AF_INET, SOCK_DGRAM|SOCK_CLOEXEC|SOCK_NONBLOCK, IPPROTO_IP) = 91
10654 setsockopt(91, SOL_IP, IP_RECVERR, [1], 4) = 0
10668 openat(AT_FDCWD, "/proc/10671/task/10671/status", O_RDONLY|O_CLOEXEC <unfinished ...>
10654 connect(91, {sa_family=AF_INET, sin_port=htons(53), sin_addr=inet_addr("127.0.0.53")}, 16 <unfinished ...>
10668 <... openat resumed>)             = 50
10654 <... connect resumed>)            = 0
10703 openat(AT_FDCWD, "/tmp/playwright_chromiumdev_profile-Lvy8gD/Default", O_RDONLY|O_CLOEXEC) = 24
10654 sendto(91, "\312\354\1 \0\1\0\0\0\0\0\1\3www\7gstatic\3com\0320auhaxe53pruloeser5wrueatf\2bx\10internal\10cloudapp\3net\0\0\1\0\1\0\0)\4\260\0\0\0\0\0\0", 96, MSG_NOSIGNAL, NULL, 0) = 96
10654 socket(AF_INET, SOCK_DGRAM|SOCK_CLOEXEC|SOCK_NONBLOCK, IPPROTO_IP <unfinished ...>
10668 openat(AT_FDCWD, "/proc/10671/task/10673/status", O_RDONLY|O_CLOEXEC) = 50
10654 <... socket resumed>)             = 91
10654 setsockopt(91, SOL_IP, IP_RECVERR, [1], 4) = 0
10654 connect(91, {sa_family=AF_INET, sin_port=htons(53), sin_addr=inet_addr("127.0.0.53")}, 16) = 0
10654 sendto(91, "\312\354\1 \0\1\0\0\0\0\0\1\3www\7gstatic\3com\0320auhaxe53pruloeser5wrueatf\2bx\10internal\10cloudapp\3net\0\0\1\0\1\0\0)\4\260\0\0\0\0\0\0", 96, MSG_NOSIGNAL, NULL, 0) = 96
10668 openat(AT_FDCWD, "/proc/10671/task/10674/status", O_RDONLY|O_CLOEXEC) = 50
10654 sendto(34, "\20\0\0\0p\0\0\0001{Ks\0\0\0\0\30\0\24\0\0\0\0\0G\0\0\0\0\0\0\0\0\0\0\0\0\0\0\0H\0\0\0\0\0\0\0\23\0\0\0\0\0\0\0\4\0\0\0\0\0\0\0\0\0\0\0\1\0\0\0\0\0\0\0\0\0\0\0\0~\1\0\0\1\0\0\0\0\0\0\0\0\0\0\0\0\0\0\0\0\0\0\0\0\0\0\0\0\0\0", 112, MSG_NOSIGNAL, NULL, 0) = 112
10704 recvmsg(5, {msg_name=NULL, msg_namelen=0, msg_iov=[{iov_base="\20\0\0\0p\0\0\0001{Ks\0\0\0\0\30\0\24\0\0\0\0\0G\0\0\0\0\0\0\0\0\0\0\0\0\0\0\0H\0\0\0\0\0\0\0\23\0\0\0\0\0\0\0\4\0\0\0\0\0\0\0\0\0\0\0\1\0\0\0\0\0\0\0\0\0\0\0\0~\1\0\0\1\0\0\0\0\0\0\0\0\0\0\0\0\0\0\0\0\0\0\0\0\0\0\0\0\0\0", iov_len=4096}], msg_iovlen=1, msg_controllen=0, msg_flags=0}, MSG_DONTWAIT) = 112
10704 sendto(5, "\20\0\0\0p\0\0\0\374{Ks\0\0\0\0\30\0\24\0\0\0\0\0001\0\0\0\0\0\0\0\0\0\0\0\0\0\0\0H\0\0\0\0\0\0\0\241\0\0\0\0\0\0\0\0\0\0\0\0\0\0\0\0\0\0\0\1\0\0\0\0\0\0\0\0\0\0\0\0z\1\0\0\1\0\0\0\0\0\0\0\0\0\0\0\0\0\0\0\0\0\0\0\0\0\0\0\0\0\0", 112, MSG_NOSIGNAL, NULL, 0) = 112
10704 sendto(5, "\20\0\0\0@\0\0\0H|Ks\0\0\0\0\30\0\26\0\0\0\0\0002\0\0\0\0\0\0\0\0\0\0\0\0\0\0\0\30\0\0\0\0\0\0\0\241\0\0\0\0\0\0\0\1\0\0\0\0\0\0\0", 64, MSG_NOSIGNAL, NULL, 0 <unfinished ...>
10659 recvmsg(34,  <unfinished ...>
10704 <... sendto resumed>)             = 64
10668 openat(AT_FDCWD, "/proc/10671/task/10675/status", O_RDONLY|O_CLOEXEC <unfinished ...>
10704 sendto(5, "\20\0\0\0@\0\0\0\212|Ks\0\0\0\0\30\0\26\0\0\0\0\0003\0\0\0\0\0\0\0\0\0\0\0\0\0\0\0\30\0\0\0\0\0\0\0\237\0\0\0\0\0\0\0\0\0\0\0\0\0\0\0", 64, MSG_NOSIGNAL, NULL, 0 <unfinished ...>
10659 <... recvmsg resumed>{msg_name=NULL, msg_namelen=0, msg_iov=[{iov_base="\20\0\0\0p\0\0\0\374{Ks\0\0\0\0\30\0\24\0\0\0\0\0001\0\0\0\0\0\0\0\0\0\0\0\0\0\0\0H\0\0\0\0\0\0\0\241\0\0\0\0\0\0\0\0\0\0\0\0\0\0\0\0\0\0\0\1\0\0\0\0\0\0\0\0\0\0\0\0z\1\0\0\1\0\0\0\0\0\0\0\0\0\0\0\0\0\0\0\0\0\0\0\0\0\0\0\0\0\0\20\0\0\0@\0\0\0H|Ks\0\0\0\0\30\0\26\0\0\0\0\0002\0\0\0\0\0\0\0\0\0\0\0\0\0\0\0\30\0\0\0\0\0\0\0\241\0\0\0\0\0\0\0\1\0\0\0\0\0\0\0", iov_len=4096}], msg_iovlen=1, msg_controllen=0, msg_flags=0}, MSG_DONTWAIT) = 176
10704 <... sendto resumed>)             = 64
10668 <... openat resumed>)             = 50
10659 recvmsg(34, {msg_name=NULL, msg_namelen=0, msg_iov=[{iov_base="\20\0\0\0@\0\0\0\212|Ks\0\0\0\0\30\0\26\0\0\0\0\0003\0\0\0\0\0\0\0\0\0\0\0\0\0\0\0\30\0\0\0\0\0\0\0\237\0\0\0\0\0\0\0\0\0\0\0\0\0\0\0", iov_len=4096}], msg_iovlen=1, msg_controllen=0, msg_flags=0}, MSG_DONTWAIT) = 64
10668 openat(AT_FDCWD, "/proc/10671/task/10676/status", O_RDONLY|O_CLOEXEC) = 50
10668 openat(AT_FDCWD, "/proc/10671/task/10677/status", O_RDONLY|O_CLOEXEC) = 50
10668 openat(AT_FDCWD, "/proc/10671/task/10678/status", O_RDONLY|O_CLOEXEC <unfinished ...>
10634 openat(AT_FDCWD, "/tmp/.com.google.Chrome.F43Zdd", O_RDWR|O_CREAT|O_EXCL, 0600 <unfinished ...>
10668 <... openat resumed>)             = 91
10634 <... openat resumed>)             = 93
10634 openat(AT_FDCWD, "/tmp/.com.google.Chrome.F43Zdd", O_RDONLY) = 96
10668 openat(AT_FDCWD, "/proc/10671/task/10679/status", O_RDONLY|O_CLOEXEC) = 91
10703 openat(AT_FDCWD, "/tmp/playwright_chromiumdev_profile-Lvy8gD/Default/Reporting and NEL-journal", O_RDWR|O_CREAT|O_NOFOLLOW|O_CLOEXEC, 0600) = 23
10668 openat(AT_FDCWD, "/proc/10671/task/10680/status", O_RDONLY|O_CLOEXEC) = 91
10634 sendmsg(41, {msg_name=NULL, msg_namelen=0, msg_iov=[{iov_base="\20\0\2\0\370\0\0\0\320\202Ks\0\0\0\0\30\0\24\0\0\0\0\0001\0\0\0\0\0\0\0p\0\0\0\0\0\0\0H\0\0\0\0\0\0\0\35\0\0\0\0\0\0\0\0\0\0\0\0\0\0\0\0\0\0\0\1\0\0\0\0\0\0\0\0\0\0\0\0~\1\0\0\1\0\0\0\0\0\0`\0\0\0\0\0\0\0\0\0\0\0\0\0\0\0\2\0\0\0\20\0\0\0\2\0\0\0\1\0\0\0\1\0\0\0\30\0\0\0\2\0\0\0\210\0\0\0\0\0\1\0\270\0\0\0\1\0\1\0000\0\0\0(\0\0\0\10\0\0\0\1\0\0\0 \0\0\0\10\0\0\0\0\0\0\0\0\0\0\0\244@\263\252\336\n\201\36\32%14\240\256q\2420\0\0\0(\0\0\0\10\0\0\0\1\0\0\0 \0\0\0\10\0\0\0\0\0\0\0\0\0\0\0\276\301\241\327R\6\35f\274\25\373\2456;J\322", iov_len=248}], msg_iovlen=1, msg_control=[{cmsg_len=24, cmsg_level=SOL_SOCKET, cmsg_type=SCM_RIGHTS, cmsg_data=[50, 93]}], msg_controllen=24, msg_flags=0}, MSG_NOSIGNAL) = 248
10692 recvmsg(14, {msg_name=NULL, msg_namelen=0, msg_iov=[{iov_base="\20\0\2\0\370\0\0\0\320\202Ks\0\0\0\0\30\0\24\0\0\0\0\0001\0\0\0\0\0\0\0p\0\0\0\0\0\0\0H\0\0\0\0\0\0\0\35\0\0\0\0\0\0\0\0\0\0\0\0\0\0\0\0\0\0\0\1\0\0\0\0\0\0\0\0\0\0\0\0~\1\0\0\1\0\0\0\0\0\0`\0\0\0\0\0\0\0\0\0\0\0\0\0\0\0\2\0\0\0\20\0\0\0\2\0\0\0\1\0\0\0\1\0\0\0\30\0\0\0\2\0\0\0\210\0\0\0\0\0\1\0\270\0\0\0\1\0\1\0000\0\0\0(\0\0\0\10\0\0\0\1\0\0\0 \0\0\0\10\0\0\0\0\0\0\0\0\0\0\0\244@\263\252\336\n\201\36\32%14\240\256q\2420\0\0\0(\0\0\0\10\0\0\0\1\0\0\0 \0\0\0\10\0\0\0\0\0\0\0\0\0\0\0\276\301\241\327R\6\35f\274\25\373\2456;J\322", iov_len=4096}], msg_iovlen=1, msg_control=[{cmsg_len=24, cmsg_level=SOL_SOCKET, cmsg_type=SCM_RIGHTS, cmsg_data=[25, 26]}], msg_controllen=24, msg_flags=0}, MSG_DONTWAIT) = 248
10668 openat(AT_FDCWD, "/proc/10671/task/10681/status", O_RDONLY|O_CLOEXEC) = 50
10634 sendto(34, "\20\0\0\0p\0\0\0w\204Ks\0\0\0\0\30\0\24\0\0\0\0\0H\0\0\0\0\0\0\0\0\0\0\0\0\0\0\0H\0\0\0\0\0\0\0[\0\0\0\0\0\0\0\r\0\0\0\0\0\0\0\0\0\0\0\1\0\0\0\0\0\0\0\0\0\0\0\0\230\1\0\0\4\0\0\0\0\0\0\0\0\0\0\0\0\0\0\0\0\0\0\0\0\0\0\0\0\0\0", 112, MSG_NOSIGNAL, NULL, 0) = 112
10704 recvmsg(5,  <unfinished ...>
10634 sendto(34, "\20\0\0\0p\0\0\0\327\204Ks\0\0\0\0\30\0\24\0\0\0\0\0I\0\0\0\0\0\0\0\0\0\0\0\0\0\0\0H\0\0\0\0\0\0\0[\0\0\0\0\0\0\0\16\0\0\0\0\0\0\0\0\0\0\0\1\0\0\0\0\0\0\0\0\0\0\0\0\224\1\0\0\4\0\0\0\0\0\0\0\0\0\0\0\0\0\0\0\0\0\0\0\0\0\0\0\0\0\0", 112, MSG_NOSIGNAL, NULL, 0 <unfinished ...>
10704 <... recvmsg resumed>{msg_name=NULL, msg_namelen=0, msg_iov=[{iov_base="\20\0\0\0p\0\0\0w\204Ks\0\0\0\0\30\0\24\0\0\0\0\0H\0\0\0\0\0\0\0\0\0\0\0\0\0\0\0H\0\0\0\0\0\0\0[\0\0\0\0\0\0\0\r\0\0\0\0\0\0\0\0\0\0\0\1\0\0\0\0\0\0\0\0\0\0\0\0\230\1\0\0\4\0\0\0\0\0\0\0\0\0\0\0\0\0\0\0\0\0\0\0\0\0\0\0\0\0\0", iov_len=4096}], msg_iovlen=1, msg_controllen=0, msg_flags=0}, MSG_DONTWAIT) = 112
10634 <... sendto resumed>)             = 112
10704 sendto(5, "\20\0\0\0p\0\0\0\34\205Ks\0\0\0\0\30\0\24\0\0\0\0\0004\0\0\0\0\0\0\0\0\0\0\0\0\0\0\0H\0\0\0\0\0\0\0[\0\0\0\0\0\0\0\7\0\0\0\0\0\0\0\0\0\0\0\1\0\0\0\0\0\0\0\0\0\0\0\0~\1\0\0\1\0\0\0\0\0\0\0\0\0\0\0\0\0\0\0\0\0\0\0\0\0\0\0\0\0\0", 112, MSG_NOSIGNAL, NULL, 0 <unfinished ...>
10634 sendto(34, "\20\0\0\0p\0\0\0007\205Ks\0\0\0\0\30\0\24\0\0\0\0\0J\0\0\0\0\0\0\0\0\0\0\0\0\0\0\0H\0\0\0\0\0\0\0[\0\0\0\0\0\0\0\17\0\0\0\0\0\0\0\0\0\0\0\1\0\0\0\0\0\0\0\0\0\0\0\0\234\1\0\0\4\0\0\0\0\0\0\0\0\0\0\0\0\0\0\0\0\0\0\0\0\0\0\0\0\0\0", 112, MSG_NOSIGNAL, NULL, 0 <unfinished ...>
10704 <... sendto resumed>)             = 112
10659 recvmsg(34,  <unfinished ...>
10634 <... sendto resumed>)             = 112
10703 openat(AT_FDCWD, "/tmp/playwright_chromiumdev_profile-Lvy8gD/Default", O_RDONLY|O_CLOEXEC <unfinished ...>
10659 <... recvmsg resumed>{msg_name=NULL, msg_namelen=0, msg_iov=[{iov_base="\20\0\0\0p\0\0\0\34\205Ks\0\0\0\0\30\0\24\0\0\0\0\0004\0\0\0\0\0\0\0\0\0\0\0\0\0\0\0H\0\0\0\0\0\0\0[\0\0\0\0\0\0\0\7\0\0\0\0\0\0\0\0\0\0\0\1\0\0\0\0\0\0\0\0\0\0\0\0~\1\0\0\1\0\0\0\0\0\0\0\0\0\0\0\0\0\0\0\0\0\0\0\0\0\0\0\0\0\0", iov_len=4096}], msg_iovlen=1, msg_controllen=0, msg_flags=0}, MSG_DONTWAIT) = 112
10704 recvmsg(5,  <unfinished ...>
10703 <... openat resumed>)             = 24
10634 sendto(34, "\20\0\0\0p\0\0\0\240\205Ks\0\0\0\0\30\0\24\0\0\0\0\0K\0\0\0\0\0\0\0\0\0\0\0\0\0\0\0H\0\0\0\0\0\0\0[\0\0\0\0\0\0\0\20\0\0\0\0\0\0\0\0\0\0\0\1\0\0\0\0\0\0\0\0\0\0\0\0\230\1\0\0\4\0\0\0\0\0\0\0\0\0\0\0\0\0\0\0\0\0\0\0\0\0\0\0\0\0\0", 112, MSG_NOSIGNAL, NULL, 0 <unfinished ...>
10704 <... recvmsg resumed>{msg_name=NULL, msg_namelen=0, msg_iov=[{iov_base="\20\0\0\0p\0\0\0\327\204Ks\0\0\0\0\30\0\24\0\0\0\0\0I\0\0\0\0\0\0\0\0\0\0\0\0\0\0\0H\0\0\0\0\0\0\0[\0\0\0\0\0\0\0\16\0\0\0\0\0\0\0\0\0\0\0\1\0\0\0\0\0\0\0\0\0\0\0\0\224\1\0\0\4\0\0\0\0\0\0\0\0\0\0\0\0\0\0\0\0\0\0\0\0\0\0\0\0\0\0\20\0\0\0p\0\0\0007\205Ks\0\0\0\0\30\0\24\0\0\0\0\0J\0\0\0\0\0\0\0\0\0\0\0\0\0\0\0H\0\0\0\0\0\0\0[\0\0\0\0\0\0\0\17\0\0\0\0\0\0\0\0\0\0\0\1\0\0\0\0\0\0\0\0\0\0\0\0\234\1\0\0\4\0\0\0\0\0\0\0\0\0\0\0\0\0\0\0\0\0\0\0\0\0\0\0\0\0\0", iov_len=4096}], msg_iovlen=1, msg_controllen=0, msg_flags=0}, MSG_DONTWAIT) = 224
10634 <... sendto resumed>)             = 112
10704 sendto(5, "\20\0\0\0p\0\0\0\24\206Ks\0\0\0\0\30\0\24\0\0\0\0\0005\0\0\0\0\0\0\0\0\0\0\0\0\0\0\0H\0\0\0\0\0\0\0[\0\0\0\0\0\0\0\10\0\0\0\0\0\0\0\0\0\0\0\1\0\0\0\0\0\0\0\0\0\0\0\0x\1\0\0\1\0\0\0\0\0\0\0\0\0\0\0\0\0\0\0\0\0\0\0\0\0\0\0\0\0\0", 112, MSG_NOSIGNAL, NULL, 0) = 112
10668 openat(AT_FDCWD, "/proc/10671/task", O_RDONLY|O_DIRECTORY <unfinished ...>
10704 sendto(5, "\20\0\0\0p\0\0\0^\206Ks\0\0\0\0\30\0\24\0\0\0\0\0006\0\0\0\0\0\0\0\0\0\0\0\0\0\0\0H\0\0\0\0\0\0\0[\0\0\0\0\0\0\0\t\0\0\0\0\0\0\0\0\0\0\0\1\0\0\0\0\0\0\0\0\0\0\0\0}\1\0\0\1\0\0\0\0\0\0\0\0\0\0\0\0\0\0\0\0\0\0\0\0\0\0\0\0\0\0", 112, MSG_NOSIGNAL, NULL, 0 <unfinished ...>
10668 <... openat resumed>)             = 50
10704 <... sendto resumed>)             = 112
10659 recvmsg(34, {msg_name=NULL, msg_namelen=0, msg_iov=[{iov_base="\20\0\0\0p\0\0\0\24\206Ks\0\0\0\0\30\0\24\0\0\0\0\0005\0\0\0\0\0\0\0\0\0\0\0\0\0\0\0H\0\0\0\0\0\0\0[\0\0\0\0\0\0\0\10\0\0\0\0\0\0\0\0\0\0\0\1\0\0\0\0\0\0\0\0\0\0\0\0x\1\0\0\1\0\0\0\0\0\0\0\0\0\0\0\0\0\0\0\0\0\0\0\0\0\0\0\0\0\0\20\0\0\0p\0\0\0^\206Ks\0\0\0\0\30\0\24\0\0\0\0\0006\0\0\0\0\0\0\0\0\0\0\0\0\0\0\0H\0\0\0\0\0\0\0[\0\0\0\0\0\0\0\t\0\0\0\0\0\0\0\0\0\0\0\1\0\0\0\0\0\0\0\0\0\0\0\0}\1\0\0\1\0\0\0\0\0\0\0\0\0\0\0\0\0\0\0\0\0\0\0\0\0\0\0\0\0\0", iov_len=4096}], msg_iovlen=1, msg_controllen=0, msg_flags=0}, MSG_DONTWAIT) = 224
10704 recvmsg(5, {msg_name=NULL, msg_namelen=0, msg_iov=[{iov_base="\20\0\0\0p\0\0\0\240\205Ks\0\0\0\0\30\0\24\0\0\0\0\0K\0\0\0\0\0\0\0\0\0\0\0\0\0\0\0H\0\0\0\0\0\0\0[\0\0\0\0\0\0\0\20\0\0\0\0\0\0\0\0\0\0\0\1\0\0\0\0\0\0\0\0\0\0\0\0\230\1\0\0\4\0\0\0\0\0\0\0\0\0\0\0\0\0\0\0\0\0\0\0\0\0\0\0\0\0\0", iov_len=4096}], msg_iovlen=1, msg_controllen=0, msg_flags=0}, MSG_DONTWAIT) = 112
10704 sendto(5, "\20\0\0\0\270\0\0\0D\207Ks\0\0\0\0\30\0\24\0\0\0\0\0007\0\0\0\0\0\0\0\0\0\0\0\0\0\0\0H\0\0\0\0\0\0\0[\0\0\0\0\0\0\0\n\0\0\0\0\0\0\0\0\0\0\0\1\0\0\0\377\377\377\377\377\377\377\377\0\0\0\0\0\0\0\0`\0\0\0\0\0\0\0\0\0\0\0\0\0\0\0\0\0\0\0\0\0\0\0H\0\0\0@\0\0\08\0\0\0\3\0\0\0\0\0\0\0MgUX\2\0\0\0\303).\304\v\0\0\0\0\0\0\0\30\0\0\0\0\0\0\0\0\0\0\0\0\0\0\0\0\0\0\0\0\0\0\0\10\0\0\0\0\0\0\0", 184, MSG_NOSIGNAL, NULL, 0 <unfinished ...>
10634 sendto(34, "\20\0\0\0H\1\0\0E\207Ks\0\0\0\0\30\0\24\0\0\0\0\0L\0\0\0\0\0\0\0\0\0\0\0\0\0\0\0H\0\0\0\0\0\0\0\201\0\0\0\0\0\0\0\1\0\0\0\0\0\0\0\0\0\0\0\1\0\0\0\0\0\0\0\0\0\0\0\0\234\1\0\0\4\0\0\0\0\0\0`\0\0\0p\0\0\0\0\0\0\0\0\0\0\0\0\0\0\0\20\0\0\0\2\0\0\0\0\0\0\0\0\0\0\0\310\0\0\0\2\0\0\0\0\0\0\0\0\0\0\0\243\0\0\0\0\0\0\0\0\0\0\0\0\0\0\0\300\24\0\0@\0\0\0\244\0\0\0\0\0\0\0\0\0\0\0\0\0\0\0\0\0\0\0\0\0\0\0\0\0\0\0\0\0\0\0\2\0\0\0\0\0\0\0\0\0\0\0\0\0\0\0\0\0\0\0\0\0\0\0\0\0\0\0\0\0\0\0\0\0\0\0\0\0\0\0\245\0\0\0\0\0\0\0\0\0\0\0\0\0\0\0"..., 328, MSG_NOSIGNAL, NULL, 0 <unfinished ...>
10704 <... sendto resumed>)             = 184
10668 openat(AT_FDCWD, "/proc/10671/task/10671/status", O_RDONLY|O_CLOEXEC <unfinished ...>
10634 <... sendto resumed>)             = 328
10668 <... openat resumed>)             = 50
10659 recvmsg(34,  <unfinished ...>
10704 recvmsg(5,  <unfinished ...>
10659 <... recvmsg resumed>{msg_name=NULL, msg_namelen=0, msg_iov=[{iov_base="\20\0\0\0\270\0\0\0D\207Ks\0\0\0\0\30\0\24\0\0\0\0\0007\0\0\0\0\0\0\0\0\0\0\0\0\0\0\0H\0\0\0\0\0\0\0[\0\0\0\0\0\0\0\n\0\0\0\0\0\0\0\0\0\0\0\1\0\0\0\377\377\377\377\377\377\377\377\0\0\0\0\0\0\0\0`\0\0\0\0\0\0\0\0\0\0\0\0\0\0\0\0\0\0\0\0\0\0\0H\0\0\0@\0\0\08\0\0\0\3\0\0\0\0\0\0\0MgUX\2\0\0\0\303).\304\v\0\0\0\0\0\0\0\30\0\0\0\0\0\0\0\0\0\0\0\0\0\0\0\0\0\0\0\0\0\0\0\10\0\0\0\0\0\0\0", iov_len=4096}], msg_iovlen=1, msg_controllen=0, msg_flags=0}, MSG_DONTWAIT) = 184
10704 <... recvmsg resumed>{msg_name=NULL, msg_namelen=0, msg_iov=[{iov_base="\20\0\0\0H\1\0\0E\207Ks\0\0\0\0\30\0\24\0\0\0\0\0L\0\0\0\0\0\0\0\0\0\0\0\0\0\0\0H\0\0\0\0\0\0\0\201\0\0\0\0\0\0\0\1\0\0\0\0\0\0\0\0\0\0\0\1\0\0\0\0\0\0\0\0\0\0\0\0\234\1\0\0\4\0\0\0\0\0\0`\0\0\0p\0\0\0\0\0\0\0\0\0\0\0\0\0\0\0\20\0\0\0\2\0\0\0\0\0\0\0\0\0\0\0\310\0\0\0\2\0\0\0\0\0\0\0\0\0\0\0\243\0\0\0\0\0\0\0\0\0\0\0\0\0\0\0\300\24\0\0@\0\0\0\244\0\0\0\0\0\0\0\0\0\0\0\0\0\0\0\0\0\0\0\0\0\0\0\0\0\0\0\0\0\0\0\2\0\0\0\0\0\0\0\0\0\0\0\0\0\0\0\0\0\0\0\0\0\0\0\0\0\0\0\0\0\0\0\0\0\0\0\0\0\0\0\245\0\0\0\0\0\0\0\0\0\0\0\0\0\0\0"..., iov_len=4096}], msg_iovlen=1, msg_controllen=0, msg_flags=0}, MSG_DONTWAIT) = 328
10704 sendto(5, "\20\0\0\0\270\0\0\0\304\210Ks\0\0\0\0\30\0\24\0\0\0\0\08\0\0\0\0\0\0\0\0\0\0\0\0\0\0\0H\0\0\0\0\0\0\0k\0\0\0\0\0\0\0\0\0\0\0\0\0\0\0\0\0\0\0\1\0\0\0\377\377\377\377\377\377\377\377\0\0\0\0\0\0\0\0`\0\0\0\0\0\0\0\0\0\0\0\0\0\0\0\0\0\0\0\0\0\0\0H\0\0\0@\0\0\08\0\0\0\3\0\0\0\0\0\0\0\250\373\316x\1\0\0\0\31\335A9\1\0\0\0\0\0\0\0\30\0\0\0\0\0\0\0\0\0\0\0\0\0\0\0\0\0\0\0\0\0\0\0\10\0\0\0\0\0\0\0", 184, MSG_NOSIGNAL, NULL, 0) = 184
10659 recvmsg(34, {msg_name=NULL, msg_namelen=0, msg_iov=[{iov_base="\20\0\0\0\270\0\0\0\304\210Ks\0\0\0\0\30\0\24\0\0\0\0\08\0\0\0\0\0\0\0\0\0\0\0\0\0\0\0H\0\0\0\0\0\0\0k\0\0\0\0\0\0\0\0\0\0\0\0\0\0\0\0\0\0\0\1\0\0\0\377\377\377\377\377\377\377\377\0\0\0\0\0\0\0\0`\0\0\0\0\0\0\0\0\0\0\0\0\0\0\0\0\0\0\0\0\0\0\0H\0\0\0@\0\0\08\0\0\0\3\0\0\0\0\0\0\0\250\373\316x\1\0\0\0\31\335A9\1\0\0\0\0\0\0\0\30\0\0\0\0\0\0\0\0\0\0\0\0\0\0\0\0\0\0\0\0\0\0\0\10\0\0\0\0\0\0\0", iov_len=4096}], msg_iovlen=1, msg_controllen=0, msg_flags=0}, MSG_DONTWAIT) = 184
10668 openat(AT_FDCWD, "/proc/10671/task/10673/status", O_RDONLY|O_CLOEXEC <unfinished ...>
10634 openat(AT_FDCWD, "/tmp/.com.google.Chrome.iZZPCI", O_RDWR|O_CREAT|O_EXCL, 0600 <unfinished ...>
10668 <... openat resumed>)             = 91
10634 <... openat resumed>)             = 93
10634 openat(AT_FDCWD, "/tmp/.com.google.Chrome.iZZPCI", O_RDONLY) = 97
10668 openat(AT_FDCWD, "/proc/10671/task/10674/status", O_RDONLY|O_CLOEXEC) = 91
10668 openat(AT_FDCWD, "/proc/10671/task/10675/status", O_RDONLY|O_CLOEXEC) = 91
10634 sendmsg(34, {msg_name=NULL, msg_namelen=0, msg_iov=[{iov_base="\20\0\2\0p\1\0\0k\214Ks\0\0\0\0\30\0\24\0\0\0\0\0M\0\0\0\0\0\0\0\350\0\0\0\0\0\0\0H\0\0\0\0\0\0\0*\0\0\0\0\0\0\0\0\0\0\0\0\0\0\0\0\0\0\0\1\0\0\0\377\377\377\377\377\377\377\377\0\0\0\0\0\0\0\0`\0\0\0\330\0\0\0\0\0\0\0\0\0\0\0\0\0\0\0\2\0\0\0x\0\0\0p\0\0\08\0\0\0\3\0\0\0\0\0\0\0\177\240\334e\2\0\0\0004\335A9\1\0\0\0\0\0\0\0\30\0\0\0\0\0\0\0\0\0\0\0\0\0\0\0\0\0\0\0\0\0\0\0\30\0\0\0\0\0\0\0\20\0\0\0\0\0\0\0\30\0\0\0\0\0\0\0\20\0\0\0\0\0\0\0\0\0\0\0\0\0\0\0\20\0\0\0\0\0\0\0\1\0\0\0\0\0\0\0\20\0\0\0\2\0\0\0\1\0\0\0\1\0\0\0\30\0\0\0\2\0\0\0"..., iov_len=368}], msg_iovlen=1, msg_control=[{cmsg_len=24, cmsg_level=SOL_SOCKET, cmsg_type=SCM_RIGHTS, cmsg_data=[50, 93]}], msg_controllen=24, msg_flags=0}, MSG_NOSIGNAL) = 368
10704 recvmsg(5, {msg_name=NULL, msg_namelen=0, msg_iov=[{iov_base="\20\0\2\0p\1\0\0k\214Ks\0\0\0\0\30\0\24\0\0\0\0\0M\0\0\0\0\0\0\0\350\0\0\0\0\0\0\0H\0\0\0\0\0\0\0*\0\0\0\0\0\0\0\0\0\0\0\0\0\0\0\0\0\0\0\1\0\0\0\377\377\377\377\377\377\377\377\0\0\0\0\0\0\0\0`\0\0\0\330\0\0\0\0\0\0\0\0\0\0\0\0\0\0\0\2\0\0\0x\0\0\0p\0\0\08\0\0\0\3\0\0\0\0\0\0\0\177\240\334e\2\0\0\0004\335A9\1\0\0\0\0\0\0\0\30\0\0\0\0\0\0\0\0\0\0\0\0\0\0\0\0\0\0\0\0\0\0\0\30\0\0\0\0\0\0\0\20\0\0\0\0\0\0\0\30\0\0\0\0\0\0\0\20\0\0\0\0\0\0\0\0\0\0\0\0\0\0\0\20\0\0\0\0\0\0\0\1\0\0\0\0\0\0\0\20\0\0\0\2\0\0\0\1\0\0\0\1\0\0\0\30\0\0\0\2\0\0\0"..., iov_len=4096}], msg_iovlen=1, msg_control=[{cmsg_len=24, cmsg_level=SOL_SOCKET, cmsg_type=SCM_RIGHTS, cmsg_data=[23, 24]}], msg_controllen=24, msg_flags=0}, MSG_DONTWAIT) = 368
10668 openat(AT_FDCWD, "/proc/10671/task/10676/status", O_RDONLY|O_CLOEXEC) = 50
10668 openat(AT_FDCWD, "/proc/10671/task/10677/status", O_RDONLY|O_CLOEXEC) = 50
10668 openat(AT_FDCWD, "/proc/10671/task/10678/status", O_RDONLY|O_CLOEXEC) = 50
10668 openat(AT_FDCWD, "/proc/10671/task/10679/status", O_RDONLY|O_CLOEXEC) = 50
10668 openat(AT_FDCWD, "/proc/10671/task/10680/status", O_RDONLY|O_CLOEXEC) = 50
10668 openat(AT_FDCWD, "/proc/10671/task/10681/status", O_RDONLY|O_CLOEXEC) = 50
10668 openat(AT_FDCWD, "/proc/10671/task/10682/status", O_RDONLY|O_CLOEXEC) = 50
10668 openat(AT_FDCWD, "/proc/10671/task", O_RDONLY|O_DIRECTORY) = 50
10668 openat(AT_FDCWD, "/proc/10671/task/10671/status", O_RDONLY|O_CLOEXEC) = 50
10668 openat(AT_FDCWD, "/proc/10671/task/10673/status", O_RDONLY|O_CLOEXEC) = 50
10668 openat(AT_FDCWD, "/proc/10671/task/10674/status", O_RDONLY|O_CLOEXEC) = 50
10668 openat(AT_FDCWD, "/proc/10671/task/10675/status", O_RDONLY|O_CLOEXEC) = 50
10634 openat(AT_FDCWD, "/tmp/.com.google.Chrome.tWNKvQ", O_RDWR|O_CREAT|O_EXCL, 0600) = 91
10668 openat(AT_FDCWD, "/proc/10671/task/10676/status", O_RDONLY|O_CLOEXEC) = 50
10668 openat(AT_FDCWD, "/proc/10671/task/10677/status", O_RDONLY|O_CLOEXEC) = 50
10634 sendmsg(34, {msg_name=NULL, msg_namelen=0, msg_iov=[{iov_base="\20\0\1\0\300\0\0\0\226\240Ks\0\0\0\0\30\0\24\0\0\0\0\0N\0\0\0\0\0\0\0p\0\0\0\0\0\0\0H\0\0\0\0\0\0\0k\0\0\0\0\0\0\0\0\0\0\0\0\0\0\0\0\0\0\0\1\0\0\0\0\0\0\0\0\0\0\0\0~\1\0\0\1\0\0\0\0\0\0`\0\0\0\0\0\0\0\0\0\0\0\0\0\0\0\1\0\0\0\20\0\0\0\1\0\0\0\1\0\0\0\0\0\0\0\20\0\0\0\1\0\0\0\200\0\0\0\0\0\1\0000\0\0\0(\0\0\0\10\0\0\0\1\0\0\0 \0\0\0\20\0\0\0\2\0\0\0\0\0\0\0\376R\351w\214\321\223\v\376\234\305\211\216Y\233\32", iov_len=192}], msg_iovlen=1, msg_control=[{cmsg_len=20, cmsg_level=SOL_SOCKET, cmsg_type=SCM_RIGHTS, cmsg_data=[91]}], msg_controllen=20, msg_flags=0}, MSG_NOSIGNAL) = 192
10704 recvmsg(5, {msg_name=NULL, msg_namelen=0, msg_iov=[{iov_base="\20\0\1\0\300\0\0\0\226\240Ks\0\0\0\0\30\0\24\0\0\0\0\0N\0\0\0\0\0\0\0p\0\0\0\0\0\0\0H\0\0\0\0\0\0\0k\0\0\0\0\0\0\0\0\0\0\0\0\0\0\0\0\0\0\0\1\0\0\0\0\0\0\0\0\0\0\0\0~\1\0\0\1\0\0\0\0\0\0`\0\0\0\0\0\0\0\0\0\0\0\0\0\0\0\1\0\0\0\20\0\0\0\1\0\0\0\1\0\0\0\0\0\0\0\20\0\0\0\1\0\0\0\200\0\0\0\0\0\1\0000\0\0\0(\0\0\0\10\0\0\0\1\0\0\0 \0\0\0\20\0\0\0\2\0\0\0\0\0\0\0\376R\351w\214\321\223\v\376\234\305\211\216Y\233\32", iov_len=4096}], msg_iovlen=1, msg_control=[{cmsg_len=20, cmsg_level=SOL_SOCKET, cmsg_type=SCM_RIGHTS, cmsg_data=[23]}], msg_controllen=24, msg_flags=0}, MSG_DONTWAIT) = 192
10668 openat(AT_FDCWD, "/proc/10671/task/10678/status", O_RDONLY|O_CLOEXEC) = 50
10704 sendto(5, "\20\0\0\0@\0\0\0\301\242Ks\0\0\0\0\30\0\26\0\0\0\0\09\0\0\0\0\0\0\0\0\0\0\0\0\0\0\0\30\0\0\0\0\0\0\0k\0\0\0\0\0\0\0\1\0\0\0\0\0\0\0", 64, MSG_NOSIGNAL, NULL, 0) = 64
10659 recvmsg(34, {msg_name=NULL, msg_namelen=0, msg_iov=[{iov_base="\20\0\0\0@\0\0\0\301\242Ks\0\0\0\0\30\0\26\0\0\0\0\09\0\0\0\0\0\0\0\0\0\0\0\0\0\0\0\30\0\0\0\0\0\0\0k\0\0\0\0\0\0\0\1\0\0\0\0\0\0\0", iov_len=4096}], msg_iovlen=1, msg_controllen=0, msg_flags=0}, MSG_DONTWAIT) = 64
10668 openat(AT_FDCWD, "/proc/10671/task/10679/status", O_RDONLY|O_CLOEXEC) = 50
10703 openat(AT_FDCWD, "/tmp/playwright_chromiumdev_profile-Lvy8gD/Default/Cookies", O_RDWR|O_CREAT|O_NOFOLLOW|O_CLOEXEC, 0600) = 23
10668 openat(AT_FDCWD, "/proc/10671/task/10680/status", O_RDONLY|O_CLOEXEC) = 50
10668 openat(AT_FDCWD, "/proc/10671/task/10681/status", O_RDONLY|O_CLOEXEC) = 50
10668 openat(AT_FDCWD, "/proc/10671/task/10682/status", O_RDONLY|O_CLOEXEC) = 50
10668 openat(AT_FDCWD, "/proc/10671/task/10683/status", O_RDONLY|O_CLOEXEC) = 50
10703 openat(AT_FDCWD, "/tmp/playwright_chromiumdev_profile-Lvy8gD/Default/Cookies-journal", O_RDWR|O_CREAT|O_NOFOLLOW|O_CLOEXEC, 0600) = 24
10634 sendto(36, "\20\0\0\0p\0\0\0\213\252Ks\0\0\0\0\30\0\24\0\0\0\0\0\34\0\0\0\0\0\0\0\0\0\0\0\0\0\0\0H\0\0\0\0\0\0\0=\0\0\0\0\0\0\0\3\0\0\0\0\0\0\0\0\0\0\0\1\0\0\0\0\0\0\0\0\0\0\0\0{\1\0\0\1\0\0\0\0\0\0\0\0\0\0\0\0\0\0\0\0\0\0\0\0\0\0\0\0\0\0", 112, MSG_NOSIGNAL, NULL, 0) = 112
10683 recvmsg(14,  <unfinished ...>
10634 sendto(34, "\20\0\0\0p\0\0\0\333\252Ks\0\0\0\0\30\0\24\0\0\0\0\0O\0\0\0\0\0\0\0\0\0\0\0\0\0\0\0H\0\0\0\0\0\0\0;\0\0\0\0\0\0\0\3\0\0\0\0\0\0\0\0\0\0\0\1\0\0\0\0\0\0\0\0\0\0\0\0}\1\0\0\1\0\0\0\0\0\0\0\0\0\0\0\0\0\0\0\0\0\0\0\0\0\0\0\0\0\0", 112, MSG_NOSIGNAL, NULL, 0 <unfinished ...>
10683 <... recvmsg resumed>{msg_name=NULL, msg_namelen=0, msg_iov=[{iov_base="\20\0\0\0p\0\0\0\213\252Ks\0\0\0\0\30\0\24\0\0\0\0\0\34\0\0\0\0\0\0\0\0\0\0\0\0\0\0\0H\0\0\0\0\0\0\0=\0\0\0\0\0\0\0\3\0\0\0\0\0\0\0\0\0\0\0\1\0\0\0\0\0\0\0\0\0\0\0\0{\1\0\0\1\0\0\0\0\0\0\0\0\0\0\0\0\0\0\0\0\0\0\0\0\0\0\0\0\0\0", iov_len=4096}], msg_iovlen=1, msg_controllen=0, msg_flags=0}, MSG_DONTWAIT) = 112
10634 <... sendto resumed>)             = 112
10634 sendto(41, "\20\0\0\0p\0\0\0002\253Ks\0\0\0\0\30\0\24\0\0\0\0\0002\0\0\0\0\0\0\0\0\0\0\0\0\0\0\0H\0\0\0\0\0\0\0002\0\0\0\0\0\0\0\3\0\0\0\0\0\0\0\0\0\0\0\1\0\0\0\0\0\0\0\0\0\0\0\0z\1\0\0\1\0\0\0\0\0\0\0\0\0\0\0\0\0\0\0\0\0\0\0\0\0\0\0\0\0\0", 112, MSG_NOSIGNAL, NULL, 0 <unfinished ...>
10704 recvmsg(5,  <unfinished ...>
10634 <... sendto resumed>)             = 112
10704 <... recvmsg resumed>{msg_name=NULL, msg_namelen=0, msg_iov=[{iov_base="\20\0\0\0p\0\0\0\333\252Ks\0\0\0\0\30\0\24\0\0\0\0\0O\0\0\0\0\0\0\0\0\0\0\0\0\0\0\0H\0\0\0\0\0\0\0;\0\0\0\0\0\0\0\3\0\0\0\0\0\0\0\0\0\0\0\1\0\0\0\0\0\0\0\0\0\0\0\0}\1\0\0\1\0\0\0\0\0\0\0\0\0\0\0\0\0\0\0\0\0\0\0\0\0\0\0\0\0\0", iov_len=4096}], msg_iovlen=1, msg_controllen=0, msg_flags=0}, MSG_DONTWAIT) = 112
10692 recvmsg(14,  <unfinished ...>
10634 sendto(36, "\20\0\0\0p\0\0\0\212\253Ks\0\0\0\0\30\0\24\0\0\0\0\0\35\0\0\0\0\0\0\0\0\0\0\0\0\0\0\0H\0\0\0\0\0\0\0=\0\0\0\0\0\0\0\4\0\0\0\0\0\0\0\0\0\0\0\1\0\0\0\0\0\0\0\0\0\0\0\0y\1\0\0\1\0\0\0\0\0\0\0\0\0\0\0\0\0\0\0\0\0\0\0\0\0\0\0\0\0\0", 112, MSG_NOSIGNAL, NULL, 0 <unfinished ...>
10692 <... recvmsg resumed>{msg_name=NULL, msg_namelen=0, msg_iov=[{iov_base="\20\0\0\0p\0\0\0002\253Ks\0\0\0\0\30\0\24\0\0\0\0\0002\0\0\0\0\0\0\0\0\0\0\0\0\0\0\0H\0\0\0\0\0\0\0002\0\0\0\0\0\0\0\3\0\0\0\0\0\0\0\0\0\0\0\1\0\0\0\0\0\0\0\0\0\0\0\0z\1\0\0\1\0\0\0\0\0\0\0\0\0\0\0\0\0\0\0\0\0\0\0\0\0\0\0\0\0\0", iov_len=4096}], msg_iovlen=1, msg_controllen=0, msg_flags=0}, MSG_DONTWAIT) = 112
10634 <... sendto resumed>)             = 112
10634 sendto(34, "\20\0\0\0p\0\0\0004\254Ks\0\0\0\0\30\0\24\0\0\0\0\0P\0\0\0\0\0\0\0\0\0\0\0\0\0\0\0H\0\0\0\0\0\0\0;\0\0\0\0\0\0\0\4\0\0\0\0\0\0\0\0\0\0\0\1\0\0\0\0\0\0\0\0\0\0\0\0x\1\0\0\1\0\0\0\0\0\0\0\0\0\0\0\0\0\0\0\0\0\0\0\0\0\0\0\0\0\0", 112, MSG_NOSIGNAL, NULL, 0 <unfinished ...>
10683 recvmsg(14,  <unfinished ...>
10634 <... sendto resumed>)             = 112
10683 <... recvmsg resumed>{msg_name=NULL, msg_namelen=0, msg_iov=[{iov_base="\20\0\0\0p\0\0\0\212\253Ks\0\0\0\0\30\0\24\0\0\0\0\0\35\0\0\0\0\0\0\0\0\0\0\0\0\0\0\0H\0\0\0\0\0\0\0=\0\0\0\0\0\0\0\4\0\0\0\0\0\0\0\0\0\0\0\1\0\0\0\0\0\0\0\0\0\0\0\0y\1\0\0\1\0\0\0\0\0\0\0\0\0\0\0\0\0\0\0\0\0\0\0\0\0\0\0\0\0\0", iov_len=4096}], msg_iovlen=1, msg_controllen=0, msg_flags=0}, MSG_DONTWAIT) = 112
10668 openat(AT_FDCWD, "/proc/10671/task", O_RDONLY|O_DIRECTORY <unfinished ...>
10634 sendto(41, "\20\0\0\0p\0\0\0\241\254Ks\0\0\0\0\30\0\24\0\0\0\0\0003\0\0\0\0\0\0\0\0\0\0\0\0\0\0\0H\0\0\0\0\0\0\0002\0\0\0\0\0\0\0\4\0\0\0\0\0\0\0\0\0\0\0\1\0\0\0\0\0\0\0\0\0\0\0\0{\1\0\0\1\0\0\0\0\0\0\0\0\0\0\0\0\0\0\0\0\0\0\0\0\0\0\0\0\0\0", 112, MSG_NOSIGNAL, NULL, 0 <unfinished ...>
10668 <... openat resumed>)             = 50
10634 <... sendto resumed>)             = 112
10704 recvmsg(5, {msg_name=NULL, msg_namelen=0, msg_iov=[{iov_base="\20\0\0\0p\0\0\0004\254Ks\0\0\0\0\30\0\24\0\0\0\0\0P\0\0\0\0\0\0\0\0\0\0\0\0\0\0\0H\0\0\0\0\0\0\0;\0\0\0\0\0\0\0\4\0\0\0\0\0\0\0\0\0\0\0\1\0\0\0\0\0\0\0\0\0\0\0\0x\1\0\0\1\0\0\0\0\0\0\0\0\0\0\0\0\0\0\0\0\0\0\0\0\0\0\0\0\0\0", iov_len=4096}], msg_iovlen=1, msg_controllen=0, msg_flags=0}, MSG_DONTWAIT) = 112
10692 recvmsg(14, {msg_name=NULL, msg_namelen=0, msg_iov=[{iov_base="\20\0\0\0p\0\0\0\241\254Ks\0\0\0\0\30\0\24\0\0\0\0\0003\0\0\0\0\0\0\0\0\0\0\0\0\0\0\0H\0\0\0\0\0\0\0002\0\0\0\0\0\0\0\4\0\0\0\0\0\0\0\0\0\0\0\1\0\0\0\0\0\0\0\0\0\0\0\0{\1\0\0\1\0\0\0\0\0\0\0\0\0\0\0\0\0\0\0\0\0\0\0\0\0\0\0\0\0\0", iov_len=4096}], msg_iovlen=1, msg_controllen=0, msg_flags=0}, MSG_DONTWAIT) = 112
10668 openat(AT_FDCWD, "/proc/10671/task/10671/status", O_RDONLY|O_CLOEXEC) = 50
10703 openat(AT_FDCWD, "/tmp/playwright_chromiumdev_profile-Lvy8gD/Default", O_RDONLY|O_CLOEXEC) = 25
10668 openat(AT_FDCWD, "/proc/10671/task/10673/status", O_RDONLY|O_CLOEXEC) = 50
10654 openat(AT_FDCWD, "/tmp/playwright_chromiumdev_profile-Lvy8gD/Default/Extension State/LOG", O_WRONLY|O_CREAT|O_TRUNC, 0600) = 91
10654 openat(AT_FDCWD, "/tmp/playwright_chromiumdev_profile-Lvy8gD/Default/Extension State/LOCK", O_RDWR) = -1 ENOENT (No such file or directory)
10654 openat(AT_FDCWD, "/tmp/playwright_chromiumdev_profile-Lvy8gD/Default/Extension State/LOCK", O_RDWR|O_CREAT, 0600 <unfinished ...>
10668 openat(AT_FDCWD, "/proc/10671/task/10674/status", O_RDONLY|O_CLOEXEC) = 93
10654 <... openat resumed>)             = 50
10634 openat(AT_FDCWD, "/proc/10634/stat", O_RDONLY|O_CLOEXEC) = 98
10654 openat(AT_FDCWD, "/tmp/playwright_chromiumdev_profile-Lvy8gD/Default/Extension State/MANIFEST-000001", O_WRONLY|O_CREAT|O_TRUNC, 0600) = 99
10668 openat(AT_FDCWD, "/proc/10671/task/10675/status", O_RDONLY|O_CLOEXEC) = 93
10654 openat(AT_FDCWD, "/tmp/playwright_chromiumdev_profile-Lvy8gD/Default/Extension State", O_RDONLY) = 100
10634 openat(AT_FDCWD, "/proc/10686/stat", O_RDONLY|O_CLOEXEC) = 98
10668 openat(AT_FDCWD, "/proc/10671/task/10676/status", O_RDONLY|O_CLOEXEC) = 93
10668 openat(AT_FDCWD, "/proc/10671/task/10677/status", O_RDONLY|O_CLOEXEC) = 93
10634 openat(AT_FDCWD, "/proc/10671/stat", O_RDONLY|O_CLOEXEC) = 96
10654 openat(AT_FDCWD, "/tmp/playwright_chromiumdev_profile-Lvy8gD/Default/Extension State/000001.dbtmp", O_WRONLY|O_CREAT|O_TRUNC, 0600) = 98
10668 openat(AT_FDCWD, "/proc/10671/task/10678/status", O_RDONLY|O_CLOEXEC) = 93
10634 openat(AT_FDCWD, "/proc/10685/stat", O_RDONLY|O_CLOEXEC <unfinished ...>
10668 openat(AT_FDCWD, "/proc/10671/task/10679/status", O_RDONLY|O_CLOEXEC <unfinished ...>
10634 <... openat resumed>)             = 93
10668 <... openat resumed>)             = 95
10654 openat(AT_FDCWD, "/tmp/playwright_chromiumdev_profile-Lvy8gD/Default/Extension State/CURRENT", O_RDONLY) = 96
10668 openat(AT_FDCWD, "/proc/10671/task/10680/status", O_RDONLY|O_CLOEXEC) = 93
10654 openat(AT_FDCWD, "/tmp/playwright_chromiumdev_profile-Lvy8gD/Default/Extension State/MANIFEST-000001", O_RDONLY <unfinished ...>
10634 sendto(41, "\20\0\0\0@\0\0\0\267\273Ks\0\0\0\0\30\0\26\0\0\0\0\0004\0\0\0\0\0\0\0\0\0\0\0\0\0\0\0\30\0\0\0\0\0\0\0\35\0\0\0\0\0\0\0\1\0\0\0\0\0\0\0", 64, MSG_NOSIGNAL, NULL, 0 <unfinished ...>
10654 <... openat resumed>)             = 95
10634 <... sendto resumed>)             = 64
10692 recvmsg(14,  <unfinished ...>
10634 sendto(34, "\20\0\0\0@\0\0\0'\274Ks\0\0\0\0\30\0\26\0\0\0\0\0Q\0\0\0\0\0\0\0\0\0\0\0\0\0\0\0\30\0\0\0\0\0\0\0*\0\0\0\0\0\0\0\1\0\0\0\0\0\0\0", 64, MSG_NOSIGNAL, NULL, 0 <unfinished ...>
10692 <... recvmsg resumed>{msg_name=NULL, msg_namelen=0, msg_iov=[{iov_base="\20\0\0\0@\0\0\0\267\273Ks\0\0\0\0\30\0\26\0\0\0\0\0004\0\0\0\0\0\0\0\0\0\0\0\0\0\0\0\30\0\0\0\0\0\0\0\35\0\0\0\0\0\0\0\1\0\0\0\0\0\0\0", iov_len=4096}], msg_iovlen=1, msg_controllen=0, msg_flags=0}, MSG_DONTWAIT) = 64
10634 <... sendto resumed>)             = 64
10704 recvmsg(5, {msg_name=NULL, msg_namelen=0, msg_iov=[{iov_base="\20\0\0\0@\0\0\0'\274Ks\0\0\0\0\30\0\26\0\0\0\0\0Q\0\0\0\0\0\0\0\0\0\0\0\0\0\0\0\30\0\0\0\0\0\0\0*\0\0\0\0\0\0\0\1\0\0\0\0\0\0\0", iov_len=4096}], msg_iovlen=1, msg_controllen=0, msg_flags=0}, MSG_DONTWAIT) = 64
10668 openat(AT_FDCWD, "/proc/10671/task/10681/status", O_RDONLY|O_CLOEXEC <unfinished ...>
10634 sendto(36, "\20\0\0\0@\0\0\0\242\274Ks\0\0\0\0\30\0\26\0\0\0\0\0\36\0\0\0\0\0\0\0\0\0\0\0\0\0\0\0\30\0\0\0\0\0\0\0*\0\0\0\0\0\0\0\1\0\0\0\0\0\0\0", 64, MSG_NOSIGNAL, NULL, 0 <unfinished ...>
10668 <... openat resumed>)             = 93
10634 <... sendto resumed>)             = 64
10683 recvmsg(14, {msg_name=NULL, msg_namelen=0, msg_iov=[{iov_base="\20\0\0\0@\0\0\0\242\274Ks\0\0\0\0\30\0\26\0\0\0\0\0\36\0\0\0\0\0\0\0\0\0\0\0\0\0\0\0\30\0\0\0\0\0\0\0*\0\0\0\0\0\0\0\1\0\0\0\0\0\0\0", iov_len=4096}], msg_iovlen=1, msg_controllen=0, msg_flags=0}, MSG_DONTWAIT) = 64
10654 openat(AT_FDCWD, "/tmp/playwright_chromiumdev_profile-Lvy8gD/Default/Extension State/MANIFEST-000001", O_WRONLY|O_APPEND) = 95
10654 openat(AT_FDCWD, "/tmp/playwright_chromiumdev_profile-Lvy8gD/Default/Extension State", O_RDONLY|O_NONBLOCK|O_CLOEXEC|O_DIRECTORY) = 96
10668 openat(AT_FDCWD, "/proc/10671/task/10682/status", O_RDONLY|O_CLOEXEC <unfinished ...>
10634 sendto(41, "\20\0\0\0@\0\0\0\310\276Ks\0\0\0\0\30\0\26\0\0\0\0\0005\0\0\0\0\0\0\0\0\0\0\0\0\0\0\0\30\0\0\0\0\0\0\0002\0\0\0\0\0\0\0\5\0\0\0\0\0\0\0", 64, MSG_NOSIGNAL, NULL, 0 <unfinished ...>
10668 <... openat resumed>)             = 93
10634 <... sendto resumed>)             = 64
10692 recvmsg(14,  <unfinished ...>
10634 sendto(34, "\20\0\0\0@\0\0\0003\277Ks\0\0\0\0\30\0\26\0\0\0\0\0R\0\0\0\0\0\0\0\0\0\0\0\0\0\0\0\30\0\0\0\0\0\0\0;\0\0\0\0\0\0\0\5\0\0\0\0\0\0\0", 64, MSG_NOSIGNAL, NULL, 0 <unfinished ...>
10692 <... recvmsg resumed>{msg_name=NULL, msg_namelen=0, msg_iov=[{iov_base="\20\0\0\0@\0\0\0\310\276Ks\0\0\0\0\30\0\26\0\0\0\0\0005\0\0\0\0\0\0\0\0\0\0\0\0\0\0\0\30\0\0\0\0\0\0\0002\0\0\0\0\0\0\0\5\0\0\0\0\0\0\0", iov_len=4096}], msg_iovlen=1, msg_controllen=0, msg_flags=0}, MSG_DONTWAIT) = 64
10634 <... sendto resumed>)             = 64
10704 recvmsg(5, {msg_name=NULL, msg_namelen=0, msg_iov=[{iov_base="\20\0\0\0@\0\0\0003\277Ks\0\0\0\0\30\0\26\0\0\0\0\0R\0\0\0\0\0\0\0\0\0\0\0\0\0\0\0\30\0\0\0\0\0\0\0;\0\0\0\0\0\0\0\5\0\0\0\0\0\0\0", iov_len=4096}], msg_iovlen=1, msg_controllen=0, msg_flags=0}, MSG_DONTWAIT) = 64
10634 sendto(36, "\20\0\0\0@\0\0\0\304\277Ks\0\0\0\0\30\0\26\0\0\0\0\0\37\0\0\0\0\0\0\0\0\0\0\0\0\0\0\0\30\0\0\0\0\0\0\0=\0\0\0\0\0\0\0\5\0\0\0\0\0\0\0", 64, MSG_NOSIGNAL, NULL, 0 <unfinished ...>
10703 openat(AT_FDCWD, "/tmp/playwright_chromiumdev_profile-Lvy8gD/Default/Cookies-journal", O_RDWR|O_CREAT|O_NOFOLLOW|O_CLOEXEC, 0600) = 24
10634 <... sendto resumed>)             = 64
10683 recvmsg(14, {msg_name=NULL, msg_namelen=0, msg_iov=[{iov_base="\20\0\0\0@\0\0\0\304\277Ks\0\0\0\0\30\0\26\0\0\0\0\0\37\0\0\0\0\0\0\0\0\0\0\0\0\0\0\0\30\0\0\0\0\0\0\0=\0\0\0\0\0\0\0\5\0\0\0\0\0\0\0", iov_len=4096}], msg_iovlen=1, msg_controllen=0, msg_flags=0}, MSG_DONTWAIT) = 64
10668 openat(AT_FDCWD, "/proc/10671/task/10683/status", O_RDONLY|O_CLOEXEC) = 93
10654 openat(AT_FDCWD, "/tmp/playwright_chromiumdev_profile-Lvy8gD/Default/Extension State", O_RDONLY|O_NONBLOCK|O_CLOEXEC|O_DIRECTORY) = 96
10668 openat(AT_FDCWD, "/proc/10671/task/10684/status", O_RDONLY|O_CLOEXEC <unfinished ...>
10655 openat(AT_FDCWD, "/tmp/playwright_chromiumdev_profile-Lvy8gD/.com.google.Chrome.Local State.L81yb0", O_RDWR|O_CREAT|O_EXCL, 0600 <unfinished ...>
10668 <... openat resumed>)             = 93
10655 <... openat resumed>)             = 97
10657 openat(AT_FDCWD, "/tmp/playwright_chromiumdev_profile-Lvy8gD/.com.google.Chrome.VariationsSeedV2.QyIrtB", O_RDWR|O_CREAT|O_EXCL, 0600) = 98
10634 sendto(34, "\20\0\0\0@\0\0\0\32\304Ks\0\0\0\0\30\0\26\0\0\0\0\0S\0\0\0\0\0\0\0\0\0\0\0\0\0\0\0\30\0\0\0\0\0\0\0%\0\0\0\0\0\0\0\0\0\0\0\0\0\0\0", 64, MSG_NOSIGNAL, NULL, 0) = 64
10704 recvmsg(5, {msg_name=NULL, msg_namelen=0, msg_iov=[{iov_base="\20\0\0\0@\0\0\0\32\304Ks\0\0\0\0\30\0\26\0\0\0\0\0S\0\0\0\0\0\0\0\0\0\0\0\0\0\0\0\30\0\0\0\0\0\0\0%\0\0\0\0\0\0\0\0\0\0\0\0\0\0\0", iov_len=4096}], msg_iovlen=1, msg_controllen=0, msg_flags=0}, MSG_DONTWAIT) = 64
10703 openat(AT_FDCWD, "/tmp/playwright_chromiumdev_profile-Lvy8gD/Default", O_RDONLY|O_CLOEXEC <unfinished ...>
10654 openat(AT_FDCWD, "/tmp/playwright_chromiumdev_profile-Lvy8gD/Default/Extension State/000003.log", O_WRONLY|O_CREAT|O_TRUNC, 0600 <unfinished ...>
10703 <... openat resumed>)             = 25
10654 <... openat resumed>)             = 93
10668 openat(AT_FDCWD, "/proc/10686/task", O_RDONLY|O_DIRECTORY <unfinished ...>
10654 openat(AT_FDCWD, "/tmp/playwright_chromiumdev_profile-Lvy8gD/Default/Extension State", O_RDONLY|O_NONBLOCK|O_CLOEXEC|O_DIRECTORY <unfinished ...>
10668 <... openat resumed>)             = 96
10654 <... openat resumed>)             = 99
10634 shutdown(3, SHUT_RDWR)            = 0
10634 shutdown(4, SHUT_RDWR)            = 0
10614 shutdown(25, SHUT_WR)             = 0
10668 openat(AT_FDCWD, "/proc/10686/task/10686/status", O_RDONLY|O_CLOEXEC) = 96
10654 openat(AT_FDCWD, "/tmp/playwright_chromiumdev_profile-Lvy8gD/Default/Extension State", O_RDONLY|O_NONBLOCK|O_CLOEXEC|O_DIRECTORY) = 97
10614 shutdown(27, SHUT_WR)             = 0
10668 openat(AT_FDCWD, "/proc/10686/task/10688/status", O_RDONLY|O_CLOEXEC) = 96
10634 sendto(34, "\20\0\0\0@\0\0\0;\311Ks\0\0\0\0\30\0\26\0\0\0\0\0T\0\0\0\0\0\0\0\0\0\0\0\0\0\0\0\30\0\0\0\0\0\0\0c\0\0\0\0\0\0\0\0\0\0\0\0\0\0\0", 64, MSG_NOSIGNAL, NULL, 0) = 64
10704 recvmsg(5, {msg_name=NULL, msg_namelen=0, msg_iov=[{iov_base="\20\0\0\0@\0\0\0;\311Ks\0\0\0\0\30\0\26\0\0\0\0\0T\0\0\0\0\0\0\0\0\0\0\0\0\0\0\0\30\0\0\0\0\0\0\0c\0\0\0\0\0\0\0\0\0\0\0\0\0\0\0", iov_len=4096}], msg_iovlen=1, msg_controllen=0, msg_flags=0}, MSG_DONTWAIT) = 64
10634 sendto(34, "\20\0\0\0@\0\0\0\225\311Ks\0\0\0\0\30\0\26\0\0\0\0\0U\0\0\0\0\0\0\0\0\0\0\0\0\0\0\0\30\0\0\0\0\0\0\0a\0\0\0\0\0\0\0\0\0\0\0\0\0\0\0", 64, MSG_NOSIGNAL, NULL, 0) = 64
10704 recvmsg(5, {msg_name=NULL, msg_namelen=0, msg_iov=[{iov_base="\20\0\0\0@\0\0\0\225\311Ks\0\0\0\0\30\0\26\0\0\0\0\0U\0\0\0\0\0\0\0\0\0\0\0\0\0\0\0\30\0\0\0\0\0\0\0a\0\0\0\0\0\0\0\0\0\0\0\0\0\0\0", iov_len=4096}], msg_iovlen=1, msg_controllen=0, msg_flags=0}, MSG_DONTWAIT) = 64
10668 openat(AT_FDCWD, "/proc/10686/task/10689/status", O_RDONLY|O_CLOEXEC) = 96
10634 sendto(34, "\20\0\0\0@\0\0\0\226\313Ks\0\0\0\0\30\0\26\0\0\0\0\0V\0\0\0\0\0\0\0\0\0\0\0\0\0\0\0\30\0\0\0\0\0\0\0i\0\0\0\0\0\0\0\1\0\0\0\0\0\0\0", 64, MSG_NOSIGNAL, NULL, 0) = 64
10704 recvmsg(5, {msg_name=NULL, msg_namelen=0, msg_iov=[{iov_base="\20\0\0\0@\0\0\0\226\313Ks\0\0\0\0\30\0\26\0\0\0\0\0V\0\0\0\0\0\0\0\0\0\0\0\0\0\0\0\30\0\0\0\0\0\0\0i\0\0\0\0\0\0\0\1\0\0\0\0\0\0\0", iov_len=4096}], msg_iovlen=1, msg_controllen=0, msg_flags=0}, MSG_DONTWAIT) = 64
10668 openat(AT_FDCWD, "/proc/10686/task", O_RDONLY|O_DIRECTORY) = 96
10668 openat(AT_FDCWD, "/proc/10686/task/10686/status", O_RDONLY|O_CLOEXEC) = 96
10634 sendto(34, "\20\0\0\0@\0\0\0f\316Ks\0\0\0\0\30\0\26\0\0\0\0\0W\0\0\0\0\0\0\0\0\0\0\0\0\0\0\0\30\0\0\0\0\0\0\0\177\0\0\0\0\0\0\0\0\0\0\0\0\0\0\0", 64, MSG_NOSIGNAL, NULL, 0) = 64
10704 recvmsg(5, {msg_name=NULL, msg_namelen=0, msg_iov=[{iov_base="\20\0\0\0@\0\0\0f\316Ks\0\0\0\0\30\0\26\0\0\0\0\0W\0\0\0\0\0\0\0\0\0\0\0\0\0\0\0\30\0\0\0\0\0\0\0\177\0\0\0\0\0\0\0\0\0\0\0\0\0\0\0", iov_len=4096}], msg_iovlen=1, msg_controllen=0, msg_flags=0}, MSG_DONTWAIT) = 64
10703 openat(AT_FDCWD, "/tmp/playwright_chromiumdev_profile-Lvy8gD/Default/Cookies-journal", O_RDWR|O_CREAT|O_NOFOLLOW|O_CLOEXEC, 0600) = 24
10668 openat(AT_FDCWD, "/proc/10686/task/10688/status", O_RDONLY|O_CLOEXEC) = 96
10668 openat(AT_FDCWD, "/proc/10686/task/10689/status", O_RDONLY|O_CLOEXEC <unfinished ...>
10634 sendto(34, "\20\0\0\0@\0\0\0\326\321Ks\0\0\0\0\30\0\26\0\0\0\0\0X\0\0\0\0\0\0\0\0\0\0\0\0\0\0\0\30\0\0\0\0\0\0\0\231\0\0\0\0\0\0\0\1\0\0\0\0\0\0\0", 64, MSG_NOSIGNAL, NULL, 0 <unfinished ...>
10668 <... openat resumed>)             = 96
10634 <... sendto resumed>)             = 64
10704 recvmsg(5, {msg_name=NULL, msg_namelen=0, msg_iov=[{iov_base="\20\0\0\0@\0\0\0\326\321Ks\0\0\0\0\30\0\26\0\0\0\0\0X\0\0\0\0\0\0\0\0\0\0\0\0\0\0\0\30\0\0\0\0\0\0\0\231\0\0\0\0\0\0\0\1\0\0\0\0\0\0\0", iov_len=4096}], msg_iovlen=1, msg_controllen=0, msg_flags=0}, MSG_DONTWAIT) = 64
10634 sendto(34, "\20\0\0\0@\0\0\0A\322Ks\0\0\0\0\30\0\26\0\0\0\0\0Y\0\0\0\0\0\0\0\0\0\0\0\0\0\0\0\30\0\0\0\0\0\0\0\211\0\0\0\0\0\0\0\2\0\0\0\0\0\0\0", 64, MSG_NOSIGNAL, NULL, 0) = 64
10704 recvmsg(5, {msg_name=NULL, msg_namelen=0, msg_iov=[{iov_base="\20\0\0\0@\0\0\0A\322Ks\0\0\0\0\30\0\26\0\0\0\0\0Y\0\0\0\0\0\0\0\0\0\0\0\0\0\0\0\30\0\0\0\0\0\0\0\211\0\0\0\0\0\0\0\2\0\0\0\0\0\0\0", iov_len=4096}], msg_iovlen=1, msg_controllen=0, msg_flags=0}, MSG_DONTWAIT) = 64
10704 sendto(5, "\20\0\0\0@\0\0\0G\323Ks\0\0\0\0\30\0\26\0\0\0\0\0:\0\0\0\0\0\0\0\0\0\0\0\0\0\0\0\30\0\0\0\0\0\0\0\233\0\0\0\0\0\0\0\0\0\0\0\0\0\0\0", 64, MSG_NOSIGNAL, NULL, 0) = 64
10703 openat(AT_FDCWD, "/tmp/playwright_chromiumdev_profile-Lvy8gD/Default", O_RDONLY|O_CLOEXEC <unfinished ...>
10668 openat(AT_FDCWD, "/proc/10686/task/10690/status", O_RDONLY|O_CLOEXEC <unfinished ...>
10703 <... openat resumed>)             = 25
10668 <... openat resumed>)             = 52
10659 recvmsg(34, {msg_name=NULL, msg_namelen=0, msg_iov=[{iov_base="\20\0\0\0@\0\0\0G\323Ks\0\0\0\0\30\0\26\0\0\0\0\0:\0\0\0\0\0\0\0\0\0\0\0\0\0\0\0\30\0\0\0\0\0\0\0\233\0\0\0\0\0\0\0\0\0\0\0\0\0\0\0", iov_len=4096}], msg_iovlen=1, msg_controllen=0, msg_flags=0}, MSG_DONTWAIT) = 64
10704 sendto(5, "\20\0\0\0@\0\0\0\372\324Ks\0\0\0\0\30\0\26\0\0\0\0\0;\0\0\0\0\0\0\0\0\0\0\0\0\0\0\0\30\0\0\0\0\0\0\0\215\0\0\0\0\0\0\0\0\0\0\0\0\0\0\0", 64, MSG_NOSIGNAL, NULL, 0) = 64
10704 sendto(5, "\20\0\0\0@\0\0\0\200\325Ks\0\0\0\0\30\0\26\0\0\0\0\0<\0\0\0\0\0\0\0\0\0\0\0\0\0\0\0\30\0\0\0\0\0\0\0\213\0\0\0\0\0\0\0\0\0\0\0\0\0\0\0", 64, MSG_NOSIGNAL, NULL, 0) = 64
10704 sendto(5, "\20\0\0\0@\0\0\0\350\325Ks\0\0\0\0\30\0\26\0\0\0\0\0=\0\0\0\0\0\0\0\0\0\0\0\0\0\0\0\30\0\0\0\0\0\0\0\217\0\0\0\0\0\0\0\0\0\0\0\0\0\0\0", 64, MSG_NOSIGNAL, NULL, 0 <unfinished ...>
10659 recvmsg(34,  <unfinished ...>
10704 <... sendto resumed>)             = 64
10659 <... recvmsg resumed>{msg_name=NULL, msg_namelen=0, msg_iov=[{iov_base="\20\0\0\0@\0\0\0\372\324Ks\0\0\0\0\30\0\26\0\0\0\0\0;\0\0\0\0\0\0\0\0\0\0\0\0\0\0\0\30\0\0\0\0\0\0\0\215\0\0\0\0\0\0\0\0\0\0\0\0\0\0\0\20\0\0\0@\0\0\0\200\325Ks\0\0\0\0\30\0\26\0\0\0\0\0<\0\0\0\0\0\0\0\0\0\0\0\0\0\0\0\30\0\0\0\0\0\0\0\213\0\0\0\0\0\0\0\0\0\0\0\0\0\0\0\20\0\0\0@\0\0\0\350\325Ks\0\0\0\0\30\0\26\0\0\0\0\0=\0\0\0\0\0\0\0\0\0\0\0\0\0\0\0\30\0\0\0\0\0\0\0\217\0\0\0\0\0\0\0\0\0\0\0\0\0\0\0", iov_len=4096}], msg_iovlen=1, msg_controllen=0, msg_flags=0}, MSG_DONTWAIT) = 192
10704 sendto(5, "\20\0\0\0@\0\0\0l\326Ks\0\0\0\0\30\0\26\0\0\0\0\0>\0\0\0\0\0\0\0\0\0\0\0\0\0\0\0\30\0\0\0\0\0\0\0\221\0\0\0\0\0\0\0\0\0\0\0\0\0\0\0", 64, MSG_NOSIGNAL, NULL, 0) = 64
10704 sendto(5, "\20\0\0\0@\0\0\0\340\326Ks\0\0\0\0\30\0\26\0\0\0\0\0?\0\0\0\0\0\0\0\0\0\0\0\0\0\0\0\30\0\0\0\0\0\0\0\235\0\0\0\0\0\0\0\0\0\0\0\0\0\0\0", 64, MSG_NOSIGNAL, NULL, 0 <unfinished ...>
10659 recvmsg(34,  <unfinished ...>
10704 <... sendto resumed>)             = 64
10659 <... recvmsg resumed>{msg_name=NULL, msg_namelen=0, msg_iov=[{iov_base="\20\0\0\0@\0\0\0l\326Ks\0\0\0\0\30\0\26\0\0\0\0\0>\0\0\0\0\0\0\0\0\0\0\0\0\0\0\0\30\0\0\0\0\0\0\0\221\0\0\0\0\0\0\0\0\0\0\0\0\0\0\0\20\0\0\0@\0\0\0\340\326Ks\0\0\0\0\30\0\26\0\0\0\0\0?\0\0\0\0\0\0\0\0\0\0\0\0\0\0\0\30\0\0\0\0\0\0\0\235\0\0\0\0\0\0\0\0\0\0\0\0\0\0\0", iov_len=4096}], msg_iovlen=1, msg_controllen=0, msg_flags=0}, MSG_DONTWAIT) = 128
10704 sendto(5, "\20\0\0\0@\0\0\0:\327Ks\0\0\0\0\30\0\26\0\0\0\0\0@\0\0\0\0\0\0\0\0\0\0\0\0\0\0\0\30\0\0\0\0\0\0\0\225\0\0\0\0\0\0\0\0\0\0\0\0\0\0\0", 64, MSG_NOSIGNAL, NULL, 0) = 64
10704 sendto(5, "\20\0\0\0@\0\0\0\264\327Ks\0\0\0\0\30\0\26\0\0\0\0\0A\0\0\0\0\0\0\0\0\0\0\0\0\0\0\0\30\0\0\0\0\0\0\0\223\0\0\0\0\0\0\0\2\0\0\0\0\0\0\0", 64, MSG_NOSIGNAL, NULL, 0 <unfinished ...>
10659 recvmsg(34,  <unfinished ...>
10704 <... sendto resumed>)             = 64
10659 <... recvmsg resumed>{msg_name=NULL, msg_namelen=0, msg_iov=[{iov_base="\20\0\0\0@\0\0\0:\327Ks\0\0\0\0\30\0\26\0\0\0\0\0@\0\0\0\0\0\0\0\0\0\0\0\0\0\0\0\30\0\0\0\0\0\0\0\225\0\0\0\0\0\0\0\0\0\0\0\0\0\0\0\20\0\0\0@\0\0\0\264\327Ks\0\0\0\0\30\0\26\0\0\0\0\0A\0\0\0\0\0\0\0\0\0\0\0\0\0\0\0\30\0\0\0\0\0\0\0\223\0\0\0\0\0\0\0\2\0\0\0\0\0\0\0", iov_len=4096}], msg_iovlen=1, msg_controllen=0, msg_flags=0}, MSG_DONTWAIT) = 128
10704 sendto(5, "\20\0\0\0@\0\0\0)\330Ks\0\0\0\0\30\0\26\0\0\0\0\0B\0\0\0\0\0\0\0\0\0\0\0\0\0\0\0\30\0\0\0\0\0\0\0\227\0\0\0\0\0\0\0\0\0\0\0\0\0\0\0", 64, MSG_NOSIGNAL, NULL, 0) = 64
10668 openat(AT_FDCWD, "/proc/10686/task", O_RDONLY|O_DIRECTORY) = 47
10659 recvmsg(34, {msg_name=NULL, msg_namelen=0, msg_iov=[{iov_base="\20\0\0\0@\0\0\0)\330Ks\0\0\0\0\30\0\26\0\0\0\0\0B\0\0\0\0\0\0\0\0\0\0\0\0\0\0\0\30\0\0\0\0\0\0\0\227\0\0\0\0\0\0\0\0\0\0\0\0\0\0\0", iov_len=4096}], msg_iovlen=1, msg_controllen=0, msg_flags=0}, MSG_DONTWAIT) = 64
10668 openat(AT_FDCWD, "/proc/10686/task/10686/status", O_RDONLY|O_CLOEXEC) = 43
10634 sendto(34, "\20\0\0\0@\0\0\0\302\332Ks\0\0\0\0\30\0\26\0\0\0\0\0Z\0\0\0\0\0\0\0\0\0\0\0\0\0\0\0\30\0\0\0\0\0\0\0\243\0\0\0\0\0\0\0\0\0\0\0\0\0\0\0", 64, MSG_NOSIGNAL, NULL, 0) = 64
10704 recvmsg(5, {msg_name=NULL, msg_namelen=0, msg_iov=[{iov_base="\20\0\0\0@\0\0\0\302\332Ks\0\0\0\0\30\0\26\0\0\0\0\0Z\0\0\0\0\0\0\0\0\0\0\0\0\0\0\0\30\0\0\0\0\0\0\0\243\0\0\0\0\0\0\0\0\0\0\0\0\0\0\0", iov_len=4096}], msg_iovlen=1, msg_controllen=0, msg_flags=0}, MSG_DONTWAIT) = 64
10634 sendto(34, "\20\0\0\0@\0\0\0D\333Ks\0\0\0\0\30\0\26\0\0\0\0\0[\0\0\0\0\0\0\0\0\0\0\0\0\0\0\0\30\0\0\0\0\0\0\0\245\0\0\0\0\0\0\0\0\0\0\0\0\0\0\0", 64, MSG_NOSIGNAL, NULL, 0 <unfinished ...>
10704 sendto(5, "\20\0\0\0p\0\0\0\207\333Ks\0\0\0\0\30\0\24\0\0\0\0\0C\0\0\0\0\0\0\0\0\0\0\0\0\0\0\0H\0\0\0\0\0\0\0\245\0\0\0\0\0\0\0\0\0\0\0\0\0\0\0\0\0\0\0\1\0\0\0\0\0\0\0\0\0\0\0\0x\1\0\0\1\0\0\0\0\0\0\0\0\0\0\0\0\0\0\0\0\0\0\0\0\0\0\0\0\0\0", 112, MSG_NOSIGNAL, NULL, 0 <unfinished ...>
10634 <... sendto resumed>)             = 64
10704 <... sendto resumed>)             = 112
10668 openat(AT_FDCWD, "/proc/10686/task/10688/status", O_RDONLY|O_CLOEXEC) = 43
10659 recvmsg(34, {msg_name=NULL, msg_namelen=0, msg_iov=[{iov_base="\20\0\0\0p\0\0\0\207\333Ks\0\0\0\0\30\0\24\0\0\0\0\0C\0\0\0\0\0\0\0\0\0\0\0\0\0\0\0H\0\0\0\0\0\0\0\245\0\0\0\0\0\0\0\0\0\0\0\0\0\0\0\0\0\0\0\1\0\0\0\0\0\0\0\0\0\0\0\0x\1\0\0\1\0\0\0\0\0\0\0\0\0\0\0\0\0\0\0\0\0\0\0\0\0\0\0\0\0\0", iov_len=4096}], msg_iovlen=1, msg_controllen=0, msg_flags=0}, MSG_DONTWAIT) = 112
10704 recvmsg(5, {msg_name=NULL, msg_namelen=0, msg_iov=[{iov_base="\20\0\0\0@\0\0\0D\333Ks\0\0\0\0\30\0\26\0\0\0\0\0[\0\0\0\0\0\0\0\0\0\0\0\0\0\0\0\30\0\0\0\0\0\0\0\245\0\0\0\0\0\0\0\0\0\0\0\0\0\0\0", iov_len=4096}], msg_iovlen=1, msg_controllen=0, msg_flags=0}, MSG_DONTWAIT) = 64
10668 openat(AT_FDCWD, "/proc/10686/task/10689/status", O_RDONLY|O_CLOEXEC) = 43
10668 openat(AT_FDCWD, "/proc/10686/task/10690/status", O_RDONLY|O_CLOEXEC) = 43
10668 openat(AT_FDCWD, "/proc/10686/task/10691/status", O_RDONLY|O_CLOEXEC) = 43
10668 openat(AT_FDCWD, "/proc/10686/task", O_RDONLY|O_DIRECTORY) = 40
10634 sendto(41, "\20\0\0\0@\0\0\0,\346Ks\0\0\0\0\30\0\26\0\0\0\0\0006\0\0\0\0\0\0\0\0\0\0\0\0\0\0\0\30\0\0\0\0\0\0\0\23\0\0\0\0\0\0\0\0\0\0\0\0\0\0\0", 64, MSG_NOSIGNAL, NULL, 0) = 64
10692 recvmsg(14,  <unfinished ...>
10634 sendto(41, "\20\0\0\0@\0\0\0\253\346Ks\0\0\0\0\30\0\26\0\0\0\0\0007\0\0\0\0\0\0\0\0\0\0\0\0\0\0\0\30\0\0\0\0\0\0\0\25\0\0\0\0\0\0\0\1\0\0\0\0\0\0\0", 64, MSG_NOSIGNAL, NULL, 0 <unfinished ...>
10692 <... recvmsg resumed>{msg_name=NULL, msg_namelen=0, msg_iov=[{iov_base="\20\0\0\0@\0\0\0,\346Ks\0\0\0\0\30\0\26\0\0\0\0\0006\0\0\0\0\0\0\0\0\0\0\0\0\0\0\0\30\0\0\0\0\0\0\0\23\0\0\0\0\0\0\0\0\0\0\0\0\0\0\0", iov_len=4096}], msg_iovlen=1, msg_controllen=0, msg_flags=0}, MSG_DONTWAIT) = 64
10634 <... sendto resumed>)             = 64
10634 sendto(34, "\20\0\0\0@\0\0\0S\347Ks\0\0\0\0\30\0\26\0\0\0\0\0\\\0\0\0\0\0\0\0\0\0\0\0\0\0\0\0\30\0\0\0\0\0\0\0\203\0\0\0\0\0\0\0\0\0\0\0\0\0\0\0", 64, MSG_NOSIGNAL, NULL, 0 <unfinished ...>
10668 openat(AT_FDCWD, "/proc/10686/task/10686/status", O_RDONLY|O_CLOEXEC <unfinished ...>
10634 <... sendto resumed>)             = 64
10668 <... openat resumed>)             = 40
10704 recvmsg(5, {msg_name=NULL, msg_namelen=0, msg_iov=[{iov_base="\20\0\0\0@\0\0\0S\347Ks\0\0\0\0\30\0\26\0\0\0\0\0\\\0\0\0\0\0\0\0\0\0\0\0\0\0\0\0\30\0\0\0\0\0\0\0\203\0\0\0\0\0\0\0\0\0\0\0\0\0\0\0", iov_len=4096}], msg_iovlen=1, msg_controllen=0, msg_flags=0}, MSG_DONTWAIT) = 64
10692 recvmsg(14, {msg_name=NULL, msg_namelen=0, msg_iov=[{iov_base="\20\0\0\0@\0\0\0\253\346Ks\0\0\0\0\30\0\26\0\0\0\0\0007\0\0\0\0\0\0\0\0\0\0\0\0\0\0\0\30\0\0\0\0\0\0\0\25\0\0\0\0\0\0\0\1\0\0\0\0\0\0\0", iov_len=4096}], msg_iovlen=1, msg_controllen=0, msg_flags=0}, MSG_DONTWAIT) = 64
10634 sendto(34, "\20\0\0\0@\0\0\0\306\350Ks\0\0\0\0\30\0\26\0\0\0\0\0]\0\0\0\0\0\0\0\0\0\0\0\0\0\0\0\30\0\0\0\0\0\0\0m\0\0\0\0\0\0\0\0\0\0\0\0\0\0\0", 64, MSG_NOSIGNAL, NULL, 0) = 64
10704 recvmsg(5,  <unfinished ...>
10634 sendto(34, "\20\0\0\0@\0\0\0:\351Ks\0\0\0\0\30\0\26\0\0\0\0\0^\0\0\0\0\0\0\0\0\0\0\0\0\0\0\0\30\0\0\0\0\0\0\0s\0\0\0\0\0\0\0\0\0\0\0\0\0\0\0", 64, MSG_NOSIGNAL, NULL, 0 <unfinished ...>
10704 <... recvmsg resumed>{msg_name=NULL, msg_namelen=0, msg_iov=[{iov_base="\20\0\0\0@\0\0\0\306\350Ks\0\0\0\0\30\0\26\0\0\0\0\0]\0\0\0\0\0\0\0\0\0\0\0\0\0\0\0\30\0\0\0\0\0\0\0m\0\0\0\0\0\0\0\0\0\0\0\0\0\0\0", iov_len=4096}], msg_iovlen=1, msg_controllen=0, msg_flags=0}, MSG_DONTWAIT) = 64
10634 <... sendto resumed>)             = 64
10634 sendto(34, "\20\0\0\0@\0\0\0\233\351Ks\0\0\0\0\30\0\26\0\0\0\0\0_\0\0\0\0\0\0\0\0\0\0\0\0\0\0\0\30\0\0\0\0\0\0\0y\0\0\0\0\0\0\0\1\0\0\0\0\0\0\0", 64, MSG_NOSIGNAL, NULL, 0 <unfinished ...>
10704 recvmsg(5,  <unfinished ...>
10634 <... sendto resumed>)             = 64
10704 <... recvmsg resumed>{msg_name=NULL, msg_namelen=0, msg_iov=[{iov_base="\20\0\0\0@\0\0\0:\351Ks\0\0\0\0\30\0\26\0\0\0\0\0^\0\0\0\0\0\0\0\0\0\0\0\0\0\0\0\30\0\0\0\0\0\0\0s\0\0\0\0\0\0\0\0\0\0\0\0\0\0\0\20\0\0\0@\0\0\0\233\351Ks\0\0\0\0\30\0\26\0\0\0\0\0_\0\0\0\0\0\0\0\0\0\0\0\0\0\0\0\30\0\0\0\0\0\0\0y\0\0\0\0\0\0\0\1\0\0\0\0\0\0\0", iov_len=4096}], msg_iovlen=1, msg_controllen=0, msg_flags=0}, MSG_DONTWAIT) = 128
10691 sendto(14, "\20\0\0\0p\0\0\0\20\352Ks\0\0\0\0\30\0\24\0\0\0\0\0003\0\0\0\0\0\0\0\0\0\0\0\0\0\0\0H\0\0\0\0\0\0\0000\0\0\0\0\0\0\0\0\0\0\0\0\0\0\0\0\0\0\0\1\0\0\0\0\0\0\0\0\0\0\0\0{\1\0\0\1\0\0\0\0\0\0\0\0\0\0\0\0\0\0\0\0\0\0\0\0\0\0\0\0\0\0", 112, MSG_NOSIGNAL, NULL, 0) = 112
10634 sendto(34, "\20\0\0\0@\0\0\0}\352Ks\0\0\0\0\30\0\26\0\0\0\0\0`\0\0\0\0\0\0\0\0\0\0\0\0\0\0\0\30\0\0\0\0\0\0\0o\0\0\0\0\0\0\0\0\0\0\0\0\0\0\0", 64, MSG_NOSIGNAL, NULL, 0 <unfinished ...>
10668 openat(AT_FDCWD, "/proc/10686/task/10688/status", O_RDONLY|O_CLOEXEC <unfinished ...>
10634 <... sendto resumed>)             = 64
10668 <... openat resumed>)             = 40
10704 recvmsg(5, {msg_name=NULL, msg_namelen=0, msg_iov=[{iov_base="\20\0\0\0@\0\0\0}\352Ks\0\0\0\0\30\0\26\0\0\0\0\0`\0\0\0\0\0\0\0\0\0\0\0\0\0\0\0\30\0\0\0\0\0\0\0o\0\0\0\0\0\0\0\0\0\0\0\0\0\0\0", iov_len=4096}], msg_iovlen=1, msg_controllen=0, msg_flags=0}, MSG_DONTWAIT) = 64
10659 sendto(34, "\20\0\0\0@\0\0\0\334\352Ks\0\0\0\0\30\0\26\0\0\0\0\0a\0\0\0\0\0\0\0\0\0\0\0\0\0\0\0\30\0\0\0\0\0\0\0q\0\0\0\0\0\0\0\0\0\0\0\0\0\0\0", 64, MSG_NOSIGNAL, NULL, 0) = 64
10704 recvmsg(5,  <unfinished ...>
10634 sendto(34, "\20\0\0\0@\0\0\0G\353Ks\0\0\0\0\30\0\26\0\0\0\0\0b\0\0\0\0\0\0\0\0\0\0\0\0\0\0\0\30\0\0\0\0\0\0\0[\0\0\0\0\0\0\0\21\0\0\0\0\0\0\0", 64, MSG_NOSIGNAL, NULL, 0 <unfinished ...>
10704 <... recvmsg resumed>{msg_name=NULL, msg_namelen=0, msg_iov=[{iov_base="\20\0\0\0@\0\0\0\334\352Ks\0\0\0\0\30\0\26\0\0\0\0\0a\0\0\0\0\0\0\0\0\0\0\0\0\0\0\0\30\0\0\0\0\0\0\0q\0\0\0\0\0\0\0\0\0\0\0\0\0\0\0", iov_len=4096}], msg_iovlen=1, msg_controllen=0, msg_flags=0}, MSG_DONTWAIT) = 64
10634 <... sendto resumed>)             = 64
10659 recvmsg(41,  <unfinished ...>
10704 recvmsg(5,  <unfinished ...>
10659 <... recvmsg resumed>{msg_name=NULL, msg_namelen=0, msg_iov=[{iov_base="\20\0\0\0p\0\0\0\20\352Ks\0\0\0\0\30\0\24\0\0\0\0\0003\0\0\0\0\0\0\0\0\0\0\0\0\0\0\0H\0\0\0\0\0\0\0000\0\0\0\0\0\0\0\0\0\0\0\0\0\0\0\0\0\0\0\1\0\0\0\0\0\0\0\0\0\0\0\0{\1\0\0\1\0\0\0\0\0\0\0\0\0\0\0\0\0\0\0\0\0\0\0\0\0\0\0\0\0\0", iov_len=4096}], msg_iovlen=1, msg_controllen=0, msg_flags=0}, MSG_DONTWAIT) = 112
10704 <... recvmsg resumed>{msg_name=NULL, msg_namelen=0, msg_iov=[{iov_base="\20\0\0\0@\0\0\0G\353Ks\0\0\0\0\30\0\26\0\0\0\0\0b\0\0\0\0\0\0\0\0\0\0\0\0\0\0\0\30\0\0\0\0\0\0\0[\0\0\0\0\0\0\0\21\0\0\0\0\0\0\0", iov_len=4096}], msg_iovlen=1, msg_controllen=0, msg_flags=0}, MSG_DONTWAIT) = 64
10704 sendto(5, "\20\0\0\0@\0\0\0\270\354Ks\0\0\0\0\30\0\26\0\0\0\0\0D\0\0\0\0\0\0\0\0\0\0\0\0\0\0\0\30\0\0\0\0\0\0\0\201\0\0\0\0\0\0\0\0\0\0\0\0\0\0\0", 64, MSG_NOSIGNAL, NULL, 0) = 64
10668 openat(AT_FDCWD, "/proc/10686/task/10689/status", O_RDONLY|O_CLOEXEC <unfinished ...>
10704 sendto(5, "\20\0\0\0@\0\0\0\1\355Ks\0\0\0\0\30\0\26\0\0\0\0\0E\0\0\0\0\0\0\0\0\0\0\0\0\0\0\0\30\0\0\0\0\0\0\0{\0\0\0\0\0\0\0\0\0\0\0\0\0\0\0", 64, MSG_NOSIGNAL, NULL, 0 <unfinished ...>
10668 <... openat resumed>)             = 38
10704 <... sendto resumed>)             = 64
10659 recvmsg(34, {msg_name=NULL, msg_namelen=0, msg_iov=[{iov_base="\20\0\0\0@\0\0\0\270\354Ks\0\0\0\0\30\0\26\0\0\0\0\0D\0\0\0\0\0\0\0\0\0\0\0\0\0\0\0\30\0\0\0\0\0\0\0\201\0\0\0\0\0\0\0\0\0\0\0\0\0\0\0\20\0\0\0@\0\0\0\1\355Ks\0\0\0\0\30\0\26\0\0\0\0\0E\0\0\0\0\0\0\0\0\0\0\0\0\0\0\0\30\0\0\0\0\0\0\0{\0\0\0\0\0\0\0\0\0\0\0\0\0\0\0", iov_len=4096}], msg_iovlen=1, msg_controllen=0, msg_flags=0}, MSG_DONTWAIT) = 128
10634 sendto(34, "\20\0\0\0@\0\0\0\256\355Ks\0\0\0\0\30\0\26\0\0\0\0\0c\0\0\0\0\0\0\0\0\0\0\0\0\0\0\0\30\0\0\0\0\0\0\0w\0\0\0\0\0\0\0\0\0\0\0\0\0\0\0", 64, MSG_NOSIGNAL, NULL, 0 <unfinished ...>
10704 sendto(5, "\20\0\0\0@\0\0\0\316\355Ks\0\0\0\0\30\0\26\0\0\0\0\0F\0\0\0\0\0\0\0\0\0\0\0\0\0\0\0\30\0\0\0\0\0\0\0u\0\0\0\0\0\0\0\0\0\0\0\0\0\0\0", 64, MSG_NOSIGNAL, NULL, 0) = 64
10654 sendto(41, "\20\0\0\0p\0\0\0\371\355Ks\0\0\0\0\30\0\24\0\0\0\0\08\0\0\0\0\0\0\0\0\0\0\0\0\0\0\0H\0\0\0\0\0\0\0000\0\0\0\0\0\0\0\0\0\0\0\0\0\0\0\0\0\0\0\1\0\0\0\0\0\0\0\0\0\0\0\0z\1\0\0\1\0\0\0\0\0\0\0\0\0\0\0\0\0\0\0\0\0\0\0\0\0\0\0\0\0\0", 112, MSG_NOSIGNAL, NULL, 0 <unfinished ...>
10634 <... sendto resumed>)             = 64
10654 <... sendto resumed>)             = 112
10692 recvmsg(14,  <unfinished ...>
10659 recvmsg(34,  <unfinished ...>
10692 <... recvmsg resumed>{msg_name=NULL, msg_namelen=0, msg_iov=[{iov_base="\20\0\0\0p\0\0\0\371\355Ks\0\0\0\0\30\0\24\0\0\0\0\08\0\0\0\0\0\0\0\0\0\0\0\0\0\0\0H\0\0\0\0\0\0\0000\0\0\0\0\0\0\0\0\0\0\0\0\0\0\0\0\0\0\0\1\0\0\0\0\0\0\0\0\0\0\0\0z\1\0\0\1\0\0\0\0\0\0\0\0\0\0\0\0\0\0\0\0\0\0\0\0\0\0\0\0\0\0", iov_len=4096}], msg_iovlen=1, msg_controllen=0, msg_flags=0}, MSG_DONTWAIT) = 112
10659 <... recvmsg resumed>{msg_name=NULL, msg_namelen=0, msg_iov=[{iov_base="\20\0\0\0@\0\0\0\316\355Ks\0\0\0\0\30\0\26\0\0\0\0\0F\0\0\0\0\0\0\0\0\0\0\0\0\0\0\0\30\0\0\0\0\0\0\0u\0\0\0\0\0\0\0\0\0\0\0\0\0\0\0", iov_len=4096}], msg_iovlen=1, msg_controllen=0, msg_flags=0}, MSG_DONTWAIT) = 64
10691 sendto(14, "\20\0\0\0@\0\0\0~\357Ks\0\0\0\0\30\0\26\0\0\0\0\0004\0\0\0\0\0\0\0\0\0\0\0\0\0\0\0\30\0\0\0\0\0\0\0000\0\0\0\0\0\0\0\1\0\0\0\0\0\0\0", 64, MSG_NOSIGNAL, NULL, 0 <unfinished ...>
10668 openat(AT_FDCWD, "/proc/10686/task/10690/status", O_RDONLY|O_CLOEXEC <unfinished ...>
10691 <... sendto resumed>)             = 64
10668 <... openat resumed>)             = 38
10704 sendto(5, "\20\0\0\0@\0\0\0\304\357Ks\0\0\0\0\30\0\26\0\0\0\0\0G\0\0\0\0\0\0\0\0\0\0\0\0\0\0\0\30\0\0\0\0\0\0\0_\0\0\0\0\0\0\0\0\0\0\0\0\0\0\0", 64, MSG_NOSIGNAL, NULL, 0 <unfinished ...>
10705 openat(AT_FDCWD, "/tmp/playwright_chromiumdev_profile-Lvy8gD/Default/Cache/Cache_Data/index-dir/temp-index", O_WRONLY|O_CREAT|O_TRUNC, 0600 <unfinished ...>
10704 <... sendto resumed>)             = 64
10705 <... openat resumed>)             = 22
10704 sendto(5, "\20\0\0\0@\0\0\0S\360Ks\0\0\0\0\30\0\26\0\0\0\0\0H\0\0\0\0\0\0\0\0\0\0\0\0\0\0\0\30\0\0\0\0\0\0\0]\0\0\0\0\0\0\0\0\0\0\0\0\0\0\0", 64, MSG_NOSIGNAL, NULL, 0 <unfinished ...>
10659 recvmsg(41,  <unfinished ...>
10704 <... sendto resumed>)             = 64
10659 <... recvmsg resumed>{msg_name=NULL, msg_namelen=0, msg_iov=[{iov_base="\20\0\0\0@\0\0\0~\357Ks\0\0\0\0\30\0\26\0\0\0\0\0004\0\0\0\0\0\0\0\0\0\0\0\0\0\0\0\30\0\0\0\0\0\0\0000\0\0\0\0\0\0\0\1\0\0\0\0\0\0\0", iov_len=4096}], msg_iovlen=1, msg_controllen=0, msg_flags=0}, MSG_DONTWAIT) = 64
10704 sendto(5, "\20\0\0\0@\0\0\0\267\360Ks\0\0\0\0\30\0\26\0\0\0\0\0I\0\0\0\0\0\0\0\0\0\0\0\0\0\0\0\30\0\0\0\0\0\0\0}\0\0\0\0\0\0\0\0\0\0\0\0\0\0\0", 64, MSG_NOSIGNAL, NULL, 0) = 64
10704 sendto(5, "\20\0\0\0@\0\0\0\33\361Ks\0\0\0\0\30\0\26\0\0\0\0\0J\0\0\0\0\0\0\0\0\0\0\0\0\0\0\0\30\0\0\0\0\0\0\0g\0\0\0\0\0\0\0\0\0\0\0\0\0\0\0", 64, MSG_NOSIGNAL, NULL, 0) = 64
10704 sendto(5, "\20\0\0\0@\0\0\0\204\361Ks\0\0\0\0\30\0\26\0\0\0\0\0K\0\0\0\0\0\0\0\0\0\0\0\0\0\0\0\30\0\0\0\0\0\0\0e\0\0\0\0\0\0\0\2\0\0\0\0\0\0\0", 64, MSG_NOSIGNAL, NULL, 0) = 64
10668 openat(AT_FDCWD, "/proc/10686/task/10691/status", O_RDONLY|O_CLOEXEC) = 38
10659 recvmsg(34, {msg_name=NULL, msg_namelen=0, msg_iov=[{iov_base="\20\0\0\0@\0\0\0\304\357Ks\0\0\0\0\30\0\26\0\0\0\0\0G\0\0\0\0\0\0\0\0\0\0\0\0\0\0\0\30\0\0\0\0\0\0\0_\0\0\0\0\0\0\0\0\0\0\0\0\0\0\0\20\0\0\0@\0\0\0S\360Ks\0\0\0\0\30\0\26\0\0\0\0\0H\0\0\0\0\0\0\0\0\0\0\0\0\0\0\0\30\0\0\0\0\0\0\0]\0\0\0\0\0\0\0\0\0\0\0\0\0\0\0\20\0\0\0@\0\0\0\267\360Ks\0\0\0\0\30\0\26\0\0\0\0\0I\0\0\0\0\0\0\0\0\0\0\0\0\0\0\0\30\0\0\0\0\0\0\0}\0\0\0\0\0\0\0\0\0\0\0\0\0\0\0\20\0\0\0@\0\0\0\33\361Ks\0\0\0\0\30\0\26\0\0\0\0\0J\0\0\0\0\0\0\0\0\0\0\0\0\0\0\0\30\0\0\0\0\0\0\0g\0\0\0\0\0\0\0\0\0\0\0\0\0\0\0"..., iov_len=4096}], msg_iovlen=1, msg_controllen=0, msg_flags=0}, MSG_DONTWAIT) = 320
10704 recvmsg(5, {msg_name=NULL, msg_namelen=0, msg_iov=[{iov_base="\20\0\0\0@\0\0\0\256\355Ks\0\0\0\0\30\0\26\0\0\0\0\0c\0\0\0\0\0\0\0\0\0\0\0\0\0\0\0\30\0\0\0\0\0\0\0w\0\0\0\0\0\0\0\0\0\0\0\0\0\0\0", iov_len=4096}], msg_iovlen=1, msg_controllen=0, msg_flags=0}, MSG_DONTWAIT) = 64
10703 openat(AT_FDCWD, "/tmp/playwright_chromiumdev_profile-Lvy8gD/Default/.com.google.Chrome.Network Persistent State.lvmBM8", O_RDWR|O_CREAT|O_EXCL, 0600) = 18
10668 openat(AT_FDCWD, "/proc/10686/task/10692/status", O_RDONLY|O_CLOEXEC) = 38
10668 openat(AT_FDCWD, "/proc/10685/task", O_RDONLY|O_DIRECTORY) = 38
10654 openat(AT_FDCWD, "/tmp/playwright_chromiumdev_profile-Lvy8gD/Default/.com.google.Chrome.Secure Preferences.qDbGI3", O_RDWR|O_CREAT|O_EXCL, 0600) = 40
10668 openat(AT_FDCWD, "/proc/10685/task/10685/status", O_RDONLY|O_CLOEXEC) = 38
10668 openat(AT_FDCWD, "/proc/10685/task/10698/status", O_RDONLY|O_CLOEXEC) = 38
10654 openat(AT_FDCWD, "/tmp/playwright_chromiumdev_profile-Lvy8gD/Default/.com.google.Chrome.Preferences.yD8W3J", O_RDWR|O_CREAT|O_EXCL, 0600) = 40
10668 openat(AT_FDCWD, "/proc/10685/task/10700/status", O_RDONLY|O_CLOEXEC) = 38
10668 openat(AT_FDCWD, "/proc/10685/task", O_RDONLY|O_DIRECTORY) = 38
10668 openat(AT_FDCWD, "/proc/10685/task/10685/status", O_RDONLY|O_CLOEXEC) = 38
10668 openat(AT_FDCWD, "/proc/10685/task/10698/status", O_RDONLY|O_CLOEXEC) = 38
10668 openat(AT_FDCWD, "/proc/10685/task/10700/status", O_RDONLY|O_CLOEXEC) = 38
10634 sendto(34, "\20\0\0\0@\0\0\0X\3Ls\0\0\0\0\30\0\26\0\0\0\0\0d\0\0\0\0\0\0\0\0\0\0\0\0\0\0\0\30\0\0\0\0\0\0\0\33\0\0\0\0\0\0\0\0\0\0\0\0\0\0\0", 64, MSG_NOSIGNAL, NULL, 0 <unfinished ...>
10655 openat(AT_FDCWD, "/tmp/playwright_chromiumdev_profile-Lvy8gD/.com.google.Chrome.Local State.B2eCiX", O_RDWR|O_CREAT|O_EXCL, 0600 <unfinished ...>
10634 <... sendto resumed>)             = 64
10704 recvmsg(5,  <unfinished ...>
10655 <... openat resumed>)             = 40
10704 <... recvmsg resumed>{msg_name=NULL, msg_namelen=0, msg_iov=[{iov_base="\20\0\0\0@\0\0\0X\3Ls\0\0\0\0\30\0\26\0\0\0\0\0d\0\0\0\0\0\0\0\0\0\0\0\0\0\0\0\30\0\0\0\0\0\0\0\33\0\0\0\0\0\0\0\0\0\0\0\0\0\0\0", iov_len=4096}], msg_iovlen=1, msg_controllen=0, msg_flags=0}, MSG_DONTWAIT) = 64
10634 sendto(34, "\20\0\0\0@\0\0\0\335\3Ls\0\0\0\0\30\0\26\0\0\0\0\0e\0\0\0\0\0\0\0\0\0\0\0\0\0\0\0\30\0\0\0\0\0\0\0\31\0\0\0\0\0\0\0\0\0\0\0\0\0\0\0", 64, MSG_NOSIGNAL, NULL, 0) = 64
10704 recvmsg(5,  <unfinished ...>
10634 sendto(34, "\20\0\0\0@\0\0\0001\4Ls\0\0\0\0\30\0\26\0\0\0\0\0f\0\0\0\0\0\0\0\0\0\0\0\0\0\0\0\30\0\0\0\0\0\0\0\27\0\0\0\0\0\0\0\0\0\0\0\0\0\0\0", 64, MSG_NOSIGNAL, NULL, 0 <unfinished ...>
10704 <... recvmsg resumed>{msg_name=NULL, msg_namelen=0, msg_iov=[{iov_base="\20\0\0\0@\0\0\0\335\3Ls\0\0\0\0\30\0\26\0\0\0\0\0e\0\0\0\0\0\0\0\0\0\0\0\0\0\0\0\30\0\0\0\0\0\0\0\31\0\0\0\0\0\0\0\0\0\0\0\0\0\0\0", iov_len=4096}], msg_iovlen=1, msg_controllen=0, msg_flags=0}, MSG_DONTWAIT) = 64
10634 <... sendto resumed>)             = 64
10668 openat(AT_FDCWD, "/proc/10685/task/10702/status", O_RDONLY|O_CLOEXEC <unfinished ...>
10634 sendto(34, "\20\0\0\0@\0\0\0\232\4Ls\0\0\0\0\30\0\26\0\0\0\0\0g\0\0\0\0\0\0\0\0\0\0\0\0\0\0\0\30\0\0\0\0\0\0\0Q\0\0\0\0\0\0\0\1\0\0\0\0\0\0\0", 64, MSG_NOSIGNAL, NULL, 0 <unfinished ...>
10704 recvmsg(5,  <unfinished ...>
10668 <... openat resumed>)             = 38
10704 <... recvmsg resumed>{msg_name=NULL, msg_namelen=0, msg_iov=[{iov_base="\20\0\0\0@\0\0\0001\4Ls\0\0\0\0\30\0\26\0\0\0\0\0f\0\0\0\0\0\0\0\0\0\0\0\0\0\0\0\30\0\0\0\0\0\0\0\27\0\0\0\0\0\0\0\0\0\0\0\0\0\0\0\20\0\0\0@\0\0\0\232\4Ls\0\0\0\0\30\0\26\0\0\0\0\0g\0\0\0\0\0\0\0\0\0\0\0\0\0\0\0\30\0\0\0\0\0\0\0Q\0\0\0\0\0\0\0\1\0\0\0\0\0\0\0", iov_len=4096}], msg_iovlen=1, msg_controllen=0, msg_flags=0}, MSG_DONTWAIT) = 128
10634 <... sendto resumed>)             = 64
10634 sendto(34, "\20\0\0\0@\0\0\0m\5Ls\0\0\0\0\30\0\26\0\0\0\0\0h\0\0\0\0\0\0\0\0\0\0\0\0\0\0\0\30\0\0\0\0\0\0\0A\0\0\0\0\0\0\0\2\0\0\0\0\0\0\0", 64, MSG_NOSIGNAL, NULL, 0) = 64
10704 recvmsg(5,  <unfinished ...>
10634 sendto(34, "\20\0\0\0@\0\0\0\324\5Ls\0\0\0\0\30\0\26\0\0\0\0\0i\0\0\0\0\0\0\0\0\0\0\0\0\0\0\0\30\0\0\0\0\0\0\0I\0\0\0\0\0\0\0\0\0\0\0\0\0\0\0", 64, MSG_NOSIGNAL, NULL, 0 <unfinished ...>
10704 <... recvmsg resumed>{msg_name=NULL, msg_namelen=0, msg_iov=[{iov_base="\20\0\0\0@\0\0\0m\5Ls\0\0\0\0\30\0\26\0\0\0\0\0h\0\0\0\0\0\0\0\0\0\0\0\0\0\0\0\30\0\0\0\0\0\0\0A\0\0\0\0\0\0\0\2\0\0\0\0\0\0\0", iov_len=4096}], msg_iovlen=1, msg_controllen=0, msg_flags=0}, MSG_DONTWAIT) = 64
10634 <... sendto resumed>)             = 64
10704 sendto(5, "\20\0\0\0@\0\0\0\25\6Ls\0\0\0\0\30\0\26\0\0\0\0\0L\0\0\0\0\0\0\0\0\0\0\0\0\0\0\0\30\0\0\0\0\0\0\0W\0\0\0\0\0\0\0\0\0\0\0\0\0\0\0", 64, MSG_NOSIGNAL, NULL, 0) = 64
10634 sendto(34, "\20\0\0\0@\0\0\0!\6Ls\0\0\0\0\30\0\26\0\0\0\0\0j\0\0\0\0\0\0\0\0\0\0\0\0\0\0\0\30\0\0\0\0\0\0\0G\0\0\0\0\0\0\0\0\0\0\0\0\0\0\0", 64, MSG_NOSIGNAL, NULL, 0) = 64
10659 recvmsg(34,  <unfinished ...>
10634 sendto(34, "\20\0\0\0@\0\0\0v\6Ls\0\0\0\0\30\0\26\0\0\0\0\0k\0\0\0\0\0\0\0\0\0\0\0\0\0\0\0\30\0\0\0\0\0\0\0E\0\0\0\0\0\0\0\0\0\0\0\0\0\0\0", 64, MSG_NOSIGNAL, NULL, 0 <unfinished ...>
10659 <... recvmsg resumed>{msg_name=NULL, msg_namelen=0, msg_iov=[{iov_base="\20\0\0\0@\0\0\0\25\6Ls\0\0\0\0\30\0\26\0\0\0\0\0L\0\0\0\0\0\0\0\0\0\0\0\0\0\0\0\30\0\0\0\0\0\0\0W\0\0\0\0\0\0\0\0\0\0\0\0\0\0\0", iov_len=4096}], msg_iovlen=1, msg_controllen=0, msg_flags=0}, MSG_DONTWAIT) = 64
10634 <... sendto resumed>)             = 64
10704 sendto(5, "\20\0\0\0@\0\0\0\310\6Ls\0\0\0\0\30\0\26\0\0\0\0\0M\0\0\0\0\0\0\0\0\0\0\0\0\0\0\0\30\0\0\0\0\0\0\0C\0\0\0\0\0\0\0\0\0\0\0\0\0\0\0", 64, MSG_NOSIGNAL, NULL, 0) = 64
10704 sendto(5, "\20\0\0\0@\0\0\0(\7Ls\0\0\0\0\30\0\26\0\0\0\0\0N\0\0\0\0\0\0\0\0\0\0\0\0\0\0\0\30\0\0\0\0\0\0\0Y\0\0\0\0\0\0\0\0\0\0\0\0\0\0\0", 64, MSG_NOSIGNAL, NULL, 0 <unfinished ...>
10668 openat(AT_FDCWD, "/proc/10685/task", O_RDONLY|O_DIRECTORY <unfinished ...>
10634 sendto(34, "\20\0\0\0@\0\0\0005\7Ls\0\0\0\0\30\0\26\0\0\0\0\0l\0\0\0\0\0\0\0\0\0\0\0\0\0\0\0\30\0\0\0\0\0\0\0\17\0\0\0\0\0\0\0\25\0\0\0\0\0\0\0", 64, MSG_NOSIGNAL, NULL, 0 <unfinished ...>
10704 <... sendto resumed>)             = 64
10668 <... openat resumed>)             = 38
10704 sendto(5, "\20\0\0\0@\0\0\0m\7Ls\0\0\0\0\30\0\26\0\0\0\0\0O\0\0\0\0\0\0\0\0\0\0\0\0\0\0\0\30\0\0\0\0\0\0\0M\0\0\0\0\0\0\0\0\0\0\0\0\0\0\0", 64, MSG_NOSIGNAL, NULL, 0 <unfinished ...>
10634 <... sendto resumed>)             = 64
10704 <... sendto resumed>)             = 64
10659 recvmsg(34,  <unfinished ...>
10704 sendto(5, "\20\0\0\0@\0\0\0\243\7Ls\0\0\0\0\30\0\26\0\0\0\0\0P\0\0\0\0\0\0\0\0\0\0\0\0\0\0\0\30\0\0\0\0\0\0\0K\0\0\0\0\0\0\0\2\0\0\0\0\0\0\0", 64, MSG_NOSIGNAL, NULL, 0 <unfinished ...>
10634 sendto(34, "\20\0\0\0@\0\0\0\237\7Ls\0\0\0\0\30\0\26\0\0\0\0\0m\0\0\0\0\0\0\0\0\0\0\0\0\0\0\0\30\0\0\0\0\0\0\0\21\0\0\0\0\0\0\0\0\0\0\0\0\0\0\0", 64, MSG_NOSIGNAL, NULL, 0 <unfinished ...>
10704 <... sendto resumed>)             = 64
10659 <... recvmsg resumed>{msg_name=NULL, msg_namelen=0, msg_iov=[{iov_base="\20\0\0\0@\0\0\0\310\6Ls\0\0\0\0\30\0\26\0\0\0\0\0M\0\0\0\0\0\0\0\0\0\0\0\0\0\0\0\30\0\0\0\0\0\0\0C\0\0\0\0\0\0\0\0\0\0\0\0\0\0\0\20\0\0\0@\0\0\0(\7Ls\0\0\0\0\30\0\26\0\0\0\0\0N\0\0\0\0\0\0\0\0\0\0\0\0\0\0\0\30\0\0\0\0\0\0\0Y\0\0\0\0\0\0\0\0\0\0\0\0\0\0\0\20\0\0\0@\0\0\0m\7Ls\0\0\0\0\30\0\26\0\0\0\0\0O\0\0\0\0\0\0\0\0\0\0\0\0\0\0\0\30\0\0\0\0\0\0\0M\0\0\0\0\0\0\0\0\0\0\0\0\0\0\0", iov_len=4096}], msg_iovlen=1, msg_controllen=0, msg_flags=0}, MSG_DONTWAIT) = 192
10704 sendto(5, "\20\0\0\0@\0\0\0\330\7Ls\0\0\0\0\30\0\26\0\0\0\0\0Q\0\0\0\0\0\0\0\0\0\0\0\0\0\0\0\30\0\0\0\0\0\0\0O\0\0\0\0\0\0\0\0\0\0\0\0\0\0\0", 64, MSG_NOSIGNAL, NULL, 0 <unfinished ...>
10634 <... sendto resumed>)             = 64
10704 <... sendto resumed>)             = 64
10634 sendto(34, "\20\0\0\0@\0\0\0\r\10Ls\0\0\0\0\30\0\26\0\0\0\0\0n\0\0\0\0\0\0\0\0\0\0\0\0\0\0\0\30\0\0\0\0\0\0\0\25\0\0\0\0\0\0\0\1\0\0\0\0\0\0\0", 64, MSG_NOSIGNAL, NULL, 0 <unfinished ...>
10668 openat(AT_FDCWD, "/proc/10685/task/10685/status", O_RDONLY|O_CLOEXEC <unfinished ...>
10659 recvmsg(34,  <unfinished ...>
10634 <... sendto resumed>)             = 64
10668 <... openat resumed>)             = 38
10659 <... recvmsg resumed>{msg_name=NULL, msg_namelen=0, msg_iov=[{iov_base="\20\0\0\0@\0\0\0\243\7Ls\0\0\0\0\30\0\26\0\0\0\0\0P\0\0\0\0\0\0\0\0\0\0\0\0\0\0\0\30\0\0\0\0\0\0\0K\0\0\0\0\0\0\0\2\0\0\0\0\0\0\0\20\0\0\0@\0\0\0\330\7Ls\0\0\0\0\30\0\26\0\0\0\0\0Q\0\0\0\0\0\0\0\0\0\0\0\0\0\0\0\30\0\0\0\0\0\0\0O\0\0\0\0\0\0\0\0\0\0\0\0\0\0\0", iov_len=4096}], msg_iovlen=1, msg_controllen=0, msg_flags=0}, MSG_DONTWAIT) = 128
10704 recvmsg(5, {msg_name=NULL, msg_namelen=0, msg_iov=[{iov_base="\20\0\0\0@\0\0\0\324\5Ls\0\0\0\0\30\0\26\0\0\0\0\0i\0\0\0\0\0\0\0\0\0\0\0\0\0\0\0\30\0\0\0\0\0\0\0I\0\0\0\0\0\0\0\0\0\0\0\0\0\0\0\20\0\0\0@\0\0\0!\6Ls\0\0\0\0\30\0\26\0\0\0\0\0j\0\0\0\0\0\0\0\0\0\0\0\0\0\0\0\30\0\0\0\0\0\0\0G\0\0\0\0\0\0\0\0\0\0\0\0\0\0\0\20\0\0\0@\0\0\0v\6Ls\0\0\0\0\30\0\26\0\0\0\0\0k\0\0\0\0\0\0\0\0\0\0\0\0\0\0\0\30\0\0\0\0\0\0\0E\0\0\0\0\0\0\0\0\0\0\0\0\0\0\0\20\0\0\0@\0\0\0005\7Ls\0\0\0\0\30\0\26\0\0\0\0\0l\0\0\0\0\0\0\0\0\0\0\0\0\0\0\0\30\0\0\0\0\0\0\0\17\0\0\0\0\0\0\0\25\0\0\0\0\0\0\0"..., iov_len=4096}], msg_iovlen=1, msg_controllen=0, msg_flags=0}, MSG_DONTWAIT) = 384
10704 sendto(5, "\20\0\0\0@\0\0\0\266\10Ls\0\0\0\0\30\0\26\0\0\0\0\0R\0\0\0\0\0\0\0\0\0\0\0\0\0\0\0\30\0\0\0\0\0\0\0\23\0\0\0\0\0\0\0\5\0\0\0\0\0\0\0", 64, MSG_NOSIGNAL, NULL, 0) = 64
10659 recvmsg(34, {msg_name=NULL, msg_namelen=0, msg_iov=[{iov_base="\20\0\0\0@\0\0\0\266\10Ls\0\0\0\0\30\0\26\0\0\0\0\0R\0\0\0\0\0\0\0\0\0\0\0\0\0\0\0\30\0\0\0\0\0\0\0\23\0\0\0\0\0\0\0\5\0\0\0\0\0\0\0", iov_len=4096}], msg_iovlen=1, msg_controllen=0, msg_flags=0}, MSG_DONTWAIT) = 64
10704 sendto(5, "\20\0\0\0@\0\0\0\35\tLs\0\0\0\0\30\0\26\0\0\0\0\0S\0\0\0\0\0\0\0\0\0\0\0\0\0\0\0\30\0\0\0\0\0\0\0\36\0\0\0\0\0\0\0\1\0\0\0\0\0\0\0", 64, MSG_NOSIGNAL, NULL, 0 <unfinished ...>
10634 openat(AT_FDCWD, "/proc/10685/stat", O_RDONLY|O_CLOEXEC <unfinished ...>
10704 <... sendto resumed>)             = 64
10634 <... openat resumed>)             = 40
10704 sendto(5, "\20\0\0\0@\0\0\0\215\tLs\0\0\0\0\30\0\26\0\0\0\0\0T\0\0\0\0\0\0\0\0\0\0\0\0\0\0\0\30\0\0\0\0\0\0\0!\0\0\0\0\0\0\0\1\0\0\0\0\0\0\0", 64, MSG_NOSIGNAL, NULL, 0 <unfinished ...>
10668 openat(AT_FDCWD, "/proc/10685/task/10698/status", O_RDONLY|O_CLOEXEC <unfinished ...>
10704 <... sendto resumed>)             = 64
10659 recvmsg(34,  <unfinished ...>
10668 <... openat resumed>)             = 38
10704 sendto(5, "\20\0\0\0p\0\0\0\335\tLs\0\0\0\0\30\0\24\0\0\0\0\0U\0\0\0\0\0\0\0\0\0\0\0\0\0\0\0H\0\0\0\0\0\0\0\25\0\0\0\0\0\0\0\0\0\0\0\0\0\0\0\0\0\0\0\1\0\0\0\0\0\0\0\0\0\0\0\0x\1\0\0\1\0\0\0\0\0\0\0\0\0\0\0\0\0\0\0\0\0\0\0\0\0\0\0\0\0\0", 112, MSG_NOSIGNAL, NULL, 0 <unfinished ...>
10659 <... recvmsg resumed>{msg_name=NULL, msg_namelen=0, msg_iov=[{iov_base="\20\0\0\0@\0\0\0\35\tLs\0\0\0\0\30\0\26\0\0\0\0\0S\0\0\0\0\0\0\0\0\0\0\0\0\0\0\0\30\0\0\0\0\0\0\0\36\0\0\0\0\0\0\0\1\0\0\0\0\0\0\0\20\0\0\0@\0\0\0\215\tLs\0\0\0\0\30\0\26\0\0\0\0\0T\0\0\0\0\0\0\0\0\0\0\0\0\0\0\0\30\0\0\0\0\0\0\0!\0\0\0\0\0\0\0\1\0\0\0\0\0\0\0", iov_len=4096}], msg_iovlen=1, msg_controllen=0, msg_flags=0}, MSG_DONTWAIT) = 128
10704 <... sendto resumed>)             = 112
10659 recvmsg(34, {msg_name=NULL, msg_namelen=0, msg_iov=[{iov_base="\20\0\0\0p\0\0\0\335\tLs\0\0\0\0\30\0\24\0\0\0\0\0U\0\0\0\0\0\0\0\0\0\0\0\0\0\0\0H\0\0\0\0\0\0\0\25\0\0\0\0\0\0\0\0\0\0\0\0\0\0\0\0\0\0\0\1\0\0\0\0\0\0\0\0\0\0\0\0x\1\0\0\1\0\0\0\0\0\0\0\0\0\0\0\0\0\0\0\0\0\0\0\0\0\0\0\0\0\0", iov_len=4096}], msg_iovlen=1, msg_controllen=0, msg_flags=0}, MSG_DONTWAIT) = 112
10704 sendto(5, "\20\0\0\0@\0\0\0/\vLs\0\0\0\0\30\0\26\0\0\0\0\0V\0\0\0\0\0\0\0\0\0\0\0\0\0\0\0\30\0\0\0\0\0\0\0:\0\0\0\0\0\0\0\0\0\0\0\0\0\0\0", 64, MSG_NOSIGNAL, NULL, 0) = 64
10668 openat(AT_FDCWD, "/proc/10685/task/10700/status", O_RDONLY|O_CLOEXEC <unfinished ...>
10659 recvmsg(34,  <unfinished ...>
10668 <... openat resumed>)             = 38
10685 sendto(5, "\20\0\0\0@\0\0\0\225\vLs\0\0\0\0\30\0\26\0\0\0\0\0W\0\0\0\0\0\0\0\0\0\0\0\0\0\0\0\30\0\0\0\0\0\0\0=\0\0\0\0\0\0\0\0\0\0\0\0\0\0\0", 64, MSG_NOSIGNAL, NULL, 0 <unfinished ...>
10659 <... recvmsg resumed>{msg_name=NULL, msg_namelen=0, msg_iov=[{iov_base="\20\0\0\0@\0\0\0/\vLs\0\0\0\0\30\0\26\0\0\0\0\0V\0\0\0\0\0\0\0\0\0\0\0\0\0\0\0\30\0\0\0\0\0\0\0:\0\0\0\0\0\0\0\0\0\0\0\0\0\0\0", iov_len=4096}], msg_iovlen=1, msg_controllen=0, msg_flags=0}, MSG_DONTWAIT) = 64
10685 <... sendto resumed>)             = 64
10659 recvmsg(34, {msg_name=NULL, msg_namelen=0, msg_iov=[{iov_base="\20\0\0\0@\0\0\0\225\vLs\0\0\0\0\30\0\26\0\0\0\0\0W\0\0\0\0\0\0\0\0\0\0\0\0\0\0\0\30\0\0\0\0\0\0\0=\0\0\0\0\0\0\0\0\0\0\0\0\0\0\0", iov_len=4096}], msg_iovlen=1, msg_controllen=0, msg_flags=0}, MSG_DONTWAIT) = 64
10668 openat(AT_FDCWD, "/proc/10685/task/10702/status", O_RDONLY|O_CLOEXEC) = 38
10668 openat(AT_FDCWD, "/proc/10685/task/10703/status", O_RDONLY|O_CLOEXEC) = 38
10668 openat(AT_FDCWD, "/proc/10685/task", O_RDONLY|O_DIRECTORY) = 38
10668 openat(AT_FDCWD, "/proc/10685/task/10685/status", O_RDONLY|O_CLOEXEC) = 38
10668 openat(AT_FDCWD, "/proc/10685/task/10698/status", O_RDONLY|O_CLOEXEC) = 38
10668 openat(AT_FDCWD, "/proc/10685/task/10700/status", O_RDONLY|O_CLOEXEC) = 38
10668 openat(AT_FDCWD, "/proc/10685/task/10702/status", O_RDONLY|O_CLOEXEC) = -1 ENOENT (No such file or directory)
10668 openat(AT_FDCWD, "/proc/10686/task", O_RDONLY|O_DIRECTORY) = 38
10668 openat(AT_FDCWD, "/proc/10686/task/10686/status", O_RDONLY|O_CLOEXEC) = 38
10668 openat(AT_FDCWD, "/proc/10686/task/10688/status", O_RDONLY|O_CLOEXEC) = 38
10668 openat(AT_FDCWD, "/proc/10686/task/10689/status", O_RDONLY|O_CLOEXEC) = 38
10668 openat(AT_FDCWD, "/proc/10686/task/10690/status", O_RDONLY|O_CLOEXEC) = 38
10668 openat(AT_FDCWD, "/proc/10686/task/10691/status", O_RDONLY|O_CLOEXEC) = 38
10668 openat(AT_FDCWD, "/proc/10686/task/10692/status", O_RDONLY|O_CLOEXEC) = 38
10668 openat(AT_FDCWD, "/proc/10686/task/10697/status", O_RDONLY|O_CLOEXEC) = 38
10668 openat(AT_FDCWD, "/proc/10686/task", O_RDONLY|O_DIRECTORY) = 38
10668 openat(AT_FDCWD, "/proc/10686/task/10686/status", O_RDONLY|O_CLOEXEC) = 38
10668 openat(AT_FDCWD, "/proc/10686/task/10688/status", O_RDONLY|O_CLOEXEC) = 38
10668 openat(AT_FDCWD, "/proc/10686/task/10689/status", O_RDONLY|O_CLOEXEC) = 38
10668 openat(AT_FDCWD, "/proc/10686/task/10690/status", O_RDONLY|O_CLOEXEC) = 38
10668 openat(AT_FDCWD, "/proc/10686/task/10691/status", O_RDONLY|O_CLOEXEC) = 38
10668 openat(AT_FDCWD, "/proc/10686/task/10692/status", O_RDONLY|O_CLOEXEC) = 38
10668 openat(AT_FDCWD, "/proc/10686/task/10697/status", O_RDONLY|O_CLOEXEC) = 38
10668 openat(AT_FDCWD, "/proc/10686/task/10708/status", O_RDONLY|O_CLOEXEC) = 38
10659 recvmsg(83, {msg_name=NULL, msg_namelen=0, msg_iov=[{iov_base="", iov_len=4096}], msg_iovlen=1, msg_controllen=0, msg_flags=0}, MSG_DONTWAIT) = 0
10659 --- SIGCHLD {si_signo=SIGCHLD, si_code=CLD_EXITED, si_pid=10685, si_uid=1001, si_status=0, si_utime=2 /* 0.02 s */, si_stime=5 /* 0.05 s */} ---
10668 openat(AT_FDCWD, "/proc/10685/task", O_RDONLY|O_DIRECTORY) = 38
10659 shutdown(83, SHUT_RDWR)           = 0
10668 openat(AT_FDCWD, "/proc/10685/task/10685/status", O_RDONLY|O_CLOEXEC <unfinished ...>
10659 recvmsg(34,  <unfinished ...>
10668 <... openat resumed>)             = 38
10659 <... recvmsg resumed>{msg_name=NULL, msg_namelen=0, msg_iov=[{iov_base="", iov_len=4096}], msg_iovlen=1, msg_controllen=0, msg_flags=0}, MSG_DONTWAIT) = 0
10659 shutdown(34, SHUT_RDWR)           = 0
10668 openat(AT_FDCWD, "/proc/10685/task", O_RDONLY|O_DIRECTORY) = 34
10668 openat(AT_FDCWD, "/proc/10685/task/10685/status", O_RDONLY|O_CLOEXEC) = 34
10668 openat(AT_FDCWD, "/proc/10685/task", O_RDONLY|O_DIRECTORY) = -1 ENOENT (No such file or directory)
10634 openat(AT_FDCWD, "/proc/10671/stat", O_RDONLY|O_CLOEXEC) = 34
10634 sendmsg(11, {msg_name=NULL, msg_namelen=0, msg_iov=[{iov_base="\f\0\0\0\2\0\0\0\0\0\0\0\257)\0\0", iov_len=16}], msg_iovlen=1, msg_controllen=0, msg_flags=0}, MSG_NOSIGNAL) = 16
10649 recvmsg(3, {msg_name=NULL, msg_namelen=0, msg_iov=[{iov_base="\f\0\0\0\2\0\0\0\0\0\0\0\257)\0\0", iov_len=65536}], msg_iovlen=1, msg_controllen=0, msg_flags=0}, 0) = 16
10634 sendto(36, "\20\0\0\0@\0\0\0\4,Ls\0\0\0\0\30\0\26\0\0\0\0\0 \0\0\0\0\0\0\0\0\0\0\0\0\0\0\0\30\0\0\0\0\0\0\0\25\0\0\0\0\0\0\0\0\0\0\0\0\0\0\0", 64, MSG_NOSIGNAL, NULL, 0) = 64
10683 recvmsg(14,  <unfinished ...>
10634 sendto(36, "\20\0\0\0@\0\0\0<,Ls\0\0\0\0\30\0\26\0\0\0\0\0!\0\0\0\0\0\0\0\0\0\0\0\0\0\0\0\30\0\0\0\0\0\0\0\23\0\0\0\0\0\0\0\0\0\0\0\0\0\0\0", 64, MSG_NOSIGNAL, NULL, 0 <unfinished ...>
10683 <... recvmsg resumed>{msg_name=NULL, msg_namelen=0, msg_iov=[{iov_base="\20\0\0\0@\0\0\0\4,Ls\0\0\0\0\30\0\26\0\0\0\0\0 \0\0\0\0\0\0\0\0\0\0\0\0\0\0\0\30\0\0\0\0\0\0\0\25\0\0\0\0\0\0\0\0\0\0\0\0\0\0\0", iov_len=4096}], msg_iovlen=1, msg_controllen=0, msg_flags=0}, MSG_DONTWAIT) = 64
10634 <... sendto resumed>)             = 64
10634 sendto(36, "\20\0\0\0@\0\0\0\202,Ls\0\0\0\0\30\0\26\0\0\0\0\0\"\0\0\0\0\0\0\0\0\0\0\0\0\0\0\0\30\0\0\0\0\0\0\0\21\0\0\0\0\0\0\0\3\0\0\0\0\0\0\0", 64, MSG_NOSIGNAL, NULL, 0 <unfinished ...>
10683 recvmsg(14,  <unfinished ...>
10634 <... sendto resumed>)             = 64
10683 <... recvmsg resumed>{msg_name=NULL, msg_namelen=0, msg_iov=[{iov_base="\20\0\0\0@\0\0\0<,Ls\0\0\0\0\30\0\26\0\0\0\0\0!\0\0\0\0\0\0\0\0\0\0\0\0\0\0\0\30\0\0\0\0\0\0\0\23\0\0\0\0\0\0\0\0\0\0\0\0\0\0\0\20\0\0\0@\0\0\0\202,Ls\0\0\0\0\30\0\26\0\0\0\0\0\"\0\0\0\0\0\0\0\0\0\0\0\0\0\0\0\30\0\0\0\0\0\0\0\21\0\0\0\0\0\0\0\3\0\0\0\0\0\0\0", iov_len=4096}], msg_iovlen=1, msg_controllen=0, msg_flags=0}, MSG_DONTWAIT) = 128
10634 sendto(36, "\20\0\0\0@\0\0\0\334,Ls\0\0\0\0\30\0\26\0\0\0\0\0#\0\0\0\0\0\0\0\0\0\0\0\0\0\0\0\30\0\0\0\0\0\0\0\17\0\0\0\0\0\0\0\3\0\0\0\0\0\0\0", 64, MSG_NOSIGNAL, NULL, 0) = 64
10683 recvmsg(14,  <unfinished ...>
10634 openat(AT_FDCWD, "/proc/10671/stat", O_RDONLY|O_CLOEXEC <unfinished ...>
10683 <... recvmsg resumed>{msg_name=NULL, msg_namelen=0, msg_iov=[{iov_base="\20\0\0\0@\0\0\0\334,Ls\0\0\0\0\30\0\26\0\0\0\0\0#\0\0\0\0\0\0\0\0\0\0\0\0\0\0\0\30\0\0\0\0\0\0\0\17\0\0\0\0\0\0\0\3\0\0\0\0\0\0\0", iov_len=4096}], msg_iovlen=1, msg_controllen=0, msg_flags=0}, MSG_DONTWAIT) = 64
10634 <... openat resumed>)             = 34
10634 sendmsg(11, {msg_name=NULL, msg_namelen=0, msg_iov=[{iov_base="\f\0\0\0\2\0\0\0\0\0\0\0\257)\0\0", iov_len=16}], msg_iovlen=1, msg_controllen=0, msg_flags=0}, MSG_NOSIGNAL) = 16
10649 recvmsg(3, {msg_name=NULL, msg_namelen=0, msg_iov=[{iov_base="\f\0\0\0\2\0\0\0\0\0\0\0\257)\0\0", iov_len=65536}], msg_iovlen=1, msg_controllen=0, msg_flags=0}, 0) = 16
10634 openat(AT_FDCWD, "/proc/10671/stat", O_RDONLY|O_CLOEXEC) = 34
10634 sendmsg(11, {msg_name=NULL, msg_namelen=0, msg_iov=[{iov_base="\f\0\0\0\2\0\0\0\0\0\0\0\257)\0\0", iov_len=16}], msg_iovlen=1, msg_controllen=0, msg_flags=0}, MSG_NOSIGNAL) = 16
10649 recvmsg(3, {msg_name=NULL, msg_namelen=0, msg_iov=[{iov_base="\f\0\0\0\2\0\0\0\0\0\0\0\257)\0\0", iov_len=65536}], msg_iovlen=1, msg_controllen=0, msg_flags=0}, 0) = 16
10634 sendto(36, "\20\0\0\0@\0\0\0\2060Ls\0\0\0\0\30\0\26\0\0\0\0\0$\0\0\0\0\0\0\0\0\0\0\0\0\0\0\0\30\0\0\0\0\0\0\0000\0\0\0\0\0\0\0\0\0\0\0\0\0\0\0", 64, MSG_NOSIGNAL, NULL, 0) = 64
10683 recvmsg(14,  <unfinished ...>
10634 sendto(36, "\20\0\0\0@\0\0\0\3300Ls\0\0\0\0\30\0\26\0\0\0\0\0%\0\0\0\0\0\0\0\0\0\0\0\0\0\0\0\30\0\0\0\0\0\0\0;\0\0\0\0\0\0\0\0\0\0\0\0\0\0\0", 64, MSG_NOSIGNAL, NULL, 0 <unfinished ...>
10683 <... recvmsg resumed>{msg_name=NULL, msg_namelen=0, msg_iov=[{iov_base="\20\0\0\0@\0\0\0\2060Ls\0\0\0\0\30\0\26\0\0\0\0\0$\0\0\0\0\0\0\0\0\0\0\0\0\0\0\0\30\0\0\0\0\0\0\0000\0\0\0\0\0\0\0\0\0\0\0\0\0\0\0", iov_len=4096}], msg_iovlen=1, msg_controllen=0, msg_flags=0}, MSG_DONTWAIT) = 64
10634 <... sendto resumed>)             = 64
10683 recvmsg(14, {msg_name=NULL, msg_namelen=0, msg_iov=[{iov_base="\20\0\0\0@\0\0\0\3300Ls\0\0\0\0\30\0\26\0\0\0\0\0%\0\0\0\0\0\0\0\0\0\0\0\0\0\0\0\30\0\0\0\0\0\0\0;\0\0\0\0\0\0\0\0\0\0\0\0\0\0\0", iov_len=4096}], msg_iovlen=1, msg_controllen=0, msg_flags=0}, MSG_DONTWAIT) = 64
10668 sendmsg(11, {msg_name=NULL, msg_namelen=0, msg_iov=[{iov_base="\10\0\0\0\1\0\0\0\257)\0\0", iov_len=12}], msg_iovlen=1, msg_controllen=0, msg_flags=0}, MSG_NOSIGNAL <unfinished ...>
10683 --- SIGTERM {si_signo=SIGTERM, si_code=SI_USER, si_pid=10634, si_uid=1001} ---
10634 sendto(36, "\20\0\0\0@\0\0\0\3321Ls\0\0\0\0\30\0\26\0\0\0\0\0&\0\0\0\0\0\0\0\0\0\0\0\0\0\0\0\30\0\0\0\0\0\0\0#\0\0\0\0\0\0\0\0\0\0\0\0\0\0\0", 64, MSG_NOSIGNAL, NULL, 0 <unfinished ...>
10668 <... sendmsg resumed>)            = 12
10649 recvmsg(3,  <unfinished ...>
10634 <... sendto resumed>)             = 64
10684 +++ killed by SIGTERM +++
10683 +++ killed by SIGTERM +++
10682 +++ killed by SIGTERM +++
10679 +++ killed by SIGTERM +++
10678 +++ killed by SIGTERM +++
10677 +++ killed by SIGTERM +++
10675 +++ killed by SIGTERM +++
10649 <... recvmsg resumed>{msg_name=NULL, msg_namelen=0, msg_iov=[{iov_base="\10\0\0\0\1\0\0\0\257)\0\0", iov_len=65536}], msg_iovlen=1, msg_controllen=0, msg_flags=0}, 0) = 12
10634 sendto(36, "\20\0\0\0@\0\0\0\\2Ls\0\0\0\0\30\0\26\0\0\0\0\0'\0\0\0\0\0\0\0\0\0\0\0\0\0\0\0\30\0\0\0\0\0\0\0\"\0\0\0\0\0\0\0\5\0\0\0\0\0\0\0", 64, MSG_NOSIGNAL, NULL, 0) = 64
10681 +++ killed by SIGTERM +++
10680 +++ killed by SIGTERM +++
10676 +++ killed by SIGTERM +++
10674 +++ killed by SIGTERM +++
10634 sendto(36, "\20\0\0\0p\0\0\0\3762Ls\0\0\0\0\30\0\24\0\0\0\0\0(\0\0\0\0\0\0\0\0\0\0\0\0\0\0\0H\0\0\0\0\0\0\0$\0\0\0\0\0\0\0\1\0\0\0\0\0\0\0\0\0\0\0\1\0\0\0\0\0\0\0\0\0\0\0\0y\1\0\0\1\0\0\0\0\0\0\0\0\0\0\0\0\0\0\0\0\0\0\0\0\0\0\0\0\0\0", 112, MSG_NOSIGNAL, NULL, 0) = 112
10634 sendto(36, "\20\0\0\0p\0\0\093Ls\0\0\0\0\30\0\24\0\0\0\0\0)\0\0\0\0\0\0\0\0\0\0\0\0\0\0\0H\0\0\0\0\0\0\0$\0\0\0\0\0\0\0\2\0\0\0\0\0\0\0\0\0\0\0\1\0\0\0\0\0\0\0\0\0\0\0\0{\1\0\0\1\0\0\0\0\0\0\0\0\0\0\0\0\0\0\0\0\0\0\0\0\0\0\0\0\0\0", 112, MSG_NOSIGNAL, NULL, 0) = 112
10634 sendto(36, "\20\0\0\0@\0\0\0n3Ls\0\0\0\0\30\0\26\0\0\0\0\0*\0\0\0\0\0\0\0\0\0\0\0\0\0\0\0\30\0\0\0\0\0\0\0$\0\0\0\0\0\0\0\3\0\0\0\0\0\0\0", 64, MSG_NOSIGNAL, NULL, 0) = 64
10634 openat(AT_FDCWD, "/proc/10685/stat", O_RDONLY|O_CLOEXEC) = -1 ENOENT (No such file or directory)
10634 openat(AT_FDCWD, "/proc/10686/stat", O_RDONLY|O_CLOEXEC) = 34
10634 sendmsg(12, {msg_name=NULL, msg_namelen=0, msg_iov=[{iov_base="\f\0\0\0\2\0\0\0\0\0\0\0\276)\0\0", iov_len=16}], msg_iovlen=1, msg_controllen=0, msg_flags=0}, MSG_NOSIGNAL) = 16
10650 recvmsg(3, {msg_name=NULL, msg_namelen=0, msg_iov=[{iov_base="\f\0\0\0\2\0\0\0\0\0\0\0\276)\0\0", iov_len=65536}], msg_iovlen=1, msg_controllen=0, msg_flags=0}, 0) = 16
10634 openat(AT_FDCWD, "/proc/10686/stat", O_RDONLY|O_CLOEXEC) = 34
10634 sendmsg(12, {msg_name=NULL, msg_namelen=0, msg_iov=[{iov_base="\f\0\0\0\2\0\0\0\0\0\0\0\276)\0\0", iov_len=16}], msg_iovlen=1, msg_controllen=0, msg_flags=0}, MSG_NOSIGNAL) = 16
10650 recvmsg(3, {msg_name=NULL, msg_namelen=0, msg_iov=[{iov_base="\f\0\0\0\2\0\0\0\0\0\0\0\276)\0\0", iov_len=65536}], msg_iovlen=1, msg_controllen=0, msg_flags=0}, 0) = 16
10634 sendto(41, "\20\0\0\0@\0\0\0l8Ls\0\0\0\0\30\0\26\0\0\0\0\09\0\0\0\0\0\0\0\0\0\0\0\0\0\0\0\30\0\0\0\0\0\0\0#\0\0\0\0\0\0\0\0\0\0\0\0\0\0\0", 64, MSG_NOSIGNAL, NULL, 0) = 64
10692 recvmsg(14,  <unfinished ...>
10634 sendto(41, "\20\0\0\0@\0\0\0\2728Ls\0\0\0\0\30\0\26\0\0\0\0\0:\0\0\0\0\0\0\0\0\0\0\0\0\0\0\0\30\0\0\0\0\0\0\0006\0\0\0\0\0\0\0\0\0\0\0\0\0\0\0", 64, MSG_NOSIGNAL, NULL, 0 <unfinished ...>
10692 <... recvmsg resumed>{msg_name=NULL, msg_namelen=0, msg_iov=[{iov_base="\20\0\0\0@\0\0\0l8Ls\0\0\0\0\30\0\26\0\0\0\0\09\0\0\0\0\0\0\0\0\0\0\0\0\0\0\0\30\0\0\0\0\0\0\0#\0\0\0\0\0\0\0\0\0\0\0\0\0\0\0", iov_len=4096}], msg_iovlen=1, msg_controllen=0, msg_flags=0}, MSG_DONTWAIT) = 64
10634 <... sendto resumed>)             = 64
10692 recvmsg(14, {msg_name=NULL, msg_namelen=0, msg_iov=[{iov_base="\20\0\0\0@\0\0\0\2728Ls\0\0\0\0\30\0\26\0\0\0\0\0:\0\0\0\0\0\0\0\0\0\0\0\0\0\0\0\30\0\0\0\0\0\0\0006\0\0\0\0\0\0\0\0\0\0\0\0\0\0\0", iov_len=4096}], msg_iovlen=1, msg_controllen=0, msg_flags=0}, MSG_DONTWAIT) = 64
10686 --- SIGTERM {si_signo=SIGTERM, si_code=SI_USER, si_pid=10634, si_uid=1001} ---
10668 sendmsg(12, {msg_name=NULL, msg_namelen=0, msg_iov=[{iov_base="\10\0\0\0\1\0\0\0\276)\0\0", iov_len=12}], msg_iovlen=1, msg_controllen=0, msg_flags=0}, MSG_NOSIGNAL <unfinished ...>
10692 ???( <unfinished ...>
10668 <... sendmsg resumed>)            = 12
10708 +++ killed by SIGTERM +++
10689 +++ killed by SIGTERM +++
10688 +++ killed by SIGTERM +++
10690 +++ killed by SIGTERM +++
10650 recvmsg(3,  <unfinished ...>
10634 sendto(41, "\20\0\0\0@\0\0\0\3479Ls\0\0\0\0\30\0\26\0\0\0\0\0;\0\0\0\0\0\0\0\0\0\0\0\0\0\0\0\30\0\0\0\0\0\0\0\32\0\0\0\0\0\0\0\1\0\0\0\0\0\0\0", 64, MSG_NOSIGNAL, NULL, 0 <unfinished ...>
10697 +++ killed by SIGTERM +++
10692 +++ killed by SIGTERM +++
10650 <... recvmsg resumed>{msg_name=NULL, msg_namelen=0, msg_iov=[{iov_base="\10\0\0\0\1\0\0\0\276)\0\0", iov_len=65536}], msg_iovlen=1, msg_controllen=0, msg_flags=0}, 0) = 12
10634 <... sendto resumed>)             = 64
10634 sendto(41, "\20\0\0\0@\0\0\0o:Ls\0\0\0\0\30\0\26\0\0\0\0\0<\0\0\0\0\0\0\0\0\0\0\0\0\0\0\0\30\0\0\0\0\0\0\0\31\0\0\0\0\0\0\0\5\0\0\0\0\0\0\0", 64, MSG_NOSIGNAL, NULL, 0) = 64
10634 sendto(36, "\20\0\0\0@\0\0\0\256;Ls\0\0\0\0\30\0\26\0\0\0\0\0+\0\0\0\0\0\0\0\0\0\0\0\0\0\0\0\30\0\0\0\0\0\0\0\35\0\0\0\0\0\0\0\0\0\0\0\0\0\0\0", 64, MSG_NOSIGNAL, NULL, 0) = 64
10634 sendto(36, "\20\0\0\0@\0\0\0\355;Ls\0\0\0\0\30\0\26\0\0\0\0\0,\0\0\0\0\0\0\0\0\0\0\0\0\0\0\0\30\0\0\0\0\0\0\0\33\0\0\0\0\0\0\0\0\0\0\0\0\0\0\0", 64, MSG_NOSIGNAL, NULL, 0) = 64
10659 sendto(36, "\20\0\0\0p\0\0\0\322<Ls\0\0\0\0\30\0\24\0\0\0\0\0-\0\0\0\0\0\0\0\0\0\0\0\0\0\0\0H\0\0\0\0\0\0\0\31\0\0\0\0\0\0\0\2\0\0\0\0\0\0\0\0\0\0\0\1\0\0\0\0\0\0\0\0\0\0\0\0z\1\0\0\1\0\0\0\0\0\0\0\0\0\0\0\0\0\0\0\0\0\0\0\0\0\0\0\0\0\0", 112, MSG_NOSIGNAL, NULL, 0) = 112
10659 sendto(36, "\20\0\0\0p\0\0\0U=Ls\0\0\0\0\30\0\24\0\0\0\0\0.\0\0\0\0\0\0\0\0\0\0\0\0\0\0\0H\0\0\0\0\0\0\0\31\0\0\0\0\0\0\0\3\0\0\0\0\0\0\0\0\0\0\0\1\0\0\0\0\0\0\0\0\0\0\0\0|\1\0\0\1\0\0\0\0\0\0\0\0\0\0\0\0\0\0\0\0\0\0\0\0\0\0\0\0\0\0", 112, MSG_NOSIGNAL, NULL, 0) = 112
10659 sendto(36, "\20\0\0\0p\0\0\0\212=Ls\0\0\0\0\30\0\24\0\0\0\0\0/\0\0\0\0\0\0\0\0\0\0\0\0\0\0\0H\0\0\0\0\0\0\0\31\0\0\0\0\0\0\0\4\0\0\0\0\0\0\0\0\0\0\0\1\0\0\0\0\0\0\0\0\0\0\0\0x\1\0\0\1\0\0\0\0\0\0\0\0\0\0\0\0\0\0\0\0\0\0\0\0\0\0\0\0\0\0", 112, MSG_NOSIGNAL, NULL, 0) = 112
10659 sendto(36, "\20\0\0\0@\0\0\0\303=Ls\0\0\0\0\30\0\26\0\0\0\0\0000\0\0\0\0\0\0\0\0\0\0\0\0\0\0\0\30\0\0\0\0\0\0\0\31\0\0\0\0\0\0\0\5\0\0\0\0\0\0\0", 64, MSG_NOSIGNAL, NULL, 0) = 64
10673 +++ killed by SIGTERM +++
10671 +++ killed by SIGTERM +++
10659 shutdown(36, SHUT_RDWR)           = 0
10649 --- SIGCHLD {si_signo=SIGCHLD, si_code=CLD_KILLED, si_pid=10671, si_uid=1001, si_status=SIGTERM, si_utime=1 /* 0.01 s */, si_stime=2 /* 0.02 s */} ---
10659 shutdown(35, SHUT_RDWR)           = 0
10659 shutdown(41, SHUT_RDWR)           = 0
10659 shutdown(65, SHUT_RDWR)           = 0
10691 +++ killed by SIGTERM +++
10686 +++ killed by SIGTERM +++
10650 --- SIGCHLD {si_signo=SIGCHLD, si_code=CLD_KILLED, si_pid=10686, si_uid=1001, si_status=SIGTERM, si_utime=0, si_stime=1 /* 0.01 s */} ---
10656 openat(AT_FDCWD, "/tmp/playwright_chromiumdev_profile-Lvy8gD/Default/Feedback Reports", O_RDONLY|O_NONBLOCK|O_CLOEXEC|O_DIRECTORY) = -1 ENOENT (No such file or directory)
10654 openat(AT_FDCWD, "/tmp/playwright_chromiumdev_profile-Lvy8gD/Default/declarative_performance_observer.db", O_RDWR|O_CREAT|O_NOFOLLOW|O_CLOEXEC, 0600 <unfinished ...>
10655 openat(AT_FDCWD, "/tmp/playwright_chromiumdev_profile-Lvy8gD/first_party_sets.db", O_RDWR|O_CREAT|O_NOFOLLOW|O_CLOEXEC, 0600) = 24
10654 <... openat resumed>)             = 23
10655 openat(AT_FDCWD, "/tmp/playwright_chromiumdev_profile-Lvy8gD/first_party_sets.db-journal", O_RDWR|O_CREAT|O_NOFOLLOW|O_CLOEXEC, 0600 <unfinished ...>
10654 openat(AT_FDCWD, "/tmp/playwright_chromiumdev_profile-Lvy8gD/Default/declarative_performance_observer.db-journal", O_RDWR|O_CREAT|O_NOFOLLOW|O_CLOEXEC, 0600 <unfinished ...>
10655 <... openat resumed>)             = 29
10654 <... openat resumed>)             = 30
10654 openat(AT_FDCWD, "/tmp/playwright_chromiumdev_profile-Lvy8gD/Default", O_RDONLY|O_CLOEXEC) = 34
10655 openat(AT_FDCWD, "/tmp/playwright_chromiumdev_profile-Lvy8gD", O_RDONLY|O_CLOEXEC) = 35
10655 openat(AT_FDCWD, "/tmp/playwright_chromiumdev_profile-Lvy8gD/Default/.com.google.Chrome.BookmarkMergedSurfaceOrdering.baacJH", O_RDWR|O_CREAT|O_EXCL, 0600) = 34
10634 openat(AT_FDCWD, "/tmp/com.google.Chrome.BhJhoT", O_RDONLY|O_NOFOLLOW|O_CLOEXEC|O_DIRECTORY) = 23
10650 recvmsg(3,  <unfinished ...>
10649 recvmsg(3,  <unfinished ...>
10650 <... recvmsg resumed>{msg_name=NULL, msg_namelen=0, msg_iov=[{iov_base="", iov_len=65536}], msg_iovlen=1, msg_controllen=0, msg_flags=0}, 0) = 0
10649 <... recvmsg resumed>{msg_name=NULL, msg_namelen=0, msg_iov=[{iov_base="", iov_len=65536}], msg_iovlen=1, msg_controllen=0, msg_flags=0}, 0) = 0
10642 recvmsg(7,  <unfinished ...>
10614 --- SIGCHLD {si_signo=SIGCHLD, si_code=CLD_EXITED, si_pid=10634, si_uid=1001, si_status=0, si_utime=12 /* 0.12 s */, si_stime=20 /* 0.20 s */} ---
10642 <... recvmsg resumed>{msg_name=NULL, msg_namelen=0, msg_iov=[{iov_base="", iov_len=40}], msg_iovlen=1, msg_controllen=0, msg_flags=0}, 0) = 0
10644 recvmsg(4, {msg_name=NULL, msg_namelen=0, msg_iov=[{iov_base="", iov_len=40}], msg_iovlen=1, msg_controllen=0, msg_flags=0}, 0) = 0
10614 shutdown(21, SHUT_WR)             = 0
10614 shutdown(23, SHUT_WR)             = 0
10625 openat(AT_FDCWD, "/tmp/playwright_chromiumdev_profile-Lvy8gD", O_RDONLY|O_NONBLOCK|O_CLOEXEC|O_DIRECTORY) = 21
10625 openat(AT_FDCWD, "/tmp/playwright_chromiumdev_profile-Lvy8gD/Default", O_RDONLY|O_NONBLOCK|O_CLOEXEC|O_DIRECTORY) = 21
10623 openat(AT_FDCWD, "/tmp/playwright_chromiumdev_profile-Lvy8gD/GPUPersistentCache", O_RDONLY|O_NONBLOCK|O_CLOEXEC|O_DIRECTORY) = 22
10625 openat(AT_FDCWD, "/tmp/playwright_chromiumdev_profile-Lvy8gD/segmentation_platform", O_RDONLY|O_NONBLOCK|O_CLOEXEC|O_DIRECTORY) = 21
10622 openat(AT_FDCWD, "/tmp/playwright_chromiumdev_profile-Lvy8gD/Default/Cache", O_RDONLY|O_NONBLOCK|O_CLOEXEC|O_DIRECTORY) = 21
10623 openat(AT_FDCWD, "/tmp/playwright_chromiumdev_profile-Lvy8gD/Default/Code Cache", O_RDONLY|O_NONBLOCK|O_CLOEXEC|O_DIRECTORY <unfinished ...>
10625 openat(AT_FDCWD, "/tmp/playwright_chromiumdev_profile-Lvy8gD/Default/ClientCertificates", O_RDONLY|O_NONBLOCK|O_CLOEXEC|O_DIRECTORY <unfinished ...>
10623 <... openat resumed>)             = 22
10625 <... openat resumed>)             = 23
10624 openat(AT_FDCWD, "/tmp/playwright_chromiumdev_profile-Lvy8gD/Default/Extension Rules", O_RDONLY|O_NONBLOCK|O_CLOEXEC|O_DIRECTORY) = 24
10624 openat(AT_FDCWD, "/sys/devices/system/cpu/online", O_RDONLY|O_CLOEXEC) = 25
10625 openat(AT_FDCWD, "/tmp/playwright_chromiumdev_profile-Lvy8gD/Default/Extension Scripts", O_RDONLY|O_NONBLOCK|O_CLOEXEC|O_DIRECTORY) = 21
10622 openat(AT_FDCWD, "/tmp/playwright_chromiumdev_profile-Lvy8gD/Default/Extension State", O_RDONLY|O_NONBLOCK|O_CLOEXEC|O_DIRECTORY) = 22
10623 openat(AT_FDCWD, "/tmp/playwright_chromiumdev_profile-Lvy8gD/Default/Local Storage", O_RDONLY|O_NONBLOCK|O_CLOEXEC|O_DIRECTORY) = 23
10625 openat(AT_FDCWD, "/tmp/playwright_chromiumdev_profile-Lvy8gD/Default/PersistentOriginTrials", O_RDONLY|O_NONBLOCK|O_CLOEXEC|O_DIRECTORY) = 21
10624 openat(AT_FDCWD, "/tmp/playwright_chromiumdev_profile-Lvy8gD/Default/Segmentation Platform", O_RDONLY|O_NONBLOCK|O_CLOEXEC|O_DIRECTORY) = 22
10622 openat(AT_FDCWD, "/tmp/playwright_chromiumdev_profile-Lvy8gD/Default/Shared Dictionary", O_RDONLY|O_NONBLOCK|O_CLOEXEC|O_DIRECTORY) = 23
10623 openat(AT_FDCWD, "/tmp/playwright_chromiumdev_profile-Lvy8gD/Default/Site Characteristics Database", O_RDONLY|O_NONBLOCK|O_CLOEXEC|O_DIRECTORY) = 21
10625 openat(AT_FDCWD, "/tmp/playwright_chromiumdev_profile-Lvy8gD/Default/Sync Data", O_RDONLY|O_NONBLOCK|O_CLOEXEC|O_DIRECTORY) = 22
10624 openat(AT_FDCWD, "/tmp/playwright_chromiumdev_profile-Lvy8gD/Default/commerce_subscription_db", O_RDONLY|O_NONBLOCK|O_CLOEXEC|O_DIRECTORY) = 24
10623 openat(AT_FDCWD, "/tmp/playwright_chromiumdev_profile-Lvy8gD/Default/chrome_cart_db", O_RDONLY|O_NONBLOCK|O_CLOEXEC|O_DIRECTORY) = 21
10622 openat(AT_FDCWD, "/tmp/playwright_chromiumdev_profile-Lvy8gD/Default/discounts_db", O_RDONLY|O_NONBLOCK|O_CLOEXEC|O_DIRECTORY) = 22
10625 openat(AT_FDCWD, "/tmp/playwright_chromiumdev_profile-Lvy8gD/Default/discount_infos_db", O_RDONLY|O_NONBLOCK|O_CLOEXEC|O_DIRECTORY <unfinished ...>
10624 openat(AT_FDCWD, "/tmp/playwright_chromiumdev_profile-Lvy8gD/Default/parcel_tracking_db", O_RDONLY|O_NONBLOCK|O_CLOEXEC|O_DIRECTORY <unfinished ...>
10625 <... openat resumed>)             = 23
10624 <... openat resumed>)             = 24
10624 openat(AT_FDCWD, "/tmp/playwright_chromiumdev_profile-Lvy8gD/Default/shared_proto_db", O_RDONLY|O_NONBLOCK|O_CLOEXEC|O_DIRECTORY) = 21
10623 openat(AT_FDCWD, "/tmp/playwright_chromiumdev_profile-Lvy8gD/GPUPersistentCache/GPUCache", O_RDONLY|O_NONBLOCK|O_CLOEXEC|O_DIRECTORY) = 22
10622 openat(AT_FDCWD, "/tmp/playwright_chromiumdev_profile-Lvy8gD/Default/Cache/No_Vary_Search", O_RDONLY|O_NONBLOCK|O_CLOEXEC|O_DIRECTORY) = 21
10624 openat(AT_FDCWD, "/tmp/playwright_chromiumdev_profile-Lvy8gD/Default/Cache/Cache_Data", O_RDONLY|O_NONBLOCK|O_CLOEXEC|O_DIRECTORY) = 22
10625 openat(AT_FDCWD, "/tmp/playwright_chromiumdev_profile-Lvy8gD/Default/Code Cache/js", O_RDONLY|O_NONBLOCK|O_CLOEXEC|O_DIRECTORY <unfinished ...>
10623 openat(AT_FDCWD, "/tmp/playwright_chromiumdev_profile-Lvy8gD/Default/Code Cache/wasm", O_RDONLY|O_NONBLOCK|O_CLOEXEC|O_DIRECTORY <unfinished ...>
10625 <... openat resumed>)             = 21
10623 <... openat resumed>)             = 23
10624 openat(AT_FDCWD, "/tmp/playwright_chromiumdev_profile-Lvy8gD/Default/Local Storage/leveldb", O_RDONLY|O_NONBLOCK|O_CLOEXEC|O_DIRECTORY) = 21
10625 openat(AT_FDCWD, "/tmp/playwright_chromiumdev_profile-Lvy8gD/Default/Segmentation Platform/SignalStorageConfigDB", O_RDONLY|O_NONBLOCK|O_CLOEXEC|O_DIRECTORY) = 22
10622 openat(AT_FDCWD, "/tmp/playwright_chromiumdev_profile-Lvy8gD/Default/Segmentation Platform/SegmentInfoDB", O_RDONLY|O_NONBLOCK|O_CLOEXEC|O_DIRECTORY) = 21
10625 openat(AT_FDCWD, "/tmp/playwright_chromiumdev_profile-Lvy8gD/Default/Segmentation Platform/SignalDB", O_RDONLY|O_NONBLOCK|O_CLOEXEC|O_DIRECTORY <unfinished ...>
10623 openat(AT_FDCWD, "/tmp/playwright_chromiumdev_profile-Lvy8gD/Default/Shared Dictionary/cache", O_RDONLY|O_NONBLOCK|O_CLOEXEC|O_DIRECTORY <unfinished ...>
10625 <... openat resumed>)             = 22
10623 <... openat resumed>)             = 23
10624 openat(AT_FDCWD, "/tmp/playwright_chromiumdev_profile-Lvy8gD/Default/Sync Data/LevelDB", O_RDONLY|O_NONBLOCK|O_CLOEXEC|O_DIRECTORY) = 24
10622 openat(AT_FDCWD, "/tmp/playwright_chromiumdev_profile-Lvy8gD/Default/shared_proto_db/metadata", O_RDONLY|O_NONBLOCK|O_CLOEXEC|O_DIRECTORY) = 21
10624 openat(AT_FDCWD, "/tmp/playwright_chromiumdev_profile-Lvy8gD/GPUPersistentCache/GPUCache/EEIBDEGU7KLGTWEYN5DA3RDZE5GAWTES", O_RDONLY|O_NONBLOCK|O_CLOEXEC|O_DIRECTORY) = 22
10625 openat(AT_FDCWD, "/tmp/playwright_chromiumdev_profile-Lvy8gD/Default/Cache/Cache_Data/index-dir", O_RDONLY|O_NONBLOCK|O_CLOEXEC|O_DIRECTORY) = 21
10622 openat(AT_FDCWD, "/tmp/playwright_chromiumdev_profile-Lvy8gD/Default/Code Cache/js/index-dir", O_RDONLY|O_NONBLOCK|O_CLOEXEC|O_DIRECTORY) = 21
10623 openat(AT_FDCWD, "/tmp/playwright_chromiumdev_profile-Lvy8gD/Default/Code Cache/wasm/index-dir", O_RDONLY|O_NONBLOCK|O_CLOEXEC|O_DIRECTORY) = 22
10624 openat(AT_FDCWD, "/tmp/playwright_chromiumdev_profile-Lvy8gD/Default/Shared Dictionary/cache/index-dir", O_RDONLY|O_NONBLOCK|O_CLOEXEC|O_DIRECTORY) = 21
10625 openat(AT_FDCWD, "/tmp/deckrender-local-5uloqZ", O_RDONLY|O_NONBLOCK|O_CLOEXEC|O_DIRECTORY) = 21
10623 openat(AT_FDCWD, "/tmp/deckrender-local-5uloqZ/office2html", O_RDONLY|O_NONBLOCK|O_CLOEXEC|O_DIRECTORY) = 21
10624 openat(AT_FDCWD, "/tmp/deckrender-local-5uloqZ/office2html/slides", O_RDONLY|O_NONBLOCK|O_CLOEXEC|O_DIRECTORY) = 21
